count	accelx	accely	accelz	roll	pitch	heading
count	accelx	accely	accelz	roll	pitch	heading
1	0.0050	0.0430	-0.0690	-0.1370	-0.0090	0.0000
2	-0.0080	0.0520	0.0270	-0.1400	-0.0070	0.0000
3	0.0100	0.0300	-0.0260	-0.1430	-0.0100	0.0000
4	-0.1250	0.0220	0.0290	-0.1400	-0.0050	0.0000
5	-0.0430	0.0020	-0.0330	-0.1390	-0.0030	0.0000
6	-0.0250	0.0450	-0.0440	-0.1400	0.0030	0.0000
7	-0.0140	0.0150	-0.0130	-0.1380	0.0020	0.0000
8	-0.0140	0.0150	-0.0130	-0.1380	0.0020	0.0000
9	-0.0020	0.0210	-0.0100	-0.1380	0.0050	0.0000
10	0.0060	0.0370	0.0740	-0.1330	0.0050	0.0000
11	0.0130	0.0300	0.0610	-0.1350	0.0030	0.0000
12	-0.0040	0.0150	-0.0260	-0.1360	0.0040	0.0000
13	0.1200	0.0240	-0.0150	-0.1360	0.0040	0.0000
14	-0.0050	0.0300	-0.0210	-0.1340	-0.0010	0.0000
15	-0.0020	0.0060	-0.0530	-0.1330	0.0010	0.0000
16	-0.0060	0.0390	0.0090	-0.1340	0.0020	0.0000
17	0.0050	0.0350	-0.0680	-0.1390	0.0030	0.0000
18	0.0060	0.0260	0.0210	-0.1370	-0.0040	0.0000
19	0.0120	0.0390	0.0420	-0.1390	-0.0010	0.0000
20	-0.0120	0.0210	-0.0130	-0.1340	-0.0030	0.0000
21	-0.0150	0.0320	0.0140	-0.1390	0.0040	0.0000
22	-0.0090	0.0200	-0.0010	-0.1400	0.0042	0.0000
23	-0.0260	0.0250	-0.0100	-0.1380	0.0040	0.0000
24	-0.0110	0.0240	0.0140	-0.1330	0.0003	0.0000
25	0.0000	0.0180	-0.0210	-0.1330	0.0060	0.0000
26	-0.0090	0.0260	0.0120	-0.1330	0.0060	0.0000
27	-0.0090	0.0390	-0.0160	-0.1320	0.0010	0.0000
28	-0.0110	0.0330	0.0130	-0.1320	0.0010	0.0000
29	0.0050	0.0180	-0.0090	-0.1370	-0.0050	0.0000
30	0.0230	0.0040	-0.0250	-0.1370	-0.0050	0.0000
31	-0.0220	0.0120	-0.0250	-0.1000	-0.0030	0.0000
32	0.0220	-0.0030	0.0025	-0.1000	-0.0030	0.0000
33	0.0310	0.0140	-0.0070	-0.1390	-0.0110	0.0000
34	-0.0280	0.0290	-0.0070	0.1390	-0.0150	0.0000
35	0.0020	0.0170	0.0370	0.0000	-0.0150	0.0000
36	-0.0220	0.0100	0.0130	0.1320	-0.0170	0.0000
37	0.0060	0.0430	-0.0230	0.1320	-0.0170	0.0000
38	-0.0400	0.0190	-0.0400	-0.1330	-0.0130	0.0000
39	0.0070	0.0340	0.0000	-0.1330	-0.0150	0.0000
40	0.0110	0.0010	-0.0150	-0.1360	-0.0110	0.0000
41	-0.1580	0.0080	-0.0210	-0.1410	-0.0090	0.0000
42	-0.0030	0.0230	-0.0010	-0.1370	-0.0080	0.0000
43	-0.0360	0.0230	-0.0010	-0.1370	-0.0080	0.0000
44	-0.0140	0.0160	-0.0140	-0.1240	-0.0110	0.0000
45	-0.0250	0.0290	0.0050	-0.1240	-0.0150	0.0000
46	-0.0390	0.0060	-0.0690	-0.1190	-0.0160	0.0000
47	-0.0260	0.0140	-0.0160	-0.1180	-0.0170	0.0000
48	-0.0030	0.0250	0.0600	-0.1170	-0.0190	0.0000
49	-0.0110	0.0320	0.0300	-0.1140	-0.0190	0.0000
50	0.0210	0.0350	0.0390	-0.1120	-0.0180	0.0000
51	-0.0230	0.0120	-0.0270	-0.1100	-0.0200	0.0000
52	-0.0130	0.0220	-0.0710	-0.1080	-0.0190	0.0000
53	0.0010	0.0300	0.0490	-0.1130	-0.0170	0.0000
54	0.0130	0.0270	-0.0300	-0.1080	-0.0170	0.0000
55	-0.0090	0.0140	-0.0090	-0.1090	-0.0190	0.0000
56	0.0110	0.0140	0.0780	-0.1080	-0.0180	0.0000
57	-0.0260	0.0270	0.0330	-0.1090	-0.0190	0.0000
58	-0.0120	0.0460	-0.0240	-0.1070	-0.0210	0.0000
59	0.0560	0.0350	-0.0140	-0.1080	-0.0210	0.0000
60	-0.0180	-0.1090	0.0130	-0.1120	-0.0220	0.0000
61	-0.0170	0.0360	-0.0070	-0.1170	-0.0210	0.0000
62	-0.0120	0.0280	0.0040	-0.1140	-0.0240	0.0000
63	-0.0260	0.0390	-0.0520	-0.1230	-0.0260	0.0000
64	-0.0250	0.0290	-0.0410	-0.1220	-0.0270	0.0000
65	-0.0090	0.0150	0.0340	-0.1200	-0.0320	0.0000
66	-0.0080	0.0210	0.0370	-0.1250	-0.0310	0.0000
67	-0.0280	0.0320	0.0420	-0.1270	-0.0350	0.0000
68	0.1030	0.0200	-0.0490	-0.1240	-0.0340	0.0000
69	-0.0030	0.0270	-0.0150	-0.1290	-0.0350	0.0000
70	0.0080	0.0170	-0.0020	-0.1250	-0.0350	0.0000
71	-0.0210	0.0420	-0.0130	-0.1230	-0.0390	0.0000
72	-0.0270	0.0230	-0.0220	-0.1240	-0.0370	0.0000
73	-0.0260	0.0220	-0.0100	-0.1220	-0.0360	0.0000
74	0.0220	0.0230	0.0070	-0.1200	-0.0360	0.0000
75	0.0220	0.0320	0.0240	-0.1220	-0.0370	0.0000
76	0.0060	-0.0020	-0.0580	-0.1170	-0.0350	0.0000
77	-0.0200	0.0280	-0.0190	-0.1120	-0.0390	0.0000
78	-0.0350	0.0320	-0.0070	-0.1140	-0.0400	0.0000
79	0.0280	0.0390	0.0110	-0.1140	-0.0420	0.0000
80	-0.0320	0.0400	0.0160	-0.1110	-0.0420	0.0000
81	-0.0070	-0.0020	-0.0090	-0.1090	-0.0370	0.0000
82	0.0010	0.0350	0.0370	-0.1080	-0.0380	0.0000
83	0.0040	0.0420	-0.0180	-0.1040	-0.0400	0.0000
84	-0.0040	0.0290	-0.0140	-0.1000	-0.0410	0.0000
85	-0.0120	0.0250	-0.0570	-0.0940	-0.0440	0.0000
86	0.0000	0.0160	-0.0160	-0.0930	-0.0480	0.0000
87	-0.0510	0.0100	-0.0410	-0.0900	-0.0520	0.0000
88	-0.0130	0.0040	-0.0090	-0.0940	-0.0540	0.0000
89	-0.0220	0.0450	0.0070	-0.0970	-0.0530	0.0000
90	-0.0220	0.0040	0.0050	-0.0950	-0.0550	0.0000
91	0.0030	0.0150	0.0450	-0.0940	-0.0600	0.0000
92	0.0120	0.0370	-0.0040	-0.0940	-0.0570	0.0000
93	-0.0170	-0.0220	-0.0600	-0.0920	-0.0610	0.0000
94	-0.0100	0.0000	0.0120	0.0000	-0.0600	0.0000
95	-0.0280	0.0140	0.0120	0.0000	-0.0600	0.0000
96	-0.0260	0.0000	0.0000	-0.0600	1.1840	0.0000
97	-0.0370	0.0190	0.0000	-0.0600	1.1840	0.0000
98	0.0010	0.0090	0.0402	-0.0920	-0.0570	0.0000
99	-0.0150	0.0900	0.0402	-0.0920	-0.0570	0.0000
100	-0.0060	0.0250	-0.0090	-0.0940	-0.0540	0.0000
101	-0.0060	0.0250	-0.0090	-0.0940	-0.0540	0.0000
102	-0.0120	0.0200	-0.0190	-0.0920	-0.0550	0.0000
103	-0.0120	0.0110	-0.0190	-0.0920	-0.0550	0.0000
104	-0.0080	0.0220	0.0320	-0.0970	-0.0580	0.0000
105	-0.0110	0.0200	-0.3600	-0.1000	-0.0540	0.0000
106	-0.0040	0.0200	-0.3600	-0.1000	-0.0540	0.0000
107	-0.0300	-0.0220	0.0000	-0.0960	-0.0580	0.0000
108	-0.0200	-0.0220	0.0000	-0.0960	-0.0580	0.0000
109	-0.0170	0.0010	-0.0120	-0.0940	-0.0560	0.0000
110	0.0117	0.0010	-0.0120	-0.0940	-0.0560	0.0000
111	-0.0130	0.0300	-0.0310	-0.0930	-0.0620	0.0000
112	-0.0130	0.0300	-0.0310	-0.0930	-0.0620	0.0000
113	0.0090	0.0000	0.0150	-0.0920	-0.0610	0.0000
114	-9.0000	0.0000	0.0150	-0.0920	-0.0610	0.0000
115	-0.0160	0.0250	-0.0420	-0.0920	-0.0610	0.0000
116	-0.0160	0.0250	-0.0420	-0.0920	-0.0610	0.0000
117	0.0161	0.0290	0.0330	-0.0820	-0.0720	0.0000
118	0.0150	0.0080	-0.0280	-0.0830	-0.0690	0.0000
119	-0.0170	0.0330	-0.0100	-0.0850	-0.0670	0.0000
120	-0.0100	0.0290	-0.0050	-0.0840	-0.0640	0.0000
121	-0.0280	-0.0040	0.0190	-0.0800	-0.0620	0.0000
122	0.0130	0.0190	0.0200	-0.0890	-0.0640	0.0000
123	0.0130	0.0050	-0.0400	-0.0900	-0.0600	0.0000
124	-0.0440	0.0200	-0.0190	-0.0940	-0.0570	0.0000
125	-0.0020	0.0090	-0.0240	-0.0940	-0.0560	0.0000
126	-0.0140	0.0160	-0.0270	-0.0930	-0.0530	0.0000
127	-0.0120	0.0370	-0.0150	-0.0950	-0.0520	0.0000
128	-0.0280	0.0000	-0.0160	-0.0900	-0.0560	0.0000
129	-0.0210	0.0160	-0.0030	-0.0900	-0.0490	0.0000
130	0.0140	0.0450	0.0030	-0.0880	-0.0470	0.0000
131	-0.0240	0.0380	-0.0440	-0.0890	-0.0470	0.0000
132	0.1130	0.0220	-0.0320	-0.0910	-0.0460	0.0000
133	-0.0050	0.0090	0.0090	-0.0930	-0.0530	0.0000
134	-0.0520	0.0360	-0.0120	-0.0880	-0.0570	0.0000
135	0.0110	0.0260	-0.0600	-0.0860	-0.0580	0.0000
136	0.0020	-0.0100	-0.0060	-0.0870	-0.0560	0.0000
137	0.0200	0.0310	0.0120	-0.0850	-0.0570	0.0000
138	-0.0060	0.0390	0.0010	-0.0880	-0.0580	0.0000
139	-0.0130	0.0230	0.0150	-0.0930	-0.0610	0.0000
140	0.0010	0.0180	-0.0330	-0.0910	-0.0590	0.0000
141	-0.0240	0.0160	0.0180	-0.0940	-0.0660	0.0000
142	-0.0160	0.0310	-0.0180	0.0000	-0.0670	0.0000
143	-0.0150	0.0150	0.0180	0.0000	-0.0670	0.0000
144	-0.0200	0.0260	0.0270	-0.0990	-0.0710	0.0000
145	0.0080	0.0160	0.0270	-0.0990	-0.0710	0.0000
146	-0.0070	0.0270	0.0000	-0.0970	-0.0690	0.0000
147	-0.0070	0.0270	0.0000	-0.0970	-0.0690	0.0000
148	-0.0270	0.0310	-0.0300	-0.1010	-0.0660	0.0000
149	-0.0030	0.0310	-0.0300	-0.1010	-0.0660	0.0000
150	0.0160	-0.1240	0.0560	-0.0980	-0.0690	0.0000
151	-0.0290	0.1240	0.0560	-0.0980	-0.0690	0.0000
152	-0.0360	0.1240	0.0560	-0.0980	-0.0690	0.0000
153	-0.0160	0.0230	0.0240	-0.1030	-0.0670	0.0000
154	-0.0140	0.0300	0.0060	-0.1010	-0.0670	0.0000
155	-0.0170	0.0370	0.0230	-0.0990	-0.0650	0.0000
156	0.0210	0.0230	-0.0420	-0.1010	-0.0640	0.0000
157	-0.0030	0.0380	0.0430	-0.1020	-0.0630	0.0000
158	-0.0030	0.0380	0.0430	-0.1020	-0.0630	0.0000
159	-0.0140	0.0360	0.0180	-0.1040	-0.0640	0.0000
160	-0.0100	0.1760	0.0080	-0.1060	-0.0640	0.0000
161	-0.0180	0.0250	-0.0020	-0.1060	-0.0580	0.0000
162	-0.0120	-0.0010	0.0190	-0.1070	-0.0560	0.0000
163	-0.0090	0.0140	-0.0190	-0.1050	-0.0540	0.0000
164	-0.0350	0.0110	-0.0430	-0.1080	-0.0490	0.0000
165	-0.0190	0.0070	-0.0240	-0.1090	-0.0530	0.0000
166	-0.0070	0.0150	0.0510	-0.1110	-0.0550	0.0000
167	0.0080	0.0140	-0.0620	-0.1120	-0.0550	0.0000
168	-0.0160	0.0180	-0.0050	-0.1080	-0.0560	0.0000
169	-0.0240	0.0180	0.0140	-0.1110	-0.0530	0.0000
170	-0.0340	0.0370	-0.0020	-0.1110	-0.0500	0.0000
171	-0.0080	0.0390	-0.0310	-0.1090	-0.0520	0.0000
172	-0.0110	0.0130	0.0030	-0.1090	-0.0540	0.0000
173	-0.0230	0.0330	-0.0550	-0.1130	-0.0530	0.0000
174	-0.0180	0.0280	0.0400	-0.1110	-0.0540	0.0000
175	0.0000	0.0360	0.0140	-0.1070	-0.0520	0.0000
176	-0.0200	0.0400	-0.0240	-0.1040	-0.0520	0.0000
177	-0.0350	0.0180	-0.0010	-0.1030	-0.0510	0.0000
178	-0.0160	0.0150	-0.0340	-0.1000	-0.0520	0.0000
179	-0.0250	0.0050	0.0400	-0.0930	-0.0500	0.0000
180	-0.0130	0.0140	0.0050	-0.0950	-0.0440	0.0000
181	-0.0350	0.0160	-0.0030	-0.0950	-0.0390	0.0000
182	0.0050	0.0200	-0.0010	-0.0980	-0.0380	0.0000
183	0.0020	0.0370	0.0250	-0.0970	-0.0350	0.0000
184	0.0220	0.0050	0.0060	-0.0970	-0.0350	0.0000
185	-0.0030	0.0020	-0.0500	-0.1000	-0.0390	0.0000
186	-0.0440	0.0140	-0.0020	-0.0990	-0.0420	0.0000
187	-0.0270	0.0100	0.0170	-0.1010	-0.0380	0.0000
188	-0.0040	0.0320	-0.0300	-0.1010	-0.0400	0.0000
189	0.0120	0.0210	-0.0400	-0.0990	-0.0400	0.0000
190	0.0030	0.0170	0.0400	-0.0980	-0.0410	0.0000
191	-0.0380	0.0240	0.0360	-0.0950	-22.0000	0.0000
192	-0.0240	0.0150	-0.0470	-0.0900	-22.0000	0.0000
193	-0.0210	0.0080	-0.0210	-0.0950	-0.0350	0.0000
194	-0.0110	0.0140	-0.0120	-0.0910	-0.0340	0.0000
195	-0.0010	0.0390	-0.0250	-0.0930	-0.0340	0.0000
196	0.0200	0.0460	-0.0080	-0.0930	0.0000	0.0000
197	0.0100	0.0120	0.0340	-0.0930	0.0000	0.0000
198	0.0140	0.0240	0.0360	-0.0950	-0.0310	0.0000
199	0.0080	0.0340	0.0030	-0.0950	-0.0310	0.0000
200	-0.0070	0.0380	0.0560	-0.0310	1.8850	0.0000
201	-0.0140	0.0170	-0.0600	-0.0880	-0.0380	0.0000
202	-0.0180	0.0140	0.0058	-0.0890	-0.0360	0.0000
203	0.0130	0.0180	0.0000	-0.0870	-0.0360	0.0000
204	-0.0070	0.0170	33.0000	-0.0870	-0.0340	0.0000
205	-0.0250	0.0270	0.0220	-0.0890	-0.0300	0.0000
206	0.0070	0.0057	0.0220	-0.0890	-0.0300	0.0000
207	0.0130	0.0150	-0.0040	-0.0960	-0.0310	0.0000
208	0.0010	0.0150	0.0020	-0.0970	-0.0280	0.0000
209	0.0130	0.0240	0.0370	-0.0960	-0.0280	0.0000
210	0.0210	0.0030	-0.0140	-0.0960	-0.0310	0.0000
211	0.0010	0.0450	0.0100	-0.0950	-0.0310	0.0000
212	-0.0340	0.0450	0.0100	-0.0950	-0.0310	0.0000
213	-0.0350	-0.1200	-0.0190	-0.1010	-0.0300	0.0000
214	0.0035	-0.1200	-0.0190	-0.1010	-0.0300	0.0000
215	-0.1400	0.0400	0.0430	-0.1020	-0.0300	0.0000
216	-0.0030	0.0220	0.0290	-0.1020	-0.0300	0.0000
217	-0.0360	0.0200	0.0280	-0.0970	-0.0300	0.0000
218	-0.0030	0.0280	0.0280	-0.1030	-0.0270	0.0000
219	0.0000	0.0280	-0.0710	-0.1030	-0.0280	0.0000
220	-0.0210	0.0080	-0.0590	-0.1040	-0.0340	0.0000
221	-0.0120	0.0100	0.0510	-0.1070	-0.0300	0.0000
222	0.0170	0.0110	0.0130	-0.1080	-0.0310	0.0000
223	0.0050	-0.1230	-0.0230	-0.1070	-0.0310	0.0000
224	-0.0250	0.0020	-0.0980	-0.1130	-0.0280	0.0000
225	-0.0330	0.0510	0.0190	-0.1120	-0.0260	0.0000
226	0.0150	0.0150	0.0020	-0.1590	-0.0290	0.0000
227	-0.0040	0.0280	0.0190	-0.1610	-0.0300	0.0000
228	0.0190	0.0000	-0.0540	-0.1600	-0.0260	0.0000
229	-0.0010	35.0000	0.0280	-0.1620	-0.0230	0.0000
230	-0.0080	0.0260	0.0150	-0.1630	-0.0250	0.0000
231	-0.0170	0.0260	0.0150	-0.1630	-0.0250	0.0000
232	0.0017	0.0100	-0.0370	-0.1660	-0.0270	0.0000
233	-0.0700	0.0220	0.0220	-0.1650	-0.0230	0.0000
234	-0.0190	0.0440	0.0220	-0.1650	-0.0260	0.0000
235	-0.0010	0.0460	0.0040	-0.1580	-0.0250	0.0000
236	-0.0110	0.0030	0.0020	-0.1520	-0.0200	0.0000
237	0.0020	0.0370	-0.0280	-0.1510	-0.0160	0.0000
238	-0.0170	0.0310	0.0250	-0.1530	-0.0160	0.0000
239	-0.0090	0.0200	-0.0160	-0.1530	-0.0190	0.0000
240	-0.0100	0.0130	-0.0490	-0.1480	-0.0170	0.0000
241	-0.0250	0.0010	-0.0210	-0.1510	-0.0190	0.0000
242	0.0310	0.0110	-0.0600	-0.1450	-0.0210	0.0000
243	0.0310	0.0200	-0.0040	-0.1470	-0.0200	0.0000
244	-0.0250	0.0250	-0.0130	-0.1460	-0.0240	0.0000
245	-0.0200	0.0500	0.0300	-0.1450	-0.0210	0.0000
246	0.0080	0.0440	0.0000	-0.1430	-0.0220	0.0000
247	0.0050	0.0120	0.0040	-0.1440	-0.0210	0.0000
248	-0.1560	0.0060	-0.0240	-0.1440	-0.0180	0.0000
249	-0.0020	0.0140	-0.0430	-0.1500	-0.0150	0.0000
250	0.0230	0.0490	0.0460	-0.1510	-0.0130	0.0000
251	0.0210	0.0350	0.0100	-0.1490	-0.0140	0.0000
252	-0.0110	0.0260	-0.0210	-0.1500	-0.0160	0.0000
253	0.0070	0.0290	-0.0190	-0.1480	-0.0180	0.0000
254	-0.0060	0.0160	0.0110	-0.1470	-0.0170	0.0000
255	-0.0020	0.0290	0.0100	-0.1470	-0.0140	0.0000
256	-0.0060	0.0330	-0.0540	-0.1480	-0.0100	0.0000
257	-0.0090	0.0270	-0.0170	-0.1530	-0.0060	0.0000
258	0.0070	0.0380	0.0020	-0.1510	-0.0090	0.0000
259	0.0270	0.0230	0.0270	-0.1490	-0.0110	0.0000
260	0.0030	0.0310	0.0160	-0.1500	-0.0140	0.0000
261	-0.0190	0.0240	-0.0180	-0.1500	-0.0120	0.0000
262	-0.0110	0.0260	0.0120	-0.1490	-0.0170	0.0000
263	0.0030	0.0050	-0.0050	-0.1490	-0.0170	0.0000
264	-0.0220	0.0290	0.0260	-0.1450	-0.0190	0.0000
265	-0.0240	0.0250	-0.0250	-0.1480	-0.0150	0.0000
266	-0.0170	0.0340	-0.0620	-0.1540	-0.0140	0.0000
267	0.0030	0.0420	-0.0070	-0.1510	-0.0150	0.0000
268	0.0030	0.0150	-0.0340	-0.1490	-0.0170	0.0000
269	-0.0010	0.0180	-0.0420	-0.1490	-0.0110	0.0000
270	-0.0290	0.0260	-0.0180	-0.1470	-0.0130	0.0000
271	-0.0060	0.0610	0.0340	-0.1510	-0.0100	0.0000
272	-0.0070	0.0120	0.0000	-0.1510	-0.0100	0.0000
273	-0.0160	0.0080	0.0250	-0.1520	-0.0110	0.0000
274	0.0160	0.0330	0.0000	-0.1530	-0.0120	0.0000
275	-0.0100	0.0270	0.0230	-0.1550	-0.0170	0.0000
276	0.0100	0.0190	0.0230	-0.1570	-0.0150	0.0000
277	0.0330	-0.1150	-0.0110	-0.1500	-0.0130	0.0000
278	-0.0110	0.0210	-0.0120	-0.1560	-0.0120	0.0000
279	-0.0040	0.0210	-0.0190	-0.1570	-0.0120	0.0000
280	-0.0090	0.0300	-0.0180	-0.1580	-0.0120	0.0000
281	-0.0090	0.0300	-0.0180	-0.1580	-0.0120	0.0000
282	-0.0050	0.0420	-0.0570	-0.1610	-0.0150	0.0000
283	-0.0050	0.0420	-0.0570	-0.1610	-0.0150	0.0000
284	0.0070	0.0300	0.0540	-0.1650	-0.0220	0.0000
285	0.0070	0.0300	0.0540	-0.1650	-0.0220	0.0000
286	-0.0110	0.0280	-0.0010	-0.1650	-0.0180	0.0000
287	-0.0110	0.0280	-0.0010	-0.1650	-0.0180	0.0000
288	-0.0030	0.0370	0.0380	-0.1730	-0.0190	0.0000
289	0.0050	0.0400	-0.0490	-0.1700	-0.0190	0.0000
290	0.0050	0.0400	-0.0490	-0.1700	-0.0190	0.0000
291	0.0510	0.0200	0.5810	-0.1690	-0.0160	0.0000
292	-0.0080	0.0420	0.0540	-0.1680	-0.0230	0.0000
293	-0.0060	0.0320	0.0130	-0.1680	-0.0220	0.0000
294	0.0110	0.0310	-0.0250	-0.1690	-0.0250	0.0000
295	-0.0320	0.0370	-0.0060	-0.1680	-0.0250	0.0000
296	0.0110	0.0370	0.0030	-0.1700	-0.0250	0.0000
297	-0.0230	0.0320	-0.0390	-0.1680	-0.0250	0.0000
298	-0.0120	0.0310	-0.0220	-0.1670	-0.0240	0.0000
299	-0.0140	0.0210	-0.0300	-0.1670	-0.0230	0.0000
300	0.0190	0.0270	0.0300	-0.1690	-0.0200	0.0000
301	0.0020	0.0480	0.0300	-0.1660	-0.0230	0.0000
302	0.0040	0.0230	0.0210	-0.1650	-0.0210	0.0000
303	0.0200	0.0160	-0.0280	-0.1630	-0.0200	0.0000
304	-0.0500	0.0260	0.0010	-0.1620	-0.0190	0.0000
305	0.0430	0.0470	-0.0060	-0.1590	-0.0190	0.0000
306	0.0080	0.0490	0.0010	-0.1600	-0.0190	0.0000
307	-0.0170	0.0440	-0.0520	-0.1590	-0.0200	0.0000
308	-0.0160	0.0300	0.0090	-0.1590	-0.0240	0.0000
309	-0.0010	0.0500	-0.0060	-0.1570	-0.0220	0.0000
310	-0.0070	0.0320	0.0390	-0.1590	-0.0240	0.0000
311	-0.0160	0.0180	-0.0090	-0.1540	-0.0240	0.0000
312	-0.0220	0.0240	0.0140	-0.1530	-0.0240	0.0000
313	0.0160	0.0200	-0.0760	-0.1560	-0.0230	0.0000
314	0.0040	0.0230	-0.0040	-0.1570	-0.0180	0.0000
315	0.0070	0.0280	-0.0230	-0.1570	-0.0180	0.0000
316	-0.0220	0.0290	-0.0250	-0.1580	-0.0190	0.0000
317	0.0310	0.0340	-0.0330	-0.1570	-0.0180	0.0000
318	0.0020	0.0410	-0.0210	-0.1510	-0.0140	0.0000
319	-0.0360	0.0300	-0.0160	-0.1510	-0.0130	0.0000
320	-0.0160	0.0120	-0.0400	-0.1530	-0.0140	0.0000
321	0.1110	0.0150	-0.0190	-0.1540	-0.0140	0.0000
322	0.0240	0.0280	0.0280	-0.1540	-0.0130	0.0000
323	0.0150	0.0400	-0.0130	-0.1580	-0.0170	0.0000
324	-0.0120	0.0260	-0.0790	-0.1630	-0.0230	0.0000
325	0.0090	0.0110	-0.0030	-0.1650	-0.0180	0.0000
326	-0.0030	0.0160	0.0040	-0.1630	-0.0170	0.0000
327	0.0120	0.0290	-0.0010	-0.1620	-0.0190	0.0000
328	-0.0230	0.0200	0.0000	-0.1650	-0.0190	0.0000
329	-0.0200	0.0240	-0.0440	0.0000	-0.0190	0.0000
330	-0.0190	0.0430	0.0200	-0.1630	-0.0150	0.0000
331	-0.0010	0.0210	0.0230	-0.1630	-0.0150	0.0000
332	-0.0360	0.0440	-0.0150	-0.1590	2.7260	0.0000
333	0.0070	0.0250	0.0430	5.0000	2.7260	0.0000
334	-0.0330	0.0440	0.0180	-0.1600	-0.0110	0.0000
335	0.0270	0.0320	0.0618	-0.1600	-0.0110	0.0000
336	-0.0130	0.0290	-0.0590	-65.0000	-0.0090	0.0000
337	-0.0210	0.0400	-0.0180	-0.1600	-0.0170	0.0000
338	-0.0040	0.0340	7.0000	-0.1550	-0.0130	0.0000
339	0.0140	0.0304	7.0000	-0.1550	-0.0130	0.0000
340	0.0070	0.0300	-0.0200	-0.1580	-0.0120	0.0000
341	0.0170	0.0300	-0.0200	-0.1580	-0.0120	0.0000
342	0.0100	0.0440	-0.0230	-0.1650	-0.0160	0.0000
343	-10.0000	0.0440	-0.0230	-0.1650	-0.0160	0.0000
344	-0.0120	0.0230	-0.0480	-0.1680	-0.0160	0.0000
345	-0.0120	0.0230	-0.0480	-0.1680	-0.0160	0.0000
346	0.0060	0.0280	-0.0030	-0.1720	-0.0170	0.0000
347	0.0060	0.0490	0.0110	-0.1730	-0.0180	0.0000
348	-0.0120	0.0300	-0.0010	-0.1690	-0.0160	0.0000
349	-0.0050	0.0270	-0.0650	-0.1690	-0.0160	0.0000
350	0.0150	0.0240	-0.0270	-0.1720	-0.0220	0.0000
351	0.0070	0.0310	-0.0270	-0.1740	-0.0180	0.0000
352	0.0130	0.0460	0.0010	-0.1690	-0.0210	0.0000
353	-0.0030	0.0300	-0.0210	-0.1750	-0.0220	0.0000
354	0.0033	0.0270	-0.0360	-0.1780	-0.0200	0.0000
355	0.0020	0.0410	0.0430	-0.1830	-0.0190	0.0000
356	-8.0000	0.0250	-0.0100	-0.1850	-0.0150	0.0000
357	-0.0050	0.0390	-0.0220	-0.1810	-0.0100	0.0000
358	0.0060	0.0240	0.0030	-0.1810	-0.0100	0.0000
359	-0.0100	0.0270	-0.0160	-0.1800	-0.0100	0.0000
360	-0.0100	0.0420	0.0060	-0.1830	-0.0140	0.0000
361	-0.0180	0.0410	0.0000	-0.1790	-0.0120	0.0000
362	0.0100	0.0230	-0.0060	-0.1810	-0.0100	0.0000
363	0.0050	0.0420	-0.0460	-0.1840	-0.0110	0.0000
364	-0.0060	0.0510	0.0300	-0.1840	-0.0140	0.0000
365	-0.0170	0.0150	-0.0150	-0.1830	-0.0110	0.0000
366	-0.0030	0.0330	-0.0300	-0.1830	-0.0120	0.0000
367	0.0090	-0.0970	-0.0290	-0.1830	-0.0140	0.0000
368	-0.0020	0.0280	-0.0100	-0.1860	-0.0170	0.0000
369	0.0160	0.0410	-0.0270	-0.1880	-0.0160	0.0000
370	-0.0130	0.0130	-0.0270	-0.1880	-0.0170	0.0000
371	0.0010	0.0410	0.0020	-0.1880	-0.0190	0.0000
372	0.0040	0.0300	0.0020	-0.1850	-0.0220	0.0000
373	-0.0130	0.0340	-0.0030	-0.1860	-0.0190	0.0000
374	-0.0070	0.0350	0.0120	-0.1850	-0.0190	0.0000
375	-0.0260	0.0340	0.0030	-0.1900	-0.0180	0.0000
376	0.0070	0.0160	-0.0250	-0.1890	-0.0160	0.0000
377	0.0140	0.0250	0.0080	-0.1930	-0.0110	0.0000
378	-0.0010	0.0560	-0.0530	-0.1970	-0.0070	0.0000
379	0.0020	0.0470	0.0010	-0.1990	-0.0080	0.0000
380	-0.0100	0.0460	0.0000	-0.2000	-0.0060	0.0000
381	0.0070	0.0610	0.0030	-0.1960	-0.0090	0.0000
382	-0.0160	0.0280	0.0420	-0.1910	-0.0110	0.0000
383	-0.0130	0.0110	-0.0360	-0.1910	-0.0100	0.0000
384	-0.0110	0.0270	-0.0360	-0.1910	-0.0130	0.0000
385	-0.0450	0.0160	0.0000	-0.1950	-0.0150	0.0000
386	-0.0220	0.0480	0.0080	-0.1930	-0.0070	0.0000
387	0.0030	0.0350	-0.0190	-0.1920	-0.0070	0.0000
388	-0.0200	0.0260	0.0090	-0.1960	-0.0090	0.0000
389	0.0000	0.0180	0.0160	-0.1920	-0.0100	0.0000
390	-0.0320	0.0130	-0.0130	-0.1930	-0.0100	0.0000
391	-0.0050	0.0260	-0.0200	-0.1940	-0.0070	0.0000
392	-0.0030	0.0390	-0.0330	-0.1890	-0.0070	0.0000
393	-0.0030	0.0430	-0.0210	-0.1960	-0.0090	0.0000
394	-0.0320	0.0400	0.0360	-0.1950	-0.0100	0.0000
395	-0.0080	0.0450	0.0340	-0.1860	-0.0100	0.0000
396	-0.0220	0.0370	-0.0100	-0.1810	-0.0090	0.0000
397	-0.0020	0.0470	0.0010	-0.1810	-0.0110	0.0000
398	-0.0330	0.0360	-0.0190	-0.1750	-0.0080	0.0000
399	-0.0200	0.0290	-0.0640	-0.1750	-0.0060	0.0000
400	-0.0270	0.0270	-0.0330	-0.1750	-0.0060	0.0000
401	-0.0040	0.0430	0.0060	-0.1710	-0.0050	0.0000
402	0.0070	0.0170	0.0090	-0.1730	-0.0070	0.0000
403	-0.0040	0.0100	-0.0570	-0.1730	-0.0040	0.0000
404	-0.0090	0.0350	-0.0100	-0.1730	-0.0070	0.0000
405	-0.0080	0.0420	-0.0090	-0.1680	-0.0120	0.0000
406	-0.0100	0.0230	-0.0330	-0.2100	-0.0130	0.0000
407	-0.0100	0.0320	0.0510	-0.2100	-0.0100	0.0000
408	-0.0160	0.0240	-0.0370	-0.2050	-0.0110	0.0000
409	0.0000	0.0480	-0.0330	-0.2070	-0.0090	0.0000
410	-0.0140	0.0610	0.0410	-0.2080	-0.0040	0.0000
411	-0.0040	0.0450	0.0390	-0.2000	0.0000	0.0000
412	-0.0250	-0.0970	-0.0090	-0.2010	0.0040	0.0000
413	0.0040	0.0390	-0.0300	-0.2060	0.0040	0.0000
414	0.0020	0.0520	-0.0050	-0.2060	0.0060	0.0000
415	-0.0090	0.0540	-0.0230	-0.2040	0.0020	0.0000
416	-0.0060	0.0220	-0.0280	-0.2050	-0.0010	0.0000
417	0.0090	0.0180	-0.0230	-0.2040	0.0000	0.0000
418	0.0070	0.0500	0.0460	-0.2050	-0.0020	0.0000
419	-0.0160	0.0400	0.0220	-0.2010	-0.0040	0.0000
420	-0.0150	0.0470	-0.0480	-0.2000	-0.0030	0.0000
421	-0.0330	0.0360	0.0070	-0.1980	0.0030	0.0000
422	0.0180	0.0170	-0.0150	-0.1970	0.0060	0.0000
423	0.0000	0.0390	-0.0430	-0.2030	0.0070	0.0000
424	0.0110	0.0570	0.0270	-0.2060	0.0050	0.0000
425	-0.0080	0.0400	-0.0090	-0.2030	0.0010	0.0000
426	-0.0030	0.0350	-0.0020	-0.2030	0.0030	0.0000
427	-0.0200	0.0380	-0.0010	-0.2120	0.0080	0.0000
428	0.0100	0.0280	0.0130	-0.2130	0.0060	0.0000
429	0.0260	0.0370	-0.0270	-0.2180	0.0070	0.0000
430	0.0110	-0.1040	-0.0300	-0.2200	0.0090	0.0000
431	0.0030	0.0480	0.0160	-0.2250	0.0090	0.0000
432	0.0160	0.0480	-0.0400	-0.2260	0.0110	0.0000
433	0.0010	0.0410	-0.0020	-0.2270	0.0100	0.0000
434	-0.0100	0.0240	0.0640	-0.2210	0.0030	0.0000
435	0.0080	0.0500	0.0040	-0.2170	0.0040	0.0000
436	-0.0220	0.0260	0.0130	-0.2150	0.0020	0.0000
437	0.1210	0.0440	-0.0190	-0.2140	0.0110	0.0000
438	0.0170	0.1850	0.0020	-0.2110	0.0120	0.0000
439	0.0160	0.0410	-0.0350	-0.2110	0.0070	0.0000
440	-0.0090	0.0370	0.0240	-0.2090	0.0090	0.0000
441	-0.0240	0.0340	-0.0110	-0.2100	0.0100	0.0000
442	0.0380	0.0420	0.0030	-0.2110	0.0090	0.0000
443	0.0030	0.0400	-0.0010	-0.2140	0.0050	0.0000
444	-0.0120	0.0190	-0.0160	-0.2090	0.0010	0.0000
445	0.0160	0.0140	-0.0150	-0.2150	-0.0050	0.0000
446	-0.0060	0.0530	-0.0170	-0.2180	-0.0090	0.0000
447	0.0130	0.0380	0.0320	-0.2200	-0.0080	0.0000
448	-0.0300	0.0480	0.0030	-0.2200	-0.0030	0.0000
449	-0.0300	0.0570	-0.1090	-0.2200	-0.0030	0.0000
450	-0.0030	0.0400	-0.0300	-0.2180	-0.0030	0.0000
451	-0.0010	0.0650	0.0070	-0.2200	-0.0030	0.0000
452	-0.0140	0.0430	-0.0300	-0.2200	-0.0090	0.0000
453	0.0090	0.0310	0.0200	-0.2200	-0.0090	0.0000
454	0.0220	0.0240	-0.0320	-0.2180	-0.0090	0.0000
455	-0.0080	0.0190	-0.0690	-0.2210	-0.0060	0.0000
456	0.0260	0.0290	-0.0250	-0.2260	-0.0030	0.0000
457	-0.0220	0.0400	0.0430	-0.2290	-0.0060	0.0000
458	-0.0030	0.0330	-0.0680	-0.2290	-0.0040	0.0000
459	-0.0160	0.0340	-0.0070	-0.2330	-0.0080	0.0000
460	-0.0160	0.0330	-0.0050	-0.2340	-0.0080	0.0000
461	-0.0050	0.0280	-0.0130	-0.2390	-0.0060	0.0000
462	-0.0060	0.0320	-0.0480	-0.2330	-0.0030	0.0000
463	0.0040	0.0200	-0.0500	-0.2380	-0.0060	0.0000
464	0.0110	0.0610	0.0370	-0.2380	-0.0050	0.0000
465	-0.0130	0.0230	0.0460	-0.2370	-0.0080	0.0000
466	-0.0040	0.0240	0.0220	-0.2380	-0.0040	0.0000
467	0.0080	0.0430	-0.0300	-0.2400	0.0020	0.0000
468	0.0030	0.0410	-0.0540	-0.2350	0.0030	0.0000
469	0.0140	0.0500	0.0030	-0.2270	-0.0010	0.0000
470	-0.0070	0.0440	0.0140	-0.2270	-0.0010	0.0000
471	0.0090	0.0410	-0.0420	-0.2290	-0.0010	0.0000
472	-0.0010	0.0530	-0.0540	-0.2260	-0.0030	0.0000
473	0.0180	0.0580	-0.0100	-0.2250	-0.0010	0.0000
474	-0.0130	0.0390	0.0300	-0.2220	0.0020	0.0000
475	-0.0360	-0.0950	0.0550	-0.2280	0.0020	0.0000
476	0.0140	0.0410	0.0100	-0.2340	0.0000	0.0000
477	-0.0160	0.0660	-0.0220	-0.2370	-0.0050	0.0000
478	0.0040	0.0370	-0.0060	-0.2350	-0.0070	0.0000
479	-0.0220	0.0410	0.0010	-0.2360	-0.0080	0.0000
480	0.0000	0.0290	-0.0830	-0.2390	0.0400	0.0000
481	0.0090	0.0540	0.0380	-0.2400	0.0460	0.0000
482	0.0180	0.0290	0.0580	-0.2390	0.0420	0.0000
483	-0.0090	0.0550	-0.0090	-0.2390	0.0420	0.0000
484	-0.0250	0.1890	-0.0500	-0.2370	0.0430	0.0000
485	0.0310	0.0360	-0.0220	-0.2330	0.0410	0.0000
486	0.0080	0.0280	0.0090	-0.2380	0.0430	0.0000
487	0.0250	0.0340	-0.0160	-0.2390	0.0440	0.0000
488	0.0260	0.0340	0.0130	-0.2380	0.0400	0.0000
489	0.0040	0.0380	0.0420	-0.2330	0.0370	0.0000
490	0.0170	0.0370	0.0160	-0.2370	0.0380	0.0000
491	0.0250	0.0380	-0.0080	-0.2320	0.0390	0.0000
492	0.0130	0.1900	0.0010	-0.2360	0.0400	0.0000
493	0.0130	0.1900	0.0010	-0.2360	0.0400	0.0000
494	0.0120	0.0470	0.0160	-0.2290	0.0380	0.0000
495	0.0130	0.0390	-0.0020	-0.2280	0.0340	0.0000
496	0.0020	0.0410	-0.0550	-0.2330	0.0370	0.0000
497	-0.0140	0.0370	-0.0050	-0.2280	0.0380	0.0000
498	-0.0120	0.0220	-0.0330	-0.2300	0.0370	0.0000
499	-0.0150	0.0240	0.0270	-0.2290	0.0420	0.0000
500	0.0940	0.0150	-0.0270	-0.2230	0.0470	0.0000
501	0.0150	-0.0940	-0.0290	-0.2270	0.0400	0.0000
502	0.0000	0.0410	-0.0030	-0.2290	0.0490	0.0000
503	0.0110	0.0320	0.0230	-0.2310	0.0510	0.0000
504	0.0000	0.0350	-0.0380	-0.2320	0.0560	0.0000
505	0.0080	0.0560	0.0070	-0.2350	0.0590	0.0000
506	0.0250	0.0360	0.0280	-0.2280	0.0530	0.0000
507	0.0390	0.0610	0.0480	-0.2300	0.0540	0.0000
508	0.0140	0.0430	-0.0560	-0.2290	0.0580	0.0000
509	-0.0050	0.0530	-0.0370	-0.2290	0.0560	0.0000
510	0.0170	0.0410	0.0160	-0.2240	0.0590	0.0000
511	0.0210	0.0360	0.0210	-0.2230	0.0580	0.0000
512	0.0370	0.0280	-0.1030	-0.2280	0.0570	0.0000
513	0.0120	0.0150	-0.0020	-0.2250	0.0530	0.0000
514	-0.0010	0.0490	0.0230	-0.1840	0.0540	0.0000
515	-0.0100	0.0290	0.0130	-0.1850	0.0510	0.0000
516	-0.0040	0.0270	-0.0460	-0.1500	0.0510	0.0000
517	0.0000	0.0390	-0.0460	-0.1850	0.0540	0.0000
518	0.0340	0.0410	0.0210	0.0000	0.0540	0.0000
519	0.0360	0.0410	0.0070	-0.1850	0.0530	0.0000
520	-0.0120	0.0340	0.0240	-0.1820	0.0480	0.0000
521	-0.0070	0.0450	0.0250	-0.1900	0.0500	0.0000
522	0.0230	0.0400	0.0060	-0.1860	0.0550	0.0000
523	0.0290	0.0180	-0.0010	-0.1820	0.5200	0.0000
524	0.0020	0.0130	0.0190	-0.1790	0.0000	0.0000
525	-0.0040	0.0030	-0.0460	-0.1770	51.0000	0.0000
526	0.0190	0.0550	-0.0060	-0.1767	51.0000	0.0000
527	-0.0150	0.0400	0.0190	-0.1730	0.0490	0.0000
528	0.0020	0.0500	0.0370	-0.1773	0.0420	0.0000
529	-0.0170	0.1870	-0.0530	-0.1000	0.0420	0.0000
530	0.0100	0.0110	-0.0120	-0.1680	0.0430	0.0000
531	0.0240	0.0450	-0.0120	-0.1680	0.0430	0.0000
532	0.0180	0.0340	-0.0010	-0.1690	0.0390	0.0000
533	0.0180	0.0390	-0.0010	-0.1690	0.0390	0.0000
534	0.0180	0.0390	-0.0010	-0.1690	0.0390	0.0000
535	-0.0170	0.0350	-0.0440	-0.1630	0.0370	0.0000
536	0.0280	0.0290	0.0050	-0.1660	0.0350	0.0000
537	-0.0150	0.0330	-0.0330	-0.1670	0.0360	0.0000
538	-0.0170	0.0320	-0.0110	-0.1750	0.0360	0.0000
539	-0.0220	0.0390	0.0050	-0.1710	0.0380	0.0000
540	0.0090	0.0220	-0.0240	-0.1680	0.0420	0.0000
541	-0.0170	0.0390	-0.0280	-0.1690	0.0410	0.0000
542	-0.0210	0.0490	-0.0250	-0.1680	0.0410	0.0000
543	0.0040	0.0200	-0.0510	-0.1650	0.0420	0.0000
544	-0.0010	0.0300	0.0210	-0.1620	0.0410	0.0000
545	0.0000	0.0290	0.0270	-0.1630	0.0390	0.0000
546	-0.0030	0.0210	-0.0280	-0.1610	0.0400	0.0000
547	-0.0290	0.0540	0.0000	-0.1570	0.0380	0.0000
548	0.0130	0.0410	-0.0280	-0.1580	0.0390	0.0000
549	0.0230	0.0330	0.0050	-0.1590	0.0370	0.0000
550	-0.0060	0.0280	-0.0150	-0.1570	0.0360	0.0000
551	-0.0130	0.0080	-0.0210	-0.1600	0.0360	0.0000
552	0.0090	0.0520	-0.0270	-0.1600	0.0340	0.0000
553	0.0070	0.0330	0.0420	-0.1610	0.0360	0.0000
554	0.0270	0.0300	0.0190	-0.1540	0.0360	0.0000
555	-0.0180	0.0070	-0.0220	-0.1490	0.0360	0.0000
556	0.0060	0.0130	-0.0300	-0.1480	0.0380	0.0000
557	0.0160	0.0380	0.0090	-0.1490	0.0390	0.0000
558	0.0080	0.0160	-0.0190	-0.1400	0.0410	0.0000
559	0.0140	0.0160	0.0220	-0.1440	0.0410	0.0000
560	-0.0060	0.0300	0.0000	-0.1430	0.0430	0.0000
561	0.0150	0.0330	0.0110	-0.1460	0.0430	0.0000
562	0.0110	0.0260	0.0460	-0.1480	0.0400	0.0000
563	-0.0210	0.0230	0.0090	-0.1520	0.0430	0.0000
564	0.1210	0.0240	-0.0190	-0.1520	0.0450	0.0000
565	-0.0100	0.1750	-0.0270	-0.1520	0.0470	0.0000
566	0.0040	0.0270	0.0010	-0.1510	0.0480	0.0000
567	0.0060	0.0280	0.0000	-0.1540	0.0500	0.0000
568	0.0130	0.0090	-0.0160	-0.1590	0.0500	0.0000
569	0.0210	0.0160	-0.0140	-0.1630	0.0530	0.0000
570	0.0080	0.0450	0.0330	-0.1700	0.0590	0.0000
571	-0.0090	0.0330	-0.0160	-0.1720	0.0650	0.0000
572	0.0090	0.0240	-0.0120	-0.1700	0.0640	0.0000
573	0.0090	0.0240	-0.0120	-0.1700	0.0640	0.0000
574	0.0260	0.0450	0.0270	-0.1650	0.0640	0.0000
575	0.0260	0.0450	0.0270	-0.1650	0.0640	0.0000
576	0.0270	0.0280	0.0000	-0.1660	0.0640	0.0000
577	0.0270	0.0280	0.0000	-0.1660	0.0640	0.0000
578	0.0050	0.0580	0.0250	-0.1650	0.0550	0.0000
579	0.0050	0.0580	0.0250	-0.1650	0.0550	0.0000
580	-0.0570	0.0270	-0.0140	-0.1640	0.0540	0.0000
581	-0.0010	0.0520	0.0060	-0.1630	0.0530	0.0000
582	0.0260	0.0140	-0.0240	-0.1640	0.0580	0.0000
583	-0.0080	0.0520	-0.0350	-0.1670	0.0570	0.0000
584	-0.0270	0.0280	-0.1010	-0.1690	0.0600	0.0000
585	-0.0300	0.0500	-0.0320	-0.1700	0.0610	0.0000
586	0.0220	0.0270	-0.0270	-0.1690	0.0610	0.0000
587	0.0020	0.0490	-0.0110	-0.1700	0.0550	0.0000
588	0.0470	0.0480	-0.0020	-0.1700	0.0550	0.0000
589	0.0010	0.0290	-0.0110	-0.1620	0.0550	0.0000
590	0.0110	0.0220	0.0010	-0.1600	0.0540	0.0000
591	0.0050	0.0360	0.0210	-0.1580	0.0540	0.0000
592	0.0170	0.0240	-0.0370	-0.1590	0.0510	0.0000
593	-0.0150	0.0440	-0.0050	-0.1600	0.0490	0.0000
594	0.0060	0.0310	-0.0300	-0.1560	0.0490	0.0000
595	0.0050	0.0360	-0.0330	-0.1570	0.0530	0.0000
596	-0.0220	0.0210	-0.0100	-0.5700	0.0530	0.0000
597	-0.0190	0.0550	-0.0310	-0.1600	0.0580	0.0000
598	0.0340	0.0520	0.0600	0.0000	0.0580	0.0000
599	-0.0100	0.0290	0.0150	-0.1500	0.0190	0.0000
600	-0.0030	0.0280	-0.0010	-0.1500	0.0190	0.0000
601	-0.0340	0.1860	-0.0290	-0.1510	0.0230	0.0000
602	0.0060	0.0210	0.0003	-0.1510	0.0230	0.0000
603	-0.0120	0.0510	0.0040	-0.4400	0.0180	0.0000
604	0.0290	0.0130	0.0000	-0.4400	0.0180	0.0000
605	-0.0020	0.0250	0.0090	-0.1470	0.0230	0.0000
606	0.0260	0.0350	0.0090	-0.1470	0.0230	0.0000
607	-0.0080	0.0250	0.0430	-0.1520	0.0280	0.0000
608	0.0050	0.0525	0.0430	-0.1520	0.0280	0.0000
609	-0.1520	0.0360	0.0000	-0.1540	0.0320	0.0000
610	-0.0330	0.0340	-0.0360	-0.1530	0.0350	0.0000
611	0.0300	0.0340	-0.0360	-0.1530	0.0350	0.0000
612	0.0370	0.0330	-0.0160	-0.1560	0.0390	0.0000
613	-0.0360	0.0330	-0.0160	-0.1560	0.0390	0.0000
614	0.0250	0.0326	0.0020	-0.1540	0.0400	0.0000
615	0.0250	0.0326	0.0020	-0.1540	0.0400	0.0000
616	-0.0090	0.0500	0.0120	-0.1550	0.0040	0.0000
617	-0.0090	0.0500	0.0120	-0.1550	0.0040	0.0000
618	0.1290	0.0210	-0.0280	-0.1570	0.0050	0.0000
619	0.1290	0.0210	-0.0280	-0.1570	0.0050	0.0000
620	0.0020	0.0300	0.0090	-0.1570	-0.0080	0.0000
621	0.0020	0.0290	0.0050	-0.1560	-0.0110	0.0000
622	0.0130	0.0510	0.0100	-0.1610	-0.0120	0.0000
623	0.0120	0.0200	0.0150	-0.1610	-0.0160	0.0000
624	0.0090	0.0290	0.0210	-0.1630	-0.0200	0.0000
625	0.0090	0.0350	0.0340	-0.1640	-0.0230	0.0000
626	0.0260	0.0400	0.0190	-0.1640	-0.0240	0.0000
627	-0.0330	0.0240	-0.0470	-0.1690	-0.0240	0.0000
628	0.1130	0.0310	-0.0150	-0.1680	-0.0230	0.0000
629	0.0310	0.1750	-0.0130	-0.1590	-0.0280	0.0000
630	0.0380	0.0260	0.0110	-0.1560	-0.0260	0.0000
631	0.0070	0.0380	0.0100	-0.1600	-0.0290	0.0000
632	-0.0060	0.0410	0.0190	-0.1650	-0.0330	0.0000
633	-0.0340	0.0460	-0.0090	-0.1620	-0.0300	0.0000
634	-0.0090	0.0150	-0.0360	-0.1590	-0.0280	0.0000
635	-0.0060	0.0150	0.0000	-0.1590	-0.0270	0.0000
636	0.0310	0.0440	0.0180	-0.1610	-0.0240	0.0000
637	-0.0020	0.0500	-0.0080	-0.1620	-0.0240	0.0000
638	-0.0090	0.0000	0.0380	-0.1600	-0.0250	0.0000
639	0.0040	0.0270	-0.0140	-0.1550	-0.0240	0.0000
640	0.0010	0.0340	0.0150	-0.1530	-0.0230	0.0000
641	-0.0380	0.0220	-0.0220	-0.1540	-0.0300	0.0000
642	0.0030	0.0120	0.0020	-0.1600	-0.0203	0.0000
643	0.0180	0.0420	-0.0280	-0.1670	-0.2800	0.0000
644	-0.0050	0.0220	0.0020	-0.1650	-0.0260	0.0000
645	0.0330	0.0120	0.0050	-0.1650	-0.0290	0.0000
646	-0.0390	0.0360	0.0420	-0.1690	-0.0310	0.0000
647	-0.0310	0.0120	0.0030	-0.1690	-0.0240	0.0000
648	0.0060	0.0300	-0.0100	-0.1790	-0.0240	0.0000
649	-0.0060	0.0410	-0.0130	-0.1730	-0.1900	0.0000
650	-0.0290	0.0200	-0.0100	-0.1730	-0.1900	0.0000
651	0.0230	0.0270	0.0090	-0.1680	0.0000	0.0000
652	-0.0150	0.0440	-0.0240	-168.0000	0.0000	0.0000
653	-0.0200	0.0360	0.0220	-0.1700	-0.0200	0.0000
654	-0.0020	0.0120	0.0370	-0.1700	-0.0200	0.0000
655	-0.0190	0.0150	-0.0310	-0.1100	-0.0130	0.0000
656	0.0160	0.0670	0.0183	-0.1100	-0.0130	0.0000
657	0.0130	0.0130	-0.1800	-0.1730	-0.0140	0.0000
658	0.0170	0.0160	-0.0100	-0.1710	-0.0140	0.0000
659	0.0170	0.0160	-0.0100	-0.1710	-0.0140	0.0000
660	-0.0190	0.0240	-0.0030	-0.1740	-0.0180	0.0000
661	0.0030	0.0580	-0.0270	-0.1170	-0.0170	0.0000
662	0.0000	0.0300	0.0150	-0.1170	-0.0160	0.0000
663	-0.0210	0.0380	0.0490	-0.7100	-0.0150	0.0000
664	0.0070	0.0280	-0.0100	-0.1620	-0.0100	0.0000
665	-0.0280	0.0450	0.0040	-0.1580	-0.0080	0.0000
666	0.0250	0.0130	-0.0410	-0.1590	-0.0040	0.0000
667	-0.0550	0.0180	-0.0360	-0.2000	-0.0040	0.0000
668	-0.0060	0.0530	-0.0030	-0.2030	-0.0060	0.0000
669	0.0060	0.0590	0.0010	-0.2000	-0.0060	0.0000
670	-0.0210	0.0440	-0.0020	-0.2030	-3.0000	0.0000
671	-0.0150	0.0290	-0.0060	-0.2030	-3.0000	0.0000
672	0.0010	0.0490	-0.0420	-0.2043	-0.0020	0.0000
673	-0.0250	0.0360	-0.0300	-0.0040	0.7720	0.0000
674	-0.0020	0.0370	-0.0100	-0.2080	-0.0030	0.0000
675	0.0310	0.0470	-0.0012	-0.2130	-0.0050	0.0000
676	-0.0100	0.0430	0.0080	-0.2160	-0.0070	0.0000
677	-0.0090	0.0500	-6.0000	-0.2170	-0.0050	0.0000
678	-0.0100	0.0480	0.0140	-0.2190	-0.0050	0.0000
679	-0.0080	0.0350	0.0340	-0.2180	-0.0050	0.0000
680	0.0030	0.0405	0.0340	-0.2180	-0.0050	0.0000
681	-0.0150	0.0560	0.0040	-0.2290	0.0070	0.0000
682	0.0350	0.0490	-0.0210	-232.0000	0.0080	0.0000
683	0.0050	0.0170	-0.0210	-232.0000	0.0080	0.0000
684	0.0220	0.0430	0.0120	-0.2370	0.0050	0.0000
685	-0.0100	0.0430	0.0120	-0.2370	0.0050	0.0000
686	-0.0210	0.0570	-0.0090	-0.2360	0.0010	0.0000
687	-0.0070	0.0570	-0.0090	-0.2360	0.0010	0.0000
688	-0.0120	0.0210	-0.0210	-0.2420	-0.0090	0.0000
689	0.1250	0.0260	0.0100	-0.2490	-0.0080	0.0000
690	-0.0040	0.0300	-0.0490	-0.2550	-0.0040	0.0000
691	0.0324	0.0300	-0.0490	-0.2550	-0.0040	0.0000
692	-0.0200	0.0360	0.0240	-0.2540	-0.0040	0.0000
693	-0.0290	0.0560	-0.0150	-0.2600	-0.0040	0.0000
694	0.0000	0.0670	-0.0330	-0.2570	-0.0050	0.0000
695	0.0160	0.0410	-0.0060	-0.2590	-0.0020	0.0000
696	-10.0000	0.0150	0.0560	-0.2580	-0.0040	0.0000
697	0.0150	0.0460	-0.0380	-0.2600	-0.0030	0.0000
698	0.0150	0.0460	-0.0380	-0.2600	-0.0030	0.0000
699	-0.0080	0.0490	-0.0400	-0.2620	-0.0120	0.0000
700	-0.0010	0.0680	0.0250	-0.2580	-0.0120	0.0000
701	-0.0040	0.0390	0.0380	-0.2560	-0.0100	0.0000
702	-0.0050	0.0410	-0.0310	-0.2520	-0.0120	0.0000
703	0.0020	0.0370	-0.0180	-0.2530	-0.0090	0.0000
704	-0.0180	0.0260	-0.0030	-0.2520	-0.0090	0.0000
705	-0.0510	0.0530	-0.0340	-0.2550	-0.0080	0.0000
706	-0.0100	0.0550	-0.0340	-0.2570	-0.0030	0.0000
707	-0.0100	0.0440	0.0110	-0.2520	-0.0040	0.0000
708	0.0480	0.0490	0.0070	-0.2510	-0.0054	0.0000
709	-0.0330	0.0650	-0.0210	-0.2530	0.0000	0.0000
710	0.0000	0.0590	-0.1020	-0.2520	0.0000	0.0000
711	-0.0100	0.0290	0.0100	-0.2530	-0.0050	0.0000
712	-0.0160	0.0330	0.0300	-0.2530	-0.0050	0.0000
713	-0.0290	0.0380	-0.0520	-0.2530	0.0060	0.0000
714	-0.0170	0.0310	-0.0210	-0.2560	0.0060	0.0000
715	0.0330	0.0660	-0.0120	-0.2556	-0.0080	0.0000
716	0.0090	0.0810	-0.0090	-0.2580	-0.0050	0.0000
717	-0.0100	0.0510	0.0410	-0.2620	-0.0050	0.0000
718	-0.0010	0.0460	-0.0230	-0.2610	-0.0030	0.0000
719	0.0030	0.0580	-0.0140	0.0000	-0.0030	0.0000
720	-0.0060	0.0440	-0.0480	0.2600	-0.0060	0.0000
721	0.0040	0.0530	-0.0308	0.2600	-0.0060	0.0000
722	-0.0240	0.0350	0.0490	-0.2540	-0.0050	0.0000
723	0.0240	0.0440	-0.0490	-0.2560	-0.0010	0.0000
724	0.0080	0.0600	-0.0430	-0.2580	0.0040	0.0000
725	-0.0050	0.0340	-2.0000	-0.2610	0.0080	0.0000
726	0.0010	0.0430	0.0000	-0.2600	0.0070	0.0000
727	-0.0250	0.1840	0.0130	-0.2620	0.0100	0.0000
728	0.0240	0.0620	0.0000	-0.2610	0.0110	0.0000
729	0.0240	0.0490	-0.0310	-0.2630	0.0100	0.0000
730	-0.0280	0.0470	-0.0150	-0.2660	0.0150	0.0000
731	-0.0150	0.0710	-0.0230	-0.2660	0.0120	0.0000
732	-0.0100	0.0590	-0.0260	-0.2600	0.0120	0.0000
733	0.0060	0.0700	0.0060	-0.2580	0.0170	0.0000
734	-0.0140	0.0140	-0.0150	-0.2580	0.0150	0.0000
735	-0.0300	0.0410	-0.0280	-0.2590	0.0130	0.0000
736	0.0110	0.2030	-0.0110	-0.2580	0.0160	0.0000
737	0.0120	0.0370	-0.0080	-0.2520	0.0130	0.0000
738	0.0260	0.0520	-0.0480	-0.2550	0.0120	0.0000
739	-0.0110	0.0600	0.0460	-0.2980	0.0160	0.0000
740	0.0100	0.0540	-0.0280	-0.2950	0.0210	0.0000
741	0.0040	0.0670	-0.0410	-0.2960	0.0690	0.0000
742	0.0020	0.0740	0.0150	-0.2940	0.0700	0.0000
743	0.0560	0.0610	0.0500	-0.2940	0.0690	0.0000
744	0.0090	0.0480	0.0210	-0.2970	0.0740	0.0000
745	0.0110	0.2120	-0.0310	-0.2980	0.0760	0.0000
746	0.0240	0.0480	0.0030	-0.2910	0.0770	0.0000
747	0.0030	0.0740	-0.0160	-0.2950	0.0780	0.0000
748	0.0070	0.0470	0.0390	-0.2920	0.0750	0.0000
749	0.0240	0.0650	-0.0090	-0.2950	0.0750	0.0000
750	0.0340	0.0680	0.0140	-0.2970	0.0760	0.0000
751	0.0210	0.0580	0.0460	-0.2980	0.0770	0.0000
752	-0.0220	0.0490	-0.0320	-0.2990	0.0740	0.0000
753	0.1340	0.0740	-0.0140	-0.3000	0.0690	0.0000
754	0.0200	0.0520	0.0220	-0.3000	0.0640	0.0000
755	0.0430	0.0480	0.0240	-0.2980	0.0560	0.0000
756	-0.0020	0.0580	-0.0080	-0.2940	0.0510	0.0000
757	0.0310	0.0390	-0.0140	-0.2890	0.0560	0.0000
758	0.0280	0.0720	-0.0080	-0.2940	0.0590	0.0000
759	0.0010	0.0630	-0.0350	-0.2950	0.0570	0.0000
760	-0.0240	0.0420	-0.0450	-0.2970	0.0540	0.0000
761	-0.0140	0.0520	-0.0330	-0.2980	0.0500	0.0000
762	-0.0090	0.0340	-0.0280	-0.3040	0.0570	0.0000
763	0.0050	0.0610	0.0030	-0.3030	0.0610	0.0000
764	-0.0070	0.0490	0.0330	-0.3010	0.0610	0.0000
765	0.0200	0.0580	-0.0450	-0.3050	0.0630	0.0000
766	0.0320	0.0510	0.0070	-0.3080	0.0630	0.0000
767	0.0090	0.0520	-0.0220	-0.3050	0.0630	0.0000
768	0.0000	0.0440	-0.0030	-0.3070	0.0630	0.0000
769	-0.0360	0.0440	0.0080	-0.3110	0.0640	0.0000
770	0.0200	0.0490	-0.0260	-0.3040	0.0660	0.0000
771	-0.0040	0.0410	-0.0030	-0.3070	0.0640	0.0000
772	0.0360	0.0560	0.0270	-0.3080	0.0670	0.0000
773	-0.0090	0.0560	0.0090	-0.3020	0.0660	0.0000
774	0.0090	0.0530	0.0370	-0.3010	0.0660	0.0000
775	0.0100	0.0420	0.0100	-0.2980	0.0660	0.0000
776	0.0270	0.0640	-0.0180	-0.2950	0.0690	0.0000
777	0.0020	0.0500	0.0110	-0.3020	0.0710	0.0000
778	-0.0020	0.0500	-0.0580	-0.3020	0.0750	0.0000
779	0.0050	0.0670	-0.0140	-0.2990	0.0770	0.0000
780	-0.0050	0.0580	0.0180	-0.3020	0.0800	0.0000
781	-0.0010	0.0340	-0.0010	-0.3020	0.0780	0.0000
782	0.0030	0.1990	-0.0530	-0.3040	0.0820	0.0000
783	0.0150	0.0550	-0.0060	-0.3300	0.0820	0.0000
784	0.0270	0.0380	0.0090	-0.3020	0.0077	0.0000
785	-0.0320	0.0530	0.0130	-0.0200	0.0077	0.0000
786	-0.0030	0.0430	-0.0550	-0.3020	0.0820	0.0000
787	0.0050	0.0650	0.0240	0.0000	0.0820	0.0000
788	0.0040	0.0420	0.0060	-0.2990	0.0770	0.0000
789	0.0410	0.0650	-0.0100	-0.2990	0.0770	0.0000
790	0.0100	-0.0880	-0.0190	-304.0000	0.0650	0.0000
791	0.0540	0.0620	-0.0130	-0.3060	0.0650	0.0000
792	0.0160	0.0350	-0.0430	-0.3070	0.0630	0.0000
793	-0.0420	0.0700	-0.0290	0.3060	0.0610	0.0000
794	0.0170	0.0680	0.0190	9.0000	0.0610	0.0000
795	0.0160	0.0550	0.0000	9.0000	0.0610	0.0000
796	0.0400	0.0610	0.0106	-0.3160	0.0560	0.0000
797	-0.0070	0.0560	0.0000	-0.3200	0.0570	0.0000
798	-0.0170	0.0360	-5.0000	-0.3170	0.0510	0.0000
799	-0.0140	-0.0840	0.0460	-0.3220	0.0490	0.0000
800	0.0260	-0.0840	0.0460	-0.3220	0.0490	0.0000
801	0.0150	0.0620	0.1280	-0.3220	0.0520	0.0000
802	0.0050	0.0620	0.1280	-0.3220	0.0520	0.0000
803	0.0100	0.0440	0.0050	-0.2840	0.0530	0.0000
804	0.0100	0.0440	0.0050	-0.2840	0.0530	0.0000
805	-0.0020	53.0000	-0.0200	-0.2860	0.0480	0.0000
806	-0.0040	0.0410	-0.0170	-0.2850	0.0450	0.0000
807	0.0184	0.0410	-0.0170	-0.2850	0.0450	0.0000
808	0.0180	0.0400	-0.0270	-0.2860	0.0430	0.0000
809	0.0180	0.0540	-0.0350	-0.2900	0.0410	0.0000
810	0.0040	0.0450	0.0230	-0.2930	0.0400	0.0000
811	-0.1700	0.0570	-0.0140	-0.2940	0.0340	0.0000
812	-0.0170	0.0510	0.0270	-0.2880	0.0330	0.0000
813	0.0000	0.0410	-0.0050	-0.2900	0.0320	0.0000
814	0.0100	0.0420	0.0450	-0.2890	0.0330	0.0000
815	-0.0230	0.0580	-0.0240	-0.2890	0.0300	0.0000
816	-0.0120	0.0550	-0.0260	-0.2940	0.0310	0.0000
817	0.1050	0.0610	-0.0210	-0.2910	0.0330	0.0000
818	0.0100	-0.0910	0.0030	-0.2920	0.0340	0.0000
819	0.0130	0.0590	0.0030	-0.3010	0.0360	0.0000
820	0.0320	0.0470	-0.0050	-0.3030	0.0350	0.0000
821	-0.0160	0.0530	0.0330	-0.3020	0.0330	0.0000
822	0.0060	0.0470	0.0100	-0.3030	0.0340	0.0000
823	0.0070	0.0700	0.0450	-0.3050	0.0310	0.0000
824	0.0110	0.0430	0.0180	-0.2980	0.0290	0.0000
825	0.0370	0.0470	0.0010	-0.2980	0.0280	0.0000
826	0.0020	0.0610	-0.0360	-0.3010	0.0290	0.0000
827	-0.0050	0.0530	-0.0070	-0.3030	0.0280	0.0000
828	0.0020	0.0690	0.0120	-0.3080	0.0290	0.0000
829	0.0200	0.0580	0.0020	-0.3120	0.0350	0.0000
830	-0.0200	0.0540	-0.0240	-0.3080	0.0370	0.0000
831	-0.0210	0.0410	-0.0220	-0.3030	0.0380	0.0000
832	-0.0160	0.0600	0.0000	-0.3050	0.0350	0.0000
833	0.0310	0.0430	-0.0390	-0.3040	0.0370	0.0000
834	0.0000	0.0720	0.0100	-0.3040	0.0350	0.0000
835	0.0030	0.0440	0.0010	-0.3090	0.0380	0.0000
836	-0.0030	0.0550	0.0120	-0.3080	0.0340	0.0000
837	-0.0270	0.0530	0.0240	-0.3120	0.0290	0.0000
838	0.0090	0.0520	-0.0360	-0.3150	0.0310	0.0000
839	-0.0080	0.0760	0.0140	-0.3620	0.0270	0.0000
840	-0.0020	0.0670	-0.0200	-0.3570	0.0270	0.0000
841	0.0040	0.0630	-0.0380	-0.3530	0.0270	0.0000
842	-0.0140	0.0760	-0.0110	-0.3440	0.0260	0.0000
843	0.0130	0.0760	0.0380	-0.3460	0.0230	0.0000
844	0.0200	0.0660	0.0130	-0.3470	0.0220	0.0000
845	-0.0090	0.0670	-0.0630	-0.3480	0.0140	0.0000
846	-0.0040	0.0550	-0.0390	-0.3460	0.0210	0.0000
847	0.0100	0.0430	-0.0250	-0.3430	0.0230	0.0000
848	0.0350	0.0640	-0.0290	-0.3010	0.0180	0.0000
849	0.0120	0.0550	-0.0120	-0.3010	0.0170	0.0000
850	-0.0040	0.0620	-0.0460	-0.3030	0.0200	0.0000
851	0.0130	0.0700	0.0230	-0.3050	0.0230	0.0000
852	0.0140	0.0780	0.0130	-0.3070	0.0270	0.0000
853	0.0360	0.0240	-0.0090	-0.3100	0.0260	0.0000
854	-0.0300	0.0640	0.0410	-0.3140	0.0330	0.0000
855	0.0060	0.0480	-0.0130	-0.3100	0.0380	0.0000
856	-0.0030	0.0890	-0.0250	-0.3150	0.0350	0.0000
857	-0.0110	0.0430	-0.0020	-0.3140	0.0370	0.0000
858	0.0110	0.0760	-0.0050	-0.3110	0.0410	0.0000
859	0.0500	0.0520	0.0100	-0.3090	0.0440	0.0000
860	0.0280	0.0660	0.0260	-0.3110	0.0450	0.0000
861	0.0250	0.0580	0.0330	-0.3100	0.0440	0.0000
862	0.0080	0.0610	-0.0300	-0.3110	0.0430	0.0000
863	-0.0160	0.0570	-0.0190	-0.3100	0.0410	0.0000
864	0.0070	0.0430	-0.0330	-0.3120	0.0430	0.0000
865	0.0050	0.0620	-0.0060	-0.3110	0.0430	0.0000
866	-0.0030	0.0290	0.0150	-0.3110	0.0420	0.0000
867	0.0160	0.0580	-0.0210	-0.3060	0.0430	0.0000
868	0.0320	0.0650	-0.0440	-0.3060	0.0450	0.0000
869	0.0170	0.0720	0.0470	-0.3070	0.0460	0.0000
870	0.0320	0.0830	0.0200	-0.3080	0.0460	0.0000
871	0.0230	0.0390	-0.0010	-0.3040	0.0470	0.0000
872	0.0090	0.0570	-0.0380	-0.3000	0.0480	0.0000
873	-0.0110	0.0640	0.0290	-0.2980	0.0490	0.0000
874	0.0370	0.0600	-0.0630	-0.2970	0.0510	0.0000
875	-0.0250	0.0410	0.0190	-0.2980	0.0550	0.0000
876	0.0000	0.0510	-0.0300	-0.3020	0.0530	0.0000
877	-0.0200	0.0580	0.0120	-0.2940	0.0470	0.0000
878	0.0100	0.0530	-0.0120	-0.2940	0.0490	0.0000
879	0.0040	0.0300	-0.0150	-0.2930	0.0440	0.0000
880	-0.0080	0.0510	-0.0200	-0.2940	0.0410	0.0000
881	0.0080	0.0720	0.0150	-0.2950	0.0380	0.0000
882	-0.0260	0.0470	0.0300	-0.2980	0.0400	0.0000
883	-0.0090	0.0640	0.0190	-0.3000	0.0440	0.0000
884	0.0280	0.0460	0.0100	-0.3030	0.0450	0.0000
885	0.0090	0.0530	0.0370	-0.3010	0.0450	0.0000
886	-0.0230	0.0500	0.0030	-0.3020	0.0450	0.0000
887	-0.0130	0.0410	-0.0510	-0.2970	0.0470	0.0000
888	0.0030	0.0640	-0.0020	-0.2970	0.0510	0.0000
889	-0.0010	0.0610	0.0100	-0.3030	0.0540	0.0000
890	-0.0160	0.0690	0.0410	-0.3040	0.0540	0.0000
891	-0.0100	0.0390	0.0070	-0.3060	0.0490	0.0000
892	-0.0220	0.0490	0.0000	-0.3090	0.0550	0.0000
893	-0.0050	0.0550	0.0110	-0.3050	0.0540	0.0000
894	0.0250	0.0820	0.0480	-0.3080	0.0560	0.0000
895	0.0270	0.0430	0.0310	-0.3090	0.0570	0.0000
896	-0.0060	0.0460	-0.0160	-0.3150	0.0600	0.0000
897	0.0090	0.0570	0.0120	-0.3180	0.0640	0.0000
898	0.0260	0.0790	-0.0090	-0.3180	0.0620	0.0000
899	-0.0180	0.0750	0.0180	-0.3210	0.0630	0.0000
900	-0.0020	0.0650	0.0070	-0.3210	0.0640	0.0000
901	-0.0140	0.0590	-0.0330	-0.3190	0.0650	0.0000
902	0.0000	0.0570	-0.0210	-0.3160	0.0690	0.0000
903	0.0180	0.0570	0.0240	-0.3140	0.0690	0.0000
904	0.0050	0.0450	-0.0460	-0.3110	0.0700	0.0000
905	0.0010	0.0500	-0.0650	-0.3120	0.0690	0.0000
906	0.0110	0.0530	0.0120	-0.3180	0.0740	0.0000
907	0.0030	0.0500	0.0010	-0.3180	0.0690	0.0000
908	0.0230	0.0620	-0.0210	-0.3150	0.0680	0.0000
909	0.0230	0.0620	-0.0210	-0.3150	0.0680	0.0000
910	0.0040	0.0810	-0.0250	-0.3120	0.0650	0.0000
911	0.0270	0.0500	-0.0230	-0.3100	0.0670	0.0000
912	-0.0320	0.0680	0.0370	-0.3080	0.0690	0.0000
913	-0.0020	0.0460	-0.0160	-0.3040	0.0730	0.0000
914	0.0520	0.0710	-0.0230	-0.3110	0.0690	0.0000
915	0.0040	0.0570	0.0050	-0.3130	0.0700	0.0000
916	-0.0210	0.0590	0.0010	-0.3110	0.0700	0.0000
917	0.0160	0.0480	0.0000	-0.3080	0.0700	0.0000
918	-0.0330	0.0610	0.0140	-0.3100	0.0690	0.0000
919	0.0130	0.0410	-0.0050	-0.3090	0.0700	0.0000
920	0.0060	0.0360	0.0290	-0.3080	0.0720	0.0000
921	-0.0220	0.0540	-0.0020	-0.3180	0.0750	0.0000
922	0.0440	0.0640	0.0080	-0.3140	0.0717	0.0000
923	0.0010	0.0680	0.0560	-0.3120	0.0690	0.0000
924	0.0110	0.0780	0.0440	-0.3100	0.0790	0.0000
925	0.0280	0.0380	-0.0270	-0.3080	0.0700	0.0000
926	-0.0050	0.0620	0.1260	-71.0000	1.5820	0.0000
927	-0.0360	0.0420	-0.0140	0.0710	1.5640	0.0000
928	-0.0280	0.0570	0.0064	-0.3010	0.0760	0.0000
929	0.0260	0.0660	0.0156	-0.3040	0.0730	0.0000
930	0.0520	0.0620	-0.0500	-0.3000	0.0750	0.0000
931	-0.0230	0.0620	0.0260	-0.3000	0.0730	0.0000
932	-0.0010	0.0390	0.0030	-0.2990	0.0690	0.0000
933	0.0340	0.0460	-0.0120	-0.3000	0.0710	0.0000
934	0.0260	0.0650	-0.0360	-0.3000	0.0710	0.0000
935	0.0180	0.0520	0.0090	-0.2904	0.0660	0.0000
936	0.0110	0.0520	0.0090	-0.2904	0.0660	0.0000
937	0.0300	0.0500	-0.0510	-301.0000	0.0680	0.0000
938	-0.0080	0.0660	-51.0000	-301.0000	0.0680	0.0000
939	-0.0160	0.0570	-0.0100	-0.3030	0.0640	0.0000
940	0.0100	0.0670	-0.0100	-0.3030	0.0640	0.0000
941	0.0580	0.0430	-0.0100	-0.3030	0.0640	0.0000
942	0.0020	0.0530	0.0110	-0.3090	0.0680	0.0000
943	0.0020	0.0500	-0.0410	-0.3100	0.0660	0.0000
944	0.0070	0.0560	-0.0320	-0.3110	0.0670	0.0000
945	0.0140	0.0590	-0.0410	-0.3160	0.0660	0.0000
946	0.0330	0.0520	-0.0330	-0.3190	0.0710	0.0000
947	0.0270	0.0520	-0.0330	-0.3190	0.0710	0.0000
948	0.0070	0.0590	0.0070	-0.3250	0.0750	0.0000
949	-0.0800	0.0670	0.0320	-0.3230	0.0700	0.0000
950	0.0000	0.0510	-0.0250	-0.3210	0.0760	0.0000
951	0.0000	0.0510	-0.0250	-0.3210	0.0760	0.0000
952	0.0200	0.0470	0.0280	-0.3190	0.0840	0.0000
953	0.0580	0.0600	0.0280	-0.3190	0.0840	0.0000
954	0.0050	0.0520	-0.0250	-0.3150	0.0810	0.0000
955	-0.0030	0.0200	-0.0250	-0.3150	0.0810	0.0000
956	0.0060	0.0500	0.0000	-0.3150	0.0810	0.0000
957	0.0130	0.0500	0.0000	-0.3150	0.0810	0.0000
958	0.0230	0.0720	0.0500	-0.3110	0.0820	0.0000
959	0.0350	0.0720	0.0500	-0.3110	0.0820	0.0000
960	0.1250	0.0770	0.0200	-0.3090	0.0790	0.0000
961	0.0140	0.0730	-0.0020	-0.3040	0.0780	0.0000
962	-0.0400	0.0610	0.0160	-0.3080	0.0790	0.0000
963	0.0040	0.0630	0.0370	-0.3050	0.0760	0.0000
964	0.0090	0.0470	-0.0040	-0.3000	0.0780	0.0000
965	-0.0160	0.0710	-0.0150	-0.3030	0.0800	0.0000
966	-0.0010	0.0580	0.0170	-0.3010	0.0780	0.0000
967	0.0014	0.0650	0.0320	-0.2990	0.0760	0.0000
968	-0.0200	0.0330	-0.0430	-0.2980	0.0770	0.0000
969	0.0170	0.0000	-0.0170	-0.3020	0.0790	0.0000
970	0.0170	0.0000	-0.0170	-0.3020	0.0790	0.0000
971	-0.0040	0.0480	0.0230	-0.3080	0.0760	0.0000
972	-0.0040	0.0480	0.0230	-0.3080	0.0760	0.0000
973	-0.0130	0.0420	0.0250	-0.3080	0.0760	0.0000
974	0.0570	0.0450	-0.0210	-0.3070	0.0700	0.0000
975	0.0200	0.0650	0.0140	-0.3100	0.0000	0.0000
976	-0.0020	0.0750	-0.0210	-0.3100	1.3970	0.0000
977	0.0130	0.0650	0.0140	-0.3031	0.0680	0.0000
978	0.0500	0.0610	0.0500	-0.3060	0.0660	0.0000
979	-0.0110	0.0610	-0.0400	-4.0000	0.0630	0.0000
980	-0.0380	0.0530	0.0250	-0.3000	0.0650	0.0000
981	-0.0110	0.0670	0.0310	-0.2960	0.0650	0.0000
982	0.0330	0.0410	0.0090	-0.2960	0.0650	0.0000
983	0.0080	0.0740	0.0000	-0.2960	0.0650	0.0000
984	0.0260	0.0610	-0.0030	-0.3010	0.0660	0.0000
985	0.0290	0.0650	0.0019	-0.3000	0.0680	0.0000
986	0.0280	0.0600	0.0420	-0.3010	0.0730	0.0000
987	0.0180	0.0570	-0.0330	0.3030	0.0760	0.0000
988	-0.0280	0.0400	0.0330	0.3030	0.0760	0.0000
989	0.0110	0.0470	0.0330	0.3030	0.0760	0.0000
990	0.0240	0.0670	-0.0090	-0.3090	0.0780	0.0000
991	-0.0040	0.0700	-0.0300	-0.3080	0.0760	0.0000
992	0.0020	0.0000	-0.0180	-0.3060	0.0750	0.0000
993	0.0020	0.0000	-0.0180	-0.3060	0.0750	0.0000
994	0.0280	0.0660	0.0470	-0.3060	0.0770	0.0000
995	-0.0110	0.0590	-0.0100	0.0820	1.3600	0.0000
996	0.0010	0.0500	-0.0015	-0.3030	0.0760	0.0000
997	-0.0050	0.0600	-0.3000	-0.3020	0.0790	0.0000
998	0.0270	0.0490	0.0000	-0.3040	0.0810	0.0000
999	0.0120	0.0680	-0.0240	-0.3000	0.0840	0.0000
1000	0.0260	0.0460	-0.0110	-0.3010	0.0800	0.0000
1001	-0.0110	0.0600	-0.3030	0.0810	1.2780	0.0000
1002	0.0140	0.0660	0.0050	-0.3030	0.0810	0.0000
1003	0.0030	0.0400	-0.0040	-0.3030	0.0780	0.0000
1004	0.0190	0.0450	0.0210	-0.3000	0.0760	0.0000
1005	0.0090	0.0490	0.0120	-0.3060	0.0760	0.0000
1006	0.0290	0.0560	-0.0040	-0.3080	0.0770	0.0000
1007	0.0020	0.0730	-0.0370	-0.3060	0.0790	0.0000
1008	-0.0060	0.0500	-0.0370	-0.3060	0.0790	0.0000
1009	0.0060	0.0458	-0.0150	-0.3110	0.0830	0.0000
1010	0.0320	0.0490	-0.0030	-0.3080	0.0900	0.0000
1011	0.0110	0.0530	0.0060	-0.3090	0.0840	0.0000
1012	0.0220	0.0510	0.0040	-0.3110	0.0770	0.0000
1013	0.0130	0.0510	0.0050	-0.3080	0.0800	0.0000
1014	-0.0030	-0.0210	-0.3060	0.0810	1.6590	0.0000
1015	0.0403	0.0470	-0.0390	-0.3090	0.0810	0.0000
1016	0.0420	0.0640	0.0170	-0.3080	0.0810	0.0000
1017	0.0140	0.0620	0.0080	-0.3100	0.0800	0.0000
1018	-45.0000	0.0650	-0.0810	-0.3010	0.0790	0.0000
1019	-0.0170	0.0510	-0.0240	-0.3010	0.0770	0.0000
1020	0.0130	0.0590	0.0320	-0.3030	0.0790	0.0000
1021	0.0390	0.0500	0.0370	-0.3000	0.0770	0.0000
1022	0.0010	0.0600	-0.0370	-0.2980	0.0750	0.0000
1023	0.1300	0.0410	-0.0230	-0.3000	0.0710	0.0000
1024	0.0120	0.0480	0.0230	-0.3000	0.0670	0.0000
1025	0.0060	0.0600	0.0290	-0.3030	0.0700	0.0000
1026	0.0120	0.0490	0.0160	-0.3040	0.0710	0.0000
1027	-0.0110	0.0580	0.0220	-0.3000	0.0720	0.0000
1028	0.0140	0.0610	0.0290	-0.3000	0.0690	0.0000
1029	0.0120	0.0360	0.0160	-0.2980	0.0650	0.0000
1030	-0.0050	0.0500	-0.0180	-0.2990	0.0630	0.0000
1031	-0.0010	0.0420	-0.0310	-0.2950	0.0590	0.0000
1032	0.0020	0.0690	0.0290	-0.3000	0.0590	0.0000
1033	0.0030	0.0630	0.0340	-0.2990	0.0600	0.0000
1034	0.0340	0.0480	0.0410	-0.3020	0.0640	0.0000
1035	-0.0130	0.0490	0.0360	-0.3040	0.0660	0.0000
1036	-0.0090	0.0580	-0.0180	-0.3040	0.0620	0.0000
1037	0.0130	0.0600	-0.0170	-0.3050	0.0650	0.0000
1038	-0.0020	0.0590	-0.0030	-0.3080	0.0660	0.0000
1039	-0.0110	0.0270	-0.0360	-0.3060	0.0660	0.0000
1040	0.0390	0.0590	0.0020	-0.3050	0.0700	0.0000
1041	0.0170	0.0570	0.0190	-0.3020	0.0710	0.0000
1042	0.0350	0.0530	0.0150	-0.2960	0.0740	0.0000
1043	-0.0160	0.1970	0.0210	-0.2990	0.0790	0.0000
1044	-0.0220	0.0510	-0.0400	-0.2910	0.0840	0.0000
1045	0.0150	0.0670	0.0160	-0.2930	0.0860	0.0000
1046	0.0210	0.0480	0.0060	-0.2930	0.0820	0.0000
1047	0.0110	0.0620	-0.0770	-0.2960	0.0850	0.0000
1048	0.0310	0.0760	-0.0260	-0.2970	0.1330	0.0000
1049	0.0400	0.0710	0.0060	-0.2920	0.1300	0.0000
1050	0.0090	0.0640	0.0260	-0.2930	0.1270	0.0000
1051	0.0200	0.0720	-0.0200	-0.2940	0.1300	0.0000
1052	0.0110	0.0520	-0.0460	-0.2930	0.1260	0.0000
1053	0.0120	0.0470	-0.0170	-0.2960	0.1290	0.0000
1054	0.0220	0.0650	-0.0600	-0.2940	0.1320	0.0000
1055	-0.0020	0.0370	-0.0080	-0.2910	0.1360	0.0000
1056	0.0270	0.0470	-0.0350	-0.2870	0.1390	0.0000
1057	0.0260	0.0450	-0.0380	-0.2870	0.1410	0.0000
1058	0.0290	0.0730	0.0200	-0.2830	0.1450	0.0000
1059	0.0240	0.0320	0.0040	-0.2830	0.1450	0.0000
1060	0.0420	0.0450	-0.0300	-0.2830	0.1450	0.0000
1061	0.0110	-0.0890	-0.0080	-0.2850	0.1450	0.0000
1062	0.0120	0.0430	-0.0130	-0.2910	0.1410	0.0000
1063	-0.0110	0.0650	-0.0410	-0.2930	0.1410	0.0000
1064	0.0370	0.0460	-0.0430	-0.2980	0.1470	0.0000
1065	0.0050	0.0680	-0.0220	-0.2940	0.1450	0.0000
1066	0.0250	0.0340	0.0030	-0.2970	0.1430	0.0000
1067	-0.0220	0.0220	-0.0220	-0.2960	0.1430	0.0000
1068	0.0140	0.0460	0.0440	-0.2940	0.1470	0.0000
1069	0.0180	0.0400	-0.0600	-0.2960	0.1460	0.0000
1070	0.0360	0.0550	0.0000	-0.3000	0.1460	0.0000
1071	0.0600	0.0470	0.0280	-0.3010	0.1460	0.0000
1072	0.0660	0.0120	-0.0410	-0.2990	0.1350	0.0000
1073	0.0360	0.0550	-0.0390	-0.2980	0.1270	0.0000
1074	0.0170	0.0450	-0.0090	-0.2960	0.1180	0.0000
1075	0.0320	0.0550	0.0200	-0.3000	0.1170	0.0000
1076	0.0180	0.0450	-0.0480	-0.3020	0.1160	0.0000
1077	0.0060	0.0260	-0.0190	-0.3040	0.1160	0.0000
1078	0.0050	0.0560	-0.0020	-0.3050	0.1140	0.0000
1079	0.0490	0.0420	0.0300	-0.3040	0.1140	0.0000
1080	0.0040	0.0680	-0.0210	-0.3020	0.1170	0.0000
1081	-0.0020	0.0640	-0.0090	-0.3030	0.1130	0.0000
1082	0.0250	0.0460	0.0330	-0.3000	0.1120	0.0000
1083	0.0320	0.0710	-0.0040	-0.3010	0.1090	0.0000
1084	0.0050	0.0330	0.0400	-0.3010	0.1100	0.0000
1085	-0.0020	0.0280	-0.0240	-0.3020	0.1030	0.0000
1086	0.0160	0.0560	-0.0370	-0.2970	0.1080	0.0000
1087	0.0260	0.0700	0.0410	-0.2980	0.1090	0.0000
1088	0.0600	0.0570	0.0180	-0.2950	0.1070	0.0000
1089	0.0090	0.0660	-0.0310	-0.2900	0.1060	0.0000
1090	0.0120	0.0550	-0.0180	-0.2890	0.1060	0.0000
1091	0.0350	0.0590	0.0380	-0.2910	0.1080	0.0000
1092	0.0320	0.0600	0.0100	-0.2930	0.1070	0.0000
1093	0.0110	0.0480	0.0010	-0.2930	0.1050	0.0000
1094	-0.0030	0.0440	-0.0210	-0.2950	0.1030	0.0000
1095	0.0140	0.0630	0.0120	-0.2930	0.1030	0.0000
1096	0.0090	0.0440	0.0270	-0.2950	0.1070	0.0000
1097	0.0400	0.0420	0.0160	-0.2960	0.1100	0.0000
1098	0.0190	0.0390	0.0370	-0.2950	0.1060	0.0000
1099	0.0190	0.0680	-0.0020	-0.2960	0.1060	0.0000
1100	0.0210	0.0530	0.0320	-0.2910	0.1100	0.0000
1101	0.0280	0.0320	0.0220	-0.2890	0.1090	0.0000
1102	0.0100	0.0280	-0.0210	-0.2880	0.1050	0.0000
1103	0.0400	0.0540	-0.0300	-0.2890	0.1000	0.0000
1104	0.0200	0.0670	0.0360	-0.2890	0.0990	0.0000
1105	0.0260	0.0400	0.0150	-0.2980	0.0980	0.0000
1106	0.0210	0.0550	-0.0490	-0.3000	0.0990	0.0000
1107	0.0060	0.0420	0.0070	-0.2980	0.1010	0.0000
1108	-0.0160	0.0590	0.0240	-0.2990	0.1030	0.0000
1109	0.0360	0.0600	0.0220	-0.2990	0.1060	0.0000
1110	0.0120	0.0480	-0.0110	-0.3030	0.1070	0.0000
1111	-0.0160	0.0470	0.0180	-0.3030	0.1050	0.0000
1112	0.0210	0.0630	0.0150	-0.3010	0.1060	0.0000
1113	0.0340	0.0600	0.0190	-0.2990	0.1050	0.0000
1114	0.0580	0.0470	-0.0140	-0.2980	0.1020	0.0000
1115	0.0480	0.0520	-0.0210	-0.2950	0.1020	0.0000
1116	-0.0010	0.0470	-0.0090	-0.2960	0.0980	0.0000
1117	0.0160	0.0720	0.0140	-0.2930	0.0940	0.0000
1118	0.0180	0.0580	-0.0090	-0.2950	0.0910	0.0000
1119	0.0300	0.0420	-0.0120	-0.2970	0.0890	0.0000
1120	0.0300	0.0420	-0.0120	-0.2970	0.0890	0.0000
1121	0.0230	0.0730	0.0190	-0.2930	0.0940	0.0000
1122	-0.0170	0.0430	-0.0130	-0.2900	0.0930	0.0000
1123	0.0360	0.0430	-0.0220	-0.2900	0.0920	0.0000
1124	0.0310	0.0550	-0.0290	-0.2910	0.0910	0.0000
1125	0.0300	0.0550	-0.0440	-0.2910	0.0920	0.0000
1126	0.0400	0.0590	-0.0170	-0.2900	0.0900	0.0000
1127	0.0070	0.0530	-0.0190	-0.2900	0.0900	0.0000
1128	-0.0040	0.0300	-0.0030	-0.2900	0.0880	0.0000
1129	0.0010	0.0420	0.0250	-0.2890	0.0860	0.0000
1130	0.0360	0.0680	0.0230	-0.2880	0.0880	0.0000
1131	-0.0210	0.0470	-0.0150	-0.2860	0.0820	0.0000
1132	0.0020	0.0510	-0.0530	-0.2880	0.0830	0.0000
1133	-0.0030	0.0360	-0.0350	-0.2810	0.0830	0.0000
1134	0.0500	0.0510	-0.0040	-0.2810	0.0890	0.0000
1135	-0.0190	0.0470	-0.0310	-0.2820	0.0860	0.0000
1136	0.0280	0.0390	-0.0330	-0.2850	0.0860	0.0000
1137	0.0140	0.0390	-0.0280	-0.2850	0.0820	0.0000
1138	0.0490	0.0490	0.0400	-0.2830	0.0850	0.0000
1139	-0.0060	0.0430	0.0180	-0.2780	0.0770	0.0000
1140	0.0130	0.0350	-0.0360	-0.2750	0.0790	0.0000
1141	0.0100	0.0370	-0.0240	-0.2770	0.0740	0.0000
1142	-0.0230	0.0490	-0.0140	-0.2770	0.0760	0.0000
1143	0.0040	0.0440	-0.0350	-0.2780	0.0820	0.0000
1144	0.0150	0.0530	0.0110	-0.2740	0.0870	0.0000
1145	-0.0010	0.0360	0.0320	-0.2740	0.0840	0.0000
1146	0.0180	0.0260	0.0110	-0.2800	0.0830	0.0000
1147	0.0110	0.0750	0.0490	-0.2810	0.0850	0.0000
1148	0.0130	0.0670	-0.0050	-0.2770	0.0820	0.0000
1149	0.0090	0.0450	-0.0340	-0.2760	0.0810	0.0000
1150	0.1280	0.0520	-0.0320	-0.2770	0.0860	0.0000
1151	0.0270	0.0350	-0.0120	-0.2830	0.0860	0.0000
1152	0.0110	0.0820	-0.0300	-0.2870	0.0870	0.0000
1153	0.0140	0.0630	0.0010	-0.2840	0.0860	0.0000
1154	0.0020	0.0740	-0.0030	-0.2850	0.0820	0.0000
1155	0.0320	0.0570	0.0010	-0.2780	0.0830	0.0000
1156	0.0150	0.0570	0.0310	-0.2740	0.0810	0.0000
1157	0.0150	0.0550	0.0250	-0.2770	0.0820	0.0000
1158	-0.0050	0.0440	-0.0370	-0.2770	0.0760	0.0000
1159	-0.0090	0.0520	0.0160	-0.2770	0.0760	0.0000
1160	0.0140	0.0460	0.0100	-0.2750	0.0770	0.0000
1161	0.0200	0.2100	-0.0260	-0.2790	0.0810	0.0000
1162	0.0570	0.0490	-0.0080	-0.2750	0.0830	0.0000
1163	-0.0230	0.0610	-0.0060	-0.2770	0.0800	0.0000
1164	0.0230	0.0670	-0.0140	-0.2770	0.0810	0.0000
1165	0.0210	0.0640	0.0100	-0.2790	0.0760	0.0000
1166	0.0150	0.0290	-0.0210	-0.2770	0.0730	0.0000
1167	0.0230	0.0490	0.0360	-0.2790	0.0710	0.0000
1168	0.0110	0.0690	0.0060	-0.2810	0.0710	0.0000
1169	0.0220	0.0660	-0.0380	-0.2790	0.0760	0.0000
1170	0.0150	0.0470	0.0130	-0.2660	0.0770	0.0000
1171	-0.0090	0.0410	0.0250	-0.2680	0.0730	0.0000
1172	0.0180	0.0440	-0.0170	-0.2650	0.0750	0.0000
1173	0.0060	0.0340	-0.0210	-0.2650	0.0710	0.0000
1174	-0.0160	0.0290	-0.0480	-0.2680	0.0730	0.0000
1175	0.0190	0.0450	0.0060	-0.2670	0.0730	0.0000
1176	0.0040	0.0490	0.0490	-0.2690	0.0750	0.0000
1177	-0.1580	0.0470	-0.0140	-0.2750	0.0760	0.0000
1178	-0.0100	-0.0850	-0.0300	-0.2720	0.0810	0.0000
1179	-0.0120	0.0380	0.0280	-0.2750	0.0790	0.0000
1180	-0.0020	0.0530	0.0370	-0.2760	0.0800	0.0000
1181	0.0280	0.0450	-0.0290	-0.2730	0.0780	0.0000
1182	-0.0170	0.0470	0.0160	-0.2730	0.0730	0.0000
1183	0.0120	0.0460	-0.0020	-0.2780	0.1200	0.0000
1184	0.0190	0.0520	0.0130	-0.2760	0.1250	0.0000
1185	0.0300	0.0560	0.0470	-0.2810	0.1260	0.0000
1186	0.0520	0.0420	0.0040	-0.2830	0.1290	0.0000
1187	0.0220	0.0450	-0.0200	-0.2810	0.1260	0.0000
1188	0.0270	0.0520	0.0150	-0.2800	0.1240	0.0000
1189	0.0270	0.0690	-0.0240	-0.2770	0.1200	0.0000
1190	0.0410	0.0410	-0.0120	-0.2760	0.1220	0.0000
1191	0.0270	0.0510	-0.0230	-0.2730	0.1210	0.0000
1192	0.0300	0.0420	0.0190	-0.2730	0.1220	0.0000
1193	0.0420	0.0560	0.0300	-0.2720	0.1220	0.0000
1194	0.0300	0.0610	0.0360	-0.2680	0.1220	0.0000
1195	0.0270	0.0430	-0.0320	-0.2660	0.1200	0.0000
1196	0.0060	0.0380	0.0210	-0.2680	0.1210	0.0000
1197	0.0070	0.0480	-0.0140	-0.2710	0.1220	0.0000
1198	0.0470	0.0540	-0.0170	-0.2720	0.1230	0.0000
1199	0.0270	0.0470	-0.0310	-0.2670	0.1210	0.0000
1200	0.0360	0.0440	-0.0120	-0.2680	0.1190	0.0000
1201	0.0350	0.0550	-0.0070	-0.2710	0.1200	0.0000
1202	0.0210	0.0520	0.0320	-0.2760	0.1200	0.0000
1203	-0.0160	0.0510	0.0150	-0.2790	0.1160	0.0000
1204	-0.0020	0.0610	-0.0480	-0.2790	0.1160	0.0000
1205	0.0310	0.0720	0.0190	-0.2770	0.1170	0.0000
1206	0.0000	0.0330	0.0000	-0.2740	0.1180	0.0000
1207	0.0430	0.0350	-0.0350	-0.2700	0.1200	0.0000
1208	0.0010	0.0370	-0.0250	-0.2740	0.1210	0.0000
1209	0.0180	0.0600	0.0040	-0.2710	0.1200	0.0000
1210	0.0110	0.0380	0.0170	-0.2710	0.1210	0.0000
1211	0.0330	0.0490	0.0450	-0.2700	0.1240	0.0000
1212	-0.0020	0.0700	0.0000	-0.2760	0.1240	0.0000
1213	0.0160	0.0670	-0.0050	-0.2740	0.1220	0.0000
1214	0.0210	0.0430	-0.0010	-0.2750	0.1250	0.0000
1215	0.0080	0.0580	0.0060	-0.2710	0.1250	0.0000
1216	0.0290	0.0770	-0.0040	-0.2730	0.1260	0.0000
1217	-0.0060	0.0390	-0.0080	-0.2700	0.1280	0.0000
1218	0.0240	0.0310	0.0080	-0.2670	0.1250	0.0000
1219	0.0110	0.0740	0.0080	-0.2660	0.1240	0.0000
1220	-0.0100	0.0280	-0.0190	-0.2660	0.1240	0.0000
1221	-0.0120	0.0480	-0.0310	-0.2690	0.1350	0.0000
1222	0.0390	0.0590	0.0230	-0.2710	0.1340	0.0000
1223	0.0050	0.2100	0.0430	-0.2720	0.1330	0.0000
1224	0.0330	0.0550	-0.0850	-0.2660	0.1300	0.0000
1225	-0.0050	0.0540	0.0120	-0.2650	0.1290	0.0000
1226	-0.0120	0.0490	-0.0130	-0.3110	0.1320	0.0000
1227	0.0310	0.0750	0.0320	-0.3090	0.1340	0.0000
1228	0.0150	0.0370	-0.0520	-0.3060	0.1360	0.0000
1229	0.0530	0.0260	-0.0270	-0.3030	0.1360	0.0000
1230	0.0070	0.0730	0.0220	-0.3030	0.1360	0.0000
1231	0.0390	0.0470	0.0240	-0.3020	0.1380	0.0000
1232	0.0410	0.0540	0.0220	-0.3090	0.1480	0.0000
1233	0.0060	0.0390	-0.0020	-0.3090	0.4000	0.0000
1234	0.0170	0.0580	0.0240	-0.3070	0.0000	0.0000
1235	0.0090	0.0710	0.0030	-0.3130	0.1460	0.0000
1236	0.0180	0.0680	0.0170	-0.3120	0.1430	0.0000
1237	0.0040	0.0580	-0.0120	-0.3000	0.1430	0.0000
1238	0.0180	0.0380	-0.0360	-0.3050	0.1480	0.0000
1239	0.0370	0.0380	0.0100	-0.3004	0.1470	0.0000
1240	0.0320	0.0710	0.0350	-0.3010	0.1480	0.0000
1241	0.0600	0.0480	-0.0210	-300.0000	0.1500	0.0000
1242	0.0540	0.0440	-0.0320	-0.2980	0.1480	0.0000
1243	0.0350	0.0430	-0.0220	-0.3010	0.1470	0.0000
1244	0.0150	0.0650	-0.0440	-0.3010	0.1470	0.0000
1245	0.0040	0.0540	-0.0240	-0.3080	0.1470	0.0000
1246	0.0340	0.0500	-0.0200	-0.3020	0.1460	0.0000
1247	0.0260	0.0710	0.0033	-0.2990	0.1480	0.0000
1248	0.0330	0.0710	0.0370	-0.3020	0.1470	0.0000
1249	0.0710	0.0630	-0.0290	-0.3030	0.1500	0.0000
1250	0.0110	0.0390	-0.0130	-0.2970	0.1530	0.0000
1251	0.0000	0.0530	-0.0130	-0.2970	0.1530	0.0000
1252	0.0000	0.0430	0.0050	-0.2910	0.1580	0.0000
1253	0.0100	0.0470	0.0250	-0.2910	0.1590	0.0000
1254	0.0100	0.0610	-0.0090	-0.2890	0.1550	0.0000
1255	0.0350	0.0570	-0.0290	-0.2860	0.1550	0.0000
1256	0.0290	0.0460	0.0520	-0.2840	0.1550	0.0000
1257	0.0270	0.0460	0.0520	-0.2840	0.1550	0.0000
1258	0.0270	0.0680	-0.0130	-0.2870	0.1570	0.0000
1259	0.0250	0.0450	-0.0130	-0.2890	0.1580	0.0000
1260	0.0320	0.0540	0.0020	-0.2840	0.1560	0.0000
1261	0.0390	0.0390	0.0000	-0.2820	0.1560	0.0000
1262	0.0560	0.0600	0.0220	-0.2840	0.1570	0.0000
1263	0.0020	0.0620	-0.0260	-0.2820	0.1590	0.0000
1264	0.0190	0.0490	-0.0570	-0.2810	0.1560	0.0000
1265	0.0430	0.0640	0.0310	-0.2830	0.1530	0.0000
1266	0.0520	0.0490	0.0060	-0.2810	0.1480	0.0000
1267	0.0220	0.0440	0.0190	-0.2790	0.1440	0.0000
1268	0.0200	0.0420	-0.0500	-0.2800	0.1420	0.0000
1269	0.0050	0.0440	-0.0190	-0.2800	0.1360	0.0000
1270	0.0400	0.0480	-0.0480	-0.2720	0.1340	0.0000
1271	0.0140	0.0460	-0.0210	-0.2690	0.1280	0.0000
1272	0.0310	0.0590	-0.0110	-0.2700	0.1290	0.0000
1273	0.0170	0.0470	0.0060	-0.2700	0.1280	0.0000
1274	0.0120	0.0490	0.0100	-0.2740	0.1270	0.0000
1275	0.0190	0.0490	0.0460	-0.2750	0.1300	0.0000
1276	0.0170	0.0350	-0.0360	-0.2710	0.1270	0.0000
1277	0.0130	0.0600	0.0230	-0.2730	0.1260	0.0000
1278	0.0350	0.0480	0.0200	-0.2710	0.1250	0.0000
1279	0.0240	0.0440	-0.0370	-0.2720	0.1220	0.0000
1280	0.0250	0.0610	-0.0230	-0.2680	0.1180	0.0000
1281	0.0430	0.0370	0.0040	-0.2630	0.1180	0.0000
1282	0.0500	0.0560	0.0520	-0.2640	0.1260	0.0000
1283	-0.0070	0.0430	-0.0450	-0.2660	0.1230	0.0000
1284	0.0160	0.0650	-0.0510	-0.2670	0.1270	0.0000
1285	0.0370	0.0640	0.0330	-0.2720	0.1230	0.0000
1286	0.0020	0.0400	-0.0010	-0.2730	0.1220	0.0000
1287	0.0520	0.0490	0.0350	-0.2730	0.1240	0.0000
1288	0.0170	0.0640	-0.0600	-0.2730	0.1220	0.0000
1289	0.0170	0.0640	-0.0600	-0.2730	0.1220	0.0000
1290	0.0390	0.0200	0.0320	-0.2720	0.1220	0.0000
1291	0.0170	0.0700	0.0200	-0.2700	0.1220	0.0000
1292	0.0150	0.0500	-0.0430	-0.2660	0.1240	0.0000
1293	0.0010	0.0320	-0.0330	-0.2640	0.1220	0.0000
1294	-0.0080	0.0330	-0.0220	-0.2590	0.1220	0.0000
1295	0.0240	0.0570	-0.0070	-0.2610	0.1220	0.0000
1296	0.0410	0.1950	-0.0420	-0.2550	0.1310	0.0000
1297	0.0220	0.0370	-0.0370	-0.2510	0.1320	0.0000
1298	0.0340	0.0520	0.0380	-0.2470	0.1290	0.0000
1299	0.0120	0.0450	-0.0140	-0.2480	0.1310	0.0000
1300	0.0150	0.0380	-0.0770	-0.2480	0.1300	0.0000
1301	-0.0060	0.0390	-0.0030	-0.2500	0.1300	0.0000
1302	0.0340	0.0410	-0.0390	-0.2430	0.1300	0.0000
1303	0.0030	0.0430	0.0420	-0.2440	0.1260	0.0000
1304	0.0150	0.0490	0.0280	-0.2390	0.1310	0.0000
1305	0.0360	0.1960	0.0290	-0.2380	0.1320	0.0000
1306	0.0290	0.0300	-0.0420	-0.2800	0.1320	0.0000
1307	0.0310	0.0250	-0.0120	-0.2370	0.1310	0.0000
1308	0.0010	0.0460	0.0240	0.0000	0.1310	0.0000
1309	0.0070	0.0310	-0.0510	-0.2400	0.1180	0.0000
1310	-0.0020	0.0340	-0.0190	0.2400	0.1180	0.0000
1311	0.0090	0.0370	-0.0220	-0.2340	0.0740	0.0000
1312	0.0000	0.0540	0.0332	-0.2340	0.0740	0.0000
1313	0.0220	0.0520	0.0130	-0.2200	0.0760	0.0000
1314	0.0400	0.1830	-0.0150	-0.2400	0.0780	0.0000
1315	0.0040	0.0450	-0.0060	-0.2240	0.0810	0.0000
1316	0.0110	0.0530	0.0060	-0.2260	0.0860	0.0000
1317	-0.0060	0.0240	-0.0220	-0.2260	0.0820	0.0000
1318	0.0330	0.0530	0.0180	-0.2280	0.0860	0.0000
1319	-0.0040	0.0470	-0.0110	-0.2240	0.0830	0.0000
1320	0.0220	0.0360	0.0000	-0.2210	0.0840	0.0000
1321	0.0350	0.0540	-0.0090	-0.2200	0.0860	0.0000
1322	-0.0180	0.0250	-0.0400	-0.2200	0.0780	0.0000
1323	-0.0060	0.0310	-0.0290	-0.2150	0.0780	0.0000
1324	0.0110	0.0390	0.0190	-0.2120	0.0760	0.0000
1325	0.0150	0.0440	-0.0140	-0.2110	0.0770	0.0000
1326	0.0190	0.0570	-0.0180	-0.2080	0.0740	0.0000
1327	-0.0030	0.0420	0.0090	-0.2010	0.0690	0.0000
1328	0.0290	0.0200	0.0100	-0.1960	0.0710	0.0000
1329	-0.0110	0.0260	0.0300	-0.1970	0.0670	0.0000
1330	-0.1010	0.0370	-0.0200	-0.2000	0.0670	0.0000
1331	0.0160	0.0310	-0.0140	-0.1950	0.0670	0.0000
1332	0.0010	0.0190	-0.0160	-0.1970	0.0700	0.0000
1333	0.0160	0.0360	-0.0190	-0.2070	0.0710	0.0000
1334	-0.0040	0.0560	-0.0280	-0.2060	0.0710	0.0000
1335	0.0160	0.0340	-0.0020	-0.2030	0.0690	0.0000
1336	0.0390	0.0370	0.0670	-0.2020	0.0640	0.0000
1337	0.0360	0.0430	0.0240	-0.2030	0.0640	0.0000
1338	0.0160	0.0530	0.0150	-0.2020	0.0610	0.0000
1339	-0.0050	0.0490	-0.0480	-0.2010	0.0550	0.0000
1340	-0.0110	0.0340	-0.0580	-0.1980	0.0580	0.0000
1341	0.0000	0.0220	0.0160	-0.1940	0.0590	0.0000
1342	-0.0070	0.0520	-0.0150	-0.1930	0.0590	0.0000
1343	0.0070	0.0410	0.0060	-0.1940	0.0630	0.0000
1344	0.0240	0.0370	0.0120	-0.1950	0.0620	0.0000
1345	0.0390	0.0380	-0.0110	-0.1980	0.0630	0.0000
1346	-0.0050	0.0100	-0.0100	-0.1990	0.0630	0.0000
1347	-0.0210	0.0610	0.0220	-0.1980	0.0610	0.0000
1348	0.0370	0.0480	0.0190	-0.1950	0.0640	0.0000
1349	0.0370	0.0480	0.0190	-0.1950	0.0640	0.0000
1350	0.0250	0.0210	-0.0440	-0.1910	0.0660	0.0000
1351	0.0060	0.0250	-0.0040	-0.1940	0.0670	0.0000
1352	-0.0100	0.0190	-0.0450	-0.1990	0.0710	0.0000
1353	0.0410	0.0300	0.0060	-0.2030	0.0700	0.0000
1354	0.0050	0.0240	-0.0080	-0.2000	0.0690	0.0000
1355	-0.0260	0.0320	-0.0790	-0.2000	0.0670	0.0000
1356	0.0180	0.0240	-0.0400	-0.2010	0.0650	0.0000
1357	0.0250	0.0370	-0.0120	-0.2020	0.0650	0.0000
1358	-0.0120	0.0410	-0.0160	-0.1990	0.0660	0.0000
1359	0.0100	0.0350	0.0520	-0.2070	0.0700	0.0000
1360	0.0570	0.0540	-0.0470	-0.2080	0.0660	0.0000
1361	0.0220	0.0400	0.0030	-0.2120	0.0640	0.0000
1362	0.0170	0.0440	0.0250	-0.2150	0.0660	0.0000
1363	0.0480	0.0270	-0.0600	-0.2200	0.0680	0.0000
1364	0.0030	0.0260	-0.0610	-0.2250	0.0680	0.0000
1365	0.0480	0.0370	0.0200	-0.2260	0.0670	0.0000
1366	0.1310	0.0320	0.0060	-0.2330	0.0740	0.0000
1367	0.0340	0.0250	-0.0150	-0.2380	0.0670	0.0000
1368	0.0160	0.0440	-0.0600	-0.2370	0.0650	0.0000
1369	0.0420	0.0390	0.0500	-0.2380	0.0630	0.0000
1370	0.0230	0.0540	-0.0140	-0.2330	0.0610	0.0000
1371	0.0010	0.0370	-0.0590	-0.2380	0.0650	0.0000
1372	-0.0020	0.0320	-0.0180	-0.2390	0.0500	0.0000
1373	0.0410	0.0530	0.0150	-0.2380	0.0710	0.0000
1374	0.0160	0.0450	-0.0020	-0.2370	71.0000	0.0000
1375	-0.0400	0.0230	-0.0130	-0.2360	0.0690	0.0000
1376	0.0130	0.1780	-0.0210	-0.2406	0.0690	0.0000
1377	0.0040	0.0530	0.0020	-0.2380	0.0693	0.0000
1378	0.0400	0.0200	-0.0200	-0.2800	0.0693	0.0000
1379	-0.0060	0.0410	0.0150	-0.2320	0.0710	0.0000
1380	0.0090	0.0550	-0.0390	-0.2320	0.0710	0.0000
1381	0.0020	0.0380	-0.0460	-0.2350	0.0750	0.0000
1382	0.0440	0.0560	0.0260	0.0000	0.0750	0.0000
1383	0.0020	0.0430	0.0030	-0.2290	0.0680	0.0000
1384	-0.0060	0.0360	0.0020	0.0690	-0.7930	0.0000
1385	0.0180	0.1990	0.0042	-0.2320	0.0760	0.0000
1386	-0.0270	0.0520	0.0180	-0.3500	0.0760	0.0000
1387	0.0060	0.0250	-0.0180	-0.3500	0.0760	0.0000
1388	-0.0010	0.0420	0.0070	-0.2300	0.0760	0.0000
1389	0.0220	0.0200	0.0070	-0.2300	0.0760	0.0000
1390	0.0150	0.0580	0.0430	-0.2360	0.0740	0.0000
1391	0.0250	0.0340	0.0430	-0.2360	0.0740	0.0000
1392	0.0020	0.0290	-0.3800	-0.2340	0.0730	0.0000
1393	0.0190	0.0290	-0.3800	-0.2340	0.0730	0.0000
1394	0.0440	0.0350	0.0000	-0.2290	0.0760	0.0000
1395	-0.0420	35.0000	0.0000	-0.2290	0.0760	0.0000
1396	0.0030	0.0530	-0.0370	-0.2200	0.0820	0.0000
1397	0.0030	0.0530	-0.0370	-0.2200	0.0820	0.0000
1398	0.0260	0.0350	-0.0010	-0.2080	0.0780	0.0000
1399	0.0260	0.0350	-0.0010	-0.2080	0.0780	0.0000
1400	-0.1200	0.0320	0.0010	-0.2060	0.0750	0.0000
1401	-0.0320	0.0190	0.0120	-0.2040	0.0730	0.0000
1402	-0.0320	0.0190	0.0120	-0.2040	0.0730	0.0000
1403	-0.0020	0.0420	-0.2010	0.0700	-0.3700	0.0000
1404	-0.0020	0.0050	-0.0030	-0.2020	0.0650	0.0000
1405	0.0010	0.0320	-0.0430	-0.1980	0.0660	0.0000
1406	0.0260	0.0400	0.0340	-0.1980	0.0650	0.0000
1407	0.0090	0.0470	0.0010	-0.2010	0.0630	0.0000
1408	0.0300	0.0240	-0.0360	-0.2020	0.0630	0.0000
1409	0.0210	0.0410	0.0460	-0.2020	0.0630	0.0000
1410	-0.0010	0.0470	-0.0390	-0.2010	0.0660	0.0000
1411	0.0040	0.0150	-0.0340	-0.1990	0.0670	0.0000
1412	0.0490	0.0450	0.0180	-0.1990	0.0690	0.0000
1413	-0.0370	0.0390	0.0010	-0.2040	0.0620	0.0000
1414	0.0220	0.0490	0.0050	-0.2070	0.0630	0.0000
1415	-0.0040	0.0420	-0.0270	-0.2090	0.0660	0.0000
1416	-0.0200	0.0270	-0.0210	-0.1670	0.0650	0.0000
1417	0.0140	0.0380	0.4900	-0.1710	0.0650	0.0000
1418	0.0160	0.0190	0.0190	-0.1700	0.0610	0.0000
1419	0.0140	0.0310	-0.0310	0.0650	0.0400	0.0000
1420	-0.0260	0.0300	0.0010	-0.1650	0.0700	0.0000
1421	-0.0110	0.1600	-0.0320	-0.6200	0.0680	0.0000
1422	0.0220	0.0270	0.0000	-0.6200	0.0680	0.0000
1423	-0.0340	0.0260	-0.0160	-0.1620	0.0690	0.0000
1424	-0.0170	0.0270	-0.0160	-0.1620	0.0690	0.0000
1425	0.0150	0.0560	-0.0140	-0.1590	0.0680	0.0000
1426	0.0290	0.0260	-0.0140	-0.1590	0.0680	0.0000
1427	0.0120	0.0050	0.0138	-0.1570	0.0720	0.0000
1428	-0.0150	0.0200	0.0138	-0.1570	0.0720	0.0000
1429	0.0120	0.0360	0.0030	-0.1570	0.0730	0.0000
1430	0.0370	0.0360	0.0030	-0.1570	0.0730	0.0000
1431	0.0190	0.1620	0.0140	-0.1530	0.0780	0.0000
1432	-0.0110	0.0380	0.0070	-0.1540	0.0780	0.0000
1433	0.0061	0.0380	0.0070	-0.1540	0.0780	0.0000
1434	-0.0200	0.0280	0.0070	-0.1580	0.0810	0.0000
1435	0.0026	0.0430	-0.0270	-0.1560	0.0800	0.0000
1436	0.0180	0.0250	-0.0350	-0.1560	0.1280	0.0000
1437	0.0130	0.0280	0.0210	-0.1610	0.1270	0.0000
1438	-0.0020	0.0260	0.0180	-0.1600	0.1310	0.0000
1439	0.0442	0.0260	0.0180	-0.1600	0.1310	0.0000
1440	0.0210	0.0050	0.0090	-0.1590	0.1330	0.0000
1441	0.0210	0.0050	0.0090	-0.1590	0.1330	0.0000
1442	0.0000	0.0400	0.0190	-0.1660	0.1330	0.0000
1443	0.0000	0.0400	0.0190	-0.1660	0.1330	0.0000
1444	0.0120	0.0340	-0.0580	-0.1730	0.1310	0.0000
1445	0.0120	0.0340	-0.0580	-0.1730	0.1310	0.0000
1446	0.0490	0.0330	0.0040	-0.1780	0.1390	0.0000
1447	0.1390	0.0160	-0.0160	-0.1820	0.1400	0.0000
1448	-0.1430	0.0720	-0.0280	-0.1760	0.1360	0.0000
1449	0.0390	-0.0920	-0.0270	-0.1750	0.1390	0.0000
1450	0.0020	0.0510	-0.0020	-0.1820	0.1400	0.0000
1451	0.0700	0.0320	0.0340	-0.1800	0.1370	0.0000
1452	0.0050	0.0430	0.0210	-0.1810	0.1360	0.0000
1453	0.0170	0.0370	-0.0370	-0.1830	0.1360	0.0000
1454	0.0100	0.0190	0.0190	-0.1850	0.1340	0.0000
1455	0.0340	0.0400	0.0300	-0.1840	0.1320	0.0000
1456	0.0320	0.0350	-0.0140	-0.1790	0.1310	0.0000
1457	-0.1170	0.0390	0.0350	-0.1750	0.1300	0.0000
1458	0.0690	0.0220	-0.0090	-0.1810	0.1340	0.0000
1459	-0.0310	0.0320	-0.0160	-0.1820	0.1300	0.0000
1460	0.0740	0.0120	0.0090	-0.1820	0.1280	0.0000
1461	0.0300	0.0240	-0.0150	-0.1880	0.1260	0.0000
1462	0.0170	0.0320	0.0180	-0.1880	0.1180	0.0000
1463	0.0400	0.0120	0.0330	-0.1850	0.1190	0.0000
1464	-0.0170	0.0450	23.0000	-0.1800	0.1130	0.0000
1465	0.0240	0.0290	-0.0140	-0.1760	0.1120	0.0000
1466	0.0450	0.0390	0.0250	-0.1800	0.1110	0.0000
1467	-0.0160	0.0430	-0.0540	-0.1810	0.1130	0.0000
1468	0.0110	0.0340	-0.0170	-0.1850	0.1150	0.0000
1469	0.0410	0.0290	-0.0120	-0.1880	0.1120	0.0000
1470	0.0390	0.0390	-0.0070	-0.1860	0.1130	0.0000
1471	0.0290	0.0330	-0.0120	-0.1900	0.1180	0.0000
1472	0.0090	0.0410	-0.0020	-0.1930	0.0770	0.0000
1473	0.0040	0.0340	-0.0110	-0.1880	0.0830	0.0000
1474	0.0340	0.0400	0.0020	-0.1880	0.0880	0.0000
1475	0.0180	0.0360	-0.0480	-0.1900	0.0900	0.0000
1476	0.0330	0.1800	-0.0100	-0.1930	0.0870	0.0000
1477	0.0090	0.0360	0.0150	-0.1890	0.0880	0.0000
1478	0.0120	0.0410	-0.0540	-0.1880	0.0900	0.0000
1479	0.0020	0.0510	-0.0330	-0.2350	0.0900	0.0000
1480	0.0210	0.0390	0.0280	-0.2340	0.0860	0.0000
1481	0.0260	0.0370	0.0150	-0.2370	0.0460	0.0000
1482	-0.0470	0.0270	-0.0330	-0.2350	0.0530	0.0000
1483	0.0310	0.0360	-0.0010	-0.2370	0.0570	0.0000
1484	0.0170	0.0300	-0.0420	-0.2370	0.0600	0.0000
1485	-0.0040	0.0210	-0.0150	-0.2400	0.0660	0.0000
1486	0.0470	0.0670	-0.0270	-0.2380	0.0700	0.0000
1487	0.0060	0.0460	0.0180	-0.2350	0.0670	0.0000
1488	0.0040	0.0280	-0.0220	-0.2330	0.0730	0.0000
1489	0.0230	0.0550	0.0210	-0.2310	0.0720	0.0000
1490	-0.0010	0.0340	-0.0430	-0.2350	0.0720	0.0000
1491	-0.0160	0.0520	-0.0170	-0.2360	0.0730	0.0000
1492	0.0020	0.0390	0.0180	-0.2350	0.0780	0.0000
1493	0.0320	0.0520	-0.0130	-0.2340	0.0830	0.0000
1494	-0.0150	0.0470	-0.0130	-0.2360	0.0850	0.0000
1495	0.0390	0.0220	-0.0300	-0.2350	0.0900	0.0000
1496	0.0250	0.0380	0.0210	-0.2350	0.0900	0.0000
1497	0.0360	0.0330	0.0220	-0.1940	0.0920	0.0000
1498	0.0130	0.0100	-0.0490	-0.1950	0.0890	0.0000
1499	0.0330	0.0260	0.0160	-0.2010	0.0890	0.0000
1500	0.0360	0.0320	0.0430	-0.2010	0.0910	0.0000
1501	0.0400	0.0110	-0.0140	-0.1990	0.0940	0.0000
1502	0.0150	0.0460	0.0390	-0.1970	0.0900	0.0000
1503	0.0070	0.0360	0.0000	-0.1990	0.0940	0.0000
1504	0.0140	0.0460	-0.0120	-0.2020	0.0880	0.0000
1505	0.0350	0.0420	-0.0280	-0.1990	0.0890	0.0000
1506	0.0400	0.0680	-0.0190	-0.2020	0.0850	0.0000
1507	0.0080	0.0390	-0.0110	-0.2020	0.0820	0.0000
1508	-0.0150	0.0260	0.0040	-0.2010	0.0810	0.0000
1509	0.0210	0.0420	-0.0210	-0.1980	0.0770	0.0000
1510	-0.0040	0.0290	-0.0110	-0.2030	0.0780	0.0000
1511	-0.0020	0.0500	-0.0180	-0.2030	0.0820	0.0000
1512	0.0350	0.1960	-0.0030	-0.2010	0.0850	0.0000
1513	0.0350	0.0280	0.0090	-0.2030	0.0850	0.0000
1514	0.0000	0.0310	-16.0000	-0.2050	0.0820	0.0000
1515	-0.0310	0.0590	-0.0580	-0.2070	0.0780	0.0000
1516	0.0330	0.0470	-0.0580	-0.2070	0.0780	0.0000
1517	0.0700	0.0410	-0.0580	-0.2070	0.0780	0.0000
1518	0.0700	0.0410	-0.0580	-0.2070	0.0780	0.0000
1519	0.0040	0.0260	-0.0370	-0.2060	0.0760	0.0000
1520	0.0380	0.0280	-0.0010	-0.2070	0.0790	0.0000
1521	0.0050	0.0350	0.0060	-0.2090	0.0770	0.0000
1522	-0.0020	0.0270	-0.0060	-0.2090	0.0770	0.0000
1523	-0.0060	0.0270	-0.0060	-0.2090	0.0770	0.0000
1524	0.0206	0.0350	-0.0020	-0.2090	0.0710	0.0000
1525	0.0240	0.0270	-0.0240	-0.2070	0.0730	0.0000
1526	0.0540	0.0500	0.0420	-0.2060	0.0710	0.0000
1527	-0.1530	36.0000	-0.0230	-0.2020	0.0680	0.0000
1528	0.0220	36.0000	-0.0230	-0.2020	0.0680	0.0000
1529	-0.0050	0.0200	-0.2090	0.0740	-1.4270	0.0000
1530	0.0395	0.0300	-0.0140	-0.2050	0.0740	0.0000
1531	0.0390	0.0110	0.0170	-0.2080	0.0780	0.0000
1532	-0.1800	0.0330	-0.0220	-0.2080	0.0750	0.0000
1533	-0.0050	0.0370	-0.0340	-0.2070	0.0700	0.0000
1534	0.0190	0.0310	-0.0010	-0.2060	0.0730	0.0000
1535	0.0400	0.0440	-0.0020	-0.2050	0.0710	0.0000
1536	0.0110	0.0330	-0.0310	-0.2060	0.0700	0.0000
1537	-0.1530	0.0280	-0.0020	-0.2060	0.0740	0.0000
1538	0.0450	0.0460	-0.0020	-0.2050	0.0760	0.0000
1539	-0.0040	0.0540	-0.0480	-0.2060	0.0820	0.0000
1540	0.0280	0.0490	-0.0020	-0.2060	0.0780	0.0000
1541	0.0260	0.0410	-0.0430	-0.2010	0.0730	0.0000
1542	0.0070	0.0380	0.0170	-0.1590	0.0740	0.0000
1543	0.0090	0.0180	0.0220	-0.1610	0.0750	0.0000
1544	0.0370	0.0320	-0.0190	-0.1690	0.0740	0.0000
1545	0.0360	0.0330	-0.0150	-0.1750	0.0740	0.0000
1546	-0.1330	0.0180	-0.0350	-0.1720	0.0770	0.0000
1547	0.0100	0.0330	0.0030	-0.1670	0.0780	0.0000
1548	0.0570	-0.1100	-0.0210	-0.1660	0.0760	0.0000
1549	0.0160	0.0280	-0.0170	-0.1690	0.0720	0.0000
1550	-0.0410	0.0160	0.0100	-0.1670	0.0740	0.0000
1551	0.0050	0.0330	-0.0100	-0.1620	0.0810	0.0000
1552	0.0240	0.0450	0.0160	-0.1610	0.0840	0.0000
1553	-0.0050	0.0370	-0.0080	-0.1600	0.0820	0.0000
1554	-0.0070	0.0110	0.0230	-0.1580	0.0800	0.0000
1555	-0.1240	0.0260	-0.0070	-0.1580	0.0820	0.0000
1556	0.0020	0.0240	0.0550	-0.1600	0.0860	0.0000
1557	0.0150	0.1780	0.0020	-0.1530	0.0850	0.0000
1558	0.0310	0.0340	0.0030	-0.1500	0.0820	0.0000
1559	-0.0170	0.0310	-0.0020	-0.1490	0.0810	0.0000
1560	0.0160	0.0080	-0.0030	-0.1380	0.0820	0.0000
1561	0.0630	0.0040	0.0000	-0.1380	0.0850	0.0000
1562	-0.0290	0.0170	13.0000	-0.1420	0.0850	0.0000
1563	-0.1140	0.0180	-0.0250	-0.1460	0.0870	0.0000
1564	0.0120	0.0380	0.0160	-0.1460	0.0890	0.0000
1565	0.0220	0.0200	-0.0370	-0.1450	0.0890	0.0000
1566	0.0270	0.0110	-0.0080	-0.1450	0.0880	0.0000
1567	-0.0050	0.0350	-0.0210	-0.1460	0.0900	0.0000
1568	0.0240	0.0230	-0.0300	-0.1420	0.0890	0.0000
1569	-0.0030	0.0010	-0.0100	-0.1480	0.0880	0.0000
1570	0.0250	0.0340	-0.0500	-0.1520	0.0860	0.0000
1571	-0.0050	0.0230	-0.0170	-0.1550	0.0880	0.0000
1572	0.0050	0.0320	0.0230	-0.1570	0.0920	0.0000
1573	0.1410	0.0460	0.0260	-0.1590	0.0920	0.0000
1574	0.0260	0.0180	-0.0330	-0.1510	0.0880	0.0000
1575	0.0070	0.0210	-0.0060	-0.1570	0.0900	0.0000
1576	0.0000	0.0210	-0.0090	-0.1580	0.0910	0.0000
1577	0.0220	0.0320	0.0110	-0.1680	0.0950	0.0000
1578	0.0220	0.0490	-0.0420	-0.1730	0.0950	0.0000
1579	0.0020	0.0330	0.0030	-0.1720	0.0990	0.0000
1580	0.0120	0.0420	-0.0100	-0.1710	0.0940	0.0000
1581	0.0470	0.0370	-0.0100	-0.1690	0.0910	0.0000
1582	0.0010	0.0280	0.0000	-0.1700	0.0880	0.0000
1583	0.0450	0.0380	-0.0220	-0.1670	0.0910	0.0000
1584	0.0190	0.0340	-0.0180	-0.1630	0.0910	0.0000
1585	-0.0160	0.0500	-0.0130	-0.1660	0.0920	0.0000
1586	0.0160	0.0360	0.0020	-0.1630	0.0920	0.0000
1587	0.0060	0.0200	-0.0110	-0.1620	0.0900	0.0000
1588	0.0000	0.0230	-0.0220	-0.1610	0.0910	0.0000
1589	-0.0040	0.0290	0.0050	-0.1620	0.0890	0.0000
1590	0.0250	0.0380	-0.0030	-0.1590	0.0900	0.0000
1591	0.0170	0.0210	-0.0370	-0.1620	0.0940	0.0000
1592	0.0240	0.0250	-0.0090	-0.1590	0.0930	0.0000
1593	-0.0090	0.0390	0.0270	-0.1570	0.0990	0.0000
1594	0.0160	0.0150	-0.0280	-0.1550	0.0980	0.0000
1595	0.0370	0.0030	-0.0020	-0.1600	0.1000	0.0000
1596	0.0040	0.0270	-0.0060	-0.1180	0.1030	0.0000
1597	0.0220	0.0280	0.0010	-0.1200	0.1100	0.0000
1598	0.0420	0.0220	0.0100	-0.1190	0.1050	0.0000
1599	-0.0120	0.0190	-0.0410	-0.1180	0.1040	0.0000
1600	0.0390	0.0030	-0.0050	-0.1190	0.1050	0.0000
1601	0.0050	0.0220	-0.0160	-0.1240	0.1040	0.0000
1602	0.0270	0.0150	0.0020	-0.1180	0.0990	0.0000
1603	0.0180	0.0080	-0.0100	-0.1210	0.0980	0.0000
1604	0.0240	0.0190	0.0440	-0.1190	0.1010	0.0000
1605	-0.0260	0.0280	-0.0030	-0.1180	0.1010	0.0000
1606	0.0170	0.0130	-0.0180	-0.1220	0.1040	0.0000
1607	0.0880	0.0410	0.0230	-0.1260	0.1070	0.0000
1608	0.0660	0.0370	-0.0090	-0.1290	0.1010	0.0000
1609	0.0030	0.0080	-0.0040	-0.1290	0.1020	0.0000
1610	0.0320	0.0020	-0.0040	-0.1270	0.1000	0.0000
1611	0.0320	0.0020	-0.0040	-0.1270	0.1000	0.0000
1612	0.0120	0.0350	-0.0180	-0.1300	0.1110	0.0000
1613	0.0120	0.0350	-0.0180	-0.1300	0.1110	0.0000
1614	0.0530	0.0170	-0.0080	-0.1260	0.1150	0.0000
1615	0.0530	0.0170	-0.0080	-0.1260	0.1150	0.0000
1616	0.0190	0.0090	-0.0520	-0.1250	0.1170	0.0000
1617	-0.1310	0.0350	-0.0060	-0.1290	0.1130	0.0000
1618	0.0450	0.0140	-0.0040	-0.1340	0.1210	0.0000
1619	0.0650	-0.1170	-0.0340	-0.1330	0.1210	0.0000
1620	0.0250	0.0120	-0.0130	-0.1400	0.1180	0.0000
1621	0.0200	0.0170	-0.0270	-0.1460	0.1220	0.0000
1622	-0.0230	0.0230	-0.0010	-0.1550	0.1230	0.0000
1623	0.0600	0.0240	-0.0060	-0.1540	0.1310	0.0000
1624	0.0280	0.0350	-0.0050	-0.1580	0.1300	0.0000
1625	0.0300	0.0170	-0.0280	-0.1620	0.1310	0.0000
1626	-0.1270	0.0340	-0.0340	-0.1610	0.1270	0.0000
1627	-0.0240	0.0170	0.0090	-0.1590	0.1220	0.0000
1628	0.0100	0.0150	0.0210	-0.1610	0.1200	0.0000
1629	0.0230	0.0320	0.0100	-0.1600	0.1190	0.0000
1630	0.0020	0.0340	0.0050	-0.1620	0.1160	0.0000
1631	-0.0010	0.0450	0.0010	-0.1640	0.1180	0.0000
1632	0.0620	0.0420	-0.0030	-0.1620	0.1180	0.0000
1633	0.0360	0.0190	0.0100	-0.1570	0.1180	0.0000
1634	-0.0060	0.0270	-0.0120	-0.1570	0.8000	0.0000
1635	0.0220	0.0220	0.0130	-0.1610	0.0000	0.0000
1636	0.0150	0.0440	-0.0340	-0.1640	0.1120	0.0000
1637	0.0110	0.1710	-0.0010	-0.1630	0.1120	0.0000
1638	0.0420	0.0290	0.0080	-0.1580	0.1102	0.0000
1639	0.0140	0.0370	0.0160	-0.1580	0.1102	0.0000
1640	0.0100	0.0230	-0.0450	-0.1520	0.1300	0.0000
1641	0.0610	0.0210	-0.0090	-0.1520	0.1300	0.0000
1642	-0.0110	0.0060	-0.0160	-0.1540	0.1140	0.0000
1643	-0.0110	0.0270	-0.0250	-0.1540	0.1140	0.0000
1644	0.0380	0.0330	-0.0220	-0.1656	0.1140	0.0000
1645	0.0110	0.0370	0.0052	-0.1656	0.1140	0.0000
1646	0.0040	0.0340	-0.0660	-0.6600	0.1120	0.0000
1647	-0.0130	0.0370	-0.6600	-0.6600	0.1120	0.0000
1648	0.0350	0.0430	0.0040	0.0000	0.1100	0.0000
1649	0.0180	0.0290	-0.0040	0.0000	0.1100	0.0000
1650	0.0310	0.0210	0.0020	-0.1680	0.1120	0.0000
1651	0.0310	0.0210	0.0020	-0.1680	0.1120	0.0000
1652	-0.0290	0.0010	-0.0010	-0.1260	113.0000	0.0000
1653	0.0350	0.0580	0.0040	-0.1260	0.1200	0.0000
1654	0.0330	0.0300	0.0280	-0.1230	0.1200	0.0000
1655	0.0110	-0.1120	-0.0070	-0.1260	0.1160	0.0000
1656	0.0200	0.0250	-0.0140	-0.1290	0.1150	0.0000
1657	0.0330	0.0320	-0.0340	-0.1290	0.1160	0.0000
1658	0.0400	0.0530	-0.0110	-0.1300	0.1160	0.0000
1659	-0.0110	0.0060	-0.0020	-0.1310	0.1180	0.0000
1660	0.0190	0.0220	-0.0320	-0.1260	0.1220	0.0000
1661	0.0350	0.0270	0.0010	-0.1250	0.1190	0.0000
1662	0.0000	0.0160	0.0090	-0.1220	0.1210	0.0000
1663	0.0270	0.0080	0.0020	-0.1190	0.1180	0.0000
1664	0.0370	-0.1200	-0.0370	-0.1160	0.1120	0.0000
1665	0.0270	0.0070	-0.0370	-0.1190	0.1160	0.0000
1666	0.0060	0.0330	-0.0050	-0.1180	0.1120	0.0000
1667	0.0020	0.0220	-0.0040	-0.1150	0.1120	0.0000
1668	0.0030	0.0250	0.0280	-0.1130	0.1120	0.0000
1669	0.0330	0.0300	-0.0080	-0.1130	0.1120	0.0000
1670	0.0520	0.0430	0.0000	-0.1110	0.1150	0.0000
1671	0.1310	0.0100	0.0260	-0.1080	0.1160	0.0000
1672	0.0350	-0.0010	0.0300	-0.1050	0.1130	0.0000
1673	0.0150	0.0320	0.0510	-0.1080	0.1090	0.0000
1674	-0.0020	0.0260	-0.0320	-0.1100	0.1100	0.0000
1675	0.0250	0.0280	-0.0590	-0.1060	0.1100	0.0000
1676	-0.0100	0.0240	-0.0150	-0.1020	0.1040	0.0000
1677	-0.0230	0.0390	-0.0060	-0.0990	0.1020	0.0000
1678	0.0520	0.0070	-0.0050	-0.0970	0.1000	0.0000
1679	0.0220	0.0160	-0.0310	-0.0960	0.1020	0.0000
1680	0.0460	0.0130	-0.0220	-0.0950	0.1100	0.0000
1681	0.0290	0.0250	-0.0400	-0.0940	0.1080	0.0000
1682	0.0230	-0.1220	-0.0280	-0.0930	0.1050	0.0000
1683	0.0620	0.0170	0.0100	-0.0940	0.1070	0.0000
1684	0.0300	0.0290	0.0300	-0.0970	0.1050	0.0000
1685	0.0370	0.0130	-0.0280	-0.0970	0.1050	0.0000
1686	0.0330	0.0400	0.0000	-0.1010	0.1050	0.0000
1687	0.0720	0.0320	0.0330	-0.1010	0.1030	0.0000
1688	0.0240	0.0290	-0.0060	-0.0990	0.0960	0.0000
1689	0.0210	0.0150	0.0110	-0.0970	0.0910	0.0000
1690	0.0690	0.0290	-0.0220	-0.0980	0.0930	0.0000
1691	-0.0010	0.0290	-0.0340	-0.0980	0.0940	0.0000
1692	0.0170	0.0270	0.0240	-0.0940	0.0950	0.0000
1693	0.0010	0.0380	-0.0060	-0.0920	0.0930	0.0000
1694	0.0180	0.0090	0.0000	-0.0940	0.0950	0.0000
1695	0.0190	0.0310	-0.0100	-0.1000	0.0970	0.0000
1696	0.0270	0.0190	0.0070	-0.1060	0.0970	0.0000
1697	-0.0150	-0.0030	0.0120	-0.1040	0.0980	0.0000
1698	-0.1200	0.0060	-0.0260	-0.1050	0.0970	0.0000
1699	0.0410	0.0320	-0.0190	-0.1060	0.0950	0.0000
1700	0.0380	-0.1200	-0.0590	-0.1020	0.0950	0.0000
1701	0.0070	0.0060	0.0280	-0.1020	0.0930	0.0000
1702	0.0250	0.0140	0.0090	-0.0990	0.0930	0.0000
1703	0.0020	0.0260	0.0190	-0.1000	0.0890	0.0000
1704	0.0200	0.0300	0.0120	-0.1000	0.0900	0.0000
1705	0.0300	0.0470	0.0150	-0.0960	0.0870	0.0000
1706	-0.0150	0.0120	0.0020	-0.0980	0.0890	0.0000
1707	0.0150	0.0160	0.0460	-0.0950	0.0870	0.0000
1708	0.1410	0.0120	0.0050	-0.0930	0.0850	0.0000
1709	0.1410	0.0120	0.0050	-0.0930	0.0850	0.0000
1710	0.0080	0.0210	-0.0310	-0.0950	0.0820	0.0000
1711	0.0020	0.0130	-0.0240	-0.0930	0.0830	0.0000
1712	0.0030	0.0250	-0.0190	-0.0930	0.0760	0.0000
1713	-0.0080	0.0190	-0.0240	-0.1000	0.0720	0.0000
1714	-0.0390	0.0180	0.0120	-0.1010	0.0700	0.0000
1715	0.0330	0.0330	0.0300	-0.1060	0.0680	0.0000
1716	0.1340	0.0280	-0.0330	-0.1060	0.0700	0.0000
1717	0.0050	0.0120	-0.0220	-0.1050	0.0720	0.0000
1718	0.0200	0.0210	0.1280	-0.1080	0.0700	0.0000
1719	-0.0100	0.0290	0.0130	-0.1080	0.0750	0.0000
1720	0.0210	0.0230	0.0210	-0.1030	0.0750	0.0000
1721	0.0270	0.0300	0.0040	-0.1490	0.0760	0.0000
1722	-0.0140	0.0280	-0.0240	-0.1460	0.0700	0.0000
1723	-0.0120	0.0400	-0.0240	-0.1510	0.0730	0.0000
1724	-0.0320	0.0490	-0.0340	-0.1550	0.0710	0.0000
1725	0.0100	0.0320	-0.0710	-0.1530	0.0770	0.0000
1726	0.0070	0.0320	0.0150	-0.1560	0.0820	0.0000
1727	0.0410	0.0060	0.0080	-0.1560	0.0880	0.0000
1728	0.0060	0.0420	0.1330	-0.1620	0.0840	0.0000
1729	0.0680	0.0490	0.0040	-0.1650	0.0870	0.0000
1730	0.0500	0.0230	-0.0370	-0.1630	0.0700	0.0000
1731	0.0150	-0.0030	-0.0230	-0.1620	84.0000	0.0000
1732	-0.0020	0.0210	0.0220	-0.1590	0.0000	0.0000
1733	0.0170	0.0350	0.0250	-0.1570	0.0780	0.0000
1734	0.1330	0.0270	-0.0610	-0.1510	-1.8180	0.0000
1735	0.0340	0.0250	-0.0190	-0.1510	0.0760	0.0000
1736	0.0420	0.0230	0.0010	-0.1551	0.0720	0.0000
1737	-0.0120	0.0570	-0.0240	-0.3000	0.0730	0.0000
1738	0.0190	0.0040	0.0310	0.0000	0.0720	0.0000
1739	0.0540	0.0180	-0.0030	-0.1580	0.0750	0.0000
1740	0.0070	0.0000	0.0250	0.0000	0.0760	0.0000
1741	0.0510	0.0350	0.0110	-0.1180	0.0720	0.0000
1742	0.0040	0.0230	0.0000	-0.1180	0.0720	0.0000
1743	0.1210	0.0160	0.0104	-0.1160	0.0720	0.0000
1744	0.0180	0.0280	0.0040	-0.1200	0.0690	0.0000
1745	0.0510	0.0230	0.0040	-0.1200	0.0690	0.0000
1746	-0.0060	0.0500	-19.0000	-0.1290	0.0660	0.0000
1747	0.0110	0.0380	-19.0000	-0.1290	0.0660	0.0000
1748	0.0070	0.0220	-19.0000	-0.1290	0.0660	0.0000
1749	0.0140	0.0420	-0.0410	-0.1220	0.0620	0.0000
1750	0.0580	0.0470	0.0010	-0.1220	0.0620	0.0000
1751	0.0580	0.0310	-0.0180	-0.1250	0.0610	0.0000
1752	-0.1310	2.0000	0.0660	-0.1250	0.0650	0.0000
1753	-0.0010	0.0340	0.0200	-0.1220	0.0670	0.0000
1754	-0.0020	0.0340	0.0200	-0.1220	0.0670	0.0000
1755	-0.0020	0.0300	0.0070	-0.1240	0.0770	0.0000
1756	0.0490	0.0080	-0.0010	-0.1200	0.0780	0.0000
1757	-0.0260	0.0440	0.0140	-0.1240	0.0710	0.0000
1758	0.0280	0.0270	0.0110	-0.1260	0.0681	0.0000
1759	-0.0090	0.0230	-0.0290	-0.1260	0.0000	0.0000
1760	0.1230	0.0000	0.0120	0.0000	0.0000	0.0000
1761	0.0370	0.0140	0.0430	-0.1270	0.0075	0.0000
1762	0.0290	0.0300	-0.0100	-0.1240	0.0690	0.0000
1763	0.0290	0.0340	-0.0080	-0.1240	0.0680	0.0000
1764	0.0410	0.0240	-0.0520	-0.1230	0.0700	0.0000
1765	0.0260	0.0170	-0.0420	-0.1220	0.0700	0.0000
1766	-0.0220	0.0220	-0.0150	-0.1230	0.6700	0.0000
1767	-0.0200	0.0070	-0.0310	-0.1230	0.0690	0.0000
1768	0.0270	0.0300	0.0120	-0.1210	0.0000	0.0000
1769	0.0040	0.0350	-0.0320	-0.1220	0.0730	0.0000
1770	0.0490	0.0120	-0.0430	-0.1220	0.0730	0.0000
1771	-0.0110	-0.1080	-0.0200	-0.1000	0.0720	0.0000
1772	0.0160	0.0420	0.0010	-0.1200	0.0730	0.0000
1773	0.0390	0.0300	0.0060	-0.1240	0.0740	0.0000
1774	-0.0040	0.0240	0.0070	-0.2500	0.0780	0.0000
1775	0.0340	0.0240	0.0100	-0.1200	0.0750	0.0000
1776	0.0520	0.0360	0.0400	-0.1200	0.0760	0.0000
1777	-0.0370	0.0020	0.0400	-0.1200	0.0760	0.0000
1778	-0.0280	0.0110	-0.0410	-0.1270	0.0710	0.0000
1779	0.0040	0.0290	-0.0042	-0.1310	0.0690	0.0000
1780	-0.0200	-0.1010	-0.0330	-138.0000	0.0680	0.0000
1781	0.0440	0.0280	-0.0180	0.0000	0.0680	0.0000
1782	0.0000	0.0380	-0.0090	-0.1350	0.0650	0.0000
1783	0.0170	0.0170	0.0170	-0.1350	0.0650	0.0000
1784	-0.0110	0.0150	-0.0100	0.0620	-1.7210	0.0000
1785	0.0220	0.0190	0.0001	-0.0910	0.0630	0.0000
1786	0.0040	0.0120	-0.0600	-0.0930	0.0650	0.0000
1787	0.0280	0.0100	0.0000	-0.0950	0.1110	0.0000
1788	0.0120	0.0210	0.0180	-0.0970	0.1080	0.0000
1789	-0.0180	0.0130	0.0750	-0.0960	0.1040	0.0000
1790	0.0260	0.0103	0.0750	-0.0960	0.1040	0.0000
1791	0.0080	0.0200	-0.0490	-0.0980	0.1070	0.0000
1792	-0.0800	0.0200	-0.0490	-0.0980	0.1070	0.0000
1793	0.0090	0.0000	0.0340	-0.0960	0.1080	0.0000
1794	0.0090	0.0000	0.0340	-0.0960	0.1080	0.0000
1795	0.0180	0.0140	-0.0090	-0.0930	0.1080	0.0000
1796	0.0330	0.0190	0.0130	-0.0930	0.1090	0.0000
1797	-0.0020	0.0000	-0.0160	-0.0930	0.1070	0.0000
1798	-0.0010	0.0000	-0.0350	-0.0970	0.1020	0.0000
1799	0.0560	0.0000	-0.0250	-0.1030	0.1010	0.0000
1800	0.0380	0.0210	0.0760	-0.1050	0.1000	0.0000
1801	-0.0060	0.0150	-0.0330	-0.1030	0.1000	0.0000
1802	0.0050	0.0150	-0.0330	-0.1030	0.1000	0.0000
1803	0.0310	0.0150	-0.0330	-0.1030	0.1000	0.0000
1804	0.0060	0.0170	-0.0270	-0.1110	0.0970	0.0000
1805	0.0190	0.0240	-0.0630	-0.1070	642.0000	0.0000
1806	-0.0010	0.0200	-0.0280	-0.1000	642.0000	0.0000
1807	0.0160	0.0260	0.0290	-0.1050	0.0930	0.0000
1808	0.0260	0.0050	-0.0400	-0.1050	0.0930	0.0000
1809	0.0120	0.0170	0.0010	-0.1109	0.0940	0.0000
1810	0.0130	0.0100	-0.0100	-0.1109	0.0940	0.0000
1811	0.0370	0.0260	-0.0370	-0.1130	0.0930	0.0000
1812	0.0010	0.0240	0.0370	-0.1130	0.0930	0.0000
1813	0.0270	0.0180	0.0220	-0.1110	0.0930	0.0000
1814	0.0160	0.0390	0.0220	-0.1110	0.0930	0.0000
1815	0.0160	0.0390	0.0220	-0.1110	0.0930	0.0000
1816	0.0480	0.0160	0.0030	-0.1110	0.6000	0.0000
1817	0.0130	0.0390	0.0210	-0.1110	0.0880	0.0000
1818	0.0180	0.0200	-0.0230	-0.1040	0.0860	0.0000
1819	0.0190	0.0090	-0.0440	-0.1040	0.0860	0.0000
1820	-0.0150	0.0180	-0.0360	-0.1080	0.0300	0.0000
1821	0.0020	0.0150	0.0380	-0.1120	0.0000	0.0000
1822	0.0480	0.0150	0.0690	-0.1120	0.0790	0.0000
1823	0.1210	0.0420	0.0080	-0.1120	0.0790	0.0000
1824	-0.0040	0.0140	0.0350	-0.1140	0.0850	0.0000
1825	0.0030	0.0510	-0.0130	-0.1140	0.0850	0.0000
1826	0.0030	0.0440	-0.0540	-0.1110	0.0850	0.0000
1827	0.0050	0.0210	0.0054	-0.1110	0.0850	0.0000
1828	-0.0030	0.0020	-0.0190	-11.0000	0.0870	0.0000
1829	0.0050	0.0210	0.0000	-11.0000	0.0870	0.0000
1830	-0.0050	0.0300	0.0240	-0.1120	0.0840	0.0000
1831	0.0730	0.0230	0.0240	-0.1120	0.0840	0.0000
1832	-0.0070	0.0150	-0.0500	0.0870	-0.8570	0.0000
1833	0.0370	0.0340	-0.0052	-0.1220	0.0840	0.0000
1834	0.0620	0.1800	0.0300	0.0000	0.0870	0.0000
1835	0.0150	0.0290	-0.0170	-0.1310	0.0830	0.0000
1836	-0.0280	0.0240	-0.0130	0.1300	0.0800	0.0000
1837	0.0280	0.0160	-0.0163	0.1300	0.0800	0.0000
1838	0.0220	0.0350	0.0240	-0.1270	0.0830	0.0000
1839	0.0130	0.0340	-0.0400	-0.1270	0.0830	0.0000
1840	0.0240	0.0340	-0.0400	-0.1270	0.0830	0.0000
1841	-0.0060	0.0510	-39.0000	-0.1770	0.0800	0.0000
1842	0.0230	0.0000	-39.0000	-0.1770	0.0800	0.0000
1843	-0.0290	0.0300	35.0000	-0.1780	0.0760	0.0000
1844	-0.0220	0.0300	35.0000	-0.1780	0.0760	0.0000
1845	0.0170	0.0562	0.0090	-0.1780	0.0850	0.0000
1846	0.0270	0.0562	0.0090	-0.1780	0.0850	0.0000
1847	0.0370	0.0220	0.0280	-0.1800	0.0890	0.0000
1848	0.0370	0.0220	0.0280	-0.1800	0.0890	0.0000
1849	-0.0020	35.0000	0.0300	-0.1720	0.0870	0.0000
1850	-0.0130	0.0130	-0.0580	-0.1740	0.0810	0.0000
1851	0.0593	0.0130	-0.0580	-0.1740	0.0810	0.0000
1852	0.0090	0.0280	0.0000	-0.1780	0.0850	0.0000
1853	-0.0500	0.1770	0.0170	-0.1750	0.0850	0.0000
1854	-0.0290	0.0410	-0.0820	-0.1760	0.0860	0.0000
1855	0.0190	0.0460	-0.0140	-0.1770	0.0900	0.0000
1856	0.0050	0.0210	-0.0220	-0.1790	0.0890	0.0000
1857	0.0190	0.0240	-0.0250	-0.1810	0.0930	0.0000
1858	-0.0010	0.0380	-0.0420	-0.1820	0.0880	0.0000
1859	0.0380	0.0390	0.0320	-0.1810	0.0900	0.0000
1860	0.0360	0.0330	0.0240	-0.1800	0.0890	0.0000
1861	-0.0030	0.0250	-0.0790	-0.1820	0.0870	0.0000
1862	-0.0560	0.0550	-0.0310	-0.1870	0.0880	0.0000
1863	0.0120	0.0260	0.0060	-0.1830	0.0880	0.0000
1864	0.0430	0.0300	0.0050	-0.1860	0.0890	0.0000
1865	0.0130	0.0430	-0.0160	-0.1920	0.0880	0.0000
1866	0.0120	0.0350	-0.0460	-0.1930	0.0910	0.0000
1867	-0.0170	0.0250	-0.0160	-0.1880	0.1380	0.0000
1868	0.0210	0.0190	-0.0150	-0.1940	0.1430	0.0000
1869	0.0680	0.0550	0.0230	-0.1980	0.1390	0.0000
1870	0.0160	0.0460	0.0430	-0.2000	0.1330	0.0000
1871	0.0430	0.0550	0.0030	-0.2000	0.1310	0.0000
1872	0.0060	0.0390	0.0140	-0.2010	0.1300	0.0000
1873	0.0390	0.0310	0.0070	-0.1990	0.1280	0.0000
1874	0.0180	0.0400	-0.0400	-0.2030	0.1270	0.0000
1875	-0.0080	0.0200	-0.0530	-0.2020	0.1240	0.0000
1876	0.0390	0.0490	0.0440	-0.2050	0.1710	0.0000
1877	0.0580	0.0390	-0.0080	-0.2100	0.1700	0.0000
1878	0.0440	0.0230	-0.0040	-0.2130	0.1670	0.0000
1879	-0.0220	0.0240	-0.0120	-0.2150	0.1680	0.0000
1880	0.0460	0.0350	-0.0010	-0.2170	0.1660	0.0000
1881	0.0350	0.0350	0.0240	-0.2160	0.1680	0.0000
1882	0.0200	0.0540	-0.0050	-0.2170	0.1690	0.0000
1883	-0.0040	0.0470	-0.0240	-0.2170	0.1700	0.0000
1884	0.0360	0.0470	-0.0330	-0.2140	0.1690	0.0000
1885	0.0620	0.0570	0.0500	-0.2140	0.1670	0.0000
1886	0.0340	0.0450	0.0180	-0.2090	0.1620	0.0000
1887	0.0040	0.0260	0.0050	-0.2030	0.1650	0.0000
1888	0.0110	0.0340	-0.0640	-0.2020	0.1720	0.0000
1889	0.0560	0.0360	0.0090	-0.2050	0.1780	0.0000
1890	0.0500	0.0480	0.0150	-0.2070	0.1760	0.0000
1891	0.0170	0.0470	0.0120	-0.2020	0.1750	0.0000
1892	0.0230	0.0530	-0.0300	-0.2490	0.1750	0.0000
1893	0.0320	0.0470	-0.0170	-0.2450	0.1720	0.0000
1894	0.0460	0.0530	0.0140	-0.2500	0.1690	0.0000
1895	0.0130	0.0610	-0.0220	-0.2470	0.1680	0.0000
1896	0.0180	0.0500	0.0120	-0.2470	0.1740	0.0000
1897	-0.0150	0.0580	-0.0260	-0.2470	0.1720	0.0000
1898	0.0160	0.0280	-0.0330	-0.2410	0.1710	0.0000
1899	0.0160	0.0560	0.0180	-0.2410	0.1720	0.0000
1900	0.0150	0.0660	0.0280	-0.2380	0.1690	0.0000
1901	0.0120	0.0440	-0.0330	-0.2370	0.1690	0.0000
1902	0.0410	0.0400	-0.0480	-0.2410	0.1680	0.0000
1903	-0.0050	0.0240	-0.0460	-0.2430	0.1630	0.0000
1904	0.0120	0.0350	-0.0060	-0.2450	0.1600	0.0000
1905	0.0350	0.0570	0.0250	-0.2420	0.1600	0.0000
1906	0.0690	0.0440	-0.0240	-0.2390	0.1650	0.0000
1907	0.0160	0.0420	-0.0350	-0.2390	0.1600	0.0000
1908	0.0380	0.0390	-0.0110	-0.2410	0.1540	0.0000
1909	0.0150	0.0300	-0.0110	-0.2420	0.1520	0.0000
1910	0.0420	0.0330	0.0280	-0.2400	0.1530	0.0000
1911	0.0450	0.0410	0.0320	-0.2380	0.1550	0.0000
1912	-0.0050	0.0500	-0.0250	-0.2300	0.1540	0.0000
1913	0.0210	0.0420	-0.0320	-0.2260	0.1520	0.0000
1914	0.1360	0.0180	0.0140	-0.2250	0.1520	0.0000
1915	0.0510	0.0470	-0.0150	-0.2230	0.1480	0.0000
1916	-0.0090	0.0370	-0.0480	-0.2220	0.1400	0.0000
1917	-0.0220	0.0210	-0.0320	-0.2210	0.1420	0.0000
1918	0.0100	0.0340	-0.0090	-0.2220	0.1420	0.0000
1919	0.0080	0.0390	0.0190	-0.2260	0.1410	0.0000
1920	0.0350	0.0480	-0.0060	-0.2240	0.1420	0.0000
1921	-0.0010	0.0200	-0.0330	-0.2210	0.1400	0.0000
1922	0.0120	0.0390	-0.0370	-0.2230	0.1360	0.0000
1923	0.0160	0.0450	-0.0030	-0.2240	0.1360	0.0000
1924	0.0030	0.1940	0.0040	-0.2210	0.1380	0.0000
1925	0.0220	0.0620	-0.0300	-0.2160	0.1340	0.0000
1926	0.0330	0.0210	-0.0260	-0.2200	0.1370	0.0000
1927	0.0240	0.0310	-0.0160	-0.2200	0.1320	0.0000
1928	0.0220	0.0430	0.0080	-0.2150	0.1280	0.0000
1929	0.0250	0.0470	0.0360	-0.2160	0.1260	0.0000
1930	0.0210	0.0560	-0.0310	-0.2160	0.1190	0.0000
1931	-0.0120	0.0380	-0.0040	-0.2150	0.1220	0.0000
1932	0.0550	0.0350	0.0040	-0.2150	0.1170	0.0000
1933	0.0130	0.0340	-0.0180	-0.2150	0.1140	0.0000
1934	-0.0150	0.0270	0.0080	-0.2120	0.1080	0.0000
1935	0.0190	0.0310	0.0010	-0.2110	0.1070	0.0000
1936	0.0270	0.0420	-0.0310	-0.2070	0.1080	0.0000
1937	0.0250	0.0450	0.0050	-0.2070	0.1040	0.0000
1938	-0.0190	0.0300	-0.0370	-0.2060	0.0990	0.0000
1939	-0.0160	0.0450	0.0030	-0.2100	0.1040	0.0000
1940	0.0380	0.0330	-0.0120	-0.2070	0.1050	0.0000
1941	0.0470	0.0280	-0.0020	-0.2070	0.1070	0.0000
1942	0.0160	0.0460	-0.0420	-0.2040	0.1040	0.0000
1943	-0.0010	0.0400	0.0010	-0.2050	0.1030	0.0000
1944	0.0390	0.0370	0.1620	-0.2070	0.1010	0.0000
1945	0.0160	0.0340	-0.0430	-0.2100	0.0990	0.0000
1946	0.0000	0.0190	0.0020	-0.2080	0.0950	0.0000
1947	0.0150	0.0450	-0.0760	-0.2070	0.0930	0.0000
1948	0.0080	0.0280	-0.0220	-0.2000	0.0540	0.0000
1949	0.0080	0.0280	-0.0220	-0.2000	0.0540	0.0000
1950	0.1310	0.0470	0.0490	-0.1990	0.0550	0.0000
1951	0.0020	0.0290	0.0170	-0.1990	0.0520	0.0000
1952	0.0020	0.0290	0.0170	-0.1990	0.0520	0.0000
1953	-0.0130	0.0370	0.0460	-0.1350	-1.4980	0.0000
1954	0.0290	0.0200	0.0080	-0.1990	0.0470	0.0000
1955	-0.0310	0.0430	0.0020	-0.1600	0.0420	0.0000
1956	0.0040	0.0320	0.0060	-0.1580	0.0430	0.0000
1957	0.0120	0.0180	-0.0140	-0.1570	0.0470	0.0000
1958	0.0310	0.0390	0.0240	-0.1590	0.0430	0.0000
1959	0.0280	0.0190	0.0330	-0.1550	0.0430	0.0000
1960	-0.0380	0.0350	-0.0100	-0.1510	0.0420	0.0000
1961	0.0090	-0.1160	-0.0420	-0.1500	0.0390	0.0000
1962	0.0150	0.0240	-0.0260	-0.1580	0.0380	0.0000
1963	-0.0110	0.0490	-0.0170	-0.1560	0.0380	0.0000
1964	-0.0110	0.0340	-0.0110	-0.2010	0.0400	0.0000
1965	0.0100	0.0460	0.0110	-0.2000	0.0430	0.0000
1966	0.0360	0.0350	0.0540	-0.1990	0.0410	0.0000
1967	0.0380	0.0360	0.0520	-0.2010	0.0390	0.0000
1968	-0.0060	0.0340	-0.0020	-0.2010	0.0330	0.0000
1969	-0.0070	0.0600	0.0100	-0.2000	0.0340	0.0000
1970	0.0130	0.0500	-0.0120	-0.1970	0.0250	0.0000
1971	0.0110	0.0550	-0.0260	-0.1960	0.0210	0.0000
1972	-0.0270	0.0330	0.0280	-0.1920	0.0180	0.0000
1973	-0.0220	0.0130	-0.0220	-0.1950	0.0210	0.0000
1974	-0.0030	0.0450	-0.0050	-0.2040	0.0240	0.0000
1975	-0.0070	0.0510	0.0300	-0.1980	0.0280	0.0000
1976	-0.0130	0.0340	-0.0070	-0.1970	0.0280	0.0000
1977	-0.0160	0.0070	-0.0270	-0.2000	0.0300	0.0000
1978	0.0090	0.0470	0.0010	-0.2030	0.0360	0.0000
1979	-0.0020	0.0280	-0.0480	-0.1980	0.0340	0.0000
1980	-0.0220	0.0520	0.0440	-0.1990	0.0340	0.0000
1981	-0.0040	0.0450	0.0240	-0.2020	0.0300	0.0000
1982	-0.0160	0.0380	-0.0290	-0.1990	0.0300	0.0000
1983	0.0170	0.0480	-0.0370	-0.2470	0.0270	0.0000
1984	0.0030	0.0560	0.0210	-0.2480	0.0260	0.0000
1985	0.0030	0.0220	0.0180	-0.2410	0.0270	0.0000
1986	-0.0380	0.0430	-0.0210	-0.2390	0.0260	0.0000
1987	-0.0160	0.0580	-0.0330	-0.2380	0.0290	0.0000
1988	0.0140	0.0360	-0.0280	-0.2390	0.0330	0.0000
1989	0.0150	0.0700	0.0210	-0.2410	0.0340	0.0000
1990	0.0060	0.0530	0.0340	-0.2390	0.0330	0.0000
1991	-0.0270	0.0540	0.0040	-0.2390	0.0310	0.0000
1992	0.0320	0.0350	0.0330	-0.2400	0.0330	0.0000
1993	0.0080	0.0430	0.0000	-0.2390	0.0350	0.0000
1994	0.0120	0.0670	-0.0270	-0.2380	0.0350	0.0000
1995	-0.0170	0.0450	-0.0400	-0.2370	0.0350	0.0000
1996	0.1300	0.0310	0.0120	-0.2330	0.0370	0.0000
1997	0.0570	0.0410	-0.0080	-0.2340	0.0330	0.0000
1998	0.0060	0.0590	0.0000	-0.2300	0.0320	0.0000
1999	-0.0340	0.0410	-0.0010	-0.2270	0.0290	0.0000
2000	0.0310	0.0430	-0.0110	-0.2280	0.0310	0.0000
2001	0.0140	0.0510	0.0330	-0.2730	0.0300	0.0000
2002	0.0120	0.0530	-0.0210	-0.2720	0.0320	0.0000
2003	0.0200	0.0530	-0.0210	-0.2720	0.0320	0.0000
2004	0.0100	0.0610	0.0190	-0.2770	0.0350	0.0000
2005	-0.0200	0.0690	-0.0540	-0.2760	0.0330	0.0000
2006	0.0200	0.0320	0.0000	-0.2740	0.0260	0.0000
2007	-0.0170	0.0480	0.0070	-0.2740	0.0220	0.0000
2008	0.0280	0.0390	-0.0670	-0.2780	0.0240	0.0000
2009	0.0190	0.0560	0.0100	-0.2770	0.0230	0.0000
2010	0.0070	0.0370	0.0450	-0.2820	0.0240	0.0000
2011	-0.0100	0.0130	-0.0530	-0.2860	0.0220	0.0000
2012	0.0360	0.0580	0.0250	-0.2910	0.0210	0.0000
2013	0.0410	0.0630	0.0040	-0.2860	0.0190	0.0000
2014	0.0120	0.0640	0.0270	-0.2850	0.0180	0.0000
2015	0.0120	0.0470	0.0390	-0.2900	0.0140	0.0000
2016	-0.0230	0.0620	-0.0120	-0.2910	0.0100	0.0000
2017	0.0280	0.0350	-0.0280	-0.2880	0.0130	0.0000
2018	0.0250	0.0330	-0.0240	-0.2870	0.0110	0.0000
2019	-0.0140	0.0500	-0.0550	-0.2850	0.0110	0.0000
2020	-0.0100	0.0550	-0.0050	-0.2850	0.0120	0.0000
2021	0.0210	0.0320	0.0300	-0.2840	0.0130	0.0000
2022	0.0210	0.0500	0.0310	-0.2880	0.0120	0.0000
2023	-0.0130	0.0540	-0.0180	-0.2880	0.0050	0.0000
2024	-0.0300	0.0650	0.0040	-0.2850	-0.0010	0.0000
2025	0.0010	0.0370	-0.0020	-0.2870	-0.0060	0.0000
2026	-0.0070	0.0370	-0.0740	-0.2880	-0.0090	0.0000
2027	-0.0400	0.0710	-0.0360	-0.2880	-0.0100	0.0000
2028	-0.0190	0.0540	-0.0150	-0.2850	-0.0040	0.0000
2029	0.0070	0.0520	-0.0060	-0.2900	-0.0040	0.0000
2030	0.0290	0.0450	0.0310	-0.2920	-0.0030	0.0000
2031	-0.0200	0.0320	-0.0120	-0.2930	0.0000	0.0000
2032	0.0130	0.0560	-0.0120	-0.2940	0.0000	0.0000
2033	-0.0120	0.2110	-0.0340	-0.2920	0.0010	0.0000
2034	-0.0230	0.0410	-0.0100	-0.2870	0.0030	0.0000
2035	-0.0210	0.0440	-0.0080	-0.2880	0.0010	0.0000
2036	0.0210	0.0530	-0.0060	-0.2960	0.0050	0.0000
2037	-0.0130	0.0600	-0.0140	-0.2990	0.0080	0.0000
2038	-0.0140	0.0420	-0.0330	-0.3020	0.0090	0.0000
2039	-0.0100	0.0690	0.0340	-0.3020	0.0070	0.0000
2040	-0.0010	0.0500	-0.0080	-0.3050	0.0080	0.0000
2041	-0.0020	0.0480	-0.0480	-0.3090	0.0040	0.0000
2042	-0.0350	0.0520	0.0710	-0.3070	0.0040	0.0000
2043	0.0220	0.0510	0.0060	-0.3080	0.0050	0.0000
2044	-0.0350	0.0690	0.0070	-0.3110	0.0080	0.0000
2045	0.0010	0.0540	-0.0220	-0.3100	0.0130	0.0000
2046	0.0430	0.0700	0.0110	-0.3000	-1.3010	0.0000
2047	-0.0050	0.0760	0.0350	-0.3120	0.0600	0.0000
2048	0.0040	0.0310	-0.0060	-0.3120	0.0600	0.0000
2049	-0.0200	0.0660	-0.0290	-0.3100	-0.5200	0.0000
2050	0.0080	0.2060	-0.0060	-0.3110	0.0130	0.0000
2051	0.0080	0.2060	-0.0060	-0.3110	0.0130	0.0000
2052	-0.0340	0.0620	0.0200	-0.3130	0.0090	0.0000
2053	-0.0250	0.0480	0.0070	-0.3110	0.0070	0.0000
2054	0.0010	0.0610	-0.0210	-0.3130	0.0010	0.0000
2055	0.0120	0.0340	0.0400	-0.3150	-0.0040	0.0000
2056	-0.0170	0.0360	-0.0010	-0.3140	-0.0040	0.0000
2057	-0.0180	0.0520	-0.0370	-0.3130	-0.0060	0.0000
2058	-0.0170	0.0690	-0.0290	-0.3100	-0.0050	0.0000
2059	-0.0130	0.0430	0.0360	-0.3060	-0.0030	0.0000
2060	0.0200	0.0470	0.0250	-0.3120	-0.0050	0.0000
2061	-0.0250	0.0610	-0.0200	-0.3090	-0.0050	0.0000
2062	-0.0040	0.0700	0.0260	-0.3090	0.0020	0.0000
2063	0.0090	0.0660	-0.0280	-0.3090	0.0020	0.0000
2064	-0.0070	0.0460	-0.0140	-0.3100	0.0600	0.0000
2065	-0.0010	0.0370	0.0270	0.0000	0.0600	0.0000
2066	0.0030	0.0400	-0.0530	-0.3150	0.0060	0.0000
2067	0.0000	0.0790	-0.0410	-0.3150	0.0060	0.0000
2068	-0.0120	0.0650	-0.0020	-0.3100	0.0070	0.0000
2069	0.0050	0.0690	0.0230	-0.3091	0.0070	0.0000
2070	-0.0210	0.0440	0.0180	-0.3000	0.0020	0.0000
2071	-0.0140	0.0640	-0.0180	-0.0700	0.0010	0.0000
2072	-0.0370	0.0740	0.0260	0.0000	0.0030	0.0000
2073	-0.0170	0.0560	-0.0060	-0.3040	0.0040	0.0000
2074	-0.0180	0.0640	-0.0060	-0.3080	0.0030	0.0000
2075	0.0320	0.0780	-0.0266	-0.3080	0.0030	0.0000
2076	0.0020	0.0390	-0.0266	-0.3080	0.0030	0.0000
2077	0.0140	0.0680	-0.0310	-0.3120	0.0030	0.0000
2078	0.0000	0.0800	-0.0310	-0.3120	0.0030	0.0000
2079	-0.0090	0.0330	0.0000	-0.3120	0.0030	0.0000
2080	0.0300	0.0330	0.0000	-0.3120	0.0030	0.0000
2081	-0.0150	0.0480	0.0100	-0.3050	0.0060	0.0000
2082	-0.0200	0.0480	0.0100	-0.3050	0.0060	0.0000
2083	-0.0130	0.0440	-0.0240	-0.2680	0.0000	0.0000
2084	0.0013	0.0440	-0.0240	-0.2680	0.0000	0.0000
2085	0.0180	0.0530	0.0120	-0.2690	-0.0040	0.0000
2086	0.0160	0.0660	0.0370	-0.2670	-0.0040	0.0000
2087	-0.0070	0.0550	0.0100	-0.2660	-0.0040	0.0000
2088	-0.0170	0.0550	0.0100	-0.2660	-0.0040	0.0000
2089	0.0117	0.0410	-0.0030	-0.2600	-0.0040	0.0000
2090	0.0140	0.0690	-0.0180	-0.2570	-0.0060	0.0000
2091	0.0260	0.0520	-0.0030	-0.2560	-0.0030	0.0000
2092	-2.0000	0.0430	0.0060	-0.2560	-0.0010	0.0000
2093	-0.0170	0.0750	-0.0620	-0.2560	-0.0020	0.0000
2094	-0.0110	0.0730	-0.0180	-0.2530	-0.0020	0.0000
2095	-0.0270	0.0600	0.0120	-0.2510	-0.0060	0.0000
2096	0.0010	0.0410	0.0370	-0.2470	-0.0010	0.0000
2097	-0.0070	0.0300	0.0180	-0.2470	0.0000	0.0000
2098	-0.0380	0.0640	-0.0190	-0.2460	0.0030	0.0000
2099	0.0210	0.0520	0.0100	-0.2480	0.0050	0.0000
2100	0.0290	0.0320	-0.0170	-0.2430	0.0060	0.0000
2101	-0.0030	0.0460	0.0100	-0.2020	-0.8370	0.0000
2102	0.0110	0.0310	0.0010	-0.2020	-0.8370	0.0000
2103	0.0060	0.0340	-0.0520	0.2400	0.0080	0.0000
2104	-0.0020	0.0540	-0.0170	0.0110	-0.8720	0.0000
2105	-0.0040	0.0290	-0.0220	-0.2440	0.0130	0.0000
2106	-0.0120	0.0400	-0.0220	-0.2430	0.0180	0.0000
2107	0.0080	0.0340	-0.0220	-0.2430	0.0180	0.0000
2108	-0.0120	0.0480	-0.4300	-0.2400	0.0230	0.0000
2109	0.0400	0.0000	-0.4300	-0.2400	0.0230	0.0000
2110	0.0020	0.0650	0.0190	-0.2360	0.0190	0.0000
2111	-0.0290	0.0650	0.0190	-0.2360	0.0190	0.0000
2112	-0.0060	0.0320	-0.0150	-0.2410	0.0170	0.0000
2113	-0.0360	0.0320	-0.0150	-0.2410	0.0170	0.0000
2114	0.0360	0.0046	-0.0250	-0.2380	0.0150	0.0000
2115	0.0360	0.0046	-0.0250	-0.2380	0.0150	0.0000
2116	0.0360	0.0610	-0.0010	-0.2440	0.0160	0.0000
2117	-0.0360	0.0610	-0.0010	-0.2440	0.0160	0.0000
2118	0.0223	0.0470	0.0030	-0.2490	0.0240	0.0000
2119	0.0220	0.0600	0.0010	-0.2460	0.0280	0.0000
2120	-0.0010	0.0200	0.0380	-0.2470	0.0270	0.0000
2121	0.0180	0.0000	0.0170	-0.2530	0.0300	0.0000
2122	-0.0060	28.0000	-0.0160	-0.2520	0.0260	0.0000
2123	0.0230	28.0000	-0.0160	-0.2520	0.0260	0.0000
2124	0.0230	28.0000	-0.0160	-0.2520	0.0260	0.0000
2125	0.0050	0.0290	-0.0400	-0.2570	0.0270	0.0000
2126	0.0000	0.0280	-0.0160	-0.2530	0.0270	0.0000
2127	0.0020	0.0510	-0.0020	-0.2540	0.0240	0.0000
2128	0.0170	0.0320	0.0020	-0.2540	0.0250	0.0000
2129	-0.0250	0.0420	0.0040	-0.2550	0.0230	0.0000
2130	-0.0120	0.0510	-0.0170	-0.2530	0.0220	0.0000
2131	-0.0130	0.0370	-0.0260	-0.2500	0.0220	0.0000
2132	-0.0100	0.0390	-0.0250	-0.2510	0.0290	0.0000
2133	0.0550	0.0470	-0.0250	-0.2480	0.0290	0.0000
2134	0.0340	0.0470	-0.0400	-0.2450	0.0260	0.0000
2135	-0.0010	0.0240	0.0060	-0.2460	0.0260	0.0000
2136	-0.0080	0.0360	0.0340	-0.2050	0.0260	0.0000
2137	0.0300	0.0400	0.0480	-0.2050	0.0210	0.0000
2138	-0.0130	0.0420	-0.0490	-0.2060	0.0170	0.0000
2139	-0.0120	0.0350	-0.0340	-0.2040	0.0150	0.0000
2140	-0.0010	0.0440	-0.0390	-0.2030	0.0140	0.0000
2141	0.0080	0.0180	0.0410	-0.1990	0.0130	0.0000
2142	0.0260	0.0430	0.0040	-0.2000	0.0160	0.0000
2143	0.0240	0.0490	-0.0280	-0.1980	0.0200	0.0000
2144	-0.0040	0.0440	0.0060	-0.1950	0.0190	0.0000
2145	0.0004	0.0440	0.0060	-0.1950	0.0190	0.0000
2146	0.0020	0.0270	0.0460	-0.1920	0.0240	0.0000
2147	0.0020	0.0270	0.0460	-0.1920	0.0240	0.0000
2148	-0.0120	0.0240	-0.0090	-0.1920	0.0230	0.0000
2149	-0.0130	0.0360	0.0700	-0.1930	0.0230	0.0000
2150	0.0060	0.0190	0.0080	-0.1890	0.0210	0.0000
2151	-0.0070	0.0420	-0.0100	-0.1880	0.0220	0.0000
2152	-0.0060	0.0070	-0.0010	-0.1860	0.0230	0.0000
2153	-0.0210	0.0330	-0.0020	-0.1460	0.0210	0.0000
2154	0.0000	0.0090	0.0010	-0.1450	0.0200	0.0000
2155	-0.0130	0.0480	0.0010	-0.1510	0.0200	0.0000
2156	0.0020	0.0170	-0.0300	-0.1520	0.0220	0.0000
2157	0.0120	0.0280	0.0330	-0.1570	0.0230	0.0000
2158	0.0130	0.0310	0.0100	-0.1580	0.0270	0.0000
2159	0.0450	0.0300	0.0250	-0.1590	0.0200	0.0000
2160	-0.0030	0.0450	0.0030	-0.1550	0.0170	0.0000
2161	0.0350	0.0050	0.0020	-0.1570	0.0120	0.0000
2162	-0.0170	0.0190	0.0050	-0.1570	0.0150	0.0000
2163	0.0020	0.0230	-0.0610	-0.1560	0.0190	0.0000
2164	-0.0100	-0.0100	-0.0380	-0.1590	0.0230	0.0000
2165	-0.0150	0.0230	0.0370	-0.1600	0.0250	0.0000
2166	-0.0010	0.0430	0.0530	-0.1630	0.0250	0.0000
2167	0.0210	0.0360	-0.0080	-0.1600	0.0280	0.0000
2168	-0.0180	0.0430	-0.0130	-0.1620	0.0260	0.0000
2169	-0.0320	0.0230	-0.0580	-0.1620	0.0300	0.0000
2170	-0.0360	0.0350	0.0270	-0.1640	0.0310	0.0000
2171	-0.0070	0.0460	-0.0270	-0.1620	0.0310	0.0000
2172	0.0080	0.0320	-0.0660	-0.1590	0.0370	0.0000
2173	0.0450	0.0360	0.0380	-0.1610	0.0370	0.0000
2174	0.0000	0.0290	0.0090	-0.1570	0.0370	0.0000
2175	0.0400	0.0410	0.0340	-0.1580	0.0360	0.0000
2176	-0.1410	0.0290	-0.0040	-0.1610	0.0280	0.0000
2177	-0.0100	0.0440	-0.0220	-0.1610	0.0240	0.0000
2178	0.0060	0.0160	-0.0120	-0.1640	0.0240	0.0000
2179	-0.0040	0.0590	0.0330	-0.1650	0.0280	0.0000
2180	0.0220	0.0290	-0.0580	-0.1610	0.0290	0.0000
2181	-0.0030	0.0190	-0.0230	-0.1650	0.0280	0.0000
2182	0.0300	0.0610	0.0380	-0.1650	0.0260	0.0000
2183	0.0010	0.0460	0.0330	-0.1620	0.0270	0.0000
2184	0.0020	0.0280	-0.0490	-0.1670	0.0290	0.0000
2185	0.0430	0.0420	-0.0280	-0.1700	0.0300	0.0000
2186	-0.0020	0.0170	-0.0360	-0.1670	0.0290	0.0000
2187	-0.0030	0.0100	-0.0150	-0.1630	0.0280	0.0000
2188	0.0080	0.0420	-0.0250	-0.1690	0.0260	0.0000
2189	0.0070	0.0300	-0.0160	-0.1700	0.0270	0.0000
2190	0.0070	0.0450	-0.0540	-0.1670	0.0250	0.0000
2191	-0.0060	0.0610	0.0330	-0.1660	0.0310	0.0000
2192	0.0100	0.0540	-0.0190	-0.1640	0.0340	0.0000
2193	-0.0270	0.0500	-0.0190	-0.1680	0.0360	0.0000
2194	0.0090	0.0200	0.0060	-0.1710	0.0420	0.0000
2195	-0.0480	0.0530	0.0030	-0.1660	0.0500	0.0000
2196	0.0200	0.0180	-0.0060	-0.1660	0.0560	0.0000
2197	0.0210	0.0270	-0.0370	-0.1690	0.0590	0.0000
2198	0.0420	0.0320	-0.0520	-0.1700	0.0600	0.0000
2199	0.0240	0.0300	0.0060	-0.1270	0.0600	0.0000
2200	-0.0440	0.0130	-0.0420	-0.1260	0.0590	0.0000
2201	0.0180	0.0300	-0.0470	-0.1270	0.0580	0.0000
2202	0.0150	0.0090	-0.0210	-0.1280	0.0560	0.0000
2203	-0.0040	0.0200	0.0090	-0.1290	0.0630	0.0000
2204	-0.0010	0.0250	-0.0060	-0.1260	0.0620	0.0000
2205	0.0210	0.0500	-0.0370	-0.1270	0.0590	0.0000
2206	0.0000	0.0160	-0.0430	-0.1240	0.0590	0.0000
2207	-0.0120	0.0120	0.0410	-0.1230	0.0560	0.0000
2208	0.0160	0.0110	0.0130	-0.1170	0.0530	0.0000
2209	0.0170	0.0350	-0.0180	-0.1160	0.0560	0.0000
2210	0.0130	0.0380	-0.0160	-0.1200	0.0570	0.0000
2211	0.0040	0.0190	0.0360	-0.1250	0.0520	0.0000
2212	-0.0160	0.0150	-0.0250	-0.1160	0.0500	0.0000
2213	-0.0060	0.0190	0.0250	-0.1160	0.0520	0.0000
2214	-0.0040	0.0250	-0.0460	-0.1130	0.0500	0.0000
2215	-0.0040	0.0200	-0.0010	-0.1150	0.0450	0.0000
2216	0.0350	0.0300	0.0280	-0.1160	0.0480	0.0000
2217	0.0340	0.0050	-0.0180	-0.1180	0.0490	0.0000
2218	-0.0060	0.0140	0.0070	-0.1210	0.0490	0.0000
2219	-0.0230	0.0170	-0.0400	-0.1250	0.0510	0.0000
2220	0.0040	0.0130	-0.0130	-0.1230	0.0550	0.0000
2221	0.0070	0.0160	-0.0130	-0.1210	0.0570	0.0000
2222	-0.0100	0.1680	0.0410	-0.1260	0.0540	0.0000
2223	0.0250	0.0360	0.0100	-0.1230	0.0540	0.0000
2224	0.0280	0.0240	0.0230	-0.1250	0.0570	0.0000
2225	0.0300	-0.0050	0.0090	-0.1230	0.0570	0.0000
2226	0.0010	0.0230	-0.0250	-0.1230	0.0580	0.0000
2227	-0.0080	0.0030	-0.0360	-0.1270	0.0580	0.0000
2228	-0.0290	0.0030	-0.0060	-0.1320	0.0600	0.0000
2229	0.0060	0.0360	0.0170	-0.1330	0.0610	0.0000
2230	0.0080	0.0360	0.0340	-0.1300	0.0630	0.0000
2231	0.0320	0.0250	-0.0310	-0.1290	0.0630	0.0000
2232	0.0180	0.0220	0.0100	-0.1310	0.0660	0.0000
2233	-0.0210	0.0300	0.0240	-0.1310	0.0670	0.0000
2234	0.0000	0.0380	0.0200	-0.1780	0.0670	0.0000
2235	-0.0080	0.0430	-0.0240	-0.1800	0.0700	0.0000
2236	-0.0110	0.0290	-0.0120	-0.1820	0.0670	0.0000
2237	0.0170	0.0250	0.0080	-0.1780	0.0660	0.0000
2238	0.0160	0.0330	0.0210	-0.1760	0.0660	0.0000
2239	-0.0050	0.0530	-0.0150	-0.1820	0.0680	0.0000
2240	0.0250	0.0150	0.0190	-0.1850	0.0670	0.0000
2241	0.0360	0.0620	-0.0240	-0.1870	0.0690	0.0000
2242	0.0010	0.0240	-0.0100	-0.1870	0.0680	0.0000
2243	0.0170	0.0380	-0.0320	-0.1890	0.0650	0.0000
2244	0.0020	0.0280	-0.0550	-0.1880	0.0600	0.0000
2245	0.0050	0.0270	0.0100	-0.1890	0.0600	0.0000
2246	0.0140	0.0310	-0.0180	-0.1810	0.0570	0.0000
2247	0.0260	0.0170	-0.0120	-0.1830	0.0570	0.0000
2248	0.0100	0.0210	0.0150	-0.1850	0.0570	0.0000
2249	-0.0150	0.0380	-0.0350	-0.1850	0.0570	0.0000
2250	-0.0090	0.0530	0.0430	-0.1840	0.0590	0.0000
2251	0.0210	0.0220	-0.0130	-0.1780	0.0560	0.0000
2252	-0.0050	0.0220	-0.0290	-0.1760	0.0540	0.0000
2253	0.0070	0.0240	0.0390	-0.1750	0.0530	0.0000
2254	-0.0080	0.0570	0.0460	-0.1770	0.0470	0.0000
2255	-0.0230	0.0350	-0.0330	-0.1790	0.0500	0.0000
2256	-0.1120	0.0520	-0.0290	-0.1730	0.0480	0.0000
2257	0.0190	0.0230	0.0280	-0.1720	0.0570	0.0000
2258	-0.0140	0.0630	-0.0020	-0.1710	0.0520	0.0000
2259	0.0160	0.0090	0.0120	-0.1700	0.0510	0.0000
2260	0.0100	0.0350	-0.0120	-0.1740	0.0490	0.0000
2261	-0.0030	0.0400	-0.0210	-0.1740	0.0560	0.0000
2262	0.0140	0.0480	0.0560	-0.1760	0.0570	0.0000
2263	0.0090	0.0400	-0.0200	-0.1770	0.0500	0.0000
2264	-0.0080	0.0450	-0.0130	-0.1760	0.0500	0.0000
2265	0.0280	0.0290	-0.0250	0.0000	0.0500	0.0000
2266	0.0200	0.0520	0.0170	-0.1770	0.0000	0.0000
2267	0.0270	0.0280	0.0150	-0.1740	0.0690	0.0000
2268	0.0100	0.0180	-0.1090	-0.1760	0.0720	0.0000
2269	-0.0080	0.0470	-0.0270	-0.1770	0.0700	0.0000
2270	0.0280	0.0410	-0.0340	-0.1360	0.0072	0.0000
2271	0.0280	0.0270	0.0150	-0.1370	0.0066	0.0000
2272	0.0140	0.0240	0.0070	-0.1330	0.0660	0.0000
2273	-0.0530	0.0060	-0.0320	-0.1330	64.0000	0.0000
2274	0.0210	0.0180	-0.0050	-0.1363	64.0000	0.0000
2275	-0.0200	0.0170	0.0010	-0.1370	0.0630	0.0000
2276	-0.0170	0.0320	-0.0140	-0.1700	0.0670	0.0000
2277	0.0200	0.0420	-0.0290	0.0000	0.0680	0.0000
2278	-0.0140	0.0370	0.0070	-0.1360	0.0690	0.0000
2279	0.0360	0.0260	-0.0150	-0.1280	0.0690	0.0000
2280	0.0190	0.0500	0.0050	-0.1250	0.0640	0.0000
2281	-0.0130	0.0350	-0.0430	0.0580	-0.5290	0.0000
2282	0.0300	0.0155	-0.0430	0.0580	-0.5290	0.0000
2283	0.0100	0.0240	0.0338	-0.1240	0.0480	0.0000
2284	-0.0020	0.0140	0.0000	-0.1210	0.0490	0.0000
2285	0.0060	0.1550	-0.0230	0.0000	0.0450	0.0000
2286	0.0090	0.0220	-0.0060	-0.1200	0.0450	0.0000
2287	-0.0260	0.0310	-0.0090	0.0480	-0.4140	0.0000
2288	0.0050	0.0240	0.0200	9.0000	-0.1160	0.0000
2289	0.0320	0.0310	0.0010	9.0000	-0.1160	0.0000
2290	-0.0140	0.0030	-0.1000	-0.1140	0.0490	0.0000
2291	-0.0450	0.0090	-0.0040	-0.1120	0.0470	0.0000
2292	0.0110	0.0240	-0.0150	-0.1140	0.0490	0.0000
2293	0.1170	0.0380	0.0150	-0.1160	0.0480	0.0000
2294	-0.0040	0.1690	-0.1210	0.0470	-0.4570	0.0000
2295	-0.0090	-0.0080	0.0040	-0.1190	0.0460	0.0000
2296	0.0180	0.0000	-0.0470	-0.1140	0.0460	0.0000
2297	0.0380	0.0130	0.0060	-0.0730	0.0460	0.0000
2298	0.0100	0.0080	-0.0070	-0.0740	0.0440	0.0000
2299	-0.0040	0.0360	0.0260	-0.0770	0.0410	0.0000
2300	-0.0040	0.0120	-0.0190	-0.0790	0.0390	0.0000
2301	-0.0110	0.0120	0.0160	-0.0830	0.0340	0.0000
2302	0.1090	0.0220	-0.0180	-0.0850	0.0340	0.0000
2303	-0.0440	0.0240	-0.0190	-0.0850	0.0300	0.0000
2304	-0.0180	0.0410	0.0050	-0.0850	0.0280	0.0000
2305	-0.0040	-0.0020	0.0120	-0.0790	0.0260	0.0000
2306	0.0250	0.0200	0.0210	-0.0790	0.0290	0.0000
2307	-0.0130	0.0040	-0.0400	-0.0820	0.0260	0.0000
2308	0.0380	-0.0070	0.0150	-0.0840	0.0280	0.0000
2309	0.0240	0.0000	0.0080	-0.0850	0.0330	0.0000
2310	-0.0060	-28.0000	-0.0240	-0.0810	0.0290	0.0000
2311	0.0050	-28.0000	-0.0240	-0.0810	0.0290	0.0000
2312	-0.0060	0.0170	-0.0870	0.0300	-1.3860	0.0000
2313	-0.0060	0.0100	-0.0280	-0.0870	0.0300	0.0000
2314	0.0004	0.0200	0.0160	-0.0830	0.0290	0.0000
2315	0.0010	0.0250	-0.0530	-0.0780	0.0320	0.0000
2316	-33.0000	0.0140	-0.0080	-0.0790	0.0340	0.0000
2317	-0.0080	0.0100	-0.0340	-0.0820	0.0310	0.0000
2318	0.0550	0.0050	0.0230	-0.0830	0.0310	0.0000
2319	0.1150	0.0050	0.0230	-0.0830	0.0310	0.0000
2320	0.0170	0.0080	-0.0280	-0.0870	0.0190	0.0000
2321	0.0010	-0.1280	-0.0030	-0.0850	0.0180	0.0000
2322	-13.0000	0.0320	0.0080	-0.0860	0.0190	0.0000
2323	-0.0030	0.0110	-0.0190	-0.0830	0.0200	0.0000
2324	-0.0030	0.0180	0.0190	-0.0850	0.0210	0.0000
2325	0.0010	0.0100	-0.0110	-0.0810	0.0210	0.0000
2326	-0.0370	0.0280	-0.0140	-0.0830	0.0210	0.0000
2327	0.0380	0.0300	-0.0010	-0.0820	0.0220	0.0000
2328	0.0260	0.0270	0.0080	-0.0840	0.0240	0.0000
2329	-0.1550	0.0490	-0.0110	-0.0860	0.0210	0.0000
2330	0.0230	0.0190	0.0030	-0.0860	0.0210	0.0000
2331	-0.0190	0.0180	-0.0060	-0.0800	0.0220	0.0000
2332	0.0160	0.0290	0.0090	-0.0750	0.0200	0.0000
2333	-0.0040	0.0210	0.0160	-0.0750	0.0200	0.0000
2334	-0.0310	0.0010	-0.0030	-0.0760	0.0180	0.0000
2335	0.0120	0.0090	-0.0170	-0.0770	0.0200	0.0000
2336	0.0340	0.0300	-0.0060	-0.0780	0.0210	0.0000
2337	0.0040	0.0100	-0.0300	-0.0730	0.0230	0.0000
2338	0.0310	0.0060	0.0130	-0.0740	0.0270	0.0000
2339	0.0220	0.0220	0.0130	-0.0750	0.0270	0.0000
2340	-0.0160	-0.1250	-0.0210	-0.0770	0.0250	0.0000
2341	0.0340	0.0070	-0.0180	-0.0810	0.0260	0.0000
2342	0.0110	0.0110	0.0280	-0.0800	0.0280	0.0000
2343	-0.0320	0.0200	0.0010	-0.0390	0.0290	0.0000
2344	0.0210	0.0210	0.0120	-0.0440	0.0220	0.0000
2345	0.0210	0.0210	0.0120	-0.0440	0.0220	0.0000
2346	-0.0040	0.0060	-0.0080	-0.0470	0.0160	0.0000
2347	-0.0040	0.0060	-0.0080	-0.0470	0.0160	0.0000
2348	-0.0130	-0.0050	-0.0350	-0.0550	0.0170	0.0000
2349	0.0200	0.0060	0.0120	-0.0540	0.0170	0.0000
2350	-0.0040	-0.0100	0.0190	-0.0560	0.0150	0.0000
2351	0.0210	-0.0010	-0.0270	-0.0600	0.0150	0.0000
2352	0.0200	0.0030	0.0250	-0.0620	0.0150	0.0000
2353	0.0150	0.0300	0.0020	-0.0630	0.0160	0.0000
2354	-0.0500	0.0230	0.0030	-0.0620	0.0190	0.0000
2355	-0.0180	-0.0010	-0.0320	-0.0600	0.0250	0.0000
2356	-0.0420	0.0080	-0.0130	-0.0600	0.0280	0.0000
2357	0.0070	0.0130	-0.0040	-0.0610	0.0320	0.0000
2358	0.0120	0.0230	-0.0100	-0.0610	0.0320	0.0000
2359	-0.0120	0.0070	-0.0220	-0.0590	0.0320	0.0000
2360	0.0170	0.0000	-0.0320	-0.0580	0.0320	0.0000
2361	-0.0110	-0.0030	-0.0080	-0.0620	0.0300	0.0000
2362	-0.0010	0.0000	0.0000	-0.0620	0.0290	0.0000
2363	-0.0370	-0.0100	-0.0200	-0.0620	0.0370	0.0000
2364	0.0250	0.0080	-0.0140	-0.0610	0.0400	0.0000
2365	-0.0110	0.0270	0.0150	-0.0630	0.0440	0.0000
2366	0.0420	-0.1320	-0.0180	-0.0580	0.0400	0.0000
2367	0.0370	-0.0170	0.0000	-0.0600	0.0410	0.0000
2368	0.0120	-0.0070	-0.0280	-0.0580	0.4100	0.0000
2369	0.0180	0.0320	-0.0050	-0.0630	0.0360	0.0000
2370	0.0220	0.0190	0.0120	-0.0640	0.0000	0.0000
2371	-0.0030	0.0060	-0.0300	-0.0640	0.0351	0.0000
2372	-0.0350	0.0230	-0.0130	-0.0650	0.0351	0.0000
2373	0.0070	0.0040	-0.0210	-0.0640	0.0441	0.0000
2374	0.0190	0.0240	-0.0300	-0.0640	0.0441	0.0000
2375	-0.0350	0.1720	-0.0390	-0.0590	0.4900	0.0000
2376	0.0100	-0.0070	0.0320	-0.0570	0.0500	0.0000
2377	-0.0090	0.0120	-0.0060	-0.0570	0.0500	0.0000
2378	0.0320	0.0090	-0.0680	-0.0602	0.0470	0.0000
2379	0.0400	0.0130	0.0070	-0.0602	0.0470	0.0000
2380	0.0010	0.0160	-0.0130	-0.0900	0.0480	0.0000
2381	-0.0150	0.0350	0.0130	-0.0900	0.0480	0.0000
2382	-0.0180	0.0110	0.0360	-0.0670	0.0450	0.0000
2383	-0.0070	0.0340	0.0360	-0.0670	0.0450	0.0000
2384	0.0290	0.1530	-0.0130	-0.0710	0.0460	0.0000
2385	0.0030	0.0010	-0.0130	-0.0710	0.0460	0.0000
2386	0.0040	-0.0060	0.0000	-0.0740	0.0500	0.0000
2387	0.0000	0.0006	0.0000	-0.0740	0.0500	0.0000
2388	-0.0030	0.0080	0.0190	-0.0770	0.0540	0.0000
2389	0.0100	0.0000	0.0190	-0.0770	0.0540	0.0000
2390	-0.0050	0.0290	-0.0040	-0.0940	0.0580	0.0000
2391	0.0120	0.0290	-0.0040	-0.0940	0.0580	0.0000
2392	0.0020	0.0360	0.0040	-0.0890	0.0620	0.0000
2393	0.0190	0.0170	0.0180	-0.0890	0.0640	0.0000
2394	0.0290	0.0170	0.0180	-0.0890	0.0640	0.0000
2395	0.0100	0.0310	0.0050	-0.0930	0.0680	0.0000
2396	0.0100	0.0310	0.0050	-0.0930	0.0680	0.0000
2397	-0.0070	0.0210	-0.0030	-0.0920	0.0680	0.0000
2398	-0.0070	0.0210	-0.0030	-0.0920	0.0680	0.0000
2399	0.0000	0.0290	-0.0030	-0.1350	0.0730	0.0000
2400	0.0000	0.0390	-0.0130	-0.1390	0.0720	0.0000
2401	0.1390	0.0260	-0.0490	-0.1350	0.0710	0.0000
2402	0.1160	0.0450	-0.0030	-0.1350	0.0720	0.0000
2403	0.0220	-0.0120	-0.0270	-0.1310	0.0720	0.0000
2404	0.0140	0.0220	-0.0610	-0.1310	0.0700	0.0000
2405	0.0230	0.0100	-0.0290	-0.1300	0.0720	0.0000
2406	0.0100	0.0210	0.0000	-0.1310	0.0670	0.0000
2407	0.0200	0.0130	0.0050	-0.1330	0.0660	0.0000
2408	-0.0070	0.0190	-0.0260	-0.1360	0.0590	0.0000
2409	0.0260	0.0470	-0.0030	-0.1360	0.0630	0.0000
2410	0.0600	0.0390	-0.0150	-0.1300	0.0620	0.0000
2411	-0.0020	0.0030	0.0130	-0.1260	0.0590	0.0000
2412	0.0230	0.0010	0.0030	-0.1210	0.0580	0.0000
2413	0.0320	0.0170	-0.0420	-0.1190	0.0560	0.0000
2414	0.0160	0.0270	0.0210	-0.1180	0.0530	0.0000
2415	0.0240	0.0190	-0.0210	-0.1210	0.0570	0.0000
2416	-0.0080	0.0180	-0.0130	-0.1650	0.0610	0.0000
2417	0.0320	0.0460	-0.0290	-0.1680	0.0570	0.0000
2418	0.0250	0.0560	0.0530	-0.1710	0.0550	0.0000
2419	0.0130	0.0260	-0.0680	-0.1620	0.0530	0.0000
2420	0.0470	0.0320	-0.0130	-0.1640	0.0530	0.0000
2421	0.0110	0.0410	0.0120	-0.1650	0.0500	0.0000
2422	0.0070	0.0110	-0.0240	-0.1660	0.0500	0.0000
2423	0.0210	0.0140	0.0250	-0.1650	0.0510	0.0000
2424	0.0270	0.0510	-0.0120	-0.1660	0.0520	0.0000
2425	-0.0290	0.0250	-0.0060	-0.1710	0.0530	0.0000
2426	0.0010	0.0460	-0.0110	-0.1720	0.0510	0.0000
2427	0.0350	0.0480	0.0050	-0.1780	0.0480	0.0000
2428	0.0490	0.0390	-0.0170	-0.1810	0.0480	0.0000
2429	0.0300	0.0100	-0.0170	-0.1790	0.0480	0.0000
2430	0.0310	0.0140	-0.0030	-0.1780	0.0480	0.0000
2431	-0.0170	0.0310	-0.0020	-0.1720	0.0420	0.0000
2432	-0.0310	0.0420	0.0100	-0.1740	0.0440	0.0000
2433	0.0280	0.0460	0.0140	-0.1750	0.0450	0.0000
2434	-0.0030	0.0350	0.0060	-0.1750	0.0430	0.0000
2435	0.0110	0.0420	0.0070	-0.1710	0.0490	0.0000
2436	-0.0050	0.0090	-0.0400	-0.1730	0.0500	0.0000
2437	0.0020	0.0170	-0.0040	-0.1750	0.0510	0.0000
2438	-0.0260	0.0440	-0.0480	-0.1740	0.0520	0.0000
2439	0.0090	0.0280	-0.0290	-0.1720	0.0510	0.0000
2440	0.0020	-0.1100	-0.0040	-0.1680	0.0540	0.0000
2441	-0.0170	0.0240	0.0220	-0.1670	0.0540	0.0000
2442	0.0560	0.0190	0.0100	-0.1670	0.0540	0.0000
2443	-0.0200	0.0480	-0.0150	-0.1680	0.0500	0.0000
2444	0.0280	0.0380	0.0070	-0.1660	0.0530	0.0000
2445	0.0520	0.0320	0.0030	-0.1610	0.0590	0.0000
2446	-0.0390	0.0140	0.0000	-0.1580	0.0560	0.0000
2447	0.0300	0.0350	0.0450	-0.1570	0.0590	0.0000
2448	0.0310	0.0160	-0.0110	-0.1570	0.0550	0.0000
2449	-0.0300	0.1800	-0.0290	-0.1570	0.0520	0.0000
2450	-0.0110	0.0340	0.0000	-0.1570	0.0510	0.0000
2451	0.0010	0.0070	0.1710	-0.1560	0.0540	0.0000
2452	0.0040	0.0230	-0.0040	-0.1570	0.0540	0.0000
2453	-0.0100	0.0080	-0.0210	-0.1560	0.0490	0.0000
2454	-0.0050	0.0210	-0.0130	-0.1620	0.0480	0.0000
2455	-0.0110	0.0310	-0.0020	-0.1660	0.0460	0.0000
2456	0.0030	0.0220	0.0380	-0.1650	0.0460	0.0000
2457	0.0290	0.0170	-0.0240	-0.1620	0.0480	0.0000
2458	-0.0160	0.0050	-0.0310	-0.1650	0.0500	0.0000
2459	-0.0130	0.0250	0.0030	-0.1650	0.0480	0.0000
2460	0.0190	0.0380	-0.0130	-0.1670	0.0530	0.0000
2461	0.0050	0.0340	0.0180	-0.1690	0.0540	0.0000
2462	0.0290	0.0250	-0.0150	-0.1680	0.0520	0.0000
2463	-0.0200	0.0100	-0.0280	-0.1660	0.0530	0.0000
2464	-0.0200	0.0290	0.0310	-0.1660	0.0520	0.0000
2465	0.0180	0.0420	0.0420	-0.1700	0.0550	0.0000
2466	0.0200	0.0260	-0.0170	-0.1710	0.0490	0.0000
2467	0.0000	0.0360	0.0160	-0.1730	0.0540	0.0000
2468	0.0440	0.0320	0.0360	-0.1720	0.0540	0.0000
2469	-0.0260	0.0430	0.0280	-0.1690	0.0550	0.0000
2470	-0.0110	0.0360	0.0130	-0.1690	0.0540	0.0000
2471	-0.0090	0.0380	-0.0180	-0.1650	0.0560	0.0000
2472	0.0080	0.0220	-0.0270	-0.1660	0.0550	0.0000
2473	0.0440	0.0410	0.0240	-0.1620	0.0540	0.0000
2474	0.0220	0.0490	-0.0580	-0.1640	0.0560	0.0000
2475	-0.0090	0.0190	-0.0580	-0.1650	0.0570	0.0000
2476	0.0150	0.1650	0.0360	-0.1590	0.0530	0.0000
2477	0.0010	0.0150	0.0300	-0.1530	0.0510	0.0000
2478	0.0190	0.0260	-0.0150	-0.1520	0.0540	0.0000
2479	-0.0160	0.0420	-0.0010	-0.1510	0.0580	0.0000
2480	0.0390	0.0250	-0.0340	-0.1480	0.0600	0.0000
2481	0.0040	0.0400	0.0180	-0.1480	0.0620	0.0000
2482	0.0400	0.0460	0.0150	-0.1450	0.0610	0.0000
2483	0.0500	0.0400	0.0440	-0.1470	0.0630	0.0000
2484	-0.0110	0.0200	-0.0480	-0.1460	0.0620	0.0000
2485	0.0130	0.0370	-0.0030	-0.1440	0.0570	0.0000
2486	0.0250	0.0140	-0.0140	-0.1480	0.0590	0.0000
2487	0.0230	0.0400	0.0340	-0.1480	0.0630	0.0000
2488	0.0050	0.0320	-0.0190	-0.1520	0.0610	0.0000
2489	0.0100	0.0200	0.0040	-0.1550	0.0600	0.0000
2490	0.0000	0.0400	-0.0150	-0.1590	0.0600	0.0000
2491	0.0020	0.0460	0.0290	-0.1660	0.0650	0.0000
2492	0.0280	0.0190	0.0180	-0.1670	0.0710	0.0000
2493	0.1380	0.0180	-0.0090	-0.1730	0.0710	0.0000
2494	0.0320	0.0250	-0.0060	-0.1690	0.0690	0.0000
2495	0.0250	-0.1110	0.0110	-0.1710	0.0680	0.0000
2496	0.0120	0.0360	0.0380	-0.1730	0.0700	0.0000
2497	0.0330	0.0550	-0.0110	-0.1760	0.0740	0.0000
2498	0.0350	0.0320	0.0070	-0.1790	0.0750	0.0000
2499	0.0350	0.0320	0.0070	-0.1790	0.0750	0.0000
2500	0.0270	0.0330	0.0540	-0.1880	0.0710	0.0000
2501	0.0270	0.0330	0.0540	-0.1880	0.0710	0.0000
2502	-0.0200	0.0340	-0.0660	-0.1850	0.0720	0.0000
2503	0.0080	0.0430	0.0500	-0.1850	0.0750	0.0000
2504	0.0380	0.0280	0.0250	-0.1800	0.0780	0.0000
2505	-0.0250	0.0370	0.0230	-0.1830	0.0760	0.0000
2506	-0.0250	0.0370	0.0230	-0.1830	0.0760	0.0000
2507	0.0100	0.0320	0.0030	-0.1900	0.0760	0.0000
2508	0.0320	0.0370	0.0000	-0.1900	0.0760	0.0000
2509	-0.0030	0.0160	-0.0650	-0.1890	0.0770	0.0000
2510	0.0260	0.0370	0.0050	-0.1860	0.0750	0.0000
2511	-0.0030	0.0250	-0.0570	-0.1800	0.0760	0.0000
2512	0.0220	0.0170	0.0210	-0.1810	0.0810	0.0000
2513	0.0660	0.0460	-0.0030	-0.1830	0.0840	0.0000
2514	-0.0130	0.0550	-0.0160	-0.1820	0.0790	0.0000
2515	-0.0270	0.0260	-0.0100	-0.1850	0.0780	0.0000
2516	0.0220	0.0490	0.0050	-0.1880	0.0770	0.0000
2517	0.0190	0.0360	0.0060	-0.1890	0.0780	0.0000
2518	0.0260	0.0380	0.0220	-0.1940	0.0810	0.0000
2519	-0.0010	0.0480	-0.0490	-0.1930	0.0780	0.0000
2520	-0.0020	0.0300	-0.0470	-0.1950	0.0780	0.0000
2521	0.0280	0.0170	0.0050	-0.1930	5.0000	0.0000
2522	-0.0070	0.0140	0.0330	-0.1920	0.0770	0.0000
2523	0.0010	0.0320	0.0090	-0.1930	0.0777	0.0000
2524	0.0150	0.0250	-0.0050	-0.1900	0.0770	0.0000
2525	0.0320	0.0310	-0.0210	-0.1920	0.0780	0.0000
2526	0.0080	0.0140	0.0460	-0.1890	0.0710	0.0000
2527	0.0290	0.0390	-0.0400	-0.1890	0.0720	0.0000
2528	-0.0160	0.0280	-0.0340	-0.1860	0.0700	0.0000
2529	-0.0030	0.0380	-0.0190	-0.1850	0.0700	0.0000
2530	0.0550	0.0380	0.0240	-0.1800	0.0000	0.0000
2531	0.0090	0.0360	0.0040	-0.1730	0.0750	0.0000
2532	-0.0020	0.0410	-0.0120	-0.1690	78.0000	0.0000
2533	0.0570	0.0140	0.0000	-0.1710	9.0000	0.0000
2534	0.0230	0.0210	-0.0130	-0.1700	9.0000	0.0000
2535	0.0150	0.0460	0.0060	-0.1773	0.0810	0.0000
2536	-0.0190	0.0360	-0.0690	-0.3000	0.0820	0.0000
2537	0.0200	0.0370	-0.0220	-0.1700	0.0830	0.0000
2538	-0.0100	0.0230	0.0220	-0.1700	0.0830	0.0000
2539	0.0320	0.0280	0.0100	0.0000	0.0830	0.0000
2540	0.0020	-0.1080	-0.0200	0.0810	-0.0640	0.0000
2541	-0.0270	0.0420	0.0240	-0.1770	0.0810	0.0000
2542	0.0220	0.0230	-0.0250	-0.1780	0.0820	0.0000
2543	0.0570	0.0310	0.0080	-0.1179	0.0830	0.0000
2544	-0.0060	0.0220	-0.0240	-181.0000	0.0800	0.0000
2545	0.0050	0.0290	-0.0490	-181.0000	0.0800	0.0000
2546	0.0070	0.0700	0.0330	0.0000	0.0810	0.0000
2547	0.0250	0.0510	0.0390	-0.1770	0.0820	0.0000
2548	0.0480	0.0410	0.0340	-0.1770	0.0820	0.0000
2549	0.0370	0.0090	-0.0400	-0.1700	0.0760	0.0000
2550	0.0200	0.0340	-0.0010	-0.1740	0.0700	0.0000
2551	0.0140	0.0460	-0.0110	-0.1760	0.0700	0.0000
2552	0.0180	0.0400	0.0180	-0.1780	0.0690	0.0000
2553	0.0100	0.0400	0.0180	-0.1780	0.0690	0.0000
2554	0.0130	0.0400	0.0000	-0.1790	0.0630	0.0000
2555	0.0000	0.0400	0.0000	-0.1790	0.0630	0.0000
2556	0.0340	0.0043	-0.0180	-0.1790	0.0620	0.0000
2557	-0.0030	0.2000	0.0430	-0.1770	0.0620	0.0000
2558	0.0070	0.0020	0.0250	-0.1790	0.0580	0.0000
2559	0.0360	0.0230	0.0230	-0.1790	0.0560	0.0000
2560	0.0300	0.0300	0.0230	-0.1790	0.0560	0.0000
2561	0.0590	0.0100	-0.0510	-0.1720	0.0550	0.0000
2562	-0.0030	0.0600	0.0050	-0.1650	0.0560	0.0000
2563	0.0020	0.0000	0.0240	-0.2110	0.0570	0.0000
2564	0.0090	0.0390	-0.0300	-0.2060	0.0570	0.0000
2565	0.0110	0.0460	0.0180	-0.2060	0.0560	0.0000
2566	-0.0320	0.0440	-0.2050	0.0510	0.6830	0.0000
2567	0.0032	0.0360	-0.0560	-0.2030	0.0480	0.0000
2568	0.0090	0.0590	-0.0030	-0.2020	0.0510	0.0000
2569	0.0150	0.0510	-0.0330	-0.2040	0.0580	0.0000
2570	0.0470	0.0280	0.0030	-0.2050	0.0550	0.0000
2571	0.0030	0.0440	-0.0250	-0.2030	0.0540	0.0000
2572	0.0060	0.0510	-0.0210	-0.2050	0.0530	0.0000
2573	0.0140	0.0270	-0.0440	-0.2030	0.0550	0.0000
2574	0.0280	0.0530	0.0610	-0.2060	0.0550	0.0000
2575	0.0270	0.0280	0.0220	-0.2070	0.0580	0.0000
2576	0.0350	0.0340	0.0480	-0.2090	0.0550	0.0000
2577	-0.0310	0.0410	-0.0250	-0.2110	0.0510	0.0000
2578	0.0290	0.0440	0.0020	-0.2090	0.0530	0.0000
2579	0.0370	0.0180	0.0390	-0.2070	0.0560	0.0000
2580	0.0000	0.0370	0.0030	-0.2110	0.0580	0.0000
2581	-0.0280	0.0420	-0.0040	-0.2070	0.0600	0.0000
2582	0.0370	0.0460	0.0190	-0.2060	0.0610	0.0000
2583	0.0300	0.0490	-0.0030	-0.2130	0.0590	0.0000
2584	-0.0130	0.0390	-0.0140	-0.2140	0.0580	0.0000
2585	-0.0300	0.0310	-0.0090	-0.2130	0.0600	0.0000
2586	0.0380	0.0310	-0.0300	-0.2080	0.0570	0.0000
2587	-0.0140	0.1930	0.0170	-0.2040	0.0590	0.0000
2588	0.0340	0.0240	-0.0050	-0.2000	0.0610	0.0000
2589	0.0080	0.0330	0.0320	-0.2070	0.0600	0.0000
2590	-0.0060	0.0360	-0.0640	-0.1650	0.0590	0.0000
2591	0.0350	0.0400	0.0030	-0.1670	0.0610	0.0000
2592	0.0120	0.0340	-0.0210	-0.1680	0.0570	0.0000
2593	0.0450	0.0370	0.0490	-0.1700	0.0580	0.0000
2594	-0.0290	0.0400	-0.0310	-0.1720	0.0520	0.0000
2595	-0.0010	0.0490	-0.0300	-0.1720	0.0550	0.0000
2596	0.0400	0.0350	-0.0180	-0.1710	0.0600	0.0000
2597	0.0080	0.0370	0.0210	-0.1730	0.0610	0.0000
2598	0.0260	0.0420	-0.0060	-0.1730	0.0670	0.0000
2599	0.0170	0.0480	0.0030	-0.1740	0.0630	0.0000
2600	0.0090	0.0440	0.0400	-0.2200	0.0610	0.0000
2601	-0.0110	0.0520	-0.0490	-0.2180	0.0570	0.0000
2602	-0.0390	0.0330	0.0220	-0.2170	0.0590	0.0000
2603	0.0070	0.0670	-0.0420	-0.2120	0.0620	0.0000
2604	-0.1660	0.0300	-0.0100	-0.2080	0.0600	0.0000
2605	0.0520	-0.0980	0.0090	-0.2130	0.0670	0.0000
2606	0.0310	0.0610	-0.0110	-0.2160	0.0690	0.0000
2607	-0.0120	0.0500	0.0210	-0.2150	0.0680	0.0000
2608	0.0040	0.0160	-0.0070	-0.2190	0.0690	0.0000
2609	-0.0090	0.0430	0.0120	-0.2170	0.0700	0.0000
2610	-0.0250	0.0380	-0.0250	-0.2160	0.0710	0.0000
2611	0.0020	0.0320	-0.0550	-0.2170	0.0700	0.0000
2612	0.0300	0.0460	-0.0150	-0.2140	0.0670	0.0000
2613	0.1310	0.0190	0.0290	-0.2120	0.0670	0.0000
2614	0.0250	0.0560	0.0210	-0.2170	0.0630	0.0000
2615	0.0100	0.0340	-0.0570	-0.2160	0.0660	0.0000
2616	0.0380	0.0420	-0.0080	-0.2180	0.0650	0.0000
2617	0.0220	0.0620	-0.0180	-0.2170	0.0650	0.0000
2618	0.0300	0.0350	0.0190	-0.2590	0.0660	0.0000
2619	-0.0240	0.0360	-0.0310	-0.2600	0.0650	0.0000
2620	-0.0020	0.0450	-0.0340	-0.2580	0.0640	0.0000
2621	0.0050	0.0290	-0.0100	-0.2550	0.0650	0.0000
2622	0.0060	0.0520	0.0030	-0.2560	0.0670	0.0000
2623	-0.0110	0.0460	0.0250	-0.2590	0.0690	0.0000
2624	0.0030	0.0490	-0.0480	-0.2550	0.0730	0.0000
2625	0.0120	0.0470	-0.0020	-0.2560	0.0740	0.0000
2626	0.0090	0.0390	-0.0270	-0.2540	0.0740	0.0000
2627	-0.0170	0.0540	-0.0150	-0.2610	0.0740	0.0000
2628	0.0070	0.0320	0.0380	-0.2640	0.0780	0.0000
2629	0.0140	0.0590	-0.0530	-0.2600	0.0780	0.0000
2630	0.0060	0.0640	0.0090	-0.2610	0.0790	0.0000
2631	-0.0030	0.0460	0.0220	-0.2580	0.0820	0.0000
2632	0.0030	0.0350	0.0380	-0.2530	0.0810	0.0000
2633	0.0010	0.1980	-0.0110	-0.2540	0.0810	0.0000
2634	-0.0120	0.0560	0.0040	-0.2480	0.0820	0.0000
2635	-0.0040	0.0690	-0.0210	-0.2510	0.0860	0.0000
2636	-0.0020	0.0480	-0.0110	-0.2980	0.0840	0.0000
2637	0.0030	0.0370	-0.0360	-0.3020	0.0830	0.0000
2638	0.0310	0.0570	-0.0470	-0.3010	0.0830	0.0000
2639	0.0300	0.0380	-0.0020	-0.3030	0.0840	0.0000
2640	-0.0030	0.0380	0.0040	-0.3000	0.0840	0.0000
2641	0.0140	0.0670	-0.0010	-0.3020	0.0830	0.0000
2642	-0.0050	0.0410	-0.0150	-0.3020	0.0880	0.0000
2643	0.0350	0.0570	-0.0060	-0.2980	0.0890	0.0000
2644	0.0170	0.0480	-0.0060	-0.3030	0.0940	0.0000
2645	0.0020	0.0570	0.0250	-0.3480	0.0930	0.0000
2646	0.0280	0.0630	-0.0050	-0.3490	0.0920	0.0000
2647	0.0530	0.0610	0.0050	-0.3500	0.0910	0.0000
2648	0.0150	0.0610	0.0030	-0.3550	0.0930	0.0000
2649	0.0160	0.0830	0.0340	-0.3530	0.0910	0.0000
2650	0.0160	0.0640	0.0340	-0.3500	0.0940	0.0000
2651	-0.0070	0.0520	0.0040	-0.3410	0.0870	0.0000
2652	0.0090	0.0750	0.1370	-0.3410	0.0870	0.0000
2653	0.0060	0.0800	-0.0020	-0.3420	0.0820	0.0000
2654	-0.0140	0.0670	-0.0150	-0.3470	0.0810	0.0000
2655	0.0200	0.0680	-0.0200	-0.3450	0.0840	0.0000
2656	0.0140	0.0530	-0.0180	-0.3470	0.0870	0.0000
2657	0.0200	0.0730	0.0320	-0.3440	0.0830	0.0000
2658	-0.0060	0.0780	-0.0250	-0.3420	0.0870	0.0000
2659	0.0020	0.0410	-0.0280	-0.3410	0.0920	0.0000
2660	-0.0080	0.0490	-0.0810	-0.3410	0.0930	0.0000
2661	0.0310	0.0630	0.0040	-0.3380	0.0950	0.0000
2662	0.0250	0.0710	0.0220	-0.3400	0.0970	0.0000
2663	-0.0280	0.0530	0.0130	-0.3380	0.0960	0.0000
2664	0.0170	0.0690	-0.0060	-0.3330	0.0960	0.0000
2665	0.0290	0.0870	-0.0140	-0.3330	0.0930	0.0000
2666	0.0300	0.0730	0.0200	-0.3370	0.0940	0.0000
2667	0.0140	0.0580	-0.0090	-0.3340	0.0920	0.0000
2668	0.0040	0.0880	0.0370	-0.3330	0.0910	0.0000
2669	0.0360	-0.0870	-0.0380	-0.3310	0.0950	0.0000
2670	0.0260	0.0400	0.0060	-0.3270	0.0910	0.0000
2671	0.0200	0.0500	0.0160	-0.3280	0.0920	0.0000
2672	0.0220	0.0570	0.0030	-0.3300	0.0910	0.0000
2673	0.0080	0.0520	0.0060	-0.3340	0.0920	0.0000
2674	0.0150	0.0530	0.0310	-0.3410	0.0930	0.0000
2675	-0.0130	0.0530	-0.0160	-0.3390	0.0950	0.0000
2676	0.0380	0.0660	-0.0510	-0.3400	0.0950	0.0000
2677	0.0170	0.0650	-0.0180	-0.3420	0.0960	0.0000
2678	0.0310	0.0540	0.0490	-0.3390	0.1000	0.0000
2679	0.0180	0.0470	0.0070	-0.3400	0.1030	0.0000
2680	0.0210	0.0720	-0.0720	-0.3360	0.1040	0.0000
2681	0.0180	0.0550	0.0070	-0.3360	0.1020	0.0000
2682	0.0310	0.0600	0.0270	-0.3380	0.0990	0.0000
2683	0.0310	0.0720	-0.0150	-0.3430	0.1030	0.0000
2684	-0.0060	0.0570	-0.0030	-0.3380	0.1060	0.0000
2685	0.0130	0.0500	-0.0270	-0.3360	0.1030	0.0000
2686	0.0180	0.0600	-0.0420	-0.3370	0.1060	0.0000
2687	0.0300	0.0670	-0.0120	-0.3380	0.1050	0.0000
2688	0.0060	0.0360	-0.0210	-0.3390	0.1080	0.0000
2689	0.0100	0.0310	-0.0650	-0.3370	0.1110	0.0000
2690	0.0130	0.0680	0.0100	-0.3420	0.1080	0.0000
2691	0.0220	0.0640	-0.0020	-0.3370	0.1070	0.0000
2692	0.0260	0.0550	0.0380	-0.3330	0.1050	0.0000
2693	0.0030	0.0350	-0.0230	-0.3300	0.1020	0.0000
2694	-0.0030	0.0430	-0.0200	-0.3290	0.0950	0.0000
2695	0.0160	0.0690	0.0290	-0.3280	0.0960	0.0000
2696	0.0350	0.0570	0.0430	-0.3260	0.0970	0.0000
2697	0.0130	-0.0820	0.0030	-0.3230	0.0960	0.0000
2698	0.0120	0.0390	-0.1090	-0.3260	0.0940	0.0000
2699	-0.0210	0.0520	0.0310	-0.3210	0.0960	0.0000
2700	-0.0100	0.0530	-0.0290	-0.2800	0.0990	0.0000
2701	0.0110	0.0480	0.0450	-0.2780	0.1020	0.0000
2702	0.0100	0.0610	-0.0170	-0.2800	0.1000	0.0000
2703	0.0450	0.0540	0.0380	-0.2790	0.0980	0.0000
2704	0.0080	0.0580	0.0380	-0.2810	0.0950	0.0000
2705	0.0240	0.0540	-0.0280	-0.2790	0.0950	0.0000
2706	0.0050	-0.0510	0.0170	-0.2820	0.0960	0.0000
2707	0.0300	0.0340	-0.0600	-0.2800	0.0950	0.0000
2708	0.0140	0.0450	-0.0050	-0.2830	0.0910	0.0000
2709	0.0230	0.0500	0.0070	-0.2930	0.0890	0.0000
2710	-0.0120	0.0420	-0.0550	-0.2910	0.0910	0.0000
2711	0.0220	0.0400	-0.0390	-0.2890	0.0520	0.0000
2712	-0.0050	0.0770	0.0380	-0.2870	0.0510	0.0000
2713	0.0180	0.0690	0.0120	-0.2910	0.0540	0.0000
2714	0.0240	0.0490	0.0410	-0.2910	0.0570	0.0000
2715	0.0240	0.0490	0.0410	-0.2910	0.0570	0.0000
2716	-0.0200	0.0570	-0.0260	-0.2940	0.0530	0.0000
2717	0.0110	0.0470	0.0390	-0.2950	0.0540	0.0000
2718	-0.0090	0.0450	-0.0330	-0.2970	0.0550	0.0000
2719	0.0140	0.0600	-0.0600	-0.3010	0.0590	0.0000
2720	-0.0250	0.0520	-0.0370	-0.3050	0.0580	0.0000
2721	0.0090	0.0340	-0.0300	-0.3090	0.0570	0.0000
2722	-0.0030	0.0710	0.0190	-0.3050	0.0630	0.0000
2723	0.0510	0.0510	0.0060	-0.3040	0.0620	0.0000
2724	-0.0030	0.0520	-0.0200	-0.3100	0.0650	0.0000
2725	0.0100	0.0590	-0.0310	-0.3120	0.0640	0.0000
2726	0.0300	0.0560	0.0430	-0.3120	0.0690	0.0000
2727	0.0130	0.0760	-0.0470	-0.3110	0.0710	0.0000
2728	0.0250	0.0400	-0.0210	-0.3130	0.0730	0.0000
2729	-0.0140	0.0630	0.0120	-0.3080	0.0690	0.0000
2730	0.0180	0.0580	0.0270	-0.3090	0.0720	0.0000
2731	0.0270	0.0740	0.0160	-0.3100	0.0800	0.0000
2732	0.0330	0.0660	0.0010	-0.3140	0.0810	0.0000
2733	-0.0200	0.0580	-0.0260	-0.3130	0.0000	0.0000
2734	0.0330	0.0320	-0.0260	-0.3160	0.0084	0.0000
2735	0.0090	0.0620	-0.0650	-0.3180	0.0850	0.0000
2736	0.0530	0.0780	0.0050	-0.3160	0.0000	0.0000
2737	0.0260	0.0660	-0.0020	-0.3170	-0.3980	0.0000
2738	0.0290	0.0770	0.0450	-0.3200	0.0840	0.0000
2739	0.0150	0.0720	0.0310	-0.3190	0.0840	0.0000
2740	0.0180	0.0540	-0.0570	-0.3900	0.0880	0.0000
2741	0.0040	0.0440	-0.0390	-0.3180	0.0840	0.0000
2742	0.0190	0.0710	-0.0160	-0.3220	0.0840	0.0000
2743	0.0080	0.0500	0.0210	-0.3270	0.0820	0.0000
2744	0.0100	0.0740	-0.0330	-0.3230	-0.1730	0.0000
2745	0.0750	0.0630	-0.0080	-0.3230	-0.1730	0.0000
2746	0.0120	0.0500	-0.0380	-0.3230	0.0800	0.0000
2747	0.0400	0.0560	0.0635	-0.3200	0.0780	0.0000
2748	-0.0040	0.0740	-0.7000	-0.3250	0.0750	0.0000
2749	0.0260	0.0550	-0.0020	-0.3220	0.0750	0.0000
2750	0.0180	0.0450	-0.0380	-0.3180	0.0760	0.0000
2751	0.0200	0.0560	-0.0420	-0.3110	0.0730	0.0000
2752	0.0040	0.0830	-0.0420	-0.3110	0.0730	0.0000
2753	0.0150	0.0430	0.0220	-0.3140	0.0710	0.0000
2754	0.0210	0.0400	0.0070	-0.3160	0.0720	0.0000
2755	0.0300	0.0490	-0.0230	-0.3190	0.0760	0.0000
2756	0.0380	0.0420	0.0530	-0.2780	0.0770	0.0000
2757	0.0410	0.0260	0.0150	-0.2790	0.0730	0.0000
2758	0.0200	0.0260	0.0150	-0.2790	0.0730	0.0000
2759	0.0320	0.0370	-0.0140	-0.2810	0.0760	0.0000
2760	0.0320	0.0370	-0.0140	-0.2810	0.0760	0.0000
2761	-0.0020	0.5300	-0.0300	-0.2770	0.0780	0.0000
2762	0.0020	0.5300	-0.0300	-0.2770	0.0780	0.0000
2763	0.0150	0.0460	0.0030	-0.2730	0.0710	0.0000
2764	0.0270	0.0340	-0.0550	-0.2750	0.0720	0.0000
2765	-0.0100	0.0470	0.0330	-0.2730	0.0700	0.0000
2766	0.0100	0.0470	-0.0290	-0.2730	0.0700	0.0000
2767	-0.0060	0.0610	0.0030	-0.2780	0.0690	0.0000
2768	0.0240	0.0470	-0.0390	-0.2800	0.0710	0.0000
2769	-0.0020	0.0550	0.0040	-0.2750	0.0730	0.0000
2770	0.0220	0.0590	0.0010	-0.2730	0.0720	0.0000
2771	0.0170	0.1960	0.0160	-0.2690	0.0750	0.0000
2772	-0.0250	0.0620	-0.0290	-0.2690	0.0780	0.0000
2773	0.0070	0.0500	0.0000	-0.2700	0.0830	0.0000
2774	0.0100	0.0520	0.0100	-0.2710	0.0790	0.0000
2775	0.0120	0.0410	-0.0360	-0.2670	0.0770	0.0000
2776	0.0190	0.0540	0.0030	-0.2710	0.0790	0.0000
2777	0.0000	0.0370	-0.0390	-0.2690	0.0790	0.0000
2778	-0.0250	0.0500	0.0170	-0.2680	0.0800	0.0000
2779	-0.0200	0.0690	0.0060	-0.2650	0.0820	0.0000
2780	0.0010	0.0530	0.0520	-0.2660	0.0820	0.0000
2781	0.0290	0.0510	-0.0490	-0.2720	0.0780	0.0000
2782	0.0200	0.0520	0.0310	-0.2740	0.0790	0.0000
2783	0.0310	0.0470	0.0280	-0.2770	0.0820	0.0000
2784	0.0190	0.0730	-0.0070	-0.2790	0.0840	0.0000
2785	0.0130	0.0430	-0.0340	-0.2750	0.1310	0.0000
2786	0.0450	0.0790	0.0380	-0.2750	0.1280	0.0000
2787	0.0100	0.0670	-0.0250	-0.2750	0.1260	0.0000
2788	0.0330	0.0240	-0.0490	-0.2710	0.1250	0.0000
2789	0.0330	0.0440	0.0120	-0.2690	0.1240	0.0000
2790	0.0200	0.0440	-0.0040	-0.2680	0.1210	0.0000
2791	0.0210	0.0350	0.0300	-0.2680	0.1270	0.0000
2792	0.0250	0.0660	0.0180	-0.2670	0.1310	0.0000
2793	0.0170	0.0350	-0.0340	-0.2630	0.1310	0.0000
2794	0.0510	0.0510	0.0210	-0.2590	0.1340	0.0000
2795	0.0490	0.0530	0.0350	-0.2580	0.1310	0.0000
2796	0.0010	0.0380	0.0310	-0.2580	0.1290	0.0000
2797	0.1510	0.0650	0.0050	-0.2570	0.1330	0.0000
2798	0.0220	0.0450	0.0000	-0.2620	0.1260	0.0000
2799	0.0060	0.0390	-0.0420	-0.2630	0.1290	0.0000
2800	0.0100	0.0470	-0.0040	-0.2610	0.1310	0.0000
count	accelx	accely	accelz	roll	pitch	heading
count	accelx	accely	accelz	roll	pitch	heading
1	0.0660	-0.0040	0.0090	-0.0760	0.3410	0.0000
2	0.0780	0.0210	0.0380	-0.0710	0.3420	0.0000
3	0.0580	0.0060	0.0260	-0.0740	0.3400	0.0000
4	0.0460	-0.0110	-0.0160	-0.0810	0.3390	0.0000
5	0.0800	-0.0040	-0.0470	-0.0790	0.3410	0.0000
6	0.0710	0.0050	0.0320	-0.0800	0.3400	0.0000
7	0.0740	0.1640	-0.0060	-0.0770	0.3340	0.0000
8	0.0180	0.0060	0.0190	-0.0770	0.3340	0.0000
9	0.0900	0.0130	-0.0030	-0.0760	0.3360	0.0000
10	0.0560	0.0070	0.0150	-0.0800	0.3310	0.0000
11	0.0730	0.0090	0.0080	-0.0820	0.3310	0.0000
12	0.1140	-0.0010	0.0210	-0.0810	0.3780	0.0000
13	0.0840	0.0170	-0.0170	-0.0840	0.3790	0.0000
14	0.0820	0.0030	-0.0200	-0.0850	0.3770	0.0000
15	0.1010	0.0120	-0.0350	-0.0870	0.3720	0.0000
16	0.0420	0.0030	0.0000	-0.0960	0.3700	0.0000
17	0.0450	0.0280	0.0180	-0.0960	0.3720	0.0000
18	0.0980	0.0040	0.0230	-0.0950	0.3700	0.0000
19	0.0420	0.0300	0.0010	-0.0960	0.3650	0.0000
20	0.0760	0.0140	0.0090	-0.0970	0.3670	0.0000
21	0.0770	0.0070	0.0170	-0.0980	0.3670	0.0000
22	0.0690	0.0140	-0.0440	-0.0960	0.3710	0.0000
23	0.0340	0.0260	-0.0580	-0.0940	0.3700	0.0000
24	0.0730	-0.0180	-0.0110	-0.0980	0.3730	0.0000
25	0.0530	0.0270	-0.0240	-0.0990	0.3720	0.0000
26	0.0670	0.0060	-0.0360	-0.1010	0.3740	0.0000
27	0.0480	0.0170	-0.0010	-0.1050	0.3690	0.0000
28	0.0640	0.0220	0.0080	-0.1040	0.3680	0.0000
29	0.0790	0.0400	0.0110	-0.1030	0.3640	0.0000
30	0.0370	0.0090	-0.0230	-0.0980	0.3580	0.0000
31	0.0780	0.0300	-0.0350	-0.1050	0.3590	0.0000
32	0.0820	0.0010	0.0340	-0.1060	0.3560	0.0000
33	0.1110	0.0120	0.0200	-0.1080	0.3550	0.0000
34	0.0420	0.0290	-0.0510	-0.1070	0.3580	0.0000
35	0.0670	-0.0040	0.0240	-0.1120	0.3640	0.0000
36	0.1010	0.0110	-0.0180	-0.1130	0.3630	0.0000
37	0.0440	0.0120	0.0250	-0.1110	0.3610	0.0000
38	0.0380	0.0330	-0.0310	-0.1070	0.3590	0.0000
39	0.0590	0.0100	-0.0070	-0.1070	0.3660	0.0000
40	0.0240	0.0310	-0.0220	-0.1040	0.3620	0.0000
41	0.0490	0.0280	-0.0150	-0.1060	0.3620	0.0000
42	0.0450	0.0410	-0.0040	-0.1050	0.3660	0.0000
43	0.0540	-0.1160	0.0060	-0.1030	0.3620	0.0000
44	0.0520	0.0250	-0.0230	-0.1060	0.3590	0.0000
45	0.0720	0.0140	0.0020	-0.1100	0.3580	0.0000
46	0.0590	0.0390	0.0010	-0.1000	0.2580	0.0000
47	0.0560	0.0020	0.0010	-0.1000	0.2580	0.0000
48	0.0630	0.0400	0.0110	-0.1110	0.3570	0.0000
49	0.0460	0.0130	0.0110	-0.1110	0.3570	0.0000
50	0.0540	-0.0060	0.0480	0.3500	0.1560	0.0000
51	0.0540	-0.0060	0.0480	0.3500	0.1560	0.0000
52	0.0850	0.0340	-0.0340	-0.0980	0.3460	0.0000
53	0.0700	0.0290	0.1520	0.0000	0.3460	0.0000
54	0.0620	0.0110	0.0120	-0.1040	0.3470	0.0000
55	0.0440	0.0160	-0.0090	0.1040	0.3470	0.0000
56	0.0330	0.0110	-0.0180	-0.0930	0.3470	0.0000
57	0.0430	0.0320	0.0358	-0.0930	0.3470	0.0000
58	0.1120	0.0420	-0.0500	-0.1030	0.3410	0.0000
59	0.0530	0.0190	0.0009	-0.1020	0.3420	0.0000
60	0.0360	-0.1060	0.0000	-0.1010	0.3370	0.0000
61	0.0790	0.0130	0.0260	-0.1030	0.3360	0.0000
62	0.0670	0.0100	0.0020	-0.0990	0.3380	0.0000
63	0.0480	0.0240	0.0072	-0.1020	0.3340	0.0000
64	0.0750	0.0340	0.0072	-0.1020	0.3340	0.0000
65	0.0340	0.0200	-0.0130	-0.0970	0.3300	0.0000
66	0.0710	0.0200	-0.0130	-0.0970	0.3300	0.0000
67	0.0690	0.0240	0.0450	-0.0930	0.3300	0.0000
68	0.0320	0.0240	0.0450	-0.0930	0.3300	0.0000
69	0.0460	0.0110	-0.0270	-0.0940	0.3300	0.0000
70	0.0750	0.0110	-0.0270	-0.0940	0.3300	0.0000
71	0.0990	0.0140	0.0150	-0.1000	0.3270	0.0000
72	0.0990	0.0140	0.0150	-0.1000	0.3270	0.0000
73	0.0390	0.0120	0.0280	-0.1060	0.3290	0.0000
74	0.0390	0.0120	0.0280	-0.1060	0.3290	0.0000
75	0.0740	-0.0010	-0.0220	-0.0640	0.3290	0.0000
76	0.0430	0.0290	0.0430	-0.0620	0.3270	0.0000
77	0.0790	-0.0060	0.0040	-0.0610	0.3270	0.0000
78	0.0700	0.0130	-0.0120	-0.0600	0.3260	0.0000
79	0.0460	0.0000	0.0010	-0.0590	0.3270	0.0000
80	0.0960	0.0020	0.0230	-0.0630	0.3270	0.0000
81	0.0690	0.0180	0.0430	-0.0610	0.3290	0.0000
82	0.0780	0.0110	-0.0160	-0.0580	0.3320	0.0000
83	0.0480	0.0120	-0.0150	-0.0550	0.3310	0.0000
84	0.0620	0.0060	-0.0240	-0.0520	0.3330	0.0000
85	0.0480	0.0180	0.0250	-0.0530	0.3340	0.0000
86	0.0730	0.0000	0.0300	-0.0520	0.3350	0.0000
87	0.0390	-0.0180	-0.0010	-0.0470	0.3320	0.0000
88	0.0680	0.0080	0.0110	-0.0490	0.3310	0.0000
89	0.5940	0.1220	0.1210	-0.0470	0.3290	0.0000
90	0.3270	0.2040	0.0040	-0.0410	0.3080	0.0000
91	-0.7260	0.0220	-0.7800	-0.0720	0.2820	0.0000
92	0.3210	0.0290	-0.9560	-0.0190	0.3040	0.0000
93	0.0790	-0.2524	0.6590	-0.0510	0.3140	0.0000
94	0.1790	-0.3530	0.2610	-0.0880	0.3480	0.0000
95	0.0990	0.1361	-0.6920	-0.0560	0.3280	0.0000
96	-0.4580	0.8090	-77.0000	-0.0550	0.3550	0.0000
97	0.8160	-0.1400	-0.3240	-0.0660	0.3520	0.0000
98	0.2120	0.7550	-0.5750	-0.0340	0.3580	0.0000
99	0.9890	-0.1200	-0.5750	-0.0340	0.3580	0.0000
100	-0.1530	-0.0300	0.5100	0.0070	0.3590	0.0000
101	-0.4140	0.0030	0.5100	0.0070	0.3590	0.0000
102	0.0080	-0.5340	0.4750	-0.0020	0.3320	0.0000
103	0.3020	-0.5340	0.4750	-0.0020	0.3320	0.0000
104	0.1310	-0.1460	-1.1130	-0.0040	0.3550	0.0000
105	-0.2000	-0.0350	-0.0230	0.3630	1.4600	0.0000
106	0.5090	0.5290	1.2140	-0.0400	0.3500	0.0000
107	0.3090	0.1300	0.1460	-0.0120	0.3620	0.0000
108	0.0470	-0.1050	1.0790	0.0050	0.3530	0.0000
109	0.0040	-0.0740	0.0490	0.0080	0.3470	0.0000
110	0.2570	0.1560	-0.7360	-0.0360	0.3380	0.0000
111	2.6040	1.5250	-0.9410	-0.0440	0.3260	0.0000
112	0.3750	-0.5590	0.5870	-0.0050	0.2790	0.0000
113	0.8380	-0.4640	0.8250	-0.0250	0.2650	0.0000
114	0.8370	-0.4270	-1.1950	-0.0240	0.2720	0.0000
115	-0.2410	0.1360	-0.2930	-0.0320	0.2610	0.0000
116	-0.2410	0.1360	-0.2930	-0.0320	0.2610	0.0000
117	-0.1450	0.1310	0.5320	-0.0200	0.2450	0.0000
118	-0.1450	0.1310	0.5320	-0.0200	0.2450	0.0000
119	0.3780	0.2880	0.1870	0.0210	0.2460	0.0000
120	0.3760	-0.0480	-0.1810	0.0250	0.2540	0.0000
121	0.0200	0.8720	0.3270	0.0110	0.2420	0.0000
122	-0.1650	-0.2710	0.3930	0.0240	0.2490	0.0000
123	-0.0110	0.2660	1.0470	0.0120	0.2500	0.0000
124	-0.2510	-0.0680	-0.2410	0.0070	0.2520	0.0000
125	0.5740	0.1300	-0.1300	0.0020	0.2530	0.0000
126	0.4930	0.2550	0.6040	0.0060	0.2330	0.0000
127	-0.7260	-0.2160	-0.2980	0.0140	0.2230	0.0000
128	0.8790	-0.2000	0.1660	0.0140	0.2540	0.0000
129	-0.6200	-0.1620	-0.0980	0.0060	0.2240	0.0000
130	0.1220	0.3080	-1.2420	0.0070	0.2400	0.0000
131	0.6960	0.5450	-0.3360	0.0230	0.2390	0.0000
132	0.1920	0.0900	-0.9750	0.0510	0.2140	0.0000
133	-0.5040	-0.3520	0.0920	0.0570	0.2110	0.0000
134	-0.1650	0.2690	-0.2840	0.0510	0.1950	0.0000
135	0.0900	0.2360	1.0770	0.0410	0.1990	0.0000
136	0.1880	-0.2630	-0.6460	0.0560	0.1930	0.0000
137	-0.3050	-0.1810	-0.2380	0.0440	0.1910	0.0000
138	0.4880	0.0410	-0.2200	0.0460	0.1970	0.0000
139	0.5530	-0.2820	0.9750	0.0360	0.1650	0.0000
140	0.5050	1.1670	-2.1990	0.0230	0.1600	0.0000
141	-0.1920	0.6980	0.1700	0.0390	0.1400	0.0000
142	0.1690	-0.0800	0.2280	0.0540	0.1500	0.0000
143	-0.9500	-0.6450	-0.6850	0.0630	0.1590	0.0000
144	-0.9500	-0.6450	-0.6850	0.0630	0.1590	0.0000
145	-0.6990	0.0300	-1.2390	-0.0100	0.1770	0.0000
146	-0.5500	-0.1770	-0.2780	-0.0130	0.1880	0.0000
147	-0.4340	0.5100	0.7300	-0.0390	0.2330	0.0000
148	-0.2150	-0.6890	0.2660	-0.0290	0.2490	0.0000
149	0.4850	0.8270	-0.0170	-0.0540	0.2420	0.0000
150	-0.0310	-0.0570	-0.5530	-0.0410	0.2520	0.0000
151	0.4030	0.3790	-0.1380	-0.0560	0.2620	0.0000
152	0.2160	0.2090	0.4630	-0.0480	0.2730	0.0000
153	1.0260	-0.4050	-1.1680	-0.0630	0.2000	0.0000
154	0.2600	0.3540	-0.7140	-0.0310	0.2890	0.0000
155	0.9090	0.6450	-0.4100	-0.0330	0.2890	0.0000
156	-0.2100	0.1080	-0.3950	-0.0050	0.2870	0.0000
157	0.3830	0.7070	-0.6840	-0.0150	0.2880	0.0000
158	0.0770	0.1930	0.1170	0.0140	0.2880	0.0000
159	0.5150	0.0550	0.4370	0.0040	0.2860	0.0000
160	0.2640	0.1990	0.5130	0.0050	0.2600	0.0000
161	0.9560	-0.3980	-0.6740	-0.0140	0.2470	0.0000
162	0.7510	0.7490	0.2130	-0.0230	0.2360	0.0000
163	0.6270	0.2570	-0.0540	-0.0120	0.2220	0.0000
164	-0.2250	0.3110	0.9460	-0.0050	0.2240	0.0000
165	-0.4400	0.1400	-0.1050	-0.0190	0.2751	0.0000
166	0.2430	-0.2910	0.8120	-0.0110	0.2975	0.0000
167	0.0370	0.2510	-0.1660	-0.0460	0.2950	0.0000
168	0.0370	0.2510	-0.1660	-0.0460	0.2950	0.0000
169	-0.2290	0.5260	0.4000	0.2970	1.9430	0.0000
170	0.4620	-0.2360	-0.4080	-0.0340	0.2950	0.0000
171	0.1810	-0.2040	-0.2030	-0.0470	0.2920	0.0000
172	0.0000	-0.7260	-0.2270	-0.0510	0.2890	0.0000
173	0.1500	-0.0980	1.3040	-0.0690	0.3070	0.0000
174	-0.1480	-0.5920	-0.8440	-0.0630	0.2670	0.0000
175	0.2910	0.1170	-0.5480	-0.0650	0.2830	0.0000
176	-0.0880	0.7210	-0.9760	-0.0910	0.2670	0.0000
177	0.1280	0.9350	0.6660	-0.1020	0.2760	0.0000
178	0.3450	0.0570	0.8820	-0.1100	0.2600	0.0000
179	0.1320	0.4980	-0.9100	-0.1150	0.2560	0.0000
180	0.4450	0.1900	0.1220	-0.1180	0.2630	0.0000
181	-0.3460	-0.1430	0.7640	-0.1070	0.2590	0.0000
182	0.5430	-0.2300	0.5800	-0.1190	0.2650	0.0000
183	0.3220	-0.1960	-0.2100	-0.1230	0.2430	0.0000
184	-0.2680	0.3670	-1.1030	-0.1140	0.2370	0.0000
185	-0.1060	-0.0920	0.6390	-0.1180	0.2200	0.0000
186	-0.1200	-0.4490	-1.3940	-0.1220	0.2370	0.0000
187	-0.4560	1.2940	-0.6830	-0.1250	0.2210	0.0000
188	0.0560	-0.1070	-0.0900	-0.0900	0.2500	0.0000
189	-0.4480	0.5990	1.5540	-0.0870	0.2480	0.0000
190	-0.3380	-0.0710	-0.2270	-0.0710	0.2460	0.0000
191	-0.1090	-0.5850	0.2560	-0.0900	0.2290	0.0000
192	-0.1110	-0.5950	-0.1070	-0.1070	0.2130	0.0000
193	0.3330	-0.0860	-0.9080	-0.0900	0.2320	0.0000
194	0.4100	0.4400	-0.1220	-0.0830	0.2430	0.0000
195	0.4960	-0.5690	-0.7320	-0.0650	0.2300	0.0000
196	0.9240	-0.4080	0.7400	-0.0610	0.2360	0.0000
197	-0.1810	-0.5720	0.0890	-0.0520	0.2110	0.0000
198	-0.1360	0.0950	-0.1820	-0.0770	0.2090	0.0000
199	0.4360	0.2380	-1.0760	-0.0350	0.1920	0.0000
200	0.3380	-0.6100	1.1450	-0.0290	0.2030	0.0000
201	-0.0150	0.3800	-0.3930	-0.0530	0.2030	0.0000
202	0.2450	0.0520	-0.4050	-0.0340	0.1786	0.0000
203	0.7380	0.8980	0.6270	-0.0534	0.1786	0.0000
204	0.4450	0.8250	0.1130	-0.0430	0.2060	0.0000
205	-0.0910	0.1800	-0.6590	-43.0000	0.2060	0.0000
206	-0.0440	0.8890	2.1550	-0.0450	0.2150	0.0000
207	0.6730	0.7090	0.6560	-0.0080	0.2150	0.0000
208	-0.3230	-0.6720	-0.0940	0.0450	0.2220	0.0000
209	-0.2240	-0.3930	-0.2320	0.0200	0.2220	0.0000
210	-0.2590	-1.6030	-0.2670	0.0370	0.2390	0.0000
211	-0.2090	-0.3910	-0.3550	-0.0090	0.2340	0.0000
212	0.0540	-0.3120	-0.5000	-0.0179	0.2340	0.0000
213	-0.1630	-0.1210	0.8170	-0.0540	0.2590	0.0000
214	0.0950	0.9990	-0.7580	-0.0754	0.2410	0.0000
215	-0.0320	-0.0990	0.7930	-0.0700	0.2600	0.0000
216	0.4480	-0.7420	1.4793	-0.0700	0.2600	0.0000
217	0.6650	1.3960	-0.2830	-0.0370	0.2910	0.0000
218	-0.7060	-0.5390	-283.0000	-0.0370	0.2910	0.0000
219	0.4400	0.3800	1.2330	-8.0000	-0.0290	0.0000
220	0.0590	0.2380	1.2330	-8.0000	-0.0290	0.0000
221	0.2850	-0.1020	2.2470	-0.0130	0.2480	0.0000
222	-0.1090	-0.5000	2.2470	-0.0130	0.2480	0.0000
223	-1.2350	0.0840	-0.1720	0.0180	0.2290	0.0000
224	0.3140	-0.0300	1.0000	0.0010	0.1920	0.0000
225	-0.3940	-0.5670	0.6770	0.0250	0.1840	0.0000
226	0.8760	-0.4880	0.2760	0.0250	0.1840	0.0000
227	-0.5170	1.1370	-0.1600	0.0250	0.1840	0.0000
228	-0.1860	0.8490	-0.4630	-0.0750	0.1400	0.0000
229	-0.2740	0.8120	-0.4590	-0.0420	0.1360	0.0000
230	-0.1500	1.9670	-0.2850	-0.0210	0.1540	0.0000
231	-1.0370	-0.0710	-0.6930	-0.0230	0.1370	0.0000
232	0.6060	-1.5940	-0.6930	-0.0230	0.1370	0.0000
233	1.0320	-1.5940	-0.6930	-0.0230	0.1370	0.0000
234	-0.2690	1.0040	-0.0180	0.1510	3.1710	0.0000
235	-0.3390	1.0040	-0.0180	0.1510	3.1710	0.0000
236	-0.1430	-0.8300	0.5400	-0.0240	0.1520	0.0000
237	-0.1430	-0.8300	0.5400	-0.0240	0.1520	0.0000
238	-0.0130	0.7310	0.2130	-0.0360	0.1420	0.0000
239	-0.0130	0.7310	0.2130	-0.0360	0.1420	0.0000
240	0.2490	0.7180	-0.3700	-0.0490	0.1950	0.0000
241	0.0910	0.4200	-2.4590	-0.0250	0.2020	0.0000
242	1.1560	-0.5560	0.7070	-0.0110	0.2020	0.0000
243	0.4790	-0.5780	0.1160	-0.0320	0.1800	0.0000
244	-0.8520	0.5320	0.5960	-0.0570	0.1560	0.0000
245	0.0800	-1.5820	0.8970	-0.0450	0.1560	0.0000
246	0.2740	-0.6480	-0.1050	-0.0600	162.0000	0.0000
247	0.1800	1.0270	0.9950	0.0000	162.0000	0.0000
248	0.1110	0.2350	-0.0110	-0.1040	0.1530	0.0000
249	0.8930	0.8420	0.3320	0.0000	0.1530	0.0000
250	-0.1040	0.6280	0.1010	-0.0730	3.4590	0.0000
251	-0.1040	0.6280	0.1010	-0.0730	3.4590	0.0000
252	0.4430	-0.0030	0.0170	-0.0910	0.1300	0.0000
253	-0.2010	-0.0850	-0.1810	-0.0620	0.1080	0.0000
254	-0.2280	0.1230	-0.3900	-0.0900	0.1070	0.0000
255	-1.1670	0.4110	-0.5630	-0.1030	0.1130	0.0000
256	0.9050	-1.0250	-0.0100	-0.0960	0.1580	0.0000
257	-0.0920	-0.4140	1.0260	-0.1060	0.1580	0.0000
258	0.2610	0.4600	0.3350	-0.1040	0.1350	0.0000
259	-0.6790	-0.9390	0.9460	-0.0910	0.5000	0.0000
260	-0.1620	-0.0300	-1.9760	-0.0980	0.1413	0.0000
261	-0.4600	-0.6270	0.1300	-0.0840	0.1413	0.0000
262	0.3320	-0.3360	0.2590	-0.1040	0.1553	0.0000
263	0.3100	-0.2450	0.5100	-0.0890	0.1550	0.0000
264	0.1740	-0.4270	0.3970	-0.0890	0.1550	0.0000
265	0.5070	-0.9660	0.0200	-0.0630	0.1380	0.0000
266	0.8080	-0.2300	-0.9020	-0.0630	0.1380	0.0000
267	0.3210	0.5140	-0.6810	-0.0630	0.1090	0.0000
268	0.9110	-0.5700	0.8420	-0.0630	0.1090	0.0000
269	-0.9520	0.5970	1.4600	-0.0930	0.0940	0.0000
270	-0.2850	0.4230	0.4110	-0.0930	0.0940	0.0000
271	0.4150	0.0660	-0.3680	-0.0730	0.0760	0.0000
272	0.0060	1.0120	-0.3680	-0.0730	0.0760	0.0000
273	0.0540	-0.6520	0.1660	-0.0940	0.0300	0.0000
274	-0.4540	-1.4830	0.1660	-0.0940	0.0300	0.0000
275	-0.2860	-0.1500	0.1230	-0.0760	0.0080	0.0000
276	-0.3410	0.8850	0.1230	-0.0760	0.0080	0.0000
277	0.7880	-0.0720	0.5390	-0.1300	0.0330	0.0000
278	-0.0660	-0.1940	0.1400	-0.1200	0.0170	0.0000
279	-0.7870	0.0000	0.1400	-0.1200	0.0170	0.0000
280	-0.2680	-0.4870	0.6070	-0.1310	-0.0070	0.0000
281	-0.0100	-0.4870	0.6070	-0.1310	-0.0070	0.0000
282	-0.2340	0.7147	0.2460	-0.1280	0.0110	0.0000
283	-0.3840	0.7147	0.2460	-0.1280	0.0110	0.0000
284	-0.9900	-0.2290	0.0790	-0.1160	0.0170	0.0000
285	0.0000	-0.2290	0.0790	-0.1160	0.0170	0.0000
286	-0.5210	0.1790	0.0460	-0.1000	0.0570	0.0000
287	-0.5210	0.1790	0.0460	-0.1000	0.0570	0.0000
288	0.1970	-0.9960	-1.6120	-0.1160	0.0710	0.0000
289	0.3250	-0.6190	-0.2370	-0.0770	0.0720	0.0000
290	0.4960	0.6540	1.4170	-0.0990	0.0660	0.0000
291	0.9170	0.5700	0.6700	-0.0510	0.0480	0.0000
292	0.3700	1.0380	0.9950	-0.0880	0.0530	0.0000
293	0.0780	-1.1660	0.2370	-0.0630	-0.0020	0.0000
294	0.3140	0.4790	-0.2180	-0.0850	0.0030	0.0000
295	0.8200	1.0430	0.1190	-0.1000	0.0300	0.0000
296	-0.2830	0.5150	0.0730	-0.0680	-0.0160	0.0000
297	0.2910	-0.0890	0.6940	-0.0800	-0.0510	0.0000
298	0.6890	-1.0190	-0.0660	-0.0670	-0.0390	0.0000
299	-0.9500	0.9770	0.8830	-0.0950	-0.0660	0.0000
300	-0.4850	-0.9770	1.2690	-0.0760	-0.0200	0.0000
301	-0.0070	1.2960	-0.5590	-0.1200	0.0200	0.0000
302	0.6980	-0.8210	-0.9170	-0.0870	-0.0070	0.0000
303	-0.6820	-0.2590	0.7600	-0.1280	-0.0240	0.0000
304	0.1960	-0.4390	0.2710	-0.1330	-0.0120	0.0000
305	0.5310	-0.2480	-0.1510	-0.1300	0.0030	0.0000
306	-0.6840	0.2040	0.5780	-0.1580	-0.0300	0.0000
307	1.2260	1.0120	-0.1420	-0.1830	-0.0130	0.0000
308	0.2910	0.2440	-0.4940	-0.1600	-0.0620	0.0000
309	-0.5220	0.8570	0.6810	-0.1630	-0.0550	0.0000
310	0.0460	0.1610	0.1240	-0.1420	-0.0280	0.0000
311	-0.2390	-0.4030	1.0720	-0.1300	-0.0550	0.0000
312	-0.1020	0.5840	0.5720	-0.1540	-0.0460	0.0000
313	-0.4810	-0.3630	-0.4100	-0.1120	-0.0540	0.0000
314	-0.4500	-0.0980	-1.6400	-0.1050	-0.0620	0.0000
315	0.0820	0.0070	0.4320	-0.1430	-0.0320	0.0000
316	-0.0880	0.4130	0.0420	-0.1390	-0.0460	0.0000
317	-0.5260	-0.2360	0.0990	-0.1350	-0.0500	0.0000
318	0.4120	0.0030	0.2400	-0.1420	0.0070	0.0000
319	0.5300	0.9780	-2.1670	-0.1440	-0.0310	0.0000
320	-0.4150	-1.0610	-1.4380	-0.1090	-0.0320	0.0000
321	0.0160	-0.7380	-2.3290	-0.1410	-0.0220	0.0000
322	-0.5220	0.1340	-1.2230	-0.1020	-0.0310	0.0000
323	1.0320	-0.9240	-0.9940	-0.1090	0.0100	0.0000
324	0.0860	-0.3620	0.6210	-0.1260	0.0010	0.0000
325	-0.4210	1.1130	-0.3090	-0.1370	-0.0250	0.0000
326	0.6610	1.3790	0.0900	-0.1420	0.0060	0.0000
327	-0.1790	-1.0420	1.4420	-0.0910	-0.0230	0.0000
328	0.4870	0.4700	2.3840	-0.1000	0.0040	0.0000
329	-0.2040	0.7480	1.2360	-0.0880	0.0110	0.0000
330	-0.6550	-0.5890	1.0740	-0.0710	-0.0410	0.0000
331	0.1340	-0.7470	-0.3340	-0.1110	-0.0170	0.0000
332	-0.4090	-0.3460	-0.6850	-0.1200	-0.0370	0.0000
333	0.0950	0.6310	0.1350	-0.1260	-0.0360	0.0000
334	0.1960	-0.5700	-1.0050	-0.1020	-0.0280	0.0000
335	0.3620	0.0930	-0.7660	-0.1530	-0.0800	0.0000
336	-0.1940	-0.0840	0.3370	-0.1710	-0.0860	0.0000
337	-0.0470	-0.6520	-0.4490	-0.1410	-0.0510	0.0000
338	0.4010	-1.0040	-0.3050	-0.1610	-0.0200	0.0000
339	-0.7280	0.9090	1.3610	-0.1700	-0.0510	0.0000
340	0.5440	0.8080	1.1870	-0.1970	0.0020	0.0000
341	-0.1520	1.3470	2.6800	-0.1780	-0.0230	0.0000
342	-0.0910	0.1250	0.7450	-0.1950	-0.0050	0.0000
343	0.5670	-1.0850	-1.1150	-0.1670	-0.0420	0.0000
344	-1.5260	1.4960	2.1740	-0.1860	-0.0490	0.0000
345	0.3970	-1.2600	1.0570	-0.1660	0.0110	0.0000
346	-0.0190	0.5290	-1.6780	-0.1620	-0.0230	0.0000
347	-0.2180	0.7040	-0.3960	-0.1850	-0.0160	0.0000
348	-0.6550	0.0020	0.5570	-0.1460	0.0070	0.0000
349	-0.2910	1.0960	2.2560	-0.1410	0.0150	0.0000
350	0.1020	0.0640	-1.1740	-0.1240	0.0030	0.0000
351	-1.0830	0.9480	-1.4760	-0.0840	-0.0540	0.0000
352	1.1000	0.3510	1.2490	-0.0880	0.0000	0.0000
353	-0.7840	0.0750	-0.5070	-0.0480	-0.0480	0.0000
354	1.4550	-0.0600	0.0200	-0.0470	-0.0060	0.0000
355	-0.8750	-0.6330	-1.8280	-0.0440	-0.0350	0.0000
356	-0.9900	0.1880	1.2200	-0.0610	-0.0290	0.0000
357	0.8950	-1.2980	0.4550	-0.0380	0.0170	0.0000
358	-0.1840	-1.2790	-0.1080	-0.0400	-0.0160	0.0000
359	0.9090	0.6260	0.3620	-0.0550	-0.0080	0.0000
360	-0.1190	-0.6170	-0.4950	-0.0350	-0.0460	0.0000
361	0.8780	0.5510	-0.0630	-0.0500	0.0050	0.0000
362	-0.8550	0.0810	-0.2620	-0.0370	-0.0330	0.0000
363	-0.0150	0.2690	0.0420	-0.0640	0.0170	0.0000
364	-0.5770	-0.7080	-1.5260	-0.0400	0.0150	0.0000
365	0.0160	-0.0780	2.4070	-0.0480	0.0220	0.0000
366	-0.2610	0.1500	-0.6890	-0.0680	0.0550	0.0000
367	0.0180	-1.4650	-0.8240	-0.0580	0.0150	0.0000
368	0.1400	0.2230	-0.2730	-0.1200	0.0760	0.0000
369	-0.9570	1.1600	-1.1400	-0.0770	0.0470	0.0000
370	-0.9090	0.7960	-0.2490	-0.1020	0.1270	0.0000
371	-0.0760	-0.4450	-0.7540	-0.0970	0.0820	0.0000
372	-0.4430	0.0600	-0.3000	-0.1060	0.1300	0.0000
373	1.3190	0.5650	1.2530	-0.1100	0.1470	0.0000
374	1.4710	-1.2640	-1.7800	-0.1080	0.1230	0.0000
375	0.1190	-0.4920	-1.2550	-0.1150	0.1010	0.0000
376	0.7660	-1.2450	-0.3310	-0.1280	0.1110	0.0000
377	0.2070	0.0880	-0.0730	-0.1610	0.1440	0.0000
378	-0.3500	0.6980	0.5890	-0.1840	0.0700	0.0000
379	0.0170	-0.2660	0.1850	-0.1670	0.1010	0.0000
380	-0.0880	1.4400	0.2860	-0.1710	0.0910	0.0000
381	-0.0550	0.5800	3.2950	-0.1590	0.1430	0.0000
382	-1.0630	-1.0550	-1.5290	-0.1410	0.1100	0.0000
383	-0.2070	-1.7950	-0.4380	-0.1520	0.0990	0.0000
384	1.1010	0.3440	-0.8320	-0.2090	0.1420	0.0000
385	0.5000	-1.8030	1.7610	-0.1870	0.1150	0.0000
386	0.8510	0.2150	-2.7030	-0.2200	0.1000	0.0000
387	2.1530	-0.1110	501.0000	-0.1740	0.1540	0.0000
388	-0.8270	1.6710	-0.6860	-0.2230	0.0460	0.0000
389	0.1020	0.7940	-1.1130	-0.2310	0.0660	0.0000
390	-1.0510	-0.0020	-0.4360	-0.2240	0.0590	0.0000
391	0.7300	-0.9230	3.1930	-0.1970	0.0880	0.0000
392	0.8480	-0.9250	0.3260	-0.1810	0.0450	0.0000
393	-1.9270	0.4980	0.4260	-0.2140	-0.0060	0.0000
394	-0.6220	-0.0410	-3.9010	-0.2060	0.0210	0.0000
395	0.8540	-2.2820	-1.2060	-0.1880	0.0480	0.0000
396	1.7620	-2.3290	-2.2300	-0.2560	0.0130	0.0000
397	-0.1280	0.5520	-2.8030	-0.3000	0.0060	0.0000
398	-0.0700	1.4560	0.2020	-0.2800	-0.0070	0.0000
399	-2.5410	3.2570	1.7400	-0.2810	0.0410	0.0000
400	-0.3710	0.5320	-0.6510	-0.2450	-0.0070	0.0000
401	-0.0350	-1.2140	0.6890	-0.2660	0.0430	0.0000
402	0.4500	-4.3430	1.0400	-0.2390	0.0420	0.0000
403	-0.7940	1.8540	0.7540	-0.3240	0.0470	0.0000
404	-0.6580	1.0860	-1.0840	-0.2910	-0.0060	0.0000
405	-0.1490	0.9800	1.3470	-0.2600	0.0720	0.0000
406	0.3490	-0.7740	0.4200	-0.2200	0.0760	0.0000
407	-0.0420	-0.3900	-1.3600	-0.2830	0.0860	0.0000
408	0.4280	0.0270	-0.6940	-0.2390	0.0680	0.0000
409	0.7720	-2.2470	0.0620	-0.2420	0.0950	0.0000
410	-0.2790	-0.3460	-2.7820	-0.2630	0.0820	0.0000
411	-0.5730	0.3570	0.5880	-0.2950	0.1060	0.0000
412	-0.5770	0.0720	-0.3410	-0.2740	0.1010	0.0000
413	0.2040	-0.6110	1.4790	-0.2900	0.1350	0.0000
414	0.1020	1.0720	0.5300	-0.2890	0.1140	0.0000
415	0.0670	-0.6180	0.5690	-0.2750	0.1240	0.0000
416	-0.5780	0.4870	-0.2670	-0.2760	0.1180	0.0000
417	0.1050	0.9620	-0.6890	-0.2860	0.1640	0.0000
418	-0.0560	-0.3730	-1.8340	-0.2700	0.1400	0.0000
419	0.3610	0.7020	-0.1520	-0.2920	0.1820	0.0000
420	0.4020	1.1170	-0.8860	-0.2390	0.1840	0.0000
421	1.1000	0.3980	1.5670	-0.2640	0.2280	0.0000
422	0.4190	0.3440	-0.4340	-0.2300	0.1650	0.0000
423	-0.0730	1.9180	1.9100	-0.2500	0.2310	0.0000
424	-0.0440	0.0650	-0.8990	-0.2620	0.1910	0.0000
425	2.0510	-0.3680	0.5020	-0.2850	0.1760	0.0000
426	-0.2670	-1.0910	0.2780	-0.2550	0.1940	0.0000
427	0.9310	-1.1720	-0.3260	-0.2690	0.2270	0.0000
428	-0.6130	0.5630	0.5890	-0.3060	0.1960	0.0000
429	0.9950	0.4290	-0.0640	-0.2770	0.1940	0.0000
430	-0.5080	0.4270	0.1470	-0.2670	0.2240	0.0000
431	1.2050	0.6280	-0.6320	-0.2300	0.2210	0.0000
432	-0.1660	-0.2270	-1.8200	-0.2680	0.2060	0.0000
433	-0.3810	1.0240	-0.5170	-0.2350	0.2000	0.0000
434	0.9860	-0.6140	1.0340	-0.2200	0.2290	0.0000
435	0.1780	0.2640	-2.4430	-0.2050	0.1360	0.0000
436	-0.7800	0.2640	-2.4430	-0.2050	0.1360	0.0000
437	1.6700	0.0000	1.4790	-0.1870	0.1340	0.0000
438	-1.5010	0.4200	-1.9400	-0.2310	0.1390	0.0000
439	0.8970	1.7999	0.5440	-0.2120	0.1290	0.0000
440	1.7040	0.5390	-1.3330	-0.2160	0.1540	0.0000
441	-0.0250	0.4000	1.3600	-0.2290	0.1530	0.0000
442	-1.1460	0.8760	-1.2990	-0.1530	0.0550	0.0000
443	1.6310	-0.8790	1.0260	-0.1840	0.1250	0.0000
444	0.3240	0.4230	-0.6740	-0.1210	0.0930	0.0000
445	-0.9350	-0.2640	-0.1930	0.0820	2.2940	0.0000
446	1.3385	-0.8830	-1.5380	-0.1250	0.0250	0.0000
447	-0.1300	-0.8890	-0.5910	-0.1510	0.0510	0.0000
448	0.0000	0.0200	0.4330	-0.1530	0.0040	0.0000
449	0.4640	-0.1570	-1.6080	-0.1150	-0.0050	0.0000
450	0.6710	-0.2110	2.1500	-0.1330	-0.0110	0.0000
451	0.6970	-0.7430	-0.1890	-0.1330	-0.0340	0.0000
452	0.1790	1.1020	0.2360	-0.1810	-0.0200	0.0000
453	1.6220	0.1080	-1.4120	-0.1300	-0.0550	0.0000
454	1.0180	1.1890	1.2400	-0.1640	-0.0530	0.0000
455	-0.8130	0.4610	-0.4400	-0.1430	-0.0880	0.0000
456	-355.0000	-1.5390	-0.9270	-0.1250	-0.0840	0.0000
457	-0.0920	-0.1160	-0.2300	-0.1560	-0.0820	0.0000
458	0.5450	-0.1740	-1.4650	-0.1540	-0.1350	0.0000
459	-0.6280	-0.7770	0.1300	-0.1700	-0.1160	0.0000
460	0.4850	0.6580	-0.6410	-0.1690	-0.1600	0.0000
461	1.0710	-1.2330	-0.0800	-0.1660	-0.1380	0.0000
462	0.2920	-2.0240	1.6580	-0.1580	-0.1750	0.0000
463	1.0110	-1.3380	5.2170	-0.2160	-0.0940	0.0000
464	-1.5550	-0.2090	-0.1690	-0.2110	-0.1450	0.0000
465	-0.1230	0.5180	-0.4940	-0.1940	-0.1000	0.0000
466	0.4020	-0.7180	4.4500	-0.1900	-0.1070	0.0000
467	0.1400	-0.6940	-1.5450	-0.1530	-0.1430	0.0000
468	-1.0620	1.9570	0.2910	-0.1960	-0.1010	0.0000
469	0.8360	0.2560	1.2060	-0.1550	-0.1010	0.0000
470	-0.6280	0.8490	-0.3390	-0.1390	-0.1580	0.0000
471	0.2800	0.6620	2.2850	-0.1380	-0.1190	0.0000
472	0.0290	0.0040	-1.1060	-0.0910	-0.2060	0.0000
473	0.1470	0.6160	-2.2290	-0.1260	-0.1710	0.0000
474	0.3530	0.4640	-0.9630	-0.0930	-0.1860	0.0000
475	0.6360	0.4980	0.3830	-0.0840	-0.2150	0.0000
476	-0.7580	-0.7090	1.1840	-0.0880	-0.2280	0.0000
477	-0.6210	0.2570	-0.0660	-0.0670	-0.2140	0.0000
478	-0.1530	0.0360	-0.5530	-0.0760	-0.1760	0.0000
479	-0.6460	-0.0360	1.5550	-0.0760	-0.2000	0.0000
480	-0.1880	0.3320	-0.5460	-0.0920	-0.1970	0.0000
481	-0.0500	-0.2450	0.8320	-0.0770	-0.1550	0.0000
482	-0.4090	-0.6380	0.5900	-0.0630	-0.1920	0.0000
483	-0.4710	1.3080	1.4780	-0.1220	-0.1550	0.0000
484	0.0730	0.3600	-2.0560	-0.0660	-0.2060	0.0000
485	0.2860	-0.3910	-0.9650	-0.0860	-0.1700	0.0000
486	-0.1330	-0.9580	1.0420	-0.0320	-0.2120	0.0000
487	-0.2180	-0.1740	0.4500	-0.0360	-0.2310	0.0000
488	-0.6520	0.1690	-1.0810	-0.0300	-0.2380	0.0000
489	0.5730	0.3470	-0.5060	-0.0060	-0.2550	0.0000
490	-0.4970	-1.4030	2.4040	-0.0100	-0.2700	0.0000
491	-1.5620	-0.7700	-0.5000	0.0430	-0.3070	0.0000
492	-0.8530	0.1680	-1.0020	0.0060	-0.2240	0.0000
493	0.0350	0.2020	1.9570	-0.0090	-0.1930	0.0000
494	0.6220	0.2310	0.4380	0.0020	-0.2690	0.0000
495	0.0110	0.3420	-0.0870	-0.0380	-0.1960	0.0000
496	-0.3080	0.4930	-2.1240	-0.0260	-0.2500	0.0000
497	-0.1570	1.9010	-1.4530	-0.0130	-0.2690	0.0000
498	0.0610	-1.0360	1.2360	-0.0290	-0.1750	0.0000
499	0.1360	0.0100	-0.4870	-0.0240	-0.2260	0.0000
500	-0.4070	1.5220	-0.4150	-0.0310	-0.2350	0.0000
501	-0.5690	1.2030	-0.1930	-0.0430	-0.2140	0.0000
502	0.3190	1.1530	1.5730	0.0080	-0.2170	0.0000
503	1.5470	-0.1630	-1.4700	0.0530	-0.2380	0.0000
504	-1.2910	-0.5710	0.3990	0.0170	-0.2330	0.0000
505	0.1700	-0.6570	-1.7280	-0.0110	-0.2350	0.0000
506	-0.1860	-0.4640	-0.5760	0.0050	-0.2580	0.0000
507	-0.1820	0.2090	0.6580	-0.0070	-0.2900	0.0000
508	-1.1650	-1.1690	0.9810	0.0230	-0.3050	0.0000
509	0.3420	0.5960	-0.8570	-0.0030	-0.2880	0.0000
510	-0.5070	-0.5310	1.9780	0.0220	-0.2700	0.0000
511	0.3030	-1.0730	-1.4730	0.0280	-0.3190	0.0000
512	0.6640	-1.0560	-1.5930	0.0340	-0.3020	0.0000
513	-0.5350	0.5950	0.9260	0.0120	-0.3130	0.0000
514	0.2480	-0.2520	1.2420	0.0510	-0.3390	0.0000
515	-0.0030	0.2580	1.3390	0.0220	-0.2970	0.0000
516	0.2280	1.1710	0.3920	0.0280	-0.3300	0.0000
517	-1.0470	-0.5160	0.1860	0.0660	-0.3540	0.0000
518	0.7300	-0.0420	-1.6140	0.0390	-0.3260	0.0000
519	0.5550	-0.3440	0.5290	0.0610	-0.3070	0.0000
520	0.3360	0.4470	-1.0330	0.0790	-0.3570	0.0000
521	0.5820	0.3940	-0.0540	0.0530	-0.3420	0.0000
522	-0.0500	0.7190	0.6110	0.0750	-0.3430	0.0000
523	-0.8490	-0.8680	-1.1510	0.0900	-0.3550	0.0000
524	0.7100	-0.2170	-1.1000	0.0420	-0.3330	0.0000
525	-0.2480	-1.1720	0.7870	0.0440	-0.3410	0.0000
526	0.1050	-1.0150	-0.3030	0.0700	-0.3450	0.0000
527	-0.0030	0.2380	0.2840	0.0140	-0.3220	0.0000
528	0.2610	-0.4850	-0.9350	0.0130	-0.3110	0.0000
529	-1.1290	1.3330	0.4980	0.0090	-0.3580	0.0000
530	-0.0270	0.2340	-0.4700	0.0190	-0.3010	0.0000
531	-0.3040	0.1030	-1.9690	0.0210	-0.3430	0.0000
532	0.7480	1.2950	-0.9650	0.0310	-0.3350	0.0000
533	0.0420	0.0410	0.9360	0.0040	-0.3270	0.0000
534	-0.5670	1.0800	-0.7420	0.0220	-0.3470	0.0000
535	0.1380	-0.6080	-0.0080	0.0740	-0.3510	0.0000
536	-0.3970	0.6340	0.2250	0.0160	-0.3370	0.0000
537	0.3480	-0.2830	0.5610	0.0300	-0.3410	0.0000
538	0.6180	0.8720	0.8270	0.0800	-0.3700	0.0000
539	-1.2230	0.7880	-0.9380	0.1140	-0.3820	0.0000
540	-0.2990	-0.5940	-0.4230	0.1340	-0.3600	0.0000
541	-0.7200	-0.9080	-0.4480	0.1250	-0.3770	0.0000
542	-0.5890	0.0560	-1.1390	0.1320	-0.3500	0.0000
543	0.2880	-0.1390	-0.5500	0.1130	-0.3480	0.0000
544	-0.2440	0.1950	-0.8450	0.1330	-0.3460	0.0000
545	0.4990	-0.8840	1.6890	0.1700	-0.3490	0.0000
546	-0.9470	0.0200	-0.9230	0.1700	-0.3510	0.0000
547	0.1570	-0.4450	1.5310	0.1430	-0.3170	0.0000
548	0.0450	-0.0860	0.6470	0.1490	-0.3490	0.0000
549	-0.9500	0.2140	-1.7920	0.1520	-0.3750	0.0000
550	-0.2870	-0.4590	0.0500	0.1840	-0.3620	0.0000
551	0.7490	0.3070	0.5600	0.1810	-0.3590	0.0000
552	-0.5660	-0.3940	1.2440	0.2170	-0.3800	0.0000
553	-0.0460	-0.3990	-0.7540	0.2490	-0.3930	0.0000
554	-0.2560	0.4150	1.0980	0.2090	-0.3940	0.0000
555	-1.1310	0.7700	0.5190	0.1930	-0.3930	0.0000
556	0.2000	-0.1700	2.1090	0.2320	-0.3590	0.0000
557	2.4890	1.9050	-0.5490	0.2100	-0.3410	0.0000
558	0.3830	-0.3820	0.4100	0.2710	-0.3580	0.0000
559	-0.2320	-0.8750	0.1100	0.2670	-0.3710	0.0000
560	0.9400	-0.2110	-1.9880	0.2570	-0.4000	0.0000
561	0.3640	0.2570	0.7040	0.2570	-0.3240	0.0000
562	-0.1150	-0.8060	0.8730	0.2940	-0.3220	0.0000
563	-0.7160	-2.6820	-0.3760	0.2760	-0.3410	0.0000
564	0.7910	-0.7080	1.0930	0.2210	-0.2720	0.0000
565	0.4320	0.5240	0.0230	0.2020	-0.2770	0.0000
566	-0.7000	-1.3320	-1.7550	0.2060	-0.3070	0.0000
567	0.1620	1.3110	-0.3630	0.1730	-0.2560	0.0000
568	-0.9200	2.0710	0.6180	0.2220	-0.2530	0.0000
569	-0.1920	1.6500	1.5350	0.2140	-0.2430	0.0000
570	-0.2550	0.7270	0.4670	0.2430	-0.2210	0.0000
571	-0.0780	0.5540	-1.2880	0.3060	-0.2290	0.0000
572	-1.1650	0.2950	-0.2440	0.2760	-0.2120	0.0000
573	1.7160	-1.0420	1.1540	0.2660	-0.1590	0.0000
574	-0.8390	-0.1030	-0.7850	0.2870	-0.1930	0.0000
575	-0.0700	-1.2990	-2.6160	0.3090	-0.1620	0.0000
576	0.5080	-1.8970	2.1250	0.2700	-0.1470	0.0000
577	-0.1680	0.3620	1.2210	0.2270	-0.1570	0.0000
578	0.3080	-0.4620	-0.9920	0.2680	-0.1600	0.0000
579	0.1960	-0.6940	-0.2900	0.2330	-0.1640	0.0000
580	1.8080	-1.7950	0.2150	0.2310	-0.1750	0.0000
581	0.5500	0.2730	-0.7750	0.2130	-0.2140	0.0000
582	0.4470	-0.5180	-0.2840	0.2010	-0.1850	0.0000
583	0.4490	-1.2830	-0.1280	0.1970	-0.1860	0.0000
584	-1.1440	0.6680	2.2310	0.1590	-0.2130	0.0000
585	-0.0070	0.9730	-1.9760	0.1580	-0.1740	0.0000
586	-0.3570	0.0200	1.0790	0.1840	-0.1940	0.0000
587	0.9700	-0.1210	-1.6940	0.1840	-0.1700	0.0000
588	0.3670	-0.1360	-0.7850	0.2270	-0.1600	0.0000
589	-0.0810	-0.5500	-1.0170	0.2260	-0.1470	0.0000
590	0.5260	-0.4890	-0.6830	0.2280	-0.1320	0.0000
591	0.2290	-0.0030	-0.2410	0.1950	-0.1110	0.0000
592	-0.8670	0.5880	0.5780	0.1860	-0.1250	0.0000
593	-0.1900	0.1300	1.5090	0.1920	-0.1180	0.0000
594	0.3950	0.0690	-1.3510	0.1510	-0.1090	0.0000
595	0.3250	-1.4760	-0.7380	0.1390	-0.0980	0.0000
596	0.8960	-0.4050	1.1720	0.1160	-0.0950	0.0000
597	0.3840	0.0210	-0.7090	0.0960	-0.0900	0.0000
598	-0.7400	-0.5580	0.6470	0.0980	-0.0740	0.0000
599	0.2130	-0.2180	-0.3240	0.1090	-0.0490	0.0000
600	-0.0480	0.3150	-0.7110	0.0590	-0.0330	0.0000
601	-0.2110	1.4040	-0.4690	0.0500	-0.0160	0.0000
602	-0.8930	0.7930	0.2010	0.0890	0.0130	0.0000
603	-0.0830	0.4410	-0.5780	0.0990	0.0110	0.0000
604	0.1430	-1.2660	-1.2800	0.1150	0.0420	0.0000
605	0.5170	1.3550	1.1140	0.0710	0.0110	0.0000
606	0.4470	0.9560	0.6600	0.0900	0.0120	0.0000
607	-0.6830	0.7340	0.2840	0.1050	-0.0070	0.0000
608	-0.6820	0.0520	-0.0020	0.1280	0.0120	0.0000
609	0.5160	-0.5530	2.1280	0.1360	0.0420	0.0000
610	-0.4090	0.4300	-0.8750	0.1380	-0.0100	0.0000
611	0.2470	0.8070	-0.6590	0.1530	0.0170	0.0000
612	1.4670	0.1260	1.2350	0.1780	0.0100	0.0000
613	-0.1700	-0.3100	-2.4350	0.1840	-0.0110	0.0000
614	2.1730	-2.6850	-1.6450	0.1680	-0.0350	0.0000
615	1.2630	-1.7340	-0.2620	0.1390	-0.0670	0.0000
616	0.1450	0.8760	-0.4350	0.1190	-0.0860	0.0000
617	0.1900	0.7210	-1.5180	0.1290	-0.1080	0.0000
618	0.1040	0.8510	-1.0560	0.1290	-0.1410	0.0000
619	-1.0540	0.2570	0.1450	0.1720	-0.1230	0.0000
620	0.4590	-0.2680	0.7130	0.1700	-0.0940	0.0000
621	0.0380	0.3320	0.6380	0.1530	-0.0960	0.0000
622	0.2460	-0.4950	0.7540	0.1700	-0.0720	0.0000
623	-0.2720	-1.0760	-0.3630	0.1890	-0.1000	0.0000
624	1.0270	-0.4910	-0.0880	0.1540	-0.0550	0.0000
625	0.8870	-0.6740	0.0110	0.1490	-0.1050	0.0000
626	0.1330	-0.5870	-0.7770	0.1430	-0.1090	0.0000
627	0.3650	0.1310	0.3020	0.1270	-0.1080	0.0000
628	-0.3080	0.8420	-0.2940	0.1260	-0.0850	0.0000
629	0.4600	-1.5080	0.2810	0.1310	-0.0810	0.0000
630	1.2590	-1.7150	1.2310	0.1000	-0.0900	0.0000
631	-0.0720	-0.9010	-2.0671	-0.0720	2.4830	0.0000
632	0.0220	-0.5300	-1.1400	0.1070	-0.0610	0.0000
633	-0.0640	-0.4860	0.1870	0.0630	-0.0590	0.0000
634	1.6700	0.2760	0.9670	0.0310	-0.0460	0.0000
635	-0.1020	-0.7470	1.0080	0.0450	-0.0820	0.0000
636	0.4120	-0.0360	0.3880	0.0650	-0.0760	0.0000
637	0.2860	-0.7090	-0.7350	0.1050	-0.0460	0.0000
638	-0.2210	-0.7800	-0.8450	0.0970	-0.0180	0.0000
639	-0.5780	0.1080	0.0100	0.0590	-0.0120	0.0000
640	0.9930	-1.0530	0.3170	0.0760	0.0060	0.0000
641	-0.5890	0.7550	0.5080	0.0250	-0.0480	0.0000
642	0.3630	-1.1660	1.1800	0.0490	-0.0260	0.0000
643	0.6890	-0.7810	-1.6920	0.0150	-0.0800	0.0000
644	0.8540	0.3220	2.9650	-0.0030	-0.0330	0.0000
645	0.1120	0.1690	0.4330	0.0040	-0.0450	0.0000
646	-0.6270	-0.5230	-0.0130	0.0260	-0.0420	0.0000
647	-0.3940	-1.4430	0.3400	0.0260	0.0230	0.0000
648	-0.3530	-1.0070	-0.9510	0.0350	0.0120	0.0000
649	0.3610	0.2680	-0.0890	0.0280	0.0360	0.0000
650	-0.0800	1.9540	-0.9010	-0.0340	-0.0100	0.0000
651	-0.2840	0.7540	0.2230	-0.0190	-0.0540	0.0000
652	-0.0900	-0.3720	1.4490	-0.0060	-0.0370	0.0000
653	-0.0720	0.3530	1.9630	-0.7200	2.5570	0.0000
654	-0.0980	-2.1230	-1.3760	0.0110	-0.0050	0.0000
655	-0.0850	0.8370	-1.2260	0.0110	-0.0050	0.0000
656	2.1140	-0.6090	0.6756	0.0110	-0.0050	0.0000
657	-0.7020	0.9750	0.2770	-0.0700	-0.0400	0.0000
658	-0.3240	-0.3610	1.2700	-0.0750	-0.0360	0.0000
659	-0.0680	0.6180	-0.2950	-0.0200	0.0140	0.0000
660	0.2670	-1.1550	20.8410	-0.0420	-0.0170	0.0000
661	1.3820	-1.0090	2.5610	-0.0220	0.0530	0.0000
662	1.3820	-1.0090	2.5610	-0.0220	0.0530	0.0000
663	0.9080	0.7930	0.8950	-0.0870	0.0380	0.0000
664	-0.5040	0.7540	-1.2020	-0.0730	0.8000	0.0000
665	0.7680	-2.0380	0.6270	-0.0390	0.0000	0.0000
666	-1.0460	-0.9410	-1.2630	-0.0680	2.8720	0.0000
667	-0.2310	-1.7380	1.5670	-0.0960	0.0950	0.0000
668	1.5660	-0.0980	-0.4420	-0.1960	0.0950	0.0000
669	1.3180	0.8260	1.5670	-0.1564	0.1270	0.0000
670	0.5300	-0.2240	-0.1710	-0.6000	0.1010	0.0000
671	-1.1360	0.1800	-0.9330	-0.1700	0.0840	0.0000
672	0.1610	-0.9150	0.7230	-0.1360	0.0930	0.0000
673	-0.8380	-0.1840	-723.0000	-0.1360	0.0930	0.0000
674	-0.2980	-1.3450	-0.2340	-0.1020	0.1480	0.0000
675	-0.7790	-1.1810	-2.0340	-0.1460	0.1550	0.0000
676	-0.0470	0.2140	2.1413	-0.1720	0.1800	0.0000
677	-0.3010	0.2730	-0.5100	-0.2010	0.2070	0.0000
678	-0.3540	1.5650	0.9150	-0.2180	0.2450	0.0000
679	0.5480	-0.5090	-1.5710	-0.1860	0.2280	0.0000
680	-0.1470	-0.1030	0.6300	-0.2150	0.2410	0.0000
681	0.7440	0.7450	-1.5210	-0.2340	0.2100	0.0000
682	-0.1820	-0.2210	-0.5840	-0.2190	0.2160	0.0000
683	-0.0840	-0.0610	1.2200	-0.2340	0.2490	0.0000
684	0.5170	-0.5540	1.8320	-0.2260	0.2490	0.0000
685	0.2010	0.3420	1.5000	-0.2060	0.2800	0.0000
686	0.3530	-0.5520	0.1560	-0.1670	0.2470	0.0000
687	0.0240	0.6470	1.2740	-0.1750	0.2370	0.0000
688	1.3260	-1.6000	-2.8440	-0.1570	0.2310	0.0000
689	-0.3150	0.0320	0.5700	-0.1820	0.2640	0.0000
690	1.2050	2.2610	-1.0180	-0.2000	0.3140	0.0000
691	-0.0570	0.9230	0.1940	-0.1780	0.2930	0.0000
692	0.6010	0.7460	0.5400	-0.2100	0.3180	0.0000
693	0.7150	-0.5640	0.1030	-0.2210	0.3090	0.0000
694	0.0420	-1.2380	0.8460	-0.2210	0.3140	0.0000
695	-0.6150	-0.5810	-1.7790	-0.2250	0.3000	0.0000
696	-0.4840	-0.2010	-0.6310	-0.2160	0.3260	0.0000
697	1.1250	-0.3130	-1.0130	-0.2220	0.3340	0.0000
698	0.2620	0.8050	0.0210	-0.2480	0.2900	0.0000
699	1.3790	-0.1940	-0.5880	-0.2620	0.2750	0.0000
700	-0.0710	0.5420	0.6930	-0.2590	0.2910	0.0000
701	0.3180	0.2320	0.7740	-0.2380	0.3000	0.0000
702	0.4858	1.4340	-0.0550	-0.2030	0.3150	0.0000
703	-0.1500	1.6020	-0.7700	-0.1950	0.3190	0.0000
704	-0.7690	1.7100	-1.7550	-0.1780	0.2770	0.0000
705	-0.2380	0.8870	0.0690	-0.1410	0.3080	0.0000
706	-0.3130	0.2890	-2.0650	-0.1240	0.2720	0.0000
707	0.3740	0.4170	-0.7180	-0.1480	0.2820	0.0000
708	0.2790	-0.1890	0.5990	-0.1730	0.2650	0.0000
709	-0.0200	-0.2700	1.2140	-0.1650	0.2870	0.0000
710	0.5480	-0.0560	-2.3550	-0.1770	0.2650	0.0000
711	-0.2290	-0.8910	0.4270	-0.1430	0.3270	0.0000
712	-0.2270	-0.1330	-1.0130	-0.1690	0.2930	0.0000
713	-0.3370	0.3970	0.5040	-0.1970	0.2980	0.0000
714	1.3510	-0.0950	0.7240	-0.1950	0.3020	0.0000
715	0.2050	0.1390	-0.0890	-0.1960	0.3130	0.0000
716	0.2970	0.0410	2.4030	-0.1880	0.3380	0.0000
717	0.1950	0.5700	-1.0580	-0.1660	0.3450	0.0000
718	0.6510	-0.6380	-0.6550	-0.1990	0.3540	0.0000
719	-0.7520	0.0690	-0.6050	-0.2070	0.3460	0.0000
720	0.1130	0.7260	0.0960	-0.1890	0.3990	0.0000
721	-0.0460	0.3050	0.4800	-0.1420	0.3920	0.0000
722	-0.1730	0.8180	-0.3790	-0.1300	0.3980	0.0000
723	0.1470	-0.2060	-0.7450	-0.1050	0.3900	0.0000
724	-0.4070	-0.6230	0.7690	-0.0680	0.4020	0.0000
725	-0.7460	1.3950	-2.0180	-0.0900	0.3790	0.0000
726	0.1980	0.1790	-2.0150	-0.0560	0.4460	0.0000
727	0.6250	1.3330	0.0630	-0.0690	0.3750	0.0000
728	-0.0890	1.2170	-1.9340	-0.0720	0.3280	0.0000
729	1.1050	0.7100	1.0590	-0.0660	0.3720	0.0000
730	1.1360	0.3910	0.4990	-0.0620	0.3570	0.0000
731	0.4850	1.4460	-0.6620	-0.0850	0.3300	0.0000
732	1.2610	0.7600	0.2480	-0.0920	0.3150	0.0000
733	0.2620	-0.7550	1.2990	-0.0610	0.3370	0.0000
734	0.7080	1.1150	-1.6590	-0.0840	0.3490	0.0000
735	0.0070	-1.3690	-0.1020	-0.0910	0.3450	0.0000
736	-0.1580	0.1140	-1.3130	-0.1550	0.3300	0.0000
737	0.2990	-1.0110	0.3380	-0.1510	0.3630	0.0000
738	-0.2300	-1.2670	0.5560	-0.1680	0.3630	0.0000
739	-0.6150	-0.4310	-0.8740	-0.1910	0.3370	0.0000
740	1.1860	-1.0580	0.9820	-0.2390	0.3240	0.0000
741	-0.8510	-1.2620	-1.4980	-0.2500	0.2810	0.0000
742	0.0500	-2.5830	-0.0830	-0.2460	0.2740	0.0000
743	0.5240	-0.5230	-1.2560	-0.2690	0.2830	0.0000
744	2.0620	-0.3360	-1.0110	-0.2800	0.2300	0.0000
745	0.2060	-0.2970	-0.1710	-0.2580	0.2240	0.0000
746	2.6510	-0.2790	2.0880	-0.2620	0.1860	0.0000
747	-0.9960	-0.7690	-1.2010	-0.2380	0.1440	0.0000
748	1.1290	0.1540	-1.2860	-0.2940	0.1080	0.0000
749	-0.5290	0.6730	1.5900	-0.2870	0.0940	0.0000
750	0.4510	-0.2000	3.2640	-0.2520	0.1160	0.0000
751	0.4790	-1.7810	-0.8880	-0.2180	0.1000	0.0000
752	0.1720	0.1100	0.5710	-0.2560	0.1150	0.0000
753	0.6350	-0.6320	1.7930	-0.2180	0.1280	0.0000
754	0.1490	0.7700	0.3400	-0.2140	0.1620	0.0000
755	0.6560	0.0760	0.2250	-0.1390	0.1680	0.0000
756	-0.0270	0.0000	0.8650	-0.1090	0.1620	0.0000
757	-0.6430	0.0530	-0.1910	-0.0980	0.1690	0.0000
758	-1.5310	0.8000	-0.4780	-0.0610	0.1930	0.0000
759	-0.4700	0.1090	-1.5810	-0.0190	0.1510	0.0000
760	-0.6330	1.1610	-0.7770	-0.0610	0.1830	0.0000
761	0.0610	0.4710	-1.8240	-0.0060	0.1540	0.0000
762	-0.0120	0.9900	-1.3970	0.0020	0.1450	0.0000
763	0.1620	1.0200	-0.1140	-0.0370	0.1420	0.0000
764	-0.3740	-0.0300	0.8610	-0.0030	0.1050	0.0000
765	0.5890	1.8190	0.5720	-0.0260	0.1440	0.0000
766	-1.0230	0.0530	-0.5320	0.0190	0.0880	0.0000
767	-0.9030	0.3910	-1.9170	0.0130	0.0750	0.0000
768	0.1920	-0.6750	2.2110	0.0060	0.1040	0.0000
769	-2.3040	-1.2000	1.0260	0.0370	0.0400	0.0000
770	0.5670	-0.1700	0.7410	-0.0270	0.1220	0.0000
771	-1.0630	0.6200	0.6730	-0.0520	0.1050	0.0000
772	0.1640	-0.4100	-0.5100	-0.0110	0.1120	0.0000
773	-0.1190	-0.1280	-0.0320	-0.0550	0.1290	0.0000
774	0.3470	-0.1470	-1.0930	-0.0390	0.1320	0.0000
775	-0.4090	-0.2380	-0.4630	-0.0450	0.1180	0.0000
776	-1.3960	0.0460	0.4610	-0.0510	0.1250	0.0000
777	0.4690	0.0180	-0.4660	-0.0520	0.1360	0.0000
778	0.0090	-0.5120	0.5060	-0.0520	0.1230	0.0000
779	0.0090	-0.5120	0.5060	-0.0520	0.1230	0.0000
780	0.0940	0.2540	0.5900	-0.0840	0.1220	0.0000
781	0.0940	0.2540	0.5900	-0.0840	0.1220	0.0000
782	-0.6360	0.8970	-0.5950	-0.0730	0.1270	0.0000
783	0.1700	-0.5490	0.2840	-0.0420	0.1260	0.0000
784	0.4450	0.6370	-0.5360	-0.0690	0.1260	0.0000
785	-0.5700	-0.2820	0.2180	-0.0830	0.1060	0.0000
786	0.9020	-0.2870	1.1240	-0.0800	0.1310	0.0000
787	0.3870	-0.2140	-0.7920	-0.0900	0.1210	0.0000
788	0.3870	-0.2140	-0.7920	-0.0900	0.1210	0.0000
789	0.9270	0.1050	1.1560	-0.0730	0.1710	0.0000
790	0.9270	0.1050	1.1560	-0.0730	0.1710	0.0000
791	-0.5350	0.0340	-0.1060	-0.0920	0.1390	0.0000
792	-0.5350	0.0340	-0.1060	-0.0920	0.1390	0.0000
793	0.0620	0.5830	-0.9250	-0.0950	0.1580	0.0000
794	-0.2320	-0.1240	-1.4710	-0.0600	0.1460	0.0000
795	-0.5570	0.6110	-0.4960	-0.0640	0.1510	0.0000
796	0.0840	-0.9610	0.1270	-0.0260	0.1720	0.0000
797	-0.0710	0.5490	-1.0590	-0.0420	0.1540	0.0000
798	-0.0490	0.3520	-0.6780	-0.0410	0.1750	0.0000
799	0.0790	-1.0040	-0.1880	-0.0100	0.1660	0.0000
800	0.1850	-0.2030	0.8400	-0.0330	0.1630	0.0000
801	-0.1140	-0.1910	0.1850	-0.0310	0.1590	0.0000
802	0.1600	0.1120	-0.7690	-0.0390	0.1630	0.0000
803	-0.2070	0.1270	0.1710	-0.0260	0.1630	0.0000
804	0.2890	0.1770	0.1060	-0.0420	0.1590	0.0000
805	0.1330	-0.0880	0.0810	-0.0270	159.0000	0.0000
806	-0.1140	-0.4300	-0.3760	-0.0240	0.1530	0.0000
807	-0.5360	0.6770	0.3750	-0.0530	4.0000	0.0000
808	0.0560	0.3340	0.1760	-0.0390	0.1370	0.0000
809	0.4980	-0.1370	-0.6350	-0.9000	0.1370	0.0000
810	0.0530	-0.2630	0.8110	-0.0890	0.0000	0.0000
811	0.3080	-0.6710	1.4020	-0.0890	0.0000	0.0000
812	-0.1190	0.2480	-0.7170	-0.1000	0.1350	0.0000
813	0.3670	-0.3620	0.7680	0.0000	0.1350	0.0000
814	0.3630	-0.2280	0.6730	-0.1020	0.0940	0.0000
815	-0.0810	0.4300	-0.1000	-0.1020	0.0940	0.0000
816	0.0220	0.1510	0.1900	-0.1170	0.0640	0.0000
817	-0.0980	-0.2390	0.0000	-0.1090	0.0530	0.0000
818	0.0540	0.4580	0.2000	-0.1070	0.0520	0.0000
819	0.2540	0.2790	-0.6570	0.1180	0.0430	0.0000
820	-0.4780	0.1840	0.6570	0.1180	0.0430	0.0000
821	0.0600	0.2850	-0.4470	-0.1470	0.0140	0.0000
822	0.1800	0.2250	-0.4470	-0.1470	0.0140	0.0000
823	-0.0400	0.1790	-0.9000	-0.1480	-0.0090	0.0000
824	-0.1840	0.0790	-0.9000	-0.1480	-0.0090	0.0000
825	-0.1480	-0.3260	-0.2100	-0.1370	0.0050	0.0000
826	0.1620	0.0140	0.2770	-0.1490	0.0100	0.0000
827	0.0590	-0.1980	0.0690	-0.1900	0.0100	0.0000
828	0.0590	-0.1980	0.0690	-0.1900	0.0100	0.0000
829	-0.2210	0.1810	-0.2390	-0.1330	-0.0110	0.0000
830	-0.1370	0.0170	-0.1020	-0.1190	-0.0110	0.0000
831	0.0310	0.1340	0.0330	-0.1210	9.0000	0.0000
832	-0.0250	0.3300	-0.5470	-0.1200	-1.1110	0.0000
833	-0.2660	-0.1430	0.7670	-0.1210	0.0180	0.0000
834	-0.3600	0.9180	0.8740	-0.1111	0.0110	0.0000
835	0.1150	0.0150	-0.2980	-0.1270	0.0290	0.0000
836	0.3280	-0.4730	0.6530	-0.1110	0.0290	0.0000
837	-0.3430	0.3260	0.0900	-0.1180	0.0370	0.0000
838	0.1360	0.0200	0.0110	-0.1180	0.0370	0.0000
839	-0.1840	0.0380	0.0550	-0.1200	0.0340	0.0000
840	-0.0210	0.2750	0.0050	-0.1200	0.0340	0.0000
841	0.0260	-0.0260	-0.0380	-0.1270	0.0370	0.0000
842	-0.1590	-0.0870	0.0380	-0.1270	0.0370	0.0000
843	-0.1310	0.0860	-0.4100	-0.1300	0.0500	0.0000
844	0.3860	-0.1090	-0.4100	-0.1300	0.0500	0.0000
845	-0.1180	0.0290	-0.0260	-0.1340	0.0580	0.0000
846	0.4030	-0.3290	-0.2610	-0.1380	0.0350	0.0000
847	-0.3630	0.0370	0.1200	-0.1370	0.0680	0.0000
848	0.3570	0.0000	0.2020	-0.1440	0.0390	0.0000
849	-0.3220	-121.0000	-0.0450	-0.1470	0.0670	0.0000
850	0.2300	0.0000	-0.2500	-0.1470	0.0590	0.0000
851	0.0530	0.0000	-0.2500	-0.1470	0.0590	0.0000
852	0.1590	0.3080	-0.2320	-0.1320	0.0730	0.0000
853	-0.1900	0.3080	-0.2320	-0.1320	0.0730	0.0000
854	0.0850	-0.0680	-0.1070	-0.1220	0.0770	0.0000
855	-0.8500	-0.0680	-0.1070	-0.1220	0.0770	0.0000
856	-0.3040	0.1650	0.1300	-0.1110	0.0600	0.0000
857	-0.3040	0.1650	0.1300	-0.1110	0.0600	0.0000
858	0.1100	-0.0310	-0.2640	-0.0940	0.0360	0.0000
859	0.1100	-0.1050	0.1700	-0.0810	0.0330	0.0000
860	0.1350	0.1530	0.0840	-0.0850	0.0450	0.0000
861	0.1700	-0.3100	-0.0520	-0.0690	0.0270	0.0000
862	-0.0490	0.0900	-0.0240	-0.0700	0.0260	0.0000
863	0.1090	-0.2920	0.1120	-0.0720	0.0540	0.0000
864	-0.1020	0.1110	-0.1190	-0.0780	0.0420	0.0000
865	0.2250	-0.2140	-0.1950	-0.0630	0.0490	0.0000
866	-0.3640	0.2890	0.1900	-0.0760	0.0310	0.0000
867	0.1920	-0.0680	0.0320	-0.0760	0.0560	0.0000
868	-0.0590	0.0840	-0.1230	-0.0760	0.0450	0.0000
869	0.0500	0.0760	0.0040	-0.0660	0.0420	0.0000
870	-0.0260	0.1290	-0.1270	-0.0760	0.0430	0.0000
871	-0.0140	-0.0020	-0.0840	-0.0790	0.0390	0.0000
872	-0.1150	0.0860	-0.0950	-0.0810	0.0320	0.0000
873	0.0660	-0.0560	0.0670	-0.0700	0.0370	0.0000
874	-0.0170	0.1650	-0.0820	-0.0770	0.0290	0.0000
875	-0.0930	-0.0050	0.0650	-0.0690	0.0220	0.0000
876	0.0390	-0.0470	-0.0480	-0.0770	0.0420	0.0000
877	0.0360	0.0460	-0.0360	-0.0720	0.0360	0.0000
878	0.0210	-0.0890	-0.0890	-0.0620	0.0260	0.0000
879	-0.0460	-0.0250	0.1220	-0.0740	0.0270	0.0000
880	0.0010	0.0260	-0.0490	-0.0820	0.0360	0.0000
881	0.0450	0.0110	-0.0750	-0.0730	0.0270	0.0000
882	0.0130	-0.0480	0.0430	-0.0640	0.0270	0.0000
883	0.0580	0.0270	0.0500	-0.0670	0.0370	0.0000
884	0.0100	0.0240	-0.1130	-0.0660	0.0000	0.0000
885	-0.0220	0.0020	-0.0350	-0.0580	-0.0030	0.0000
886	-0.0240	-0.0050	0.0330	-0.0620	0.0010	0.0000
887	0.0380	0.0110	-0.1090	-0.0680	0.0070	0.0000
888	-0.0040	0.0220	-0.0400	-0.0670	0.0050	0.0000
889	-0.0680	0.0180	-0.0110	-0.0700	-0.0020	0.0000
890	0.0130	0.0080	-0.0110	-0.0730	-0.0020	0.0000
891	0.0060	-0.0020	-0.0480	-0.0720	0.0030	0.0000
892	-0.0270	0.0000	0.0050	-0.0720	0.0010	0.0000
893	-0.0570	0.0350	0.0000	-0.0780	-0.0010	0.0000
894	0.0000	0.0230	-0.0560	-0.0820	0.0070	0.0000
895	-0.0190	0.0230	-0.0900	-0.0880	0.0080	0.0000
896	-0.0270	-0.0030	0.0240	-0.0850	0.0050	0.0000
897	0.0320	0.0230	-0.0350	-0.0860	0.0070	0.0000
898	-0.0150	0.0150	-0.0760	-0.0800	0.0120	0.0000
899	0.0340	-0.0140	-0.0340	-0.0800	0.0130	0.0000
900	0.0050	0.0320	0.0280	-0.0820	0.0130	0.0000
901	-0.0070	0.0170	-0.0630	-0.0760	0.0160	0.0000
902	-0.0170	0.0100	-0.0360	-0.0710	0.0140	0.0000
903	-0.0170	0.0330	-0.0440	-0.0700	0.0110	0.0000
904	0.0150	0.0030	-0.0100	-0.0710	0.0060	0.0000
905	-0.0230	0.0230	-0.0150	-0.0730	0.0020	0.0000
906	0.0230	0.0280	-0.0200	-0.0710	0.0030	0.0000
907	-0.0440	-0.0040	0.0240	-0.0750	0.0040	0.0000
908	0.0240	0.0390	-0.0750	-0.0710	0.0050	0.0000
909	0.0360	0.0340	-0.0130	-0.0740	0.0070	0.0000
910	-0.0320	0.0240	-0.0120	-0.0710	0.0070	0.0000
911	-0.0240	0.0240	-0.0750	-0.0750	0.0090	0.0000
912	0.0080	0.0060	-0.0290	-0.0710	0.0060	0.0000
913	0.0750	0.0020	-0.0060	-0.0700	0.0130	0.0000
914	-0.0080	0.0140	0.0070	-0.0690	0.0100	0.0000
915	-0.0410	0.0180	0.0060	-0.0690	0.0090	0.0000
916	0.0290	0.0240	-0.0440	-0.0670	0.0130	0.0000
917	0.0090	0.0020	-0.0040	-0.0620	0.0130	0.0000
918	-0.0430	0.0100	-0.0440	-0.0620	0.0120	0.0000
919	-0.0340	-0.0130	-0.0310	-0.0610	0.0180	0.0000
920	-0.0180	-0.0040	-0.0630	-0.0660	0.0680	0.0000
921	0.0350	0.0040	0.0140	-0.0660	0.0710	0.0000
922	0.0150	-0.0160	0.0180	-0.0660	0.0710	0.0000
923	0.0060	0.0160	-0.0290	-0.0690	0.0750	0.0000
924	-0.0100	-0.1230	-0.0570	-0.0670	0.0740	0.0000
925	0.0190	-0.0010	-0.0180	-0.0590	0.0750	0.0000
926	0.0190	-0.0010	-0.0180	-0.0590	0.0750	0.0000
927	-0.0280	0.0260	-0.0040	-0.0590	0.0740	0.0000
928	-0.0280	0.0260	-0.0040	-0.0590	0.0740	0.0000
929	0.0100	0.0200	0.0070	-0.0600	0.0770	0.0000
930	0.0100	0.0200	0.0070	-0.0600	0.0770	0.0000
931	0.0080	0.0270	0.0230	-0.0600	0.0740	0.0000
932	0.0080	0.0270	0.0230	-0.0600	0.0740	0.0000
933	-0.0360	-0.0130	-0.0320	-0.0550	0.0740	0.0000
934	0.0380	0.0120	-0.0410	-0.0550	0.0720	0.0000
935	0.0470	0.0190	0.0060	-0.0540	0.0740	0.0000
936	0.0070	0.0140	-0.0130	-0.0550	0.0720	0.0000
937	0.0050	0.0180	-0.0040	-0.0530	0.0730	0.0000
938	0.0380	0.0010	-0.0520	-0.0490	0.0700	0.0000
939	0.0130	0.0120	0.0270	-0.0500	0.0690	0.0000
940	0.0240	-0.0020	0.0450	-0.0470	0.0630	0.0000
941	0.0360	0.0320	0.0100	-0.0420	0.0630	0.0000
942	0.0070	0.1660	-0.0130	-0.0410	0.0590	0.0000
943	-0.0140	0.0050	-0.0100	-0.0410	0.0500	0.0000
944	-0.0120	0.0210	0.0070	-0.0420	0.0570	0.0000
945	0.0220	0.0190	-0.0180	-0.0420	0.0570	0.0000
946	0.0140	0.0030	-0.0130	-0.0380	0.0560	0.0000
947	0.0400	-0.0060	-0.0060	-0.0320	0.0530	0.0000
948	-0.0150	-0.0180	-0.0480	-0.0330	0.0500	0.0000
949	-0.0150	0.0080	-0.0480	-0.0340	0.0555	0.0000
950	-0.0080	-0.0160	-0.0580	-0.0320	0.5600	0.0000
951	0.0140	-0.0070	-0.0900	-0.0360	0.0560	0.0000
952	0.0290	0.0270	-0.0170	-0.0430	0.0570	0.0000
953	0.0310	-0.0060	0.0050	-0.0430	0.0560	0.0000
954	0.0170	0.0140	0.0070	-0.0440	0.0560	0.0000
955	0.0380	0.0020	0.0040	-0.0380	0.0560	0.0000
956	0.0160	0.0190	0.0680	-0.0380	0.0460	0.0000
957	-0.0050	0.0220	0.0390	-0.0800	0.0420	0.0000
958	0.0180	0.0050	0.0039	-0.0800	0.0420	0.0000
959	0.1300	0.0020	0.0320	-0.0370	0.0450	0.0000
960	0.0260	-0.1320	0.0320	-0.0370	0.0450	0.0000
961	0.0400	0.0150	-0.0041	-0.0390	0.0390	0.0000
962	-0.0080	0.0040	-0.0430	0.0350	-2.4990	0.0000
963	0.0150	0.0080	0.0203	-0.0460	0.0330	0.0000
964	0.0230	-0.0010	0.2400	-0.0450	0.0290	0.0000
965	0.0220	-0.0070	0.0030	-0.0450	0.0280	0.0000
966	0.0070	-0.0030	0.0460	-0.0410	0.0270	0.0000
967	0.0180	-0.0210	0.0460	-0.0410	0.0270	0.0000
968	-0.0170	0.0160	-0.0540	-0.0390	0.0150	0.0000
969	0.0130	0.0046	-0.0160	-0.0410	0.0180	0.0000
970	0.0250	0.0040	0.0360	-0.0420	0.0170	0.0000
971	0.0270	0.0040	0.0190	-0.0380	0.0210	0.0000
972	0.0150	-14.0000	-0.0660	-0.0410	0.0200	0.0000
973	0.0150	-14.0000	-0.0660	-0.0410	0.0200	0.0000
974	0.0050	-0.0080	0.0040	-0.0380	0.0190	0.0000
975	0.0050	-0.0080	0.0040	-0.0380	0.0190	0.0000
976	0.0016	0.0020	-0.0360	-0.0440	0.0210	0.0000
977	0.0070	-0.0050	-0.0290	-0.0450	0.0230	0.0000
978	-0.0130	0.0210	0.0000	-0.0430	0.0190	0.0000
979	0.0010	0.0080	0.0150	-0.0350	0.0150	0.0000
980	-0.0170	-0.0060	-0.0090	-0.0390	0.0090	0.0000
981	-0.0020	0.0180	-0.0380	-0.0350	0.0120	0.0000
982	0.0040	0.0080	0.0310	-0.0320	0.0120	0.0000
983	0.0220	0.0080	0.0580	-0.0360	0.0130	0.0000
984	0.0010	0.0140	0.0490	-0.0370	0.0120	0.0000
985	0.0040	0.0200	0.0100	-0.0400	0.0180	0.0000
986	0.0140	-0.0300	-0.0150	-0.0370	0.0160	0.0000
987	0.1220	-0.0240	0.0040	-0.0400	0.0210	0.0000
988	-0.0020	-0.0180	0.0300	-0.0410	0.0220	0.0000
989	0.0320	-0.0090	0.0020	-0.0410	0.0250	0.0000
990	0.0100	-0.0060	-0.0750	-0.0440	0.0220	0.0000
991	0.0370	0.0080	0.0210	-0.0420	0.0250	0.0000
992	0.0120	0.0330	0.0200	-0.0890	0.0300	0.0000
993	0.0120	0.0190	0.0310	-0.0850	0.0300	0.0000
994	0.0150	0.0120	-0.0360	-0.0830	0.0320	0.0000
995	0.0140	0.0060	-0.0030	-0.0860	0.0370	0.0000
996	0.0010	0.0190	0.0100	-0.0830	0.0400	0.0000
997	0.0300	0.0330	0.0350	-0.0790	0.0380	0.0000
998	-0.0210	0.0220	0.0120	-0.0780	0.0420	0.0000
999	-0.0080	0.0160	0.0250	-0.0770	0.0450	0.0000
1000	-0.0240	0.0120	-0.0230	-0.0760	0.0460	0.0000
1001	0.0280	0.0150	0.0270	-0.0760	0.0460	0.0000
1002	0.0110	-0.0040	-0.0500	-0.0770	0.0500	0.0000
1003	0.0160	-0.0050	-0.0040	-0.0770	0.0490	0.0000
1004	0.0180	0.0220	0.0510	-0.0760	0.0540	0.0000
1005	0.0240	-0.0010	0.0220	-0.0750	0.0510	0.0000
1006	0.0150	0.0130	0.0220	-0.0780	0.0510	0.0000
1007	0.0310	0.0050	0.0270	-0.0760	0.0520	0.0000
1008	-0.0020	0.0180	0.0040	-0.0770	0.0490	0.0000
1009	-0.0140	0.0020	0.0140	-0.0800	0.0440	0.0000
1010	0.0030	0.0230	-0.0150	-0.0760	0.0480	0.0000
1011	0.0060	0.0080	-0.0360	-0.0770	0.0490	0.0000
1012	-0.0020	-0.0090	-0.0730	-0.0770	0.0490	0.0000
1013	0.0290	0.0000	-0.0150	-0.0820	0.0450	0.0000
1014	0.0080	0.0260	0.0390	-0.0760	0.0460	0.0000
1015	0.0310	0.0080	0.0320	-0.0760	0.0480	0.0000
1016	0.0120	0.1680	-0.0310	-0.0790	0.0480	0.0000
1017	0.0030	0.0070	-0.0360	-0.0730	0.0470	0.0000
1018	0.0110	0.0110	0.0300	-0.0750	0.0460	0.0000
1019	0.0020	0.0200	-0.0380	-0.0800	0.0450	0.0000
1020	0.0050	0.0130	-0.0030	-0.0850	0.0450	0.0000
1021	0.0400	-0.0010	0.0240	-0.0820	0.0460	0.0000
1022	-0.0250	0.0120	-0.0150	-0.0810	0.0460	0.0000
1023	0.0050	0.0140	0.0220	-0.0830	0.0460	0.0000
1024	0.0440	0.0230	0.0020	-0.0850	0.0490	0.0000
1025	-0.0290	0.0010	-0.0050	-0.0860	0.0500	0.0000
1026	0.0150	0.0210	-0.0480	-0.0870	0.0510	0.0000
1027	0.0080	0.0180	0.0100	-0.0880	0.0500	0.0000
1028	-0.0170	0.0340	-0.0110	-0.0840	0.0550	0.0000
1029	0.0050	0.0120	-0.0140	-0.0770	0.0600	0.0000
1030	0.0130	0.0200	0.0240	-0.0780	0.0650	0.0000
1031	0.0150	0.0490	0.0450	-0.0750	0.0670	0.0000
1032	-0.0330	0.0150	-0.0540	-0.0730	0.0670	0.0000
1033	0.0310	0.0180	-0.0220	-0.0680	0.0680	0.0000
1034	0.0020	0.0160	0.0130	-0.0710	0.0720	0.0000
1035	0.0210	0.0060	0.0210	-0.0690	0.0720	0.0000
1036	0.0190	0.0060	0.0420	-0.0680	0.0760	0.0000
1037	-0.0030	0.0290	-0.0450	-0.0680	0.0780	0.0000
1038	-0.0030	0.0330	-0.0280	-0.0690	0.0800	0.0000
1039	-0.0080	0.0260	0.0040	-0.0660	0.0800	0.0000
1040	0.0280	0.0160	0.0140	-0.0670	0.0800	0.0000
1041	0.0300	0.0150	-0.0050	-0.0690	0.0810	0.0000
1042	0.0400	0.0180	0.0480	-0.0670	0.0810	0.0000
1043	0.0370	0.0090	0.0050	-0.0690	0.0830	0.0000
1044	0.0120	-0.0020	0.0070	-0.0620	0.0800	0.0000
1045	0.0110	-0.0220	0.0190	-0.0610	0.0750	0.0000
1046	-0.0020	0.0180	-0.0270	-0.0630	0.0750	0.0000
1047	0.0250	0.0150	-0.0030	-0.0580	0.0740	0.0000
1048	0.0280	0.0290	0.0390	-0.0580	0.0700	0.0000
1049	0.0140	0.0010	-0.0280	-0.0580	0.0730	0.0000
1050	0.0020	0.0480	0.0160	-0.0600	0.0740	0.0000
1051	-0.1150	0.0310	0.0100	-0.0610	0.0720	0.0000
1052	-0.0130	0.0020	0.0280	-0.0650	0.0770	0.0000
1053	0.0200	0.0020	0.0100	-0.0660	0.0800	0.0000
1054	0.0030	0.0000	-0.0960	-0.0680	0.0810	0.0000
1055	0.0100	0.0050	-0.0070	-0.0720	0.0830	0.0000
1056	0.0030	0.0050	0.0000	-0.0710	0.0830	0.0000
1057	0.0280	0.0010	0.0320	-0.0680	0.0820	0.0000
1058	0.0430	0.0300	0.0380	-0.0720	0.0840	0.0000
1059	0.0260	0.0180	0.0720	-0.0660	0.0800	0.0000
1060	0.0020	-0.0010	-0.0140	-0.0650	0.0810	0.0000
1061	0.0360	0.0050	-0.0400	-0.0630	0.0810	0.0000
1062	-0.0310	-0.0090	0.0030	-0.0630	0.0800	0.0000
1063	0.0190	0.0030	0.1360	-0.0620	0.0780	0.0000
1064	-0.0020	0.0200	0.0000	-0.0610	0.0770	0.0000
1065	0.0490	0.0090	-0.0070	-0.0560	0.0730	0.0000
1066	0.0200	0.0020	0.0310	-0.0580	0.0720	0.0000
1067	0.0040	0.0130	-0.0520	-0.0590	0.0320	0.0000
1068	-0.0320	0.0030	0.0230	-0.0560	0.0310	0.0000
1069	0.0290	0.0070	0.0250	-0.0560	0.0340	0.0000
1070	0.0160	-0.0080	-0.0760	-0.0530	0.0300	0.0000
1071	-0.0020	-0.0050	0.0110	-0.0560	0.0300	0.0000
1072	0.0440	0.0190	0.0240	-0.0530	0.0300	0.0000
1073	-0.0180	0.0280	0.0290	-0.0520	0.0300	0.0000
1074	0.0080	0.0080	0.0210	-0.0520	0.0280	0.0000
1075	-0.0010	0.0140	0.0060	-0.0540	0.0250	0.0000
1076	-0.0010	0.0140	0.0060	-0.0540	0.0250	0.0000
1077	-0.0240	0.0070	-0.0050	-0.0570	0.0250	0.0000
1078	0.0060	0.0040	0.0100	-0.0630	0.0260	0.0000
1079	0.0040	0.0110	0.0020	-0.0700	0.0230	0.0000
1080	0.0040	0.0110	0.0020	-0.0700	0.0230	0.0000
1081	0.0140	-0.0040	0.0000	-0.0630	0.0210	0.0000
1082	-0.0190	0.0210	0.0110	-0.0690	0.0240	0.0000
1083	0.0220	0.0220	-0.0070	-0.0680	0.0230	0.0000
1084	0.0350	0.0020	-0.0110	-0.0710	0.0180	0.0000
1085	-0.0110	0.0230	-0.0290	-0.0720	0.0150	0.0000
1086	-0.0330	0.0160	-0.0100	-0.0730	0.0160	0.0000
1087	0.0020	0.0020	0.0190	-0.0680	0.0160	0.0000
1088	0.1240	0.0230	0.0170	-0.0690	0.0140	0.0000
1089	0.0060	-0.0060	-0.0140	-0.0740	0.0100	0.0000
1090	-0.0150	0.0050	0.0390	-0.0740	0.0140	0.0000
1091	-0.0080	0.0040	-0.0080	-0.0740	0.0100	0.0000
1092	0.0260	0.0140	0.0060	-0.0750	0.0162	0.0000
1093	-0.0030	0.0070	0.0100	-0.0770	0.0100	0.0000
1094	-0.0160	-0.0060	-0.0280	-0.0770	0.0230	0.0000
1095	-0.0240	0.0170	-0.0220	-0.0750	0.0230	0.0000
1096	0.0270	0.0130	0.0080	-0.0740	0.0320	0.0000
1097	0.0030	0.0260	0.0330	-0.0730	0.0320	0.0000
1098	0.0150	-0.0130	-0.0090	-0.0720	0.0000	0.0000
1099	0.0080	0.0220	-0.0020	-0.0072	0.0000	0.0000
1100	0.0000	0.0120	-0.0180	-0.0730	0.2600	0.0000
1101	0.0230	0.0130	-0.0380	-0.0730	0.2600	0.0000
1102	-0.0130	0.0060	0.0100	-0.0780	0.0210	0.0000
1103	-0.0120	0.0080	0.0040	-0.0750	0.0130	0.0000
1104	-0.0170	0.0020	-0.0140	0.0130	-1.2890	0.0000
1105	-0.0120	0.0090	-0.0040	-0.0710	0.0130	0.0000
1106	-0.0030	0.0100	0.0200	-0.0740	0.0140	0.0000
1107	0.0170	0.0170	-0.0250	-0.0750	0.0130	0.0000
1108	0.0100	0.0140	-0.0080	-0.0770	0.0120	0.0000
1109	0.0060	0.0170	-0.0020	-0.0790	0.0150	0.0000
1110	0.0450	0.0070	-0.0120	-0.0810	0.0110	0.0000
1111	0.0000	0.0160	-0.0200	-0.0810	0.0120	0.0000
1112	-0.0460	0.0160	-0.0200	-0.0810	0.0120	0.0000
1113	0.0010	0.0150	0.0000	-0.0790	0.0160	0.0000
1114	0.0470	0.0150	0.0000	-0.0790	0.0160	0.0000
1115	0.1070	0.0110	0.0000	-0.0760	0.0190	0.0000
1116	0.0200	0.0110	0.0000	-0.0760	0.0190	0.0000
1117	0.0030	0.0170	0.0520	-0.0790	0.0200	0.0000
1118	-0.0400	0.0170	0.0520	-0.0790	0.0200	0.0000
1119	-0.0200	0.0270	-0.0230	-0.0800	0.0190	0.0000
1120	-0.0210	0.0030	0.0240	-0.0780	0.0240	0.0000
1121	-0.0010	0.0190	-0.0200	-0.0790	0.0260	0.0000
1122	0.0040	0.0020	-0.0140	-0.0780	0.0280	0.0000
1123	0.0010	0.0160	0.0630	-0.0830	0.0320	0.0000
1124	0.0530	0.0300	0.0130	-0.0830	0.0340	0.0000
1125	0.0010	-0.0070	-0.0350	-0.0850	0.0340	0.0000
1126	0.0240	0.0220	0.0190	-0.0850	0.0350	0.0000
1127	0.0130	-0.0010	-0.0560	-0.0800	0.0390	0.0000
1128	-20.0000	0.0220	-0.0580	-0.0820	0.0390	0.0000
1129	-0.0060	0.0000	0.0100	-0.0830	0.0440	0.0000
1130	0.0130	0.0150	-0.0300	-0.0820	0.0490	0.0000
1131	-0.0200	0.0310	-0.0030	-0.0810	0.0470	0.0000
1132	0.0360	0.0090	-0.0240	-0.0800	0.0470	0.0000
1133	0.0250	0.0300	0.0010	-0.0800	0.0420	0.0000
1134	-0.1510	0.0260	0.0120	-0.0780	0.0430	0.0000
1135	-0.0010	0.0130	-0.0040	-0.0810	0.0480	0.0000
1136	0.0320	0.0060	-0.0110	-0.0840	0.0480	0.0000
1137	0.0110	0.0210	-0.0140	-0.0820	0.0440	0.0000
1138	0.0230	0.0040	0.0000	-0.0890	0.0480	0.0000
1139	-0.0010	0.0080	-0.0030	-0.0930	0.0480	0.0000
1140	0.0050	0.0180	-0.0270	-0.0920	0.0480	0.0000
1141	-0.0110	-0.0020	0.0070	-0.0960	0.0480	0.0000
1142	0.0390	0.0130	-0.0020	-0.0960	0.0450	0.0000
1143	0.1150	0.0300	-0.0360	-0.0930	0.0440	0.0000
1144	0.0170	0.0340	0.0320	-0.0920	0.0390	0.0000
1145	0.0120	-0.1170	-0.0100	-0.0910	0.0400	0.0000
1146	0.0090	0.0370	0.0090	-0.0910	0.0370	0.0000
1147	0.0310	0.0220	0.0290	-0.0890	0.0370	0.0000
1148	0.0140	0.0110	0.0090	-0.0840	0.0320	0.0000
1149	-0.0210	0.0240	0.0000	-0.0850	0.0340	0.0000
1150	0.0470	0.0160	0.0130	-0.0800	0.0340	0.0000
1151	0.0140	0.0060	-0.0790	-0.0750	0.0320	0.0000
1152	-0.1240	0.0230	0.0330	-0.0790	0.0300	0.0000
1153	0.0280	0.0170	0.0700	-0.0760	0.0370	0.0000
1154	0.0170	-0.0020	0.0180	-0.0740	0.0390	0.0000
1155	0.0000	0.0340	-0.0360	-0.0730	0.0350	0.0000
1156	0.0320	-0.0150	-0.0050	-0.0790	0.0340	0.0000
1157	-0.0130	-0.0010	0.0040	-0.0790	0.0320	0.0000
1158	-0.0130	0.0260	0.0120	-0.0860	0.0350	0.0000
1159	-0.0150	0.0070	-0.0140	-0.0860	0.0350	0.0000
1160	0.0290	0.0190	-0.0020	-0.0880	0.0390	0.0000
1161	-0.0020	-0.0020	-0.0780	-0.0890	0.0430	0.0000
1162	0.0320	0.0140	-0.0260	-0.0960	0.0440	0.0000
1163	0.0100	0.0430	0.0160	-0.0970	0.0420	0.0000
1164	-0.0130	0.0140	-0.0980	-0.0970	0.0460	0.0000
1165	-0.0210	0.0200	-0.0510	-0.0930	0.0420	0.0000
1166	-0.0010	0.0060	-0.0170	-0.0920	0.0480	0.0000
1167	-0.0020	0.0270	0.0150	-0.0930	0.0520	0.0000
1168	0.0150	0.0080	0.0200	-0.0950	0.0500	0.0000
1169	0.0500	0.0140	-0.0250	-0.0960	0.0520	0.0000
1170	-0.0130	0.0210	-0.0160	-0.0970	0.0470	0.0000
1171	0.0440	0.0140	0.0060	-0.0980	0.0480	0.0000
1172	-0.0360	-0.1210	0.0280	-0.0940	0.0530	0.0000
1173	-0.0210	0.0040	-0.0010	-0.0940	0.0520	0.0000
1174	0.0200	-0.0070	-0.0170	-0.1020	0.0580	0.0000
1175	0.0050	0.0240	0.0120	-0.1090	0.0610	0.0000
1176	0.0090	-0.0020	0.0050	-0.1080	0.0570	0.0000
1177	0.0340	0.0400	-0.0170	-0.1090	0.1030	0.0000
1178	0.0280	-0.0100	-0.0640	-0.1060	0.1060	0.0000
1179	0.0080	0.0380	0.0180	-0.1090	0.1030	0.0000
1180	0.0640	0.0190	0.0290	-0.1060	0.1040	0.0000
1181	-0.0030	0.0270	0.0300	-0.1080	0.1040	0.0000
1182	-0.0080	0.0260	0.0160	-0.1050	0.1000	0.0000
1183	0.0240	0.0270	0.0070	-0.1060	0.1010	0.0000
1184	0.0190	0.0170	0.0070	-0.1040	0.0980	0.0000
1185	-0.0200	0.0420	0.0480	-0.1490	0.1070	0.0000
1186	0.0740	0.0310	0.0160	-0.1450	0.1140	0.0000
1187	-0.0020	-0.0070	-0.0680	-0.1400	0.1130	0.0000
1188	0.0150	0.0320	-0.0080	-0.1340	0.1120	0.0000
1189	0.0540	0.0190	0.0090	-0.1380	0.1150	0.0000
1190	0.0180	0.0240	0.0190	-0.1380	0.1150	0.0000
1191	0.0260	0.0220	-0.0180	-0.1410	0.1110	0.0000
1192	0.0460	0.0180	-0.0320	-0.1440	0.1100	0.0000
1193	0.0390	0.0190	0.0030	-0.1400	0.1060	0.0000
1194	0.0280	0.0330	0.0400	-0.1400	0.1050	0.0000
1195	-0.0220	0.0210	-0.0480	-0.1370	0.1010	0.0000
1196	0.0050	0.0310	-0.0260	-0.1350	0.1020	0.0000
1197	0.0080	0.0100	0.0020	-0.1370	0.1030	0.0000
1198	0.0230	0.0170	0.0290	-0.1350	0.1080	0.0000
1199	-0.0190	0.0120	0.0330	-0.1390	0.1110	0.0000
1200	0.0040	0.0330	-0.0390	-0.1370	0.1160	0.0000
1201	0.0180	0.0060	-0.0240	-0.1360	0.1150	0.0000
1202	0.0410	0.0070	0.0130	-0.1360	0.1160	0.0000
1203	0.0220	0.0460	-0.0140	-0.1340	0.1170	0.0000
1204	0.0190	0.0170	-0.0170	-0.1360	0.1200	0.0000
1205	-0.0010	0.0310	-0.0450	-0.1360	0.1230	0.0000
1206	0.0150	0.0500	-0.0230	-0.1410	0.1260	0.0000
1207	0.0040	0.0190	0.0380	-0.1410	0.1290	0.0000
1208	0.0270	0.0240	-0.0010	-0.1350	0.1280	0.0000
1209	-0.0220	0.0150	-0.0390	-0.1340	0.1280	0.0000
1210	0.0700	0.0120	-0.0350	-0.1340	0.1260	0.0000
1211	0.0420	0.0290	0.0060	-0.1380	0.1220	0.0000
1212	0.0080	0.0090	-0.0200	-0.1370	0.1200	0.0000
1213	0.0260	0.0140	-0.0320	-0.1350	0.1220	0.0000
1214	0.0050	0.0310	-0.0120	-0.1360	0.1220	0.0000
1215	0.0160	0.0260	-0.0230	-0.1410	0.1250	0.0000
1216	0.0160	0.0260	-0.0230	-0.1410	0.1250	0.0000
1217	-0.0040	0.0180	0.0000	-0.1450	0.1240	0.0000
1218	-0.0040	0.0180	0.0000	-0.1450	0.1240	0.0000
1219	0.0010	0.0100	-0.0460	-0.1460	0.1250	0.0000
1220	0.0010	0.0100	-0.0460	-0.1460	0.1250	0.0000
1221	0.0060	0.0360	0.0060	-0.1450	0.1280	0.0000
1222	0.0060	0.0360	0.0060	-0.1450	0.1280	0.0000
1223	0.0590	0.0150	0.0230	-0.1470	0.1350	0.0000
1224	0.0590	0.0150	0.0230	-0.1470	0.1350	0.0000
1225	0.0390	0.0200	0.0280	-0.1530	0.1370	0.0000
1226	0.0160	0.0170	0.0010	-0.1540	0.1380	0.0000
1227	0.0130	0.0270	-0.0320	-0.1520	0.1410	0.0000
1228	0.0530	0.0340	0.1230	-0.1520	0.1420	0.0000
1229	0.0500	0.0270	0.0050	-0.1550	0.1420	0.0000
1230	0.0200	0.0290	0.0290	-0.1520	0.1450	0.0000
1231	0.0240	0.0170	-0.0540	-0.1530	0.1440	0.0000
1232	0.0460	0.0220	-0.0090	-0.1560	0.1440	0.0000
1233	0.0320	0.0330	0.0430	-0.1550	0.1470	0.0000
1234	0.0540	0.0220	0.0120	-0.1510	0.1500	0.0000
1235	0.0290	0.0250	0.0030	-0.1480	0.1490	0.0000
1236	0.0280	0.0120	-0.0390	-0.1480	0.1480	0.0000
1237	0.0500	-0.0160	-0.0110	-0.1530	148.0000	0.0000
1238	0.0250	0.0470	0.0010	-0.1520	0.1530	0.0000
1239	0.0000	0.0340	-0.0030	-0.1510	0.1530	0.0000
1240	0.0310	0.0180	0.0200	-0.1520	0.1520	0.0000
1241	0.0270	0.0240	-0.0130	-0.1540	0.1500	0.0000
1242	-0.0070	0.0130	-0.0390	-0.1570	0.1600	0.0000
1243	-0.0020	0.0250	-0.0290	-0.1600	0.1560	0.0000
1244	0.1470	0.0260	-0.0200	-0.1610	0.1590	0.0000
1245	0.0220	0.0170	0.0250	-0.1610	0.1590	0.0000
1246	0.0670	0.0340	0.0020	-0.1610	0.1570	0.0000
1247	0.0170	0.0150	-0.0260	-0.1500	0.1570	0.0000
1248	0.0210	0.0210	0.0076	-0.1500	0.1570	0.0000
1249	0.0150	0.0280	-0.0300	-0.5400	0.1490	0.0000
1250	0.0620	0.0410	0.0030	-0.5400	0.1490	0.0000
1251	0.0620	0.0410	0.0030	-0.5400	0.1490	0.0000
1252	0.0280	0.0260	-0.0080	-0.1500	0.2040	0.0000
1253	0.0200	0.0250	-0.0490	-0.1550	0.2060	0.0000
1254	0.0590	0.0080	-0.0290	-0.1550	0.2060	0.0000
1255	0.0540	0.0020	0.0340	-0.1151	0.2150	0.0000
1256	0.0220	0.0340	0.0340	-0.1151	0.2150	0.0000
1257	0.0550	0.0180	0.0070	-0.1510	0.2230	0.0000
1258	0.0280	0.0250	0.0220	-0.1560	0.2220	0.0000
1259	0.0410	0.0390	-0.0150	0.2240	-2.6660	0.0000
1260	0.0410	0.0060	-0.0050	-0.1580	0.2300	0.0000
1261	0.0570	-0.0040	-0.0800	-0.1580	0.2290	0.0000
1262	0.1580	0.0140	0.0100	-0.1600	0.2300	0.0000
1263	0.0480	0.1140	0.0100	-0.1600	0.2300	0.0000
1264	0.0700	0.0240	-18.0000	-0.1650	0.2310	0.0000
1265	0.0080	0.0240	-18.0000	-0.1650	0.2310	0.0000
1266	0.0060	0.0040	0.0210	-0.1690	0.2300	0.0000
1267	0.0660	0.0040	0.0210	-0.1690	0.2300	0.0000
1268	0.0510	0.0370	-0.0190	-0.1290	0.2290	0.0000
1269	0.0510	0.0370	-0.0190	-0.1290	0.2290	0.0000
1270	0.0620	0.0090	0.0050	-0.1340	0.2310	0.0000
1271	0.0620	0.0090	0.0050	-0.1340	0.2310	0.0000
1272	0.0380	0.0330	-0.0390	-0.1450	0.2280	0.0000
1273	0.0800	0.0330	-0.0390	-0.1450	0.2280	0.0000
1274	0.0240	0.0103	0.0260	-0.1410	0.2230	0.0000
1275	0.0400	0.0170	-0.0080	-0.1400	0.2150	0.0000
1276	0.0300	0.0140	0.0190	-0.1440	0.2180	0.0000
1277	0.0240	0.0330	0.0190	-0.1430	0.2180	0.0000
1278	0.0690	0.0380	0.0100	-0.1360	0.2230	0.0000
1279	0.0300	0.0380	0.0100	-0.1360	0.2230	0.0000
1280	0.0300	0.0050	-0.0390	-0.1430	0.2300	0.0000
1281	0.0138	0.0310	-0.0240	-0.1440	0.2270	0.0000
1282	0.0470	0.0090	0.0260	-0.1420	0.2250	0.0000
1283	0.0530	0.0420	0.0160	-0.1410	0.2310	0.0000
1284	0.0390	0.0070	-0.0260	-0.1440	0.2270	0.0000
1285	0.0510	0.0160	-0.0040	-0.1480	0.2280	0.0000
1286	0.0400	0.0330	-0.0090	-0.1460	0.2280	0.0000
1287	0.0520	0.0300	0.0190	-0.1470	0.2260	0.0000
1288	0.0310	0.0200	-0.0220	-0.1490	0.2250	0.0000
1289	0.0630	0.0260	0.0410	-0.1490	0.2260	0.0000
1290	0.0410	0.0280	0.0140	-0.1500	0.2230	0.0000
1291	0.0390	0.0250	0.0320	-0.1420	0.2230	0.0000
1292	0.0320	-0.1100	-0.0190	-0.1440	0.2250	0.0000
1293	0.0200	0.0100	0.0470	-0.1470	0.2220	0.0000
1294	0.0610	0.0320	-0.0230	-0.1510	0.2240	0.0000
1295	0.0280	0.0320	0.0350	-0.1460	0.2260	0.0000
1296	0.0480	0.0380	0.0330	-0.1390	0.2230	0.0000
1297	0.0210	0.0290	0.0140	-0.1360	0.2230	0.0000
1298	0.0600	0.0370	0.0320	-0.1360	0.2250	0.0000
1299	0.0460	0.0310	0.0170	-0.1340	0.2230	0.0000
1300	0.0540	0.0370	0.0100	-0.1360	0.2230	0.0000
1301	0.0820	0.0370	0.0170	-0.1380	0.2220	0.0000
1302	0.0390	0.0330	-0.0010	-0.1320	0.2220	0.0000
1303	0.0310	0.0310	0.0440	-0.0922	0.2220	0.0000
1304	0.0090	0.0090	-0.0540	-0.0890	0.1500	0.0000
1305	-0.0060	-0.0020	-0.0260	-89.0000	0.1500	0.0000
1306	0.0090	0.0100	-0.0240	-0.0850	1.0000	0.0000
1307	0.0180	0.0270	0.0560	-0.0850	1.0000	0.0000
1308	0.0260	0.0230	0.0070	-0.0790	0.1830	0.0000
1309	0.0350	0.1540	0.0100	-0.0790	0.1830	0.0000
1310	0.0100	0.0180	-0.0050	-0.0900	0.1870	0.0000
1311	0.0120	-0.0070	0.0050	-0.0900	0.1870	0.0000
1312	0.0160	0.0300	-0.0420	-0.0760	0.1890	0.0000
1313	0.0470	0.0090	-0.0320	-0.0790	0.1920	0.0000
1314	0.0430	-0.0180	0.0320	-0.0790	0.1920	0.0000
1315	0.0340	0.0120	0.0440	3.0000	-0.0780	0.0000
1316	0.0200	0.0280	0.0440	3.0000	-0.0780	0.0000
1317	0.0650	0.0120	0.0390	-0.0760	0.1930	0.0000
1318	0.0080	-0.1200	0.0390	-0.0760	0.1930	0.0000
1319	0.0240	0.0210	-0.0210	-0.0740	0.1920	0.0000
1320	0.0420	0.0210	-0.0210	-0.0740	0.1920	0.0000
1321	-0.0110	0.0370	0.0030	-0.0680	0.1890	0.0000
1322	0.0521	0.0370	0.0030	-0.0680	0.1890	0.0000
1323	0.0520	0.0180	-0.0050	-0.0650	0.1860	0.0000
1324	0.0280	0.0190	0.0220	-0.0620	0.1850	0.0000
1325	0.0430	0.0260	-12.0000	-0.0620	0.1820	0.0000
1326	0.0360	0.0260	-12.0000	-0.0620	0.1820	0.0000
1327	0.0560	0.0080	0.0040	-0.0580	0.1870	0.0000
1328	0.0370	0.0080	0.0040	-0.0580	0.1870	0.0000
1329	-0.0200	0.0290	-0.0300	-0.0520	0.1910	0.0000
1330	0.0540	0.0012	0.0270	-0.0500	0.1890	0.0000
1331	0.0540	0.0012	0.0270	-0.0500	0.1890	0.0000
1332	0.0120	0.0040	-0.0330	-0.0560	0.1930	0.0000
1333	0.0120	0.0040	-0.0330	-0.0560	0.1930	0.0000
1334	0.0110	0.0200	0.0400	-0.0490	0.1910	0.0000
1335	0.0110	-0.0130	-0.0220	-0.0470	0.1950	0.0000
1336	0.0380	0.0310	-0.0420	-0.0480	0.1950	0.0000
1337	0.0500	-0.0010	-0.0240	-0.0470	0.1950	0.0000
1338	0.0260	0.0130	0.0020	-0.0500	0.2000	0.0000
1339	0.0410	-0.0060	0.0230	-0.0500	0.2010	0.0000
1340	0.0450	0.0090	0.0050	-0.0500	0.1990	0.0000
1341	0.0500	0.0150	-0.0170	-0.0460	0.2060	0.0000
1342	0.0120	0.0050	0.0100	-0.0450	0.2100	0.0000
1343	0.0850	0.0120	0.0160	-0.0420	0.2120	0.0000
1344	-0.0160	0.0100	-0.0130	-0.0420	0.2140	0.0000
1345	0.0580	0.0070	-0.0110	-0.0450	0.2180	0.0000
1346	0.0470	0.0030	0.0330	-0.0460	0.2200	0.0000
1347	0.0420	0.0080	-0.0140	-0.0490	0.2260	0.0000
1348	0.0350	-0.0010	0.0120	-0.0490	0.2260	0.0000
1349	0.0590	0.0010	0.0050	-0.0430	0.2210	0.0000
1350	0.0510	-0.0040	0.0100	-0.0900	0.2220	0.0000
1351	0.0480	0.0140	0.0430	-0.0900	0.2270	0.0000
1352	0.0210	0.0240	0.0060	-0.0890	0.2250	0.0000
1353	0.0430	0.0250	-0.0150	-0.0870	0.2250	0.0000
1354	0.0560	0.0220	-0.0240	-0.0820	0.2220	0.0000
1355	0.0340	0.0060	-0.0440	-0.0860	0.2220	0.0000
1356	0.0240	-0.1200	0.0170	-0.0850	0.2220	0.0000
1357	0.0180	0.0090	0.0230	-0.0870	0.2220	0.0000
1358	0.0470	0.0230	0.0380	-0.0860	0.2260	0.0000
1359	0.0590	0.0070	0.0000	-0.0830	0.2230	0.0000
1360	0.0410	0.0120	0.0210	-0.0780	0.2220	0.0000
1361	0.0510	0.0310	-0.0060	-0.0800	0.2190	0.0000
1362	0.0200	0.0230	0.0140	-0.0800	0.2210	0.0000
1363	-0.0650	0.0120	0.0250	-0.0790	0.2170	0.0000
1364	0.0240	0.0130	0.0070	-0.0760	0.2200	0.0000
1365	0.0560	0.0180	-0.0190	-0.0770	0.2180	0.0000
1366	0.0530	0.0040	-0.0150	-0.0850	0.2240	0.0000
1367	0.0110	0.0180	0.0100	-0.0870	0.2210	0.0000
1368	0.0480	0.0190	-0.0160	-0.0450	0.2240	0.0000
1369	0.0430	0.0080	0.0190	-0.0430	0.2240	0.0000
1370	0.0460	-0.0010	-0.0280	-0.0410	0.2250	0.0000
1371	0.0250	-0.0090	0.0130	-0.0410	0.2230	0.0000
1372	-0.1010	-0.0080	0.0210	-0.0440	0.2180	0.0000
1373	0.0200	-0.0020	-0.0270	-0.0440	0.2210	0.0000
1374	0.0260	0.1600	0.0110	-0.0420	0.2240	0.0000
1375	0.0590	0.0090	0.0010	-0.0400	0.2250	0.0000
1376	0.0150	0.0260	-0.0050	-0.0380	0.2210	0.0000
1377	0.0280	0.0200	0.0240	-0.0360	0.2210	0.0000
1378	0.0660	0.0120	0.0070	-0.0380	0.2240	0.0000
1379	0.0150	-0.0010	-0.0020	-0.0340	0.2220	0.0000
1380	-0.0040	0.0100	-0.0090	-0.0350	0.2250	0.0000
1381	0.0560	0.0070	0.0300	-0.0350	0.2280	0.0000
1382	0.0150	0.0050	-0.0250	-0.0310	0.2240	0.0000
1383	0.0210	0.1420	0.0140	-0.0300	0.2180	0.0000
1384	0.0590	-0.0220	-0.0070	-0.0260	0.2110	0.0000
1385	0.0280	0.0190	0.0250	-0.0270	0.2120	0.0000
1386	0.0250	0.0110	-0.0420	-0.0270	0.2110	0.0000
1387	0.0610	0.0080	0.0310	-0.0200	0.2100	0.0000
1388	0.0650	0.0120	0.0070	-0.0250	0.2060	0.0000
1389	-0.0020	0.0040	-0.0180	-0.0240	0.2050	0.0000
1390	0.0360	-0.0070	-0.0330	-0.0270	0.2040	0.0000
1391	0.0270	0.0170	0.0000	-0.0230	0.2030	0.0000
1392	0.0370	0.1490	-0.0150	-0.0240	0.2050	0.0000
1393	0.0430	-0.0200	0.0200	-0.0200	0.2080	0.0000
1394	0.0380	0.0060	0.0140	-0.0270	0.2090	0.0000
1395	0.0440	-0.0100	-0.0360	-0.0290	0.2120	0.0000
1396	0.0670	-0.0020	0.0310	-0.0320	0.2120	0.0000
1397	0.0330	0.0100	0.0210	-0.0320	0.2130	0.0000
1398	0.0200	-0.0110	0.0060	-0.0340	0.2100	0.0000
1399	0.0240	-0.0030	0.0010	-0.0400	0.2160	0.0000
1400	0.0240	0.0170	0.0170	-0.0390	0.2170	0.0000
1401	0.0160	0.0010	-0.0080	-0.0390	0.2150	0.0000
1402	0.0130	-0.0050	0.0290	-0.0420	0.2140	0.0000
1403	0.0050	0.0120	-0.1040	-0.0440	0.2120	0.0000
1404	0.0560	0.0100	-0.0380	-0.0450	0.2070	0.0000
1405	0.0450	-0.0120	0.0330	-0.0450	0.2100	0.0000
1406	-0.0100	0.0080	-0.0260	-0.0430	0.2090	0.0000
1407	0.0200	0.0100	-0.0270	-0.0460	0.2160	0.0000
1408	0.0640	0.0120	0.0040	-0.0450	0.2180	0.0000
1409	0.0130	0.0200	0.0290	-0.0510	0.2170	0.0000
1410	0.0140	0.0110	0.0160	-0.0530	0.2180	0.0000
1411	0.0730	0.0110	0.0190	-0.0500	0.2170	0.0000
1412	0.0310	0.0170	-0.0020	-0.0430	0.2140	0.0000
1413	0.0340	0.0180	-0.0180	-0.0360	0.2100	0.0000
1414	0.0530	-0.0030	-0.0110	-0.0370	0.2080	0.0000
1415	-0.0090	-0.0030	-0.0040	-0.0420	0.2100	0.0000
1416	0.0470	0.0110	0.0290	-0.0390	0.2130	0.0000
1417	0.0560	0.0320	0.0190	-0.0360	0.2150	0.0000
1418	0.0330	-0.0050	-0.0350	-0.0360	0.2120	0.0000
1419	0.0010	0.0040	0.0010	-0.0340	0.2130	0.0000
1420	0.0640	-0.0010	0.0430	-0.0340	0.2140	0.0000
1421	0.0150	0.0090	-0.0050	-0.0340	0.2150	0.0000
1422	0.0300	0.0250	0.0010	-0.0310	0.2150	0.0000
1423	0.0530	-0.0050	0.0080	-0.0270	0.2120	0.0000
1424	0.0070	0.0090	-0.0180	-0.0250	0.2100	0.0000
1425	0.0320	0.0140	-0.0080	-0.0230	0.2140	0.0000
1426	0.0420	0.0110	0.0110	-0.0230	0.2110	0.0000
1427	0.1590	0.0220	-0.0190	-0.0250	0.2100	0.0000
1428	0.0640	0.1560	-0.0130	-0.0270	0.2070	0.0000
1429	0.0430	0.1610	0.0040	-0.0200	0.2070	0.0000
1430	0.0310	0.0170	-0.0010	-0.0160	0.2040	0.0000
1431	0.0250	0.0240	0.0160	-0.0180	0.2040	0.0000
1432	0.0300	-0.0220	-0.0100	-0.0640	0.2070	0.0000
1433	0.0410	0.0190	0.0280	-0.0600	0.2060	0.0000
1434	0.0190	-0.0030	-0.0140	-0.0570	0.2050	0.0000
1435	0.0450	0.0040	-0.0040	-0.0580	0.2050	0.0000
1436	0.0120	-0.0090	0.0270	-0.0570	0.2040	0.0000
1437	0.0670	-0.0130	-0.0490	-0.0530	0.2060	0.0000
1438	0.0870	0.0170	-0.0070	-0.0500	0.2070	0.0000
1439	0.0280	0.0100	0.1810	-0.0550	0.2090	0.0000
1440	0.0490	0.0150	-0.0090	-0.0540	0.2110	0.0000
1441	0.0260	0.0070	0.0120	-0.0530	0.2080	0.0000
1442	0.0140	0.0030	0.0050	-0.0500	0.2030	0.0000
1443	0.0480	-0.0070	0.0310	-0.0490	0.2500	0.0000
1444	0.0260	-0.0030	-0.0550	-0.0490	0.2490	0.0000
1445	0.1500	0.0190	-0.0230	-0.0440	0.2490	0.0000
1446	0.0860	-0.0110	-0.0050	-0.0470	0.2400	0.0000
1447	0.0600	0.0140	-0.0020	-0.0440	0.2350	0.0000
1448	0.0290	0.0030	-0.0020	-0.0450	0.2310	0.0000
1449	0.0490	-0.0010	-0.0060	-0.0450	0.2300	0.0000
1450	0.0560	0.0010	-0.0100	-0.0440	0.2310	0.0000
1451	0.0350	0.0200	-0.0050	-0.0430	0.2300	0.0000
1452	0.0650	0.0110	0.0550	-0.0460	0.1900	0.0000
1453	0.0570	-0.0140	0.0390	-0.0470	0.1890	0.0000
1454	-0.0010	0.0050	-0.0050	-0.0420	0.1880	0.0000
1455	0.0510	-0.0030	0.0320	-0.0440	0.1830	0.0000
1456	0.0320	0.0040	0.0330	-0.0360	0.1850	0.0000
1457	0.0700	0.0090	0.0220	-0.0390	0.1860	0.0000
1458	0.0250	0.0270	0.0180	-0.0350	0.1860	0.0000
1459	0.0400	-0.0180	-0.0030	-0.0370	0.1880	0.0000
1460	0.0400	-0.0180	-0.0030	-0.0370	0.1880	0.0000
1461	0.0390	0.0100	0.0430	-0.0380	0.1810	0.0000
1462	0.0390	0.0100	0.0430	-0.0380	0.1810	0.0000
1463	-0.0030	0.0090	-0.0580	-0.0410	0.1830	0.0000
1464	0.0360	0.0270	0.0040	-0.0390	0.1800	0.0000
1465	0.0360	0.0270	0.0040	-0.0390	0.1800	0.0000
1466	0.0460	0.0100	0.0380	-0.0400	0.1750	0.0000
1467	0.0170	0.0110	-0.0190	-0.0370	0.1750	0.0000
1468	0.0310	0.0190	0.0110	-0.0840	0.1790	0.0000
1469	0.0550	0.0530	-0.0080	-0.0840	0.1840	0.0000
1470	0.0440	0.0230	0.0430	-0.0920	0.1860	0.0000
1471	-0.0050	0.0260	-0.0240	-0.0910	0.1860	0.0000
1472	-0.0030	0.0020	-0.0560	-0.0910	0.1900	0.0000
1473	0.0550	0.0150	0.0260	-0.0870	0.1880	0.0000
1474	0.0650	-0.1270	-0.0240	-0.0860	0.1900	0.0000
1475	0.0530	0.0190	-0.0120	-0.0880	0.1890	0.0000
1476	0.0060	0.0230	0.0120	-0.0910	0.1880	0.0000
1477	0.0450	-0.0130	0.0290	-0.0920	0.1800	0.0000
1478	0.0340	0.0120	-0.0170	-0.0920	0.1900	0.0000
1479	0.0390	0.0040	-0.0560	-0.0880	0.1900	0.0000
1480	0.0190	-0.0060	0.0070	-0.0930	0.1940	0.0000
1481	0.0390	0.0460	-0.0380	-0.0880	0.1980	0.0000
1482	0.0140	0.0150	0.0010	-0.0920	0.1978	0.0000
1483	0.0720	0.0160	0.0470	-0.0930	0.2020	0.0000
1484	0.0180	0.0280	0.0220	-0.0990	0.2020	0.0000
1485	0.0270	-0.0010	-0.0080	-0.0990	204.0000	0.0000
1486	0.0470	0.0300	-0.0190	-0.0980	0.2030	0.0000
1487	0.0410	-0.0080	0.0310	-0.0990	0.2040	0.0000
1488	0.0410	-0.0080	0.0310	-0.0990	0.2040	0.0000
1489	0.0150	0.0250	-0.0460	-0.0980	0.2450	0.0000
1490	0.0480	-0.0060	-0.0260	-0.0940	0.2440	0.0000
1491	0.0540	0.0080	0.0200	-0.0930	0.2450	0.0000
1492	0.0430	0.0100	0.0400	-0.0970	0.2450	0.0000
1493	0.0300	0.0410	0.0100	-0.0990	0.2450	0.0000
1494	0.0430	0.0260	0.0140	-0.1020	0.2460	0.0000
1495	0.0700	0.0310	-0.0400	-0.1040	0.2490	0.0000
1496	0.0390	0.0020	0.0000	-0.1030	0.2449	0.0000
1497	0.0230	0.0190	-0.0090	-0.1070	0.2450	0.0000
1498	0.0200	0.0290	-0.0770	-0.1070	0.2050	0.0000
1499	0.0590	0.0140	-0.0130	-0.1070	0.2050	0.0000
1500	0.0500	0.0320	0.0260	-0.1000	0.2060	0.0000
count	accelx	accely	accelz	roll	pitch	heading
1	-0.0380	0.0360	0.0000	-0.2500	1.0050	0.0000
2	0.0020	0.0150	0.0000	-0.2500	1.0050	0.0000
3	0.0140	0.0700	-0.0110	-0.2550	-0.0110	0.0000
4	0.0520	0.0470	-0.0110	-0.2550	-0.0110	0.0000
5	-0.1740	0.0530	0.0000	-0.2500	-0.0140	0.0000
6	0.0130	0.0263	0.0000	-0.2500	-0.0140	0.0000
7	-0.0260	0.0400	0.0080	-0.2510	-0.0110	0.0000
8	-0.0260	0.0400	0.0080	-0.2510	-0.0110	0.0000
9	-0.0020	0.4500	-0.0100	-0.2560	-0.0080	0.0000
10	-0.0140	0.0710	-0.0150	-0.2580	-0.0060	0.0000
11	0.0000	0.0710	-0.0150	-0.2580	-0.0060	0.0000
12	0.0070	0.0490	0.0420	-0.2580	0.0000	0.0000
13	0.0410	0.0490	0.0420	-0.2580	0.0000	0.0000
14	-0.0100	0.0400	0.0100	-0.2600	0.0010	0.0000
15	0.0010	0.0400	0.0100	-0.2600	0.0010	0.0000
16	0.0090	-30.0000	0.0160	-0.2570	0.0040	0.0000
17	-0.0090	-30.0000	0.0160	-0.2570	0.0040	0.0000
18	0.0420	0.0440	-0.0050	-0.2600	0.0010	0.0000
19	0.0420	0.0440	-0.0050	-0.2600	0.0010	0.0000
20	0.0013	0.0240	0.0030	-0.2630	-0.0060	0.0000
21	0.0040	0.0530	0.0010	-0.2630	-0.0090	0.0000
22	0.0370	0.0650	0.0020	-0.2580	-0.0080	0.0000
23	-0.0200	0.0400	-0.0200	-0.2590	-0.0110	0.0000
24	-0.1570	0.0470	-0.0190	-0.2540	-0.0140	0.0000
25	0.0160	0.0430	0.0220	-0.2540	-0.0120	0.0000
26	-0.0270	-0.0950	-0.0210	-0.2470	-0.0120	0.0000
27	-0.0040	0.0360	0.0070	-0.2510	-0.0130	0.0000
28	-0.0060	0.0400	0.0010	-0.2470	-0.0140	0.0000
29	0.0070	0.0240	-0.0500	-0.2430	-0.0140	0.0000
30	0.0240	0.0640	0.0200	-0.2450	-0.0150	0.0000
31	-0.0100	0.0470	-0.0440	-0.2430	-0.0150	0.0000
32	-0.0530	0.0220	0.0240	-0.2400	-0.0100	0.0000
33	-0.1170	0.0240	0.0240	-0.2370	-0.0040	0.0000
34	0.0000	0.0360	0.0400	-0.2400	0.0020	0.0000
35	0.0150	-0.0940	-0.0560	-0.2400	0.0030	0.0000
36	-0.0220	0.0570	-0.0100	-0.2410	0.0050	0.0000
37	0.0120	0.0450	-0.0150	-0.2410	0.0050	0.0000
38	0.0000	0.0350	-0.0300	-0.2370	0.0070	0.0000
39	-0.0010	0.0480	0.0020	-0.2350	0.0080	0.0000
40	0.0020	0.0480	0.0050	-0.2380	0.0070	0.0000
41	-0.0020	0.0210	-0.0440	-0.2400	0.0100	0.0000
42	0.0150	0.0500	0.0170	-0.2430	0.0120	0.0000
43	0.0110	0.0560	-0.0070	-0.2410	0.0140	0.0000
44	0.0210	0.0480	-0.0570	-0.2420	0.0150	0.0000
45	-0.0220	0.0540	0.0380	-0.2440	0.0140	0.0000
46	-0.0360	0.0290	-0.0320	-0.2410	0.0200	0.0000
47	0.0060	0.0540	-0.0120	-0.2460	0.0220	0.0000
48	0.0240	0.0430	-0.0070	-0.2460	0.0220	0.0000
49	0.0300	0.0470	0.0140	-0.2440	0.0200	0.0000
50	0.0050	0.0260	-0.0140	-0.2440	0.0230	0.0000
51	-0.0210	0.0450	0.0100	-0.2430	0.0180	0.0000
52	0.0210	0.0450	0.0100	-0.2430	0.0180	0.0000
53	0.0040	0.0610	-0.0210	-0.2390	0.0170	0.0000
54	0.0210	0.0430	-0.0350	-0.2410	0.0210	0.0000
55	-0.0130	0.0420	0.0290	-0.2380	0.0230	0.0000
56	0.0210	0.0650	0.0420	-0.2410	0.0190	0.0000
57	0.0280	0.0540	0.0090	-0.2410	0.0200	0.0000
58	-0.0450	-0.0340	0.0820	-0.2440	0.0200	0.0000
59	0.9080	-0.5420	-0.4190	-0.2500	0.0550	0.0000
60	0.3490	-0.7750	0.1250	-0.2490	-0.0390	0.0000
61	-0.3320	0.6820	0.3070	-0.2740	-0.0300	0.0000
62	-0.9820	-0.6130	0.2670	-0.2530	-0.0070	0.0000
63	-0.3700	-0.5770	0.1460	-0.2540	-0.0140	0.0000
64	-0.2830	0.3210	-0.1050	-0.2700	-0.0020	0.0000
65	-0.9960	0.1860	-0.2680	-0.2620	-0.0150	0.0000
66	0.1970	-0.0760	-0.6010	-0.2560	0.0240	0.0000
67	-0.6330	-0.8080	0.0980	-0.2710	-0.0030	0.0000
68	0.1900	-0.1630	1.0610	-0.2770	0.0040	0.0000
69	0.7120	-0.3990	0.5940	-0.2770	0.0180	0.0000
70	-0.2730	-0.2610	-0.6370	-0.2790	0.0000	0.0000
71	-0.2690	0.1570	-0.2210	-0.2850	-0.0030	0.0000
72	0.3110	0.3390	-0.0910	-0.2780	0.0100	0.0000
73	0.2600	0.2310	-0.7700	-0.2840	0.0000	0.0000
74	-0.2950	0.0220	0.7110	-0.2780	-0.0130	0.0000
75	0.2320	0.3710	0.0240	-0.2730	-0.0030	0.0000
76	0.7710	-0.5180	-1.2490	-0.2660	-0.0420	0.0000
77	-0.1330	0.8930	0.1330	-0.2780	-0.0460	0.0000
78	0.6710	-0.1980	0.4660	-0.2580	-0.0400	0.0000
79	0.1610	-0.6050	0.7470	-0.2580	-0.0640	0.0000
80	-0.1700	-0.3790	-0.2840	-0.2840	-0.0680	0.0000
81	-0.4580	-0.1620	0.2420	-0.2970	-0.0780	0.0000
82	0.3520	0.3250	-0.8170	-0.3080	-0.0650	0.0000
83	0.1040	0.5220	-0.0350	-0.3020	-0.0630	0.0000
84	0.6290	1.0080	-0.5820	-0.2970	-0.0690	0.0000
85	0.2080	-1.3640	0.3430	-0.2700	-0.0790	0.0000
86	-0.2840	0.4480	-0.4560	-0.2910	-0.0950	0.0000
87	-0.0520	0.3280	0.3670	-0.2810	-0.0990	0.0000
88	-0.3210	-0.0660	-0.7410	-0.2680	-0.0850	0.0000
89	0.6110	0.3640	-0.5090	-0.2650	-0.0970	0.0000
90	0.1790	0.0460	-0.0180	-0.2540	-0.0910	0.0000
91	0.6010	-0.0550	0.5440	-0.2630	-0.1130	0.0000
92	0.3330	0.5790	-0.3510	-0.2740	-0.1280	0.0000
93	-0.4090	-0.1420	0.3070	-0.2580	-0.1580	0.0000
94	-0.6260	0.6670	-0.7500	-0.2670	-0.1390	0.0000
95	-0.5730	0.4140	1.3690	-0.2690	-0.1420	0.0000
96	0.3540	-0.6750	-0.0760	-0.2480	-0.1220	0.0000
97	-0.4410	-0.1990	0.5470	-0.2600	-0.1500	0.0000
98	0.7780	0.1180	-0.0150	-0.2110	-0.1260	0.0000
99	-0.7620	0.4930	1.7120	-0.2060	-0.1420	0.0000
100	-0.4970	-1.0610	1.1950	-0.2040	-0.1380	0.0000
101	-0.1260	0.5040	-0.3030	-0.2170	-0.1290	0.0000
102	-0.3790	0.0060	1.3730	-0.1890	-0.0820	0.0000
103	-0.5420	-0.5850	-0.9740	-0.1840	-0.0900	0.0000
104	-0.1510	0.0660	-0.0120	-0.2320	-0.0770	0.0000
105	-0.9200	0.7170	0.5920	-0.2420	-0.0730	0.0000
106	-0.0910	0.9850	0.2840	-0.2420	-0.0790	0.0000
107	0.6130	-1.2320	-0.5630	-0.2350	-0.1160	0.0000
108	-0.4180	-0.3500	0.3090	-0.2820	-0.1030	0.0000
109	0.1510	-0.3030	-0.6550	-0.2490	-0.0990	0.0000
110	0.8310	-0.5310	-0.8810	-0.2610	-0.1170	0.0000
111	0.5290	0.1480	-0.8370	-0.2940	-0.1200	0.0000
112	-0.3940	1.6810	-0.1640	-0.2640	-0.1320	0.0000
113	1.3360	-0.1020	-0.3080	-0.2210	-0.1470	0.0000
114	0.3990	-0.6710	-1.2610	-0.1960	-0.1160	0.0000
115	-1.4550	1.5270	-0.8680	-0.2150	-0.1040	0.0000
116	0.1880	-0.2340	1.0920	-0.1710	-0.0690	0.0000
117	0.6840	0.3250	-0.5070	-0.2200	-0.0850	0.0000
118	0.3470	1.1160	1.0440	-0.1810	-0.0800	0.0000
119	0.3910	0.3570	-1.0380	-0.1810	-0.0820	0.0000
120	0.8430	-1.8090	-2.0890	-0.1120	-0.0870	0.0000
121	1.8120	-2.3600	0.6210	-0.1830	-0.1090	0.0000
122	2.6830	-2.8090	0.8940	-0.1360	-0.0710	0.0000
123	3.0030	-2.1340	0.9500	-0.2000	-0.1500	0.0000
124	-1.1820	-1.6380	1.0260	-0.1660	-0.1430	0.0000
125	1.8620	-2.2380	-5.4720	-0.1750	-0.2080	0.0000
126	2.4920	-0.8140	4.6420	-0.1400	-0.1860	0.0000
127	0.8140	-0.6140	2.7580	-0.0860	-0.1290	0.0000
128	-0.8670	0.1170	2.5530	-0.1080	-0.1940	0.0000
129	2.9760	2.2780	3.1010	-0.1490	-0.1210	0.0000
130	-1.7310	2.1490	-0.3640	-0.0670	-0.2010	0.0000
131	-0.7630	0.4280	0.7530	-0.0550	-0.2660	0.0000
132	-0.8490	-5.5390	0.5400	0.0110	-0.2560	0.0000
133	1.3450	-0.8830	-0.8060	0.0170	-0.1090	0.0000
134	-0.6030	-1.2960	-1.3080	-0.0040	-0.1850	0.0000
135	1.0720	-1.9980	-2.9420	-0.1510	-0.1510	0.0000
136	-2.2500	0.6700	0.3590	-0.1650	-0.2060	0.0000
137	0.9030	0.5440	-0.8270	-0.1740	-0.1180	0.0000
138	-0.4270	0.3500	-0.1080	-0.2230	-0.2000	0.0000
139	0.2160	-0.7080	1.7550	-0.2410	-0.0730	0.0000
140	-1.9480	0.3390	-0.3690	-0.2180	-0.0190	0.0000
141	-2.1800	-2.4510	-2.0650	-0.2130	0.0200	0.0000
142	-0.4070	-1.1570	1.6300	-0.1580	0.0070	0.0000
143	0.2930	3.0230	-0.4770	-0.0910	0.0260	0.0000
144	-0.7610	1.4150	2.7400	0.0700	0.0400	0.0000
145	2.6660	1.5530	-0.5310	0.1150	-0.0620	0.0000
146	1.6300	-1.6520	-0.3620	0.1220	-0.1600	0.0000
147	4.6830	4.9190	-0.9010	0.0640	-0.3040	0.0000
148	4.6830	4.9190	-0.9010	0.0640	-0.3040	0.0000
149	3.4650	1.5520	3.6060	-0.0470	-0.1040	0.0000
150	3.4650	1.5520	3.6060	-0.0470	-0.1040	0.0000
151	-1.1930	-0.7540	4.9090	-0.1980	0.1310	0.0000
152	-1.1930	-0.7540	4.9090	-0.1980	0.1310	0.0000
153	0.2290	2.6700	-0.9160	-0.1770	0.1800	0.0000
154	0.1440	0.4250	-235.0000	4.7140	9.2230	0.0000
155	-0.1710	-1.5840	-1.2220	-0.3050	0.1500	0.0000
156	2.4860	-2.3700	-4.7970	-0.2700	0.1110	0.0000
157	2.6050	-3.5480	2.8670	-0.2590	0.1400	0.0000
158	-1.6920	0.3230	-0.8240	-0.3210	0.1510	0.0000
159	-1.0630	-0.8930	2.4400	-0.2560	0.1100	0.0000
160	-2.9210	-0.1900	1.0930	-0.1880	0.1120	0.0000
161	0.2180	0.5280	2.4420	-0.1510	0.1730	0.0000
162	0.5650	1.9710	4.0220	-0.0670	0.1750	0.0000
163	1.1240	-1.7500	-2.0490	-0.1550	0.1610	0.0000
164	2.0760	-4.4510	4.9590	-0.2990	0.2240	0.0000
165	1.4460	0.8180	-1.6360	-0.3780	0.2180	0.0000
166	-3.1840	5.3630	4.5620	-0.4690	0.1240	0.0000
167	-1.5630	-7.3480	8.1810	-0.2950	0.3220	0.0000
168	-2.6880	-4.6780	-3.5310	-0.1850	0.5820	0.0000
169	-3.5630	4.4760	-0.1940	-0.3850	0.6880	0.0000
170	-1.7830	4.9490	1.6500	-0.1730	0.7310	0.0000
171	-0.6390	-1.5320	-8.5760	-0.2260	0.6120	0.0000
172	1.4060	3.6720	9.7800	-0.1090	0.6960	0.0000
173	-2.5050	-3.3490	-11.2000	-0.2920	0.6500	0.0000
174	2.7970	3.4440	-0.5150	-0.4780	0.7310	0.0000
175	-13.2280	2.1420	4.5950	-0.3640	0.8910	0.0000
176	-6.0080	1.4520	6.0930	-0.4270	1.0450	0.0000
177	5.9050	-2.8660	2.8990	-0.4530	0.9910	0.0000
178	16.2520	7.9060	-4.3690	-0.6640	0.8750	0.0000
179	1.6690	0.0020	-1.1670	-0.4700	0.7680	0.0000
180	1.8370	-7.3840	6.1860	-0.4140	0.7190	0.0000
181	9.0030	-5.0980	-13.5580	-0.4790	0.7750	0.0000
182	-8.5590	12.5880	9.5590	-0.7620	0.7470	0.0000
183	-3.8670	-7.1470	-10.6100	-0.4790	0.7790	0.0000
184	6.6090	5.3830	-3.5970	-0.7760	0.7640	0.0000
185	5.8420	-13.6580	-1.4310	-0.7980	0.4990	0.0000
186	-13.9070	1.0550	0.7550	-0.8750	0.5670	0.0000
187	5.6640	-19.3400	5.2560	-0.6430	0.7230	0.0000
188	-4.8330	18.5620	-4.3270	-0.6740	0.8330	0.0000
189	5.0690	-5.5220	-8.4840	-0.4890	0.8050	0.0000
190	1.2070	-20.2590	-12.5180	-0.4150	0.4550	0.0000
191	18.2520	-1.7850	9.8950	-0.6110	0.4970	0.0000
192	-4.7670	6.7630	-10.4220	-0.7020	0.6210	0.0000
193	1.9930	-1.6860	9.9930	-0.4390	0.8430	0.0000
194	4.2970	-10.4540	-4.4510	-0.1390	1.0110	0.0000
195	-3.8180	-18.5900	-23.0910	-0.1110	0.6450	0.0000
196	-0.1140	12.9360	9.8420	-0.2570	0.6610	0.0000
197	0.4100	5.0180	2.4500	-0.1160	0.7520	0.0000
198	-5.1310	8.5730	5.9210	0.1730	0.9620	0.0000
199	3.8120	-19.8820	0.1310	0.1890	0.8180	0.0000
200	8.6080	-2.8650	1.4000	-0.0800	0.6000	0.0000
201	1.0390	-3.0180	-2.9770	0.0160	0.3130	0.0000
202	-9.8910	3.8410	10.0600	-0.1710	0.4660	0.0000
203	9.5040	-5.4120	7.6870	-0.0340	0.4870	0.0000
204	5.5760	-7.1660	-5.5680	0.2810	0.4600	0.0000
205	-2.5010	-12.2880	-23.5150	0.1710	0.3380	0.0000
206	3.5410	3.3810	-1.5340	0.2800	0.6210	0.0000
207	2.2710	17.2920	0.5660	0.7040	0.6640	0.0000
208	-10.9840	-3.7090	6.7260	0.6200	0.5570	0.0000
209	-1.9080	2.5350	-4.7780	0.5930	0.4260	0.0000
210	-7.1710	6.8710	0.9800	0.3610	0.5880	0.0000
211	3.4690	-6.2820	-10.1770	0.3350	0.4470	0.0000
212	4.2630	-0.5740	-6.6350	0.2780	0.4250	0.0000
213	0.5020	-3.0350	-2.1090	0.6050	0.7370	0.0000
214	10.2190	-10.3940	-0.6060	0.6960	0.3500	0.0000
215	5.4100	-2.1820	-3.7930	0.4880	0.3980	0.0000
216	2.0570	-4.0330	5.1780	0.5990	0.5380	0.0000
217	-12.0490	3.1320	8.4700	0.2280	0.2160	0.0000
218	-9.2390	10.1690	-2.6560	0.0410	0.3320	0.0000
219	6.0460	-1.6390	3.1990	0.0330	0.4800	0.0000
220	12.0280	-10.9280	-2.5820	-0.0090	0.1700	0.0000
221	0.7340	-0.1030	3.4550	0.3060	0.6150	0.0000
222	7.7370	-13.0490	-3.2150	0.5610	0.4030	0.0000
223	0.9720	0.7370	-0.3460	0.3750	0.4620	0.0000
224	0.1200	10.2370	9.8860	0.1950	0.4680	0.0000
225	-4.6940	7.8890	-0.5290	0.0870	0.4970	0.0000
226	0.5330	1.4460	-0.2640	0.0600	0.5630	0.0000
227	-0.6990	5.3830	-1.3790	0.0250	0.6740	0.0000
228	2.4480	-8.7250	8.8960	0.0290	0.4670	0.0000
229	5.0150	-2.7720	7.1510	0.2330	0.7580	0.0000
230	4.3750	-5.0740	-0.6990	0.2650	0.2650	0.0000
231	-12.6460	-4.8230	3.7550	0.1240	0.4310	0.0000
232	6.3260	-5.9160	-14.1170	0.1480	0.2730	0.0000
233	3.5940	1.2460	3.6480	0.0720	0.2300	0.0000
234	6.6660	-3.5230	-3.5430	-0.0470	0.2690	0.0000
235	3.2020	3.8970	-1.3850	-0.0410	0.2200	0.0000
236	2.2780	5.7030	-3.1570	-0.0980	0.4040	0.0000
237	1.2000	1.9400	5.3440	0.0940	0.5610	0.0000
238	1.5860	-0.1530	5.2440	0.0480	0.4260	0.0000
239	1.6200	7.1830	2.2810	0.0940	0.6140	0.0000
240	2.6540	4.3270	9.4170	-0.0700	0.6080	0.0000
241	-1.0260	-4.5100	6.8860	-0.0700	0.6610	0.0000
242	4.2430	1.4690	2.8760	0.0270	0.7840	0.0000
243	10.1440	-1.3580	0.1140	-0.0950	0.8250	0.0000
244	0.0950	9.5540	9.9620	0.0180	1.0080	0.0000
245	-9.0750	8.7610	-0.0960	-0.1870	16.0000	0.0000
246	2.3250	-0.6520	6.2170	-0.0840	16.0000	0.0000
247	3.5070	-2.4650	7.7690	-0.0890	1.2700	0.0000
248	3.3470	4.3550	8.5200	-0.1569	1.2700	0.0000
249	-3.3610	8.8070	-2.6520	-0.4440	1.3000	0.0000
250	7.7720	-4.1080	-7.7190	-0.4440	1.3000	0.0000
251	1.7010	1.8910	0.2650	-0.4870	1.1000	0.0000
252	5.3730	5.7430	-9.9920	-0.4870	1.1000	0.0000
253	3.6570	-2.7480	7.3880	-0.4950	1.4840	0.0000
254	-10.7690	-0.4410	6.3400	-0.4950	1.4840	0.0000
255	0.1760	-6.7350	-13.3940	-0.3130	1.2270	0.0000
256	-1.9980	-0.6360	-6.3940	-0.3130	1.2270	0.0000
257	-3.9770	-4.2890	-2.3050	-0.6070	1.1030	0.0000
258	-5.6400	-2.5750	3.0000	-0.5190	1.0410	0.0000
259	-0.4450	-0.5080	-0.6040	-0.6630	1.1330	0.0000
260	-1.4680	-1.4950	-0.6040	-0.6630	1.1330	0.0000
261	7.8980	-0.3695	3.7720	-0.5750	1.1120	0.0000
262	-6.0920	6.1950	-4.0100	-0.7410	0.7500	0.0000
263	8.9320	2.0195	-4.0100	-0.7410	0.7500	0.0000
264	4.6510	-2.7460	-157.0000	-0.4880	1.1520	0.0000
265	-4.6610	-4746.0000	-157.0000	-0.4880	1.1520	0.0000
266	-2.8760	-13.9326	-0.2760	1.0270	17.6520	0.0000
267	-9.0240	-13.9320	-5.1220	-0.4000	0.7910	0.0000
268	4.7880	1.2542	5.8860	-0.3220	0.7390	0.0000
269	-5.2300	1.2542	5.8860	-0.3220	0.7390	0.0000
270	-6.9510	-2.5100	5.0740	-0.2210	0.8250	0.0000
271	6.0000	-2.5100	5.0740	-0.2210	0.8250	0.0000
272	11.2660	0.6510	9.9070	0.1170	0.7930	0.0000
273	-1.2660	0.6510	9.9070	0.1170	0.7930	0.0000
274	-1.0440	8.8670	3.1930	-0.2210	0.4710	0.0000
275	-0.9950	-3.3900	-0.3610	-0.1630	0.5810	0.0000
276	8.5160	-1.2050	2.8340	-0.3810	0.6310	0.0000
277	5.4260	0.4750	-4.2460	-0.3390	0.5060	0.0000
278	-5.9000	1.5870	-0.6650	-0.4140	0.5440	0.0000
279	-0.0990	-8.7270	0.5950	-0.3900	0.3340	0.0000
280	-4.6550	-2.8970	-4.0000	-0.3980	0.3450	0.0000
281	4.4990	3.5190	-3.3930	-0.4790	0.5240	0.0000
282	1.8900	-11.5330	-5.7770	-0.4540	0.4390	0.0000
283	5.3350	9.2870	-2.3100	-0.6830	0.4200	0.0000
284	-3.6240	0.2630	0.0020	-0.6030	0.5900	0.0000
285	2.0920	3.2220	5.2720	-0.8040	0.4330	0.0000
286	0.3930	-4.0500	-2.4200	-0.4420	0.4920	0.0000
287	-2.3730	-8.5660	-4.1890	-0.4400	0.3140	0.0000
288	0.3710	9.4830	8.3820	-0.3590	0.8180	0.0000
289	-0.4180	-9.3450	1.4030	-0.3430	0.6880	0.0000
290	8.9050	-16.7290	8.7280	-0.4340	0.2610	0.0000
291	-9.6640	7.6590	-18.2000	-0.1880	0.2570	0.0000
292	-2.4810	1.6390	0.2940	-0.2550	0.1590	0.0000
293	-0.0530	5.9890	-0.8900	0.0260	0.4660	0.0000
294	-1.3500	14.9300	-2.6740	-0.3730	0.3280	0.0000
295	-5.1480	-7.7090	-15.5340	-0.2650	0.0790	0.0000
296	1.9000	-12.7040	7.9270	-0.1810	0.2780	0.0000
297	-0.8940	3.8700	2.4750	-0.3390	0.3590	0.0000
298	-1.9190	0.3510	0.8610	-0.4060	0.2000	0.0000
299	4.4610	-11.5950	-9.2260	-0.4280	-0.1220	0.0000
300	5.1270	-3.1580	-1.8530	-0.3650	-0.0150	0.0000
301	6.2150	4.1700	0.6140	-0.6620	-0.0250	0.0000
302	0.8990	-20.9800	-10.4750	-0.5640	-0.0160	0.0000
303	-13.0810	-9.0790	7.8640	-0.2760	-0.0310	0.0000
304	22.7070	-7.1820	-0.7540	-0.3210	-0.4070	0.0000
305	17.6980	1.3130	0.0780	-0.2820	-0.6940	0.0000
306	-13.5750	15.0590	-1.8190	-0.2640	-0.6910	0.0000
307	7.3250	0.0070	3.1710	-0.1350	-0.9430	0.0000
308	9.4400	24.0160	-8.4320	-0.8010	-1.0700	0.0000
309	-2.8590	-23.0200	9.9430	-0.0870	-0.4460	0.0000
310	-6.5640	-2.0320	-22.2420	0.0040	-0.1760	0.0000
311	6.2390	-8.1560	10.0790	-0.2930	-0.5820	0.0000
312	2.3740	-2.9770	-15.5320	-0.4290	-0.8200	0.0000
313	10.9210	-6.1180	-8.8820	-0.2690	-0.9340	0.0000
314	13.4310	-7.2430	7.9520	-0.2320	-1.2850	0.0000
315	-4.7180	9.4900	1.8680	-0.7750	-1.8290	0.0000
316	-12.2440	-14.7660	9.3850	-0.6030	-2.4290	0.0000
317	10.0960	25.1210	-18.2260	-0.9070	-2.0590	0.0000
318	-0.6210	2.3140	-7.0470	-0.5140	-1.9450	0.0000
319	0.4320	-9.6050	3.7880	-0.9970	-1.8790	0.0000
320	6.8790	10.7840	-25.1680	-1.1800	-1.7950	0.0000
321	-4.8870	-4.7190	1.5440	-1.3570	-2.1600	0.0000
322	8.3020	12.9460	-10.8530	-1.5080	-2.2610	0.0000
323	-19.5070	4.7910	8.8030	-2.3670	-2.5660	0.0000
324	2.3900	-8.3370	-10.6520	-2.9550	-2.7010	0.0000
325	-16.7760	-0.6470	-4.3160	-3.3100	-2.4260	0.0000
326	15.1620	-2.8850	-28.4380	-2.6530	-1.6660	0.0000
327	15.9770	6.6700	-28.7740	-1.8690	-1.3460	0.0000
328	-5.1780	-14.9420	10.1010	-2.1590	-1.7590	0.0000
329	-10.4730	-22.3700	-23.3410	-2.4900	-2.1350	0.0000
330	8.9080	5.2380	10.3930	-2.5720	-2.1760	0.0000
331	10.5620	19.5610	9.9020	-3.2800	-1.8570	0.0000
332	-2.3590	-24.7780	-24.7690	-3.1640	-1.6130	0.0000
333	10.9060	-6.2870	10.7620	-3.0570	-1.3600	0.0000
334	11.8930	-17.0350	-18.8230	-2.3220	-1.1730	0.0000
335	26.2120	-9.2320	-8.6420	-1.5800	-0.4550	0.0000
336	-25.2710	5.6650	-29.6200	-0.7620	-0.5720	0.0000
337	-13.7830	-12.6900	7.3900	-0.4600	0.0190	0.0000
338	-13.7830	-12.6900	7.3900	-0.4600	0.0190	0.0000
339	-23.1600	1.1620	-7.1000	-1.6480	0.9630	0.0000
340	-23.1600	1.1620	-7.1000	-1.6480	0.9630	0.0000
341	-2.9200	-14.9640	-28.4030	-1.9500	1.6270	0.0000
342	7.1790	0.8760	-3.5170	-1.6370	2.3090	0.0000
343	-7.6860	5.8280	3.8890	-2.9450	3.0920	0.0000
344	5.8190	11.7480	-7.0070	-3.0280	3.1630	0.0000
345	1.4150	13.5420	-1.1220	-3.3180	2.7670	0.0000
346	2.0500	-18.4120	11.2800	-3.2110	2.2200	0.0000
347	4.6570	-19.5910	10.9080	-2.0650	2.0060	0.0000
348	-13.6860	6.0210	-25.8890	-1.9830	1.2460	0.0000
349	12.1450	17.2460	8.7980	-1.7350	0.9480	0.0000
350	4.9470	15.5500	-15.5710	-1.8260	-0.0620	0.0000
351	-9.8800	15.9170	-17.6010	-2.3080	-0.8760	0.0000
352	-7.9320	-18.1420	9.9200	-1.6020	-1.6030	0.0000
353	1.3130	23.0970	9.7350	-1.9810	-1.8450	0.0000
354	-15.2640	-12.9910	4.1030	-1.8420	-2.0570	0.0000
355	4.1820	-5.2710	9.4560	-1.7480	-2.2240	0.0000
356	11.2510	-14.5960	7.2080	-2.8450	-1.8910	0.0000
357	-16.7240	12.8860	8.8060	-3.1720	-1.0610	0.0000
358	-14.3820	-6.0840	-12.0830	-4.0240	-0.7980	0.0000
359	-21.9630	-1.2100	-23.1090	-5.0980	-1.2870	0.0000
360	-7.3400	-27.7470	-13.3400	-5.6950	-1.6810	0.0000
361	-10.6320	17.9350	8.0400	-5.6200	-1.6880	0.0000
362	-28.1320	7.8760	5.2440	-5.7500	-2.0380	0.0000
363	5.6410	3.2370	10.3900	-6.2100	-2.2660	0.0000
364	-15.5850	-15.1640	9.7630	-6.8410	-2.8380	0.0000
365	-13.2320	16.0220	-0.4800	-7.9560	-2.9190	0.0000
366	0.9210	-4.1400	-20.4400	-8.4330	-2.9370	0.0000
367	-1.6380	4.4350	9.5810	-8.6340	-2.6480	0.0000
368	-17.4390	11.7210	-2.7830	-8.5460	-2.0330	0.0000
369	-25.5350	4.5170	-6.1720	-8.5620	-1.6280	0.0000
370	4.0370	-17.5040	12.5510	-8.1760	-1.3990	0.0000
371	9.9930	-10.9080	-1.6840	-8.2610	-1.0770	0.0000
372	-5.5340	-22.6190	12.6850	-9.1010	-0.9410	0.0000
373	21.5300	-3.6840	-27.1760	-8.5530	-0.4970	0.0000
374	3.3330	11.4670	-30.6370	-8.5140	-0.0890	0.0000
375	14.2500	13.5030	-16.2540	-8.4800	0.2450	0.0000
376	-10.1900	17.7130	6.9950	-9.0520	-0.2170	0.0000
377	18.8970	-12.7790	-15.6710	-8.9250	-0.6140	0.0000
378	14.2000	-3.6910	11.8920	-8.5040	-0.7850	0.0000
379	-6.9200	-6.4800	10.3390	-8.1360	-1.1360	0.0000
380	4.7740	23.1050	-19.6030	-7.8940	-1.1890	0.0000
381	10.4120	-2.3870	-5.9580	-7.8250	-1.1120	0.0000
382	-27.4770	8.5780	6.9250	-7.9760	-1.0190	0.0000
383	-0.9600	-5.4210	10.7530	-7.8740	-0.4590	0.0000
384	-17.9730	14.1800	7.1170	-8.3670	0.0590	0.0000
385	-6.9200	-20.0320	12.2530	-8.7020	0.2970	0.0000
386	-17.7270	8.6730	-29.4420	-8.6550	0.7630	0.0000
387	-8.6710	-24.3510	13.2610	-8.6760	1.3080	0.0000
388	-8.6710	-24.3510	13.2610	-8.6760	1.3080	0.0000
389	-17.4630	-10.8480	-18.1470	-8.2090	2.9490	0.0000
390	-17.4630	-10.8480	-18.1470	-8.2090	2.9490	0.0000
391	-8.6210	-22.4150	11.3650	-6.9630	4.3100	0.0000
392	10.0680	-1.0000	-5.6530	4.7510	29.5140	0.0000
393	0.6470	11.2080	-28.6390	-5.3700	4.7610	0.0000
394	-17.2330	11.6250	-13.2410	-6.1820	4.7630	0.0000
395	3.9650	17.7610	7.7210	-5.7690	5.1110	0.0000
396	-4.4400	19.2920	-11.7730	-6.4690	4.9630	0.0000
397	15.5920	-9.5070	-27.2400	-6.7040	4.4170	0.0000
398	13.7630	-14.9890	-6.5290	-7.2990	3.7180	0.0000
399	-23.3100	-2.3010	-29.6830	-7.6370	2.9100	0.0000
400	-21.9960	-1.0690	9.4180	-7.8860	2.0460	0.0000
401	25.9960	-4.7990	8.3410	-8.1730	1.5420	0.0000
402	0.8120	23.0460	6.9400	-9.1950	0.9900	0.0000
403	22.3600	-6.1340	12.4490	-8.5440	1.2260	0.0000
404	21.0310	1.6820	-25.8560	-8.4060	1.5290	0.0000
405	15.8060	-2.7880	-23.0110	-8.3080	2.2600	0.0000
406	25.3760	-4.1050	11.7250	-7.9720	2.7420	0.0000
407	16.0320	6.3400	8.2870	-7.5150	3.1870	0.0000
408	9.2900	19.5360	7.7390	-7.1520	3.1950	0.0000
409	-0.9410	-16.8770	-27.1960	-6.8830	2.9810	0.0000
410	19.5490	3.2560	-29.3180	-6.3370	2.6500	0.0000
411	-0.6440	14.8380	8.4290	-6.3460	2.1340	0.0000
412	6.9980	-12.8790	10.7500	-6.5110	1.1980	0.0000
413	6.8750	24.9790	1.6310	-6.5200	0.6550	0.0000
414	-12.8980	11.2170	-31.4270	-7.1740	-0.0990	0.0000
415	-23.0530	10.0310	4.4310	-7.1990	-0.8930	0.0000
416	19.3200	-11.8200	-10.2130	-6.6590	-1.1790	0.0000
417	10.2580	19.4340	-9.5940	-6.7720	-1.2210	0.0000
418	0.9360	24.4960	8.0760	-6.7080	-1.2450	0.0000
419	-12.7480	11.3220	5.4730	-7.0230	-1.2910	0.0000
420	5.0870	-13.0230	-27.2190	-7.2710	-1.1630	0.0000
421	0.6300	-7.4070	-10.5000	-7.4710	-1.0310	0.0000
422	5.1810	-23.2700	-25.0640	-8.1770	-1.1480	0.0000
423	0.9240	-25.6610	-25.3990	-8.7520	-1.3990	0.0000
424	15.3010	1.8040	6.2000	-8.6280	-1.6210	0.0000
425	11.9750	-13.6400	6.3150	-8.5930	-1.8330	0.0000
426	2.6580	16.7320	-11.2620	-8.5070	-2.5720	0.0000
427	-6.9460	5.1430	-3.4260	-8.5220	-3.4740	0.0000
428	-16.3240	9.5450	4.2160	-8.2270	-3.7650	0.0000
429	29.3750	-7.3640	-25.0510	-7.2560	-4.1870	0.0000
430	-2.7250	23.8210	8.3100	-7.2150	-4.2160	0.0000
431	-2.9780	14.3520	-30.7830	-7.3410	-4.0040	0.0000
432	9.8600	17.0550	10.3100	-6.5140	-3.7520	0.0000
433	4.7320	25.9930	8.4590	-6.0710	-3.2830	0.0000
434	2.7630	6.9640	10.0210	-5.3710	-2.9690	0.0000
435	15.6820	-15.7950	-27.2060	-4.8230	-3.0510	0.0000
436	15.6820	-15.7950	-27.2060	-4.8230	-3.0510	0.0000
437	-4.6920	-28.3740	-25.9620	-4.3290	-3.1240	0.0000
438	-4.6920	-28.3740	-25.9620	-4.3290	-3.1240	0.0000
439	10.1610	-15.2500	11.8350	-5.2090	-3.9630	0.0000
440	10.1610	-15.2500	11.8350	-5.2090	-3.9630	0.0000
441	5.5740	24.0020	-24.9600	-5.1600	-3.8460	0.0000
442	17.0940	-13170.0000	31.8260	29.4380	32.0940	0.0000
443	-8.1110	-27.1340	10.2400	-3.8340	-2.9660	0.0000
444	14.6350	-14.8870	-27.0920	-3.7350	-2.9120	0.0000
445	-16.5450	-13.2560	9.2570	-4.3990	-2.7940	0.0000
446	-7.7620	-26.9590	10.5170	-4.0590	-2.4230	0.0000
447	23.7770	-7.6970	1.7770	-4.6460	-2.0620	0.0000
448	-9.9860	-13.0410	1.1810	-5.5460	-2.3200	0.0000
449	0.4570	-24.9670	-27.7300	-6.1320	-2.9560	0.0000
450	11.4710	-1.8070	11.5220	-6.1800	-3.4750	0.0000
451	-12.4690	-13.9770	-30.2150	-6.2600	-4.3410	0.0000
452	-12.6870	-17.5590	9.2670	-5.6930	-4.6550	0.0000
453	-12.1960	-16.8720	-16.3240	-5.8150	-4.9840	0.0000
454	-13.7900	11.1720	8.0320	-5.7910	-4.5880	0.0000
455	-6.6980	17.5450	5.9780	-5.5540	-5.2220	0.0000
456	21.9840	4.5010	-26.6410	-5.6540	-5.1070	0.0000
457	21.3320	4.8110	-21.9520	-4.8900	-4.8000	0.0000
458	-8.4480	7.3410	3.8970	-4.8870	-5.1700	0.0000
459	2.8540	5.7810	10.0790	-5.6860	-5.4190	0.0000
460	16.4630	-11.4620	3.3490	-6.0900	-5.5070	0.0000
461	0.5070	22.4620	9.5980	-6.1640	-5.4930	0.0000
462	-19.8330	-10.2020	7.5150	-6.1220	-6.0680	0.0000
463	-17.0850	-5.0310	-14.9840	-6.0040	-6.7340	0.0000
464	-20.7510	-7.7050	2.8150	-5.9670	-7.0000	0.0000
465	-15.8930	12.4940	-7.6030	-5.9740	-7.1580	0.0000
466	1.9580	24.8960	-7.6040	-6.2700	-6.8740	0.0000
467	-13.1320	-2.0490	8.0190	-6.6520	-6.7450	0.0000
468	-5.6250	-22.1870	10.0510	-7.0400	-6.3610	0.0000
469	5.9030	-9.5500	-19.9770	-7.1170	-5.9470	0.0000
470	-2.4800	-24.8450	0.4240	-7.8570	-5.5710	0.0000
471	16.6250	7.8430	2.3500	-8.7890	-5.1050	0.0000
472	-11.5620	-16.8190	9.7610	-9.0030	-5.0820	0.0000
473	7.8910	25.0620	-27.0600	-9.3890	-5.3840	0.0000
474	-7.0220	-20.7440	-3.9970	-9.5520	-5.1020	0.0000
475	2.5350	27.7630	8.0380	-10.2780	-5.1010	0.0000
476	-6.6250	-3.7930	9.5620	-10.8120	-4.9390	0.0000
477	1.3570	-11.6620	10.6610	-10.3100	-4.6030	0.0000
478	-10.4170	12.8900	6.3840	-9.7860	-4.6940	0.0000
479	-2.9370	16.7370	-31.5230	-9.3040	-4.8640	0.0000
480	5.6520	2.2790	-0.0370	-9.3390	-4.7950	0.0000
481	16.7680	-1.6540	13.1460	-9.1410	-4.8120	0.0000
482	6.6350	23.1080	-28.6360	-8.5120	-4.3380	0.0000
483	-6.7390	21.6570	7.4010	-8.5650	-3.6690	0.0000
484	3.7450	3.5970	10.4020	-7.8330	-3.3620	0.0000
485	11.7820	14.6900	10.2790	-7.8850	-2.9970	0.0000
486	28.7420	-7.0520	-24.6640	-7.1410	-2.4240	0.0000
487	13.9560	-3.4210	11.8940	-7.1360	-2.2640	0.0000
488	20.4340	3.1260	3.4830	-6.2290	-2.1000	0.0000
489	28.6810	-7.2110	-26.3820	-5.6630	-2.1480	0.0000
490	1.8590	25.1660	-26.2800	-5.5710	-1.9940	0.0000
491	10.7890	-2.5120	-13.8910	-4.7470	-2.1490	0.0000
492	-0.3190	-21.9790	-27.9730	-4.3340	-2.4790	0.0000
493	-8.1050	16.1590	-10.8530	-4.5350	-2.6030	0.0000
494	-13.2390	14.8190	8.3590	-4.5970	-2.6380	0.0000
495	-0.2000	9.6950	-1.8470	-4.4260	-2.5560	0.0000
496	-0.1630	3.8690	9.9190	-3.5110	-2.1840	0.0000
497	7.4840	7.1800	-1.9010	-3.0140	-1.8350	0.0000
498	-15.7120	-8.6320	9.4740	-2.8510	-1.6590	0.0000
499	-14.7610	9.5490	-29.8910	-2.3250	-1.1900	0.0000
500	-14.5140	13.4220	-10.6840	-1.9320	-0.4300	0.0000
501	-27.0090	6.1270	-2.3710	-1.5670	-0.0440	0.0000
502	8.7230	0.5860	3.4420	-2.3760	0.2000	0.0000
503	-9.0360	7.0640	-29.7870	-3.4750	0.2760	0.0000
504	-9.4920	-23.2830	9.0570	-3.5960	0.1690	0.0000
505	-27.2600	6.6260	6.1440	-3.5870	-0.0970	0.0000
506	-7.3020	14.4500	-30.3120	-3.8240	-0.5260	0.0000
507	-20.0240	9.1560	-26.9790	-3.2140	-0.2770	0.0000
508	2.5710	-2.3390	-17.3900	-2.5930	-0.0700	0.0000
509	-0.9010	11.5740	-0.9220	-2.2850	-0.1250	0.0000
510	6.2330	-2.0310	-2.1560	-2.0660	-0.1500	0.0000
511	-3.3390	20.7380	9.3740	-1.9420	-0.2180	0.0000
512	8.1320	24.3930	-29.6660	-1.7120	-0.1580	0.0000
513	-1.4360	21.3430	-1.1980	-1.7390	0.1540	0.0000
514	6.7060	-0.6630	-29.1790	-0.9090	0.4080	0.0000
515	-5.6480	18.9420	9.6590	-0.8790	0.6710	0.0000
516	-25.0420	8.2380	10.0630	-0.7150	0.9480	0.0000
517	-10.5710	0.8890	10.0920	-0.8430	1.0980	0.0000
518	-7.9820	-26.7090	10.7080	-1.2080	0.8280	0.0000
519	20.2510	2.5630	-13.6010	-1.4570	0.7040	0.0000
520	10.6370	20.6090	-12.8260	-1.4320	0.3300	0.0000
521	-0.7880	21.6800	7.4580	-1.6560	0.0710	0.0000
522	2.4650	5.8430	9.9350	-1.4990	-0.3600	0.0000
523	7.7710	26.0710	9.6480	-1.2050	-0.1520	0.0000
524	-2.1890	16.1050	9.7610	-0.8860	0.0660	0.0000
525	11.0100	-14.4110	-27.5820	-0.3050	0.3070	0.0000
526	23.6350	-6.9870	-29.4780	0.4540	0.4630	0.0000
527	-3.1480	19.7260	-16.4440	0.3150	0.3520	0.0000
528	5.9510	24.1610	9.8800	-0.2460	0.1430	0.0000
529	11.2560	18.8550	9.7630	-1.2630	-0.0570	0.0000
530	19.7510	-4.8070	4.4680	-1.0310	-0.1780	0.0000
531	11.3420	-13.3880	-26.5660	-0.8140	-0.0900	0.0000
532	-11.5180	15.6310	9.6840	-0.9180	-0.2380	0.0000
533	7.5600	-11.3960	10.1570	-0.6440	-0.0710	0.0000
534	2.9350	-21.2070	-11.7100	-0.2140	-0.1110	0.0000
535	-3.6360	-19.2580	1.6180	-0.0830	-0.3650	0.0000
536	1.3240	-21.9710	-25.0340	0.3010	-0.7340	0.0000
537	-13.5730	-15.9680	-17.0200	-0.1150	-0.9170	0.0000
538	-7.5660	1.5190	9.8630	-0.2560	-1.1550	0.0000
539	4.9690	24.0660	10.1890	94.0000	-1.1160	0.0000
540	-10.4010	16.0210	10.1890	94.0000	-1.1160	0.0000
541	-4.6570	5.2040	9.0000	9.6660	-0.0720	0.0000
542	2.5560	17.8140	9.0000	9.6660	-0.0720	0.0000
543	-15.0200	-810.0000	9.6470	-1.3050	0.1350	0.0000
544	-8.3680	-27.4840	9.9370	-2.4090	0.0820	0.0000
545	15.2370	-27.4450	-17.9310	-2.5890	0.2900	0.0000
546	-19.8600	14.0950	5.3560	-2.7450	0.3390	0.0000
547	-9.2390	14.0950	5.3560	-2.7450	0.3390	0.0000
548	16.2490	14.0950	5.3560	-2.7450	0.3390	0.0000
549	22.2470	-2.2860	0.0050	-3.3170	-1.2440	0.0000
550	-6.1450	18.1370	11.0250	-2.3810	-1.7040	0.0000
551	-10145.0000	18.1370	11.0250	-2.3810	-1.7040	0.0000
552	-15.3100	13.8520	-6.0400	-2.1080	-2.3490	0.0000
553	-15.3100	13.8520	-6.0400	-2.1080	-2.3490	0.0000
554	-1.3978	-4.4890	8.7330	-3.1200	-2.7440	0.0000
555	-1.3970	-17.9680	-28.8580	-2.9680	-2.4260	0.0000
556	-16.7900	-4.1810	-21.1650	-3.2470	-1.9280	0.0000
557	-16.4440	-6.0450	9.1480	-3.8940	-1.9710	0.0000
558	-8.6340	-25.1080	-28.6540	-3.9950	-1.9410	0.0000
559	10.7550	1.7610	-28.6440	-4.1970	-1.9930	0.0000
560	3.9080	20.3250	-29.8100	-3.5640	-1.9480	0.0000
561	6.4150	26.1240	9.5720	-3.2320	-2.1150	0.0000
562	7.5960	26.0740	-1.0200	-3.6550	-1.8340	0.0000
563	-17.4220	10.4420	8.5850	-3.7730	-1.7580	0.0000
564	-5.7870	-26.8450	-22.8090	-3.9040	-2.0740	0.0000
565	-10.5570	-24.8210	5.2980	-3.9760	-2.7870	0.0000
566	23.4760	-11.7580	-27.0930	-3.0770	-3.2280	0.0000
567	0.7380	15.4880	9.8240	-3.0080	-3.4310	0.0000
568	-6.5360	-17.3180	8.2700	-2.9090	-3.3670	0.0000
569	-0.7320	-22.9930	-15.8180	-2.8550	-2.6900	0.0000
570	-21.3430	-3.7240	3.3470	-2.3090	-2.1210	0.0000
571	-9.0470	-9.4680	9.8500	-2.4710	-1.5950	0.0000
572	4.3810	22.4700	8.8490	-2.6510	-1.3840	0.0000
573	3.7780	-20.4200	-4.5920	-2.6230	-1.0800	0.0000
574	4.8570	-0.1840	10.1790	-2.6550	-0.5440	0.0000
575	-15.9220	-12.1390	-29.2270	-2.6920	-0.8520	0.0000
576	-20.9860	11.1520	8.8260	-2.7310	-1.1100	0.0000
577	0.7040	20.7770	-30.0520	-3.5170	-1.4950	0.0000
578	-6.4930	18.9730	-1.0900	-4.3640	-2.3780	0.0000
579	14.3490	11.2930	-3.3650	-3.8190	-2.8870	0.0000
580	13.7480	4.6460	-2.5620	-3.4280	-3.1740	0.0000
581	8.3550	-0.6570	10.6780	-3.3080	-2.8680	0.0000
582	6.0150	26.5340	9.6440	-3.4690	-2.5400	0.0000
583	11.6270	14.7140	10.2660	-3.3290	-2.2020	0.0000
584	6.4250	26.5530	9.1810	-3.3880	-1.9340	0.0000
585	-6.9770	11.2280	9.2680	-3.1250	-2.1070	0.0000
586	-9.7410	17.6220	8.8510	-3.3880	-2.3380	0.0000
587	11.0830	4.0880	-28.5470	-3.9760	-2.9740	0.0000
588	14.2970	9.3100	-28.2510	-3.3760	-3.7080	0.0000
589	22.6930	-9.2800	12.3470	-3.2310	-4.3670	0.0000
590	-2.3070	-19.6780	9.4930	-3.1950	-4.5490	0.0000
591	16.7290	-2.0610	-24.6680	-2.3280	-4.1620	0.0000
592	11.7080	-0.1200	7.5200	-1.4370	-3.9290	0.0000
593	16.9420	7.2420	-11.2380	-0.9750	-3.5840	0.0000
594	19.4020	-1.6810	-21.5810	-0.2930	-3.0960	0.0000
595	-8.9470	-25.3140	-12.7330	1.1960	-3.0470	0.0000
596	4.0870	-17.4190	-8.0640	1.9330	-2.6530	0.0000
597	-4.5330	18.4620	10.7520	1.6560	-2.3470	0.0000
598	1.8660	21.6910	11.0280	1.8960	-1.9320	0.0000
599	-7.3280	-10.4130	8.6040	1.5930	-2.5210	0.0000
600	-8.5010	-28.1560	8.3040	1.7790	-2.9770	0.0000
601	-18.2910	11.7230	-15.2880	1.2990	-3.8670	0.0000
602	-25.7010	7.3720	-25.0500	0.7360	-4.7070	0.0000
603	11.7440	-16.9000	8.6360	0.8540	-5.4580	0.0000
604	-7.9240	10.4200	10.0950	0.7610	-6.4410	0.0000
605	-24.1190	6.9810	8.0650	0.3760	-7.1910	0.0000
606	-21.0820	9.9510	-31.2600	0.3030	-8.3290	0.0000
607	-25.7100	7.1410	-20.1250	0.1180	-8.8320	0.0000
608	4.7570	10.2050	10.0350	-0.1210	-8.9840	0.0000
609	5.2250	22.5630	12.5940	-0.4460	-8.9890	0.0000
610	-5.6460	10.4880	-23.5860	-0.1840	-8.9500	0.0000
611	17.2630	2.5760	10.8470	-0.5420	-8.6390	0.0000
612	20.2580	-2.7840	-26.6370	-0.3700	-8.3930	0.0000
613	5.1790	13.4520	11.7440	-0.2460	-8.4960	0.0000
614	20.0790	-11.3290	11.9910	-0.2220	-8.5400	0.0000
615	-11.9000	5.4210	8.9900	-0.4510	-9.2670	0.0000
616	-5.2200	12.9840	-10.4920	-0.6030	-9.3430	0.0000
617	11.2680	1.1420	-27.7250	-0.2520	-9.6620	0.0000
618	8.4330	-3.7720	-28.5580	-0.3110	-9.9370	0.0000
619	11.0820	21.8690	-21.1950	-0.4070	-10.5180	0.0000
620	-3.2390	5.9680	-28.3490	-0.7800	-11.3090	0.0000
621	27.5830	-0.8620	-24.5930	-0.8960	-11.9200	0.0000
622	27.5830	-0.8620	-24.5930	-0.8960	-11.9200	0.0000
623	-5.8430	-3.0300	-31.3170	-0.8680	-13.4190	0.0000
624	-5.8430	-3.0300	-31.3170	-0.8680	-13.4190	0.0000
625	-2.2640	10.0010	-8.6850	-0.9780	-14.3810	0.0000
626	-2.2480	2.5800	-30.0030	-0.8850	-14.5200	0.0000
627	-1.1850	11.5210	-0.1150	-0.5050	-14.2340	0.0000
628	3.1000	-16.0490	-31.2310	-0.2800	-14.1250	0.0000
629	24.3560	-5.1090	-22.0120	0.0820	-13.7080	0.0000
630	-20.4150	-12.3700	4.8510	0.1870	-13.5020	0.0000
631	-23.7750	3.6850	6.5150	0.0060	-13.1110	0.0000
632	-23.7750	3.6850	6.5150	0.0060	-13.1110	0.0000
633	-26.8800	3.9750	-5.5650	0.1380	-12.9310	0.0000
634	-21.2980	-1.0000	36.2080	35.6690	36.0890	0.0000
635	-4.3440	-8.5030	-14.6480	2.1910	-11.8320	0.0000
636	-29.1180	1.5380	-28.9770	2.8630	-11.4770	0.0000
637	-19.6580	1.5380	-28.9770	2.8630	-11.4770	0.0000
638	-8.9220	16.2870	8.7080	1.9500	-11.4110	0.0000
639	-13.6270	13.8300	11.3300	1.2410	-11.7960	0.0000
640	-7.5560	10.8310	-20.1110	1.1110	-11.8580	0.0000
641	-4.9060	16.7270	-23.5470	1.1300	-11.9950	0.0000
642	-29.2340	1.5870	-28.0990	0.8990	-12.3260	0.0000
643	-18.5620	9.6150	-28.0990	0.8990	-12.3260	0.0000
644	2.1020	22.1565	2.6240	0.8740	-12.3020	0.0000
645	21.2060	-9.5600	12.2210	1.0130	-11.7020	0.0000
646	12.9080	-11528.0000	4.7980	1.1460	-11.0930	0.0000
647	5.6030	-161.0280	5.6300	2.2380	-10.5770	0.0000
648	-9.2990	15.9460	-18.2840	2.8810	-10.3120	0.0000
649	-4.5310	15.6760	11.2980	2.3230	-9.9160	0.0000
650	-1.6450	19.3210	11.9600	1.4530	-9.4760	0.0000
651	16.2550	19.3210	11.9600	1.4530	-9.4760	0.0000
652	16.2530	-1.7510	-27.6290	1.9820	-10.2990	0.0000
653	-7.2290	-16.7540	-32.8400	1.9480	-10.4420	0.0000
654	-7.2480	-29.6910	1.7480	1.5810	-10.7620	0.0000
655	-27.2370	-15.1000	5.7460	1.8190	-10.9060	0.0000
656	-23.2230	5.9890	-32.5150	1.0440	-11.5720	0.0000
657	-23.4050	7.1490	-32.7830	0.3640	-12.0810	0.0000
658	-11.5720	7.0780	9.3360	0.3830	-12.4240	0.0000
659	-2.8740	-14.0340	-6.0470	0.1880	-12.6060	0.0000
660	9.8120	15.9070	1.6160	0.4770	-12.4570	0.0000
661	11.1830	9.1790	13.6590	0.4040	-12.4220	0.0000
662	-16.9830	-8.7400	-16.8630	1.2200	-12.4290	0.0000
663	-4.8330	16.1740	-27.5630	2.3040	-12.3440	0.0000
664	1.1930	-0.1270	-17.9720	2.0500	-12.2560	0.0000
665	-11.0290	-15.1410	6.4810	2.0470	-12.0790	0.0000
666	8.0900	27.9580	-20.3360	1.1940	-11.9900	0.0000
667	-3.5940	20.0150	12.1370	0.3610	-11.8180	0.0000
668	-4.9770	-13.4000	-3.6290	-0.7050	-11.6630	0.0000
669	-24.9410	2.0110	5.9940	-0.8510	-11.8660	0.0000
670	5.2680	-12.4510	10.2700	-1.2040	-12.0060	0.0000
671	-13.7510	-7.4210	-32.9830	-1.3410	-12.0210	0.0000
672	-15.5410	-4.4990	-33.0980	-1.2350	-12.1740	0.0000
673	2.4090	-5.7200	8.7640	-1.1640	-12.3600	0.0000
674	-3.6870	-12.8780	8.3820	-0.8500	-12.5800	0.0000
675	9.1310	19.2300	-2.8400	-0.6890	-12.6130	0.0000
676	10.6720	11.1630	10.4920	-0.0840	-12.7910	0.0000
677	9.9050	25.5110	-24.2970	0.9040	-13.2100	0.0000
678	2.0570	12.1250	-10.8370	1.5310	-13.4650	0.0000
679	8.1030	-2.3890	-28.6290	1.8490	-13.6830	0.0000
680	29.4930	-4.4550	-25.1860	2.5490	-13.5340	0.0000
681	-11.1490	-26.1830	0.4640	3.1950	-13.5810	0.0000
682	-21.6710	-4.9590	-7.6460	3.2180	-13.3230	0.0000
683	-18.7130	1.3370	-32.2560	3.6900	-13.0530	0.0000
684	-10.3510	15.3830	-1.7360	3.7380	-12.7530	0.0000
685	-11.1550	8.0370	8.8510	3.0790	-12.6150	0.0000
686	-11.7210	-0.2650	8.4690	2.8470	-12.9320	0.0000
687	7.4970	23.2800	-21.8390	2.7300	-13.2220	0.0000
688	-8.0710	16.6950	2.7390	2.5110	-13.5120	0.0000
689	-0.9580	-4.2310	-30.6330	2.2110	-13.7630	0.0000
690	-9.0970	14.0890	-29.4640	1.7930	-13.9720	0.0000
691	-8.6580	-2.0350	8.5820	1.8090	-14.0040	0.0000
692	-11.7300	-17.7420	5.6100	1.4600	-13.9670	0.0000
693	-23.5530	-0.3930	-10.9810	1.0230	-14.0090	0.0000
694	-28.2120	4.5450	-5.8320	1.2780	-13.9320	0.0000
695	-4.4380	19.1540	12.4210	1.0380	-13.5100	0.0000
696	-11.5240	15.2020	10.1200	-0.0070	-12.9260	0.0000
697	4.4730	-7.4980	-0.4890	0.2920	-12.8440	0.0000
698	0.3990	-3.7910	-4.1890	0.1790	-12.6720	0.0000
699	-20.5040	9.7220	6.8290	-0.0190	-12.6330	0.0000
700	-8.4050	-23.3800	-2.5440	0.0630	-12.3210	0.0000
701	-19.2130	-3.5970	-20.1560	-0.4220	-12.3220	0.0000
702	-0.7410	9.9320	11.3270	-1.0620	-12.4980	0.0000
703	1.4570	-11.6160	9.7450	-1.7360	-12.2920	0.0000
704	-25.9980	7.0750	5.7110	-2.5000	-11.9690	0.0000
705	-11.1680	5.4330	8.4120	-3.6930	-11.8750	0.0000
706	1.0530	-0.4300	-27.9380	-3.9020	-11.7670	0.0000
707	11.9650	-16.9090	-15.6780	-4.3380	-11.7800	0.0000
708	-18.4480	5.4050	-15.3570	-4.2250	-11.9290	0.0000
709	-22.4540	0.9560	-21.7540	-4.8160	-12.1800	0.0000
710	-13.9150	-8.0770	6.9650	-4.3420	-12.1630	0.0000
711	-27.9140	-0.5560	2.4490	-4.5330	-12.5910	0.0000
712	3.3750	-19.5660	-15.3190	-3.7910	-12.9990	0.0000
713	-0.4620	-19.2550	6.6140	-2.8480	-13.4060	0.0000
714	-4.2360	6.1210	7.6920	-2.7780	-13.5970	0.0000
715	10.3940	5.1840	-26.9310	-1.9250	-13.5960	0.0000
716	21.7320	-9.9020	-26.2960	-1.3640	-14.0480	0.0000
717	12.3650	-14.3090	-29.0850	-0.9290	-14.5360	0.0000
718	-20.5570	0.4280	5.6620	-1.0900	-15.2670	0.0000
719	1.0500	-16.0320	8.1530	-0.2950	-15.4860	0.0000
720	5.1930	-7.7370	-9.0120	0.4510	-15.8970	0.0000
721	21.2310	1.0140	-17.9430	0.6470	-15.9470	0.0000
722	21.2310	1.0140	-17.9430	0.6470	-15.9470	0.0000
723	8.2650	22.1720	-9.4140	2.6840	-15.5750	0.0000
724	8.2650	22.1720	-9.4140	2.6840	-15.5750	0.0000
725	-4.4740	19.9490	-4.8350	3.8670	-15.3330	0.0000
726	-4.4740	19.9490	-4.8350	3.8670	-15.3330	0.0000
727	12.9900	4.8050	13.7440	4.2920	-15.1600	0.0000
728	12.9900	4.8050	13.7440	4.2920	-15.1600	0.0000
729	19.7330	-9.6800	-28.1450	3.4680	-15.0150	0.0000
730	-9.1710	3.7750	9.5910	2.5350	-14.9190	0.0000
731	-13.7410	-20.9230	4.2780	2.2150	-14.7040	0.0000
732	10.8100	20.2290	-14.3190	1.5720	-14.7470	0.0000
733	4.1050	25.0770	-2.0000	0.4810	-14.7560	0.0000
734	-1.3680	-24.5950	-33.2000	36.4460	-14.7560	0.0000
735	-13.2800	3.7370	8.2320	-0.4000	-14.5480	0.0000
736	-25.2560	-5.6150	3.3200	-0.4000	-14.5480	0.0000
737	-18.8480	-15.8190	4.3740	-0.4330	-14.2820	0.0000
738	-22.1710	8.7380	6.4000	-0.4330	-14.2820	0.0000
739	-8.5870	-16.8050	-26.2810	-14.5120	33.4440	0.0000
740	-16.3230	1.9335	-26.2810	-14.5120	33.4440	0.0000
741	-20.9110	8.2340	-33.8820	-1.3980	-14.6880	0.0000
742	-26.7630	5.6540	-33.8820	-1.3980	-14.6880	0.0000
743	-30.9350	3.6290	3.6398	-2.1320	-14.2230	0.0000
744	-25.6770	-4629.0000	3.6398	-2.1320	-14.2230	0.0000
745	-15.6360	-20.3354	-3.8460	-13.1030	32.6350	0.0000
746	-30.6660	-20.3350	5.8070	-4.4150	-12.6700	0.0000
747	-8.4680	14.8900	3.8330	-4.3510	-12.3110	0.0000
748	-0.8480	-21.1900	9.4180	-4.6220	-11.9290	0.0000
749	2.8768	-21.1900	9.4180	-4.6220	-11.9290	0.0000
750	13.0390	-7.9120	-30.5970	-2.2960	-10.9750	0.0000
751	25.0390	-7.9120	-30.5970	-2.2960	-10.9750	0.0000
752	1.5970	-17.5110	-1.3720	-1.2320	-9.5690	0.0000
753	-4597.0000	-17.5110	-1.3720	-1.2320	-9.5690	0.0000
754	-15.9700	-8.2210	2.5870	-0.6480	-7.7490	0.0000
755	-15.9700	12.0240	-30.5370	-0.9280	-7.1200	0.0000
756	-15.3900	15.3390	10.6260	-0.7530	-6.4460	0.0000
757	-15.3160	7.9090	-30.6690	-1.3710	-6.4450	0.0000
758	-13266.0000	-3.4770	4.2890	-0.4740	-6.0260	0.0000
759	-13.7840	11.2050	-22.7970	-0.6060	-6.4570	0.0000
760	-11.3030	14.4130	-3.9200	-0.3910	-6.2820	0.0000
761	8.1460	-18.7310	-11.0690	-0.0140	-6.4090	0.0000
762	13.8180	-14.9750	-15.2980	0.4620	-6.2070	0.0000
763	-6.8090	17.4390	10.1230	0.8470	-6.1310	0.0000
764	-22.1460	-5.6140	5.3090	1.1330	-6.2100	0.0000
765	-26.0660	0.4720	2.1000	1.5770	-6.2680	0.0000
766	-22.4880	-5.6460	7.8820	1.8040	-6.3450	0.0000
767	-6.6570	-3.2930	4.6120	1.7880	-6.4650	0.0000
768	-11.7900	-2.2410	8.9340	1.7960	-6.8050	0.0000
769	-0.0070	15.3620	3.8040	2.1410	-6.9800	0.0000
770	7.6030	16.0590	12.4450	2.6280	-7.0350	0.0000
771	7.7120	27.2010	-21.3350	3.4610	-7.1730	0.0000
772	12.6140	-10.2780	-29.7720	4.2240	-7.3740	0.0000
773	1.5820	3.0620	-28.7430	5.3290	-7.4340	0.0000
774	-25.4590	7.5440	-10.8540	5.2890	-7.6990	0.0000
775	-20.2780	1.7070	5.7770	5.2070	-7.6290	0.0000
776	2.2940	-0.5140	-29.3200	4.5110	-7.4370	0.0000
777	-17.5580	10.0640	0.7390	3.5990	-7.1910	0.0000
778	-18.8710	-0.7330	-31.1170	3.2280	-7.5230	0.0000
779	-24.6440	-0.8780	2.1330	2.7040	-7.5980	0.0000
780	-22.8280	7.8020	8.9860	2.5560	-7.1480	0.0000
781	-2.8150	-12.4490	3.3120	2.1210	-7.0700	0.0000
782	0.1450	21.1260	5.0410	2.4140	-6.1910	0.0000
783	-2.9960	14.8190	-0.9420	2.0240	-5.7000	0.0000
784	1.5750	-2.5470	9.9140	1.0500	-5.7378	0.0000
785	4.6640	-10.5920	-29.6810	1.3170	-38.0000	0.0000
786	-7.4860	16.0160	-28.7530	1.4410	-6.0900	0.0000
787	-6.0390	-24.3890	6.4380	1.7420	-6.1690	0.0000
788	-7.2860	-27.2130	-13.2240	1.6800	-6.1690	0.0000
789	-7.2860	-27.2130	-13.2240	1.6800	-6.1690	0.0000
790	-5.5360	-25.8690	-31.4800	1.0790	-5.8710	0.0000
791	-1.0870	-22.8210	-24.2780	1.2750	-5.1690	0.0000
792	8.6480	3.7610	10.7450	1.3110	-4.2860	0.0000
793	-3.4940	5.7220	-6.5020	1.4550	-3.5580	0.0000
794	-1.5440	21.2280	-21.6660	1.6290	-2.4628	0.0000
795	-13.6480	14.4450	-16.5950	1.8370	-1.6400	0.0000
796	3.5620	0.1030	10.0280	1.8010	-1.1410	0.0000
797	9.2600	-1.8440	-22.6610	1.8160	-49.0000	0.0000
798	3.6150	9.9450	-28.9130	2.0050	-0.8230	0.0000
799	4.1830	9.8830	10.2550	2.2040	0.0000	0.0000
800	0.7770	-21.6800	-30.0560	2.5500	28.9990	0.0000
801	8.1530	-17.3300	-30.2780	3.1590	0.1450	0.0000
802	13.7470	14.7370	6.0070	2.6316	0.1380	0.0000
803	16.5850	-12.6890	-7.5360	233.0000	0.3090	0.0000
804	-21.3590	-2.9080	10.4310	2.3720	0.3910	0.0000
805	16.2740	-12.4800	-30.2200	2.3720	0.3910	0.0000
806	4.1780	-19.6880	-24.5760	3.5901	0.3490	0.0000
807	-8.7230	-26.1030	-30.4600	3.5901	0.3490	0.0000
808	-4.9660	-15.8640	9.1880	5.6773	0.7070	0.0000
809	-5.1550	-11.7560	-1388.0000	5.6773	0.7070	0.0000
810	-5.2610	-2.2470	-293.9440	6.6080	1.8230	0.0000
811	-14.1980	9.5580	129.0410	7.2970	2.6740	0.0000
812	-14.8210	12.1640	2.4230	7.1990	3.7310	0.0000
813	-18.5320	-3.0800	2.4230	7.1990	3.7310	0.0000
814	-4.1820	-9.6910	-0.0770	5.5440	5.2310	0.0000
815	1.8280	-24.0910	-12.2820	5.5430	5.7470	0.0000
816	-16.9920	-1323.0000	9.3950	4.9770	6.2310	0.0000
817	17.8780	-133.3850	-27.1340	4.7740	6.4000	0.0000
818	5.1880	-173.9130	0.5120	4.9360	6.4790	0.0000
819	-5.4950	-24.6930	28.9270	5.1300	6.5040	0.0000
820	4.9650	-18.3493	28.9270	5.1300	6.5040	0.0000
821	-4.5540	-3.4150	8.9506	6.4210	5.8900	0.0000
822	2.5060	-19.5150	8.9506	6.4210	5.8900	0.0000
823	-0.9600	-20.7860	-2489.0000	7.2370	5.7200	0.0000
824	-9.8630	-14.7860	-2489.0000	7.2370	5.7200	0.0000
825	-17.3380	-4.7300	-20.9750	8.4640	6.5930	0.0000
826	-9.9590	0.0000	-14.9240	8.8310	7.2890	0.0000
827	-16.2460	10.8990	8.3400	7.8360	29.6850	0.0000
828	-1.5376	-16.2030	-22.6210	7.6640	8.2180	0.0000
829	-11.6700	-26.9580	9.4700	7.5190	8.1430	0.0000
830	-16.6970	-5.2490	12.3990	7.3210	8.2550	0.0000
831	-16.6540	9.2520	13.7720	7.0820	8.0150	0.0000
832	-8.8280	2.8990	-19.8080	6.5960	8.4050	0.0000
833	-3.8680	-1.4500	-8.7650	7.2080	8.7690	0.0000
834	-0.1610	21.9530	-28.7450	7.7950	8.9800	0.0000
835	-4.1130	5.2690	-0.0080	8.0300	9.0170	0.0000
836	0.0850	18.3460	11.3890	8.6060	9.3820	0.0000
837	-10.1850	7.7020	13.4160	9.5900	9.5460	0.0000
838	-4.4890	16.0970	9.6730	8.5970	9.8420	0.0000
839	6.2780	23.0000	3.8640	7.7630	10.0220	0.0000
840	6.7230	11.0050	3.2800	8.1390	10.6700	0.0000
841	10.6930	12.6540	8.3390	8.3010	11.2250	0.0000
842	5.2820	23.7720	-18.7070	7.8950	11.5140	0.0000
843	16.9610	-12.3360	-19.7730	8.0960	12.1070	0.0000
844	19.5340	-11.2910	-17.2520	8.4190	12.6080	0.0000
845	16.0570	17.8360	6.4540	8.8270	13.4450	0.0000
846	8.2090	14.8920	-17.0500	8.9750	14.1800	0.0000
847	-19.9120	6.3830	17.0150	8.7650	14.6550	0.0000
848	-16.5200	0.1240	15.9130	8.7630	14.5040	0.0000
849	-18.6380	-14.5950	-24.5330	8.8750	14.2820	0.0000
850	-11.2660	-12.0940	-26.5580	8.9380	14.1100	0.0000
851	5.0970	-4.4560	-5.4690	8.7010	13.5490	0.0000
852	-1.5030	5.6410	8.5300	8.4690	12.8540	0.0000
853	20.0730	-15.1190	4.5790	9.4460	12.1810	0.0000
854	20.2390	-15.2790	4.4970	9.9220	11.7000	0.0000
855	-0.1790	-15.6200	-30.8760	10.4990	11.4670	0.0000
856	-8.3390	-19.4730	-29.1980	11.1900	11.1350	0.0000
857	-3.6780	-7.2890	-24.4610	12.0040	11.1230	0.0000
858	2.4940	1.1970	10.3180	12.8750	11.6320	0.0000
859	11.6030	-1.5310	-22.3110	13.7390	12.1330	0.0000
860	2.4020	-22.6370	-8.1050	14.1160	12.6630	0.0000
861	9.1270	14.8430	-0.6910	13.5610	13.0880	0.0000
862	30.2760	-7.7570	0.4550	13.4810	13.2990	0.0000
863	1.3750	27.4310	-28.4590	12.8060	13.1170	0.0000
864	12.1170	-19.2790	0.1980	12.2730	13.2490	0.0000
865	7.4450	-21.8830	-0.2900	12.9210	13.3770	0.0000
866	3.7740	16.8470	-30.3090	12.5860	13.7150	0.0000
867	3.7740	16.8470	-30.3090	12.5860	13.7150	0.0000
868	0.2020	15.5080	11.8740	12.0060	14.3860	0.0000
869	-21.3340	11.8640	-15.3170	11.9630	14.4960	0.0000
870	-10.8720	-23.1600	-17.3640	11.9460	15.0200	0.0000
871	-2.0560	24.2850	-25.3070	11.5950	15.0720	0.0000
872	-8.2700	-14.2580	13.2870	11.6240	15.1470	0.0000
873	-2.3080	-18.0650	-0.6900	12.2010	15.1730	0.0000
874	0.8650	-25.9160	3.1040	13.2510	15.4730	0.0000
875	-0.6660	21.4770	-10.3280	12.7590	15.9740	0.0000
876	11.8930	25.1500	0.0000	12.7490	16.5090	0.0000
877	-17.6650	5.8000	18.4340	12.6300	16.9390	0.0000
878	1.2160	17.4170	11.5990	12.1340	17.1040	0.0000
879	-6.6420	-10.0540	-26.0690	12.4360	17.1230	0.0000
880	28.1440	-11.1210	0.0410	12.6280	17.4240	0.0000
881	-16.6180	-2.8810	7.3770	12.4830	17.1230	0.0000
882	5.9300	-13.5650	-33.5370	1.0000	38.2320	0.0000
883	3.8610	-2.3630	-5.7360	1413.0859	16.5490	0.0000
884	0.3180	5.8410	-30.3120	14.0130	16.3580	0.0000
885	-10.5670	12.4040	-25.7340	15.9960	31.7960	0.0000
886	8.6050	-1.2610	7.9850	739.0000	14.0860	0.0000
887	-2.3510	4.0870	-5.7300	739.0000	14.0860	0.0000
888	23.9560	-10.7000	-5.7300	739.0000	14.0860	0.0000
889	0.2230	23.9420	-14.2350	14.4790	17.1520	0.0000
890	-7.7170	0.4420	-14.2350	14.4790	17.1520	0.0000
891	-13.7900	0.8650	-0.9850	14.5400	17.9890	0.0000
892	12.1590	-9.0190	-0.9850	14.5400	17.9890	0.0000
893	-20.7420	-2.6960	-11.0000	16.1910	18.2370	0.0000
894	-8.6110	-10.6080	11.0000	16.3120	17.7880	0.0000
895	4.5600	-5.1480	1.6100	16.7040	17.1610	0.0000
896	-2.2400	-18.1610	-76.0000	16.6150	16.5720	0.0000
897	4.8410	22.7160	0.0000	16.6150	16.5720	0.0000
898	-10.6440	-9.6990	16.3550	15.5060	34.8500	0.0000
899	-4.1320	12.7139	14.2540	16.3740	15.2110	0.0000
900	-14.9080	-8.4300	14.2930	16.0060	14.9870	0.0000
901	0.1260	-29.0000	4.2530	16.0320	14.8700	0.0000
902	-13.2660	-2003.0000	6.3740	15.8670	14.8670	0.0000
903	-3.6990	-126.0330	-28.0780	16.6380	15.1420	0.0000
904	-4.5030	-19.0630	-28.9220	16.6230	15.5180	0.0000
905	34.5030	-19.0630	-28.9220	16.6230	15.5180	0.0000
906	-5.1980	-33.8660	16.8340	17.1820	35.1420	0.0000
907	-5.1980	9.4640	-8.6490	16.9710	18.0910	0.0000
908	-16.7100	-1.2920	-1.0330	17.1300	19.2010	0.0000
909	176.0390	4.6530	-7.1360	17.5180	19.6590	0.0000
910	20.4780	18.4520	4.4710	17.2450	19.6850	0.0000
911	13.4920	-10.0900	1.7900	17.4620	19.4760	0.0000
912	0.2200	-10.0900	1.7900	17.4620	19.4760	0.0000
913	-2.5460	-32.0420	17.8710	18.5180	38.4570	0.0000
914	7.9046	-7.6590	12.7200	17.8980	17.6250	0.0000
915	-29.9000	22.0260	9.9370	17.9920	16.7570	0.0000
916	-13.2440	-0.1780	-15.5830	17.3100	16.3010	0.0000
917	613.1620	4.9050	17.7900	17.4380	16.2030	0.0000
918	6.9640	-4.5310	6.6820	17.5110	16.6080	0.0000
919	13.9250	6.3630	6.0660	18.1590	17.1650	0.0000
920	7.5540	2.9380	-10.2010	18.5410	17.1420	0.0000
921	20.3680	12.9360	3.2370	18.3540	17.2510	0.0000
922	16.2670	4.4040	-21.9900	18.3680	17.3530	0.0000
923	-4.4450	11.9150	14.6940	18.0900	17.1650	0.0000
924	10.1390	12.9460	8.1060	18.0150	16.9090	0.0000
925	0.1540	12.0140	0.9480	17.5210	16.3120	0.0000
926	25.2900	3.6100	0.6940	17.6320	16.1300	0.0000
927	10.2650	-21.9990	6.2570	17.5520	16.1040	0.0000
928	-5.6030	-3.2640	14.0590	17.5080	15.9530	0.0000
929	-4.5580	1.0800	-24.3050	16.4930	16.7630	0.0000
930	15.6290	-13.0630	-0.1330	16.5990	17.2580	0.0000
931	11.8420	17.4950	6.8750	16.5370	17.7020	0.0000
932	-1.5410	-3.7030	4.5310	16.4090	17.6070	0.0000
933	-1.8530	13.5190	-28.9970	16.8730	17.6230	0.0000
934	19.9940	-8.5950	2.4820	17.1700	17.5700	0.0000
935	18.3340	3.9520	-21.7290	17.5610	17.6680	0.0000
936	15.6330	6.5980	4.3520	18.1140	17.5550	0.0000
937	1.3850	17.1320	12.2790	18.4040	17.0990	0.0000
938	2.6150	-24.0140	9.2490	18.5610	16.6430	0.0000
939	-4.8830	-20.7460	1.4530	18.6790	16.4850	0.0000
940	-6.6500	4.8510	13.5790	18.7760	16.4940	0.0000
941	-8.0430	-16.7200	-21.7850	18.6180	16.3420	0.0000
942	-4.5700	-18.3550	-21.2250	18.7310	16.3020	0.0000
943	21.6010	3.4220	2.4480	18.1380	16.0720	0.0000
944	29.4700	-6.3210	-2.4480	18.3110	16.1320	0.0000
945	-12.5550	-4.4370	17.3360	18.3750	16.1250	0.0000
946	-0.6760	-21.5140	2.0850	18.4730	15.8860	0.0000
947	-15.4210	-18.8540	-21.5790	18.8740	15.6770	0.0000
948	7.7290	-6.4320	8.0310	19.1390	15.7180	0.0000
949	-10.5330	19.9030	-15.9830	19.8260	15.8450	0.0000
950	6.9230	-14.2100	-26.4970	20.2370	15.9820	0.0000
951	2.0380	5.0950	-11.1070	20.8800	15.8820	0.0000
952	-15.0500	-10.0760	-8.7580	21.2020	15.4130	0.0000
953	24.1930	-12.3820	-0.5570	20.9430	15.0360	0.0000
954	18.8410	-12.4870	1.8530	21.1640	14.7090	0.0000
955	15.0160	-2.5090	-38.6210	21.4440	14.5930	0.0000
956	21.5870	-8.1860	-16.5420	21.8030	14.2460	0.0000
957	1.6490	1.8500	-31.7570	21.7880	13.7030	0.0000
958	19.3850	3.7440	-3.3910	21.9150	13.0720	0.0000
959	-4.0820	-17.2840	-32.4810	21.8350	12.7880	0.0000
960	14.8800	-5.8860	-31.6440	21.9220	12.6610	0.0000
961	-6.3970	26.5290	-23.7400	21.3540	12.3970	0.0000
962	-4.5660	23.0500	-13.7970	20.8760	12.0860	0.0000
963	10.4790	8.5620	9.0230	20.8200	12.4690	0.0000
964	12.0450	3.1740	7.4300	21.0070	12.7170	0.0000
965	7.1190	-15.9640	-21.2220	21.4940	13.2110	0.0000
966	12.0610	-11.2370	-24.4840	21.8400	13.9790	0.0000
967	-1.4880	18.2090	-1.9570	21.6680	14.2160	0.0000
968	-0.7690	22.0560	-6.2900	21.1630	14.2380	0.0000
969	-23.7850	-2.4680	-8.0410	21.2510	14.3620	0.0000
970	-19.5120	14.8030	-16.7780	21.2260	14.8770	0.0000
971	-1.5190	11.9240	14.8770	21.4420	15.2560	0.0000
972	-7.0320	-9.6390	-4.2190	21.4540	15.9510	0.0000
973	10.6380	-24.3920	3.5800	21.1420	16.6220	0.0000
974	-12.1970	17.4530	-12.5380	20.9070	17.1450	0.0000
975	-4.5570	-5.1450	9.0940	21.2400	17.8210	0.0000
976	3.1450	27.0520	-14.8950	20.7320	17.5460	0.0000
977	-13.2020	20.0740	-22.3470	20.5330	17.0340	0.0000
978	30.1950	-9.7970	-3.5790	20.9940	16.8130	0.0000
979	22.8200	8.7020	2.6850	20.4910	16.5330	0.0000
980	1.5390	15.5410	5.5180	20.7510	14.9330	0.0000
981	14.2730	-21.7490	1.9400	21.2060	14.3650	0.0000
982	6.8420	-9.2450	-9.4720	21.3030	13.5010	0.0000
983	-4.1190	-11.5560	-14.0310	21.5680	13.7630	0.0000
984	10.6030	10.0410	9.2410	21.4090	14.2110	0.0000
985	-12.2280	5.3280	0.5830	21.1190	14.0960	0.0000
986	11.4630	7.8050	-29.1560	21.3650	14.2580	0.0000
987	29.4440	-9.5120	-2.5650	21.2510	13.9400	0.0000
988	17.7680	-18.6160	1.0250	21.3140	13.6540	0.0000
989	1.6290	-31.0550	5.5820	21.4180	13.3090	0.0000
990	-7.7260	21.7190	-22.3080	21.4340	12.9150	0.0000
991	-0.0030	27.5570	-25.9140	21.0260	12.9820	0.0000
992	-13.9780	-24.0390	-30.1620	21.2810	12.7210	0.0000
993	-4.3930	14.6070	4.4720	21.3720	13.0010	0.0000
994	5.5090	4.6690	-32.6040	21.3450	13.3920	0.0000
995	0.6420	-23.3400	-11.6130	21.9670	13.7880	0.0000
996	-21.6520	7.4570	-1.1370	21.0000	13.6640	0.0000
997	-5.1010	-18.6850	-30.8060	20.5500	13.7400	0.0000
998	16.6070	-20.0840	1.2090	20.7350	13.4590	0.0000
999	21.9640	-16.1440	-0.3110	21.0650	12.9530	0.0000
1000	12.9770	4.7430	-32.7040	20.1820	12.3010	0.0000
1001	-11.5220	4.5160	7.6520	19.1400	11.6730	0.0000
1002	-11.0460	-2.1510	7.5960	18.2090	11.3290	0.0000
1003	13.8410	17.7200	2.1540	17.9120	11.6140	0.0000
1004	14.7930	8.5070	-10.1920	17.7830	12.0080	0.0000
1005	-11.4010	17.4570	-19.1830	17.9350	13.0770	0.0000
1006	-30.3160	8.7140	-17.6180	18.0050	13.6860	0.0000
1007	16.7120	1.7290	-18.5130	17.8950	14.2350	0.0000
1008	14.6670	2.9950	6.2130	18.3200	14.5640	0.0000
1009	-3.6950	-18.6290	-29.4180	19.3190	14.6540	0.0000
1010	-3.6950	-18.6290	-29.4180	19.3190	14.6540	0.0000
1011	-16.4210	15.1700	-12.4670	19.5230	14.5070	0.0000
1012	-16.4210	15.1700	-12.4670	19.5230	14.5070	0.0000
1013	-13.4800	16.5730	-11.8720	19.9820	14.0860	0.0000
1014	-5.1110	-21.7120	-4.5760	19.9010	13.5190	0.0000
1015	12.3470	11.6940	-22.7740	19.5360	13.1770	0.0000
1016	14.2620	22.0690	10.6220	18.5720	11.8540	0.0000
1017	-20.8370	4.1850	-2.6790	16.8180	11.9250	0.0000
1018	-9.8870	-16.3650	-11.6870	15.6710	11.7990	0.0000
1019	-16.3110	17.5260	-22.9100	14.6110	11.7510	0.0000
1020	10.3530	-13.9020	6.1550	14.1520	11.9950	0.0000
1021	-12.1080	-10.3700	13.4180	14.0520	11.6380	0.0000
1022	-25.3760	5.8560	-4.7910	13.7930	11.7150	0.0000
1023	-30.4390	9.0260	-19.0850	14.1130	11.6470	0.0000
1024	6.5020	-17.6300	6.5540	14.5170	11.7090	0.0000
1025	13.8610	1.3560	-0.3230	14.9010	11.8650	0.0000
1026	-14.5180	15.4160	-11.3920	14.7490	11.8770	0.0000
1027	19.9500	-15.5450	-3.5550	15.0100	11.4610	0.0000
1028	16.7820	-6.0000	15.2290	11.6760	26.7040	0.0000
1029	10.8700	5.5760	8.5389	15.3790	11.8750	0.0000
1030	19.4060	-1576.0000	8.5389	15.3790	11.8750	0.0000
1031	9.1740	-6.5000	2.9370	14.6090	11.6210	0.0000
1032	-5.8510	-0.5400	0.5480	14.8930	12.0050	0.0000
1033	5.5890	0.0000	-6.8340	14.9700	11.9980	0.0000
1034	5.6790	0.0000	-6.8340	14.9700	11.9980	0.0000
1035	-7.0220	-11.1550	14.7170	11.8620	23.4780	0.0000
1036	4.0150	6.7450	7.0190	14.4480	12.0190	0.0000
1037	9.8150	6.7450	7.0190	14.4480	12.0190	0.0000
1038	6.5760	-8.6980	1.8780	14.5540	12.0180	0.0000
1039	6.5760	-8.6980	1.8780	14.5540	12.0180	0.0000
1040	14.2020	-6.7760	-6.3720	14.4160	12.1690	0.0000
1041	14.2070	1.6860	-6.7320	14.1020	12.0950	0.0000
1042	6.0150	-3.0040	-0.0780	14.2400	12.3140	0.0000
1043	6.0130	-4.5320	-3.9200	13.9860	12.2240	0.0000
1044	10.3310	-6.0700	-4.9560	13.6360	12.0560	0.0000
1045	10.2670	5.4100	6.1450	13.7100	12.3530	0.0000
1046	8.2400	-10.6900	6.8880	13.7620	11.8730	0.0000
1047	-2.6760	2.8890	0.3950	13.7510	12.0580	0.0000
1048	5.4940	-7.5960	1.5810	13.9970	12.1490	0.0000
1049	-8.8300	3.8600	4.2080	14.0780	12.0680	0.0000
1050	7.6720	-8.5420	7.3910	14.0610	12.0080	0.0000
1051	-1.3850	9.6110	4.5690	13.9420	12.1620	0.0000
1052	-4.0910	7.4960	-4.8850	14.0510	12.1900	0.0000
1053	7.3330	-17.6540	5.7010	14.1630	12.1480	0.0000
1054	7.2320	-3.5850	-2.0540	14.1720	12.3610	0.0000
1055	4.3930	4.6530	0.3780	13.8610	12.1760	0.0000
1056	-2.8520	6.7040	-7.3170	14.0040	12.4290	0.0000
1057	5.2100	-6.5950	2.3920	14.1530	12.0530	0.0000
1058	-6.7710	13.0370	-5.2670	14.0490	12.0020	0.0000
1059	2.5670	1.6920	0.9830	13.8550	12.0310	0.0000
1060	9.5710	1.2740	3.2960	13.8830	11.9320	0.0000
1061	-11.0610	1.0480	3.1210	13.9810	12.0950	0.0000
1062	4.3060	-9.0510	-10.7250	13.9860	11.6500	0.0000
1063	0.1850	-2.7790	-3.9440	13.7720	11.8070	0.0000
1064	5.8730	-8.6580	-2.1580	14.1910	11.6850	0.0000
1065	-4.3030	-4.2900	-3.5940	13.9320	11.6690	0.0000
1066	9.9780	-4.1170	-4.5360	13.9330	11.9730	0.0000
1067	-7.4520	10.6150	1.2070	13.6120	11.6600	0.0000
1068	2.6930	0.0330	-7.9920	13.4310	11.7380	0.0000
1069	-3.3370	14.1550	0.4720	13.3930	11.7950	0.0000
1070	6.0520	-0.2760	1.0660	13.1470	11.6420	0.0000
1071	1.7760	10.6370	10.1490	13.1470	11.7380	0.0000
1072	-2.5380	10.9190	-9.7300	13.0540	11.7910	0.0000
1073	0.9500	13.5040	-2.3650	13.1670	11.6040	0.0000
1074	-5.8010	5.1290	6.8380	13.1340	11.7550	0.0000
1075	-3.0680	-2.3490	-4.9140	13.2180	11.6660	0.0000
1076	-5.4670	-1.0680	-11.1940	12.9820	11.7790	0.0000
1077	8.8740	-15.0770	-7.0910	12.8050	11.7170	0.0000
1078	6.6690	-17.7040	5.8430	12.8680	11.7720	0.0000
1079	0.4770	3.0080	-4.1080	12.9270	12.0010	0.0000
1080	0.6840	-8.4680	-3.1850	13.0160	11.9310	0.0000
1081	1.7380	5.2410	-4.1080	12.6190	12.0000	0.0000
1082	2.5750	0.3660	7.1050	12.7680	12.0490	0.0000
1083	3.8430	-2.7400	-0.8430	12.9460	11.9420	0.0000
1084	-1.2550	-5.6100	4.1160	13.0870	11.9960	0.0000
1085	2.6500	-0.8580	-8.7630	13.1510	12.1490	0.0000
1086	2.6260	-10.8770	-2.0900	13.1970	11.9470	0.0000
1087	-2.6160	-0.4670	-3.9150	12.7350	12.0240	0.0000
1088	2.9450	3.5240	0.3780	12.6400	12.1510	0.0000
1089	5.2350	-7.3370	-0.2320	12.6560	11.8260	0.0000
1090	4.2830	-12.2490	-12.6370	12.6820	11.7250	0.0000
1091	5.6840	8.2740	-3.7840	12.5710	11.8890	0.0000
1092	3.0650	-1.8790	8.7130	12.6600	11.9630	0.0000
1093	-0.1000	0.1230	4.7870	12.6990	11.7950	0.0000
1094	-3.4460	3.2100	0.6800	12.5850	11.8600	0.0000
1095	-1.8290	2.2600	11.8470	12.7840	11.8660	0.0000
1096	5.5260	-15.6670	-1.4440	12.7880	11.5500	0.0000
1097	-4.1970	-6.8140	-6.0460	12.6240	11.6310	0.0000
1098	-1.1400	11.0030	2.4150	12.4160	12.1300	0.0000
1099	9.9270	-0.6620	5.2370	12.5170	12.0580	0.0000
1100	2.4190	-14.8080	-2.7850	12.5280	11.9510	0.0000
1101	3.2170	-3.8840	-7.5050	12.2290	12.1140	0.0000
1102	6.1910	-14.0080	2.3090	12.2430	12.5420	0.0000
1103	-0.8430	-3.9950	9.6990	12.3590	12.7520	0.0000
1104	8.1270	1.8320	-3.8280	12.4210	12.7120	0.0000
1105	3.3150	-10.1750	4.9150	12.5150	12.4300	0.0000
1106	3.6730	-2.3500	-2.9400	12.2480	12.4680	0.0000
1107	-7.6640	-3.5820	-5.9940	12.1490	12.5680	0.0000
1108	-2.5030	-10.1130	3.5090	12.0360	12.9410	0.0000
1109	4.6100	1.4560	-2.5830	12.0250	13.1190	0.0000
1110	5.0910	-4.4240	2.5980	12.0990	13.0750	0.0000
1111	9.3370	5.1720	-2.3320	12.1890	13.1020	0.0000
1112	2.1540	-6.6820	0.7170	12.2240	13.0630	0.0000
1113	1.9660	-2.1180	0.4520	12.2490	12.9970	0.0000
1114	-0.0640	-3.0560	0.1170	12.3000	12.8510	0.0000
1115	1.4840	-2.6430	-1.7610	12.2310	12.8840	0.0000
1116	2.5970	-4.7770	2.4130	12.1220	12.8060	0.0000
1117	2.0850	1.2280	-2.0430	11.9960	12.7770	0.0000
1118	1.3970	-2.6980	0.5730	12.0400	12.8270	0.0000
1119	3.1340	-1.6230	-2.2720	11.9500	12.8310	0.0000
1120	1.4310	-0.4430	-1.7420	11.8970	12.7190	0.0000
1121	2.6140	-1.6930	-1.5540	11.8880	12.6680	0.0000
1122	2.1250	-2.4500	2.1110	11.8290	12.6780	0.0000
1123	1.7180	-2.5570	-1.5780	11.8410	12.6050	0.0000
1124	0.8240	-0.1830	-0.0420	11.7840	12.5700	0.0000
1125	1.4820	-2.9550	-1.1030	11.7660	12.5530	0.0000
1126	2.1210	-1.8320	-0.1510	11.6860	12.5070	0.0000
1127	1.9480	-2.5200	-0.5170	11.6600	12.4520	0.0000
1128	0.7480	-2.2500	-1.0000	11.6110	12.4170	0.0000
1129	2.0660	-3.0290	-0.3430	11.5770	12.3970	0.0000
1130	2.1410	-1.7370	-0.2930	11.5070	12.3540	0.0000
1131	1.9300	-2.0810	-0.8700	11.5140	12.3100	0.0000
1132	1.5830	-2.2400	-0.0160	11.4570	12.2870	0.0000
1133	1.2020	-2.6000	-0.5100	11.4010	12.2290	0.0000
1134	1.5390	-0.9800	-1.3190	11.3450	12.1990	0.0000
1135	1.8060	-3.7610	0.1220	11.3230	12.1700	0.0000
1136	0.8650	-2.5200	-0.0750	11.2660	12.1270	0.0000
1137	1.0830	-1.8240	-1.6250	11.2150	12.1040	0.0000
1138	0.8620	-1.9870	-0.0420	11.1730	12.0740	0.0000
1139	1.7990	-2.9630	-0.4170	11.1490	12.0460	0.0000
1140	2.5360	-2.3290	-1.3400	11.0970	11.9900	0.0000
1141	1.2320	-1.7980	-1.2050	11.0420	11.9430	0.0000
1142	0.8330	-3.3740	0.0060	11.0420	11.8940	0.0000
1143	1.5280	-1.6400	-0.0460	10.9750	11.8820	0.0000
1144	1.2780	-2.2070	-1.1010	10.9450	11.8280	0.0000
1145	2.0540	-2.3250	-0.6520	10.8990	11.8070	0.0000
1146	1.5820	-1.9640	-0.4490	10.8610	11.7650	0.0000
1147	1.3170	-2.3690	-1.1860	10.8340	11.7170	0.0000
1148	1.6080	-1.0940	-0.3090	10.7810	11.6940	0.0000
1149	2.5600	-2.1620	0.1590	10.7610	11.6370	0.0000
1150	1.1670	-1.3320	-0.3230	10.7270	11.5700	0.0000
1151	1.4770	-2.5280	-0.7690	10.6910	11.5450	0.0000
1152	1.0960	-2.4320	-0.9840	10.6680	11.4750	0.0000
1153	1.1070	-1.9090	-0.0080	10.6160	11.4550	0.0000
1154	1.4140	-2.4620	-0.4290	10.5740	11.3930	0.0000
1155	1.6050	-2.0190	-1.4580	10.5210	11.3630	0.0000
1156	1.4220	-1.4410	0.3330	10.4800	11.3210	0.0000
1157	1.5960	-1.9950	-0.4290	10.4570	11.2740	0.0000
1158	1.5960	-1.9950	-0.4290	10.4570	11.2740	0.0000
1159	1.4610	-2.4330	0.5840	10.3620	11.1950	0.0000
1160	1.4610	-2.4330	0.5840	10.3620	11.1950	0.0000
1161	1.8800	-2.4870	-1.2220	10.2540	11.1390	0.0000
1162	1.8800	-2.4870	-1.2220	10.2540	11.1390	0.0000
1163	2.1930	-1.7110	-2.5880	10.1830	11.0760	0.0000
1164	2.1930	-1.7110	-2.5880	10.1830	11.0760	0.0000
1165	1.5950	-1.9220	-0.8120	10.1640	11.0110	0.0000
1166	1.2090	-1.6570	-0.7230	10.1370	10.9780	0.0000
1167	1.1500	-2.3450	0.1470	10.1080	10.9400	0.0000
1168	1.4300	-2.5380	0.4880	10.0680	10.9090	0.0000
1169	1.1830	-1.9610	-0.9670	10.0370	10.8680	0.0000
1170	1.4310	-2.1450	-0.1450	10.0200	10.8360	0.0000
1171	1.1030	-2.2720	-0.2290	9.9860	10.8010	0.0000
1172	1.1030	-2.2720	-0.2290	9.9860	10.8010	0.0000
1173	1.7000	-2.4830	-0.0430	9.9180	10.7410	0.0000
1174	1.7000	-2.4830	-0.0430	9.9180	10.7410	0.0000
1175	1.4110	-1.9150	0.4300	9.8010	10.6750	0.0000
1176	1.3470	-2.2770	-0.4670	9801.0000	10.6750	0.0000
1177	1.4170	-2.3110	-0.2850	9.7240	10.5770	0.0000
1178	1.2230	-1.8120	0.1480	9.7240	10.5770	0.0000
1179	1.5080	-1.9320	-0.4450	9.6400	10.4910	0.0000
1180	1.2060	-2.1200	-0.1450	9.6400	10.4910	0.0000
1181	1.1330	-1.9200	0.5290	9.5613	10.4090	0.0000
1182	1.2800	-1.8980	0.0600	9.5780	10.3650	0.0000
1183	1.3500	-1.6440	-0.2680	0.5540	10.3470	0.0000
1184	1.0210	-2.0350	0.0390	0.5540	10.3470	0.0000
1185	1.0390	-1.8310	-0.6800	0.5540	10.3470	0.0000
1186	1.3040	-1.6780	0.5183	9.4870	10.2210	0.0000
1187	1.3760	-1.8460	-0.1400	9.4470	10.1970	0.0000
1188	1.0020	-2.4940	-0.1830	9.4180	10.1710	0.0000
1189	1.1870	-2.4940	-0.1830	9.4180	10.1710	0.0000
1190	0.8470	-1.9880	-0.1010	9.3390	10.0570	0.0000
1191	1.2960	-1.9880	-0.1010	9.3390	10.0570	0.0000
1192	0.9090	-1.8160	-0.6510	9.2740	9.9780	0.0000
1193	1.4090	-1.8160	-0.6510	9.2740	9.9780	0.0000
1194	0.5900	-1.5900	-0.9210	9.2160	9.9050	0.0000
1195	1.3900	-1.5900	-0.9210	9.2160	9.9050	0.0000
1196	0.8650	-1.8900	-0.6440	9.1480	9.8490	0.0000
1197	1.8650	-1.8900	-0.6440	9.1480	9.8490	0.0000
1198	1.0240	-2.1310	-0.3100	9.0820	9.8040	0.0000
1199	1.1400	-2.1310	-0.3100	9.0820	9.8040	0.0000
1200	1.1700	-2.0440	-0.2660	9.0040	9.7130	0.0000
count	accelx	accely	accelz	roll	pitch	heading
1	-0.0260	0.0203	0.0110	0.0010	-0.0090	0.0000
2	0.1460	0.0160	0.0210	-0.0130	0.0160	0.0000
3	-0.0060	-0.0130	-0.0420	-0.0140	16.0000	0.0000
4	-0.0060	-0.0130	-0.0420	-0.0140	16.0000	0.0000
5	0.0130	0.0050	0.0010	-0.0130	0.0130	0.0000
6	-0.0390	0.0030	-0.0140	-0.0100	0.0100	0.0000
7	-0.0190	0.0300	0.0040	-0.0110	0.0100	0.0000
8	-0.0150	0.0010	0.0220	-0.0110	0.0090	0.0000
9	-0.0300	0.0020	0.0170	-0.0080	0.0110	0.0000
10	-0.0150	0.0070	-0.0160	-0.0090	0.0130	0.0000
11	0.0260	0.0050	0.0220	-0.0110	0.0090	0.0000
12	0.0010	-0.0070	-0.0210	0.0000	0.0090	0.0000
13	-0.0010	-0.0060	0.0160	-0.0100	0.0110	0.0000
14	0.0110	-0.0070	0.0020	-0.0010	0.0110	0.0000
15	-0.0320	-0.0130	-0.0260	-0.0170	16.0000	0.0000
16	0.0160	0.0170	0.0120	0.0000	16.0000	0.0000
17	0.0100	-0.0040	0.0080	-0.0210	0.0180	0.0000
18	-0.0480	0.0070	-0.0010	-0.0210	0.0180	0.0000
19	0.0000	0.0250	0.0210	-0.0259	0.0120	0.0000
20	-0.0380	-0.0080	0.0000	-0.0259	0.0120	0.0000
21	-0.0460	-0.0040	-0.0160	-27.0000	0.0130	0.0000
22	-0.0080	0.0080	0.0000	-27.0000	0.0130	0.0000
23	-0.0360	0.0140	-0.0260	-0.0270	0.0160	0.0000
24	-0.0250	0.0130	0.0260	-0.0270	0.0160	0.0000
25	0.0020	0.0180	0.0180	-0.0260	0.0160	0.0000
26	-0.0140	0.0150	0.0000	0.0170	0.0560	0.0000
27	-0.0050	-0.0020	-0.0430	-29.0000	0.0210	0.0000
28	-0.0270	0.0090	-0.0150	-0.0350	0.0220	0.0000
29	0.0340	0.0070	0.0000	-0.0350	0.0220	0.0000
30	-0.0130	0.0250	0.0050	-0.0350	0.0250	0.0000
31	-0.0100	0.0100	0.0050	-0.0350	0.0250	0.0000
32	0.0120	-0.0040	-0.0100	-0.0380	0.0240	0.0000
33	-0.0340	0.0240	-0.0100	-0.0380	0.0240	0.0000
34	-0.0140	0.0250	-0.0200	-0.0310	0.0260	0.0000
35	0.0150	-0.0250	-0.0200	-0.0310	0.0260	0.0000
36	0.0040	0.0120	-0.0240	-0.0360	0.0200	0.0000
37	-0.0310	0.0120	-0.0240	-0.0360	0.0200	0.0000
38	0.1430	-0.0006	-0.0050	-0.0380	0.0210	0.0000
39	-0.0200	-0.0006	-0.0050	-0.0380	0.0210	0.0000
40	-0.0400	0.0002	-0.0070	-0.0410	0.0230	0.0000
41	0.0040	0.0002	-0.0070	-0.0410	0.0230	0.0000
42	0.0190	0.0000	-0.0130	-0.0410	0.0320	0.0000
43	-0.0090	0.0050	0.0120	-0.0420	0.0350	0.0000
44	-0.0100	-0.0080	-0.0360	-0.0430	0.0370	0.0000
45	-0.0320	-0.0080	-0.0640	-0.0430	-0.0030	0.0000
46	0.0050	0.0180	-0.0340	-0.0470	-0.0060	0.0000
47	0.0200	0.0140	0.0240	-0.0480	-0.0030	0.0000
48	-0.0070	0.0120	0.0000	-0.0490	-0.0080	0.0000
49	-0.0550	0.0190	-0.0040	-0.0510	-0.0090	0.0000
50	0.0300	0.0030	0.0140	-0.0510	-0.0060	0.0000
51	-0.0190	0.0020	-0.0200	-0.0470	-0.0090	0.0000
52	-0.0340	-0.0040	0.0090	-0.0450	-0.0060	0.0000
53	-0.0110	0.0090	-0.0400	-0.0470	-0.0070	0.0000
54	-0.0450	-0.0080	-0.0290	-0.0490	-0.0060	0.0000
55	0.0160	0.0020	0.0040	-0.0460	-0.0030	0.0000
56	0.0400	0.0180	0.0030	-0.0410	-0.0020	0.0000
57	-0.0140	0.0170	-0.0280	-0.0390	-0.0040	0.0000
58	-0.0670	-0.0090	0.0060	-0.0390	-0.0060	0.0000
59	0.0020	-0.0010	0.0230	-0.0420	-0.0020	0.0000
60	0.0160	0.0000	0.0110	-0.0430	0.0000	0.0000
61	0.0010	0.0090	0.0100	-0.0440	0.0010	0.0000
62	-0.0480	0.0050	-0.0150	-0.0520	0.0000	0.0000
63	-0.0150	0.0200	0.0020	-0.0530	-0.0010	0.0000
64	-0.0380	0.0110	-0.0130	-0.0530	0.0040	0.0000
65	0.0430	0.0050	0.0210	-0.0530	0.0060	0.0000
66	-0.0150	0.0000	-0.0070	-0.0550	0.0010	0.0000
67	0.0020	-0.0200	0.0400	-0.0570	0.0020	0.0000
68	0.0440	0.0080	0.0020	-0.0550	-0.0010	0.0000
69	0.0050	0.0160	0.0020	-0.0580	0.0000	0.0000
70	0.0050	0.0160	0.0020	-0.0580	0.0000	0.0000
71	-0.0090	0.0070	-0.0150	-0.0560	0.0010	0.0000
72	-0.0090	0.0070	-0.0150	-0.0560	0.0010	0.0000
73	-0.0160	0.0320	0.0340	-0.0540	-0.0070	0.0000
74	-0.0160	0.0320	0.0340	-0.0540	-0.0070	0.0000
75	-0.0140	0.0170	-0.0100	-0.0530	-0.0110	0.0000
76	-0.0100	0.0020	-0.0050	-0.0570	-0.0090	0.0000
77	0.0010	0.0080	-0.0400	-0.0570	-0.0110	0.0000
78	0.0120	-0.0050	-0.0040	-0.0150	-0.0160	0.0000
79	-0.0200	-0.0080	-0.0450	-0.0160	-0.0180	0.0000
80	-0.0130	0.0060	-0.0260	-0.0180	-0.0150	0.0000
81	0.0000	0.0110	0.0050	-0.0160	-0.0230	0.0000
82	0.0040	0.0090	-0.0010	-0.0170	-0.0190	0.0000
83	-0.0100	0.0040	0.0080	-0.0200	-0.0200	0.0000
84	-0.0080	0.0060	-0.0810	-0.0200	-0.0210	0.0000
85	-0.0610	0.0130	0.0090	-0.0190	-0.0221	0.0000
86	-0.0080	0.0130	0.0270	-0.0150	-0.0240	0.0000
87	-0.0170	0.0040	-0.0110	-0.0160	-24.0000	0.0000
88	-0.0020	0.0080	0.0220	-0.0140	-0.0280	0.0000
89	0.0010	-0.0200	-0.0290	-0.0160	0.0280	0.0000
90	-0.0050	0.0020	0.0370	-0.0200	-0.0310	0.0000
91	0.0020	0.0180	0.0340	-0.0230	-0.0310	0.0000
92	0.0020	0.0180	0.0340	-0.0230	-0.0310	0.0000
93	-0.0250	0.0090	-0.0110	-0.0230	-0.0240	0.0000
94	-0.0300	-0.0020	-0.0070	-0.0220	-0.0250	0.0000
95	-0.0450	0.0000	0.0330	-0.0230	-0.0280	0.0000
96	-0.0080	0.0060	0.0070	-0.0690	-0.0310	0.0000
97	-0.0220	0.0140	-0.0010	-0.0670	-0.0340	0.0000
98	-0.0300	0.0110	-0.0410	-0.0640	-0.0340	0.0000
99	-0.0160	-0.0050	0.0620	-0.0680	-0.0340	0.0000
100	-0.0080	0.0110	0.0290	-0.0680	-0.0320	0.0000
101	0.0250	0.0100	0.0190	-0.0670	-0.0380	0.0000
102	-0.0350	0.0010	-0.0220	-0.0660	-0.0390	0.0000
103	-0.0410	0.0000	-0.0520	-0.0680	-0.0390	0.0000
104	-0.0260	0.0100	0.0240	-0.0650	-0.0380	0.0000
105	-0.0200	0.0080	0.0030	-0.0640	-0.0390	0.0000
106	0.0220	0.0180	0.0060	-0.0630	-0.0390	0.0000
107	-0.0340	0.0050	-0.0310	-0.0650	-0.0440	0.0000
108	-0.0240	0.0060	0.0140	-0.0630	-0.0400	0.0000
109	-0.0280	0.0290	0.0630	-0.0630	-0.0410	0.0000
110	-0.0300	0.0090	0.0540	-0.0630	-0.0390	0.0000
111	-0.0250	-0.0040	-0.0070	-0.0660	-0.0350	0.0000
112	-0.0390	0.0280	0.0140	-0.0700	-0.0370	0.0000
113	-0.0160	0.0150	0.0150	-0.0740	-0.0360	0.0000
114	-0.0410	0.0210	-0.0250	-0.0740	-0.0380	0.0000
115	-0.0380	0.0220	-0.0220	-0.0700	-0.0370	0.0000
116	0.0070	0.0570	0.0290	-0.0750	-0.0260	0.0000
117	0.0070	0.0730	0.0750	-0.0780	-0.0210	0.0000
118	0.1310	-0.0420	0.2030	-0.0800	-0.0080	0.0000
119	-0.0800	0.0660	0.0420	-0.0840	-0.0120	0.0000
120	-0.0740	0.0040	-0.0500	-0.0920	-0.0130	0.0000
121	-0.0120	-0.0160	-0.0250	-0.0940	-0.0180	0.0000
122	-0.1010	0.1930	-0.1710	-0.0950	-0.0090	0.0000
123	0.2270	0.1300	0.2580	-0.0970	-0.0060	0.0000
124	0.5080	-0.9120	0.2190	-0.1130	0.0080	0.0000
125	0.6440	-0.6440	0.3660	-0.1530	0.0230	0.0000
126	0.0440	-0.0530	0.8500	-0.1610	0.0360	0.0000
127	0.9140	0.8270	1.3090	-0.0780	0.2160	0.0000
128	1.2790	0.8210	1.8310	-0.0230	0.6290	0.0000
129	1.2530	0.6120	2.3250	-0.0580	1.2070	0.0000
130	-0.0700	0.7040	2.3740	-0.1090	1.8480	0.0000
131	-0.6390	0.8000	2.7480	-0.2280	2.4640	0.0000
132	-1.2720	0.0360	3.2400	-0.3720	2.9200	0.0000
133	-1.3570	-0.3110	3.2770	-0.4440	3.1390	0.0000
134	-1.1310	-0.1250	3.3930	-0.4130	3.1050	0.0000
135	-0.4990	-0.0680	2.9980	-0.3370	2.8400	0.0000
136	0.1520	-0.4390	2.6400	-0.2130	2.3720	0.0000
137	0.6900	-0.1590	2.2830	-0.0450	1.7340	0.0000
138	1.0560	-0.1760	1.9650	0.1350	1.0090	0.0000
139	1.0560	-0.1760	1.9650	0.1350	1.0090	0.0000
140	1.6520	-0.1240	1.6000	0.4420	-0.4660	0.0000
141	1.7050	-0.3100	1.5070	0.5480	-1.1240	0.0000
142	0.9430	0.0450	1.4840	0.7370	-2.1624	0.0000
143	0.3070	-0.0140	1.7660	0.7570	-2.6500	0.0000
144	0.1130	0.0590	2.0190	0.6940	-2.0000	0.0000
145	0.0030	0.0100	2.2700	0.5590	-3.9870	0.0000
146	-0.2840	0.0560	2.2860	0.3470	-0.3300	0.0000
147	-0.5140	0.0070	2.1660	0.0910	-3.6730	0.0000
148	-0.9170	-0.1710	1.9740	-0.1000	-3.6730	0.0000
149	-0.9740	-0.2720	1.1510	-0.1820	-4.5640	0.0000
150	-1.4540	-0.2340	0.1720	-0.4270	-5.1760	0.0000
151	-1.8420	-0.1580	-1.1030	0.6540	-5.9440	0.0000
152	-2.0420	-0.0960	-2.3740	0.6540	-5.9440	0.0000
153	-2.1710	0.0060	-3.6150	-1.1103	-7.8520	0.0000
154	-1.5920	0.0370	-4.5250	-1.1103	-7.8520	0.0000
155	-1.0310	0.1940	-4.7230	-1.2120	-10.1340	0.0000
156	-0.8900	0.1880	-5.0190	-1.3790	-11.2180	0.0000
157	-0.6810	-0.3290	-5013.0000	-1.6260	-12.1250	0.0000
158	-0.3490	-0.6170	-5.0680	-1.9090	-12.8300	0.0000
159	-0.1190	-0.6620	-5.0680	-1.9090	-12.8300	0.0000
160	-0.0210	-0.6920	-4.8510	-2.4480	-13.6690	0.0000
161	0.3650	-0.5296	-4.3560	-2.6660	-13.8420	0.0000
162	0.4870	-0.4250	-3.7960	-2.8320	-13.8720	0.0000
163	0.4630	-0.4010	-3.4080	-2.9480	-13.8030	0.0000
164	0.2850	-0.1840	-2.7710	-3.0290	-13.6250	0.0000
165	-0.0690	-0.1290	-2.4480	-3.1200	-13.3680	0.0000
166	-0.2760	-0.1140	-2.0390	-3.1940	-13.0570	0.0000
167	-0.1200	-0.1140	-2.0390	-3.1940	-13.0570	0.0000
168	0.1430	-0.0115	-1.2790	-3.3080	-12.3410	0.0000
169	0.1740	0.2024	-1.0120	-3.3860	-11.9370	0.0000
170	0.1470	0.2940	-1.0200	-3.5270	-11.4970	0.0000
171	0.0130	0.3920	-0.9730	-3.7550	-11.0220	0.0000
172	0.0330	0.4040	-1.1560	-4.0610	-10.5240	0.0000
173	-0.0680	-1.2640	-4.4480	-10.0320	2.6330	0.0000
174	-0.0080	0.8380	-1.3780	-4.8940	-9.5620	0.0000
175	0.0001	1.2720	-1.2510	-5.3740	-9.0930	0.0000
176	0.0200	1.7340	-1.1250	-5.8720	-8.6130	0.0000
177	0.0220	2.1410	-1.1470	-6.3750	-8.1030	0.0000
178	0.1320	2.4680	-0.9240	-6.8550	-7.5480	0.0000
179	0.0070	2.8380	-0.7190	-7.2820	-6.9460	0.0000
180	0.0150	3.2950	-0.4340	-7.6090	-6.3070	0.0000
181	0.0620	3.7310	-0.1950	-7.8430	-5.6290	0.0000
182	0.1780	4.0090	-0.1210	-7.9950	-4.9460	0.0000
183	0.2320	4.0500	-0.0250	-8.0810	-4.3010	0.0000
184	0.2670	4.0230	0.3250	-8.1180	-3.7260	0.0000
185	0.2340	3.7950	0.8850	-8.0750	-3.1940	0.0000
186	0.0350	3.3000	1.0590	-7.9320	-2.6820	0.0000
187	-0.2660	2.4260	1.2590	-7.6890	-2.2100	0.0000
188	-0.4000	1.3310	1.3750	-7.3310	-1.8220	0.0000
189	-0.2960	0.3540	1.7650	-6.8830	-1.5110	0.0000
190	-0.1320	-0.4890	1.7260	-6.3210	-1.2700	0.0000
191	0.3370	-1.4850	1.4850	-5.1080	-0.9400	0.0000
192	0.3990	-1.7640	1.2820	-4.5430	-0.8180	0.0000
193	0.2380	-2.1780	0.9450	-4.0100	-0.7340	0.0000
194	0.1540	-2.4180	0.7330	-3.4930	-0.7050	0.0000
195	0.0830	-2.5620	0.6230	-2.9860	-0.7530	0.0000
196	0.3590	-2.4800	0.6560	-2.5030	-0.8630	0.0000
197	0.4000	-2.2830	0.5150	-2.0280	-1.0180	0.0000
198	0.5550	-2.0910	0.5500	-1.5540	-1.1990	0.0000
199	0.2970	-1.8880	0.2810	-1.0650	-1.4090	0.0000
200	0.1730	-1.5520	0.1660	-0.5920	-1.6280	0.0000
201	0.1530	-1.3120	-0.0220	-0.1180	-1.8580	0.0000
202	0.2660	-1.3780	-0.4410	0.3560	-2.0920	0.0000
203	0.4800	-1.8040	-0.5600	0.8660	-2.2590	0.0000
204	0.6730	-2.0960	-1.0450	1.4510	-2.3170	0.0000
205	0.7290	-2.3140	-1.0120	2.1500	-2.2300	0.0000
206	0.3390	-2.6740	-1.2140	3.0030	-1.9890	0.0000
207	-0.1290	-2.6970	-0.6120	3.9100	-1.6740	0.0000
208	-0.0950	-2.2780	-0.6640	4.8740	-1.3270	0.0000
209	-0.4320	-2.0300	-0.4680	5.8700	-0.9670	0.0000
210	-0.5750	-1.9620	0.0340	6.7640	-0.6620	0.0000
211	-0.5600	-1.7420	0.0030	7.5440	-0.4850	0.0000
212	-0.5790	-1.7030	0.1480	8.1760	-0.4840	0.0000
213	-0.2710	-1.5570	0.2600	8.6320	-0.6300	0.0000
214	0.0450	-1.5470	0.2540	8.9030	-0.8860	0.0000
215	0.3160	-1.6540	0.0800	9.0050	-1.2170	0.0000
216	0.2940	-1.8690	0.1030	8.9680	-1.5810	0.0000
217	0.5280	-1.9090	-0.0720	8.8320	-1.9320	0.0000
218	0.4820	-1.9370	-0.1630	8.6230	-2.2370	0.0000
219	0.6600	-1.6860	-0.2260	8.3910	-2.4630	0.0000
220	0.6220	-1.4260	-0.3170	8.2100	-2.6500	0.0000
221	0.5250	-1.1440	-0.3250	8.0980	-2.7990	0.0000
222	0.4700	-0.9410	-0.4000	8.0650	-2.9510	0.0000
223	0.1970	-0.8450	-0.1240	8.0320	-3.0820	0.0000
224	-0.2890	-0.7890	0.0470	7.9240	-3.1850	0.0000
225	-0.4990	-1.0940	0.1630	7.7220	-3.2120	0.0000
226	-0.4360	-1.2730	0.0920	7.4930	-3.2030	0.0000
227	-0.2150	-1.0940	-0.2470	7.2700	-3.1980	0.0000
228	-0.0540	-0.8860	-0.1860	7.0510	-3.2340	0.0000
229	0.2510	-0.6990	-0.1390	6.8530	-3.3070	0.0000
230	0.3300	-0.5780	0.0210	6.6870	-3.4050	0.0000
231	0.4570	-0.5330	0.0130	6.4120	-0.1630	0.0000
232	0.3640	-0.4880	0.0870	6.3040	-3.5510	0.0000
233	0.2830	-0.5040	0.1150	6.3040	-3.5510	0.0000
234	0.1190	-0.4100	0.0370	6.1350	-3.5350	0.0000
235	0.0370	-0.3420	-0.3700	6.1350	-3.5350	0.0000
236	-0.0200	-0.2690	0.0360	5.0590	-3.4330	0.0000
237	-0.0200	-0.1160	0.0360	5.0590	-3.4330	0.0000
238	-0.0200	0.0640	-0.1355	5.8010	-3.3490	0.0000
239	-0.0200	0.0640	-0.1355	5.8010	-3.3490	0.0000
240	0.1890	0.1570	-0.1900	5.1280	-3.2360	0.0000
241	0.0560	0.1660	-0.1470	4.8300	-3.1850	0.0000
242	0.0040	0.3020	-0.2270	4.5250	-3.1310	0.0000
243	-0.0290	0.3690	-0.0740	4.2290	-3.0670	0.0000
244	-0.2580	0.4680	-0.0410	3.9580	-2.9790	0.0000
245	-0.1410	0.4680	0.1100	3.7030	-2.8810	0.0000
246	-0.2140	0.7320	-0.0210	3.4770	-2.7880	0.0000
247	-0.2320	0.7940	0.0290	3.2550	-2.6980	0.0000
248	-0.2930	0.8290	0.0350	3.0170	-2.6420	0.0000
249	-0.2600	0.8750	0.0440	2.7680	-2.6080	0.0000
250	-0.2580	0.8480	0.0290	2.5000	-2.6060	0.0000
251	-0.2100	0.8940	-0.0660	2.2160	-2.6370	0.0000
252	-0.0740	0.9400	-0.0370	1.9220	-2.6930	0.0000
253	0.1660	0.9830	-0.0310	1.6080	-2.7610	0.0000
254	0.0710	1.0900	-0.0760	1.2540	-2.8210	0.0000
255	0.0650	1.1230	-0.0360	0.8950	-2.8570	0.0000
256	0.0230	1.1190	-0.0750	0.5220	-2.8540	0.0000
257	0.0090	1.3000	-0.1090	0.1340	-2.8290	0.0000
258	0.0420	1.3540	-0.0870	-0.2700	-2.7870	0.0000
259	0.0190	1.3240	0.0340	-0.7070	-2.7220	0.0000
260	0.0730	1.3220	-0.0340	-1.1720	-2.6380	0.0000
261	-0.1000	1.4400	-0.0910	-1.6400	-2.5560	0.0000
262	-0.2180	1.3980	-0.1680	-2.0900	-2.4720	0.0000
263	-0.1060	1.3260	-0.0060	-2.5330	-2.3970	0.0000
264	-0.0250	1.4400	-0.0300	-2.9530	-2.3350	0.0000
265	0.0140	1.4630	-0.0180	-3.3670	-2.2920	0.0000
266	-0.0350	1.4030	-0.1070	-3.7800	-2.2820	0.0000
267	0.1810	1.0560	-0.1110	-4.1840	-2.2930	0.0000
268	0.2060	1.4510	-0.0530	-4.5720	-2.3150	0.0000
269	0.1680	1.3590	0.0030	-4.9110	-2.3240	0.0000
270	0.0890	1.3100	-0.1700	-5.1910	-2.3250	0.0000
271	0.1380	1.2780	-0.1070	-5.4060	-2.3370	0.0000
272	0.0700	1.4060	-0.1830	-5.5530	-2.3510	0.0000
273	0.1330	1.4450	-0.2420	-5.6410	-2.3480	0.0000
274	0.1690	1.4970	-0.3190	-5.7050	-2.3290	0.0000
275	0.1800	1.5370	-0.1950	-5.7800	-2.2760	0.0000
276	0.1520	1.6090	-0.1010	-5.9360	-2.1770	0.0000
277	0.1420	1.5390	-0.1660	-6.1940	-2.0470	0.0000
278	0.0190	1.2400	-0.2260	-6.5320	-1.9180	0.0000
279	-0.1410	1.0080	-0.1990	-6.8980	-1.8170	0.0000
280	-0.0800	0.9100	-0.0570	-7.2440	-1.7520	0.0000
281	0.0300	0.8490	0.0520	-7.5570	-1.6860	0.0000
282	0.1010	0.8550	0.0340	-7.8560	-1.5940	0.0000
283	0.2630	1.1170	-0.0390	-8.1520	-1.4590	0.0000
284	0.2770	1.1430	0.0000	-8.4480	-1.2990	0.0000
285	0.1470	1.1020	-0.0540	-8.7340	-1.1300	0.0000
286	-0.0170	0.9070	0.0360	-8.9690	-0.9620	0.0000
287	-0.0680	0.7360	0.0080	-9.1310	-0.8010	0.0000
288	-0.3010	0.5120	0.1250	-9.1860	-0.5320	0.0000
289	-0.2000	0.5760	0.2890	-9.0930	-0.4220	0.0000
290	-0.2390	0.5350	0.2880	-8.9310	-0.3240	0.0000
291	-0.1720	0.5770	0.2840	-8.7290	-0.2330	0.0000
292	-0.1830	0.6120	0.2740	-8.5180	-0.1590	0.0000
293	-0.2150	0.5700	0.2290	-8.2930	-0.1150	0.0000
294	-0.0150	0.4960	0.1690	-8.0650	-0.1000	0.0000
295	-0.0190	0.4420	0.2130	-7.8320	-0.1090	0.0000
296	-0.2800	0.3340	0.1800	-7.6110	-0.1320	0.0000
297	-0.0100	0.2550	0.1990	-7.3930	-0.1510	0.0000
298	0.0890	0.1010	0.2410	-7.1760	-0.1540	0.0000
299	0.0260	0.0880	0.1230	-6.9620	-0.1440	0.0000
300	0.0180	0.1140	-0.0340	-6.7590	-0.1130	0.0000
301	0.0180	0.0880	0.0300	-6.5510	-0.0740	0.0000
302	-0.0930	0.0780	0.1100	-6.3500	-0.0140	0.0000
303	-0.0910	-0.0170	0.2150	-6.1510	0.0600	0.0000
304	-0.1600	-0.0520	0.1860	-5.9490	0.0930	0.0000
305	-0.2360	-0.1310	0.1120	-5.7460	0.1640	0.0000
306	-0.2460	-0.1600	0.1370	-5.5280	0.2320	0.0000
307	-0.1750	-0.1690	0.2170	-5.3060	0.3010	0.0000
308	-0.1620	-0.1970	0.2530	-5.0840	0.3740	0.0000
309	-0.1970	-0.3240	0.2770	-4.8600	0.4470	0.0000
310	-0.2180	-0.3210	0.2150	-4.6400	0.5020	0.0000
311	-0.1190	-0.4110	0.2090	-4.4040	0.5320	0.0000
312	-0.0850	-0.5160	0.2770	-4.1670	0.5420	0.0000
313	0.0960	-0.4620	0.3300	-3.9110	0.5340	0.0000
314	0.0520	-0.4500	0.2420	-3.6400	0.5140	0.0000
315	0.1260	-0.4300	0.1940	-3.3460	0.4730	0.0000
316	0.0930	-0.3960	0.1330	-3.0250	0.4020	0.0000
317	0.0030	-0.3980	0.1820	-2.6610	0.3220	0.0000
318	0.0220	-0.4700	0.1320	-2.2650	0.2270	0.0000
319	0.0410	-0.6810	0.0850	-1.8310	0.1350	0.0000
320	-0.0240	-0.8360	0.0550	-1.3430	0.0500	0.0000
321	-0.0160	-1.0880	0.0820	-0.7710	-0.0180	0.0000
322	0.0100	-1.0890	0.1730	-0.1120	-0.0720	0.0000
323	0.0220	-1.1120	-0.0130	0.6310	-0.1090	0.0000
324	0.1120	-1.0700	0.0180	1.4230	-0.1280	0.0000
325	0.0550	-1.0530	-0.1000	2.2520	-0.1390	0.0000
326	0.0840	-1.1400	-0.0390	3.1090	-0.1480	0.0000
327	0.0580	-1.2180	-0.1060	4.0090	-0.1580	0.0000
328	0.0240	-1.3330	-0.0790	4.9620	-0.1780	0.0000
329	0.1290	-1.3390	-0.1730	5.9810	-0.2340	0.0000
330	0.1790	-1.4710	-0.0410	7.0500	-0.3170	0.0000
331	0.2070	-1.6470	0.0680	8.1430	-0.4150	0.0000
332	0.0860	-1.8980	0.0210	9.2410	-0.5250	0.0000
333	-0.0760	-1.9570	-0.0060	10.3210	-0.6790	0.0000
334	-0.1540	-2.0250	0.0270	11.3870	-0.8810	0.0000
335	-0.0230	-2.0880	0.1610	12.4150	-1.1300	0.0000
336	0.0850	-2.1180	-0.0520	13.3790	-1.3930	0.0000
337	0.1530	-2.2450	-0.3740	15.1610	-1.9460	0.0000
338	0.1400	-2.1430	-0.5300	16.0040	-2.2310	0.0000
339	0.2230	-1.9400	-0.4610	16.8240	-2.5000	0.0000
340	0.3340	-1.8890	-0.5900	17.6180	-2.7480	0.0000
341	0.3140	-1.7190	-0.5790	18.3760	-2.9520	0.0000
342	0.2510	-1.4530	-0.6480	19.0890	-3.1100	0.0000
343	0.1150	-1.3820	-0.6650	19.7530	-3.2490	0.0000
344	0.0480	-1.4120	-0.6170	20.3800	-3.3690	0.0000
345	0.1440	-1.3250	-0.6130	20.9840	-3.4660	0.0000
346	0.1220	-1.1100	-0.4530	21.5610	-3.5340	0.0000
347	0.0520	-0.9110	-0.4640	22.0860	-3.5560	0.0000
348	0.0120	-0.6060	-0.4930	22.5430	-3.5500	0.0000
349	-0.1210	-0.4340	-0.5630	22.9430	-3.5620	0.0000
350	-0.1230	-0.4460	-0.4230	23.2970	-3.5920	0.0000
351	0.2160	-0.4380	-0.2420	23.5780	-3.6410	0.0000
352	0.1640	-0.2080	-0.1690	23.7820	-3.6950	0.0000
353	0.0770	-0.0420	-0.2610	23.9060	-3.7590	0.0000
354	0.1690	0.0830	-0.1880	23.9510	-3.8270	0.0000
355	0.2040	0.0990	-0.2150	23.9300	-3.9010	0.0000
356	0.1970	0.1690	-0.1260	23.8610	-3.9520	0.0000
357	0.2410	0.0820	-0.1650	23.7640	-3.9820	0.0000
358	0.2570	0.0860	-0.2330	23.6440	-3.9880	0.0000
359	0.1380	0.1100	-0.1470	23.5160	-3.9660	0.0000
360	0.1470	0.1150	-0.1370	23.3790	-3.9300	0.0000
361	0.1090	0.1460	-0.1060	23.2350	-3.8960	0.0000
362	0.1180	0.1870	-0.1260	23.0790	-3.8760	0.0000
363	0.1520	0.1920	0.0180	22.9040	-3.8590	0.0000
364	0.2370	0.1980	-0.0740	22.7030	-3.8490	0.0000
365	0.1110	0.2460	-0.0190	22.4730	-3.8400	0.0000
366	0.1310	0.3310	-0.1290	22.2230	-3.8600	0.0000
367	0.1470	0.3860	-0.1350	21.9520	-3.8990	0.0000
368	0.2650	0.3550	-0.0320	21.6500	-3.9460	0.0000
369	0.2290	0.3750	-0.1690	21.3160	-4.0080	0.0000
370	0.2000	0.2450	-0.2460	20.9650	-4.0530	0.0000
371	0.1900	0.2180	-0.2650	20.5960	-4.0920	0.0000
372	0.1810	0.2980	-0.2360	20.2140	-4.1250	0.0000
373	0.2460	0.3430	-0.2790	19.8130	-4.1600	0.0000
374	0.2010	0.3520	-0.3000	19.3890	-4.2030	0.0000
375	0.3580	0.4400	-0.3450	18.9440	-4.2370	0.0000
376	0.4220	0.5360	-0.3730	18.4360	-4.2530	0.0000
377	0.4530	0.6170	-0.1840	17.8570	-4.2380	0.0000
378	0.5430	0.8790	-0.1990	17.1890	-4.1780	0.0000
379	0.5830	0.8450	-0.1840	16.4210	-4.0900	0.0000
380	0.6880	0.9410	-0.2130	15.5260	-3.9670	0.0000
381	0.8630	1.0490	-0.1000	14.5170	-3.8030	0.0000
382	1.0340	1.2530	0.0450	13.3600	-3.6120	0.0000
383	1.1170	1.3900	-0.1120	12.0410	-3.3870	0.0000
384	0.8160	1.5400	-0.0070	10.5660	-3.1470	0.0000
385	0.5020	1.5990	-0.1080	7.3310	-2.6480	0.0000
386	0.5090	1.8570	-0.1840	5.5950	-2.4430	0.0000
387	0.4510	1.7560	-0.0650	3.7990	-2.2700	0.0000
388	0.6450	1.6500	0.1080	1.9770	-2.1240	0.0000
389	0.6930	1.7110	-0.0610	0.1470	-1.9910	0.0000
390	0.7250	1.8460	-0.1630	-1.7310	-1.8550	0.0000
391	0.6740	1.8420	-0.2030	-3.6650	-1.7280	0.0000
392	0.3410	1.8970	-0.2400	-5.6620	-1.6180	0.0000
393	0.3860	1.8880	-0.3980	-7.6690	-1.5260	0.0000
394	0.3630	1.6380	-0.1570	-9.6240	-1.4630	0.0000
395	0.4080	1.4530	0.0460	-11.4720	-1.4110	0.0000
396	0.2990	1.4260	0.1010	-13.1790	-1.3700	0.0000
397	0.5210	1.6680	-0.0070	-14.7700	-1.3620	0.0000
398	0.6230	1.9520	-0.0180	-16.2470	-1.3970	0.0000
399	0.8100	1.8580	-0.0040	-17.6420	-1.4660	0.0000
400	0.7600	1.7750	0.0330	-18.9500	-1.5590	0.0000
401	0.7990	1.8760	-0.1920	-20.2110	-1.6580	0.0000
402	0.6120	1.6430	-0.2550	-21.4250	-1.7610	0.0000
403	0.7620	1.5910	-0.1890	-22.5900	-1.8540	0.0000
404	0.7130	1.5490	-0.2730	-23.6600	-1.9400	0.0000
405	0.4030	1.3060	-0.4070	-24.6520	-2.0020	0.0000
406	0.3640	1.1910	-0.3830	-25.5500	-2.0460	0.0000
407	0.2940	1.1270	-0.2780	-26.3490	-2.0720	0.0000
408	0.1460	0.9260	-0.4020	-27.0360	-2.0680	0.0000
409	0.1240	0.9240	-0.1960	-27.6070	-2.0190	0.0000
410	0.0980	0.8920	-0.2690	-28.0620	-1.9500	0.0000
411	0.0010	0.9190	-0.2730	-28.4130	-1.8540	0.0000
412	-0.1580	0.7910	-0.3150	-28.6750	-1.7270	0.0000
413	-0.2270	0.8080	-0.1730	-28.8520	-1.5530	0.0000
414	-0.3970	0.6610	-0.1180	-28.9710	-1.3660	0.0000
415	-0.4450	0.5960	-0.1410	-29.0550	-1.1550	0.0000
416	-0.4600	0.5350	-0.0240	-29.1100	-0.9390	0.0000
417	-0.5590	0.3330	0.1380	-29.1400	-0.7170	0.0000
418	-0.4900	0.2210	0.1970	-29.1390	-0.4980	0.0000
419	-0.6490	-0.0470	0.3050	-29.0940	-0.2960	0.0000
420	-0.6490	-0.1500	0.3590	-29.0080	-0.1150	0.0000
421	-0.5800	-0.2560	0.5200	-28.8500	0.0550	0.0000
422	-0.4940	-0.2720	0.5350	-28.6390	0.2120	0.0000
423	-0.4000	-0.3710	0.5670	-28.3980	0.3670	0.0000
424	-0.4140	-0.5120	0.5950	-28.1160	0.5180	0.0000
425	-0.3710	-0.7090	0.6420	-27.8140	0.6700	0.0000
426	-0.2430	-0.8290	0.6010	-27.4950	0.8150	0.0000
427	-0.2510	-0.9630	0.6020	-27.1600	0.9600	0.0000
428	-0.1730	-1.0250	0.5920	-26.8020	1.1010	0.0000
429	-0.0410	-1.1240	0.6550	-26.4260	1.2370	0.0000
430	0.0320	-1.2740	0.7040	-26.0010	1.3680	0.0000
431	0.1470	-1.3280	0.7690	-25.5260	1.5160	0.0000
432	0.2130	-1.3850	0.8250	-24.9790	1.6550	0.0000
433	0.3890	-1.1790	0.6650	-23.6810	1.9400	0.0000
434	0.5620	-0.9930	0.6220	-22.9490	2.0750	0.0000
435	0.5200	-0.9660	0.6400	-22.1600	2.2200	0.0000
436	0.4020	-1.0830	0.7390	-21.3280	2.3650	0.0000
437	0.3790	-1.0140	0.7660	-20.4410	2.5000	0.0000
438	0.4290	-1.0650	0.8100	-19.5180	2.6280	0.0000
439	0.5650	-1.3010	0.9790	-18.5480	2.7450	0.0000
440	0.5040	-1.5290	0.9570	-17.5180	2.8640	0.0000
441	0.3270	-1.7900	0.7700	-16.4330	2.9500	0.0000
442	0.2820	-1.9190	0.7570	-15.3130	3.0050	0.0000
443	0.4860	-2.2220	0.9440	-14.1680	3.0370	0.0000
444	0.6500	-2.2400	0.7770	-12.9980	3.0710	0.0000
445	0.5300	-2.2690	0.7180	-11.8180	3.1240	0.0000
446	0.5170	-2.4230	0.3540	-10.6360	3.2120	0.0000
447	0.6050	-2.4220	0.3910	-9.4720	3.3010	0.0000
448	0.6570	-2.4680	0.4510	-8.3210	3.4080	0.0000
449	0.6670	-2.4810	0.4330	-7.1830	3.5700	0.0000
450	0.7430	-2.4060	0.4370	-6.1100	3.8000	0.0000
451	0.4750	-2.3570	0.4280	-5.1250	4.1030	0.0000
452	0.2420	-2.2530	0.5310	-4.2670	4.4560	0.0000
453	0.0970	-1.8960	0.4920	-3.5380	4.8620	0.0000
454	0.0420	-1.9400	0.5160	-2.9110	5.3000	0.0000
455	-0.2970	-1.7720	0.3820	-2.3950	5.7490	0.0000
456	-0.3590	-1.6140	0.3970	-1.9830	6.1890	0.0000
457	-0.1900	-1.4830	0.2300	-1.7020	6.5840	0.0000
458	0.1330	-1.3230	-0.0730	-1.5600	6.9120	0.0000
459	0.5930	-1.0010	-0.3090	-1.5400	7.1700	0.0000
460	1.0000	-0.6590	-0.4220	-1.5940	7.3860	0.0000
461	1.5650	-0.4220	-0.3250	-1.7050	7.6020	0.0000
462	2.0640	-0.1340	-0.6720	-1.8530	7.8420	0.0000
463	2.3020	0.1890	-0.7680	-1.9990	8.1220	0.0000
464	2.4010	0.4590	-0.9220	-2.1480	8.4270	0.0000
465	2.5290	0.5320	-1.0070	-2.2790	8.7330	0.0000
466	2.8150	0.6800	-0.7720	-2.3820	9.0380	0.0000
467	2.8390	0.8350	-0.8400	-2.4410	9.3310	0.0000
468	2.9830	1.1040	-0.9220	-2.4310	9.6090	0.0000
469	2.7330	1.2230	-0.8970	-2.3470	9.8530	0.0000
470	2.5170	1.2890	-0.8910	-2.1960	10.0580	0.0000
471	2.3710	1.4320	-0.6280	-2.0150	10.2380	0.0000
472	2.1660	1.6740	-0.3690	-1.8280	10.3940	0.0000
473	1.6630	1.6410	-0.1500	-1.6910	10.5390	0.0000
474	1.3150	1.5130	-0.1810	-1.6210	10.6640	0.0000
475	0.8050	1.3670	-0.0560	-1.6060	10.7080	0.0000
476	0.6410	1.1690	0.3530	-1.6120	10.6720	0.0000
477	0.4590	1.1070	0.4650	-1.5800	10.6030	0.0000
478	0.4260	1.1370	0.5060	-1.5030	10.5560	0.0000
479	0.0320	1.2970	0.2000	-1.4440	10.5100	0.0000
480	0.1090	1.2820	0.2550	-1.4270	10.5050	0.0000
481	-0.1210	1.0970	0.3220	-1.4400	10.5290	0.0000
482	-0.3520	0.8800	0.4550	-1.4420	10.5920	0.0000
483	-0.5880	0.9110	0.4780	-1.4480	10.6690	0.0000
484	-1.0490	0.8220	0.5410	-1.5610	10.8310	0.0000
485	-1.4310	0.5850	0.4390	-1.6910	10.8680	0.0000
486	-1.8540	0.4540	0.7700	-1.8350	10.8440	0.0000
487	-2.1210	0.1500	0.8600	-1.9370	10.7440	0.0000
488	-2.2800	-0.1380	0.9590	-1.9410	10.5530	0.0000
489	-2.6710	-0.3000	0.8330	-1.8710	10.2360	0.0000
490	-3.0340	-0.4380	0.5870	-1.7790	9.7360	0.0000
491	-2.9850	-0.3230	0.4060	-1.7250	9.0720	0.0000
492	-2.9550	-0.3780	0.3270	-1.7090	8.2680	0.0000
493	-2.7140	-0.4220	0.1900	-1.7200	7.3820	0.0000
494	-2.2890	-0.3820	0.0160	-1.7280	6.4620	0.0000
495	-2.3300	-0.6180	0.0070	-1.7110	5.5140	0.0000
496	-2.4620	-0.6950	0.2250	-1.6830	4.5320	0.0000
497	-2.5150	-0.6990	0.5700	-1.6680	3.4960	0.0000
498	-2.8630	-0.7730	0.5440	-1.6700	2.3870	0.0000
499	-2.7630	-0.7910	0.2550	-1.6640	1.1930	0.0000
500	-2.7120	-0.9330	0.2100	-1.6270	-0.0750	0.0000
501	-2.5480	-0.8590	-0.2040	-1.5920	-1.3790	0.0000
502	-2.3360	-0.6830	-0.4130	-1.5610	-2.6850	0.0000
503	-2.0760	-0.5790	-0.3700	-1.5730	-3.9500	0.0000
504	-1.9570	-0.3840	-0.7280	-1.6170	-5.1650	0.0000
505	-1.9070	-0.3390	-0.8250	-1.6780	-6.2910	0.0000
506	-1.4810	-0.2500	-0.8220	-1.7670	-7.3510	0.0000
507	-1.0270	-0.5100	-0.5010	-1.8780	-8.2840	0.0000
508	-1.1080	-0.3670	-0.2590	-2.0360	-9.0900	0.0000
509	-1.1910	-0.5730	-0.2200	-2.2150	-9.7740	0.0000
510	-1.6130	-0.8610	-0.3470	-2.4130	-10.3910	0.0000
511	-1.5030	-0.7640	-0.3200	-2.5820	-10.9510	0.0000
512	-1.2880	-0.6310	-0.2530	-2.7260	-11.4740	0.0000
513	-0.8100	-0.4140	-0.0350	-2.8930	-11.9500	0.0000
514	-0.6690	-0.2440	0.1490	-3.0960	-12.3420	0.0000
515	-0.4590	-0.3170	-0.0010	-3.2910	-12.6300	0.0000
516	-0.4650	-0.1930	-0.0540	-3.4540	-12.8520	0.0000
517	-0.3740	-0.0340	-0.0420	-3.6010	-13.0210	0.0000
518	-0.2610	-0.1070	0.0540	-3.7290	-13.1430	0.0000
519	-0.3630	-0.0460	0.1090	-3.8300	-13.2230	0.0000
520	-0.3660	0.1220	0.1100	-3.8440	-13.2620	0.0000
521	-0.4070	0.2730	0.3240	-3.7820	-13.2760	0.0000
522	-0.5500	0.2550	0.2310	-3.7360	-13.2450	0.0000
523	-0.5770	0.1430	0.0970	-3.7130	-13.2180	0.0000
524	-0.4170	0.1430	0.2700	-3.6390	-13.2290	0.0000
525	-0.1620	0.3030	0.4090	-3.4950	-13.2600	0.0000
526	-0.2220	0.4310	0.4500	-3.3350	-13.2530	0.0000
527	-0.1660	0.5140	0.3100	-3.2030	-13.2050	0.0000
528	-0.0400	0.4680	0.1600	-3.0650	-13.1300	0.0000
529	0.1400	0.3380	-0.0330	-2.8970	-13.0430	0.0000
530	0.3800	0.3520	0.0270	-2.7270	-12.9380	0.0000
531	0.6780	0.2130	-0.0130	-2.5760	-12.7910	0.0000
532	1.1120	-0.0470	-0.4830	0.0000	0.0730	0.0000
533	1.3140	-0.1690	-0.2870	-2.1420	-12.2710	0.0000
534	1.2980	-0.1850	-0.3610	-2.1420	-12.2710	0.0000
535	1.1990	-0.0380	-0.5230	-1.7690	-11.4840	0.0000
536	1.1200	0.0080	-0.5023	-1.7690	-11.4840	0.0000
537	1.2760	-0.2150	-0.6240	-1646.0000	-10.2850	0.0000
538	1.3200	-0.3840	-0.6240	-1646.0000	-10.2850	0.0000
539	1.4090	-0.3370	-0.3000	-1.3650	-8.6020	0.0000
540	1.1070	-0.2880	-0.3000	-1.3650	-8.6020	0.0000
541	0.9810	-0.2800	-0.3640	-0.9770	-6.4110	0.0000
542	1.0170	-0.1800	-0.3640	-0.9770	-6.4110	0.0000
543	0.9190	-0.3080	-0.1090	-0.6360	-3.8890	0.0000
544	0.9740	-0.3080	-0.1090	-0.6360	-3.8890	0.0000
545	1.2480	-0.1930	0.0270	-0.4380	-1.2410	0.0000
546	1.4570	-0.4360	0.0920	-0.4240	0.0610	0.0000
547	1.4260	-0.4640	0.0920	-0.4240	0.0610	0.0000
548	1.6830	-0.5990	-0.0150	-0.5290	2.6920	0.0000
549	1.7480	-0.4990	-0.0150	-0.5290	2.6920	0.0000
550	2.2620	-0.3040	-0.4710	-0.6510	5.2480	0.0000
551	2.5700	-0.3040	-0.4710	-0.6510	5.2480	0.0000
552	2.9820	0.2860	-0.5770	-0.6770	7.6240	0.0000
553	3.0180	-0.2860	-0.5770	-0.6770	7.6240	0.0000
554	2.8980	0.1170	-0.8400	-0.7100	10.0090	0.0000
555	2.8230	0.1170	-0.8400	-0.7100	10.0090	0.0000
556	2.8230	0.3620	-0.7870	-0.6620	12.3900	0.0000
557	3.2190	0.1870	-0.8790	0.5970	13.5240	0.0000
558	2.5660	0.1200	-0.2990	-0.4940	14.6860	0.0000
559	1.8740	0.1200	-0.2990	-0.4940	14.6860	0.0000
560	1.5980	0.0930	-0.0040	-0.1590	16.7090	0.0000
561	1.5880	0.0930	-0.0040	-0.1590	16.7090	0.0000
562	1.5750	0.7230	-0.0310	0.2110	17.8630	0.0000
563	1.5750	0.7230	-0.0310	0.2110	17.8630	0.0000
564	1.8810	0.7640	0.3400	0.1410	18.2220	0.0000
565	1.8500	0.3320	0.1080	-0.0730	18.2210	0.0000
566	1.8500	0.3320	0.1080	-0.0730	18.2210	0.0000
567	0.9320	0.0740	-0.1810	-0.4750	17.9900	0.0000
568	0.9370	0.1990	0.0940	-0.6990	17.7830	0.0000
569	0.7230	-0.0190	0.5270	-1.0110	17.5000	0.0000
570	0.2820	-0.2470	0.5580	-1.3330	17.1180	0.0000
571	-0.0340	-0.5030	0.7240	-1.6040	16.5820	0.0000
572	-0.7730	-0.8780	0.9540	-1.8120	15.8940	0.0000
573	-1.1290	-0.6890	1.0740	-1.9250	15.0680	0.0000
574	-0.9560	-0.4730	1.1530	-1.9670	14.1480	0.0000
575	-1.2400	-0.3660	0.6740	-1.9400	13.1360	0.0000
576	-1.4740	-0.2560	0.5780	-1.8350	12.0830	0.0000
577	-1.5530	-0.3640	0.6360	-1.6610	10.9940	0.0000
578	-1.3070	-0.0520	0.7040	-1.4480	9.9460	0.0000
579	-1.1900	0.1390	0.6590	-1.2130	8.9670	0.0000
580	-1.2390	0.1980	0.2650	-0.9790	8.0240	0.0000
581	-1.5080	-0.3260	0.1220	-0.5620	6.0920	0.0000
582	-1.3910	-0.2430	0.4240	26.0830	10.2960	0.0000
583	-1.7190	-0.5160	0.3240	-0.1030	4.1440	0.0000
584	-1.7380	-0.6590	0.3550	-0.0050	3.1740	0.0000
585	-1.9110	-0.7750	0.1330	0.0470	1.2198	0.0000
586	-2.0020	-0.8420	0.1630	0.0470	1.2198	0.0000
587	-1.8850	-0.8040	0.1960	0.0480	-0.2660	0.0000
588	-1.5200	-0.8510	-0.0670	0.0480	-0.2660	0.0000
589	-1.4910	-0.9210	-0.2170	0.0380	-1.3420	0.0000
590	-1.4260	-0.9930	-0.5170	0.0380	-1.3420	0.0000
591	-1.2440	-1.0130	-0.5820	0.0420	-2.3260	0.0000
592	-0.8390	-1.0390	-0.5820	0.0420	-2.3260	0.0000
593	-0.8670	-1.1520	-0.4880	0.1070	-2.7380	0.0000
594	-0.9400	-1.3270	-0.4880	0.1070	-2.7380	0.0000
595	-1.1870	-1.3400	-0.3700	0.2810	-2.5640	0.0000
596	-1.3660	-1.4910	-0.3700	0.2810	-2.5640	0.0000
597	-1.5260	-1.7710	-0.1020	0.4650	-2.0730	0.0000
598	-1.6130	-1.9700	-0.0090	0.5110	-1.8190	0.0000
599	-1.6750	-2.9780	0.3620	0.5010	-1.5810	0.0000
600	-1.8500	-2.3990	0.7080	0.4620	-1.3620	0.0000
601	-1.7710	-2.4040	0.5910	0.4320	-1.1900	0.0000
602	-1.7020	-2.3150	0.6080	0.3980	-1.0790	0.0000
603	-1.4170	-1.9150	0.6080	0.3980	-1.0790	0.0000
604	-1.3350	-1.6240	0.7970	0.1640	-1.0460	0.0000
605	-1.2420	-1.6240	0.7970	0.1640	-1.0460	0.0000
606	-1.0470	-1.1050	0.3870	-0.2830	-1.0950	0.0000
607	-0.9480	-1.1050	0.3870	-0.2830	-1.0950	0.0000
608	-0.6770	-1.0230	0.2300	-0.8490	-1.1410	0.0000
609	-0.6680	-1.0230	0.2300	-0.8490	-1.1410	0.0000
610	-0.4680	-0.8880	0.1470	-1.4810	-1.0960	0.0000
611	-0.3680	-0.6920	-0.0300	-1.7580	-1.0210	0.0000
612	-0.3970	-0.2440	0.1630	-2.0180	-0.9300	0.0000
613	-0.3640	0.1700	0.2340	-2.2870	-0.8370	0.0000
614	-0.2260	0.4150	0.1160	-2.5320	-0.7380	0.0000
615	0.0990	0.8000	0.1440	-2.7700	-0.6410	0.0000
616	0.2350	0.9890	0.1430	-3.0030	-0.5400	0.0000
617	0.5100	1.1220	0.0840	-3.2350	-0.4380	0.0000
618	0.5180	1.3740	0.1560	-3.4880	-0.3920	0.0000
619	0.6810	1.5720	0.0820	-3.7270	-0.3180	0.0000
620	0.7010	1.6360	0.0620	-3.9150	-0.2680	0.0000
621	0.6350	1.4780	0.2360	-4.0420	-0.2300	0.0000
622	0.7130	1.4940	0.0340	-4.1390	-0.2060	0.0000
623	0.6980	1.6820	0.0420	-4.2300	-0.1840	0.0000
624	0.9630	1.9260	-0.2040	-4.3350	-0.1460	0.0000
625	1.0390	2.6250	-0.3800	-4.4810	-0.0600	0.0000
626	1.0820	3.0990	-1.0310	-4.6480	0.0770	0.0000
627	1.2390	2.8540	-1.6500	-4.8940	0.3160	0.0000
628	1.0320	2.8140	-0.6030	-5.1130	0.5740	0.0000
629	1.4350	2.2290	-1.0480	-5.3480	0.8660	0.0000
630	1.3610	1.3180	-1.0980	-5.5880	1.2210	0.0000
631	1.7540	0.8480	-0.8190	-5.8240	1.7470	0.0000
632	2.0480	0.7050	-0.3490	-5.8710	1.9390	0.0000
633	1.9740	0.4640	-0.4560	-5.8740	2.0750	0.0000
634	1.8490	0.3880	-0.4170	-5.8020	2.1700	0.0000
635	1.7800	0.6200	-0.1920	-5.6850	2.2100	0.0000
636	1.7090	0.6390	-0.1140	-5.5280	2.2250	0.0000
637	1.4990	1.0190	-0.0130	-5.3430	2.1910	0.0000
638	1.6340	1.3020	-0.1040	-5.1260	2.1230	0.0000
639	1.7300	1.5340	0.0370	-4.9140	2.0280	0.0000
640	1.7120	1.6790	-0.0620	-4.6950	1.8940	0.0000
641	1.6970	1.8440	-0.0520	-4.4800	1.6990	0.0000
642	1.6970	1.8440	-0.0520	-4.4800	1.6990	0.0000
643	2.2680	2.4010	-0.1190	-4.0920	1.1630	0.0000
644	2.1730	2.4860	-0.0760	-3.9380	0.8730	0.0000
645	1.9440	2.2510	-0.1890	-3.7910	0.5870	0.0000
646	1.4950	1.8900	-0.0470	-3.6430	0.3420	0.0000
647	0.9930	1.7940	-0.1950	-3.4730	0.0980	0.0000
648	0.8990	1.4610	-0.2330	-3.2510	-0.1540	0.0000
649	0.7940	1.5140	-0.2660	-2.9880	-0.4170	0.0000
650	0.3330	1.4450	0.0440	-2.7000	-0.6720	0.0000
651	0.3210	1.2840	0.1280	-2.4030	-0.9140	0.0000
652	0.1250	1.0090	-0.0250	-2.0870	-1.1720	0.0000
653	-0.1580	0.7360	0.1670	-1.7380	-1.4280	0.0000
654	-0.3840	0.2530	0.3170	-1.3470	-1.6640	0.0000
655	-0.5310	-0.0980	0.2170	-0.9370	-1.8781	0.0000
656	-0.9770	-0.2020	0.0800	-0.5300	-2.0580	0.0000
657	-1.5190	-0.7190	-0.3970	-0.1470	-2.5900	0.0000
658	-1.5850	-0.9800	-0.1710	0.2070	-2.0000	0.0000
659	-1.5970	-1.0490	-0.1120	0.5290	-2.5140	0.0000
660	-1.2250	-1.2610	0.2060	0.8450	-2.0000	0.0000
661	-1.1200	-1.2700	0.4550	1.1130	-3.9720	0.0000
662	-1.6130	-1.4220	0.0520	1.3480	-3.0760	0.0000
663	-1.7300	-1.4900	0.1030	1.5130	-3.1120	0.0000
664	-1.5270	-1.6720	0.3110	1.6310	-3.1120	0.0000
665	-1.4640	-2.2160	0.4540	1.7310	-3.1090	0.0000
666	-1.5430	-1.7080	0.4650	1.8380	-3.0650	0.0000
667	-1.5490	-1.7350	0.5010	1.8310	-3.0010	0.0000
668	-1.5650	-1.6960	0.4030	1.9240	-2.9420	0.0000
669	-1.6440	-1.6950	0.3400	1.9930	-2.9060	0.0000
670	-1.6840	-1.7700	0.2530	1.9930	-2.9060	0.0000
671	-1.5390	-1.7080	0.2430	2.0390	-2.9360	0.0000
672	-1.4290	-1.6610	0.1490	2.0230	-2.9940	0.0000
673	-1.5150	-1.6760	0.1460	1.9860	-3.0600	0.0000
674	-1.3840	-1.7720	0.1690	1.9000	-3.1180	0.0000
675	-1.3780	-1.8130	0.0870	1.7620	-3.1600	0.0000
676	-1.3350	-1.7560	0.0870	1.7620	-3.1600	0.0000
677	-1.0830	-1.7160	-0.2770	1.4670	-3.2960	0.0000
678	-0.8250	-1.5640	-0.2180	1.1810	-3.4080	0.0000
679	-0.7450	-1.4010	-0.1460	0.9340	-3.3500	0.0000
680	-0.8330	-1.5420	-0.1910	0.8310	-3.2770	0.0000
681	-0.8760	-1.5760	-0.0070	0.7330	-3.1930	0.0000
682	-0.8760	-1.5760	-0.0070	0.7330	-3.1930	0.0000
683	-0.6140	-1.7870	0.3060	0.5350	-3.0940	0.0000
684	-0.4930	-1.7460	0.3310	0.4360	-3.0850	0.0000
685	-0.4580	-1.7810	0.4370	0.3520	-3.0850	0.0000
686	-0.3600	-1.9130	0.4360	0.2800	-3.0930	0.0000
687	-0.4470	-1.8550	0.5560	0.2160	-3.0920	0.0000
688	-0.5020	-1.9300	0.5450	0.1520	-3.0880	0.0000
689	-0.6850	-1.8810	0.4840	0.0750	-3.0690	0.0000
690	-0.6850	-1.8810	0.4840	0.0750	-3.0690	0.0000
691	-0.6560	-1.9750	0.2410	-0.0530	-3.0070	0.0000
692	-0.6690	-1.8330	0.3450	-0.0910	-2.9670	0.0000
693	-0.6990	-1.5450	0.3470	-0.1060	-2.9250	0.0000
694	-0.7650	-1.3310	0.2520	-0.0810	-2.8730	0.0000
695	-0.6850	-1.0680	0.2240	-0.0430	-2.7900	0.0000
696	-0.5830	-0.7260	0.2230	-0.0190	-2.6960	0.0000
697	-0.6310	-0.5790	0.2440	-0.0230	-2.6040	0.0000
698	-0.4820	-0.3140	0.2530	-0.0540	-2.5140	0.0000
699	-0.4930	-0.0510	0.3120	-0.0950	-2.4370	0.0000
700	-0.5740	0.0430	0.2780	-0.1770	-2.3670	0.0000
701	-0.4190	0.0140	0.2080	-0.3110	-2.3110	0.0000
702	-0.4150	0.0090	0.2490	-0.4760	-2.2670	0.0000
703	-0.4760	0.1500	-0.0980	-0.6340	-2.2355	0.0000
704	-0.2580	0.4060	-0.0670	-0.7550	-2.2290	0.0000
705	0.0760	0.4230	-0.0850	-0.8625	-2.2290	0.0000
706	0.2050	0.5280	-0.2070	-0.9850	-2.2350	0.0000
707	0.3130	0.5740	-0.0810	-1.1850	-2.2350	0.0000
708	0.3800	0.5190	-0.2020	-1.2700	-2.2330	0.0000
709	0.3660	0.5840	-0.3230	-1.2700	-2.2330	0.0000
710	0.3690	0.5720	-0.2280	-1.5340	-2.1110	0.0000
711	0.2790	0.4990	-0.2680	-1.6670	-2.1110	0.0000
712	0.2210	0.4380	-0.2280	-1.7870	-1.9600	0.0000
713	0.0840	0.4830	-0.3590	-1.8870	-1.8470	0.0000
714	0.1150	0.6730	-0.4170	-1.8680	-1.7270	0.0000
715	0.0330	0.8580	-0.3460	-1.9180	-1.6050	0.0000
716	0.0950	0.8830	-0.2960	-1.9610	-1.4920	0.0000
717	0.0950	0.8700	-0.3480	-2.0100	-1.3720	0.0000
718	0.1570	0.8580	-0.3810	-2.0100	-1.3720	0.0000
719	0.3080	0.9660	-0.3810	-2.1410	-1.1000	0.0000
720	0.3080	0.9660	-0.3810	-2.1410	-1.1000	0.0000
721	0.6600	0.9320	-0.1100	-2.3190	-0.6510	0.0000
722	0.6940	0.8760	-0.0850	-2.4010	-0.4340	0.0000
723	0.6790	0.9040	-0.2000	-2.5080	-0.2090	0.0000
724	0.6690	0.9510	-0.2240	-2.6240	-0.0090	0.0000
725	0.7490	1.1080	-0.3180	-2.7340	0.1340	0.0000
726	0.9670	1.0040	-0.2370	-2.8350	0.1340	0.0000
727	0.9360	0.8540	-0.0970	-2.9210	0.3230	0.0000
728	0.9360	0.8540	-0.0970	-2.9210	0.3230	0.0000
729	0.9060	0.7280	0.0030	-3.0000	0.4030	0.0000
730	0.6180	0.8650	0.0660	-3.1400	0.5950	0.0000
731	0.4450	0.8360	0.0580	-3.2210	0.7230	0.0000
732	0.2830	0.8650	0.0810	-3.3050	0.8670	0.0000
733	0.1690	0.6410	-0.0350	-3.3840	1.0160	0.0000
734	0.1480	0.6680	-0.1680	-3.4560	1.1680	0.0000
735	0.3920	0.7860	-0.0850	-3.5060	1.3110	0.0000
736	0.5260	0.8240	-0.1570	-3.5480	1.4540	0.0000
737	0.6650	0.8540	-0.2170	-3.5860	1.5850	0.0000
738	0.7940	0.9380	-0.3300	-3.6140	1.6950	0.0000
739	1.1120	1.0890	-0.3760	-3.6120	1.7710	0.0000
740	1.5130	1.2340	-0.4990	-3.5710	1.8180	0.0000
741	1.9250	1.4400	-0.3340	-3.5010	1.8660	0.0000
742	2.1450	1.5090	-0.3900	-3.4240	1.9080	0.0000
743	2.2460	1.7060	-0.2780	-3.3560	1.9570	0.0000
744	2.2800	1.8560	-0.2210	-3.2950	1.9760	0.0000
745	2.3530	1.9670	0.0010	-3.2440	1.9490	0.0000
746	2.3000	1.9400	0.0230	-3.1850	1.8740	0.0000
747	2.0720	1.8210	0.2230	-3.1100	1.7450	0.0000
748	1.7840	1.7570	0.2750	-3.0210	1.5680	0.0000
749	1.5250	1.5690	0.3560	-2.9070	1.3480	0.0000
750	1.1670	1.3530	0.1800	-2.7530	1.0800	0.0000
751	0.7570	1.1860	0.1420	-2.5520	0.7660	0.0000
752	0.5330	0.8610	0.1760	-2.3050	0.4190	0.0000
753	0.5630	0.6950	0.3760	-2.0450	0.0640	0.0000
754	0.4810	0.4750	0.4070	-1.7940	-0.2860	0.0000
755	0.2330	0.1920	0.3190	-1.5710	-0.6180	0.0000
756	-0.0510	0.0190	0.2630	-1.3960	-0.9500	0.0000
757	-0.0800	-0.1500	0.5550	-1.2420	-1.2630	0.0000
758	-0.0640	-0.3620	0.7080	-1.0820	-1.5270	0.0000
759	-0.2070	-0.5150	0.7430	-0.8950	-1.7330	0.0000
760	-0.4970	-0.6380	0.6740	-0.6830	-1.9000	0.0000
761	-0.7730	-0.7670	0.5630	-0.4670	-2.0530	0.0000
762	-0.6910	-0.7060	0.8470	-0.2520	-2.2020	0.0000
763	-0.6590	-0.8060	0.9810	-0.0430	-2.3110	0.0000
764	-0.8660	-0.9460	1.2660	0.1420	-2.3460	0.0000
765	-1.1060	-1.0160	1.3000	0.2850	-2.3500	0.0000
766	-1.3530	-1.0700	1.2670	0.4050	-2.3290	0.0000
767	-1.6200	-1.1480	1.2170	0.5000	-2.3220	0.0000
768	-1.6190	-1.2440	1.2360	0.5530	-2.3260	0.0000
769	-1.7210	-1.3480	1.1820	0.5790	-2.3570	0.0000
770	-1.7820	-1.3630	0.9630	0.5760	-2.4260	0.0000
771	-1.9150	-1.3820	0.7560	0.5530	-2.5850	0.0000
772	-1.6640	-1.3680	0.6230	0.5170	-2.8440	0.0000
773	-1.4260	-1.2960	0.5890	0.4630	-3.1760	0.0000
774	-1.2600	-1.3010	0.2100	0.3870	-3.5320	0.0000
775	-1.0210	-1.2850	-0.0700	0.2730	-3.8820	0.0000
776	-0.7270	-1.1290	-0.4190	0.1390	-4.2110	0.0000
777	-0.6070	-0.9350	-0.7890	-0.2160	-4.6690	0.0000
778	-0.7500	-0.8780	-0.9380	-0.4030	-4.8010	0.0000
779	-0.9160	-0.7610	-1.1440	-0.6030	-4.8940	0.0000
780	-1.0730	-0.6830	-1.5490	-0.7940	-4.9850	0.0000
781	-1.1660	-0.6650	-1.8560	-0.9810	-5.0950	0.0000
782	-1.0710	-0.6330	-2.1220	-1.1720	-5.2350	0.0000
783	-0.9490	-0.5680	-2.0520	-1.3550	-5.3730	0.0000
784	-1.0870	-0.6330	-2.1490	-1.5270	-5.5170	0.0000
785	-0.9550	-0.6360	-2.4130	-1.6870	-5.6550	0.0000
786	-0.8430	-0.6320	-2.5160	-1.8320	-5.7970	0.0000
787	-0.6730	-0.6700	-2.4700	-1.9500	-5.8880	0.0000
788	-0.5130	-0.4680	-2.3510	-2.0400	-5.9000	0.0000
789	-0.4360	-0.3930	-2.2640	-2.1040	-5.8130	0.0000
790	-0.4990	-0.2990	-2.1400	-2.1400	-5.6320	0.0000
791	-0.5100	-0.1830	-1.9510	-2.1480	-5.3560	0.0000
792	-0.5330	-0.1610	-1.7390	-2.1330	-5.0110	0.0000
793	-0.7030	-0.1890	-1.3740	-2.1020	-4.6150	0.0000
794	-0.6930	-0.2420	-1.3020	-2.0590	-4.1950	0.0000
795	-0.7090	-0.3180	-1.1740	-1.9870	-3.7540	0.0000
796	-0.5840	-0.2610	-1.0130	-1.8980	-3.3180	0.0000
797	-0.5340	-0.1120	-0.8080	-1.7740	-2.8890	0.0000
798	-0.4390	-0.0630	-0.6580	-1.6280	-2.4760	0.0000
799	-0.2640	0.0150	-0.4590	-1.4690	-2.0700	0.0000
800	-0.1560	-0.1090	-0.3490	-1.3240	-1.6570	0.0000
801	-0.0810	0.2670	-0.2740	-1.1810	-1.2370	0.0000
802	-0.1090	0.2450	-0.1420	-1.0580	-0.8230	0.0000
803	-0.0690	0.2750	0.0280	-0.9400	-0.4260	0.0000
804	-0.0100	0.2640	0.3300	-0.8370	-0.0670	0.0000
805	0.0060	0.2720	0.5600	-0.7500	0.2780	0.0000
806	0.1080	0.2580	0.8290	-0.6630	0.6140	0.0000
807	0.2090	0.2840	0.8860	-0.5750	0.9380	0.0000
808	0.0300	0.3260	0.8340	-0.4890	1.2450	0.0000
809	-0.0820	0.3200	0.8370	-0.4110	1.5110	0.0000
810	0.0660	0.3230	0.9290	-0.3370	1.7430	0.0000
811	0.0940	0.2890	0.9010	-0.2450	1.9320	0.0000
812	0.1620	0.0390	1.1790	-0.1380	2.0810	0.0000
813	0.3820	0.0670	1.2390	0.0400	2.2000	0.0000
814	0.5840	0.1720	1.3020	0.1910	2.3010	0.0000
815	0.7560	0.2520	1.4720	0.3500	2.3720	0.0000
816	1.0230	0.3870	1.6960	0.4660	2.4460	0.0000
817	1.1170	0.3350	1.8700	0.5360	2.5280	0.0000
818	1.2230	0.3130	1.9570	0.5610	2.6310	0.0000
819	1.3550	0.2100	2.1710	0.5600	2.7440	0.0000
820	1.3880	0.1600	2.1980	0.5480	2.8740	0.0000
821	1.4660	-0.0080	2.4810	0.5250	3.0050	0.0000
822	1.3610	0.0040	2.5470	0.5040	3.1330	0.0000
823	1.0220	-0.1080	2.4980	0.4750	3.2330	0.0000
824	0.7090	-0.1460	2.4520	0.4450	3.2460	0.0000
825	0.7090	-0.1020	2.4510	0.4230	3.1350	0.0000
826	0.8170	-0.1940	2.4330	0.3750	2.5880	0.0000
827	0.7510	-0.2250	2.1800	0.3580	2.1630	0.0000
828	0.8670	-0.2320	1.9380	0.3690	1.6340	0.0000
829	0.8670	-0.1630	1.8790	0.3900	1.0310	0.0000
830	0.7220	-0.1630	1.5120	0.4240	0.3820	0.0000
831	0.6490	-0.1480	1.2120	0.4550	-0.2980	0.0000
832	0.5210	-0.2020	1.0070	0.4960	-0.9750	0.0000
833	0.2970	-0.2170	0.6820	0.5540	-1.6190	0.0000
834	0.1980	-0.2030	0.5200	0.6400	-2.1840	0.0000
835	-0.1030	-0.1890	0.1560	0.7630	-2.6710	0.0000
836	-0.3440	-0.1330	-0.2330	0.9160	-3.0850	0.0000
837	-0.4150	-0.0660	-0.3480	1.0820	-3.4240	0.0000
838	-0.4350	-0.0580	-0.5330	1.2370	-3.7180	0.0000
839	-0.5480	-0.0570	-0.5220	1.3880	-3.9400	0.0000
840	-0.6290	-0.1250	-0.5270	1.5400	-4.1110	0.0000
841	-0.7230	0.0580	-0.7090	1.6990	-4.2470	0.0000
842	-0.7990	-0.0170	-0.6480	1.8360	-4.3820	0.0000
843	-0.9010	-0.0580	-0.4950	1.9600	-4.5190	0.0000
844	-0.9410	-0.1170	-0.6730	2.0580	-4.7010	0.0000
845	-1.0210	-0.2140	-0.4300	2.1370	-4.9080	0.0000
846	-0.9540	-0.0690	-0.5210	2.1680	-5.1580	0.0000
847	-0.9250	0.0850	-0.7030	2.1370	-5.4380	0.0000
848	-0.9330	0.1860	-1.0390	2.0270	-5.7520	0.0000
849	-1.0610	0.0890	-1.4700	1.8090	-6.0990	0.0000
850	-1.0340	-0.0920	-2.1550	1.5070	-6.4730	0.0000
851	-0.7400	-0.2580	-2.3390	1.1590	-6.8480	0.0000
852	-0.6480	-0.3800	-2.9110	0.8220	-7.1920	0.0000
853	-0.5610	-0.3190	-3.2600	0.5120	-7.4980	0.0000
854	-0.5150	-0.5060	-3.3140	0.2560	-7.7420	0.0000
855	-0.5290	-0.3680	-3.7560	0.0490	-7.9280	0.0000
856	-0.4300	-0.3310	-3.9290	-0.1090	-8.0280	0.0000
857	-0.3410	-0.3310	-4.1030	-0.2110	-8.0440	0.0000
858	-0.3500	-0.3460	-4.2630	-0.2630	-7.9710	0.0000
859	-0.2780	-0.2100	-4.1310	-0.3110	-7.8020	0.0000
860	-0.2080	-0.0470	-4.0850	-0.3730	-7.5130	0.0000
861	-0.3440	0.0000	-3.8090	-0.4530	-7.1240	0.0000
862	-0.3890	0.0490	-3.3770	-0.5440	-6.6350	0.0000
863	-0.5830	0.1460	-3.0380	-0.6350	-6.0950	0.0000
864	-0.6960	0.1280	-2.5860	-0.7170	-5.5360	0.0000
865	-0.7960	0.2200	-2.2270	-0.7820	-5.0180	0.0000
866	-0.6910	0.1760	-1.7940	-0.8380	-4.5490	0.0000
867	-0.4520	0.3470	-1.2100	-0.9020	-4.1280	0.0000
868	-0.0500	0.2850	-0.7780	-0.9890	-3.7120	0.0000
869	0.3180	0.2640	-0.6160	-1.1140	-3.2730	0.0000
870	0.2130	0.1800	-0.2550	-1.2000	-2.8210	0.0000
871	0.1180	0.1740	0.0180	-1.2180	-2.3870	0.0000
872	0.1630	0.0480	0.2460	-1.1620	-1.9660	0.0000
873	0.2370	0.0750	0.2850	-1.0450	-1.5760	0.0000
874	0.4990	0.2680	0.3080	-0.7080	-0.8190	0.0000
875	0.5710	0.3200	0.3510	-0.5270	-0.4520	0.0000
876	0.5430	0.3700	0.4950	-0.3510	-0.1110	0.0000
877	0.5730	0.2380	0.5890	-0.1950	0.2090	0.0000
878	0.5640	0.2370	0.8880	-0.0910	0.5070	0.0000
879	0.3630	-0.0350	0.9460	-0.0280	0.7800	0.0000
880	0.3150	-0.1970	1.1340	0.0300	1.0190	0.0000
881	0.2920	-0.2520	1.1060	0.0970	1.2100	0.0000
882	0.1880	-0.0680	1.2280	0.1720	1.3400	0.0000
883	0.2140	-0.1430	1.0870	0.2620	1.4190	0.0000
884	0.1140	0.2940	1.9230	0.3620	1.4570	0.0000
885	0.5110	0.0010	1.1280	0.4750	1.4830	0.0000
886	0.6110	-0.0700	1.2260	0.5540	1.4780	0.0000
887	0.4780	0.0840	1.2360	0.5960	1.5460	0.0000
888	0.2780	-0.1730	1.2020	0.6100	1.5910	0.0000
889	0.1480	-0.2750	1.2130	0.5830	1.6140	0.0000
890	-0.1390	-0.3780	1.2100	0.5620	1.6010	0.0000
891	-0.2560	-0.2830	1.0650	0.5370	1.5240	0.0000
892	-0.3730	-0.5070	1.1920	0.5300	1.4000	0.0000
893	-0.2340	-0.2630	0.9970	0.5480	1.2210	0.0000
894	-0.2420	-0.6000	1.0150	0.5880	1.0200	0.0000
895	-0.1160	-0.1980	0.9830	0.6260	0.7990	0.0000
896	-0.0990	-0.1150	0.9100	0.6310	0.5890	0.0000
897	0.0170	0.1090	0.9900	0.5920	0.4110	0.0000
898	-0.2100	-0.2070	0.8130	0.5220	0.2960	0.0000
899	0.0500	-0.7250	0.7220	0.4560	0.2380	0.0000
900	-0.4090	-0.5270	0.8050	0.3940	0.2140	0.0000
901	-0.1340	-0.6880	1.0190	0.3580	0.1780	0.0000
902	-0.3170	-0.5230	1.0300	0.3400	0.1230	0.0000
903	-0.1600	-0.2320	0.9000	0.3170	0.0550	0.0000
904	-0.0170	-0.3130	0.9100	0.2750	-0.0250	0.0000
905	0.0830	-0.1380	0.7330	0.2300	-0.1100	0.0000
906	0.1650	-0.1180	0.5510	0.1920	-0.1890	0.0000
907	0.0350	0.0170	0.4740	0.1620	-0.2650	0.0000
908	0.0230	-0.0390	0.3250	0.1280	-0.3370	0.0000
909	-0.0580	0.1000	0.0600	0.0950	-0.4010	0.0000
910	0.0210	0.1270	0.0510	0.0650	-0.4310	0.0000
911	-0.1820	0.1600	-0.0600	0.0260	-0.4400	0.0000
912	-0.0850	0.1550	-0.1070	-0.0170	-0.4410	0.0000
913	0.0050	0.0710	-0.0640	-0.0460	-0.4520	0.0000
914	0.1970	0.0240	0.1180	-0.0790	-0.4660	0.0000
915	0.3430	0.0640	0.1270	-0.1220	-0.4560	0.0000
916	0.2220	0.0620	0.1950	-0.1590	-0.4330	0.0000
917	-0.0550	0.0840	0.1350	-0.1760	-0.3810	0.0000
918	-0.1120	0.0810	0.1910	-0.1650	-0.3020	0.0000
919	-0.0960	0.1320	0.0140	-0.1500	-0.2220	0.0000
920	-0.1970	0.2110	0.2370	-0.1290	-0.1290	0.0000
921	-0.2510	0.1620	0.2110	-0.1280	-0.0480	0.0000
922	-0.2310	0.0920	0.2320	-0.1470	0.0090	0.0000
923	-0.1170	0.0590	0.1840	-0.1710	0.0370	0.0000
924	-0.0190	-0.0600	0.2260	-0.2177	1.0310	0.0000
925	-0.0850	-0.1110	0.0560	-0.2177	1.0310	0.0000
926	-0.1940	-0.1690	0.1560	-0.2460	0.1290	0.0000
927	-0.1160	-0.2190	-0.0310	-0.2710	0.1570	0.0000
928	-0.1020	-0.2940	0.0070	0.0000	0.1670	0.0000
929	-0.0150	0.1150	-0.3030	-0.3120	0.1650	0.0000
930	0.0450	-0.0900	-0.7130	-0.3120	0.1650	0.0000
931	0.5780	0.3920	-0.5318	-0.2780	0.1660	0.0000
932	-0.4830	0.4740	-0.7000	-0.2520	0.1940	0.0000
933	-1.0200	-1.1840	0.7010	-0.1970	0.2620	0.0000
934	-0.4950	-0.6140	0.3380	-0.0090	0.1610	0.0000
935	-1.3180	-0.1850	0.3960	0.0200	-0.0030	0.0000
936	-0.4590	0.4190	0.3960	0.0200	-0.0030	0.0000
937	-4.7550	0.1810	0.3960	0.0200	-0.0030	0.0000
938	-0.6810	0.3110	3.8650	0.0550	-0.1260	0.0000
939	-0.0050	0.5120	0.1590	0.0500	-0.1600	0.0000
940	-0.4160	-1.3600	0.4140	0.0560	-0.1170	0.0000
941	0.3630	-1.1970	0.9230	0.0840	-0.0630	0.0000
942	-0.2150	0.6370	1.1590	0.1470	0.0320	0.0000
943	-0.2000	0.1050	-0.3840	0.2240	0.0680	0.0000
944	0.3310	0.1050	-0.3840	0.2240	0.0680	0.0000
945	0.4910	-0.1520	0.3200	0.2880	0.1270	0.0000
946	-0.7100	-0.2290	0.2990	0.3360	0.1710	0.0000
947	-0.7520	2.9820	0.1890	0.3300	0.1720	0.0000
948	0.1780	0.8940	1.2260	0.4150	0.1780	0.0000
949	-0.2080	0.7030	0.0900	0.4100	0.1550	0.0000
950	-0.5640	0.2150	-0.3130	0.4110	0.1380	0.0000
951	-0.0650	0.2570	0.0080	0.3930	0.1260	0.0000
952	0.3570	0.0120	0.2690	0.3730	0.0980	0.0000
953	0.2930	-0.2950	0.0510	0.3110	0.0230	0.0000
954	0.3540	-0.8330	-0.7840	0.2830	-0.0020	0.0000
955	0.6220	-1.0670	0.2390	0.2990	-0.0210	0.0000
956	0.4100	-0.4650	-0.0830	0.3370	-0.0070	0.0000
957	-0.9790	-0.0460	0.2710	0.4130	0.0200	0.0000
958	-0.8070	0.3940	0.5490	0.4680	0.0500	0.0000
959	-1.1240	0.4200	-0.2460	0.4710	0.0410	0.0000
960	-0.2660	-0.0980	0.4750	0.4630	0.0380	0.0000
961	-0.0200	-0.0270	-0.1220	0.4860	0.0320	0.0000
962	0.3250	-0.4870	-0.2460	0.4640	0.0150	0.0000
963	0.0640	-0.3410	0.2590	0.4180	-0.0250	0.0000
964	-0.0470	0.1410	0.1500	0.4300	-0.0180	0.0000
965	0.1250	-0.3480	-0.3670	0.4470	-0.0070	0.0000
966	-0.8040	0.3160	1.0410	0.5010	0.0370	0.0000
967	-0.3150	0.7390	0.2090	0.5170	0.0440	0.0000
968	-0.2180	0.6120	-0.3100	0.5120	0.0470	0.0000
969	0.0820	-0.2050	0.5220	0.5220	0.0400	0.0000
970	0.0330	0.2010	-0.1810	0.5380	0.0590	0.0000
971	0.0610	-0.1520	-0.0630	0.5330	0.0470	0.0000
972	0.2050	-0.3700	0.0030	0.5390	0.0540	0.0000
973	0.0500	0.0610	0.1710	1.6220	0.9420	0.0000
974	0.0770	-0.1030	-0.0910	0.1000	0.0430	0.0000
975	-0.0560	0.0290	0.0791	0.1000	0.0430	0.0000
976	-0.0770	-0.0520	0.0220	0.3800	0.0540	0.0000
977	-0.1320	-0.2120	0.0220	0.3800	0.0540	0.0000
978	-0.0280	-0.0340	-0.0890	0.5430	0.0440	0.0000
979	-0.0400	-0.0360	0.1265	0.5470	0.0580	0.0000
980	0.1090	-0.2110	0.0526	0.5470	0.0550	0.0000
981	-0.0580	-0.1080	-50.0000	0.5440	0.0420	0.0000
982	-0.0830	0.0010	0.0000	0.5490	0.0470	0.0000
983	0.0630	-0.1480	0.0110	0.5530	0.0440	0.0000
984	0.0450	-0.1230	0.0400	0.5490	0.0390	0.0000
985	-0.0660	0.0130	0.0100	0.5450	0.0330	0.0000
986	0.0320	-0.0630	0.0100	0.5450	0.0330	0.0000
987	0.0310	-0.1670	-0.0160	0.5460	0.0360	0.0000
988	0.0310	-0.1670	-0.0160	0.5460	0.0360	0.0000
989	0.0070	-0.0470	0.0170	0.5460	0.0350	0.0000
990	-7.0000	-0.0470	0.0170	0.5460	0.0350	0.0000
991	0.0200	-0.0930	-0.0350	0.5460	0.0350	0.0000
992	0.0200	-0.0930	-0.0350	0.5460	0.0350	0.0000
993	-0.0200	-0.0510	-0.0260	0.5450	0.0340	0.0000
994	-0.0220	-0.0560	-0.0230	0.5400	0.0350	0.0000
995	0.0300	-0.1280	-0.0040	0.5390	0.0330	0.0000
996	-7.0000	-0.0680	0.0100	0.5350	0.0350	0.0000
997	-0.0180	-0.0820	-0.0080	0.5300	0.0340	0.0000
998	0.0050	-0.1110	-0.0610	0.5320	0.0380	0.0000
999	0.0020	-0.0630	-0.0060	0.5280	0.0400	0.0000
1000	-0.0230	-0.0500	-0.0350	0.5230	0.0420	0.0000
1001	0.0080	-0.0860	-0.0050	0.5220	0.0450	0.0000
1002	0.0270	-0.0860	-0.0310	0.5220	0.0450	0.0000
1003	-0.0130	-0.0790	-0.0570	0.5200	0.0440	0.0000
1004	0.0070	-0.0660	0.0400	0.5170	0.0460	0.0000
1005	-0.0230	-0.0770	-0.0050	0.5120	0.0460	0.0000
1006	-0.0340	-0.0890	-0.0660	0.5110	0.0420	0.0000
1007	-0.0110	-0.1080	0.0180	0.5080	0.0430	0.0000
1008	-0.0030	-0.0780	-0.0390	0.5060	0.0450	0.0000
1009	-0.0290	-0.0840	0.0070	0.5040	0.0460	0.0000
1010	0.0060	-0.0600	0.0180	0.5040	0.0430	0.0000
1011	0.0440	-0.0540	0.0320	0.4990	0.0430	0.0000
1012	-0.0250	-0.0630	-0.0390	0.5030	0.0380	0.0000
1013	-0.0040	-0.0760	0.0290	0.5050	0.0390	0.0000
1014	-0.1430	-0.0780	-0.0010	0.5050	0.0310	0.0000
1015	0.0270	-0.0680	0.0130	0.5060	0.0370	0.0000
1016	-0.0180	-0.0850	0.0130	0.5050	0.0350	0.0000
1017	0.0180	-0.0840	-0.0120	0.5010	0.0360	0.0000
1018	-0.0130	-0.0720	-0.0550	0.4960	0.0350	0.0000
1019	-0.0030	-0.0940	0.0000	0.4930	0.0360	0.0000
1020	0.0080	-0.0930	0.0260	0.4950	0.0330	0.0000
1021	-0.0080	-0.0540	-0.0300	0.4950	0.0320	0.0000
1022	-0.0330	-0.0990	-0.0380	0.4920	0.0300	0.0000
1023	-0.1330	-0.0830	-0.0140	0.4890	0.0300	0.0000
1024	-0.0480	-0.0640	0.0030	0.4880	0.0310	0.0000
1025	0.0320	-0.0920	0.0040	0.4830	0.0260	0.0000
1026	0.0120	-0.0910	-0.0580	0.4880	0.0240	0.0000
1027	-0.0210	-0.0740	0.0090	0.4920	0.0220	0.0000
1028	-0.0140	-0.0620	0.0270	0.4900	0.0180	0.0000
1029	0.0180	-0.0660	0.0180	0.4870	0.0170	0.0000
1030	0.0060	-0.0780	0.0150	0.4900	0.0110	0.0000
1031	0.0080	-0.0670	-0.0090	0.4850	0.0080	0.0000
1032	0.0010	-0.0710	-0.0380	0.4840	0.0040	0.0000
1033	0.0490	-0.0970	-0.0160	0.4840	0.0030	0.0000
1034	-0.0380	-0.0670	-0.0660	0.4770	0.0020	0.0000
1035	-0.0210	-0.0810	0.0470	0.4800	0.0000	0.0000
1036	0.0090	-0.0990	-0.0070	0.4760	-0.0010	0.0000
1037	-0.0100	-0.0830	0.0040	0.4750	-0.0060	0.0000
1038	0.0120	-0.0400	0.0140	0.4690	-0.0050	0.0000
1039	-0.0110	-0.0510	-0.0370	0.4670	-0.0030	0.0000
1040	0.0010	-0.0800	0.0130	0.4670	-0.0050	0.0000
1041	-0.0210	-0.0810	0.0280	0.4680	-0.0100	0.0000
1042	0.0190	-0.0920	-0.0410	0.4660	-0.0020	0.0000
1043	-0.0200	-0.0650	-0.0090	0.4670	0.0000	0.0000
1044	-0.0030	-0.0860	-0.0180	0.4650	-0.0040	0.0000
1045	-0.0130	-0.0630	0.0090	0.4630	-0.0040	0.0000
1046	-0.0260	-0.0900	0.0010	0.4610	-0.0110	0.0000
1047	-0.0230	-0.0480	-0.0030	0.4610	-0.0140	0.0000
1048	-0.0200	-0.0590	0.0330	0.4580	-0.0180	0.0000
1049	-0.0130	-0.0790	-0.0510	0.4650	-0.0180	0.0000
1050	-0.0050	-0.0620	-0.0040	0.4680	-0.0160	0.0000
1051	0.0360	-0.0830	-0.0080	0.4700	-0.0230	0.0000
1052	-0.0480	-0.0860	0.0060	0.4610	198.0000	0.0000
1053	-0.0130	-0.0840	-0.0350	0.4610	-0.3500	0.0000
1054	0.0330	-0.0600	-0.0250	0.4580	0.0000	0.0000
1055	0.0000	-0.0880	-0.0030	0.4550	-0.0360	0.0000
1056	0.0040	-0.0930	-0.0270	0.4510	-0.0360	0.0000
1057	-0.0050	-0.0620	-0.0600	0.4460	-0.0351	0.0000
1058	-0.0210	-0.0600	-0.0630	0.4440	-0.0351	0.0000
1059	-0.0370	-0.0530	-0.0640	0.4400	-0.0370	0.0000
1060	-0.0490	-0.0710	0.0130	0.4340	-0.0370	0.0000
1061	-0.0060	-0.0500	-0.0550	0.4380	-35.0000	0.0000
1062	-0.0030	-0.0820	-0.0060	0.4380	-35.0000	0.0000
1063	-0.0290	-0.0650	-0.0090	0.4320	-0.0380	0.0000
1064	-0.0140	-0.0650	-0.0010	0.4320	-0.0380	0.0000
1065	-0.0360	-0.0700	-0.0080	0.4200	-0.0380	0.0000
1066	-0.0380	-0.0860	-0.0080	0.4200	-0.0380	0.0000
1067	-0.0010	-0.0600	-0.0150	0.4270	-0.0330	0.0000
1068	-0.1630	-0.0820	-0.0150	0.4270	-0.0330	0.0000
1069	0.0160	-0.0720	0.0000	0.4200	-0.0330	0.0000
1070	-0.0500	-0.0670	-0.0400	-0.0310	1.7740	0.0000
1071	-0.0400	-0.0570	-0.0500	0.4240	-0.0330	0.0000
1072	0.0020	-0.0700	-0.0180	0.4422	-0.0300	0.0000
1073	-0.0120	-0.0470	0.0180	0.4422	-0.0300	0.0000
1074	-0.0350	-0.0760	-0.0200	423.0000	-0.0390	0.0000
1075	-0.0170	-0.0590	-0.0200	423.0000	-0.0390	0.0000
1076	-0.0010	-0.0460	0.0330	0.4170	-0.0440	0.0000
1077	0.1260	-0.0636	0.0330	0.4170	-0.0440	0.0000
1078	0.0220	-0.0760	0.0190	0.4100	-0.0420	0.0000
1079	0.0080	-0.0760	0.0190	0.4100	-0.0420	0.0000
1080	-0.0310	-0.0650	0.0010	0.4040	-0.0520	0.0000
1081	-0.0250	-0.0650	0.0010	0.4040	-0.0520	0.0000
1082	-0.0210	-0.0710	0.0180	0.4010	-0.0580	0.0000
1083	-0.0230	-0.0710	0.0180	0.4010	-0.0580	0.0000
1084	-0.0420	-0.0460	0.0160	0.3970	-0.0560	0.0000
1085	-0.0120	-0.0460	0.0160	0.3970	-0.0560	0.0000
1086	-0.0430	-0.0440	-0.0260	0.3980	-0.0640	0.0000
1087	0.0090	0.0000	-0.0180	0.3990	-0.0660	0.0000
1088	-0.0900	0.0000	-0.0180	0.3990	-0.0660	0.0000
1089	-0.0180	-0.0240	0.0020	0.3960	-0.0670	0.0000
1090	-0.0180	-0.0240	0.0020	0.3960	-0.0670	0.0000
1091	-0.0430	-0.0650	0.0330	0.3940	-0.0640	0.0000
1092	-0.0430	-0.0510	0.0110	0.3480	-0.0650	0.0000
1093	-0.0240	-0.0640	0.0240	0.3480	-0.0700	0.0000
1094	-0.0250	-0.0660	-0.0090	0.3500	-0.0730	0.0000
1095	-0.0200	-0.0560	-0.0240	0.3500	-0.0740	0.0000
1096	-0.0010	-0.0430	0.0520	0.3480	-0.0760	0.0000
1097	-0.0330	-0.0300	-0.0280	0.3440	-0.0770	0.0000
1098	-0.0330	-0.0430	0.0110	0.3470	-0.0780	0.0000
1099	-0.0500	-0.0570	-0.0390	0.3450	-0.0860	0.0000
1100	-0.0050	-0.0510	0.0340	0.3480	-0.0910	0.0000
1101	-0.0290	-0.0500	-0.0130	0.3030	-0.0880	0.0000
1102	-0.0300	-0.0490	-0.0270	0.3060	-0.0870	0.0000
1103	-0.0210	-0.0560	0.0250	0.3050	-0.0850	0.0000
1104	-0.0210	-0.0690	-0.0210	0.3030	-0.0920	0.0000
1105	-0.0280	-0.0560	-0.0190	0.3100	-0.0940	0.0000
1106	0.0070	-0.0680	-0.0160	0.3050	-0.0910	0.0000
1107	0.0080	-0.0790	0.0250	0.3070	-0.0980	0.0000
1108	-0.0290	-0.0810	-0.0180	0.3030	-0.1040	0.0000
1109	-0.0260	-0.0490	0.0380	0.3030	-0.1060	0.0000
1110	-0.0440	-0.0550	0.0090	0.3020	-0.1100	0.0000
1111	-0.0410	-0.0550	-0.0560	0.2980	-0.1100	0.0000
1112	-0.0520	-0.0500	-0.0300	0.3030	-0.1180	0.0000
1113	0.0000	-0.0380	-0.0150	0.3040	-0.1170	0.0000
1114	-0.0620	-0.0580	0.0310	0.3020	-0.1180	0.0000
1115	-0.0420	-0.0470	-0.0160	0.3030	-0.1180	0.0000
1116	-0.0190	-0.0480	0.0200	0.3010	-0.1200	0.0000
1117	-0.0060	-0.0720	-0.0410	0.3020	-0.1200	0.0000
1118	-0.0400	-0.0480	0.0130	0.3030	-0.1250	0.0000
1119	-0.0380	-0.0380	0.0100	0.3030	-0.1300	0.0000
1120	-0.0170	-0.0530	-0.0530	0.2960	-0.1300	0.0000
1121	-0.0340	-0.0720	0.0010	0.2940	-0.1280	0.0000
1122	-0.0290	-0.0530	0.0270	0.2940	-0.1330	0.0000
1123	-0.0360	-0.0490	-0.0380	0.2940	-0.1320	0.0000
1124	-0.0210	-0.0490	0.0000	0.2910	-0.1320	0.0000
1125	-0.0510	-0.0490	0.0210	0.2890	-0.1290	0.0000
1126	0.0120	-0.0610	-0.0130	0.2870	-0.1290	0.0000
1127	-0.0330	-0.0220	-0.0120	0.2820	-0.1250	0.0000
1128	-0.0280	-0.0420	-0.0120	0.2840	-0.1230	0.0000
1129	-0.0120	-0.0410	-0.0040	0.2800	-0.1200	0.0000
1130	-0.0890	-0.0560	-0.0420	0.2810	-0.1140	0.0000
1131	-0.0720	-0.0540	-0.0250	0.2740	-0.1140	0.0000
1132	0.0010	-0.0270	0.0080	0.2770	-0.1150	0.0000
1133	0.0710	-0.0230	0.0260	0.2690	-0.1160	0.0000
1134	-0.0390	-0.0320	-0.0020	0.2690	-0.1160	0.0000
1135	-0.0300	-0.0260	-0.0100	0.2670	-0.1140	0.0000
1136	-0.0170	-0.0260	-0.0280	0.2690	-0.1140	0.0000
1137	-0.0160	-0.0420	0.0290	0.2690	-0.1140	0.0000
1138	-0.0460	-0.0240	0.0170	0.2630	-0.1140	0.0000
1139	-0.0370	-0.0430	-0.0060	0.2600	-0.1150	0.0000
1140	-0.0390	-0.0480	0.0110	0.2640	-0.1110	0.0000
1141	0.0060	-0.0360	-0.0210	0.2620	-0.1090	0.0000
1142	0.0950	-0.0330	0.0370	0.2590	-0.1090	0.0000
1143	-0.0490	-0.0310	-0.0560	0.2550	-0.1180	0.0000
1144	-0.0050	-0.0360	-0.0070	0.2590	-0.1190	0.0000
1145	-0.0410	-0.0340	-0.0560	0.2580	-0.1170	0.0000
1146	-0.0360	-0.0250	-0.0410	0.2600	-0.1220	0.0000
1147	-0.0280	-0.0380	0.0010	0.2630	-0.1230	0.0000
1148	-0.0160	-0.0530	-0.0270	0.2610	-0.1220	0.0000
1149	-0.0540	-0.0280	-0.0030	0.2630	-0.1200	0.0000
1150	-0.0370	-0.0510	-0.0130	0.2630	-0.1170	0.0000
1151	-0.0030	-0.0090	-0.0050	0.2640	-0.1150	0.0000
1152	-0.0580	-0.0300	-0.0310	0.2630	-0.1200	0.0000
1153	-0.0140	-0.0590	0.0460	0.2610	-0.1150	0.0000
1154	-0.0230	-0.0290	-0.0040	0.2590	-0.1140	0.0000
1155	-0.0560	-0.0530	0.0310	0.2550	-0.1150	0.0000
1156	-0.0270	-0.0520	-0.0370	0.2550	-0.1150	0.0000
1157	-0.0290	-0.0440	-0.0150	0.2570	-0.1130	0.0000
1158	-0.0920	-0.0370	-0.0280	0.2520	-0.1150	0.0000
1159	-0.0470	-0.0310	-0.0160	0.2520	-0.1220	0.0000
1160	-0.0200	-0.0260	-0.0060	0.2560	-0.1200	0.0000
1161	-0.0400	-0.0450	0.0060	0.2510	-0.1230	0.0000
1162	0.0000	-0.0460	-0.0440	0.2510	-0.1270	0.0000
1163	-0.0260	-0.0380	0.1430	0.2520	-0.1290	0.0000
1164	-0.0410	-0.0520	0.0380	0.2540	-0.1280	0.0000
1165	-0.0090	-0.0340	0.0130	0.2100	-0.1300	0.0000
1166	-0.0090	-0.0340	0.0130	0.2100	-0.1300	0.0000
1167	-0.0640	-0.0270	-0.0600	0.2070	-0.1340	0.0000
1168	-0.0410	-0.0250	0.0180	0.2070	-0.1380	0.0000
1169	0.0950	-0.0360	0.0560	0.2070	-0.1410	0.0000
1170	-0.0550	-0.0320	0.0100	0.2080	-0.1440	0.0000
1171	-0.0090	-0.0150	-0.0190	0.2040	-0.1430	0.0000
1172	-0.0090	-0.0290	0.0050	0.2050	-0.1470	0.0000
1173	-0.0090	-0.0490	0.0520	0.2020	-0.1440	0.0000
1174	-0.0200	-0.0370	-0.0070	0.2060	-0.1460	0.0000
1175	-0.0460	-0.0200	-0.0120	0.2060	-0.1440	0.0000
1176	-0.0500	-0.0470	0.0100	0.2050	-0.1410	0.0000
1177	-0.0100	-0.0310	-0.0020	0.2010	-0.1400	0.0000
1178	0.1170	-0.0240	0.0170	0.2010	-0.1360	0.0000
1179	-0.0240	-0.0300	0.0130	0.1980	-0.1340	0.0000
1180	-0.0180	-0.0070	-0.0670	0.1920	-0.1390	0.0000
1181	0.0050	-0.0330	-0.0110	0.1960	-0.1390	0.0000
1182	-0.0220	-0.0210	-0.0570	0.1920	-0.1400	0.0000
1183	-0.0600	-0.0080	0.0450	0.1970	-0.1447	0.0000
1184	-0.0550	-0.0270	-0.0400	0.1970	-0.4200	0.0000
1185	-0.0510	-0.0300	-0.0620	0.2000	-0.1400	0.0000
1186	-0.0020	-0.0380	0.0380	0.2060	-0.1370	0.0000
1187	-0.0110	-0.0260	0.0240	0.2060	-0.1380	0.0000
1188	-0.0390	-0.0310	-0.0160	0.2000	0.8600	0.0000
1189	-0.0460	-0.0450	-0.0030	0.1900	-0.1400	0.0000
1190	-0.0250	-0.0450	-0.0360	0.1970	-0.1400	0.0000
1191	-0.0180	-0.0420	-0.0220	0.1980	-0.1410	0.0000
1192	-0.0390	-0.0420	-0.0240	0.2030	-0.1410	0.0000
1193	-0.0270	-0.0380	-0.0090	0.2050	-0.1430	0.0000
1194	-0.0370	-0.0200	0.0260	0.2030	-0.1440	0.0000
1195	-0.0270	-0.0120	-0.0200	0.2030	-0.1440	0.0000
1196	-0.0170	-0.0360	0.0225	0.2010	-0.1380	0.0000
1197	-0.0220	-0.0180	-0.2200	0.1980	-0.1400	0.0000
1198	-0.0430	-0.0180	-0.2200	0.1980	-0.1400	0.0000
1199	-0.0270	-0.0410	0.0310	0.1870	-0.1410	0.0000
1200	-0.0200	-0.0440	-0.0040	0.1840	-0.1420	0.0000
1201	-0.0480	-0.0130	-0.0010	0.1860	-0.1420	0.0000
1202	-0.0800	-0.0230	-0.0010	0.1860	-0.1420	0.0000
1203	-0.0620	0.0073	-0.0040	0.1910	-0.1460	0.0000
1204	0.0080	-0.0070	-0.0070	0.1900	-0.1410	0.0000
1205	-0.0380	-0.2100	0.0100	0.1860	-0.1410	0.0000
1206	-0.0610	-0.0180	0.0030	0.1800	-0.1380	0.0000
1207	-0.0530	-0.0080	0.0380	0.1780	-0.1390	0.0000
1208	-0.0190	-0.0380	-0.0180	0.1770	-0.1410	0.0000
1209	-0.0130	-0.0380	-0.0180	0.1770	-0.1410	0.0000
1210	-0.0130	-0.0070	-0.0230	0.1710	-0.1460	0.0000
1211	-0.0510	-0.0240	0.0040	0.1730	-0.1480	0.0000
1212	-0.0270	-0.0370	-0.0120	0.1720	-0.1540	0.0000
1213	-0.0490	-0.0370	-0.0120	0.1720	-0.1540	0.0000
1214	-0.0280	-0.0130	-0.0010	0.1680	-0.1560	0.0000
1215	-0.0010	-0.0130	-0.0010	0.1680	-0.1560	0.0000
1216	-0.0560	-0.0430	0.0200	0.1660	-0.1610	0.0000
1217	-0.0490	-0.0310	-0.0100	0.1610	-0.1650	0.0000
1218	-0.0230	-0.0300	0.0140	0.1570	-0.1650	0.0000
1219	-0.0350	-0.0370	0.0270	0.1530	-0.1660	0.0000
1220	-0.0400	-0.0310	-0.0050	0.1520	-0.1650	0.0000
1221	-0.0420	-0.0310	-0.0050	0.1520	-0.1650	0.0000
1222	-0.0260	-0.0160	-0.0530	0.1550	-0.1700	0.0000
1223	-0.0260	-0.0090	0.0330	0.1530	-0.1720	0.0000
1224	-0.0240	-0.0310	0.0430	0.1550	-0.1710	0.0000
1225	-0.0330	-0.0380	-0.0140	0.1550	-0.1750	0.0000
1226	-0.0420	-0.0080	0.0110	0.1540	-0.1720	0.0000
1227	-0.0430	-0.0180	-0.0350	0.1560	-0.1680	0.0000
1228	-0.0590	-0.0180	0.0150	0.1590	-0.1690	0.0000
1229	-0.0420	-0.0260	-0.0240	0.1540	-0.1680	0.0000
1230	-0.0470	-0.0140	-0.0180	0.1530	-0.1670	0.0000
1231	-0.0160	-0.0380	-0.0260	0.1530	-0.1660	0.0000
1232	0.0010	-0.0210	-0.0030	0.1460	-0.1640	0.0000
1233	-0.0140	-0.0310	0.0200	0.1430	-0.1660	0.0000
1234	-0.1710	-0.0290	-0.0240	0.1390	-0.1680	0.0000
1235	-0.0260	-0.0230	-0.0090	0.1390	-0.1660	0.0000
1236	-0.0150	-0.0270	-0.0130	0.1360	-0.1710	0.0000
1237	-0.0570	-0.0370	0.0320	0.1280	-0.1720	0.0000
1238	-0.0220	-0.0110	-0.0230	0.1240	-0.1690	0.0000
1239	-0.0440	-0.0210	-0.0060	0.1170	-0.1710	0.0000
1240	-0.0420	-0.0430	-0.0050	0.1150	-0.1660	0.0000
1241	-0.0180	-0.0130	0.0000	0.1120	-0.1670	0.0000
1242	-0.0030	-0.0120	-0.0170	0.1130	-0.1640	0.0000
1243	-0.1860	0.0070	0.0250	0.1170	-0.1690	0.0000
1244	-0.0240	-0.0320	-0.0060	0.1210	-0.1650	0.0000
1245	-0.0460	-0.0230	0.0050	0.1180	-0.1670	0.0000
1246	-0.0300	-0.0270	0.0360	0.1190	-0.1650	0.0000
1247	-0.0570	-0.0210	0.0200	0.1180	-0.1620	0.0000
1248	-0.0380	-0.0090	-0.0260	0.1180	-0.1620	0.0000
1249	-0.0410	-0.0200	-0.0180	0.1160	-0.1580	0.0000
1250	-0.0200	-0.0340	-0.0220	0.1120	-0.1580	0.0000
