time	accelx	accely	accelz
0.0000	0.7328	0.4002	9.6215
0.0100	0.7310	0.4122	9.6346
0.0200	0.7424	0.3942	9.6556
0.0300	0.7196	0.4146	9.6149
0.0400	0.7083	0.4116	9.5784
0.0500	0.6993	0.3942	9.6311
0.0600	0.7172	0.4002	9.6514
0.0700	0.7316	0.3894	9.6149
0.0800	0.7178	0.3852	9.6251
0.0900	0.7089	0.4062	9.6077
0.1000	0.7065	0.3912	9.5994
0.1100	0.7053	0.3679	9.6945
0.1200	0.7388	0.4026	9.6442
0.1300	0.7101	0.4050	9.6167
0.1400	0.7250	0.3924	9.6155
0.1500	0.7340	0.3978	9.6287
0.1600	0.7143	0.4169	9.6065
0.1700	0.7202	0.3811	9.6047
0.1800	0.7131	0.3876	9.5934
0.1900	0.7005	0.4002	9.6257
0.2000	0.7208	0.4098	9.6281
0.2100	0.7466	0.3852	9.6173
0.2200	0.7208	0.3840	9.6029
0.2300	0.7149	0.3846	9.6161
0.2400	0.7304	0.3978	9.6305
0.2500	0.7077	0.3691	9.6622
0.2600	0.7382	0.4002	9.6269
0.2700	0.7023	0.3984	9.6442
0.2800	0.7346	0.3787	9.6723
0.2900	0.7017	0.4050	9.6843
0.3000	0.7172	0.3978	9.6257
0.3100	0.7298	0.4026	9.6059
0.3200	0.7178	0.4229	9.6382
0.3300	0.7268	0.4122	9.6119
0.3400	0.7184	0.4044	9.6287
0.3500	0.7382	0.3864	9.6472
0.3600	0.7274	0.4026	9.6053
0.3700	0.7035	0.4056	9.5982
0.3800	0.7083	0.3954	9.5940
0.3900	0.7184	0.3799	9.5994
0.4000	0.7149	0.3805	9.6083
0.4100	0.7190	0.3894	9.6299
0.4200	0.7178	0.3882	9.6424
0.4300	0.7077	0.3942	9.6514
0.4400	0.6987	0.4008	9.6490
0.4500	0.7340	0.4086	9.6269
0.4600	0.7125	0.4056	9.6514
0.4700	0.6987	0.3948	9.6155
0.4800	0.7310	0.3972	9.6370
0.4900	0.7388	0.3864	9.6329
0.5000	0.6616	0.4008	9.6275
0.5100	0.7406	0.4181	9.5982
0.5200	0.7196	0.3966	9.6293
0.5300	0.6927	0.4038	9.5994
0.5400	0.6915	0.4098	9.5700
0.5500	0.7047	0.3948	9.6137
0.5600	0.7089	0.3787	9.6311
0.5700	0.7448	0.3924	9.6341
0.5800	0.7412	0.3930	9.5946
0.5900	0.7041	0.3858	9.5904
0.6000	0.7083	0.4068	9.6346
0.6100	0.7531	0.3667	9.6562
0.6200	0.7149	0.4146	9.6299
0.6300	0.7190	0.3936	9.6239
0.6400	0.7053	0.4229	9.5928
0.6500	0.7065	0.3888	9.6520
0.6600	0.7190	0.3858	9.6329
0.6700	0.7119	0.4080	9.6095
0.6800	0.7220	0.4026	9.6035
0.6900	0.7190	0.3924	9.6053
0.7000	0.7172	0.4080	9.6460
0.7100	0.7346	0.3793	9.6293
0.7200	0.7340	0.3888	9.6311
0.7300	0.7107	0.3966	9.6125
0.7400	0.7262	0.4104	9.6364
0.7500	0.7729	0.3834	9.6550
0.7600	0.7358	0.3811	9.6580
0.7700	0.7196	0.4032	9.7872
0.7800	0.7250	0.3924	9.6711
0.7900	0.7125	0.3972	9.6227
0.8000	0.7101	0.3751	9.6484
0.8100	0.7137	0.4068	9.6035
0.8200	0.7328	0.4014	9.6215
0.8300	0.7208	0.4080	9.5940
0.8400	0.7268	0.3876	9.6544
0.8500	0.7077	0.3679	9.6179
0.8600	0.6837	0.3876	9.5880
0.8700	0.7328	0.4104	9.6191
0.8800	0.7226	0.4020	9.5964
0.8900	0.7083	0.3948	9.6209
0.9000	0.7250	0.3954	9.6538
0.9100	0.7041	0.4080	9.6006
0.9200	0.7232	0.3960	9.6496
0.9300	0.7095	0.3990	9.6538
0.9400	0.7184	0.3930	9.6526
0.9500	0.7065	0.3984	9.7860
0.9600	0.7208	0.4002	9.6430
0.9700	0.7232	0.3936	9.6394
0.9800	0.7220	0.3745	9.6071
0.9900	0.7065	0.3918	9.6323
1.0000	0.7113	0.4002	9.5653
1.0100	0.7292	0.4074	9.6191
1.0200	0.7065	0.3840	9.6305
1.0300	0.7274	0.3781	9.5976
1.0400	0.7316	0.3870	9.6065
1.0500	0.7232	0.3990	9.5754
1.0600	0.7202	0.3846	9.6227
1.0700	0.7119	0.3954	9.6257
1.0800	0.7226	0.3936	9.5856
1.0900	0.7238	0.4062	9.6484
1.1000	0.7364	0.3918	9.6329
1.1100	0.7298	0.4020	9.6951
1.1200	0.7095	0.3846	9.6460
1.1300	0.7268	0.3846	9.6179
1.1400	0.7346	0.3846	9.6047
1.1500	0.7220	0.3834	9.6400
1.1600	0.7358	0.3912	9.6317
1.1700	0.7041	0.3894	9.6167
1.1800	0.7202	0.4122	9.6155
1.1900	0.7160	0.3954	9.6311
1.2000	0.7083	0.3984	9.6239
1.2100	0.7376	0.3834	9.6251
1.2200	0.6855	0.3948	9.6065
1.2300	0.7220	0.4116	9.5892
1.2400	0.7077	0.4050	9.6454
1.2500	0.7442	0.3769	9.6119
1.2600	0.7220	0.3990	9.6197
1.2700	0.7525	0.4074	9.6460
1.2800	0.7113	0.4062	9.6257
1.2900	0.6885	0.3924	9.6352
1.3000	0.7340	0.3960	9.6323
1.3100	0.7101	0.3799	9.6664
1.3200	0.7406	0.4002	9.6358
1.3300	0.7723	0.3709	9.6305
1.3400	0.7244	0.3924	9.6191
1.3500	0.7250	0.3942	9.5874
1.3600	0.7424	0.3960	9.6203
1.3700	0.7226	0.3870	9.6185
1.3800	0.7023	0.3978	9.6089
1.3900	0.6933	0.4152	9.5838
1.4000	0.7184	0.4086	9.5814
1.4100	0.7035	0.3960	9.6239
1.4200	0.7155	0.3966	9.6406
1.4300	0.7525	0.3912	9.6352
1.4400	0.7137	0.4008	9.6209
1.4500	0.7041	0.3894	9.6484
1.4600	0.7424	0.3852	9.6317
1.4700	0.7226	0.3817	9.6412
1.4800	0.7119	0.3858	9.6448
1.4900	0.7292	0.4116	9.6035
1.5000	0.7172	0.4044	9.6101
1.5100	0.7244	0.3894	9.6017
1.5200	0.7244	0.3918	9.6550
1.5300	0.7352	0.3924	9.6131
1.5400	0.7244	0.4223	9.6233
1.5500	0.7035	0.4128	9.6287
1.5600	0.7125	0.3805	9.6346
1.5700	0.7059	0.4080	9.6311
1.5800	0.7101	0.3924	9.6113
1.5900	0.7023	0.4080	9.6095
1.6000	0.7178	0.3942	9.6239
1.6100	0.7113	0.3972	9.6478
1.6200	0.7478	0.3823	9.6335
1.6300	0.7101	0.3894	9.5862
1.6400	0.7101	0.4134	9.5946
1.6500	0.7238	0.4110	9.6143
1.6600	0.7131	0.4056	9.6047
1.6700	0.7322	0.3972	9.6233
1.6800	0.7047	0.3954	9.6137
1.6900	0.7478	0.3733	9.6227
1.7000	0.7071	0.3840	9.6562
1.7100	0.7274	0.3781	9.6191
1.7200	0.7226	0.3894	9.6095
1.7300	0.7286	0.4152	9.5994
1.7400	0.7370	0.3996	9.6269
1.7500	0.7340	0.3924	9.6352
1.7600	0.7304	0.3930	9.5970
1.7700	0.7172	0.3966	9.6131
1.7800	0.6975	0.3858	9.6239
1.7900	0.7083	0.3852	9.6382
1.8000	0.7071	0.3960	9.6520
1.8100	0.7035	0.3870	9.6173
1.8200	0.7412	0.3751	9.5904
1.8300	0.7364	0.3805	9.6376
1.8400	0.7077	0.3846	9.6610
1.8500	0.7083	0.3631	9.6251
1.8600	0.7089	0.3625	9.6646
1.8700	0.6796	0.3924	9.6149
1.8800	0.7262	0.3894	9.6538
1.8900	0.7184	0.4116	9.6346
1.9000	0.6945	0.4038	9.6167
1.9100	0.7005	0.3954	9.6394
1.9200	0.7160	0.4086	9.7788
1.9300	0.7382	0.4008	9.6083
1.9400	0.6915	0.4008	9.6149
1.9500	0.7184	0.3894	9.6370
1.9600	0.7220	0.3924	9.6394
1.9700	0.7268	0.3984	9.6604
1.9800	0.7196	0.4134	9.6006
1.9900	0.7131	0.3984	9.6173
2.0000	0.6837	0.3888	9.6047
2.0100	0.7609	0.3912	9.6346
2.0200	0.7214	0.4098	9.6562
2.0300	0.7011	0.4008	9.6251
2.0400	0.7125	0.3942	9.6257
2.0500	0.7059	0.3870	9.6221
2.0600	0.7226	0.3870	9.6119
2.0700	0.6784	0.3852	9.6245
2.0800	0.7328	0.4146	9.6604
2.0900	0.7166	0.4080	9.6071
2.1000	0.7226	0.3817	9.6125
2.1100	0.7005	0.4241	9.6000
2.1200	0.7208	0.3864	9.6388
2.1300	0.7137	0.3984	9.6233
2.1400	0.7340	0.4032	9.5940
2.1500	0.7316	0.3805	9.6538
2.1600	0.7268	0.3924	9.6364
2.1700	0.7208	0.3900	9.5820
2.1800	0.6999	0.4104	9.6209
2.1900	0.7256	0.3924	9.6346
2.2000	0.7178	0.3954	9.6215
2.2100	0.7232	0.3888	9.6221
2.2200	0.7083	0.4259	9.6029
2.2300	0.6999	0.4044	9.6143
2.2400	0.7370	0.4002	9.5970
2.2500	0.6778	0.4032	9.6341
2.2600	0.7178	0.3990	9.6149
2.2700	0.7352	0.3828	9.5862
2.2800	0.6957	0.4068	9.6305
2.2900	0.7280	0.3858	9.6454
2.3000	0.7155	0.4122	9.5940
2.3100	0.7322	0.3990	9.6125
2.3200	0.7089	0.3996	9.6203
2.3300	0.7077	0.3876	9.5826
2.3400	0.7095	0.4002	9.6006
2.3500	0.7065	0.3960	9.6149
2.3600	0.7059	0.3846	9.6442
2.3700	0.6933	0.3948	9.5898
2.3800	0.7298	0.3817	9.6299
2.3900	0.7149	0.3900	9.6406
2.4000	0.7286	0.4074	9.6442
2.4100	0.6885	0.3876	9.6083
2.4200	0.7047	0.3888	9.6687
2.4300	0.6802	0.4074	9.6167
2.4400	0.7107	0.3894	9.6358
2.4500	0.7555	0.3948	9.6454
2.4600	0.7226	0.4008	9.6215
2.4700	0.7190	0.3811	9.6029
2.4800	0.7358	0.4140	9.5730
2.4900	0.7316	0.3960	9.6335
2.5000	0.7071	0.3823	9.6346
2.5100	0.7286	0.3906	9.6640
2.5200	0.6963	0.3996	9.5982
2.5300	0.7190	0.4032	9.6233
2.5400	0.7268	0.3948	9.6137
2.5500	0.6999	0.3811	9.6604
2.5600	0.7382	0.3799	9.6257
2.5700	0.6802	0.4020	9.6179
2.5800	0.6825	0.4152	9.6227
2.5900	0.7298	0.3990	9.6287
2.6000	0.7208	0.4050	9.6323
2.6100	0.7041	0.3954	9.6460
2.6200	0.6879	0.4277	9.5964
2.6300	0.7196	0.4026	9.5784
2.6400	0.7424	0.3930	9.6215
2.6500	0.7131	0.3978	9.5910
2.6600	0.7250	0.3787	9.6215
2.6700	0.7149	0.3864	9.6143
2.6800	0.7226	0.3823	9.6341
2.6900	0.7113	0.4163	9.6406
2.7000	0.7071	0.3799	9.5694
2.7100	0.7149	0.3739	9.6341
2.7200	0.7304	0.3984	9.6311
2.7300	0.7316	0.3876	9.6765
2.7400	0.7101	0.3972	9.6209
2.7500	0.7280	0.4080	9.6251
2.7600	0.7202	0.4020	9.6269
2.7700	0.7256	0.3942	9.6293
2.7800	0.7131	0.4050	9.6047
2.7900	0.7244	0.3846	9.5922
2.8000	0.6879	0.3823	9.5647
2.8100	0.7208	0.3912	9.6388
2.8200	0.7220	0.3805	9.6101
2.8300	0.7328	0.3924	9.6143
2.8400	0.7160	0.4092	9.5742
2.8500	0.7310	0.4056	9.6293
2.8600	0.7238	0.4175	9.6532
2.8700	0.6903	0.3948	9.6305
2.8800	0.7041	0.3876	9.6586
2.8900	0.7131	0.4014	9.6305
2.9000	0.6897	0.3900	9.6335
2.9100	0.7513	0.4050	9.6813
2.9200	0.7172	0.3954	9.6586
2.9300	0.7137	0.4038	9.6143
2.9400	0.7382	0.3876	9.6723
2.9500	0.7065	0.3846	9.6358
2.9600	0.7214	0.4056	9.6472
2.9700	0.7047	0.3894	9.6065
2.9800	0.7095	0.3876	9.6191
2.9900	0.7202	0.3805	9.6568
3.0000	0.7244	0.3823	9.6131
3.0100	0.6909	0.3942	9.5976
3.0200	0.6479	0.3984	9.5700
3.0300	0.6987	0.4116	9.6281
3.0400	0.7214	0.3739	9.6161
3.0500	0.7364	0.3870	9.6568
3.0600	0.7364	0.4086	9.6305
3.0700	0.7280	0.4074	9.7663
3.0800	0.7131	0.3942	9.6227
3.0900	0.7442	0.3900	9.6795
3.1000	0.7065	0.4128	9.6287
3.1100	0.7059	0.4056	9.6149
3.1200	0.7232	0.3727	9.6101
3.1300	0.7310	0.3876	9.6436
3.1400	0.7214	0.3978	9.6227
3.1500	0.7316	0.3852	9.5988
3.1600	0.7125	0.3870	9.5916
3.1700	0.7370	0.4050	9.6448
3.1800	0.7340	0.3888	9.6095
3.1900	0.7166	0.3942	9.5916
3.2000	0.7178	0.4104	9.6454
3.2100	0.7214	0.3918	9.6137
3.2200	0.7071	0.4032	9.6023
3.2300	0.7436	0.3894	9.6484
3.2400	0.7041	0.3996	9.6317
3.2500	0.7155	0.4020	9.6418
3.2600	0.7214	0.3972	9.5862
3.2700	0.7747	0.3793	9.6640
3.2800	0.7035	0.4146	9.6047
3.2900	0.7322	0.3870	9.6364
3.3000	0.6945	0.3954	9.6113
3.3100	0.7232	0.4062	9.6646
3.3200	0.7262	0.3948	9.7746
3.3300	0.7274	0.4002	9.6191
3.3400	0.6849	0.4187	9.5874
3.3500	0.7101	0.4146	9.6460
3.3600	0.7196	0.3990	9.6131
3.3700	0.7238	0.4140	9.6418
3.3800	0.7316	0.3906	9.6496
3.3900	0.7310	0.3817	9.5910
3.4000	0.7137	0.4026	9.6693
3.4100	0.7053	0.3990	9.6012
3.4200	0.7172	0.3781	9.6197
3.4300	0.7005	0.3846	9.6173
3.4400	0.7322	0.3990	9.6466
3.4500	0.7585	0.3834	9.6167
3.4600	0.7250	0.4074	9.6610
3.4700	0.7406	0.3787	9.6215
3.4800	0.7011	0.3996	9.5904
3.4900	0.7077	0.3936	9.6227
3.5000	0.7262	0.3787	9.7663
3.5100	0.7190	0.3858	9.6257
3.5200	0.6610	0.3930	9.6191
3.5300	0.7268	0.3912	9.6143
3.5400	0.7202	0.4187	9.6580
3.5500	0.7292	0.4134	9.5964
3.5600	0.7400	0.4158	9.6053
3.5700	0.7190	0.4038	9.6179
3.5800	0.7274	0.3972	9.6227
3.5900	0.7478	0.3793	9.6119
3.6000	0.7364	0.3966	9.6095
3.6100	0.7071	0.4086	9.6065
3.6200	0.7184	0.3757	9.6047
3.6300	0.7597	0.4008	9.6424
3.6400	0.6909	0.3793	9.6346
3.6500	0.7406	0.3936	9.6059
3.6600	0.7208	0.3990	9.6209
3.6700	0.7190	0.4259	9.6077
3.6800	0.7244	0.3679	9.6251
3.6900	0.7089	0.3990	9.6394
3.7000	0.7053	0.3739	9.6311
3.7100	0.7089	0.3870	9.6083
3.7200	0.6969	0.4002	9.6155
3.7300	0.7418	0.3781	9.6215
3.7400	0.7448	0.3990	9.6568
3.7500	0.7065	0.3996	9.6819
3.7600	0.7226	0.3948	9.6119
3.7700	0.7436	0.3978	9.5958
3.7800	0.7005	0.4122	9.6263
3.7900	0.7190	0.3978	9.6263
3.8000	0.7280	0.3840	9.5916
3.8100	0.7131	0.3763	9.6412
3.8200	0.7149	0.3864	9.6149
3.8300	0.7149	0.3948	9.6269
3.8400	0.7047	0.3972	9.6400
3.8500	0.7190	0.3864	9.6568
3.8600	0.7310	0.3751	9.6203
3.8700	0.7292	0.4361	9.6143
3.8800	0.7125	0.3936	9.6233
3.8900	0.7149	0.4020	9.6233
3.9000	0.7328	0.4086	9.6137
3.9100	0.7202	0.3924	9.6269
3.9200	0.7244	0.3948	9.6418
3.9300	0.7220	0.4038	9.6149
3.9400	0.7292	0.4152	9.6215
3.9500	0.7334	0.4038	9.6215
3.9600	0.7095	0.3799	9.6418
3.9700	0.7178	0.3876	9.6346
3.9800	0.7101	0.3888	9.6275
3.9900	0.7412	0.4014	9.6083
4.0000	0.7184	0.3972	9.6466
4.0100	0.6957	0.4008	9.6065
4.0200	0.7166	0.3769	9.6077
4.0300	0.7160	0.3936	9.6263
4.0400	0.7232	0.3817	9.6388
4.0500	0.7412	0.3978	9.6095
4.0600	0.6939	0.3906	9.6137
4.0700	0.7274	0.3894	9.6370
4.0800	0.7178	0.3799	9.6275
4.0900	0.7160	0.3954	9.6382
4.1000	0.7448	0.4014	9.6077
4.1100	0.7071	0.4008	9.6442
4.1200	0.7196	0.3793	9.6514
4.1300	0.7519	0.3793	9.6311
4.1400	0.7304	0.4074	9.6442
4.1500	0.7035	0.3852	9.6191
4.1600	0.7083	0.4134	9.6191
4.1700	0.7113	0.4038	9.5946
4.1800	0.7149	0.3739	9.6341
4.1900	0.6933	0.4050	9.6006
4.2000	0.7005	0.3972	9.6155
4.2100	0.7119	0.4193	9.6167
4.2200	0.7358	0.4158	9.6143
4.2300	0.7310	0.4098	9.6424
4.2400	0.7113	0.4008	9.6077
4.2500	0.7053	0.3972	9.5736
4.2600	0.6891	0.3643	9.6191
4.2700	0.7358	0.4002	9.6341
4.2800	0.6969	0.3888	9.6173
4.2900	0.6825	0.3912	9.6101
4.3000	0.7178	0.3990	9.6287
4.3100	0.7328	0.3954	9.6580
4.3200	0.6993	0.4056	9.6436
4.3300	0.7166	0.3930	9.6215
4.3400	0.7077	0.3912	9.6765
4.3500	0.7466	0.3954	9.6311
4.3600	0.7196	0.3876	9.6580
4.3700	0.7053	0.3990	9.6101
4.3800	0.6945	0.4032	9.6335
4.3900	0.7113	0.3924	9.6083
4.4000	0.6897	0.4080	9.6317
4.4100	0.7017	0.3882	9.6161
4.4200	0.7143	0.3990	9.6047
4.4300	0.7220	0.3912	9.6083
4.4400	0.7113	0.3966	9.6161
4.4500	0.7316	0.3715	9.6191
4.4600	0.7166	0.4044	9.6029
4.4700	0.7340	0.3876	9.6137
4.4800	0.7292	0.4002	9.5784
4.4900	0.7160	0.4038	9.6436
4.5000	0.7101	0.3870	9.6442
4.5100	0.7107	0.3978	9.6233
4.5200	0.7388	0.3840	9.6430
4.5300	0.7382	0.3942	9.6520
4.5400	0.6987	0.4140	9.6215
4.5500	0.7047	0.3811	9.6364
4.5600	0.6987	0.4211	9.6622
4.5700	0.7184	0.3882	9.6155
4.5800	0.7304	0.4056	9.6335
4.5900	0.7262	0.3864	9.5886
4.6000	0.7184	0.4217	9.5970
4.6100	0.7166	0.3942	9.6341
4.6200	0.7071	0.4014	9.6329
4.6300	0.7071	0.3924	9.6520
4.6400	0.7125	0.3948	9.6628
4.6500	0.7232	0.3757	9.6119
4.6600	0.7119	0.4008	9.6370
4.6700	0.7256	0.3972	9.6394
4.6800	0.7382	0.3840	9.6424
4.6900	0.7244	0.3888	9.6209
4.7000	0.7286	0.4020	9.6095
4.7100	0.7220	0.3912	9.6341
4.7200	0.7304	0.3906	9.6305
4.7300	0.7190	0.4056	9.6203
4.7400	0.7190	0.4122	9.5862
4.7500	0.7005	0.4014	9.5916
4.7600	0.7226	0.3864	9.7914
4.7700	0.7370	0.3787	9.5886
4.7800	0.7489	0.3840	9.6628
4.7900	0.6939	0.3858	9.6544
4.8000	0.7011	0.4002	9.6131
4.8100	0.6933	0.4098	9.6317
4.8200	0.7262	0.4026	9.6634
4.8300	0.7250	0.4056	9.7704
4.8400	0.7089	0.4325	9.6388
4.8500	0.7280	0.3805	9.6472
4.8600	0.7119	0.3948	9.5976
4.8700	0.7172	0.3876	9.6263
4.8800	0.7029	0.4104	9.5976
4.8900	0.7298	0.4002	9.6412
4.9000	0.7298	0.3864	9.6329
4.9100	0.6897	0.3930	9.5886
4.9200	0.7107	0.4289	9.6520
4.9300	0.7035	0.3930	9.6203
4.9400	0.7220	0.3900	9.6161
4.9500	0.7226	0.4050	9.6191
4.9600	0.7220	0.3996	9.6550
4.9700	0.7005	0.4008	9.6089
4.9800	0.7059	0.4104	9.6550
4.9900	0.6981	0.3990	9.6269
5.0000	0.7286	0.3828	9.6729
5.0100	0.7352	0.3912	9.7836
5.0200	0.7310	0.3954	9.6155
5.0300	0.7196	0.3870	9.6496
5.0400	0.7472	0.3811	9.6131
5.0500	0.7244	0.3990	9.6000
5.0600	0.7292	0.4104	9.6149
5.0700	0.7238	0.3972	9.6077
5.0800	0.7178	0.3984	9.5916
5.0900	0.7382	0.3990	9.6311
5.1000	0.7143	0.3864	9.5916
5.1100	0.7011	0.3846	9.6059
5.1200	0.7346	0.3864	9.6251
5.1300	0.7418	0.4020	9.6305
5.1400	0.7137	0.3990	9.6346
5.1500	0.7298	0.4104	9.6646
5.1600	0.7316	0.3858	9.6329
5.1700	0.7286	0.3805	9.6711
5.1800	0.7113	0.4038	9.6442
5.1900	0.7166	0.4175	9.6155
5.2000	0.7310	0.4122	9.6329
5.2100	0.7621	0.3954	9.6711
5.2200	0.7101	0.3924	9.6364
5.2300	0.7304	0.3972	9.5904
5.2400	0.7041	0.3978	9.6239
5.2500	0.7101	0.4038	9.6155
5.2600	0.7364	0.3823	9.6227
5.2700	0.7298	0.3751	9.6185
5.2800	0.6963	0.3966	9.5856
5.2900	0.7190	0.4032	9.5904
5.3000	0.7310	0.4074	9.7770
5.3100	0.7412	0.3924	9.6664
5.3200	0.7065	0.3817	9.6687
5.3300	0.7137	0.4068	9.5934
5.3400	0.6879	0.3948	9.6299
5.3500	0.7125	0.4008	9.5844
5.3600	0.7202	0.4068	9.6233
5.3700	0.7065	0.3799	9.6239
5.3800	0.7358	0.4074	9.6245
5.3900	0.7113	0.4187	9.5910
5.4000	0.7202	0.3942	9.6311
5.4100	0.6903	0.3918	9.5880
5.4200	0.7304	0.3894	9.6221
5.4300	0.7125	0.3906	9.6263
5.4400	0.7017	0.3912	9.7615
5.4500	0.6885	0.3906	9.6287
5.4600	0.7029	0.3894	9.6346
5.4700	0.7119	0.3852	9.6490
5.4800	0.7232	0.3924	9.6693
5.4900	0.6885	0.4098	9.6364
5.5000	0.6945	0.4199	9.6107
5.5100	0.7131	0.3721	9.6376
5.5200	0.6879	0.3852	9.6508
5.5300	0.7633	0.3745	9.6245
5.5400	0.7149	0.3978	9.6089
5.5500	0.7178	0.3858	9.6113
5.5600	0.7226	0.4068	9.6263
5.5700	0.7280	0.3751	9.6113
5.5800	0.7178	0.4044	9.6472
5.5900	0.7190	0.3984	9.6370
5.6000	0.7083	0.3811	9.6341
5.6100	0.7065	0.3966	9.6095
5.6200	0.7202	0.3781	9.6251
5.6300	0.7041	0.4146	9.6406
5.6400	0.7005	0.4122	9.6209
5.6500	0.7256	0.3817	9.6478
5.6600	0.7262	0.3930	9.6281
5.6700	0.7065	0.4140	9.6215
5.6800	0.7143	0.4038	9.6323
5.6900	0.6909	0.3858	9.6640
5.7000	0.7053	0.4193	9.6221
5.7100	0.7226	0.4026	9.6418
5.7200	0.7184	0.3912	9.6311
5.7300	0.7232	0.3984	9.6299
5.7400	0.7190	0.3805	9.6317
5.7500	0.7214	0.3978	9.6568
5.7600	0.7155	0.4044	9.6083
5.7700	0.7226	0.3978	9.6442
5.7800	0.6981	0.3840	9.6000
5.7900	0.6957	0.4175	9.6346
5.8000	0.7256	0.3894	9.6329
5.8100	0.7101	0.4235	9.6418
5.8200	0.7131	0.3948	9.6376
5.8300	0.7310	0.3882	9.6454
5.8400	0.7256	0.3936	9.6502
5.8500	0.7460	0.3882	9.6921
5.8600	0.6987	0.3870	9.6376
5.8700	0.7143	0.3888	9.6179
5.8800	0.7208	0.3858	9.6484
5.8900	0.7196	0.4098	9.6185
5.9000	0.7143	0.3930	9.6478
5.9100	0.7160	0.3769	9.6311
5.9200	0.7484	0.3996	9.6855
5.9300	0.7023	0.3858	9.6185
5.9400	0.7113	0.3876	9.6382
5.9500	0.6963	0.4044	9.6209
5.9600	0.7005	0.3828	9.6358
5.9700	0.7232	0.3823	9.6598
5.9800	0.7035	0.3966	9.6329
5.9900	0.7238	0.4074	9.5916
6.0000	0.7286	0.3793	9.5892
6.0100	0.7077	0.3966	9.6472
6.0200	0.7376	0.4158	9.6430
6.0300	0.7119	0.3846	9.6508
6.0400	0.7352	0.4122	9.6161
6.0500	0.6969	0.4068	9.6000
6.0600	0.6993	0.4098	9.6089
6.0700	0.7412	0.3906	9.6191
6.0800	0.7382	0.3823	9.6472
6.0900	0.6748	0.4014	9.6203
6.1000	0.7125	0.4032	9.6299
6.1100	0.7298	0.3870	9.6406
6.1200	0.7166	0.3930	9.5976
6.1300	0.7149	0.3763	9.6227
6.1400	0.6963	0.4032	9.5976
6.1500	0.7298	0.3990	9.6065
6.1600	0.7071	0.3984	9.6604
6.1700	0.7256	0.4140	9.6281
6.1800	0.7244	0.3984	9.6580
6.1900	0.7214	0.4211	9.6346
6.2000	0.7214	0.3924	9.6239
6.2100	0.7382	0.3823	9.6352
6.2200	0.7178	0.4020	9.6670
6.2300	0.7220	0.3960	9.6394
6.2400	0.7202	0.3918	9.6131
6.2500	0.7119	0.3679	9.6101
6.2600	0.7011	0.4104	9.6221
6.2700	0.7089	0.3972	9.6185
6.2800	0.7256	0.4122	9.6640
6.2900	0.7149	0.4169	9.5467
6.3000	0.7262	0.4116	9.6436
6.3100	0.7184	0.4098	9.6221
6.3200	0.6754	0.4062	9.6233
6.3301	0.6927	0.4062	9.6257
6.3401	0.7065	0.3936	9.6245
6.3501	0.7160	0.4086	9.6143
6.3601	0.7238	0.3978	9.6107
6.3701	0.7310	0.3942	9.6197
6.3801	0.7155	0.3948	9.6215
6.3901	0.7334	0.3978	9.5808
6.4001	0.7071	0.3948	9.6113
6.4101	0.7107	0.4098	9.6245
6.4201	0.7196	0.3972	9.6245
6.4301	0.7340	0.3984	9.6143
6.4401	0.7143	0.3948	9.6376
6.4501	0.7208	0.3870	9.6693
6.4601	0.7394	0.3751	9.6658
6.4701	0.7208	0.4062	9.6287
6.4801	0.7340	0.4008	9.6436
6.4901	0.7178	0.4056	9.6149
6.5001	0.7029	0.3948	9.5856
6.5101	0.7238	0.3900	9.6233
6.5201	0.7220	0.3918	9.6358
6.5301	0.6981	0.3846	9.6017
6.5401	0.7113	0.4062	9.5688
6.5501	0.7292	0.3978	9.6197
6.5601	0.7448	0.4128	9.6364
6.5701	0.7489	0.3930	9.6472
6.5801	0.7053	0.4020	9.6149
6.5901	0.6999	0.3888	9.6293
6.6001	0.7328	0.3828	9.6640
6.6101	0.7328	0.3954	9.6825
6.6201	0.7047	0.4032	9.6616
6.6301	0.7448	0.3840	9.6107
6.6401	0.7184	0.4187	9.5832
6.6501	0.7053	0.4062	9.6376
6.6601	0.7196	0.4056	9.6143
6.6701	0.7220	0.4032	9.6514
6.6801	0.6526	0.3996	9.6131
6.6901	0.7023	0.3900	9.6311
6.7001	0.7137	0.3966	9.6125
6.7101	0.7256	0.3900	9.6227
6.7201	0.7053	0.3888	9.6023
6.7301	0.7166	0.3942	9.6550
6.7401	0.7011	0.4020	9.6227
6.7501	0.7172	0.4002	9.6095
6.7601	0.7220	0.4014	9.6436
6.7701	0.7029	0.3924	9.6281
6.7801	0.7214	0.4110	9.6364
6.7901	0.7376	0.3745	9.6891
6.8001	0.7035	0.3888	9.6257
6.8101	0.7101	0.3858	9.6376
6.8201	0.6957	0.4163	9.6035
6.8301	0.7232	0.3990	9.6101
6.8401	0.7184	0.3954	9.6053
6.8501	0.7035	0.3852	9.5868
6.8601	0.6820	0.3906	9.5748
6.8701	0.7352	0.4044	9.6346
6.8801	0.7155	0.3751	9.7854
6.8901	0.7077	0.3655	9.6346
6.9001	0.7083	0.3984	9.5892
6.9101	0.7286	0.3984	9.6023
6.9201	0.7017	0.4056	9.6508
6.9301	0.7244	0.3864	9.6293
6.9401	0.7178	0.3775	9.6221
6.9501	0.7035	0.3739	9.6167
6.9601	0.6909	0.3930	9.6556
6.9701	0.7292	0.3996	9.6681
6.9801	0.7166	0.4098	9.6568
6.9901	0.7298	0.4008	9.6155
7.0001	0.7430	0.4026	9.6113
7.0101	0.7346	0.4092	9.6281
7.0201	0.6987	0.4026	9.6041
7.0301	0.7286	0.3876	9.6311
7.0401	0.7017	0.4062	9.6017
7.0501	0.7226	0.3846	9.5838
7.0601	0.7107	0.3906	9.6364
7.0701	0.6915	0.3942	9.6125
7.0801	0.6885	0.4056	9.6107
7.0901	0.7286	0.3894	9.6388
7.1001	0.7358	0.4128	9.6406
7.1101	0.7190	0.4074	9.6448
7.1201	0.7160	0.3984	9.6149
7.1301	0.7262	0.4008	9.6424
7.1401	0.7232	0.4169	9.6335
7.1501	0.7244	0.3787	9.6843
7.1601	0.7065	0.4020	9.6029
7.1701	0.7238	0.4163	9.6197
7.1801	0.7232	0.3912	9.6065
7.1901	0.7143	0.3948	9.6101
7.2001	0.7268	0.4026	9.6281
7.2101	0.7226	0.3846	9.6311
7.2201	0.6784	0.3996	9.6203
7.2301	0.7172	0.4247	9.6041
7.2401	0.7196	0.3840	9.6173
7.2501	0.7131	0.4020	9.6490
7.2601	0.7268	0.3924	9.6520
7.2701	0.7065	0.4092	9.6430
7.2801	0.7059	0.3936	9.6299
7.2901	0.7406	0.4008	9.6496
7.3001	0.7244	0.4020	9.6113
7.3101	0.7232	0.3972	9.6287
7.3201	0.7298	0.3972	9.6077
7.3301	0.7388	0.3882	9.6448
7.3401	0.7107	0.3954	9.5880
7.3501	0.7418	0.3978	9.6023
7.3601	0.7143	0.4110	9.6185
7.3701	0.7047	0.4211	9.5946
7.3801	0.7292	0.3942	9.6711
7.3901	0.6945	0.3906	9.6472
7.4001	0.7047	0.3906	9.5934
7.4101	0.7214	0.3858	9.6107
7.4201	0.7095	0.4002	9.6442
7.4301	0.6891	0.3894	9.6047
7.4401	0.7125	0.4146	9.6137
7.4501	0.7017	0.4050	9.6538
7.4601	0.7454	0.4020	9.6245
7.4701	0.7478	0.4092	9.6370
7.4801	0.7107	0.3775	9.6215
7.4901	0.7208	0.4014	9.6041
7.5001	0.7190	0.3996	9.6131
7.5101	0.7340	0.3912	9.6496
7.5201	0.7089	0.4044	9.6065
7.5301	0.7083	0.3936	9.6191
7.5401	0.7202	0.3781	9.6484
7.5501	0.7238	0.4163	9.6287
7.5601	0.7083	0.4259	9.6436
7.5701	0.7107	0.4146	9.6346
7.5801	0.7334	0.3960	9.6382
7.5901	0.7190	0.3882	9.6161
7.6001	0.7412	0.4134	9.6418
7.6101	0.7083	0.3990	9.6418
7.6201	0.6981	0.4074	9.6227
7.6301	0.7214	0.4002	9.6197
7.6401	0.7101	0.3852	9.6257
7.6501	0.7316	0.3960	9.6532
7.6601	0.7280	0.3966	9.6101
7.6701	0.7238	0.3978	9.6029
7.6801	0.7166	0.3870	9.6077
7.6901	0.7005	0.3966	9.6311
7.7001	0.6975	0.4062	9.6257
7.7101	0.7370	0.3876	9.6245
7.7201	0.7113	0.4002	9.6053
7.7301	0.7101	0.3625	9.6191
7.7401	0.7472	0.3954	9.6215
7.7501	0.6945	0.3906	9.6448
7.7601	0.7292	0.3966	9.6263
7.7701	0.7077	0.4062	9.6311
7.7801	0.7340	0.3960	9.6263
7.7901	0.7220	0.4056	9.6394
7.8001	0.6861	0.3978	9.6263
7.8101	0.7101	0.3924	9.6412
7.8201	0.7376	0.3984	9.6143
7.8301	0.7178	0.4104	9.6161
7.8401	0.7143	0.3715	9.5820
7.8501	0.7214	0.4032	9.6245
7.8601	0.7137	0.3709	9.6161
7.8701	0.6969	0.4002	9.5994
7.8801	0.7328	0.3930	9.6203
7.8901	0.6987	0.3918	9.6143
7.9001	0.6933	0.4223	9.6041
7.9101	0.6981	0.3799	9.6323
7.9201	0.6981	0.4044	9.6197
7.9301	0.7035	0.4116	9.5892
7.9401	0.7286	0.4044	9.5527
7.9501	0.7065	0.4235	9.6167
7.9601	0.7256	0.4020	9.6281
7.9701	0.7149	0.3966	9.6161
7.9801	0.7071	0.3799	9.6394
7.9901	0.7274	0.3846	9.6167
8.0001	0.7442	0.4068	9.6263
8.0101	0.7370	0.3757	9.6885
8.0201	0.7077	0.3715	9.6352
8.0301	0.7262	0.3763	9.6233
8.0401	0.7143	0.3757	9.6077
8.0501	0.7376	0.3828	9.6400
8.0601	0.7089	0.3852	9.5988
8.0701	0.6993	0.3912	9.6245
8.0801	0.7125	0.4050	9.6041
8.0901	0.7190	0.4134	9.6346
8.1001	0.6945	0.3823	9.6107
8.1101	0.7298	0.3930	9.6257
8.1201	0.6975	0.3954	9.6281
8.1301	0.7166	0.3769	9.6406
8.1401	0.7328	0.3966	9.6227
8.1501	0.7089	0.4181	9.5952
8.1601	0.7172	0.4187	9.6323
8.1701	0.6861	0.3918	9.6472
8.1801	0.7077	0.3840	9.6424
8.1901	0.7005	0.3900	9.6616
8.2001	0.7178	0.3942	9.6101
8.2101	0.7041	0.3840	9.6215
8.2201	0.7268	0.4062	9.6580
8.2301	0.6957	0.3828	9.6448
8.2401	0.7340	0.4038	9.6059
8.2501	0.7035	0.3972	9.6197
8.2601	0.7059	0.4104	9.6191
8.2701	0.7256	0.4104	9.5946
8.2801	0.7310	0.4032	9.6167
8.2901	0.7220	0.3894	9.6532
8.3001	0.7220	0.4169	9.6023
8.3101	0.7196	0.3960	9.6203
8.3201	0.7268	0.3960	9.6335
8.3301	0.7340	0.3984	9.6795
8.3401	0.7537	0.3960	9.6550
8.3501	0.6891	0.3972	9.6400
8.3601	0.7232	0.3948	9.6119
8.3701	0.6987	0.3763	9.7005
8.3801	0.7346	0.3864	9.6341
8.3901	0.6993	0.3864	9.6107
8.4001	0.7454	0.3936	9.6843
8.4101	0.7262	0.4002	9.6358
8.4201	0.7095	0.3834	9.6640
8.4301	0.6945	0.3990	9.6364
8.4401	0.6939	0.4211	9.6083
8.4501	0.7292	0.3828	9.6460
8.4601	0.7214	0.3906	9.6382
8.4701	0.7011	0.4014	9.5874
8.4801	0.6909	0.4146	9.6209
8.4901	0.7131	0.3924	9.5874
8.5001	0.6969	0.4014	9.6670
8.5101	0.7226	0.3846	9.6221
8.5201	0.7077	0.3948	9.6299
8.5301	0.6999	0.4032	9.7746
8.5401	0.7334	0.3990	9.6293
8.5501	0.7166	0.3942	9.6227
8.5601	0.7155	0.4062	9.6640
8.5701	0.7513	0.4014	9.6508
8.5801	0.7107	0.4032	9.6478
8.5901	0.7125	0.4086	9.5910
8.6001	0.7256	0.3960	9.6317
8.6101	0.7053	0.4002	9.6131
8.6201	0.6640	0.4092	9.5712
8.6301	0.7190	0.4032	9.5982
8.6401	0.7214	0.3763	9.5952
8.6501	0.7119	0.3924	9.5994
8.6601	0.6933	0.4032	9.5593
8.6701	0.7065	0.4175	9.6287
8.6801	0.7196	0.3912	9.6203
8.6901	0.7286	0.3984	9.6179
8.7001	0.7328	0.4223	9.5934
8.7101	0.7298	0.3757	9.6251
8.7201	0.7286	0.3900	9.6400
8.7301	0.7645	0.3918	9.6478
8.7401	0.7160	0.4026	9.6071
8.7501	0.7065	0.3918	9.6107
8.7601	0.7160	0.3888	9.6652
8.7701	0.7376	0.4026	9.6323
8.7801	0.7280	0.3924	9.5832
8.7901	0.7280	0.4140	9.6436
8.8001	0.7143	0.3888	9.5910
8.8101	0.7160	0.3727	9.6071
8.8201	0.7250	0.4163	9.6305
8.8301	0.7507	0.3906	9.6131
8.8401	0.7274	0.3942	9.6538
8.8501	0.7190	0.4062	9.5988
8.8601	0.7155	0.3721	9.6173
8.8701	0.7166	0.3840	9.6430
8.8801	0.7190	0.3990	9.6717
8.8901	0.7310	0.3966	9.7998
8.9001	0.7119	0.4169	9.6544
8.9101	0.7418	0.3996	9.6520
8.9201	0.7430	0.4098	9.6771
8.9301	0.7071	0.4074	9.6323
8.9401	0.7489	0.3811	9.6029
8.9501	0.7107	0.3912	9.5838
8.9601	0.7262	0.4032	9.6747
8.9701	0.7250	0.3954	9.6179
8.9801	0.7507	0.3984	9.6179
8.9901	0.6951	0.3972	9.6143
9.0001	0.7095	0.3972	9.6311
9.0101	0.7023	0.3954	9.6077
9.0201	0.6820	0.3906	9.6233
9.0301	0.7166	0.4020	9.5940
9.0401	0.7244	0.3966	9.6191
9.0501	0.7513	0.4020	9.6335
9.0601	0.7274	0.3811	9.6406
9.0701	0.7268	0.3894	9.4953
9.0801	0.7107	0.3978	9.6149
9.0901	0.7376	0.3900	9.6670
9.1001	0.7071	0.3811	9.6245
9.1101	0.7196	0.3990	9.6466
9.1201	0.7466	0.3817	9.6478
9.1301	0.7196	0.4062	9.6370
9.1401	0.7113	0.4068	9.6472
9.1501	0.7155	0.3960	9.6185
9.1601	0.7292	0.3781	9.6047
9.1701	0.7334	0.3870	9.6454
9.1801	0.7262	0.3960	9.7878
9.1901	0.7149	0.4181	9.6382
9.2001	0.7280	0.3625	9.6693
9.2101	0.7424	0.3864	9.5988
9.2201	0.7125	0.3918	9.6598
9.2301	0.7352	0.3936	9.6370
9.2401	0.7047	0.3972	9.6179
9.2501	0.7280	0.3793	9.6412
9.2601	0.7131	0.3697	9.5976
9.2701	0.7376	0.3900	9.6777
9.2801	0.7137	0.3924	9.6299
9.2901	0.7143	0.4146	9.6556
9.3001	0.6987	0.4002	9.6012
9.3101	0.7220	0.4008	9.6442
9.3201	0.7089	0.3858	9.6263
9.3301	0.6766	0.4062	9.6221
9.3401	0.7214	0.3918	9.6317
9.3501	0.7172	0.3607	9.6047
9.3601	0.7107	0.3960	9.6388
9.3701	0.6831	0.3828	9.6113
9.3801	0.7005	0.4056	9.6370
9.3901	0.7286	0.3912	9.6813
9.4001	0.7232	0.3912	9.6472
9.4101	0.6951	0.3960	9.5946
9.4201	0.7220	0.3918	9.6311
9.4301	0.7190	0.3966	9.6047
9.4401	0.7238	0.4032	9.6610
9.4501	0.7304	0.4068	9.6185
9.4601	0.6987	0.3739	9.6251
9.4701	0.7382	0.4008	9.6125
9.4801	0.7280	0.3876	9.6460
9.4901	0.7196	0.3811	9.6436
9.5001	0.7388	0.4056	9.6167
9.5101	0.7125	0.4056	9.6382
9.5201	0.7029	0.4104	9.6574
9.5301	0.7095	0.3990	9.6167
9.5401	0.7041	0.3918	9.6550
9.5501	0.7214	0.3942	9.6029
9.5601	0.7131	0.3900	9.6233
9.5701	0.7202	0.3888	9.6311
9.5801	0.7035	0.4128	9.6460
9.5901	0.7226	0.3948	9.6442
9.6001	0.7184	0.4032	9.6370
9.6101	0.7107	0.4008	9.6161
9.6201	0.7304	0.4032	9.6239
9.6301	0.7430	0.3858	9.6095
9.6401	0.7334	0.4002	9.6209
9.6501	0.7029	0.3805	9.6376
9.6601	0.6999	0.4008	9.6269
9.6701	0.7268	0.4122	9.6017
9.6801	0.7155	0.4002	9.6335
9.6901	0.6999	0.4050	9.6143
9.7001	0.6825	0.4211	9.6221
9.7101	0.7190	0.3936	9.5964
9.7201	0.7166	0.3966	9.6418
9.7301	0.7268	0.3936	9.6053
9.7401	0.7178	0.3966	9.5826
9.7501	0.7071	0.3781	9.6251
9.7601	0.7304	0.3984	9.6209
9.7701	0.7495	0.3870	9.6538
9.7801	0.7220	0.3960	9.6412
9.7901	0.7041	0.3996	9.6035
9.8001	0.7113	0.3715	9.6358
9.8101	0.6993	0.3858	9.5946
9.8201	0.7143	0.4044	9.6478
9.8301	0.7226	0.3924	9.6167
9.8401	0.6945	0.4038	9.6017
9.8501	0.7346	0.4235	9.5988
9.8601	0.7178	0.3828	9.6364
9.8701	0.7232	0.4038	9.6257
9.8801	0.7160	0.4146	9.6065
9.8901	0.7232	0.3846	9.6281
9.9001	0.7131	0.3960	9.6245
9.9101	0.7119	0.3882	9.6173
9.9201	0.7202	0.3990	9.6311
9.9301	0.6969	0.4116	9.6006
9.9401	0.7358	0.4128	9.6000
9.9501	0.7250	0.3787	9.6873
9.9601	0.7065	0.4104	9.6245
9.9701	0.7232	0.3888	9.6293
9.9801	0.7573	0.3787	9.6693
9.9901	0.7107	0.3900	9.6137
10.0001	0.7352	0.3751	9.6484
10.0101	0.7238	0.3978	9.6077
10.0201	0.7101	0.4026	9.5982
10.0301	0.7298	0.3912	9.6424
10.0401	0.7304	0.3978	9.6035
10.0501	0.7286	0.4110	9.6484
10.0601	0.7304	0.3972	9.6245
10.0701	0.7256	0.4032	9.6323
10.0801	0.7424	0.4110	9.6317
10.0901	0.6969	0.4056	9.5766
10.1001	0.7005	0.4158	9.5706
10.1101	0.7250	0.4062	9.6035
10.1201	0.7268	0.4038	9.6478
10.1301	0.7466	0.3805	9.6358
10.1401	0.7286	0.3870	9.6257
10.1501	0.7286	0.3817	9.6370
10.1601	0.7155	0.4038	9.6173
10.1701	0.7262	0.4044	9.6305
10.1801	0.7346	0.4175	9.6269
10.1901	0.7250	0.3972	9.6394
10.2001	0.7262	0.4002	9.5802
10.2101	0.7101	0.3990	9.5994
10.2201	0.7184	0.3972	9.6149
10.2301	0.7166	0.3990	9.6131
10.2401	0.7166	0.4002	9.5946
10.2501	0.7107	0.3954	9.6424
10.2601	0.7131	0.3972	9.6047
10.2701	0.7143	0.3942	9.5994
10.2801	0.7017	0.3834	9.6173
10.2901	0.7250	0.3763	9.5988
10.3001	0.7202	0.4056	9.5838
10.3101	0.6879	0.3912	9.6335
10.3201	0.7035	0.3996	9.6317
10.3301	0.7274	0.4002	9.6197
10.3401	0.7232	0.3912	9.6717
10.3501	0.7346	0.3876	9.6801
10.3601	0.7304	0.4068	9.6466
10.3701	0.7376	0.3894	9.6269
10.3801	0.7244	0.4086	9.5605
10.3901	0.7388	0.4044	9.6550
10.4001	0.7436	0.3858	9.6227
10.4101	0.7101	0.4044	9.6137
10.4201	0.7125	0.4014	9.5802
10.4301	0.7149	0.4092	9.6239
10.4401	0.7143	0.3996	9.6341
10.4501	0.7328	0.4044	9.6179
10.4601	0.7352	0.3751	9.6269
10.4701	0.7292	0.3727	9.6125
10.4801	0.7208	0.3978	9.6047
10.4901	0.7382	0.3840	9.6592
10.5001	0.7190	0.4026	9.6508
10.5101	0.7292	0.3781	9.6341
10.5201	0.7184	0.3894	9.6562
10.5301	0.7376	0.3954	9.6053
10.5401	0.7041	0.4044	9.6406
10.5501	0.6999	0.4044	9.6012
10.5601	0.7549	0.3823	9.6191
10.5701	0.7125	0.4056	9.6299
10.5801	0.7083	0.4068	9.6293
10.5901	0.7178	0.3990	9.6137
10.6001	0.7113	0.3763	9.6472
10.6101	0.7166	0.4032	9.6089
10.6201	0.7442	0.3900	9.6424
10.6301	0.7424	0.3733	9.6574
10.6401	0.7370	0.4080	9.6424
10.6501	0.7274	0.4002	9.6394
10.6601	0.7322	0.3942	9.6269
10.6701	0.7741	0.3828	9.6532
10.6801	0.7340	0.3918	9.6233
10.6901	0.7250	0.3793	9.6496
10.7001	0.7824	0.3876	9.6233
10.7101	0.7143	0.3906	9.6251
10.7201	0.7083	0.3858	9.6215
10.7301	0.7190	0.3840	9.6083
10.7402	0.7119	0.4032	9.5934
10.7502	0.7083	0.4128	9.6041
10.7602	0.7316	0.3966	9.6125
10.7702	0.7382	0.4140	9.5850
10.7802	0.6885	0.3858	9.5934
10.7902	0.7149	0.3793	9.6221
10.8002	0.7358	0.3655	9.6131
10.8102	0.7406	0.3882	9.6245
10.8202	0.7137	0.4110	9.6257
10.8302	0.7077	0.4080	9.7722
10.8402	0.7053	0.3948	9.6646
10.8502	0.7322	0.3972	9.6502
10.8602	0.7316	0.4014	9.6705
10.8702	0.7172	0.3984	9.6418
10.8802	0.7155	0.3834	9.6329
10.8902	0.7286	0.4175	9.6376
10.9002	0.7160	0.4068	9.6239
10.9102	0.7095	0.3793	9.6083
10.9202	0.7029	0.4008	9.6281
10.9302	0.7214	0.3984	9.6562
10.9402	0.7316	0.4116	9.6101
10.9502	0.7202	0.3972	9.6346
10.9602	0.6610	0.4050	9.5850
10.9702	0.7017	0.3954	9.6514
10.9802	0.7107	0.3978	9.6448
10.9902	0.7089	0.3840	9.6460
11.0002	0.7172	0.4026	9.6167
11.0102	0.7143	0.3966	9.6699
11.0202	0.7244	0.3852	9.6616
11.0302	0.7268	0.3918	9.6717
11.0402	0.7220	0.3960	9.6825
11.0502	0.7095	0.3954	9.6364
11.0602	0.7292	0.4014	9.6233
11.0702	0.7358	0.3918	9.6006
11.0802	0.7065	0.3918	9.6191
11.0902	0.6975	0.4116	9.6203
11.1002	0.7232	0.4152	9.6418
11.1102	0.7232	0.4080	9.6341
11.1202	0.7406	0.3900	9.6418
11.1302	0.7244	0.3799	9.6550
11.1402	0.7059	0.3960	9.6012
11.1502	0.7125	0.4014	9.6305
11.1602	0.7071	0.3823	9.6029
11.1702	0.7370	0.3787	9.6532
11.1802	0.7256	0.3924	9.6209
11.1902	0.7095	0.4008	9.6137
11.2002	0.7394	0.4074	9.6412
11.2102	0.7442	0.3954	9.6047
11.2202	0.7322	0.3972	9.6538
11.2302	0.7143	0.4020	9.5952
11.2402	0.7346	0.3930	9.6335
11.2502	0.7292	0.3906	9.5970
11.2602	0.7424	0.3924	9.6293
11.2702	0.7214	0.4116	9.6532
11.2802	0.7190	0.4014	9.5856
11.2902	0.7358	0.3924	9.6490
11.3002	0.7071	0.3894	9.6430
11.3102	0.7274	0.4020	9.6436
11.3202	0.7256	0.3948	9.6352
11.3302	0.6963	0.3828	9.6394
11.3402	0.7244	0.3978	9.6167
11.3502	0.7370	0.4032	9.6023
11.3602	0.7137	0.3882	9.6370
11.3702	0.7292	0.3924	9.6628
11.3802	0.7394	0.3793	9.6209
11.3902	0.7035	0.3948	9.6394
11.4002	0.6999	0.4092	9.6197
11.4102	0.7202	0.4175	9.6287
11.4202	0.7645	0.4050	9.6346
11.4302	0.7208	0.3667	9.6394
11.4402	0.7621	0.3882	9.7627
11.4502	0.7137	0.4050	9.5976
11.4602	0.7346	0.3840	9.6759
11.4702	0.7053	0.3793	9.6071
11.4802	0.6927	0.3733	9.6400
11.4902	0.7107	0.4038	9.6131
11.5002	0.7155	0.4050	9.6412
11.5102	0.7077	0.3942	9.5820
11.5202	0.7358	0.3924	9.6825
11.5302	0.7334	0.3924	9.6424
11.5402	0.7232	0.3882	9.6203
11.5502	0.7029	0.3888	9.6083
11.5602	0.7262	0.4098	9.6299
11.5702	0.7202	0.4008	9.6239
11.5802	0.7430	0.3930	9.6251
11.5902	0.6939	0.3966	9.6418
11.6002	0.7238	0.4008	9.6400
11.6102	0.7448	0.3852	9.6604
11.6202	0.7352	0.3900	9.6006
11.6302	0.7220	0.3846	9.6460
11.6402	0.7256	0.4092	9.6161
11.6502	0.7155	0.3787	9.6592
11.6602	0.7155	0.4199	9.6077
11.6702	0.7364	0.4086	9.6227
11.6802	0.7131	0.3906	9.6077
11.6902	0.7484	0.3918	9.6568
11.7002	0.7232	0.4092	9.6305
11.7102	0.7250	0.3996	9.6053
11.7202	0.7149	0.3661	9.6167
11.7302	0.7268	0.3930	9.5838
11.7402	0.6885	0.3924	9.6143
11.7502	0.7322	0.3912	9.6496
11.7602	0.7160	0.3823	9.6299
11.7702	0.7035	0.3984	9.4965
11.7802	0.7089	0.3996	9.6239
11.7902	0.7077	0.3924	9.6646
11.8002	0.7286	0.3864	9.7130
11.8102	0.7256	0.3846	9.6257
11.8202	0.6987	0.3876	9.6233
11.8302	0.7107	0.3984	9.6346
11.8402	0.6897	0.3876	9.6460
11.8502	0.7005	0.3984	9.6053
11.8602	0.7178	0.4259	9.6167
11.8702	0.7358	0.3990	9.6149
11.8802	0.6921	0.3948	9.6263
11.8902	0.7406	0.3685	9.6466
11.9002	0.7172	0.3984	9.6059
11.9102	0.7160	0.3817	9.6382
11.9202	0.7226	0.3918	9.6562
11.9302	0.7119	0.3900	9.6281
11.9402	0.7418	0.4056	9.6670
11.9502	0.7125	0.3990	9.5970
11.9602	0.7316	0.3852	9.6580
11.9702	0.7328	0.3811	9.7950
11.9802	0.7119	0.3996	9.5958
11.9902	0.7196	0.3900	9.6125
12.0002	0.7274	0.4104	9.6113
12.0102	0.6981	0.3960	9.6412
12.0202	0.7023	0.3942	9.5862
12.0302	0.7226	0.4080	9.6215
12.0402	0.7035	0.4020	9.6221
12.0502	0.7011	0.3763	9.6095
12.0602	0.7328	0.3996	9.6358
12.0702	0.7352	0.3966	9.6101
12.0802	0.7394	0.4002	9.6646
12.0902	0.7101	0.3661	9.6233
12.1002	0.7274	0.3894	9.6388
12.1102	0.7226	0.3876	9.5982
12.1202	0.7292	0.3996	9.6556
12.1302	0.7358	0.4134	9.6000
12.1402	0.7292	0.4068	9.5886
12.1502	0.7436	0.3912	9.6412
12.1602	0.7256	0.3823	9.6370
12.1702	0.7424	0.3864	9.6376
12.1802	0.7328	0.3948	9.6215
12.1902	0.7256	0.3858	9.6245
12.2002	0.7196	0.4038	9.6305
12.2102	0.7274	0.4050	9.6065
12.2202	0.7178	0.3846	9.6137
12.2302	0.7196	0.4062	9.6658
12.2402	0.7244	0.3823	9.6095
12.2502	0.6939	0.4193	9.5982
12.2602	0.7107	0.3954	9.6592
12.2702	0.7274	0.3918	9.6275
12.2802	0.7430	0.3846	9.6604
12.2902	0.7041	0.3823	9.6341
12.3002	0.7190	0.4044	9.6101
12.3102	0.6867	0.3840	9.6370
12.3202	0.7364	0.3840	9.6155
12.3302	0.7382	0.3924	9.6077
12.3402	0.7041	0.4056	9.5910
12.3502	0.7155	0.3828	9.6245
12.3602	0.7382	0.3888	9.6209
12.3702	0.7250	0.3984	9.6574
12.3802	0.7107	0.4050	9.5593
12.3902	0.7250	0.3817	9.6376
12.4002	0.7155	0.4146	9.7543
12.4102	0.6903	0.3876	9.6197
12.4202	0.7184	0.3858	9.6616
12.4302	0.7256	0.3828	9.6352
12.4402	0.7005	0.3990	9.6717
12.4502	0.6933	0.3936	9.6053
12.4602	0.7166	0.3775	9.6323
12.4702	0.7101	0.4104	9.6329
12.4802	0.7178	0.3637	9.6299
12.4902	0.7304	0.4014	9.6903
12.5002	0.7065	0.3936	9.6131
12.5102	0.7352	0.3763	9.6753
12.5202	0.7172	0.4056	9.6071
12.5302	0.7208	0.3900	9.6394
12.5402	0.7125	0.3817	9.6335
12.5502	0.7244	0.4134	9.6388
12.5602	0.7370	0.3751	9.6185
12.5702	0.7083	0.4008	9.6670
12.5802	0.6903	0.3828	9.6269
12.5902	0.7298	0.3697	9.6532
12.6002	0.6927	0.3936	9.6819
12.6102	0.7107	0.3805	9.6448
12.6202	0.6843	0.4319	9.6532
12.6302	0.7178	0.4181	9.6119
12.6402	0.7190	0.3882	9.6185
12.6502	0.7113	0.4062	9.6077
12.6602	0.7202	0.3954	9.6275
12.6702	0.7346	0.3972	9.6257
12.6802	0.7089	0.4038	9.6628
12.6902	0.7077	0.3817	9.5958
12.7002	0.6927	0.3912	9.6466
12.7102	0.7573	0.3852	9.6747
12.7202	0.7442	0.3799	9.6191
12.7302	0.7196	0.3673	9.6269
12.7402	0.7208	0.3870	9.6293
12.7502	0.7286	0.3960	9.6388
12.7602	0.7119	0.3924	9.6352
12.7702	0.7172	0.3888	9.6430
12.7802	0.7274	0.3667	9.6424
12.7902	0.7394	0.3882	9.6149
12.8002	0.7143	0.3900	9.6364
12.8102	0.7101	0.4026	9.5659
12.8202	0.7232	0.3954	9.6496
12.8302	0.7232	0.3882	9.6023
12.8402	0.7184	0.3888	9.6293
12.8502	0.6885	0.3996	9.6095
12.8602	0.7322	0.3960	9.6526
12.8702	0.7220	0.4032	9.6364
12.8802	0.7238	0.4152	9.6382
12.8902	0.7418	0.4062	9.6113
12.9002	0.7466	0.4050	9.6029
12.9102	0.7143	0.3805	9.6478
12.9202	0.7244	0.3894	9.6562
12.9302	0.7304	0.3864	9.6323
12.9402	0.7184	0.3817	9.6406
12.9502	0.7137	0.4146	9.6514
12.9602	0.7214	0.3870	9.6197
12.9702	0.7298	0.3733	9.5958
12.9802	0.7268	0.3990	9.5976
12.9902	0.7268	0.3888	9.6681
13.0002	0.7340	0.4014	9.6173
13.0102	0.6849	0.4050	9.6077
13.0202	0.7172	0.3942	9.6275
13.0302	0.6879	0.3912	9.6227
13.0402	0.6993	0.3912	9.6358
13.0502	0.7053	0.3936	9.6687
13.0602	0.7256	0.3972	9.6335
13.0702	0.7376	0.4158	9.6083
13.0802	0.7005	0.4068	9.6484
13.0902	0.7274	0.3930	9.6574
13.1002	0.7202	0.3942	9.6059
13.1102	0.7172	0.4092	9.6107
13.1202	0.7214	0.3817	9.6059
13.1302	0.7041	0.3912	9.6406
13.1402	0.7322	0.4020	9.6137
13.1502	0.7358	0.3978	9.6460
13.1602	0.7202	0.3781	9.6143
13.1702	0.7059	0.3828	9.6442
13.1802	0.7304	0.3858	9.6508
13.1902	0.7256	0.3942	9.6215
13.2002	0.6933	0.3978	9.6245
13.2102	0.7184	0.4044	9.6520
13.2202	0.7250	0.4056	9.6107
13.2302	0.6999	0.4163	9.6394
13.2402	0.7005	0.4062	9.5353
13.2502	0.7208	0.3840	9.6245
13.2602	0.7418	0.3996	9.6065
13.2702	0.7107	0.3679	9.5850
13.2802	0.7190	0.3954	9.6430
13.2902	0.7178	0.4056	9.6574
13.3002	0.7029	0.3948	9.6442
13.3102	0.7256	0.3936	9.6029
13.3202	0.7346	0.3864	9.6029
13.3302	0.7214	0.3912	9.6257
13.3402	0.7035	0.3828	9.5982
13.3502	0.7155	0.4169	9.6711
13.3602	0.6921	0.3882	9.6191
13.3702	0.7113	0.3787	9.6454
13.3802	0.7137	0.3930	9.6358
13.3902	0.7382	0.3876	9.6239
13.4002	0.7143	0.3942	9.6532
13.4102	0.7364	0.3930	9.6281
13.4202	0.7065	0.3942	9.6927
13.4302	0.7328	0.3828	9.6191
13.4402	0.6754	0.4014	9.5742
13.4502	0.7119	0.4080	9.6317
13.4602	0.6927	0.3828	9.6191
13.4702	0.7190	0.4062	9.6131
13.4802	0.7220	0.3936	9.6143
13.4902	0.7166	0.3888	9.6161
13.5002	0.7107	0.3781	9.6143
13.5102	0.7125	0.3870	9.6137
13.5202	0.6927	0.3960	9.6167
13.5302	0.7316	0.4122	9.5958
13.5402	0.6963	0.4020	9.6191
13.5502	0.7226	0.3864	9.6454
13.5602	0.7304	0.3906	9.6281
13.5702	0.7244	0.4002	9.6137
13.5802	0.7274	0.3846	9.5808
13.5902	0.7113	0.4110	9.5898
13.6002	0.7208	0.3787	9.6329
13.6102	0.7196	0.4032	9.6329
13.6202	0.7202	0.3828	9.5910
13.6302	0.6999	0.3769	9.6376
13.6402	0.7202	0.3936	9.6400
13.6502	0.7005	0.4008	9.6466
13.6602	0.7184	0.3894	9.6305
13.6702	0.6969	0.3906	9.5874
13.6802	0.7226	0.3817	9.6029
13.6902	0.7280	0.3942	9.6275
13.7002	0.7220	0.3864	9.6107
13.7102	0.7190	0.4032	9.6460
13.7202	0.7298	0.4068	9.6227
13.7302	0.7274	0.3954	9.6520
13.7402	0.7507	0.4032	9.6263
13.7502	0.6981	0.4050	9.6197
13.7602	0.7268	0.4074	9.6484
13.7702	0.7537	0.3924	9.6179
13.7802	0.7202	0.4020	9.6370
13.7902	0.7035	0.3936	9.5964
13.8002	0.7394	0.3870	9.6652
13.8102	0.7101	0.4175	9.6251
13.8202	0.7202	0.3954	9.6179
13.8302	0.7190	0.4014	9.6580
13.8402	0.7089	0.3846	9.6185
13.8502	0.7149	0.4086	9.5934
13.8602	0.7328	0.3990	9.6143
13.8702	0.7011	0.3924	9.6466
13.8802	0.7172	0.4074	9.6358
13.8902	0.7262	0.3996	9.6305
13.9002	0.7083	0.4050	9.6317
13.9102	0.7304	0.4092	9.5856
13.9202	0.7316	0.4128	9.6329
13.9302	0.7328	0.4116	9.6412
13.9402	0.7178	0.3823	9.6131
13.9502	0.7274	0.4068	9.6185
13.9602	0.7077	0.4038	9.6161
13.9702	0.6951	0.3775	9.6819
13.9802	0.7280	0.3805	9.6251
13.9902	0.7268	0.3888	9.6269
14.0002	0.7448	0.4026	9.6305
14.0102	0.7077	0.3858	9.5988
14.0202	0.7143	0.4032	9.6245
14.0302	0.7208	0.4146	9.5940
14.0402	0.7286	0.3876	9.6490
14.0502	0.7041	0.4169	9.6221
14.0602	0.6993	0.3960	9.6466
14.0702	0.7202	0.4146	9.6221
14.0802	0.7160	0.3828	9.6490
14.0902	0.7238	0.3996	9.6430
14.1002	0.7328	0.3978	9.6388
14.1102	0.7388	0.3900	9.6065
14.1202	0.7274	0.4008	9.6281
14.1302	0.7017	0.3906	9.6269
14.1402	0.7304	0.3972	9.6562
14.1502	0.7244	0.3691	9.6233
14.1602	0.7155	0.3996	9.6221
14.1702	0.7077	0.3984	9.6502
14.1802	0.7268	0.3864	9.6179
14.1902	0.7041	0.3912	9.6143
14.2002	0.6999	0.3960	9.6370
14.2102	0.7041	0.3852	9.5988
14.2202	0.7298	0.4110	9.6358
14.2302	0.6969	0.4062	9.6574
14.2402	0.7178	0.3864	9.6317
14.2502	0.7059	0.3894	9.6245
14.2602	0.7083	0.3912	9.6239
14.2702	0.7268	0.3870	9.6514
14.2802	0.7041	0.4134	9.6370
14.2902	0.7143	0.3942	9.6376
14.3002	0.6993	0.3900	9.5832
14.3102	0.6993	0.3631	9.6335
14.3202	0.7101	0.4152	9.6161
14.3302	0.6969	0.3972	9.6466
14.3402	0.7047	0.3960	9.6041
14.3502	0.7346	0.3966	9.6113
14.3602	0.7400	0.4002	9.6526
14.3702	0.7220	0.4062	9.6179
14.3802	0.7334	0.4169	9.6023
14.3902	0.7113	0.4175	9.6107
14.4002	0.7214	0.3840	9.6843
14.4102	0.7166	0.4032	9.6233
14.4202	0.7436	0.3954	9.6311
14.4302	0.7543	0.4050	9.6586
14.4402	0.7035	0.3870	9.6215
14.4502	0.7202	0.4163	9.7728
14.4602	0.7202	0.3912	9.5988
14.4702	0.6933	0.3817	9.6598
14.4802	0.7316	0.3984	9.6287
14.4902	0.7328	0.3870	9.6149
14.5002	0.7310	0.3805	9.6341
14.5102	0.7125	0.3852	9.5808
14.5202	0.7155	0.3912	9.6239
14.5302	0.7125	0.3912	9.5880
14.5402	0.7160	0.3805	9.6681
14.5502	0.7262	0.3912	9.6520
14.5602	0.7149	0.3942	9.6113
14.5702	0.7310	0.3954	9.6508
14.5802	0.7346	0.3823	9.6215
14.5902	0.7322	0.3876	9.6466
14.6002	0.7059	0.4068	9.6173
14.6102	0.7268	0.3805	9.6699
14.6202	0.7005	0.3840	9.6281
14.6302	0.7495	0.3661	9.6000
14.6402	0.7214	0.4044	9.6281
14.6502	0.7113	0.3691	9.6424
14.6602	0.7149	0.3811	9.6293
14.6702	0.7364	0.3954	9.6436
14.6802	0.7155	0.3990	9.6089
14.6902	0.7149	0.4062	9.6341
14.7002	0.7202	0.3996	9.5515
14.7102	0.7071	0.3996	9.5964
14.7202	0.7340	0.3805	9.6245
14.7302	0.6825	0.3888	9.5946
14.7402	0.7119	0.3924	9.6185
14.7502	0.6987	0.4014	9.6370
14.7602	0.7220	0.4181	9.6287
14.7702	0.7370	0.3906	9.5814
14.7802	0.7286	0.4050	9.7926
14.7902	0.7310	0.4020	9.6466
14.8002	0.7633	0.3840	9.6323
14.8102	0.7370	0.3966	9.6777
14.8202	0.6796	0.3775	9.6137
14.8302	0.7340	0.3852	9.6777
14.8402	0.7089	0.4175	9.5772
14.8502	0.7484	0.3996	9.6155
14.8602	0.7268	0.3846	9.6538
14.8702	0.7280	0.3912	9.6065
14.8802	0.6969	0.3906	9.7980
14.8902	0.7071	0.4110	9.6209
14.9002	0.6987	0.4014	9.6293
14.9102	0.7119	0.4098	9.6071
14.9202	0.7178	0.3966	9.6352
14.9302	0.6981	0.3996	9.6137
14.9402	0.7286	0.3775	9.6083
14.9502	0.7220	0.3972	9.6382
14.9602	0.6885	0.4008	9.6275
14.9702	0.7256	0.3882	9.6227
14.9802	0.7328	0.3948	9.7411
14.9902	0.7053	0.3966	9.6095
15.0002	0.7507	0.3840	9.6532
15.0102	0.7334	0.3990	9.6346
15.0202	0.6903	0.3972	9.6131
15.0302	0.7250	0.3930	9.6358
15.0402	0.7011	0.3894	9.6245
15.0502	0.7346	0.3906	9.6239
15.0602	0.7172	0.3799	9.6239
15.0702	0.7143	0.3972	9.6436
15.0802	0.7304	0.3978	9.6173
15.0902	0.7232	0.3972	9.6299
15.1002	0.7119	0.3918	9.6305
15.1103	0.7125	0.3775	9.6305
15.1203	0.7172	0.3912	9.6191
15.1303	0.7119	0.3930	9.6346
15.1403	0.7113	0.3906	9.6394
15.1503	0.7280	0.3924	9.5994
15.1603	0.6784	0.3990	9.6167
15.1703	0.7286	0.3834	9.6466
15.1803	0.7436	0.4032	9.6370
15.1903	0.7095	0.3966	9.6323
15.2003	0.7364	0.3834	9.6323
15.2103	0.7041	0.3763	9.7968
15.2203	0.7071	0.3990	9.6107
15.2303	0.7519	0.3673	9.6107
15.2403	0.7280	0.3966	9.6574
15.2503	0.7256	0.3799	9.5850
15.2603	0.7113	0.3721	9.6287
15.2703	0.7137	0.3781	9.6430
15.2803	0.7316	0.3984	9.6000
15.2903	0.7244	0.3942	9.6317
15.3003	0.7005	0.3834	9.6329
15.3103	0.6945	0.3846	9.6155
15.3203	0.7549	0.4008	9.6275
15.3303	0.6628	0.4086	9.5952
15.3403	0.7352	0.3793	9.6406
15.3503	0.6933	0.3834	9.6125
15.3603	0.6849	0.4128	9.6364
15.3703	0.7184	0.3942	9.6137
15.3803	0.7250	0.3888	9.6532
15.3903	0.7220	0.3978	9.6287
15.4003	0.7071	0.4032	9.5970
15.4103	0.7071	0.4104	9.7669
15.4203	0.7220	0.3984	9.6089
15.4303	0.6993	0.4008	9.6981
15.4403	0.7406	0.3972	9.6550
15.4503	0.7017	0.3894	9.6059
15.4603	0.7454	0.4074	9.6484
15.4703	0.7143	0.4008	9.6191
15.4803	0.7340	0.3930	9.5964
15.4903	0.7436	0.4068	9.5994
15.5003	0.7041	0.3918	9.6364
15.5103	0.7041	0.4044	9.6107
15.5203	0.7166	0.3888	9.6161
15.5303	0.7214	0.3984	9.6556
15.5403	0.7131	0.4187	9.5838
15.5503	0.7238	0.4014	9.6693
15.5603	0.7244	0.4199	9.5437
15.5703	0.7178	0.3912	9.5928
15.5803	0.7244	0.3948	9.5898
15.5903	0.6939	0.4032	9.6191
15.6003	0.7220	0.3960	9.6107
15.6103	0.7256	0.3918	9.6376
15.6203	0.7190	0.3936	9.6628
15.6303	0.7501	0.3978	9.6364
15.6403	0.7184	0.3864	9.6532
15.6503	0.7346	0.3739	9.6418
15.6603	0.7310	0.3858	9.5970
15.6703	0.6969	0.3954	9.5880
15.6803	0.7065	0.3846	9.5976
15.6903	0.6939	0.3990	9.6448
15.7003	0.7101	0.3954	9.6508
15.7103	0.7196	0.4140	9.6101
15.7203	0.7442	0.3888	9.6167
15.7303	0.6993	0.4050	9.6335
15.7403	0.7178	0.3763	9.4947
15.7503	0.7262	0.3799	9.6526
15.7603	0.6951	0.4014	9.6400
15.7703	0.7256	0.3799	9.6113
15.7803	0.7256	0.4062	9.6221
15.7903	0.6825	0.4014	9.6424
15.8003	0.7412	0.3918	9.6281
15.8103	0.7160	0.4002	9.6197
15.8203	0.7256	0.4044	9.6287
15.8303	0.7023	0.4056	9.6131
15.8403	0.7160	0.4104	9.7866
15.8503	0.7220	0.4169	9.6095
15.8603	0.7137	0.3643	9.6855
15.8703	0.7125	0.3954	9.6352
15.8803	0.7035	0.3984	9.6155
15.8903	0.7424	0.3990	9.6346
15.9003	0.7346	0.3948	9.6221
15.9103	0.7077	0.4074	9.6053
15.9203	0.7292	0.4122	9.6406
15.9303	0.7178	0.4158	9.6538
15.9403	0.7238	0.3984	9.6460
15.9503	0.7220	0.4056	9.6023
15.9603	0.7023	0.3978	9.6430
15.9703	0.7077	0.3763	9.6233
15.9803	0.6951	0.3894	9.6556
15.9903	0.6855	0.3954	9.5575
16.0003	0.7394	0.4026	9.5617
16.0103	0.7633	0.3960	9.6143
16.0203	0.7256	0.3930	9.6203
16.0303	0.7178	0.4038	9.6376
16.0403	0.7298	0.4062	9.6341
16.0503	0.7089	0.3793	9.6245
16.0603	0.7017	0.3936	9.6197
16.0703	0.7244	0.3912	9.6161
16.0803	0.7292	0.4104	9.6149
16.0903	0.7232	0.3912	9.6179
16.1003	0.7053	0.4008	9.6424
16.1103	0.7149	0.4014	9.6299
16.1203	0.6903	0.4044	9.6149
16.1303	0.7053	0.4020	9.6107
16.1403	0.7274	0.3924	9.6203
16.1503	0.7346	0.3996	9.6514
16.1603	0.7149	0.4080	9.5784
16.1703	0.7077	0.3799	9.6233
16.1803	0.7388	0.3906	9.5928
16.1903	0.7065	0.3906	9.6628
16.2003	0.7089	0.4014	9.6311
16.2103	0.7172	0.3775	9.6275
16.2203	0.6987	0.4020	9.6006
16.2303	0.7292	0.4008	9.6460
16.2403	0.7071	0.4062	9.6484
16.2503	0.7059	0.3960	9.5964
16.2603	0.7178	0.3727	9.6269
16.2703	0.7089	0.3948	9.7609
16.2803	0.7268	0.4056	9.5820
16.2903	0.7334	0.3960	9.7011
16.3003	0.7543	0.3864	9.6006
16.3103	0.6748	0.3948	9.6239
16.3203	0.7639	0.4002	9.6604
16.3303	0.7208	0.4175	9.6460
16.3403	0.7226	0.4104	9.6000
16.3503	0.7472	0.4122	9.6041
16.3603	0.7190	0.3942	9.6514
16.3703	0.7208	0.3894	9.6478
16.3803	0.7143	0.3906	9.6017
16.3903	0.6969	0.4140	9.6125
16.4003	0.7412	0.3966	9.6281
16.4103	0.7244	0.3960	9.6472
16.4203	0.7472	0.3912	9.5922
16.4303	0.7196	0.3942	9.6592
16.4403	0.7184	0.3894	9.6245
16.4503	0.6885	0.3811	9.5563
16.4603	0.6987	0.3882	9.5982
16.4703	0.7412	0.3882	9.6352
16.4803	0.6927	0.3912	9.6197
16.4903	0.7125	0.3966	9.6574
16.5003	0.7047	0.3930	9.6041
16.5103	0.7035	0.4098	9.6065
16.5203	0.7352	0.3864	9.6436
16.5303	0.7190	0.4146	9.6000
16.5403	0.7292	0.3984	9.6035
16.5503	0.7190	0.3960	9.6789
16.5603	0.7430	0.3912	9.6927
16.5703	0.7382	0.3936	9.5988
16.5803	0.6903	0.3948	9.6478
16.5903	0.7418	0.3787	9.6370
16.6003	0.7029	0.3817	9.6155
16.6103	0.7292	0.4008	9.6161
16.6203	0.6981	0.3888	9.6227
16.6303	0.7023	0.4080	9.6382
16.6403	0.7047	0.4301	9.6466
16.6503	0.7190	0.3996	9.6592
16.6603	0.7184	0.3906	9.5946
16.6703	0.7442	0.3745	9.6305
16.6803	0.6951	0.3864	9.6006
16.6903	0.6742	0.3840	9.6000
16.7003	0.7226	0.3948	9.6484
16.7103	0.7083	0.3846	9.6388
16.7203	0.6855	0.4038	9.6131
16.7303	0.7083	0.3799	9.6711
16.7403	0.6933	0.3811	9.6502
16.7503	0.7579	0.3906	9.6382
16.7603	0.7113	0.3930	9.5940
16.7703	0.6897	0.3990	9.6107
16.7803	0.7143	0.3864	9.6358
16.7903	0.7406	0.3924	9.6089
16.8003	0.7184	0.4014	9.6197
16.8103	0.7388	0.3823	9.6047
16.8203	0.7089	0.3888	9.6394
16.8303	0.7364	0.3960	9.6418
16.8403	0.7089	0.3954	9.6520
16.8503	0.7155	0.4050	9.5898
16.8603	0.7376	0.3876	9.6155
16.8703	0.7250	0.3972	9.6125
16.8803	0.7346	0.3942	9.6197
16.8903	0.6921	0.4038	9.6329
16.9003	0.7184	0.3996	9.6215
16.9103	0.7143	0.4199	9.6358
16.9203	0.7190	0.3864	9.6646
16.9303	0.7304	0.4014	9.6245
16.9403	0.7472	0.3990	9.6179
16.9503	0.7501	0.3840	9.6095
16.9603	0.7346	0.3918	9.6000
16.9703	0.7160	0.3960	9.6059
16.9803	0.7137	0.3811	9.6161
16.9903	0.7125	0.4050	9.6382
17.0003	0.7358	0.3870	9.6131
17.0103	0.7394	0.4080	9.6281
17.0203	0.7418	0.4128	9.5712
17.0303	0.6981	0.4074	9.6065
17.0403	0.7436	0.3978	9.6095
17.0503	0.6987	0.3787	9.5886
17.0603	0.7184	0.4074	9.6436
17.0703	0.7280	0.3751	9.6741
17.0803	0.7059	0.3858	9.6448
17.0903	0.7250	0.4038	9.5880
17.1003	0.7059	0.4002	9.6203
17.1103	0.7011	0.3924	9.5916
17.1203	0.7340	0.3930	9.5940
17.1303	0.6945	0.4158	9.6335
17.1403	0.6897	0.3948	9.6047
17.1503	0.7113	0.4044	9.5952
17.1603	0.7160	0.3906	9.6418
17.1703	0.6963	0.3972	9.6125
17.1803	0.6939	0.3912	9.6412
17.1903	0.7035	0.4032	9.6329
17.2003	0.6987	0.4002	9.6137
17.2103	0.7328	0.3882	9.6329
17.2203	0.7113	0.3894	9.6592
17.2303	0.7286	0.3936	9.6269
17.2403	0.7089	0.3906	9.5934
17.2503	0.7023	0.3900	9.6430
17.2603	0.7178	0.3906	9.5988
17.2703	0.6969	0.4068	9.6442
17.2803	0.7178	0.3948	9.5407
17.2903	0.7382	0.4050	9.6161
17.3003	0.7304	0.3757	9.6197
17.3103	0.6909	0.3936	9.5742
17.3203	0.7005	0.4086	9.6107
17.3303	0.7137	0.3948	9.6311
17.3403	0.7035	0.3906	9.6179
17.3503	0.6975	0.4056	9.6508
17.3603	0.7268	0.4134	9.6125
17.3703	0.6921	0.4086	9.6119
17.3803	0.7346	0.3978	9.6293
17.3903	0.7268	0.3906	9.6388
17.4003	0.7370	0.4223	9.5976
17.4103	0.7388	0.3990	9.6263
17.4203	0.7137	0.3882	9.6341
17.4303	0.7346	0.4002	9.6263
17.4403	0.7178	0.3966	9.6275
17.4503	0.7184	0.3799	9.6209
17.4603	0.7107	0.3966	9.7722
17.4703	0.7244	0.4002	9.6161
17.4803	0.6939	0.3912	9.6191
17.4903	0.7298	0.3996	9.6215
17.5003	0.7472	0.3990	9.6526
17.5103	0.6670	0.4325	9.6430
17.5203	0.7083	0.3984	9.5952
17.5303	0.7328	0.3972	9.6352
17.5403	0.6999	0.3906	9.6239
17.5503	0.7172	0.3912	9.6227
17.5603	0.7035	0.4008	9.5013
17.5703	0.7041	0.3805	9.6035
17.5803	0.7364	0.3763	9.6747
17.5903	0.7053	0.4020	9.6209
17.6003	0.7131	0.3757	9.6101
17.6103	0.7507	0.3990	9.6783
17.6203	0.7119	0.3823	9.6436
17.6303	0.7071	0.4044	9.6311
17.6403	0.7256	0.4008	9.6496
17.6503	0.7172	0.3870	9.6095
17.6603	0.7220	0.3972	9.6095
17.6703	0.7340	0.3763	9.5904
17.6803	0.7364	0.4217	9.6179
17.6903	0.7155	0.3864	9.6221
17.7003	0.7615	0.3745	9.6430
17.7103	0.7304	0.4128	9.5527
17.7203	0.7053	0.3954	9.5958
17.7303	0.6987	0.3948	9.6598
17.7403	0.6921	0.3906	9.5892
17.7503	0.7316	0.3900	9.6352
17.7603	0.7585	0.4026	9.6329
17.7703	0.6945	0.3942	9.6400
17.7803	0.7131	0.4026	9.6562
17.7903	0.7214	0.3882	9.6125
17.8003	0.7280	0.4092	9.6490
17.8103	0.7406	0.3870	9.6245
17.8203	0.7376	0.3805	9.6466
17.8303	0.7059	0.3942	9.5844
17.8403	0.7208	0.3924	9.6795
17.8503	0.7501	0.3960	9.6580
17.8603	0.7268	0.3930	9.6215
17.8703	0.7029	0.3763	9.6514
17.8803	0.7436	0.4050	9.5491
17.8903	0.7059	0.3870	9.6352
17.9003	0.7316	0.4128	9.6089
17.9103	0.7172	0.3918	9.5688
17.9203	0.7232	0.3972	9.6436
17.9303	0.7376	0.3757	9.6263
17.9403	0.7095	0.4068	9.6263
17.9503	0.7143	0.3793	9.6029
17.9603	0.7310	0.3924	9.6323
17.9703	0.7190	0.4140	9.6358
17.9803	0.6975	0.3745	9.5952
17.9903	0.7214	0.3996	9.4965
18.0003	0.7304	0.3894	9.6275
18.0103	0.7519	0.3787	9.6693
18.0203	0.7472	0.4026	9.6335
18.0303	0.6861	0.3936	9.6047
18.0403	0.7651	0.3787	9.6670
18.0503	0.7208	0.3918	9.6245
18.0603	0.7017	0.4122	9.6329
18.0703	0.7412	0.3846	9.6191
18.0803	0.7424	0.3912	9.5671
18.0903	0.7113	0.3876	9.6083
18.1003	0.7268	0.3924	9.6400
18.1103	0.7125	0.4283	9.6017
18.1203	0.7172	0.3972	9.6215
18.1303	0.7149	0.4062	9.6532
18.1403	0.7256	0.4008	9.6041
18.1503	0.7131	0.4122	9.5892
18.1603	0.7370	0.4014	9.6119
18.1703	0.6987	0.3948	9.6532
18.1803	0.7101	0.3924	9.6484
18.1903	0.7328	0.4020	9.7842
18.2003	0.7412	0.3918	9.6263
18.2103	0.7011	0.3924	9.6580
18.2203	0.7149	0.3954	9.6251
18.2303	0.7316	0.4020	9.5904
18.2403	0.7460	0.3828	9.6430
18.2503	0.7089	0.4235	9.5928
18.2603	0.7113	0.4056	9.6035
18.2703	0.7340	0.4086	9.6412
18.2803	0.7436	0.3858	9.6430
18.2903	0.7244	0.4032	9.6502
18.3003	0.7125	0.3864	9.6490
18.3103	0.7328	0.3811	9.6173
18.3203	0.7083	0.4211	9.6436
18.3303	0.7406	0.3960	9.6221
18.3403	0.7143	0.3930	9.5922
18.3503	0.7190	0.3906	9.6580
18.3603	0.7400	0.4086	9.6185
18.3703	0.7101	0.4134	9.6723
18.3803	0.7155	0.3852	9.6478
18.3903	0.7238	0.3793	9.6041
18.4003	0.7149	0.4038	9.6221
18.4103	0.7190	0.3870	9.6287
18.4203	0.7226	0.4008	9.5078
18.4303	0.7250	0.3876	9.6251
18.4403	0.7011	0.3876	9.6873
18.4503	0.7406	0.3823	9.6610
18.4603	0.6849	0.4122	9.6089
18.4703	0.7525	0.3930	9.6191
18.4803	0.7286	0.4074	9.6370
18.4903	0.6909	0.4098	9.5898
18.5003	0.7537	0.3990	9.6406
18.5103	0.7131	0.4038	9.6257
18.5203	0.7178	0.4110	9.6370
18.5303	0.7220	0.3882	9.6059
18.5403	0.7178	0.4116	9.6466
18.5503	0.7400	0.3799	9.6394
18.5603	0.7430	0.3936	9.6837
18.5703	0.7274	0.3960	9.5611
18.5803	0.7226	0.3954	9.6245
18.5903	0.7149	0.3679	9.6370
18.6003	0.7011	0.3846	9.5784
18.6103	0.7071	0.4056	9.6490
18.6203	0.7166	0.3990	9.6556
18.6303	0.7113	0.3828	9.6346
18.6403	0.7089	0.4074	9.6352
18.6503	0.7256	0.4169	9.6358
18.6603	0.7196	0.3960	9.6047
18.6703	0.7137	0.3745	9.6119
18.6803	0.7400	0.3864	9.6448
18.6903	0.7364	0.3990	9.6604
18.7003	0.6909	0.3888	9.5850
18.7103	0.7166	0.3960	9.6341
18.7203	0.6981	0.3972	9.5072
18.7303	0.7340	0.4080	9.6293
18.7403	0.7442	0.3966	9.5898
18.7503	0.7083	0.3882	9.6197
18.7603	0.7190	0.4050	9.6508
18.7703	0.7274	0.3918	9.6436
18.7803	0.7190	0.3870	9.6346
18.7903	0.7190	0.3918	9.6364
18.8003	0.6981	0.3751	9.6394
18.8103	0.7238	0.4014	9.6388
18.8203	0.7172	0.3954	9.6149
18.8303	0.6903	0.4098	9.6257
18.8403	0.7190	0.3906	9.6406
18.8503	0.7280	0.3870	9.6418
18.8603	0.6825	0.4223	9.6101
18.8703	0.7172	0.3763	9.5982
18.8803	0.7214	0.3936	9.6628
18.8903	0.7160	0.4074	9.6185
18.9003	0.7346	0.4092	9.6281
18.9103	0.7160	0.4193	9.6065
18.9203	0.7077	0.4098	9.6442
18.9303	0.7119	0.3894	9.5934
18.9403	0.7119	0.3930	9.6251
18.9503	0.7208	0.4235	9.6233
18.9603	0.7567	0.3637	9.6454
18.9703	0.7250	0.4134	9.6305
18.9803	0.7358	0.3996	9.6370
18.9903	0.7328	0.3972	9.6358
19.0003	0.7406	0.3894	9.6287
19.0103	0.7460	0.4008	9.6245
19.0203	0.7041	0.3685	9.6370
0.0000	0.4433	0.8578	8.9288
0.0100	1.4584	0.3852	9.1507
0.0200	0.3571	1.5206	10.0307
0.0300	1.1318	0.4600	9.8811
0.0400	0.3081	1.0373	9.2674
0.0500	0.5605	0.3637	9.4223
0.0600	0.9673	0.0628	8.9521
0.0700	0.0455	0.3858	9.9242
0.0800	1.2209	0.7364	10.0881
0.0900	0.5719	0.6048	9.5922
0.1000	1.2849	-0.3458	9.2279
0.1100	0.2907	0.8632	10.3310
0.1200	0.6831	-0.2560	9.6681
0.1300	-0.3254	0.6951	9.5473
0.1400	0.5372	0.4175	8.7726
0.1500	0.2614	1.0690	8.6566
0.1600	1.1174	0.4307	9.2626
0.1700	0.1980	0.5725	9.6987
0.1800	0.7178	0.4905	9.9894
0.1900	0.4475	0.5270	9.7005
0.2000	-0.1047	0.9661	9.0335
0.2100	1.2766	-0.5515	9.4749
0.2200	-0.3541	1.2006	10.4392
0.2300	1.0217	-0.7723	8.2995
0.2400	0.6502	0.5749	8.8821
0.2500	1.2048	0.8387	10.1838
0.2600	0.2662	0.7172	10.3154
0.2700	1.4010	-0.2841	9.0173
0.2800	0.0156	0.7543	9.4307
0.2900	1.1127	0.7166	9.2668
0.3000	0.7424	1.2317	9.6861
0.3100	1.6672	0.6144	10.1437
0.3200	1.6851	0.2728	10.0737
0.3300	0.2459	0.7525	10.9304
0.3400	0.6586	0.5635	10.5290
0.3500	0.0622	0.7507	10.2520
0.3600	0.7346	-0.2004	8.8355
0.3700	0.7789	0.5258	9.3427
0.3800	0.6849	0.3386	9.7938
0.3900	0.1932	0.7017	10.0989
0.4000	1.8084	0.6108	9.6676
0.4100	0.6305	0.4349	10.9495
0.4200	0.8955	-1.1396	9.9930
0.4300	-0.8010	0.1549	8.9048
0.4400	1.0995	0.1274	9.4277
0.4500	-0.7053	1.1755	9.3445
0.4600	0.4648	-0.1023	8.2636
0.4700	1.1575	-0.3428	8.9461
0.4800	0.4074	0.9320	10.4027
0.4900	1.2245	0.0688	9.3846
0.5000	-0.1328	0.5456	9.9541
0.5100	0.4152	0.0640	9.7800
0.5200	-0.0401	0.6263	10.3088
0.5300	1.7192	-0.3649	9.4085
0.5400	1.1982	1.0457	9.7998
0.5500	1.5745	0.4678	10.5284
0.5600	0.6598	0.4929	9.4480
0.5700	0.3105	-0.0054	9.9613
0.5800	0.3206	0.1388	9.1752
0.5900	0.1765	0.4199	9.8823
0.6000	0.7083	0.1442	9.6664
0.6100	-0.1047	1.0169	9.5533
0.6200	1.7402	0.4654	9.0107
0.6300	1.3741	0.2375	9.3038
0.6400	0.2632	0.9673	10.5302
0.6500	0.1490	0.4175	9.5545
0.6600	-0.3805	0.5426	9.1932
0.6700	1.2221	-0.8225	9.7698
0.6800	-0.1962	1.1007	9.2530
0.6900	0.9930	-0.3422	8.8037
0.7000	0.8441	1.4393	10.2472
0.7100	1.3657	0.0437	10.5062
0.7200	-0.2734	1.4453	9.9230
0.7300	1.8000	-0.1161	9.9355
0.7400	0.5168	0.5079	10.2843
0.7500	0.8716	0.4331	10.0881
0.7600	0.2339	-0.2668	9.5563
0.7700	1.4273	-0.0491	9.9714
0.7800	0.4319	1.0570	9.5258
0.7900	0.0239	0.2477	10.0630
0.8000	0.5324	0.2500	9.2967
0.8100	0.2853	0.3571	9.3445
0.8200	0.8692	0.0598	9.1435
0.8300	0.3494	1.0014	9.8506
0.8400	1.8766	-0.5970	9.3326
0.8500	0.6251	1.4758	9.9493
0.8600	2.0058	-0.7549	9.9780
0.8700	-0.3942	0.8255	9.5820
0.8800	0.6724	-0.2070	9.7292
0.8900	-0.1813	0.7914	10.2358
0.9000	0.4181	0.3978	10.0408
0.9100	0.6275	0.2620	9.3403
0.9200	1.3035	0.4463	9.3924
0.9300	0.7316	0.1932	9.4528
0.9400	1.0863	0.7017	9.1549
0.9500	0.5503	0.3817	9.9714
0.9600	-0.7681	0.6233	9.5539
0.9700	1.4794	-0.5486	9.5347
0.9800	-0.0879	0.7484	10.2765
0.9900	1.9806	-0.4504	9.5054
1.0000	0.5252	1.6666	9.6861
1.0100	0.9278	-0.1089	8.8366
1.0200	0.1352	1.0839	9.7806
1.0300	0.7406	-0.4666	9.3068
1.0400	0.0843	0.1172	9.8243
1.0500	0.5204	0.2177	9.5144
1.0600	0.2345	0.9607	8.7158
1.0700	1.3358	-0.2177	8.4418
1.0800	0.8596	0.7005	8.9904
1.0900	1.0929	1.1348	9.2745
1.1000	0.3063	0.4935	8.7505
1.1100	0.5521	0.8177	9.6909
1.1200	0.2584	0.1633	10.1706
1.1300	-0.0826	1.2622	9.1950
1.1400	2.4736	-0.4947	9.1675
1.1500	0.8255	0.7824	9.9385
1.1600	1.5248	0.3583	10.1001
1.1700	0.6161	0.6479	9.9080
1.1800	0.5157	0.0712	9.2745
1.1900	-0.0389	0.7005	10.4297
1.2000	0.6341	-0.3069	10.0277
1.2100	-0.2955	0.5198	8.9706
1.2200	0.7741	0.0963	8.7050
1.2300	0.7591	0.5611	9.1687
1.2400	1.4207	-0.0383	8.4053
1.2500	0.5605	0.1878	10.3980
1.2600	0.1238	0.8034	10.4434
1.2700	0.2698	-0.4995	9.7507
1.2800	0.4833	0.7920	9.9547
1.2900	1.4632	0.2877	9.0723
1.3000	0.9368	1.1192	10.0211
1.3100	1.4285	-0.3135	9.2967
1.3200	0.9135	-0.0975	9.4474
1.3300	0.4181	0.8052	10.0528
1.3400	0.0927	0.9775	9.6939
1.3500	-0.2560	0.5330	9.8614
1.3600	1.1964	-0.0646	9.7669
1.3700	1.3723	0.8465	10.4458
1.3800	0.3284	0.1825	8.7750
1.3900	0.7166	0.1155	9.0604
1.4000	0.6179	0.6461	9.6927
1.4100	-0.7848	1.4028	9.8231
1.4200	0.6987	-0.8112	8.8857
1.4300	0.0646	0.5497	8.9013
1.4400	0.9057	0.5964	9.2536
1.4500	0.1645	0.7723	8.9060
1.4600	1.8472	0.1286	9.4271
1.4700	0.8901	1.0020	10.5888
1.4800	0.9188	0.9679	10.0331
1.4900	1.1922	-0.0562	8.6261
1.5000	0.3338	0.9733	9.8871
1.5100	1.0810	-0.0239	8.8432
1.5200	0.8303	0.3553	9.6753
1.5300	1.0720	0.6335	10.0594
1.5400	0.9194	0.9822	10.2293
1.5500	0.7292	0.1166	9.4737
1.5600	0.6425	0.4684	11.0470
1.5700	0.6383	0.7226	10.6498
1.5800	0.1645	0.6712	9.1944
1.5900	2.0219	-0.7334	9.0251
1.6000	0.8477	1.0193	8.8522
1.6100	1.2018	0.2812	8.8199
1.6200	0.7723	0.3769	8.9383
1.6300	0.8309	0.9296	9.6029
1.6400	0.7089	0.5270	9.4366
1.6500	0.6694	0.6730	10.9393
1.6600	1.0151	-0.2471	9.3768
1.6700	0.5491	0.5282	10.8478
1.6800	0.6748	0.1292	10.1449
1.6900	0.2489	0.5821	9.7752
1.7000	1.1198	0.4989	9.1196
1.7100	-0.2644	0.9392	10.3022
1.7200	0.9021	-1.2084	8.7876
1.7300	-0.0096	0.9422	9.3625
1.7400	0.7836	0.2794	8.1786
1.7500	0.9320	0.5085	9.7334
1.7600	1.3699	-0.0640	9.3505
1.7700	0.4181	0.3936	9.1208
1.7800	0.1555	0.7771	10.6354
1.7900	0.6347	0.3446	9.8392
1.8000	0.5306	0.3284	9.9182
1.8100	1.0648	-0.6209	9.2410
1.8200	0.5073	0.4463	9.6705
1.8300	0.8106	-0.0520	8.7780
1.8400	0.7585	0.7232	8.6201
1.8500	0.1460	1.4668	9.9786
1.8600	0.9470	0.2907	10.5391
1.8700	0.3206	0.1149	9.3577
1.8800	0.3930	0.8399	9.9972
1.8900	0.7591	0.5168	8.9521
1.9000	0.9218	-0.1436	9.6843
1.9100	0.1460	0.5623	9.3864
1.9200	0.6191	0.2010	9.3074
1.9300	0.3823	0.0957	9.7160
1.9400	0.1938	0.9571	8.7314
1.9500	-0.2357	1.3089	9.4899
1.9600	0.0138	-0.4146	9.6424
1.9700	0.4325	0.1460	8.7900
1.9800	0.6060	0.0724	8.5489
1.9900	0.8740	0.6353	9.5748
2.0000	0.9075	0.9206	9.9762
2.0100	0.6748	1.1192	9.1824
2.0200	1.1671	0.3266	9.3218
2.0300	1.0427	0.6102	10.2000
2.0400	1.2861	0.0096	10.2723
2.0500	0.6299	1.0558	9.6646
2.0600	1.2389	0.8728	9.8039
2.0700	0.4247	0.1113	9.8446
2.0800	0.7597	-0.4349	9.1842
2.0900	0.2788	0.4146	9.7483
2.1000	0.0778	1.0265	9.0191
2.1100	1.5930	-0.1310	9.7357
2.1200	0.4379	0.2704	8.7972
2.1300	0.5336	0.6927	8.8360
2.1400	1.2066	0.7029	9.0963
2.1500	1.3089	0.2243	9.4899
2.1600	0.3290	0.1597	10.3351
2.1700	0.8632	0.1825	9.1890
2.1800	-0.5791	0.0927	9.5611
2.1900	0.5862	0.1448	9.1776
2.2000	-0.1382	0.7202	9.9086
2.2100	1.5775	-0.6694	8.9401
2.2200	-0.4008	1.2544	10.2616
2.2300	1.7144	0.7651	9.5916
2.2400	0.9571	0.5384	9.5138
2.2500	0.9087	0.5300	11.0883
2.2600	0.6473	1.0307	9.5276
2.2700	0.5133	0.8106	10.0558
2.2800	1.2712	-0.6257	8.6494
2.2900	1.0092	0.9625	9.5922
2.3000	1.4770	-0.1196	9.6466
2.3100	0.3757	1.1210	11.2211
2.3200	1.0851	0.2835	8.1756
2.3300	0.1735	0.0030	8.9342
2.3400	1.7216	-0.2453	9.7872
2.3500	-0.0610	0.5940	10.5266
2.3600	0.8088	-0.1795	9.7058
2.3700	0.4008	-0.1878	9.5042
2.3800	2.1206	-0.3009	9.0813
2.3900	0.9470	0.6706	10.3393
2.4000	0.6712	0.1065	10.6031
2.4100	0.6580	0.1184	8.9258
2.4200	-0.1777	1.1061	10.0779
2.4300	1.1384	-0.5922	9.4349
2.4400	0.3368	1.4680	10.3274
2.4500	1.1420	0.5581	9.3367
2.4600	0.3990	0.3470	9.7106
2.4700	1.2819	0.8650	10.6289
2.4800	0.5725	0.4481	10.1192
2.4900	1.2006	0.4104	9.8691
2.5000	0.5462	0.2596	9.9547
2.5100	0.0873	0.2710	8.8289
2.5200	0.2177	-0.1023	8.7523
2.5300	0.8321	0.3529	9.3894
2.5400	0.5162	1.4261	8.8498
2.5500	0.6736	1.1791	8.3641
2.5600	0.5862	-0.1813	10.1222
2.5700	0.2052	0.7980	9.5437
2.5800	0.1807	-0.1860	10.1718
2.5900	0.3888	0.5330	10.5098
2.6000	0.9206	0.8961	9.4019
2.6100	0.8506	0.6526	10.2029
2.6200	1.8425	0.3440	10.3417
2.6300	1.0648	0.5503	9.9104
2.6400	0.5384	0.4792	9.6813
2.6500	0.6921	0.6796	9.6329
2.6600	0.5294	0.1406	9.7082
2.6700	1.0337	-0.2853	9.3744
2.6800	0.3840	1.5541	9.4061
2.6900	1.4674	-0.6365	9.2668
2.7000	1.3525	0.5210	10.8233
2.7100	1.0851	0.0018	9.8470
2.7200	0.5079	0.7675	10.7054
2.7300	-0.1358	-0.4325	9.7453
2.7400	0.0742	0.2237	9.3720
2.7500	0.8943	0.0987	8.5549
2.7600	1.6905	0.5216	9.9074
2.7700	0.9099	0.5432	9.3553
2.7800	1.0816	0.4983	10.1461
2.7900	0.3565	0.9147	9.7639
2.8000	0.8800	0.1854	10.0606
2.8100	0.3338	-0.2285	10.6809
2.8200	0.1908	0.6431	9.8464
2.8300	0.4271	0.9087	9.2159
2.8400	1.7061	0.6598	9.0532
2.8500	1.5529	0.9757	9.8075
2.8600	0.7035	0.3823	10.1988
2.8700	0.0694	0.3972	10.3663
2.8800	-0.3266	0.0987	9.5874
2.8900	0.7819	-0.3482	10.5559
2.9000	0.8058	-0.0748	9.5994
2.9100	1.5176	0.6347	10.2831
2.9200	0.4552	0.7077	9.5168
2.9300	0.8327	0.0162	10.1150
2.9400	0.3924	0.2028	9.6167
2.9500	0.2638	0.8794	10.5020
2.9600	0.0156	0.3476	8.8791
2.9700	0.4433	-0.0604	9.6329
2.9800	1.8861	0.8812	9.4654
2.9900	0.6897	1.2622	10.0319
3.0000	1.8299	0.1071	9.5826
3.0100	0.4301	0.6269	9.3708
3.0200	0.1149	0.1813	10.1336
3.0300	-0.9290	0.4002	8.8337
3.0400	-0.0784	-0.2477	8.8791
3.0500	0.9350	0.3254	9.8536
3.0600	1.9226	0.6712	9.3116
3.0700	1.6104	0.7777	9.3499
3.0800	0.6808	0.8686	9.3936
3.0900	0.9559	-0.1125	9.6460
3.1000	-0.0281	1.2066	9.4797
3.1100	0.9410	-0.7352	9.0801
3.1200	0.3278	0.2554	10.0313
3.1300	1.8455	-0.1131	9.2213
3.1400	0.1962	1.3657	10.0839
3.1500	0.7807	0.3499	7.9136
3.1600	1.2903	-0.2417	9.5270
3.1700	0.9099	0.6670	9.6867
3.1800	0.8985	-0.0975	10.3477
3.1900	0.3428	0.3691	10.6360
3.2000	0.1902	-0.8171	9.6544
3.2100	0.8889	0.2321	8.8253
3.2200	1.3818	0.5133	9.9619
3.2300	1.2353	0.8823	10.8825
3.2400	0.1573	0.0909	10.3800
3.2500	0.4062	0.3218	9.4468
3.2600	0.8608	1.1097	9.9702
3.2700	-0.0694	0.5372	8.6518
3.2800	1.8796	0.0748	9.1579
3.2900	0.9822	0.5599	9.9475
3.3000	1.0002	0.6628	9.0544
3.3100	0.4463	0.4229	10.5834
3.3200	1.1067	0.1950	9.6783
3.3300	0.7531	0.0658	11.5752
3.3400	0.1561	0.3607	11.2486
3.3500	0.7765	0.0879	9.0969
3.3600	1.3944	0.4845	8.7391
3.3700	1.7150	0.2626	9.1591
3.3800	1.3992	0.6825	9.9475
3.3900	0.1555	0.8082	10.4709
3.4000	1.1988	-0.0401	9.2267
3.4100	0.4463	0.3206	10.6618
3.4200	-0.0347	-0.2375	9.9631
3.4300	0.8704	0.2614	9.0299
3.4400	1.8143	0.3751	10.0091
3.4500	1.0032	0.0215	10.0959
3.4600	0.5497	1.3495	9.6233
3.4700	1.2060	0.9954	9.5778
3.4800	0.1125	0.0497	8.8462
3.4900	0.5402	0.0921	9.3397
3.5000	0.4092	0.5486	9.5419
3.5100	0.7681	-0.4618	9.4349
3.5200	0.2261	1.3376	9.6951
3.5300	1.0821	-0.4313	10.0570
3.5400	0.2847	1.0349	9.9655
3.5500	1.0869	0.2812	9.6227
3.5600	-0.3757	1.6510	9.3828
3.5700	1.3089	1.2209	10.6372
3.5800	0.3296	1.2263	9.4055
3.5900	0.9661	-0.0365	7.9645
3.6000	0.6897	0.9135	9.7489
3.6100	0.8566	0.9547	10.4452
3.6200	0.3153	-0.2626	9.7082
3.6300	0.9051	0.7328	10.3304
3.6400	0.7735	0.8016	9.7214
3.6500	0.7531	0.4558	10.3238
3.6600	0.5976	0.5115	9.4528
3.6700	0.7095	1.5912	9.8811
3.6800	1.5553	-0.1555	9.1657
3.6900	0.2788	1.5069	9.3080
3.7000	2.2893	0.0347	10.7844
3.7100	-0.2447	0.5964	10.6851
3.7200	1.5625	0.1615	9.7758
3.7300	0.3446	1.6086	9.8709
3.7400	1.0714	-0.0275	9.0616
3.7500	0.5653	0.2524	9.7585
3.7600	1.4273	1.0756	8.8899
3.7700	0.5934	0.9039	10.0689
3.7800	1.2126	-0.3105	10.4817
3.7900	-0.3984	0.4355	8.6392
3.8000	0.6670	0.2871	9.3900
3.8100	0.8566	0.1705	9.3361
3.8200	0.3464	1.1168	10.0773
3.8300	0.8417	-0.1406	9.6358
3.8400	1.0720	0.1196	10.3932
3.8500	1.0349	0.6167	10.7216
3.8600	0.5587	-0.1119	9.4037
3.8700	0.9170	0.8381	9.0688
3.8800	0.9182	0.8937	9.1369
3.8900	1.4955	0.2692	7.9076
3.9000	1.5733	0.5809	9.8560
3.9100	1.1527	1.0098	9.0891
3.9200	1.1485	0.5354	8.4215
3.9300	0.9613	1.0953	9.3655
3.9400	1.0959	0.7286	9.5886
3.9500	0.7836	0.1519	10.3280
3.9600	1.2096	0.0437	10.6971
3.9700	0.3775	0.2955	10.1078
3.9800	0.9290	0.3344	10.1659
3.9900	0.9978	-0.3224	10.1324
4.0000	0.9960	-0.1711	10.8406
4.0100	-0.0640	1.1168	9.2494
4.0200	0.5743	0.2010	9.3834
4.0300	0.6167	0.4792	9.0329
4.0400	0.3912	0.5647	10.2173
4.0500	0.1968	-0.0443	9.4271
4.0600	0.6927	0.9529	9.1405
4.0700	0.6479	0.8411	9.9266
4.0800	0.5910	1.2036	9.7447
4.0900	0.3942	0.0479	9.6508
4.1000	0.6903	0.3894	10.4644
4.1100	1.2018	-0.5414	9.5790
4.1200	0.0885	1.0708	9.0035
4.1300	1.5912	-0.0233	9.2578
4.1400	-0.2566	1.8239	9.1148
4.1500	1.4261	0.1322	9.6317
4.1600	0.5402	0.9350	9.0795
4.1700	0.1807	0.3254	10.5744
4.1800	0.5216	-0.5922	9.2063
4.1900	0.2680	0.6036	8.8008
4.2000	1.5045	0.5294	9.0879
4.2100	1.0941	0.9057	9.8494
4.2200	0.5378	-0.0245	9.2578
4.2300	0.0233	0.8231	9.4791
4.2400	1.8353	0.1196	8.8863
4.2500	0.0329	-0.3924	10.1892
4.2600	0.9188	-0.0305	9.6861
4.2700	0.5252	0.1585	9.6592
4.2800	1.3148	0.1842	9.4139
4.2900	0.6831	1.0265	10.0396
4.3000	0.6120	0.5330	9.8895
4.3100	0.2650	0.0532	9.8416
4.3200	0.2991	0.9003	9.2931
4.3300	1.0851	0.7597	9.4648
4.3400	-0.4098	0.7735	9.7866
4.3500	0.4857	-0.1705	9.1992
4.3600	0.6831	0.3721	8.8540
4.3700	0.8136	0.1675	8.8456
4.3800	1.8108	-0.1878	10.5607
4.3900	0.2249	-0.4720	11.3545
4.4000	1.1360	0.2249	9.1764
4.4100	0.2375	0.4630	10.2951
4.4200	0.9158	0.4792	10.1653
4.4300	0.1998	0.7854	10.4291
4.4400	0.8572	-0.4265	9.4462
4.4500	0.5186	0.2339	10.1545
4.4600	0.9739	0.5019	9.2159
4.4700	-0.0341	0.9691	9.0783
4.4800	0.7645	1.0504	8.7284
4.4900	0.2985	-0.7699	8.6016
4.5000	0.5551	1.0175	9.4002
4.5100	0.8967	0.7262	9.4462
4.5200	0.2052	1.5093	9.4313
4.5300	1.3041	0.3428	8.6626
4.5400	1.0331	1.2461	11.8971
4.5500	1.2197	-0.0778	9.6460
4.5600	0.7119	0.2824	10.0181
4.5700	1.0349	0.0353	10.5966
4.5800	0.6078	0.3248	9.7196
4.5900	0.7633	0.2506	10.2376
4.6000	0.0323	0.0742	9.9314
4.6100	1.7061	-0.2022	8.6033
4.6200	0.4570	1.8090	8.7391
4.6300	0.0215	0.4307	8.7104
4.6400	0.6514	0.1298	9.0999
4.6500	1.0367	0.1860	10.9022
4.6600	0.4169	-0.1801	10.1796
4.6700	0.1753	1.4285	9.5282
4.6800	2.4472	-0.6018	8.9036
4.6900	-0.1005	0.7005	10.1904
4.7000	0.9470	-0.4576	9.0604
4.7100	0.2399	0.5749	9.1363
4.7200	0.3230	0.6413	9.4414
4.7300	0.5396	0.6993	8.9300
4.7400	0.4666	0.6616	9.9876
4.7500	0.7615	0.8291	8.4466
4.7600	0.5689	0.0939	9.1483
4.7700	0.8417	0.0502	10.3645
4.7800	0.9817	0.7155	8.9497
4.7900	1.0313	1.0080	9.2123
4.8000	0.4588	0.5324	10.2275
4.8100	0.5521	0.7196	9.0688
4.8200	1.4076	1.1539	9.2494
4.8300	1.3256	0.3577	10.2233
4.8400	0.4122	0.2363	9.9607
4.8500	1.0612	0.8459	10.0384
4.8600	0.8512	-0.1184	9.3493
4.8700	0.2704	0.6897	9.7962
4.8800	0.6138	-0.3972	9.1734
4.8900	0.6461	-0.2393	9.8267
4.9000	0.9799	0.6030	10.1395
4.9100	0.2309	0.5234	9.1441
4.9200	0.7017	-0.1466	9.0370
4.9300	0.9577	0.8159	8.9479
4.9400	1.0618	0.5527	9.6747
4.9500	0.5934	0.2800	9.6957
4.9600	0.8560	0.2734	9.7399
4.9700	0.3643	0.9224	10.3381
4.9800	0.0395	1.0433	9.3020
4.9900	0.9936	-0.0419	9.6125
5.0000	0.3978	1.0140	9.5413
5.0100	0.4265	0.6473	8.9383
5.0200	0.5767	-0.2201	10.7754
5.0300	0.4540	0.0293	10.2047
5.0400	0.4295	0.7430	8.7320
5.0500	1.8185	0.0221	9.1286
5.0600	1.0080	0.2740	8.6668
5.0700	0.6467	0.8961	10.5906
5.0800	1.2155	0.5043	9.2339
5.0900	-0.1848	0.8357	9.6358
5.1000	1.0050	0.1735	10.2023
5.1100	0.7765	0.0772	9.3996
5.1200	1.8993	-0.7513	9.2781
5.1300	0.0311	1.4070	9.4588
5.1400	0.8417	-0.6556	9.1932
5.1500	0.8058	0.6371	10.1988
5.1600	1.3723	-0.2847	9.1399
5.1700	0.9434	0.0514	9.1172
5.1800	1.0887	1.3244	9.3708
5.1900	1.2060	0.6574	8.0386
5.2000	1.1198	0.4636	9.5288
5.2100	1.3107	0.3625	10.0109
5.2200	0.3751	1.0391	10.2687
5.2300	1.5876	-0.7322	12.0580
5.2400	-0.1047	0.8459	9.7100
5.2500	1.1091	0.4379	10.0211
5.2600	0.3882	1.2592	9.9822
5.2700	0.8590	-0.6855	9.2949
5.2800	0.8931	1.1414	10.0815
5.2900	0.9595	1.2317	9.3080
5.3000	0.6066	0.5360	9.5623
5.3100	0.6311	0.6814	11.1044
5.3200	0.7591	0.2249	9.5078
5.3300	0.4696	0.2154	9.6969
5.3400	1.6223	-0.0048	10.1306
5.3500	0.2333	1.1210	10.1353
5.3600	0.3553	0.2800	9.7220
5.3700	0.7585	0.1448	8.8396
5.3800	0.9535	0.0730	9.4372
5.3900	0.2315	0.0748	10.0791
5.4000	0.3870	-0.0263	9.5013
5.4100	-0.1448	-0.1083	9.8644
5.4200	0.6897	0.9984	8.8785
5.4300	0.6520	1.0498	9.1609
5.4400	0.7735	-0.2273	8.8349
5.4500	0.8847	-0.1149	9.2039
5.4600	0.7609	1.0983	10.0103
5.4700	0.6173	0.2483	9.9553
5.4800	0.5982	0.4409	10.6833
5.4900	0.1777	0.2877	9.1794
5.5000	1.1013	0.6664	9.0018
5.5100	0.9559	-0.2243	8.9371
5.5200	-0.5934	1.0935	9.6957
5.5300	0.4726	0.5037	8.0721
5.5400	0.4774	1.0720	9.5485
5.5500	1.6415	-0.4863	9.4899
5.5600	0.5815	0.4534	11.1660
5.5700	0.9667	0.3464	9.4205
5.5800	0.5103	0.6138	9.5946
5.5900	0.1902	0.4971	9.1387
5.6000	1.2048	0.0682	9.3918
5.6100	0.4469	0.5300	9.3373
5.6200	0.8243	0.6024	9.0245
5.6300	0.5354	-0.0951	10.1826
5.6400	0.8375	0.4355	9.9984
5.6500	-0.2136	0.9559	9.7884
5.6600	1.5284	-0.0203	10.0893
5.6700	0.6299	0.4606	10.1126
5.6800	0.1310	0.7232	9.6400
5.6900	0.8644	0.3882	9.9361
5.7000	0.3452	0.3350	9.0939
5.7100	1.1964	-0.2369	8.2678
5.7200	0.0281	1.1043	8.7044
5.7300	0.4660	1.3537	8.6626
5.7400	0.2195	0.5324	10.4344
5.7500	1.0038	-0.2136	10.9519
5.7600	1.0522	-0.8512	10.0498
5.7700	0.6879	1.1928	9.5545
5.7800	0.3380	0.0921	8.9575
5.7900	1.2825	0.8656	8.7601
5.8000	1.6959	0.7155	9.0430
5.8100	0.7567	0.9930	9.5521
5.8200	1.1491	0.1525	9.9750
5.8300	0.1842	0.7908	9.1034
5.8400	0.5198	0.6814	9.1752
5.8500	0.5366	-0.2716	9.0215
5.8600	0.8967	0.3661	8.1056
5.8700	0.8411	0.1944	9.8542
5.8800	0.5725	0.9984	9.2111
5.8900	0.5486	0.0885	9.7866
5.9000	0.4014	0.7328	9.7609
5.9100	0.4032	-0.5246	9.9140
5.9200	0.9643	0.4762	10.0803
5.9300	0.8375	0.0622	9.0568
5.9400	1.3663	0.3595	9.5198
5.9500	1.1432	-0.1334	9.4289
5.9600	0.6526	0.7962	9.6897
5.9700	1.4333	-0.4092	9.8027
5.9800	1.1533	0.5168	9.9882
5.9900	0.5707	0.2106	10.2658
6.0000	0.5563	-0.0024	8.7864
6.0100	0.3045	0.5515	10.0995
6.0200	0.5557	0.6933	9.1393
6.0300	1.2209	-0.0550	10.2592
6.0400	0.4714	0.6341	9.4193
6.0500	0.2447	1.5302	9.4372
6.0600	0.5127	1.2281	10.1282
6.0700	0.1597	0.8979	9.7130
6.0800	1.3268	0.1436	10.0941
6.0900	1.8263	-0.2506	9.3924
6.1000	0.7932	0.4445	10.4231
6.1100	-0.1436	0.3087	9.8099
6.1200	0.3003	0.3332	9.7232
6.1300	0.5958	0.5605	9.6203
6.1400	1.5158	-1.1336	8.8343
6.1500	-0.0832	1.3789	10.3806
6.1600	1.2598	-1.1856	9.4031
6.1700	0.2411	1.0732	10.1868
6.1800	0.8315	1.1779	9.8350
6.1900	0.4827	0.5390	8.9838
6.2000	0.9356	0.0431	9.1854
6.2100	0.2387	1.3621	9.9373
6.2200	1.5039	0.5222	9.9098
6.2300	0.7214	0.3625	10.2490
6.2400	1.0277	0.9338	10.0833
6.2500	1.3573	0.5533	10.1467
6.2600	0.5599	0.1472	9.9254
6.2700	0.5988	0.5527	9.1704
6.2800	0.7214	0.9817	9.6783
6.2900	2.0363	0.5707	9.1531
6.3000	1.0247	0.5797	10.0707
6.3100	1.3466	0.6120	10.5816
6.3200	0.5294	-0.4684	10.2101
6.3301	0.7573	-0.0078	10.3818
6.3401	0.2740	0.3601	9.3302
6.3501	0.2770	0.5486	8.9910
6.3601	1.4973	0.8321	9.5024
6.3701	0.4277	1.3699	9.3816
6.3801	0.5474	-0.4457	9.8446
6.3901	0.3541	0.8650	9.3720
6.4001	0.8925	0.3882	8.3551
6.4101	0.1926	0.2919	9.8967
6.4201	0.3757	1.2742	8.2893
6.4301	0.1591	-0.0700	10.1814
6.4401	1.0576	0.6006	9.8901
6.4501	1.5505	-0.2500	11.0374
6.4601	1.0594	0.8100	9.2183
6.4701	0.4857	-0.8303	8.6566
6.4801	0.4014	-0.4295	9.9786
6.4901	-0.4104	0.8124	10.0875
6.5001	1.0307	0.0754	9.0143
6.5101	1.1503	-0.0239	9.9020
6.5201	1.3172	1.4124	9.6125
6.5301	0.8716	0.5599	8.7882
6.5401	1.0510	-0.0473	10.1228
6.5501	0.1531	0.7137	9.7782
6.5601	0.9960	0.0508	9.6059
6.5701	0.1555	1.2849	9.3266
6.5801	0.5180	0.1005	10.5511
6.5901	0.7071	-0.1705	9.4271
6.6001	1.2138	0.2082	9.7555
6.6101	-0.0610	0.7346	10.5080
6.6201	0.8177	0.3631	8.7996
6.6301	1.0965	-0.3529	9.0915
6.6401	0.1729	1.4064	9.2321
6.6501	0.3057	0.4469	10.3830
6.6601	0.5653	1.2197	9.6472
6.6701	0.7962	-0.1370	10.3357
6.6801	1.0463	0.1280	9.4486
6.6901	0.9063	0.2788	9.3655
6.7001	0.4367	0.5186	8.2151
6.7101	0.2309	1.4871	9.5892
6.7201	1.4536	0.1950	9.1375
6.7301	0.7071	1.4536	10.2233
6.7401	1.1689	-0.7669	9.7986
6.7501	0.5073	1.0666	10.1820
6.7601	1.1970	-0.9685	9.4014
6.7701	1.2233	0.2913	10.0271
6.7801	0.7172	0.9284	8.9324
6.7901	0.4343	0.9661	9.7902
6.8001	0.9039	-0.0305	9.5629
6.8101	1.2550	0.6167	10.6857
6.8201	0.9900	0.0981	9.9463
6.8301	0.7926	0.7950	10.2957
6.8401	1.5452	-1.0397	9.0574
6.8501	0.7095	1.3107	10.0438
6.8601	0.5360	1.0696	11.5997
6.8701	2.0064	-1.0391	9.8709
6.8801	-0.3428	1.6104	9.8566
6.8901	1.5487	-1.3131	8.1559
6.9001	0.0048	1.7910	9.3852
6.9101	1.8520	-0.1531	7.8592
6.9201	0.9924	0.3757	9.8039
6.9301	1.6714	-0.1699	9.7591
6.9401	-0.0096	0.8979	9.5557
6.9501	0.4187	0.6425	8.5244
6.9601	0.7238	0.6825	8.0955
6.9701	0.7603	1.6415	8.7290
6.9801	0.4857	0.5480	9.5342
6.9901	0.8500	1.0660	9.7633
7.0001	0.9936	0.4355	9.7603
7.0101	0.8243	0.8435	10.6241
7.0201	1.8508	-0.7531	10.7904
7.0301	0.0437	0.6120	9.9320
7.0401	0.4463	0.5880	9.5994
7.0501	0.0221	0.9541	10.9447
7.0601	0.5982	-0.2136	9.0592
7.0701	1.2951	0.9093	9.9667
7.0801	1.0642	0.3972	9.4857
7.0901	1.3238	-0.6514	10.1306
7.1001	-0.2698	1.4542	9.1585
7.1101	0.4229	0.0843	8.8815
7.1201	-0.0837	1.0056	10.6665
7.1301	1.2257	-0.8082	10.1868
7.1401	0.3314	0.4546	10.0241
7.1501	1.2233	-0.0042	10.2317
7.1601	0.6784	-0.0772	9.9696
7.1701	0.6455	0.6999	8.9952
7.1801	1.7372	1.2849	9.4223
7.1901	0.4373	0.1866	10.5403
7.2001	1.1988	-0.3488	11.0237
7.2101	-0.7705	0.3135	9.1100
7.2201	1.6528	-0.0473	9.0095
7.2301	0.2255	1.2084	9.0717
7.2401	1.7144	0.4762	10.0199
7.2501	-0.0239	1.1599	9.6723
7.2601	1.1414	0.3870	9.0981
7.2701	0.1412	0.0802	10.0899
7.2801	0.1813	0.5497	8.7948
7.2901	1.9483	-0.0694	9.3379
7.3001	0.9105	0.2423	10.8538
7.3101	1.2855	0.4002	9.7124
7.3201	0.5731	0.4869	10.3627
7.3301	0.7848	-0.2548	9.3200
7.3401	-0.3105	1.2048	10.3878
7.3501	1.0116	-0.0353	8.8821
7.3601	0.5539	0.7579	11.0428
7.3701	1.7043	0.2782	10.7234
7.3801	0.9356	-0.0508	10.3214
7.3901	1.0522	0.5617	9.3164
7.4001	0.0766	-0.7244	8.7720
7.4101	0.1161	0.6945	10.9435
7.4201	0.3805	-0.7280	9.1722
7.4301	0.1047	0.8997	11.1367
7.4401	0.8399	-0.3129	8.7571
7.4501	0.8483	1.4841	9.3852
7.4601	2.1595	-0.4235	9.6909
7.4701	0.8076	0.8997	9.4372
7.4801	0.6317	0.8076	9.0933
7.4901	0.3242	1.6223	9.0460
7.5001	0.8357	-1.0241	9.9523
7.5101	-0.7555	-0.3362	10.9459
7.5201	0.9960	-0.1454	8.5806
7.5301	1.0606	-0.7005	10.5248
7.5401	0.4397	1.7737	10.8077
7.5501	0.9523	-0.1172	9.3302
7.5601	0.9015	0.5210	10.0648
7.5701	0.4367	-0.1807	9.5682
7.5801	-0.2148	0.8010	9.9379
7.5901	1.4895	-0.5324	8.4388
7.6001	0.7944	0.4816	9.7256
7.6101	1.1539	1.2819	8.9342
7.6201	0.5737	0.1896	9.8261
7.6301	0.7041	0.0054	9.2303
7.6401	0.8740	-0.0951	9.7166
7.6501	-0.3505	-0.0431	9.8937
7.6601	0.1304	-0.5127	8.8642
7.6701	0.6592	-0.2907	8.3802
7.6801	1.6714	0.5719	8.4945
7.6901	1.5009	1.1904	10.6420
7.7001	2.0548	0.2052	8.8223
7.7101	0.7071	0.9487	9.2925
7.7201	0.0431	1.4088	8.3952
7.7301	-0.1519	2.0901	9.7669
7.7401	1.7420	-0.5067	10.8993
7.7501	-0.6855	0.0407	11.3706
7.7601	2.1458	-1.5452	9.4582
7.7701	0.6825	0.2614	9.7896
7.7801	0.3093	0.8154	8.6937
7.7901	0.4277	0.9906	9.9643
7.8001	-0.2506	0.8309	9.9397
7.8101	0.4163	-0.7071	8.3802
7.8201	-0.5539	1.1402	9.8703
7.8301	1.3101	0.4576	7.7395
7.8401	0.7244	1.7934	10.4027
7.8501	2.8050	-0.1932	9.2883
7.8601	-0.0389	2.1314	11.0877
7.8701	0.4349	-0.2429	10.0121
7.8801	-1.1288	1.6187	9.6873
7.8901	1.0086	-0.0646	8.9838
7.9001	1.2066	0.2183	9.6424
7.9101	1.3388	-0.2985	10.5050
7.9201	1.7820	-0.3416	9.5976
7.9301	-0.0520	1.3346	8.2660
7.9401	1.6750	-0.4570	9.8733
7.9501	-0.6586	0.7418	10.6845
7.9601	0.5689	-1.3836	9.2530
7.9701	-0.0185	0.2698	10.3842
7.9801	0.8195	0.7238	8.0799
7.9901	-0.1322	2.4143	9.0179
8.0001	1.3645	0.7484	9.4528
8.0101	0.6042	-0.7358	9.3625
8.0201	-0.3266	0.6353	10.4279
8.0301	0.9493	0.4469	9.6191
8.0401	0.0802	1.4291	9.4612
8.0501	1.3280	0.1854	9.9493
8.0601	0.6335	0.2321	9.9230
8.0701	2.1182	-0.8967	10.2741
8.0801	-0.4475	0.6796	10.1108
8.0901	0.3577	0.7376	9.4707
8.1001	-0.3296	1.0307	9.1429
8.1101	1.0666	-0.0251	9.7627
8.1201	1.9723	-0.5145	10.3824
8.1301	0.2375	1.9244	8.8749
8.1401	1.1007	1.4201	7.8688
8.1501	1.1809	1.0187	9.0394
8.1601	1.2640	0.2835	9.7968
8.1701	-0.1567	0.1872	10.0259
8.1801	1.0086	-0.9003	9.2285
8.1901	-0.3864	0.7609	9.4899
8.2001	1.3340	1.0331	8.8690
8.2101	0.4169	0.2506	10.2370
8.2201	1.4249	0.3236	9.3212
8.2301	0.5527	-0.2273	9.1208
8.2401	-0.0993	1.1270	9.3457
8.2501	0.0772	1.4124	9.2093
8.2601	-0.0072	0.4510	9.9762
8.2701	0.7615	-0.8130	9.2530
8.2801	0.9607	-0.5043	8.4089
8.2901	2.1960	0.0921	7.6337
8.3001	0.0891	1.0307	9.8823
8.3101	1.7856	-0.4271	9.5832
8.3201	-0.0263	-0.5683	10.9495
8.3301	-0.5731	0.1101	9.3816
8.3401	0.3775	-0.3757	8.6398
8.3501	0.5665	1.2586	9.4157
8.3601	1.3950	-0.0353	7.9710
8.3701	0.5826	1.1773	9.2135
8.3801	0.8357	0.0102	9.1698
8.3901	0.7543	-0.2148	9.1920
8.4001	1.0827	-0.1663	10.4237
8.4101	0.2620	0.7914	10.8257
8.4201	0.0413	-0.4152	9.2021
8.4301	0.3063	-0.1908	9.2099
8.4401	0.5378	0.7753	10.1527
8.4501	0.9834	0.6676	10.0002
8.4601	1.4118	1.0504	10.7090
8.4701	1.4261	-0.1454	9.6795
8.4801	-0.2835	2.2678	9.7316
8.4901	1.2030	0.0491	9.0933
8.5001	0.2686	0.7196	9.3984
8.5101	2.3025	-1.9232	9.9050
8.5201	0.2297	1.8610	10.0259
8.5301	1.5290	-0.1035	9.0095
8.5401	-0.0239	1.3160	8.8923
8.5501	0.8758	0.9649	9.7579
8.5601	0.8794	-1.4297	10.9645
8.5701	-0.0550	1.4136	9.8811
8.5801	0.6921	0.0664	8.5806
8.5901	0.4211	2.8797	9.1525
8.6001	2.2068	-0.1017	9.6137
8.6101	0.0778	0.3350	10.9178
8.6201	1.3627	-1.6140	9.8039
8.6301	-0.7286	0.9152	9.6616
8.6401	0.3069	0.3942	7.8454
8.6501	0.2201	0.0215	8.4047
8.6601	1.8556	0.9613	9.2859
8.6701	1.4471	-0.0760	8.7954
8.6801	0.7310	0.6150	9.6699
8.6901	0.5300	0.7878	8.8660
8.7001	-0.1908	1.9089	9.2458
8.7101	0.6132	-0.0449	10.0079
8.7201	0.3452	0.8291	10.6755
8.7301	1.3059	-0.9787	10.4087
8.7401	0.6568	1.3053	10.6319
8.7501	1.2754	0.1932	9.3798
8.7601	0.1789	1.1031	10.3423
8.7701	0.1537	0.8955	8.9748
8.7801	0.3966	0.0126	10.3782
8.7901	0.6550	0.7113	9.3637
8.8001	1.5075	-0.2979	9.9272
8.8101	0.3021	1.2676	10.2538
8.8201	1.3083	-0.2100	8.4125
8.8301	0.1346	0.5444	9.3780
8.8401	0.8195	0.2477	10.7880
8.8501	0.1244	0.3984	9.9469
8.8601	0.1071	0.8853	9.1920
8.8701	0.0939	0.7214	8.9940
8.8801	0.1346	0.8656	9.6245
8.8901	1.3166	0.0616	9.1872
8.9001	1.1127	0.1537	9.9816
8.9101	1.3370	0.7418	9.7172
8.9201	0.2638	0.7914	8.6811
8.9301	0.6341	0.0604	9.2566
8.9401	0.3799	1.3472	10.2191
8.9501	1.5212	-1.1922	10.4141
8.9601	0.6538	-0.4941	9.4588
8.9701	0.8088	1.1797	7.8329
8.9801	-0.7418	2.0782	8.9814
8.9901	-0.0060	0.6036	8.8175
9.0001	2.5777	-1.4596	11.2755
9.0101	-0.4487	2.3982	10.7090
9.0201	1.0020	-0.7424	8.8701
9.0301	-0.2225	2.0315	10.5038
9.0401	2.1804	-0.0664	9.4289
9.0501	-0.3583	0.7627	11.4687
9.0601	0.6598	0.9894	10.0480
9.0701	0.6586	-0.1878	9.8703
9.0801	0.4427	1.2054	9.9690
9.0901	1.6941	0.4247	8.3946
9.1001	0.2040	1.1150	9.7830
9.1101	2.2397	-1.3579	9.5198
9.1201	0.9236	-0.2387	9.9607
9.1301	1.6211	0.2028	8.7487
9.1401	0.9571	0.2973	8.8929
9.1501	1.5481	0.5192	9.1417
9.1601	-0.2973	0.7178	9.8195
9.1701	1.4291	0.8746	9.6741
9.1801	0.6221	-0.5647	10.8346
9.1901	0.6245	0.6975	9.3804
9.2001	0.4822	0.3129	8.4101
9.2101	1.4010	1.2365	8.5387
9.2201	1.0020	0.9924	10.4410
9.2301	1.0211	0.3781	12.0556
9.2401	1.6905	-1.0522	11.1672
9.2501	0.6712	1.0666	11.3521
9.2601	0.8859	1.4345	9.3834
9.2701	0.3123	0.7765	9.0735
9.2801	0.9601	1.2335	8.8289
9.2901	1.9244	0.0275	8.3025
9.3001	0.4851	2.0518	9.2979
9.3101	1.6151	0.3099	9.0012
9.3201	0.4307	0.9900	10.5505
9.3301	0.4851	-0.1597	10.1264
9.3401	0.1992	-0.2100	10.7126
9.3501	1.1563	-0.7095	10.6534
9.3601	-0.0909	-2.0100	10.1461
9.3701	0.7262	-0.7783	8.9706
9.3801	1.5087	1.0684	7.8059
9.3901	-0.1125	3.4732	8.9013
9.4001	0.7795	-0.4965	9.5198
9.4101	-0.0897	-0.1280	11.1840
9.4201	1.8293	-0.6544	10.3884
9.4301	-0.5456	0.7675	11.0763
9.4401	1.3286	1.1773	9.8512
9.4501	0.5934	0.1926	10.8807
9.4601	0.4522	1.2664	7.0103
9.4701	1.3489	0.4989	9.2207
9.4801	0.1651	0.9135	11.5962
9.4901	1.2796	-1.3591	9.3649
9.5001	-0.3087	1.5308	9.7022
9.5101	2.6889	-0.4582	7.9968
9.5201	0.3721	1.7791	10.5672
9.5301	1.6068	-0.8680	10.8520
9.5401	0.3900	-0.5964	10.1270
9.5501	0.7944	0.7250	9.3846
9.5601	0.1968	0.1035	8.9754
9.5701	-0.0497	1.2502	10.5349
9.5801	1.4985	-0.7639	8.6153
9.5901	1.2371	1.9172	10.1198
9.6001	1.4997	1.2161	9.8823
9.6101	0.8231	-0.5821	10.5379
9.6201	-0.2142	0.6239	9.8315
9.6301	-0.0724	1.5948	7.2598
9.6401	-0.1053	0.8614	8.4729
9.6501	0.7101	-0.5360	9.7914
9.6601	1.4429	0.3320	8.9503
9.6701	1.3346	-0.5145	10.0630
9.6801	0.5318	2.2821	10.7042
9.6901	1.2138	-0.5767	10.1234
9.7001	-0.4498	-0.4355	7.6600
9.7101	0.0455	1.0169	8.5722
9.7201	1.0959	0.3673	10.6528
9.7301	1.6857	0.2028	10.0719
9.7401	1.5099	-0.8704	9.1100
9.7501	0.6437	2.5214	8.6446
9.7601	0.4385	2.2642	10.3698
9.7701	0.8034	-0.1789	11.8312
9.7801	0.3218	-0.5234	10.1946
9.7901	0.7854	0.1998	9.4869
9.8001	1.2766	1.3274	9.7034
9.8101	1.5326	0.4325	10.1054
9.8201	1.2467	0.4810	8.7320
9.8301	0.4217	1.0863	9.6053
9.8401	-0.1681	1.1725	9.1238
9.8501	1.5631	0.8423	9.4570
9.8601	-0.6532	0.3290	9.7657
9.8701	0.6496	0.4385	9.3792
9.8801	0.4086	1.0020	9.2572
9.8901	0.6084	0.7711	9.0975
9.9001	1.5188	1.1856	10.3423
9.9101	0.4953	-0.5486	10.2927
9.9201	0.1675	1.3071	8.7487
9.9301	-0.7842	-0.5342	9.9852
9.9401	0.4205	-0.4540	10.7341
9.9501	-0.0628	0.2046	8.7894
9.9601	1.0355	0.6831	9.6628
9.9701	1.3717	0.5731	9.1770
9.9801	0.1238	1.0816	9.7429
9.9901	0.4857	-1.0959	8.9790
10.0001	-0.2770	1.6666	9.5946
10.0101	-0.0024	-0.2435	8.7493
10.0201	-0.1041	0.9194	9.1501
10.0301	1.4722	-0.4552	9.4474
10.0401	1.0816	-0.3099	9.5264
10.0501	0.8788	0.9141	9.6586
10.0601	0.6903	0.1681	10.3495
10.0701	-0.3284	1.9531	9.5024
10.0801	0.8722	-0.6485	8.7930
10.0901	0.0090	0.0341	9.9296
10.1001	1.5631	-0.4463	9.3864
10.1101	0.6455	0.9781	9.9080
10.1201	0.6084	0.6670	9.3020
10.1301	0.6897	0.9188	8.9294
10.1401	0.5426	1.1013	8.4203
10.1501	1.0343	0.3739	9.8763
10.1601	0.1573	0.4475	9.5593
10.1701	1.3101	-0.6843	9.4307
10.1801	-0.2560	1.2018	9.9702
10.1901	0.9254	0.2590	8.9712
10.2001	0.4241	0.1442	9.3146
10.2101	0.1974	0.6921	8.8480
10.2201	1.0175	-0.1633	9.5138
10.2301	0.1807	0.9912	9.1986
10.2401	1.9310	-0.7675	9.3649
10.2501	0.7603	1.6373	10.2675
10.2601	1.1713	0.0239	9.9284
10.2701	0.4463	0.7950	10.2239
10.2801	0.0598	-0.0389	8.9407
10.2901	0.6215	-0.3045	8.4161
10.3001	0.7041	0.2668	10.0576
10.3101	2.0800	-0.8746	9.8207
10.3201	-0.0299	1.7174	10.1802
10.3301	1.4273	0.6167	9.5102
10.3401	0.4343	0.0742	10.8616
10.3501	-0.1920	0.9984	9.2614
10.3601	0.8895	-0.2776	7.3986
10.3701	-0.0197	-0.1274	9.4127
10.3801	1.1886	-1.3364	8.7272
10.3901	1.0241	0.9918	9.7519
10.4001	1.1456	0.0090	9.5485
10.4101	0.4995	0.1807	9.2584
10.4201	0.2195	1.2490	8.4783
10.4301	1.3759	-0.1777	9.6418
10.4401	-0.0383	0.6921	11.5734
10.4501	1.3681	-0.5456	9.7890
10.4601	-0.1687	2.1051	10.1054
10.4701	0.9296	-0.0287	10.5176
10.4801	0.0389	1.3454	9.3714
10.4901	0.2142	1.7593	9.5557
10.5001	1.0863	-0.1741	9.3044
10.5101	0.7747	-0.2979	9.8805
10.5201	2.4179	-0.4833	9.8446
10.5301	-0.1352	2.0052	9.7034
10.5401	0.9882	-0.9278	10.1455
10.5501	0.0293	1.3765	7.1910
10.5601	0.6694	1.0367	9.9212
10.5701	1.9759	-1.4213	10.7970
10.5801	-0.3637	0.8118	11.4502
10.5901	2.0159	-0.6951	12.3469
10.6001	0.1352	0.2489	8.7810
10.6101	0.0449	0.7914	8.4765
10.6201	1.4261	1.7085	7.8592
10.6301	0.8704	1.5631	9.1639
10.6401	1.4201	-1.2455	9.5377
10.6501	-0.0909	2.1882	10.1132
10.6601	2.8648	-1.7276	11.3258
10.6701	0.0449	0.3129	10.4542
10.6801	0.6132	0.6963	9.5802
10.6901	0.9733	0.9745	8.2043
10.7001	1.1707	0.5061	9.3708
10.7101	1.2808	-0.3769	9.2757
10.7201	0.4684	0.8124	10.4273
10.7301	1.1773	-2.0937	10.7270
10.7402	-0.2644	1.6833	9.8117
10.7502	1.6349	-0.1352	9.6269
10.7602	0.2201	-0.1005	9.2524
10.7702	0.0921	1.1976	9.2165
10.7802	0.4325	0.6831	8.6524
10.7902	0.5904	-0.5186	11.0632
10.8002	0.8022	-0.3164	9.8045
10.8102	0.8165	0.1394	10.5601
10.8202	0.7705	0.2034	8.2971
10.8302	0.2070	0.5025	8.3982
10.8402	1.1503	1.6367	8.4915
10.8502	1.0433	-0.9476	9.3637
10.8602	0.4331	1.0810	9.8739
10.8702	1.3860	0.1250	8.8725
10.8802	0.0927	0.6251	10.9333
10.8902	0.2955	-0.6915	9.0915
10.9002	0.2333	0.7950	9.9296
10.9102	1.3184	0.9547	10.2556
10.9202	1.6672	-0.7807	9.5629
10.9302	0.4463	1.2873	9.5958
10.9402	1.6917	-0.1920	9.5748
10.9502	0.0706	0.4403	10.5146
10.9602	0.2829	0.0431	8.5034
10.9702	0.1041	0.8985	9.5509
10.9802	0.4857	0.2249	9.4121
10.9902	1.3436	-0.4672	8.8468
11.0002	0.6060	1.6265	9.6185
11.0102	1.7970	-0.7095	9.1202
11.0202	-0.0479	1.0989	10.3782
11.0302	1.0008	-0.0060	9.8153
11.0402	-0.0694	0.1466	10.2131
11.0502	-0.2112	1.4973	8.6368
11.0602	1.4698	0.1382	9.7100
11.0702	0.6622	0.4564	10.2173
11.0802	1.2921	0.3218	9.2620
11.0902	0.7107	1.8269	11.0213
11.1002	0.4869	-0.7065	9.9266
11.1102	0.5061	0.9966	8.8953
11.1202	0.4379	1.8484	9.8255
11.1302	2.1631	-1.0020	11.2941
11.1402	-0.5988	1.5493	9.5461
11.1502	1.7402	0.8393	9.3308
11.1602	0.9745	-0.0215	10.0498
11.1702	1.6199	0.2417	9.0598
11.1802	-0.4851	1.5344	9.8859
11.1902	1.0833	-1.0905	10.1976
11.2002	0.7214	-0.5551	9.0221
11.2102	1.2407	1.8568	8.9467
11.2202	1.4124	-0.9440	10.6737
11.2302	0.2752	1.6648	8.5531
11.2402	1.0331	1.3113	11.7409
11.2502	0.4116	-0.7466	10.9411
11.2602	0.0688	-0.2088	9.6963
11.2702	1.7856	-0.9212	9.2811
11.2802	0.2237	0.9888	10.4781
11.2902	1.3047	0.0586	9.0765
11.3002	1.1474	1.7563	9.7513
11.3102	1.1862	0.0796	11.1469
11.3202	-0.7149	-0.0006	9.6652
11.3302	0.3936	1.5960	10.7545
11.3402	1.6469	-1.8999	8.9413
11.3502	0.8249	1.2149	10.5361
11.3602	1.0151	-0.7627	10.0809
11.3702	0.0688	0.0305	10.8801
11.3802	0.7789	-0.2943	9.4307
11.3902	0.3422	1.5290	9.8135
11.4002	0.8213	0.2728	10.1838
11.4102	1.0325	-0.6431	7.1270
11.4202	0.2835	2.0991	9.8273
11.4302	2.5370	-0.0981	10.0217
11.4402	0.6161	0.7394	9.5611
11.4502	1.0881	1.3932	9.5677
11.4602	-0.1944	-0.1956	10.6869
11.4702	-0.4792	0.5414	8.6285
11.4802	1.3166	-0.2668	9.5491
11.4902	0.7412	-0.1280	10.6408
11.5002	1.6002	-0.0090	8.9994
11.5102	0.1406	2.1230	11.2917
11.5202	2.1619	-0.3757	8.7822
11.5302	-0.1914	0.2016	10.1138
11.5402	0.5665	1.6391	7.7862
11.5502	1.2802	-0.4989	9.4498
11.5602	0.3194	1.4255	9.0538
11.5702	1.3113	-0.4977	10.4841
11.5802	1.2221	-0.4720	10.8257
11.5902	-0.2016	1.3017	8.2815
11.6002	-0.0826	1.1324	10.9088
11.6102	0.2883	0.0317	8.7858
11.6202	0.6395	1.1013	9.1022
11.6302	0.9278	0.0837	9.7645
11.6402	1.8347	-0.9045	9.7866
11.6502	0.1573	0.9033	9.4325
11.6602	0.9703	0.9541	9.2859
11.6702	0.5414	-0.6150	10.1629
11.6802	-0.2052	2.1248	8.7397
11.6902	0.9631	-0.3649	9.6538
11.7002	1.6271	-0.1095	8.5597
11.7102	0.7711	0.2064	9.0610
11.7202	1.0762	1.2574	9.7740
11.7302	0.5318	-0.7938	9.1178
11.7402	-0.3188	0.8459	9.2279
11.7502	0.8518	1.1067	10.5583
11.7602	0.7759	-0.9589	9.4331
11.7702	0.9775	0.5049	9.6484
11.7802	1.3238	0.2477	9.7722
11.7902	0.9511	0.7143	9.5838
11.8002	0.9344	0.5180	8.9312
11.8102	0.9775	0.6933	9.6287
11.8202	1.1037	-0.3691	9.5168
11.8302	0.4050	0.9936	8.9545
11.8402	-0.2686	1.0032	9.8291
11.8502	0.7603	-0.2399	8.0985
11.8602	0.2345	0.8788	8.5202
11.8702	1.2132	0.5791	10.0893
11.8802	0.2596	0.1143	9.9816
11.8902	1.1832	-0.6760	9.2793
11.9002	1.8018	-0.1496	9.5539
11.9102	0.5240	0.5545	10.1347
11.9202	1.9830	1.1940	9.4025
11.9302	0.0461	1.5218	10.7682
11.9402	1.8610	-1.5679	9.5647
11.9502	-0.6006	0.7460	8.5423
11.9602	1.5338	-0.2321	9.9385
11.9702	1.1946	-0.7268	10.4470
11.9802	-0.2620	1.5894	10.5308
11.9902	1.4602	-0.4343	10.2203
12.0002	-0.6311	1.6851	9.3403
12.0102	1.5864	0.3649	9.7046
12.0202	0.5432	0.4307	9.6263
12.0302	0.9637	-0.7023	9.7764
12.0402	0.6580	0.7860	9.1740
12.0502	0.7537	0.0401	10.0767
12.0602	1.2628	-0.2841	8.8193
12.0702	-0.0951	1.8676	11.1649
12.0802	1.9101	-1.5380	9.7896
12.0902	-0.2632	0.5910	10.6899
12.1002	1.4608	0.2895	9.4055
12.1102	1.3627	-0.6586	9.5958
12.1202	0.9278	1.4147	9.5371
12.1302	0.1765	0.5659	10.2771
12.1402	0.9111	0.5862	9.4522
12.1502	0.7723	0.1119	9.6251
12.1602	-0.1184	-0.0156	11.0733
12.1702	0.4373	-0.5049	9.1950
12.1802	0.5491	0.7274	10.4542
12.1902	2.1206	-0.4427	9.4229
12.2002	0.2339	0.5222	8.8833
12.2102	1.0606	2.3408	9.9439
12.2202	1.2879	-0.8829	9.8536
12.2302	-0.0963	1.2754	9.9116
12.2402	0.9440	-0.3069	9.8614
12.2502	0.8674	0.1519	9.2261
12.2602	-0.3488	1.2419	9.0873
12.2702	1.2688	1.1761	9.2261
12.2802	0.7759	0.2201	8.4137
12.2902	1.4471	-0.1298	9.5533
12.3002	0.5312	1.3238	10.7802
12.3102	1.8126	-1.0445	11.5142
12.3202	-0.6108	1.4997	9.4684
12.3302	1.3717	0.7741	10.0701
12.3402	1.2389	-0.0413	9.7770
12.3502	0.3769	2.7882	8.8468
12.3602	1.2239	0.8823	9.3960
12.3702	-0.0945	0.0730	10.3836
12.3802	1.0301	-0.1639	10.2311
12.3902	0.3589	0.2937	10.6797
12.4002	0.2512	1.1755	9.1346
12.4102	0.8991	0.2201	9.5928
12.4202	1.1258	0.2046	9.5084
12.4302	0.5180	0.8082	9.6287
12.4402	0.0867	0.1466	11.1092
12.4502	1.4973	0.0036	10.0719
12.4602	0.4481	0.8189	10.2508
12.4702	1.6050	0.3727	10.1066
12.4802	0.9822	0.2997	9.8799
12.4902	0.4498	2.1487	9.5599
12.5002	1.6361	-0.1543	8.9724
12.5102	0.4128	0.9308	9.9343
12.5202	1.1629	0.6760	10.0193
12.5302	0.1370	0.1735	10.6325
12.5402	-0.2309	0.9272	9.2207
12.5502	1.1049	-0.4002	9.4965
12.5602	1.0977	-0.5462	8.3252
12.5702	0.5629	0.2046	10.1958
12.5802	0.0622	1.2275	10.3615
12.5902	1.7755	-0.2859	8.6709
12.6002	0.7382	1.4620	9.7998
12.6102	1.7545	-0.7693	9.9266
12.6202	-0.3583	0.0957	9.3679
12.6302	0.7172	0.4056	10.1066
12.6402	1.9071	-1.1814	9.4552
12.6502	-0.0323	1.9226	9.2751
12.6602	1.5027	-0.1998	9.1417
12.6702	-0.7071	1.3555	9.6705
12.6802	1.3424	1.3555	10.1180
12.6902	0.3021	0.1836	10.0582
12.7002	1.0522	-1.4548	10.2837
12.7102	1.0325	0.9446	10.3926
12.7202	0.4104	1.0947	9.9158
12.7302	1.9280	0.3147	9.0933
12.7402	-0.0227	1.3914	10.2556
12.7502	1.5045	-0.8171	10.0169
12.7602	-0.3966	1.1354	9.1052
12.7702	1.7354	-0.1364	10.0660
12.7802	0.9015	-0.5282	9.5724
12.7902	0.6227	0.6634	9.0101
12.8002	1.7258	-0.3685	8.7158
12.8102	-0.3368	2.8768	10.1377
12.8202	2.1428	-0.4965	10.7419
12.8302	-0.4971	0.7848	10.0666
12.8402	1.0289	1.3406	9.0149
12.8502	0.6496	-1.8209	8.8510
12.8602	0.2417	1.0373	9.1722
12.8702	1.6313	0.7944	9.3158
12.8802	-0.4331	1.1844	10.0624
12.8902	1.1910	-0.3194	9.8309
12.9002	-0.4235	0.9625	10.9794
12.9102	1.3681	-0.2506	9.5431
12.9202	-0.0048	-0.2273	8.5136
12.9302	0.6377	1.7420	9.3206
12.9402	0.7711	0.9978	7.8598
12.9502	0.3535	1.4482	10.1180
12.9602	-0.1992	0.0090	11.0201
12.9702	0.0066	-0.3224	10.7850
12.9802	0.8752	-0.5785	9.8279
12.9902	1.0534	-0.6526	9.4684
13.0002	0.3667	0.8483	8.8648
13.0102	0.9924	0.6449	8.1649
13.0202	0.2518	3.0508	9.9493
13.0302	1.9232	-0.2560	9.9966
13.0402	0.7771	0.7400	9.3690
13.0502	2.1308	0.0730	10.0624
13.0602	0.1944	1.4716	11.4011
13.0702	0.7334	0.8094	9.9894
13.0802	0.8435	0.8159	8.2259
13.0902	0.9254	1.7426	9.9146
13.1002	1.4189	-0.5767	8.6147
13.1102	0.6861	0.2847	9.9451
13.1202	1.5553	-0.3990	9.1220
13.1302	-0.7968	1.8993	10.3609
13.1402	1.1162	-0.5515	9.5826
13.1502	-0.0556	0.4953	10.7335
13.1602	0.7328	0.2393	8.1918
13.1702	2.0094	-1.5434	9.6807
13.1802	-0.0407	1.5601	10.6654
13.1902	1.2239	-0.2016	9.3876
13.2002	-0.1101	1.2682	9.0460
13.2102	1.5571	-0.3571	8.9760
13.2202	0.8375	0.2949	9.4486
13.2302	0.8823	0.7830	9.4277
13.2402	1.2419	-0.8835	10.0558
13.2502	-0.0353	1.1533	9.4462
13.2602	0.4738	0.0006	9.0047
13.2702	0.3924	0.3565	8.5794
13.2802	1.4351	0.2435	9.2099
13.2902	0.5312	1.0899	10.4733
13.3002	1.5858	-0.7454	9.1830
13.3102	-0.1992	1.5763	9.9780
13.3202	0.5043	-0.1328	9.7669
13.3302	0.4612	0.8154	9.4534
13.3402	0.2943	1.4070	9.5736
13.3502	1.1462	0.0413	9.8249
13.3602	-0.2608	1.0433	9.1346
13.3702	2.3904	-1.1216	10.4644
13.3802	-0.0808	0.8847	11.0913
13.3902	0.8734	-0.1208	9.0018
13.4002	0.5474	0.7304	8.1810
13.4102	0.3290	1.7539	9.6215
13.4202	1.4058	-0.5551	8.2696
13.4302	-0.1292	1.2855	10.9262
13.4402	1.5846	-0.6951	10.3118
13.4502	-0.2967	1.1581	9.3302
13.4602	1.0827	0.5838	9.4893
13.4702	0.6718	0.0748	9.1286
13.4802	0.1908	1.2915	10.0767
13.4902	1.2802	-0.6096	9.9254
13.5002	0.0132	-0.0778	10.7072
13.5102	2.1583	-0.2004	9.8129
13.5202	-0.5665	2.2732	10.3752
13.5302	0.7262	-0.4277	8.2402
13.5402	0.8961	1.1366	10.7826
13.5502	0.4193	0.7872	9.6466
13.5602	1.0050	0.4433	7.9358
13.5702	-0.2548	1.5523	11.1439
13.5802	1.6044	0.0485	7.5308
13.5902	-0.0120	1.4088	8.8911
13.6002	1.7144	-1.4327	8.8360
13.6102	-0.0526	1.4901	10.3130
13.6202	0.9864	0.0479	9.2309
13.6302	0.3745	-0.1340	10.0432
13.6402	0.3799	1.4692	10.0642
13.6502	1.0373	0.4475	9.8452
13.6602	-0.4187	1.9842	8.9671
13.6702	2.4837	-0.0185	9.9343
13.6802	0.9476	1.0546	11.5178
13.6902	1.8610	-0.9470	8.7439
13.7002	0.3284	0.5282	10.5326
13.7102	0.1603	1.0684	9.1280
13.7202	1.6965	1.0116	8.6787
13.7302	0.5815	0.3069	10.2227
13.7402	1.2263	0.1436	10.0402
13.7502	0.1549	0.5569	10.6630
13.7602	1.1007	-0.6676	10.6618
13.7702	-0.1525	-0.1137	8.9808
13.7802	0.3655	0.8806	8.5513
13.7902	0.8333	-0.7256	9.1154
13.8002	0.8381	0.3846	9.3308
13.8102	0.7645	0.2668	10.1910
13.8202	0.6167	0.2465	9.2213
13.8302	1.2413	-1.4752	9.4809
13.8402	0.2644	1.4183	9.5467
13.8502	0.3643	0.8369	10.4458
13.8602	0.3320	0.2058	8.8833
13.8702	0.1268	1.6086	8.2701
13.8802	2.3318	-0.5019	8.4562
13.8902	0.9667	0.8764	9.4977
13.9002	2.0327	0.1077	9.3966
13.9102	-0.1442	1.1491	10.3674
13.9202	-0.2746	-0.0766	8.6889
13.9302	0.5898	-0.1346	9.2494
13.9402	-0.4307	1.5523	9.7728
13.9502	0.8183	-0.3517	8.6333
13.9602	1.1850	0.0203	8.7260
13.9702	1.5930	0.0473	8.9150
13.9802	0.2076	1.2808	11.0147
13.9902	0.2345	-0.6114	9.7710
14.0002	0.4893	0.1340	9.6323
14.0102	0.4522	-0.1920	7.8975
14.0202	0.6634	0.5043	9.0299
14.0302	0.8686	1.8179	10.0438
14.0402	1.9388	-0.2596	8.5322
14.0502	-0.2991	1.0510	10.4105
14.0602	2.1475	-0.3715	9.8386
14.0702	-0.4080	0.6173	8.9862
14.0802	0.7950	0.4498	9.4055
14.0902	1.1826	-1.1366	9.6257
14.1002	0.0610	1.9926	8.6548
14.1102	1.5918	-0.8602	10.4961
14.1202	0.5390	1.3866	9.1304
14.1302	1.2096	0.1717	8.7960
14.1402	-0.8901	0.4720	9.8632
14.1502	1.0959	-0.1370	9.3529
14.1602	1.2383	-0.7860	10.7108
14.1702	0.0927	1.2598	10.2562
14.1802	1.3184	-0.3828	8.0333
14.1902	0.0867	2.0853	10.2604
14.2002	1.7031	-0.7143	8.7188
14.2102	-0.6706	0.9613	11.5327
14.2202	0.6431	-0.6658	10.6217
14.2302	-0.1310	-0.1561	10.5170
14.2402	0.0981	1.1133	8.5549
14.2502	1.9262	0.0191	8.2809
14.2602	0.3733	1.1928	10.2520
14.2702	1.6588	-0.4630	9.5210
14.2802	-0.1908	1.0636	10.3268
14.2902	1.1354	-1.0068	9.2751
14.3002	0.0951	0.4774	10.4841
14.3102	0.8794	1.2012	9.4540
14.3202	0.8853	1.1695	8.9395
14.3302	1.0810	1.9735	9.6622
14.3402	1.6612	-0.6455	8.7708
14.3502	-0.1424	1.3747	11.0925
14.3602	1.4752	-0.4229	10.3722
14.3702	-0.5701	0.7986	10.7042
14.3802	0.7196	0.3404	8.9910
14.3902	1.4028	0.5402	7.6127
14.4002	1.5093	1.2748	8.2378
14.4102	1.4997	0.2375	10.2903
14.4202	-0.3374	1.8574	10.6851
14.4302	1.1880	-0.9446	10.0672
14.4402	-1.0708	1.2592	10.3124
14.4502	1.4530	-0.3129	9.0855
14.4602	0.3888	1.1557	9.3738
14.4702	1.6989	1.0893	9.8769
14.4802	1.2544	0.0203	10.7766
14.4902	0.4044	0.9158	9.6975
14.5002	1.5254	-0.3260	9.5276
14.5102	-0.3823	1.1545	9.6693
14.5202	0.2058	0.7902	9.4977
14.5302	0.6808	0.4762	9.5545
14.5402	1.4943	-0.6323	9.8901
14.5502	1.1019	-0.3547	9.6442
14.5602	-0.0604	0.8022	9.4073
14.5702	-0.0802	0.6556	9.4426
14.5802	-0.5198	0.9194	10.0325
14.5902	1.2945	-0.0927	9.5084
14.6002	0.3206	1.1474	9.7884
14.6102	1.4357	0.3081	10.2215
14.6202	1.0241	0.6060	9.6903
14.6302	1.1671	1.3077	9.2835
14.6402	0.4576	1.2155	9.6676
14.6502	-0.0640	1.7761	10.5385
14.6602	0.7741	0.0556	9.7274
14.6702	0.4989	-0.8040	9.1740
14.6802	0.6407	0.3589	8.6237
14.6902	0.8686	0.8991	10.0265
14.7002	0.8973	1.1396	11.0147
14.7102	0.4510	0.3470	8.5118
14.7202	0.7830	0.8034	9.2668
14.7302	0.4516	0.0772	9.2404
14.7402	-0.2602	0.4905	8.9479
14.7502	1.3298	0.0156	8.1200
14.7602	0.0185	0.4122	9.4031
14.7702	0.7699	0.9075	8.8360
14.7802	0.9398	-0.0311	11.2743
14.7902	-0.1454	0.8943	10.2083
14.8002	0.2243	-0.8818	9.5377
14.8102	-0.2895	0.3852	10.6360
14.8202	1.8706	-0.1412	8.9120
14.8302	0.9081	1.5781	10.3938
14.8402	2.2756	1.1868	8.8803
14.8502	0.5659	1.1803	10.1623
14.8602	0.2405	0.3021	9.5994
14.8702	0.6257	-0.4086	9.9822
14.8802	0.6365	0.0808	10.0217
14.8902	0.7507	-0.2734	8.0369
14.9002	0.8536	0.6903	8.6482
14.9102	1.7838	0.3757	8.9240
14.9202	0.0538	0.7693	9.7980
14.9302	1.1462	0.5988	10.2287
14.9402	-0.0156	0.7597	10.0127
14.9502	0.1507	-0.3194	9.8285
14.9602	0.5426	-0.0766	9.9708
14.9702	0.1621	2.6746	9.6819
14.9802	1.8622	-1.3519	9.5784
14.9902	0.3583	1.6953	10.7228
15.0002	0.9733	0.2154	9.1280
15.0102	-0.0419	0.8518	10.0797
15.0202	0.7304	0.6508	9.7872
15.0302	0.0814	0.4038	10.0660
15.0402	0.9607	-0.0413	9.5671
15.0502	0.6993	-0.4875	8.8719
15.0602	0.1400	0.0550	9.6855
15.0702	1.4542	0.0281	8.1882
15.0802	0.1813	1.9501	9.0927
15.0902	1.1904	-0.5438	9.9296
15.1002	-0.3464	0.7184	9.1441
15.1103	1.4237	0.2818	8.7828
15.1203	0.6592	0.5677	10.1557
15.1303	0.8076	0.3924	9.8177
15.1403	0.3733	0.6742	10.1988
15.1503	1.6169	0.3499	9.3768
15.1603	1.2682	-0.8680	10.0073
15.1703	0.1352	1.7336	10.5092
15.1803	1.7659	-0.0843	9.4935
15.1903	0.6066	1.5326	10.1910
15.2003	1.3483	-0.0239	10.5577
15.2103	0.6191	0.7842	9.6125
15.2203	0.6191	0.6580	9.2339
15.2303	1.1922	-0.5641	9.3098
15.2403	-0.2722	1.7468	9.4235
15.2503	0.5832	0.5324	9.4175
15.2603	0.9978	-0.0377	8.8331
15.2703	1.1354	-0.1585	10.0827
15.2803	0.7286	1.2562	9.1902
15.2903	0.7860	0.2776	11.2390
15.3003	0.4307	0.6449	10.6803
15.3103	0.8716	-0.0090	9.8237
15.3203	-0.3751	1.2323	8.2582
15.3303	-0.4546	0.7412	9.3876
15.3403	1.3669	-0.3649	8.3814
15.3503	-0.2632	0.8823	9.4295
15.3603	2.3880	-1.0672	9.2207
15.3703	-0.2363	0.4199	9.9200
15.3803	0.5228	0.9404	8.4664
15.3903	0.6658	0.2261	9.8225
15.4003	-0.2357	0.8680	10.1629
15.4103	2.2241	-1.5942	8.9856
15.4203	0.1137	1.2389	10.1467
15.4303	0.9344	0.3200	8.6022
15.4403	0.6610	1.4710	9.7142
15.4503	0.9105	0.8447	10.1587
15.4603	0.7777	-0.9667	10.7485
15.4703	0.6712	0.2865	10.7473
15.4803	1.3376	-0.9440	10.0067
15.4903	0.2088	2.6500	9.0287
15.5003	1.1922	-0.6443	9.5389
15.5103	-0.0640	1.5643	9.2392
15.5203	0.8710	0.4181	10.0061
15.5303	-0.1119	0.0981	10.2376
15.5403	0.8357	1.2353	10.8963
15.5503	1.4590	-1.9705	9.5443
15.5603	-0.6275	2.1966	9.7866
15.5703	2.2618	-0.7597	8.1888
15.5803	0.0742	1.9119	11.0524
15.5903	2.1200	-0.5928	8.6841
15.6003	-0.8136	0.6108	9.4815
15.6103	1.6445	-0.0437	9.9104
15.6203	-0.4283	0.5952	9.3684
15.6303	0.3984	0.3194	10.3465
15.6403	0.3326	-0.1047	8.3066
15.6503	0.1735	0.6610	8.9300
15.6603	1.8233	-0.6179	9.2961
15.6703	0.1519	0.7771	9.6101
15.6803	1.8610	-0.7125	9.8781
15.6903	-0.3099	1.5057	9.5551
15.7003	1.3370	-0.0251	9.0053
15.7103	0.1346	0.7412	10.1862
15.7203	1.0235	1.1868	9.3481
15.7303	1.3364	-0.1597	9.0837
15.7403	0.5755	1.2760	10.4614
15.7503	1.3483	-0.4050	9.6364
15.7603	-0.0748	1.3777	9.9601
15.7703	1.3968	-0.0981	9.0466
15.7803	-0.1920	0.4181	9.7411
15.7903	2.0058	-0.3087	10.4895
15.8003	1.3137	-1.0552	9.6335
15.8103	0.9523	2.4096	10.1814
15.8203	0.4875	0.7418	9.9427
15.8303	0.7681	2.0578	9.5790
15.8403	1.9729	-1.0540	9.5150
15.8503	-0.1119	0.7358	10.3848
15.8603	1.1856	0.2806	9.1148
15.8703	1.0857	0.2004	10.7617
15.8803	1.5619	0.2279	9.3361
15.8903	0.1902	0.4863	9.7627
15.9003	0.5079	1.1216	9.0227
15.9103	1.6074	-0.0939	9.0167
15.9203	0.7813	0.7717	9.6556
15.9303	1.4961	0.7669	9.7190
15.9403	0.2339	0.6682	10.0002
15.9503	1.0169	0.5270	9.8799
15.9603	0.8943	-0.0126	9.0592
15.9703	-0.1807	-0.1202	9.1124
15.9803	0.9266	-0.6239	8.5375
15.9903	-0.2082	0.8889	10.3274
16.0003	1.4794	0.0688	9.9852
16.0103	0.3565	0.8740	10.1312
16.0203	1.1647	-0.1310	8.6709
16.0303	0.4875	0.5462	9.0622
16.0403	1.0720	0.5826	11.3150
16.0503	0.7597	-0.9942	9.5479
16.0603	-0.0150	0.4827	8.6715
16.0703	1.3478	-0.0927	8.5938
16.0803	1.1773	0.5791	10.4793
16.0903	1.6582	0.4361	10.4973
16.1003	0.2824	0.9721	10.4536
16.1103	1.5972	0.2231	8.9066
16.1203	1.3537	-0.2626	10.0474
16.1303	0.1627	0.9218	9.9218
16.1403	1.4608	0.6365	9.9296
16.1503	0.4522	1.7204	9.2368
16.1603	0.6227	0.4098	8.8989
16.1703	1.0319	0.3141	10.2029
16.1803	1.5386	-0.3458	9.9708
16.1903	0.0598	0.8327	8.7032
16.2003	0.7101	0.9332	9.0921
16.2103	0.8142	0.4092	8.6105
16.2203	0.9703	1.1713	9.4474
16.2303	1.7479	-0.7932	9.1627
16.2403	0.6024	1.5152	9.8177
16.2503	1.5685	0.2752	9.9427
16.2603	0.8913	0.9763	10.4428
16.2703	0.4690	0.6108	9.3224
16.2803	0.9230	-0.7472	9.9200
16.2903	0.2985	-0.1125	10.1976
16.3003	1.8048	-0.3266	9.0496
16.3103	0.1537	2.2319	9.9397
16.3203	1.4794	0.1579	9.3930
16.3303	0.0592	1.5715	9.7866
16.3403	0.9182	-1.0576	9.3248
16.3503	-0.3655	0.3511	10.5409
16.3603	-0.1166	-0.0538	10.2161
16.3703	1.4375	-1.0516	9.1393
16.3803	0.4744	0.9404	9.3415
16.3903	1.9119	0.5198	7.8209
16.4003	0.1268	2.0453	8.7122
16.4103	1.4871	1.0546	9.1088
16.4203	0.2590	-1.2957	10.1192
16.4303	0.7621	0.3517	10.3651
16.4403	0.4714	0.5157	9.9463
16.4503	0.6796	0.9757	9.6143
16.4603	1.4985	-0.1298	8.6626
16.4703	1.2179	1.5368	8.7864
16.4803	1.2419	0.0006	9.7800
16.4903	-0.8088	1.8048	9.4163
16.5003	2.3623	-1.1593	9.4277
16.5103	-0.6066	1.1019	10.1665
16.5203	2.0590	-0.0610	9.9942
16.5303	0.4606	1.4518	9.4618
16.5403	1.5105	-0.0473	8.9072
16.5503	1.4764	-1.7874	8.5340
16.5603	0.1902	2.0135	9.8835
16.5703	2.1320	-0.5527	9.1627
16.5803	-0.8806	2.1475	9.9990
16.5903	1.0911	-0.1334	10.8933
16.6003	0.7017	-0.4062	9.6622
16.6103	1.5739	-0.3464	10.4799
16.6203	0.7495	1.0026	10.3956
16.6303	0.3153	1.5464	10.3794
16.6403	0.4642	0.0796	8.4891
16.6503	-0.5946	1.2915	9.2165
16.6603	1.6983	-0.5354	8.9282
16.6703	-0.0556	1.4058	10.3746
16.6803	2.2445	-1.0893	9.7280
16.6903	0.4158	0.8465	10.8370
16.7003	0.7771	1.2688	10.2897
16.7103	0.7507	0.5605	8.7086
16.7203	-0.0162	2.2929	9.5551
16.7303	1.7354	-0.7125	9.8614
16.7403	0.9320	0.9368	10.1964
16.7503	1.5709	-0.1364	9.4576
16.7603	0.1513	0.6018	10.4159
16.7703	0.5180	0.6700	9.6083
16.7803	0.1143	0.4684	7.9328
16.7903	0.6921	-0.4588	9.6179
16.8003	1.1396	0.0742	7.8227
16.8103	0.8327	1.2885	10.2454
16.8203	2.0225	-0.3547	10.3232
16.8303	-0.3135	1.8999	10.8945
16.8403	0.5115	0.5749	10.2741
16.8503	0.2207	1.1354	9.7675
16.8603	0.7842	0.3846	10.5804
16.8703	1.9298	-1.1091	9.6795
16.8803	-0.1286	2.6399	10.3322
16.8903	2.6052	-0.8327	8.4065
16.9003	0.3260	2.2062	9.9613
16.9103	1.5242	-0.6479	8.6979
16.9203	-0.3936	0.9799	10.2107
16.9303	0.7316	-0.7047	10.6582
16.9403	0.5725	-0.8512	9.6819
16.9503	0.0245	0.3422	9.5371
16.9603	0.9882	0.4409	7.5858
16.9703	-0.5049	2.8540	9.9003
16.9803	2.2827	-0.5737	8.8372
16.9903	-0.0784	0.4941	10.0414
17.0003	1.5278	-1.1246	9.8757
17.0103	-0.4433	1.3483	9.2775
17.0203	-0.0652	0.7801	8.6751
17.0303	2.2827	-0.9320	8.4717
17.0403	0.1047	2.4173	9.0394
17.0503	2.0171	-0.1208	8.5669
17.0603	-0.0532	1.9250	11.0171
17.0703	2.2086	-0.1466	10.9818
17.0803	0.6825	0.3404	9.6568
17.0903	0.5635	0.7166	9.9894
17.1003	0.8249	0.4032	8.3485
17.1103	0.8991	1.9286	9.4247
17.1203	0.5689	-0.6221	8.6775
17.1303	-0.4977	1.4267	10.4213
17.1403	1.8036	-0.5515	9.3756
17.1503	0.0879	0.2578	10.0091
17.1603	1.0780	0.6903	10.3884
17.1703	-0.1657	1.1928	9.2985
17.1803	1.6642	-0.6443	9.6664
17.1903	1.4823	0.2010	9.4067
17.2003	-0.1454	0.0568	9.7178
17.2103	1.2443	-0.2471	8.2821
17.2203	-0.1519	1.8383	9.7280
17.2303	1.4153	-1.1282	8.7679
17.2403	-0.2530	0.1244	9.7441
17.2503	1.8102	-0.4104	8.9994
17.2603	-0.1675	0.9452	10.2699
17.2703	0.4917	0.4839	9.7304
17.2803	0.8806	0.3117	8.9994
17.2903	0.4726	2.1787	9.5240
17.3003	2.1990	-1.1527	9.1011
17.3103	0.8130	0.2183	10.8998
17.3203	1.9830	-0.8542	10.2394
17.3303	-0.2171	1.1228	10.4279
17.3403	0.6915	0.8291	10.1102
17.3503	0.4265	0.3942	9.7657
17.3603	0.9045	1.9142	9.7776
17.3703	1.9645	-0.9667	8.4993
17.3803	-0.2877	2.9521	10.2538
17.3903	2.3001	-1.7862	8.8031
17.4003	-0.7214	1.8592	10.0624
17.4103	1.6732	0.2076	9.1417
17.4203	0.7513	0.4319	10.0719
17.4303	1.1360	0.0927	10.3459
17.4403	0.3667	0.6281	9.6586
17.4503	0.1310	0.7741	9.2943
17.4603	1.0355	0.7238	9.5497
17.4703	0.7178	0.6508	10.3262
17.4803	1.0666	-1.1964	10.1001
17.4903	0.0144	1.6540	9.1549
17.5003	1.7779	-0.0126	9.4055
17.5103	0.7412	0.6670	10.4380
17.5203	1.1258	-0.4229	9.3870
17.5303	0.5162	1.6899	9.0723
17.5403	0.3476	1.2413	9.5336
17.5503	1.4381	-0.8740	8.9234
17.5603	-0.2937	0.6377	9.6652
17.5703	1.6050	0.2148	7.8281
17.5803	0.0323	1.4770	10.4925
17.5903	1.8909	-0.8871	8.9431
17.6003	0.1555	-0.0233	9.4995
17.6103	0.8895	0.5252	8.6572
17.6203	0.6742	0.0090	10.4261
17.6303	0.3918	0.9811	10.7772
17.6403	0.4756	-0.7531	9.7016
17.6503	0.0353	1.6044	9.0376
17.6603	2.3773	-0.2698	9.1094
17.6703	0.4463	0.9164	10.9268
17.6803	1.2161	0.2877	10.0630
17.6903	0.2746	0.8046	9.2662
17.7003	1.1797	0.3248	10.7904
17.7103	-0.2949	0.3553	9.7561
17.7203	0.4235	0.3218	10.9339
17.7303	0.9667	0.0012	8.8480
17.7403	0.7316	1.2275	9.0652
17.7503	1.9232	0.5007	10.1724
17.7603	-0.3607	2.0991	9.8368
17.7703	0.9571	0.1908	9.8590
17.7803	0.3511	0.9260	9.7292
17.7903	1.4405	-0.3147	10.1294
17.8003	0.0508	0.2710	10.3818
17.8103	-0.0305	1.3555	9.6496
17.8203	1.6917	0.5767	8.6907
17.8303	-0.5862	1.4829	9.6448
17.8403	0.9493	-0.5904	9.7704
17.8503	0.3691	0.5761	10.2831
17.8603	1.2574	-0.1813	10.7515
17.8703	0.3266	0.0814	10.3411
17.8803	1.2281	-0.0814	9.8859
17.8903	0.2554	1.0923	8.1691
17.9003	0.3428	1.4919	9.7998
17.9103	1.6510	-1.4782	8.9988
17.9203	-0.0461	1.2879	9.0771
17.9303	0.8417	-0.8925	8.5519
17.9403	1.0636	0.3081	10.3896
17.9503	0.3458	0.1125	10.8765
17.9603	0.7178	-0.3129	10.3639
17.9703	0.7848	2.7559	8.8534
17.9803	0.9129	0.7555	9.3254
17.9903	-0.2387	0.9655	10.6863
18.0003	1.2831	-0.1513	9.6699
18.0103	-0.1890	1.9436	9.0861
18.0203	1.0199	0.3039	9.8691
18.0303	1.2054	-0.0054	9.9463
18.0403	1.0845	-0.1777	10.5702
18.0503	0.6879	-0.3422	9.3972
18.0603	-0.2393	1.1671	10.0265
18.0703	0.8148	-0.3769	9.5066
18.0803	-0.1842	1.6809	9.8195
18.0903	1.6217	0.5139	9.5407
18.1003	0.8895	0.6796	10.5212
18.1103	1.9023	-1.0229	9.4319
18.1203	0.4175	0.5635	10.6031
18.1303	-0.4199	1.0564	9.6167
18.1403	0.8859	0.3619	8.9886
18.1503	-0.2632	1.2550	9.4247
18.1603	2.2104	0.3260	7.8921
18.1703	0.7938	1.3687	10.0755
18.1803	1.9017	0.7376	10.6372
18.1903	0.1645	0.5497	10.8837
18.2003	-0.0945	0.3906	9.7992
18.2103	0.0670	0.5408	9.5336
18.2203	0.1645	0.5103	10.0743
18.2303	1.5176	-1.5595	9.4845
18.2403	-0.1836	2.2708	9.6101
18.2503	2.1284	-0.1047	7.1856
18.2603	1.2215	1.6110	8.7272
18.2703	1.7420	-0.3709	9.9786
18.2803	-0.7244	1.1438	9.9332
18.2903	0.7071	-0.8381	10.4847
18.3003	-0.3541	-0.4235	9.7692
18.3103	0.2788	-0.8076	8.7547
18.3203	1.7031	0.4822	7.5409
18.3303	0.4295	1.7438	10.2317
18.3403	1.6253	0.5755	10.4141
18.3503	0.6969	-0.1125	10.0707
18.3603	1.5906	0.2847	9.5641
18.3703	0.3386	0.4367	10.0307
18.3803	0.9613	-0.0179	9.1567
18.3903	0.3858	1.4764	9.2351
18.4003	1.7725	0.4229	8.7044
18.4103	0.7860	0.3242	10.0905
18.4203	0.4080	0.4409	10.7312
18.4303	0.3470	0.6096	9.6101
18.4403	0.0706	0.9631	9.8183
18.4503	1.3424	0.2943	10.5337
18.4603	1.2664	-0.3063	10.2999
18.4703	1.2754	1.2449	11.3395
18.4803	1.0409	-0.2530	9.5300
18.4903	-0.0778	1.4094	10.3334
18.5003	1.1103	-0.7699	8.6099
18.5103	-0.6658	1.9370	9.2159
18.5203	1.2837	-0.2148	8.9342
18.5303	0.9015	1.0744	9.9158
18.5403	1.8987	-0.3918	9.3015
18.5503	1.4626	-0.8806	10.3322
18.5603	-0.0885	0.9864	9.3984
18.5703	0.5157	0.7160	8.5226
18.5803	-0.2165	1.6086	9.5754
18.5903	1.2084	-0.0532	10.2765
18.6003	0.8231	0.3703	9.5168
18.6103	0.9972	0.4816	9.5934
18.6203	0.5127	0.7346	10.3160
18.6303	-0.0915	0.0802	9.4642
18.6403	0.5737	0.4636	8.5962
18.6503	0.2500	1.1444	10.0767
18.6603	1.7593	-1.1097	9.5210
18.6703	-0.7723	2.2343	9.9517
18.6803	2.3533	-1.2401	8.2701
18.6903	0.1950	2.4478	10.1503
18.7003	2.2373	-1.0821	10.1330
18.7103	-0.9075	0.3176	9.6789
18.7203	0.7729	-0.0443	10.8711
18.7303	0.6760	0.2387	10.1623
18.7403	-0.2118	0.0885	10.6127
18.7503	2.1691	-0.8578	8.3443
18.7603	-0.1166	2.8738	9.1405
18.7703	1.9687	0.1729	9.8494
18.7803	-0.9595	0.5737	10.8460
18.7903	0.8554	-0.6951	10.5140
18.8003	0.0909	0.4187	10.7150
18.8103	0.6467	0.5491	9.5431
18.8203	0.2674	-0.0544	9.6107
18.8303	0.4588	1.8778	9.3577
18.8403	1.7575	-0.0700	8.5681
18.8503	0.7633	0.0718	10.1234
18.8603	1.5152	-0.0568	10.0875
18.8703	-0.4265	0.3775	9.3272
18.8803	0.8716	0.7418	9.5060
18.8903	0.8124	0.2112	8.6494
18.9003	1.6427	0.0837	9.9128
18.9103	0.8919	-0.0622	9.8004
18.9203	0.3111	1.0576	10.9441
18.9303	1.0110	-0.5258	8.3760
18.9403	-0.4044	1.2849	9.3744
18.9503	0.9380	-0.0293	9.8973
18.9603	0.2423	0.8668	9.8811
18.9703	1.5446	0.0927	9.7214
18.9803	1.2999	0.3027	9.5868
18.9903	0.7687	0.9063	10.2658
19.0003	0.1155	0.2548	9.3152
19.0103	0.8142	1.1228	9.4654
19.0203	0.4804	-0.1848	8.9288
19.0303	0.4427	0.3242	9.6454
19.0403	1.6361	-0.7071	8.9431
19.0503	0.7089	1.3160	9.7244
19.0603	1.1940	0.7495	9.7142
19.0703	0.4433	0.0526	9.4277
19.0803	0.8010	0.5689	9.1148
19.0903	-0.0634	0.6167	8.7284
19.1003	-0.2381	0.3846	9.8339
19.1103	1.5021	0.1107	7.3047
19.1203	0.6855	1.2227	8.3222
19.1303	1.8359	0.0562	9.7292
19.1403	0.7424	1.1671	10.8717
19.1503	1.5123	0.0622	9.1818
19.1603	-0.4283	1.1127	10.4344
19.1703	0.9493	0.0514	10.4925
19.1803	0.2524	0.4594	9.6735
19.1903	2.0524	0.4116	9.9954
19.2003	2.0177	0.4570	9.7226
19.2103	0.4217	0.4983	10.0666
19.2203	0.9284	-0.1178	9.7399
19.2303	-0.2381	1.6175	8.6422
19.2403	0.2219	0.3356	8.0979
19.2503	0.2542	-0.2207	10.2412
19.2603	1.0373	-1.1767	10.5493
19.2703	0.6299	0.0317	9.6071
19.2803	0.4056	1.3376	10.0013
19.2903	1.3232	-1.2431	8.6536
19.3003	-0.4672	1.9669	10.0851
19.3103	1.1725	-0.5922	8.8486
19.3203	0.0479	1.2646	9.9637
19.3303	1.4506	-0.6508	9.8901
19.3403	0.6371	-0.0239	9.5413
19.3503	0.9864	1.6546	9.7268
19.3603	0.8710	0.1920	9.5192
19.3703	0.1478	0.5390	10.7443
19.3803	1.1420	-0.8082	9.5318
19.3903	-0.0305	1.1820	10.8807
19.4003	1.7168	-0.5755	8.7242
19.4103	-0.2100	1.8006	9.4349
19.4203	1.5380	-0.8483	9.4995
19.4303	0.7848	0.4636	10.9591
19.4403	0.6311	-0.3852	9.0777
19.4503	1.3998	-0.3188	9.3487
19.4603	-0.4433	0.8883	9.1866
19.4703	0.6233	0.2542	8.3031
19.4804	0.2728	0.7741	8.8360
19.4904	2.1302	-0.7376	8.5980
19.5004	0.7328	0.9278	9.7692
19.5104	2.2157	-0.0162	10.6480
19.5204	-0.0419	0.7184	10.8448
19.5304	0.4606	0.0688	10.1898
19.5404	1.3783	-0.4367	7.3058
19.5504	-0.0359	2.6937	9.2315
19.5604	1.5900	-0.0891	9.9780
19.5704	0.2363	1.2371	11.4209
19.5804	1.8365	0.1119	9.1316
19.5904	0.1095	1.0379	8.8295
19.6004	1.3023	0.1783	10.7874
19.6104	0.3499	0.5270	11.2953
19.6204	0.0814	0.7059	10.2675
19.6304	1.3376	-0.8022	9.3517
19.6404	0.0407	0.1615	9.7513
19.6504	0.8243	-0.5707	8.2396
19.6604	0.1418	2.2271	9.0400
19.6704	1.4417	-0.3529	8.9491
19.6804	0.5611	-0.0036	9.4432
19.6904	0.5707	-0.5336	9.5066
19.7004	0.1962	0.8943	9.6867
19.7104	0.7579	0.0305	9.6047
19.7204	0.8823	0.1406	9.9876
19.7304	1.2562	1.1749	9.1866
19.7404	0.6479	0.8165	10.3094
19.7504	0.2213	0.6275	9.6921
19.7604	1.3789	0.2315	9.0113
19.7704	-0.2100	0.7729	10.1754
19.7804	1.2957	0.5276	10.3680
19.7904	0.7370	-0.4146	8.8684
19.8004	1.0044	0.7753	9.3726
19.8104	0.9111	-0.0018	8.9030
19.8204	-0.2847	1.2939	10.1485
19.8304	1.4901	-0.4307	8.9850
19.8404	-0.5605	1.6827	8.9671
19.8504	2.6817	0.1017	8.6518
19.8604	0.3661	1.9669	8.7182
19.8704	1.6738	-1.3448	10.3812
19.8804	-0.5515	0.7663	10.3477
19.8904	0.1178	0.7376	8.8115
19.9004	0.6574	0.4804	9.1495
19.9104	0.2979	-0.3499	9.5102
19.9204	1.4046	-0.3613	10.2077
19.9304	-0.1292	2.0141	8.9694
19.9404	2.5651	0.3960	8.8672
19.9504	0.8076	0.4786	9.2817
19.9604	0.9272	-0.3087	8.7541
19.9704	-0.1244	1.0337	9.8512
19.9804	0.6209	-0.0760	10.1246
19.9904	0.8835	-0.8363	9.9828
20.0004	-0.1747	0.7759	8.2235
20.0104	1.9908	-0.2752	9.1232
20.0204	-0.5252	2.0351	10.1030
20.0304	1.3065	0.0251	8.9359
20.0404	-0.1789	1.1031	9.8081
20.0504	1.7743	-0.3936	10.8143
20.0604	0.4822	0.8249	9.2069
20.0704	1.3095	1.0277	10.5260
20.0804	1.5158	-0.3649	8.8534
20.0904	-0.4050	1.7587	9.5443
20.1004	2.1362	-0.6574	9.0167
20.1104	0.2082	0.4660	9.0107
20.1204	0.9386	0.5198	9.6472
20.1304	-0.2177	1.3226	10.2687
20.1404	0.7507	-0.4008	9.7411
20.1504	0.0078	0.2327	9.1202
20.1604	1.0080	0.4654	8.8271
20.1704	0.8022	0.7711	11.4035
20.1804	-0.2177	0.4331	10.6851
20.1904	0.9045	-0.6514	8.1613
20.2004	0.0640	1.2556	9.9266
20.2104	1.4201	-0.6748	9.3104
20.2204	0.0700	0.3063	9.1202
20.2304	1.9065	-0.0915	9.0747
20.2404	0.9577	0.5803	10.0342
20.2504	0.1717	0.6616	9.5336
20.2604	0.0197	-0.1208	9.2991
20.2704	-0.2327	1.2155	9.1531
20.2804	1.1623	-0.5354	9.9026
20.2904	0.4504	1.2574	9.4528
20.3004	1.0798	1.1940	10.3040
20.3104	1.7856	-0.1579	10.0067
20.3204	0.3811	2.0877	10.1359
20.3304	1.0839	0.1107	9.1214
20.3404	0.9781	0.9021	10.6336
20.3504	1.5691	0.2937	8.7009
20.3604	1.1294	2.0369	11.0901
20.3704	1.3495	0.2070	10.6725
20.3804	0.7765	0.5665	10.2514
20.3904	0.9105	0.8572	9.4067
20.4004	1.2736	0.0341	9.8644
20.4104	-0.5204	1.2712	11.7499
20.4204	0.3960	-1.1180	9.1531
20.4304	-0.7555	0.4522	9.0095
20.4404	1.4973	-0.0670	7.6989
20.4504	-0.0664	1.2640	9.4594
20.4604	1.4728	-0.1316	8.3587
20.4704	0.6275	0.8500	11.2199
20.4804	0.6036	0.3170	9.2548
20.4904	0.1759	0.8488	9.4055
20.5004	0.5503	0.3326	9.4630
20.5104	0.8620	0.2829	9.4372
20.5204	0.3099	0.4056	9.6544
20.5304	0.7029	0.0197	10.9764
20.5404	0.1848	0.7872	9.6801
20.5504	1.6163	1.2149	8.4622
20.5604	0.1908	1.6020	9.9074
20.5704	1.2365	-0.7549	9.1884
20.5804	0.6861	0.3727	9.4600
20.5904	0.8841	1.4225	9.5395
20.6004	0.4935	1.4291	9.4678
20.6104	0.9087	1.2808	11.4442
20.6204	0.7525	0.6144	8.9342
20.6304	0.4600	1.7856	10.0869
20.6404	1.7803	-0.3206	8.7344
20.6504	-0.3009	1.5332	9.8141
20.6604	1.5822	0.2524	9.1663
20.6704	-0.2142	2.1679	10.0414
20.6804	1.5625	-0.4014	9.6951
20.6904	0.2871	0.3960	9.7806
20.7004	1.1306	-0.1795	10.6576
20.7104	0.1645	-0.7340	9.5120
20.7204	-0.6161	0.5157	10.4614
20.7304	0.0849	-0.0096	8.6847
20.7404	0.3476	1.7551	8.9826
20.7504	2.2026	-0.1280	9.2075
20.7604	1.1162	0.5623	9.8243
20.7704	2.0692	-0.1992	9.4737
20.7804	0.1621	1.9394	10.2460
20.7904	0.5486	-0.2441	9.7274
20.8004	0.0802	0.1663	10.0043
20.8104	0.5408	1.2664	9.9385
20.8204	1.5559	0.4624	8.8384
20.8304	0.6951	1.7037	9.3457
20.8404	2.1697	-0.9158	8.4221
20.8504	-0.4947	1.8305	9.1214
20.8604	0.9111	-0.0855	9.2362
20.8704	-0.5210	0.5928	10.8107
20.8804	1.5972	-0.9464	8.9689
20.8904	-0.4026	1.5565	10.3411
20.9004	0.6514	-0.4917	9.2219
20.9104	0.8082	0.5701	9.9451
20.9204	-0.0066	1.3687	9.1214
20.9304	0.6652	0.3535	8.7182
20.9404	-0.1651	0.2871	8.4729
20.9504	1.2215	1.1515	9.4390
20.9604	1.5631	-0.2865	9.5952
20.9704	1.0331	1.3035	9.3882
20.9804	1.5338	-0.4451	9.3224
20.9904	0.5474	0.5079	10.1449
21.0004	0.7089	-0.0479	8.3988
21.0104	-0.6915	1.9125	10.0348
21.0204	1.2072	-2.0788	7.9974
21.0304	0.3811	1.2425	9.4947
21.0404	1.4387	1.3256	9.2811
21.0504	0.9541	-0.0802	9.2243
21.0604	0.9918	0.7220	11.2516
21.0704	1.0343	-0.3607	9.5527
21.0804	0.3278	1.2431	11.1475
21.0904	0.1902	-0.5366	9.2608
21.1004	0.0604	1.3166	9.8727
21.1104	2.1487	-1.1515	8.1457
21.1204	0.2261	1.8484	9.6658
21.1304	2.0243	-0.9482	9.3355
21.1404	-0.1149	0.5288	10.7635
21.1504	0.3691	0.8237	9.2835
21.1604	0.3111	0.5743	9.9080
21.1704	0.1220	-0.2626	10.2299
21.1804	1.2132	-1.3041	10.3363
21.1904	-0.3087	2.6267	9.9146
21.2004	1.4070	0.3787	9.0999
21.2104	-0.2686	0.8967	9.5970
21.2204	0.8088	-0.2710	8.9180
21.2304	0.4672	0.2973	9.5964
21.2404	0.7184	0.2249	10.2891
21.2504	0.7005	-0.0197	10.5397
21.2604	1.0110	0.3416	8.7373
21.2704	0.9840	0.7489	8.3306
21.2804	0.4947	1.0804	10.5924
21.2904	1.0056	-0.0999	10.0295
21.3004	0.4498	-0.1334	10.0749
21.3104	1.1115	0.5204	10.3698
21.3204	0.0867	-0.1860	10.3417
21.3304	0.6305	0.1472	9.5976
21.3404	1.2975	1.4237	8.3581
21.3504	0.6891	0.9499	9.2656
21.3604	1.8293	-0.8016	8.7619
21.3704	-0.5007	1.2712	10.2993
21.3804	1.3340	-0.5222	9.3170
21.3904	-0.7346	1.7396	9.3756
21.4004	1.7946	0.0233	9.9972
21.4104	0.2351	0.3667	9.5623
21.4204	1.8215	-0.2608	11.0572
21.4304	1.8401	-0.6359	9.9152
21.4404	-0.5276	2.1966	9.7334
21.4504	2.6746	-1.4644	8.8498
21.4604	-0.9141	3.0610	10.0534
21.4704	1.9795	-1.0833	9.9846
21.4804	0.3571	0.5491	10.1748
21.4904	1.4423	0.8189	9.4546
21.5004	1.3053	-0.7358	10.4135
21.5104	0.0299	0.9368	9.8327
21.5204	1.2646	-0.2584	8.6117
21.5304	-0.1920	2.2038	9.8374
21.5404	0.9248	1.3932	9.3409
21.5504	0.8770	0.7478	9.8279
21.5604	2.3838	-0.7854	9.4157
21.5704	0.4732	1.0558	10.4404
21.5804	-0.1316	0.9978	9.7196
21.5904	0.5468	-0.1226	8.8313
21.6004	1.0014	2.0913	9.3960
21.6104	0.6706	0.2752	9.3098
21.6204	0.3972	-0.3972	10.9064
21.6304	1.8239	0.2148	9.3637
21.6404	0.1591	1.8939	10.3956
21.6504	1.5242	-0.0461	9.2051
21.6604	-0.3045	0.4534	9.2428
21.6704	1.2126	-0.2865	9.9326
21.6804	0.6263	-0.1172	8.8648
21.6904	0.3547	0.9021	9.9176
21.7004	1.1186	-0.3356	8.1493
21.7104	0.7364	1.8556	8.6638
21.7204	1.5481	-0.0951	9.2775
21.7304	-0.0616	0.1705	10.0797
21.7404	1.3777	-1.5882	9.5766
21.7504	-0.0718	0.9296	9.3708
21.7604	1.4794	0.3787	8.9718
21.7704	-0.1226	0.6018	9.5593
21.7804	1.0337	1.2299	8.5459
21.7904	1.1701	0.0311	10.4506
21.8004	0.3230	0.9099	10.2538
21.8104	1.6528	-1.7162	9.9050
21.8204	0.5497	1.6594	10.2801
21.8304	1.4650	0.3781	8.4035
21.8404	-0.4510	0.9990	9.6502
21.8504	1.5015	-0.3153	9.2955
21.8604	1.3777	-0.1597	8.4502
21.8704	-0.2943	1.8078	10.0761
21.8804	1.2748	-1.5942	9.7058
21.8904	-0.2835	0.6287	9.8117
21.9004	1.6415	0.3404	10.1437
21.9104	-0.0084	1.1127	10.4799
21.9204	0.7083	0.0712	11.0309
21.9304	1.4219	-0.9858	8.5621
21.9404	1.2724	0.8405	10.4685
21.9504	1.4590	0.3356	9.3667
21.9604	0.1119	0.3595	10.4464
21.9704	0.6329	0.3488	9.2494
21.9804	0.8758	0.7466	10.6654
21.9904	1.3950	-0.6628	10.2251
22.0004	0.8722	0.2489	8.9019
22.0104	0.5491	1.9113	8.9491
22.0204	1.5242	1.1850	8.9467
22.0304	-0.3087	0.4780	9.6077
22.0404	1.5906	-1.0086	7.7982
22.0504	-0.0299	1.8024	10.3818
22.0604	1.0271	-0.4205	10.3082
22.0704	0.8955	0.0628	10.7724
22.0804	0.7711	1.5930	9.5090
22.0904	0.2584	1.1737	9.2668
22.1004	0.5348	0.4493	10.3459
22.1104	1.8778	-0.0407	10.5505
22.1204	0.3362	2.1595	10.3274
22.1304	1.4488	0.1143	8.9001
22.1404	0.8530	0.6203	9.1645
22.1504	0.5886	0.0179	8.9240
22.1604	0.2219	1.1731	9.6131
22.1704	1.0283	0.4050	8.8175
22.1804	0.4289	0.7346	9.4642
22.1904	0.3063	0.3260	9.5216
22.2004	1.2419	0.3649	8.8588
22.2104	0.5354	0.6945	9.2548
22.2204	0.7908	-0.0132	10.0624
22.2304	0.6718	-0.4020	9.5096
22.2404	-0.0209	1.2885	11.2265
22.2504	0.5079	-0.4678	10.1491
22.2604	0.2070	0.6802	8.9593
22.2704	1.2132	0.8064	8.7505
22.2804	0.2512	1.0588	9.8446
22.2904	1.5547	0.3428	10.1676
22.3004	0.0467	0.8806	10.3429
22.3104	1.9154	-0.6861	9.7561
22.3204	0.3164	-0.0616	9.9625
22.3304	1.0935	0.4624	9.1848
22.3404	-0.2040	0.8812	10.1395
22.3504	0.1149	1.2945	9.4594
22.3604	1.8712	-1.1432	8.7302
22.3704	-0.2070	0.8967	9.2374
22.3804	2.5944	-0.5324	8.6273
22.3904	-0.3374	2.2738	10.8328
22.4004	0.4516	-0.3212	10.4321
22.4104	0.7998	-1.2419	9.5886
22.4204	0.6963	1.5577	10.9178
22.4304	1.3938	-1.1121	10.5032
22.4404	-0.8764	0.9577	10.1318
22.4504	1.8341	-0.0568	7.0696
22.4604	0.1089	1.7438	9.4881
22.4704	1.2144	-0.6413	9.5377
22.4804	-0.3159	-0.1298	9.9326
22.4904	0.9200	1.0540	10.9004
22.5004	0.7460	-1.3729	9.6502
22.5104	-0.7322	0.9320	9.9038
22.5204	1.6654	-0.0664	7.1001
22.5304	0.7220	1.9890	8.8989
22.5404	1.3154	0.5276	10.3908
22.5504	0.8925	-0.4050	10.2831
22.5604	1.9747	-0.1137	9.5671
22.5704	-0.1119	1.1049	9.4636
22.5804	0.0269	0.3045	10.4841
22.5904	0.3476	0.0036	8.7248
22.6004	0.0467	2.6106	8.3665
22.6104	1.7503	-0.5486	8.8672
22.6204	0.4295	1.5475	10.3058
22.6304	1.4548	-0.7178	9.6245
22.6404	-0.5168	1.6265	9.6341
22.6504	1.0839	0.1388	10.0743
22.6604	0.1591	0.5677	9.5210
22.6704	1.1079	0.2291	9.9673
22.6804	1.5081	0.4056	9.4809
22.6904	0.8363	0.4104	9.8781
22.7004	1.0534	0.3326	8.9312
22.7104	-0.1334	2.5406	8.8307
22.7204	0.7854	0.1113	9.2620
22.7304	-0.5450	-0.3637	10.7706
22.7404	1.2173	-0.3625	9.9445
22.7504	1.1210	0.2578	9.7357
22.7604	1.3041	1.0917	9.9960
22.7704	1.0169	0.4648	9.9649
22.7804	0.4205	2.0261	10.0953
22.7904	1.3795	-0.3888	8.5555
22.8004	0.4498	0.4062	10.4243
22.8104	1.6187	-0.0700	9.5569
22.8204	-0.3021	0.9039	10.5900
22.8304	0.4965	0.8614	9.4486
22.8404	0.7244	-0.8919	8.8025
22.8504	0.4816	0.9033	9.6089
22.8604	1.3992	-1.3190	8.5884
22.8704	-0.5186	1.9256	10.6552
22.8804	1.1462	-0.0305	10.3286
22.8904	0.5713	1.7862	10.4835
22.9004	1.4106	-0.1711	11.2839
22.9104	0.7190	-0.1519	10.5984
22.9204	0.2010	0.6849	10.0528
22.9304	1.5410	-0.2698	7.9435
22.9404	0.1962	1.5487	11.1403
22.9504	1.0510	-0.0179	8.8612
22.9604	0.3757	1.1910	9.0622
22.9704	1.4225	0.8680	10.9567
22.9804	0.3159	-0.0718	9.7812
22.9904	1.5033	-1.8514	10.3465
23.0004	0.6568	0.8321	9.4121
23.0104	-0.6203	0.8076	8.4753
23.0204	0.7597	-0.3015	7.9166
23.0304	-0.2465	2.2283	8.5447
23.0404	2.4532	-1.4895	10.3465
23.0504	0.2991	1.5464	10.5385
23.0604	1.3573	-1.2861	10.2837
23.0704	0.0760	0.7430	10.3680
23.0804	-0.4917	1.1342	9.4486
23.0904	0.5773	0.0867	8.4759
23.1004	-0.2142	1.8897	8.9677
23.1104	2.3270	-1.1324	7.5039
23.1204	1.0762	1.9962	9.8327
23.1304	1.4369	-0.1884	9.7561
23.1404	0.0000	1.1414	9.8189
23.1504	0.6975	0.7232	10.6600
23.1604	-0.0963	-0.5988	10.3214
23.1704	0.9894	-0.1095	10.0755
23.1804	1.5745	-0.7430	8.5860
23.1904	0.4247	1.9789	9.5282
23.2004	1.3789	0.0042	7.2777
23.2104	0.3440	1.7438	8.3587
23.2204	1.6552	0.0778	9.7220
23.2304	0.0700	0.3595	10.1006
23.2404	0.8010	-0.6652	10.1318
23.2504	0.4636	0.1567	9.4187
23.2604	1.1814	0.6293	10.8035
23.2704	0.0885	0.9799	10.2903
23.2804	1.6917	0.5348	9.1399
23.2904	0.8823	0.8991	9.6532
23.3004	0.5892	0.7424	8.9443
23.3104	1.3226	0.3583	9.6640
23.3204	0.5318	1.4578	9.3571
23.3304	1.8598	-0.2189	8.1511
23.3404	1.0271	0.5007	10.5242
23.3504	1.2861	-0.3912	11.0315
23.3604	-0.3087	0.7783	10.7539
23.3704	-0.6760	1.3238	9.7812
23.3804	0.2321	0.2201	9.9768
23.3904	0.7071	0.1872	9.2859
23.4004	2.1493	-0.2542	9.6131
23.4104	0.3326	2.7457	9.9445
23.4204	1.9531	-0.2907	9.6017
23.4304	-0.0981	1.7862	9.7902
23.4404	0.8794	-0.0718	9.9146
23.4504	-0.4343	-0.1442	9.8584
23.4604	0.5019	0.6431	9.6418
23.4704	0.8566	-0.1645	9.7046
23.4804	0.0879	0.7322	8.2995
23.4904	1.4488	0.1460	8.6614
23.5004	-0.1783	1.9771	9.8195
23.5104	1.3346	-0.4726	8.9096
23.5204	0.3906	-0.0873	10.2801
23.5304	0.7346	0.2375	9.8709
23.5404	-0.2692	-0.4397	9.5342
23.5504	1.8042	1.0205	9.4229
23.5604	0.1149	1.3896	9.1334
23.5704	1.7701	-0.5629	9.1669
23.5804	1.5924	0.0736	9.9320
23.5904	-0.1825	1.6145	10.6761
23.6004	0.6096	-0.6873	10.5320
23.6104	0.1956	0.0879	9.3960
23.6204	1.1856	0.7747	9.6245
23.6304	1.0445	-0.3613	10.4039
23.6404	1.0349	1.3687	10.5583
23.6504	1.1743	0.6778	10.3040
23.6604	0.5515	0.9039	8.7882
23.6704	0.6676	-0.3673	9.4319
23.6804	-0.4660	1.6905	8.8803
23.6904	0.8094	0.5838	7.5685
23.7004	1.2658	-0.4032	10.1132
23.7104	2.0955	-0.9051	10.2592
23.7204	0.8716	0.6054	9.4995
23.7304	0.9637	0.8351	9.2997
23.7404	-0.8800	1.6032	10.3238
23.7504	0.0676	0.3918	9.6747
23.7604	1.0678	-0.0634	8.4759
23.7704	0.6520	0.6879	9.2859
23.7804	2.7164	-0.6562	10.8257
23.7904	-0.0407	0.8710	9.9050
23.8004	0.8740	0.8213	9.0789
23.8104	0.0891	0.2889	9.7746
23.8204	0.4211	-0.2297	9.3032
23.8304	0.0383	-0.8865	9.4037
23.8404	0.6317	-0.1615	9.7728
23.8505	0.9452	0.3685	8.6500
23.8605	0.8967	0.5115	8.8241
23.8705	0.8722	1.5888	9.9840
23.8805	0.4732	0.1819	8.8384
23.8905	0.8261	-0.6694	9.6885
23.9005	0.3326	1.0002	10.2580
23.9105	1.0983	0.0018	10.2454
23.9205	0.6909	0.6610	10.0809
23.9305	0.9960	0.8566	9.3906
23.9405	2.3539	-0.3063	9.3673
23.9505	-0.2207	0.9559	10.3956
23.9605	0.6598	-0.4630	10.6683
23.9705	0.0407	0.8758	9.1202
23.9805	0.9158	0.7095	9.2440
23.9905	0.4774	0.7304	9.6885
24.0005	1.1007	0.1071	9.8949
24.0105	-0.2668	2.5304	10.3238
24.0205	1.1007	-0.2877	8.8319
24.0305	-0.1603	-0.5946	10.1300
24.0405	-0.3906	0.2046	8.4897
24.0505	1.8132	-0.1555	9.3649
24.0605	0.4008	0.7549	9.7722
24.0705	1.4512	-0.1561	8.0165
24.0805	1.0415	0.7035	8.9533
24.0905	1.3675	-0.2746	10.2077
24.1005	0.1047	-0.4032	10.7862
24.1105	0.5773	0.0951	9.5336
24.1205	-0.2524	0.6628	9.1340
24.1305	0.7687	0.4881	10.3513
24.1405	1.3483	-0.7268	9.5982
24.1505	0.3458	1.7970	9.2608
24.1605	1.8455	0.5904	9.2937
24.1705	0.0227	0.9733	10.7300
24.1805	1.2341	-0.7597	9.6400
24.1905	0.0173	0.6275	10.1270
24.2005	0.8740	0.0849	9.8943
24.2105	0.7286	1.2215	10.4961
24.2205	1.6708	0.4827	9.9517
24.2305	1.3866	0.0544	9.5180
24.2405	0.1298	1.3669	10.3220
24.2505	0.6814	0.3505	10.3663
24.2605	-0.1998	1.1085	10.7377
24.2705	0.5533	0.3272	7.8018
24.2805	0.0706	1.5326	9.4600
24.2905	2.2887	0.8578	9.6185
24.3005	0.7549	1.1892	10.2520
24.3105	0.8853	0.9511	9.2590
24.3205	1.2526	-0.5210	10.0420
24.3305	-0.0610	1.2592	10.8867
24.3405	0.2040	-0.8752	9.5988
24.3505	-0.6036	-0.0473	9.6676
24.3605	2.3569	0.0299	7.3914
24.3705	1.3298	1.1820	10.8867
24.3805	1.0666	1.0528	9.7208
24.3905	-0.4313	0.8291	10.6265
24.4005	0.5384	-0.1352	11.8653
24.4105	-0.0114	-0.2871	8.9683
24.4205	-0.2710	0.1890	9.0831
24.4305	0.7896	1.2634	7.2454
24.4405	0.0861	1.9783	9.0119
24.4505	1.6259	-0.2895	8.2654
24.4605	-0.1184	0.0054	9.5066
24.4705	1.5924	-0.1681	10.7485
24.4805	-0.7029	0.4714	9.9003
24.4905	0.6891	-0.2638	10.7210
24.5005	0.7902	0.9440	8.7529
24.5105	0.8465	1.7689	8.6189
24.5205	2.9288	-0.7597	8.8337
24.5305	0.0245	1.2257	10.4811
24.5405	0.8991	1.0469	9.9625
24.5505	0.3440	0.8548	9.0616
24.5605	1.5793	-0.3781	9.7525
24.5705	0.0090	0.0425	9.5407
24.5805	1.3029	1.6624	10.2263
24.5905	1.4345	0.0915	9.8775
24.6005	-0.1531	-0.0215	9.7334
24.6105	0.3565	0.5180	8.4107
24.6205	-0.1651	0.3583	9.1435
24.6305	0.1513	0.2572	8.4981
24.6405	0.8183	0.2417	8.5082
24.6505	2.6548	1.3460	8.1607
24.6605	-0.6311	1.9406	10.2693
24.6705	2.0973	-0.6072	10.4249
24.6805	0.5456	0.4911	10.4841
24.6905	0.2794	-0.3075	9.9780
24.7005	-0.7621	0.2375	10.6809
24.7105	-0.1597	-0.2686	10.1365
24.7205	1.3968	0.9978	8.4197
24.7305	0.1507	2.0482	9.6041
24.7405	0.9308	-0.2124	8.6662
24.7505	1.5822	0.4738	10.7186
24.7605	1.9896	-0.3290	10.2263
24.7705	-0.5426	-0.5946	11.0315
24.7805	-1.7527	0.5462	9.4701
24.7905	1.6175	-0.0066	7.1856
24.8005	-0.2465	1.3956	10.0295
24.8105	1.0564	-0.1065	9.2327
24.8205	0.3811	1.0439	10.2400
24.8305	1.5075	-0.6867	9.8979
24.8405	-0.1950	1.0421	11.1631
24.8505	-0.1519	0.3135	10.0743
24.8605	1.5302	0.3906	9.3637
24.8705	0.0449	0.5713	9.4265
24.8805	1.5918	-0.7687	8.1146
24.8905	2.2851	0.6628	8.8247
24.9005	1.2149	0.0329	7.6636
24.9105	0.2931	1.5852	9.7082
24.9205	0.5444	0.1597	9.4558
24.9305	-0.6981	0.1890	10.5314
24.9405	1.3077	-0.0467	9.6825
24.9505	1.1713	-0.5653	10.1694
24.9605	0.8267	2.3450	9.0897
24.9705	1.5643	-0.0718	9.0538
24.9805	-0.8357	2.3228	10.7461
24.9905	1.6666	-0.9709	8.9623
25.0005	-0.2871	0.8429	9.6430
25.0105	1.6510	-0.5468	10.0295
25.0205	-0.0359	0.0580	11.2067
25.0305	0.7059	0.7430	9.0915
25.0405	1.3705	-0.3613	8.0967
25.0505	-0.8656	1.9938	9.3888
25.0605	1.6187	-1.5212	9.0442
25.0705	-0.2016	1.3836	10.1700
25.0805	1.4417	-0.8375	9.7866
25.0905	0.6963	0.1376	9.5898
25.1005	1.4273	0.3051	8.2869
25.1105	0.8518	0.5719	9.6538
25.1205	0.1633	0.6897	11.1385
25.1305	0.8076	-1.0594	8.8462
25.1405	-1.2532	1.4034	9.9104
25.1505	1.8191	-0.9057	8.4412
25.1605	0.1250	1.5954	10.5379
25.1705	1.2018	1.5643	9.6029
25.1805	1.6337	0.0826	9.1124
25.1905	0.2315	1.7527	10.4057
25.2005	1.4668	-1.6660	10.2729
25.2105	-2.2911	1.7934	8.6446
25.2205	2.1093	-0.4211	7.3549
25.2305	0.0413	0.9075	10.2909
25.2405	0.8201	0.2094	10.0289
25.2505	0.6413	-0.3978	9.8452
25.2605	0.4439	1.9119	10.7862
25.2705	0.8895	-1.4052	9.4055
25.2805	-0.8357	2.0889	10.2191
25.2905	0.8560	-0.5575	7.2215
25.3005	0.8794	0.5180	9.0155
25.3105	1.5075	0.4833	10.0492
25.3205	0.6574	0.6544	10.5864
25.3305	0.7639	0.6239	9.9726
25.3405	0.5581	-0.6227	8.7972
25.3505	-0.4947	1.2736	9.2135
25.3605	-0.2937	0.1364	9.1549
25.3705	0.9117	0.1741	10.1174
25.3805	1.0630	0.7143	10.0426
25.3905	0.3828	0.2698	9.3553
25.4005	0.3320	0.8847	10.8580
25.4105	0.8387	-0.1908	8.7679
25.4205	0.9123	1.4303	10.0558
25.4305	0.8052	-0.1729	9.3631
25.4405	0.9242	0.4427	9.6508
25.4505	0.3176	0.6981	10.0821
25.4605	0.5910	-0.6347	9.7328
25.4705	-0.1842	-0.1466	9.5527
25.4805	0.5916	-0.2979	7.9029
25.4905	1.7491	-0.7430	8.6662
25.5005	-0.2824	1.9908	10.3639
25.5105	1.2568	-0.5330	9.9469
25.5205	0.4158	0.9936	10.2454
25.5305	1.8778	0.1304	9.2351
25.5405	-0.9374	0.2740	11.9138
25.5505	0.9858	-0.1089	9.3613
25.5605	1.1306	-0.5174	10.1264
25.5705	-0.6837	1.6241	10.3968
25.5805	1.6235	-1.8341	8.6111
25.5905	-1.1713	2.3007	9.8123
25.6005	2.2367	-1.2185	7.7868
25.6105	-0.4343	0.2297	9.5449
25.6205	1.7850	1.0678	7.6767
25.6305	1.4100	-0.7801	9.8494
25.6405	-0.2088	2.0662	11.9981
25.6505	1.6606	-1.8281	9.5922
25.6605	-0.3541	2.8875	10.6665
25.6705	2.0584	-0.4379	7.0115
25.6805	-0.6126	0.5354	8.4502
25.6905	1.8000	1.5236	10.9872
25.7005	0.2524	-0.0706	10.0695
25.7105	0.1777	-0.3182	11.5160
25.7205	0.1280	-0.7083	8.0303
25.7305	1.5164	0.9368	9.2021
25.7405	0.4833	-0.0227	8.7003
25.7505	0.2112	0.1711	9.3427
25.7605	1.8915	0.5952	9.3403
25.7705	0.1783	1.2245	8.9700
25.7805	1.1689	-0.2465	11.0739
25.7905	0.3470	0.2776	9.8333
25.8005	0.0963	1.3250	11.3138
25.8105	0.4295	-1.1420	9.0053
25.8205	1.4309	-0.7310	10.1467
25.8305	1.1121	0.0353	10.3698
25.8405	1.2867	1.3812	10.1964
25.8505	1.8849	0.3410	10.9645
25.8605	-0.3697	3.2393	11.1649
25.8705	1.8538	-1.6851	9.4827
25.8805	-0.7621	0.4193	8.7140
25.8905	1.4297	0.1944	8.9359
25.9005	-0.5593	1.5906	10.4883
25.9105	1.1826	-0.4325	8.4819
25.9205	0.2022	0.1908	7.7383
25.9305	1.1575	0.7011	10.7635
25.9405	1.4542	-0.5773	10.2723
25.9505	-0.4845	0.7196	10.2574
25.9605	1.7438	0.0173	8.2265
25.9705	0.7824	1.5308	9.1687
25.9805	1.6289	0.6724	8.4436
25.9905	1.0433	1.0714	9.3320
26.0005	0.9553	2.7499	10.8263
26.0105	1.5763	-1.5350	9.9655
26.0205	0.1609	0.4104	11.1385
26.0305	1.6104	-1.8245	9.4217
26.0405	-0.4032	2.5442	9.2703
26.0505	0.9505	0.5934	8.7218
26.0605	-0.1705	1.0827	8.2899
26.0705	1.5559	-0.0730	9.4833
26.0805	0.0012	0.0718	9.7286
26.0905	0.6359	1.0403	11.3551
26.1005	1.2179	-0.9069	8.9431
26.1105	0.1789	2.0566	10.2448
26.1205	0.4690	-0.5186	8.6961
26.1305	1.0833	1.0762	9.7914
26.1405	1.8790	-0.4504	10.2550
26.1505	0.5557	-0.5055	10.1198
26.1605	0.8674	0.0371	9.2207
26.1705	-0.5486	0.6718	8.2014
26.1805	1.3232	0.7525	9.9517
26.1905	-0.0778	0.8662	9.5724
26.2005	1.5553	-0.0401	9.6095
26.2105	-0.4528	0.2249	10.3465
26.2205	1.4094	-0.6939	8.8079
26.2305	1.0385	0.7890	8.8588
26.2405	1.4614	0.5545	9.8500
26.2505	0.7878	-0.4696	9.9966
26.2605	-0.2351	1.1641	11.2336
26.2705	2.6967	-1.5984	10.3178
26.2805	-0.5587	2.5119	11.5794
26.2905	0.0550	0.7699	9.6490
26.3005	0.7627	-0.5976	8.2420
26.3105	1.4955	0.1220	8.7403
26.3205	0.6939	0.4726	10.2538
26.3305	-0.5162	0.9697	10.3770
26.3405	1.6259	-0.1830	6.2273
26.3505	0.7507	0.8572	9.5431
26.3605	1.3938	0.8477	10.5385
26.3705	0.9111	-0.8189	10.2209
26.3805	1.1462	1.7946	10.3202
26.3905	0.6054	0.2979	9.8177
26.4005	0.2100	-0.9493	11.3443
26.4105	0.7777	0.6383	9.0939
26.4205	-0.2447	1.6457	8.2845
26.4305	0.7986	1.2676	9.6741
26.4405	1.3430	0.1262	9.5599
26.4505	0.4959	0.3458	8.6057
26.4605	1.5715	0.3685	9.8691
26.4705	0.2800	-1.2730	9.9176
26.4805	0.5545	1.3436	8.4975
26.4905	0.7460	-0.9344	10.1892
26.5005	0.9649	0.4887	11.1242
26.5105	1.2090	0.0120	9.5671
26.5205	0.2919	2.0375	9.2201
26.5305	0.6808	0.4792	8.5172
26.5405	0.5785	-0.6156	8.9324
26.5505	0.1005	0.8070	10.2101
26.5605	0.4594	1.0708	7.6869
26.5705	-0.3691	2.6871	8.4514
26.5805	2.1607	-1.5230	8.4801
26.5905	0.5109	1.2975	9.8225
26.6005	0.8303	-0.1633	10.4703
26.6105	1.2945	-0.2112	10.0504
26.6205	-0.7807	1.1569	10.9896
26.6305	1.7659	-2.0614	9.2033
26.6405	-0.7310	1.7468	7.7898
26.6505	1.1737	-0.2219	8.1595
26.6605	1.0014	0.9960	9.4911
26.6705	0.6544	0.4732	9.9601
26.6805	1.9854	-1.6522	10.2299
26.6905	-1.3107	1.9699	10.2945
26.7005	0.8369	0.4636	7.9938
26.7105	0.2943	0.4457	9.3858
26.7205	2.0626	0.2165	9.5096
26.7305	0.3876	0.3613	11.0111
26.7405	0.5767	0.7466	10.0600
26.7505	1.4770	-0.3571	7.4506
26.7605	0.0167	2.4933	8.3431
26.7705	0.6353	-0.3631	8.4771
26.7805	0.3452	1.9615	9.8877
26.7905	1.4171	0.4259	10.5427
26.8005	0.3039	0.8560	10.7551
26.8105	0.6538	-0.4044	8.8402
26.8205	-0.2931	0.0096	8.2259
26.8305	1.4662	0.1651	9.8614
26.8405	-0.7777	1.4112	9.7387
26.8505	0.4319	-1.2843	9.2512
26.8605	-0.1280	1.9029	10.2646
26.8705	2.1691	-0.8794	8.3054
26.8805	0.3781	-0.5085	10.6959
26.8905	0.7047	1.3190	9.7100
26.9005	1.1491	-1.5757	8.8307
26.9105	-0.4935	1.3537	9.9960
26.9205	1.7797	-1.7222	8.3336
26.9305	-1.1216	1.9424	9.9320
26.9405	1.6098	-0.9559	10.1407
26.9505	-0.0790	1.7659	9.7184
26.9605	1.4201	-0.1585	11.3168
26.9705	1.4806	0.6090	10.3334
26.9805	0.4187	0.3033	10.8945
26.9905	0.5019	0.4648	8.5663
27.0005	0.3799	0.0843	8.0494
27.0105	-0.5055	1.5816	10.8089
27.0205	1.7109	-1.4022	9.1160
27.0305	-0.6449	1.5936	10.5403
27.0405	1.1432	-1.0588	7.8670
27.0505	1.0247	-0.1472	9.1435
27.0605	-0.4947	1.7946	10.4572
27.0705	1.8891	-0.9888	9.8153
27.0805	-0.2548	0.4187	11.2121
27.0905	1.0636	1.3914	6.2404
27.1005	1.0839	-0.4959	9.3272
27.1105	0.6048	0.9721	12.4157
27.1205	1.7324	-1.1162	11.3120
27.1305	-2.0871	1.5242	11.4819
27.1405	2.2947	-1.5344	6.9170
27.1505	-0.7759	1.5428	8.1302
27.1605	1.5392	0.3111	8.8492
27.1705	0.8112	-0.1190	9.9637
27.1805	1.1474	-0.6855	11.0261
27.1905	0.2704	1.4626	9.6454
27.2005	0.6407	0.4277	9.4247
27.2105	-0.9870	1.3759	8.9234
27.2205	2.0261	0.2201	9.1399
27.2305	0.5139	0.6766	9.9864
27.2405	1.1312	0.3368	10.1216
27.2505	0.9290	-0.7155	9.8602
27.2605	-0.0796	2.4897	9.6047
27.2705	0.5432	-0.6114	9.1537
27.2805	-1.0965	1.3681	9.4725
27.2905	2.4108	-1.0008	8.4634
27.3005	-0.2758	2.1398	9.6652
27.3105	1.3729	0.1334	8.9306
27.3205	0.4630	0.8429	8.4460
27.3305	1.1970	0.5743	10.1557
27.3405	0.6006	-0.7986	9.7286
27.3505	-0.5103	1.7007	10.2939
27.3605	0.9380	-0.3799	9.0538
27.3705	0.0706	1.8120	10.2424
27.3805	0.1017	0.7711	10.2921
27.3905	1.3687	-0.9440	8.1661
27.4005	0.5103	2.2002	9.7082
27.4105	1.1414	0.2034	9.1232
27.4205	0.3176	0.4259	11.0470
27.4305	1.0995	0.1537	9.1190
27.4405	-0.4570	0.6999	9.5066
27.4505	-0.0568	-0.7101	9.8745
27.4605	0.9182	0.5390	8.5423
27.4705	1.1180	1.1629	9.5365
27.4805	0.6885	-0.2357	8.2396
27.4905	1.1791	0.7448	9.7214
27.5005	1.2963	0.5737	10.3435
27.5105	0.3224	0.7400	9.6598
27.5205	1.4674	-1.3190	9.5383
27.5305	0.0162	2.0871	9.1447
27.5405	1.5314	-0.1155	9.7304
27.5505	0.4475	0.2788	9.7776
27.5605	1.8652	0.0568	8.7702
27.5705	-0.2752	1.1952	9.3499
27.5805	1.0917	0.5844	10.2957
27.5905	0.4827	1.3256	11.1846
27.6005	1.0283	1.2335	9.6562
27.6105	0.5964	-0.7316	9.7621
27.6205	1.0217	1.9669	10.3381
27.6305	-0.1723	0.4235	9.1944
27.6405	-0.0257	0.7675	10.8640
27.6505	-1.2556	0.0843	8.1523
27.6605	0.3984	-0.4331	8.3054
27.6705	1.6570	-0.1202	9.0406
27.6805	-0.4977	1.2921	9.6257
27.6905	0.6132	-0.4361	8.1403
27.7005	1.4435	0.8423	8.2953
27.7105	1.3406	-1.0798	9.0143
27.7205	-1.0636	1.4094	10.6683
27.7305	2.0459	-0.4457	10.0528
27.7405	-0.6299	0.8483	9.5976
27.7505	1.7246	0.4056	10.5152
27.7605	0.6622	0.8638	9.6987
27.7705	1.1982	0.2477	10.6941
27.7805	1.7091	0.5019	9.3702
27.7905	0.8554	1.2389	10.0546
27.8005	0.5168	0.5982	8.6656
27.8105	0.2722	1.0187	9.2069
27.8205	0.1944	1.1779	9.9804
27.8305	0.8973	0.7244	9.0927
27.8405	1.4955	-0.0389	9.6759
27.8505	1.7629	0.4349	10.5852
27.8605	-0.0407	0.5390	10.4458
27.8705	0.9703	0.5856	10.0217
27.8805	0.2680	0.7316	10.0773
27.8905	0.7824	-0.4654	10.5720
27.9005	1.2849	0.3505	7.9609
27.9105	0.6209	1.7372	11.2665
27.9205	0.3015	1.3807	8.1421
27.9305	1.6720	-0.2429	9.0855
27.9405	-0.6395	1.6804	9.6945
27.9505	0.9290	-1.5194	7.5236
27.9605	0.0090	0.4768	10.4309
27.9705	0.8112	1.8975	9.2775
27.9805	0.8524	-1.7360	8.8785
27.9905	1.0905	1.1031	10.3519
28.0005	1.3579	-1.1145	8.9647
28.0105	0.0754	1.3478	10.8083
28.0205	-0.1663	-0.0598	9.2470
28.0305	0.5198	0.3715	9.5407
28.0405	1.1198	-0.6879	9.5389
28.0505	1.8281	0.5414	9.2500
28.0605	0.3984	0.7155	10.6342
28.0705	1.1354	0.2512	9.7944
28.0805	0.7017	0.1825	8.9072
28.0905	-0.4463	2.2977	11.4496
28.1005	2.0429	-1.1414	10.1790
28.1105	-1.0570	2.2636	10.6665
28.1205	0.3505	-0.1585	8.5872
28.1305	1.0181	-0.6903	8.2396
28.1405	1.1324	1.1539	9.7800
28.1505	1.1121	-1.0726	10.6983
28.1605	-0.5444	0.1388	9.6586
28.1705	0.6790	-0.1119	7.8179
28.1805	-0.1962	-0.1896	9.4869
28.1905	0.4002	-0.3828	11.0650
28.2005	1.3627	-0.4498	9.5706
28.2105	0.6903	1.8329	11.2097
28.2206	0.7250	1.1444	8.7780
28.2306	0.2177	1.6546	9.7387
28.2406	0.0885	0.1866	9.8398
28.2506	1.1360	-0.5246	9.2751
28.2606	0.4301	0.0820	9.9625
28.2706	0.1161	1.1779	8.8995
28.2806	1.1073	0.7807	9.6305
28.2906	0.3494	2.6764	9.2751
28.3006	2.0040	-0.1675	8.7840
28.3106	-0.8812	1.3627	10.2023
28.3206	1.7378	-0.7071	9.3900
28.3306	0.6532	1.1844	10.6606
28.3406	1.0702	1.2664	11.1236
28.3506	2.4927	-0.7657	9.8500
28.3606	0.5749	1.1162	10.1347
28.3706	1.2401	0.3529	8.5244
28.3806	-0.8877	1.5691	10.0378
28.3906	-0.6455	1.4237	9.3200
28.4006	0.8620	-1.1258	9.0747
28.4106	0.1448	1.6780	10.6043
28.4206	2.0608	-0.4540	9.2458
28.4306	1.1563	1.3884	10.0307
28.4406	0.8357	1.4261	10.2317
28.4506	1.5733	-0.2369	8.8953
28.4606	0.2536	0.3458	11.3509
28.4706	0.5174	0.3840	10.2215
28.4806	-0.6209	0.3679	9.3822
28.4906	-0.9727	0.1842	9.9696
28.5006	2.5142	-0.3553	7.0899
28.5106	-0.6927	1.2155	9.8333
28.5206	1.9238	-0.1723	9.1716
28.5306	0.1681	1.3346	9.3302
28.5406	-0.0018	1.3944	10.4458
28.5506	2.3055	-2.0237	10.3746
28.5606	-1.1150	1.8897	9.9212
28.5706	2.2648	0.5019	7.5278
28.5806	-0.5294	1.6247	10.9537
28.5906	2.7978	-0.3972	9.1800
28.6006	0.8554	0.1131	9.4049
28.6106	1.7348	1.0756	9.8614
28.6206	-1.5470	2.1810	10.1246
28.6306	0.4331	0.1071	9.2668
28.6406	0.8441	0.4265	8.5788
28.6506	1.0833	0.8447	10.3435
28.6606	0.6329	-0.2967	9.6394
28.6706	0.6951	1.7743	10.8741
28.6806	0.3326	0.4253	9.5150
28.6906	-0.3583	1.8700	10.0067
28.7006	1.7545	-1.0875	7.9465
28.7106	0.5216	2.4012	11.0404
28.7206	0.9990	0.5581	9.7148
28.7306	1.8090	0.3936	9.7513
28.7406	1.6768	1.6451	9.9846
28.7506	0.9075	0.0778	10.5756
28.7606	-0.2339	-0.0808	10.6989
28.7706	0.1316	1.0792	9.5892
28.7806	0.4014	-1.3573	10.1036
28.7906	0.5486	0.0724	8.9563
28.8006	2.0650	0.2339	8.1194
28.8106	0.6299	1.7168	11.3521
28.8206	-0.5198	0.6383	8.4825
28.8306	0.7178	-0.0425	9.3009
28.8406	-0.7519	0.9458	9.0777
28.8506	1.7755	-0.5456	7.4207
28.8606	0.1693	1.6026	9.8374
28.8706	2.2486	1.0421	9.8051
28.8806	0.2219	0.1149	9.3074
28.8906	0.6951	0.6413	11.0500
28.9006	1.3495	-0.2895	9.8368
28.9106	-0.5228	1.4273	10.1545
28.9206	0.1789	0.8614	8.5842
28.9306	0.4893	0.8632	8.6123
28.9406	0.9003	1.3854	9.4193
28.9506	1.0929	-0.9751	9.6454
28.9606	1.2670	-0.5815	9.0987
28.9706	0.6317	0.7950	10.0205
28.9806	-0.4887	0.0191	9.1609
28.9906	0.2465	-1.0624	9.4133
29.0006	0.5127	1.1055	9.2255
29.0106	1.1731	-0.2213	8.4424
29.0206	-0.0556	1.5332	9.4396
29.0306	1.6905	-0.2788	8.6458
29.0406	-0.1256	1.1300	9.5479
29.0506	1.1850	-0.9781	8.5196
29.0606	0.3075	0.5803	9.2937
29.0706	-0.1537	-0.2237	10.7581
29.0806	1.8293	0.3894	9.9828
29.0906	0.4774	0.8106	10.5415
29.1006	1.2622	-0.5127	8.6961
29.1106	0.8722	0.2381	9.9750
29.1206	-0.7836	1.3657	10.7802
29.1306	1.2879	-1.4165	9.2686
29.1406	-0.5551	2.0674	10.6707
29.1506	-0.0281	0.2752	10.0313
29.1606	2.0124	-0.1286	9.0000
29.1706	1.1575	1.0720	9.4797
29.1806	2.6177	-1.1767	10.0666
29.1906	-0.7717	0.7884	9.8177
29.2006	1.2526	1.1617	9.1818
29.2106	0.0269	0.6437	10.6187
29.2206	0.5276	-0.7813	11.3359
29.2306	1.0612	0.6185	9.4737
29.2406	1.1258	0.7884	10.2969
29.2506	0.6490	0.8554	8.4759
29.2606	1.1970	0.4116	8.9258
29.2706	0.3733	0.6185	9.9194
29.2806	0.7771	0.5850	8.9706
29.2906	-0.1705	-0.6873	9.1346
29.3006	1.2772	1.0451	8.3910
29.3106	1.0588	-0.1813	10.5314
29.3206	0.8273	0.2171	10.7838
29.3306	1.5858	0.7340	9.2943
29.3406	0.9326	1.0116	9.7621
29.3506	-0.8524	1.2203	9.4187
29.3606	0.4947	-0.9619	7.3717
29.3706	0.7262	1.8628	9.8584
29.3806	1.3759	0.0497	9.8889
29.3906	0.7980	-0.2189	10.1712
29.4006	1.2975	1.6217	10.5038
29.4106	0.0323	0.2740	9.2853
29.4206	-0.0826	0.0126	9.7806
29.4306	0.7932	0.7555	9.4809
29.4406	1.0702	0.7920	10.7138
29.4506	-1.1731	1.9519	10.9076
29.4606	2.5753	-0.9858	8.7583
29.4706	-0.4140	3.2094	9.1028
29.4806	1.2526	0.3027	6.9427
29.4906	-0.4971	2.6273	9.2889
29.5006	1.3896	0.6161	9.6364
29.5106	0.7358	-0.6431	10.6953
29.5206	0.3918	-0.2931	9.2219
29.5306	2.2445	1.4871	7.2622
29.5406	0.7789	1.8819	9.8751
29.5506	0.1137	1.1713	9.0047
29.5606	0.6939	-0.5330	8.6727
29.5706	0.7382	0.8788	10.4410
29.5806	-0.8722	1.2837	10.8735
29.5906	1.0373	-0.2225	10.2616
29.6006	0.0772	1.2185	9.5629
29.6106	2.8540	-0.5575	8.6733
29.6206	0.5133	0.7304	10.2951
29.6306	1.1067	1.1198	10.2323
29.6406	0.5402	0.4056	10.4207
29.6506	0.0861	-1.0558	10.9292
29.6606	0.7143	1.0660	9.6023
29.6706	0.8094	-0.7478	9.2536
29.6806	-0.0371	0.9799	8.3461
29.6906	2.2325	0.6425	9.1818
29.7006	1.1354	1.5188	7.6073
29.7106	0.7675	0.1155	9.1824
29.7206	0.1490	0.7549	9.6921
29.7306	-0.2142	0.9613	10.9220
29.7406	1.0839	-0.8219	9.2464
29.7506	1.1916	-0.4720	10.3100
29.7606	0.9571	1.8323	10.0253
29.7706	1.5452	-0.8566	10.5864
29.7806	-0.0066	0.8363	11.1601
29.7906	0.4971	0.3164	8.3868
29.8006	-0.3499	2.1380	9.7698
29.8106	1.2473	-0.2375	7.7916
29.8206	0.3655	0.4409	9.7692
29.8306	1.8030	0.2578	10.8735
29.8406	1.5631	-0.7089	10.1503
29.8506	-1.0714	1.0068	9.4420
29.8606	0.7340	-0.5162	8.7679
29.8706	-0.8052	1.0816	8.3192
29.8806	0.9834	-1.9358	8.9934
29.8906	0.1741	2.5705	8.1098
29.9006	2.3049	-0.7011	8.4592
29.9106	0.7956	0.8315	10.4608
29.9206	2.4987	0.6221	9.8727
29.9306	-0.0556	0.9272	11.3258
29.9406	0.1513	0.8136	9.8201
29.9506	0.5970	-1.2790	9.3637
29.9606	0.6873	1.4124	9.1346
29.9706	1.8120	1.0253	9.6029
29.9806	1.5984	-0.4612	9.4444
29.9906	1.1569	2.1099	11.3880
30.0006	0.0640	-0.6191	10.7892
30.0106	0.2405	0.0849	10.2442
30.0206	-0.8746	1.9717	10.1120
30.0306	0.8985	-1.4955	9.1818
30.0406	0.3864	0.3559	10.1186
30.0506	2.3970	-0.8207	8.0291
30.0606	-0.2560	2.6327	11.2833
30.0706	0.9182	-0.1358	11.3987
30.0806	0.0837	0.3135	9.9032
30.0906	0.3218	-0.4750	9.9870
30.1006	2.3623	-0.7406	8.5381
30.1106	-1.1474	1.9944	8.5519
30.1206	1.9328	-0.2704	8.4263
30.1306	0.1280	0.9565	10.3764
30.1406	1.3992	-0.4504	9.7357
30.1506	-0.6490	0.6766	10.0552
30.1606	0.1490	0.2195	10.6325
30.1706	0.3601	-0.1125	10.4237
30.1806	0.4827	0.4116	9.5330
30.1906	2.0237	0.4947	9.5533
30.2006	1.3214	0.5139	8.8325
30.2106	1.2724	0.8746	10.2699
30.2206	-0.4588	0.4576	9.4325
30.2306	2.0919	0.0718	8.9138
30.2406	-0.0586	-0.0407	10.4560
30.2506	1.5685	-0.8823	10.0319
30.2606	0.9398	0.6060	10.4697
30.2706	1.6744	0.4487	10.0546
30.2806	0.7711	1.3454	11.0087
30.2906	1.8903	-0.7603	10.3196
30.3006	-0.4044	0.9667	11.1936
30.3106	0.3230	0.5617	9.7334
30.3206	1.1934	0.8632	9.6323
30.3306	0.0419	1.1366	10.1766
30.3406	1.0433	-2.0788	8.1954
30.3506	-0.2638	1.5918	9.5569
30.3606	1.9866	-0.6377	8.5866
30.3706	-1.5440	1.1731	8.7846
30.3806	1.8203	-1.7240	9.0143
30.3906	0.3314	0.1651	9.9786
30.4006	1.0684	0.8070	10.0666
30.4106	0.3906	1.0756	9.8416
30.4206	1.1533	-0.3757	10.3704
30.4306	1.4124	-0.9320	10.1599
30.4406	-0.9027	1.6026	10.1270
30.4506	2.1870	-0.9248	9.7471
30.4606	-2.0638	2.2163	10.8083
30.4706	1.1474	-0.4223	8.4496
30.4806	0.7166	0.2943	10.2520
30.4906	-0.1358	0.6682	9.5252
30.5006	0.9290	-1.5757	8.1224
30.5106	0.6215	1.2484	10.1718
30.5206	2.8325	-1.5900	8.1553
30.5306	-0.7364	0.5282	8.9192
30.5406	1.6786	-0.1848	8.6440
30.5506	1.3902	0.1908	10.0737
30.5606	0.9739	-0.1005	10.3453
30.5706	1.5559	1.0211	10.2508
30.5806	0.7926	0.7705	9.5365
30.5906	-0.0754	1.1366	9.6628
30.6006	0.5803	0.2333	8.9383
30.6106	0.3840	0.8393	9.7016
30.6206	1.5637	1.0708	10.0103
30.6306	0.3416	0.0903	8.6638
30.6406	0.5755	0.3571	10.7605
30.6506	2.3420	-1.1127	10.3196
30.6606	-1.2939	2.0722	10.0594
30.6706	1.1480	-1.4979	8.1200
30.6806	0.2518	-0.4493	8.3850
30.6906	-0.6437	0.5091	8.8193
30.7006	0.4439	2.2397	9.8674
30.7106	1.2221	-0.7065	9.6753
30.7206	1.2036	-0.6138	9.4845
30.7306	0.6526	1.0313	9.4875
30.7406	0.3350	0.0855	9.6957
30.7506	-0.6144	1.3083	10.8203
30.7606	1.4094	-0.8823	8.6213
30.7706	-0.2070	3.2411	10.2053
30.7806	1.1940	0.0012	9.5090
30.7906	0.4690	1.7611	10.1515
30.8006	0.2363	0.9176	9.4468
30.8106	0.8919	-0.1442	7.2891
30.8206	-0.1394	0.2512	10.9668
30.8306	1.0050	1.0833	10.3076
30.8406	-0.1902	-0.0245	10.4380
30.8506	1.0241	-1.4447	9.4121
30.8606	0.9601	0.8267	10.3447
30.8706	1.3466	-0.6036	10.7306
30.8806	0.3302	0.6963	11.3437
30.8906	0.5109	0.6933	9.9248
30.9006	-0.0700	0.7071	9.6993
30.9106	0.6496	0.5198	10.2879
30.9206	0.6796	-0.5336	9.9882
30.9306	0.8261	1.7832	9.3505
30.9406	1.0008	-0.7448	7.8855
30.9506	0.6000	1.3747	9.3355
30.9606	2.0835	-0.2213	8.9557
30.9706	-0.2130	1.4034	11.3455
30.9806	0.5061	-1.9053	9.1770
30.9906	1.1001	2.3252	9.2961
31.0006	1.0947	-0.4146	9.6125
31.0106	1.4387	-1.5033	8.8366
31.0206	1.0343	1.7180	11.1050
31.0306	0.5402	-0.0784	10.0348
31.0406	-1.2467	1.7545	10.9405
31.0506	1.5960	-1.8257	9.6131
31.0606	0.6425	1.3280	11.0315
31.0706	-0.2249	1.7647	9.7716
31.0806	2.0931	0.1220	10.9890
31.0906	-0.6933	2.4598	10.8334
31.1006	0.7131	-1.6804	7.3758
31.1106	-0.4546	0.3075	8.5250
31.1206	0.9045	0.3739	8.4203
31.1306	0.7585	0.0790	10.9501
31.1406	-0.1268	-1.7162	9.7507
31.1506	1.9412	1.2155	9.9846
31.1606	1.2813	-1.0427	10.1557
31.1706	0.4642	-0.0837	8.9575
31.1806	-0.0610	1.1868	9.0885
31.1906	0.2722	0.8088	11.1816
31.2006	0.3476	0.9392	11.7983
31.2106	1.0534	-2.2343	9.3768
31.2206	1.3466	0.8291	9.0544
31.2306	-0.4469	1.6253	8.7134
31.2406	0.6173	-0.9248	9.3738
31.2506	-0.5222	-0.5821	10.0265
31.2606	1.5793	1.2138	8.8020
31.2706	-0.0700	1.0702	7.6839
31.2806	0.5563	1.7228	8.3425
31.2906	2.8343	-1.6564	10.0534
31.3006	-0.2375	-0.1484	8.0991
31.3106	1.0361	0.6772	9.1340
31.3206	-0.5324	-0.8231	10.6636
31.3306	0.6951	-1.5129	10.6348
31.3406	1.0564	1.5470	9.5593
31.3506	1.2185	-0.0628	10.5355
31.3606	1.0056	1.9663	10.1874
31.3706	1.9154	-0.0706	9.9349
31.3806	1.4937	0.4780	10.6241
31.3906	-0.1573	1.6552	10.4213
31.4006	0.2506	-0.9571	8.7487
31.4106	0.5491	1.6660	8.2684
31.4206	1.0175	1.0361	11.1876
31.4306	0.4140	0.1436	10.1982
31.4406	0.5168	-0.4935	8.9988
31.4506	2.0405	-1.2586	7.4476
31.4606	0.6150	2.2145	9.2674
31.4706	1.5996	-0.9326	8.6799
31.4806	-0.1645	1.1683	9.9720
31.4906	1.5583	-1.8425	10.2161
31.5006	0.9960	1.1180	8.3551
31.5106	0.6305	0.3625	12.0041
31.5206	2.0351	-2.3384	10.5421
31.5306	-1.0193	3.1477	10.1018
31.5406	1.3932	-2.0805	8.5274
31.5506	-0.1388	0.7214	11.1714
31.5606	0.1651	0.9637	8.8301
31.5706	0.4044	0.6802	9.4851
31.5806	0.4211	2.3796	9.0006
31.5906	2.2570	-1.6110	9.4582
31.6006	0.8070	2.4078	12.5868
31.6106	0.8692	0.6341	9.4923
31.6206	-0.3051	1.8341	8.2869
31.6306	0.1418	-0.0329	7.1162
31.6406	2.1852	-0.3488	9.7968
31.6506	-0.3338	1.1336	9.7076
31.6606	1.6833	-0.1340	10.1210
31.6706	2.0118	-0.0024	8.9862
31.6806	-0.1699	0.9697	8.7996
31.6906	0.8142	-0.3374	9.5318
31.7006	-0.8524	1.0738	11.5292
31.7106	1.1737	-1.2467	9.0251
31.7206	-0.8447	1.3041	10.7078
31.7306	0.6311	0.6245	9.6795
31.7406	1.9717	-0.7645	9.9589
31.7506	-0.7735	1.9334	8.6781
31.7606	3.3924	-1.4010	8.7332
31.7706	-1.3944	2.4191	12.4468
31.7806	1.5434	-0.1029	8.5453
31.7906	-0.2949	2.0578	8.7589
31.8006	1.3053	1.4004	7.5529
31.8106	3.0395	0.5486	10.0235
31.8206	-1.4243	1.8305	11.0315
31.8306	2.5208	-1.8431	8.4765
31.8406	-0.3141	2.3444	8.2929
31.8506	2.7063	-0.6227	6.7944
31.8606	0.3589	2.6165	9.1896
31.8706	1.0899	-0.5575	9.3296
31.8806	1.6726	1.0331	10.4859
31.8906	0.2835	0.8530	11.2175
31.9006	0.3332	-2.2534	7.9788
31.9106	0.2267	1.2550	10.7970
31.9206	0.8871	-0.2459	8.8977
31.9306	-0.1896	0.7101	10.3447
31.9406	0.4911	0.7448	7.6301
31.9506	0.2148	1.8718	8.4472
31.9606	1.7695	1.8018	11.0219
31.9706	1.2203	0.5539	8.2516
31.9806	1.4554	1.1641	9.5539
31.9906	0.6239	0.4630	8.0165
32.0006	-0.1382	1.8897	9.0394
32.0106	1.4399	-0.2997	7.9728
32.0206	0.7232	0.6945	9.8937
32.0306	1.1366	-1.9627	8.6470
32.0406	-0.2136	1.3047	10.2119
32.0506	1.6726	-0.6185	9.8662
32.0606	0.7172	-0.9093	10.3357
32.0706	1.5314	1.8233	11.5411
32.0806	0.5420	0.3936	11.0452
32.0906	-0.0897	2.2253	9.5114
32.1006	1.2963	-0.9164	8.6458
32.1106	0.2889	1.1982	10.4949
32.1206	0.6054	0.2297	10.0139
32.1306	0.2171	-0.2608	8.9270
32.1406	0.6592	1.1031	10.4566
32.1506	1.1737	1.8670	10.7383
32.1606	0.4618	0.8189	8.6470
32.1706	0.4211	1.0415	8.4173
32.1806	2.4945	-0.2195	8.6985
32.1906	-0.3099	1.3376	10.2951
32.2006	3.2961	0.5025	9.3433
32.2106	0.2082	1.2144	10.5930
32.2206	0.1830	-0.3858	9.6622
32.2306	1.4112	0.9840	10.0097
32.2406	-0.4026	2.0722	10.8059
32.2506	1.4584	-2.4179	8.5657
32.2606	0.0425	1.8203	11.0183
32.2706	3.4492	-0.7448	11.0338
32.2806	-1.8772	-1.5805	10.3806
32.2906	0.0903	3.3499	11.3252
32.3006	1.0469	-0.5372	8.7691
32.3106	-0.8692	3.1029	9.9631
32.3206	1.7366	-1.7982	7.5565
32.3306	-0.4816	1.8963	11.1391
32.3406	0.6239	-0.1418	11.4460
32.3506	0.9954	-1.0014	10.0055
32.3606	0.2794	2.4610	9.9864
32.3706	-0.5091	0.0048	9.0711
32.3806	1.7468	-1.2341	8.4006
32.3906	0.6682	1.9693	10.0139
32.4006	1.3035	0.2255	10.8502
32.4106	-1.0110	-0.7077	7.7569
32.4206	1.1396	-0.2375	8.3677
32.4306	2.8313	-0.2740	8.7326
32.4406	-1.8287	1.5876	9.0131
32.4506	2.0847	-0.8046	8.3892
32.4606	0.8716	0.2255	9.7190
32.4706	1.9507	-1.9824	8.2791
32.4806	-0.2136	1.8897	10.7623
32.4906	-0.2919	0.7765	10.3453
32.5006	2.2959	-1.4237	9.9619
32.5106	0.3571	1.9172	10.9968
32.5205	1.8496	-0.5653	7.9699
32.5305	-0.0730	1.2921	10.6151
32.5405	0.8333	1.0732	10.6408
32.5505	-0.2495	-0.3188	10.1114
32.5605	0.9775	1.8383	12.0155
32.5705	1.1874	-0.2500	9.8685
32.5805	0.5318	-0.1208	8.7852
32.5905	-0.3769	1.0636	10.3621
32.6005	1.3998	-0.7705	10.8221
32.6105	-0.2495	-0.1603	9.5599
32.6205	0.3930	1.7773	11.7708
32.6305	1.4459	-1.0307	9.3421
32.6405	1.1396	2.7111	10.9196
32.6505	0.5868	0.5803	9.7968
32.6605	1.5254	-0.1950	8.6506
32.6705	1.6881	2.3952	10.3830
32.6805	0.8877	-0.2991	7.8047
32.6905	-1.0546	1.1713	9.4151
32.7005	1.0528	-0.5162	7.5350
32.7105	0.9260	0.1621	10.1629
32.7205	0.9643	-0.7436	7.8430
32.7305	1.2688	0.3709	9.0287
32.7405	1.2508	-0.3063	10.9471
32.7505	1.2066	-0.8853	9.3308
32.7605	1.1527	2.2343	12.7058
32.7705	0.1376	-0.6437	10.5206
32.7805	0.2165	0.3547	11.1589
32.7905	1.8664	0.3715	9.7471
32.8005	-1.1731	1.6445	9.9684
32.8105	0.4367	-1.6708	10.4021
32.8205	-0.4750	1.6624	12.1250
32.8305	1.7091	-1.3687	9.7094
32.8405	-1.0636	2.2175	11.3706
32.8505	0.8016	-0.0042	10.7042
32.8605	2.4538	1.3633	8.0757
32.8705	-0.5491	2.8068	10.0109
32.8805	1.5057	-1.2484	6.6203
32.8905	1.0863	2.0800	10.6301
32.9005	0.0132	1.1587	10.1018
32.9105	1.2473	-0.6897	8.4867
32.9205	-0.1077	1.8891	10.3836
32.9305	1.4572	0.8273	9.6909
32.9405	0.1789	1.4650	8.8337
32.9505	-0.2453	1.7121	7.4943
32.9605	2.7469	-0.5503	8.7015
32.9705	0.1507	1.2251	9.3625
32.9805	2.2977	-0.6909	7.1013
32.9905	0.3320	1.0463	11.5704
33.0005	-0.2459	-0.7220	9.2039
33.0105	2.7021	-0.5821	9.0239
33.0205	0.4433	1.3597	12.0741
33.0305	-0.1819	-1.1270	8.0063
33.0405	2.0584	-0.0437	10.0163
33.0505	-0.7974	1.6337	9.8249
33.0605	0.7813	-1.8467	8.0614
33.0705	0.0640	0.8327	9.3792
33.0805	0.4307	-0.3326	8.9359
33.0905	2.4532	1.6923	12.3182
33.1005	-1.3543	1.0391	11.1732
33.1105	0.9948	0.1651	8.2474
33.1204	1.6893	0.8327	10.6935
33.1304	0.7430	1.6827	10.5439
33.1404	1.3047	2.0046	10.1892
33.1504	-0.7310	0.8841	11.2498
33.1604	2.0889	-1.5996	7.8281
33.1704	-0.0419	3.1071	11.5387
33.1804	-1.1085	2.0967	8.0847
33.1904	1.5972	-1.5822	8.3222
33.2004	-0.0425	3.0078	10.5415
33.2104	0.6287	-0.0610	9.0592
33.2204	1.5487	1.0642	7.6067
33.2304	0.3224	0.2506	10.9854
33.2404	2.5549	-0.7286	9.4779
33.2504	-0.4301	1.9089	8.8875
33.2604	0.2746	1.0199	7.6989
33.2704	2.9085	-2.2953	8.7469
33.2804	0.3266	1.1330	8.4801
33.2904	3.2596	-0.6341	8.1637
33.3004	-0.2070	2.6542	10.6552
33.3104	1.1180	-1.3657	8.6572
33.3204	0.9356	-0.6126	10.1533
33.3304	-0.1418	1.8622	10.6797
33.3404	1.0080	-2.3132	8.2618
33.3504	1.5475	0.8782	9.6251
33.3604	2.0584	0.6443	9.7992
33.3704	0.7208	0.3894	12.8380
33.3804	-1.1838	2.0333	11.1463
33.3904	-0.1149	-1.3920	10.7934
33.4004	1.2670	-0.0873	14.2929
33.4104	-0.3625	-0.2279	12.4558
33.4204	0.8183	-0.8674	9.7310
33.4304	1.9812	0.1047	11.6201
33.4404	-0.4690	2.2642	10.5523
33.4504	1.1832	-0.4648	9.4205
33.4604	0.9583	1.6331	13.9764
33.4704	-0.6126	-0.1029	11.6422
33.4804	1.2096	-1.1294	10.3405
33.4904	1.1545	1.4064	12.7022
33.5004	-0.8512	0.7681	10.8855
33.5104	1.5087	-1.0175	10.8095
33.5204	1.8502	1.9926	11.9329
33.5304	-0.1735	2.2498	9.6987
33.5404	0.4433	-1.8700	10.4243
33.5504	-1.2628	1.5882	13.5983
33.5604	0.8231	0.3739	10.6031
33.5704	0.4929	1.9795	10.2269
33.5804	-0.1478	1.5966	10.3657
33.5904	3.4570	-2.3653	6.6030
33.6004	0.7466	3.3158	9.8811
33.6104	0.3559	2.5932	7.4057
33.6204	-0.6443	-0.3284	7.6163
33.6304	0.0945	2.9234	9.9966
33.6404	1.5781	-0.7238	7.6426
33.6504	-0.2722	1.8395	8.3276
33.6604	0.7555	0.9123	8.3031
33.6704	2.9455	-2.3378	7.0438
33.6804	-0.5438	2.5154	7.6570
33.6904	2.7948	-0.5761	7.7342
33.7004	-0.7597	1.0750	11.1900
33.7103	-0.8883	-1.1958	9.5976
33.7203	1.8568	-0.2722	8.4472
33.7303	2.8062	0.4080	12.8003
33.7403	0.7824	0.2243	8.4646
33.7503	1.5428	0.2387	7.6672
33.7603	0.4630	0.1819	10.2299
33.7703	-0.2303	-1.7683	9.8979
33.7803	-0.0263	2.6429	12.3176
33.7903	0.1280	-0.4534	11.8079
33.8003	0.5677	-2.0512	10.8071
33.8103	0.9936	0.8177	10.5499
33.8203	0.7160	0.7681	10.4566
33.8303	1.5661	-4.3621	9.1698
33.8403	0.0203	1.8736	11.8612
33.8503	0.9619	0.2345	13.6259
33.8603	0.0443	-3.2608	11.8570
33.8703	-0.0048	1.4147	10.3076
33.8803	0.7597	1.7186	11.5333
33.8903	1.4022	0.6754	8.9084
33.9003	-0.4008	1.2730	11.0985
33.9103	-0.4403	-0.5521	11.1355
33.9203	1.2790	-0.3206	10.1407
33.9303	-0.5803	1.9436	12.0209
33.9403	1.0349	-1.5505	10.1563
33.9503	0.9769	-2.1619	11.7331
33.9603	-0.5049	3.0921	9.7591
33.9703	-0.0006	-1.6301	12.1345
33.9803	1.4393	-1.8772	9.4402
33.9903	0.4552	1.4130	14.2893
34.0003	0.3218	-0.7896	10.4123
34.0103	2.5926	-2.2355	9.8075
34.0203	0.4475	2.9097	10.5433
34.0303	0.1753	2.4592	10.5918
34.0403	0.1627	-2.3372	10.2664
34.0503	1.1743	1.3962	12.2476
34.0603	0.3607	0.8548	12.2488
34.0703	0.7717	0.0311	10.6229
34.0803	-0.0544	0.3864	12.2189
34.0903	0.8393	-1.6086	8.2929
34.1003	1.3854	-1.0211	9.8004
34.1103	-0.0598	3.3828	11.2307
34.1203	0.6634	-1.2377	9.8350
34.1303	0.9362	-1.2520	12.4277
34.1403	-1.1091	2.4371	10.7036
34.1503	0.2961	-1.0863	8.6937
34.1603	3.0778	-1.7174	11.5633
34.1703	0.8614	1.6193	12.7818
34.1803	1.2269	-1.1480	12.3098
34.1903	0.7585	-3.4690	11.1643
34.2003	-0.9739	0.8758	11.4400
34.2103	0.4684	0.8931	11.1918
34.2203	-0.1220	-0.3254	11.1726
34.2303	0.1125	0.9392	10.5720
34.2403	2.0512	-0.4977	11.4759
34.2503	1.1838	-0.7196	7.2646
34.2603	0.4935	2.9719	13.5319
34.2703	0.2943	-2.1565	10.6229
34.2803	0.4445	-1.3507	10.7940
34.2903	0.3918	2.4861	12.4510
34.3003	-0.8321	-1.7653	10.1174
34.3102	2.6249	-1.3286	11.1296
34.3202	0.3470	3.4839	14.0966
34.3302	-0.8309	-0.7561	10.9040
34.3402	1.4961	-2.5657	10.7401
34.3502	-0.1819	1.2652	13.6127
34.3602	1.5398	-0.9308	11.3641
34.3702	1.2209	-1.4453	10.2969
34.3802	1.2855	1.5499	10.3483
34.3902	0.6030	2.1111	12.9194
34.4002	0.2895	-1.8353	10.3363
34.4102	0.5474	-0.3673	12.2877
34.4202	-0.9021	1.4375	14.6960
34.4302	0.7902	-4.2084	9.2488
34.4402	0.5904	-0.0903	8.5040
34.4502	1.9806	0.9326	10.5194
34.4602	-0.4774	-1.0379	7.7958
34.4702	0.9404	-2.2474	8.8636
34.4802	-0.8812	-1.8377	11.9694
34.4902	0.4636	0.6425	7.7760
34.5002	0.1513	0.7394	11.6572
34.5102	-0.6347	-0.0784	9.2010
34.5202	2.8809	-3.7980	9.1298
34.5302	0.7143	2.9115	12.6406
34.5402	0.9476	-1.1563	11.3617
34.5502	0.6526	-2.7715	11.0703
34.5602	0.0568	0.9876	10.5637
34.5702	0.3440	-0.1699	10.5954
34.5802	-0.5121	-2.3420	10.8418
34.5902	0.9236	-1.0032	10.7892
34.6002	0.0473	2.9509	13.0624
34.6102	1.5392	-2.9874	8.7750
34.6202	1.5093	-0.0616	9.4163
34.6302	-0.0299	1.6546	10.8227
34.6402	-0.1998	0.1358	10.3130
34.6502	0.9009	-2.4580	9.3038
34.6602	-1.3358	-2.0100	12.0645
34.6702	0.7555	0.2309	10.0151
34.6802	1.0223	0.1364	8.8241
34.6902	-0.0999	-0.5527	9.9421
34.7002	1.9896	-2.1326	8.5076
34.7102	-0.2207	2.5501	13.4434
34.7202	1.3663	-0.0921	12.6316
34.7302	1.3005	-0.5605	9.9128
34.7402	1.6678	1.7743	9.2494
34.7502	0.3224	1.3687	10.8574
34.7602	0.8261	-0.8913	9.9804
34.7702	-0.2596	1.6893	10.7569
34.7802	-0.6191	-0.2752	9.7106
34.7902	1.3543	-2.3527	12.2925
34.8002	1.2407	0.5725	12.7615
34.8102	0.3404	-0.0431	9.4319
34.8202	-0.9781	0.2489	8.5746
34.8302	1.8754	0.5928	11.6638
34.8402	-0.9260	-0.6796	9.9732
34.8502	-0.6126	-3.2034	10.2729
34.8602	1.3747	-0.7400	10.5062
34.8702	0.0437	1.3681	7.8915
34.8802	2.4855	-1.7904	6.2177
34.8902	-0.3093	3.5426	8.9545
34.9001	0.1789	-1.0307	9.8225
34.9101	0.8165	-1.6941	11.9234
34.9201	-1.5667	0.9817	12.0986
34.9301	-0.6993	-0.2004	10.4440
34.9401	0.3757	-2.6907	11.0733
34.9501	2.5071	-0.9063	5.7433
34.9601	1.4303	1.4853	11.5214
34.9701	-0.1454	-0.3906	7.2873
34.9801	1.6869	-1.0708	11.8540
34.9901	-0.6269	2.2588	12.2398
35.0001	-0.0646	-0.5324	7.2747
35.0101	2.1900	-0.3021	7.2550
35.0201	0.6861	1.3549	9.9756
35.0301	-0.0987	-0.4229	8.9013
35.0401	1.1647	-1.7964	8.8911
35.0501	-0.6335	1.6642	9.4767
35.0601	0.1789	-2.1362	8.4909
35.0701	0.3846	0.7962	9.5066
35.0801	0.8841	1.2873	11.0410
35.0901	0.3894	-0.9697	10.3136
35.1001	0.3643	0.2040	9.1483
35.1101	0.6652	1.7557	10.0426
35.1201	1.8802	-2.1601	7.2825
35.1301	0.0951	0.8363	10.3908
35.1401	0.0730	1.2694	10.6289
35.1501	-0.7041	-0.8638	10.4380
35.1601	1.9017	-0.9745	9.4366
35.1701	-0.0951	3.4528	8.6632
35.1801	-0.2333	-0.3942	6.4743
35.1901	1.3154	-1.0851	9.2392
35.2001	-0.3440	0.8997	12.4181
35.2101	-1.2550	-0.7478	10.5409
35.2201	-0.5019	0.0520	6.8554
35.2301	1.3765	1.6469	7.0038
35.2401	1.2036	0.7262	7.1300
35.2501	1.6923	1.2126	7.7874
35.2601	1.0893	1.7563	9.8805
35.2701	1.4088	-1.1617	7.6899
35.2801	-0.3679	0.5007	11.9072
35.2901	-0.6574	0.0108	11.3670
35.3001	0.0473	-2.3085	9.4331
35.3101	2.1960	-0.2357	10.1210
35.3201	0.6640	2.1607	10.0827
35.3301	-0.7238	-0.6526	6.8512
35.3401	1.7773	-1.8257	9.6819
35.3501	-0.1304	1.3902	13.0013
35.3601	-1.1031	-1.1928	8.6189
35.3701	1.0038	0.1172	6.1818
35.3801	1.1964	0.7555	8.5716
35.3901	0.4163	-1.2060	7.8616
35.4001	2.0022	1.2843	8.5914
35.4101	0.2949	0.2734	9.2638
35.4201	0.7627	-0.5773	8.5728
35.4301	-0.6622	-0.0150	7.7790
35.4401	-0.0748	-0.0502	10.8215
35.4501	0.6203	-0.4331	9.3373
35.4601	1.2006	1.4142	7.3387
35.4701	1.0271	-0.6915	11.1361
35.4801	-0.3727	-1.5565	9.0006
35.4901	0.5809	-1.0504	8.8061
35.5000	-0.2291	2.1368	12.3547
35.5100	0.5079	-0.0682	7.6157
35.5200	1.8778	-0.5659	7.7946
35.5300	1.2802	1.2161	12.8219
35.5400	0.8758	0.0233	8.4030
35.5500	2.1212	0.8213	12.1890
35.5600	-0.4690	0.4857	10.4093
35.5700	-1.0283	-1.0092	8.9126
35.5800	1.0223	-0.6604	8.9001
35.5900	0.6814	0.8740	11.3156
35.6000	0.5007	0.4373	8.8929
35.6100	1.1420	0.3051	7.2269
35.6200	0.7172	-0.0072	10.5696
35.6300	-0.3410	-0.8183	8.8474
35.6400	-0.2004	-0.5468	8.1744
35.6500	0.4762	1.2167	9.0526
35.6600	-0.5312	0.3817	11.4574
35.6700	0.7998	-1.8796	6.0891
35.6800	0.3757	2.3826	8.2719
35.6900	1.4375	0.3577	6.4361
35.7000	0.5982	1.3902	11.1308
35.7100	0.0520	1.6684	9.9535
35.7200	0.1932	-2.4730	8.9736
35.7300	0.9739	0.9697	8.6141
35.7400	0.1639	-0.8327	9.5252
35.7500	1.2640	-1.5870	10.8909
35.7600	0.7244	1.4524	11.3084
35.7700	0.3936	0.3960	9.0281
35.7800	0.1280	-1.1162	6.5258
35.7900	-0.0359	-0.6706	6.8614
35.8000	0.9338	0.8124	10.6755
35.8100	2.1583	-0.4630	11.7086
35.8200	1.4536	-1.1210	5.3216
35.8300	-0.4528	1.7515	8.5005
35.8400	2.1559	-1.8281	7.2520
35.8500	-0.3769	0.8016	9.6173
35.8600	0.2800	-0.0461	10.1970
35.8700	-0.5198	-2.4299	9.8620
35.8800	1.2484	0.2327	7.4614
35.8900	2.0399	1.5523	9.0688
35.9000	0.6138	-0.7693	8.3126
35.9100	1.8215	0.4128	11.0129
35.9200	-0.6544	0.7286	9.5748
35.9300	0.3344	-2.9408	7.5732
35.9400	0.4839	0.3984	8.2755
35.9500	-0.1172	-0.4971	10.8544
35.9600	-0.6664	0.0885	10.7784
35.9700	1.5200	-0.0491	7.6719
35.9800	-0.1567	-0.5037	9.8303
35.9900	-0.3021	1.8604	10.3651
36.0000	0.6132	-0.3458	7.4500
36.0100	-0.1783	0.3009	10.1156
36.0200	-0.4875	-1.1982	8.4508
36.0300	0.0568	0.6945	8.0051
36.0400	1.9645	-0.0084	9.5192
36.0500	-0.5575	0.4457	9.3182
36.0600	-0.6825	0.1394	7.2131
36.0700	0.9410	-0.2991	8.5118
36.0800	-1.4315	1.8173	9.3565
36.0900	0.5282	-0.4516	8.1936
36.0999	2.3898	0.1884	9.9182
36.1099	0.9828	1.0199	11.0225
36.1199	-0.2297	2.6949	7.8448
36.1299	1.9681	-0.0981	6.1555
36.1399	-0.7107	1.6606	9.3583
36.1499	0.7501	-0.4349	8.5770
36.1599	0.6467	0.9954	11.4753
36.1699	0.2219	1.1922	8.3425
36.1799	1.1647	0.0102	7.0725
36.1899	0.4044	-0.1292	10.5056
36.1999	-0.2489	-1.4195	9.6023
36.2099	-0.0036	0.9529	7.7928
36.2199	0.7101	-0.5420	8.0680
36.2299	-1.1797	1.1306	8.7918
36.2399	-0.1041	0.9075	7.1126
36.2499	1.8646	-0.2070	10.1509
36.2599	1.5481	1.4411	8.6715
36.2699	0.9757	2.7942	7.4452
36.2799	1.7593	-0.1454	8.2396
36.2899	-1.2090	1.0110	11.3934
36.2999	-0.2177	1.1025	6.9697
36.3099	-0.0437	-0.6126	8.5005
36.3199	1.6313	1.3525	10.1258
36.3299	0.6598	0.8620	7.6295
36.3399	0.8931	1.5565	6.8614
36.3499	0.3523	1.7491	9.4857
36.3599	-0.9206	1.0492	5.9084
36.3699	1.4728	-0.8411	6.2620
36.3799	0.1232	1.9944	10.5613
36.3899	0.3159	2.0476	8.7499
36.3999	1.2969	1.0074	9.8225
36.4099	1.7360	0.9858	8.6548
36.4199	0.9787	2.3641	7.5918
36.4299	1.3753	1.4650	10.3776
36.4399	-1.0331	0.1531	11.2061
36.4499	0.2949	-0.0030	6.6514
36.4599	0.2381	1.0899	8.8600
36.4699	0.3763	-0.4528	10.5152
36.4799	-0.1125	1.0576	5.5280
36.4899	0.7567	1.3035	6.9039
36.4999	0.3380	0.4271	6.7106
36.5099	-1.0905	0.1310	5.9192
36.5199	2.1924	-0.1089	7.8783
36.5299	-0.8488	0.8961	10.5062
36.5399	-0.9446	1.1474	5.4843
36.5499	1.6193	-0.3715	7.2125
36.5599	0.7113	0.3153	9.8117
36.5699	-0.2243	1.0845	6.4827
36.5799	2.1248	0.0909	9.3738
36.5899	0.4319	1.2825	9.3397
36.5999	0.6209	-0.6341	7.3914
36.6099	0.2495	-0.2154	10.0331
36.6199	-0.2345	0.5097	11.3658
36.6299	0.0610	0.2112	7.1521
36.6399	0.8255	1.1408	8.1912
36.6499	1.0367	0.1801	9.5982
36.6599	0.5527	-0.0239	8.3665
36.6699	1.4704	1.2437	9.5563
36.6799	-0.8728	1.9148	10.0390
36.6898	-0.2082	1.0983	5.3330
36.6998	1.5290	-0.1232	7.1240
36.7098	0.5342	1.9017	8.1403
36.7198	-0.8393	0.9117	6.2692
36.7298	1.5571	-1.1282	6.8710
36.7398	-0.8309	0.5683	9.0843
36.7498	0.2387	1.8323	8.1708
36.7598	0.0209	-1.8395	10.7563
36.7698	-0.6933	2.9438	9.4612
36.7798	1.6510	-0.6281	7.7629
36.7898	0.4223	0.5180	7.3519
36.7998	1.3083	0.6550	8.3407
36.8098	-0.7208	2.0393	9.7423
36.8198	0.0903	-0.0574	8.6536
36.8298	-1.0325	0.8459	9.9415
36.8398	0.8094	1.5398	6.3846
36.8498	1.0845	0.5725	8.5058
36.8598	1.2987	2.2259	9.8925
36.8698	0.3200	0.3374	7.9041
36.8798	2.3791	-0.2931	9.3505
36.8898	-0.8776	1.7414	9.0628
36.8998	-0.5073	1.2490	8.0117
36.9098	0.7783	-1.1880	9.7262
36.9198	-0.6544	-0.2859	9.0699
36.9298	0.8518	-0.0712	8.0578
36.9398	1.0971	0.6365	9.4672
36.9498	1.1258	2.2774	10.7970
36.9598	-0.0209	0.6018	8.6039
36.9698	0.4869	-0.1394	8.1140
36.9798	-0.8471	-0.4995	10.0157
36.9898	0.1998	2.6698	10.1150
36.9998	1.0833	0.4367	10.1718
37.0098	1.2167	0.4050	9.7178
37.0198	-0.0592	1.0241	9.6209
37.0298	1.6403	0.2423	9.9254
37.0398	0.3404	-0.0138	9.1818
37.0498	0.7615	2.7027	7.6851
37.0598	1.4979	-0.2154	7.5344
37.0698	0.2704	2.5035	7.3316
37.0798	0.7178	0.6455	7.8616
37.0898	1.4949	0.9822	10.4458
37.0998	0.5157	-0.5222	9.3176
37.1098	-0.1615	1.0654	8.1972
37.1198	1.1695	-0.2327	9.2859
37.1298	0.8740	1.2772	11.0309
37.1398	-0.2165	1.9777	10.4931
37.1498	0.2800	-0.0072	9.3798
37.1598	1.8323	-0.2955	9.2919
37.1698	-0.4379	1.5105	9.1920
37.1798	1.3495	0.6796	9.4582
37.1898	1.1228	1.8269	9.3649
37.1998	0.0502	2.2857	10.4297
37.2098	1.2060	-0.3266	9.3643
37.2198	0.6802	1.4961	8.9276
37.2298	0.2578	1.6379	8.2546
37.2398	-0.2321	-0.2518	7.9597
37.2498	2.3545	0.5276	9.3595
37.2598	-0.5868	1.3466	9.9505
37.2698	0.4762	-0.0299	10.6031
37.2798	1.0869	1.4058	8.9395
37.2897	0.3817	1.1635	8.9252
37.2997	0.7107	0.5958	9.0699
37.3097	0.0526	-0.1418	9.5647
37.3197	-0.0359	1.4662	9.8327
37.3297	0.4642	-0.1166	7.3346
37.3397	2.2827	0.9236	7.4644
37.3497	0.4283	3.5659	10.5038
37.3597	0.1525	0.4875	8.8121
37.3697	0.5725	2.6488	9.6179
37.3797	0.7669	1.2670	9.0430
37.3897	0.9392	-0.4295	9.5240
37.3997	0.7543	0.6520	8.5447
37.4097	0.0012	1.2203	7.4237
37.4197	1.1222	0.3392	7.9884
37.4297	0.8148	0.9864	7.5559
37.4397	-0.0778	1.2790	7.9710
37.4497	0.7274	1.2837	8.4191
37.4597	0.7585	-0.5336	8.6596
37.4697	-0.3326	1.7228	7.0809
37.4797	0.5635	-0.0951	6.9200
37.4897	-0.7190	2.1810	9.3302
37.4997	0.1424	2.0273	7.3346
37.5097	0.6239	-0.5139	8.2420
37.5197	1.4124	2.8630	10.3010
37.5297	0.1418	1.2389	9.6664
37.5397	1.7617	-1.4638	9.1633
37.5497	-0.0114	1.6953	9.8967
37.5597	-0.4181	0.7406	6.9200
37.5697	0.6706	0.5677	9.6885
37.5797	0.2674	0.6592	9.4564
37.5897	-0.3775	1.2712	6.9697
37.5997	1.9358	1.4315	9.0029
37.6097	1.3759	1.0379	8.4981
37.6197	-0.8530	2.3599	6.8093
37.6297	1.0875	0.9170	7.6791
37.6397	-0.8764	1.7186	9.8656
37.6497	-0.1783	1.3735	7.8711
37.6597	0.0736	-0.8746	8.7858
37.6697	1.5876	2.5495	10.6941
37.6797	0.3290	0.3476	9.1675
37.6897	1.7246	-0.4193	10.2873
37.6997	0.0837	1.9412	9.8781
37.7097	-0.8800	0.1280	6.9104
37.7197	0.9021	-1.6235	9.1441
37.7297	-0.3123	0.9039	8.5728
37.7397	1.8813	0.8776	3.8273
37.7497	0.6215	3.1681	10.9160
37.7597	-0.4989	-1.5458	8.1673
37.7697	2.2762	-0.5450	10.0342
37.7797	-0.6975	1.3059	11.9012
37.7897	0.2219	-2.2122	9.4426
37.7997	0.3601	1.4165	9.3882
37.8097	0.9188	-1.3513	10.0366
37.8197	0.6634	2.0046	10.5834
37.8297	2.5980	-0.1771	8.0656
37.8397	-0.4983	1.4991	9.7411
37.8497	2.1290	-0.1968	9.7100
37.8597	-1.5470	1.7599	10.0486
37.8697	2.0997	-0.6335	10.6414
37.8796	1.5242	-0.0957	10.1455
37.8896	0.6383	1.1318	11.9599
37.8996	0.4816	-0.3308	10.0205
37.9096	0.9296	1.3986	10.4344
37.9196	0.9194	-0.4648	9.9499
37.9296	0.5091	0.9356	9.4911
37.9396	1.6038	0.9033	9.0550
37.9496	0.0377	0.0951	9.8751
37.9596	0.8171	0.4606	9.7680
37.9696	1.6780	-0.1615	9.4289
37.9796	0.5115	-0.2058	9.3397
37.9896	0.8734	1.7898	8.9677
37.9996	1.3131	-0.4768	9.4875
38.0096	0.3416	1.5320	10.5954
38.0196	0.8620	0.1980	10.2975
38.0296	1.0187	0.1478	9.4510
38.0396	0.8901	-0.2165	9.0999
38.0496	0.8668	1.0104	10.0181
38.0596	0.7645	0.9087	9.8799
38.0696	0.5701	-0.4427	10.3130
38.0796	0.9936	0.8554	9.5078
38.0896	0.4415	0.3452	9.2931
38.0996	1.2951	0.8853	8.7080
38.1096	0.7813	0.5527	10.3208
38.1196	1.7450	0.3236	10.1294
38.1296	0.5934	0.7549	9.7148
38.1396	0.4128	0.1454	10.0899
38.1496	0.4481	0.3589	9.5874
38.1596	0.9176	0.5133	9.4600
38.1696	1.0211	0.2524	8.7248
38.1796	0.4032	0.7125	9.3194
38.1896	0.9470	-0.6580	9.7968
38.1996	0.4881	0.9141	8.7607
38.2096	0.3583	0.5121	9.1848
38.2196	0.5880	-0.3984	9.0053
38.2296	0.6126	0.0760	8.9042
38.2396	0.8889	0.6610	8.9395
38.2496	0.2662	0.3027	9.9870
38.2596	0.7023	-0.1825	10.4344
38.2696	1.0941	0.3350	9.1477
38.2796	0.1687	1.5398	9.0143
38.2896	0.8686	1.5099	10.1210
38.2996	0.6658	0.0562	10.9686
38.3096	1.0738	0.0401	9.9158
38.3196	1.2227	0.9637	9.4875
38.3296	0.3386	1.0445	9.9481
38.3396	1.4782	0.2788	9.3074
38.3496	-0.1454	1.2239	9.4462
38.3596	1.1384	0.1442	8.8307
38.3696	0.9781	0.1484	10.0366
38.3796	0.7394	0.6209	9.6065
38.3896	1.0672	0.5139	10.1772
38.3996	0.7824	0.1238	9.8141
38.4096	0.7723	1.3836	9.6855
38.4196	1.7444	-0.0712	9.2721
38.4296	0.8662	0.8112	9.2979
38.4396	0.7274	0.5910	9.4420
38.4496	0.7059	0.0598	9.6909
38.4596	0.2315	0.5234	9.1537
38.4696	1.1958	0.7083	9.3583
38.4795	1.0750	0.6670	10.1988
38.4895	0.7412	0.9093	9.2949
38.4995	0.4283	0.6407	10.0193
38.5095	0.4361	0.9063	9.9038
38.5195	0.8285	0.0377	9.5862
38.5295	0.8106	0.3476	8.6961
38.5395	1.0588	0.9452	10.0067
38.5495	0.3505	0.8919	9.6879
38.5595	1.0738	0.9075	9.8165
38.5695	0.0730	0.3745	8.8851
38.5795	0.2459	-0.0921	8.3168
38.5895	1.4345	-0.2500	9.3547
38.5995	0.6383	0.0706	8.9389
38.6095	0.7807	0.9164	8.8384
38.6195	0.5988	0.5456	9.9003
38.6295	0.1639	0.5330	10.2053
38.6395	1.1318	0.4570	10.8370
38.6495	0.9482	0.8985	10.3962
38.6595	1.6516	0.5587	8.8965
38.6695	0.4020	1.4207	8.9820
38.6795	0.7908	0.8812	9.3020
38.6895	0.5988	0.9410	10.5631
38.6995	0.4666	0.6586	9.4869
38.7095	1.1671	0.3942	9.7758
38.7195	1.2072	1.0175	10.3603
38.7295	1.6313	0.6120	9.6406
38.7395	1.2395	0.4612	10.4207
38.7495	0.6586	0.9960	10.0624
38.7595	0.0084	0.2596	10.1306
38.7695	0.4708	0.6000	10.3381
38.7795	1.0265	0.1836	10.2975
38.7895	1.1515	0.6413	8.8061
38.7995	0.3147	1.0624	10.0342
38.8095	0.5832	0.5509	9.6568
38.8195	0.5234	0.4522	9.7585
38.8295	0.6084	-0.2812	9.3044
38.8395	0.8022	0.8333	10.2879
38.8495	0.4504	0.7370	9.2644
38.8595	0.9260	-0.3709	9.2356
38.8695	0.6903	0.5186	10.0851
38.8795	0.8686	0.5013	9.9188
38.8895	0.4588	0.3817	9.7782
38.8995	0.1633	0.8159	9.8153
38.9095	1.0827	0.4217	9.7962
38.9195	0.3278	0.6197	9.7698
38.9295	0.8829	-0.4044	8.8366
38.9395	0.5838	1.0839	9.7896
38.9495	0.7920	0.5264	9.6556
38.9595	0.6299	0.0293	9.2051
38.9695	0.7693	0.8584	9.5437
38.9795	0.7089	0.2919	9.6029
38.9895	0.8483	0.5976	8.9988
38.9995	0.3834	0.5294	9.7363
39.0095	1.1318	0.1860	10.0558
39.0195	0.3045	0.6359	9.6006
39.0295	0.5515	-0.0772	9.3696
39.0395	0.5288	0.7346	9.8566
39.0495	0.5635	0.8297	9.7848
39.0595	1.4183	0.5719	9.5222
39.0694	0.4337	0.5037	9.7447
39.0794	0.7914	0.0634	10.1144
39.0894	0.9368	1.0714	10.6097
39.0994	0.5844	0.8387	9.7860
39.1094	0.9362	0.3482	9.3451
39.1194	0.8841	0.1161	9.9780
39.1294	0.9721	0.3834	10.2161
39.1394	0.8381	0.5001	9.1878
39.1494	0.4516	1.2778	9.5736
39.1594	1.2484	0.7747	9.8530
39.1694	0.5659	0.0849	9.3583
39.1794	1.2209	0.4211	9.3942
39.1894	0.8112	0.6831	9.5300
39.1994	0.7717	-0.0652	9.5766
39.2094	0.9057	-0.5055	10.0857
39.2194	0.6036	0.7172	9.3990
39.2294	0.1017	0.6796	9.6981
39.2394	0.8225	-0.1220	9.6670
39.2494	0.3410	0.3535	9.8291
39.2594	0.8728	0.7137	10.0259
39.2694	0.8255	0.1944	9.1764
39.2794	0.1484	0.1866	9.5294
39.2894	0.8710	0.6592	10.1676
39.2994	0.1023	0.3272	9.2087
39.3094	0.6909	0.1364	9.2069
39.3194	0.6622	0.9673	9.5210
39.3294	0.5515	0.5970	9.0502
39.3394	0.7591	0.2321	9.3009
39.3494	0.9763	0.4756	10.0115
39.3594	0.3446	0.8022	9.6717
39.3694	0.9667	-0.1944	9.8303
39.3794	0.3260	0.3613	10.1312
39.3894	0.4277	0.2142	9.5856
39.3994	0.7292	-0.1029	9.5850
39.4094	0.6873	0.4816	9.5694
39.4194	0.8303	0.2518	8.9593
39.4294	0.3894	0.7280	9.1178
39.4394	0.9356	0.3535	9.9714
39.4494	0.1615	0.4427	9.7016
39.4594	0.7711	0.5168	10.0971
39.4694	1.0463	-0.0150	9.8841
39.4794	0.8154	0.1442	9.9062
39.4894	0.8596	0.7005	10.0761
39.4994	1.0151	0.6598	10.3968
39.5094	0.7250	1.0582	9.8015
39.5194	0.7053	-0.0084	9.4821
39.5294	0.6473	0.2590	10.5816
39.5394	0.4008	1.0451	10.0893
39.5494	0.7328	0.6018	9.3355
39.5594	0.3404	-0.0903	8.3575
39.5694	0.3081	0.6933	8.6847
39.5794	0.7023	0.7771	9.8817
39.5894	0.8483	-0.0873	7.9764
39.5994	0.2471	-0.1190	8.6745
39.6094	0.9446	0.4169	10.7335
39.6194	0.6802	-0.2237	10.7288
39.6294	0.5037	-0.0359	9.7884
39.6394	1.1503	0.0491	10.0127
39.6494	1.1862	0.6646	9.8835
39.6594	0.5192	0.8967	10.0666
39.6693	0.8165	0.2273	9.3541
39.6793	0.3296	1.1749	9.1621
39.6893	1.0247	0.2955	9.6083
39.6993	0.8393	0.2847	9.3499
39.7093	1.0492	0.6144	9.5013
39.7193	0.7567	0.7190	9.6987
39.7293	0.4253	0.4702	9.1507
39.7393	0.3212	0.0814	9.4749
39.7493	1.0409	0.0257	9.4325
39.7593	0.5408	0.4642	9.4827
39.7693	0.8399	-0.1316	9.7591
39.7793	0.1262	0.5228	9.9984
39.7893	1.1055	-0.1442	9.0406
39.7993	0.6694	0.6221	9.5401
39.8093	1.1091	0.4086	9.3643
39.8193	0.6849	0.2070	9.6412
39.8293	0.8453	0.5121	9.8907
39.8393	0.7854	0.2273	9.5940
39.8493	0.4702	0.8638	9.9876
39.8593	0.9338	0.2632	9.5473
39.8693	0.5970	0.2608	9.9876
39.8793	1.0475	0.3362	9.3900
39.8893	0.7519	-0.4217	9.5377
39.8993	0.4349	0.8853	9.5270
39.9093	0.8064	-0.1555	9.9355
39.9193	0.6562	0.9308	9.5802
39.9293	0.2423	0.1711	9.1824
39.9393	0.6341	0.7872	9.5653
39.9493	0.4331	0.1011	9.2386
39.9593	0.7956	0.7023	9.5204
39.9693	0.4277	0.8650	9.6006
39.9793	0.9559	0.1735	9.9511
39.9893	0.7226	0.4756	9.7357
39.9993	0.3260	0.3607	9.7597
40.0093	0.9182	0.5013	9.1902
40.0193	0.6233	0.1274	9.8063
40.0293	1.1366	0.4116	9.3003
40.0393	0.3679	0.7268	9.5778
40.0493	0.8925	0.3248	9.6550
40.0593	0.5647	0.8213	9.2799
40.0693	0.7083	-0.2453	9.6502
40.0793	0.8566	0.6718	9.3344
40.0893	0.3799	-0.1166	9.7615
40.0993	0.8955	0.6622	9.1262
40.1093	0.4140	0.4014	9.5347
40.1193	0.6042	0.1573	9.3547
40.1293	0.8297	0.9188	8.6213
40.1393	0.5665	0.2106	9.7573
40.1493	0.9781	0.2770	9.7334
40.1593	0.3434	0.6490	9.3595
40.1693	0.6114	0.1639	9.8883
40.1793	0.7011	0.8542	9.3200
40.1893	0.5384	-0.0239	9.4893
40.1993	0.8076	0.8159	9.3888
40.2093	0.4672	0.6012	9.7645
40.2193	0.7813	0.3858	9.4008
40.2293	0.5809	0.4385	9.4354
40.2393	0.9278	0.1591	10.0779
40.2493	0.7059	0.4995	9.4707
40.2593	0.7358	0.1143	9.7633
40.2692	0.7711	0.5904	9.5413
40.2792	0.5533	0.4175	9.5210
40.2892	0.5982	0.5198	9.4612
40.2992	0.9858	0.4612	9.7902
40.3092	0.4056	-0.2435	9.6819
40.3192	0.4319	0.7842	9.4743
40.3292	0.5803	0.6120	9.8811
40.3392	0.6407	0.0712	9.5569
40.3492	0.7017	0.3039	9.8745
40.3592	0.4953	0.6933	10.0767
40.3692	0.6592	0.4995	9.5162
40.3792	0.7519	0.4271	9.6299
40.3892	0.5491	0.1848	9.1495
40.3992	0.7011	0.4277	9.5724
40.4092	0.6461	0.6263	9.7710
40.4192	0.7591	0.0544	9.7585
40.4292	0.8536	0.2040	9.9194
40.4392	0.5001	0.7651	9.4480
40.4492	0.6574	0.0042	9.9786
40.4592	0.7926	0.5551	9.5048
40.4692	0.4774	0.2907	9.7184
40.4792	0.6461	0.5168	9.8470
40.4892	0.8124	0.4630	9.4767
40.4992	0.7322	0.2399	9.8344
40.5092	0.7693	0.3834	9.8255
40.5192	0.6682	0.3577	9.5706
40.5292	0.7418	0.5049	9.5976
40.5392	0.5641	0.6191	9.6604
40.5492	0.8877	0.6030	9.7525
40.5592	0.9176	-0.0287	9.4953
40.5692	0.6676	0.5557	9.8542
40.5792	0.7555	0.1920	9.5868
40.5892	0.5803	0.5336	9.7992
40.5992	0.8901	0.5474	9.5772
40.6092	0.6359	0.2339	10.0127
40.6192	0.6580	0.3464	9.7298
40.6292	0.4654	0.7890	9.5084
40.6392	0.7896	0.1346	9.8913
40.6492	0.3565	0.6568	9.8709
40.6592	0.7663	0.4522	9.2967
40.6692	0.8381	0.1166	9.4971
40.6792	0.7501	0.5097	9.6861
40.6892	0.9015	0.3003	9.4265
40.6992	0.6287	0.3757	9.3080
40.7092	0.6514	0.6227	9.2931
40.7192	0.8010	0.3619	9.2662
40.7292	0.6251	0.1316	9.3822
40.7392	0.6831	0.7986	9.3218
40.7492	0.7687	0.3278	9.4959
40.7592	0.7268	0.0550	9.8620
40.7692	0.6293	0.5623	9.3613
40.7792	0.4516	0.9152	9.7304
40.7892	0.7035	-0.0138	9.4887
40.7992	0.8746	0.5073	9.7214
40.8092	0.8985	0.5312	9.3212
40.8192	0.2937	0.1747	9.9511
40.8292	0.9906	0.6574	9.7782
40.8392	0.5970	0.1974	9.3846
40.8492	0.7771	0.7932	9.8979
40.8591	0.6006	0.3685	9.6388
40.8691	0.4487	0.2895	9.6143
40.8791	0.9266	0.7519	9.5928
40.8891	0.5228	0.0018	10.1024
40.8991	0.5342	0.7466	9.7447
40.9091	0.8046	0.1866	9.2925
40.9191	0.4810	0.4020	10.0707
40.9291	0.6712	0.4355	9.6532
40.9391	0.5001	0.3230	9.7902
40.9491	0.7962	0.6018	9.3158
40.9591	0.6347	0.3176	10.0468
40.9691	0.6365	0.5354	9.1483
40.9791	0.6096	0.3153	9.6550
40.9891	0.8040	0.2124	9.4977
40.9991	0.6173	0.6873	9.9260
41.0091	0.7262	0.0778	9.4510
41.0191	0.6550	0.7268	10.0755
41.0291	0.7364	-0.0018	9.7657
41.0391	0.6867	0.5683	9.7812
41.0491	0.5892	0.2907	9.5730
41.0591	0.6114	0.7107	9.5144
41.0691	0.7819	0.3033	9.5210
41.0791	0.6437	0.4636	9.7471
41.0891	0.6915	0.4558	9.5599
41.0991	0.6144	0.3739	9.4833
41.1091	0.8752	0.2824	9.7040
41.1191	0.5270	0.5551	9.4277
41.1291	0.7310	0.2704	9.5934
41.1391	0.7609	0.5180	9.7645
41.1491	0.6467	0.3308	9.5054
41.1591	0.7478	0.5743	9.4019
41.1691	0.7591	0.3942	9.8685
41.1791	0.7358	0.2698	9.3553
41.1891	0.8411	0.4612	9.6323
41.1991	0.5844	0.3703	9.8362
41.2091	0.7549	0.4295	9.4510
41.2191	0.7328	0.3458	9.8285
41.2291	0.5731	0.3793	9.7680
41.2391	0.7071	0.5749	9.3475
41.2491	0.8315	0.4959	9.7005
41.2591	0.7268	0.3488	9.5371
41.2691	0.6831	0.6108	9.1746
41.2791	0.9033	0.6538	9.6735
41.2891	0.7783	0.1986	9.8123
41.2991	0.8243	0.3793	9.3218
41.3091	0.8088	0.2770	9.7752
41.3191	0.6969	0.4152	9.7890
41.3291	0.9087	0.3858	9.3152
41.3391	0.6939	0.3535	9.8416
41.3491	0.6389	0.4504	9.5216
41.3591	0.7561	0.4253	9.5491
41.3691	0.7926	0.4451	9.8410
41.3791	0.5874	0.3021	9.6478
41.3891	0.7567	0.3888	9.4600
41.3991	0.7095	0.4116	9.5886
41.4091	0.7178	0.2417	9.8817
41.4191	0.8692	0.4427	9.4935
41.4291	0.5139	0.2213	9.4265
41.4391	0.7956	0.5258	9.6759
41.4491	0.5946	0.6018	9.7238
41.4590	0.6784	0.3117	9.7340
41.4690	0.8590	0.5474	9.7698
41.4790	0.7819	0.3284	9.6759
41.4890	0.7286	0.3691	9.7513
41.4990	0.7555	0.2776	9.7579
41.5090	0.6401	0.4887	9.7130
41.5190	0.7525	0.3159	9.5952
41.5290	0.7083	0.2955	9.7058
41.5390	0.7651	0.3434	9.6047
41.5490	0.6173	0.5264	9.5700
41.5590	0.7143	0.4798	9.5605
41.5690	0.6323	0.4403	9.7256
41.5790	0.7813	0.3625	9.4695
41.5890	0.7950	0.2967	9.6317
41.5990	0.6556	0.3673	9.7441
41.6090	0.6981	0.4116	9.5383
41.6190	0.7310	0.4277	9.7136
41.6290	0.6867	0.3751	9.7764
41.6390	0.7561	0.4068	9.6789
41.6490	0.7340	0.3200	9.7663
41.6590	0.7711	0.3428	9.6059
41.6690	0.6688	0.3739	9.6460
41.6790	0.7316	0.3888	9.7363
41.6890	0.6951	0.3966	9.6107
41.6990	0.7442	0.3386	9.4959
41.7090	0.7089	0.3589	9.7005
41.7190	0.7765	0.3733	9.6053
41.7290	0.7113	0.3087	9.5832
41.7390	0.5671	0.3811	9.6628
41.7490	0.7053	0.4211	9.6628
41.7590	0.6760	0.3362	9.6789
41.7690	0.6281	0.4594	9.6412
41.7790	0.7890	0.4397	9.6442
41.7890	0.7053	0.3111	9.5413
41.7990	0.5761	0.4247	9.6592
41.8090	0.7364	0.4696	9.5988
41.8190	0.7119	0.3344	9.6239
41.8290	0.7400	0.3553	9.6221
41.8390	0.7214	0.4732	9.6418
41.8490	0.7501	0.3751	9.5994
41.8590	0.6532	0.4152	9.6915
41.8690	0.7310	0.4080	9.5013
41.8790	0.9111	0.3990	9.6269
41.8890	0.8375	0.4068	9.7651
41.8990	0.7980	0.2835	9.5192
41.9090	0.7322	0.4678	9.6664
41.9190	0.6837	0.3846	9.6634
41.9290	0.6963	0.3864	9.5784
41.9390	0.7268	0.3362	9.6735
41.9490	0.6951	0.3619	9.6885
41.9590	0.6706	0.5049	9.4564
41.9690	0.7693	0.2285	9.5132
41.9790	0.6449	0.4857	9.6269
41.9890	0.6903	0.3691	9.6000
41.9990	0.7460	0.3422	9.5784
42.0090	0.8100	0.4026	9.6544
42.0190	0.7089	0.2644	9.6143
42.0290	0.7113	0.4540	9.6017
42.0390	0.7017	0.3589	9.6867
42.0489	0.7729	0.3446	9.6622
42.0589	0.6359	0.3284	9.6394
42.0689	0.8130	0.3840	9.5784
42.0789	0.7083	0.4493	9.6502
42.0889	0.6879	0.3302	9.5688
42.0989	0.7089	0.4768	9.5844
42.1089	0.7627	0.3685	9.6370
42.1189	0.7023	0.3188	9.6526
42.1289	0.7484	0.4032	9.5802
42.1389	0.7053	0.3553	9.6000
42.1489	0.7131	0.3966	9.5419
42.1589	0.6670	0.3374	9.6311
42.1689	0.6556	0.4475	9.6191
42.1789	0.7262	0.3966	9.5186
42.1889	0.6927	0.3864	9.7507
42.1989	0.7567	0.3601	9.5557
42.2089	0.6855	0.3595	9.6652
42.2189	0.6754	0.4714	9.6119
42.2289	0.6975	0.3661	9.6574
42.2389	0.7795	0.3338	9.6191
42.2489	0.7226	0.4289	9.5922
42.2589	0.7095	0.4062	9.6125
42.2689	0.7370	0.4277	9.6568
42.2789	0.7424	0.3529	9.6305
42.2889	0.6586	0.4241	9.6484
42.2989	0.7322	0.4343	9.6149
42.3089	0.7101	0.3147	9.6801
42.3189	0.7101	0.4074	9.5617
42.3289	0.7107	0.3793	9.6652
42.3389	0.6425	0.3942	9.6197
42.3489	0.6628	0.4355	9.6227
42.3589	0.7376	0.3924	9.5724
42.3689	0.7035	0.3619	9.6317
42.3789	0.7041	0.3924	9.6454
42.3889	0.7292	0.4205	9.5431
42.3989	0.6891	0.3990	9.7016
42.4089	0.7149	0.3727	9.5491
42.4189	0.7370	0.3894	9.7848
42.4289	0.7077	0.3996	9.6263
42.4389	0.7280	0.3595	9.5617
42.4489	0.7160	0.3876	9.6514
42.4589	0.7430	0.4098	9.6275
42.4689	0.7244	0.4175	9.5946
42.4789	0.7065	0.3954	9.5856
42.4889	0.7089	0.3619	9.6083
42.4989	0.7286	0.3948	9.6987
42.5089	0.6975	0.4445	9.5796
42.5189	0.7113	0.3942	9.5994
42.5289	0.7017	0.3823	9.7429
42.5389	0.6843	0.4020	9.6083
42.5489	0.7382	0.3805	9.5772
42.5589	0.7376	0.3637	9.6981
42.5689	0.7143	0.4187	9.5659
42.5789	0.7334	0.3894	9.6029
42.5889	0.7035	0.3757	9.6897
42.5989	0.7220	0.3864	9.5886
42.6089	0.7220	0.4008	9.5760
42.6189	0.7304	0.3978	9.6987
42.6289	0.7406	0.3864	9.5970
42.6389	0.7125	0.4080	9.6012
42.6488	0.7274	0.3799	9.6622
42.6588	0.7166	0.3900	9.6101
42.6688	0.7615	0.4140	9.6251
42.6788	0.7137	0.3745	9.6777
42.6888	0.7077	0.3966	9.6101
42.6988	0.7125	0.3876	9.6023
42.7088	0.6820	0.3876	9.6915
42.7188	0.7125	0.3703	9.6550
42.7288	0.6951	0.3888	9.5718
42.7388	0.7238	0.3434	9.6616
42.7488	0.7202	0.4092	9.6023
42.7588	0.7262	0.3751	9.6101
42.7688	0.7196	0.4110	9.6454
42.7788	0.7316	0.3655	9.6239
42.7888	0.6957	0.3793	9.6484
42.7988	0.7137	0.3876	9.5545
42.8088	0.7238	0.3667	9.6041
42.8188	0.7041	0.3834	9.5874
42.8288	0.7005	0.3894	9.6364
42.8388	0.6903	0.4002	9.6472
42.8488	0.6945	0.4044	9.6185
42.8588	0.6999	0.4038	9.6269
42.8688	0.7406	0.3852	9.5970
42.8788	0.7047	0.3679	9.6430
42.8888	0.7250	0.4056	9.6191
42.8988	0.6688	0.3517	9.6113
42.9088	0.7083	0.3942	9.6269
42.9188	0.7178	0.3966	9.6287
42.9288	0.7131	0.4056	9.6137
42.9388	0.6855	0.3787	9.6179
42.9488	0.7436	0.3978	9.6137
42.9588	0.7292	0.3811	9.6514
42.9688	0.7555	0.3721	9.6263
42.9788	0.7478	0.3876	9.6221
42.9888	0.6814	0.3697	9.6526
42.9988	0.7113	0.4020	9.6191
43.0088	0.7489	0.4014	9.6083
43.0188	0.7089	0.3583	9.6508
43.0288	0.6742	0.3715	9.6125
43.0388	0.7274	0.4002	9.6496
43.0488	0.7226	0.3894	9.6951
43.0588	0.7107	0.3912	9.6293
43.0688	0.7340	0.3936	9.5982
43.0788	0.7250	0.4205	9.5102
43.0888	0.7047	0.4014	9.5724
43.0988	0.6909	0.3685	9.5994
43.1088	0.7184	0.3900	9.6484
43.1188	0.6999	0.4008	9.6329
43.1288	0.7328	0.3858	9.6394
43.1388	0.7328	0.3972	9.6454
43.1488	0.7172	0.4146	9.6376
43.1588	0.7226	0.3840	9.6095
43.1688	0.7065	0.3709	9.6394
43.1788	0.7017	0.3811	9.5898
43.1888	0.6885	0.4104	9.6167
43.1988	0.7017	0.4050	9.6245
43.2088	0.7047	0.4086	9.6466
43.2188	0.6963	0.3834	9.6472
43.2288	0.7507	0.3852	9.6382
43.2388	0.6993	0.3721	9.6394
43.2487	0.7238	0.4080	9.6251
43.2587	0.6987	0.3817	9.6257
43.2687	0.6963	0.3828	9.6532
43.2787	0.7119	0.4074	9.5964
43.2887	0.7262	0.3924	9.6628
43.2987	0.7071	0.3757	9.6311
43.3087	0.7214	0.3924	9.6281
43.3187	0.7137	0.3990	9.6526
