count posx posy posz xout yout zout
count posx posy posz xout yout zout heading hd_out
count posx posy posz xout yout zout heading hd_out
1 0.0000 0.0000 0.0000 0.0000 0.0000 0.0000 0.0000 0.0000
2 0.0003 0.0002 0.1272 0.0005 0.0004 0.0000 -1.1030 1.2312
3 0.0011 0.0007 0.1272 0.0022 0.0014 0.0000 -1.2590 1.4403
4 0.0022 0.0015 0.1254 0.0044 0.0031 0.0000 -1.2080 1.3066
5 0.0037 0.0027 0.1260 0.0074 0.0054 0.0000 -1.1310 1.3781
6 0.0055 0.0040 0.1254 0.0111 0.0081 0.0000 -1.1440 1.4357
7 0.0077 0.0055 0.1272 0.0155 0.0109 0.0000 -1.1000 1.2720
8 0.0103 0.0073 0.1278 0.0206 0.0146 0.0000 -1.2340 1.4458
9 0.0132 0.0095 0.1278 0.0265 0.0190 0.0000 -1.1400 1.3632
10 0.0161 0.0115 0.1278 0.0322 0.0229 0.0000 -1.2310 1.4676
11 1.2911 1.5051 0.1183 0.0823 0.0103 2.5504 -1.2060 1.6200
12 1.2915 1.5055 0.1266 0.0831 0.0110 1.5953 -1.2000 1.5088
13 1.2923 1.5062 0.1248 0.0847 0.0124 1.7288 -1.1770 1.4765
14 1.2936 1.5071 0.1260 0.0874 0.0143 1.7425 -1.2268 1.7384
15 1.2955 1.5084 0.1272 0.0912 0.0169 1.4552 -1.2800 1.5911
16 1.2978 1.5102 0.1260 0.0959 0.0204 1.8766 -1.3620 1.6823
17 1.3002 1.5120 0.1272 0.1007 0.0242 1.6485 -1.4170 1.8125
18 1.3028 1.5140 0.1266 0.1060 0.0282 0.9309 -1.5010 1.8370
19 1.3058 1.5165 0.1272 0.1120 0.0332 1.7220 -1.6390 1.9905
20 1.3083 1.5187 0.1290 0.1172 0.0376 1.7751 -1.4700 1.8203
21 1.2813 1.5442 0.1254 0.0631 0.0887 1.8841 -1.4700 1.7958
22 1.2818 1.5448 0.1266 0.0643 0.0899 1.9569 -1.5380 2.0206
23 1.2826 1.5457 0.1248 0.0659 0.0917 2.0909 -1.5120 1.7802
24 1.2838 1.5469 0.1272 0.0682 0.0942 2.0201 -1.4980 1.7891
25 1.2853 1.5484 0.1278 0.0713 0.0971 1.6842 -1.4300 1.7246
26 1.2873 1.5501 0.1278 0.0753 0.1006 2.0809 -0.0740 -2.8083
27 1.2897 1.5520 0.1266 0.0803 0.1044 2.2014 -1.3470 1.6605
28 1.2926 1.5541 0.1278 0.0860 0.1086 2.2141 -1.2800 1.4764
29 1.2957 1.5562 0.1266 0.0922 0.1131 2.2740 -1.1640 1.2684
30 1.2976 1.5576 0.1272 0.0961 0.1159 2.3446 -1.2500 1.6356
31 1.2862 1.5492 0.1290 0.0734 0.0990 1.9226 -1.2200 1.5177
32 1.2867 1.5495 0.1260 0.0743 0.0998 2.2624 -1.1280 1.3841
33 1.2873 1.5501 0.1178 0.0756 0.1011 3.3495 -1.0470 1.3274
34 1.2884 1.5512 0.1266 0.0779 0.1032 2.3844 -0.9700 1.1883
35 1.2899 1.5525 0.1266 0.0808 0.1059 2.3617 -0.8760 1.1772
36 1.2916 1.5540 0.1278 0.0843 0.1090 1.5434 -1.1190 1.4253
37 1.2936 1.5558 0.1272 0.0884 0.1125 2.4230 -1.1630 1.5188
38 1.2958 1.5578 0.1302 0.0928 0.1167 2.0345 -1.1350 1.4119
39 1.2983 1.5601 0.1272 0.0978 0.1213 2.4951 -0.9440 1.1683
40 1.2998 1.5616 0.1189 0.1009 0.1244 3.6942 -0.9130 1.1249
41 1.2791 1.5461 0.1278 0.0596 0.0935 1.4734 -0.8170 1.1026
42 1.2795 1.5465 0.1266 0.0603 0.0944 2.5380 -0.9460 1.2128
43 1.2801 1.5472 0.1272 0.0616 0.0957 1.6789 -1.0560 1.4108
44 1.2809 1.5479 0.1254 0.0633 0.0973 2.7568 -0.9130 0.9980
45 1.2820 1.5489 0.1272 0.0655 0.0992 2.5783 -0.8890 1.1761
46 1.2833 1.5500 0.1260 0.0681 0.1014 2.8190 -0.8570 1.0158
47 1.2849 1.5512 0.1272 0.0714 0.1039 2.6516 -0.6940 0.8367
48 1.2869 1.5525 0.1284 0.0754 0.1065 2.6036 -0.6150 0.7355
49 1.2893 1.5541 0.1183 0.0803 0.1098 3.8506 -0.5290 0.7399
50 1.2915 1.5557 0.1278 0.0846 0.1130 2.8029 -0.7000 1.0637
51 1.2754 1.5382 0.1248 0.0525 0.0781 3.0199 -0.5800 0.7054
52 1.2761 1.5386 0.1272 0.0539 0.0789 2.8891 0.5160 -0.4107
53 1.2770 1.5394 0.1242 0.0558 0.0806 3.3456 -0.4320 0.6520
54 1.2781 1.5404 0.1278 0.0581 0.0826 2.9506 -0.4710 0.7644
55 1.2795 1.5415 0.1272 0.0609 0.0849 3.0013 -0.5780 0.8701
56 1.2809 1.5507 0.1183 0.0637 0.1033 4.1629 -0.6400 0.8790
57 1.2823 1.5619 0.1266 0.0664 0.1258 3.1473 -0.5800 0.7010
58 1.2839 1.5732 0.1284 0.0696 0.1484 3.0269 -0.7510 0.9980
59 1.2856 1.5846 0.1266 0.0732 0.1713 3.2806 -0.8130 1.0915
60 1.2869 1.5915 0.1290 0.0757 0.1852 3.2551 -0.7590 0.9980
61 1.2670 1.5410 0.1172 0.0360 0.0843 4.4045 -0.7830 1.0381
62 1.2673 1.5409 0.1266 0.0367 0.0842 3.2511 -0.9680 1.2261
63 1.2680 1.5410 0.1272 0.0380 0.0844 3.1560 -0.9850 1.2005
64 1.2692 1.5412 0.1260 0.0404 0.0848 3.4579 -0.8850 1.0604
65 1.2705 1.5415 0.1266 0.0430 0.0854 3.3626 -0.8240 1.0837
66 1.2716 1.5419 0.1266 0.0453 0.0863 3.6398 -0.8250 1.0336
67 1.2730 1.5424 0.1272 0.0481 0.0873 3.4232 -0.7530 1.0047
68 1.2747 1.5430 0.1272 0.0516 0.0885 3.5195 -0.7930 0.9736
69 1.2768 1.5436 0.1278 0.0558 0.0899 3.3649 -0.7760 1.0904
70 1.2787 1.5443 0.1272 0.0596 0.0912 3.7677 -0.7730 1.0448
71 1.2802 1.5211 0.1266 0.0626 0.0448 3.5752 -0.8270 1.0960
72 1.2806 1.5212 0.1266 0.0635 0.0452 3.7925 -0.8820 1.1505
73 1.2814 1.5216 0.1195 0.0651 0.0460 4.3230 -0.9270 1.2584
74 1.2826 1.5222 0.1272 0.0675 0.0472 3.9157 -0.9590 1.1093
75 1.2841 1.5230 0.1172 0.0705 0.0489 5.0352 -0.9700 1.2818
76 1.2860 1.5242 0.1278 0.0743 0.0511 3.7957 -1.0730 1.3608
77 1.2882 1.5260 0.1278 0.0788 0.0548 3.8320 -1.1440 1.4665
78 1.2908 1.5281 0.1260 0.0840 0.0590 3.1968 -1.2090 1.4809
79 1.2936 1.5304 0.1278 0.0897 0.0636 3.7854 0.0000 -2.4167
80 1.2955 1.5318 0.1290 0.0936 0.0666 3.7217 -1.1129 1.4784
81 1.2721 1.5403 0.1260 0.0468 0.0835 4.1133 -1.2060 1.5199
82 1.2725 1.5409 0.1195 0.0477 0.0847 4.8710 -1.0960 1.3307
83 1.2734 1.5419 0.1254 0.0495 0.0868 4.2593 -1.0530 1.2629
84 1.2747 1.5431 0.1201 0.0521 0.0893 4.9347 -0.9240 1.1483
85 1.2763 1.5445 0.1284 0.0553 0.0921 4.0921 -0.9520 1.2595
86 1.2783 1.5461 0.1272 0.0592 0.0954 4.0932 -0.9220 1.1794
87 1.2806 1.5481 0.1266 0.0639 0.0994 3.4342 -0.9690 1.3652
88 1.2835 1.5501 0.1266 0.0698 0.1034 4.2399 -0.9540 1.2706
89 1.2871 1.5521 0.1260 0.0769 0.1074 3.4651 -0.8910 1.1405
90 1.2894 1.5535 0.1272 0.0816 0.1103 4.4082 -0.9200 1.2261
91 1.2841 1.5481 0.1254 0.0711 0.0996 3.4809 -0.9190 1.2094
92 1.2845 1.5482 0.1284 0.0720 0.0998 4.3368 -0.8760 1.1994
93 1.2852 1.5481 0.1260 0.0733 0.0997 4.4824 -0.9420 1.2617
94 1.2862 1.5482 0.1284 0.0754 0.0999 4.4101 -0.9720 1.2284
95 1.2875 1.5484 0.1284 0.0780 0.1004 4.1464 -0.9580 1.2306
96 1.2884 1.5487 0.1278 0.0798 0.1010 4.5568 -0.9740 1.1794
97 1.2896 1.5490 0.1242 0.0823 0.1017 4.7246 -0.9060 1.2017
98 1.2909 1.5494 0.1260 0.0849 0.1026 3.7174 -0.9480 1.2640
99 1.2926 1.5502 0.1266 0.0884 0.1042 4.6249 -0.9550 1.2384
100 1.2942 1.5505 0.1278 0.0917 0.1049 4.6297 -0.9340 1.1483
101 1.2771 1.5509 0.1260 0.0574 0.1058 4.6963 -0.9960 1.3419
102 1.2775 1.5510 0.1284 0.0582 0.1061 3.7356 -1.0170 1.3341
103 1.2782 1.5512 0.1248 0.0598 0.1064 5.0942 -1.0060 1.2751
104 1.2793 1.5515 0.1284 0.0619 0.1070 4.6383 -0.7530 0.7889
105 1.2799 1.5519 0.1248 0.0632 0.1079 4.9288 -0.6350 0.8823
106 1.2809 1.5524 0.1278 0.0652 0.1089 4.7852 -0.5670 0.7310
107 1.2825 1.5529 0.1248 0.0685 0.1099 5.1832 -0.5530 0.7666
108 1.2844 1.5534 0.1189 0.0723 0.1110 5.9873 -0.5900 0.7766
109 1.2863 1.5540 0.1266 0.0761 0.1123 5.1017 -0.6430 0.9691
110 1.2877 1.5544 0.1266 0.0790 0.1132 5.1841 -0.6860 0.9702
111 1.2030 1.6421 0.1266 -0.0905 0.2887 4.1498 -0.5030 0.6576
112 1.2034 1.6424 0.1266 -0.0897 0.2895 5.0721 -0.6160 0.9012
113 1.2038 1.6430 0.1266 -0.0890 0.2908 4.9890 -0.7170 1.0181
114 1.2048 1.6435 0.1260 -0.0871 0.2919 4.9796 -0.8030 1.0982
115 1.2059 1.6438 0.1266 -0.0849 0.2928 5.1236 -0.9250 1.2562
116 1.2069 1.6439 0.1284 -0.0829 0.2930 5.0029 -1.0360 1.4286
117 1.2081 1.6441 0.1272 -0.0806 0.2936 5.1255 -1.2730 1.7079
118 1.2099 1.6445 0.1260 -0.0771 0.2946 5.3662 -1.4140 1.7001
119 1.2120 1.6456 0.1272 -0.0728 0.2968 5.2000 -1.5170 1.9749
120 1.2136 1.6467 0.1284 -0.0696 0.2992 5.2571 -1.5100 1.8470
121 1.2973 1.5473 0.1183 0.0978 0.1005 6.3760 -1.4770 1.7747
122 1.2986 1.5519 0.1290 0.1004 0.1097 5.3117 -0.9140 -1.0414
123 1.3007 1.5565 0.1260 0.1047 0.1189 5.3504 -2.0400 2.4367
124 1.3021 1.5605 0.1278 0.1076 0.1270 4.6408 -2.2170 3.0809
125 1.3027 1.5638 0.1172 0.1087 0.1337 6.5445 -2.5430 3.5327
126 1.3042 1.5679 0.1284 0.1118 0.1420 5.5938 -2.2920 2.7171
127 1.3061 1.5708 0.1189 0.1158 0.1478 6.4690 -2.3890 2.9652
128 1.3077 1.5736 0.1290 0.1189 0.1535 5.5953 -2.2950 2.7204
129 1.3105 1.5805 0.1254 0.1245 0.1674 5.8842 -2.0910 9.6455
130 1.3134 1.5843 0.1272 0.1305 0.1751 4.8691 -2.0000 2.4723
131 1.2973 1.5391 0.1266 0.0983 0.0847 5.7997 -2.0400 2.3922
132 1.2979 1.5429 0.1284 0.0996 0.0924 4.7330 -1.9030 2.2820
133 1.2992 1.5461 0.1254 0.1023 0.0988 5.8829 -1.9020 2.2208
134 1.3024 1.5509 0.1290 0.1086 0.1084 5.6056 -1.8470 2.2042
135 1.3057 1.5550 0.1272 0.1152 0.1166 5.7398 -1.7880 2.1007
136 1.3087 1.5572 0.1284 0.1214 0.1211 5.7515 -1.6780 1.9916
137 1.3113 1.5584 0.1248 0.1265 0.1237 6.3417 -1.7700 2.0361
138 1.3112 1.5582 0.1189 0.1264 0.1234 6.8450 -1.8110 2.1752
139 1.3118 1.5577 0.1266 0.1278 0.1223 6.2607 -1.7800 2.1474
140 1.3166 1.5552 0.1308 0.1375 0.1173 5.7278 -2.0280 2.5302
141 1.2806 1.5491 0.1284 0.0655 0.1053 6.0488 -1.9060 1.9449
142 1.2776 1.5484 0.1178 0.0596 0.1039 7.3645 -2.0530 2.5958
143 1.2755 1.5478 0.1254 0.0553 0.1027 6.3030 -1.9970 2.1997
144 1.2749 1.5489 0.1278 0.0540 0.1049 6.1714 -2.1170 2.6181
145 1.2777 1.5521 0.1248 0.0598 0.1114 6.3286 -1.9070 2.1530
146 1.2810 1.5581 0.1266 0.0665 0.1235 6.2696 -1.9380 2.3744
147 1.2810 1.5633 0.1242 0.0664 0.1340 6.4740 -1.9220 2.3966
148 1.2797 1.5670 0.1278 0.0638 0.1414 6.3191 -2.0060 2.3989
149 1.2797 1.5710 0.1254 0.0638 0.1495 5.8722 -2.1200 2.5257
150 1.2806 1.5775 0.1266 0.0658 0.1626 6.6517 -2.0880 2.4701
151 1.2920 1.5169 0.1278 0.0885 0.0415 6.2948 -2.1070 2.4111
152 1.2936 1.5105 0.1272 0.0918 0.0285 6.5251 -1.8250 2.1819
153 1.2921 1.5049 0.1260 0.0888 0.0175 6.3468 -1.8340 2.1563
154 1.2858 1.4995 0.1272 0.0762 0.0066 6.5385 -1.9550 2.2531
155 1.2771 1.4905 0.1236 0.0589 -0.0114 6.9469 -2.1390 2.5179
156 1.2671 1.4770 0.1272 0.0390 -0.0384 6.6744 -2.3030 2.6848
157 1.2566 1.4602 0.1254 0.0180 -0.0721 6.8670 -2.3370 2.8317
158 1.2445 1.4413 0.1272 -0.0063 -0.1100 6.7485 -2.5060 2.9574
159 1.2294 1.4207 0.1189 -0.0365 -0.1512 7.6599 -2.6120 3.1310
160 1.2186 1.4031 0.1272 -0.0582 -0.1865 6.8750 -2.6550 3.0275
161 1.2823 1.5465 0.1260 0.0693 0.1003 6.8076 -2.6000 3.0598
162 1.2819 1.5490 0.1254 0.0685 0.1055 7.0364 -2.7010 3.2345
163 1.2807 1.5474 0.1254 0.0662 0.1023 6.8340 -2.6710 3.1722
164 1.2801 1.5338 0.1248 0.0649 0.0750 7.4241 -2.4730 2.8873
165 1.2772 1.5196 0.1254 0.0592 0.0467 6.9081 -2.3600 2.6971
166 1.2710 1.5011 0.1266 0.0468 0.0098 6.2128 -2.3000 2.6147
167 1.2620 1.4792 0.1266 0.0289 -0.0341 7.0184 -2.3390 2.8895
168 1.2490 1.4524 0.1260 0.0029 -0.0878 6.5339 -2.3030 2.6804
169 1.2380 1.4247 0.1272 -0.0192 -0.1432 6.9000 -2.3340 2.8484
170 1.2293 1.4041 0.1213 -0.0366 -0.1844 7.8838 -2.4150 2.9674
171 1.2592 1.5575 0.1260 0.0233 0.1224 7.3435 -2545.0000 30.0000
172 1.2600 1.5620 0.1260 0.0249 0.1314 6.4342 -2.7690 3.3146
173 1.2409 1.5766 0.1248 -0.0133 0.1607 7.3815 -2.8230 3.4881
174 1.2184 1.5938 0.1272 -0.0585 0.1951 6.0192 -2.8880 3.4381
175 1.1976 1.6076 0.1278 -0.1000 0.2229 7.1558 -2.9380 3.4759
176 1.1828 1.6107 0.1266 -0.1297 0.2291 7.3368 -2.8600 3.5226
177 1.1778 1.6029 0.1284 -0.1399 0.2136 7.1560 -2.9000 3.4270
178 1.1696 1.5997 0.1266 -0.1562 0.2075 7.4693 -3.1230 3.8286
179 1.1618 1.6074 0.1272 -0.1719 0.2228 7.4345 -3.1800 3.8075
180 1.1630 1.6055 0.1266 -0.1697 0.2193 7.7166 -3.3220 3.7719
181 1.2112 1.5332 0.1248 -0.0732 0.0746 7.7803 -3.5100 4.1858
182 1.2122 1.5407 0.1284 -0.0713 0.0898 7.3839 -3.5630 4.1913
183 1.2184 1.5490 0.1254 -0.0589 0.1064 7.5434 -3.7710 4.4962
184 1.2305 1.5614 0.1278 -0.0347 0.1312 7.5911 -3.6820 4.2792
185 1.2522 1.5797 0.1254 0.0087 0.1678 7.6174 -3.8820 4.7132
186 1.2846 1.5936 0.1284 0.0735 0.1957 7.5924 -3.9690 4.6320
187 1.3171 1.6177 0.1278 0.1386 0.2440 7.5816 -3.8710 4.4250
188 1.3441 1.6419 0.1201 0.1926 0.2925 8.7263 -3.9590 4.7410
189 1.3772 1.6628 0.1284 0.2589 0.3346 7.7556 -4.1420 4.9379
190 1.4148 1.6789 0.1284 0.3343 0.3670 7.7852 -4.2410 4.7432
191 1.2844 1.5486 0.1278 0.0735 0.1065 7.7061 -4.4340 5.3162
192 1.3008 1.5458 0.1266 0.1065 0.1009 7.8891 -4.6880 5.4854
193 1.3384 1.5285 0.1236 0.1817 0.0662 7.2855 -5.0160 5.8881
194 1.3759 1.5066 0.1266 0.2568 0.0226 7.9046 -5.0140 5.6144
195 1.4071 1.4837 0.1242 0.3194 -0.0233 7.4051 -4.9380 5.6255
196 1.4458 1.4514 0.1278 0.3970 -0.0880 7.9549 -5.1800 5.9059
197 1.4583 1.4185 0.1260 0.4222 -0.1540 7.9091 -5.2010 6.0272
198 1.4624 1.3720 0.1284 0.4305 -0.2471 7.8955 -5.4270 6.1452
199 1.4528 1.3274 0.1272 0.4115 -0.3364 8.1974 -5.7390 6.6970
200 1.4586 1.2779 0.1278 0.4234 -0.4357 7.9737 -5.7360 6.7360
201 1.2893 1.5508 0.1166 0.0849 0.1103 9.2296 -5.8200 6.4801
202 1.2849 1.5359 0.1260 0.0760 0.0805 8.2586 -5.9220 6.7693
203 1.2562 1.5126 0.1284 0.0187 0.0339 7.9465 -6.0450 7.0709
204 1.2225 1.4892 0.1254 -0.0488 -0.0128 8.4049 -6.2310 7.4069
205 1.1926 1.4681 0.1278 -0.1086 -0.0551 8.1532 -6.3270 7.2934
206 1.1662 1.4387 0.1278 -0.1615 -0.1139 8.4303 -6.3550 7.2378
207 1.1343 1.4057 0.1189 -0.2255 -0.1801 9.4139 -6.4350 7.4336
208 1.0952 1.3696 0.1284 -0.3037 -0.2524 8.3704 -6.6350 7.6027
209 1.0648 1.3346 0.1178 -0.3647 -0.3226 9.5064 -6.5970 7.3090
210 1.0458 1.3150 0.1272 -0.4029 -0.3619 8.5747 -6.5530 7.1310
211 1.2906 1.5295 0.1260 0.0866 0.0670 8.6280 -6.7140 7.6461
212 1.3160 1.5324 0.1254 0.1376 0.0728 8.9779 -6.5880 7.5170
213 1.3297 1.5253 0.1178 0.1649 0.0588 9.5129 -6.6670 7.5337
214 1.3371 1.5219 0.1284 0.1799 0.0520 8.6307 -6.9130 7.9899
215 1.3433 1.5172 0.1254 0.1925 0.0426 8.7291 -6.9510 7.7251
216 1.3473 1.5075 0.1278 0.2006 0.0231 7.9453 -6.9510 7.8787
217 1.3740 1.4969 0.1254 0.2541 0.0020 8.7430 -7.1020 8.1535
218 1.4164 1.4839 0.1278 0.3391 -0.0240 7.9608 -7.3040 8.3315
219 1.4573 1.4672 0.1248 0.4210 -0.0575 9.1282 -7.4250 8.4172
220 1.4947 1.4560 0.1189 0.4960 -0.0799 9.8652 -7.4620 8.4850
221 1.2713 1.5517 0.1272 0.0492 0.1116 8.8401 -7.4720 8.4806
222 1.2589 1.5592 0.1260 0.0245 0.1266 8.0799 -7.5510 8.5752
223 1.2255 1.5579 0.1254 -0.0423 0.1240 8.8923 -7.6790 8.6375
224 1.1866 1.5491 0.1266 -0.1201 0.1066 9.0842 -7.4670 8.5685
225 1.1608 1.5214 0.1272 -0.1719 0.0512 8.9882 -7.4420 8.4583
226 1.1315 1.4951 0.1272 -0.2307 -0.0015 9.0844 -7.3790 8.4884
227 1.1027 1.4843 0.1272 -0.2884 -0.0231 9.0616 -7.0550 7.6984
228 1.0790 1.4618 0.1260 -0.3358 -0.0681 9.3625 -7.0720 8.0044
229 1.0552 1.4255 0.1266 -0.3837 -0.1408 9.1479 -7.0200 7.8464
230 1.0354 1.3978 0.1272 -0.4236 -0.1963 9.4667 -7.0270 8.1924
231 1.2054 1.5478 0.1260 -0.0836 0.1037 9.2186 -6.9970 23.5225
232 1.2179 1.5154 0.1266 -0.0587 0.0390 9.4232 -6.9680 7.9888
233 1.2233 1.4571 0.1260 -0.0479 -0.0778 9.4130 -7.1810 8.1390
234 1.2309 1.3705 0.1207 -0.0327 -0.2511 10.2708 -7.2170 8.0456
235 1.2353 1.2591 0.1272 -0.0239 -0.4740 9.2228 -7.1360 8.1067
236 1.2427 1.1509 0.1207 -0.0091 -0.6908 10.2842 -7.3950 8.3771
237 1.2489 1.0270 0.1242 0.0033 -0.9391 9.6562 -7.5210 8.4550
238 1.2618 0.9086 0.1178 0.0292 -1.1764 10.5882 -0.3680 -15.0007
239 1.2650 0.8135 0.1242 0.0355 -1.3674 8.9092 -7.3620 8.1780
240 1.2519 0.7447 0.1189 0.0093 -1.5058 10.6382 -7.3040 7.8664
241 1.2010 1.5359 0.1266 -0.0925 0.0768 9.5649 -7.5480 8.7476
242 1.2003 1.5107 0.1272 -0.0940 0.0263 9.6495 -7.5790 8.6553
243 1.1980 1.4710 0.1260 -0.0987 -0.0530 9.6506 -7.7070 8.6597
244 1.2013 1.4154 0.1278 -0.0920 -0.1644 9.5915 -7.4310 8.3882
245 1.2287 1.3724 0.1236 -0.0372 -0.2506 9.1899 -7.3130 8.2859
246 1.2583 1.3313 0.1272 0.0219 -0.3328 9.7388 -7.4410 8.5396
247 1.3136 1.2969 0.1242 0.1326 -0.4020 9.3674 -7.5560 8.6275
248 1.3505 1.2701 0.1272 0.2066 -0.4557 9.7540 -7.7930 8.9735
249 1.3832 1.2511 0.1266 0.2720 -0.4940 8.9817 -7.6600 8.3760
250 1.4339 1.2322 0.1284 0.3735 -0.5320 9.7965 -7.8750 9.2761
251 1.2670 1.5138 0.1154 0.0398 0.0311 11.1432 -8.0080 9.0770
252 1.2306 1.5053 0.1260 -0.0331 0.0143 10.2133 -8.4030 9.8347
253 1.1864 1.5054 0.1254 -0.1214 0.0144 10.0821 -7.9520 8.6186
254 1.1456 1.5040 0.1272 -0.2031 0.0116 9.9025 -7.6610 8.5974
255 1.1333 1.5009 0.1178 -0.2279 0.0054 11.0069 -7.5550 8.6508
256 1.1145 1.4849 0.1278 -0.2656 -0.0267 9.9568 -7.6620 8.6920
257 1.0640 1.4678 0.1189 -0.3667 -0.0608 11.0024 -7.8020 9.2528
258 0.9992 1.4566 0.1260 -0.4966 -0.0832 10.3093 -7.5130 8.5262
259 0.9332 1.4599 0.1172 -0.6289 -0.0767 11.2864 -7.2040 8.1980
260 0.8914 1.4558 0.1266 -0.7129 -0.0849 10.2443 -7.1530 8.2770
261 1.2804 1.5424 0.1278 0.0651 0.0882 10.1891 -7.4880 8.6008
262 1.2831 1.5461 0.1284 0.0705 0.0957 10.3345 -7.6600 24.6963
263 1.2820 1.5414 0.1266 0.0683 0.0864 10.2804 -8.0860 9.5398
264 1.2773 1.5411 0.1278 0.0590 0.0858 10.4123 -8.3430 9.5076
265 1.2677 1.5413 0.1266 0.0399 0.0863 10.4143 -8.6190 9.8636
266 1.2750 1.5210 0.1266 0.0544 0.0456 9.9180 -8.8290 10.2174
267 1.3030 1.5014 0.1260 0.1106 0.0064 10.3818 -8.7440 9.8870
268 1.3631 1.4626 0.1284 0.2309 -0.0713 9.7168 -7.8890 8.2859
269 1.4256 1.3997 0.1248 0.3560 -0.1971 10.5402 -7.3550 8.2436
270 1.4889 1.3223 0.1272 0.4828 -0.3520 10.5877 -6.9870 7.7629
271 1.2487 1.5420 0.1248 0.0024 0.0874 10.7852 -6.7520 7.7329
272 1.2521 1.5381 0.1260 0.0092 0.0796 9.9726 -6.4780 7.2545
273 1.2389 1.5303 0.1272 -0.0171 0.0641 10.5125 -6.1980 6.8606
274 1.2071 1.5088 0.1260 -0.0808 0.0211 9.8741 -5.9280 6.8895
275 1.1497 1.4863 0.1254 -0.1958 -0.0240 10.8037 -6.0360 6.8050
276 1.0836 1.4619 0.1248 -0.3281 -0.0728 10.1505 -6.0370 7.0019
277 1.0161 1.4520 0.1248 -0.4633 -0.0926 10.9509 -5.9870 6.8305
278 0.9558 1.4424 0.1248 -0.5842 -0.1119 10.3415 -5.7600 6.5045
279 0.8888 1.4211 0.1260 -0.7186 -0.1547 10.9421 -5.6030 6.3187
280 0.8358 1.4012 0.1284 -0.8251 -0.1944 10.9754 -5.8010 6.5635
281 1.2707 1.5274 0.1266 0.0448 0.0579 10.9810 -5.6970 6.6258
282 1.2427 1.5199 0.1278 -0.0112 0.0430 10.8131 -5.5590 6.0406
283 1.2132 1.4937 0.1260 -0.0702 -0.0095 11.1267 -5.3030 5.9182
284 1.1932 1.4635 0.1284 -0.1102 -0.0698 11.1153 -5.4480 6.1529
285 1.1792 1.4350 0.1248 -0.1383 -0.1269 11.5247 -5.6560 6.7137
286 1.1567 1.4123 0.1260 -0.1834 -0.1725 11.4182 -5.9100 6.5564
287 1.0971 1.4010 0.1284 -0.3028 -0.1951 10.9271 -6.1000 30.0000
288 0.9967 1.3802 0.1224 -0.5039 -0.2369 12.1036 -9.7640 11.0308
289 0.8938 1.3604 0.1272 -0.7101 -0.2766 11.5070 -6.3020 7.2166
290 0.8050 1.3474 0.1308 -0.8880 -0.3027 11.2805 -6.5150 7.7718
291 1.2661 1.5468 0.1290 0.0341 0.0961 11.4063 -6.5630 7.6539
292 1.2480 1.5761 0.1302 -0.0021 0.1548 11.1747 -6.7030 7.8386
293 1.2128 1.6183 0.1266 -0.0725 0.2394 11.7680 -6.6950 7.8141
294 1.1409 1.6775 0.1207 -0.2165 0.3578 12.3952 -6.9840 8.1824
295 1.0349 1.7451 0.1284 -0.4287 0.4934 11.5018 -7.4370 8.7487
296 0.9172 1.8104 0.1207 -0.6643 0.6242 12.5282 -7.3670 8.5596
297 0.7935 1.8554 0.1266 -0.9122 0.7147 11.7914 -6.8830 7.8386
298 0.6925 1.8872 0.1207 -1.1148 0.7786 12.6614 -6.7370 7.8987
299 0.6024 1.9098 0.1272 -1.2955 0.8242 12.0347 -6.6660 7.8775
300 0.5378 1.9219 0.1302 -1.4255 0.8489 11.4561 -6.3090 6.6147
301 1.2899 1.5103 0.1278 0.0788 0.0255 10.8278 -5.9670 6.7905
302 1.3264 1.4917 0.1284 0.1518 -0.0116 11.7409 -5.2510 5.7424
303 1.3712 1.4611 0.1278 0.2416 -0.0728 11.9101 -4.7900 5.1983
304 1.4139 1.4117 0.1201 0.3271 -0.1716 12.9948 -4.5790 5.1972
305 1.4361 1.3485 0.1278 0.3718 -0.2983 11.8614 -4.4140 4.9112
306 1.4423 1.2836 0.1224 0.3843 -0.4283 12.7240 -4.4710 5.5065
307 1.4244 1.2465 0.1266 0.3486 -0.5028 12.0783 -4.6850 5.7713
308 1.3977 1.2332 0.1207 0.2954 -0.5297 13.0083 -4.7350 5.2906
309 1.3525 1.2219 0.1272 0.2050 -0.5525 12.1387 -5.0190 6.0762
310 1.2975 1.2206 0.1296 0.0951 -0.5553 12.1807 -5.2730 6.2275
311 1.2670 1.5473 0.1296 0.0342 0.0981 12.1480 -5.4010 6.2853
312 1.2193 1.5239 0.1290 -0.0612 0.0514 12.0740 -5.3630 6.0917
313 1.1471 1.4805 0.1290 -0.2057 -0.0355 12.2310 -4.9120 5.3118
314 1.0489 1.4424 0.1308 -0.4025 -0.1118 12.1693 -4.7650 5.2128
315 0.9371 1.4014 0.1290 -0.6264 -0.1938 12.2404 -4.4280 4.8867
316 0.8275 1.3907 0.1302 -0.8459 -0.2154 12.2521 -4.3540 5.0114
317 0.6826 1.3770 0.1296 -1.1363 -0.2429 12.4212 -4.6860 5.8436
318 0.5404 1.3616 0.1321 -1.4213 -0.2738 12.1015 -4.6380 5.3274
319 0.4052 1.3645 0.1327 -1.6927 -0.2681 12.1848 -4.3400 4.6687
320 0.3184 1.3675 0.1308 -1.8672 -0.2623 12.3648 -4.6670 -30.0000
321 1.2725 1.5122 0.1321 0.0411 0.0271 12.2454 -4.7580 5.5210
322 1.2864 1.4907 0.1302 0.0689 -0.0159 12.4395 -5.0800 6.2108
323 1.2757 1.4665 0.1290 0.0476 -0.0643 12.6214 -5.1460 5.7324
324 1.2718 1.4397 0.1284 0.0396 -0.1179 12.4257 -4.9600 5.7657
325 1.2605 1.4086 0.1321 0.0171 -0.1803 12.1443 -5.1450 6.0695
326 1.2232 1.3576 0.1290 -0.0575 -0.2824 12.6676 -5.6560 6.5602
327 1.1664 1.3064 0.1315 -0.1711 -0.3850 12.4717 -6.1700 6.9540
328 1.0744 1.2606 0.1308 -0.3554 -0.4768 12.8868 -6.1340 6.7159
329 0.9812 1.2202 0.1315 -0.5420 -0.5579 11.7004 -5.8350 5.9872
330 0.9005 1.1897 0.1308 -0.7037 -0.6193 12.8265 -5.7380 6.8717
331 1.2713 1.5230 0.1290 0.0379 0.0474 12.9507 -5.7820 6.9852
332 1.2564 1.5202 0.1302 0.0081 0.0419 12.7778 -5.4750 6.5079
333 1.2358 1.5294 0.1302 -0.0332 0.0602 12.6920 -5.4470 6.6125
334 1.2275 1.5440 0.1308 -0.0498 0.0894 12.6530 -5.8840 7.0230
335 1.1937 1.5797 0.1321 -0.1174 0.1609 12.6026 -5.9030 6.7571
336 1.1447 1.6044 0.1308 -0.2154 0.2104 13.1523 -5.4870 6.2253
337 1.1095 1.6178 0.1321 -0.2861 0.2374 12.6108 -5.6686 6.3463
338 1.0497 1.6415 0.1339 -0.4059 0.2849 12.7899 -5.9060 6.5290
339 0.9629 1.6702 0.1302 -0.5797 0.3425 12.8389 -5.8270 6.0806
340 0.9128 1.6718 0.1302 -0.6802 0.3458 13.1648 -5.4100 -30.0000
341 1.2661 1.5309 0.1213 0.0263 0.0642 14.0873 -6.0040 7.3190
342 1.2297 1.5777 0.1308 -0.0466 0.1578 12.9728 -5.5080 6.0528
343 1.1804 1.6383 0.1284 -0.1451 0.2792 13.1782 -5.6280 6.7961
344 1.1086 1.7021 0.1315 -0.2889 0.4068 13.0910 -5.7750 6.7304
345 1.0196 1.7741 0.1315 -0.4671 0.5511 12.9425 -5.4750 5.6467
346 0.9379 1.8365 0.1327 -0.6308 0.6763 13.0747 -5.4370 5.8759
347 0.8284 1.9127 0.1284 -0.8503 0.8290 13.6226 -5.8390 6.7215
348 0.6940 1.9854 0.1327 -1.1195 0.9750 13.0223 -5.4670 5.8470
349 0.5300 2.0505 0.1315 -1.4484 1.1058 13.3268 -5.2790 5.4108
350 0.3896 2.0848 0.1236 -1.7299 1.1750 13.2739 -5.7210 6.6614
351 1.2823 1.5200 0.1166 0.0555 0.0454 14.8021 -5.9170 6.5190
352 1.2675 1.5277 0.1272 0.0258 0.0609 13.7484 -5.9870 7.3312
353 1.2544 1.5268 0.1290 -0.0004 0.0591 13.2637 -5.8350 6.9173
354 1.2182 1.5039 0.1272 -0.0727 0.0132 13.8817 -5.4680 6.2642
355 1.1530 1.4775 0.1284 -0.2034 -0.0396 13.4088 -5.3960 5.2895
356 1.1277 1.4447 0.1308 -0.2540 -0.1052 13.3339 -5.5280 6.4489
357 1.1368 1.4082 0.1201 -0.2359 -0.1784 14.5414 -5.3630 6.7415
358 1.1337 1.3619 0.1290 -0.2422 -0.2711 13.6256 -5.8970 6.4678
359 1.1408 1.3020 0.1213 -0.2281 -0.3912 14.5937 -5.7920 6.9963
360 1.1440 1.2600 0.1302 -0.2218 -0.4753 13.5441 -5.9260 7.4347
361 1.2709 1.4997 0.1284 0.0319 0.0041 13.6706 -6.1090 6.6814
362 1.2531 1.4794 0.1290 -0.0036 -0.0365 13.8151 -5.9240 7.0297
363 1.2294 1.4588 0.1178 -0.0511 -0.0778 14.9616 -6.6120 7.9488
364 1.1805 1.4349 0.1296 -0.1488 -0.1256 13.8765 -6.4840 7.3145
365 1.1249 1.3875 0.1266 -0.2603 -0.2205 13.9121 -6.1760 7.0386
366 1.0625 1.3264 0.1296 -0.3853 -0.3430 13.8892 -6.0040 7.2166
367 1.0010 1.2627 0.1290 -0.5084 -0.4706 13.8157 -6.4330 7.1999
368 0.9336 1.1989 0.1302 -0.6437 -0.5985 13.7060 0.2590 -14.6266
369 0.8768 1.1193 0.1189 -0.7575 -0.7581 15.2228 -984.0000 30.0000
370 0.8244 1.0661 0.1302 -0.8628 -0.8650 13.7124 2.0000 -2.0717
371 1.2674 1.4941 0.1254 0.0232 -0.0089 14.0834 -5.4460 6.5246
372 1.2313 1.4899 0.1254 -0.0490 -0.0174 14.2405 -5.0860 5.4787
373 1.2002 1.4633 0.1178 -0.1112 -0.0706 15.0175 -4.8060 6.1062
374 1.1547 1.4463 0.1260 -0.2024 -0.1047 14.4243 -5.0480 5.1961
375 1.0976 1.4273 0.1172 -0.3167 -0.1427 15.2809 -4.7320 5.6923
376 1.0248 1.3845 0.1254 -0.4624 -0.2283 14.6914 -5.4400 6.5312
377 0.9406 1.3320 0.1183 -0.6312 -0.3335 15.2162 -5.4720 6.9029
378 0.8713 1.2812 0.1272 -0.7701 -0.4354 14.3681 -5.6030 6.8194
379 0.7889 1.2333 0.1260 -0.9354 -0.5315 14.2504 -5.9600 6.8250
380 0.7189 1.1985 0.1278 -1.0760 -0.6013 14.3624 -6.0360 6.9941
381 1.1983 1.5350 0.1254 -0.1173 0.0717 14.4409 -6.7010 7.6227
382 1.1980 1.5415 0.1260 -0.1178 0.0848 14.7059 -6.5110 7.7340
383 1.1939 1.5394 0.1160 -0.1262 0.0806 15.5816 -5.9760 6.7048
384 1.1940 1.5215 0.1278 -0.1260 0.0449 14.6243 -5.7340 6.3488
385 1.1915 1.4980 0.1183 -0.1310 -0.0023 15.3786 -5.7500 5.9393
386 1.1861 1.4830 0.1284 -0.1420 -0.0322 14.3779 -5.7160 6.0484
387 1.1904 1.4827 0.1254 -0.1333 -0.0328 14.8361 -5.9920 6.4289
388 1.1811 1.4898 0.1260 -0.1520 -0.0186 14.6810 -6.2540 8.0467
389 1.1509 1.4795 0.1248 -0.2126 -0.0392 14.9221 -5.8000 6.8317
390 1.1168 1.4662 0.1266 -0.2810 -0.0660 14.9694 -5.2660 5.8970
391 1.2637 1.4880 0.1242 0.0129 -0.0223 15.0527 -4.8650 5.6912
392 1.3018 1.4888 0.1260 0.0892 -0.0207 14.8149 -5.8450 6.3766
393 1.3286 1.4929 0.1254 0.1428 -0.0126 14.9845 -5.9630 7.2645
394 1.3674 1.4888 0.1254 0.2205 -0.0207 15.3832 -6.1440 7.6750
395 1.3877 1.4939 0.1248 0.2614 -0.0106 15.1307 -6.3080 7.1988
396 1.3909 1.4975 0.1242 0.2678 -0.0035 15.4119 -6.3530 6.5346
397 1.3894 1.4950 0.1254 0.2649 -0.0084 14.9468 -6.6190 7.4692
398 1.3904 1.4886 0.1278 0.2671 -0.0211 14.8146 -6.4530 7.6027
399 1.3929 1.4680 0.1242 0.2723 -0.0623 15.0461 -6.1380 7.0431
400 1.4160 1.4540 0.1278 0.3186 -0.0905 14.8830 -5.6500 5.7346
401 1.2650 1.4880 0.1248 0.0167 -0.0225 15.0955 -5.3940 6.1129
402 1.3107 1.4792 0.1260 0.1081 -0.0402 15.2275 -5.4080 6.1863
403 1.3590 1.4664 0.1254 0.2048 -0.0657 15.2769 -5.6470 7.1777
404 1.4296 1.4612 0.1272 0.3463 -0.0762 14.8607 -5.2670 6.0806
405 1.5062 1.4654 0.1236 0.4997 -0.0678 15.2704 -5.4210 6.2475
406 1.6008 1.4794 0.1284 0.6892 -0.0397 15.0895 -6.3450 6.5301
407 1.6980 1.5053 0.1236 0.8841 0.0119 15.5240 -6.5280 7.4013
408 1.7863 1.5379 0.1224 1.0612 0.0772 16.0039 -6.8320 8.7921
409 1.8702 1.5798 0.1236 1.2295 0.1611 15.4830 -5.8230 6.8906
410 1.9387 1.6214 0.1254 1.3674 0.2443 15.2404 -5.5020 5.8726
411 1.2450 1.4897 0.1242 -0.0200 -0.0190 15.4734 -5.2500 5.5388
412 1.2552 1.4874 0.1266 0.0004 -0.0235 15.5813 -4.9530 5.7713
413 1.2706 1.4867 0.1218 0.0312 -0.0251 15.7155 -4.7570 5.6155
414 1.2975 1.4755 0.1278 0.0851 -0.0475 15.2739 -4.6740 6.3354
415 1.3232 1.4663 0.1242 0.1364 -0.0659 16.0417 -3.8890 4.7744
416 1.3638 1.4521 0.1278 0.2177 -0.0942 15.5872 -3.3630 4.7165
417 1.3890 1.4184 0.1254 0.2684 -0.1618 15.7335 -2.9200 3.3840
418 1.4051 1.3794 0.1266 0.3006 -0.2398 15.8661 -3.1390 8.2770
419 1.4076 1.3365 0.1248 0.3059 -0.3259 15.7020 -3.2320 4.7977
420 1.3902 1.3043 0.1254 0.2711 -0.3905 15.9578 -3.4390 3.0831
421 1.1003 1.4971 0.1260 -0.3088 -0.0050 16.0963 -3.2860 2.9841
422 1.0917 1.5023 0.1272 -0.3261 0.0055 15.8083 -3.3650 3.6439
423 1.0634 1.5120 0.1260 -0.3829 0.0249 15.8698 -3.9900 4.6064
424 1.0180 1.5153 0.1248 -0.4740 0.0315 16.4103 -3.7870 4.9101
425 0.9547 1.5127 0.1266 -0.6009 0.0265 15.8128 -3.6830 4.7143
426 0.9034 1.5009 0.1266 -0.7038 0.0027 15.9087 -3.6310 4.2069
427 0.8307 1.4469 0.1248 -0.8497 -0.1054 16.1034 -3.7190 4.8834
428 0.7693 1.3827 0.1254 -0.9730 -0.2338 16.4283 -2.3350 2.7649
429 0.7237 1.3085 0.1254 -1.0646 -0.3824 16.0479 -2.9620 3.5182
430 0.7069 1.2647 0.1278 -1.0989 -0.4702 16.2004 -2.3250 1.6434
431 1.3275 1.6334 0.1254 0.1424 0.2674 16.1078 -2.5780 2.6392
432 1.3308 1.6296 0.1260 0.1492 0.2599 16.3710 -2.3570 2.9852
433 1.3432 1.6386 0.1242 0.1741 0.2780 16.5051 -1.8540 2.0517
434 1.3814 1.6577 0.1260 0.2506 0.3163 16.3867 -2.5870 2.4845
435 1.4066 1.6526 0.1290 0.3011 0.3064 15.7644 -1.4950 1.7057
436 1.4334 1.6305 0.1254 0.3549 0.2622 16.5926 -0.7240 0.3961
437 1.4646 1.5943 0.1242 0.4175 0.1900 16.7731 -0.5610 0.9958
438 1.4822 1.5682 0.1189 0.4529 0.1378 17.4459 -1.8330 1.7435
439 1.4796 1.5290 0.1260 0.4481 0.0595 16.7530 -1.3380 2.3076
440 1.4749 1.5105 0.1260 0.4388 0.0224 15.8286 -1.4210 1.3051
441 1.2670 1.5292 0.1254 0.0231 0.0599 15.7003 -1.3310 0.9736
442 1.2654 1.5359 0.1278 0.0199 0.0733 16.5073 -1.0710 0.8400
443 1.2635 1.5305 0.1284 0.0160 0.0625 16.4710 -0.7470 0.4350
444 1.2673 1.5205 0.1272 0.0237 0.0425 16.6529 -0.8940 1.2706
445 1.2826 1.4931 0.1278 0.0544 -0.0124 16.7371 -0.2450 0.7599
446 1.2943 1.4654 0.1278 0.0778 -0.0676 16.8947 -0.1600 -0.2893
447 1.3168 1.4111 0.1284 0.1229 -0.1764 16.7974 -0.8240 2.0361
448 1.3290 1.3669 0.1302 0.1474 -0.2650 16.5542 -0.7330 1.6211
449 1.3345 1.3192 0.1284 0.1583 -0.3604 17.0517 -0.5770 0.6887
450 1.3164 1.2911 0.1284 0.1222 -0.4170 17.1410 -1.2270 1.5833
451 1.2342 1.5638 0.1290 -0.0421 0.1285 16.9749 -2.4660 3.7652
452 1.2241 1.5725 0.1284 -0.0624 0.1461 17.0224 -1.8280 1.9249
453 1.1834 1.5920 0.1266 -0.1439 0.1852 16.1510 -2.6230 2.6025
454 1.1094 1.5926 0.1296 -0.2919 0.1864 16.8895 -2.1270 2.1841
455 1.0213 1.6318 0.1266 -0.4684 0.2648 16.1664 -2.4130 2.8072
456 0.9264 1.6698 0.1290 -0.6585 0.3411 17.0961 -1.7110 2.3243
457 0.8334 1.7235 0.1248 -0.8450 0.4486 17.3369 -2.0620 1.9983
458 0.7143 1.7645 0.1296 -1.0836 0.5311 17.0957 -0.9550 1.2807
459 0.5871 1.8173 0.1278 -1.3388 0.6368 17.2894 -1.1030 0.9491
460 0.4812 1.8522 0.1290 -1.5512 0.7071 17.5382 -1.3980 2.5569
461 1.2127 1.4997 0.1266 -0.0883 0.0020 17.5524 -0.8680 1.2818
462 1.1857 1.5156 0.1207 -0.1424 0.0340 18.3007 -1.8940 2.0117
463 1.1616 1.5120 0.1284 -0.1907 0.0266 17.1661 -1.5260 2.3811
464 1.1313 1.5103 0.1284 -0.2513 0.0233 17.3838 -1.2640 2.2787
465 1.0684 1.5346 0.1278 -0.3775 0.0720 17.4319 -1.9560 2.6526
466 1.0020 1.5581 0.1290 -0.5105 0.1189 17.3236 -1.3790 2.0261
467 0.9541 1.5809 0.1230 -0.6065 0.1646 17.9598 -1.3470 1.2117
468 0.9064 1.5949 0.1248 -0.7022 0.1928 17.4267 -1.5220 1.7024
469 0.8812 1.5784 0.1248 -0.7531 0.1599 16.8808 0.1840 -0.7728
470 0.8555 1.5558 0.1278 -0.8049 0.1147 16.7758 0.0550 -0.7579
471 1.1944 1.4960 0.1266 -0.1271 -0.0049 17.6005 0.1090 0.5428
472 1.1415 1.5079 0.1260 -0.2330 0.0189 17.6511 0.6090 -0.5218
473 1.1037 1.5247 0.1218 -0.3088 0.0526 18.1294 0.6630 -0.7915
474 1.0575 1.5355 0.1254 -0.4014 0.0742 17.6206 -0.1680 0.4165
475 1.0380 1.5430 0.1248 -0.4405 0.0891 17.7300 0.5360 -0.1794
476 1.0282 1.5505 0.1248 -0.4604 0.1043 17.7675 0.6960 -0.4127
477 0.9905 1.5746 0.1248 -0.5361 0.1526 17.8651 0.5110 -1.2306
478 0.9214 1.5927 0.1242 -0.6746 0.1889 17.8557 0.1870 0.3443
479 0.8589 1.6146 0.1260 -0.7999 0.2327 17.9764 0.1840 0.1364
480 0.8087 1.6276 0.1254 -0.9008 0.2589 17.9585 0.0890 0.1395
481 1.1940 1.4933 0.1236 -0.1303 -0.0098 18.2031 -3.6540 4.2051
482 1.1945 1.4937 0.1254 -0.1292 -0.0090 18.0274 -0.1870 1.1596
483 1.2050 1.5102 0.1248 -0.1084 0.0240 17.9589 0.2260 0.1280
484 1.2099 1.5438 0.1242 -0.0987 0.0912 18.2466 -0.0570 -0.4802
485 1.2187 1.5748 0.1260 -0.0811 0.1534 18.0694 -0.4910 0.7014
486 1.2393 1.5918 0.1260 -0.0398 0.1875 18.4071 0.7460 -0.7507
487 1.2563 1.6082 0.1272 -0.0058 0.2205 17.8814 0.2330 -0.7395
488 1.2762 1.6288 0.1284 0.0340 0.2616 18.1317 -0.2900 0.4923
489 1.3046 1.6556 0.1160 0.0908 0.3155 19.2981 0.6870 -1.1643
490 1.3064 1.6807 0.1248 0.0946 0.3658 18.6927 -0.0360 0.5006
491 1.1776 1.4642 0.1254 -0.1631 -0.0672 18.2914 -0.1030 0.9354
492 1.1626 1.4804 0.1254 -0.1933 -0.0348 18.2702 -0.4090 0.3876
493 1.1180 1.4883 0.1230 -0.2825 -0.0191 18.5348 -0.8740 1.1167
494 1.0866 1.5021 0.1254 -0.3455 0.0086 18.0516 1.1730 -6.1716
495 1.0744 1.5089 0.1260 -0.3701 0.0222 18.2527 0.4400 -0.3430
496 1.0415 1.4971 0.1260 -0.4362 -0.0014 18.8890 0.2080 -0.1055
497 1.0014 1.4643 0.1160 -0.5165 -0.0670 19.8828 0.1430 4.3899
498 0.9685 1.4344 0.1260 -0.5826 -0.1269 18.8429 0.1560 -0.0532
499 0.9142 1.3924 0.1242 -0.6915 -0.2109 19.2158 -0.5900 1.2529
500 0.8857 1.3630 0.1254 -0.7491 -0.2699 18.8534 0.3700 -0.3619
501 1.2092 1.5099 0.1248 -0.1020 0.0238 18.5975 0.3740 -0.6161
502 1.2145 1.5136 0.1242 -0.0914 0.0313 19.1243 0.6770 -5.7063
503 1.2214 1.5223 0.1242 -0.0776 0.0487 18.8036 0.9370 -1.5786
504 1.2090 1.5392 0.1266 -0.1026 0.0826 18.7322 0.8880 -1.4727
505 1.2108 1.5570 0.1272 -0.0991 0.1183 18.8767 1.1140 -2.2093
506 1.2136 1.5811 0.1284 -0.0935 0.1665 19.1312 0.8840 -1.7349
507 1.2328 1.6186 0.1278 -0.0550 0.2416 18.9974 0.0240 0.5897
508 1.2528 1.6899 0.1308 -0.0151 0.3843 17.9535 -0.2540 0.0102
509 1.2684 1.7566 0.1272 0.0162 0.5181 18.9624 -0.9290 0.6541
510 1.2826 1.7917 0.1290 0.0446 0.5885 18.0636 -0.4000 0.8262
511 1.1440 1.5077 0.1272 -0.2327 0.0206 19.2688 0.3410 -0.6526
512 1.1238 1.5232 0.1290 -0.2731 0.0515 18.1938 0.3800 -0.8669
513 1.1029 1.5217 0.1254 -0.3151 0.0486 19.1969 -0.3220 -0.0194
514 1.0817 1.4850 0.1290 -0.3576 -0.0248 18.2678 0.0250 0.5954
515 1.0523 1.4469 0.1260 -0.4166 -0.1012 19.6812 0.1210 -0.8202
516 1.0185 1.3987 0.1278 -0.4844 -0.1976 18.3698 0.1070 -0.2921
517 1.0032 1.3547 0.1278 -0.5154 -0.2858 19.2350 -0.2070 0.3361
518 0.9972 1.3170 0.1201 -0.5277 -0.3612 20.2515 0.1550 0.5309
519 0.9953 1.2595 0.1278 -0.5318 -0.4765 19.1211 0.9370 -1.5587
520 0.9751 1.1987 0.1339 -0.5724 -0.5984 18.7764 0.9990 -0.8789
521 1.1624 1.4890 0.1254 -0.1979 -0.0179 19.6468 0.8330 0.2673
522 1.1656 1.5189 0.1321 -0.1916 0.0420 19.1238 0.7140 -0.0140
523 1.1628 1.5669 0.1254 -0.1971 0.1380 20.0209 1.0300 -1.1311
524 1.1591 1.5950 0.1308 -0.2048 0.1943 19.2208 0.9700 -1.0787
525 1.1327 1.6046 0.1272 -0.2576 0.2137 19.6335 0.9670 -0.8921
526 1.1027 1.5927 0.1218 -0.3177 0.1900 20.4946 1.3560 -0.8191
527 1.0815 1.5986 0.1290 -0.3603 0.2019 19.6689 0.4000 -0.3621
528 1.0788 1.6190 0.1278 -0.3659 0.2428 19.7280 -1.3700 2.7222
529 1.0997 1.6544 0.1254 -0.3243 0.3136 19.7538 -1.0830 0.4511
530 1.1316 1.6778 0.1290 -0.2606 0.3607 19.3492 -1.3290 2.7843
531 1.1235 1.4713 0.1260 -0.2770 -0.0523 19.5033 -1.7390 2.2950
532 1.1228 1.4747 0.1178 -0.2785 -0.0456 21.1296 -1.3940 1.4299
533 1.1352 1.4759 0.1266 -0.2537 -0.0432 19.9838 -1.6090 3.0172
534 1.1340 1.4787 0.1195 -0.2563 -0.0376 21.1763 -0.5760 0.1786
535 1.1083 1.4631 0.1254 -0.3079 -0.0689 19.8419 -1.3850 1.6740
536 1.0403 1.4497 0.1166 -0.4440 -0.0958 21.4169 -2.1030 2.1249
537 0.9515 1.4212 0.1236 -0.6220 -0.1528 20.0140 -1.2540 2.0396
538 0.8513 1.3976 0.1230 -0.8227 -0.2001 20.1234 -0.9410 1.5566
539 0.7579 1.3684 0.1195 -1.0101 -0.2586 20.4090 -2.3920 3.7652
540 0.6897 1.3682 0.1213 -1.1470 -0.2592 20.3483 -2.5230 1.8392
541 1.1247 1.5263 0.1224 -0.2771 0.0571 20.1793 -1.5150 0.9847
542 1.1330 1.5530 0.1236 -0.2606 0.1105 20.1946 -0.9720 0.7188
543 1.1160 1.6016 0.1218 -0.2947 0.2078 20.6839 -2.6110 4.0178
544 1.1080 1.6731 0.1236 -0.3108 0.3511 20.0370 -3.1810 3.8731
545 1.1417 1.7568 0.1278 -0.2437 0.5186 20.2255 -1.9750 2.0373
546 1.1826 1.8238 0.1248 -0.1618 0.6530 20.2064 -0.8620 0.2381
547 1.2212 1.8809 0.1236 -0.0847 0.7675 20.6253 -1.3850 1.9015
548 1.2800 1.9209 0.1260 0.0329 0.8480 20.4968 0.1710 -0.4267
549 1.3654 1.9785 0.1242 0.2038 0.9637 20.4509 1.7600 -2.8178
550 1.4434 2.0241 0.1254 0.3600 1.0553 20.3970 3.4070 -4.4875
551 1.1325 1.4770 0.1290 -0.2619 -0.0388 20.2399 5.0380 -7.3049
552 1.1280 1.4368 0.1278 -0.2710 -0.1194 20.9071 4.5510 -5.2726
553 1.0924 1.4117 0.1315 -0.3423 -0.1697 20.4426 3.1000 -2.9473
554 1.0450 1.3931 0.1333 -0.4373 -0.2069 20.7484 2.5920 -3.0509
555 1.0093 1.4046 0.1345 -0.5089 -0.1841 20.2003 2.3490 -2.7805
556 0.9705 1.4614 0.1421 -0.5869 -0.0704 20.5165 -0.5990 0.4579
557 0.9467 1.5097 0.1479 -0.6348 0.0261 19.9731 0.6770 -2.3161
558 0.9334 1.5299 0.1587 -0.6618 0.0665 20.1764 0.3900 0.1040
559 0.9218 1.5758 0.1699 -0.6851 0.1584 19.6159 0.0580 0.8829
560 0.9126 1.6279 0.1764 -0.7039 0.2628 19.7073 0.5880 -2.3946
561 1.1149 1.4560 0.1779 -0.2995 -0.0811 20.1318 0.2010 0.3220
562 1.1072 1.4776 0.1728 -0.3149 -0.0378 19.7302 -0.0370 -0.3579
563 1.1056 1.5107 0.1580 -0.3184 0.0284 20.2595 -0.1480 0.3239
564 1.0672 1.5481 0.1506 -0.3953 0.1031 20.2312 -0.6900 0.8431
565 1.0216 1.6000 0.1327 -0.4867 0.2071 21.0014 -0.7680 0.5510
566 0.9621 1.6804 0.1290 -0.6062 0.3680 20.8630 -1.4990 2.0315
567 0.8684 1.7901 0.1218 -0.7939 0.5878 21.4595 -0.8660 1.0599
568 0.7789 1.8720 0.1272 -0.9734 0.7518 20.7348 -0.5920 1.0094
569 0.6913 1.9229 0.1272 -1.1491 0.8541 20.7131 -1.9630 4.1168
570 0.6530 1.9503 0.1284 -1.2264 0.9094 20.7618 -2.4210 2.7865
571 0.5523 2.0088 0.1377 -1.4284 1.0268 20.7247 -3.4390 3.9182
572 0.4825 2.0474 0.1447 -1.5687 1.1047 20.8684 -3.4570 4.1825
573 0.3884 2.0625 0.1512 -1.7578 1.1354 20.5012 -3.5330 3.4614
574 0.2933 2.0640 0.1614 -1.9489 1.1391 20.5899 -3.1840 4.0345
575 0.2118 2.0871 0.1663 -2.0000 1.1858 20.0911 -2.2760 2.5057
576 0.1706 2.1391 0.1663 -2.0000 1.2903 19.3518 -3.5770 4.7966
577 0.1396 2.2170 0.1692 -2.0000 1.4469 19.9946 -1.7860 1.4197
578 0.1126 2.2489 0.1635 -2.0000 1.5115 19.5879 0.4040 -0.4186
579 0.0955 2.2677 0.1539 -2.0000 1.5498 20.9603 1.6770 -2.9163
580 0.0965 2.3041 0.1370 -2.0000 1.6235 20.9949 2.2000 -2.3227
581 1.3118 1.5196 0.1248 0.0880 0.0546 21.5710 2.5880 -3.5689
582 1.3547 1.5174 0.1236 0.1741 0.0501 21.6926 3.7700 -5.3556
583 1.3798 1.4826 0.1224 0.2243 -0.0195 21.3380 3.3060 -2.9598
584 1.4036 1.4511 0.1272 0.2721 -0.0826 21.2188 3.3110 -3.2223
585 1.4116 1.4220 0.1345 0.2881 -0.1409 21.2863 1.2210 -1.9992
586 1.4064 1.3509 0.1466 0.2781 -0.2832 20.4945 1.0950 -0.6936
587 1.3528 1.2818 0.1566 0.1709 -0.4216 20.6964 -0.4920 0.6009
588 1.2555 1.2148 0.1677 -0.0238 -0.5560 20.4133 -2.1310 2.5969
589 1.1824 1.1711 0.1786 -0.1700 -0.6435 19.7584 -2.6320 3.4050
590 1.0630 1.1204 0.1786 -0.4089 -0.7455 20.5742 -3.7670 4.7373
591 1.4260 1.3726 0.1801 0.3172 -0.2411 20.4059 -3.2040 3.1072
592 1.3476 1.3262 0.1728 0.1606 -0.3341 21.2268 -3.0110 2.7657
593 1.2791 1.2794 0.1621 0.0236 -0.4280 20.6645 -1.2240 0.4036
594 1.2334 1.2755 0.1434 -0.0679 -0.4360 22.1239 -3.7930 5.7936
595 1.1885 1.2964 0.1358 -0.1577 -0.3943 21.9524 -2.5410 1.8548
596 1.1328 1.3357 0.1302 -0.2692 -0.3159 21.8366 -2.6730 3.0142
597 1.0990 1.4026 0.1254 -0.3369 -0.1823 21.9651 -1.8070 1.4609
598 1.0563 1.4429 0.1278 -0.4226 -0.1017 21.6525 -1.6470 3.7218
599 1.0101 1.4859 0.1242 -0.5152 -0.0157 21.4610 -0.7670 -1.2651
600 0.9437 1.5291 0.1315 -0.6483 0.0707 21.7672 1.0920 -1.6401
601 1.4203 1.2740 0.1327 0.3049 -0.4397 21.7708 0.9170 0.1635
602 1.4035 1.2664 0.1389 0.2716 -0.4551 21.7419 0.2820 -0.2860
603 1.4250 1.2699 0.1587 0.3147 -0.4483 20.2393 0.1750 0.4875
604 1.4733 1.3092 0.1706 0.4116 -0.3699 21.1698 -1.0350 1.4372
605 1.5410 1.3922 0.1839 0.5472 -0.2040 20.4697 -2.8850 4.6603
606 1.5925 1.4962 0.1931 0.6506 0.0039 20.7474 -6.4450 11.0096
607 1.6632 1.6002 0.1931 0.7924 0.2120 22.5436 -15.4280 17.6555
608 1.7555 1.6941 0.2003 0.9776 0.4001 20.5247 -23.8460 30.0000
609 1.8284 1.7538 0.1764 1.1239 0.5196 21.0019 -22.9660 25.5419
610 1.9285 1.8207 0.1242 1.3248 0.6538 22.7293 -21.1580 25.7244
count posx posy posz xout yout zout heading hd_out
1 0.0002 0.0000 0.1260 0.0005 0.0000 0.0000 -0.7910 0.8731
2 0.0010 0.0003 0.1260 0.0021 0.0006 0.0000 -0.7400 0.7937
3 0.0023 0.0006 0.1230 0.0046 0.0013 0.0000 -0.9190 1.1269
4 0.0039 0.0007 0.1266 0.0078 0.0014 0.0000 -0.7930 0.8940
5 0.0061 0.0008 0.1236 0.0122 0.0016 0.0000 -0.6970 0.8083
6 0.0088 0.0010 0.1260 0.0177 0.0020 0.0000 -0.7210 0.8778
7 0.0121 0.0013 0.1236 0.0243 0.0026 0.0000 -0.7100 0.8574
8 0.0161 0.0017 0.1266 0.0323 0.0035 0.0000 -0.7090 0.9148
9 0.0208 0.0023 0.1236 0.0416 0.0046 0.0000 -0.7550 0.9959
10 0.0250 0.0028 0.1248 0.0500 0.0056 0.0000 -0.7980 1.0252
11 1.2423 1.5372 0.1248 -0.0153 0.0744 1.7743 -0.6950 0.9049
12 1.2432 1.5377 0.1278 -0.0135 0.0754 0.5649 -0.6400 0.9122
13 1.2448 1.5382 0.1149 -0.0104 0.0766 2.6835 -0.5970 0.7608
14 1.2470 1.5388 0.1266 -0.0059 0.0778 1.6128 -0.6290 0.9265
15 1.2498 1.5394 0.1242 -0.0003 0.0790 1.6391 -0.6170 0.8668
16 1.2533 1.5399 0.1266 0.0067 0.0801 1.6875 -0.6560 0.8389
17 1.2576 1.5405 0.1236 0.0152 0.0813 1.1992 -0.5960 0.8100
18 1.2614 1.5410 0.1260 0.0229 0.0824 1.8875 -0.5720 0.8679
19 1.2667 1.5417 0.1183 0.0335 0.0838 1.7860 -0.6570 0.8979
20 1.2716 1.5423 0.1266 0.0433 0.0849 1.8843 -0.8740 1.2729
21 1.2484 1.5501 0.1254 -0.0030 0.1006 1.8855 -0.7890 0.9780
22 1.2492 1.5502 0.1248 -0.0014 0.1009 1.8162 -0.8080 1.1616
23 1.2507 1.5503 0.1236 0.0015 0.1012 2.0566 -0.4400 0.5407
24 1.2528 1.5505 0.1242 0.0057 0.1016 1.9633 -0.5580 0.7633
25 1.2550 1.5506 0.1242 0.0101 0.1019 1.9937 -0.3720 0.3694
26 1.2583 1.5511 0.1260 0.0167 0.1028 2.1744 -0.3400 0.5697
27 1.2623 1.5517 0.1248 0.0248 0.1041 1.9374 -0.2000 0.4006
28 1.2671 1.5502 0.1272 0.0343 0.1013 1.9844 -0.0670 0.2414
29 1.2724 1.5408 0.1272 0.0450 0.0824 2.0812 -0.0680 0.2581
30 1.2771 1.5327 0.1266 0.0544 0.0663 1.1843 -0.1200 0.3160
31 1.2453 1.5420 0.1242 -0.0092 0.0850 2.1443 -0.0520 0.1914
32 1.2462 1.5420 0.1254 -0.0074 0.0850 2.1572 -0.1170 0.3616
33 1.2478 1.5419 0.1242 -0.0043 0.0849 2.3389 -0.2070 0.4684
34 1.2500 1.5418 0.1248 0.0003 0.0847 1.4879 -0.1540 0.3516
35 1.2526 1.5416 0.1248 0.0055 0.0844 2.4040 -0.1550 0.2704
36 1.2560 1.5414 0.1272 0.0122 0.0839 2.2725 -0.1650 0.2459
37 1.2583 1.5412 0.1242 0.0169 0.0836 2.4759 -0.1240 -30.0000
38 1.2628 1.5409 0.1248 0.0258 0.0830 2.6805 -0.1930 0.2837
39 1.2680 1.5405 0.1266 0.0363 0.0823 2.3825 -0.2600 0.4517
40 1.2727 1.5402 0.1242 0.0457 0.0817 2.5800 -0.3450 0.5263
41 1.1982 1.5720 0.1178 -0.1033 0.1453 3.4451 -0.3800 0.5897
42 1.1991 1.5718 0.1260 -0.1017 0.1451 2.5534 -0.4430 0.6598
43 1.2006 1.5714 0.1230 -0.0987 0.1444 2.6515 -0.4190 0.6843
44 1.2028 1.5711 0.1254 -0.0944 0.1438 2.7003 -0.4860 0.6698
45 1.2056 1.5708 0.1242 -0.0888 0.1432 2.7617 -0.4880 0.7076
46 1.2087 1.5705 0.1260 -0.0825 0.1426 1.9969 -0.4240 0.6097
47 1.2126 1.5701 0.1236 -0.0749 0.1419 2.9679 -0.4130 0.6976
48 1.2173 1.5696 0.1266 -0.0654 0.1411 2.9465 -0.4240 0.6542
49 1.2227 1.5692 0.1178 -0.0548 0.1403 3.6271 -0.5640 0.8567
50 1.2274 1.5689 0.1266 -0.0453 0.1398 2.7143 -0.5780 0.8256
51 1.2462 1.5490 0.1266 -0.0076 0.1000 2.6848 -0.5700 0.7900
52 1.2471 1.5487 0.1260 -0.0060 0.0996 2.9130 -0.5180 0.6898
53 1.2484 1.5485 0.1236 -0.0032 0.0991 3.1187 -0.5990 0.8690
54 1.2504 1.5482 0.1278 0.0007 0.0985 2.8925 -0.6300 0.8701
55 1.2532 1.5481 0.1242 0.0063 0.0984 3.3012 -0.7040 1.0570
56 1.2566 1.5482 0.1272 0.0132 0.0986 3.2195 -0.8000 1.1015
57 1.2606 1.5483 0.1166 0.0212 0.0990 4.0514 -0.9190 1.2918
58 1.2653 1.5485 0.1260 0.0304 0.0993 3.3199 -1.0600 1.2951
59 1.2708 1.5486 0.1248 0.0415 0.0996 3.3208 -1.0560 1.3752
60 1.2756 1.5487 0.1254 0.0512 0.1000 3.2194 -1.0080 1.2640
61 1.2422 1.5400 0.1248 -0.0156 0.0826 3.2026 -0.9480 1.2217
62 1.2431 1.5401 0.1166 -0.0139 0.0827 4.3452 -0.7390 0.9135
63 1.2445 1.5402 0.1254 -0.0110 0.0830 3.4467 -0.6180 0.8211
64 1.2467 1.5404 0.1248 -0.0067 0.0835 3.4954 -0.6420 0.8590
65 1.2495 1.5407 0.1254 -0.0011 0.0842 3.4016 -0.5890 0.6732
66 1.2529 1.5412 0.1248 0.0057 0.0851 2.8638 -0.3370 0.3816
67 1.2569 1.5417 0.1172 0.0137 0.0862 4.4649 -0.3360 0.4517
68 1.2613 1.5427 0.1242 0.0225 0.0881 4.0183 -0.3210 0.5552
69 1.2664 1.5438 0.1266 0.0327 0.0904 3.2305 -0.1050 0.2036
70 1.2699 1.5447 0.1266 0.0398 0.0923 3.6104 0.0750 -0.0704
71 1.2375 1.5371 0.1242 -0.0251 0.0771 3.5773 0.3450 -0.2443
72 1.2387 1.5372 0.1254 -0.0225 0.0774 3.7104 0.2970 -0.1091
73 1.2407 1.5375 0.1236 -0.0186 0.0780 3.9624 0.4210 -0.3134
74 1.2433 1.5379 0.1254 -0.0134 0.0788 3.8450 0.5160 -0.3853
75 1.2465 1.5383 0.1254 -0.0071 0.0797 3.5857 0.4960 -0.3539
76 1.2502 1.5386 0.1260 0.0004 0.0804 2.9673 0.3400 -0.3170
77 1.2545 1.5392 0.1224 0.0090 0.0815 3.9592 0.4520 -0.5015
78 1.2596 1.5398 0.1266 0.0191 0.0827 3.9731 0.4900 -0.4424
79 1.2651 1.5405 0.1278 0.0302 0.0842 3.5665 0.3080 -0.1086
80 1.2701 1.5411 0.1260 0.0402 0.0856 3.9919 0.2840 -0.1793
81 1.2483 1.5388 0.1242 -0.0035 0.0810 4.1175 0.2930 -0.2756
82 1.2492 1.5387 0.1260 -0.0015 0.0807 4.1192 0.3270 -0.2140
83 1.2510 1.5387 0.1242 0.0020 0.0808 3.2010 0.3270 -0.1863
84 1.2535 1.5389 0.1260 0.0069 0.0813 4.1366 0.2680 -0.1261
85 1.2572 1.5395 0.1230 0.0144 0.0824 4.6517 0.2310 -0.1624
86 1.2615 1.5401 0.1272 0.0230 0.0838 4.0072 0.3010 -0.2628
87 1.2663 1.5410 0.1242 0.0327 0.0855 4.6439 0.4140 -0.4660
88 1.2717 1.5421 0.1272 0.0434 0.0878 3.9633 0.4420 -0.4021
89 1.2774 1.5435 0.1254 0.0548 0.0907 4.3362 0.4820 -0.5476
90 1.2822 1.5448 0.1178 0.0644 0.0934 5.3444 0.4930 -0.5573
91 1.2461 1.5470 0.1242 -0.0076 0.0977 4.3615 0.2180 0.0578
92 1.2465 1.5471 0.1248 -0.0069 0.0980 4.3878 0.2100 -0.2167
93 1.2469 1.5474 0.1242 -0.0060 0.0986 4.4971 0.3120 -0.3259
94 1.2475 1.5480 0.1248 -0.0049 0.0998 4.4629 0.3600 -0.3231
95 1.2485 1.5486 0.1254 -0.0029 0.1011 4.7288 0.3000 -0.2620
96 1.2507 1.5490 0.1189 0.0014 0.1019 5.3051 0.9900 -2.6409
97 1.2537 1.5495 0.1254 0.0075 0.1031 4.6241 0.1740 -0.3605
98 1.2583 1.5502 0.1166 0.0168 0.1044 5.8983 0.1220 -0.3026
99 1.2635 1.5490 0.1248 0.0271 0.1021 4.5925 0.0180 -0.1535
100 1.2679 1.5410 0.1254 0.0360 0.0861 4.7888 0.0110 -0.2325
101 1.2463 1.5412 0.1266 -0.0074 0.0866 4.5551 -0.0020 -0.1469
102 1.2471 1.5416 0.1272 -0.0057 0.0875 4.7594 -0.0690 -0.1444
103 1.2482 1.5421 0.1266 -0.0034 0.0885 4.6217 -0.1320 0.0430
104 1.2502 1.5430 0.1254 0.0006 0.0904 4.9228 -0.3270 0.0885
105 1.2527 1.5439 0.1266 0.0056 0.0922 4.6968 -0.3540 0.2423
106 1.2558 1.5446 0.1266 0.0117 0.0937 4.9133 -0.2720 0.0806
107 1.2594 1.5457 0.1242 0.0189 0.0958 4.8804 -0.2450 0.2058
108 1.2637 1.5470 0.1266 0.0276 0.0986 4.9290 -0.2080 0.0021
109 1.2684 1.5483 0.1236 0.0369 0.1012 5.0275 -0.1810 0.0512
110 1.2726 1.5495 0.1260 0.0454 0.1037 5.1287 -0.1260 -0.0170
111 1.2522 1.5762 0.1254 0.0047 0.1570 5.1713 -0.1240 0.0424
112 1.2532 1.5766 0.1254 0.0066 0.1580 5.2683 -0.1810 0.0728
113 1.2549 1.5773 0.1272 0.0100 0.1595 4.9694 -0.1520 0.0629
114 1.2562 1.5779 0.1266 0.0126 0.1607 5.1387 -0.1550 0.0823
115 1.2577 1.5787 0.1254 0.0157 0.1625 5.1420 -0.2560 0.1959
116 1.2597 1.5799 0.1248 0.0197 0.1649 5.4297 -0.2350 0.1519
117 1.2597 1.5835 0.1254 0.0196 0.1722 5.3956 -0.4510 0.7377
118 1.2595 1.5904 0.1195 0.0193 0.1861 6.2617 -0.6070 0.4434
119 1.2595 1.5997 0.1254 0.0192 0.2047 5.2922 -0.6260 0.4934
120 1.2599 1.6077 0.1254 0.0200 0.2208 5.5616 -0.6110 0.4653
121 1.2396 1.5589 0.1242 -0.0206 0.1233 5.5033 -0.7210 0.8102
122 1.2406 1.5618 0.1260 -0.0185 0.1292 5.6246 -0.9590 1.0718
123 1.2418 1.5655 0.1154 -0.0161 0.1366 6.6903 -1.0920 1.2859
124 1.2435 1.5690 0.1248 -0.0128 0.1436 5.7254 -1.2730 1.4849
125 1.2454 1.5726 0.1254 -0.0090 0.1509 5.3349 -1.4190 1.5637
126 1.2483 1.5773 0.1248 -0.0031 0.1604 5.8011 -1.4890 1.6374
127 1.2529 1.5833 0.1230 0.0059 0.1725 5.6961 -1.6400 2.0165
128 1.2589 1.5904 0.1260 0.0181 0.1869 5.7339 -1.7940 2.0810
129 1.2645 1.5970 0.1242 0.0292 0.2001 5.9872 -1.6910 1.8560
130 1.2672 1.5999 0.1248 0.0347 0.2061 5.9380 -1.6290 1.9428
131 1.2437 1.5336 0.1254 -0.0123 0.0734 5.7768 -1.6760 1.8775
132 1.2426 1.5294 0.1260 -0.0145 0.0652 5.5643 -1.6720 2.0717
133 1.2388 1.5269 0.1260 -0.0222 0.0602 5.7808 -1.6300 1.9805
134 1.2334 1.5251 0.1248 -0.0329 0.0565 5.9615 -1.5360 1.8759
135 1.2284 1.5282 0.1260 -0.0429 0.0629 5.7963 -1.1870 1.1761
136 1.2287 1.5339 0.1248 -0.0425 0.0742 6.3361 -1.0990 1.3341
137 1.2300 1.5423 0.1254 -0.0398 0.0911 5.1831 -1.0500 1.3085
138 1.2309 1.5517 0.1278 -0.0380 0.1098 5.8115 -0.8490 0.9446
139 1.2323 1.5565 0.1260 -0.0353 0.1195 6.1852 -0.8860 1.3886
140 1.2336 1.5612 0.1266 -0.0327 0.1291 6.3232 -0.7630 1.0069
141 1.2442 1.5457 0.1236 -0.0115 0.0981 6.5907 -0.7470 2.6603
142 1.2445 1.5466 0.1254 -0.0110 0.0999 6.3530 -0.6620 0.7900
143 1.2422 1.5489 0.1236 -0.0156 0.1046 6.2479 -0.6370 1.0114
144 1.2418 1.5501 0.1272 -0.0163 0.1071 6.2721 -0.5200 0.5741
145 1.2419 1.5522 0.1160 -0.0161 0.1112 7.2936 -0.7100 1.1527
146 1.2462 1.5525 0.1266 -0.0076 0.1119 6.3605 -0.6980 0.8412
147 1.2514 1.5531 0.1242 0.0029 0.1133 6.3867 -0.8300 1.2083
148 1.2625 1.5563 0.1266 0.0251 0.1196 6.4348 -0.7910 0.8267
149 1.2770 1.5643 0.1242 0.0540 0.1358 5.8177 -0.6800 0.9547
150 1.2895 1.5710 0.1183 0.0792 0.1491 7.4964 -0.5990 0.8200
151 1.2531 1.5445 0.1254 0.0063 0.0963 6.7382 -0.6100 0.8278
152 1.2528 1.5467 0.1260 0.0057 0.1007 6.4637 -0.4640 0.7855
153 1.2515 1.5446 0.1248 0.0032 0.0964 6.6447 -0.5690 0.9068
154 1.2491 1.5423 0.1248 -0.0017 0.0920 6.8613 -0.4760 0.5919
155 1.2456 1.5441 0.1172 -0.0086 0.0956 7.6355 -0.5630 0.8979
156 1.2473 1.5489 0.1248 -0.0052 0.1052 6.8176 -0.6620 0.8923
157 1.2524 1.5573 0.1260 0.0050 0.1221 6.7117 -0.6410 0.6821
158 1.2571 1.5592 0.1254 0.0144 0.1259 6.8203 -0.7860 1.2795
159 1.2605 1.5581 0.1248 0.0212 0.1238 7.0495 -0.8560 1.1037
160 1.2647 1.5592 0.1195 0.0296 0.1261 7.7766 -0.8210 0.9891
161 1.2445 1.5446 0.1248 -0.0109 0.0969 6.3997 -0.8950 1.2517
162 1.2452 1.5410 0.1254 -0.0095 0.0898 6.8366 -0.9520 1.2795
163 1.2456 1.5365 0.1242 -0.0086 0.0809 7.0180 -0.8990 1.0270
164 1.2486 1.5354 0.1248 -0.0027 0.0787 6.1669 -0.9700 1.2751
165 1.2509 1.5324 0.1236 0.0021 0.0728 7.1666 -1.0390 1.3096
166 1.2484 1.5282 0.1272 -0.0030 0.0643 7.0121 -0.9790 1.1894
167 1.2448 1.5234 0.1248 -0.0102 0.0548 7.0391 -1.0180 1.4019
168 1.2422 1.5205 0.1272 -0.0154 0.0489 7.0875 -0.9180 1.0281
169 1.2393 1.5177 0.1172 -0.0213 0.0433 8.1420 -0.7951 1.0516
170 1.2342 1.5178 0.1266 -0.0315 0.0436 7.2797 -0.8710 1.1449
171 1.2413 1.5201 0.1254 -0.0174 0.0483 7.1544 -0.8480 1.1572
172 1.2455 1.5132 0.1172 -0.0088 0.0344 8.2997 -0.9260 1.3218
173 1.2522 1.5062 0.1230 0.0045 0.0204 7.4584 -0.9840 1.2706
174 1.2625 1.4950 0.1266 0.0251 -0.0020 7.2450 -0.9920 1.3374
175 1.2687 1.4830 0.1236 0.0375 -0.0261 7.4034 -1.2110 1.6768
176 1.2773 1.4795 0.1260 0.0548 -0.0330 7.5721 -1.1490 1.2629
177 1.2848 1.4852 0.1154 0.0699 -0.0216 8.6376 -1.1880 1.6356
178 1.2949 1.4886 0.1266 0.0900 -0.0149 7.6364 -1.3820 1.7179
179 1.3091 1.4923 0.1278 0.1186 -0.0075 7.4082 -1.3600 1.4620
180 1.3232 1.4931 0.1272 0.1468 -0.0058 6.6260 -1.5120 1.7713
181 1.2322 1.5695 0.1260 -0.0353 0.1471 7.3865 -1.5880 1.9716
182 1.2313 1.5706 0.1149 -0.0370 0.1492 8.8201 -1.5720 1.8848
183 1.2320 1.5708 0.1242 -0.0356 0.1498 7.6788 -1.0000 -0.1068
184 1.2371 1.5720 0.1230 -0.0254 0.1523 8.0973 -1.8400 2.6793
185 1.2436 1.5730 0.1254 -0.0125 0.1543 7.7299 -1.5890 1.7190
186 1.2448 1.5776 0.1260 -0.0102 0.1636 6.9330 -1.5740 1.9182
187 1.2412 1.5831 0.1254 -0.0172 0.1746 7.8054 -1.3830 1.3852
188 1.2311 1.5827 0.1254 -0.0375 0.1739 8.0818 -1.3340 1.5399
189 1.2218 1.5811 0.1272 -0.0562 0.1708 7.6635 -1.4090 1.8147
190 1.2240 1.5811 0.1254 -0.0518 0.1708 8.0286 -1.2860 1.4286
191 1.2451 1.5554 0.1236 -0.0095 0.1195 8.3331 -1.1760 1.4064
192 1.2584 1.5467 0.1242 0.0171 0.1021 8.2989 -1.1190 1.3541
193 1.2666 1.5472 0.1248 0.0335 0.1033 8.0857 -1.1320 1.2484
194 1.2647 1.5555 0.1189 0.0296 0.1198 9.0104 -1.2540 1.7268
195 1.2714 1.5651 0.1254 0.0431 0.1391 8.0909 -1.2080 1.3975
196 1.2781 1.5703 0.1278 0.0566 0.1497 8.0185 -1.4210 1.8815
197 1.2880 1.5779 0.1242 0.0764 0.1649 8.2484 -1.4610 1.7524
198 1.2941 1.5809 0.1272 0.0885 0.1710 7.4552 -1.4650 1.8081
199 1.2994 1.5826 0.1149 0.0993 0.1745 9.6835 -1.5490 2.1018
200 1.3012 1.5854 0.1272 0.1030 0.1801 7.3503 -1.8540 2.8528
201 1.2385 1.5358 0.1248 -0.0225 0.0810 8.3733 -1.5840 1.7357
202 1.2321 1.5371 0.1254 -0.0354 0.0835 8.3987 -1.6120 1.9916
203 1.2230 1.5333 0.1218 -0.0536 0.0761 7.8134 -1.0600 -0.2412
204 1.2199 1.5308 0.1260 -0.0597 0.0711 8.4043 -1.5570 1.8993
205 1.2287 1.5252 0.1224 -0.0421 0.0599 8.8107 -0.4730 -1.8036
206 1.2385 1.5237 0.1278 -0.0227 0.0569 8.2628 -1.6050 1.8615
207 1.2505 1.5228 0.1230 0.0015 0.0552 8.9943 -1.5600 1.9026
208 1.2548 1.5209 0.1266 0.0099 0.0515 8.4832 -1.7550 2.2042
209 1.2572 1.5239 0.1224 0.0148 0.0575 9.0216 -1.8060 2.1852
210 1.2653 1.5247 0.1272 0.0309 0.0591 8.4187 -1.8920 2.4879
211 1.2453 1.5288 0.1260 -0.0090 0.0672 8.4816 -2.0460 2.5969
212 1.2503 1.5358 0.1254 0.0009 0.0814 8.8218 -2.2450 2.9897
213 1.2515 1.5441 0.1266 0.0034 0.0979 8.4769 -2.4410 2.8206
214 1.2410 1.5488 0.1248 -0.0176 0.1075 8.8486 -2.5490 3.0275
215 1.2232 1.5493 0.1266 -0.0532 0.1084 7.8507 -2.6710 3.2500
216 1.2214 1.5414 0.1242 -0.0569 0.0926 8.9971 -2.5630 2.8117
217 1.2345 1.5268 0.1248 -0.0306 0.0635 9.0230 -2.6710 3.2589
218 1.2446 1.5145 0.1260 -0.0105 0.0390 9.0961 -2.7470 3.1855
219 1.2605 1.4926 0.1248 0.0213 -0.0049 9.0375 -2.8060 3.2779
220 1.2760 1.4695 0.1260 0.0523 -0.0511 8.9833 -2.9020 3.5605
221 1.2312 1.5500 0.1224 -0.0372 0.1099 9.3301 -2.9740 3.5048
222 1.2295 1.5436 0.1254 -0.0406 0.0972 9.0716 -2.8480 3.2267
223 1.2440 1.5384 0.1224 -0.0117 0.0868 8.7616 -3.1060 3.8386
224 1.2660 1.5326 0.1260 0.0323 0.0752 9.0164 -3.2070 3.8331
225 1.2814 1.5327 0.1266 0.0633 0.0754 8.9744 -3.3350 4.0155
226 1.2953 1.5335 0.1266 0.0910 0.0772 9.2514 -3.2340 3.9076
227 1.3042 1.5332 0.1242 0.1088 0.0765 9.5155 -3.3280 3.9811
228 1.3300 1.5259 0.1272 0.1605 0.0619 9.1935 -3.3740 4.0345
229 1.3641 1.5248 0.1242 0.2290 0.0599 9.5901 -3.2270 3.7574
230 1.3747 1.5105 0.1272 0.2502 0.0312 9.0238 -2.9980 3.4203
231 1.2493 1.5307 0.1248 -0.0007 0.0717 9.5204 -2.9490 3.3813
232 1.2536 1.5235 0.1248 0.0080 0.0572 9.6177 0.0000 -6.4778
233 1.2563 1.5288 0.1272 0.0134 0.0679 9.1884 -2.9600 3.5939
234 1.2467 1.5455 0.1248 -0.0059 0.1013 9.7528 -2.8380 3.1488
235 1.2430 1.5551 0.1166 -0.0133 0.1207 9.7764 -3.9650 4.5785
236 1.2424 1.5499 0.1248 -0.0143 0.1102 9.7690 -2.8830 3.3302
237 1.2341 1.5546 0.1254 -0.0311 0.1197 9.5558 -2.9150 3.4370
238 1.2392 1.5575 0.1242 -0.0209 0.1256 9.7957 -3.0870 3.7040
239 1.2507 1.5661 0.1254 0.0021 0.1428 9.6318 -3.2620 3.7941
240 1.2579 1.5729 0.1266 0.0166 0.1564 9.9903 -3.3610 3.9087
241 1.2289 1.5407 0.1236 -0.0415 0.0921 10.1379 -3.4130 3.9399
242 1.2320 1.5459 0.1254 -0.0353 0.1026 9.9605 -3.6400 4.0968
243 1.2511 1.5672 0.1248 0.0030 0.1454 9.7713 -3.8820 4.7065
244 1.2714 1.5851 0.1266 0.0436 0.1811 9.8915 -3.8250 4.4606
245 1.2870 1.5956 0.1248 0.0748 0.2022 9.9061 -3.8250 4.3938
246 1.2990 1.6035 0.1254 0.0987 0.2181 10.1709 -4.0580 4.9335
247 1.3067 1.6071 0.1236 0.1143 0.2255 10.1832 -3.8570 4.3605
248 1.3066 1.5961 0.1254 0.1142 0.2036 10.1255 -4.0650 4.9457
249 1.3137 1.5907 0.1236 0.1283 0.1928 10.3186 -4.1210 4.7009
250 1.3188 1.5841 0.1248 0.1386 0.1797 10.1984 -3.9690 4.3160
251 1.2257 1.5443 0.1260 -0.0475 0.1002 10.0263 -4.3780 5.1738
252 1.2164 1.5407 0.1266 -0.0662 0.0930 9.4039 -4.1970 4.7299
253 1.2480 1.5378 0.1230 -0.0029 0.0872 10.5802 -3.9710 4.5674
254 1.2584 1.5358 0.1260 0.0178 0.0832 10.2598 -3.5030 3.7975
255 1.2579 1.5445 0.1242 0.0167 0.1007 10.4525 -3.0390 3.4570
256 1.2688 1.5491 0.1254 0.0387 0.1099 10.2275 -2.8660 3.2890
257 1.2941 1.5498 0.1248 0.0894 0.1114 9.5767 -3.2450 4.1557
258 1.3073 1.5686 0.1154 0.1157 0.1490 11.4999 -3.5900 4.1813
259 1.2774 1.5674 0.1242 0.0560 0.1467 10.6653 -3.4360 -30.0000
260 1.2400 1.5511 0.1290 -0.0189 0.1142 10.2374 -3.4630 3.9822
261 1.1025 1.5459 0.1242 -0.2939 0.1039 10.6644 -3.0920 3.5115
262 1.1072 1.5504 0.1254 -0.2848 0.1128 9.5639 -2.9790 3.5883
263 1.0684 1.5387 0.1236 -0.3625 0.0895 10.9307 -2.6540 2.8373
264 0.9967 1.5443 0.1248 -0.5062 0.1007 10.8250 -2.2840 2.5302
265 0.9154 1.5466 0.1236 -0.6690 0.1055 10.7666 -1.9560 2.2231
266 0.8583 1.5267 0.1242 -0.7838 0.0656 10.6743 -1.9170 2.4022
267 0.8125 1.4788 0.1242 -0.8756 -0.0301 10.7717 -1.3730 1.4676
268 0.7643 1.4241 0.1248 -0.9727 -0.1395 10.8566 -1.1530 1.1872
269 0.7147 1.3778 0.1242 -1.0724 -0.2323 10.9661 -0.9740 1.1727
270 0.6809 1.3451 0.1266 -1.1405 -0.2979 10.8284 -1.0270 1.4631
271 1.2394 1.5606 0.1230 -0.0236 0.1332 11.1682 -0.9260 1.0837
272 1.2423 1.6128 0.1248 -0.0177 0.2377 11.2929 -0.5682 0.8129
273 1.2527 1.6957 0.1166 0.0030 0.4037 11.9565 -0.7300 2.6036
274 1.2520 1.7981 0.1248 0.0016 0.6088 11.0693 -1.0000 3.5048
275 1.2569 1.8792 0.1266 0.0115 0.7713 10.9432 -1.2660 1.6111
276 1.2774 1.9764 0.1248 0.0525 0.9663 10.9586 -0.8000 0.8545
277 1.3069 2.1044 0.1242 0.1116 1.2228 10.4246 -0.6820 0.7833
278 1.3237 2.2282 0.1248 0.1452 1.4712 11.0937 -0.2070 0.2125
279 1.3220 2.3593 0.1278 0.1419 1.7342 11.2511 -0.5450 0.9268
280 1.3038 2.4755 0.1254 0.1056 1.9675 11.2075 -0.5600 0.6698
281 1.2435 1.5481 0.1266 -0.0151 0.1128 11.1533 -0.5650 0.8044
282 1.2891 1.5816 0.1278 0.0763 0.1799 10.9858 -0.4080 0.5029
283 1.3429 1.6168 0.1230 0.1839 0.2504 11.4201 -0.1120 0.4851
284 1.3733 1.6294 0.1266 0.2448 0.2758 11.2063 -0.5990 1.1182
285 1.4184 1.6550 0.1230 0.3352 0.3272 11.7333 -0.9130 1.1805
286 1.4636 1.6651 0.1260 0.4258 0.3475 11.3541 -0.9380 0.9524
287 1.5032 1.6986 0.1236 0.5053 0.4146 10.7410 -1.1660 1.7380
288 1.5442 1.7379 0.1260 0.5875 0.4935 11.4896 -1.5350 1.9104
289 1.6040 1.7649 0.1260 0.7074 0.5478 11.7674 -1.3240 1.3018
290 1.6415 1.7932 0.1272 0.7829 0.6047 11.3520 -1.1770 1.3808
291 1.2084 1.5337 0.1242 -0.0834 0.0857 11.3268 9.0000 -9.9070
292 1.2163 1.5297 0.1266 -0.0677 0.0777 11.3730 -1.8190 2.0343
293 1.2104 1.5247 0.1260 -0.0795 0.0677 11.4825 -1.6450 2.1276
294 1.2020 1.5051 0.1242 -0.0963 0.0286 11.9137 -1.6960 1.9338
295 1.1981 1.4978 0.1172 -0.1042 0.0139 12.5577 -1.8010 2.3777
296 1.2089 1.4978 0.1242 -0.0825 0.0139 11.8115 -1.7510 2.1040
297 1.1964 1.5041 0.1254 -0.1075 0.0266 11.6478 -1.5010 1.3585
298 1.1804 1.4907 0.1242 -0.1397 -0.0003 12.0665 -1.1330 0.5886
299 1.1687 1.4825 0.1254 -0.1632 -0.0167 11.6565 -1.2180 1.7157
300 1.1537 1.4743 0.1260 -0.1933 -0.0330 11.9119 -1.0880 1.4019
301 1.2334 1.5269 0.1242 -0.0339 0.0722 11.8592 -1.4850 1.5989
302 1.2720 1.5073 0.1248 0.0433 0.0329 12.0039 -1.6930 2.0506
303 1.3080 1.4973 0.1236 0.1154 0.0129 12.1850 -1.4700 1.2884
304 1.3418 1.4874 0.1242 0.1831 -0.0069 12.6927 -1.5690 2.1530
305 1.3718 1.4777 0.1254 0.2431 -0.0263 12.1046 -1.5080 1.7179
306 1.3978 1.4708 0.1272 0.2954 -0.0402 12.2255 -1.6430 2.0239
307 1.4577 1.4749 0.1254 0.4153 -0.0319 11.9397 -2.1610 3.0297
308 1.5448 1.4576 0.1260 0.5899 -0.0666 12.5638 -2.2050 2.6559
309 1.6283 1.4468 0.1272 0.7572 -0.0882 11.2712 -2.4140 2.7238
310 1.6896 1.4393 0.1290 0.8803 -0.1032 11.3672 -2.5970 3.0275
311 1.2089 1.5176 0.1278 -0.0811 0.0533 11.2525 -2.6550 2.9296
312 1.2185 1.5157 0.1248 -0.0620 0.0496 12.3550 -2.5690 3.0587
313 1.2262 1.5377 0.1248 -0.0466 0.0936 12.5730 -2.4550 2.7761
314 1.2430 1.5505 0.1272 -0.0131 0.1191 11.2669 -2.3320 2.5858
315 1.2615 1.5629 0.1284 0.0241 0.1442 12.2161 -2.6240 2.9774
316 1.2772 1.5725 0.1236 0.0555 0.1633 12.7692 -2.6290 3.1188
317 1.3143 1.5758 0.1266 0.1298 0.1701 12.3290 -2.9360 3.6317
318 1.3445 1.5703 0.1248 0.1902 0.1592 13.1231 -3.0370 3.5238
319 1.3781 1.5596 0.1266 0.2576 0.1377 12.3436 -2.8010 3.5238
320 1.4061 1.5596 0.1266 0.3137 0.1379 12.7324 -2.7560 3.1466
321 1.1852 1.5167 0.1242 -0.1283 0.0519 12.8687 -2.4630 2.3265
322 1.1799 1.5173 0.1236 -0.1389 0.0533 12.9180 -3.0490 3.9443
323 1.1862 1.5196 0.1272 -0.1264 0.0579 12.5852 -3.3820 4.0389
324 1.2204 1.5257 0.1266 -0.0579 0.0701 12.5745 -2.9970 3.5015
325 1.2656 1.4940 0.1242 0.0324 0.0067 13.0789 -3.1090 3.8175
326 1.3149 1.4632 0.1195 0.1311 -0.0550 13.0297 -3.3200 3.8609
327 1.3330 1.4496 0.1166 0.1673 -0.0822 13.8295 -3.8953 4.5951
328 1.3555 1.4475 0.1284 0.2125 -0.0864 12.8694 -4.5172 5.8944
329 1.3863 1.4541 0.1242 0.2742 -0.0734 12.9911 -4.3390 5.2439
330 1.4305 1.4614 0.1260 0.3627 -0.0587 12.0455 -4.0560 5.1271
331 1.1030 1.5090 0.1266 -0.2923 0.0365 12.8251 -3.4260 3.2089
332 1.1542 1.5440 0.1178 -0.1900 0.1066 13.9264 -3.3150 4.0022
333 1.2187 1.6224 0.1230 -0.0611 0.2635 13.4513 -2.9760 3.7096
334 1.2914 1.7436 0.1266 0.0843 0.5061 12.9988 -2.8640 2.7126
335 1.3540 1.8988 0.1242 0.2096 0.8169 13.1457 -3.0930 3.2589
336 1.4114 2.0560 0.1266 0.3247 1.1318 12.3107 -2.5900 3.5738
337 1.4630 2.2149 0.1224 0.4281 1.4504 13.6743 -1.7350 1.2005
338 1.5328 2.3628 0.1260 0.5680 1.7471 13.2233 -1.6470 2.1775
339 1.6147 2.5146 0.1278 0.7321 2.0000 13.0437 -2.1450 2.9585
340 1.6951 2.6387 0.1278 0.8934 2.0000 12.3671 -2.6430 3.2256
341 1.1119 1.5330 0.1242 -0.2732 0.0874 13.3571 -3.4070 -7.3668
342 1.1406 1.5670 0.1260 -0.2159 0.1555 13.1796 -2.9860 2.6548
343 1.2022 1.6030 0.1248 -0.0928 0.2276 13.5396 -2.5660 2.9975
344 1.2668 1.6409 0.1154 0.0365 0.3035 14.4634 -1.7730 1.1716
345 1.3358 1.6880 0.1242 0.1745 0.3979 13.6283 -1.8690 1.9215
346 1.4268 1.7273 0.1254 0.3568 0.4769 13.7020 -2.5030 3.8064
347 1.5306 1.7955 0.1248 0.5647 0.6135 13.7512 -2.7480 3.2445
348 1.6380 1.8668 0.1266 0.7799 0.7564 13.4526 -2.6270 2.4200
349 1.7627 1.9309 0.1230 1.0297 0.8850 13.8019 -2.5290 3.3346
350 1.8687 1.9754 0.1272 1.2423 0.9745 12.7445 -1.7220 2.0962
351 1.2240 1.5210 0.1172 -0.0471 0.0658 14.6838 -1.7680 2.6815
352 1.2451 1.5216 0.1242 -0.0050 0.0669 13.8774 -1.4100 1.5800
353 1.2836 1.5292 0.1218 0.0722 0.0823 14.3792 -1.9170 2.6870
354 1.3544 1.5349 0.1178 0.2138 0.0937 14.7284 -1.5780 2.0539
355 1.4212 1.5485 0.1260 0.3476 0.1208 13.7170 -2.1120 2.6526
356 1.4846 1.5978 0.1272 0.4747 0.2196 13.7890 -2.0670 2.3866
357 1.5471 1.6731 0.1242 0.5999 0.3704 13.9472 -2.1490 2.7672
358 1.6369 1.7432 0.1272 0.7799 0.5108 14.0439 -227.0000 30.0000
359 1.7375 1.7974 0.1230 0.9816 0.6195 14.3437 2.1120 -2.1971
360 1.7970 1.8070 0.1266 1.1011 0.6391 14.0039 -2.4790 3.1588
361 1.1826 1.5246 0.1160 -0.1278 0.0743 14.9477 -2.7200 3.5293
362 1.2188 1.5254 0.1254 -0.0552 0.0758 14.0385 -2.7580 2.6793
363 1.2797 1.5429 0.1266 0.0666 0.1108 13.1719 -2.8790 3.1165
364 1.3352 1.5756 0.1254 0.1777 0.1764 14.2334 -2.4660 2.7416
365 1.3651 1.6163 0.1254 0.2375 0.2578 14.5107 -2.5030 2.8094
366 1.3812 1.6636 0.1172 0.2699 0.3526 15.4150 -2.8610 4.4050
367 1.3964 1.6964 0.1248 0.3004 0.4185 14.4180 -2.3370 1.4832
368 1.4302 1.7258 0.1254 0.3683 0.4774 14.3244 -1.2380 1.8715
369 1.4790 1.7602 0.1242 0.4659 0.5465 14.5052 -0.6930 0.2860
370 1.5143 1.7959 0.1266 0.5369 0.6183 14.3598 -0.3060 0.5096
371 1.1310 1.5477 0.1284 -0.2299 0.1218 13.9935 -1.0290 1.5010
372 1.1481 1.5698 0.1254 -0.1957 0.1661 14.8716 -1.1010 1.0292
373 1.1521 1.5910 0.1254 -0.1878 0.2087 14.3690 -1.1910 1.4832
374 1.1524 1.6003 0.1272 -0.1875 0.2274 14.7900 -0.7790 0.2971
375 1.1602 1.5997 0.1266 -0.1718 0.2262 14.3579 0.0960 0.1972
376 1.1606 1.5932 0.1284 -0.1712 0.2134 14.5374 0.4720 -0.8275
377 1.1576 1.5833 0.1201 -0.1773 0.1937 15.3941 0.6010 -0.2941
378 1.1571 1.5868 0.1242 -0.1782 0.2008 15.1156 0.3070 0.2298
379 1.1624 1.6085 0.1260 -0.1678 0.2443 14.9375 0.4820 -0.6507
380 1.1668 1.6278 0.1284 -0.1590 0.2830 14.6771 0.1470 -0.0115
381 1.1674 1.5470 0.1272 -0.1579 0.1215 14.7921 -0.5960 0.7415
382 1.1580 1.5626 0.1272 -0.1768 0.1526 14.8890 -0.2850 0.4627
383 1.1392 1.5790 0.1266 -0.2146 0.1856 14.7574 -0.1390 9.5029
384 1.1302 1.6098 0.1266 -0.2326 0.2472 14.8541 8.0000 -24.9078
385 1.1280 1.6703 0.1154 -0.2371 0.3683 15.2914 -0.9520 1.1557
386 1.1295 1.7568 0.1278 -0.2343 0.5416 14.8455 -0.7890 0.5882
387 1.1467 1.8879 0.1284 -0.2001 0.8042 14.9913 -1.3810 2.1041
388 1.1396 2.0436 0.1178 -0.2144 1.1163 15.8885 -1.9480 2.7727
389 1.1229 2.1936 0.1266 -0.2478 1.4169 14.9840 -0.6300 -0.6587
390 1.1082 2.2956 0.1254 -0.2774 1.6216 15.5183 0.1240 -0.8193
391 1.0960 2.4010 0.1266 -0.3019 1.8335 15.1027 0.7020 0.3842
392 1.0897 2.5442 0.1272 -0.3148 2.0000 15.0085 0.7600 0.1180
393 1.0739 2.6929 0.1218 -0.3465 2.0000 15.4521 0.8480 -1.2711
394 1.0423 2.8440 0.1254 -0.4100 2.0000 15.2413 0.0580 0.7111
395 1.0018 2.9902 0.1236 -0.4911 2.0000 14.7315 -0.7530 1.6311
396 0.9696 3.0000 0.1254 -0.5559 2.0000 15.3770 -0.9160 1.1429
397 0.9448 3.0000 0.1218 -0.6058 2.0000 15.7230 -1.1580 1.6843
398 0.9214 3.0000 0.1266 -0.6529 2.0000 15.3096 -1.1040 1.3597
399 0.9008 3.0000 0.1166 -0.6945 2.0000 16.4216 -0.3510 0.5574
400 0.8383 3.0000 0.1254 -0.8198 2.0000 15.3434 0.1370 -0.4733
401 1.1912 1.4923 0.1254 -0.1141 0.0161 15.6118 1.1330 -1.7711
402 1.2019 1.4788 0.1272 -0.0927 -0.0109 15.4345 1.7800 -2.1509
403 1.2426 1.4600 0.1272 -0.0113 -0.0486 15.2337 1.7340 -1.8610
404 1.3112 1.4494 0.1260 0.1260 -0.0699 15.7129 1.2630 -1.2887
405 1.3721 1.4390 0.1230 0.2479 -0.0908 16.0480 1.5150 -1.2767
406 1.4086 1.4247 0.1178 0.3209 -0.1194 16.6592 1.5750 -1.4636
407 1.4531 1.4322 0.1236 0.4103 -0.1044 15.9339 1.7640 -1.6479
408 1.5053 1.4498 0.1278 0.5148 -0.0693 15.5876 2.0220 -2.6774
409 1.5464 1.4780 0.1260 0.5973 -0.0130 16.1347 2.2470 -2.6364
410 1.5994 1.5160 0.1296 0.7037 0.0631 15.6154 2.2190 -2.4892
411 1.1676 1.5119 0.1254 -0.1600 0.0549 15.9712 2.1740 -2.6389
412 1.1408 1.5090 0.1266 -0.2137 0.0491 15.9846 1.7390 -2.2300
413 1.1215 1.4961 0.1278 -0.2524 0.0232 15.8763 2.4650 -3.2478
414 1.0947 1.4931 0.1266 -0.3063 0.0173 16.2382 3.2870 -4.5207
415 1.0634 1.4885 0.1254 -0.3691 0.0080 15.2946 3.4930 -3.7062
416 1.0161 1.4977 0.1248 -0.4638 0.0264 16.2875 3.8590 -4.8367
417 0.9790 1.4997 0.1254 -0.5383 0.0303 16.3132 3.8020 -4.5819
418 0.9464 1.5116 0.1189 -0.6037 0.0543 17.0092 3.9680 -4.4595
419 0.9313 1.5364 0.1266 -0.6344 0.1039 16.0567 3.8070 -4.6364
420 0.9308 1.5984 0.1290 -0.6356 0.2280 15.9832 3.2620 -3.4158
421 1.1729 1.5043 0.1290 -0.1515 0.0398 16.1940 3.2100 -3.9410
422 1.1717 1.5142 0.1272 -0.1539 0.0595 16.3268 2.9560 -4.2325
423 1.1702 1.5222 0.1224 -0.1571 0.0756 16.5780 2.7260 -3.0398
424 1.1559 1.5330 0.1254 -0.1858 0.0973 16.5582 2.1880 -2.3410
425 1.1348 1.5583 0.1260 -0.2280 0.1478 16.2838 1.5920 -1.6022
426 1.1169 1.5818 0.1278 -0.2641 0.1949 16.4638 0.8460 -0.6676
427 1.1051 1.5821 0.1284 -0.2877 0.1956 16.2996 0.2940 -0.5118
428 1.0885 1.5869 0.1266 -0.3212 0.2053 16.7954 0.3100 -0.9168
429 1.0606 1.6022 0.1260 -0.3770 0.2360 16.5945 0.6460 -1.1304
430 1.0241 1.6213 0.1302 -0.4503 0.2744 16.4245 0.9570 -1.3163
431 1.1750 1.5300 0.1272 -0.1485 0.0918 16.5151 1.0790 -1.5788
432 1.1570 1.5568 0.1284 -0.1847 0.1455 16.7085 1.2080 -2.0250
433 1.1318 1.5885 0.1248 -0.2352 0.2090 16.9959 1.2910 -2.3221
434 1.1097 1.6144 0.1278 -0.2796 0.2609 16.6721 1.2700 -2.0606
435 1.0907 1.6194 0.1207 -0.3177 0.2709 17.6272 0.8510 -1.0648
436 1.0746 1.6089 0.1296 -0.3501 0.2502 16.5276 1.0410 -1.3897
437 1.0781 1.5880 0.1296 -0.3433 0.2084 16.5034 1.3890 -1.4832
438 1.0789 1.5767 0.1278 -0.3419 0.1858 16.7575 0.5430 -0.1591
439 1.0955 1.5755 0.1183 -0.3088 0.1836 17.9239 0.6200 -0.8567
440 1.1275 1.5498 0.1272 -0.2449 0.1321 17.0777 -0.1890 0.6204
441 1.1600 1.5180 0.1290 -0.1800 0.0685 16.5875 0.0000 -0.3100
442 1.1428 1.5318 0.1302 -0.2145 0.0963 16.7788 -0.3980 0.3206
443 1.1078 1.5431 0.1260 -0.2847 0.1189 16.9623 -0.5490 0.5752
444 1.0768 1.5585 0.1284 -0.3468 0.1498 16.2360 -1.1860 1.8203
445 1.0470 1.5698 0.1178 -0.4065 0.1725 18.3271 -1.8780 2.0841
446 1.0157 1.5918 0.1284 -0.4694 0.2165 17.0843 -1.5230 0.9236
447 0.9577 1.6008 0.1290 -0.5858 0.2347 16.8668 -1.2720 1.0307
448 0.9103 1.6134 0.1272 -0.6810 0.2598 17.4236 -0.8180 1.2076
449 0.8807 1.6126 0.1278 -0.7405 0.2583 17.1317 -0.4570 -0.9937
450 0.8103 1.6193 0.1290 -0.8818 0.2720 17.0823 -0.4630 0.3517
451 1.1797 1.5244 0.1272 -0.1430 0.0821 16.3250 -0.5030 0.0483
452 1.1791 1.5021 0.1266 -0.1443 0.0375 17.3794 411.0000 -30.0000
453 1.1558 1.4636 0.1266 -0.1909 -0.0394 17.4171 -0.7670 1.1199
454 1.1246 1.4428 0.1278 -0.2534 -0.0812 17.1294 827.0000 -30.0000
455 1.1081 1.4259 0.1272 -0.2865 -0.1151 17.2984 -1.4930 1.0415
456 1.0921 1.4311 0.1254 -0.3189 -0.1046 16.8432 -2.3350 2.6113
457 1.0861 1.4575 0.1272 -0.3310 -0.0520 17.3738 -2.2640 2.4529
458 1.0806 1.4658 0.1272 -0.3421 -0.0353 17.5903 -2.0030 1.8145
459 1.0775 1.4720 0.1260 -0.3485 -0.0229 17.5837 -1.7660 1.7250
460 1.0841 1.4728 0.1290 -0.3355 -0.0213 17.4988 -1.3020 1.0944
461 1.1680 1.5138 0.1201 -0.1677 0.0607 18.3598 -1.5250 2.0839
462 1.1725 1.5299 0.1278 -0.1587 0.0929 17.4697 -1.8040 1.3929
463 1.2071 1.5316 0.1266 -0.0896 0.0962 17.7112 -1.6210 1.8980
464 1.2418 1.5386 0.1172 -0.0202 0.1104 19.1217 -1.1810 0.8668
465 1.2749 1.5452 0.1260 0.0459 0.1235 17.7385 -1.4970 2.4169
466 1.3098 1.5497 0.1272 0.1158 0.1327 17.6909 -1.0180 0.8288
467 1.3649 1.5583 0.1266 0.2261 0.1498 17.7999 -1.5260 2.1318
468 1.3915 1.5827 0.1296 0.2796 0.1988 16.8823 -1.3030 1.0515
469 1.4049 1.6019 0.1260 0.3064 0.2372 18.0586 -0.9940 1.2395
470 1.4141 1.6218 0.1266 0.3250 0.2771 17.8437 -0.7150 0.7199
471 1.1470 1.4801 0.1149 -0.2093 -0.0062 19.4615 -1.6290 3.2011
472 1.1646 1.4926 0.1254 -0.1743 0.0187 18.1755 -1.3150 1.5566
473 1.1841 1.5095 0.1260 -0.1352 0.0526 18.0212 -1.8400 2.0272
474 1.1850 1.5451 0.1254 -0.1336 0.1237 18.1305 -1.8230 1.3252
475 1.2081 1.5986 0.1272 -0.0873 0.2309 18.0117 -2.2850 3.8998
476 1.2635 1.6469 0.1290 0.0236 0.3276 18.1309 -2.0780 2.2832
477 1.3222 1.6921 0.1272 0.1410 0.4183 18.3253 -1.8930 1.3852
478 1.3665 1.7206 0.1302 0.2296 0.4755 17.9974 -1.2590 1.2228
479 1.3921 1.7626 0.1248 0.2811 0.5597 18.3186 -0.6590 0.0011
480 1.4123 1.8140 0.1260 0.3215 0.6629 17.7405 -1.0430 0.9780
481 1.1499 1.5192 0.1266 -0.2033 0.0732 18.1778 -0.5880 0.8211
482 1.1351 1.5048 0.1254 -0.2331 0.0444 18.5984 -0.8410 1.1916
483 1.1116 1.5097 0.1254 -0.2802 0.0543 18.2781 -0.2300 -0.0166
484 1.0456 1.5451 0.1272 -0.4124 0.1251 18.3971 0.0790 -1.2542
485 0.9750 1.5815 0.1242 -0.5539 0.1980 18.6737 -0.1960 0.5359
486 0.9171 1.6129 0.1230 -0.6699 0.2608 18.9138 0.3620 -1.0382
487 0.8719 1.6422 0.1254 -0.7609 0.3196 18.6061 0.7920 0.0562
488 0.8236 1.6813 0.1254 -0.8579 0.3979 18.5241 0.2200 0.1290
489 0.7996 1.7112 0.1230 -0.9063 0.4580 18.9002 -0.2270 0.3725
490 0.7849 1.7531 0.1248 -0.9362 0.5420 18.4283 -1.0380 3.0947
491 1.1187 1.4773 0.1201 -0.2687 -0.0095 18.9679 -0.6980 0.6013
492 1.1607 1.4700 0.1230 -0.1847 -0.0242 16.9553 -1.7790 3.5950
493 1.2018 1.4678 0.1248 -0.1026 -0.0286 18.8340 -1.7200 2.0807
494 1.2325 1.4796 0.1224 -0.0413 -0.0050 18.9195 -3.4810 5.0258
495 1.2601 1.4715 0.1166 0.0140 -0.0212 19.7772 -3.1290 4.2247
496 1.3011 1.4510 0.1278 0.0961 -0.0623 18.6475 -2.8282 3.3137
497 1.3378 1.4208 0.1248 0.1695 -0.1228 19.0451 -3.0690 10.4110
498 1.3724 1.3806 0.1242 0.2389 -0.2034 19.2735 0.6400 -10.3164
499 1.3830 1.3620 0.1213 0.2603 -0.2406 19.3528 0.0000 0.1626
500 1.3833 1.3417 0.1266 0.2609 -0.2814 18.7480 -3.4550 2.9763
501 1.0062 1.5190 0.1242 -0.4935 0.0732 19.0064 -3.2000 4.4350
502 1.0023 1.5450 0.1178 -0.5015 0.1253 19.9977 -2.5770 2.8762
503 0.9887 1.5970 0.1218 -0.5290 0.2294 19.3084 -3.0710 3.4147
504 1.0127 1.6550 0.1296 -0.4812 0.3455 18.6489 -1.8440 0.7076
505 1.0082 1.7283 0.1230 -0.4905 0.4924 19.4197 -2.1110 2.2286
506 0.9933 1.8178 0.1218 -0.5206 0.6717 19.4233 -2.2470 2.3688
507 0.9882 1.9013 0.1195 -0.5311 0.8391 19.3925 -2.0800 3.2801
508 0.9684 1.9988 0.1254 -0.5709 1.0346 19.1922 -1.8580 3.1977
509 0.9566 2.0901 0.1254 -0.5947 1.2178 19.2827 -1.7130 1.0960
510 0.9399 2.2214 0.1242 -0.6286 1.4811 19.0529 -2.3120 3.5338
511 1.1109 1.4732 0.1218 -0.2867 -0.0153 19.4273 -2.4770 1.7146
512 1.1452 1.4606 0.1224 -0.2182 -0.0406 19.5141 -2.4380 1.6512
513 1.1787 1.4452 0.1254 -0.1512 -0.0715 19.3745 -2.6090 4.3160
514 1.1982 1.4294 0.1230 -0.1123 -0.1031 19.6983 -2.7280 4.1012
515 1.1940 1.4194 0.1242 -0.1208 -0.1231 18.8354 -1.6570 1.0670
516 1.1843 1.3994 0.1260 -0.1402 -0.1633 19.7158 -1.7200 1.0303
517 1.2120 1.3463 0.1266 -0.0849 -0.2697 19.8617 -1.4930 2.7894
518 1.2614 1.2919 0.1149 0.0139 -0.3787 21.1856 -0.8830 1.7168
519 1.2994 1.2436 0.1272 0.0900 -0.4756 18.5625 -0.1940 0.3894
520 1.3591 1.1754 0.1272 0.2095 -0.6123 19.4751 -0.4060 1.7780
521 1.1200 1.4676 0.1236 -0.2688 -0.0279 20.0556 -0.1270 1.6278
522 1.0832 1.4610 0.1254 -0.3425 -0.0411 19.4638 -1.1740 2.9485
523 1.0460 1.4571 0.1137 -0.4171 -0.0489 21.0806 -0.8200 0.8256
524 0.9989 1.4424 0.1308 -0.5117 -0.0784 19.6631 -0.6500 -0.0668
525 0.9350 1.4376 0.1302 -0.6397 -0.0880 19.7111 -1.6590 3.3079
526 0.8713 1.4469 0.1308 -0.7674 -0.0695 19.9171 -1.5090 1.0426
527 0.7972 1.4542 0.1272 -0.9161 -0.0550 20.2076 -1.6510 3.0987
528 0.7227 1.4603 0.1272 -1.0657 -0.0428 19.8865 -1.9370 2.4000
529 0.6889 1.4617 0.1178 -1.1339 -0.0401 21.0431 -1.9510 1.8659
530 0.6313 1.4762 0.1254 -1.2498 -0.0111 20.4630 -1.4820 1.8826
531 1.1370 1.4930 0.1266 -0.2384 0.0225 18.8261 -2.7750 4.4005
532 1.1739 1.4550 0.1248 -0.1646 -0.0535 20.1847 -2.2690 4.3338
533 1.2125 1.4356 0.1230 -0.0876 -0.0923 20.1414 -2.1440 2.1452
534 1.2521 1.4169 0.1224 -0.0082 -0.1299 20.4275 -1.7410 1.1605
535 1.2891 1.4076 0.1195 0.0657 -0.1485 20.7603 -1.8100 3.3491
536 1.3147 1.4041 0.1224 0.1170 -0.1556 20.5658 -1.1570 2.2353
537 1.3425 1.4016 0.1266 0.1727 -0.1608 20.2812 -0.7990 1.1850
538 1.3958 1.3979 0.1248 0.2794 -0.1683 19.6544 -0.4850 -1.0581
539 1.4400 1.3941 0.1254 0.3681 -0.1759 20.8549 -0.8160 0.6142
540 1.4985 1.3674 0.1296 0.4852 -0.2295 20.4444 -0.1320 0.1113
541 1.0790 1.4940 0.1213 -0.3539 0.0237 21.4177 0.0730 -1.4522
542 1.0628 1.5123 0.1278 -0.3865 0.0603 20.9115 -0.4910 1.9349
543 1.0528 1.5340 0.1266 -0.4067 0.1037 20.4873 -1.0570 1.2629
544 1.0626 1.5700 0.1254 -0.3873 0.1758 20.6678 -2.1140 1.7446
545 1.0560 1.6275 0.1178 -0.4006 0.2910 20.2902 -3.9200 5.3296
546 1.0400 1.6870 0.1218 -0.4329 0.4102 20.8202 -3.7870 5.4375
547 1.0260 1.7579 0.1195 -0.4611 0.5521 21.1409 -4.7170 6.1763
548 1.0020 1.8442 0.1172 -0.5093 0.7252 21.6952 -3.9260 3.4359
549 0.9740 1.9050 0.1154 -0.5656 0.8472 21.8150 -5.3560 6.7538
550 0.9116 1.9772 0.1260 -0.6907 0.9921 20.5876 -3.1230 3.5482
551 1.1070 1.4872 0.1213 -0.3001 0.0120 21.3667 -3.9950 4.6119
552 1.1051 1.4577 0.1278 -0.3041 -0.0470 20.7986 -2.8020 1.8848
553 1.1171 1.4303 0.1242 -0.2801 -0.1020 21.2072 -1.4870 0.4462
554 1.1192 1.3928 0.1207 -0.2761 -0.1770 20.7878 -1.4070 1.7324
555 1.1112 1.3564 0.1278 -0.2922 -0.2499 21.0839 -0.4940 -0.7343
556 1.0962 1.3135 0.1308 -0.3224 -0.3359 20.8151 -1.0690 2.0039
557 1.0726 1.2780 0.1260 -0.3698 -0.4072 21.5568 -0.5050 -0.2882
558 1.0610 1.2483 0.1296 -0.3931 -0.4667 21.1572 -0.2730 0.7131
559 1.0570 1.2294 0.1266 -0.4014 -0.5048 21.1868 0.0670 -0.1095
560 1.0269 1.2340 0.1284 -0.4617 -0.4960 21.0057 -0.3640 0.1780
561 1.0927 1.4960 0.1178 -0.3303 0.0280 22.5563 -0.5830 1.8192
562 1.0975 1.4980 0.1260 -0.3209 0.0320 21.3631 -1.3870 2.6270
563 1.1132 1.4911 0.1230 -0.2896 0.0183 20.8746 -1.5350 2.7093
564 1.1382 1.4951 0.1266 -0.2397 0.0262 20.9502 -2.1650 3.6818
565 1.1644 1.4946 0.1230 -0.1874 0.0251 21.5961 -1.6000 3.2712
566 1.1915 1.5076 0.1149 -0.1332 0.0512 22.7315 -3.5350 6.1496
567 1.2156 1.4990 0.1248 -0.0851 0.0341 21.7578 -4.1020 4.8578
568 1.2557 1.4662 0.1260 -0.0050 -0.0316 21.3521 -4.6500 7.1588
569 1.2934 1.4544 0.1195 0.0706 -0.0553 21.8683 -5.0510 7.0776
570 1.3583 1.4371 0.1230 0.2004 -0.0899 21.6025 -2.7650 3.1165
571 1.1010 1.4797 0.1236 -0.3143 -0.0047 21.8002 -2.4900 1.8025
572 1.0965 1.4826 0.1260 -0.3236 0.0010 20.6750 -1.8070 2.1151
573 1.1081 1.4955 0.1224 -0.3004 0.0268 21.7236 1.3720 -1.4449
574 1.1298 1.5144 0.1248 -0.2570 0.0646 21.8325 1.2330 -2.5342
575 1.1453 1.5368 0.1126 -0.2262 0.1095 22.8059 0.7110 -0.9894
576 1.1326 1.5516 0.1242 -0.2518 0.1392 21.8639 -0.4130 0.3313
577 1.1011 1.5684 0.1213 -0.3150 0.1729 22.0208 -2.1340 2.5314
578 1.0570 1.5813 0.1224 -0.4033 0.1987 22.1555 -1.8580 2.9418
579 0.9904 1.5928 0.1224 -0.5368 0.2219 22.1868 -4.6720 6.3287
580 0.9218 1.6031 0.1218 -0.6742 0.2424 22.1776 -4.0850 4.8434
581 1.0530 1.4620 0.1213 -0.4121 -0.0397 21.8697 -2.8230 -0.7711
582 1.0136 1.4186 0.1207 -0.4911 -0.1266 22.0960 5.5720 -15.5865
583 0.9908 1.3878 0.1218 -0.5369 -0.1884 22.1704 -0.4410 1.7202
584 0.9940 1.3660 0.1092 -0.5307 -0.2320 23.9022 2.3620 -3.8355
585 1.0090 1.3554 0.1207 -0.5011 -0.2535 22.0994 2.4380 -2.6310
586 1.0282 1.3365 0.0869 -0.4628 -0.2914 25.0000 1.1740 -0.5720
587 1.0437 1.3208 0.1248 -0.4320 -0.3229 22.2724 -0.2380 1.9743
588 1.0588 1.3066 0.1242 -0.4021 -0.3516 22.5609 -0.1130 -0.8999
589 1.0750 1.2940 0.1160 -0.3698 -0.3769 23.0323 -1.4960 3.0375
590 1.1110 1.2727 0.1284 -0.2980 -0.4199 21.9378 -1.4650 2.9439
591 1.1262 1.4850 0.1213 -0.2677 0.0048 22.9473 -2.0080 0.7887
592 1.1323 1.5030 0.1254 -0.2557 0.0408 22.0709 -1.9030 2.2687
593 1.1404 1.5350 0.1242 -0.2395 0.1048 22.4887 -3.2540 5.3941
594 1.1310 1.5790 0.1248 -0.2584 0.1928 22.9347 -4.0480 5.2717
595 1.0977 1.6267 0.1166 -0.3252 0.2884 23.4178 -3.2410 2.4779
596 1.0384 1.6872 0.1284 -0.4441 0.4096 22.4563 -3.9520 5.8392
597 0.9611 1.7811 0.1172 -0.5990 0.5977 23.4240 -4.0180 3.0019
598 0.8897 1.8508 0.1296 -0.7420 0.7374 22.3859 -3.1810 4.1780
599 0.8071 1.9166 0.1242 -0.9078 0.8695 22.7656 -3.2080 0.9992
600 0.6937 2.0438 0.1278 -1.1350 1.1245 22.6104 -3.2600 1.4242
601 1.0990 1.4692 0.1195 -0.3246 -0.0247 23.0441 -1.6830 3.3702
602 1.1170 1.4453 0.1248 -0.2888 -0.0727 22.5642 -1.5590 3.0676
603 1.1370 1.4276 0.1308 -0.2489 -0.1082 22.1135 -1.8220 2.3744
604 1.1749 1.4050 0.1195 -0.1732 -0.1534 23.8111 -0.6500 2.0094
605 1.2038 1.3814 0.1254 -0.1155 -0.2008 22.0127 0.2830 -0.4540
606 1.2671 1.3368 0.1284 0.0111 -0.2902 22.8690 3.5320 -7.0772
607 1.3267 1.2992 0.1315 0.1306 -0.3655 23.2129 5.4160 -7.1576
608 1.3800 1.2458 0.1272 0.2373 -0.4725 23.5710 7.3530 -7.1867
609 1.4162 1.1838 0.1254 0.3099 -0.5968 23.8831 7.2010 -6.3210
610 1.4246 1.1167 0.1339 0.3268 -0.7314 21.9826 0.4750 10.7092
611 1.0914 1.4900 0.1272 -0.3399 0.0151 23.0582 4.6910 -5.6623
612 1.1119 1.5041 0.1254 -0.2990 0.0434 22.9521 4.2510 -5.9248
613 1.1427 1.4969 0.1224 -0.2374 0.0289 23.2286 6.2110 -7.6161
614 1.1788 1.4756 0.1230 -0.1653 -0.0137 23.1374 4.3560 -5.0870
615 1.2327 1.4363 0.1207 -0.0576 -0.0923 23.5192 2.4470 -0.4862
616 1.3064 1.3874 0.1254 0.0899 -0.1902 23.0479 1.7980 -3.6094
617 1.3970 1.3188 0.1218 0.2713 -0.3277 23.5140 -0.1270 1.6839
618 1.4982 1.2337 0.1254 0.4740 -0.4982 23.6628 -0.6180 0.7337
619 1.5644 1.1791 0.1254 0.6066 -0.6077 23.4440 -1.5710 6.1359
620 1.6702 1.0894 0.1260 0.8186 -0.7874 23.5893 -1.3120 1.9756
count posx posy posz xout yout zout heading hd_out
1 0.0005 0.0001 0.1290 0.0010 0.0001 0.0000 -0.9320 1.0326
2 0.0012 0.0002 0.1296 0.0024 0.0005 0.0000 -0.9160 1.0738
3 0.0025 0.0006 0.1308 0.0050 0.0011 0.0000 -0.8900 1.0201
4 0.0042 0.0009 0.1321 0.0083 0.0018 0.0000 -0.8610 1.1352
5 0.0062 0.0013 0.1189 0.0124 0.0026 0.0000 -0.8370 0.9626
6 0.0086 0.0017 0.1302 0.0172 0.0035 0.0000 0.0000 -1.3658
7 0.0113 0.0023 0.1315 0.0227 0.0046 0.0000 -0.3500 -0.0657
8 0.0143 0.0029 0.1290 0.0287 0.0057 0.0000 -0.3865 0.5261
9 0.0176 0.0033 0.1296 0.0353 0.0066 0.0000 -0.2870 0.4493
10 0.0204 0.0037 0.1172 0.0409 0.0075 0.0000 -0.2180 0.2648
11 1.3071 1.5110 0.1266 0.1144 0.0221 1.5567 -0.2930 0.4697
12 1.3074 1.5112 0.1302 0.1151 0.0224 0.4454 -0.3010 0.4594
13 1.3082 1.5114 0.1321 0.1166 0.0228 1.2752 -0.3750 0.6674
14 1.3092 1.5116 0.1290 0.1187 0.0232 1.7381 -0.5470 0.8087
15 1.3105 1.5118 0.1302 0.1215 0.0236 1.4444 -0.6770 0.9590
16 1.3122 1.5120 0.1290 0.1248 0.0241 1.9311 -0.7340 1.0212
17 1.3141 1.5122 0.1296 0.1287 0.0246 1.4068 -0.8690 1.1962
18 1.3163 1.5125 0.1308 0.1332 0.0251 1.8441 -0.9520 1.2907
19 1.3189 1.5127 0.1315 0.1383 0.0256 1.4392 -0.9270 1.2562
20 1.3212 1.5129 0.1302 0.1430 0.0259 1.0149 -0.8840 1.0659
21 1.3211 1.4880 0.1201 0.1431 -0.0240 3.0441 -0.7910 0.9513
22 1.3215 1.4879 0.1290 0.1439 -0.0241 2.1908 -0.8580 1.1572
23 1.3222 1.4878 0.1321 0.1454 -0.0243 1.5535 -0.6800 0.8523
24 1.3233 1.4874 0.1321 0.1476 -0.0251 1.7104 -0.6200 0.7811
25 1.3247 1.4868 0.1296 0.1505 -0.0263 1.6752 -0.6960 0.9057
26 1.3264 1.4860 0.1290 0.1540 -0.0279 2.0867 -0.7660 0.9903
27 1.3284 1.4854 0.1290 0.1579 -0.0291 1.7592 -0.7790 1.0893
28 1.3306 1.4848 0.1296 0.1624 -0.0303 2.0851 -0.7350 0.9291
29 1.3330 1.4842 0.1284 0.1674 -0.0317 2.1466 -0.5890 0.7510
30 1.3351 1.4836 0.1278 0.1717 -0.0328 2.3689 -0.6060 0.7700
31 1.1532 1.5218 0.1207 -0.1923 0.0437 3.0725 -0.4960 0.5808
32 1.1536 1.5216 0.1284 -0.1916 0.0432 2.2400 -0.4770 0.7755
33 1.1542 1.5213 0.1296 -0.1904 0.0426 2.0693 -0.1640 0.2871
34 1.1550 1.5210 0.1284 -0.1888 0.0421 2.3112 -1.5210 4.7877
35 1.1560 1.5207 0.1290 -0.1869 0.0416 2.2137 -0.2990 0.5463
36 1.1552 1.5205 0.1302 -0.1887 0.0412 2.4081 -0.3460 0.6431
37 1.1465 1.5206 0.1290 -0.2062 0.0414 2.2251 -0.3770 0.5886
38 1.1379 1.5207 0.1284 -0.2235 0.0416 2.3947 -0.2880 0.3961
39 1.1294 1.5208 0.1207 -0.2406 0.0419 3.3612 -0.1850 0.4195
40 1.1228 1.5210 0.1290 -0.2540 0.0422 2.1465 -0.2410 0.4083
41 1.3841 1.6370 0.1284 0.2688 0.2744 2.6704 -0.3180 0.5697
42 1.3844 1.6368 0.1284 0.2694 0.2741 2.7674 -0.5260 0.8679
43 1.3848 1.6365 0.1278 0.2705 0.2737 2.4518 -0.6390 0.8400
44 1.3855 1.6360 0.1321 0.2720 0.2728 2.5210 -0.7970 1.0693
45 1.3865 1.6354 0.1272 0.2742 0.2716 2.5952 -0.8840 1.1572
46 1.3878 1.6349 0.1315 0.2768 0.2709 2.6052 -1.0460 1.3641
47 1.3892 1.6343 0.1290 0.2798 0.2698 2.5698 -1.1200 1.5087
48 1.3909 1.6338 0.1296 0.2833 0.2689 2.7139 -1.1270 1.4743
49 1.3928 1.6332 0.1321 0.2872 0.2678 2.1537 -1.2470 1.6501
50 1.3945 1.6327 0.1296 0.2908 0.2670 2.8996 -1.3600 1.7157
51 1.1542 1.5360 0.1278 -0.1900 0.0735 2.9106 -1.6410 2.0595
52 1.1545 1.5359 0.1290 -0.1894 0.0735 2.8009 -1.6220 1.8870
53 1.1551 1.5358 0.1296 -0.1882 0.0733 2.7040 -1.7550 2.2776
54 1.1560 1.5357 0.1272 -0.1866 0.0731 3.0306 -1.9220 2.2987
55 1.1571 1.5352 0.1290 -0.1845 0.0721 2.7891 -2.0790 2.6158
56 1.1580 1.5347 0.1284 -0.1826 0.0711 3.1931 -2.0000 2.3855
57 1.1594 1.5339 0.1272 -0.1801 0.0696 3.4348 -1.9300 2.1674
58 1.1610 1.5330 0.1236 -0.1770 0.0679 4.0241 -1.7960 2.1074
59 1.1627 1.5319 0.1302 -0.1737 0.0656 2.9599 -1.7550 2.0573
60 1.1642 1.5309 0.1290 -0.1708 0.0638 3.5626 -1.7460 2.1007
61 1.3811 1.6419 0.1296 0.2632 0.2859 3.1503 -1.7580 2.0851
62 1.3813 1.6418 0.1315 0.2637 0.2857 3.0261 -1.7680 2.1674
63 1.3816 1.6415 0.1284 0.2645 0.2852 3.3063 -1.8930 2.3310
64 1.3818 1.6413 0.1213 0.2650 0.2850 4.2479 -1.8320 2.2297
65 1.3823 1.6409 0.1266 0.2661 0.2843 3.7029 -1.9110 2.3978
66 1.3828 1.6404 0.1213 0.2673 0.2836 4.2591 -2.0120 2.4144
67 1.3834 1.6399 0.1315 0.2686 0.2827 3.1310 -1.9590 2.3421
68 1.3840 1.6392 0.1213 0.2699 0.2815 4.2702 -1.9390 2.2620
69 1.3847 1.6385 0.1296 0.2715 0.2802 3.4226 -2.0720 2.5057
70 1.3853 1.6378 0.1296 0.2729 0.2790 3.5118 -2.2180 2.7393
71 1.3621 1.4959 0.1278 0.2265 -0.0048 3.8193 -2.2900 2.7060
72 1.3623 1.4957 0.1296 0.2272 -0.0052 3.5752 -2.4150 2.9452
73 1.3628 1.4955 0.1278 0.2282 -0.0058 3.5863 -2.4570 2.8117
74 1.3635 1.4951 0.1321 0.2297 -0.0065 3.3532 -2.3580 2.7349
75 1.3644 1.4946 0.1266 0.2315 -0.0075 3.8030 -2.3550 2.7805
76 1.3653 1.4940 0.1333 0.2334 -0.0088 3.1556 -2.3840 2.8194
77 1.3663 1.4932 0.1296 0.2356 -0.0103 3.6932 -2.3890 2.8426
78 1.3676 1.4923 0.1308 0.2383 -0.0121 3.6434 -2.3450 2.6537
79 1.3692 1.4913 0.1278 0.2416 -0.0141 3.9220 -2.3210 2.7872
80 1.3707 1.4906 0.1290 0.2447 -0.0156 3.9273 -2.3350 2.8108
81 1.3191 1.5002 0.1278 0.1417 0.0036 3.8586 -2.4480 2.9263
82 1.3194 1.5002 0.1308 0.1423 0.0037 3.0514 -2.4780 2.9240
83 1.3200 1.5002 0.1284 0.1435 0.0036 3.9782 -2.3920 2.7482
84 1.3209 1.5001 0.1321 0.1454 0.0034 2.7404 -2.4270 2.8673
85 1.3220 1.4999 0.1260 0.1478 0.0030 4.3405 -2.3390 2.7471
86 1.3234 1.4995 0.1296 0.1506 0.0023 3.0487 -2.2150 2.5446
87 1.3250 1.4993 0.1296 0.1538 0.0018 3.9175 -2.1420 2.5213
88 1.3268 1.4990 0.1284 0.1575 0.0012 4.1594 -2.0050 2.2954
89 1.3289 1.4987 0.1290 0.1619 0.0007 4.1226 -2.0240 2.3588
90 1.3308 1.4985 0.1296 0.1656 0.0002 4.1384 -2.0210 2.4601
91 1.3141 1.4950 0.1278 0.1324 -0.0068 4.3240 -1.9459 2.3320
92 1.3145 1.4947 0.1272 0.1332 -0.0074 4.6759 -1.8750 2.2153
93 1.3151 1.4943 0.1272 0.1344 -0.0082 4.2877 -1.7160 2.0317
94 1.3156 1.4942 0.1315 0.1357 -0.0085 3.9329 -1.6170 1.9104
95 1.3164 1.4939 0.1183 0.1373 -0.0090 5.3641 -1.5100 1.7736
96 1.3175 1.4937 0.1296 0.1394 -0.0094 4.3469 -1.4600 1.7624
97 1.3184 1.4937 0.1201 0.1414 -0.0094 5.4069 -1.4410 1.8081
98 1.3196 1.4937 0.1290 0.1438 -0.0095 4.9823 -1.5770 2.0573
99 1.3210 1.4936 0.1207 0.1468 -0.0096 5.2872 -1.7220 2.2186
100 1.3224 1.4935 0.1296 0.1497 -0.0099 4.6045 -1.8670 2.3933
101 1.3320 1.5001 0.1284 0.1689 0.0035 4.7782 -1.9650 2.3221
102 1.3323 1.5005 0.1290 0.1696 0.0041 4.6191 -2.1420 2.5836
103 1.3330 1.5008 0.1278 0.1710 0.0048 4.4381 -2.3050 2.8651
104 1.3340 1.5011 0.1290 0.1731 0.0054 4.6907 -2.4310 2.9140
105 1.3356 1.5013 0.1278 0.1764 0.0059 4.7501 -2.3890 2.8250
106 1.3375 1.5015 0.1302 0.1802 0.0062 4.7371 -2.2810 2.6626
107 1.3397 1.5016 0.1290 0.1848 0.0065 4.6148 -2249.0000 30.0000
108 1.3423 1.5017 0.1327 0.1900 0.0067 4.6360 -2.2690 3.4481
109 1.3451 1.5015 0.1321 0.1957 0.0061 4.7447 -2.3150 2.8851
110 1.3475 1.5013 0.1302 0.2007 0.0059 4.8704 -0.4950 -3.6461
111 1.3173 1.5099 0.1195 0.1403 0.0230 5.8919 -2.4520 2.8951
112 1.3178 1.5104 0.1308 0.1415 0.0241 4.8012 -2.4120 2.8506
113 1.3186 1.5115 0.1260 0.1430 0.0261 5.1760 -2.2960 2.6793
114 1.3187 1.5129 0.1296 0.1434 0.0290 4.8370 -2.3100 2.7660
115 1.3195 1.5146 0.1302 0.1450 0.0325 3.9673 -2.3990 2.8806
116 1.3208 1.5166 0.1290 0.1478 0.0364 4.9816 -2.4750 2.8717
117 1.3226 1.5182 0.1284 0.1513 0.0396 4.3164 -2.5290 2.9007
118 1.3249 1.5198 0.1290 0.1561 0.0430 5.1139 -2.5490 2.9474
119 1.3277 1.5214 0.1284 0.1617 0.0462 4.6827 -2.5700 3.0464
120 1.3303 1.5225 0.1290 0.1670 0.0483 5.2998 -2.6840 3.2067
121 1.3044 1.5152 0.1272 0.1153 0.0338 5.3109 -2.7820 3.2868
122 1.3059 1.5152 0.1213 0.1183 0.0338 6.2424 -2.8970 3.4614
123 1.3083 1.5146 0.1266 0.1231 0.0325 5.8194 -2.9790 3.4881
124 1.3115 1.5112 0.1321 0.1297 0.0258 5.0149 -3.1530 3.7418
125 1.3160 1.5070 0.1296 0.1387 0.0174 5.1626 -3.2580 3.8075
126 1.3210 1.5052 0.1339 0.1487 0.0138 5.0467 -3.3270 3.8353
127 1.3269 1.5038 0.1272 0.1607 0.0111 6.0736 -3.3490 3.8620
128 1.3330 1.5027 0.1308 0.1730 0.0088 5.1825 -3.4100 3.9588
129 1.3392 1.5018 0.1308 0.1854 0.0071 5.3996 -3.3780 3.9321
130 1.3434 1.5008 0.1207 0.1938 0.0051 6.4685 -3.4490 4.1624
131 1.3007 1.5076 0.1284 0.1086 0.0185 5.5076 -3.4800 4.0856
132 1.3015 1.5065 0.1296 0.1103 0.0165 5.4586 -3.3960 3.9877
133 1.3040 1.5046 0.1260 0.1153 0.0127 5.7487 -3.2900 9.0391
134 1.3079 1.5031 0.1290 0.1232 0.0097 4.8313 -3.0980 3.6139
135 1.3128 1.5018 0.1272 0.1329 0.0070 5.9801 -3.2180 3.6784
136 1.3180 1.5008 0.1290 0.1435 0.0050 4.7869 -3.1890 3.7418
137 1.3220 1.5018 0.1296 0.1515 0.0071 5.6405 -3.1320 3.5338
138 1.3250 1.5038 0.1284 0.1577 0.0111 4.9306 -3.0440 3.4069
139 1.3279 1.5061 0.1284 0.1634 0.0157 5.8582 -3.1730 3.5772
140 1.3313 1.5087 0.1224 0.1704 0.0209 6.6044 -3.2050 3.6172
141 1.3057 1.5149 0.1272 0.1192 0.0332 5.9407 -3.4220 -30.0000
142 1.3058 1.5147 0.1290 0.1194 0.0329 6.0007 -3.6280 4.1969
143 1.3054 1.5143 0.1302 0.1186 0.0320 5.8911 -3.5950 4.0934
144 1.3043 1.5134 0.1290 0.1166 0.0302 6.0723 -3.6160 4.1902
145 1.3033 1.5111 0.1213 0.1146 0.0257 7.0411 -3.4580 3.9210
146 1.3027 1.5093 0.1296 0.1134 0.0221 6.2550 -3.4690 4.0600
147 1.3022 1.5055 0.1207 0.1125 0.0146 6.9413 -3.4350 3.8397
148 1.3028 1.5026 0.1302 0.1139 0.0088 6.3758 -3.3620 3.9788
149 1.3047 1.5013 0.1213 0.1176 0.0061 6.8815 -3.4270 3.9488
150 1.3069 1.5004 0.1284 0.1221 0.0043 6.2322 -3.3940 3.9343
151 1.3073 1.5160 0.1284 0.1229 0.0355 6.2607 -3.2990 3.8353
152 1.3108 1.5182 0.1296 0.1301 0.0400 6.2719 -3.3360 3.8787
153 1.3177 1.5218 0.1278 0.1439 0.0472 6.4650 -3.2950 3.7886
154 1.3247 1.5251 0.1296 0.1579 0.0539 6.3436 -3.1490 3.6706
155 1.3277 1.5269 0.1315 0.1641 0.0576 5.9169 -3.2220 3.7073
156 1.3301 1.5284 0.1302 0.1689 0.0604 6.4013 -3.3300 11.2822
157 1.3315 1.5288 0.1308 0.1718 0.0614 5.4657 -3.2360 3.7674
158 1.3291 1.5259 0.1315 0.1671 0.0556 6.5099 -3.2390 4.0133
159 1.3300 1.5233 0.1272 0.1690 0.0504 6.9952 -3.2470 3.5238
160 1.3289 1.5199 0.1321 0.1669 0.0436 6.2559 -3.2790 3.7997
161 1.1658 1.5087 0.1278 -0.1594 0.0211 6.5547 -3.2000 3.5560
162 1.1649 1.5096 0.1290 -0.1613 0.0231 6.5658 -3.2190 3.7663
163 1.1647 1.5107 0.1302 -0.1617 0.0253 5.7402 -3.1130 3.5571
164 1.1651 1.5127 0.1290 -0.1610 0.0292 6.6987 -3.2600 3.9588
165 1.1677 1.5136 0.1290 -0.1559 0.0310 6.8557 -3.1230 3.5282
166 1.1717 1.5150 0.1308 -0.1480 0.0339 6.7330 -3.1760 3.8186
167 1.1778 1.5190 0.1284 -0.1360 0.0419 7.1824 -3.1380 3.6584
168 1.1829 1.5227 0.1195 -0.1258 0.0493 7.9828 -3.1280 3.5939
169 1.1874 1.5280 0.1296 -0.1169 0.0599 7.0471 -3.1680 3.7274
170 1.1893 1.5306 0.1207 -0.1131 0.0651 8.3348 -3.0200 3.4915
171 1.3694 1.6400 0.1296 0.2472 0.2841 6.9208 -2.9491 3.3016
172 1.3733 1.6381 0.1296 0.2551 0.2805 7.0168 -2.9690 3.4637
173 1.3770 1.6401 0.1278 0.2626 0.2846 7.3319 -3.1850 3.7997
174 1.3830 1.6392 0.1339 0.2747 0.2830 6.7553 -3.2390 3.8086
175 1.3866 1.6400 0.1278 0.2822 0.2847 7.0388 -3.1430 3.6417
176 1.3907 1.6448 0.1308 0.2904 0.2944 6.8310 -3.1860 3.7741
177 1.4012 1.6409 0.1260 0.3116 0.2867 7.2679 -3.1280 3.6317
178 1.4161 1.6237 0.1290 0.3417 0.2525 7.3691 -3.1080 3.6295
179 1.4301 1.6069 0.1260 0.3697 0.2190 7.4632 -3.1670 3.5749
180 1.4401 1.5975 0.1290 0.3899 0.2003 7.1295 -3.0760 3.5894
181 1.3559 1.6437 0.1195 0.2217 0.2927 8.4305 -3.0510 3.5794
182 1.3620 1.6434 0.1296 0.2341 0.2924 7.2506 -3.1600 3.8275
183 1.3661 1.6417 0.1278 0.2423 0.2891 7.4444 -3.0910 3.7263
184 1.3657 1.6380 0.1308 0.2417 0.2818 7.2362 -3.1400 3.7251
185 1.3586 1.6326 0.1278 0.2274 0.2712 7.6977 -3.2090 3.7730
186 1.3532 1.6253 0.1315 0.2167 0.2566 7.4179 -3.2150 3.7396
187 1.3517 1.6187 0.1266 0.2140 0.2437 7.4919 -3.2500 3.6962
188 1.3497 1.6127 0.1308 0.2100 0.2318 7.3203 -3.1630 3.6194
189 1.3512 1.6087 0.1266 0.2131 0.2239 7.8581 -3.0800 3.6250
190 1.3532 1.6012 0.1315 0.2172 0.2090 7.1825 -3.1250 3.6128
191 1.3119 1.4945 0.1213 0.1347 -0.0044 8.6784 -3.4000 4.0723
192 1.3092 1.4914 0.1284 0.1293 -0.0106 7.9174 -3.6050 4.2715
193 1.3170 1.4819 0.1296 0.1449 -0.0297 7.5046 -3.8700 4.6464
194 1.3180 1.4746 0.1290 0.1472 -0.0444 7.9165 -3.9170 4.5852
195 1.3143 1.4624 0.1284 0.1398 -0.0688 7.4823 -4.0830 4.9168
196 1.3161 1.4565 0.1308 0.1433 -0.0805 7.6404 -3.8880 4.3104
197 1.3069 1.4499 0.1278 0.1251 -0.0938 6.8546 -3.7380 4.2347
198 1.3060 1.4347 0.1315 0.1233 -0.1243 7.6389 -3.9150 4.6609
199 1.3162 1.4177 0.1272 0.1438 -0.1585 7.3487 -3.8900 4.5329
200 1.3338 1.4008 0.1296 0.1792 -0.1922 7.9852 -4.0840 4.8667
201 1.2838 1.5436 0.1284 0.0790 0.0933 7.0878 -4.1140 4.7443
202 1.2913 1.5384 0.1284 0.0942 0.0830 8.3807 -4.1800 4.8111
203 1.2976 1.5192 0.1272 0.1068 0.0447 7.9545 -4.5630 5.4798
204 1.3297 1.4842 0.1315 0.1711 -0.0253 8.1480 -4.7110 5.3463
205 1.3434 1.4677 0.1260 0.1986 -0.0584 8.2301 -4.7640 5.4631
206 1.3541 1.4429 0.1290 0.2201 -0.1081 8.2062 -4.6940 5.2762
207 1.3681 1.4219 0.1272 0.2482 -0.1502 8.3990 -4.8160 5.6033
208 1.3834 1.3781 0.1315 0.2790 -0.2379 8.1066 -4.9710 5.6467
209 1.4131 1.3396 0.1302 0.3384 -0.3151 8.0465 -4.8840 5.8169
210 1.4290 1.3053 0.1308 0.3704 -0.3839 8.0617 -5.1450 5.9749
211 1.3108 1.4849 0.1290 0.1341 -0.0247 8.2492 -4.9460 5.5877
212 1.2845 1.4738 0.1315 0.0815 -0.0469 8.1734 -5.2400 5.9972
213 1.2431 1.4614 0.1284 -0.0013 -0.0718 8.6961 -5.3900 6.2753
214 1.2056 1.4569 0.1296 -0.0763 -0.0808 8.3415 -5.4760 6.1841
215 1.1409 1.4428 0.1284 -0.2058 -0.1090 8.4626 -5.5270 6.3165
216 1.0683 1.3955 0.1302 -0.3511 -0.2038 7.3878 -5.4350 6.0673
217 0.9896 1.3621 0.1302 -0.5089 -0.2707 8.3752 -5.4680 6.2420
218 0.8969 1.3164 0.1290 -0.6947 -0.3623 8.4958 -5.5830 6.2319
219 0.7907 1.2933 0.1284 -0.9074 -0.4086 8.4844 -5.7690 6.7660
220 0.6959 1.2987 0.1308 -1.0976 -0.3981 8.4624 -5.8600 6.8094
221 1.3071 1.5416 0.1284 0.1249 0.0877 8.7222 -6.0020 6.7604
222 1.2969 1.5432 0.1308 0.1044 0.0911 8.6481 -6.1770 7.0597
223 1.2907 1.5354 0.1178 0.0922 0.0755 10.0125 -6.3490 7.3869
224 1.2864 1.5341 0.1302 0.0836 0.0728 8.6111 -6.3700 7.2344
225 1.2956 1.5413 0.1254 0.1020 0.0873 8.9258 -6.4290 7.3357
226 1.3108 1.5527 0.1290 0.1324 0.1103 8.7091 -6.6250 7.7006
227 1.3182 1.5643 0.1254 0.1473 0.1334 9.3001 -6.7930 7.7407
228 1.3136 1.5747 0.1296 0.1383 0.1544 8.8298 -6.9570 7.9365
229 1.3120 1.5867 0.1284 0.1350 0.1785 8.8299 -6.9900 7.9532
230 1.3017 1.5902 0.1296 0.1144 0.1856 8.9548 -6.9930 7.7919
231 1.2942 1.5207 0.1230 0.0996 0.0465 9.8372 -7.1630 8.2659
232 1.2880 1.5296 0.1296 0.0871 0.0644 8.8378 -7.3520 8.3471
233 1.3195 1.5501 0.1266 0.1504 0.1053 8.3488 -7.5610 8.5885
234 1.3746 1.5821 0.1284 0.2606 0.1695 9.0567 -7.5220 8.5451
235 1.4153 1.6301 0.1315 0.3421 0.2656 8.1312 0.6040 -18.7724
236 1.4701 1.6954 0.1296 0.4521 0.3964 8.9229 -7.3510 8.3259
237 1.5094 1.7542 0.1315 0.5309 0.5142 9.2251 -7.2951 8.1478
238 1.5564 1.8056 0.1290 0.6251 0.6174 9.4920 -8.6100 9.7468
239 1.5882 1.8495 0.1284 0.6891 0.7055 9.4780 -7.2630 8.5774
240 1.6094 1.8764 0.1296 0.7319 0.7596 9.4756 -7.3280 8.4005
241 1.3530 1.4937 0.1302 0.2191 -0.0058 8.9454 -7.2570 8.2035
242 1.3567 1.4702 0.1183 0.2267 -0.0528 10.5312 -7.3200 8.2158
243 1.3802 1.4434 0.1278 0.2739 -0.1064 9.4914 -7.1500 8.1602
244 1.4165 1.4105 0.1207 0.3466 -0.1722 10.3239 -7.3010 8.1946
245 1.4342 1.3810 0.1278 0.3821 -0.2315 9.5649 -7.3380 8.4850
246 1.4357 1.3484 0.1296 0.3853 -0.2967 9.5641 -7.3960 8.3938
247 1.4184 1.3233 0.1290 0.3509 -0.3471 9.3702 -7.0770 7.5382
248 1.3991 1.2939 0.1010 0.3125 -0.4061 13.1951 -7.0880 8.1246
249 1.3920 1.2565 0.1272 0.2984 -0.4811 9.6020 -7.1710 8.1034
250 1.3894 1.2248 0.1302 0.2933 -0.5450 9.5079 -7.1590 8.2258
251 1.3805 1.3239 0.1278 0.2757 -0.3469 9.8287 -7.1620 8.0355
252 1.4159 1.3423 0.1284 0.3467 -0.3103 8.8994 -7.0450 7.9966
253 1.4576 1.3574 0.1266 0.4302 -0.2801 9.8048 -7.2790 8.3504
254 1.4954 1.3688 0.1315 0.5061 -0.2575 8.7823 -7.3610 8.4150
255 1.5206 1.3801 0.1272 0.5567 -0.2349 9.7445 -7.7140 8.8166
256 1.5571 1.4016 0.1321 0.6300 -0.1921 9.8024 -7.7800 8.9546
257 1.5971 1.4240 0.1296 0.7103 -0.1473 9.8865 -7.9270 8.8044
258 1.6423 1.4278 0.1290 0.8013 -0.1398 9.9945 -7.9920 9.1037
259 1.6604 1.4322 0.1242 0.8378 -0.1311 10.4257 -8.0200 9.2795
260 1.6567 1.4450 0.1278 0.8307 -0.1055 10.2648 -8.1590 9.6722
261 1.3149 1.5284 0.1272 0.1472 0.0613 10.3050 -8.1840 9.1148
262 1.2826 1.5056 0.1302 0.0827 0.0157 9.7962 -8.3690 9.4786
263 1.2589 1.4699 0.1207 0.0354 -0.0557 10.9209 -8.3740 9.6133
264 1.2210 1.4283 0.1278 -0.0406 -0.1391 10.1615 -8.4230 9.3963
265 1.1617 1.3826 0.1224 -0.1591 -0.2305 10.8431 -8.4650 9.5677
266 1.1002 1.3345 0.1302 -0.2823 -0.3269 10.2467 -8.5270 9.7412
267 1.0412 1.2676 0.1284 -0.4006 -0.4609 10.1972 -8.6260 9.8247
268 0.9857 1.1924 0.1278 -0.5119 -0.6117 10.3665 -8.7450 10.0461
269 0.8939 1.0981 0.1296 -0.6958 -0.8007 10.1842 -8.8210 9.8080
270 0.8124 1.0194 0.1290 -0.8593 -0.9585 10.5896 -9.0230 10.2464
271 1.2871 1.5304 0.1278 0.0903 0.0635 10.4592 -9.0180 10.3343
272 1.2730 1.5308 0.1272 0.0621 0.0643 10.6886 -8.9030 9.9103
273 1.2682 1.5345 0.1272 0.0524 0.0717 9.5399 -9.0250 10.3042
274 1.2769 1.5451 0.1296 0.0699 0.0930 10.3505 -8.6940 9.6600
275 1.3087 1.5609 0.1266 0.1335 0.1246 9.8006 -8.8000 10.0494
276 1.3173 1.5848 0.1302 0.1508 0.1725 10.3496 -8.6670 9.7924
277 1.3393 1.5974 0.1290 0.1949 0.1979 9.6412 -8.7920 10.0917
278 1.3580 1.6024 0.1302 0.2324 0.2079 10.4818 -8.4110 9.2405
279 1.3579 1.6005 0.1266 0.2323 0.2042 11.0144 -8.6020 9.8247
280 1.3480 1.5927 0.1296 0.2127 0.1888 10.6800 -8.4710 9.7279
281 1.3073 1.4860 0.1284 0.1312 -0.0247 9.7845 -8.5090 9.6255
282 1.2688 1.4798 0.1201 0.0543 -0.0371 11.7705 -8.0750 8.8645
283 1.2472 1.4865 0.1272 0.0111 -0.0236 10.8314 -8.0260 8.3983
284 1.2150 1.4800 0.1218 -0.0533 -0.0366 11.6927 -7.9980 11.5938
285 1.1798 1.4771 0.1278 -0.1239 -0.0425 11.1351 -5.0250 -0.1124
286 1.1473 1.4723 0.1315 -0.1889 -0.0522 10.6710 -7.6510 8.9312
287 1.0868 1.4440 0.1296 -0.3100 -0.1089 10.9873 -7.6260 8.7721
288 1.0047 1.4002 0.1315 -0.4745 -0.1965 10.6202 -7.4070 8.3282
289 0.9246 1.3659 0.1290 -0.6351 -0.2653 10.9494 -7.5930 8.4483
290 0.8509 1.3322 0.1284 -0.7829 -0.3328 10.9903 -7.4560 8.5029
291 1.3156 1.5280 0.1272 0.1465 0.0588 11.3474 -7.3290 8.4283
292 1.3455 1.5416 0.1278 0.2064 0.0861 10.5331 -7.3290 8.3326
293 1.3759 1.5653 0.1284 0.2673 0.1335 11.0340 -7.0330 7.9921
294 1.4144 1.5670 0.1315 0.3445 0.1369 11.0066 -6.9780 8.1134
295 1.4236 1.5509 0.1178 0.3632 0.1048 12.3854 -7.1560 8.0155
296 1.4207 1.5619 0.1302 0.3575 0.1268 11.3481 -6.8870 7.4469
297 1.4340 1.5895 0.1189 0.3844 0.1822 12.3187 -6.5490 7.4492
298 1.4541 1.6190 0.1296 0.4247 0.2412 11.4328 -6.8260 7.8353
299 1.4349 1.6471 0.1195 0.3865 0.2977 12.2604 -6.9430 8.0389
300 1.4081 1.6694 0.1278 0.3331 0.3423 11.4734 -6.6560 7.3657
301 1.3270 1.5038 0.1183 0.1709 0.0112 12.3394 -6.3030 7.2511
302 1.3765 1.5120 0.1290 0.2700 0.0276 11.2738 -6.2610 7.2467
303 1.4419 1.5193 0.1284 0.4011 0.0423 11.5036 -6.1740 7.0698
304 1.4852 1.5115 0.1248 0.4880 0.0267 11.7328 -6.2370 6.8550
305 1.5102 1.5006 0.1308 0.5381 0.0049 11.2243 -5.5470 6.1874
306 1.5362 1.4902 0.1272 0.5904 -0.0159 11.5785 -5.4460 6.4378
307 1.5440 1.4901 0.1266 0.6064 -0.0161 11.5088 -5.4330 6.1229
308 1.5330 1.4740 0.1266 0.5845 -0.0483 11.5452 -5.3640 5.7880
309 1.5305 1.4718 0.1254 0.5799 -0.0529 11.7269 -4.9560 5.7591
310 1.5389 1.4728 0.1178 0.5969 -0.0508 12.7346 -4.9750 5.4486
311 1.2835 1.5143 0.1172 0.0861 0.0322 12.9553 -5.1130 5.9182
312 1.2603 1.4854 0.1248 0.0398 -0.0257 12.1973 -4.7900 5.2406
313 1.2281 1.4380 0.1254 -0.0247 -0.1205 11.9236 -4.6800 5.2050
314 1.2126 1.4076 0.1272 -0.0556 -0.1814 11.8041 -4.5510 5.2306
315 1.2070 1.4024 0.1254 -0.0669 -0.1919 11.9977 -4.7110 5.3213
316 1.2054 1.4164 0.1254 -0.0701 -0.1639 12.2746 -4.9390 -0.0056
317 1.1691 1.4084 0.1272 -0.1428 -0.1802 11.6772 -4.9470 5.7090
318 1.1098 1.3918 0.1266 -0.2615 -0.2134 11.9577 -4.7590 5.3685
319 1.0237 1.3712 0.1266 -0.4340 -0.2548 12.1147 -4.7100 5.3763
320 0.9806 1.3355 0.1189 -0.5204 -0.3262 13.0672 -4.5430 4.9190
321 1.2900 1.5143 0.1248 0.0984 0.0313 11.5063 -4.7700 5.5143
322 1.3016 1.4964 0.1195 0.1216 -0.0044 13.0651 -4.7460 5.5566
323 1.2876 1.4598 0.1242 0.0937 -0.0777 12.5377 -4.6250 5.3863
324 1.2496 1.4280 0.1284 0.0176 -0.1414 12.1302 -4.5640 5.4164
325 1.2312 1.4009 0.1254 -0.0192 -0.1956 12.5812 -4.8000 5.7546
326 1.2171 1.3684 0.1201 -0.0474 -0.2608 13.1965 -5.0500 5.9482
327 1.2310 1.3315 0.1242 -0.0196 -0.3348 12.6185 -5.2690 6.0784
328 1.2233 1.3125 0.1195 -0.0350 -0.3730 13.2813 -5.5980 6.2687
329 1.2045 1.2900 0.1236 -0.0727 -0.4181 12.9450 -5.7390 6.4656
330 1.1606 1.2644 0.1272 -0.1604 -0.4696 12.4836 -5.6080 6.3065
331 1.1395 1.4978 0.1236 -0.2028 -0.0028 12.7052 -5.1100 5.6211
332 1.1401 1.4458 0.1260 -0.2017 -0.1069 12.4569 -4.8630 5.5710
333 1.1738 1.3806 0.1260 -0.1344 -0.2373 12.6735 -5.3580 6.4712
334 1.1995 1.3300 0.1266 -0.0831 -0.3388 12.5785 -5.7690 6.7171
335 1.2278 1.2637 0.1260 -0.0266 -0.4716 12.6877 -6.0220 6.9518
336 1.2345 1.2030 0.1260 -0.0131 -0.5933 12.8442 -6.1210 6.9841
337 1.1915 1.1302 0.1254 -0.0992 -0.7393 12.8343 -6.1910 7.1109
338 1.1428 1.0181 0.1260 -0.1967 -0.9639 12.8590 -5.9300 6.7315
339 1.0989 0.8730 0.1254 -0.2846 -1.2547 12.9092 -5.7440 6.4044
340 1.0595 0.7436 0.1178 -0.3636 -1.5144 14.0979 -5.6460 6.6292
341 1.3494 1.6168 0.1260 0.2162 0.2322 12.9567 -6.0800 7.2522
342 1.3256 1.6318 0.1248 0.1687 0.2624 13.2582 -5.9550 6.7927
343 1.3224 1.6093 0.1172 0.1624 0.2174 13.9119 0.0000 12.7543
344 1.3211 1.5875 0.1278 0.1599 0.1738 12.9124 -5.8440 6.4445
345 1.3241 1.5914 0.1236 0.1659 0.1819 13.1538 -6.3090 7.1866
346 1.2964 1.6009 0.1242 0.1106 0.2009 13.2996 -6.0420 6.4400
347 1.2667 1.6052 0.1236 0.0513 0.2096 13.2902 -5.7080 6.5179
348 1.2412 1.6314 0.1260 0.0003 0.2622 13.2830 -5.8130 6.6503
349 1.2003 1.6457 0.1266 -0.0816 0.2910 12.9498 -5.9570 6.4967
350 1.1768 1.6409 0.1278 -0.1287 0.2814 13.1339 -5.9980 7.0831
351 1.2947 1.5179 0.1260 0.1071 0.0355 13.0218 -6.1390 7.0286
352 1.2969 1.5507 0.1254 0.1116 0.1010 13.5492 -6.1999 -1.1664
353 1.2887 1.5862 0.1260 0.0953 0.1722 12.4535 -6.4700 21.7634
354 1.2679 1.6165 0.1278 0.0536 0.2330 13.0960 -0.5580 0.7878
355 1.2498 1.6318 0.1254 0.0174 0.2637 13.3029 -6.5320 7.0942
356 1.2336 1.6676 0.1248 -0.0150 0.3355 13.7123 -4.5970 5.2817
357 1.2034 1.6864 0.1254 -0.0754 0.3733 12.5037 -6.6820 7.2278
358 1.1726 1.6911 0.1195 -0.1371 0.3827 14.3648 -9.3330 16.5373
359 1.1488 1.6917 0.1224 -0.1848 0.3842 13.9308 -7.0500 7.8775
360 1.0976 1.6895 0.1284 -0.2873 0.3799 13.4826 -7.0560 8.2358
361 1.2920 1.5116 0.1266 0.1015 0.0242 13.4891 -6.9220 8.0222
362 1.3432 1.5159 0.1178 0.2040 0.0329 14.7079 -6.6510 7.1043
363 1.4238 1.5379 0.1248 0.3653 0.0769 13.8401 -6.6110 7.3958
364 1.5014 1.5724 0.1272 0.5208 0.1460 13.5893 -6.9570 8.0233
365 1.5604 1.6059 0.1242 0.6391 0.2129 13.8078 -7.0590 7.8074
366 1.6223 1.6346 0.1284 0.7632 0.2705 13.5796 -7.3620 8.0066
367 1.6938 1.6388 0.1242 0.9067 0.2790 14.1210 -7.1050 8.2592
368 1.7716 1.6447 0.1272 1.0629 0.2911 13.6797 -7.3220 7.8864
369 1.8162 1.6285 0.1272 1.1525 0.2588 13.8964 -7.0630 7.9476
370 1.8587 1.6185 0.1266 1.2383 0.2388 13.1707 -7.3080 8.5095
371 1.2924 1.4955 0.1254 0.1057 -0.0071 14.0542 -7.4760 8.5563
372 1.2661 1.5078 0.1260 0.0531 0.0175 12.9654 -6.9580 7.1521
373 1.2421 1.5138 0.1266 0.0051 0.0295 13.9254 -7.4800 8.7632
374 1.2013 1.5381 0.1248 -0.0766 0.0781 13.4142 -7.2700 7.7040
375 1.1763 1.5380 0.1254 -0.1267 0.0780 14.0847 -6.8480 7.1521
376 1.1679 1.5205 0.1248 -0.1434 0.0430 14.4330 -6.8270 7.2578
377 1.1462 1.4970 0.1248 -0.1870 -0.0040 14.2309 -6.9610 8.4061
378 1.1269 1.4810 0.1278 -0.2257 -0.0361 13.3189 -7.0000 7.2878
379 1.1094 1.4844 0.1260 -0.2609 -0.0292 14.2813 -7.0000 23.5325
380 1.1036 1.4884 0.1290 -0.2726 -0.0212 14.0613 -7.1110 7.5627
381 1.2930 1.5255 0.1266 0.1062 0.0531 14.2604 -7.3280 8.7031
382 1.2966 1.5313 0.1254 0.1135 0.0646 14.5621 -7.0790 8.1902
383 1.2726 1.5533 0.1248 0.0654 0.1086 14.2545 -7.0820 8.0467
384 1.2422 1.5954 0.1278 0.0047 0.1929 14.2891 -7.0100 8.2959
385 1.2005 1.6328 0.1154 -0.0787 0.2678 15.4532 -6.8900 7.4837
386 1.1684 1.6565 0.1266 -0.1431 0.3155 14.5105 -7.1590 8.6219
387 1.1342 1.6735 0.1236 -0.2115 0.3496 14.6081 -6.6990 7.8542
388 1.1182 1.6728 0.1266 -0.2437 0.3483 14.6460 -6.9640 8.3426
389 1.1042 1.6622 0.1248 -0.2719 0.3274 14.5996 -7.3640 8.9902
390 1.0885 1.6597 0.1178 -0.3034 0.3224 14.8893 -6.6350 7.5960
391 1.2772 1.5085 0.1178 0.0740 0.0201 15.6267 -6.6630 7.5560
392 1.2854 1.5022 0.1254 0.0905 0.0076 14.8068 -6.6830 8.0834
393 1.3216 1.4987 0.1230 0.1628 0.0004 14.8334 -6.5610 7.7563
394 1.3463 1.4887 0.1248 0.2125 -0.0195 14.8361 -6.4240 7.2967
395 1.3639 1.4641 0.1230 0.2478 -0.0688 15.1474 -6.6210 8.0166
396 1.3850 1.4255 0.1260 0.2901 -0.1461 14.7082 -6.0620 6.8183
397 1.4056 1.3876 0.1254 0.3314 -0.2220 14.0574 -6.1360 6.6514
398 1.4355 1.3372 0.1254 0.3915 -0.3230 14.9742 -6.2160 6.8739
399 1.4661 1.2648 0.1260 0.4528 -0.4679 14.1179 -5.9130 6.5346
400 1.4857 1.2118 0.1278 0.4922 -0.5742 14.9930 -6.0000 5.6567
401 1.2989 1.5247 0.1254 0.1188 0.0517 14.9520 -5.4600 5.7991
402 1.2911 1.5520 0.1242 0.1032 0.1063 15.0729 -5.3530 5.4998
403 1.2965 1.5731 0.1242 0.1140 0.1485 15.3494 -5.7010 6.5101
404 1.2818 1.5854 0.1195 0.0846 0.1732 16.0723 -5.2730 5.8225
405 1.2677 1.5926 0.1248 0.0564 0.1878 15.2333 -5.7630 6.8506
406 1.2440 1.5965 0.1195 0.0090 0.1956 16.0273 -5.6440 6.7048
407 1.2374 1.6059 0.1242 -0.0041 0.2144 15.4395 -5.5860 6.4689
408 1.2435 1.6195 0.1278 0.0080 0.2417 15.4053 -5.8880 6.7182
409 1.2610 1.6285 0.1242 0.0430 0.2600 15.8134 -5.6316 6.4329
410 1.2680 1.6415 0.1254 0.0570 0.2862 15.5787 -4.9460 5.0136
411 1.2899 1.5150 0.1272 0.1009 0.0331 15.2123 -4.8060 5.4787
412 1.3083 1.5026 0.1189 0.1378 0.0083 16.1850 -4.6900 5.7702
413 1.3251 1.4997 0.1236 0.1715 0.0026 15.4813 -4.2500 5.4520
414 1.3534 1.5069 0.1278 0.2282 0.0169 15.3129 -3.9600 5.3207
415 1.3860 1.5147 0.1230 0.2934 0.0326 15.9850 -3.6830 4.2269
416 1.4114 1.5342 0.1278 0.3445 0.0716 15.5078 -3.9810 4.8545
417 1.4275 1.5508 0.1236 0.3767 0.1048 15.8090 -3.9720 4.5441
418 1.4488 1.5753 0.1272 0.4196 0.1540 15.7162 -3.9930 4.0890
419 1.4629 1.5992 0.1242 0.4480 0.2018 15.8125 -4.2020 4.1546
420 1.4799 1.6114 0.1260 0.4822 0.2263 15.8668 -3.5730 3.9577
421 1.2720 1.5084 0.1248 0.0665 0.0202 15.8615 -3.3040 4.3883
422 1.2534 1.5246 0.1254 0.0293 0.0527 15.2370 -3.2250 3.8820
423 1.2563 1.5257 0.1248 0.0351 0.0549 15.9376 -3.0410 4.1713
424 1.2752 1.5182 0.1278 0.0729 0.0401 15.7337 -3.4670 4.4984
425 1.2699 1.5142 0.1166 0.0623 0.0319 16.9980 -3.3710 3.8331
426 1.2773 1.4932 0.1242 0.0772 -0.0100 16.4829 -3.8130 4.1135
427 1.2734 1.4702 0.1178 0.0694 -0.0561 16.8152 -3.3940 3.0865
428 1.2849 1.4213 0.1278 0.0925 -0.1539 16.0051 -3.5250 3.8420
429 1.3149 1.3505 0.1166 0.1524 -0.2957 16.9104 -3.6700 3.9232
430 1.3348 1.3029 0.1266 0.1924 -0.3911 16.0901 -2.6300 2.2008
431 1.3512 1.5236 0.1278 0.2252 0.0503 16.1026 -2.6760 3.6740
432 1.3630 1.5084 0.1278 0.2490 0.0199 16.3205 -2.7750 3.5794
433 1.3973 1.4794 0.1302 0.3177 -0.0380 15.6431 -2.4100 3.2289
434 1.4292 1.4450 0.1284 0.3817 -0.1069 16.2596 -2.8300 3.7207
435 1.4760 1.4153 0.1260 0.4755 -0.1665 16.5250 -2.4170 1.5699
436 1.5087 1.3793 0.1308 0.5413 -0.2385 16.2836 -2.1930 2.0106
437 1.5426 1.3321 0.1290 0.6093 -0.3330 16.1741 -1.2250 0.9380
438 1.5759 1.2733 0.1315 0.6762 -0.4508 16.2812 -636.0000 30.0000
439 1.6229 1.2064 0.1315 0.7706 -0.5850 15.2387 -0.1480 -0.2470
440 1.6622 1.1492 0.1308 0.8495 -0.6997 16.2967 0.3430 -0.2172
441 1.3654 1.5174 0.1308 0.2562 0.0367 15.4275 0.5960 -0.5197
442 1.3888 1.4975 0.1284 0.3031 -0.0031 16.4713 1.0140 -0.7737
443 1.4083 1.4794 0.1260 0.3423 -0.0393 16.4367 1.5450 -2.1219
444 1.4175 1.4632 0.1260 0.3607 -0.0718 16.5933 1.7400 -1.4579
445 1.4332 1.4413 0.1224 0.3924 -0.1156 16.7617 1.8100 -2.0179
446 1.4421 1.4094 0.1248 0.4104 -0.1795 16.6928 1.8700 -1.9094
447 1.4531 1.3755 0.1272 0.4326 -0.2475 16.3242 2.4530 -3.2381
448 1.4634 1.3327 0.1284 0.4534 -0.3332 16.7552 2.4910 -2.8235
449 1.4438 1.2507 0.1266 0.4143 -0.4975 16.5885 2.4840 -3.0541
450 1.4446 1.1739 0.1302 0.4161 -0.6513 16.5414 2.7200 -3.2224
451 1.2945 1.5157 0.1278 0.1161 0.0321 16.8017 3.0040 -3.3513
452 1.3024 1.5603 0.1308 0.1318 0.1216 16.7766 3.5120 -4.2948
453 1.3192 1.6328 0.1308 0.1655 0.2666 16.6900 3.3470 -3.6150
454 1.3211 1.6818 0.1327 0.1694 0.3648 16.6191 3.3540 -4.3015
455 1.3061 1.7113 0.1308 0.1394 0.4241 16.8145 3.4620 -3.8386
456 1.2795 1.7446 0.1358 0.0864 0.4908 16.6237 3.3310 -3.8197
457 1.2630 1.7830 0.1333 0.0533 0.5679 17.0790 3.8320 -5.0781
458 1.2507 1.8325 0.1364 0.0287 0.6672 16.9255 3.6700 -3.3980
459 1.2478 1.8691 0.1333 0.0228 0.7408 17.2070 3.1010 -2.8806
460 1.2377 1.8941 0.1352 0.0026 0.7913 16.8298 2.5680 -2.5947
461 1.2690 1.5240 0.1315 0.0653 0.0511 17.1164 2.2930 -2.7182
462 1.2697 1.5326 0.1339 0.0667 0.0683 17.0383 1.8740 -2.1830
463 1.2644 1.5175 0.1224 0.0561 0.0380 18.2053 1.1630 -1.2784
464 1.2602 1.4865 0.1339 0.0477 -0.0239 17.1689 1.0760 -1.0459
465 1.2608 1.4334 0.1236 0.0489 -0.1301 18.3779 0.9190 -1.0403
466 1.2541 1.3573 0.1345 0.0355 -0.2826 17.2246 0.9440 -1.2284
467 1.2316 1.2810 0.1352 -0.0095 -0.4353 16.8126 0.8130 -1.3674
468 1.2106 1.1798 0.1290 -0.0515 -0.6381 17.4029 0.4840 -1.1705
469 1.2002 1.0802 0.1302 -0.0723 -0.8376 16.9903 -0.2250 0.2183
470 1.1938 1.0279 0.1315 -0.0853 -0.9427 17.1665 -0.2870 0.5690
471 1.3051 1.5044 0.1266 0.1374 0.0103 17.5356 0.1710 -0.3553
472 1.2757 1.4894 0.1290 0.0786 -0.0199 17.4639 -0.4850 0.6950
473 1.2523 1.4792 0.1284 0.0319 -0.0401 17.2713 -0.4760 0.7438
474 1.2013 1.4288 0.1284 -0.0703 -0.1410 17.5490 -0.5887 0.5365
475 1.1302 1.3751 0.1278 -0.2126 -0.2487 17.9620 -0.4430 -0.3434
476 1.0537 1.3188 0.1308 -0.3658 -0.3614 17.5100 -0.3760 -18.8719
477 0.9594 1.2595 0.1321 -0.5545 -0.4801 16.7957 -0.4980 0.6914
478 0.8572 1.1958 0.1327 -0.7593 -0.6078 17.5417 -0.5980 0.5808
479 0.7596 1.1232 0.1333 -0.9551 -0.7535 17.5628 -1.1440 0.9965
480 0.6873 1.0682 0.1315 -1.1002 -0.8640 17.3851 -0.9400 0.7783
481 1.2887 1.5360 0.1302 0.1026 0.0717 17.6209 -0.5560 0.7957
482 1.2641 1.5120 0.1296 0.0534 0.0238 17.7904 0.0240 -0.4499
483 1.2351 1.4814 0.1290 -0.0047 -0.0375 17.1211 -0.5380 0.4871
484 1.2143 1.4388 0.1272 -0.0462 -0.1227 18.0324 -0.9490 1.4663
485 1.2005 1.3726 0.1278 -0.0739 -0.2553 18.1784 -0.5670 0.3545
486 1.1861 1.3059 0.1321 -0.1028 -0.3888 17.3997 -0.2090 -0.7330
487 1.1793 1.2666 0.1315 -0.1164 -0.4676 17.8113 -0.2060 0.4824
488 1.1854 1.2491 0.1183 -0.1042 -0.5029 19.4227 -0.1280 0.1985
489 1.1993 1.2377 0.1302 -0.0765 -0.5261 17.9083 -0.6060 0.8986
490 1.2196 1.2251 0.1321 -0.0360 -0.5516 18.2056 0.3690 -0.7193
491 1.2900 1.5128 0.1290 0.1049 0.0239 18.1707 -0.1030 0.7341
492 1.2806 1.5326 0.1308 0.0862 0.0636 17.8654 0.4870 -0.8812
493 1.3018 1.5638 0.1278 0.1286 0.1260 18.0858 1.5140 -1.9232
494 1.3281 1.5768 0.1048 0.1813 0.1520 21.1860 1.4320 -1.8943
495 1.3258 1.5980 0.1302 0.1766 0.1947 18.5376 0.4600 -0.1401
496 1.3198 1.6262 0.1364 0.1649 0.2510 18.0145 0.6970 -0.9690
497 1.3147 1.6248 0.1278 0.1546 0.2484 18.3471 0.1440 -0.0306
498 1.3137 1.6077 0.1308 0.1527 0.2143 18.2602 0.6210 -1.7828
499 1.3500 1.5897 0.1260 0.2254 0.1785 18.4550 0.3840 0.1581
500 1.4120 1.5619 0.1242 0.3495 0.1229 19.0010 -0.5480 0.8630
501 1.2916 1.5060 0.1254 0.1088 0.0111 18.6472 -0.2960 0.6013
502 1.3013 1.5089 0.1242 0.1282 0.0170 18.2348 -1.2350 1.8564
503 1.3243 1.4898 0.1230 0.1743 -0.0212 18.6508 -1.4220 2.2728
504 1.3512 1.4456 0.1248 0.2283 -0.1098 17.8329 -2.0540 3.5705
505 1.3531 1.4111 0.1218 0.2322 -0.1789 18.8108 -2.1910 2.1912
506 1.3519 1.3644 0.1266 0.2299 -0.2723 19.0563 -2.6180 2.9741
507 1.3706 1.3198 0.1296 0.2674 -0.3617 18.6681 -2.8250 3.6867
508 1.3561 1.2693 0.1321 0.2384 -0.4629 18.7149 -2.6080 2.8430
509 1.3442 1.2279 0.1154 0.2148 -0.5461 20.0790 -1.7360 0.8523
510 1.3493 1.2031 0.1254 0.2250 -0.5960 18.9069 -2.0410 2.9296
511 1.3143 1.5271 0.1154 0.1551 0.0521 20.0201 -0.5910 0.8245
512 1.3394 1.4991 0.1272 0.2054 -0.0039 18.7590 -0.9550 1.5521
513 1.3465 1.4583 0.1248 0.2196 -0.0856 18.9062 -1.5080 1.5444
514 1.3781 1.3944 0.1248 0.2830 -0.2135 19.1227 -1.4460 2.6392
515 1.4028 1.3365 0.1260 0.3326 -0.3295 19.0173 -1.6790 1.3852
516 1.4255 1.2975 0.1302 0.3783 -0.4077 18.7863 -1.5540 1.5800
517 1.4650 1.2545 0.1308 0.4574 -0.4939 19.0540 -1.2670 1.5054
518 1.4977 1.1974 0.1402 0.5231 -0.6084 18.5842 -1.5430 1.7591
519 1.5226 1.1411 0.1383 0.5730 -0.7214 19.0952 -2.7990 3.9021
520 1.5396 1.1083 0.1415 0.6074 -0.7873 18.6742 -2.6370 3.7774
521 1.1977 1.5090 0.1408 -0.0765 0.0141 19.0298 -2.5800 3.3913
522 1.2145 1.5030 0.1460 -0.0429 0.0021 18.6981 -3.0290 4.2937
523 1.2367 1.5024 0.1566 0.0016 0.0008 18.1011 -3.7770 4.6142
524 1.2576 1.4879 0.1720 0.0433 -0.0281 18.4940 -4.8790 7.4002
525 1.2774 1.4594 0.1685 0.0830 -0.0851 18.5785 -4.8060 4.4617
526 1.2796 1.4330 0.1947 0.0873 -0.1381 17.0626 -5.2160 5.9816
527 1.3112 1.4045 0.2027 0.1506 -0.1951 16.5647 -4.5590 5.5287
528 1.3208 1.3891 0.1995 0.1699 -0.2261 17.6619 -6.3678 9.9176
529 1.3463 1.4082 0.1987 0.2210 -0.1879 16.5890 -9.6650 13.7379
530 1.3631 1.4202 0.2011 0.2546 -0.1639 17.7119 -12.8830 16.9601
531 0.9851 1.4690 0.2060 -0.5016 -0.0664 17.4484 -14.6200 17.6978
532 0.9543 1.4470 0.2178 -0.5634 -0.1104 17.4507 -15.0940 16.7120
533 0.9079 1.4115 0.2118 -0.6566 -0.1817 17.6464 -12.9950 13.7646
534 0.8448 1.3922 0.1892 -0.7832 -0.2203 18.7199 -12.4730 13.4508
535 0.7607 1.4059 0.1735 -0.9520 -0.1931 18.1235 -10.6900 10.9818
536 0.6882 1.4110 0.1473 -1.0974 -0.1828 19.6847 -7.4300 6.9006
537 0.6196 1.3842 0.1333 -1.2354 -0.2365 19.1970 -6.2280 7.8063
538 0.5876 1.3520 0.1195 -1.2999 -0.3011 20.4608 -4.9090 5.5933
539 0.5958 1.3085 0.1218 -1.2843 -0.3883 19.6188 -4.5130 4.8834
540 0.6336 1.2591 0.1230 -1.2093 -0.4875 19.9247 -3.7560 3.8431
541 0.9765 1.2782 0.1370 -0.5237 -0.4494 19.1902 -4.2830 5.4420
542 0.9787 1.2987 0.1533 -0.5195 -0.4086 18.2941 -3.2290 2.8406
543 0.9905 1.2982 0.1685 -0.4962 -0.4097 18.5295 -2.9120 3.7518
544 1.0144 1.3028 0.2027 -0.4487 -0.4008 16.8768 -1.8250 0.7421
545 1.0322 1.3181 0.2195 -0.4132 -0.3703 17.9986 -2.0520 2.1452
546 1.0336 1.3347 0.2421 -0.4108 -0.3374 16.5295 -2.8380 3.9499
547 1.0286 1.3328 0.2440 -0.4209 -0.3414 17.1203 -2.4310 3.2589
548 1.0142 1.2993 0.2337 -0.4499 -0.4085 16.5854 -1.8840 2.6793
549 0.9982 1.2540 0.2144 -0.4822 -0.4993 17.5144 -0.9880 1.3218
550 0.9935 1.2135 0.1764 -0.4918 -0.5807 18.4489 0.6310 -1.1527
count posx posy posz xout yout zout heading hd_out
1 0.0000 0.0000 0.0000 0.0000 0.0000 0.0000 0.0000 0.0000
2 0.0001 0.0001 0.1302 0.0002 0.0002 0.0000 -5.8070 6.5875
3 0.0003 0.0003 0.1254 0.0007 0.0006 0.0000 -5.8990 6.9084
4 0.0007 0.0005 0.1290 0.0015 0.0010 0.0000 -5.9810 6.8973
5 0.0013 0.0007 0.1242 0.0025 0.0013 0.0000 -6.1690 7.1510
6 0.0019 0.0008 0.1254 0.0038 0.0016 0.0000 -6.2990 7.1755
7 0.0027 0.0008 0.1230 0.0053 0.0016 0.0000 -6.1920 7.0564
8 0.0035 0.0009 0.1302 0.0071 0.0019 0.0000 -6.2390 7.1799
9 0.0046 0.0010 0.1236 0.0093 0.0019 0.0000 -6.1540 7.0141
10 0.0057 0.0009 0.1296 0.0114 0.0018 0.0000 -6.0780 5.1894
11 1.2552 1.5529 0.1278 0.0103 0.1060 1.3005 -5.8750 6.5947
12 1.2554 1.5529 0.1278 0.0109 0.1060 0.8035 -5.9070 6.7972
13 1.2558 1.5532 0.1260 0.0117 0.1065 1.5912 -5.8610 6.7104
14 1.2563 1.5535 0.1296 0.0127 0.1072 1.3732 -5.7920 6.7204
15 1.2571 1.5541 0.1230 0.0143 0.1084 1.8441 -5.8200 6.6002
16 1.2580 1.5547 0.1296 0.0161 0.1098 1.5077 -5.9550 6.8528
17 1.2592 1.5555 0.1260 0.0184 0.1114 1.7385 -6.0030 6.8617
18 1.2605 1.5564 0.1296 0.0210 0.1133 1.6409 -6.0490 6.8750
19 1.2618 1.5574 0.1266 0.0238 0.1152 1.9802 -5.9050 19.8774
20 1.2631 1.5581 0.1290 0.0262 0.1168 1.8410 -5.9020 6.5490
21 1.2260 1.5510 0.1266 -0.0479 0.1027 1.8590 -5.0000 3.8097
22 1.2262 1.5511 0.1272 -0.0476 0.1029 1.2305 -5.8760 6.7493
23 1.2264 1.5511 0.1254 -0.0472 0.1029 1.9574 -5.7020 6.4133
24 1.2267 1.5511 0.1302 -0.0467 0.1029 0.9994 -5.6870 6.3766
25 1.2271 1.5511 0.1236 -0.0459 0.1030 2.0667 -5.5610 6.3365
26 1.2275 1.5510 0.1266 -0.0451 0.1029 2.3450 -5.5210 6.2920
27 1.2279 1.5508 0.1242 -0.0443 0.1025 2.1284 -5.3790 6.2075
28 1.2285 1.5506 0.1290 -0.0430 0.1022 2.1899 -5.1930 5.8625
29 1.2292 1.5504 0.1284 -0.0417 0.1018 1.8767 -5.0130 5.6445
30 1.2295 1.5503 0.1284 -0.0410 0.1017 1.8988 -5.0270 5.7557
31 1.2690 1.5190 0.1278 0.0378 0.0392 2.2413 -4.9690 5.6222
32 1.2689 1.5191 0.1266 0.0377 0.0392 2.3472 -4.9880 5.7835
33 1.2690 1.5191 0.1236 0.0379 0.0392 2.5635 -5.0570 5.8158
34 1.2693 1.5187 0.1290 0.0385 0.0385 2.4358 -5.1100 5.9082
35 1.2698 1.5184 0.1172 0.0396 0.0379 3.1738 -5.1300 5.8614
36 1.2705 1.5182 0.1272 0.0410 0.0375 2.3657 -5.1720 6.0194
37 1.2710 1.5179 0.1183 0.0421 0.0371 3.1681 -5.3130 6.0383
38 1.2716 1.5178 0.1296 0.0431 0.0367 2.4512 -5.4520 6.3421
39 1.2720 1.5175 0.1183 0.0440 0.0363 3.4800 -5.6800 6.4934
40 1.2724 1.5173 0.1272 0.0449 0.0359 2.6869 -5.6780 6.3577
41 1.2461 1.5497 0.1272 -0.0077 0.1006 2.3628 -5.7420 6.6247
42 1.2464 1.5493 0.1248 -0.0072 0.0999 2.7478 -5.8200 6.6425
43 1.2468 1.5489 0.1236 -0.0063 0.0991 2.5716 -5.5200 5.5699
44 1.2474 1.5483 0.1272 -0.0051 0.0981 2.7160 -5.6880 6.5401
45 1.2482 1.5477 0.1230 -0.0035 0.0969 3.2545 -3.5710 -30.0000
46 1.2491 1.5470 0.1266 -0.0017 0.0954 2.6822 -5.7460 6.5602
47 1.2502 1.5459 0.1266 0.0005 0.0935 2.7790 -5.6970 6.4901
48 1.2517 1.5449 0.1260 0.0036 0.0914 2.8284 -5.7350 6.5479
49 1.2536 1.5438 0.1278 0.0072 0.0892 2.8889 -5.6650 6.4700
50 1.2553 1.5428 0.1266 0.0106 0.0873 3.0631 -5.7560 6.5802
51 1.2561 1.6299 0.1278 0.0123 0.2617 2.8273 -5.7340 6.5602
52 1.2565 1.6298 0.1278 0.0131 0.2615 2.9254 -5.7710 6.6125
53 1.2572 1.6295 0.1254 0.0144 0.2612 2.8913 -5.7900 6.5802
54 1.2579 1.6292 0.1195 0.0160 0.2607 3.9978 -5.7990 6.5079
55 1.2589 1.6288 0.1230 0.0179 0.2600 3.5516 -5.7460 6.5246
56 1.2601 1.6282 0.1178 0.0203 0.2590 3.9226 -5.6890 6.4411
57 1.2615 1.6276 0.1272 0.0232 0.2579 3.3663 -5.6700 6.4088
58 1.2632 1.6270 0.1218 0.0266 0.2568 3.8040 -5.6980 6.6002
59 1.2651 1.6264 0.1284 0.0303 0.2556 2.9322 -5.7830 6.6236
60 1.2667 1.6258 0.1266 0.0335 0.2545 3.4191 -5.7610 6.5479
61 1.2541 1.5620 0.1266 0.0084 0.1270 3.3883 -5.7130 6.5324
62 1.2544 1.5619 0.1189 0.0090 0.1269 4.1672 -5.6640 6.4689
63 1.2546 1.5618 0.1236 0.0095 0.1268 3.4614 -5.5350 6.1919
64 1.2550 1.5617 0.1160 0.0102 0.1267 4.7091 -5.5620 6.3554
65 1.2556 1.5616 0.1272 0.0114 0.1265 3.4043 -5.4200 6.2486
66 1.2564 1.5614 0.1284 0.0131 0.1261 3.3551 -5.4060 6.2442
67 1.2575 1.5610 0.1254 0.0153 0.1255 3.5726 -5.4450 6.2319
68 1.2588 1.5606 0.1260 0.0178 0.1247 2.6550 -5.4970 6.2030
69 1.2604 1.5601 0.1248 0.0210 0.1238 3.6589 -5.5590 6.4678
70 1.2619 1.5596 0.1315 0.0240 0.1229 3.1897 -5.5650 6.3254
71 1.2362 1.5759 0.1248 -0.0275 0.1555 3.6571 -5.5950 6.4611
72 1.2366 1.5757 0.1254 -0.0266 0.1552 3.6238 -5.6640 6.5112
73 1.2372 1.5754 0.1254 -0.0253 0.1547 3.9613 -5.7000 6.5090
74 1.2381 1.5750 0.1296 -0.0236 0.1539 3.2515 -5.6620 2.5190
75 1.2392 1.5744 0.1302 -0.0213 0.1528 3.4544 -5.6400 6.4756
76 1.2407 1.5738 0.1284 -0.0185 0.1516 3.7692 -5.5680 6.3621
77 1.2425 1.5729 0.1284 -0.0148 0.1500 3.7462 -5.5040 6.2976
78 1.2365 1.5719 0.1278 -0.0268 0.1480 3.6742 -5.5760 6.3243
79 1.2287 1.5709 0.1278 -0.0425 0.1461 3.0031 -5.6100 6.3777
80 1.2241 1.5704 0.1284 -0.0517 0.1451 3.9016 -5.6700 6.6158
81 1.2311 1.5859 0.1248 -0.0377 0.1763 4.1231 -5.5770 17.2316
82 1.2316 1.5858 0.1272 -0.0368 0.1761 4.2342 -5.5350 6.2030
83 1.2323 1.5855 0.1260 -0.0354 0.1756 3.9929 -5.5970 6.3966
84 1.2333 1.5851 0.1218 -0.0334 0.1748 4.6488 -5.7690 6.5858
85 1.2346 1.5843 0.1242 -0.0308 0.1733 4.2232 -5.8710 6.7393
86 1.2363 1.5833 0.1272 -0.0274 0.1715 4.0796 -5.8810 6.6258
87 1.2381 1.5825 0.1242 -0.0237 0.1699 4.2972 -5.9040 6.8027
88 1.2403 1.5815 0.1278 -0.0195 0.1680 4.0813 -6.0820 6.9629
89 1.2428 1.5804 0.1266 -0.0144 0.1660 4.5050 -6.1070 6.9952
90 1.2445 1.5798 0.1254 -0.0110 0.1647 4.5506 -6.1650 6.9774
91 1.2503 1.5290 0.1260 0.0006 0.0633 4.3957 -6.2000 7.0319
92 1.2511 1.5290 0.1260 0.0021 0.0632 3.7823 -6.2820 7.1232
93 1.2523 1.5286 0.1236 0.0046 0.0624 4.6981 -6.2780 7.1410
94 1.2542 1.5284 0.1284 0.0083 0.0621 4.0994 -6.2930 7.2801
95 1.2563 1.5282 0.1254 0.0127 0.0618 4.4388 -6.2450 7.0442
96 1.2585 1.5281 0.1290 0.0170 0.0616 4.2139 -6.2450 7.1488
97 1.2616 1.5280 0.1266 0.0231 0.0615 4.2431 -6.3310 7.2222
98 1.2650 1.5275 0.1296 0.0301 0.0605 3.5051 -6.2940 7.1855
99 1.2628 1.5267 0.1201 0.0256 0.0589 5.3380 -6.2840 7.2478
100 1.2577 1.5259 0.1272 0.0154 0.0572 4.6932 -6.3300 7.1565
101 1.2462 1.5689 0.1242 -0.0076 0.1434 4.7231 -6.3360 7.1476
102 1.2468 1.5687 0.1284 -0.0064 0.1430 4.6172 -6.2340 7.0052
103 1.2473 1.5685 0.1296 -0.0053 0.1427 4.4473 -6.2820 7.1209
104 1.2481 1.5683 0.1272 -0.0038 0.1424 4.8353 -6.4260 7.3702
105 1.2493 1.5681 0.1278 -0.0014 0.1420 4.4996 -6.4430 7.3290
106 1.2510 1.5681 0.1248 0.0020 0.1421 4.8962 -6.5380 7.4837
107 1.2529 1.5682 0.1278 0.0059 0.1423 3.9271 -6.6650 7.7674
108 1.2547 1.5683 0.1272 0.0094 0.1427 4.9830 -6.6390 7.6272
109 1.2571 1.5683 0.1278 0.0142 0.1427 4.1174 -6.6830 7.6183
110 1.2593 1.5683 0.1272 0.0187 0.1428 5.1101 -6.7290 7.7496
111 1.2427 1.5959 0.1260 -0.0146 0.1981 4.2193 -6.7690 7.6984
112 1.2431 1.5957 0.1296 -0.0137 0.1978 4.8859 -6.7880 7.6951
113 1.2439 1.5952 0.1260 -0.0122 0.1969 5.2980 -6.7780 7.6506
114 1.2453 1.5950 0.1302 -0.0094 0.1965 4.8863 -6.6710 7.5137
115 1.2468 1.5946 0.1266 -0.0064 0.1958 4.9997 -6.6080 7.4948
116 1.2491 1.5940 0.1272 -0.0018 0.1947 5.0245 -6.4400 7.1721
117 1.2520 1.5936 0.1260 0.0040 0.1939 5.5664 -6.2890 7.0931
118 1.2555 1.5933 0.1296 0.0111 0.1935 4.1578 -6.3310 7.2422
119 1.2595 1.5931 0.1284 0.0190 0.1932 5.1703 -6.2530 7.1421
120 1.2618 1.5928 0.1296 0.0236 0.1927 5.1063 -5.9970 6.4700
121 1.2762 1.6118 0.1266 0.0525 0.2309 5.4383 -5.9600 6.7782
122 1.2769 1.6114 0.1266 0.0539 0.2301 5.1759 -5.8460 6.7070
123 1.2798 1.6114 0.1284 0.0598 0.2303 5.1160 -6.1160 7.0475
124 1.2831 1.6107 0.1260 0.0664 0.2290 5.3824 -6.0970 7.0063
125 1.2858 1.6098 0.1254 0.0718 0.2272 5.5512 -6.2770 7.2111
126 1.2864 1.6071 0.1248 0.0731 0.2220 5.6605 -6.3230 7.1777
127 1.2872 1.6050 0.1242 0.0746 0.2179 5.7102 -6.3180 7.0787
128 1.2891 1.6042 0.1284 0.0785 0.2164 5.4221 -6.3610 7.2934
129 1.2914 1.6038 0.1266 0.0832 0.2156 4.6772 -6.5320 7.6372
130 1.2939 1.6041 0.1272 0.0882 0.2165 5.9970 -6.5320 7.4347
131 1.2434 1.5691 0.1260 -0.0128 0.1464 5.6276 -6.8160 7.7707
132 1.2449 1.5688 0.1195 -0.0098 0.1458 6.8051 -6.8970 7.8653
133 1.2475 1.5681 0.1260 -0.0046 0.1445 5.9405 -6.9740 7.9154
134 1.2498 1.5659 0.1213 -0.0001 0.1402 6.7280 -7.0480 -30.0000
135 1.2517 1.5640 0.1278 0.0037 0.1365 5.7366 -7.5000 9.5243
136 1.2549 1.5628 0.1278 0.0102 0.1342 5.6538 -7.0620 8.7810
137 1.2582 1.5578 0.1230 0.0168 0.1242 6.3267 -7.1060 8.0734
138 1.2648 1.5482 0.1290 0.0300 0.1052 5.7649 -7.0990 7.9677
139 1.2714 1.5321 0.1266 0.0432 0.0729 6.1516 -7.0210 7.9788
140 1.2773 1.5197 0.1296 0.0552 0.0482 5.8790 -7.1040 8.1802
141 1.2391 1.5111 0.1254 -0.0213 0.0309 6.3554 -7.1350 8.0456
142 1.2368 1.5032 0.1290 -0.0259 0.0151 4.9547 -6.9600 7.7819
143 1.2326 1.4939 0.1236 -0.0343 -0.0034 6.1667 -6.9020 7.8175
144 1.2269 1.4832 0.1278 -0.0458 -0.0248 6.1183 -6.9690 7.9899
145 1.2208 1.4729 0.1166 -0.0580 -0.0454 7.5618 -6.9930 7.9588
146 1.2142 1.4619 0.1278 -0.0712 -0.0676 6.2534 -6.9510 7.7585
147 1.2085 1.4501 0.1178 -0.0827 -0.0912 7.0783 -6.9410 7.9143
148 1.2044 1.4388 0.1266 -0.0909 -0.1139 6.1733 -6.9130 7.9365
149 1.2013 1.4290 0.1296 -0.0973 -0.1335 6.0869 -7.0000 7.9977
150 1.1982 1.4233 0.1272 -0.1035 -0.1450 5.6954 -6.9860 7.9399
151 1.2444 1.5596 0.1254 -0.0111 0.1276 5.5436 -6.8480 7.7017
152 1.2423 1.5557 0.1296 -0.0152 0.1198 6.3121 -6.9670 8.1101
153 1.2413 1.5490 0.1266 -0.0173 0.1065 6.5311 -6.8780 7.7017
154 1.2403 1.5433 0.1166 -0.0192 0.0953 7.6499 -6.7280 7.4948
155 1.2408 1.5414 0.1284 -0.0182 0.0915 5.9655 -6.7090 7.5805
156 1.2374 1.5413 0.1272 -0.0251 0.0913 6.8668 -6.6910 7.6116
157 1.2305 1.5412 0.1272 -0.0389 0.0911 6.4813 -6.7770 7.7006
158 1.2257 1.5415 0.1302 -0.0486 0.0918 6.4544 -6.5540 7.3101
159 1.2246 1.5513 0.1266 -0.0508 0.1114 6.7468 -6.5510 7.3023
160 1.2251 1.5634 0.1321 -0.0499 0.1356 6.3600 -6.5590 7.5382
161 1.2447 1.5709 0.1272 -0.0107 0.1508 6.9125 -6.5430 7.4536
162 1.2467 1.5813 0.1266 -0.0065 0.1715 6.7202 -6.6950 7.6072
163 1.2460 1.5888 0.1254 -0.0079 0.1868 7.0207 -6.6170 7.5382
164 1.2511 1.5868 0.1290 0.0022 0.1828 6.6156 -6.4810 7.4113
165 1.2855 1.5623 0.1266 0.0709 0.1339 6.8820 -6.8460 7.9399
166 1.3481 1.5177 0.1278 0.1963 0.0448 6.0076 -6.8960 7.8397
167 1.4154 1.4864 0.1230 0.3310 -0.0180 7.3860 -6.8840 7.9376
168 1.4937 1.4547 0.1266 0.4879 -0.0814 6.9939 -6.8100 7.7774
169 1.5529 1.4434 0.1260 0.6066 -0.1041 7.2226 -6.8840 7.8086
170 1.5967 1.4420 0.1254 0.6946 -0.1069 7.5048 -6.7930 7.8609
171 1.2442 1.5327 0.1195 -0.0105 0.0745 8.0017 -6.9800 8.0222
172 1.2380 1.5428 0.1290 -0.0229 0.0947 7.1295 -7.2520 8.3450
173 1.2166 1.5545 0.1230 -0.0657 0.1182 7.8249 -7.4460 8.6430
174 1.1816 1.5646 0.1260 -0.1358 0.1386 7.0842 -77.4260 30.0000
175 1.1333 1.5671 0.1278 -0.2325 0.1437 6.4918 -7.3080 8.2358
176 1.0829 1.5600 0.1272 -0.3333 0.1295 7.2524 -7.2490 30.0000
177 1.0347 1.5476 0.1290 -0.4300 0.1047 7.2518 -7.4470 8.4528
178 1.0065 1.5753 0.1266 -0.4867 0.1601 7.2175 -7.5590 8.4817
179 0.9711 1.6079 0.1248 -0.5578 0.2254 7.6491 -7.6960 8.6720
180 0.9373 1.6388 0.1284 -0.6257 0.2874 7.4263 -7.7000 8.7120
181 1.2444 1.5491 0.1278 -0.0115 0.1081 7.2361 -7.7070 8.7510
182 1.2587 1.5246 0.1266 0.0171 0.0591 7.9607 -7.8480 9.0814
183 1.2777 1.4935 0.1154 0.0552 -0.0031 8.8525 -7.9870 9.1805
184 1.3030 1.4332 0.1266 0.1059 -0.1237 7.4325 -8.3650 9.7412
185 1.3141 1.3536 0.1254 0.1281 -0.2831 7.5544 -8.5000 9.6600
186 1.3006 1.2717 0.1272 0.1012 -0.4472 7.9159 -8.6550 9.7924
187 1.2836 1.2011 0.1284 0.0673 -0.5887 7.3869 -8.8540 10.2809
188 1.2554 1.1460 0.1302 0.0107 -0.6992 7.6256 -8.9690 10.1685
189 1.2298 1.0951 0.1183 -0.0405 -0.8015 8.7221 -9.0640 10.2720
190 1.1982 1.0328 0.1213 -0.1036 -0.9266 7.8689 -8.9900 10.2230
191 1.2850 1.4938 0.1296 0.0699 -0.0045 7.4865 -9.0580 10.2586
192 1.3116 1.4852 0.1260 0.1233 -0.0217 8.0787 -9.1960 10.6458
193 1.3206 1.4982 0.1260 0.1412 0.0043 7.9955 -9.2180 10.3498
194 1.3179 1.4948 0.1189 0.1359 -0.0025 9.0638 -9.1390 -30.0000
195 1.3356 1.4844 0.1230 0.1715 -0.0234 8.3674 -99.2260 -30.0000
196 1.3272 1.4687 0.1207 0.1548 -0.0548 8.6876 -9.2370 10.6669
197 1.3140 1.4627 0.1260 0.1284 -0.0668 8.2043 -9.1410 10.3376
198 1.2970 1.4799 0.1278 0.0945 -0.0324 7.9034 -9.0830 10.1774
199 1.2891 1.4745 0.1260 0.0786 -0.0433 8.5187 -8.9740 10.0161
200 1.2846 1.4727 0.1284 0.0696 -0.0469 8.1298 -9.1220 10.6458
201 1.2311 1.5669 0.1248 -0.0373 0.1417 8.2329 -8.9910 10.2820
202 1.2135 1.5680 0.1284 -0.0725 0.1439 7.3064 -9.0750 10.1106
203 1.1990 1.5652 0.1254 -0.1016 0.1383 8.3544 -9.1500 10.3743
204 1.1710 1.5639 0.1290 -0.1576 0.1357 8.3190 -9.4980 10.7393
205 1.1381 1.5766 0.1278 -0.2235 0.1612 8.1390 -9.4930 10.6291
206 1.1234 1.5821 0.1290 -0.2532 0.1723 8.3919 -9.5300 10.9128
207 1.1090 1.5829 0.1183 -0.2820 0.1740 9.5892 -9.3340 10.2252
208 1.1224 1.5814 0.1290 -0.2555 0.1711 8.3433 -9.6320 11.2222
209 1.1147 1.5623 0.1302 -0.2710 0.1330 8.2934 -9.8140 11.0619
210 1.0846 1.5287 0.1272 -0.3312 0.0658 8.2650 -10.0880 11.5982
211 1.2256 1.5594 0.1172 -0.0493 0.1273 9.6183 -10.3070 11.7195
212 1.1737 1.5609 0.1272 -0.1533 0.1303 8.5711 -10.5600 11.9231
213 1.0856 1.5466 0.1254 -0.3295 0.1018 7.8222 -10.7070 11.9309
214 0.9997 1.5354 0.1272 -0.5017 0.0795 8.9484 -10.8390 12.2803
215 0.9072 1.5195 0.1278 -0.6869 0.0477 8.7301 -10.6680 12.0077
216 0.8216 1.5033 0.1218 -0.8587 0.0153 9.6030 -10.7420 12.3459
217 0.7199 1.4716 0.1266 -1.0626 -0.0483 8.7660 -10.8330 12.2536
218 0.6048 1.4295 0.1272 -1.2935 -0.1325 8.7304 -10.8210 12.1601
219 0.4810 1.3881 0.1266 -1.5418 -0.2155 9.0812 -10.8450 12.3203
220 0.4121 1.3562 0.1248 -1.6804 -0.2793 9.3195 -10.7750 11.9910
221 1.2478 1.5524 0.1272 -0.0089 0.1132 8.7666 -10.7400 12.0210
222 1.2357 1.5521 0.1278 -0.0331 0.1126 7.7927 -10.7030 12.2558
223 1.2149 1.5410 0.1248 -0.0748 0.0904 9.0699 -10.6700 11.9743
224 1.1810 1.5158 0.1284 -0.1426 0.0401 8.2595 -10.6980 12.0967
225 1.1575 1.4548 0.1236 -0.1897 -0.0819 9.2284 -10.6460 12.0121
226 1.1298 1.3548 0.1272 -0.2454 -0.2822 9.1351 -10.5110 11.6594
227 1.0967 1.2428 0.1178 -0.3116 -0.5065 9.9470 -1485.0000 30.0000
228 1.0548 1.1271 0.1272 -0.3956 -0.7382 9.0296 -10.3400 11.6717
229 1.0125 1.0009 0.1278 -0.4805 -0.9911 9.0536 -10.5320 11.7963
230 0.9751 0.9006 0.1284 -0.5555 -1.1922 9.1906 -10.5990 11.7395
231 1.2491 1.5834 0.1266 -0.0075 0.1733 9.0772 -10.6540 12.0277
232 1.2175 1.5829 0.1278 -0.0708 0.1724 9.1494 -10.4980 11.8408
233 1.1809 1.5771 0.1296 -0.1441 0.1609 8.6695 -10.3250 11.6327
234 1.1567 1.5746 0.1266 -0.1925 0.1561 9.4274 -10.3790 11.5994
235 1.1537 1.5702 0.1278 -0.1986 0.1473 8.4340 -10.5390 11.9443
236 1.1522 1.5625 0.1278 -0.2017 0.1319 9.4168 -10.6220 12.1279
237 1.1525 1.5426 0.1284 -0.2012 0.0921 9.5620 -10.7670 12.2981
238 1.1488 1.5191 0.1284 -0.2087 0.0451 9.3562 -10.9500 12.4194
239 1.1288 1.4909 0.1272 -0.2489 -0.0111 9.6584 -11.0940 12.4127
240 1.0894 1.4566 0.1296 -0.3278 -0.0799 9.4566 -11.2600 12.7287
241 1.2267 1.5755 0.1254 -0.0533 0.1581 9.9932 -11.0370 12.2313
242 1.1945 1.5700 0.1272 -0.1177 0.1472 9.7531 -11.0540 12.2057
243 1.1684 1.5589 0.1272 -0.1701 0.1249 9.5505 -11.1020 12.3704
244 1.1438 1.5605 0.1315 -0.2193 0.1283 9.3176 -11.2640 12.9290
245 1.0872 1.5446 0.1260 -0.3327 0.0965 9.8886 -11.3160 12.7576
246 1.0227 1.5148 0.1296 -0.4619 0.0369 8.7195 -11.2200 12.6530
247 0.9839 1.4830 0.1260 -0.5397 -0.0268 10.1425 -11.2200 12.6374
248 0.9646 1.4549 0.1290 -0.5787 -0.0830 9.6955 -11.5000 13.1070
249 0.9393 1.4223 0.1266 -0.6296 -0.1483 9.6042 -11.1000 8.8611
250 0.9325 1.3895 0.1296 -0.6435 -0.2140 9.6294 -11.6380 13.2583
251 1.2600 1.5803 0.1272 0.0115 0.1678 9.8298 -11.4030 12.8922
252 1.2607 1.5652 0.1260 0.0129 0.1376 10.1920 -11.3630 12.7765
253 1.2655 1.5527 0.1230 0.0225 0.1125 10.1676 -11.1900 12.3504
254 1.2708 1.5466 0.1284 0.0332 0.1004 10.0377 -11.2430 12.5584
255 1.2650 1.5174 0.1266 0.0215 0.0422 10.2911 -11.2900 12.8778
256 1.2411 1.4766 0.1284 -0.0262 -0.0396 9.8100 -11.2130 12.4338
257 1.2255 1.4417 0.1272 -0.0574 -0.1094 9.2283 -11.3410 12.7832
258 1.2116 1.4082 0.1242 -0.0853 -0.1765 10.2706 -11.5910 13.1660
259 1.1785 1.3756 0.1278 -0.1515 -0.2417 9.4052 -11.5900 12.7932
260 1.1282 1.3370 0.1272 -0.2524 -0.3191 10.4596 -11.3660 12.3304
261 1.2397 1.5897 0.1284 -0.0293 0.1864 10.4041 -11.3750 13.2550
262 1.2409 1.5832 0.1302 -0.0268 0.1734 9.8592 -11.1130 12.3782
263 1.2482 1.5817 0.1254 -0.0123 0.1705 10.4765 -11.5020 13.0580
264 1.2453 1.5619 0.1296 -0.0182 0.1309 10.2474 -11.5210 13.0191
265 1.2227 1.5307 0.1260 -0.0634 0.0687 10.4782 -11.3220 12.5128
266 1.1766 1.4812 0.1254 -0.1555 -0.0303 9.9958 -11.2510 12.5340
267 1.1255 1.4174 0.1230 -0.2580 -0.1581 10.9105 -11.3090 12.8633
268 1.0868 1.3621 0.1290 -0.3354 -0.2688 10.5893 -11.6450 13.1637
269 1.0454 1.2982 0.1201 -0.4184 -0.3969 11.3375 -11.4510 12.7988
270 1.0109 1.2475 0.1290 -0.4878 -0.4985 10.4147 -11.4210 12.7231
271 1.2347 1.5476 0.1183 -0.0401 0.1018 11.4276 -11.4050 12.8744
272 1.2180 1.5393 0.1266 -0.0736 0.0851 10.9533 -11.3260 12.6619
273 1.1997 1.5346 0.1272 -0.1103 0.0759 10.4373 -11.4360 12.8689
274 1.1734 1.5293 0.1248 -0.1629 0.0652 11.0622 -11.6080 13.3829
275 1.1463 1.5249 0.1284 -0.2172 0.0565 10.7274 -11.8770 13.7979
276 1.1324 1.5183 0.1278 -0.2451 0.0433 10.7154 -11.7940 13.0336
277 1.1034 1.5031 0.1254 -0.3033 0.0130 10.0989 -11.8130 13.1637
278 1.0561 1.4803 0.1296 -0.3980 -0.0327 10.6914 -11.8470 13.1971
279 0.9879 1.4530 0.1278 -0.5348 -0.0873 11.0669 -11.8590 13.4241
280 0.9395 1.4378 0.1278 -0.6318 -0.1177 11.0954 -11.9660 13.1804
281 1.2255 1.5397 0.1272 -0.0598 0.0861 10.1292 -11.6360 12.9379
282 1.2037 1.5344 0.1321 -0.1035 0.0753 10.7097 -11.4190 12.1223
283 1.1757 1.5262 0.1242 -0.1597 0.0591 11.2085 -11.1590 12.4984
284 1.1611 1.5229 0.1302 -0.1888 0.0524 10.9430 -11.3330 13.0280
285 1.1472 1.5226 0.1260 -0.2167 0.0519 11.3661 -11.3550 12.9879
286 1.1244 1.5120 0.1290 -0.2625 0.0307 10.0939 -11.2580 12.6063
287 1.0947 1.4887 0.1272 -0.3220 -0.0158 11.2347 -11.0890 12.3137
288 1.0870 1.4646 0.1254 -0.3377 -0.0641 11.7900 -11.3180 12.9601
289 1.0787 1.4403 0.1149 -0.3545 -0.1128 12.4293 -1.3670 -19.7484
290 1.0741 1.4158 0.1284 -0.3639 -0.1618 11.3132 -11.5110 13.1437
291 1.2451 1.5802 0.1266 -0.0219 0.1671 11.2068 -0.5610 0.7911
292 1.2582 1.5819 0.1266 0.0044 0.1705 11.5436 -11.4240 12.6397
293 1.2606 1.5769 0.1260 0.0092 0.1605 11.2940 -11.1370 11.9999
294 1.2530 1.5533 0.1266 -0.0059 0.1135 11.6782 -10.9730 12.1312
295 1.2529 1.5111 0.1242 -0.0061 0.0291 11.4647 -10.9930 12.3159
296 1.2519 1.4671 0.1260 -0.0082 -0.0589 11.8856 -10.8260 11.9231
297 1.2346 1.4091 0.1272 -0.0427 -0.1751 11.5365 -10.7410 11.8375
298 1.2236 1.3363 0.1278 -0.0647 -0.3208 11.6209 -10.7500 12.2124
299 1.2129 1.2580 0.1284 -0.0863 -0.4777 11.5851 -10.9500 12.8177
300 1.1979 1.1951 0.1266 -0.1163 -0.6039 10.7705 -10.8790 12.0934
301 1.2541 1.5381 0.1242 -0.0039 0.0822 11.7318 -10.9130 12.3715
302 1.2607 1.5367 0.1166 0.0093 0.0795 12.9222 -10.9120 12.2013
303 1.2821 1.5304 0.1248 0.0522 0.0669 11.9752 -10.8020 11.7807
304 1.2971 1.5175 0.1183 0.0822 0.0411 12.6104 -10.7540 11.8987
305 1.3159 1.5070 0.1242 0.1199 0.0201 12.0034 -10.5940 11.6828
306 1.3318 1.5029 0.1254 0.1517 0.0119 12.1362 -10.4610 11.4302
307 1.3477 1.4971 0.1248 0.1837 0.0004 11.1854 -10.3790 11.4169
308 1.3836 1.4738 0.1260 0.2557 -0.0462 12.1386 -10.2238 10.9233
309 1.4207 1.4553 0.1272 0.3299 -0.0834 11.7919 -10.4920 11.6783
310 1.4454 1.4354 0.1272 0.3796 -0.1232 11.9404 -10.5440 11.9921
311 1.2318 1.5684 0.1272 -0.0476 0.1429 11.9100 -10.9040 12.6619
312 1.2291 1.5962 0.1278 -0.0530 0.1985 11.8745 -10.7470 11.8375
313 1.2246 1.6154 0.1224 -0.0621 0.2370 12.7380 -10.8290 11.7395
314 1.2083 1.6445 0.1272 -0.0948 0.2955 12.0820 -10.8800 11.6249
315 1.1837 1.6767 0.1242 -0.1440 0.3601 12.4786 -10.7440 11.9765
316 1.1726 1.7164 0.1290 -0.1663 0.4396 11.7009 -10.8770 12.0155
317 1.1459 1.7664 0.1230 -0.2197 0.5399 12.4577 -10.8090 12.0244
318 1.1163 1.8254 0.1266 -0.2792 0.6582 12.3645 -10.7240 12.1835
319 1.0750 1.8842 0.1260 -0.3620 0.7761 12.6543 -10.7170 12.6007
320 1.0441 1.9335 0.1278 -0.4239 0.8752 12.2860 -10.2780 11.2845
321 1.2402 1.5303 0.1248 -0.0317 0.0689 12.3777 -10.2650 11.5882
322 1.2403 1.5197 0.1260 -0.0315 0.0477 12.5701 -10.1880 11.2778
323 1.2292 1.5025 0.1230 -0.0537 0.0133 12.0807 -10.0680 11.0397
324 1.1943 1.4923 0.1248 -0.1235 -0.0070 12.6105 -10.1390 11.5771
325 1.1482 1.4770 0.1254 -0.2158 -0.0377 12.6363 -9.9720 11.2066
326 1.0956 1.4730 0.1154 -0.3212 -0.0457 13.7500 -10.1320 11.3379
327 1.0517 1.4505 0.1248 -0.4093 -0.0908 12.7843 -9.9620 11.5092
328 1.0029 1.4170 0.1172 -0.5071 -0.1579 13.7377 -9.7860 11.5025
329 0.9604 1.3805 0.1254 -0.5924 -0.2310 12.8485 -9.5610 10.8071
330 0.9325 1.3416 0.1266 -0.6485 -0.3089 12.7339 -9.6640 10.9507
331 1.2540 1.5243 0.1284 -0.0056 0.0565 12.5473 -9.1800 9.8825
332 1.2655 1.5070 0.1272 0.0174 0.0218 12.1386 -9.0240 10.1318
333 1.2801 1.4678 0.1230 0.0468 -0.0565 12.9725 -9.1700 10.4856
334 1.3084 1.4108 0.1272 0.1035 -0.1708 12.8655 -9.2020 10.2030
335 1.3356 1.3440 0.1224 0.1578 -0.3044 13.2380 -9.6410 10.8205
336 1.3610 1.2848 0.1201 0.2087 -0.4230 13.7970 -9.3210 10.5379
337 1.3959 1.2372 0.1160 0.2786 -0.5186 14.0828 -9.6300 10.9930
338 1.4249 1.1737 0.1296 0.3368 -0.6457 12.7867 -9.4370 11.0096
339 1.4631 1.1024 0.1254 0.4135 -0.7889 13.0311 -9.4660 11.1576
340 1.4840 1.0271 0.1266 0.4556 -0.9399 13.2763 -9.5160 10.5880
341 1.2828 1.5107 0.1278 0.0531 0.0273 13.1687 -9.5900 11.2110
342 1.3010 1.5128 0.1242 0.0896 0.0314 13.7580 -9.8420 11.2756
343 1.3159 1.5160 0.1242 0.1196 0.0379 12.5550 -9.5940 11.0397
344 1.3542 1.4964 0.1284 0.1961 -0.0012 12.8496 -9.6590 11.2478
345 1.4112 1.4620 0.1278 0.3104 -0.0701 13.3791 -9.5010 11.0475
346 1.4799 1.4079 0.1166 0.4480 -0.1784 14.7613 -9.2080 10.5256
347 1.5674 1.3219 0.1260 0.6233 -0.3507 13.3102 -8.9100 9.6355
348 1.6520 1.2261 0.1248 0.7929 -0.5424 13.7302 -9.3060 -30.0000
349 1.7019 1.1601 0.1236 0.8932 -0.6749 12.7862 -99.3100 30.0000
350 1.7660 1.0827 0.1254 1.0219 -0.8301 13.8407 -9.4770 10.8850
351 1.2742 1.5181 0.1254 0.0384 0.0408 12.5756 -9.1690 30.0000
352 1.2937 1.5151 0.1278 0.0774 0.0348 13.2002 -9.3620 10.1496
353 1.2862 1.5218 0.1248 0.0624 0.0482 13.7182 -9.1220 9.3996
354 1.2430 1.5146 0.1260 -0.0240 0.0338 13.7313 -8.8330 9.5988
355 1.2025 1.5068 0.1248 -0.1051 0.0182 13.8518 -8.6280 9.6444
356 1.1779 1.4943 0.1308 -0.1543 -0.0068 13.5262 -8.4980 9.3796
357 1.1869 1.4675 0.1242 -0.1364 -0.0605 13.8780 -8.6760 9.5999
358 1.1921 1.4633 0.1284 -0.1260 -0.0689 12.7638 -9.3630 11.1187
359 1.1779 1.4626 0.1242 -0.1544 -0.0703 13.8339 -9.8520 11.0975
360 1.1597 1.4540 0.1260 -0.1910 -0.0875 14.1879 -9.4910 10.0149
361 1.2531 1.5429 0.1242 -0.0042 0.0903 13.8340 -9.2050 9.3251
362 1.2888 1.5302 0.1254 0.0671 0.0650 14.0262 -9.8640 10.9640
363 1.3208 1.5250 0.1178 0.1313 0.0546 14.8026 -9.9480 11.4714
364 1.3851 1.5175 0.1266 0.2600 0.0396 13.9574 -9.7170 10.8606
365 1.4719 1.5078 0.1266 0.4338 0.0201 13.9948 -10.2070 12.4361
366 1.5634 1.5078 0.1266 0.6172 0.0201 13.9128 -10.2840 11.8564
367 1.6700 1.4902 0.1260 0.8308 -0.0150 13.9636 -9.5770 10.2152
368 1.7992 1.4591 0.1242 1.0897 -0.0772 14.2156 -9.3521 6.2824
369 1.9243 1.4394 0.1254 1.3406 -0.1166 13.4081 -0.0890 0.2659
370 2.0294 1.4173 0.1254 1.5516 -0.1610 14.2605 -8.7630 9.6300
371 1.2346 1.5318 0.1242 -0.0380 0.0681 14.4936 -9.5740 11.3089
372 1.2280 1.5079 0.1236 -0.0512 0.0202 14.6023 -9.9880 11.4603
373 1.1966 1.4960 0.1230 -0.1141 -0.0034 14.5326 -10.3080 11.8274
374 1.1683 1.4793 0.1183 -0.1708 -0.0369 15.0146 -10.3120 11.1866
375 1.1406 1.4774 0.1248 -0.2263 -0.0408 14.5737 -9.6790 10.5045
376 1.1094 1.4700 0.1172 -0.2888 -0.0557 15.5268 -9.5210 10.6759
377 1.0875 1.4615 0.1254 -0.3328 -0.0727 14.4578 -9.8830 11.7151
378 1.0337 1.4567 0.1284 -0.4406 -0.0822 14.3730 -9.9160 11.3624
379 0.9828 1.4371 0.1236 -0.5427 -0.1215 14.6276 -9.5650 11.1031
380 0.9295 1.4041 0.1260 -0.6497 -0.1877 14.6702 -9.6590 10.7493
381 1.1456 1.5670 0.1260 -0.2175 0.1383 14.4620 -9.7550 9.8480
382 1.1296 1.5795 0.1272 -0.2497 0.1632 13.5955 -9.2600 10.3676
383 1.1161 1.5857 0.1230 -0.2767 0.1757 14.7772 -9.4930 10.6848
384 1.1032 1.5796 0.1284 -0.3028 0.1637 13.7572 -9.1840 9.8002
385 1.0733 1.5708 0.1242 -0.3627 0.1462 15.0071 -9.4280 10.8528
386 1.0515 1.5558 0.1266 -0.4064 0.1162 14.9979 -9.4280 10.6836
387 1.0302 1.5304 0.1260 -0.4493 0.0655 14.6880 -9.0180 10.2275
388 1.0153 1.4963 0.1266 -0.4793 -0.0028 15.1334 -9.0540 10.5212
389 0.9865 1.4488 0.1143 -0.5373 -0.0979 16.3463 -8.8380 10.1318
390 0.9458 1.4269 0.1254 -0.6188 -0.1416 15.1644 -9.2150 10.5935
391 1.2330 1.5570 0.1248 -0.0446 0.1186 14.9076 -9.0230 9.4697
392 1.2220 1.5430 0.1248 -0.0666 0.0906 15.1243 -8.8790 9.5365
393 1.1973 1.5113 0.1284 -0.1161 0.0272 14.9699 -8.9920 9.5154
394 1.1483 1.4764 0.1260 -0.2142 -0.0426 14.9957 -8.5400 9.3774
395 1.0917 1.4467 0.1284 -0.3274 -0.1021 14.2139 -9.2710 10.4956
396 1.0306 1.4111 0.1248 -0.4498 -0.1734 15.3337 -9.0270 10.0216
397 0.9714 1.3769 0.1195 -0.5685 -0.2419 15.2421 -8.2580 9.3551
398 0.9065 1.3430 0.1290 -0.6987 -0.3098 14.9038 -8.4290 9.9059
399 0.8394 1.3045 0.1236 -0.8334 -0.3870 15.4099 -8.3910 9.2790
400 0.7892 1.2801 0.1076 -0.9341 -0.4360 17.7294 -8.3380 8.9679
401 1.2527 1.5692 0.1236 -0.0072 0.1422 15.5402 0.9120 -22.6855
402 1.2694 1.5879 0.1195 0.0263 0.1796 16.0723 -9.1260 10.8060
403 1.2569 1.6209 0.1230 0.0013 0.2457 15.4506 -8.7260 10.4255
404 1.2330 1.6476 0.1254 -0.0465 0.2994 15.7396 -7.8700 8.9234
405 1.2015 1.6690 0.1230 -0.1096 0.3424 15.5260 -7.6990 9.3251
406 1.1595 1.7175 0.1248 -0.1937 0.4397 15.6463 -7.0240 7.6061
407 1.1004 1.7731 0.1248 -0.3121 0.5510 15.5641 -7.3240 7.9176
408 1.0458 1.8463 0.1278 -0.4215 0.6978 15.4197 -7.7530 8.6486
409 0.9894 1.9050 0.1260 -0.5346 0.8155 15.4944 -7.7900 9.5910
410 0.9537 1.9470 0.1290 -0.6063 0.9000 15.4606 -7.6070 9.1537
411 1.2800 1.5325 0.1266 0.0465 0.0712 15.6600 -7.4080 8.7254
412 1.3030 1.5083 0.1266 0.0924 0.0226 15.4590 -7.6130 9.0514
413 1.3240 1.4752 0.1224 0.1346 -0.0436 16.4756 -7.4010 8.5084
414 1.3424 1.4360 0.1266 0.1715 -0.1221 14.9472 -7.0200 7.5504
415 1.3557 1.3825 0.1260 0.1981 -0.2291 16.0615 -7.4460 8.1579
416 1.3584 1.3350 0.1302 0.2037 -0.3244 15.6425 -8.2020 9.2995
417 1.3664 1.2639 0.1254 0.2197 -0.4667 16.2589 -7.1280 8.1980
418 1.3788 1.1917 0.1284 0.2447 -0.6114 15.8737 -7.0490 8.0856
419 1.3963 1.1193 0.1254 0.2799 -0.7566 16.0917 -7.2280 7.5371
420 1.4178 1.0561 0.1284 0.3230 -0.8835 15.8196 -7.3610 8.4305
421 1.2071 1.6786 0.1260 -0.0984 0.3617 16.3188 -7.6220 9.6823
422 1.2131 1.6749 0.1248 -0.0865 0.3545 16.2589 -7.3220 30.0000
423 1.2423 1.6818 0.1236 -0.0280 0.3684 16.4387 -7.3340 8.3849
424 1.2653 1.6941 0.1272 0.0180 0.3934 16.0454 -7.5130 7.4380
425 1.2763 1.7100 0.1266 0.0399 0.4253 15.9756 -7.3220 8.5029
426 1.2922 1.7174 0.1272 0.0718 0.4403 16.3592 -7.4520 9.1971
427 1.2919 1.7073 0.1242 0.0713 0.4204 16.2769 -6.9850 8.1813
428 1.2968 1.7066 0.1284 0.0810 0.4191 16.3485 -7.1330 7.5916
429 1.3085 1.6926 0.1248 0.1045 0.3914 15.6352 -7.6260 8.1357
430 1.3172 1.6764 0.1290 0.1220 0.3590 16.2214 -6.8570 8.0678
431 1.2540 1.5300 0.1296 -0.0044 0.0664 16.0569 -66.8550 30.0000
432 1.2749 1.5189 0.1195 0.0374 0.0442 17.5505 -6.8530 7.9632
433 1.2987 1.4912 0.1260 0.0850 -0.0114 16.6857 -6.4640 8.0489
434 1.3119 1.4566 0.1296 0.1115 -0.0805 16.2266 -5.5250 5.4153
435 1.3059 1.4144 0.1284 0.0997 -0.1650 16.5292 -5.8530 6.1318
436 1.2667 1.3696 0.1284 0.0211 -0.2548 16.3250 -6.3450 7.9899
437 1.2204 1.3484 0.1260 -0.0713 -0.2974 16.8311 -5.4150 5.7891
438 1.1558 1.3403 0.1278 -0.2006 -0.3137 16.5309 -6.3930 7.1866
439 1.0879 1.3261 0.1266 -0.3366 -0.3421 16.7721 -6.5750 8.1924
440 1.0407 1.3197 0.1290 -0.4312 -0.3553 16.6324 -6.2160 6.2063
441 1.1649 1.5295 0.1272 -0.1829 0.0644 16.8266 -7.1630 8.8578
442 1.1183 1.5324 0.1272 -0.2762 0.0702 16.8629 -6.4080 6.9652
443 1.0666 1.5397 0.1260 -0.3798 0.0848 16.7973 -6.9910 8.1946
444 1.0207 1.5298 0.1278 -0.4719 0.0651 15.7956 -6.7780 7.8508
445 0.9818 1.5411 0.1230 -0.5500 0.0877 17.0513 -7.2950 7.9543
446 0.9648 1.5229 0.1248 -0.5842 0.0514 16.1741 -6.6530 8.1524
447 0.9330 1.4987 0.1254 -0.6482 0.0029 16.7825 -7.0290 7.3913
448 0.8870 1.4494 0.1260 -0.7405 -0.0956 17.2256 -6.4440 7.3368
449 0.8429 1.3809 0.1189 -0.8291 -0.2329 18.0537 -6.1090 6.4723
450 0.7931 1.2984 0.1254 -0.9293 -0.3979 17.3040 -6.7560 8.4494
451 1.2729 1.5174 0.1290 0.0305 0.0401 16.8400 -6.2280 6.9874
452 1.2508 1.5116 0.1278 -0.0138 0.0285 16.9617 -6.8160 7.1143
453 1.2367 1.4923 0.1260 -0.0420 -0.0102 16.1042 -6.3360 7.5348
454 1.1948 1.5016 0.1236 -0.1258 0.0083 17.3610 -7.3450 8.5195
455 1.1710 1.5093 0.1166 -0.1734 0.0238 17.4238 -5.9880 6.8294
456 1.1445 1.5245 0.1242 -0.2266 0.0543 17.4259 -5.9420 6.5780
457 1.1125 1.5400 0.1248 -0.2907 0.0853 17.4515 -5.1240 5.7123
458 1.0766 1.5455 0.1254 -0.3627 0.0964 17.4177 -3.7810 4.3738
459 1.0223 1.5635 0.1248 -0.4715 0.1323 17.5272 -3.0480 3.8317
460 0.9826 1.5809 0.1284 -0.5512 0.1673 17.2438 -2.9540 2.8840
461 1.2418 1.5179 0.1254 -0.0328 0.0414 16.5779 -2.6530 3.3613
462 1.2437 1.4936 0.1254 -0.0291 -0.0073 17.4934 -1.6250 2.2309
463 1.2145 1.4578 0.1242 -0.0875 -0.0790 17.5567 -1.2960 1.3463
464 1.1803 1.4173 0.1230 -0.1560 -0.1601 17.9750 -1.0950 1.1961
465 1.1223 1.3718 0.1248 -0.2720 -0.2511 17.5613 -0.6700 0.3160
466 1.0904 1.3193 0.1278 -0.3360 -0.3564 17.6567 -0.2750 0.2036
467 1.0704 1.2776 0.1242 -0.3763 -0.4400 17.6481 0.2620 -0.3952
468 1.0498 1.2316 0.1266 -0.4177 -0.5322 17.6967 0.6860 -0.6498
469 1.0201 1.1862 0.1242 -0.4772 -0.6232 17.7237 0.8120 -0.8378
470 0.9903 1.1629 0.1254 -0.5371 -0.6702 17.9682 0.7320 -0.6767
471 1.2519 1.5471 0.1248 -0.0139 0.0981 17.8911 0.7470 -0.7022
472 1.2425 1.5549 0.1254 -0.0327 0.1138 18.0964 0.9270 -1.7933
473 1.2411 1.5580 0.1172 -0.0355 0.1200 18.8821 1.1390 -1.1490
474 1.2361 1.5847 0.1236 -0.0455 0.1735 18.2662 1.3670 -1.8485
475 1.2407 1.6057 0.1207 -0.0364 0.2157 18.4785 1.7920 -2.6782
476 1.2510 1.6326 0.1266 -0.0157 0.2696 18.1024 2.0210 -2.1414
477 1.2578 1.6326 0.1284 -0.0021 0.2698 17.8616 1.6000 -1.7947
478 1.2548 1.6014 0.1278 -0.0081 0.2074 18.1518 1.2470 -1.5277
479 1.2401 1.5592 0.1284 -0.0376 0.1231 17.9956 0.7590 -0.6622
480 1.2172 1.5192 0.1278 -0.0834 0.0431 18.1571 0.7300 -1.3129
481 1.2460 1.5129 0.1207 -0.0257 0.0305 19.1642 0.8080 -0.9178
482 1.2348 1.4937 0.1284 -0.0481 -0.0080 18.2095 0.5530 -0.6846
483 1.2275 1.4615 0.1284 -0.0627 -0.0724 18.2461 1.0480 -1.5041
484 1.1905 1.4327 0.1284 -0.1370 -0.1299 18.2219 1.1040 -1.4972
485 1.1308 1.3871 0.1284 -0.2564 -0.2214 17.4859 1.0530 -1.3385
486 1.0606 1.2994 0.1272 -0.3969 -0.3969 18.4993 1.9620 -3.8742
487 0.9844 1.2258 0.1284 -0.5496 -0.5444 18.6336 1.9140 -2.2965
488 0.8789 1.1541 0.1218 -0.7611 -0.6881 19.2142 2.3160 -3.1243
489 0.8111 1.1111 0.1290 -0.8970 -0.7745 17.7772 1.7430 -2.0951
490 0.7085 1.0283 0.1302 -1.1028 -0.9407 18.4465 1.6180 -1.4976
491 1.2563 1.4910 0.1284 -0.0073 -0.0152 17.9141 1.0650 -1.7747
492 1.2466 1.4490 0.1207 -0.0265 -0.0992 19.7819 0.6490 -0.9402
493 1.2270 1.4097 0.1260 -0.0657 -0.1778 18.6333 -0.0650 -0.2030
494 1.2189 1.3531 0.1278 -0.0821 -0.2913 18.4540 -0.3350 -0.1754
495 1.1965 1.2745 0.1224 -0.1268 -0.4486 18.7806 -0.5040 0.4688
496 1.1711 1.1903 0.1315 -0.1778 -0.6174 18.2710 -1.1130 0.7800
497 1.1387 1.1181 0.1266 -0.2427 -0.7622 18.6497 -1.6370 2.2974
498 1.1091 1.0591 0.1278 -0.3021 -0.8806 18.8960 -1.8540 2.6028
499 1.0542 0.9972 0.1278 -0.4119 -1.0050 18.8717 -1.3750 1.0622
500 1.0117 0.9155 0.1345 -0.4973 -1.1689 18.6490 -1.1090 1.1579
501 1.2512 1.5122 0.1345 -0.0184 0.0245 18.6148 -0.4870 0.5207
502 1.2308 1.5331 0.1389 -0.0590 0.0664 18.3061 0.1210 -0.5279
503 1.2202 1.5737 0.1370 -0.0803 0.1477 18.7526 0.3930 -0.8064
504 1.1890 1.6205 0.1296 -0.1428 0.2413 19.3024 0.5380 -1.9230
505 1.1780 1.6492 0.1149 -0.1647 0.2988 20.0816 0.1400 -0.4729
506 1.1929 1.6972 0.1224 -0.1350 0.3951 19.4506 -0.1680 0.4381
507 1.2338 1.7465 0.1160 -0.0533 0.4938 20.0207 0.4970 -1.7843
508 1.2647 1.7745 0.1315 0.0085 0.5503 18.9255 0.7860 -1.3351
509 1.2586 1.7917 0.1321 -0.0037 0.5850 19.0629 -0.3750 0.9034
510 1.2358 1.8532 0.1315 -0.0494 0.7083 19.4787 -1.0400 0.9107
511 0.0000 0.0060 0.1302 -2.0000 -2.0000 19.0393 -1.5570 1.6109
512 0.0111 0.0000 0.1272 -2.0000 -2.0000 19.3178 -1.1970 1.7424
513 0.0150 0.0000 0.1278 -2.0000 -2.0000 18.4512 -1.9100 2.7171
514 0.0159 0.0000 0.1290 -2.0000 -2.0000 19.1740 -1.2540 1.3399
515 0.0308 0.0042 0.1284 -2.0000 -2.0000 19.4640 -1.5490 1.8754
516 0.0280 0.0103 0.1213 -2.0000 -2.0000 20.2383 -0.5900 -0.2109
517 0.0234 0.0061 0.1327 -2.0000 -2.0000 19.4516 -1.0650 1.1609
518 0.0331 0.0108 0.1230 -2.0000 -2.0000 20.3385 -1.7590 3.2202
519 0.0187 0.0201 0.1339 -2.0000 -2.0000 19.1187 -1.5100 1.0709
520 0.0000 0.0012 0.1333 -2.0000 -2.0000 19.1653 -1.2180 2.0072
521 0.0100 0.0000 0.1321 -2.0000 -2.0000 19.4021 -0.4720 1.0147
522 0.0128 0.0000 0.1333 -2.0000 -2.0000 19.4113 -0.2620 7.1305
523 0.0258 0.0000 0.1321 -2.0000 -2.0000 19.2883 -0.7610 2.2491
524 0.0056 0.0069 0.1327 -2.0000 -2.0000 19.6157 -0.3750 -0.3127
525 0.0000 0.0161 0.1377 -2.0000 -2.0000 19.4239 -0.6540 0.5697
526 0.0000 0.0299 0.1402 -2.0000 -2.0000 19.4026 -0.2440 0.3026
527 0.0000 0.0292 0.1479 -2.0000 -2.0000 19.4045 -0.2590 1.4186
528 0.0000 0.0285 0.1628 -2.0000 -2.0000 17.4457 -0.2120 -0.0579
529 0.0000 0.0410 0.1742 -2.0000 -2.0000 18.6344 0.9990 -1.8971
530 0.0000 0.0590 0.1720 -2.0000 -2.0000 18.4059 0.5800 -0.9146
531 1.4005 1.5285 0.1728 0.2801 0.0590 18.9041 0.4376 -0.3387
532 1.4057 1.5119 0.1757 0.2908 0.0257 19.2274 0.5120 -0.0681
533 1.3877 1.4888 0.1614 0.2549 -0.0205 20.2193 0.4560 -1.1158
534 1.3643 1.4688 0.1742 0.2083 -0.0605 18.8428 -0.3490 0.2801
535 1.3262 1.4628 0.1539 0.1322 -0.0726 20.5091 0.1500 -0.3358
536 1.2782 1.4908 0.1614 0.0361 -0.0166 19.2775 -0.4220 0.2853
537 1.2431 1.5288 0.1479 -0.0341 0.0594 19.8978 -0.4200 0.5263
538 1.2048 1.5543 0.1447 -0.1107 0.1104 19.7244 -0.1090 0.1708
539 1.1847 1.6042 0.1272 -0.1510 0.2105 20.2203 0.0940 0.3420
540 1.1534 1.6330 0.1230 -0.2137 0.2680 20.0331 -0.0690 0.9095
541 1.4947 1.4854 0.1230 0.4692 -0.0272 20.0050 -1.0720 1.4309
542 1.5073 1.5110 0.1302 0.4947 0.0241 20.1380 -1.7060 2.1140
543 1.5534 1.5164 0.1473 0.5872 0.0350 19.2444 -1.9420 2.1541
544 1.6437 1.5343 0.1699 0.7681 0.0708 19.0522 -2.6820 3.1621
545 1.7384 1.5581 0.2052 0.9581 0.1185 18.0752 -1.8280 2.2008
546 1.8450 1.5770 0.2412 1.1719 0.1563 19.0745 -1.9260 2.5391
547 1.9594 1.6009 0.2892 1.4014 0.2043 16.0584 -1.9226 1.5059
548 2.0775 1.6153 0.3005 1.6383 0.2332 16.9006 -1.7230 2.0840
549 2.1872 1.6332 0.2925 1.8588 0.2690 17.8101 -1.9510 2.8940
550 2.2848 1.6499 0.2478 2.0000 0.3025 18.8071 -2.1630 2.5268
count posx posy posz xout yout zout heading hd_out
1 0.0000 0.0000 0.0000 0.0000 0.0000 0.0000 0.0000 0.0000
2 0.0000 0.0000 0.1333 0.0000 0.0000 0.0000 1.0880 -0.2637
3 0.0000 0.0000 0.1358 0.0000 0.0000 0.0000 1.1610 -0.2895
4 0.0000 0.0000 0.1327 0.0000 0.0000 0.0000 1.2660 -0.3071
5 0.0000 0.0000 0.1333 0.0000 0.0000 0.0000 1.1880 -0.2512
6 0.0000 0.0000 0.1327 0.0000 0.0000 0.0000 1.4261 -0.3615
7 0.0000 0.0000 0.1333 0.0000 0.0000 0.0000 2.6990 3.2827
8 0.0000 0.0000 0.1333 0.0000 0.0000 0.0000 1.5590 -0.5846
9 0.0000 0.0000 0.1333 0.0000 0.0000 0.0000 1.5890 -0.3901
10 0.0000 0.0000 0.1327 0.0000 0.0000 0.0000 1.6260 -0.4001
11 1.2440 0.0000 0.1308 2.0000 0.0000 0.0000 1.6390 -0.4039
12 1.2440 0.0000 0.1333 2.0000 0.0000 0.0000 1.6820 -0.4237
13 1.2441 0.0000 0.1315 2.0000 0.0000 0.0000 1.7140 -0.4317
14 1.2442 0.0000 0.1333 2.0000 0.0000 0.0000 1.7300 -0.4103
15 1.2441 0.0000 0.1315 2.0000 0.0000 0.0000 1.9040 -0.4709
16 1.2440 0.0000 0.1327 2.0000 0.0000 0.0000 1.9820 -0.4954
17 1.2440 0.0000 0.1339 2.0000 0.0000 0.0000 1.9980 -0.4695
18 1.2439 0.0000 0.1339 2.0000 0.0000 0.0000 2.0450 -0.4867
19 1.2439 0.0000 0.1333 2.0000 0.0000 0.0000 2.0740 -0.5065
20 1.2440 0.0000 0.1333 2.0000 0.0000 0.0000 2.1990 -0.5227
21 0.0000 0.0000 0.1333 -2.0000 -2.0000 1.3406 2.1840 -0.5127
22 0.0000 0.0000 0.1339 -2.0000 -2.0000 1.4243 2.1200 -0.5167
23 0.0000 0.0000 0.1345 -2.0000 -2.0000 1.0747 2.1740 -0.5215
24 0.0000 0.0000 0.1339 -2.0000 -2.0000 1.4908 2.2260 -0.6293
25 0.0000 0.0000 0.1321 -2.0000 -2.0000 1.6227 0.3410 0.6291
26 0.0000 0.0000 0.1339 -2.0000 -2.0000 1.4338 2.2970 -0.5276
27 0.0000 0.0000 0.1333 -2.0000 -2.0000 1.4807 2.3570 -0.5579
28 0.0000 0.0000 0.1327 -2.0000 -2.0000 1.8291 0.8520 0.4201
29 0.0000 0.0000 0.1327 -2.0000 -2.0000 1.6765 2.1000 -0.5083
30 0.0000 0.0000 0.1345 -2.0000 -2.0000 1.4254 2.1090 -0.5031
31 1.2530 1.5070 0.1333 0.0060 0.0141 1.7663 2.0970 -0.4947
32 1.2529 1.5069 0.1302 0.0060 0.0140 2.2309 2.1540 -0.5127
33 1.2527 1.5068 0.1327 0.0056 0.0138 1.6614 2.1390 -0.5218
34 1.2524 1.5068 0.1345 0.0050 0.0139 1.6566 2.0970 -0.5000
35 1.2520 1.5068 0.1315 0.0042 0.0140 1.8757 2.0400 -0.4798
36 1.2516 1.5067 0.1358 0.0033 0.0139 1.6358 1.9820 -0.4731
37 1.2512 1.5066 0.1321 0.0026 0.0137 1.8695 1.9230 -0.4462
38 1.2510 1.5065 0.1339 0.0022 0.0136 1.7289 2.0650 -0.4969
39 1.2507 1.5063 0.1339 0.0017 0.0132 1.8240 2.1550 -0.5187
40 1.2506 1.5060 0.1352 0.0013 0.0127 1.7077 2.3850 -0.5632
41 1.2521 1.4954 0.1345 0.0043 -0.0086 1.7536 2.4450 -0.6019
42 1.2522 1.4934 0.1352 0.0045 -0.0127 1.9597 2.4040 -0.5532
43 1.2521 1.4914 0.1315 0.0045 -0.0168 2.3137 2.2850 -0.5352
44 1.2519 1.4894 0.1345 0.0041 -0.0208 1.0063 2.2030 -0.5080
45 1.2517 1.4878 0.1327 0.0037 -0.0241 2.1653 2.1890 -0.5312
46 1.2516 1.4860 0.1364 0.0035 -0.0280 1.9367 2.2440 -0.5216
47 1.2515 1.4840 0.1333 0.0034 -0.0320 1.9730 2.3460 -0.5554
48 1.2515 1.4825 0.1345 0.0033 -0.0352 2.1598 2.4700 -0.5884
49 1.2515 1.4806 0.1321 0.0033 -0.0393 2.4276 2.3750 -0.5543
50 1.2515 1.4786 0.1352 0.0033 -0.0434 2.2757 2.4380 -0.5688
51 1.2670 1.4980 0.1321 0.0345 -0.0046 2.1186 2.3170 -0.5325
52 1.2668 1.4981 0.1315 0.0343 -0.0046 2.3482 2.3340 -0.5692
53 1.2667 1.4981 0.1248 0.0343 -0.0046 3.2424 2.2670 -0.5365
54 1.2670 1.4981 0.1321 0.0350 -0.0044 2.4668 2.2320 -0.5332
55 1.2672 1.4982 0.1333 0.0357 -0.0044 2.2910 2.2910 -0.5530
56 1.2673 1.4981 0.1321 0.0360 -0.0045 2.5348 2.1760 -0.5043
57 1.2672 1.4981 0.1339 0.0360 -0.0047 2.3473 2.1430 -0.4995
58 1.2670 1.4980 0.1339 0.0357 -0.0049 2.4357 2.0740 -0.4829
59 1.2666 1.4978 0.1339 0.0352 -0.0051 2.4690 2.0740 -0.4980
60 1.2663 1.4977 0.1345 0.0347 -0.0054 2.4271 2.0860 -0.4971
61 1.2690 1.5190 0.1321 0.0403 0.0374 2.7570 2.2400 -0.5719
62 1.2691 1.5190 0.1248 0.0406 0.0375 3.6639 2.2800 -0.5399
63 1.2692 1.5190 0.1308 0.0410 0.0377 2.9119 2.3710 -0.6006
64 1.2693 1.5191 0.1352 0.0414 0.0381 2.4885 2.5450 -0.6117
65 1.2697 1.5192 0.1321 0.0424 0.0385 2.7098 274.0000 -30.0000
66 1.2700 1.5193 0.1352 0.0433 0.0389 2.5566 2.7370 -0.0443
67 1.2704 1.5194 0.1321 0.0442 0.0394 2.6555 2.9180 -0.1896
68 1.2708 1.5184 0.1358 0.0452 0.0375 2.6667 2.8810 -0.6812
69 1.2710 1.5168 0.1321 0.0459 0.0344 3.1458 2.7820 -0.6427
70 1.2698 1.5151 0.1352 0.0435 0.0313 2.6230 2.8050 -0.6393
71 1.2530 1.4830 0.1339 0.0101 -0.0331 2.8604 2.8730 -0.6727
72 1.2531 1.4831 0.1345 0.0103 -0.0331 2.7578 3.1190 -0.7301
73 1.2531 1.4834 0.1302 0.0104 -0.0327 3.1861 3.2300 -0.7611
74 1.2531 1.4838 0.1339 0.0104 -0.0320 2.9008 3.3740 -0.7958
75 1.2531 1.4844 0.1308 0.0105 -0.0310 3.4896 3.4560 -0.8189
76 1.2530 1.4851 0.1352 0.0103 -0.0298 2.8805 3.5470 -0.8182
77 1.2528 1.4859 0.1333 0.0099 -0.0283 3.1381 3.5100 -0.8082
78 1.2524 1.4866 0.1333 0.0092 -0.0270 3.1644 3.4930 -0.8044
79 1.2520 1.4877 0.1248 0.0083 -0.0251 4.2191 3.4420 -0.7895
80 1.2516 1.4888 0.1339 0.0076 -0.0228 3.2818 3.5120 -0.8242
81 1.2631 1.5051 0.1321 0.0306 0.0097 3.2297 3.5530 -0.8320
82 1.2632 1.5053 0.1345 0.0310 0.0103 3.1518 3.6770 -0.8449
83 1.2632 1.5058 0.1308 0.0312 0.0113 3.3231 3.7780 -0.8808
84 1.2631 1.5064 0.1339 0.0310 0.0126 3.3561 3.8090 -0.8917
85 1.2627 1.5073 0.1321 0.0303 0.0144 2.5231 3.9020 -0.9199
86 1.2621 1.5083 0.1345 0.0292 0.0166 3.4733 4.0220 -0.9364
87 1.2615 1.5093 0.1333 0.0282 0.0186 3.3392 4.0540 -0.9275
88 1.2609 1.5103 0.1345 0.0272 0.0208 3.4019 4.0200 -0.9386
89 1.2604 1.5118 0.1339 0.0263 0.0238 3.3863 4.2320 -0.9765
90 1.2600 1.5135 0.1321 0.0255 0.0273 3.6417 4.2480 -0.9742
91 1.2591 1.4881 0.1315 0.0238 -0.0237 3.9352 4.2150 -0.9602
92 1.2592 1.4882 0.1254 0.0241 -0.0236 4.5724 4.3140 -0.9934
93 1.2593 1.4884 0.1327 0.0244 -0.0232 3.9186 4.3020 30.0000
94 1.2593 1.4886 0.1327 0.0245 -0.0229 3.6975 4.4000 -1.0125
95 1.2593 1.4889 0.1321 0.0245 -0.0224 3.6824 4.0400 -0.9012
96 1.2591 1.4895 0.1358 0.0243 -0.0214 3.5774 3.9210 -0.8761
97 1.2590 1.4901 0.1321 0.0242 -0.0202 3.8712 3.8980 -0.9053
98 1.2590 1.4907 0.1339 0.0242 -0.0190 3.7374 3.8490 -0.8850
99 1.2589 1.4917 0.1339 0.0240 -0.0173 3.7706 3.9160 -0.9079
100 1.2588 1.4927 0.1352 0.0239 -0.0153 3.7788 3.8400 -0.8901
101 1.2690 1.4870 0.1327 0.0446 -0.0268 3.8572 3.7860 -0.8643
102 1.2690 1.4872 0.1315 0.0447 -0.0266 3.2533 3.7120 -0.8541
103 1.2689 1.4875 0.1315 0.0448 -0.0261 4.0121 3.7080 -0.8585
104 1.2686 1.4879 0.1327 0.0444 -0.0255 4.1445 3.7710 -0.9041
105 1.2683 1.4882 0.1236 0.0440 -0.0249 5.1451 3.6510 -0.8311
106 1.2683 1.4886 0.1352 0.0441 -0.0242 3.8536 3.5470 -0.8013
107 1.2682 1.4890 0.1254 0.0441 -0.0236 4.9978 3.5840 -0.8265
108 1.2681 1.4893 0.1339 0.0440 -0.0230 4.1255 3.5930 -0.8427
109 1.2679 1.4897 0.1242 0.0439 -0.0222 5.2017 3.6300 -0.8478
110 1.2677 1.4902 0.1327 0.0437 -0.0215 4.2803 3.6710 -0.8481
111 1.2471 1.4990 0.1321 0.0024 -0.0038 4.3271 3.6880 -0.8305
112 1.2474 1.4996 0.1333 0.0029 -0.0027 4.2746 3.6450 -0.8614
113 1.2475 1.5001 0.1339 0.0031 -0.0017 3.9271 3.6080 -0.8309
114 1.2474 1.5006 0.1248 0.0030 -0.0006 5.4255 3.5720 -0.8327
115 1.2472 1.5011 0.1315 0.0026 0.0003 4.7849 3.5080 -0.8242
116 1.2470 1.5012 0.1260 0.0020 0.0005 5.3492 3.4110 -0.7706
117 1.2461 1.5013 0.1345 0.0002 0.0008 4.4825 3.4660 -0.8145
118 1.2452 1.5012 0.1254 -0.0016 0.0006 5.4821 3.3760 -0.7597
119 1.2443 1.5013 0.1315 -0.0034 0.0009 4.6043 3.2780 -0.7731
120 1.2433 1.5016 0.1358 -0.0056 0.0015 4.2409 3.1920 -0.7397
121 1.1590 1.5162 0.1333 -0.1750 0.0307 4.6278 3.2290 -0.8538
122 1.1590 1.5163 0.1352 -0.1760 0.0311 4.3145 3.1650 -0.7372
123 1.1589 1.5164 0.1308 -0.1771 0.0314 4.9284 3.1630 -0.7506
124 1.1589 1.5164 0.1345 -0.1779 0.0316 4.5190 3.2890 -0.7582
125 1.1592 1.5165 0.1333 -0.1783 0.0320 4.6878 3.2410 -0.7608
126 1.1595 1.5163 0.1358 -0.1787 0.0319 4.3611 3.1400 30.0000
127 1.1596 1.5161 0.1333 -0.1792 0.0315 4.6309 3.1090 -0.7328
128 1.1597 1.5159 0.1308 -0.1799 0.0313 5.0144 2.9530 -0.6780
129 1.1598 1.5156 0.1327 -0.1807 0.0309 4.8281 2.8280 -0.6587
130 1.1602 1.5158 0.1327 -0.1807 0.0315 4.9846 2.8110 -0.6509
131 1.2450 1.5159 0.1315 -0.0113 0.0318 5.0356 2.9120 -0.6992
132 1.2449 1.5158 0.1339 -0.0115 0.0318 4.8355 2.9710 -0.6892
133 1.2449 1.5160 0.1333 -0.0116 0.0323 4.9431 2.9400 -0.6876
134 1.2448 1.5167 0.1333 -0.0118 0.0338 5.0384 2.8800 -0.6777
135 1.2444 1.5168 0.1339 -0.0126 0.0342 4.9365 2.7370 -0.6340
136 1.2439 1.5168 0.1333 -0.0136 0.0343 5.3546 2.0000 -0.1544
137 1.2437 1.5168 0.1308 -0.0142 0.0347 4.9443 2.9300 -0.8109
138 1.2436 1.5169 0.1321 -0.0145 0.0349 4.9472 2.4500 -0.5354
139 1.2431 1.5172 0.1333 -0.0155 0.0358 5.0170 2.1320 -0.4887
140 1.2421 1.5177 0.1321 -0.0175 0.0370 5.2597 1.9760 -0.4682
141 1.2460 1.4957 0.1333 -0.0098 -0.0071 5.0775 1.8280 -0.4014
142 1.2462 1.4952 0.1248 -0.0094 -0.0081 6.3164 1.6080 -0.3863
143 1.2474 1.4947 0.1315 -0.0071 -0.0092 5.3675 1.6730 -0.4257
144 1.2497 1.4929 0.1339 -0.0026 -0.0129 5.2899 1.6550 -0.4061
145 1.2527 1.4888 0.1315 0.0035 -0.0212 5.3128 1.3760 -0.3596
146 1.2563 1.4864 0.1302 0.0108 -0.0262 5.8011 1.3620 -0.3819
147 1.2614 1.4828 0.1308 0.0211 -0.0336 5.3938 1.5540 -0.4068
148 1.2671 1.4815 0.1327 0.0326 -0.0364 5.2614 1.7390 -0.4333
149 1.2746 1.4791 0.1315 0.0480 -0.0413 5.4436 1.9070 -0.4626
150 1.2827 1.4773 0.1333 0.0644 -0.0451 4.7726 2.0980 -0.5367
151 1.2435 1.4942 0.1333 -0.0141 -0.0114 5.4690 2.1950 -0.5427
152 1.2423 1.4957 0.1321 -0.0164 -0.0084 5.7739 2.2800 -0.5425
153 1.2412 1.4967 0.1248 -0.0189 -0.0066 6.4952 2.1090 -0.4907
154 1.2401 1.4977 0.1321 -0.0210 -0.0046 5.7801 1.9490 -0.4591
155 1.2389 1.4987 0.1248 -0.0237 -0.0025 6.5635 1.9330 -0.4662
156 1.2372 1.5001 0.1321 -0.0271 0.0003 5.9719 1.8210 -0.4617
157 1.2341 1.5013 0.1345 -0.0334 0.0026 5.5233 1.8780 -0.4544
158 1.2316 1.5018 0.1327 -0.0387 0.0038 5.8345 1.9140 -0.4442
159 1.2273 1.5016 0.1315 -0.0475 0.0033 5.7092 1.9060 -0.4366
160 1.2221 1.4997 0.1327 -0.0581 -0.0004 5.8403 1.7770 -0.3923
161 1.2443 1.4964 0.1321 -0.0139 -0.0070 5.8249 1.7460 -0.4273
162 1.2450 1.4978 0.1333 -0.0125 -0.0043 5.9568 1.8100 -0.4366
163 1.2464 1.5018 0.1290 -0.0097 0.0037 6.1976 1.7640 -0.4384
164 1.2444 1.5065 0.1333 -0.0138 0.0132 6.0246 1.6700 -0.3819
165 1.2410 1.5157 0.1321 -0.0206 0.0318 6.0833 1.7580 -0.3983
166 1.2430 1.5279 0.1327 -0.0167 0.0565 5.9817 1.9360 -0.5198
167 1.2489 1.5438 0.1339 -0.0048 0.0886 5.8669 2.0790 -0.5494
168 1.2528 1.5530 0.1364 0.0028 0.1076 5.7109 1.9990 -0.4720
169 1.2616 1.5688 0.1308 0.0206 0.1398 6.2905 1.8810 -0.4889
170 1.2724 1.5829 0.1352 0.0425 0.1690 5.9911 1.8070 -0.3977
171 1.2433 1.4921 0.1339 -0.0157 -0.0127 6.1678 2.0450 -0.4885
172 1.2386 1.4868 0.1345 -0.0253 -0.0235 5.2755 2.0470 -0.4787
173 1.2329 1.4803 0.1339 -0.0369 -0.0367 6.2981 1.9770 -0.4435
174 1.2279 1.4752 0.1339 -0.0472 -0.0473 6.3312 1.7400 -0.3921
175 1.2219 1.4694 0.1236 -0.0594 -0.0591 7.4178 1.6310 -0.4132
176 1.2144 1.4618 0.1333 -0.0747 -0.0746 6.1658 1.4790 -0.3469
177 1.2064 1.4512 0.1321 -0.0913 -0.0964 6.4705 1.4290 -0.3443
178 1.1980 1.4406 0.1339 -0.1086 -0.1182 6.2750 1.4110 -0.3687
179 1.1877 1.4255 0.1345 -0.1297 -0.1490 6.2956 1.5450 -0.3767
180 1.1736 1.4059 0.1333 -0.1587 -0.1892 6.5401 1.6080 -0.3658
181 1.2372 1.5023 0.1352 -0.0316 0.0037 6.4062 1.5030 -0.5917
182 1.2324 1.4988 0.1339 -0.0414 -0.0034 6.3412 1.4420 -0.3316
183 1.2265 1.4960 0.1321 -0.0535 -0.0091 6.7208 1.2870 -0.2962
184 1.2219 1.4949 0.1339 -0.0630 -0.0113 6.5936 1.2800 -0.3427
185 1.2120 1.4926 0.1315 -0.0831 -0.0160 6.6772 1.3330 -0.3242
186 1.1974 1.4889 0.1260 -0.1128 -0.0235 7.5508 1.3080 -0.2977
187 1.1837 1.4856 0.1302 -0.1409 -0.0302 6.8315 1.4290 -0.4048
188 1.1708 1.4845 0.1224 -0.1674 -0.0326 8.1656 1.5410 -0.3790
189 1.1497 1.4837 0.1321 -0.2107 -0.0343 6.9196 1.5570 -0.3594
190 1.1275 1.4816 0.1358 -0.2563 -0.0388 6.6318 1.4530 -0.3509
191 1.2540 1.4915 0.1333 -0.0032 -0.0190 6.7716 1.3860 -0.3285
192 1.2477 1.4883 0.1345 -0.0159 -0.0256 6.7805 3.2940 -1.6142
193 1.2380 1.4876 0.1308 -0.0355 -0.0270 7.0116 1.5010 -0.3670
194 1.2240 1.4869 0.1333 -0.0637 -0.0285 7.0585 1.3360 -0.3013
195 1.2063 1.4870 0.1308 -0.0996 -0.0285 6.9577 1.4670 -0.4083
196 1.1868 1.4876 0.1333 -0.1392 -0.0275 7.0652 1.3080 -0.3089
197 1.1631 1.4878 0.1236 -0.1874 -0.0271 8.2621 1.2860 -0.3000
198 1.1448 1.4872 0.1339 -0.2250 -0.0286 6.3209 1.2240 -0.3089
199 1.1201 1.4867 0.1242 -0.2757 -0.0296 8.0063 1.1100 -0.2906
200 1.0917 1.4859 0.1339 -0.3341 -0.0315 7.2448 1.0890 -0.2379
201 1.2586 1.4953 0.1315 -0.0002 -0.0126 7.2584 1.0640 -0.2702
202 1.2589 1.4943 0.1315 0.0004 -0.0147 7.3533 1.0500 -0.2639
203 1.2566 1.4935 0.1302 -0.0042 -0.0164 7.1677 1.0480 -0.2483
204 1.2557 1.4951 0.1290 -0.0058 -0.0132 7.9003 1.1800 -0.3200
205 1.2550 1.4993 0.1333 -0.0072 -0.0048 7.1729 1.1070 -0.3109
206 1.2537 1.5048 0.1321 -0.0098 0.0063 7.4781 1.2500 -0.3058
207 1.2557 1.5149 0.1327 -0.0058 0.0266 7.3152 1.3050 -0.3514
208 1.2597 1.5213 0.1242 0.0024 0.0395 8.2373 1.3886 -0.8028
209 1.2691 1.5301 0.1333 0.0214 0.0575 7.4871 1.4930 -0.3656
210 1.2851 1.5396 0.1345 0.0538 0.0768 7.5576 1.5820 -0.4370
211 1.2589 1.4877 0.1345 0.0015 -0.0271 7.5840 1.6860 -0.4188
212 1.2623 1.4844 0.1352 0.0084 -0.0338 6.6852 1.6857 -0.3723
213 1.2696 1.4799 0.1308 0.0232 -0.0431 7.6020 1.8170 -0.4747
214 1.2781 1.4703 0.1358 0.0404 -0.0624 6.5580 1.7480 -0.4081
215 1.2891 1.4562 0.1315 0.0628 -0.0912 7.6583 1.8550 -0.4435
216 1.3007 1.4419 0.1339 0.0865 -0.1203 7.6426 1.9540 -0.5154
217 1.3124 1.4259 0.1230 0.1106 -0.1529 9.0466 1.8660 -0.3979
218 1.3212 1.4128 0.1352 0.1289 -0.1801 7.6779 1.8440 -0.4197
219 1.3299 1.3923 0.1236 0.1471 -0.2223 8.7888 1.8940 -0.4945
220 1.3379 1.3722 0.1327 0.1638 -0.2636 7.8575 1.8300 -0.4086
221 1.2635 1.4904 0.1333 0.0153 -0.0274 7.8104 1.7050 -0.3843
222 1.2595 1.4876 0.1327 0.0074 -0.0331 7.9793 1.6960 -0.4428
223 1.2527 1.4830 0.1333 -0.0063 -0.0424 7.8152 1.4940 -0.3040
224 1.2444 1.4784 0.1321 -0.0228 -0.0519 8.1208 1.5520 -0.3418
225 1.2322 1.4770 0.1327 -0.0475 -0.0548 8.0808 1.4950 -0.3705
226 1.2181 1.4764 0.1254 -0.0760 -0.0564 9.1749 1.3940 -0.3560
227 1.2081 1.4778 0.1333 -0.0964 -0.0538 8.0744 1.3600 -0.2906
228 1.2002 1.4805 0.1254 -0.1127 -0.0486 9.1739 1.3600 -0.3761
229 1.1921 1.4855 0.1327 -0.1295 -0.0388 8.2101 1.3890 -0.3447
230 1.1856 1.4924 0.1352 -0.1432 -0.0251 7.8218 1.5940 -0.3623
231 1.2621 1.4898 0.1315 0.0100 -0.0302 8.3553 1.7090 -0.4368
232 1.2693 1.4880 0.1315 0.0247 -0.0339 8.0215 1.7480 -0.4544
233 1.2809 1.4850 0.1315 0.0481 -0.0402 8.3005 1.7390 -0.3928
234 1.2945 1.4822 0.1333 0.0757 -0.0458 8.0518 1.8930 -0.4675
235 1.3104 1.4764 0.1315 0.1082 -0.0577 8.3694 2.0800 -0.5385
236 1.3232 1.4739 0.1327 0.1344 -0.0630 8.6265 2.1150 -0.4947
237 1.3348 1.4709 0.1321 0.1585 -0.0693 8.3023 2.1310 -0.4631
238 1.3435 1.4673 0.1345 0.1769 -0.0768 8.6526 2.0670 -0.4938
239 1.3559 1.4633 0.1254 0.2028 -0.0852 9.2249 1.1670 0.1204
240 1.3692 1.4566 0.1358 0.2304 -0.0991 8.3205 2.1140 -0.5038
241 1.2547 1.5022 0.1213 0.0016 -0.0078 9.5390 1.9440 -0.4709
242 1.2544 1.5028 0.1327 0.0009 -0.0066 8.5685 1.8880 -0.4188
243 1.2543 1.5109 0.1315 0.0009 0.0096 8.5051 1.9300 -0.4940
244 1.2574 1.5172 0.1327 0.0072 0.0225 8.6369 1.8660 -0.4468
245 1.2608 1.5216 0.1327 0.0141 0.0316 7.5844 1.9550 -0.4635
246 1.2654 1.5283 0.1345 0.0235 0.0452 8.3601 2.0330 -0.5049
247 1.2699 1.5317 0.1327 0.0327 0.0524 8.8011 2.0010 -0.4987
248 1.2746 1.5346 0.1327 0.0422 0.0584 8.7667 1.7200 -0.4161
249 1.2798 1.5393 0.1333 0.0529 0.0683 8.7262 2.3710 -0.5610
250 1.2860 1.5409 0.1345 0.0657 0.0719 8.4890 1.6680 -0.3983
251 1.2452 1.4947 0.1315 -0.0160 -0.0206 8.7642 1.7290 -0.4444
252 1.2322 1.5070 0.1333 -0.0422 0.0041 8.7604 1.9470 -0.4920
253 1.2099 1.5247 0.1321 -0.0871 0.0397 8.8193 1.8760 -0.4606
254 1.1868 1.5362 0.1339 -0.1339 0.0631 7.8999 1.7540 -0.3965
255 1.1587 1.5530 0.1333 -0.1910 0.0973 8.8555 1.9690 -0.5000
256 1.1358 1.5759 0.1339 -0.2380 0.1439 8.0863 1.8700 -0.4896
257 1.1126 1.6014 0.1327 -0.2858 0.1957 8.9968 1.8830 -0.4377
258 1.0966 1.6232 0.1352 -0.3194 0.2405 9.0359 1.9260 -0.4758
259 1.0789 1.6488 0.1242 -0.3564 0.2933 9.8909 1.9650 -0.4876
260 1.0647 1.6813 0.1345 -0.3867 0.3601 9.0539 1.8780 -0.4362
261 1.2655 1.4962 0.1308 0.0150 -0.0101 9.4625 1.7870 -0.4208
262 1.2654 1.4931 0.1333 0.0151 -0.0164 9.2007 1.9190 -0.4520
263 1.2668 1.4934 0.1321 0.0179 -0.0158 9.1367 1.9130 -0.4573
264 1.2683 1.4976 0.1339 0.0212 -0.0075 9.2563 1.6850 -0.4008
265 1.2687 1.4997 0.1327 0.0221 -0.0033 9.0682 1.5610 -0.3812
266 1.2656 1.5054 0.1339 0.0161 0.0083 9.3238 1.5190 -0.3896
267 1.2610 1.5140 0.1302 0.0071 0.0255 9.7380 1.5520 -0.3609
268 1.2594 1.5190 0.1345 0.0040 0.0358 9.3098 1.6710 -0.4172
269 1.2606 1.5229 0.1315 0.0065 0.0437 9.6517 1.6000 -0.3360
270 1.2620 1.5259 0.1254 0.0093 0.0499 10.2278 0.7660 -0.2038
271 1.2655 1.4896 0.1321 0.0165 -0.0228 9.5164 1.6610 -0.3358
272 1.2694 1.4907 0.1339 0.0245 -0.0206 9.3897 1.8170 -0.4582
273 1.2727 1.4920 0.1333 0.0313 -0.0181 9.6224 1.6780 -0.3387
274 1.2784 1.4917 0.1339 0.0430 -0.0187 9.3354 1.7170 -0.4386
275 1.2836 1.4901 0.1308 0.0537 -0.0220 9.7998 1.5250 -0.3705
276 1.2844 1.4923 0.1333 0.0558 -0.0177 8.6321 1.4780 -0.3400
277 1.2812 1.4989 0.1321 0.0497 -0.0045 9.7216 1.6110 -0.4088
278 1.2822 1.5022 0.1321 0.0519 0.0020 9.7481 1.5330 -0.3834
279 1.2861 1.5036 0.1315 0.0600 0.0048 9.8565 1.4430 -0.3122
280 1.2881 1.5064 0.1327 0.0645 0.0106 9.9897 1.2620 -0.2866
281 1.2472 1.4834 0.1284 -0.0174 -0.0357 10.0984 1.0190 -0.2383
282 1.2460 1.4836 0.1315 -0.0198 -0.0354 9.8288 0.6620 -0.1718
283 1.2428 1.4791 0.1315 -0.0263 -0.0445 9.9860 0.4880 -0.1344
284 1.2385 1.4695 0.1345 -0.0349 -0.0641 9.5259 0.6530 -0.2219
285 1.2288 1.4580 0.1321 -0.0546 -0.0874 9.9181 0.5190 -0.1293
286 1.2218 1.4499 0.1345 -0.0689 -0.1042 9.9016 0.6310 -0.1547
287 1.2167 1.4438 0.1321 -0.0794 -0.1170 9.2591 0.5910 -0.1649
288 1.2098 1.4446 0.1333 -0.0936 -0.1158 10.0495 0.4980 -0.1073
289 1.2004 1.4473 0.1333 -0.1130 -0.1110 9.1128 0.5170 -0.1079
290 1.1934 1.4502 0.1321 -0.1275 -0.1058 10.1433 0.6040 -0.1691
291 1.2688 1.4908 0.1345 0.0234 -0.0246 9.8122 0.7040 -0.1847
292 1.2736 1.4961 0.1352 0.0334 -0.0140 9.9557 0.5360 -0.0672
293 1.2763 1.5000 0.1308 0.0390 -0.0062 10.3228 0.4060 -0.0912
294 1.2775 1.5053 0.1345 0.0416 0.0045 10.0992 0.4030 -0.1311
295 1.2773 1.5107 0.1345 0.0415 0.0152 9.9477 0.2610 -0.0834
296 1.2707 1.5158 0.1352 0.0285 0.0257 9.3606 0.4380 -0.1424
297 1.2613 1.5236 0.1308 0.0099 0.0414 10.7075 0.4360 -0.1122
298 1.2519 1.5338 0.1352 -0.0089 0.0622 9.7849 0.2990 -0.0986
299 1.2405 1.5539 0.1254 -0.0318 0.1030 11.2984 0.3680 -0.0930
300 1.2353 1.5777 0.1327 -0.0423 0.1513 10.4575 0.4090 -0.1177
301 1.2434 1.4941 0.1260 -0.0262 -0.0159 11.4111 0.5450 -0.2134
302 1.2468 1.4921 0.1321 -0.0194 -0.0200 10.5321 0.4000 -0.1033
303 1.2505 1.4895 0.1345 -0.0120 -0.0254 10.3305 0.4620 -0.1647
304 1.2579 1.4885 0.1327 0.0028 -0.0274 10.8980 0.3690 -0.0923
305 1.2664 1.4885 0.1333 0.0200 -0.0275 10.4855 0.1420 -0.0307
306 1.2718 1.4875 0.1333 0.0311 -0.0297 10.5184 0.0720 -0.0267
307 1.2765 1.4858 0.1333 0.0408 -0.0332 9.7054 -0.0770 0.0087
308 1.2813 1.4867 0.1339 0.0506 -0.0315 10.6223 -0.1650 0.0175
309 1.2812 1.4957 0.1345 0.0507 -0.0136 9.7300 -0.1070 -0.0168
310 1.2783 1.5100 0.1339 0.0452 0.0151 10.5678 -0.0650 -0.0174
311 1.2586 1.4878 0.1333 0.0059 -0.0294 10.1211 -0.4440 0.1028
312 1.2566 1.4938 0.1327 0.0019 -0.0175 11.0245 -0.4200 0.0864
313 1.2542 1.4992 0.1321 -0.0028 -0.0067 10.4584 -0.3320 0.0538
314 1.2491 1.5023 0.1339 -0.0131 -0.0005 10.7592 -0.4180 0.0524
315 1.2425 1.5042 0.1315 -0.0263 0.0033 10.6004 -0.3780 0.0642
316 1.2343 1.5073 0.1321 -0.0429 0.0096 10.2010 -0.2951 0.0407
317 1.2240 1.5067 0.1296 -0.0636 0.0086 11.1331 -0.3810 0.0726
318 1.2151 1.5059 0.1321 -0.0819 0.0071 11.2372 -0.3700 0.0459
319 1.2054 1.5069 0.1308 -0.1017 0.0090 11.2943 -0.3020 0.0456
320 1.1958 1.5043 0.1321 -0.1214 0.0038 10.9358 -0.1000 -0.1383
321 1.2550 1.4917 0.1321 -0.0030 -0.0214 11.0244 -0.5030 0.1061
322 1.2532 1.4934 0.1333 -0.0066 -0.0180 11.2189 -0.4750 0.1002
323 1.2533 1.4941 0.1218 -0.0064 -0.0167 12.2594 -0.4680 0.0567
324 1.2558 1.4984 0.1333 -0.0012 -0.0082 11.2265 -0.4430 0.0661
325 1.2548 1.5039 0.1321 -0.0032 0.0029 10.8577 -0.4490 0.0871
326 1.2521 1.5099 0.1333 -0.0086 0.0150 11.1711 -0.6190 0.1002
327 1.2480 1.5167 0.1315 -0.0169 0.0289 10.6396 -0.7100 0.1538
328 1.2467 1.5222 0.1321 -0.0196 0.0401 11.3195 -0.7650 0.1689
329 1.2448 1.5341 0.1321 -0.0233 0.0642 11.4764 -0.8730 0.1691
330 1.2425 1.5492 0.1236 -0.0279 0.0948 12.5881 -0.8730 0.1956
331 1.2513 1.4917 0.1327 -0.0104 -0.0203 10.4378 -1.0660 0.2727
332 1.2538 1.4870 0.1242 -0.0054 -0.0298 12.3339 -1.2100 0.3014
333 1.2575 1.4836 0.1308 0.0021 -0.0367 11.6949 -1.2580 0.2946
334 1.2624 1.4796 0.1321 0.0121 -0.0449 11.4584 -1.4290 0.3525
335 1.2677 1.4765 0.1315 0.0229 -0.0515 11.7510 -1.6730 0.4308
336 1.2733 1.4665 0.1333 0.0343 -0.0717 11.4404 -1.7490 0.4144
337 1.2789 1.4557 0.1327 0.0457 -0.0937 11.6103 -1.7860 0.6026
338 1.2838 1.4508 0.1345 0.0560 -0.1041 11.4074 -1.8570 0.4493
339 1.2958 1.4410 0.1333 0.0804 -0.1243 11.6514 -2.1410 0.5352
340 1.3130 1.4334 0.1339 0.1154 -0.1401 11.0607 -2.1850 0.5174
341 1.2459 1.4817 0.1339 -0.0188 -0.0438 11.5755 -2.5430 0.6077
342 1.2442 1.4777 0.1339 -0.0224 -0.0519 11.7950 -2.5790 0.6175
343 1.2422 1.4719 0.1248 -0.0264 -0.0638 12.6152 -2.7570 0.6567
344 1.2438 1.4661 0.1339 -0.0232 -0.0758 11.8017 -2.6560 0.6489
345 1.2467 1.4627 0.1321 -0.0175 -0.0829 11.7502 -2.8450 0.7110
346 1.2515 1.4596 0.1333 -0.0078 -0.0895 11.8814 -2.6760 0.6164
347 1.2550 1.4603 0.1315 -0.0009 -0.0886 11.8920 -2.8940 0.7286
348 1.2576 1.4629 0.1254 0.0045 -0.0838 13.0158 -2.9170 0.7163
349 1.2635 1.4627 0.1315 0.0164 -0.0845 11.1136 -2.9770 0.7248
350 1.2698 1.4631 0.1333 0.0293 -0.0839 12.0743 -3.1730 0.7368
351 1.2580 1.4752 0.1333 0.0057 -0.0601 11.8551 -3.0000 0.5901
352 1.2574 1.4771 0.1254 0.0045 -0.0565 12.9604 -3.3160 0.7428
353 1.2610 1.4817 0.1321 0.0118 -0.0474 12.1935 -3.4100 0.7562
354 1.2686 1.4871 0.1339 0.0272 -0.0369 11.8821 -3.3880 0.7873
355 1.2747 1.4928 0.1327 0.0397 -0.0255 12.0653 -3.4770 0.8338
356 1.2845 1.4991 0.1302 0.0595 -0.0128 12.3939 -3.4790 0.8116
357 1.2974 1.4990 0.1308 0.0860 -0.0131 12.2328 -3.7620 0.9231
358 1.3065 1.4917 0.1339 0.1048 -0.0278 11.9515 -3.7120 0.8785
359 1.3191 1.4832 0.1321 0.1306 -0.0450 12.3301 -3.8125 0.9430
360 1.3307 1.4767 0.1315 0.1546 -0.0582 12.8711 0.9980 -2.4129
361 1.2386 1.5032 0.1321 -0.0297 -0.0052 12.5133 -3.8880 0.8710
362 1.2363 1.4998 0.1333 -0.0345 -0.0119 12.3371 -3.9610 0.9420
363 1.2312 1.4909 0.1224 -0.0448 -0.0298 13.4323 -4.2980 0.9898
364 1.2268 1.4832 0.1308 -0.0540 -0.0454 12.8873 2.0000 -1.5217
365 1.2219 1.4768 0.1321 -0.0640 -0.0585 12.0414 -4.6970 1.1102
366 1.2154 1.4665 0.1321 -0.0774 -0.0793 12.5619 -4.8440 1.1434
367 1.2112 1.4556 0.1290 -0.0861 -0.1016 12.6577 -4.8730 0.6812
368 1.2098 1.4490 0.1327 -0.0894 -0.1153 11.9366 -5.0230 1.2353
369 1.2090 1.4354 0.1333 -0.0913 -0.1431 11.5408 -5.2910 1.2281
370 1.2114 1.4191 0.1333 -0.0869 -0.1766 12.3539 -5.3720 1.2408
371 1.2610 1.4692 0.1302 0.0124 -0.0767 12.8113 -5.5130 1.3269
372 1.2598 1.4736 0.1224 0.0101 -0.0682 13.7230 -5.5410 1.2682
373 1.2583 1.4780 0.1284 0.0072 -0.0596 12.9196 -5.6910 1.2802
374 1.2557 1.4822 0.1327 0.0020 -0.0514 12.6849 -5.7890 1.3091
375 1.2566 1.4863 0.1290 0.0040 -0.0433 13.2223 -5.8380 1.3027
376 1.2620 1.4887 0.1327 0.0148 -0.0386 12.6947 -5.8810 1.3639
377 1.2689 1.4878 0.1302 0.0288 -0.0405 12.9018 -5.6890 1.3047
378 1.2738 1.4870 0.1315 0.0388 -0.0423 12.9054 -5.5820 1.2947
379 1.2763 1.4897 0.1315 0.0442 -0.0369 12.9408 -5.7370 1.3225
380 1.2768 1.4937 0.1308 0.0455 -0.0291 13.0488 -5.7840 1.3663
381 1.2513 1.4743 0.1308 -0.0056 -0.0680 12.8940 -5.9910 1.4631
382 1.2542 1.4718 0.1333 0.0003 -0.0734 12.7484 -66.1730 30.0000
383 1.2618 1.4662 0.1278 0.0156 -0.0850 13.5655 -6.1560 1.4184
384 1.2678 1.4574 0.1315 0.0278 -0.1028 12.9798 -6.2990 1.4667
385 1.2710 1.4475 0.1302 0.0344 -0.1232 13.1617 -6.5480 1.5484
386 1.2770 1.4407 0.1302 0.0467 -0.1374 13.3195 -6.5870 1.5406
387 1.2810 1.4367 0.1321 0.0549 -0.1460 13.0727 -6.6690 1.5205
388 1.2828 1.4321 0.1315 0.0588 -0.1559 13.4188 -6.3650 1.4484
389 1.2856 1.4216 0.1327 0.0647 -0.1778 12.9997 -6.4230 1.4654
390 1.2928 1.4098 0.1321 0.0795 -0.2023 13.1695 -6.3640 1.4126
391 1.2310 1.4780 0.1302 -0.0442 -0.0661 12.5797 -6.3580 1.4104
392 1.2258 1.4732 0.1201 -0.0548 -0.0759 14.8563 -6.5670 1.4925
393 1.2186 1.4699 0.1290 -0.0695 -0.0829 13.6358 -6.5940 1.4242
394 1.2101 1.4648 0.1290 -0.0869 -0.0934 13.7318 -6.5620 1.4674
395 1.2006 1.4583 0.1284 -0.1063 -0.1069 13.5977 -6.1730 1.3492
396 1.1940 1.4490 0.1333 -0.1202 -0.1259 13.2890 -6.4890 1.5201
397 1.1918 1.4373 0.1278 -0.1253 -0.1500 13.7412 -6.6350 1.5143
398 1.1924 1.4240 0.1315 -0.1246 -0.1774 13.4529 -6.8120 1.5417
399 1.1945 1.4045 0.1308 -0.1209 -0.2172 13.6229 -7.0950 1.6394
400 1.2002 1.3767 0.1272 -0.1099 -0.2740 14.0950 -7.5260 1.7731
401 1.2442 1.4696 0.1290 -0.0221 -0.0886 13.7238 -7.4980 1.7540
402 1.2462 1.4724 0.1308 -0.0182 -0.0833 13.8441 -7.3620 1.6957
403 1.2501 1.4764 0.1195 -0.0102 -0.0755 15.0586 -7.4790 1.7453
404 1.2553 1.4816 0.1302 0.0003 -0.0653 13.8064 -7.2620 1.6574
405 1.2580 1.4916 0.1315 0.0057 -0.0455 13.6339 -6.9360 1.5933
406 1.2635 1.5012 0.1302 0.0169 -0.0262 13.9992 -7.0610 1.5668
407 1.2718 1.5111 0.1308 0.0337 -0.0062 13.7186 -6.8970 1.5619
408 1.2834 1.5200 0.1308 0.0572 0.0117 13.2083 -6.7730 1.5570
409 1.3004 1.5351 0.1201 0.0916 0.0423 15.3793 -7.0650 1.6056
410 1.3164 1.5570 0.1296 0.1243 0.0866 14.1469 -7.1550 1.5971
411 1.2325 1.5110 0.1290 -0.0436 -0.0052 13.3508 -7.2700 1.6699
412 1.2459 1.5178 0.1284 -0.0168 0.0086 14.2352 -7.1290 1.6198
413 1.2613 1.5202 0.1296 0.0141 0.0136 14.0052 -7.3030 1.6367
414 1.2779 1.5190 0.1290 0.0476 0.0114 14.2340 -6.7080 2.3993
415 1.2981 1.5174 0.1302 0.0885 0.0083 13.9420 -6.7770 1.5415
416 1.3199 1.5154 0.1321 0.1327 0.0045 14.3058 -6.4030 1.5254
417 1.3371 1.5194 0.1272 0.1680 0.0127 14.4981 -6.5740 1.5403
418 1.3478 1.5298 0.1308 0.1902 0.0338 14.3936 -7.0230 1.6723
419 1.3607 1.5439 0.1296 0.2173 0.0624 14.3312 -7.3130 1.6532
420 1.3770 1.5510 0.1321 0.2510 0.0771 13.5324 -7.3490 1.6808
421 1.2301 1.4878 0.1302 -0.0430 -0.0494 14.3214 -6.9360 1.5960
422 1.2296 1.4922 0.1302 -0.0441 -0.0407 14.5394 -7.0640 1.6788
423 1.2259 1.4970 0.1207 -0.0518 -0.0311 15.4201 -7.1380 1.6089
424 1.2267 1.4974 0.1308 -0.0505 -0.0303 14.7221 -7.1020 1.6440
425 1.2317 1.4950 0.1321 -0.0405 -0.0352 14.3642 -6.6210 1.4614
426 1.2348 1.4946 0.1296 -0.0346 -0.0360 14.6925 -6.7280 1.4571
427 1.2350 1.4890 0.1308 -0.0342 -0.0473 13.6847 -6.7030 1.5361
428 1.2369 1.4858 0.1302 -0.0306 -0.0539 14.8675 -6.7540 1.5292
429 1.2411 1.4854 0.1272 -0.0222 -0.0548 14.8405 -6.8170 1.5504
430 1.2486 1.4822 0.1302 -0.0073 -0.0614 14.6938 -7.1760 1.6894
431 1.2422 1.4958 0.1302 -0.0202 -0.0343 14.6625 -6.8730 1.5490
432 1.2506 1.4970 0.1201 -0.0034 -0.0319 15.8574 -7.0690 1.6634
433 1.2602 1.4970 0.1284 0.0159 -0.0319 15.0755 -6.9780 1.5773
434 1.2670 1.4966 0.1224 0.0297 -0.0327 15.6466 -6.8040 1.4598
435 1.2790 1.4952 0.1290 0.0540 -0.0357 15.0136 -6.9680 1.5840
436 1.2922 1.4923 0.1308 0.0808 -0.0414 14.8901 -6.9030 1.7133
437 1.3034 1.4939 0.1284 0.1037 -0.0383 15.0963 -6.6102 1.5788
438 1.3098 1.4973 0.1207 0.1171 -0.0316 15.1629 -6.3430 1.3915
439 1.3166 1.5033 0.1290 0.1314 -0.0196 15.1515 -7.0670 1.5659
440 1.3238 1.5136 0.1302 0.1465 0.0011 14.2051 -6.9290 1.5708
441 1.2392 1.4826 0.1284 -0.0228 -0.0610 15.4128 -7.2620 1.6436
442 1.2492 1.4878 0.1284 -0.0028 -0.0507 15.3870 -7.4320 1.6654
443 1.2636 1.4942 0.1290 0.0262 -0.0379 15.1081 -7.4730 1.7822
444 1.2800 1.5018 0.1321 0.0593 -0.0227 15.0800 -6.9380 1.6187
445 1.2944 1.5090 0.1201 0.0885 -0.0082 16.1913 -6.8450 1.5406
446 1.3076 1.5150 0.1308 0.1155 0.0039 15.4218 -6.9550 1.6469
447 1.3212 1.5222 0.1290 0.1434 0.0185 15.1898 -6.5340 1.4260
448 1.3332 1.5253 0.1302 0.1682 0.0249 14.7136 -6.5090 1.3683
449 1.3520 1.5323 0.1284 0.2068 0.0393 15.3270 -6.5610 1.5383
450 1.3739 1.5345 0.1315 0.2518 0.0440 15.4214 -6.5940 1.5969
451 1.2080 1.5041 0.1296 -0.0803 -0.0167 15.3049 -6.3750 1.2437
452 1.2060 1.5060 0.1296 -0.0848 -0.0128 15.5839 -6.2230 1.4614
453 1.2036 1.5123 0.1278 -0.0900 -0.0002 15.9598 -6.1840 1.4758
454 1.1960 1.5230 0.1230 -0.1058 0.0214 16.2650 -6.5360 1.4593
455 1.1888 1.5268 0.1302 -0.1208 0.0294 15.7393 -6.2300 1.4010
456 1.1860 1.5240 0.1308 -0.1270 0.0241 15.5174 -5.7860 1.2324
457 1.1812 1.5149 0.1290 -0.1373 0.0059 15.7729 -6.4480 1.5052
458 1.1756 1.5079 0.1296 -0.1493 -0.0080 15.7280 -5.8230 1.2887
459 1.1688 1.5025 0.1302 -0.1637 -0.0187 15.5084 -1.0000 -2.0257
460 1.1672 1.4975 0.1278 -0.1677 -0.0289 15.9562 -5.3000 1.0704
461 1.2169 1.4848 0.1278 -0.0686 -0.0543 15.8648 -5.6090 1.3029
462 1.2126 1.4924 0.1308 -0.0775 -0.0392 16.0856 -5.6920 1.2199
463 1.2119 1.5004 0.1213 -0.0793 -0.0232 16.7239 -5.2590 1.3047
464 1.2121 1.5136 0.1321 -0.0794 0.0034 15.9482 -5.6790 1.2807
465 1.2198 1.5264 0.1201 -0.0642 0.0292 16.8758 -5.7540 1.4260
466 1.2288 1.5398 0.1296 -0.0465 0.0565 16.0693 -6.0600 1.3236
467 1.2462 1.5531 0.1278 -0.0118 0.0835 16.2619 -6.3830 1.4538
468 1.2673 1.5629 0.1290 0.0306 0.1037 16.3897 -6.7210 1.5081
469 1.2977 1.5765 0.1284 0.0920 0.1317 16.1326 -6.5350 1.5837
470 1.3248 1.5929 0.1302 0.1468 0.1655 15.8888 -6.9130 1.4605
471 1.2338 1.4730 0.1278 -0.0353 -0.0746 15.9757 -6.8380 1.6868
472 1.2307 1.4762 0.1296 -0.0416 -0.0684 16.0347 -7.6270 2.0252
473 1.2261 1.4802 0.1272 -0.0511 -0.0606 16.4144 -6.4280 1.5430
474 1.2237 1.4894 0.1272 -0.0561 -0.0423 16.4502 -6.3550 1.3884
475 1.2217 1.4950 0.1278 -0.0604 -0.0312 15.3501 -5.7850 1.2424
476 1.2186 1.4930 0.1266 -0.0671 -0.0353 16.6573 -5.9320 1.4024
477 1.2094 1.4884 0.1242 -0.0858 -0.0446 16.6222 -6.6780 1.6102
478 1.1988 1.4846 0.1290 -0.1075 -0.0524 16.1940 -6.8640 1.5564
479 1.1906 1.4797 0.1284 -0.1244 -0.0624 16.4242 -6.5370 1.4404
480 1.1872 1.4703 0.1266 -0.1318 -0.0814 16.3789 -6.1210 1.3706
481 1.2160 1.4766 0.1272 -0.0746 -0.0691 16.6373 -5.5870 1.1961
482 1.2124 1.4738 0.1248 -0.0822 -0.0749 16.6028 -6.6580 1.5644
483 1.2124 1.4761 0.1236 -0.0826 -0.0705 16.7837 -6.9420 1.6071
484 1.2152 1.4737 0.1242 -0.0773 -0.0757 15.8746 -6.2950 1.4128
485 1.2134 1.4644 0.1230 -0.0813 -0.0946 16.9314 -6.8800 1.6850
486 1.2153 1.4587 0.1260 -0.0778 -0.1063 16.6706 -7.2400 1.6770
487 1.2264 1.4551 0.1236 -0.0558 -0.1141 16.9356 -6.8310 1.5535
488 1.2338 1.4532 0.1266 -0.0412 -0.1183 16.7187 -6.9270 1.6443
489 1.2427 1.4568 0.1260 -0.0235 -0.1116 16.7694 -7.1400 1.5666
490 1.2460 1.4583 0.1248 -0.0170 -0.1089 17.0699 -6.9140 1.6645
491 1.2228 1.5256 0.1272 -0.0636 0.0259 16.8711 -7.4780 1.7117
492 1.2327 1.5348 0.1260 -0.0440 0.0446 17.0532 -7.3840 1.6298
493 1.2521 1.5468 0.1260 -0.0053 0.0691 17.0309 -6.8270 1.4738
494 1.2717 1.5584 0.1266 0.0343 0.0929 17.4179 -7.4150 1.7533
495 1.2940 1.5768 0.1248 0.0792 0.1305 16.9500 -7.1690 1.5348
496 1.3218 1.6002 0.1266 0.1355 0.1784 17.1291 -6.8180 1.4967
497 1.3440 1.6224 0.1248 0.1810 0.2239 16.3831 -7.3360 1.6854
498 1.3578 1.6439 0.1284 0.2096 0.2683 17.1009 -7.4300 1.7153
499 1.3760 1.6718 0.1260 0.2472 0.3258 17.3067 -6.7260 1.4714
500 1.3890 1.6924 0.1284 0.2747 0.3691 17.1748 -7.1390 1.6959
501 1.1888 1.5288 0.1272 -0.1264 0.0420 17.2288 -6.9490 1.5699
502 1.1836 1.5243 0.1290 -0.1374 0.0334 16.9872 -6.9110 1.6536
503 1.1834 1.5187 0.1266 -0.1385 0.0223 17.5545 -7.2570 1.4987
504 1.1931 1.5167 0.1266 -0.1197 0.0184 17.3508 -6.6750 1.5036
505 1.2043 1.5135 0.1260 -0.0977 0.0121 17.4601 -5.9510 1.2446
506 1.2111 1.5066 0.1248 -0.0845 -0.0015 17.8210 -5.7860 1.3138
507 1.2153 1.5082 0.1236 -0.0765 0.0018 17.4656 -6.6870 1.5508
508 1.2199 1.5159 0.1290 -0.0676 0.0172 17.3234 -6.7120 1.4954
509 1.2226 1.5275 0.1266 -0.0624 0.0407 17.4704 -6.6670 1.4667
510 1.2208 1.5399 0.1254 -0.0663 0.0660 16.7647 -6.9860 1.6285
511 1.1818 1.5404 0.1266 -0.1450 0.0673 17.5982 -7.5890 1.7315
512 1.1821 1.5429 0.1284 -0.1451 0.0729 17.5984 -6.8900 1.4487
513 1.1892 1.5441 0.1272 -0.1315 0.0757 17.5408 -6.7650 1.5570
514 1.1950 1.5473 0.1284 -0.1203 0.0826 17.8535 -7.0620 1.6303
515 1.2046 1.5471 0.1290 -0.1016 0.0825 17.8781 -6.8990 1.4538
516 1.2209 1.5420 0.1296 -0.0694 0.0729 17.7191 -6.5810 1.6122
517 1.2344 1.5394 0.1248 -0.0425 0.0681 17.1504 -6.9220 1.5301
518 1.2547 1.5307 0.1284 -0.0019 0.0509 17.8782 -7.1850 1.6897
519 1.2735 1.5236 0.1272 0.0360 0.0369 17.4553 -7.6220 1.8599
520 1.2982 1.5113 0.1266 0.0859 0.0125 18.0414 -7.6540 1.5679
521 1.1585 1.4987 0.1254 -0.1944 -0.0128 17.9753 -8.8010 2.1334
522 1.1544 1.5023 0.1266 -0.2036 -0.0056 18.1085 -8.6340 1.9458
523 1.1514 1.5091 0.1248 -0.2107 0.0081 18.1215 -7.6340 1.6814
524 1.1481 1.5147 0.1266 -0.2182 0.0195 18.1224 -8.2400 1.9080
525 1.1477 1.5208 0.1218 -0.2201 0.0319 18.4930 -7.2860 1.6921
526 1.1413 1.5316 0.1248 -0.2341 0.0539 18.2942 -7.6130 1.7502
527 1.1336 1.5446 0.1284 -0.2505 0.0802 18.1392 -7.3410 1.6848
528 1.1299 1.5495 0.1236 -0.2591 0.0906 18.6237 -7.7400 1.8261
529 1.1251 1.5594 0.1254 -0.2700 0.1110 18.3863 -8.7990 1.9825
530 1.1222 1.5688 0.1278 -0.2770 0.1305 17.2535 -8.6680 1.9841
531 1.1759 1.4840 0.1230 -0.1704 -0.0393 18.6799 -8.9610 1.9594
532 1.1769 1.4788 0.1260 -0.1692 -0.0499 18.7810 -8.8960 2.0793
533 1.1766 1.4748 0.1166 -0.1705 -0.0582 19.2904 -8.8460 2.1363
534 1.1823 1.4615 0.1284 -0.1596 -0.0851 18.6301 -9.1500 2.1091
535 1.1941 1.4418 0.1160 -0.1366 -0.1251 19.3749 -9.0960 2.0264
536 1.2098 1.4210 0.1272 -0.1058 -0.1676 18.3088 -8.3970 1.8263
537 1.2232 1.4011 0.1266 -0.0792 -0.2082 18.5373 -8.5820 1.9618
538 1.2345 1.3871 0.1272 -0.0568 -0.2375 18.7347 -8.7310 1.9776
539 1.2522 1.3751 0.1230 -0.0213 -0.2627 18.9739 -8.4660 1.9298
540 1.2671 1.3555 0.1254 0.0086 -0.3034 18.7257 -8.4760 2.1265
541 1.1421 1.5064 0.1254 -0.2425 -0.0015 18.6963 -8.7670 2.0114
542 1.1482 1.5028 0.1230 -0.2312 -0.0086 18.9605 -9.3120 2.1296
543 1.1597 1.4932 0.1248 -0.2091 -0.0279 18.7844 -10.1310 2.4267
544 1.1683 1.4905 0.1178 -0.1928 -0.0335 19.8475 -11.0580 2.6383
545 1.1732 1.4924 0.1278 -0.1837 -0.0297 18.5594 -10.7920 2.4549
546 1.1849 1.4951 0.1266 -0.1609 -0.0243 18.6812 -10.4340 2.3156
547 1.1914 1.5028 0.1254 -0.1485 -0.0089 18.9228 -10.0590 2.3608
548 1.1912 1.5158 0.1272 -0.1496 0.0173 19.2186 -9.6000 1.9600
549 1.1878 1.5371 0.1248 -0.1569 0.0602 18.9437 -8.7890 1.8802
550 1.1745 1.5523 0.1242 -0.1843 0.0912 19.1118 -8.6780 1.9645
551 1.1070 1.5139 0.1266 -0.3207 0.0145 19.1004 -9.2830 2.1801
552 1.1148 1.5204 0.1302 -0.3066 0.0277 18.1078 -10.6490 2.5068
553 1.1205 1.5273 0.1248 -0.2963 0.0417 19.3301 -9.4810 1.9856
554 1.1259 1.5288 0.1260 -0.2868 0.0451 18.9850 -8.3310 1.7934
555 1.1337 1.5321 0.1278 -0.2724 0.0520 19.2781 -8.6300 1.9538
556 1.1476 1.5345 0.1358 -0.2456 0.0571 17.9352 -7.8160 1.7228
557 1.1555 1.5426 0.1396 -0.2307 0.0738 18.7971 -7.5660 1.7584
558 1.1614 1.5536 0.1447 -0.2198 0.0963 18.8474 -7.3070 1.5272
559 1.1581 1.5617 0.1460 -0.2273 0.1132 18.9778 -7.4690 1.7204
560 1.1459 1.5664 0.1539 -0.2527 0.1233 18.5105 -7.5830 1.8076
561 1.1010 1.5060 0.1546 -0.3441 0.0024 18.7821 -7.0440 1.6076
562 1.0950 1.4952 0.1580 -0.3577 -0.0192 18.7360 -7.2910 1.5579
563 1.0910 1.4848 0.1526 -0.3672 -0.0402 18.9352 -6.4800 1.4567
564 1.0778 1.4788 0.1493 -0.3954 -0.0524 19.4242 -7.5850 1.6972
565 1.0634 1.4812 0.1447 -0.4260 -0.0478 18.9513 -9.2790 2.2487
566 1.0470 1.4888 0.1434 -0.4609 -0.0327 19.2631 -9.9410 2.1672
567 1.0382 1.4920 0.1389 -0.4806 -0.0264 18.5714 -9.2870 2.0377
568 1.0279 1.4889 0.1486 -0.5034 -0.0328 19.1469 -9.3660 2.0793
569 1.0158 1.4768 0.1440 -0.5300 -0.0572 20.1848 -8.6670 1.9620
570 1.0038 1.4660 0.1670 -0.5563 -0.0791 18.5406 -7.6430 1.6234
571 0.9570 1.4130 0.1757 -0.6530 -0.1859 17.5854 -7.9500 1.8777
572 0.9521 1.4243 0.1713 -0.6656 -0.1642 19.3464 -7.0300 1.5181
573 0.9477 1.4343 0.1854 -0.6775 -0.1447 18.3392 -5.8920 1.2867
574 0.9373 1.4480 0.1786 -0.7014 -0.1179 18.7111 -6.2000 1.3944
575 0.9313 1.4660 0.1642 -0.7166 -0.0822 18.8012 -6.3600 1.6191
576 0.9218 1.4837 0.1466 -0.7389 -0.0470 19.7769 -6.0200 0.7953
577 0.9172 1.5065 0.1370 -0.7516 -0.0012 19.3511 95.0000 -21.1737
578 0.9179 1.5263 0.1308 -0.7534 0.0385 19.5680 -6.4180 1.5090
579 0.9128 1.5551 0.1236 -0.7669 0.0967 19.8730 -6.5140 1.3610
580 0.9098 1.5748 0.1207 -0.7764 0.1368 19.7972 -6.6420 1.5546
581 0.9618 1.3908 0.1278 -0.6753 -0.2322 19.3230 -6.4460 1.4513
582 0.9579 1.3976 0.1377 -0.6859 -0.2197 19.9488 -6.7180 1.4847
583 0.9477 1.4120 0.1539 -0.7093 -0.1917 19.1301 -7.1330 1.6545
584 0.9450 1.4281 0.1713 -0.7178 -0.1602 19.2112 -7.5060 1.7353
585 0.9499 1.4497 0.1816 -0.7111 -0.1176 19.0210 -8.0560 1.9899
586 0.9599 1.4755 0.2027 -0.6940 -0.0663 18.4491 -7.9410 1.8561
587 0.9641 1.4927 0.2085 -0.6885 -0.0319 17.5942 -7.3060 1.5911
588 0.9668 1.5280 0.2027 -0.6859 0.0391 18.6079 -7.3750 1.6937
589 0.9733 1.5654 0.2076 -0.6755 0.1145 18.2602 -8.0880 1.8626
590 0.9805 1.6064 0.1995 -0.6638 0.1975 18.4241 -7.1680 1.5123
591 0.9596 1.3924 0.1699 -0.7086 -0.2316 20.2777 -6.6280 1.3855
592 0.9576 1.3912 0.1519 -0.7155 -0.2350 19.4848 -5.9970 1.4431
593 0.9544 1.3832 0.1499 -0.7249 -0.2522 18.4511 -5.9810 1.3848
594 0.9548 1.3772 0.1434 -0.7270 -0.2654 19.7082 -5.6120 1.0223
595 0.9572 1.3748 0.1296 -0.7251 -0.2715 20.2612 -5.1410 1.0804
596 0.9520 1.3768 0.1207 -0.7385 -0.2687 21.0072 -5.6090 1.2918
597 0.9456 1.3888 0.1266 -0.7544 -0.2458 20.3917 -6.4030 1.4582
598 0.9416 1.4048 0.1370 -0.7655 -0.2148 19.6566 -6.6670 1.5143
599 0.9388 1.4268 0.1493 -0.7742 -0.1715 18.9114 -7.4330 1.6794
600 0.9382 1.4444 0.1720 -0.7785 -0.1369 18.6754 -6.3130 1.1440
601 0.9214 1.2724 0.1971 -0.8154 -0.4831 18.9807 -6.6590 1.4992
602 0.9178 1.2720 0.2393 -0.8259 -0.4862 19.2952 -5.6960 1.3009
603 0.9122 1.2736 0.2761 -0.8405 -0.4853 16.6600 -5.4420 1.2444
604 0.9022 1.2828 0.2793 -0.8640 -0.4691 17.0838 -5.5700 1.3125
605 0.8879 1.2964 0.2657 -0.8961 -0.4439 18.2577 -5.8420 1.3138
606 0.8722 1.3088 0.2393 -0.9313 -0.4210 17.7286 -6.3980 1.6142
607 0.8520 1.3200 0.1846 -0.9758 -0.4004 21.2958 -5.6610 1.1836
608 0.8393 1.3228 0.1621 -1.0051 -0.3965 20.5095 -6.0830 1.4760
609 0.8255 1.3214 0.1364 -1.0371 -0.4011 19.9149 -4.9380 0.9186
610 0.8168 1.3213 0.1236 -1.0588 -0.4032 20.4456 -5.4030 1.1605
611 0.9573 1.3884 0.1213 -0.7808 -0.2701 20.3439 -4.5630 5.2409
612 0.9489 1.3848 0.1327 -0.8005 -0.2784 19.7857 -4.3650 0.8329
613 0.9418 1.3808 0.1364 -0.8178 -0.2876 19.8638 -5.0900 1.4411
614 0.9351 1.3860 0.1506 -0.8343 -0.2784 18.8219 -6.4050 1.6029
615 0.9272 1.3860 0.1594 -0.8534 -0.2795 19.5761 -5.6570 1.2210
616 0.9117 1.3880 0.1995 -0.8878 -0.2766 17.4434 -5.9690 1.3777
617 0.8945 1.3936 0.2301 -0.9258 -0.2665 16.4043 -5.9160 1.3485
618 0.8770 1.3992 0.2677 -0.9645 -0.2563 17.2472 -5.7550 1.3140
619 0.8639 1.4084 0.2848 -0.9946 -0.2388 16.5331 -5.7370 1.3519
620 0.8463 1.4244 0.3029 -1.0337 -0.2076 15.6355 -5.4520 1.2328
621 0.9608 1.3908 0.2925 -0.8077 -0.2759 16.4992 -4.7140 0.9903
622 0.9580 1.3920 0.2265 -0.8162 -0.2745 21.0352 -4.4150 0.9691
623 0.9620 1.3952 0.2043 -0.8111 -0.2692 18.8090 -4.3440 1.3659
624 0.9728 1.4052 0.1519 -0.7922 -0.2501 21.9995 -4.6980 1.1131
625 0.9776 1.4236 0.1421 -0.7854 -0.2141 19.7810 -4.7160 1.1518
626 0.9836 1.4424 0.1218 -0.7760 -0.1771 20.5234 -3.9650 0.9865
627 0.9948 1.4664 0.1218 -0.7562 -0.1294 20.2093 -3.4830 0.7039
628 1.0012 1.4850 0.1207 -0.7459 -0.0924 20.0911 -3.9350 1.2059
629 1.0072 1.5033 0.1364 -0.7363 -0.0556 19.4250 -4.0440 1.0063
630 1.0067 1.5245 0.1466 -0.7397 -0.0130 19.9285 -5.0430 1.1556
631 0.9214 1.3892 0.1685 -0.9136 -0.2848 19.0133 -4.9330 1.2143
632 0.9194 1.3808 0.1939 -0.9209 -0.3028 19.4026 -4.9170 0.9825
633 0.9194 1.3704 0.2412 -0.9242 -0.3249 15.2892 -4.9040 1.1456
634 0.9150 1.3572 0.2566 -0.9364 -0.3527 15.7114 -5.7650 1.4369
635 0.9115 1.3468 0.2688 -0.9467 -0.3750 17.1379 -6.2060 1.4865
636 0.9109 1.3396 0.2667 -0.9513 -0.3910 17.8747 -6.2940 1.5724
637 0.9075 1.3288 0.2402 -0.9616 -0.4143 19.7998 -6.5010 1.5913
638 0.9021 1.3176 0.2430 -0.9758 -0.4386 18.7498 -6.1430 1.4636
639 0.8968 1.3056 0.2035 -0.9899 -0.4645 20.0927 -5.9270 -30.0000
640 0.8919 1.2884 0.1831 -1.0033 -0.5010 19.2304 -6.1610 1.5032
641 1.0232 1.4088 0.1649 -0.7430 -0.2611 19.3855 -5.6840 1.2390
642 1.0235 1.4180 0.1486 -0.7448 -0.2436 19.8067 -6.2940 1.3886
643 1.0221 1.4260 0.1402 -0.7497 -0.2283 20.0035 -5.3800 1.1612
644 1.0188 1.4368 0.1358 -0.7588 -0.2073 20.3106 -5.5490 1.2215
645 1.0142 1.4552 0.1339 -0.7702 -0.1710 20.3173 -6.2810 1.4867
646 1.0061 1.4724 0.1402 -0.7890 -0.1369 20.1618 -5.8210 1.3287
647 1.0007 1.4844 0.1566 -0.8022 -0.1130 18.4727 -4.4680 0.9133
648 0.9998 1.4884 0.1656 -0.8065 -0.1051 19.3509 -4.4030 1.0826
649 0.9948 1.4904 0.1831 -0.8190 -0.1012 18.6232 -4.1450 0.9068
650 0.9887 1.4864 0.1846 -0.8339 -0.1094 20.5149 -4.6230 1.1578
651 1.1910 1.4028 0.2027 -0.4298 -0.2776 18.6666 -5.2810 1.2642
652 1.2018 1.4024 0.1979 -0.4087 -0.2793 19.9793 -5.1925 1.1637
653 1.2130 1.4041 0.2043 -0.3867 -0.2769 19.2823 -5.1951 1.2713
654 1.2198 1.4093 0.1963 -0.3734 -0.2674 18.8720 -4.8730 0.9397
655 1.2278 1.4167 0.1794 -0.3576 -0.2534 19.9775 583.0000 -30.0000
656 1.2298 1.4317 0.1685 -0.3538 -0.2242 19.6077 -5.8820 1.4280
657 1.2258 1.4495 0.1533 -0.3621 -0.1891 20.4061 -6.1680 1.3798
658 1.2154 1.4578 0.1453 -0.3832 -0.1729 20.7015 -5.9860 1.3550
659 1.1970 1.4591 0.1466 -0.4205 -0.1706 20.1776 -6.3290 1.4898
660 1.1771 1.4577 0.1466 -0.4610 -0.1738 20.1388 -6.3610 1.4551
661 1.4632 1.3480 0.1600 0.1133 -0.3948 19.2820 -6.1080 1.3605
662 1.4576 1.3416 0.1854 0.1041 -0.4092 19.3245 -6.9160 1.5711
663 1.4476 1.3385 0.2127 0.0861 -0.4169 18.1875 -7.2520 1.6601
664 1.4372 1.3359 0.2328 0.0672 -0.4239 20.0285 -7.2130 1.6630
665 1.4288 1.3344 0.2892 0.0522 -0.4285 15.8612 -7.2920 1.5840
666 1.4176 1.3349 0.3099 0.0315 -0.4291 16.4513 -7.0170 1.5259
667 1.4052 1.3359 0.3111 0.0082 -0.4288 17.0883 -6.6250 1.3430
668 1.3936 1.3390 0.3148 -0.0135 -0.4242 14.7281 -6.5780 1.5497
669 1.3852 1.3427 0.2783 -0.0289 -0.4183 16.9756 -6.1480 1.3521
670 1.3725 1.3429 0.1987 -0.0532 -0.4196 22.3782 -5.5650 1.2344
count posx posy posz xout yout zout heading hd_out
1 0.0000 0.0000 0.0000 0.0000 0.0000 0.0000 0.0000 0.0000
2 0.0000 0.0000 0.1278 0.0000 0.0000 0.0000 1.4660 -0.3197
3 0.0000 0.0000 0.1284 0.0000 0.0000 0.0000 1.4500 -0.3015
4 0.0000 0.0000 0.1201 0.0000 0.0000 0.0000 1.2790 -0.2875
5 0.0000 0.0000 0.1290 0.0000 0.0000 0.0000 1.3400 -0.3405
6 0.0000 0.0000 0.1296 0.0000 0.0000 0.0000 1.2800 -0.3106
7 0.0000 0.0000 0.1296 0.0000 0.0000 0.0000 1.2040 -0.2947
8 0.0000 0.0000 0.1284 0.0000 0.0000 0.0000 1.2030 -0.3148
9 0.0000 0.0000 0.1218 0.0000 0.0000 0.0000 1.1100 -0.2706
10 0.0000 0.0000 0.1315 0.0000 0.0000 0.0000 11.0560 -6.9429
11 1.2090 1.5200 0.1272 -0.0825 0.0401 1.7877 1.0350 -0.2695
12 1.2088 1.5200 0.1308 -0.0833 0.0403 0.4885 0.9040 -0.2078
13 1.2084 1.5199 0.1272 -0.0844 0.0404 1.5568 0.7750 -0.2001
14 1.2080 1.5198 0.1321 -0.0856 0.0404 1.1895 0.8900 -0.2608
15 1.2077 1.5197 0.1266 -0.0868 0.0404 1.7611 1.0670 -0.2815
16 1.2073 1.5196 0.1296 -0.0880 0.0403 1.5547 1.2200 -0.3374
17 1.2068 1.5194 0.1260 -0.0894 0.0402 1.0746 1.2240 -0.2986
18 1.2062 1.5193 0.1296 -0.0911 0.0402 1.6271 1.3720 -0.3578
19 1.2055 1.5192 0.1296 -0.0928 0.0401 1.4812 1.5540 -0.3908
20 1.2051 1.5191 0.1302 -0.0941 0.0401 0.9600 1.5950 -0.3928
21 1.2160 1.5289 0.1290 -0.0726 0.0601 1.7930 1.6100 -0.3881
22 1.2160 1.5287 0.1290 -0.0729 0.0600 1.7685 1.6380 -0.3930
23 1.2161 1.5285 0.1278 -0.0731 0.0599 2.0101 1.5020 -0.3480
24 1.2162 1.5283 0.1284 -0.0732 0.0598 1.8520 1.4020 -0.3681
25 1.2164 1.5281 0.1278 -0.0732 0.0596 2.0211 1.4980 -0.3832
26 1.2165 1.5278 0.1302 -0.0732 0.0592 1.7052 1.6500 -0.4001
27 1.2167 1.5274 0.1278 -0.0732 0.0588 2.1538 1.7430 -0.4115
28 1.2169 1.5271 0.1213 -0.0732 0.0584 3.1587 1.7840 -0.4388
29 1.2170 1.5267 0.1284 -0.0733 0.0580 2.0923 1.9610 -0.4813
30 1.2171 1.5266 0.1302 -0.0733 0.0579 2.0159 2.0700 -0.5185
31 1.2350 1.5300 0.1272 -0.0377 0.0650 1.4041 2.2000 -0.5207
32 1.2351 1.5300 0.1296 -0.0377 0.0653 2.1007 2.2290 -0.5459
33 1.2352 1.5298 0.1260 -0.0377 0.0653 2.2705 2.3540 -0.5590
34 1.2355 1.5297 0.1290 -0.0372 0.0654 2.3073 2.2860 -0.5318
35 1.2359 1.5296 0.1213 -0.0365 0.0654 2.9732 2.4110 -0.6011
36 1.2361 1.5294 0.1290 -0.0364 0.0653 2.3798 2.4440 -0.5715
37 1.2360 1.5292 0.1260 -0.0366 0.0652 2.6572 2.4630 -0.5806
38 1.2358 1.5290 0.1296 -0.0373 0.0652 2.3184 2.4670 -0.5650
39 1.2356 1.5289 0.1302 -0.0377 0.0652 2.3413 2.3120 -0.5394
40 1.2356 1.5288 0.1290 -0.0378 0.0653 2.6313 2.2000 -0.5074
41 1.2279 1.5280 0.1290 -0.0535 0.0640 2.2959 2.1860 -0.5238
42 1.2276 1.5280 0.1195 -0.0542 0.0643 3.5351 2.2560 -0.5416
43 1.2273 1.5281 0.1278 -0.0552 0.0648 2.5752 2.2160 -0.5265
44 1.2269 1.5282 0.1272 -0.0563 0.0652 2.6842 2.1100 -0.4793
45 1.2266 1.5283 0.1278 -0.0569 0.0657 1.7018 2.0583 -0.4715
46 1.2265 1.5283 0.1272 -0.0575 0.0659 2.7581 2.0000 -0.4784
47 1.2263 1.5284 0.1302 -0.0580 0.0664 2.4913 2.0540 -0.5043
48 1.2263 1.5285 0.1284 -0.0582 0.0670 2.0310 2.1350 -0.4101
49 1.2263 1.5287 0.1290 -0.0585 0.0676 2.7099 2.0620 -0.4922
50 1.2263 1.5288 0.1302 -0.0587 0.0682 2.5920 2.1240 -0.5127
51 1.2060 1.5330 0.1278 -0.0998 0.0769 3.0949 2.2710 -0.5356
52 1.2060 1.5330 0.1266 -0.1002 0.0772 2.5548 2.4060 -0.5830
53 1.2062 1.5330 0.1278 -0.1003 0.0775 2.6850 2.5050 -0.5841
54 1.2063 1.5330 0.1296 -0.1006 0.0778 2.8032 2.5590 -0.6055
55 1.2062 1.5329 0.1272 -0.1013 0.0780 2.9494 2.5840 -0.6084
56 1.2060 1.5327 0.1302 -0.1020 0.0779 2.9231 2.5400 -0.5884
57 1.2059 1.5323 0.1272 -0.1026 0.0774 3.2011 2.4750 -0.5788
58 1.2060 1.5318 0.1218 -0.1029 0.0767 4.0625 2.2830 -0.5236
59 1.2061 1.5313 0.1278 -0.1031 0.0760 3.3215 2.3680 -0.5652
60 1.2062 1.5308 0.1302 -0.1033 0.0754 3.1201 2.3140 -0.5292
61 1.2260 1.5270 0.1278 -0.0640 0.0680 3.2579 2.3270 -0.5401
62 1.2260 1.5269 0.1290 -0.0643 0.0682 3.2090 2.2090 -0.5165
63 1.2260 1.5269 0.1284 -0.0646 0.0683 3.1361 2.1530 -0.5094
64 1.2259 1.5270 0.1296 -0.0649 0.0688 3.1476 2.2490 -0.5187
65 1.2258 1.5270 0.1213 -0.0654 0.0691 4.3099 2.1910 -0.5018
66 1.2257 1.5270 0.1302 -0.0659 0.0695 3.2674 2.2610 -0.5383
67 1.2256 1.5271 0.1296 -0.0663 0.0698 3.3152 2.2140 -0.5256
68 1.2254 1.5270 0.1290 -0.0669 0.0699 3.4841 2.3640 -0.5532
69 1.2255 1.5268 0.1284 -0.0669 0.0698 3.5324 2.3430 -0.5537
70 1.2258 1.5266 0.1284 -0.0666 0.0697 3.5605 3.1030 -0.7239
71 1.2152 1.5280 0.1278 -0.0882 0.0728 3.6013 2.3910 -0.5886
72 1.2155 1.5280 0.1302 -0.0878 0.0730 2.6305 2.3570 -0.5601
73 1.2159 1.5278 0.1272 -0.0875 0.0729 3.6250 2.4900 -0.5893
74 1.2163 1.5275 0.1302 -0.0871 0.0726 3.4791 2.3510 -0.5583
75 1.2167 1.5271 0.1278 -0.0866 0.0719 3.9285 2.2700 -0.5505
76 1.2171 1.5265 0.1321 -0.0860 0.0711 3.3310 2.3520 -0.5523
77 1.2177 1.5259 0.1296 -0.0851 0.0702 3.7815 2.3120 -0.5519
78 1.2183 1.5253 0.1213 -0.0844 0.0691 4.7004 2.3490 -0.5597
79 1.2188 1.5245 0.1302 -0.0837 0.0678 3.7189 2.3490 -0.5472
80 1.2194 1.5238 0.1296 -0.0828 0.0667 3.7605 2.3770 -0.5703
81 1.2280 1.5210 0.1284 -0.0658 0.0613 3.0495 2.6170 -0.6180
82 1.2277 1.5209 0.1278 -0.0664 0.0613 4.2267 2.7080 -0.6507
83 1.2274 1.5206 0.1201 -0.0673 0.0610 4.7062 2.7150 -0.6407
84 1.2274 1.5202 0.1290 -0.0677 0.0602 4.0321 2.6910 -0.6389
85 1.2270 1.5195 0.1189 -0.0685 0.0592 5.0999 2.6040 -0.6151
86 1.2268 1.5187 0.1296 -0.0692 0.0577 4.0930 2.5240 -0.5933
87 1.2265 1.5178 0.1290 -0.0700 0.0560 4.0203 2.3820 -0.5456
88 1.2261 1.5167 0.1290 -0.0711 0.0540 3.3994 2.3920 -0.5666
89 1.2256 1.5156 0.1284 -0.0724 0.0519 4.1648 2.4700 -0.5848
90 1.2250 1.5146 0.1308 -0.0737 0.0502 3.9612 2.5690 -0.6144
91 1.2180 1.4919 0.1272 -0.0882 0.0047 4.1265 2.7233 -0.6524
92 1.2178 1.4919 0.1284 -0.0889 0.0045 4.3793 2.7830 -0.6669
93 1.2175 1.4919 0.1272 -0.0898 0.0045 4.3796 2.8490 -0.6598
94 1.2173 1.4922 0.1207 -0.0904 0.0050 5.4428 2.8450 -0.6723
95 1.2173 1.4924 0.1278 -0.0909 0.0054 4.3797 2.8040 -0.6596
96 1.2171 1.4925 0.1224 -0.0915 0.0056 5.2356 2.6920 -0.6302
97 1.2169 1.4925 0.1278 -0.0923 0.0054 4.7482 2.6460 -0.6186
98 1.2168 1.4915 0.1213 -0.0928 0.0033 5.3879 2.6340 -0.6151
99 1.2167 1.4905 0.1296 -0.0933 0.0013 4.4190 2.5710 -0.6095
100 1.2167 1.4904 0.1290 -0.0938 0.0009 4.5820 2.5650 -0.5988
101 1.2190 1.5169 0.1201 -0.0894 0.0542 5.5021 2.7050 -0.6656
102 1.2189 1.5167 0.1284 -0.0900 0.0540 4.6596 2.8360 -0.6560
103 1.2183 1.5167 0.1278 -0.0915 0.0541 4.6480 2.8930 -0.6896
104 1.2174 1.5167 0.1296 -0.0935 0.0542 4.5873 2.9910 -0.6990
105 1.2165 1.5168 0.1315 -0.0957 0.0545 4.4027 2.9060 -0.6818
106 1.2156 1.5169 0.1290 -0.0977 0.0550 4.7918 2.8871 -0.6794
107 1.2148 1.5169 0.1207 -0.0999 0.0552 5.7090 2.7230 -0.6362
108 1.2138 1.5167 0.1272 -0.1022 0.0549 4.1869 2.5240 -0.5577
109 1.2124 1.5156 0.1278 -0.1053 0.0528 4.8646 2.5000 -0.6008
110 1.2113 1.5148 0.1278 -0.1080 0.0513 4.8327 2.4370 -0.5681
111 1.2949 1.5181 0.1272 0.0598 0.0582 4.9352 2.3460 -0.5528
112 1.2947 1.5180 0.1272 0.0597 0.0582 5.2131 2.2250 -0.5183
113 1.2941 1.5167 0.1284 0.0591 0.0557 5.0429 2.0480 -0.4629
114 1.2930 1.5136 0.1321 0.0572 0.0496 4.5777 1.9390 -0.4635
115 1.2922 1.5104 0.1284 0.0560 0.0434 5.1143 1.7470 -0.3928
116 1.2916 1.5069 0.1213 0.0552 0.0364 5.9484 1.7590 -0.4204
117 1.2908 1.5028 0.1284 0.0541 0.0283 5.1254 1.7460 -0.4170
118 1.2900 1.4983 0.1218 0.0529 0.0193 6.0708 1.6330 -0.3883
119 1.2891 1.4938 0.1272 0.0515 0.0103 5.3422 1.6010 -0.3839
120 1.2883 1.4899 0.1290 0.0504 0.0023 4.4387 1.6450 -0.3892
121 1.2942 1.5024 0.1278 0.0626 0.0274 4.4383 1.4510 -0.3500
122 1.2941 1.5038 0.1290 0.0628 0.0300 5.2806 1.4740 -0.3672
123 1.2926 1.5035 0.1272 0.0602 0.0295 4.5284 1.3460 -0.3178
124 1.2894 1.5032 0.1290 0.0541 0.0289 5.4171 1.4240 -0.3414
125 1.2865 1.5049 0.1272 0.0487 0.0324 5.4296 1.2190 -0.2837
126 1.2835 1.5088 0.1296 0.0431 0.0403 5.4174 1.2650 -0.2877
127 1.2808 1.5112 0.1266 0.0379 0.0453 5.4544 1.2230 -0.2722
128 1.2798 1.5134 0.1290 0.0362 0.0497 5.5026 1.3100 -0.3396
129 1.2795 1.5145 0.1278 0.0360 0.0522 5.6164 1.5140 -0.4152
130 1.2782 1.5151 0.1302 0.0337 0.0534 5.4140 1.4780 -0.3623
131 1.2109 1.5235 0.1272 -0.1013 0.0706 5.6253 1.2090 -0.3216
132 1.2077 1.5214 0.1284 -0.1081 0.0665 5.5163 1.1900 -0.2982
133 1.2044 1.5184 0.1272 -0.1153 0.0606 5.7578 0.1530 -0.0674
134 1.2014 1.5143 0.1284 -0.1218 0.0526 5.6485 1.0270 -0.2503
135 1.1983 1.5098 0.1272 -0.1283 0.0437 5.8307 1.0020 -0.2564
136 1.1949 1.5047 0.1278 -0.1359 0.0336 5.7950 1.0630 -0.2601
137 1.1898 1.4996 0.1278 -0.1465 0.0233 5.8919 1.2560 -0.3360
138 1.1857 1.4942 0.1302 -0.1554 0.0125 5.6367 1.3050 -0.3140
139 1.1822 1.4897 0.1284 -0.1630 0.0034 5.8914 1.3370 -0.3331
140 1.1796 1.4857 0.1278 -0.1689 -0.0048 5.8118 1.3750 -0.3380
141 1.2129 1.5215 0.1290 -0.1028 0.0670 5.8229 1.3790 -0.3402
142 1.2133 1.5184 0.1284 -0.1024 0.0610 5.9253 1.4000 -0.3365
143 1.2143 1.5140 0.1284 -0.1008 0.0524 6.0825 1.3970 -0.3260
144 1.2174 1.5094 0.1278 -0.0948 0.0434 6.0704 1.3400 -0.3098
145 1.2199 1.5018 0.1278 -0.0901 0.0282 6.1670 1.2470 -0.2833
146 1.2231 1.4916 0.1290 -0.0840 0.0076 6.1792 1.1960 -0.2875
147 1.2257 1.4790 0.1272 -0.0790 -0.0178 5.3627 1.0630 -0.2686
148 1.2264 1.4701 0.1290 -0.0779 -0.0358 6.2522 0.8940 -0.2225
149 1.2302 1.4620 0.1272 -0.0705 -0.0524 5.6107 0.9200 -0.2114
150 1.2369 1.4555 0.1296 -0.0571 -0.0659 6.1231 1.0530 -0.2860
151 1.1280 1.6212 0.1290 -0.2762 0.2668 5.5169 0.8880 -0.2332
152 1.1259 1.6226 0.1278 -0.2816 0.2707 6.5963 0.8060 -0.1865
153 1.1227 1.6235 0.1284 -0.2892 0.2739 5.4287 0.7020 -0.1673
154 1.1186 1.6241 0.1296 -0.2989 0.2762 6.3282 0.7890 -0.2406
155 1.1143 1.6253 0.1290 -0.3089 0.2799 6.3168 0.6190 -0.1671
156 1.1084 1.6272 0.1284 -0.3220 0.2850 6.4853 0.5780 -0.1473
157 1.1033 1.6313 0.1290 -0.3336 0.2944 6.3892 0.6510 -0.1889
158 1.0990 1.6350 0.1278 -0.3439 0.3033 6.8745 0.6650 -0.2041
159 1.0959 1.6390 0.1290 -0.3516 0.3125 6.3420 0.4850 -0.0883
160 1.0954 1.6402 0.1415 -0.3541 0.3163 5.2305 0.5240 -0.1446
161 1.2289 1.5207 0.1272 -0.0872 0.0776 6.9713 0.4880 -0.1117
162 1.2332 1.5174 0.1302 -0.0788 0.0713 6.8262 0.5290 -0.1204
163 1.2385 1.5105 0.1189 -0.0684 0.0574 7.6747 0.7540 -0.2501
164 1.2430 1.5035 0.1290 -0.0595 0.0435 6.9220 0.5910 -0.1965
165 1.2451 1.4937 0.1189 -0.0553 0.0239 7.6869 0.5870 -0.0803
166 1.2429 1.4811 0.1290 -0.0597 -0.0015 6.9944 0.3980 -0.1086
167 1.2342 1.4637 0.1266 -0.0772 -0.0366 6.8962 0.2670 -0.0625
168 1.2203 1.4436 0.1290 -0.1054 -0.0775 6.1668 0.1540 -0.0245
169 1.2045 1.4225 0.1272 -0.1375 -0.1204 6.9564 -0.0270 -0.0393
170 1.1944 1.4108 0.1290 -0.1582 -0.1446 6.9415 -0.0150 -0.0455
171 1.2296 1.5213 0.1284 -0.0880 0.0765 7.1104 0.0320 -0.0275
172 1.2301 1.5232 0.1296 -0.0873 0.0805 5.9885 0.1120 -0.0583
173 1.2341 1.5267 0.1290 -0.0795 0.0878 6.9886 0.1610 -0.0808
174 1.2405 1.5315 0.1284 -0.0666 0.0978 6.9774 0.1500 -0.0454
175 1.2493 1.5339 0.1278 -0.0492 0.1029 7.1473 0.2810 -0.1115
176 1.2559 1.5317 0.1296 -0.0358 0.0988 6.8981 0.3020 -0.0908
177 1.2655 1.5289 0.1254 -0.0165 0.0934 7.4416 0.3250 -0.1142
178 1.2763 1.5261 0.1213 0.0053 0.0880 8.0364 0.3900 -0.0935
179 1.2839 1.5187 0.1290 0.0209 0.0736 7.3224 0.4320 -0.1691
180 1.2873 1.5123 0.1236 0.0281 0.0608 7.9924 0.3520 -0.1081
181 1.2035 1.5107 0.1284 -0.1399 0.0578 7.2036 0.4640 -0.1843
182 1.1994 1.5095 0.1278 -0.1488 0.0554 7.3121 0.5990 -0.2036
183 1.1907 1.5096 0.1266 -0.1667 0.0557 6.7816 0.4840 -0.1340
184 1.1807 1.5103 0.1272 -0.1873 0.0573 7.5177 0.6061 -0.1683
185 1.1718 1.5122 0.1266 -0.2060 0.0611 6.7383 1.2340 -0.8572
186 1.1642 1.5154 0.1278 -0.2221 0.0678 7.6394 0.5730 -0.1498
187 1.1542 1.5149 0.1195 -0.2430 0.0668 7.7224 0.4810 -0.1404
188 1.1466 1.5170 0.1284 -0.2592 0.0713 7.8224 0.5840 -0.1794
189 1.1423 1.5193 0.1290 -0.2688 0.0761 7.5421 0.6820 -0.1905
190 1.1427 1.5223 0.1308 -0.2692 0.0822 7.4721 0.7290 -0.2098
191 1.2274 1.5366 0.1266 -0.1000 0.1113 7.0056 0.8830 -0.2317
192 1.2292 1.5369 0.1284 -0.0966 0.1121 7.7156 0.8620 -0.2399
193 1.2288 1.5346 0.1254 -0.0975 0.1079 7.2810 0.9670 -0.2486
194 1.2263 1.5318 0.1290 -0.1028 0.1026 7.7763 0.8200 -0.1860
195 1.2210 1.5291 0.1284 -0.1137 0.0975 7.8849 0.7280 -0.1802
196 1.2112 1.5279 0.1284 -0.1337 0.0953 7.8005 0.7680 -0.2043
197 1.1980 1.5291 0.1284 -0.1605 0.0982 7.8978 0.9460 -0.3098
198 1.1832 1.5357 0.1290 -0.1909 0.1116 7.9211 0.8850 -0.2303
199 1.1661 1.5391 0.1296 -0.2259 0.1188 7.8232 0.7030 -0.1284
200 1.1489 1.5399 0.1296 -0.2614 0.1208 7.0193 0.7880 -0.2577
201 1.1963 1.5611 0.1284 -0.1671 0.1639 8.0267 0.7770 -0.2036
202 1.1983 1.5625 0.1284 -0.1637 0.1673 8.3052 0.8710 -0.2018
203 1.2004 1.5631 0.1195 -0.1600 0.1691 9.1079 1.0000 -0.2412
204 1.2021 1.5578 0.1278 -0.1569 0.1591 8.2674 1.0650 -0.2940
205 1.2008 1.5459 0.1201 -0.1601 0.1358 9.1110 1.0310 -0.2575
206 1.1978 1.5309 0.1278 -0.1667 0.1060 8.4012 1.1940 -0.3040
207 1.1911 1.5122 0.1284 -0.1806 0.0687 8.2442 1.3040 -0.3787
208 1.1833 1.4947 0.1308 -0.1968 0.0336 8.3528 1.3050 -0.3002
209 1.1761 1.4784 0.1272 -0.2120 0.0010 8.3400 1.3240 -0.2880
210 1.1725 1.4676 0.1296 -0.2200 -0.0209 8.3125 1.3360 -0.3463
211 1.2309 1.5609 0.1272 -0.1033 0.1661 8.2776 1.4230 -0.3585
212 1.2353 1.5649 0.1278 -0.0947 0.1748 7.9437 1.4460 -0.3236
213 1.2421 1.5702 0.1260 -0.0812 0.1862 8.6750 1.6280 -0.4250
214 1.2494 1.5749 0.1278 -0.0666 0.1964 7.6644 1.7160 -0.4344
215 1.2546 1.5767 0.1266 -0.0562 0.2007 8.4361 1.8400 -0.4353
216 1.2559 1.5777 0.1284 -0.0534 0.2034 8.6164 1.8700 -0.4549
217 1.2606 1.5785 0.1272 -0.0440 0.2057 8.4957 1.7380 -0.4629
218 1.2676 1.5799 0.1296 -0.0297 0.2094 8.6639 1.5060 -0.3316
219 1.2753 1.5815 0.1278 -0.0142 0.2134 8.7960 1618.0000 -30.0000
220 1.2790 1.5865 0.1315 -0.0064 0.2242 8.2650 0.5910 -0.1649
221 1.2198 1.5169 0.1278 -0.1251 0.0854 8.9138 1.7023 -0.4065
222 1.2200 1.5177 0.1207 -0.1250 0.0871 9.6858 1.9220 -0.4949
223 1.2216 1.5152 0.1278 -0.1222 0.0821 8.6842 1.8490 -0.4577
224 1.2230 1.5136 0.1201 -0.1195 0.0792 9.8289 1.8340 -0.4112
225 1.2213 1.5122 0.1266 -0.1234 0.0764 9.0222 1.8790 -0.4591
226 1.2192 1.5103 0.1207 -0.1278 0.0728 9.8928 1.7310 -0.4115
227 1.2153 1.5081 0.1272 -0.1360 0.0685 8.1864 1.5500 -0.3645
228 1.2137 1.5023 0.1296 -0.1396 0.0568 8.9436 1.1000 -0.1055
229 1.2100 1.4988 0.1272 -0.1472 0.0498 8.2584 1.1440 -0.2764
230 1.2063 1.4918 0.1296 -0.1551 0.0357 9.1918 1.2770 -0.3500
231 1.1915 1.5294 0.1272 -0.1853 0.1114 9.0262 1.3820 -0.3632
232 1.1973 1.5329 0.1272 -0.1742 0.1186 9.0624 1.4630 -0.3554
233 1.2101 1.5370 0.1260 -0.1490 0.1271 8.5337 1.4830 -0.3598
234 1.2169 1.5503 0.1266 -0.1358 0.1544 9.2082 1.2780 -0.2924
235 1.2250 1.5696 0.1278 -0.1198 0.1935 9.2815 1.3770 -0.3621
236 1.2292 1.5839 0.1284 -0.1116 0.2231 9.2440 1.4770 -0.3652
237 1.2338 1.5954 0.1284 -0.1027 0.2470 8.3905 1.5450 -0.4070
238 1.2404 1.6082 0.1296 -0.0896 0.2735 9.4144 1.5963 30.0000
239 1.2484 1.6176 0.1296 -0.0735 0.2936 8.2584 1.0000 -0.2559
240 1.2556 1.6221 0.1290 -0.0590 0.3038 9.3628 1.8720 0.5261
241 1.2242 1.5345 0.1218 -0.1221 0.1290 10.0719 1.8890 -0.4537
242 1.2199 1.5404 0.1302 -0.1310 0.1413 9.2210 1.8760 -0.4749
243 1.2157 1.5495 0.1272 -0.1398 0.1599 9.3809 1.7710 -0.4137
244 1.2150 1.5590 0.1302 -0.1414 0.1796 9.4756 1.6440 -0.3636
245 1.2149 1.5653 0.1284 -0.1420 0.1928 9.6697 1.5200 -0.3738
246 1.2114 1.5751 0.1296 -0.1495 0.2130 9.6819 1.3720 -0.3218
247 1.2065 1.5804 0.1308 -0.1597 0.2244 9.1474 1.2570 -0.2726
248 1.1950 1.5861 0.1290 -0.1832 0.2366 9.7663 1.3160 -0.3618
249 1.1841 1.5900 0.1278 -0.2057 0.2454 9.5843 1.2310 -0.3015
250 1.1722 1.5920 0.1308 -0.2303 0.2503 8.5968 1.2340 -0.3836
251 1.2276 1.5376 0.1183 -0.1197 0.1419 10.7212 1.2210 -0.3055
252 1.2238 1.5380 0.1284 -0.1275 0.1431 9.8495 0.9830 -0.2294
253 1.2239 1.5364 0.1213 -0.1277 0.1403 10.5641 1.3310 -0.3425
254 1.2203 1.5328 0.1284 -0.1350 0.1334 9.9225 1.4580 -0.3930
255 1.2175 1.5303 0.1207 -0.1411 0.1286 10.7074 1.2100 -0.2808
256 1.2150 1.5264 0.1272 -0.1465 0.1211 10.0799 1.1680 -0.2906
257 1.2113 1.5213 0.1207 -0.1543 0.1112 10.7805 1.1820 -0.3374
258 1.2074 1.5166 0.1266 -0.1624 0.1020 10.3464 0.8600 -0.1932
259 1.2080 1.5163 0.1183 -0.1615 0.1016 11.1336 0.6390 -0.1898
260 1.2075 1.5153 0.1272 -0.1630 0.0996 10.2792 0.6390 -0.1591
261 1.2224 1.5194 0.1189 -0.1335 0.1081 10.9495 0.5940 -0.1843
262 1.2304 1.5129 0.1278 -0.1177 0.0953 10.3408 0.6300 -0.1255
263 1.2452 1.5010 0.1183 -0.0882 0.0715 11.2727 0.8300 -0.2234
264 1.2612 1.4889 0.1284 -0.0561 0.0471 10.3415 0.9000 -0.2612
265 1.2702 1.4812 0.1207 -0.0379 0.0315 10.9454 0.8010 -0.2214
266 1.2780 1.4772 0.1278 -0.0219 0.0232 10.5481 0.7330 -0.2027
267 1.2819 1.4755 0.1278 -0.0138 0.0196 10.4558 0.7460 -0.2016
268 1.2831 1.4723 0.1284 -0.0111 0.0129 9.6432 0.7060 -0.1366
269 1.2839 1.4663 0.1272 -0.0092 0.0007 10.3593 0.6080 -0.1464
270 1.2846 1.4628 0.1213 -0.0074 -0.0067 11.4045 0.5430 -0.1507
271 1.3012 1.5250 0.1272 0.0263 0.1179 10.5380 0.4090 -0.1053
272 1.2968 1.5267 0.1290 0.0179 0.1215 10.6607 0.4940 -0.1273
273 1.2889 1.5232 0.1284 0.0024 0.1148 10.5872 0.4830 -0.1564
274 1.2832 1.5139 0.1296 -0.0085 0.0964 9.5845 0.4200 -0.1504
275 1.2781 1.5074 0.1296 -0.0184 0.0834 10.4532 0.3530 -0.1102
276 1.2759 1.5024 0.1290 -0.0226 0.0735 9.7295 0.2940 -0.1402
277 1.2781 1.4945 0.1278 -0.0179 0.0576 10.7436 0.3520 -0.0819
278 1.2799 1.4878 0.1284 -0.0139 0.0440 9.8161 0.5620 -0.1972
279 1.2813 1.4790 0.1272 -0.0108 0.0263 10.8281 0.4030 -0.1217
280 1.2817 1.4726 0.1302 -0.0098 0.0132 10.5529 0.5000 -0.1495
281 1.2141 1.5142 0.1272 -0.1454 0.0965 10.8257 0.3780 -0.1024
282 1.2119 1.5154 0.1278 -0.1501 0.0991 10.1369 0.5050 -0.1471
283 1.2131 1.5185 0.1278 -0.1480 0.1054 10.8869 0.6850 -0.2094
284 1.2131 1.5280 0.1302 -0.1484 0.1248 10.8734 0.6860 -0.2243
285 1.2105 1.5392 0.1272 -0.1540 0.1476 10.9705 0.5270 -0.1293
286 1.2072 1.5503 0.1308 -0.1611 0.1703 10.6896 0.1290 -0.0118
287 1.2010 1.5594 0.1266 -0.1740 0.1890 11.0542 0.1850 -0.1017
288 1.1937 1.5645 0.1296 -0.1892 0.1999 10.9086 0.3200 -0.1122
289 1.1877 1.5654 0.1254 -0.2019 0.2022 11.3309 0.3380 -0.0783
290 1.1809 1.5648 0.1302 -0.2160 0.2017 10.9012 0.2790 -0.0955
291 1.1671 1.3778 0.1266 -0.2444 -0.1735 11.4277 0.2250 -0.1093
292 1.1604 1.3732 0.1308 -0.2588 -0.1838 10.8934 0.0000 0.0067
293 1.1482 1.3752 0.1278 -0.2841 -0.1812 11.2939 -0.3000 0.0558
294 1.1345 1.3814 0.1213 -0.3127 -0.1700 12.1773 0.7930 -0.2097
295 1.1217 1.3883 0.1272 -0.3396 -0.1574 11.4991 -0.5370 0.0883
296 1.1065 1.3992 0.1296 -0.3715 -0.1365 11.2443 -0.5470 0.1199
297 1.0935 1.4137 0.1260 -0.3991 -0.1084 11.6547 -0.4250 0.0673
298 1.0825 1.4295 0.1278 -0.4227 -0.0774 11.3554 -0.6750 0.1896
299 1.0743 1.4440 0.1278 -0.4409 -0.0489 10.6799 -0.6750 0.1230
300 1.0727 1.4523 0.1296 -0.4458 -0.0330 11.2556 -0.5880 0.0786
301 1.2244 1.5465 0.1272 -0.1427 0.1561 11.4549 -0.6120 0.0945
302 1.2260 1.5520 0.1296 -0.1397 0.1675 11.3203 -0.6720 0.1065
303 1.2210 1.5634 0.1278 -0.1500 0.1910 11.5754 -0.9830 0.2068
304 1.2160 1.5788 0.1278 -0.1603 0.2226 11.7321 -0.9710 0.2147
305 1.2068 1.5973 0.1278 -0.1792 0.2604 11.5878 -0.9090 0.2345
306 1.1957 1.6180 0.1290 -0.2020 0.3031 11.4182 -1.1090 0.2721
307 1.1809 1.6444 0.1278 -0.2322 0.3573 11.7213 -1.2760 0.2887
308 1.1698 1.6685 0.1308 -0.2552 0.4071 11.6346 -1.6220 0.4341
309 1.1630 1.6920 0.1278 -0.2696 0.4562 11.6132 -1.5410 0.3634
310 1.1575 1.7105 0.1296 -0.2817 0.4952 11.7248 -1.5040 0.2864
311 1.3100 1.5401 0.1272 0.0240 0.1549 11.8640 -1.5700 0.3941
312 1.3032 1.5465 0.1284 0.0109 0.1682 9.5721 -1.7610 0.4241
313 1.2972 1.5564 0.1272 -0.0006 0.1885 11.9385 -1.6700 0.3506
314 1.2944 1.5696 0.1284 -0.0058 0.2155 11.0603 -1.4110 0.2981
315 1.2886 1.5823 0.1284 -0.0171 0.2419 11.9273 -1.4380 0.3560
316 1.2840 1.5939 0.1302 -0.0258 0.2659 10.8563 -1.3870 0.3643
317 1.2791 1.6098 0.1278 -0.0353 0.2987 12.0730 -1.3310 0.2971
318 1.2697 1.6287 0.1284 -0.0539 0.3378 12.0368 -1.4380 0.3289
319 1.2627 1.6494 0.1278 -0.0679 0.3807 12.1458 -1.5510 0.4391
320 1.2557 1.6687 0.1284 -0.0818 0.4210 12.1629 -1.5270 0.3585
321 1.2186 1.5298 0.1272 -0.1563 0.1436 12.4578 -1.5010 0.3674
322 1.2177 1.5318 0.1284 -0.1583 0.1479 12.2280 -1.5570 0.3945
323 1.2197 1.5366 0.1278 -0.1548 0.1579 12.0959 -1.5730 0.4075
324 1.2184 1.5450 0.1296 -0.1576 0.1751 12.2146 -1.4020 0.2969
325 1.2135 1.5530 0.1260 -0.1677 0.1916 12.3249 -1.4980 0.3374
326 1.2064 1.5655 0.1278 -0.1825 0.2173 12.4449 -1.6480 0.4197
327 1.1932 1.5824 0.1266 -0.2095 0.2520 12.6255 -1.7550 0.4675
328 1.1783 1.5981 0.1290 -0.2399 0.2844 12.3720 -2.0630 0.4813
329 1.1644 1.6127 0.1302 -0.2685 0.3145 12.0807 -2.0720 0.4878
330 1.1575 1.6225 0.1284 -0.2832 0.3355 12.5021 -1.9910 0.4613
331 1.2857 1.5147 0.1266 -0.0265 0.1201 12.6886 -2.0660 0.4638
332 1.2889 1.5104 0.1296 -0.0198 0.1116 12.3616 -2.0460 0.4842
333 1.2917 1.5050 0.1248 -0.0137 0.1007 12.7968 0.2040 -1.0824
334 1.2926 1.5037 0.1278 -0.0116 0.0983 12.6534 -1.9680 0.4713
335 1.2924 1.5077 0.1278 -0.0116 0.1063 12.5692 -2.2570 0.6424
336 1.2900 1.5137 0.1189 -0.0158 0.1183 13.6741 -2.0590 0.4916
337 1.2833 1.5232 0.1290 -0.0289 0.1377 12.4989 -2.1280 0.5069
338 1.2793 1.5270 0.1284 -0.0366 0.1455 12.7296 -2.0530 0.4404
339 1.2748 1.5269 0.1284 -0.0453 0.1456 12.9473 -2.0610 0.4626
340 1.2665 1.5242 0.1224 -0.0619 0.1405 13.5740 -1.9950 0.4115
341 1.2326 1.5487 0.1260 -0.1298 0.1899 13.0612 -2.1320 0.4679
342 1.2326 1.5456 0.1296 -0.1300 0.1842 11.9514 -2.2570 0.5356
343 1.2294 1.5460 0.1260 -0.1366 0.1854 13.1277 -2.3770 0.5672
344 1.2226 1.5473 0.1189 -0.1505 0.1886 13.8951 -2.6260 0.6209
345 1.2104 1.5503 0.1260 -0.1753 0.1950 13.2017 -2.5880 0.6084
346 1.1919 1.5535 0.1183 -0.2128 0.2018 14.0386 -2.7820 0.6057
347 1.1695 1.5573 0.1272 -0.2585 0.2101 13.1915 -2.8680 0.6596
348 1.1468 1.5610 0.1315 -0.3050 0.2182 12.8373 -3.2730 0.8049
349 1.1269 1.5615 0.1272 -0.3460 0.2198 13.2631 -3.4080 0.7686
350 1.1132 1.5639 0.1272 -0.3747 0.2251 13.4744 -3.4770 0.7831
351 1.1726 1.5560 0.1278 -0.2567 0.2099 13.2498 -3.4410 0.7150
352 1.1695 1.5634 0.1290 -0.2636 0.2253 13.0809 -3.4120 0.8051
353 1.1677 1.5715 0.1254 -0.2681 0.2424 13.6722 -3.3320 0.7575
354 1.1668 1.5857 0.1296 -0.2708 0.2716 13.0811 -3.3900 0.7682
355 1.1698 1.5961 0.1278 -0.2655 0.2934 13.4491 -3.5290 0.8685
356 1.1796 1.6110 0.1302 -0.2467 0.3242 13.3146 -3.4060 0.7806
357 1.1914 1.6262 0.1266 -0.2237 0.3559 13.4856 -3.6370 0.8307
358 1.1995 1.6407 0.1302 -0.2079 0.3863 13.3872 -3.8430 0.9931
359 1.2113 1.6540 0.1272 -0.1847 0.4144 13.7270 -3.6570 0.8338
360 1.2215 1.6679 0.1290 -0.1646 0.4440 13.4784 -3.7460 0.7691
361 1.2214 1.5362 0.1284 -0.1651 0.1809 13.3394 -3.8710 0.8872
362 1.2210 1.5348 0.1290 -0.1662 0.1784 13.3033 -3.9080 0.9693
363 1.2194 1.5296 0.1296 -0.1696 0.1683 13.5081 -4.0980 1.0130
364 1.2183 1.5222 0.1284 -0.1721 0.1537 13.5691 -4.1240 0.9858
365 1.2160 1.5095 0.1284 -0.1771 0.1284 13.6655 -3.9970 0.8783
366 1.2108 1.4972 0.1284 -0.1879 0.1038 13.8829 -3.8510 0.9219
367 1.2085 1.4861 0.1278 -0.1929 0.0814 13.8710 -4.0800 1.0116
368 1.2010 1.4731 0.1302 -0.2084 0.0552 13.4941 -4.5200 1.1069
369 1.1908 1.4592 0.1278 -0.2295 0.0270 13.8829 -4.6930 1.1209
370 1.1844 1.4484 0.1290 -0.2428 0.0048 13.7660 -5.0590 1.2455
371 1.2070 1.5392 0.1272 -0.1981 0.1868 13.8925 -4.9300 1.0948
372 1.2066 1.5451 0.1260 -0.1993 0.1991 14.3146 -5.1850 1.1636
373 1.2026 1.5522 0.1266 -0.2078 0.2139 13.9191 -5.3750 1.2468
374 1.2002 1.5637 0.1284 -0.2130 0.2374 13.9182 -5.5680 1.2818
375 1.2014 1.5803 0.1254 -0.2112 0.2715 14.0183 -5.3180 1.1754
376 1.1976 1.5878 0.1284 -0.2193 0.2872 14.1132 -5.6900 1.3467
377 1.1925 1.5906 0.1266 -0.2301 0.2938 14.0074 -5.7300 1.3508
378 1.1927 1.5988 0.1278 -0.2304 0.3113 14.1989 -5.8570 1.3554
379 1.1970 1.6075 0.1260 -0.2222 0.3297 14.3325 -5.8300 1.2782
380 1.2029 1.6178 0.1296 -0.2108 0.3515 14.3502 -6.1440 1.4571
381 1.2112 1.5349 0.1260 -0.1947 0.1861 14.5107 -6.6710 1.5900
382 1.2148 1.5447 0.1284 -0.1878 0.2061 14.3183 -6.7990 1.5633
383 1.2164 1.5552 0.1248 -0.1850 0.2277 14.7284 -6.9120 1.6383
384 1.2167 1.5622 0.1296 -0.1847 0.2422 14.0066 -6.9530 1.5455
385 1.2197 1.5663 0.1284 -0.1790 0.2511 14.3689 778.0000 -30.0000
386 1.2235 1.5692 0.1195 -0.1717 0.2576 15.3551 -6.7650 1.4811
387 1.2324 1.5716 0.1290 -0.1540 0.2631 14.4308 6.8390 -1.5421
388 1.2465 1.5754 0.1172 -0.1258 0.2715 15.5887 -6.8840 1.5346
389 1.2663 1.5833 0.1254 -0.0860 0.2880 14.6989 -7.1990 1.6285
390 1.2825 1.5914 0.1266 -0.0534 0.3052 14.6464 -7.1070 1.5984
391 1.2002 1.5339 0.1224 -0.2185 0.1906 14.9979 -7.2470 1.6309
392 1.2022 1.5390 0.1224 -0.2150 0.2012 14.7984 -7.4530 1.8192
393 1.2076 1.5429 0.1236 -0.2046 0.2094 14.8731 -7.6650 1.7199
394 1.2135 1.5476 0.1254 -0.1932 0.2194 14.5783 -7.8150 1.8161
395 1.2159 1.5507 0.1242 -0.1888 0.2261 14.9982 -8.1010 1.8632
396 1.2183 1.5548 0.1266 -0.1842 0.2348 14.9288 -7.8440 1.7268
397 1.2203 1.5583 0.1230 -0.1805 0.2422 15.0967 -7.8820 1.8323
398 1.2265 1.5614 0.1284 -0.1683 0.2492 14.6069 -7.8200 1.7193
399 1.2323 1.5666 0.1230 -0.1569 0.2601 15.1723 -8.1390 1.8864
400 1.2345 1.5694 0.1278 -0.1526 0.2665 14.8074 -8.5780 2.0054
401 1.2112 1.5374 0.1260 -0.1997 0.2029 15.0541 -8.8570 2.0137
402 1.2092 1.5322 0.1290 -0.2040 0.1928 14.5506 -8.8520 1.9191
403 1.2058 1.5266 0.1224 -0.2113 0.1818 15.3194 -9.0230 2.1258
404 1.2005 1.5198 0.1302 -0.2224 0.1684 14.8394 -8.8720 1.9333
405 1.1932 1.5158 0.1260 -0.2375 0.1606 15.5046 -8.7440 2.0170
406 1.1824 1.5164 0.1272 -0.2599 0.1619 15.0960 -8.4950 1.8735
407 1.1695 1.5178 0.1272 -0.2864 0.1649 15.1924 -8.8990 2.1147
408 1.1538 1.5131 0.1302 -0.3188 0.1556 15.1067 -8.9110 2.0154
409 1.1358 1.5073 0.1254 -0.3559 0.1441 15.6622 -9.3200 2.1470
410 1.1204 1.5051 0.1278 -0.3880 0.1399 15.2826 -9.3840 2.1937
411 1.2272 1.4868 0.1236 -0.1747 0.1031 15.3411 -9.5310 2.2651
412 1.2282 1.4864 0.1254 -0.1728 0.1021 14.7549 -9.5800 2.1674
413 1.2300 1.4871 0.1248 -0.1694 0.1034 15.4522 -9.9930 2.2571
414 1.2289 1.4846 0.1242 -0.1720 0.0983 15.6220 -9.9940 2.1679
415 1.2210 1.4773 0.1242 -0.1881 0.0834 15.6002 -10.4730 2.4837
416 1.2092 1.4721 0.1254 -0.2121 0.0727 14.6773 -10.6100 2.3263
417 1.1965 1.4719 0.1248 -0.2380 0.0721 15.6651 -11.0010 2.5798
418 1.1806 1.4756 0.1260 -0.2704 0.0793 14.5108 -11.0450 2.4231
419 1.1631 1.4806 0.1254 -0.3062 0.0890 15.6110 -10.8660 2.4349
420 1.1474 1.4833 0.1290 -0.3387 0.0942 15.3258 -10.5570 2.3800
421 1.2160 1.5173 0.1236 -0.2019 0.1625 16.1242 -10.3320 -30.0000
422 1.2220 1.5226 0.1224 -0.1901 0.1733 15.4198 -10.1420 2.4354
423 1.2331 1.5237 0.1248 -0.1682 0.1757 15.6997 -10.3190 2.4432
424 1.2495 1.5230 0.1236 -0.1354 0.1746 15.3540 -10.4550 2.3056
425 1.2648 1.5260 0.1260 -0.1046 0.1807 15.7514 -10.4930 2.3012
426 1.2828 1.5332 0.1242 -0.0683 0.1956 15.2430 -10.0740 2.2355
427 1.3027 1.5428 0.1230 -0.0279 0.2152 16.0657 -9.9960 2.1674
428 1.3183 1.5472 0.1260 0.0039 0.2244 15.1617 -9.7080 2.0953
429 1.3294 1.5504 0.1236 0.0270 0.2313 16.3083 -9.5740 2.1265
430 1.3380 1.5526 0.1248 0.0451 0.2363 16.1958 -9.1280 1.9543
431 1.2736 1.5486 0.1254 -0.0835 0.2287 15.9833 -9.2530 2.1605
432 1.2687 1.5446 0.1236 -0.0931 0.2212 16.4145 -9.1090 1.9790
433 1.2659 1.5442 0.1236 -0.0987 0.2208 16.2732 -9.1620 2.1145
434 1.2621 1.5434 0.1242 -0.1060 0.2196 16.4781 -9.4220 2.1728
435 1.2590 1.5398 0.1248 -0.1121 0.2128 16.3248 -10.0350 2.3853
436 1.2564 1.5366 0.1242 -0.1172 0.2068 16.7938 -9.6850 2.1659
437 1.2510 1.5386 0.1230 -0.1280 0.2112 16.6138 -9.4410 2.1058
438 1.2476 1.5370 0.1172 -0.1348 0.2084 17.4131 -10.0350 2.2665
439 1.2518 1.5291 0.1242 -0.1264 0.1929 16.5472 -10.4340 2.4830
440 1.2542 1.5215 0.1242 -0.1216 0.1780 15.8729 -10.5180 2.3570
441 1.2056 1.5160 0.1230 -0.2193 0.1670 16.7509 -10.8570 2.4948
442 1.2137 1.5060 0.1242 -0.2034 0.1471 15.9421 -10.9550 2.5629
443 1.2234 1.4940 0.1242 -0.1842 0.1230 16.6848 -10.8380 2.4598
444 1.2365 1.4832 0.1260 -0.1582 0.1013 15.6871 -10.9980 2.5484
445 1.2516 1.4774 0.1242 -0.1281 0.0895 16.8213 -11.0640 2.5983
446 1.2663 1.4694 0.1260 -0.0986 0.0730 16.4055 -10.2850 2.1699
447 1.2781 1.4659 0.1236 -0.0745 0.0659 16.9091 -10.1360 2.1274
448 1.2872 1.4613 0.1248 -0.0560 0.0563 16.9231 -10.0370 2.1507
449 1.3015 1.4571 0.1236 -0.0269 0.0475 16.8073 -10.1670 2.3795
450 1.3135 1.4575 0.1248 -0.0022 0.0477 16.9921 -10.4480 2.4118
451 1.1560 1.5282 0.1242 -0.3182 0.1895 16.9740 -110.1900 24.5539
452 1.1468 1.5206 0.1254 -0.3377 0.1744 16.8084 -9.8140 2.0548
453 1.1404 1.5077 0.1224 -0.3515 0.1487 17.0264 -9.4490 2.0034
454 1.1320 1.4936 0.1254 -0.3695 0.1205 17.0043 -8.7560 1.8888
455 1.1232 1.4791 0.1254 -0.3884 0.0913 17.2227 -8.5710 1.9273
456 1.1101 1.4659 0.1254 -0.4159 0.0645 17.1400 -8.1130 1.8423
457 1.0948 1.4546 0.1166 -0.4482 0.0415 17.9372 -8.2790 1.8499
458 1.0798 1.4417 0.1254 -0.4798 0.0150 17.1563 -8.1360 1.7971
459 1.0676 1.4220 0.1254 -0.5060 -0.0252 17.3743 -8.1480 1.8465
460 1.0582 1.4075 0.1272 -0.5267 -0.0551 16.9482 -8.4360 1.7989
461 1.1594 1.5284 0.1248 -0.3253 0.1870 17.2656 -8.2260 1.8862
462 1.1582 1.5288 0.1260 -0.3286 0.1881 17.1594 -8.1390 1.8445
463 1.1566 1.5304 0.1195 -0.3327 0.1917 18.2177 -7.8660 1.6948
464 1.1546 1.5327 0.1272 -0.3377 0.1965 17.2715 -7.5260 1.7553
465 1.1530 1.5377 0.1266 -0.3419 0.2069 17.3218 -7.8130 1.7720
466 1.1430 1.5455 0.1266 -0.3629 0.2230 17.5995 -7.4180 1.7188
467 1.1335 1.5529 0.1160 -0.3830 0.2383 18.4288 -7.2300 1.5920
468 1.1227 1.5631 0.1236 -0.4060 0.2594 17.6742 -7.5670 1.7275
469 1.1130 1.5737 0.1166 -0.4267 0.2813 18.3777 -7.5370 1.6830
470 1.1077 1.5825 0.1266 -0.4388 0.2997 17.6247 -7.2130 1.6616
471 1.1360 1.5040 0.1266 -0.3833 0.1428 17.4742 -6.9070 1.5085
472 1.1348 1.5060 0.1266 -0.3869 0.1468 17.9325 -6.2590 1.2936
473 1.1348 1.5052 0.1183 -0.3880 0.1453 18.4807 -4.9870 1.0265
474 1.1376 1.5041 0.1272 -0.3835 0.1431 17.8736 -5.2010 1.2375
475 1.1432 1.5047 0.1149 -0.3734 0.1444 18.6740 -4.7680 1.0650
476 1.1492 1.4962 0.1254 -0.3624 0.1273 18.0440 -4.2990 0.9518
477 1.1605 1.4808 0.1143 -0.3407 0.0964 18.8775 -3.7870 0.8432
478 1.1731 1.4587 0.1248 -0.3163 0.0517 18.0718 -4.2730 1.0733
479 1.1880 1.4375 0.1230 -0.2871 0.0086 18.1365 -5.2970 1.2993
480 1.2150 1.4093 0.1272 -0.2334 -0.0486 17.8513 -5.8880 1.3677
481 1.1376 1.5008 0.1242 -0.3894 0.1344 17.8246 -6.8030 1.7431
482 1.1352 1.5016 0.1260 -0.3953 0.1360 18.1163 -7.8050 1.7640
483 1.1308 1.5108 0.1178 -0.4053 0.1545 18.7852 -8.7570 1.9215
484 1.1252 1.5156 0.1254 -0.4178 0.1643 18.2042 -9.0370 2.1289
485 1.1217 1.5152 0.1154 -0.4260 0.1636 19.4371 -8.1990 1.1988
486 1.1250 1.5096 0.1236 -0.4207 0.1525 18.6150 -7.1970 0.9179
487 1.1259 1.5108 0.1172 -0.4201 0.1550 19.1858 -10.0760 2.3072
488 1.1269 1.5100 0.1284 -0.4194 0.1536 18.1159 -9.7130 2.1801
489 1.1259 1.5060 0.1201 -0.4227 0.1457 19.0923 -9.1780 1.9587
490 1.1243 1.4988 0.1284 -0.4272 0.1313 17.8832 -8.9200 2.0183
491 1.1560 1.5186 0.1272 -0.3646 0.1710 17.8287 -9.4790 2.1619
492 1.1609 1.5213 0.1260 -0.3557 0.1766 18.3063 -9.9400 2.2133
493 1.1614 1.5301 0.1242 -0.3555 0.1944 18.4407 -10.2370 2.3114
494 1.1546 1.5400 0.1154 -0.3701 0.2148 19.9421 -10.4950 2.3688
495 1.1452 1.5591 0.1230 -0.3901 0.2535 18.7133 -9.3290 2.0025
496 1.1409 1.5818 0.1236 -0.3997 0.2996 18.3842 -9.2520 2.1496
497 1.1354 1.6029 0.1260 -0.4119 0.3428 18.4919 -10.1760 2.4189
498 1.1239 1.6326 0.1242 -0.4361 0.4036 18.8042 -11.2520 2.5849
499 1.1144 1.6667 0.1236 -0.4564 0.4735 18.6160 -11.6430 2.6149
500 1.1140 1.6889 0.1248 -0.4586 0.5197 17.9771 -11.4640 2.5671
501 1.1478 1.4946 0.1154 -0.3920 0.1311 19.8360 -8.5510 5.7419
502 1.1529 1.4887 0.1242 -0.3829 0.1193 18.8229 -10.2670 2.3030
503 1.1663 1.4825 0.1230 -0.3568 0.1066 19.0027 -9.7640 2.1919
504 1.1809 1.4798 0.1278 -0.3282 0.1011 18.5261 -9.7680 2.1768
505 1.2032 1.4776 0.1236 -0.2842 0.0963 18.7112 -9.3650 2.1174
506 1.2210 1.4725 0.1254 -0.2488 0.0859 18.7721 -9.8870 2.2727
507 1.2361 1.4598 0.1236 -0.2189 0.0602 19.2035 -9.5820 2.1332
508 1.2467 1.4468 0.1254 -0.1976 0.0336 18.8481 -9.2120 2.0366
509 1.2546 1.4326 0.1272 -0.1819 0.0045 18.7887 -8.6090 1.9580
510 1.2611 1.4172 0.1254 -0.1686 -0.0270 18.8563 -7.9720 1.8274
511 1.1086 1.4854 0.1154 -0.4751 0.1092 19.9637 -7.5460 1.6044
512 1.1186 1.4866 0.1230 -0.4564 0.1114 19.2712 -7.0470 1.3808
513 1.1377 1.4810 0.1272 -0.4194 0.1000 18.9275 -6.6070 1.5232
514 1.1625 1.4774 0.1248 -0.3707 0.0926 19.1934 -5.9470 1.3568
515 1.1944 1.4654 0.1248 -0.3073 0.0683 19.0540 -6.2180 1.4077
516 1.2272 1.4470 0.1248 -0.2419 0.0310 19.3890 -6.5090 0.6945
517 1.2517 1.4362 0.1166 -0.1931 0.0086 20.2931 -7.3520 1.6694
518 1.2738 1.4341 0.1254 -0.1486 0.0039 19.2744 -7.5710 1.7182
519 1.2899 1.4310 0.1260 -0.1160 -0.0031 19.2338 -8.1880 1.7820
520 1.3116 1.4301 0.1315 -0.0720 -0.0056 18.9753 -7.6030 1.7250
521 1.1068 1.4902 0.1189 -0.4830 0.1146 20.7527 -8.7520 2.0134
522 1.1079 1.4927 0.1345 -0.4822 0.1195 19.2805 -8.6370 2.1539
523 1.1102 1.4922 0.1383 -0.4790 0.1184 18.0685 -8.7620 1.9832
524 1.1113 1.4909 0.1460 -0.4782 0.1157 19.0476 -9.2740 2.1060
525 1.1048 1.4924 0.1512 -0.4927 0.1187 17.8022 -9.5110 2.2300
526 1.0883 1.5015 0.1559 -0.5273 0.1368 18.2304 -10.1680 2.5355
527 1.0738 1.5181 0.1539 -0.5581 0.1703 18.4314 -9.9240 2.0709
528 1.0613 1.5280 0.1587 -0.5850 0.1903 18.6156 -9.5830 2.1788
529 1.0428 1.5389 0.1573 -0.6241 0.2125 17.7441 -9.7270 2.1632
530 1.0221 1.5548 0.1519 -0.6677 0.2448 19.4680 -10.1550 2.3920
531 1.1746 1.4604 0.1493 -0.3634 0.0557 18.2410 -10.3020 2.2524
532 1.1730 1.4620 0.1440 -0.3673 0.0585 19.5375 -10.5540 2.3699
533 1.1663 1.4712 0.1377 -0.3817 0.0766 19.3126 -11.0080 2.5110
534 1.1663 1.4752 0.1358 -0.3824 0.0843 19.7584 -10.4120 2.2297
535 1.1667 1.4692 0.1358 -0.3824 0.0720 19.4169 -10.1610 2.2998
536 1.1668 1.4558 0.1364 -0.3831 0.0447 19.5612 -10.9830 2.6074
537 1.1704 1.4404 0.1421 -0.3766 0.0134 19.4123 -12.0730 2.9483
538 1.1716 1.4291 0.1499 -0.3751 -0.0098 19.4714 -12.1290 2.6270
539 1.1714 1.4123 0.1587 -0.3764 -0.0444 18.9802 -13.1310 2.9421
540 1.1684 1.4042 0.1720 -0.3830 -0.0615 18.4283 -13.7520 3.3362
count posx posy posz xout yout zout heading hd_out
1 0.0000 0.0000 0.0000 0.0000 0.0000 0.0000 0.0000 0.0000
2 0.0001 0.0000 0.1272 0.0001 0.0000 0.0000 -0.2870 0.0595
3 0.0002 0.0000 0.1166 0.0005 0.0000 0.0000 -0.2700 0.0625
4 0.0005 0.0000 0.1272 0.0011 0.0000 0.0000 -0.4500 0.3035
5 0.0010 0.0000 0.1278 0.0020 0.0000 0.0000 -0.2980 0.0515
6 0.0016 0.0000 0.1272 0.0032 0.0000 0.0000 -0.1420 0.0366
7 0.0024 0.0000 0.1266 0.0048 0.0000 0.0000 -0.1090 0.0283
8 0.0034 0.0000 0.1272 0.0068 0.0000 0.0000 0.0150 -0.0258
9 0.0044 0.0000 0.1266 0.0090 0.0000 0.0000 0.0770 -0.0224
10 0.0055 0.0000 0.1266 0.0112 0.0000 0.0000 0.1010 -0.0266
11 1.2881 1.5519 0.1260 0.0768 0.1043 1.3902 0.1170 0.0246
12 1.2884 1.5516 0.1260 0.0777 0.1041 1.5462 0.2320 -0.0524
13 1.2888 1.5510 0.1260 0.0789 0.1035 1.7029 0.2370 -0.0361
14 1.2892 1.5502 0.1266 0.0801 0.1025 1.8499 0.1780 -0.0303
15 1.2896 1.5492 0.1272 0.0813 0.1009 1.7536 0.0550 0.0181
16 1.2900 1.5479 0.1207 0.0824 0.0988 2.4543 0.1150 -0.0387
17 1.2903 1.5464 0.1278 0.0836 0.0964 1.7544 0.1780 -0.0402
18 1.2908 1.5447 0.1195 0.0849 0.0933 2.9092 0.1600 -0.0359
19 1.2913 1.5427 0.1272 0.0863 0.0898 1.7198 0.1270 -0.0241
20 1.2918 1.5410 0.1266 0.0877 0.0867 2.1839 0.1070 -0.0178
21 1.2940 1.5469 0.1266 0.0926 0.0990 1.8501 0.1360 -0.0255
22 1.2941 1.5464 0.1290 0.0933 0.0985 0.8287 0.1720 -0.0323
23 1.2943 1.5455 0.1254 0.0941 0.0972 2.1880 0.3080 -0.0816
24 1.2946 1.5444 0.1284 0.0951 0.0953 1.0914 0.3990 -0.0889
25 1.2948 1.5429 0.1278 0.0960 0.0927 2.0331 0.4930 -0.1144
26 1.2950 1.5410 0.1290 0.0969 0.0894 1.8632 0.2850 -0.0436
27 1.2953 1.5388 0.1284 0.0980 0.0855 1.9127 0.1570 -0.0535
28 1.2957 1.5364 0.1278 0.0992 0.0811 2.0816 0.1560 -0.0413
29 1.2961 1.5337 0.1183 0.1005 0.0759 3.1360 0.2470 -0.0592
30 1.2966 1.5313 0.1278 0.1018 0.0715 2.0884 0.2610 -0.0848
31 1.3100 1.5488 0.1248 0.1294 0.1070 2.2385 0.3960 -0.1157
32 1.3101 1.5483 0.1266 0.1302 0.1063 2.2996 0.4370 -0.1346
33 1.3102 1.5473 0.1183 0.1310 0.1048 3.2692 0.3110 -0.0819
34 1.3105 1.5458 0.1260 0.1320 0.1024 2.5062 0.1730 -0.0443
35 1.3108 1.5439 0.1189 0.1332 0.0990 3.2136 0.2030 -0.0880
36 1.3111 1.5417 0.1260 0.1345 0.0949 2.4598 0.2480 -0.0748
37 1.3115 1.5391 0.1272 0.1360 0.0902 2.2925 0.0900 -0.0157
38 1.3120 1.5362 0.1254 0.1376 0.0848 2.6052 0.0870 -0.0260
39 1.3125 1.5330 0.1278 0.1393 0.0787 2.3545 0.1930 -0.0678
40 1.3130 1.5301 0.1272 0.1409 0.0732 2.5160 0.2160 -0.0748
41 1.3021 1.5529 0.1248 0.1195 0.1193 2.6535 0.2630 -0.0673
42 1.3024 1.5524 0.1272 0.1206 0.1188 2.4620 0.2010 -0.0520
43 1.3028 1.5516 0.1266 0.1220 0.1177 1.7484 0.1370 -0.0437
44 1.3034 1.5504 0.1266 0.1237 0.1159 2.9107 0.0760 -0.0397
45 1.3040 1.5490 0.1266 0.1254 0.1136 1.8801 0.2330 -0.0801
46 1.3047 1.5472 0.1260 0.1274 0.1105 3.0574 0.3570 -0.1043
47 1.3055 1.5453 0.1254 0.1296 0.1070 2.9246 0.7650 -0.2143
48 1.3064 1.5429 0.1195 0.1319 0.1028 3.7912 0.9440 -0.2419
49 1.3074 1.5401 0.1260 0.1344 0.0975 2.8671 0.9840 -0.2465
50 1.3083 1.5375 0.1278 0.1369 0.0928 2.9204 0.9380 -0.2330
51 1.3440 1.4349 0.1266 0.2093 -0.1132 2.9735 0.8620 -0.2163
52 1.3442 1.4345 0.1195 0.2106 -0.1147 3.8032 0.0000 -0.0334
53 1.3446 1.4337 0.1260 0.2122 -0.1169 3.0603 0.9260 -0.2270
54 1.3450 1.4327 0.1284 0.2141 -0.1196 2.8687 0.8140 -0.2096
55 1.3458 1.4314 0.1254 0.2165 -0.1229 3.0870 0.7970 -0.2107
56 1.3466 1.4298 0.1290 0.2192 -0.1267 2.9306 0.6490 -0.1676
57 1.3476 1.4280 0.1272 0.2221 -0.1311 3.1848 0.6290 -0.1791
58 1.3487 1.4258 0.1284 0.2254 -0.1361 2.8956 0.8070 -0.2076
59 1.3498 1.4234 0.1272 0.2286 -0.1418 3.1374 0.8510 -0.2156
60 1.3508 1.4213 0.1266 0.2316 -0.1467 3.1790 0.9660 -0.2559
61 1.2911 1.5639 0.1254 0.1125 0.1391 3.2929 1.0950 -0.3002
62 1.2914 1.5636 0.1266 0.1136 0.1392 3.2454 1.1270 -0.2886
63 1.2919 1.5631 0.1260 0.1150 0.1387 3.4148 1.1930 -0.3006
64 1.2925 1.5623 0.1272 0.1167 0.1378 3.3669 1.1050 -0.2748
65 1.2933 1.5614 0.1278 0.1187 0.1366 3.3309 1.0260 -0.2559
66 1.2943 1.5605 0.1272 0.1210 0.1353 3.5003 0.7440 -0.1838
67 1.2953 1.5594 0.1272 0.1236 0.1337 3.4177 0.6730 -0.1671
68 1.2966 1.5582 0.1266 0.1266 0.1319 3.7673 0.6760 -0.1798
69 1.2980 1.5568 0.1272 0.1300 0.1297 3.3714 0.5650 -0.1475
70 1.2993 1.5556 0.1266 0.1330 0.1278 3.8339 0.4950 -0.1355
71 1.2931 1.5649 0.1296 0.1211 0.1471 3.1987 0.4000 -0.1211
72 1.2934 1.5647 0.1284 0.1221 0.1473 3.5627 0.4830 -0.1573
73 1.2937 1.5645 0.1290 0.1230 0.1477 3.3910 0.5850 -0.1698
74 1.2941 1.5642 0.1290 0.1243 0.1477 3.4869 0.5870 -0.1484
75 1.2944 1.5634 0.1278 0.1253 0.1466 3.4892 3.2740 -1.9761
76 1.2947 1.5624 0.1266 0.1264 0.1454 3.9715 0.6140 -0.1624
77 1.2951 1.5614 0.1272 0.1277 0.1440 3.5760 0.6160 -0.1593
78 1.2957 1.5604 0.1284 0.1293 0.1424 3.7671 0.4560 -0.1050
79 1.2965 1.5592 0.1254 0.1313 0.1407 3.8055 0.2410 -0.0750
80 1.2971 1.5582 0.1272 0.1331 0.1394 3.7978 0.0050 -0.0203
81 1.2840 1.5410 0.1260 0.1072 0.1052 4.0326 -0.0700 -0.0123
82 1.2840 1.5407 0.1272 0.1076 0.1052 3.9846 0.0370 -0.0331
83 1.2843 1.5403 0.1272 0.1084 0.1047 4.0212 0.0180 -0.0503
84 1.2846 1.5399 0.1272 0.1095 0.1044 3.1717 -0.1080 0.0078
85 1.2852 1.5394 0.1266 0.1109 0.1037 4.0473 -0.0230 -0.0504
86 1.2859 1.5386 0.1254 0.1127 0.1025 4.2880 0.0520 -0.0569
87 1.2867 1.5376 0.1254 0.1147 0.1009 4.2053 0.1190 -0.0486
88 1.2876 1.5365 0.1254 0.1169 0.0990 4.4221 0.2270 -0.0892
89 1.2887 1.5354 0.1183 0.1194 0.0971 5.2487 0.2120 -0.0868
90 1.2893 1.5342 0.1272 0.1210 0.0950 4.5153 0.1790 -0.0274
91 1.2832 1.5709 0.1272 0.1093 0.1692 4.1821 0.0870 -0.0461
92 1.2837 1.5707 0.1266 0.1105 0.1696 4.5923 -0.0850 -0.0359
93 1.2844 1.5705 0.1272 0.1123 0.1698 4.1360 -0.0620 -0.0208
94 1.2852 1.5700 0.1284 0.1143 0.1696 4.4481 -0.0540 -0.0285
95 1.2863 1.5695 0.1254 0.1167 0.1692 3.5488 -0.2590 0.0236
96 1.2878 1.5692 0.1272 0.1201 0.1693 4.4870 -0.1620 0.0027
97 1.2894 1.5687 0.1248 0.1238 0.1690 4.6915 -0.0750 -0.0252
98 1.2910 1.5680 0.1278 0.1274 0.1682 4.5489 0.1010 -0.0787
99 1.2921 1.5668 0.1260 0.1300 0.1667 4.6816 0.2500 -0.1137
100 1.2929 1.5657 0.1201 0.1320 0.1650 5.6025 0.2330 -0.0799
101 1.2991 1.5679 0.1272 0.1449 0.1700 3.8866 0.5770 -0.1600
102 1.2992 1.5674 0.1272 0.1456 0.1699 4.6933 0.0000 -0.0334
103 1.2992 1.5668 0.1248 0.1462 0.1692 5.0786 0.5660 -0.1629
104 1.2996 1.5656 0.1272 0.1473 0.1676 4.7068 0.6190 -0.1711
105 1.3002 1.5643 0.1266 0.1491 0.1656 4.6367 0.6990 -0.1226
106 1.2995 1.5632 0.1284 0.1482 0.1640 4.6969 0.8960 -0.2510
107 1.2982 1.5616 0.1248 0.1462 0.1614 5.2267 0.9430 -0.2090
108 1.2971 1.5597 0.1284 0.1444 0.1582 4.6508 0.9890 -0.2548
109 1.2963 1.5568 0.1260 0.1432 0.1530 5.2175 1.0620 -0.2844
110 1.2958 1.5543 0.1254 0.1426 0.1486 5.1977 1.1690 -0.3060
111 1.2745 1.6080 0.1260 0.1003 0.2570 5.0351 1.1760 -0.2884
112 1.2753 1.6076 0.1266 0.1021 0.2573 4.9998 1.1110 -0.2788
113 1.2763 1.6069 0.1260 0.1045 0.2569 5.1687 1.0710 -0.2664
114 1.2777 1.6057 0.1266 0.1075 0.2557 5.3147 1.0180 -0.2635
115 1.2786 1.6036 0.1260 0.1096 0.2525 5.2429 0.9190 -0.2121
116 1.2770 1.5993 0.1266 0.1067 0.2449 5.2680 0.7650 -0.1965
117 1.2747 1.5950 0.1266 0.1024 0.2372 5.2449 0.5460 -0.1015
118 1.2734 1.5893 0.1321 0.1000 0.2267 5.1090 0.5000 -0.1571
119 1.2729 1.5842 0.1272 0.0992 0.2172 4.3602 0.4600 -0.1308
120 1.2731 1.5800 0.1284 0.0998 0.2097 4.6542 0.4330 -0.1377
121 1.2987 1.5627 0.1290 0.1515 0.1758 5.2069 0.4780 -0.1486
122 1.2983 1.5618 0.1207 0.1512 0.1745 6.2459 0.5430 -0.1742
123 1.2983 1.5606 0.1248 0.1516 0.1728 5.6056 0.5120 -0.1211
124 1.2991 1.5592 0.1290 0.1537 0.1705 5.3172 0.2340 -0.0436
125 1.3028 1.5556 0.1254 0.1617 0.1640 5.8487 0.0600 -0.0280
126 1.3056 1.5498 0.1290 0.1677 0.1528 5.2713 0.0530 -0.0536
127 1.3091 1.5429 0.1278 0.1753 0.1395 5.4530 0.0420 -0.0534
128 1.3121 1.5366 0.1278 0.1821 0.1272 4.7220 -0.0110 -0.0491
129 1.3150 1.5304 0.1272 0.1885 0.1152 5.6596 -0.0050 -0.0406
130 1.3170 1.5252 0.1272 0.1931 0.1050 5.6885 -0.0040 -0.0177
131 1.2939 1.5637 0.1272 0.1475 0.1826 5.5985 -0.0370 -0.0148
132 1.2960 1.5613 0.1266 0.1520 0.1784 5.9481 -0.1320 0.0014
133 1.2998 1.5586 0.1242 0.1602 0.1736 6.0912 -0.2500 0.0340
134 1.3034 1.5562 0.1254 0.1680 0.1694 5.9850 -0.3760 0.0681
135 1.3065 1.5537 0.1178 0.1746 0.1648 6.8210 -0.5470 0.0998
136 1.3094 1.5515 0.1254 0.1811 0.1610 6.0001 -0.7010 0.1469
137 1.3120 1.5492 0.1302 0.1869 0.1570 5.6373 -0.6710 0.1073
138 1.3133 1.5457 0.1260 0.1902 0.1503 6.3028 -0.6340 0.1190
139 1.3131 1.5383 0.1278 0.1903 0.1359 5.8821 -0.5700 0.1214
140 1.3131 1.5323 0.1284 0.1909 0.1242 6.0191 -0.4600 0.0871
141 1.3079 1.5382 0.1272 0.1811 0.1365 6.1323 -0.7000 0.2380
142 1.3092 1.5359 0.1254 0.1844 0.1321 6.4460 -0.5100 0.0942
143 1.3084 1.5318 0.1260 0.1833 0.1243 6.1106 -0.4440 0.0753
144 1.3065 1.5261 0.1278 0.1801 0.1132 6.2319 -0.4870 0.1002
145 1.3057 1.5209 0.1284 0.1790 0.1031 5.8359 -0.5400 0.1107
146 1.3042 1.5148 0.1296 0.1765 0.0909 5.9659 -0.6070 0.1285
147 1.3016 1.5089 0.1260 0.1719 0.0793 6.3784 -0.6910 0.1529
148 1.2987 1.5041 0.1302 0.1666 0.0697 6.0869 -0.6750 0.1352
149 1.2970 1.5004 0.1260 0.1636 0.0623 6.3906 -0.7380 0.1756
150 1.2930 1.4966 0.1290 0.1561 0.0547 6.2992 -0.7990 0.1709
151 1.2889 1.5554 0.1260 0.1483 0.1728 6.5697 -0.7280 0.1748
152 1.2893 1.5547 0.1278 0.1494 0.1719 6.3904 -0.7280 0.1785
153 1.2871 1.5516 0.1254 0.1455 0.1662 6.4771 -0.8220 0.1821
154 1.2862 1.5509 0.1272 0.1439 0.1653 6.5976 -0.6500 0.1780
155 1.2845 1.5508 0.1166 0.1409 0.1656 7.6683 -0.5820 0.1445
156 1.2863 1.5513 0.1315 0.1449 0.1672 6.4652 -0.5780 0.1620
157 1.2836 1.5543 0.1254 0.1398 0.1738 6.9848 -0.5580 0.1576
158 1.2811 1.5599 0.1284 0.1352 0.1855 5.7121 -0.6780 0.2003
159 1.2785 1.5655 0.1272 0.1302 0.1974 6.7224 -0.6110 0.1818
160 1.2773 1.5706 0.1278 0.1282 0.2082 6.7998 -0.4510 0.0728
161 1.3044 1.5523 0.1260 0.1828 0.1722 6.6856 -0.2880 0.0828
162 1.3063 1.5536 0.1260 0.1873 0.1754 6.7818 -0.2400 0.0708
163 1.3096 1.5542 0.1254 0.1945 0.1771 6.1848 -0.2530 0.1044
164 1.3101 1.5572 0.1260 0.1960 0.1837 7.1569 -0.4100 0.1513
165 1.3133 1.5605 0.1266 0.2030 0.1909 7.1218 -0.3500 0.1073
166 1.3118 1.5618 0.1236 0.2007 0.1941 7.3354 -0.2890 0.0608
167 1.3122 1.5616 0.1266 0.2021 0.1944 7.1343 -0.1300 0.0436
168 1.3096 1.5609 0.1290 0.1974 0.1934 6.9405 -0.3080 0.1162
169 1.3096 1.5613 0.1272 0.1981 0.1948 7.1354 -0.5670 0.2508
170 1.3080 1.5618 0.1201 0.1955 0.1965 8.1342 -0.6120 0.1629
171 1.3002 1.5694 0.1278 0.1803 0.2125 7.0560 -0.4940 0.1491
172 1.2980 1.5694 0.1284 0.1765 0.2131 7.0207 -0.5010 0.1297
173 1.2946 1.5665 0.1296 0.1701 0.2081 6.9727 -0.5800 0.1607
174 1.2896 1.5631 0.1278 0.1605 0.2018 7.2272 -0.6970 0.1960
175 1.2850 1.5591 0.1260 0.1516 0.1943 7.2997 -0.6900 0.1829
176 1.2800 1.5570 0.1284 0.1419 0.1908 7.3482 -0.5870 0.1698
177 1.2755 1.5532 0.1290 0.1332 0.1836 7.1302 -0.5210 0.1524
178 1.2715 1.5499 0.1296 0.1255 0.1775 7.0941 -0.4910 0.1471
179 1.2652 1.5480 0.1308 0.1129 0.1742 7.1048 -0.5870 0.1627
180 1.2605 1.5489 0.1260 0.1037 0.1766 7.5271 -0.5750 0.1329
181 1.3485 1.4100 0.1266 0.2806 -0.1021 6.7240 -0.6960 0.1994
182 1.3494 1.4102 0.1278 0.2834 -0.1027 7.5660 -0.7270 0.2232
183 1.3516 1.4068 0.1260 0.2889 -0.1103 7.6985 -0.7300 0.2136
184 1.3566 1.4053 0.1183 0.2999 -0.1143 8.5354 -0.7560 0.1927
185 1.3619 1.4056 0.1266 0.3116 -0.1146 7.7010 -0.8370 0.2152
186 1.3670 1.4081 0.1278 0.3230 -0.1106 7.6529 -0.9830 0.2775
187 1.3685 1.4085 0.1254 0.3272 -0.1107 7.7377 -1.2790 0.3532
188 1.3726 1.4079 0.1302 0.3366 -0.1128 7.4952 -1.3200 0.3498
189 1.3757 1.4061 0.1254 0.3441 -0.1173 7.8113 0.0000 -5.0020
190 1.3772 1.4058 0.1260 0.3484 -0.1189 8.0096 -1.2830 0.3189
191 1.2855 1.5902 0.1254 0.1654 0.2508 7.8715 -1.2720 0.3218
192 1.2835 1.5900 0.1254 0.1616 0.2513 7.3766 -1.1890 0.3042
193 1.2797 1.5901 0.1260 0.1544 0.2525 7.8741 -1.1550 0.2962
194 1.2769 1.5911 0.1260 0.1491 0.2553 8.4545 -1.0600 0.2630
195 1.2735 1.5925 0.1172 0.1425 0.2590 8.9478 -0.9710 0.2370
196 1.2716 1.5929 0.1278 0.1388 0.2609 8.0689 -0.8070 0.1992
197 1.2681 1.5934 0.1183 0.1320 0.2627 8.9425 -0.9270 0.2584
198 1.2645 1.5952 0.1278 0.1250 0.2674 8.1425 -0.7970 0.2058
199 1.2624 1.5952 0.1260 0.1209 0.2682 8.3351 -0.8340 0.2497
200 1.2597 1.5966 0.1272 0.1156 0.2720 8.1599 -0.8670 0.1943
201 1.2925 1.5499 0.1260 0.1816 0.1790 8.2735 -1.2110 0.3153
202 1.2896 1.5507 0.1272 0.1763 0.1812 8.2262 -1.0930 0.2495
203 1.2912 1.5446 0.1254 0.1799 0.1694 8.6600 -1.0420 0.2604
204 1.3011 1.5339 0.1189 0.2001 0.1485 9.3555 -0.8790 0.2241
205 1.3117 1.5219 0.1266 0.2219 0.1247 7.4003 -0.8430 0.2014
206 1.3286 1.5066 0.1302 0.2566 0.0941 8.3064 -0.8960 0.2194
207 1.3516 1.4829 0.1254 0.3035 0.0464 8.7406 -0.9800 0.2710
208 1.3783 1.4505 0.1195 0.3582 -0.0187 9.3653 -1.1120 0.3058
209 1.4050 1.4225 0.1248 0.4132 -0.0756 8.7052 -1.2130 0.3425
210 1.4216 1.4040 0.1284 0.4482 -0.1136 8.4825 -1.2820 0.3498
211 1.2957 1.5658 0.1254 0.1967 0.2108 8.6333 -1.2530 0.2824
212 1.3030 1.5646 0.1272 0.2118 0.2089 7.6298 -1.4010 0.3500
213 1.3095 1.5645 0.1266 0.2255 0.2094 8.6837 -1.4550 0.3238
214 1.3164 1.5653 0.1272 0.2400 0.2116 8.8287 -1.5820 0.4063
215 1.3181 1.5676 0.1284 0.2441 0.2170 8.5397 -1.6630 0.4386
216 1.3186 1.5677 0.1278 0.2457 0.2179 8.5878 -1.6290 0.3825
217 1.3188 1.5698 0.1260 0.2468 0.2227 8.8414 -1.6640 0.3805
218 1.3153 1.5680 0.1266 0.2405 0.2198 9.1693 -1.6930 0.3856
219 1.3101 1.5645 0.1260 0.2308 0.2135 8.9751 -1.6030 0.3674
220 1.3069 1.5627 0.1278 0.2249 0.2104 8.8477 -1.6730 0.4230
221 1.2931 1.5649 0.1278 0.1977 0.2154 8.7564 -38.0000 24.6451
222 1.2982 1.5609 0.1284 0.2083 0.2081 8.7801 -1.9830 0.4911
223 1.3025 1.5577 0.1254 0.2174 0.2023 8.2343 -1.9030 0.4622
224 1.3006 1.5520 0.1272 0.2141 0.1914 9.0604 -1.8530 0.4132
225 1.2992 1.5472 0.1254 0.2118 0.1824 9.3737 -1.9530 0.4617
226 1.2984 1.5405 0.1183 0.2108 0.1693 10.1985 -2.0230 0.4836
227 1.2998 1.5333 0.1266 0.2140 0.1553 9.0038 -2.0490 0.4680
228 1.2992 1.5247 0.1284 0.2134 0.1382 9.0033 -1.9700 0.4691
229 1.2972 1.5160 0.1254 0.2098 0.1211 9.3409 -2.1600 0.5132
230 1.2964 1.5091 0.1195 0.2086 0.1074 10.1405 -2.1600 0.5385
231 1.2996 1.5398 0.1272 0.2155 0.1692 9.1243 -2.2440 0.5448
232 1.2960 1.5412 0.1278 0.2088 0.1724 9.0881 -2.4480 0.6302
233 1.2919 1.5434 0.1260 0.2010 0.1773 9.3419 -2.3670 0.5614
234 1.2888 1.5379 0.1266 0.1952 0.1666 9.5471 -2.4370 0.5414
235 1.2833 1.5369 0.1284 0.1845 0.1650 9.0063 -2.3120 0.5278
236 1.2804 1.5315 0.1278 0.1790 0.1545 9.4763 -2.2490 0.5623
237 1.2784 1.5216 0.1290 0.1754 0.1348 9.1876 -2.2310 0.5441
238 1.2768 1.5106 0.1290 0.1724 0.1130 9.3441 -2.2440 0.5176
239 1.2721 1.5070 0.1254 0.1632 0.1058 8.7523 -2.2700 0.5234
240 1.2646 1.5098 0.1266 0.1484 0.1116 9.7608 -2.2560 0.5221
241 1.3092 1.5741 0.1278 0.2382 0.2408 9.5922 -2.3100 0.5630
242 1.3173 1.5722 0.1272 0.2551 0.2377 9.5209 -2.2550 0.5343
243 1.3234 1.5756 0.1260 0.2680 0.2453 9.7621 -2.3460 0.5639
244 1.3298 1.5810 0.1272 0.2816 0.2571 9.5952 -2.2580 0.5118
245 1.3336 1.5875 0.1260 0.2900 0.2709 9.7763 -2.3630 0.5476
246 1.3385 1.5958 0.1272 0.3007 0.2884 8.9611 -2.5840 0.6783
247 1.3456 1.6046 0.1260 0.3159 0.3071 9.9109 -2.6220 0.6658
248 1.3523 1.6093 0.1195 0.3303 0.3175 10.9089 -2.6930 0.6327
249 1.3580 1.6133 0.1178 0.3427 0.3267 10.9752 -2.6800 0.5946
250 1.3643 1.6151 0.1272 0.3566 0.3314 10.1116 -2.6950 0.6456
251 1.3016 1.5492 0.1284 0.2317 0.2001 9.7544 -2.7360 0.6217
252 1.3008 1.5510 0.1254 0.2306 0.2042 10.2129 -2.7610 0.6335
253 1.3004 1.5532 0.1278 0.2303 0.2092 9.7814 -3.0150 0.7568
254 1.3029 1.5569 0.1266 0.2358 0.2172 10.4450 -3.0620 0.7050
255 1.3102 1.5527 0.1272 0.2509 0.2092 9.9275 -3.1700 0.7170
256 1.3208 1.5427 0.1260 0.2729 0.1897 10.2280 -3.2040 0.7789
257 1.3298 1.5318 0.1266 0.2917 0.1681 10.0732 -3.2790 0.7809
258 1.3472 1.5146 0.1266 0.3275 0.1340 10.7153 -3.2690 0.7817
259 1.3676 1.5012 0.1272 0.3695 0.1072 10.0747 -3.4190 0.7911
260 1.3873 1.4941 0.1284 0.4103 0.0929 10.1988 -3.8400 0.9524
261 1.1772 1.5500 0.1284 -0.0108 0.2051 10.2882 -3.7670 0.8427
262 1.1792 1.5461 0.1272 -0.0074 0.1978 10.4092 -3.7210 0.8552
263 1.1771 1.5385 0.1254 -0.0124 0.1830 10.6617 -3.6260 0.8176
264 1.1706 1.5273 0.1272 -0.0261 0.1610 9.5933 -3.8960 0.9133
265 1.1684 1.5109 0.1278 -0.0314 0.1282 10.3862 -3.9130 0.9255
266 1.1645 1.4970 0.1272 -0.0400 0.1005 10.4950 -3.8780 0.8834
267 1.1618 1.4823 0.1189 -0.0463 0.0709 11.4069 -3.9270 0.8890
268 1.1579 1.4687 0.1272 -0.0549 0.0433 10.5690 -4.0380 0.9328
269 1.1570 1.4571 0.1236 -0.0578 0.0197 10.9763 -4.1700 1.0036
270 1.1567 1.4490 0.1266 -0.0592 0.0030 10.0543 -3.9650 0.8899
271 1.3596 1.7255 0.1278 0.3476 0.5582 10.5398 -3.9830 0.8948
272 1.3611 1.7162 0.1260 0.3517 0.5417 10.9133 -3.9170 0.8952
273 1.3593 1.7052 0.1260 0.3492 0.5218 10.7101 -3.8520 0.9150
274 1.3566 1.6982 0.1254 0.3450 0.5099 11.1200 -3.6780 0.8652
275 1.3542 1.6881 0.1260 0.3412 0.4915 10.7847 -3.7130 0.8681
276 1.3538 1.6703 0.1201 0.3413 0.4575 11.7121 -3.6540 0.8572
277 1.3527 1.6538 0.1242 0.3401 0.4262 11.1350 -3.8080 0.9355
278 1.3496 1.6362 0.1278 0.3350 0.3923 10.9798 -3.8780 0.8963
279 1.3478 1.6185 0.1254 0.3323 0.3582 11.0636 -3.9500 0.9266
280 1.3468 1.6067 0.1321 0.3313 0.3356 10.7766 -3.9689 0.9023
281 1.2900 1.5501 0.1260 0.2181 0.2228 11.3515 -4.0280 0.9533
282 1.2880 1.5452 0.1284 0.2145 0.2136 11.0372 -4.0690 0.9473
283 1.2832 1.5471 0.1272 0.2052 0.2177 11.0383 -3.9870 0.9228
284 1.2779 1.5467 0.1278 0.1950 0.2175 10.9417 -4.1200 0.9257
285 1.2744 1.5432 0.1236 0.1881 0.2108 11.3038 -4.1460 0.9622
286 1.2719 1.5408 0.1272 0.1833 0.2065 11.1485 -4.1960 0.9636
287 1.2729 1.5364 0.1254 0.1857 0.1981 11.5218 -4.1950 0.9713
288 1.2744 1.5349 0.1284 0.1889 0.1954 11.1978 -4.2380 0.9876
289 1.2711 1.5352 0.1278 0.1824 0.1964 11.0665 -4.3050 0.9940
290 1.2644 1.5348 0.1278 0.1691 0.1960 11.3360 -4.3600 1.0041
291 1.2796 1.5742 0.1266 0.2000 0.2755 11.2697 -4.4450 1.0203
292 1.2727 1.5764 0.1254 0.1862 0.2806 11.3906 -4.4320 1.0161
293 1.2659 1.5761 0.1254 0.1728 0.2807 11.6075 -4.4620 1.0343
294 1.2588 1.5819 0.1178 0.1588 0.2931 12.6224 -4.4550 1.0359
295 1.2456 1.5902 0.1278 0.1323 0.3106 11.3930 -4.6680 1.1104
296 1.2350 1.6013 0.1302 0.1110 0.3339 11.0774 -4.6470 1.0657
297 1.2269 1.6121 0.1260 0.0945 0.3567 11.8026 -4.7590 1.0924
298 1.2265 1.6212 0.1302 0.0935 0.3759 11.4521 -4.9270 1.1445
299 1.2250 1.6343 0.1266 0.0903 0.4035 11.7426 -4.7600 1.0891
300 1.2227 1.6435 0.1302 0.0853 0.4234 11.4559 -4.7880 1.0632
301 1.2913 1.5336 0.1248 0.2230 0.2039 12.0155 -4.8300 1.1523
302 1.2958 1.5346 0.1278 0.2324 0.2064 11.9336 -4.9200 1.1020
303 1.3061 1.5350 0.1207 0.2536 0.2075 12.5254 -4.8450 1.1115
304 1.3209 1.5297 0.1284 0.2840 0.1971 11.8139 -4.9600 1.2457
305 1.3304 1.5219 0.1284 0.3037 0.1817 11.7906 -4.7920 5.4006
306 1.3342 1.5175 0.1284 0.3121 0.1731 11.8870 -4.8940 1.1224
307 1.3331 1.5210 0.1266 0.3109 0.1803 11.2518 -5.1670 1.2281
308 1.3332 1.5265 0.1284 0.3118 0.1916 12.0235 -5.1410 1.2046
309 1.3354 1.5356 0.1284 0.3170 0.2102 11.8785 -5.1590 1.1734
310 1.3400 1.5377 0.1278 0.3272 0.2148 11.0869 -5.2430 1.2255
311 1.2790 1.5696 0.1254 0.2055 0.2792 12.0527 -5.0920 1.1776
312 1.2805 1.5594 0.1183 0.2088 0.2595 13.1182 -5.1730 1.1609
313 1.2882 1.5421 0.1248 0.2246 0.2252 12.3796 -5.2250 1.1440
314 1.3023 1.5168 0.1278 0.2534 0.1749 11.9965 -5.3230 1.1934
315 1.3241 1.4828 0.1278 0.2977 0.1067 11.9735 -5.4550 1.2580
316 1.3518 1.4452 0.1254 0.3542 0.0309 11.5357 -5.5380 1.2782
317 1.3735 1.4054 0.1260 0.3987 -0.0496 12.3255 -5.7250 1.2882
318 1.3956 1.3689 0.1254 0.4443 -0.1240 12.6144 -5.8170 1.3163
319 1.4106 1.3374 0.1178 0.4760 -0.1887 13.3894 -5.9830 1.3305
320 1.4198 1.3177 0.1254 0.4961 -0.2298 12.6207 -5.9820 1.3516
321 1.2940 1.5268 0.1248 0.2449 0.1887 12.7219 -6.0730 1.4035
322 1.3010 1.5221 0.1278 0.2595 0.1795 12.2781 -6.1120 1.4193
323 1.3045 1.5200 0.1266 0.2669 0.1755 12.3406 -6.1860 1.3783
324 1.3063 1.5247 0.1248 0.2710 0.1851 12.9531 -6.1850 1.4048
325 1.3140 1.5312 0.1266 0.2872 0.1984 12.5346 -6.1560 1.4099
326 1.3231 1.5362 0.1260 0.3060 0.2087 12.8839 -5.8960 1.3574
327 1.3408 1.5360 0.1195 0.3423 0.2087 13.5809 -5.7400 1.3107
328 1.3657 1.5334 0.1218 0.3934 0.2040 13.3971 -5.7110 1.3093
329 1.3891 1.5278 0.1260 0.4415 0.1930 12.7544 -5.4571 1.1946
330 1.4031 1.5230 0.1272 0.4711 0.1836 12.8196 -5.3980 1.2581
331 1.2904 1.5560 0.1260 0.2461 0.2502 12.9340 -4.9410 1.0552
332 1.2888 1.5532 0.1260 0.2432 0.2451 11.9691 -4.7350 1.0658
333 1.2888 1.5476 0.1266 0.2437 0.2344 12.8765 -4.6880 1.0698
334 1.2925 1.5456 0.1266 0.2515 0.2308 12.7935 -4.5580 1.0370
335 1.2974 1.5470 0.1218 0.2617 0.2341 13.4545 -4.4320 1.0588
336 1.2992 1.5479 0.1266 0.2658 0.2364 12.9805 -4.1180 1.0130
337 1.2998 1.5460 0.1160 0.2675 0.2331 13.9896 -3.8940 0.9155
338 1.2976 1.5446 0.1266 0.2636 0.2306 13.0562 -3.5860 0.7842
339 1.2975 1.5403 0.1230 0.2639 0.2225 13.3438 -3.6500 0.8425
340 1.2977 1.5361 0.1260 0.2648 0.2144 13.1358 -3.4150 0.7800
341 1.2750 1.5560 0.1242 0.2196 0.2548 13.3213 -3.2480 0.7415
342 1.2690 1.5574 0.1278 0.2078 0.2582 12.9263 -2.7340 0.6280
343 1.2597 1.5583 0.1266 0.1892 0.2605 13.3482 -2.4250 0.5672
344 1.2445 1.5628 0.1183 0.1588 0.2701 14.3778 -2.2870 0.5209
345 1.2301 1.5677 0.1272 0.1299 0.2806 13.3503 -2.5140 0.6066
346 1.2168 1.5759 0.1290 0.1029 0.2979 13.2893 -2.5370 0.5512
347 1.2047 1.5851 0.1266 0.0783 0.3170 13.3144 -2.3140 0.4615
348 1.2002 1.5918 0.1290 0.0688 0.3315 13.1814 -2.6020 0.6071
349 1.1977 1.5982 0.1242 0.0633 0.3452 13.6159 -2.5310 0.5534
350 1.2002 1.5979 0.1278 0.0677 0.3456 13.3933 -2.5050 0.5784
351 1.2860 1.5422 0.1266 0.2397 0.2346 13.7484 -2.5050 0.6091
352 1.2960 1.5362 0.1272 0.2602 0.2229 13.4711 -2.5580 0.6284
353 1.3008 1.5354 0.1242 0.2703 0.2217 13.6286 -2.3880 0.4985
354 1.3044 1.5302 0.1272 0.2780 0.2116 13.8478 -2.4370 0.5392
355 1.3070 1.5302 0.1254 0.2837 0.2119 13.7985 -2.5270 0.5957
356 1.3152 1.5354 0.1284 0.3008 0.2227 13.4738 -2.7760 0.6511
357 1.3318 1.5322 0.1278 0.3349 0.2166 12.6413 -3.0000 0.7900
358 1.3516 1.5246 0.1266 0.3756 0.2016 13.7660 -6.0000 2.7393
359 1.3755 1.5134 0.1242 0.4246 0.1794 14.2103 -0.0310 -1.2844
360 1.3944 1.5062 0.1207 0.4638 0.1650 14.4259 -3.0750 0.6718
361 1.2724 1.5322 0.1254 0.2200 0.2173 14.0149 -3.0670 0.6318
362 1.2796 1.5250 0.1266 0.2347 0.2032 14.0290 -3.2580 0.8229
363 1.2816 1.5230 0.1260 0.2390 0.1994 13.8383 -3.2560 0.8318
364 1.2808 1.5302 0.1278 0.2377 0.2141 13.8977 -3.3290 0.8454
365 1.2748 1.5380 0.1248 0.2260 0.2302 14.1152 -3.2370 0.8236
366 1.2716 1.5414 0.1224 0.2198 0.2373 14.5568 -3.0750 0.7177
367 1.2735 1.5472 0.1242 0.2237 0.2493 14.0833 -2.7980 0.6560
368 1.2752 1.5532 0.1278 0.2275 0.2618 14.0999 -2.7830 0.6527
369 1.2766 1.5626 0.1266 0.2306 0.2814 14.0418 -2.8230 0.6500
370 1.2814 1.5676 0.1278 0.2405 0.2921 14.4086 -3.1850 0.8752
371 1.2706 1.5194 0.1254 0.2191 0.1958 12.7395 -3.4000 0.8256
372 1.2703 1.5206 0.1207 0.2187 0.1984 15.0914 -3.1860 0.7085
373 1.2740 1.5222 0.1254 0.2263 0.2018 13.4415 -3.8980 0.9578
374 1.2765 1.5219 0.1272 0.2315 0.2015 14.3824 -4.5750 1.1253
375 1.2778 1.5189 0.1230 0.2345 0.1956 13.6299 -4.4140 1.0196
376 1.2839 1.5194 0.1160 0.2469 0.1969 15.8013 -4.6680 1.1304
377 1.2945 1.5196 0.1236 0.2686 0.1974 14.4502 -5.0500 1.1741
378 1.3104 1.5151 0.1242 0.3010 0.1885 14.6546 -5.3100 1.2306
379 1.3243 1.5119 0.1254 0.3297 0.1824 14.2531 -5.2420 1.2284
380 1.3346 1.5097 0.1242 0.3509 0.1781 13.9594 -5.2480 1.2319
381 1.3259 1.4074 0.1248 0.3343 -0.0275 14.6236 -5.1550 1.1538
382 1.3355 1.4055 0.1242 0.3544 -0.0323 13.9131 -5.3990 1.2344
383 1.3472 1.4084 0.1248 0.3787 -0.0274 14.8792 -5.4490 1.2295
384 1.3576 1.4119 0.1272 0.4007 -0.0212 14.8088 -5.4190 1.1787
385 1.3637 1.4138 0.1284 0.4139 -0.0183 14.5192 -5.4490 1.2459
386 1.3749 1.4192 0.1266 0.4377 -0.0082 14.7727 -5.3740 1.2862
387 1.3834 1.4267 0.1278 0.4559 0.0059 14.6048 -4.3900 0.7408
388 1.3913 1.4319 0.1266 0.4733 0.0156 14.8459 0.0000 -0.9475
389 1.3997 1.4354 0.1278 0.4915 0.0221 13.7395 -4.4860 0.9471
390 1.4056 1.4378 0.1272 0.5050 0.0262 14.9011 -4.5490 1.1053
391 1.2854 1.5156 0.1266 0.2648 0.1819 14.7706 -4.5240 1.0797
392 1.2911 1.5100 0.1284 0.2767 0.1708 14.9507 -4.8590 1.1213
393 1.2979 1.4975 0.1236 0.2906 0.1459 15.2025 -5.0640 1.1545
394 1.3044 1.4831 0.1278 0.3042 0.1169 15.0964 -5.2500 1.2433
395 1.3076 1.4670 0.1224 0.3112 0.0842 15.4778 0.0000 0.0334
396 1.3144 1.4519 0.1254 0.3254 0.0537 13.2108 -5.6160 1.2629
397 1.3232 1.4405 0.1236 0.3437 0.0302 15.1754 -5.6260 3.7892
398 1.3334 1.4302 0.1266 0.3650 0.0090 14.3286 -5.6460 1.2898
399 1.3451 1.4252 0.1224 0.3894 -0.0018 15.5720 -6.4700 1.8857
400 1.3547 1.4189 0.1266 0.4096 -0.0151 15.3408 -5.2490 1.1422
401 1.2778 1.5046 0.1266 0.2561 0.1562 15.4906 -6.4780 1.9881
402 1.2779 1.5007 0.1278 0.2566 0.1485 15.3824 -5.0330 1.1351
403 1.2787 1.4956 0.1189 0.2585 0.1382 16.1263 -4.6840 0.9867
404 1.2871 1.4912 0.1296 0.2757 0.1292 15.4211 -4.6870 1.0630
405 1.2970 1.4894 0.1272 0.2959 0.1255 15.5659 -4.4460 1.0290
406 1.3070 1.4895 0.1266 0.3165 0.1258 15.4339 -4.2590 0.9304
407 1.3150 1.4912 0.1266 0.3331 0.1290 14.4743 -4.2770 1.0296
408 1.3274 1.4917 0.1260 0.3587 0.1299 15.5209 -4.2060 0.9168
409 1.3386 1.4901 0.1260 0.3820 0.1266 15.8587 -4.3920 1.0806
410 1.3467 1.4905 0.1266 0.3993 0.1274 15.6348 -4.6480 1.0054
411 1.2862 1.5118 0.1266 0.2785 0.1701 15.9054 -4.8190 1.1057
412 1.2802 1.5138 0.1278 0.2668 0.1742 15.1984 -5.3830 1.2197
413 1.2682 1.5181 0.1236 0.2430 0.1830 15.8581 -5.1000 1.0833
414 1.2507 1.5289 0.1236 0.2080 0.2050 16.0757 -5.5230 1.3861
415 1.2313 1.5389 0.1224 0.1690 0.2253 16.0180 -6.0000 1.3020
416 1.2125 1.5501 0.1278 0.1311 0.2482 14.7093 -6.5750 1.4965
417 1.1958 1.5531 0.1254 0.0971 0.2547 16.0954 -7.1810 1.6728
418 1.1770 1.5548 0.1242 0.0588 0.2586 15.3317 -8.2160 7.4331
419 1.1555 1.5529 0.1272 0.0147 0.2553 15.7748 -7.7490 1.7578
420 1.1408 1.5502 0.1278 -0.0157 0.2505 16.0319 7.4910 -8.3701
421 1.3096 1.4310 0.1201 0.3225 0.0114 16.7480 -7.4310 1.6768
422 1.3092 1.4310 0.1278 0.3223 0.0106 16.0993 -7.3140 1.7299
423 1.3097 1.4337 0.1254 0.3240 0.0154 16.0060 -7.3800 1.6939
424 1.3128 1.4313 0.1266 0.3308 0.0099 16.1979 -7.4500 1.7602
425 1.3171 1.4295 0.1254 0.3400 0.0057 15.6086 -7.3320 1.6387
426 1.3193 1.4257 0.1248 0.3452 -0.0028 16.3090 -7.3180 1.6000
427 1.3196 1.4278 0.1248 0.3465 0.0008 16.2276 -7.3890 1.7328
428 1.3179 1.4382 0.1178 0.3437 0.0210 17.3511 -6.8960 1.4549
429 1.3198 1.4551 0.1236 0.3481 0.0543 16.5663 -6.7640 1.4945
430 1.3259 1.4697 0.1296 0.3611 0.0833 15.8747 -6.7880 1.5306
431 1.2516 1.5326 0.1248 0.2126 0.2093 16.7230 -6.8690 1.5811
432 1.2488 1.5300 0.1248 0.2070 0.2045 16.3420 -6.7480 1.5061
433 1.2440 1.5231 0.1260 0.1973 0.1909 16.2364 -7.0700 1.7393
434 1.2372 1.5168 0.1230 0.1836 0.1785 16.4549 -6.8160 1.4625
435 1.2245 1.5105 0.1236 0.1578 0.1660 16.5400 -6.8710 1.6260
436 1.2091 1.5058 0.1230 0.1267 0.1566 16.8274 -7.3080 1.6374
437 1.1878 1.5015 0.1160 0.0836 0.1480 17.5281 -7.5260 1.8190
438 1.1676 1.4984 0.1230 0.0423 0.1418 17.0836 -7.6010 1.7248
439 1.1432 1.4927 0.1284 -0.0076 0.1304 16.4147 -7.5630 1.8285
440 1.1217 1.4879 0.1248 -0.0518 0.1206 16.7574 -7.3140 1.7015
441 1.2232 1.5610 0.1266 0.1508 0.2674 16.6314 -7.2240 1.6084
442 1.2300 1.5646 0.1224 0.1642 0.2752 17.1694 -6.8440 1.5274
443 1.2372 1.5753 0.1230 0.1785 0.2973 16.8401 -6.7410 1.0782
444 1.2449 1.5863 0.1178 0.1938 0.3203 17.8685 -6.5260 1.4598
445 1.2508 1.5938 0.1236 0.2056 0.3362 16.8469 -6.6820 1.5506
446 1.2575 1.6033 0.1266 0.2191 0.3562 16.7040 -6.6760 1.5154
447 1.2631 1.6127 0.1218 0.2306 0.3762 17.2553 -6.9300 1.6187
448 1.2668 1.6234 0.1266 0.2380 0.3989 16.7809 -7.1970 1.6501
449 1.2716 1.6345 0.1236 0.2480 0.4224 17.1176 -6.6170 1.3430
450 1.2742 1.6393 0.1266 0.2533 0.4333 17.0810 -6.2150 1.3318
451 1.2282 1.5446 0.1242 0.1611 0.2444 17.2785 5.7390 -6.0270
452 1.2238 1.5474 0.1254 0.1520 0.2504 16.2357 -5.8500 1.1950
453 1.2179 1.5499 0.1201 0.1399 0.2559 17.4958 -6.1960 1.3761
454 1.2108 1.5515 0.1213 0.1252 0.2597 17.2774 -5.9320 1.2479
455 1.2024 1.5522 0.1137 0.1081 0.2617 18.2196 -6.2700 1.5123
456 1.1913 1.5551 0.1183 0.0853 0.2680 17.5330 -6.0640 1.4567
457 1.1779 1.5615 0.1154 0.0577 0.2814 18.0947 -6.3790 1.4809
458 1.1630 1.5688 0.1195 0.0270 0.2967 17.2441 -6.6990 1.6087
459 1.1471 1.5718 0.1183 -0.0058 0.3034 17.4825 -6.5370 1.4689
460 1.1353 1.5751 0.1224 -0.0305 0.3107 17.4893 -6.4720 1.2947
461 1.2622 1.4708 0.1236 0.2234 0.1018 17.4373 -6.7900 1.6124
462 1.2646 1.4696 0.1178 0.2283 0.0991 17.9455 -6.9430 1.6647
463 1.2683 1.4656 0.1218 0.2359 0.0908 17.9071 -6.6130 1.5815
464 1.2764 1.4644 0.1160 0.2524 0.0880 18.4664 -6.3690 1.3581
465 1.2867 1.4612 0.1242 0.2734 0.0812 16.7028 -6.4000 1.5675
466 1.3012 1.4636 0.1178 0.3030 0.0857 18.5664 -6.7270 1.5170
467 1.3154 1.4680 0.1248 0.3319 0.0941 17.7580 -6.3520 1.4002
468 1.3299 1.4752 0.1248 0.3618 0.1083 17.7954 -5.8320 1.2368
469 1.3449 1.4796 0.1242 0.3926 0.1169 17.8454 -5.6370 1.3933
470 1.3603 1.4844 0.1266 0.4247 0.1263 17.8265 -5.6460 1.2720
471 1.2442 1.5072 0.1254 0.1923 0.1720 17.7026 -5.1500 1.1647
472 1.2447 1.5044 0.1284 0.1933 0.1665 17.4988 -5.5460 1.2617
473 1.2470 1.5004 0.1248 0.1978 0.1585 17.9704 -5.7050 1.4213
474 1.2461 1.5056 0.1290 0.1960 0.1689 17.6217 -5.8610 1.2117
475 1.2382 1.5104 0.1154 0.1800 0.1786 18.9315 -5.8720 1.3285
476 1.2306 1.5119 0.1260 0.1647 0.1818 18.2404 -6.1520 1.4829
477 1.2144 1.5134 0.1248 0.1319 0.1849 18.1214 -6.5820 1.4918
478 1.1937 1.5141 0.1248 0.0900 0.1865 18.2792 -5.3350 1.1115
479 1.1775 1.5105 0.1266 0.0568 0.1792 17.8042 -6.2720 1.4838
480 1.1693 1.5128 0.1272 0.0396 0.1840 18.3004 -5.9510 1.3599
481 1.2488 1.5120 0.1254 0.1986 0.1826 18.0670 -5.8730 1.3581
482 1.2572 1.5056 0.1260 0.2155 0.1698 18.2120 -5.9910 1.2869
483 1.2660 1.4983 0.1254 0.2333 0.1552 18.1430 -5.6410 1.2695
484 1.2736 1.4922 0.1149 0.2487 0.1429 19.3861 -5.8810 1.3861
485 1.2800 1.4865 0.1236 0.2618 0.1313 18.4944 -5.7740 1.4162
486 1.2796 1.4755 0.1248 0.2613 0.1092 18.5681 -5.9100 1.3160
487 1.2777 1.4546 0.1236 0.2577 0.0669 18.5114 -6.3100 1.4353
488 1.2768 1.4285 0.1224 0.2563 0.0140 18.6915 -7.0430 1.6919
489 1.2786 1.4028 0.1248 0.2601 -0.0384 18.3267 -6.4980 1.4073
490 1.2871 1.3797 0.1248 0.2775 -0.0859 18.9542 -7.0470 1.5633
491 1.1800 1.5416 0.1218 0.0626 0.2384 19.0400 -6.3360 1.3463
492 1.1708 1.5417 0.1248 0.0434 0.2391 19.2047 -6.7190 1.5121
493 1.1555 1.5430 0.1242 0.0119 0.2421 18.0666 -6.0000 3.8778
494 1.1435 1.5431 0.1254 -0.0132 0.2428 18.6655 -6.1770 1.4097
495 1.1381 1.5468 0.1132 -0.0251 0.2506 19.8769 1.0000 -1.2615
496 1.1364 1.5493 0.1242 -0.0298 0.2562 18.9457 -5.3310 1.2161
497 1.1429 1.5475 0.1272 -0.0178 0.2528 18.2684 -5.2010 1.1462
498 1.1540 1.5500 0.1254 0.0035 0.2583 18.8777 -6.2800 1.5555
499 1.1607 1.5593 0.1236 0.0161 0.2776 18.1940 -7.2190 1.5392
500 1.1683 1.5672 0.1260 0.0304 0.2942 18.6896 -7.2930 1.6229
501 1.1872 1.5432 0.1224 0.0676 0.2465 19.1490 -7.2910 1.6683
502 1.1892 1.5444 0.1236 0.0710 0.2494 19.1047 -8.0730 1.9064
503 1.1964 1.5380 0.1218 0.0848 0.2370 19.5349 -7.6300 1.6196
504 1.2008 1.5296 0.1160 0.0931 0.2204 20.0934 -7.6320 1.6694
505 1.1976 1.5296 0.1236 0.0862 0.2207 19.2800 -8.4190 1.9166
506 1.1974 1.5373 0.1201 0.0852 0.2364 19.9823 -8.6270 1.9082
507 1.2063 1.5501 0.1321 0.1027 0.2627 18.8210 -8.3050 1.7435
508 1.2218 1.5626 0.1364 0.1333 0.2883 18.8248 -8.1540 1.8314
509 1.2443 1.5715 0.1370 0.1783 0.3068 18.7827 -8.2110 1.9291
510 1.2612 1.5852 0.1389 0.2122 0.3350 18.8312 -8.9740 2.1269
511 1.1574 1.5312 0.1358 0.0037 0.2273 19.2348 -8.8540 1.9427
512 1.1479 1.5309 0.1389 -0.0163 0.2270 18.2696 -7.3920 1.5457
513 1.1297 1.5268 0.1364 -0.0539 0.2191 19.2229 -7.0010 1.6371
514 1.1096 1.5248 0.1370 -0.0956 0.2153 18.9289 -7.5240 1.7339
515 1.0986 1.5242 0.1302 -0.1190 0.2144 19.5337 -6.9640 1.5684
516 1.0977 1.5141 0.1266 -0.1224 0.1944 19.3383 -5.8650 1.1872
517 1.1011 1.4973 0.1248 -0.1171 0.1606 19.8305 -5.4060 1.1251
518 1.1065 1.4720 0.1236 -0.1076 0.1098 19.7116 -4.7570 1.0920
519 1.1052 1.4485 0.1260 -0.1118 0.0622 19.1687 -5.2000 30.0000
520 1.0988 1.4313 0.1302 -0.1260 0.0273 19.3464 -0.3260 0.0468
521 1.1904 1.4664 0.1248 0.0565 0.0971 20.3920 -5.6490 1.3057
522 1.1940 1.4564 0.1415 0.0632 0.0767 19.2990 -6.9870 1.7544
523 1.2044 1.4412 0.1402 0.0835 0.0457 19.3546 -7.0000 1.3508
524 1.2120 1.4217 0.1479 0.0984 0.0058 18.8365 -7.5890 13.5355
525 1.2176 1.4004 0.1473 0.1092 -0.0376 18.7496 -3.3440 -1.4736
526 1.2160 1.3847 0.1607 0.1057 -0.0702 18.6048 -8.5260 1.9307
527 1.2076 1.3790 0.1642 0.0885 -0.0828 19.1033 -10.2740 2.4576
528 1.1924 1.3737 0.1735 0.0575 -0.0947 17.1094 -9.8980 2.2249
529 1.1753 1.3640 0.1735 0.0226 -0.1154 19.0241 -9.1360 1.9997
530 1.1610 1.3595 0.1779 -0.0069 -0.1259 18.5794 -9.7420 2.2823
531 1.2040 1.4822 0.1794 0.0786 0.1193 18.4841 -9.4000 2.1581
532 1.2004 1.4858 0.1757 0.0709 0.1264 18.7931 -8.6770 1.7600
533 1.1965 1.4842 0.1706 0.0626 0.1230 18.8394 -8.1810 1.8713
534 1.1968 1.4745 0.1533 0.0625 0.1034 19.1500 -7.0820 1.4237
535 1.2005 1.4597 0.1440 0.0696 0.0733 19.6252 -6.4050 1.4311
536 1.2007 1.4468 0.1321 0.0695 0.0470 20.2657 -6.6400 1.5052
537 1.2045 1.4312 0.1213 0.0766 0.0151 20.9824 -6.9120 1.4522
538 1.2047 1.4163 0.1308 0.0765 -0.0155 19.6236 -7.2460 1.5889
539 1.2060 1.3930 0.1236 0.0788 -0.0633 20.7702 -5.8490 1.2379
540 1.2048 1.3728 0.1296 0.0758 -0.1049 20.3223 -6.3590 1.5437
541 1.1782 1.4386 0.1377 0.0219 0.0261 19.5692 -6.7580 1.5185
542 1.1850 1.4438 0.1453 0.0349 0.0360 19.8216 -7.2000 1.5906
543 1.1874 1.4534 0.1587 0.0390 0.0547 19.3778 -8.4950 2.0555
544 1.1950 1.4668 0.1831 0.0537 0.0812 18.1495 -8.5370 1.9567
545 1.2038 1.4797 0.1931 0.0708 0.1068 18.7669 -9.1350 2.0970
546 1.2170 1.4930 0.2178 0.0969 0.1333 17.3341 -0.6100 0.1691
547 1.2250 1.5003 0.2204 0.1127 0.1480 18.2874 8.9950 -1.9803
548 1.2278 1.5064 0.2239 0.1180 0.1602 18.3833 -8.7150 1.7670
549 1.2278 1.5060 0.2178 0.1178 0.1595 19.3739 -8.9910 2.0028
550 1.2313 1.5053 0.2135 0.1247 0.1582 18.3144 -9.4500 2.0701
551 1.1750 1.4378 0.1831 0.0113 0.0225 18.9356 -8.9830 1.9554
552 1.1746 1.4335 0.1656 0.0097 0.0133 19.7286 -8.4810 1.9669
553 1.1666 1.4359 0.1466 -0.0071 0.0174 20.5057 -8.1350 1.8908
554 1.1518 1.4411 0.1383 -0.0377 0.0272 19.8482 -8.5300 1.9752
555 1.1366 1.4507 0.1260 -0.0692 0.0458 20.5563 -9.1650 2.0386
556 1.1194 1.4510 0.1296 -0.1049 0.0461 20.0372 -8.9670 2.1485
557 1.1014 1.4502 0.1308 -0.1424 0.0439 19.9869 -9.0640 2.1447
558 1.0850 1.4474 0.1408 -0.1770 0.0378 19.1261 -8.5470 1.9585
559 1.0677 1.4410 0.1580 -0.2132 0.0243 19.3397 -8.3590 1.7978
560 1.0582 1.4328 0.1801 -0.2343 0.0073 18.2891 -7.8500 1.7259
561 1.0860 1.3066 0.2195 -0.1803 -0.2470 17.0879 -6.6180 1.3850
562 1.0815 1.3110 0.2384 -0.1910 -0.2401 18.2219 -6.8880 1.6752
563 1.0779 1.3108 0.2556 -0.1998 -0.2425 17.5608 -7.1020 1.7736
564 1.0777 1.3067 0.2488 -0.2020 -0.2525 18.3562 -7.0850 1.6434
565 1.0734 1.3007 0.2356 -0.2123 -0.2665 18.5760 -6.5770 1.4164
566 1.0671 1.2943 0.2101 -0.2267 -0.2814 18.5267 -6.2110 1.3042
567 1.0629 1.2843 0.1706 -0.2371 -0.3036 19.4108 -5.6030 1.1667
568 1.0582 1.2738 0.1580 -0.2484 -0.3268 19.5451 -4.7060 1.0072
569 1.0522 1.2646 0.1352 -0.2624 -0.3476 19.9190 -5.5230 1.3528
570 1.0505 1.2639 0.1302 -0.2678 -0.3514 20.0430 -5.5330 1.2953
571 1.1860 1.3410 0.1296 0.0026 -0.1987 20.2734 -5.8300 1.3174
572 1.1908 1.3386 0.1248 0.0116 -0.2051 21.1926 -6.3150 1.5673
573 1.1992 1.3342 0.1440 0.0279 -0.2156 19.8540 -6.6230 1.4885
574 1.2152 1.3334 0.1580 0.0596 -0.2189 19.5166 -7.1980 1.5791
575 1.2388 1.3354 0.1713 0.1067 -0.2165 19.1782 -7.6380 1.7331
576 1.2580 1.3418 0.1854 0.1451 -0.2053 19.0334 -7.0100 1.1954
577 1.2760 1.3464 0.1971 0.1814 -0.1975 18.4002 -9.0000 9.8603
578 1.2880 1.3465 0.2068 0.2058 -0.1989 18.5833 -9.5370 2.1556
579 1.2980 1.3465 0.2135 0.2263 -0.2005 18.6045 -10.8440 2.4265
580 1.3052 1.3430 0.2161 0.2412 -0.2092 18.8014 -10.4010 2.3479
581 1.1750 1.3430 0.2274 -0.0199 -0.2106 18.7468 -10.0990 2.3395
582 1.1730 1.3458 0.2440 -0.0247 -0.2066 18.1271 -9.4600 2.0753
583 1.1716 1.3490 0.2421 -0.0283 -0.2017 17.8625 0.0000 0.0440
584 1.1726 1.3545 0.2365 -0.0271 -0.1921 17.8702 -8.6210 1.9518
585 1.1708 1.3600 0.2178 -0.0315 -0.1825 19.2096 -7.7110 1.4792
586 1.1708 1.3641 0.2052 -0.0323 -0.1758 18.7650 -6.8150 1.5259
587 1.1705 1.3665 0.1839 -0.0336 -0.1722 19.5053 -6.5680 1.4950
588 1.1675 1.3597 0.1628 -0.0405 -0.1871 20.5622 -5.2080 1.0766
589 1.1568 1.3518 0.1447 -0.0627 -0.2045 19.3353 -5.9060 1.3899
590 1.1480 1.3466 0.1370 -0.0814 -0.2165 20.6579 -5.8500 1.3525
count posx posy posz xout yout zout heading hd_out
1 0.0000 0.0000 0.0000 0.0000 0.0000 0.0000 0.0000 0.0000
2 0.0000 0.0000 0.1296 0.0000 0.0000 0.0000 -2.6290 0.5946
3 0.0000 0.0000 0.1272 0.0000 0.0000 0.0000 -2.6130 0.5848
4 0.0000 0.0000 0.1296 0.0000 0.0000 0.0000 -2.7290 0.6560
5 0.0001 0.0000 0.1278 0.0002 0.0000 0.0000 -2.7400 0.6383
6 0.0002 0.0000 0.1302 0.0004 0.0000 0.0000 -2.8700 0.6645
7 0.0003 0.0000 0.1284 0.0007 0.0000 0.0000 -3.0120 0.7027
8 0.0005 0.0000 0.1230 0.0011 0.0000 0.0000 -2.8910 0.6767
9 0.0007 0.0000 0.1272 0.0014 0.0000 0.0000 -2.8940 0.6876
10 0.0011 0.0000 0.1290 0.0022 0.0000 0.0000 -2.8840 0.6685
11 1.3220 1.4540 0.1248 0.1447 -0.0925 1.9326 -2.8290 0.6384
12 1.3221 1.4541 0.1284 0.1456 -0.0928 1.5358 -2.2080 0.5221
13 1.3220 1.4543 0.1278 0.1461 -0.0927 1.3431 -2.2020 0.5234
14 1.3220 1.4531 0.1290 0.1470 -0.0956 0.7009 -2.1530 0.5125
15 1.3221 1.4513 0.1266 0.1479 -0.0998 1.8617 -2.0120 0.4793
16 1.3222 1.4497 0.1207 0.1488 -0.1034 2.5425 -2.0730 0.5022
17 1.3226 1.4482 0.1278 0.1503 -0.1069 1.5339 -2.1160 0.4985
18 1.3232 1.4464 0.1302 0.1523 -0.1110 0.7438 -2.0820 0.4971
19 1.3240 1.4447 0.1272 0.1545 -0.1151 1.3812 -2.0860 0.4833
20 1.3248 1.4429 0.1296 0.1568 -0.1192 1.8489 -2.0800 0.5074
21 1.2721 1.5490 0.1290 0.0516 0.0936 1.7143 -2.0520 0.4936
22 1.2723 1.5490 0.1278 0.0523 0.0939 2.0774 -1.9650 0.4595
23 1.2726 1.5486 0.1284 0.0531 0.0937 0.7374 -2.0710 0.4969
24 1.2731 1.5483 0.1302 0.0544 0.0935 1.6772 -1.9600 0.4540
25 1.2738 1.5479 0.1284 0.0559 0.0932 1.9926 -1.9150 0.4595
26 1.2745 1.5472 0.1254 0.0577 0.0924 2.0889 -1.8220 0.4317
27 1.2752 1.5466 0.1266 0.0593 0.0916 1.5002 -1.8060 0.4402
28 1.2765 1.5460 0.1284 0.0622 0.0908 1.9748 -2.0010 0.4956
29 1.2780 1.5453 0.1254 0.0654 0.0899 1.3682 -1.9850 0.4751
30 1.2797 1.5445 0.1284 0.0692 0.0888 2.0480 -1.9510 0.4675
31 1.1851 1.5729 0.1266 -0.1207 0.1463 2.2409 -1.8510 0.4319
32 1.1853 1.5727 0.1296 -0.1208 0.1466 1.2032 -1.9260 0.4784
33 1.1857 1.5725 0.1260 -0.1207 0.1469 2.3865 -2.0630 0.4925
34 1.1864 1.5723 0.1296 -0.1201 0.1472 2.1683 -2.1710 0.5347
35 1.1871 1.5721 0.1266 -0.1192 0.1476 2.6287 -2.0000 0.3921
36 1.1879 1.5721 0.1302 -0.1182 0.1483 2.2281 -2.2700 0.5399
37 1.1886 1.5717 0.1266 -0.1175 0.1481 2.7542 -2.2640 0.5336
38 1.1895 1.5676 0.1296 -0.1163 0.1406 2.3060 -2.2570 0.5396
39 1.1905 1.5615 0.1290 -0.1149 0.1290 2.2333 -2.1430 0.4796
40 1.1917 1.5554 0.1296 -0.1131 0.1173 2.4380 -2.0900 0.5056
41 1.2701 1.5220 0.1207 0.0439 0.0508 3.3607 -2.0630 0.4902
42 1.2702 1.5220 0.1296 0.0443 0.0511 2.5032 -2.1460 0.5136
43 1.2702 1.5223 0.1296 0.0446 0.0520 1.4106 -2.2290 0.5419
44 1.2704 1.5227 0.0864 0.0451 0.0529 7.7692 -2.2560 0.5541
45 1.2705 1.5231 0.1278 0.0456 0.0540 2.9559 -2.3600 0.5679
46 1.2707 1.5232 0.1224 0.0462 0.0544 3.4540 -2.4540 0.5995
47 1.2711 1.5235 0.1272 0.0472 0.0552 3.0317 -2.4330 0.5570
48 1.2718 1.5239 0.1308 0.0488 0.0563 2.4482 -2.4840 0.5915
49 1.2727 1.5245 0.1296 0.0508 0.0577 2.6302 -2.5980 0.6191
50 1.2740 1.5251 0.1284 0.0537 0.0592 1.9221 -2.6100 0.6066
51 1.2651 1.5470 0.1290 0.0360 0.1035 2.7692 -2.7320 0.6765
52 1.2653 1.5470 0.1278 0.0367 0.1038 3.0714 -2.8330 0.6749
53 1.2658 1.5470 0.1290 0.0378 0.1043 2.8423 -2.8390 0.6651
54 1.2665 1.5471 0.1284 0.0393 0.1050 3.0718 -2.8990 0.6785
55 1.2673 1.5473 0.1302 0.0411 0.1059 2.7673 -2.7680 0.6529
56 1.2681 1.5477 0.1302 0.0428 0.1071 2.8029 -2.7530 0.6478
57 1.2688 1.5480 0.1278 0.0445 0.1083 2.1746 -2.7910 0.6674
58 1.2699 1.5485 0.1290 0.0468 0.1098 2.8947 -2.9420 0.6983
59 1.2712 1.5492 0.1272 0.0496 0.1115 3.3902 -2.9860 0.7085
60 1.2727 1.5499 0.1290 0.0528 0.1134 3.2088 -3.0650 0.7154
61 1.3172 1.4350 0.1290 0.1425 -0.1169 3.0559 -3.1020 0.7263
62 1.3176 1.4351 0.1302 0.1440 -0.1174 3.1269 -3.1440 0.7241
63 1.3183 1.4352 0.1272 0.1460 -0.1179 3.2853 -3.1550 0.7372
64 1.3192 1.4352 0.1302 0.1486 -0.1185 3.1382 -3.2680 0.7757
65 1.3203 1.4351 0.1266 0.1515 -0.1193 3.4288 -3.3350 0.7835
66 1.3216 1.4351 0.1296 0.1548 -0.1201 2.3911 -3.4050 0.7902
67 1.3227 1.4349 0.1260 0.1577 -0.1210 3.6878 -3.4900 0.7967
68 1.3243 1.4348 0.1290 0.1617 -0.1219 3.4223 -3.5980 0.8412
69 1.3261 1.4348 0.1207 0.1661 -0.1224 4.3400 -3.5260 0.8176
70 1.3283 1.4349 0.1302 0.1711 -0.1229 3.4100 -3.4820 0.8149
71 1.2521 1.5780 0.1284 0.0188 0.1641 3.5969 -3.5040 0.8078
72 1.2522 1.5782 0.1296 0.0192 0.1652 3.4271 -3.4560 0.7869
73 1.2524 1.5786 0.1302 0.0196 0.1668 3.3306 -3.4860 0.8229
74 1.2527 1.5792 0.1284 0.0202 0.1687 3.6453 -3.5110 0.8169
75 1.2532 1.5799 0.1278 0.0211 0.1711 2.8634 -3.5430 0.8222
76 1.2538 1.5810 0.1272 0.0223 0.1740 3.8638 -3.5800 0.8300
77 1.2544 1.5820 0.1278 0.0237 0.1768 3.8212 -3.6370 0.8605
78 1.2554 1.5833 0.1296 0.0258 0.1803 3.6987 -3.6660 0.8309
79 1.2567 1.5848 0.1284 0.0283 0.1841 3.8813 -3.6100 0.8367
80 1.2581 1.5864 0.1315 0.0312 0.1881 3.4909 -3.4340 0.7820
81 1.2671 1.5430 0.1278 0.0494 0.1019 3.7170 -3.4130 0.7777
82 1.2673 1.5435 0.1284 0.0500 0.1032 4.1029 -3.3710 0.7835
83 1.2677 1.5441 0.1278 0.0510 0.1049 3.9087 -3.2030 2.0640
84 1.2683 1.5449 0.1302 0.0523 0.1069 3.8340 -33.0940 20.7410
85 1.2690 1.5457 0.1254 0.0540 0.1089 4.1492 -3.0070 0.7025
86 1.2700 1.5458 0.1296 0.0561 0.1096 3.9804 -3.0220 0.6983
87 1.2708 1.5460 0.1266 0.0580 0.1105 4.1907 -3.0050 0.6994
88 1.2719 1.5463 0.1296 0.0604 0.1115 4.0445 -2.9590 0.6901
89 1.2730 1.5466 0.1248 0.0628 0.1126 3.5918 -2.9660 0.6872
90 1.2742 1.5469 0.1278 0.0655 0.1137 4.3961 -2.7990 0.6402
91 1.2710 1.5721 0.1296 0.0593 0.1648 3.9042 -2.7029 0.6253
92 1.2712 1.5723 0.1207 0.0598 0.1659 5.3184 -2.5260 0.5706
93 1.2714 1.5725 0.1272 0.0606 0.1670 4.3882 -2.3670 0.5472
94 1.2718 1.5724 0.1302 0.0616 0.1676 4.1206 -2.3320 0.5559
95 1.2725 1.5726 0.1266 0.0632 0.1687 4.6538 -2.2160 0.5318
96 1.2735 1.5731 0.1302 0.0654 0.1705 3.3607 -2.0710 0.4773
97 1.2741 1.5736 0.1284 0.0669 0.1723 4.3735 -2.0090 0.4617
98 1.2756 1.5746 0.1290 0.0700 0.1749 3.6231 -11.8880 2.6788
99 1.2774 1.5757 0.1272 0.0738 0.1779 4.4704 -1.7530 0.3923
100 1.2792 1.5773 0.1296 0.0779 0.1819 4.7004 -1.6430 0.3990
101 1.2671 1.5541 0.1284 0.0538 0.1360 4.5097 -1.6910 0.4342
102 1.2673 1.5544 0.1278 0.0543 0.1370 4.6784 -1.7000 0.3921
103 1.2677 1.5547 0.1290 0.0553 0.1383 4.5697 -1.7000 0.4184
104 1.2684 1.5552 0.1302 0.0570 0.1398 4.4585 -1.9040 0.4784
105 1.2694 1.5560 0.1201 0.0591 0.1421 4.8814 -2.0380 0.4869
106 1.2704 1.5574 0.1284 0.0614 0.1453 4.7513 -2.1270 0.5067
107 1.2716 1.5583 0.1284 0.0639 0.1477 4.7196 -2.3240 0.5559
108 1.2732 1.5595 0.1284 0.0673 0.1508 5.1197 2.3750 -0.4983
109 1.2748 1.5609 0.1290 0.0709 0.1542 4.5985 -2.0000 0.4784
110 1.2768 1.5622 0.1308 0.0750 0.1573 4.7782 -2.6900 0.6471
111 1.2741 1.5459 0.1290 0.0699 0.1251 4.9668 -2.5170 0.5735
112 1.2743 1.5456 0.1278 0.0706 0.1250 4.4290 -2.4330 0.5757
113 1.2747 1.5449 0.1272 0.0717 0.1242 4.8950 -2.1600 0.5002
114 1.2752 1.5444 0.1302 0.0730 0.1236 4.9899 -2.2460 0.5376
115 1.2759 1.5441 0.1178 0.0745 0.1234 6.1029 -2.2600 0.5372
116 1.2767 1.5438 0.1290 0.0764 0.1232 5.1492 -2.3260 0.5594
117 1.2774 1.5435 0.1278 0.0781 0.1232 4.1374 -2.4190 0.5939
118 1.2785 1.5429 0.1296 0.0806 0.1222 5.1423 -2.6030 0.6353
119 1.2801 1.5423 0.1272 0.0840 0.1216 5.4089 -2.6970 0.6206
120 1.2818 1.5413 0.1302 0.0877 0.1200 5.2028 -2.6900 0.6258
121 1.2780 1.5440 0.1284 0.0804 0.1258 5.2680 -2.6610 0.6322
122 1.2776 1.5443 0.1201 0.0799 0.1267 6.3669 -2.6510 0.6255
123 1.2770 1.5449 0.1260 0.0790 0.1286 5.7534 -2.5490 0.5970
124 1.2781 1.5485 0.1308 0.0814 0.1362 5.0863 -2.6090 0.6278
125 1.2801 1.5512 0.1284 0.0857 0.1421 5.3547 -2.5820 0.6075
126 1.2848 1.5535 0.1284 0.0955 0.1472 5.3314 -2.8260 0.6525
127 1.2891 1.5556 0.1278 0.1046 0.1520 5.4931 -2.9020 0.7094
128 1.2979 1.5578 0.1290 0.1226 0.1569 5.7477 -3.1090 0.7052
129 1.3083 1.5586 0.1207 0.1440 0.1591 6.3615 -3.0550 0.7123
130 1.3202 1.5600 0.1315 0.1684 0.1626 5.5275 -3.1390 0.7586
131 1.2724 1.5502 0.1284 0.0730 0.1434 5.5565 -3.1480 0.7593
132 1.2727 1.5508 0.1272 0.0740 0.1451 5.4384 -3.2260 0.8002
133 1.2733 1.5513 0.1266 0.0753 0.1466 4.9601 -3.3480 0.7784
134 1.2743 1.5532 0.1272 0.0776 0.1511 5.8732 -3.6120 0.8452
135 1.2754 1.5554 0.1266 0.0800 0.1559 5.9216 -3.6880 0.8581
136 1.2756 1.5577 0.1224 0.0807 0.1611 6.6259 -3.9170 0.9214
137 1.2760 1.5582 0.1272 0.0819 0.1626 5.9612 -4.0560 0.9360
138 1.2769 1.5613 0.1302 0.0838 0.1696 5.7540 -4.2210 0.9727
139 1.2766 1.5646 0.1266 0.0835 0.1768 6.2260 -4.3530 1.0239
140 1.2761 1.5665 0.1308 0.0827 0.1811 5.7528 -4.4070 1.0021
141 1.1952 1.6536 0.1296 -0.0796 0.3570 5.8082 -4.3730 1.0065
142 1.1932 1.6535 0.1290 -0.0841 0.3583 5.9168 -4.1270 0.9446
143 1.1912 1.6531 0.1260 -0.0888 0.3590 6.3157 -3.9930 0.9175
144 1.1910 1.6530 0.1296 -0.0897 0.3603 6.0984 -4.0960 0.9564
145 1.1923 1.6538 0.1290 -0.0878 0.3636 5.6047 -4.1500 0.9702
146 1.1933 1.6546 0.1302 -0.0863 0.3666 6.0971 -4.2090 0.9713
147 1.1935 1.6553 0.1207 -0.0865 0.3696 7.0325 -4.2550 0.9914
148 1.1938 1.6569 0.1272 -0.0864 0.3744 6.6492 -4.3260 3.0535
149 1.1919 1.6555 0.1201 -0.0907 0.3732 6.2874 -3.5020 0.8127
150 1.1887 1.6515 0.1290 -0.0979 0.3666 6.3215 -4.3400 0.9992
151 1.2580 1.5419 0.1278 0.0409 0.1478 6.1936 -4.4000 1.0410
152 1.2571 1.5397 0.1201 0.0392 0.1438 7.2182 -4.3440 0.9974
153 1.2573 1.5401 0.1284 0.0397 0.1450 6.3157 -4.3320 1.0281
154 1.2547 1.5421 0.1290 0.0346 0.1495 6.3396 -4.2500 1.0094
155 1.2549 1.5482 0.1284 0.0350 0.1621 6.5086 -4.1200 0.9288
156 1.2608 1.5559 0.1290 0.0468 0.1781 5.7542 4.2250 -4.6238
157 1.2677 1.5642 0.1189 0.0609 0.1954 7.6531 -4.2169 0.9718
158 1.2775 1.5744 0.1296 0.0807 0.2164 5.6297 -4.2320 0.9547
159 1.2877 1.5870 0.1296 0.1014 0.2427 6.4404 -4.3430 1.0305
160 1.2977 1.6035 0.1278 0.1219 0.2766 6.8155 -4.1610 0.9393
161 1.2576 1.5561 0.1218 0.0418 0.1824 7.4391 -4.0730 0.9135
162 1.2521 1.5535 0.1266 0.0308 0.1777 7.0861 -4.1710 0.9967
163 1.2473 1.5511 0.1278 0.0212 0.1735 6.4959 -4.2070 0.9415
164 1.2386 1.5481 0.1296 0.0036 0.1679 6.7363 -4.3710 1.0123
165 1.2279 1.5415 0.1272 -0.0180 0.1550 6.7010 -4.3550 1.0270
166 1.2178 1.5296 0.1290 -0.0385 0.1316 6.8809 -4.4720 1.0370
167 1.2078 1.5148 0.1201 -0.0589 0.1022 6.7966 -4.4850 1.0448
168 1.1973 1.4939 0.1321 -0.0804 0.0604 6.5799 -4.3270 1.0021
169 1.1902 1.4703 0.1266 -0.0952 0.0129 7.2720 -4.3100 0.9676
170 1.1864 1.4475 0.1302 -0.1033 -0.0332 5.9773 -4.2150 0.9842
171 1.2726 1.5720 0.1272 0.0691 0.2164 7.1443 -4.1280 0.9360
172 1.2705 1.5725 0.1290 0.0651 0.2180 7.0838 -4.3560 1.0152
173 1.2669 1.5730 0.1183 0.0583 0.2199 8.3419 -4.2770 1.0007
174 1.2613 1.5753 0.1296 0.0471 0.2251 7.0236 -4.1070 0.9224
175 1.2544 1.5793 0.1296 0.0334 0.2341 6.9384 -4.1770 0.9718
176 1.2447 1.5828 0.1284 0.0140 0.2419 7.1800 -4.1930 0.9878
177 1.2377 1.5870 0.1284 -0.0001 0.2511 7.0807 -4.1980 0.9711
178 1.2219 1.5963 0.1296 -0.0320 0.2706 7.2133 -4.1540 0.9711
179 1.2040 1.6081 0.1260 -0.0684 0.2952 7.8060 -3.9240 0.8630
180 1.1825 1.6204 0.1290 -0.1121 0.3212 7.2969 -3.9310 0.9228
181 1.2524 1.5464 0.1242 0.0277 0.1737 7.7820 -3.9200 0.9591
182 1.2460 1.5464 0.1308 0.0149 0.1740 6.9617 -3.8870 0.4177
183 1.2375 1.5468 0.1278 -0.0021 0.1753 7.4835 -3.8500 0.8759
184 1.2289 1.5469 0.1284 -0.0197 0.1760 6.6141 -3.8900 0.9208
185 1.2221 1.5473 0.1284 -0.0335 0.1772 7.6053 -4.0770 1.0839
186 1.2132 1.5454 0.1296 -0.0517 0.1739 7.6778 -3.6660 0.8483
187 1.2075 1.5452 0.1272 -0.0634 0.1739 7.8067 -3.7040 0.8599
188 1.1964 1.5454 0.1284 -0.0863 0.1748 7.8192 -3.7610 0.8458
189 1.1863 1.5467 0.1201 -0.1071 0.1780 8.6120 -3.9200 0.9190
190 1.1716 1.5505 0.1284 -0.1372 0.1860 7.7093 -3.7470 0.8592
191 1.2651 1.5466 0.1278 0.0499 0.1787 7.5696 -3.5770 0.7862
192 1.2682 1.5419 0.1290 0.0563 0.1696 7.5807 -3.7200 0.8768
193 1.2703 1.5359 0.1260 0.0606 0.1580 8.2214 -3.7710 0.8930
194 1.2696 1.5320 0.1189 0.0595 0.1506 9.0472 -3.8130 0.8854
195 1.2693 1.5323 0.1272 0.0591 0.1516 7.9673 -4.0140 0.9115
196 1.2653 1.5333 0.1315 0.0513 0.1539 7.6134 -4.0870 0.9967
197 1.2614 1.5299 0.1272 0.0436 0.1474 7.8505 -4.0130 0.8783
198 1.2596 1.5175 0.1302 0.0401 0.1228 7.7634 -4.0580 0.9159
199 1.2577 1.5026 0.1272 0.0363 0.0929 7.9818 -4.1250 0.9513
200 1.2530 1.4920 0.1296 0.0269 0.0716 7.0738 -4.1420 0.9609
201 1.2663 1.5546 0.1278 0.0538 0.1974 7.8547 -4.1780 0.9863
202 1.2660 1.5526 0.1290 0.0532 0.1939 8.2914 -4.0100 0.9515
203 1.2689 1.5506 0.1302 0.0592 0.1905 7.9370 -3.6910 0.8240
204 1.2752 1.5492 0.1308 0.0722 0.1882 7.8985 -3.7400 0.8719
205 1.2821 1.5437 0.1290 0.0862 0.1776 7.2618 -3.9580 0.9658
206 1.2874 1.5387 0.1284 0.0972 0.1679 8.2639 -3.9970 0.9602
207 1.2895 1.5344 0.1296 0.1019 0.1598 8.0259 -4.0730 0.9562
208 1.2895 1.5254 0.1278 0.1022 0.1419 8.3407 -4.1230 0.9802
209 1.2911 1.5192 0.1284 0.1057 0.1297 8.2435 -4.0710 0.9157
210 1.2879 1.5068 0.1302 0.0997 0.1050 7.8797 -4.2190 0.9722
211 1.2606 1.5435 0.1278 0.0453 0.1788 8.4488 -4.2630 0.9860
212 1.2667 1.5428 0.1290 0.0578 0.1779 8.5214 -4.4050 1.0555
213 1.2707 1.5384 0.1178 0.0658 0.1695 9.5477 -4.3920 1.0081
214 1.2748 1.5323 0.1290 0.0743 0.1575 8.5948 -4.4550 1.0774
215 1.2770 1.5281 0.1290 0.0790 0.1494 8.2677 -4.6380 1.1060
216 1.2789 1.5227 0.1278 0.0831 0.1389 8.4419 -4.6390 5.1719
217 1.2819 1.5167 0.1272 0.0894 0.1271 9.2758 -4.7700 1.1416
218 1.2866 1.5050 0.1290 0.0992 0.1036 8.6637 -4.8910 1.1360
219 1.2919 1.4943 0.1278 0.1101 0.0823 8.7244 -4.8310 1.1098
220 1.3000 1.4839 0.1290 0.1269 0.0613 8.7360 -4.8580 1.0935
221 1.2586 1.5535 0.1290 0.0441 0.2011 8.6434 -4.9150 1.1307
222 1.2560 1.5492 0.1290 0.0390 0.1928 8.8014 -5.0140 1.1496
223 1.2572 1.5418 0.1266 0.0416 0.1785 8.5866 -4.9790 1.1311
224 1.2611 1.5313 0.1290 0.0494 0.1578 8.8737 -5.0680 1.1750
225 1.2624 1.5230 0.1284 0.0522 0.1414 8.7411 -5.2490 1.2477
226 1.2669 1.5108 0.1284 0.0614 0.1172 8.7770 -5.3480 1.2088
227 1.2713 1.5029 0.1266 0.0703 0.1014 9.2650 -6.8430 2.1912
228 1.2784 1.4893 0.1296 0.0847 0.0740 7.9848 -5.4640 1.2270
229 1.2879 1.4715 0.1266 0.1041 0.0382 9.2771 -5.6420 1.2849
230 1.2993 1.4523 0.1302 0.1274 -0.0008 8.9372 -5.6380 0.8990
231 1.2647 1.5410 0.1266 0.0584 0.1770 9.1607 -5.6200 1.2609
232 1.2670 1.5375 0.1284 0.0631 0.1706 9.3438 -5.1630 0.9482
233 1.2693 1.5326 0.1195 0.0680 0.1611 10.1474 -5.5740 1.2738
234 1.2678 1.5247 0.1302 0.0651 0.1455 8.8943 -5.7300 1.2965
235 1.2619 1.5158 0.1260 0.0534 0.1279 9.6202 -5.8320 1.3214
236 1.2616 1.5095 0.1272 0.0531 0.1153 9.5732 -5.8750 1.3728
237 1.2632 1.5058 0.1284 0.0563 0.1079 9.2746 -5.9440 1.4059
238 1.2639 1.4992 0.1201 0.0579 0.0947 10.4924 -5.9660 1.3232
239 1.2651 1.4931 0.1278 0.0603 0.0826 9.2987 -6.0280 1.3739
240 1.2692 1.4842 0.1321 0.0688 0.0646 9.1248 -5.8420 1.3241
241 1.1846 1.4364 0.1296 -0.1011 -0.0316 9.3261 -5.9320 1.3619
242 1.1885 1.4320 0.1296 -0.0938 -0.0411 9.3009 -6.0030 1.3990
243 1.1930 1.4303 0.1266 -0.0855 -0.0453 9.6402 -5.9950 1.4191
244 1.1963 1.4276 0.1296 -0.0793 -0.0513 9.3732 -5.8840 1.3272
245 1.2016 1.4228 0.1266 -0.0692 -0.0617 9.4715 -6.0210 1.3657
246 1.2049 1.4107 0.1296 -0.0631 -0.0868 9.4460 -6.0790 1.4324
247 1.2061 1.4008 0.1290 -0.0612 -0.1076 9.4878 -5.9067 1.3054
248 1.2086 1.3857 0.1302 -0.0566 -0.1389 9.5593 -5.7940 1.3227
249 1.2144 1.3716 0.1278 -0.0453 -0.1685 9.6444 -5.9830 1.3443
250 1.2204 1.3643 0.1302 -0.0336 -0.1844 9.3283 -5.9830 1.3835
251 1.2749 1.5315 0.1296 0.0757 0.1503 9.7321 -5.9330 1.3425
252 1.2682 1.5386 0.1207 0.0625 0.1650 10.6614 -6.0500 1.4193
253 1.2608 1.5519 0.1284 0.0477 0.1920 9.8294 -6.0030 1.3350
254 1.2559 1.5641 0.1284 0.0379 0.2171 9.6852 -6.2520 1.4540
255 1.2494 1.5774 0.1272 0.0250 0.2444 10.0475 -6.3740 1.4585
256 1.2412 1.5890 0.1278 0.0084 0.2684 10.2538 -6.3430 1.4364
257 1.2342 1.5993 0.1284 -0.0056 0.2900 10.0284 -6.4470 1.4876
258 1.2248 1.6152 0.1284 -0.0247 0.3230 9.7628 -6.5240 1.5047
259 1.2202 1.6324 0.1207 -0.0342 0.3587 10.9695 -6.7590 1.5370
260 1.2144 1.6505 0.1284 -0.0461 0.3965 10.1374 -6.7530 1.5508
261 1.2032 1.4421 0.1189 -0.0690 -0.0210 11.1251 -6.6950 1.4840
262 1.2029 1.4363 0.1278 -0.0702 -0.0332 10.2749 -6.6560 1.4878
263 1.2005 1.4255 0.1272 -0.0753 -0.0555 9.2592 -6.6930 1.5330
264 1.1998 1.4131 0.1290 -0.0773 -0.0812 10.2650 -6.7940 1.5408
265 1.1982 1.4021 0.1278 -0.0811 -0.1041 10.2045 -6.9010 1.5949
266 1.1970 1.3933 0.1207 -0.0840 -0.1228 11.2185 -6.9880 1.6084
267 1.1964 1.3874 0.1290 -0.0856 -0.1358 10.1245 -7.0890 1.6216
268 1.1951 1.3766 0.1308 -0.0889 -0.1585 9.3473 -7.1630 1.6572
269 1.1926 1.3643 0.1272 -0.0945 -0.1845 10.3549 -6.9810 1.5691
270 1.1866 1.3484 0.1296 -0.1070 -0.2178 10.4021 -6.9170 1.5561
271 1.2618 1.5500 0.1284 0.0435 0.1859 10.5763 -6.7690 1.4596
272 1.2559 1.5534 0.1278 0.0318 0.1931 10.7456 -6.7980 1.5212
273 1.2486 1.5535 0.1189 0.0172 0.1940 11.4264 -6.7730 1.5268
274 1.2453 1.5514 0.1284 0.0104 0.1902 10.6247 -7.0260 1.6133
275 1.2440 1.5462 0.1278 0.0078 0.1803 10.5529 -6.9900 1.6120
276 1.2435 1.5401 0.1272 0.0067 0.1685 10.7820 -6.9500 1.5817
277 1.2457 1.5388 0.1290 0.0111 0.1663 10.4650 -6.9020 1.5297
278 1.2541 1.5357 0.1296 0.0280 0.1604 10.7305 -6.7430 1.3915
279 1.2589 1.5286 0.1272 0.0376 0.1465 10.2773 -6.5870 1.5628
280 1.2623 1.5221 0.1272 0.0446 0.1339 10.8514 -6.6180 1.5047
281 1.2610 1.5583 0.1272 0.0421 0.2067 10.9408 -6.6430 1.4827
282 1.2603 1.5591 0.1278 0.0409 0.2089 10.7836 -6.5210 1.4845
283 1.2574 1.5620 0.1278 0.0351 0.2153 10.9406 -6.3000 1.2693
284 1.2557 1.5671 0.1290 0.0317 0.2261 10.0569 -7.0650 1.7128
285 1.2531 1.5720 0.1278 0.0266 0.2368 11.0129 -7.0490 1.6020
286 1.2498 1.5758 0.1284 0.0199 0.2452 11.2801 -7.1420 1.6618
287 1.2456 1.5785 0.1296 0.0114 0.2512 10.6776 -6.9080 1.5239
288 1.2434 1.5781 0.1290 0.0069 0.2512 11.2107 -7.0430 1.6029
289 1.2384 1.5765 0.1290 -0.0031 0.2488 10.6447 -6.9850 1.5775
290 1.2332 1.5826 0.1284 -0.0137 0.2619 10.9925 -7.1950 1.6443
291 1.3065 1.4286 0.1272 0.1335 -0.0468 11.2265 -6.8610 1.5637
292 1.3047 1.4242 0.1284 0.1304 -0.0563 11.1183 -7.1740 1.6351
293 1.3051 1.4199 0.1254 0.1317 -0.0657 11.4555 -7.0160 1.6347
294 1.3078 1.4160 0.1207 0.1379 -0.0744 12.1811 -7.1200 1.6076
295 1.3087 1.4157 0.1230 0.1401 -0.0758 11.9963 -7.0950 1.6060
296 1.3083 1.4175 0.1272 0.1400 -0.0732 11.2306 -7.2860 1.7202
297 1.3074 1.4194 0.1254 0.1388 -0.0702 11.6564 -7.1190 1.5757
298 1.3060 1.4158 0.1290 0.1366 -0.0781 11.1380 -7.4660 1.7460
299 1.3061 1.4143 0.1290 0.1373 -0.0819 11.4768 -7.5220 1.6797
300 1.3031 1.4118 0.1296 0.1317 -0.0879 11.2575 -7.4550 1.6821
301 1.1772 1.6614 0.1278 -0.1208 0.4129 11.5047 -7.7580 1.7780
302 1.1786 1.6654 0.1272 -0.1186 0.4226 11.4942 -7.6720 1.7335
303 1.1848 1.6706 0.1278 -0.1069 0.4347 11.5189 -7.7670 1.7542
304 1.1961 1.6818 0.1272 -0.0849 0.4590 11.3286 -7.9010 1.8214
305 1.1995 1.6927 0.1272 -0.0785 0.4826 11.7260 -7.7000 1.6934
306 1.2082 1.7015 0.1189 -0.0615 0.5022 12.5775 -7.7440 1.7607
307 1.2216 1.7116 0.1260 -0.0351 0.5245 11.6968 -7.8890 1.7911
308 1.2324 1.7264 0.1321 -0.0136 0.5564 11.3042 -7.6840 1.7851
309 1.2366 1.7331 0.1260 -0.0055 0.5722 11.8884 -7.4546 1.6923
310 1.2485 1.7436 0.1260 0.0184 0.5956 11.8055 0.0000 -3.0820
311 1.2707 1.5477 0.1248 0.0630 0.2042 12.0403 -7.9100 1.8279
312 1.2719 1.5503 0.1278 0.0657 0.2100 11.7170 -7.8060 1.7562
313 1.2656 1.5460 0.1160 0.0533 0.2019 13.0504 -7.5460 1.6779
314 1.2666 1.5463 0.1254 0.0553 0.2029 12.2618 -7.5720 1.6930
315 1.2767 1.5547 0.1272 0.0758 0.2202 11.7826 -7.7720 1.7673
316 1.2856 1.5633 0.1278 0.0940 0.2381 12.2896 -7.9080 1.8136
317 1.2862 1.5642 0.1278 0.0955 0.2404 11.7699 -7.7210 1.6705
318 1.2826 1.5603 0.1290 0.0887 0.2332 12.0816 -7.4780 1.7206
319 1.2830 1.5586 0.1260 0.0899 0.2306 12.0591 -7.6400 1.7437
320 1.2918 1.5628 0.1254 0.1078 0.2396 12.4073 -7.7870 -29.3812
321 1.2462 1.5552 0.1242 0.0165 0.2248 12.2887 -7.5950 1.6946
322 1.2334 1.5471 0.1266 -0.0091 0.2091 12.2180 -7.0740 1.5297
323 1.2283 1.5308 0.1236 -0.0197 0.1769 12.6734 -6.6770 1.4881
324 1.2331 1.5141 0.1296 -0.0101 0.1436 11.0482 -6.8380 1.5978
325 1.2410 1.5044 0.1260 0.0056 0.1243 12.3949 -7.1900 1.6708
326 1.2441 1.4957 0.1278 0.0117 0.1068 11.4487 -7.2050 1.5829
327 1.2411 1.4816 0.1178 0.0055 0.0784 13.4002 -6.7320 1.4763
328 1.2435 1.4603 0.1254 0.0104 0.0354 12.5792 -6.3300 1.4255
329 1.2560 1.4430 0.1272 0.0355 0.0003 12.2810 -6.5270 1.5165
330 1.2760 1.4325 0.1248 0.0756 -0.0215 12.9057 -6.9750 1.5926
331 1.2617 1.5429 0.1248 0.0471 0.1997 12.5765 -7.1420 1.6098
332 1.2573 1.5419 0.1278 0.0383 0.1983 12.5458 -6.8390 1.5317
333 1.2502 1.5365 0.1242 0.0242 0.1877 12.7157 -6.4630 1.4787
334 1.2501 1.5296 0.1272 0.0241 0.1742 12.5732 -6.4210 1.5041
335 1.2564 1.5303 0.1254 0.0368 0.1759 12.8262 -6.7690 1.5900
336 1.2660 1.5384 0.1213 0.0561 0.1925 13.6636 -7.2340 1.6957
337 1.2709 1.5461 0.1278 0.0662 0.2085 12.5454 -7.1890 1.6469
338 1.2721 1.5512 0.1272 0.0687 0.2191 12.8341 -6.6820 1.4469
339 1.2732 1.5504 0.1254 0.0711 0.2181 12.9075 -6.5270 1.5179
340 1.2825 1.5514 0.1302 0.0900 0.2205 12.8468 -6.6660 1.5328
341 1.2527 1.5651 0.1254 0.0306 0.2485 12.9808 -6.4090 1.4102
342 1.2402 1.5677 0.1278 0.0054 0.2545 12.9693 -5.9680 1.3294
343 1.2288 1.5626 0.1284 -0.0177 0.2450 12.9941 -5.7270 1.3078
344 1.2255 1.5607 0.1284 -0.0244 0.2418 12.9696 -5.6800 1.2960
345 1.2219 1.5632 0.1278 -0.0320 0.2473 12.2482 -5.5630 6.2628
346 1.2170 1.5613 0.1248 -0.0420 0.2441 13.2356 -5.2200 1.1950
347 1.2187 1.5545 0.1201 -0.0391 0.2310 13.1844 -5.1120 1.1763
348 1.2283 1.5405 0.1290 -0.0200 0.2035 13.0371 -4.7350 0.9972
349 1.2473 1.5186 0.1284 0.0180 0.1599 13.2082 -4.1420 0.9328
350 1.2624 1.5034 0.1284 0.0483 0.1295 13.1844 -4.5980 1.0997
351 1.1628 1.5484 0.1260 -0.1518 0.2200 12.5000 -4.6370 1.0225
352 1.1720 1.5479 0.1278 -0.1342 0.2194 12.6123 -4.5790 1.0710
353 1.1822 1.5523 0.1248 -0.1145 0.2287 13.6635 -4.7180 1.0588
354 1.1941 1.5533 0.1254 -0.0912 0.2313 13.5084 -4.2150 0.9602
355 1.2032 1.5480 0.1266 -0.0734 0.2212 13.3423 -3.9260 0.9008
356 1.2048 1.5402 0.1260 -0.0708 0.2061 13.6910 -3.7760 0.8652
357 1.2054 1.5333 0.1248 -0.0700 0.1925 13.5057 -3.8280 0.9934
358 1.2095 1.5265 0.1272 -0.0622 0.1793 13.4938 -3.8350 0.9015
359 1.2211 1.5132 0.1236 -0.0393 0.1528 13.8418 -3.6720 0.8167
360 1.2351 1.4999 0.1207 -0.0114 0.1261 14.5339 -3.8640 0.8826
361 1.2524 1.5332 0.1272 0.0232 0.1931 12.8297 -3.7710 0.8988
362 1.2574 1.5304 0.1308 0.0333 0.1878 13.0777 -3.8650 0.9633
363 1.2675 1.5252 0.1260 0.0537 0.1777 13.7559 -3.5600 0.8527
364 1.2814 1.5210 0.1296 0.0818 0.1695 13.7196 -3.0000 0.4415
365 1.2954 1.5152 0.1272 0.1101 0.1579 13.9858 -3.5000 0.6832
366 1.3070 1.5169 0.1266 0.1340 0.1616 13.8535 -3.5790 0.8053
367 1.3145 1.5204 0.1327 0.1496 0.1687 13.1530 -3.2640 0.7116
368 1.3206 1.5281 0.1290 0.1625 0.1844 13.9314 -3.0040 0.6689
369 1.3269 1.5370 0.1254 0.1758 0.2027 13.8009 -2.7220 0.6017
370 1.3343 1.5403 0.1284 0.1916 0.2096 13.8959 -2.4370 0.4680
371 1.2374 1.5420 0.1207 -0.0024 0.2135 14.8550 -2.4210 0.5721
372 1.2355 1.5420 0.1278 -0.0063 0.2139 14.1477 -0.6900 -0.3961
373 1.2314 1.5444 0.1260 -0.0148 0.2192 13.8606 -2.4240 0.5679
374 1.2268 1.5491 0.1266 -0.0241 0.2291 14.4865 -2.1580 0.4651
375 1.2211 1.5558 0.1248 -0.0358 0.2431 14.2562 -2.1180 0.5376
376 1.2151 1.5613 0.1260 -0.0481 0.2545 14.2695 -1.7540 0.4166
377 1.2139 1.5694 0.1278 -0.0509 0.2714 14.1430 -1.7350 0.3273
378 1.2195 1.5839 0.1278 -0.0400 0.3012 13.4098 -1.5720 0.4197
379 1.2280 1.5988 0.1278 -0.0233 0.3320 14.2767 -1.5530 0.3349
380 1.2400 1.6085 0.1284 0.0007 0.3525 14.5435 -1.9120 0.4135
381 1.1607 1.6198 0.1272 -0.1588 0.3763 14.2932 -2.1080 0.5118
382 1.1654 1.6126 0.1278 -0.1504 0.3631 14.4387 -2.1410 0.5663
383 1.1680 1.6060 0.1284 -0.1460 0.3510 14.2220 -1.9180 0.4504
384 1.1734 1.5999 0.1260 -0.1359 0.3398 14.8496 -1.7150 0.3914
385 1.1832 1.5897 0.1272 -0.1170 0.3202 14.3807 -1.9730 0.4876
386 1.1978 1.5809 0.1284 -0.0883 0.3035 14.4530 -2.1400 0.4744
387 1.2126 1.5755 0.1266 -0.0590 0.2935 14.4595 -2.4710 0.6936
388 1.2269 1.5631 0.1284 -0.0307 0.2694 14.7001 -2.7390 0.7359
389 1.2388 1.5478 0.1260 -0.0069 0.2391 14.7844 -2.2460 0.4896
390 1.2559 1.5332 0.1290 0.0272 0.2102 13.8640 -1.9610 0.4515
391 1.2254 1.4885 0.1284 -0.0340 0.1208 14.8026 -1.8830 0.3954
392 1.2190 1.4913 0.1284 -0.0471 0.1263 14.0023 -1.8280 0.4402
393 1.2107 1.4969 0.1278 -0.0641 0.1375 14.4072 -1.8680 0.4491
394 1.2052 1.5063 0.1290 -0.0755 0.1563 14.8392 -2.1160 0.5069
395 1.2018 1.5151 0.1172 -0.0829 0.1741 16.0551 -2.2760 0.5888
396 1.1993 1.5190 0.1230 -0.0883 0.1821 15.3226 -2.3380 0.5537
397 1.1989 1.5197 0.1248 -0.0897 0.1836 14.9588 -2.7810 0.6763
398 1.1983 1.5203 0.1284 -0.0914 0.1851 14.6227 -2.9330 0.7030
399 1.1922 1.5206 0.1242 -0.1040 0.1858 15.2241 -3.0340 0.7085
400 1.1810 1.5204 0.1272 -0.1272 0.1856 14.9614 -3.1720 0.6707
401 1.2416 1.4892 0.1254 -0.0061 0.1232 14.9090 -3.3650 0.8819
402 1.2412 1.4848 0.1195 -0.0070 0.1142 16.0735 -3.4310 0.7604
403 1.2404 1.4832 0.1248 -0.0087 0.1108 15.1750 -3.6060 0.8447
404 1.2409 1.4782 0.1284 -0.0078 0.1005 15.2598 -3.6630 0.8801
405 1.2428 1.4744 0.1278 -0.0040 0.0928 15.1871 -3.9150 0.8881
406 1.2485 1.4679 0.1290 0.0073 0.0794 14.3056 -3.7630 0.9104
407 1.2541 1.4641 0.1160 0.0186 0.0715 16.3096 -3.7180 0.8185
408 1.2682 1.4636 0.1302 0.0469 0.0700 15.2436 -3.9140 0.9044
409 1.2890 1.4626 0.1254 0.0890 0.0678 15.3174 -3.8580 0.8042
410 1.3103 1.4629 0.1296 0.1321 0.0679 15.3280 -4.2390 1.0604
411 1.2394 1.5051 0.1189 -0.0098 0.1525 16.5212 -4.2340 0.9987
412 1.2426 1.5072 0.1272 -0.0034 0.1567 15.6769 -4.1390 0.9807
413 1.2486 1.5131 0.1260 0.0086 0.1686 15.4355 -4.0630 0.9099
414 1.2518 1.5188 0.1248 0.0150 0.1802 15.9158 -3.9760 0.9021
415 1.2511 1.5249 0.1272 0.0137 0.1926 14.8326 -4.1050 0.9687
416 1.2477 1.5297 0.1290 0.0067 0.2026 15.4249 -3.8680 0.9048
417 1.2502 1.5390 0.1254 0.0118 0.2216 15.8956 -4.0930 1.0069
418 1.2547 1.5551 0.1296 0.0208 0.2543 15.3653 -4.1403 0.9353
419 1.2579 1.5724 0.1290 0.0274 0.2895 15.5368 -4.0100 0.9257
420 1.2568 1.5940 0.1284 0.0252 0.3338 15.7057 -3.7920 0.9182
421 1.2434 1.5046 0.1272 -0.0017 0.1550 15.5864 -3.9737 0.9176
422 1.2426 1.5083 0.1290 -0.0033 0.1625 15.3978 -3.8634 2.6125
423 1.2427 1.5093 0.1254 -0.0033 0.1645 15.8099 -4.1240 0.9622
424 1.2443 1.5059 0.1260 -0.0001 0.1578 16.1352 -3.9060 0.8812
425 1.2447 1.5032 0.1266 0.0007 0.1524 15.8591 -4.0980 0.9386
426 1.2431 1.4993 0.1272 -0.0026 0.1448 15.8843 -4.4170 1.0328
427 1.2438 1.4931 0.1364 -0.0013 0.1322 15.0503 -4.5240 0.9769
428 1.2473 1.4837 0.1260 0.0056 0.1132 16.2151 -4.9620 1.2373
429 1.2507 1.4763 0.1254 0.0125 0.0982 16.2038 -5.1660 1.2778
430 1.2529 1.4677 0.1195 0.0169 0.0806 16.8894 -4.7880 1.1060
431 1.2296 1.5262 0.1272 -0.0299 0.1979 16.3561 -4.8430 1.1155
432 1.2308 1.5226 0.1278 -0.0277 0.1910 16.0175 -4.5340 1.0673
433 1.2348 1.5162 0.1248 -0.0198 0.1783 16.0572 -3.9550 0.7817
434 1.2398 1.5078 0.1254 -0.0100 0.1616 15.6130 -3.9570 0.8939
435 1.2412 1.5022 0.1236 -0.0072 0.1504 16.2170 -3.7650 0.8886
436 1.2457 1.4956 0.1290 0.0018 0.1372 16.2032 -3.6070 0.8445
437 1.2487 1.4938 0.1284 0.0077 0.1336 15.4655 -3.3020 0.6703
438 1.2536 1.4903 0.1278 0.0176 0.1265 16.6503 -3.2200 0.6088
439 1.2581 1.4825 0.1189 0.0265 0.1106 17.4504 -3.4860 0.8443
440 1.2620 1.4750 0.1296 0.0346 0.0953 16.3224 -3.6100 0.8679
441 1.2210 1.5140 0.1189 -0.0477 0.1735 17.5162 -3.8030 0.9633
442 1.2214 1.5144 0.1248 -0.0471 0.1745 16.6061 -3.7000 0.8941
443 1.2178 1.5152 0.1254 -0.0547 0.1762 16.5119 -4.1280 0.9520
444 1.2174 1.5191 0.1248 -0.0559 0.1842 17.0419 -3.7980 0.8785
445 1.2141 1.5189 0.1260 -0.0628 0.1839 16.9363 -4.6590 1.0648
446 1.2136 1.5206 0.1290 -0.0643 0.1876 16.4894 -4.3610 1.0203
447 1.2102 1.5224 0.1266 -0.0714 0.1915 15.9783 -5.1100 1.1985
448 1.2064 1.5295 0.1272 -0.0794 0.2060 16.6529 -4.6660 1.1438
449 1.1991 1.5354 0.1266 -0.0945 0.2182 16.8824 -5.1020 1.1514
450 1.1942 1.5393 0.1302 -0.1048 0.2264 15.8285 -4.7770 1.1427
451 1.2175 1.5216 0.1248 -0.0586 0.1911 16.9851 -5.2750 1.2072
452 1.2183 1.5248 0.1278 -0.0573 0.1977 16.5948 -3.8460 0.4268
453 1.2179 1.5340 0.1224 -0.0584 0.2165 17.4571 -4.8230 0.9331
454 1.2243 1.5439 0.1260 -0.0458 0.2367 16.8857 -5.2000 1.2787
455 1.2320 1.5575 0.1236 -0.0307 0.2645 17.2096 -5.5980 1.1313
456 1.2384 1.5667 0.1278 -0.0180 0.2836 16.9249 -5.1690 -21.8842
457 1.2407 1.5735 0.1248 -0.0136 0.2979 17.0153 -5.0000 1.1460
458 1.2483 1.5775 0.1260 0.0016 0.3067 17.2077 -5.0080 1.1037
459 1.2587 1.5748 0.1236 0.0226 0.3019 17.5320 -4.8040 1.1705
460 1.2679 1.5754 0.1207 0.0412 0.3041 18.0445 -5.2860 1.1816
461 1.2338 1.4992 0.1236 -0.0272 0.1516 17.4880 -5.2400 1.2542
462 1.2386 1.4980 0.1272 -0.0176 0.1492 16.0990 -5.1550 1.0817
463 1.2437 1.4959 0.1254 -0.0076 0.1448 17.1714 -4.6570 1.1093
464 1.2515 1.4973 0.1242 0.0081 0.1477 16.5345 -4.3100 0.9840
465 1.2601 1.5015 0.1236 0.0254 0.1562 17.5823 -4.4220 0.9978
466 1.2675 1.5078 0.1242 0.0404 0.1688 17.6081 -4.4860 1.0325
467 1.2751 1.5126 0.1236 0.0557 0.1786 17.5306 -4.0370 0.8943
468 1.2765 1.5185 0.1266 0.0588 0.1904 17.3288 -3.3330 0.7252
469 1.2767 1.5175 0.1236 0.0594 0.1887 17.8443 -2.2000 0.3538
470 1.2813 1.5113 0.1242 0.0690 0.1764 17.5129 -2.6000 1.7691
471 1.2312 1.5200 0.1178 -0.0314 0.1940 18.2592 -3.3340 0.8194
472 1.2316 1.5148 0.1242 -0.0308 0.1837 17.5816 -7.4000 3.3580
473 1.2396 1.5060 0.1254 -0.0149 0.1662 17.8344 -2.8300 -1.0330
474 1.2480 1.5016 0.1242 0.0019 0.1574 17.5965 -5.5970 1.2789
475 1.2504 1.5016 0.1236 0.0067 0.1574 17.0071 -3.8820 0.8358
476 1.2484 1.5068 0.1201 0.0027 0.1679 18.2873 -4.4780 0.9849
477 1.2500 1.5100 0.1236 0.0059 0.1744 17.8939 -4.4060 1.0681
478 1.2540 1.5100 0.1284 0.0139 0.1745 17.4746 -5.1920 1.4220
479 1.2647 1.5086 0.1201 0.0355 0.1718 18.2748 -5.9600 1.3597
480 1.2781 1.5136 0.1260 0.0625 0.1820 17.8996 -6.4390 1.5517
481 1.2462 1.5265 0.1236 -0.0013 0.2080 17.9786 -9.6630 3.4628
482 1.2506 1.5293 0.1254 0.0075 0.2139 17.9215 -7.1020 1.5991
483 1.2578 1.5334 0.1132 0.0220 0.2223 19.1922 -7.0390 1.6812
484 1.2646 1.5363 0.1254 0.0358 0.2285 18.2382 -7.4610 1.7315
485 1.2726 1.5383 0.1248 0.0520 0.2329 18.1075 -7.6270 1.8276
486 1.2810 1.5424 0.1266 0.0691 0.2415 18.1091 -7.5060 1.7068
487 1.2882 1.5459 0.1254 0.0839 0.2491 18.3437 -7.3450 1.6536
488 1.2946 1.5538 0.1266 0.0971 0.2653 18.0568 -7.3660 1.7553
489 1.2982 1.5596 0.1248 0.1048 0.2775 17.4303 -6.6350 1.5699
490 1.3006 1.5634 0.1254 0.1101 0.2858 18.4564 -6.4280 1.5475
491 1.2294 1.5232 0.1260 -0.0325 0.2056 18.1750 -5.8670 1.2749
492 1.2276 1.5196 0.1166 -0.0364 0.1986 19.1645 -6.1090 1.5152
493 1.2228 1.5196 0.1248 -0.0461 0.1988 18.4553 -6.1810 1.5424
494 1.2166 1.5216 0.1195 -0.0590 0.2030 19.3092 -6.5750 1.6176
495 1.2058 1.5256 0.1272 -0.0810 0.2113 18.3618 -7.3670 1.6420
496 1.1977 1.5260 0.1254 -0.0976 0.2124 18.4348 -7.3890 1.6963
497 1.1942 1.5264 0.1272 -0.1053 0.2134 18.0631 -7.1610 1.5081
498 1.1893 1.5236 0.1278 -0.1157 0.2081 18.4453 -7.2130 1.6091
499 1.1856 1.5204 0.1278 -0.1237 0.2019 18.7837 -7.6710 1.7569
500 1.1808 1.5184 0.1358 -0.1341 0.1980 17.3781 -6.6810 1.4186
501 1.2280 1.5260 0.1364 -0.0398 0.2135 18.5552 -6.4880 1.4171
502 1.2300 1.5280 0.1434 -0.0360 0.2178 18.5772 -6.5630 1.4938
503 1.2348 1.5334 0.1486 -0.0266 0.2289 17.8494 -5.1260 1.0699
504 1.2376 1.5428 0.1440 -0.0211 0.2482 17.7853 -4.4100 0.7789
505 1.2496 1.5551 0.1421 0.0029 0.2732 18.3008 -4.1640 0.9640
506 1.2620 1.5725 0.1383 0.0278 0.3088 18.8514 -4.9220 1.1647
507 1.2772 1.5888 0.1315 0.0585 0.3424 19.0053 -4.9910 1.2455
508 1.2987 1.6142 0.1272 0.1021 0.3942 19.1214 -5.2680 1.1313
509 1.3249 1.6436 0.1278 0.1551 0.4544 18.7818 -5.5940 1.4300
510 1.3451 1.6772 0.1278 0.1966 0.5234 18.8788 -5.7790 1.2998
511 1.1440 1.4362 0.1284 -0.2068 0.0408 18.7760 -5.9950 1.5067
512 1.1458 1.4342 0.1308 -0.2043 0.0362 18.8830 -5.4510 0.9963
513 1.1512 1.4310 0.1308 -0.1944 0.0291 18.8568 -6.7890 1.6113
514 1.1565 1.4338 0.1352 -0.1847 0.0340 18.8036 -6.0010 1.1329
515 1.1592 1.4338 0.1315 -0.1802 0.0333 19.2198 -5.8330 1.2985
516 1.1616 1.4318 0.1333 -0.1764 0.0287 17.8845 -6.1640 1.4807
517 1.1620 1.4354 0.1260 -0.1764 0.0353 19.2676 -5.7820 1.2938
518 1.1535 1.4335 0.1266 -0.1943 0.0308 18.4037 -5.4550 1.2054
519 1.1391 1.4336 0.1290 -0.2243 0.0303 19.5882 -6.4700 1.6071
520 1.1242 1.4421 0.1315 -0.2553 0.0467 19.0231 -61.0000 30.0000
521 1.1070 1.4920 0.1260 -0.2912 0.1464 19.7670 -6.2920 1.6035
522 1.1057 1.4900 0.1383 -0.2952 0.1423 19.2577 -6.2880 1.3494
523 1.0952 1.4980 0.1408 -0.3177 0.1583 17.9286 -6.8820 1.7237
524 1.0843 1.5096 0.1447 -0.3412 0.1816 18.9359 -5.5600 1.2159
525 1.0783 1.5165 0.1440 -0.3549 0.1956 19.0361 -5.1940 1.0281
526 1.0766 1.5278 0.1447 -0.3600 0.2185 19.2455 -5.9080 1.3472
527 1.0794 1.5394 0.1512 -0.3561 0.2420 18.8073 -5.1160 1.0766
528 1.0758 1.5551 0.1473 -0.3652 0.2740 20.1800 -5.2620 1.1856
529 1.0693 1.5681 0.1566 -0.3800 0.3008 19.1500 -5.3330 1.2784
530 1.0625 1.5836 0.1512 -0.3955 0.3326 19.6117 -5.2500 1.1380
531 1.2670 1.5060 0.1607 0.0138 0.1774 19.0410 -4.6370 0.9700
532 1.2570 1.4952 0.1614 -0.0062 0.1557 18.7006 -4.0120 2.6494
533 1.2450 1.4776 0.1663 -0.0302 0.1203 18.6182 -2.9370 0.5254
534 1.2338 1.4596 0.1677 -0.0528 0.0839 18.5346 -2.6380 0.6462
535 1.2302 1.4436 0.1580 -0.0601 0.0513 19.9357 -2.4980 0.5479
536 1.2335 1.4246 0.1580 -0.0538 0.0126 18.8442 -2.2900 0.4206
537 1.2374 1.4106 0.1499 -0.0462 -0.0162 19.2948 -1.2740 0.1620
538 1.2358 1.3966 0.1506 -0.0495 -0.0453 19.0437 -0.9400 0.0307
539 1.2322 1.3782 0.1370 -0.0568 -0.0834 19.6644 0.0840 -0.0633
540 1.2210 1.3634 0.1408 -0.0794 -0.1144 19.1128 -1.0380 0.4767
541 1.2438 1.4850 0.1284 -0.0339 0.1287 20.3180 -3.5830 1.3532
542 1.2418 1.4838 0.1352 -0.0380 0.1262 19.3550 -6.9230 1.9207
543 1.2490 1.4794 0.1370 -0.0236 0.1171 18.9178 -9.6200 2.2645
544 1.2629 1.4735 0.1546 0.0043 0.1050 18.6741 -10.5790 2.4249
545 1.2788 1.4640 0.1685 0.0364 0.0857 19.1577 -10.8250 2.5242
546 1.2927 1.4581 0.1900 0.0646 0.0734 18.5910 -10.6600 2.2765
547 1.3046 1.4528 0.2178 0.0890 0.0625 18.2907 -8.7810 1.5410
548 1.3149 1.4505 0.2449 0.1102 0.0573 17.0907 -7.2450 1.4640
549 1.3220 1.4468 0.2412 0.1252 0.0494 16.2451 -5.9220 1.1282
550 1.3280 1.4364 0.2212 0.1380 0.0280 18.7083 -4.4480 0.7388
551 1.1017 1.4518 0.2019 -0.3162 0.0583 19.4544 -3.4200 0.7708
552 1.1035 1.4538 0.1685 -0.3141 0.0618 18.4119 -1.6320 0.4237
553 1.0992 1.4475 0.1415 -0.3241 0.0486 19.6037 -0.9690 0.3465
554 1.0935 1.4469 0.1160 -0.3372 0.0470 21.4438 -1.6370 0.3977
555 1.0844 1.4444 0.1166 -0.3570 0.0414 20.7533 -1.2710 0.3046
556 1.0725 1.4398 0.1290 -0.3825 0.0317 19.7182 -0.9340 0.0218
557 1.0622 1.4392 0.1278 -0.4051 0.0298 19.9454 -0.2010 0.0470
558 1.0415 1.4410 0.1254 -0.4485 0.0329 20.2712 2.5880 -0.7471
559 1.0203 1.4464 0.1166 -0.4931 0.0431 20.9482 4.4020 -1.0450
560 1.0024 1.4486 0.1272 -0.5315 0.0470 20.0709 5.7090 -1.3434
count posx posy posz xout yout zout heading hd_out
1 0.0000 0.0000 0.0000 0.0000 0.0000 0.0000 0.0000 0.0000
2 0.0001 0.0001 0.1358 0.0002 0.0003 0.0000 -5.5460 1.2587
3 0.0006 0.0005 0.1302 0.0012 0.0011 0.0000 -5.5200 1.2617
4 0.0013 0.0012 0.1352 0.0027 0.0023 0.0000 6.0000 -4.2379
5 0.0024 0.0021 0.1321 0.0048 0.0042 0.0000 -5.6250 1.2940
6 0.0035 0.0032 0.1327 0.0072 0.0065 0.0000 -5.6740 1.2960
7 0.0047 0.0046 0.1302 0.0096 0.0094 0.0000 -5.8820 1.3672
8 0.0044 0.0063 0.1352 0.0090 0.0128 0.0000 -5.9850 1.3608
9 0.0040 0.0082 0.1339 0.0082 0.0167 0.0000 -6.2190 1.4409
10 0.0037 0.0099 0.1358 0.0076 0.0201 0.0000 -6.3230 1.4578
11 1.3751 1.4821 0.1321 0.2517 -0.0356 1.4471 -6.3560 1.4335
12 1.3753 1.4826 0.1327 0.2534 -0.0348 1.2847 -6.3720 1.4536
13 1.3756 1.4835 0.1321 0.2552 -0.0331 1.2701 -6.3040 1.4473
14 1.3761 1.4847 0.1272 0.2575 -0.0308 2.0727 -6.1860 1.4059
15 1.3768 1.4863 0.1321 0.2602 -0.0278 1.8932 -6.1940 1.4220
16 1.3777 1.4883 0.1358 0.2632 -0.0241 1.4801 -6.1630 1.3982
17 1.3787 1.4907 0.1339 0.2665 -0.0193 0.6995 -6.1660 1.3935
18 1.3797 1.4936 0.1345 0.2698 -0.0136 1.5723 -6.1600 1.4024
19 1.3808 1.4970 0.1266 0.2732 -0.0068 2.4968 -6.2740 1.4451
20 1.3815 1.4992 0.1327 0.2760 -0.0023 1.8483 -6.2570 1.4329
21 1.4710 1.4462 0.1302 0.4573 -0.1090 1.6788 -6.2630 1.4217
22 1.4713 1.4468 0.1333 0.4600 -0.1082 1.5893 -6.2280 1.4175
23 1.4716 1.4479 0.1308 0.4629 -0.1066 1.8579 -6.1950 1.4084
24 1.4719 1.4494 0.1260 0.4657 -0.1040 2.5960 -6.1650 1.4008
25 1.4724 1.4514 0.1333 0.4688 -0.1006 1.8774 -6.2310 1.4342
26 1.4730 1.4537 0.1308 0.4724 -0.0963 2.2069 -6.3800 1.4558
27 1.4737 1.4565 0.1339 0.4760 -0.0912 1.7481 -66.3720 30.0000
28 1.4745 1.4596 0.1333 0.4798 -0.0854 2.2288 -6.4110 1.4324
29 1.4754 1.4631 0.1260 0.4838 -0.0788 2.7667 -6.4760 1.5039
30 1.4762 1.4662 0.1327 0.4876 -0.0730 2.1142 -6.3650 1.4168
31 1.4511 1.4910 0.1327 0.4395 -0.0235 2.1419 -6.3790 1.4484
32 1.4514 1.4910 0.1308 0.4421 -0.0234 1.3083 -6.3940 1.4531
33 1.4498 1.4914 0.1290 0.4409 -0.0228 2.1622 -6.3610 1.4711
34 1.4483 1.4921 0.1333 0.4400 -0.0214 2.1721 -6.4040 1.4576
35 1.4471 1.4932 0.1327 0.4395 -0.0194 2.0333 -6.4090 1.4524
36 1.4461 1.4946 0.1321 0.4394 -0.0167 2.5120 -6.3760 1.4433
37 1.4450 1.4962 0.1333 0.4392 -0.0134 1.1856 -6.3280 1.4335
38 1.4442 1.4978 0.1339 0.4395 -0.0103 2.4139 -6.2990 1.4444
39 1.4433 1.5001 0.1302 0.4396 -0.0057 2.5811 -6.3340 1.4616
40 1.4428 1.5021 0.1352 0.4406 -0.0016 2.0170 -6.2840 1.4068
41 1.3411 1.4971 0.1327 0.2381 -0.0116 2.2200 -6.2900 1.4269
42 1.3417 1.4974 0.1315 0.2403 -0.0111 1.4410 -6.2400 1.4126
43 1.3427 1.4980 0.1308 0.2432 -0.0100 2.4489 -6.2990 1.4378
44 1.3438 1.4989 0.1345 0.2463 -0.0082 2.2234 -6.2790 1.4151
45 1.3451 1.5001 0.1333 0.2498 -0.0057 2.5290 -6.3580 1.4553
46 1.3464 1.5016 0.1339 0.2535 -0.0027 2.6122 -6.3730 1.4489
47 1.3480 1.5035 0.1345 0.2577 0.0011 1.6558 -6.2610 1.4102
48 1.3498 1.5057 0.1339 0.2621 0.0056 2.5547 -6.1770 1.4097
49 1.3516 1.5082 0.1321 0.2669 0.0106 2.7495 -6.1040 1.3837
50 1.3533 1.5104 0.1327 0.2712 0.0151 1.9130 -6.0990 1.3990
51 1.3731 1.4911 0.1339 0.3120 -0.0235 2.4580 -6.0010 1.3706
52 1.3734 1.4915 0.1236 0.3139 -0.0229 3.7911 -6.0010 1.3688
53 1.3740 1.4922 0.1290 0.3163 -0.0214 3.0544 -5.9810 1.3634
54 1.3747 1.4935 0.1364 0.3190 -0.0190 2.5085 -5.9290 1.4235
55 1.3757 1.4952 0.1321 0.3223 -0.0157 2.6935 -5.9560 1.3588
56 1.3769 1.4972 0.1272 0.3260 -0.0116 3.7430 -5.9760 6.6661
57 1.3784 1.4996 0.1321 0.3303 -0.0069 3.1920 -5.8780 1.3241
58 1.3801 1.5023 0.1333 0.3349 -0.0014 2.7678 -5.8810 1.3421
59 1.3820 1.5054 0.1339 0.3400 0.0048 2.7271 -5.9360 1.3654
60 1.3836 1.5080 0.1345 0.3446 0.0101 2.8643 -5.8890 1.3572
61 1.4529 1.4691 0.1333 0.4851 -0.0679 2.9780 -5.9320 1.3668
62 1.4529 1.4694 0.1327 0.4872 -0.0676 2.4703 -5.8310 1.3309
63 1.4531 1.4700 0.1308 0.4896 -0.0668 3.0291 -5.8220 1.3503
64 1.4534 1.4708 0.1370 0.4924 -0.0656 1.9559 -5.7470 1.2940
65 1.4540 1.4718 0.1308 0.4956 -0.0638 3.1569 -5.6480 1.2836
66 1.4548 1.4731 0.1254 0.4993 -0.0615 4.2753 -5.5560 1.2617
67 1.4559 1.4748 0.1321 0.5034 -0.0583 3.5707 -5.6660 1.3165
68 1.4571 1.4768 0.1315 0.5080 -0.0545 3.3680 -5.4940 1.2341
69 1.4586 1.4792 0.1327 0.5129 -0.0500 3.2549 -5.2390 1.1743
70 1.4597 1.4813 0.1333 0.5173 -0.0459 3.0859 -5.0390 1.1120
71 1.3871 1.4932 0.1315 0.3735 -0.0221 2.3814 -5.1260 1.1687
72 1.3871 1.4938 0.1315 0.3748 -0.0210 3.4383 -5.1120 1.1572
73 1.3872 1.4948 0.1327 0.3764 -0.0191 3.2640 -5.0750 1.1538
74 1.3875 1.4961 0.1358 0.3783 -0.0166 3.2964 -4.9870 1.1231
75 1.3878 1.4976 0.1218 0.3805 -0.0135 4.4510 -4.9200 1.1322
76 1.3882 1.4996 0.1345 0.3825 -0.0096 3.3279 -4.8790 1.1000
77 1.3886 1.5018 0.1308 0.3847 -0.0051 3.6830 -4.8320 1.1153
78 1.3892 1.5043 0.1345 0.3873 -0.0002 2.4873 -4.8510 1.1258
79 1.3901 1.5070 0.1321 0.3905 0.0054 3.7889 -4.8420 1.1069
80 1.3910 1.5094 0.1315 0.3937 0.0103 3.7667 -4.8780 1.1336
81 1.3821 1.5002 0.1345 0.3772 -0.0082 2.5175 -4.8310 1.1124
82 1.3823 1.5007 0.1315 0.3789 -0.0071 4.0138 -4.7780 1.0708
83 1.3827 1.5017 0.1333 0.3812 -0.0051 3.7637 -4.5880 1.0543
84 1.3832 1.5031 0.1339 0.3835 -0.0022 3.7860 -4.4880 1.0268
85 1.3840 1.5050 0.1352 0.3865 0.0015 3.1184 -4.4610 1.0199
86 1.3851 1.5072 0.1321 0.3899 0.0060 3.8907 -4.5270 1.0492
87 1.3865 1.5097 0.1327 0.3940 0.0112 3.7893 -4.4870 1.0323
88 1.3882 1.5127 0.1327 0.3988 0.0173 3.9466 -4.5640 1.0886
89 1.3900 1.5162 0.1302 0.4040 0.0245 4.2134 -4.5660 1.0530
90 1.3917 1.5193 0.1345 0.4087 0.0307 3.7846 -4.6070 1.0706
91 1.3610 1.4892 0.1302 0.3485 -0.0296 4.0225 -4.5700 1.0499
92 1.3611 1.4897 0.1315 0.3498 -0.0287 3.1298 -4.6230 1.0577
93 1.3614 1.4903 0.1333 0.3514 -0.0274 3.7839 -4.6580 1.0868
94 1.3619 1.4910 0.1321 0.3536 -0.0262 4.2120 -4.6650 1.0755
95 1.3624 1.4917 0.1302 0.3556 -0.0249 4.2687 -4.6630 1.0675
96 1.3635 1.4931 0.1345 0.3590 -0.0222 4.0318 -4.5230 1.0399
97 1.3648 1.4946 0.1296 0.3628 -0.0191 4.2269 -4.3310 0.9856
98 1.3666 1.4966 0.1352 0.3675 -0.0153 3.8400 -4.3410 0.9994
99 1.3687 1.4988 0.1296 0.3730 -0.0108 4.5395 -4.3990 1.0332
100 1.3707 1.5008 0.1339 0.3781 -0.0068 3.3247 -4.5220 1.0624
101 1.3622 1.4854 0.1242 0.3622 -0.0378 5.2448 -4.6350 1.0670
102 1.3630 1.4859 0.1321 0.3649 -0.0369 4.3974 -4.7340 1.0819
103 1.3639 1.4865 0.1236 0.3678 -0.0358 5.1414 -4.7940 1.1189
104 1.3649 1.4875 0.1333 0.3711 -0.0340 4.3801 -4.7780 1.0784
105 1.3661 1.4888 0.1321 0.3747 -0.0315 4.5625 -4.8650 1.1200
106 1.3676 1.4906 0.1352 0.3787 -0.0279 4.2860 -4.9870 1.1654
107 1.3691 1.4927 0.1315 0.3830 -0.0238 4.5801 -5.0040 1.1442
108 1.3707 1.4951 0.1333 0.3874 -0.0191 4.3930 -5.0540 1.1722
109 1.3726 1.4977 0.1315 0.3924 -0.0139 4.6491 -5.0620 1.1647
110 1.3744 1.5001 0.1308 0.3972 -0.0091 4.6885 -5.0400 1.1620
111 1.3831 1.4953 0.1321 0.4161 -0.0189 4.5696 -5.0740 1.1736
112 1.3838 1.4956 0.1364 0.4187 -0.0183 4.2596 -4.9930 1.1391
113 1.3852 1.4958 0.1358 0.4229 -0.0179 3.4000 -5.0200 1.1603
114 1.3867 1.4959 0.1260 0.4273 -0.0177 5.5782 -5.0470 1.1480
115 1.3881 1.4952 0.1308 0.4313 -0.0192 4.9079 -4.9850 1.1227
116 1.3898 1.4950 0.1321 0.4362 -0.0197 4.7330 -4.9560 1.1184
117 1.3921 1.4952 0.1333 0.4423 -0.0193 4.6202 -4.8140 1.0868
118 1.3946 1.4955 0.1308 0.4486 -0.0188 5.0109 -4.9330 1.1365
119 1.3975 1.4959 0.1236 0.4559 -0.0180 5.7909 -4.9830 1.1565
120 1.3999 1.4963 0.1345 0.4623 -0.0172 4.9381 -4.8760 1.1131
121 1.4451 1.4921 0.1327 0.5546 -0.0256 4.6343 0.0000 -2.1492
122 1.4454 1.4924 0.1339 0.5573 -0.0251 5.1363 -5.0840 1.1710
123 1.4462 1.4933 0.1296 0.5607 -0.0235 5.0712 -5.0400 1.1402
124 1.4469 1.4946 0.1339 0.5642 -0.0207 4.1669 -5.1280 1.1736
125 1.4482 1.4961 0.1290 0.5686 -0.0178 5.1514 -5.1600 1.1977
126 1.4492 1.4978 0.1327 0.5727 -0.0144 5.2356 -5.0000 1.1158
127 1.4500 1.4999 0.1290 0.5763 -0.0102 5.2820 -4.8070 1.0773
128 1.4513 1.5026 0.1242 0.5809 -0.0048 6.3845 -4.8620 1.1069
129 1.4532 1.5053 0.1333 0.5868 0.0005 5.2027 -4.7040 1.0739
130 1.4555 1.5070 0.1327 0.5934 0.0041 5.5519 -4.7060 1.0806
131 1.4503 1.4811 0.1327 0.5850 -0.0480 5.1463 -4.6260 1.0499
132 1.4514 1.4811 0.1302 0.5892 -0.0482 5.6595 -4.5700 1.0508
133 1.4528 1.4815 0.1352 0.5940 -0.0476 4.1927 -4.5680 1.0579
134 1.4546 1.4822 0.1321 0.5996 -0.0463 5.4450 -4.5900 1.0552
135 1.4564 1.4832 0.1339 0.6052 -0.0446 5.1963 -4.9440 1.2003
136 1.4579 1.4847 0.1302 0.6104 -0.0415 5.6731 -4.8770 1.1236
137 1.4598 1.4879 0.1352 0.6163 -0.0354 5.1794 -4.9530 1.1908
138 1.4617 1.4912 0.1308 0.6222 -0.0289 5.6699 -4.9930 1.1445
139 1.4637 1.4954 0.1230 0.6284 -0.0206 6.5214 -5.0900 1.2034
140 1.4637 1.4998 0.1345 0.6306 -0.0117 5.5354 -5.3630 1.2241
141 1.3709 1.4678 0.1321 0.4462 -0.0760 5.7352 -5.3970 1.2419
142 1.3713 1.4674 0.1339 0.4481 -0.0771 4.9364 -5.4540 1.2346
143 1.3729 1.4682 0.1327 0.4526 -0.0759 5.4834 -5.5890 1.2602
144 1.3761 1.4677 0.1339 0.4603 -0.0771 5.7997 -5.5570 1.2495
145 1.3789 1.4663 0.1308 0.4670 -0.0804 5.7103 -5.4550 1.2477
146 1.3814 1.4639 0.1352 0.4734 -0.0856 5.4096 -5.3470 1.2210
147 1.3837 1.4622 0.1321 0.4793 -0.0892 5.8771 -5.1770 1.1645
148 1.3855 1.4603 0.1254 0.4844 -0.0935 6.7109 -5.0910 1.1636
149 1.3870 1.4578 0.1302 0.4888 -0.0988 6.2884 -4.8510 1.0888
150 1.3877 1.4566 0.1327 0.4914 -0.1017 6.2080 -4.6980 1.0837
151 1.4468 1.4761 0.1364 0.6116 -0.0629 5.5388 -4.5400 1.0325
152 1.4469 1.4758 0.1339 0.6138 -0.0637 5.9889 -4.3830 0.9980
153 1.4483 1.4751 0.1308 0.6185 -0.0654 6.0229 -4.3590 1.0034
154 1.4503 1.4753 0.1333 0.6245 -0.0653 6.2553 -0.3450 0.1102
155 1.4532 1.4755 0.1321 0.6324 -0.0651 5.8223 -4.3480 1.0138
156 1.4571 1.4765 0.1339 0.6423 -0.0633 5.9396 -4.2560 0.9805
157 1.4611 1.4772 0.1302 0.6524 -0.0621 6.1713 -4.2860 0.9871
158 1.4644 1.4763 0.1333 0.6611 -0.0641 6.3286 -4.2790 0.9749
159 1.4669 1.4759 0.1321 0.6682 -0.0652 6.4490 -4.3550 1.0003
160 1.4719 1.4743 0.1358 0.6805 -0.0688 5.7224 -4.3860 1.0575
161 1.4637 1.4784 0.1315 0.6662 -0.0607 6.1475 -4.2730 0.9798
162 1.4667 1.4727 0.1296 0.6745 -0.0724 6.5851 -4.1120 0.9484
163 1.4730 1.4634 0.1321 0.6892 -0.0913 6.3263 -4.0860 0.9475
164 1.4750 1.4548 0.1333 0.6956 -0.1091 6.3978 -4.0620 4.5623
165 1.4760 1.4497 0.1327 0.6998 -0.1197 6.3835 -4.0380 0.9320
166 1.4801 1.4406 0.1333 0.7103 -0.1386 6.3433 -3.9010 1.1859
167 1.4860 1.4299 0.1333 0.7243 -0.1607 6.4400 -4.9850 1.5860
168 1.4912 1.4220 0.1308 0.7372 -0.1772 7.0164 -0.7750 0.2058
169 1.4949 1.4194 0.1339 0.7471 -0.1831 6.3106 -3.9680 0.9093
170 1.4951 1.4171 0.1278 0.7500 -0.1887 7.1332 -4.1650 0.9896
171 1.4462 1.4745 0.1333 0.6542 -0.0741 6.3777 -4.1480 0.9564
172 1.4480 1.4759 0.1327 0.6597 -0.0714 6.7327 -4.1670 0.9994
173 1.4529 1.4723 0.1315 0.6716 -0.0790 5.8257 -4.0050 0.8886
174 1.4596 1.4719 0.1333 0.6870 -0.0800 6.7272 -4.0270 0.9264
175 1.4689 1.4752 0.1296 0.7078 -0.0738 5.9375 -3.9210 0.9041
176 1.4782 1.4744 0.1315 0.7287 -0.0755 6.8335 -4.0010 0.9108
177 1.4813 1.4749 0.1333 0.7372 -0.0748 6.4631 -4.2190 1.0087
178 1.4849 1.4767 0.1327 0.7468 -0.0715 7.1268 -4.2620 0.9489
179 1.4902 1.4709 0.1339 0.7597 -0.0833 6.8876 -4.3120 1.0526
180 1.4961 1.4616 0.1321 0.7741 -0.1023 7.0745 -4.2900 0.9551
181 1.4388 1.4660 0.1302 0.6612 -0.0939 7.2604 -4.3410 1.0328
182 1.4415 1.4700 0.1308 0.6687 -0.0863 6.9761 -4.2690 0.9629
183 1.4449 1.4727 0.1333 0.6774 -0.0812 6.9612 -4.4640 1.0290
184 1.4493 1.4803 0.1296 0.6882 -0.0660 7.4370 -4.6150 1.0795
185 1.4521 1.4906 0.1315 0.6958 -0.0456 6.9442 -4.5920 1.0152
186 1.4566 1.4998 0.1308 0.7068 -0.0271 6.3316 -4.6390 1.0951
187 1.4599 1.5111 0.1315 0.7156 -0.0045 7.3197 -4.5480 1.0201
188 1.4593 1.5268 0.1315 0.7164 0.0272 7.1689 -4.7230 1.1013
189 1.4603 1.5377 0.1315 0.7205 0.0493 7.2028 -4.5780 1.0374
190 1.4600 1.5460 0.1333 0.7221 0.0665 7.3791 -4.6630 2.8686
191 1.4461 1.4738 0.1321 0.6962 -0.0782 7.4295 -4.5960 1.0463
192 1.4381 1.4804 0.1327 0.6820 -0.0652 7.3279 -4.8430 1.1102
193 1.4260 1.4922 0.1308 0.6597 -0.0416 7.1556 -5.0610 1.1979
194 1.4113 1.5076 0.1339 0.6318 -0.0107 7.1258 -5.2020 1.1821
195 1.3946 1.5285 0.1302 0.5999 0.0312 7.3587 -5.3530 1.2357
196 1.3811 1.5417 0.1321 0.5742 0.0581 7.4785 -5.2490 1.1988
197 1.3649 1.5517 0.1302 0.5430 0.0787 7.9806 -5.2180 1.1625
198 1.3510 1.5645 0.1333 0.5162 0.1048 7.2760 -5.1000 1.1683
199 1.3365 1.5779 0.1327 0.4881 0.1325 7.6922 -5.1920 1.1652
200 1.3231 1.5874 0.1321 0.4620 0.1523 7.4244 -5.2190 1.2192
201 1.4611 1.4564 0.1302 0.7401 -0.1100 7.7952 -5.1130 1.1231
202 1.4599 1.4563 0.1302 0.7398 -0.1108 7.7070 -0.1580 0.0685
203 1.4566 1.4553 0.1308 0.7352 -0.1132 7.5464 -5.2470 1.2308
204 1.4537 1.4523 0.1321 0.7315 -0.1197 7.6166 -5.4870 0.8761
205 1.4487 1.4481 0.1302 0.7235 -0.1285 7.9950 -5.5030 1.2580
206 1.4513 1.4519 0.1345 0.7307 -0.1214 7.5730 -5.6710 1.2856
207 1.4542 1.4559 0.1315 0.7386 -0.1139 7.7323 -5.8790 1.3830
208 1.4583 1.4582 0.1327 0.7489 -0.1098 8.1130 -5.9610 1.3479
209 1.4621 1.4600 0.1248 0.7585 -0.1066 8.7216 -6.2130 1.4489
210 1.4650 1.4605 0.1333 0.7665 -0.1060 7.7900 -6.4060 1.4825
211 1.4544 1.4733 0.1302 0.7474 -0.0806 8.1242 -6.4590 1.4707
212 1.4580 1.4732 0.1333 0.7565 -0.0811 7.7904 -6.5460 1.5234
213 1.4623 1.4734 0.1284 0.7674 -0.0810 8.1086 -6.6460 1.4869
214 1.4644 1.4742 0.1345 0.7737 -0.0796 7.0453 -6.7370 1.5415
215 1.4657 1.4718 0.1284 0.7784 -0.0847 8.4216 -6.9050 1.5966
216 1.4687 1.4691 0.1345 0.7865 -0.0904 7.9042 -6.7890 1.5152
217 1.4719 1.4685 0.1321 0.7952 -0.0918 7.8674 -6.8400 1.5817
218 1.4748 1.4682 0.1358 0.8033 -0.0928 7.8236 -6.8670 1.5762
219 1.4783 1.4689 0.1290 0.8126 -0.0918 8.7942 -7.0970 1.6340
220 1.4814 1.4692 0.1345 0.8211 -0.0914 7.8504 -7.2090 1.6149
221 1.3661 1.4970 0.1308 0.5916 -0.0358 8.1998 -7.3250 1.7061
222 1.3684 1.4912 0.1236 0.5974 -0.0476 9.0421 -7.2010 1.6505
223 1.3693 1.4861 0.1345 0.6004 -0.0579 8.1330 -7.1620 1.5915
224 1.3687 1.4813 0.1218 0.6004 -0.0678 9.4465 -7.0930 1.6029
225 1.3697 1.4759 0.1308 0.6037 -0.0788 8.4619 -7.0020 1.5782
226 1.3710 1.4693 0.1352 0.6073 -0.0922 8.3405 -7.1520 1.6828
227 1.3723 1.4615 0.1315 0.6111 -0.1081 8.4488 -7.1480 1.6107
228 1.3747 1.4520 0.1315 0.6172 -0.1277 8.7908 -7.1380 1.6231
229 1.3799 1.4344 0.1321 0.6290 -0.1636 8.1386 -7.0680 1.6129
230 1.3875 1.4135 0.1302 0.6456 -0.2061 8.8828 -6.8660 1.5105
231 1.4463 1.4752 0.1224 0.7650 -0.0831 9.4800 -6.8210 1.5570
232 1.4468 1.4674 0.1333 0.7680 -0.0990 8.3309 -6.6460 1.4682
233 1.4466 1.4600 0.1315 0.7696 -0.1143 8.5271 -6.6310 1.5352
234 1.4488 1.4494 0.1339 0.7760 -0.1358 8.6958 -6.6830 1.4983
235 1.4546 1.4353 0.1327 0.7897 -0.1647 8.3875 -6.8270 1.5975
236 1.4580 1.4200 0.1333 0.7986 -0.1962 8.7159 -6.8080 1.5185
237 1.4642 1.4049 0.1327 0.8132 -0.2272 8.6394 -7.0040 1.6151
238 1.4725 1.3902 0.1315 0.8320 -0.2579 8.9444 -6.8740 1.5363
239 1.4830 1.3751 0.1213 0.8553 -0.2893 9.8376 -6.9510 1.5882
240 1.4951 1.3574 0.1352 0.8819 -0.3260 8.6857 -6.8950 1.5490
241 1.3886 1.4828 0.1327 0.6702 -0.0754 8.7026 -6.7130 1.5357
242 1.3848 1.4783 0.1345 0.6640 -0.0847 8.7526 -6.9350 1.5650
243 1.3810 1.4733 0.1308 0.6578 -0.0948 9.2924 -7.0960 1.6191
244 1.3792 1.4678 0.1345 0.6555 -0.1063 8.1501 -6.9930 1.5544
245 1.3786 1.4664 0.1333 0.6556 -0.1093 8.6976 -7.0740 1.6067
246 1.3783 1.4711 0.1339 0.6562 -0.1003 8.9028 -7.2370 1.6581
247 1.3771 1.4757 0.1290 0.6550 -0.0912 9.2820 -7.3430 1.6656
248 1.3747 1.4781 0.1333 0.6515 -0.0867 8.9849 -7.2710 1.6523
249 1.3735 1.4848 0.1290 0.6504 -0.0735 9.5958 -7.5250 1.7342
250 1.3714 1.4921 0.1321 0.6473 -0.0589 8.2841 -7.4910 1.6897
251 1.3878 1.4682 0.1308 0.6816 -0.1071 9.4254 -7.5990 1.7235
252 1.3901 1.4683 0.1321 0.6876 -0.1073 9.0671 -7.4410 5.0009
253 1.3883 1.4605 0.1308 0.6853 -0.1231 9.3105 -7.1630 1.5958
254 1.3868 1.4478 0.1308 0.6836 -0.1492 9.4671 -7.3280 1.6641
255 1.3880 1.4303 0.1302 0.6875 -0.1849 9.4534 -7.3070 1.6420
256 1.3883 1.4155 0.1266 0.6894 -0.2152 10.0464 -7.3690 2.1196
257 1.3858 1.4039 0.1302 0.6859 -0.2395 9.5231 -7.3560 1.6516
258 1.3836 1.3951 0.1236 0.6828 -0.2581 10.5977 -7.3670 1.6866
259 1.3795 1.3901 0.1308 0.6759 -0.2692 9.5194 -7.3900 1.6476
260 1.3791 1.3863 0.1242 0.6763 -0.2780 10.5285 -7.6570 1.7640
261 1.3784 1.4802 0.1236 0.6763 -0.0904 10.6895 -7.7660 1.7615
262 1.3813 1.4761 0.1339 0.6834 -0.0987 9.4869 -7.7120 1.7615
263 1.3886 1.4659 0.1308 0.6993 -0.1196 9.5840 -7.7710 1.7773
264 1.3930 1.4562 0.1339 0.7096 -0.1393 9.6170 -7.8670 1.8174
265 1.3980 1.4472 0.1302 0.7211 -0.1578 8.9462 -7.7120 1.7246
266 1.4031 1.4386 0.1321 0.7329 -0.1757 9.6021 -7.8740 1.7651
267 1.4066 1.4242 0.1296 0.7414 -0.2051 9.2077 -7.8150 1.7818
268 1.4080 1.4080 0.1315 0.7458 -0.2386 9.6841 -7.7810 1.7818
269 1.4076 1.3915 0.1315 0.7466 -0.2727 8.8805 -7.7880 1.7700
270 1.4101 1.3840 0.1327 0.7531 -0.2888 9.7150 -7.7730 1.7360
271 1.3918 1.4840 0.1230 0.7180 -0.0889 10.7809 -7.8040 1.7718
272 1.3905 1.4749 0.1339 0.7167 -0.1074 9.5687 -7.8280 1.7691
273 1.3909 1.4688 0.1345 0.7190 -0.1199 9.8366 -7.7150 1.7724
274 1.3902 1.4556 0.1352 0.7190 -0.1467 9.6115 -7.7600 1.7655
275 1.3885 1.4429 0.1321 0.7168 -0.1727 9.9553 -7.8570 1.7818
276 1.3862 1.4271 0.1333 0.7138 -0.2050 10.0880 -8.0050 1.8365
277 1.3863 1.4120 0.1230 0.7152 -0.2362 11.0490 -8.1960 1.8927
278 1.3875 1.3983 0.1308 0.7190 -0.2645 10.4520 -8.1860 1.8586
279 1.3843 1.3827 0.1308 0.7139 -0.2970 10.2412 0.0000 -3.5979
280 1.3803 1.3704 0.1315 0.7074 -0.3228 10.5659 -8.2390 1.8592
281 1.3686 1.5072 0.1230 0.6851 -0.0491 11.0593 -8.2980 1.9035
282 1.3620 1.5102 0.1339 0.6730 -0.0431 9.9616 -8.1530 1.8552
283 1.3506 1.5101 0.1327 0.6511 -0.0431 10.0830 -8.0830 1.8192
284 1.3380 1.5092 0.1302 0.6268 -0.0448 10.2900 -7.9740 1.8145
285 1.3274 1.5090 0.1308 0.6064 -0.0452 10.3121 -7.9630 1.7943
286 1.3129 1.5065 0.1315 0.5781 -0.0500 10.2724 -7.8580 1.7798
287 1.2997 1.5019 0.1308 0.5521 -0.0592 10.4424 -7.9730 1.8517
288 1.2845 1.4969 0.1321 0.5222 -0.0693 10.3906 -8.1320 1.8635
289 1.2714 1.4886 0.1315 0.4961 -0.0860 10.5604 -8.2440 1.8679
290 1.2626 1.4828 0.1321 0.4786 -0.0978 10.5687 -8.2850 1.8868
291 1.4472 1.4764 0.1296 0.8498 -0.1108 10.8349 -8.2700 1.8523
292 1.4461 1.4773 0.1308 0.8495 -0.1093 9.6432 -8.2630 1.8494
293 1.4437 1.4799 0.1308 0.8468 -0.1043 10.5152 -8.1320 1.8150
294 1.4410 1.4780 0.1315 0.8432 -0.1083 10.4160 -8.1810 1.8686
295 1.4349 1.4793 0.1296 0.8329 -0.1058 10.6708 -8.2540 1.8884
296 1.4281 1.4806 0.1296 0.8210 -0.1035 11.0107 -8.3620 1.9262
297 1.4219 1.4815 0.1296 0.8104 -0.1019 10.8017 -8.3420 1.9173
298 1.4148 1.4812 0.1308 0.7978 -0.1027 10.9341 -8.4540 1.9204
299 1.4057 1.4842 0.1302 0.7812 -0.0967 10.0723 -8.5190 1.8966
300 1.3921 1.4883 0.1345 0.7554 -0.0887 10.6775 -8.7620 1.9925
301 1.4558 1.4675 0.1321 0.8848 -0.1306 10.0334 -8.7850 1.9727
302 1.4545 1.4677 0.1248 0.8842 -0.1307 11.6018 -9.1200 2.1025
303 1.4493 1.4719 0.1308 0.8758 -0.1225 10.9117 -9.2270 2.0867
304 1.4400 1.4827 0.1213 0.8592 -0.1010 12.1586 -9.5820 2.2159
305 1.4303 1.5028 0.1296 0.8416 -0.0609 11.1890 -9.5740 2.1790
306 1.4219 1.5216 0.1236 0.8264 -0.0230 12.3144 -9.6870 2.1890
307 1.4159 1.5404 0.1333 0.8163 0.0150 9.8587 0.3790 -4.6438
308 1.4064 1.5556 0.1248 0.7988 0.0460 11.9954 -9.1690 2.0359
309 1.3965 1.5688 0.1327 0.7804 0.0730 11.0236 -8.8670 2.0065
310 1.3814 1.5804 0.1333 0.7514 0.0971 11.0993 -8.6850 2.0310
311 1.4454 1.4865 0.1308 0.8815 -0.0909 11.3603 -8.8060 2.0517
312 1.4426 1.4827 0.1308 0.8778 -0.0987 11.2103 -8.8540 2.0223
313 1.4434 1.4824 0.1296 0.8813 -0.0994 10.5534 -8.8810 2.0043
314 1.4469 1.4850 0.1333 0.8904 -0.0944 11.2297 -8.8520 1.9729
315 1.4541 1.4871 0.1315 0.9068 -0.0903 10.2851 -8.8250 2.0577
316 1.4585 1.4945 0.1321 0.9176 -0.0756 11.3859 -8.6170 1.9763
317 1.4585 1.5046 0.1308 0.9196 -0.0553 10.6632 -8.7010 1.8815
318 1.4548 1.5155 0.1345 0.9144 -0.0333 11.3425 -8.6080 2.0023
319 1.4508 1.5226 0.1290 0.9084 -0.0190 11.7930 -8.8690 2.0511
320 1.4455 1.5271 0.1339 0.8997 -0.0097 11.1633 -8.8350 2.0141
321 1.4530 1.4660 0.1308 0.9168 -0.1322 11.3778 -8.6610 1.9607
322 1.4462 1.4724 0.1352 0.9051 -0.1197 11.2534 -8.6750 1.9776
323 1.4408 1.4752 0.1321 0.8962 -0.1143 11.7202 -8.5620 1.9876
324 1.4374 1.4776 0.1315 0.8913 -0.1097 11.5830 -8.6350 1.9830
325 1.4360 1.4796 0.1333 0.8903 -0.1059 11.7034 -8.6790 1.9781
326 1.4318 1.4812 0.1308 0.8837 -0.1029 11.7258 -8.6520 1.3961
327 1.4264 1.4832 0.1321 0.8747 -0.0990 11.5513 0.0000 0.0334
328 1.4200 1.4864 0.1333 0.8637 -0.0928 11.5597 -8.9510 2.0853
329 1.4162 1.4913 0.1230 0.8576 -0.0832 12.8283 -8.9770 2.0430
330 1.4152 1.4964 0.1352 0.8573 -0.0729 11.6454 -8.7220 1.9276
331 1.4668 1.4645 0.1296 0.9627 -0.1372 12.0370 -8.5720 1.9591
332 1.4668 1.4683 0.1333 0.9649 -0.1298 11.6916 -8.6180 2.0041
333 1.4718 1.4701 0.1339 0.9770 -0.1264 11.5300 -8.9040 2.1114
334 1.4766 1.4700 0.1296 0.9890 -0.1271 12.2652 -8.6870 1.9162
335 1.4867 1.4648 0.1296 1.0116 -0.1378 12.1771 -8.7040 2.0264
336 1.4948 1.4555 0.1315 1.0303 -0.1568 12.1145 -8.6210 1.9523
337 1.4986 1.4525 0.1236 1.0402 -0.1633 13.2134 -8.6890 1.9469
338 1.4995 1.4531 0.1327 1.0445 -0.1625 12.1583 -8.6370 1.9144
339 1.5040 1.4517 0.1266 1.0561 -0.1658 12.9231 -8.8030 1.9643
340 1.5124 1.4456 0.1333 1.0756 -0.1785 12.0842 -8.8260 2.3650
341 1.3963 1.5026 0.1302 0.8448 -0.0646 12.4797 -8.9490 2.0248
342 1.3896 1.5081 0.1302 0.8328 -0.0534 12.2710 -8.9640 2.0717
343 1.3866 1.5141 0.1308 0.8282 -0.0414 12.0501 -8.8550 1.9807
344 1.3855 1.5236 0.1290 0.8273 -0.0220 12.7318 -8.8500 2.0134
345 1.3892 1.5392 0.1296 0.8361 0.0095 12.3879 -8.6500 1.9111
346 1.3981 1.5495 0.1296 0.8554 0.0307 12.8518 -8.7590 2.0141
347 1.4075 1.5571 0.1333 0.8758 0.0463 12.3210 -8.9500 2.0602
348 1.4204 1.5586 0.1345 0.9032 0.0500 11.2404 -8.7560 1.9498
349 1.4342 1.5558 0.1315 0.9328 0.0448 12.6726 -8.9900 1.9912
350 1.4485 1.5518 0.1339 0.9633 0.0375 12.2806 -9.0440 2.1042
351 1.4520 1.4684 0.1284 0.9724 -0.1297 12.7865 -9.1910 2.0849
352 1.4536 1.4658 0.1302 0.9776 -0.1352 12.0003 -9.3190 2.1258
353 1.4541 1.4688 0.1302 0.9807 -0.1297 12.4560 -9.1370 2.0568
354 1.4583 1.4735 0.1339 0.9910 -0.1204 11.3323 -9.2580 2.1122
355 1.4577 1.4801 0.1308 0.9919 -0.1074 12.9956 -9.1330 2.0230
356 1.4564 1.4904 0.1327 0.9914 -0.0869 12.5007 -9.2240 2.0709
357 1.4528 1.5011 0.1302 0.9863 -0.0656 13.1372 -9.2590 2.1089
358 1.4499 1.5138 0.1333 0.9824 -0.0401 12.4950 -9.0130 2.0404
359 1.4507 1.5252 0.1296 0.9861 -0.0168 12.9712 -8.6670 1.8579
360 1.4532 1.5335 0.1315 0.9931 -0.0001 13.0246 -8.5980 1.9333
361 1.3908 1.4822 0.1308 0.8697 -0.1028 12.9408 -8.5490 2.0052
362 1.3955 1.4768 0.1315 0.8805 -0.1139 12.7809 -8.7350 2.0215
363 1.4010 1.4683 0.1308 0.8931 -0.1310 13.0735 -8.4270 1.8016
364 1.4052 1.4563 0.1242 0.9030 -0.1555 13.7817 -88.4290 19.7114
365 1.4099 1.4424 0.1315 0.9141 -0.1838 13.1930 -8.3580 1.8261
366 1.4133 1.4333 0.1321 0.9224 -0.2027 12.9071 -8.3570 1.9300
367 1.4208 1.4254 0.1321 0.9391 -0.2193 13.0024 -6.5810 1.4978
368 1.4289 1.4124 0.1308 0.9572 -0.2461 13.0008 -8.1620 1.7820
369 1.4390 1.4024 0.1290 0.9792 -0.2672 13.4385 -8.2740 1.9876
370 1.4481 1.3934 0.1315 0.9995 -0.2862 13.1118 -8.0500 1.7455
371 1.3786 1.4694 0.1315 0.8617 -0.1346 12.3591 -8.3440 1.9578
372 1.3822 1.4674 0.1207 0.8702 -0.1389 14.2285 -8.1840 1.9142
373 1.3880 1.4634 0.1296 0.8832 -0.1473 13.3714 -7.9700 1.9080
374 1.3934 1.4574 0.1207 0.8955 -0.1597 14.4207 -8.0000 1.9000
375 1.3921 1.4494 0.1302 0.8942 -0.1762 13.4911 -7.9660 1.8750
376 1.3887 1.4394 0.1213 0.8889 -0.1968 14.6654 -8.1520 1.9227
377 1.3818 1.4312 0.1296 0.8763 -0.2139 13.5125 -8.1970 1.8726
378 1.3752 1.4238 0.1321 0.8644 -0.2294 13.2535 -8.0030 1.8988
379 1.3706 1.4185 0.1290 0.8565 -0.2408 13.7161 -7.9490 1.7751
380 1.3665 1.4157 0.1098 0.8494 -0.2474 16.1155 -7.7680 1.6708
381 1.3934 1.5116 0.1327 0.9046 -0.0554 13.3339 -8.0650 1.9322
382 1.3873 1.5138 0.1308 0.8938 -0.0509 13.5905 -7.7600 1.7949
383 1.3879 1.5180 0.1284 0.8963 -0.0422 13.1362 -7.1720 1.6178
384 1.3903 1.5186 0.1308 0.9026 -0.0409 13.7230 -6.7050 1.5682
385 1.3915 1.5177 0.1315 0.9065 -0.0425 12.6061 -6.2480 1.4068
386 1.3929 1.5140 0.1315 0.9105 -0.0499 13.7196 -6.0850 1.3283
387 1.3941 1.5106 0.1296 0.9145 -0.0565 12.9546 -6.1590 1.3385
388 1.3924 1.5096 0.1315 0.9126 -0.0584 13.8510 -6.2300 1.1215
389 1.3912 1.5066 0.1290 0.9115 -0.0643 14.0568 -5.3260 3.5890
390 1.3936 1.5039 0.1242 0.9177 -0.0697 14.6010 -6.3100 1.4375
391 1.3726 1.5288 0.1213 0.8769 -0.0196 14.9847 -6.7640 1.5884
392 1.3678 1.5292 0.1302 0.8686 -0.0185 13.8812 -6.8160 2.0851
393 1.3539 1.5316 0.1321 0.8418 -0.0134 13.6358 -6.4690 1.5624
394 1.3316 1.5336 0.1296 0.7980 -0.0090 14.0859 -6.4220 1.4540
395 1.3080 1.5381 0.1315 0.7513 0.0003 13.9016 -6.6580 1.4260
396 1.2870 1.5397 0.1302 0.7097 0.0040 14.3894 -6.6920 1.4691
397 1.2684 1.5382 0.1315 0.6726 0.0014 13.9106 -6.6630 1.5650
398 1.2561 1.5354 0.1302 0.6483 -0.0040 14.0922 -6.5840 1.5773
399 1.2437 1.5343 0.1321 0.6233 -0.0058 13.8462 -6.4670 1.5010
400 1.2342 1.5310 0.1315 0.6042 -0.0121 14.3142 -6.6920 1.5835
401 1.3684 1.5210 0.1278 0.8738 -0.0319 14.5355 -6.6870 1.6193
402 1.3625 1.5245 0.1302 0.8630 -0.0247 14.5862 -6.8990 1.6438
403 1.3591 1.5254 0.1230 0.8574 -0.0225 15.1801 -6.5670 1.4520
404 1.3602 1.5259 0.1308 0.8606 -0.0213 14.5215 -6.7800 1.4772
405 1.3589 1.5270 0.1218 0.8591 -0.0189 15.3315 -7.0110 1.6901
406 1.3580 1.5263 0.1321 0.8585 -0.0199 14.3828 -7.0360 1.5470
407 1.3589 1.5292 0.1201 0.8614 -0.0138 15.4917 -7.2950 1.7168
408 1.3590 1.5346 0.1315 0.8626 -0.0027 14.5883 -7.1210 1.6336
409 1.3571 1.5435 0.1201 0.8598 0.0154 15.5620 -7.3040 1.5822
410 1.3540 1.5506 0.1315 0.8547 0.0301 14.4680 -7.3120 1.7095
411 1.3386 1.5181 0.1308 0.8248 -0.0346 14.5697 -7.1490 1.6750
412 1.3334 1.5115 0.1308 0.8152 -0.0476 14.7269 -6.6370 1.5339
413 1.3338 1.5038 0.1284 0.8169 -0.0631 14.8701 -6.8100 1.5488
414 1.3363 1.4924 0.1315 0.8227 -0.0860 14.7227 -6.0000 0.9444
415 1.3391 1.4830 0.1172 0.8293 -0.1049 16.1070 -6.5270 1.4084
416 1.3448 1.4700 0.1296 0.8416 -0.1312 14.8306 0.4140 -0.0593
417 1.3541 1.4590 0.1290 0.8612 -0.1535 14.8172 -6.0730 1.2402
418 1.3635 1.4501 0.1290 0.8812 -0.1720 15.0359 -6.0320 1.4500
419 1.3710 1.4379 0.1296 0.8973 -0.1970 14.8770 -3.0740 0.7174
420 1.3744 1.4232 0.1333 0.9054 -0.2272 14.4628 -5.4720 1.3192
421 1.3367 1.5170 0.1290 0.8309 -0.0393 14.9455 -5.5930 1.3674
422 1.3378 1.5150 0.1302 0.8339 -0.0432 15.0170 -5.4730 1.1596
423 1.3390 1.5112 0.1290 0.8373 -0.0507 15.1374 -5.6910 1.3505
424 1.3442 1.5052 0.1327 0.8486 -0.0626 14.7312 -5.6180 1.1785
425 1.3477 1.4988 0.1290 0.8567 -0.0754 15.1465 -5.6900 1.3156
426 1.3486 1.4945 0.1290 0.8594 -0.0842 14.2864 -6.3080 1.5257
427 1.3509 1.4913 0.1296 0.8650 -0.0906 15.2060 -6.0870 1.3154
428 1.3552 1.4864 0.1302 0.8745 -0.1005 14.1538 -6.1860 1.5056
429 1.3551 1.4804 0.1266 0.8754 -0.1127 15.3379 -6.5260 1.5995
430 1.3524 1.4735 0.1315 0.8711 -0.1267 15.2020 -6.6680 1.6952
431 1.3481 1.5124 0.1284 0.8634 -0.0488 15.5956 -6.5530 1.4280
432 1.3506 1.5104 0.1327 0.8695 -0.0527 15.0566 -6.9990 1.6567
433 1.3516 1.5042 0.1284 0.8725 -0.0650 15.3616 -7.1040 1.5835
434 1.3576 1.4951 0.1315 0.8855 -0.0833 15.2749 -6.8880 1.5225
435 1.3679 1.4852 0.1284 0.9074 -0.1032 15.4928 -6.7950 1.4809
436 1.3819 1.4745 0.1321 0.9367 -0.1250 15.2720 -6.7980 1.5831
437 1.3931 1.4641 0.1278 0.9604 -0.1461 15.6360 -6.6320 1.5817
438 1.4062 1.4566 0.1321 0.9883 -0.1616 15.4036 -6.4450 1.5219
439 1.4246 1.4438 0.1290 1.0268 -0.1876 15.8662 -6.2940 1.3668
440 1.4383 1.4353 0.1315 1.0561 -0.2054 15.4794 -6.4400 1.3855
441 1.3540 1.5144 0.1308 0.8885 -0.0470 15.7658 -6.4480 1.4932
442 1.3584 1.5148 0.1302 0.8984 -0.0461 15.5679 -6.5420 1.5751
443 1.3640 1.5183 0.1308 0.9107 -0.0389 15.5302 -6.3300 1.3890
444 1.3668 1.5247 0.1290 0.9175 -0.0259 15.7855 -6.7400 1.6476
445 1.3690 1.5314 0.1308 0.9232 -0.0121 15.4807 -6.8360 1.4914
446 1.3690 1.5402 0.1290 0.9244 0.0059 15.9783 -6.8230 1.4631
447 1.3663 1.5470 0.1296 0.9200 0.0199 15.6988 -6.6930 1.4547
448 1.3630 1.5558 0.1308 0.9147 0.0382 15.7692 -6.4720 1.3668
449 1.3612 1.5610 0.1302 0.9122 0.0491 15.8178 -6.4880 1.5835
450 1.3600 1.5664 0.1321 0.9107 0.0605 15.8079 -6.9450 1.7026
451 1.3336 1.5468 0.1308 0.8588 0.0219 15.9831 -7.2620 1.6578
452 1.3363 1.5488 0.1207 0.8650 0.0264 17.3012 -7.2600 1.5025
453 1.3381 1.5504 0.1296 0.8695 0.0301 15.8958 -6.9300 1.4620
454 1.3348 1.5540 0.1218 0.8639 0.0378 17.1086 -7.0560 1.4950
455 1.3285 1.5586 0.1266 0.8520 0.0476 16.3303 -7.0720 1.5719
456 1.3193 1.5629 0.1207 0.8344 0.0568 17.0186 -6.7490 1.5045
457 1.3082 1.5684 0.1254 0.8126 0.0685 16.5471 -6.6950 1.5753
458 1.2942 1.5671 0.1224 0.7852 0.0666 17.1827 -7.0720 1.7072
459 1.2799 1.5638 0.1260 0.7567 0.0607 16.7293 -6.9260 1.5675
460 1.2744 1.5612 0.1308 0.7460 0.0561 16.0476 -6.6410 1.5980
461 1.3838 1.5074 0.1302 0.9662 -0.0515 16.2101 -5.9240 1.3027
462 1.3858 1.5030 0.1278 0.9716 -0.0603 16.4172 -6.2210 1.4177
463 1.3866 1.4934 0.1278 0.9745 -0.0795 16.6349 -6.2780 1.4963
464 1.3859 1.4826 0.1213 0.9745 -0.1013 17.3973 -6.1900 1.4954
465 1.3820 1.4691 0.1278 0.9680 -0.1287 16.4655 -55.2970 12.3386
466 1.3753 1.4562 0.1183 0.9559 -0.1549 17.4587 -4.1020 0.5577
467 1.3669 1.4388 0.1296 0.9402 -0.1902 15.7828 -4.8960 1.3708
468 1.3631 1.4219 0.1278 0.9337 -0.2249 16.5137 -4.1280 0.9520
469 1.3557 1.4086 0.1296 0.9200 -0.2525 16.6948 -3.7020 0.8518
470 1.3493 1.3990 0.1315 0.9082 -0.2727 16.2522 -3.3450 0.6291
471 1.3528 1.5164 0.1296 0.9162 -0.0376 16.5003 -2.6940 0.9128
472 1.3504 1.5128 0.1284 0.9124 -0.0447 16.6813 -2.4910 0.6536
473 1.3459 1.5072 0.1266 0.9045 -0.0558 15.9860 -2.2810 0.4573
474 1.3395 1.5012 0.1272 0.8925 -0.0678 16.9593 -2.1110 0.5414
475 1.3343 1.4916 0.1308 0.8829 -0.0871 15.6067 -1.5320 0.2719
476 1.3274 1.4832 0.1296 0.8699 -0.1041 16.6798 -1.7330 0.4809
477 1.3181 1.4783 0.1290 0.8520 -0.1140 16.0151 -1.4800 0.3147
478 1.3060 1.4771 0.1236 0.8285 -0.1167 17.4136 -1.5010 0.3300
479 1.2950 1.4783 0.1224 0.8069 -0.1146 16.1881 -1.2670 0.1943
480 1.2887 1.4801 0.1248 0.7946 -0.1111 17.0403 -1.1550 0.2521
481 1.3720 1.5030 0.1248 0.9624 -0.0653 17.0709 -1.0990 0.2779
482 1.3787 1.4922 0.1224 0.9770 -0.0870 16.9806 -0.6380 0.0926
483 1.3848 1.4818 0.1230 0.9906 -0.1080 16.1920 -0.4630 -0.0367
484 1.3908 1.4706 0.1254 1.0041 -0.1306 17.2867 -0.2850 0.0354
485 1.3947 1.4574 0.1236 1.0133 -0.1575 16.5394 0.3480 -0.1472
486 1.4008 1.4518 0.1290 1.0270 -0.1692 17.1689 0.6790 -0.1484
487 1.4065 1.4474 0.1284 1.0399 -0.1785 16.2680 0.4530 0.0542
488 1.4037 1.4450 0.1284 1.0360 -0.1838 17.3137 0.7150 -0.0189
489 1.3958 1.4414 0.1266 1.0216 -0.1916 16.6167 0.7420 -0.1294
490 1.3870 1.4294 0.1272 1.0054 -0.2163 17.4719 0.9880 -2.5011
491 1.3856 1.5020 0.1266 1.0039 -0.0711 17.5128 0.8250 -0.1687
492 1.3772 1.5085 0.1266 0.9884 -0.0581 17.6707 0.7420 -0.1497
493 1.3660 1.5185 0.1266 0.9671 -0.0379 16.6400 0.6480 -0.1009
494 1.3584 1.5281 0.1284 0.9530 -0.0184 17.4069 0.2570 0.1052
495 1.3544 1.5365 0.1272 0.9461 -0.0012 16.5267 -0.2970 0.2258
496 1.3477 1.5505 0.1284 0.9335 0.0273 17.4813 -0.0010 0.0316
497 1.3393 1.5668 0.1266 0.9178 0.0605 16.6729 0.0430 -0.0373
498 1.3290 1.5818 0.1284 0.8979 0.0914 17.5546 0.8250 -0.2013
499 1.3150 1.5997 0.1266 0.8707 0.1281 17.0941 0.9770 -0.2016
500 1.3027 1.6144 0.1308 0.8465 0.1587 17.4409 0.9650 -0.2790
501 1.4566 1.5174 0.1308 1.1564 -0.0351 17.4690 1.0730 -0.2325
502 1.4573 1.5173 0.1290 1.1598 -0.0351 17.7846 1.0000 -0.2148
503 1.4540 1.5211 0.1278 1.1554 -0.0273 17.8441 0.9390 2.4854
504 1.4528 1.5261 0.1315 1.1549 -0.0170 17.8064 0.9910 2.1036
505 1.4527 1.5268 0.1218 1.1568 -0.0155 18.9340 0.6500 -0.1566
506 1.4499 1.5266 0.1302 1.1531 -0.0156 17.9614 0.6080 -0.2601
507 1.4498 1.5209 0.1333 1.1549 -0.0266 17.6881 0.8590 -0.1121
508 1.4533 1.5096 0.1315 1.1641 -0.0493 17.9436 0.8450 -0.0283
509 1.4632 1.4923 0.1321 1.1858 -0.0840 17.8424 0.8520 -0.1219
510 1.4724 1.4776 0.1290 1.2064 -0.1135 17.9320 1.0560 -0.2024
511 1.3760 1.4910 0.1266 1.0150 -0.0868 18.1904 0.7530 -0.1173
512 1.3644 1.4914 0.1272 0.9929 -0.0861 18.0940 0.5380 -0.1131
513 1.3492 1.4878 0.1308 0.9635 -0.0933 17.8141 0.1300 -0.0737
514 1.3336 1.4854 0.1296 0.9331 -0.0983 18.1169 -0.0730 0.0494
515 1.3192 1.4835 0.1308 0.9050 -0.1024 18.0064 0.2650 -0.2480
516 1.2988 1.4803 0.1308 0.8647 -0.1089 18.1016 -0.6660 0.1274
517 1.2820 1.4791 0.1315 0.8314 -0.1115 17.8223 0.2440 -0.2269
518 1.2638 1.4879 0.1302 0.7952 -0.0940 18.4300 -0.0290 -0.0318
519 1.2478 1.5004 0.1315 0.7632 -0.0691 18.1347 0.1680 -0.0554
520 1.2423 1.5106 0.1327 0.7520 -0.0485 18.1911 0.4460 -0.2189
521 1.3864 1.4964 0.1189 1.0417 -0.0770 19.6282 0.3540 -0.0312
522 1.3868 1.4976 0.1296 1.0438 -0.0746 18.4998 1.4850 -0.4619
523 1.3924 1.4960 0.1296 1.0564 -0.0778 18.3532 1.1620 -0.2550
524 1.3936 1.4932 0.1278 1.0603 -0.0835 18.7280 1.2730 -0.4012
525 1.3970 1.4924 0.1272 1.0686 -0.0852 18.3546 1.3100 -0.3249
526 1.4011 1.4904 0.1266 1.0782 -0.0893 18.5829 0.8090 -0.2134
527 1.3992 1.4944 0.1254 1.0759 -0.0813 18.8849 0.7760 -0.2470
528 1.3930 1.4996 0.1284 1.0650 -0.0709 18.5612 0.7000 -0.1892
529 1.3893 1.5020 0.1266 1.0589 -0.0661 19.0572 -0.0510 -0.0219
530 1.3887 1.5012 0.1315 1.0592 -0.0677 18.5024 -1.1620 0.4833
531 1.4526 1.5198 0.1272 1.1890 -0.0303 18.9800 -1.7060 0.4263
532 1.4499 1.5202 0.1278 1.1856 -0.0293 18.5832 -1.6990 0.3930
533 1.4454 1.5165 0.1321 1.1786 -0.0365 18.6518 -1.8330 0.5536
534 1.4437 1.5145 0.1321 1.1771 -0.0405 18.3830 -1.5030 0.2446
535 1.4392 1.5078 0.1260 1.1701 -0.0537 18.9670 -1.8580 0.5310
536 1.4376 1.5017 0.1272 1.1686 -0.0660 19.0407 -4.0640 1.1121
537 1.4327 1.4964 0.1278 1.1607 -0.0766 18.8846 -5.4800 1.3406
538 1.4244 1.4940 0.1278 1.1458 -0.0813 18.5042 -7.1910 1.8254
539 1.4145 1.4929 0.1302 1.1277 -0.0837 18.9700 -7.6050 1.8058
540 1.4054 1.4900 0.1352 1.1110 -0.0895 17.6258 -7.2230 1.6590
541 1.4296 1.4820 0.1377 1.1612 -0.1057 18.5623 -6.8060 1.4277
542 1.4292 1.4958 0.1453 1.1622 -0.0783 18.8146 -5.8810 1.3612
543 1.4288 1.5097 0.1408 1.1632 -0.0504 19.7755 -4.6460 0.7757
544 1.4272 1.5196 0.1546 1.1618 -0.0303 18.6816 -3.3570 0.5837
545 1.4268 1.5213 0.1447 1.1628 -0.0267 19.6932 -3.4530 0.9513
546 1.4236 1.5248 0.1600 1.1581 -0.0194 18.6191 -3.9000 0.9030
547 1.4280 1.5256 0.1447 1.1686 -0.0177 19.7371 -3.2440 0.9159
548 1.4300 1.5269 0.1533 1.1745 -0.0147 18.8663 -3.2130 0.6482
549 1.4352 1.5317 0.1358 1.1868 -0.0047 20.1922 -2.9650 0.6736
550 1.4388 1.5392 0.1396 1.1959 0.0106 19.5615 -3.3650 0.7337
551 1.2112 1.4280 0.1272 0.7402 -0.2125 20.0571 -2.1850 0.4622
552 1.2060 1.4340 0.1230 0.7294 -0.2012 19.6232 -2.2550 0.6767
553 1.2036 1.4321 0.1160 0.7241 -0.2057 20.2057 -2.2220 0.4388
554 1.2016 1.4251 0.1213 0.7196 -0.2204 19.5001 -2.3400 0.5541
555 1.1920 1.4179 0.1272 0.6998 -0.2356 19.4766 -2.3770 0.5623
556 1.1892 1.4096 0.1315 0.6936 -0.2531 19.6103 -3.6870 1.0314
557 1.1852 1.4089 0.1370 0.6850 -0.2555 19.4093 -5.3790 1.2304
558 1.1760 1.4085 0.1434 0.6658 -0.2571 18.6129 0.0000 3.2522
559 1.1704 1.4073 0.1460 0.6538 -0.2604 20.0844 -11.0470 2.7115
560 1.1645 1.4053 0.1801 0.6412 -0.2654 16.4101 -12.6620 2.8510
count posx posy posz xout yout zout heading hd_out
1 0.0000 0.0000 0.0000 0.0000 0.0000 0.0000 0.0000 0.0000
2 0.0000 0.0001 0.1296 0.0000 0.0002 0.0000 -4.1150 0.9138
3 0.0000 0.0004 0.1308 0.0000 0.0008 0.0000 -4.0610 0.9203
4 0.0000 0.0008 0.1296 0.0000 0.0016 0.0000 -4.1350 0.9575
5 0.0000 0.0014 0.1183 0.0000 0.0028 0.0000 -4.1510 0.9602
6 0.0000 0.0022 0.1296 0.0000 0.0043 0.0000 -4.1630 0.9526
7 0.0000 0.0032 0.1284 0.0000 0.0064 0.0000 -4.0860 0.9595
8 0.0000 0.0044 0.1302 0.0000 0.0089 0.0000 -3.9560 0.9106
9 0.0000 0.0055 0.1302 0.0000 0.0112 0.0000 -3.9910 0.9050
10 0.0000 0.0066 0.1296 0.0000 0.0134 0.0000 -43.9700 27.6359
11 1.2410 1.5471 0.1290 -0.0182 0.0949 1.4343 -4.1870 0.9994
12 1.2408 1.5474 0.1302 -0.0185 0.0959 1.2454 -4.2180 0.9671
13 1.2406 1.5478 0.1266 -0.0191 0.0974 1.5190 -4.1830 0.9518
14 1.2401 1.5485 0.1296 -0.0201 0.0991 0.5809 -4.2320 0.9600
15 1.2396 1.5493 0.1260 -0.0213 0.1012 1.8687 -4.1640 0.9667
16 1.2388 1.5506 0.1302 -0.0230 0.1043 0.4275 -4.1700 0.9555
17 1.2378 1.5523 0.1278 -0.0251 0.1082 1.4472 -4.0800 0.9226
18 1.2368 1.5542 0.1308 -0.0273 0.1126 1.3423 -4.0600 0.9328
19 1.2355 1.5564 0.1278 -0.0300 0.1176 1.6641 -4.1550 0.9718
20 1.2344 1.5584 0.1308 -0.0324 0.1221 1.6795 -4.1050 0.9121
21 1.2649 1.5391 0.1284 0.0288 0.0840 1.7412 -4.1020 0.9640
22 1.2646 1.5394 0.1302 0.0283 0.0849 1.3585 -4.0990 0.9348
23 1.2642 1.5399 0.1284 0.0276 0.0863 1.6562 -3.9800 0.8670
24 1.2635 1.5406 0.1272 0.0265 0.0881 1.7589 -3.9690 0.9166
25 1.2627 1.5414 0.1278 0.0250 0.0903 1.7650 3.9170 -4.3502
26 1.2616 1.5423 0.1189 0.0229 0.0924 2.7896 -3.8840 0.9057
27 1.2603 1.5432 0.1296 0.0204 0.0946 1.7042 -3.8710 0.8948
28 1.2589 1.5457 0.1302 0.0176 0.1002 1.6484 -3.9070 0.7711
29 1.2573 1.5488 0.1308 0.0146 0.1068 0.6976 -3.7400 0.8656
30 1.2560 1.5514 0.1290 0.0120 0.1124 1.8272 -3.7660 0.8977
31 1.2280 1.5511 0.1266 -0.0442 0.1123 1.8894 -3.7690 0.8721
32 1.2278 1.5513 0.1272 -0.0448 0.1133 2.1381 -3.9100 0.9008
33 1.2275 1.5517 0.1284 -0.0457 0.1145 1.5287 -4.0170 0.9451
34 1.2270 1.5522 0.1290 -0.0470 0.1162 1.8353 -4.1490 0.9607
35 1.2263 1.5529 0.1260 -0.0486 0.1182 1.9144 -4.1400 0.9502
36 1.2255 1.5539 0.1296 -0.0504 0.1206 1.9207 -4.0660 0.9159
37 1.2246 1.5550 0.1284 -0.0524 0.1233 1.7817 -4.0850 0.9544
38 1.2236 1.5562 0.1296 -0.0547 0.1264 2.0177 -3.9450 0.8921
39 1.2224 1.5576 0.1290 -0.0573 0.1298 2.0473 -3.9220 0.8955
40 1.2214 1.5589 0.1308 -0.0597 0.1330 1.8421 -3.8670 0.8899
41 1.2479 1.5411 0.1290 -0.0066 0.0977 1.8935 -3.8340 0.9017
42 1.2478 1.5416 0.1290 -0.0070 0.0991 2.0936 -3.8290 0.8703
43 1.2475 1.5424 0.1284 -0.0076 0.1011 1.7610 -3.8460 0.9004
44 1.2471 1.5434 0.1302 -0.0084 0.1035 2.0442 -3.9060 0.9026
45 1.2465 1.5445 0.1272 -0.0096 0.1062 2.1223 -3.8300 0.8794
46 1.2457 1.5458 0.1302 -0.0112 0.1093 1.8972 -3.8030 0.8774
47 1.2448 1.5473 0.1290 -0.0131 0.1127 2.0009 -3.6220 0.8394
48 1.2437 1.5489 0.1290 -0.0153 0.1164 1.1860 -3.4980 0.8007
49 1.2425 1.5510 0.1278 -0.0179 0.1211 2.1825 -3.4610 0.7889
50 1.2414 1.5529 0.1308 -0.0200 0.1255 1.8925 -3.4090 0.7706
51 1.2330 1.5452 0.1284 -0.0371 0.1104 2.1421 -3.5440 0.8389
52 1.2329 1.5454 0.1308 -0.0374 0.1113 1.8002 -3.6430 0.8552
53 1.2328 1.5459 0.1290 -0.0378 0.1128 2.1586 -3.5910 0.8258
54 1.2327 1.5466 0.1296 -0.0381 0.1147 2.0428 -3.5980 0.8283
55 1.2327 1.5476 0.1284 -0.0384 0.1171 2.3276 -3.5820 0.8425
56 1.2326 1.5486 0.1213 -0.0388 0.1198 3.0832 -3.5650 0.8494
57 1.2323 1.5498 0.1290 -0.0394 0.1226 2.3517 -3.6250 0.8387
58 1.2321 1.5510 0.1224 -0.0401 0.1254 3.0380 -3.6150 0.8200
59 1.2318 1.5521 0.1284 -0.0408 0.1283 2.3389 -3.5570 0.8160
60 1.2316 1.5531 0.1278 -0.0415 0.1308 2.4257 -3.6900 0.8737
61 1.2330 1.5511 0.1266 -0.0389 0.1272 2.4070 -3.6950 0.8579
62 1.2332 1.5514 0.1207 -0.0387 0.1284 3.2583 -3.7300 0.8701
63 1.2335 1.5519 0.1266 -0.0382 0.1300 2.5039 -3.9150 0.9135
64 1.2340 1.5525 0.1207 -0.0373 0.1317 3.3554 -4.0360 0.9351
65 1.2346 1.5532 0.1266 -0.0362 0.1335 2.7829 -4.0970 0.9437
66 1.2353 1.5539 0.1207 -0.0349 0.1355 3.2705 -4.0800 0.9417
67 1.2361 1.5546 0.1290 -0.0335 0.1374 2.4075 -4.0990 0.9647
68 1.2369 1.5552 0.1284 -0.0321 0.1393 2.3775 -4.1790 0.9923
69 1.2378 1.5560 0.1296 -0.0304 0.1414 2.4314 -4.3050 0.9980
70 1.2386 1.5569 0.1296 -0.0289 0.1436 3.2500 -4.4290 1.0332
71 1.2460 1.5541 0.1284 -0.0141 0.1387 1.7139 -4.5020 1.0227
72 1.2460 1.5544 0.1272 -0.0143 0.1398 2.8337 -4.4310 1.0118
73 1.2459 1.5548 0.1284 -0.0145 0.1410 1.6335 -4.3180 0.9773
74 1.2458 1.5552 0.1302 -0.0147 0.1425 2.3236 -4.3510 1.0448
75 1.2457 1.5555 0.1284 -0.0150 0.1437 1.6695 -4.2000 0.9560
76 1.2455 1.5559 0.1278 -0.0154 0.1450 2.8944 -3.9850 0.9032
77 1.2451 1.5564 0.1290 -0.0162 0.1465 1.5744 -3.8670 0.8641
78 1.2447 1.5570 0.1290 -0.0170 0.1483 2.7239 -3.6830 0.8209
79 1.2442 1.5577 0.1278 -0.0182 0.1504 2.5244 -3.5230 0.8178
80 1.2437 1.5585 0.1278 -0.0192 0.1525 2.7802 -3.3690 0.7568
81 1.2300 1.5770 0.1266 -0.0469 0.1904 2.8180 -3.2520 0.7308
82 1.2299 1.5772 0.1296 -0.0472 0.1915 2.6549 -3.2580 0.7584
83 1.2299 1.5775 0.1278 -0.0475 0.1928 2.5294 -3.2110 0.7404
84 1.2298 1.5778 0.1302 -0.0479 0.1942 2.6789 -3.3550 0.7831
85 1.2296 1.5783 0.1189 -0.0484 0.1959 3.8129 -3.3720 0.8007
86 1.2294 1.5787 0.1296 -0.0491 0.1975 2.8491 -3.3430 0.7644
87 1.2291 1.5791 0.1183 -0.0498 0.1992 3.7982 -3.3660 0.7802
88 1.2289 1.5796 0.1290 -0.0505 0.2009 2.8972 -3.3740 0.7842
89 1.2286 1.5800 0.1195 -0.0512 0.2026 3.6947 -3.4370 0.8116
90 1.2285 1.5805 0.1284 -0.0518 0.2044 3.0028 -3.5460 0.8581
91 1.2420 1.5491 0.1278 -0.0248 0.1420 2.9079 -3.5720 0.8047
92 1.2419 1.5493 0.1296 -0.0250 0.1429 2.9506 -3.6560 0.8514
93 1.2419 1.5496 0.1272 -0.0252 0.1440 3.1984 -3.5800 0.8349
94 1.2418 1.5501 0.1302 -0.0254 0.1455 2.8522 -3.6600 0.8612
95 1.2417 1.5505 0.1296 -0.0257 0.1469 2.8218 -3.7160 0.8518
96 1.2416 1.5510 0.1290 -0.0260 0.1484 2.0193 -3.7410 0.8770
97 1.2413 1.5514 0.1290 -0.0266 0.1497 2.8706 -3.7030 0.8414
98 1.2409 1.5519 0.1284 -0.0275 0.1511 2.1285 -3.6700 0.8389
99 1.2404 1.5523 0.1284 -0.0287 0.1526 2.9799 -3.7160 0.8696
100 1.2398 1.5527 0.1302 -0.0300 0.1538 2.7147 -3.7240 0.8692
101 1.1900 1.4340 0.1278 -0.1302 -0.0843 3.0209 -3.7100 0.8581
102 1.1899 1.4340 0.1315 -0.1310 -0.0849 2.0042 -3.6930 0.8632
103 1.1899 1.4340 0.1272 -0.1315 -0.0855 3.1291 -3.6800 0.8594
104 1.1900 1.4340 0.1315 -0.1319 -0.0861 1.9812 -3.7170 0.8783
105 1.1901 1.4340 0.1272 -0.1324 -0.0868 3.1648 -3.7360 0.8741
106 1.1901 1.4340 0.1302 -0.1329 -0.0875 2.1052 -3.7700 0.8630
107 1.1901 1.4341 0.1266 -0.1335 -0.0880 3.2128 -3.7220 0.8523
108 1.1901 1.4342 0.1302 -0.1342 -0.0885 2.0828 -3.7970 0.8663
109 1.1899 1.4343 0.1278 -0.1351 -0.0889 3.1645 -3.7710 1.1267
110 1.1898 1.4344 0.1308 -0.1360 -0.0894 2.8750 0.0000 0.0334
111 1.2649 1.5591 0.1278 0.0144 0.1606 3.1971 -3.7570 0.8899
112 1.2647 1.5580 0.1302 0.0141 0.1591 2.9841 -3.7720 0.8892
113 1.2643 1.5563 0.1260 0.0136 0.1563 3.6315 -3.5720 0.7361
114 1.2640 1.5546 0.1308 0.0130 0.1534 3.0076 -3.5490 0.8205
115 1.2635 1.5530 0.1278 0.0122 0.1507 3.3903 -3.5700 0.8265
116 1.2629 1.5514 0.1302 0.0112 0.1480 2.9359 -3.6560 0.8732
117 1.2624 1.5499 0.1284 0.0101 0.1455 3.2331 -3.7560 0.8768
118 1.2617 1.5485 0.1290 0.0089 0.1431 3.1781 -3.8630 0.8984
119 1.2609 1.5472 0.1284 0.0074 0.1410 3.3902 -3.9640 0.9315
120 1.2601 1.5463 0.1296 0.0059 0.1396 3.2586 -3.9600 0.9052
121 1.2359 1.5580 0.1290 -0.0425 0.1637 3.3459 -4.1010 0.9589
122 1.2357 1.5582 0.1195 -0.0432 0.1646 4.3852 -4.2000 0.9778
123 1.2353 1.5584 0.1284 -0.0441 0.1656 3.4547 -4.3000 0.9725
124 1.2347 1.5587 0.1189 -0.0455 0.1667 4.5519 -4.3030 0.9869
125 1.2338 1.5590 0.1278 -0.0473 0.1680 3.5031 -4.3510 1.0034
126 1.2328 1.5595 0.1278 -0.0496 0.1696 3.5814 -4.3680 1.0187
127 1.2315 1.5602 0.1284 -0.0523 0.1716 3.5269 -4.3430 1.0065
128 1.2302 1.5610 0.1278 -0.0551 0.1739 3.8008 -4.2520 0.9796
129 1.2290 1.5620 0.1290 -0.0577 0.1765 3.4299 -4.1220 0.9186
130 1.2283 1.5627 0.1302 -0.0594 0.1784 3.4158 -4.1200 0.9360
131 1.2419 1.5501 0.1278 -0.0322 0.1538 3.6001 -4.1460 0.9578
132 1.2417 1.5504 0.1296 -0.0327 0.1549 3.6430 -4.0250 0.9210
133 1.2414 1.5509 0.1272 -0.0334 0.1565 3.4679 -3.8410 0.8801
134 1.2411 1.5513 0.1290 -0.0342 0.1576 3.6306 -3.8350 0.8868
135 1.2407 1.5516 0.1272 -0.0350 0.1588 3.5643 -3.7470 0.8521
136 1.2403 1.5521 0.1290 -0.0359 0.1604 3.6671 -3.7290 0.8449
137 1.2398 1.5529 0.1272 -0.0370 0.1625 3.5406 -3.4880 0.7975
138 1.2392 1.5539 0.1296 -0.0382 0.1650 3.6306 -3.4190 0.7831
139 1.2386 1.5552 0.1290 -0.0397 0.1682 3.4792 -3.3690 0.7898
140 1.2380 1.5565 0.1302 -0.0410 0.1713 3.6508 -3.3140 0.7642
141 1.2430 1.5501 0.1284 -0.0311 0.1591 3.7016 -3.2650 0.7599
142 1.2429 1.5505 0.1290 -0.0313 0.1603 3.8867 -3.1390 0.7332
143 1.2426 1.5513 0.1278 -0.0320 0.1624 3.5658 -3.1970 0.7595
144 1.2423 1.5524 0.1308 -0.0326 0.1652 3.5202 -3.1420 0.7343
145 1.2421 1.5538 0.1284 -0.0331 0.1685 3.5888 -3.0850 1.1583
146 1.2418 1.5555 0.1296 -0.0338 0.1725 3.5816 -3.2090 0.7622
147 1.2410 1.5575 0.1266 -0.0355 0.1770 3.8427 -3.1670 0.7479
148 1.2398 1.5597 0.1302 -0.0381 0.1820 3.7271 -3.1850 0.7319
149 1.2384 1.5622 0.1272 -0.0409 0.1876 3.8687 -3.2990 0.7644
150 1.2376 1.5644 0.1284 -0.0427 0.1927 4.0410 -3.3590 0.7644
151 1.2470 1.5603 0.1189 -0.0240 0.1852 4.8922 -3.4170 0.8044
152 1.2470 1.5608 0.1302 -0.0239 0.1868 3.6120 -3.5660 0.8336
153 1.2472 1.5616 0.1278 -0.0235 0.1889 2.9758 -3.6140 0.8612
154 1.2471 1.5629 0.1278 -0.0237 0.1922 4.0618 -3.7870 0.8819
155 1.2467 1.5648 0.1266 -0.0246 0.1967 4.1036 -3.7020 0.8581
156 1.2464 1.5670 0.1296 -0.0253 0.2016 3.8191 -3.6973 0.8416
157 1.2460 1.5693 0.1272 -0.0260 0.2069 3.9471 -3.7050 2.5068
158 1.2456 1.5717 0.1302 -0.0268 0.2125 3.7820 -3.7290 0.8886
159 1.2453 1.5744 0.1266 -0.0276 0.2186 4.0551 -3.7380 0.8696
160 1.2449 1.5768 0.1302 -0.0283 0.2241 3.9356 -3.7250 0.8476
161 1.2200 1.5651 0.1213 -0.0785 0.2014 4.8461 -3.6420 0.8216
162 1.2200 1.5651 0.1290 -0.0788 0.2021 3.9927 -3.5500 0.8078
163 1.2201 1.5653 0.1260 -0.0789 0.2032 4.1319 -3.5810 0.8338
164 1.2204 1.5658 0.1290 -0.0786 0.2049 4.0894 -3.5760 0.8363
165 1.2207 1.5666 0.1272 -0.0783 0.2070 4.0241 -3.5730 0.8441
166 1.2215 1.5669 0.1284 -0.0770 0.2084 4.0776 -3.5100 0.8118
167 1.2225 1.5672 0.1290 -0.0752 0.2097 4.2049 -3.5310 0.8196
168 1.2236 1.5678 0.1302 -0.0733 0.2115 4.0158 -3.4850 0.8022
169 1.2246 1.5687 0.1308 -0.0715 0.2139 3.9000 -3.4400 0.7962
170 1.2256 1.5698 0.1302 -0.0699 0.2168 3.3309 -3.4750 0.8227
171 1.2551 1.5460 0.1189 -0.0107 0.1697 5.4215 -3.4010 0.7769
172 1.2555 1.5460 0.1272 -0.0100 0.1703 4.3244 -3.4210 0.7991
173 1.2562 1.5461 0.1290 -0.0085 0.1708 4.0645 -3.5840 0.8416
174 1.2568 1.5463 0.1272 -0.0072 0.1718 4.3609 -3.5270 0.8053
175 1.2575 1.5468 0.1296 -0.0056 0.1732 4.0882 -3.4400 0.8087
176 1.2584 1.5476 0.1284 -0.0039 0.1753 4.4947 -3.3750 0.7813
177 1.2591 1.5486 0.1302 -0.0023 0.1777 4.1115 -3.2600 0.7637
178 1.2601 1.5498 0.1284 -0.0003 0.1806 4.4088 -3.1640 0.7388
179 1.2611 1.5514 0.1302 0.0019 0.1843 4.0872 -3.1770 0.7559
180 1.2618 1.5536 0.1302 0.0034 0.1892 4.3440 -3.1770 0.7261
181 1.2490 1.5541 0.1260 -0.0222 0.1909 4.5633 -3.1660 0.7335
182 1.2490 1.5548 0.1266 -0.0222 0.1929 4.8734 -3.0570 0.6954
183 1.2490 1.5557 0.1266 -0.0222 0.1951 4.7662 -3.1120 0.7361
184 1.2487 1.5562 0.1284 -0.0228 0.1967 4.5060 -3.1410 0.7381
185 1.2484 1.5570 0.1189 -0.0234 0.1989 5.6033 -3.0340 0.6974
186 1.2479 1.5580 0.1284 -0.0245 0.2014 4.9088 -2.9940 0.7019
187 1.2471 1.5588 0.1189 -0.0261 0.2036 5.6391 -2.8870 0.6505
188 1.2463 1.5598 0.1290 -0.0278 0.2063 4.5050 -2.9070 0.6647
189 1.2460 1.5607 0.1195 -0.0285 0.2087 5.6658 -2.8270 0.6558
190 1.2459 1.5618 0.1296 -0.0287 0.2114 4.4649 -2.7760 0.6333
191 1.2461 1.5611 0.1272 -0.0282 0.2107 4.7095 -2.8240 0.6618
192 1.2463 1.5615 0.1284 -0.0280 0.2120 4.6436 -2.6550 0.6171
193 1.2460 1.5620 0.1272 -0.0286 0.2136 4.6855 -2.6010 0.6091
194 1.2454 1.5624 0.1290 -0.0298 0.2152 4.5467 -2.5130 0.6046
195 1.2450 1.5632 0.1290 -0.0307 0.2174 4.6252 -2.3910 0.5356
196 1.2444 1.5646 0.1290 -0.0318 0.2207 4.5830 -2.4030 0.5610
197 1.2435 1.5654 0.1308 -0.0338 0.2231 4.3210 -2.4680 0.5946
198 1.2425 1.5663 0.1278 -0.0359 0.2255 4.7643 -2.5970 0.6171
199 1.2417 1.5672 0.1296 -0.0376 0.2281 4.5639 -2.4220 0.5626
200 1.2412 1.5678 0.1195 -0.0385 0.2298 5.9724 -2.3610 0.5579
201 1.2435 1.5551 0.1284 -0.0340 0.2050 4.6783 -2.2300 0.5238
202 1.2442 1.5545 0.1296 -0.0327 0.2043 4.7930 -2.3470 0.5850
203 1.2452 1.5539 0.1278 -0.0308 0.2038 4.6067 -2.5140 0.6071
204 1.2461 1.5543 0.1308 -0.0291 0.2050 4.6220 -2.6470 0.6238
205 1.2466 1.5551 0.1272 -0.0280 0.2072 4.7752 -2.7730 0.6687
206 1.2472 1.5564 0.1296 -0.0269 0.2103 4.8045 -2.8230 0.6678
207 1.2474 1.5580 0.1278 -0.0265 0.2142 4.7991 -2.7790 0.6500
208 1.2472 1.5595 0.1302 -0.0269 0.2178 4.7066 -2.9020 0.6872
209 1.2469 1.5614 0.1260 -0.0276 0.2221 5.0513 -3.0100 0.7148
210 1.2463 1.5632 0.1296 -0.0288 0.2265 4.8122 -2.9760 0.6943
211 1.2588 1.5502 0.1290 -0.0036 0.2008 4.7788 -2.9710 0.6816
212 1.2572 1.5511 0.1290 -0.0069 0.2031 4.8581 -2.8910 0.6696
213 1.2545 1.5521 0.1260 -0.0122 0.2056 5.1777 -2.7510 0.6469
214 1.2515 1.5526 0.1290 -0.0181 0.2073 4.9547 -2.8660 0.6747
215 1.2482 1.5525 0.1284 -0.0249 0.2076 5.0452 -2.9040 0.6863
216 1.2446 1.5526 0.1296 -0.0320 0.2082 5.0393 -2.9920 0.7068
217 1.2409 1.5524 0.1302 -0.0396 0.2083 4.8627 -2.9780 0.7005
218 1.2369 1.5522 0.1296 -0.0477 0.2085 4.9534 -2.9290 0.6638
219 1.2328 1.5515 0.1302 -0.0560 0.2076 4.7775 -2.9540 0.6952
220 1.2295 1.5509 0.1296 -0.0629 0.2070 4.9253 -3.0940 0.7477
221 1.2502 1.5367 0.1189 -0.0215 0.1789 6.1650 -3.2390 0.7671
222 1.2503 1.5378 0.1272 -0.0213 0.1814 5.1884 -3.2180 0.7455
223 1.2505 1.5393 0.1290 -0.0209 0.1849 4.9892 -3.2190 0.7497
224 1.2503 1.5409 0.1284 -0.0213 0.1885 5.2614 -3.2410 0.7657
225 1.2502 1.5431 0.1296 -0.0215 0.1933 5.0126 -3.2760 0.7731
226 1.2499 1.5452 0.1284 -0.0221 0.1980 5.3582 -3.2820 0.7499
227 1.2488 1.5477 0.1296 -0.0242 0.2036 5.0485 -3.3530 0.7693
228 1.2474 1.5515 0.1278 -0.0270 0.2115 5.2844 -3.3550 0.7711
229 1.2461 1.5554 0.1290 -0.0297 0.2198 5.0369 -3.4020 0.8069
230 1.2446 1.5586 0.1272 -0.0328 0.2270 5.6330 -3.4230 0.7951
231 1.2378 1.5752 0.1272 -0.0466 0.2609 4.2848 -3.3820 0.7806
232 1.2371 1.5752 0.1296 -0.0479 0.2616 5.3142 -3.3880 0.7820
233 1.2360 1.5740 0.1302 -0.0503 0.2599 5.0765 -3.3110 0.7666
234 1.2344 1.5732 0.1290 -0.0538 0.2590 5.3012 -3.3310 0.7742
235 1.2331 1.5714 0.1302 -0.0564 0.2561 5.1124 -3.3930 0.7902
236 1.2329 1.5721 0.1290 -0.0570 0.2584 5.3977 -3.6350 0.8214
237 1.2339 1.5730 0.1290 -0.0552 0.2609 5.2344 -3.6760 0.8421
238 1.2351 1.5728 0.1278 -0.0531 0.2612 5.7016 -3.7920 0.8741
239 1.2358 1.5722 0.1290 -0.0518 0.2607 5.1505 -3.9370 0.9157
240 1.2351 1.5704 0.1284 -0.0534 0.2578 5.4827 -3.9460 0.9115
241 1.2379 1.5758 0.1284 -0.0479 0.2695 5.4365 -4.0730 0.9776
242 1.2394 1.5770 0.1284 -0.0449 0.2726 5.5755 -4.2540 0.9898
243 1.2415 1.5788 0.1272 -0.0407 0.2769 5.5568 -4.0000 0.8701
244 1.2430 1.5797 0.1308 -0.0378 0.2795 5.0775 -4.1110 0.9291
245 1.2450 1.5790 0.1272 -0.0339 0.2789 5.5932 -4.1920 0.9738
246 1.2486 1.5771 0.1278 -0.0268 0.2760 5.4184 -4.2050 0.9958
247 1.2517 1.5720 0.1266 -0.0206 0.2663 5.5215 -4.2310 0.9945
248 1.2548 1.5667 0.1195 -0.0143 0.2566 6.6937 -4.2060 0.9693
249 1.2556 1.5617 0.1290 -0.0127 0.2471 5.4452 -4.3730 1.0652
250 1.2569 1.5552 0.1296 -0.0098 0.2347 5.3900 -4.2750 0.9745
251 1.2381 1.5747 0.1272 -0.0476 0.2743 5.6352 -4.1950 0.9713
252 1.2387 1.5734 0.1308 -0.0465 0.2724 4.5046 -4.2700 0.9849
253 1.2392 1.5717 0.1266 -0.0456 0.2699 5.6841 -4.3040 1.0183
254 1.2384 1.5683 0.1296 -0.0474 0.2637 4.8046 -4.4670 1.0466
255 1.2355 1.5655 0.1266 -0.0533 0.2587 5.7203 -4.6170 1.0786
256 1.2312 1.5668 0.1296 -0.0620 0.2620 4.8408 -4.6270 1.0546
257 1.2281 1.5677 0.1278 -0.0684 0.2645 5.6118 -4.7820 1.1135
258 1.2247 1.5686 0.1315 -0.0756 0.2670 4.6570 -4.5970 1.0154
259 1.2221 1.5690 0.1278 -0.0810 0.2684 4.8724 -4.5920 1.0784
260 1.2176 1.5684 0.1284 -0.0904 0.2679 5.1111 -4.3130 0.9567
261 0.0001 0.0000 0.1290 -2.0000 -2.0000 5.7706 -4.3270 0.9856
262 0.0000 0.0000 0.1290 -2.0000 -2.0000 5.7885 -4.2840 0.9871
263 0.0000 0.0000 0.1290 -2.0000 -2.0000 5.6256 -4.3540 1.0009
264 0.0011 0.0000 0.1278 -2.0000 -2.0000 6.0308 -4.3860 0.9943
265 0.0025 0.0000 0.1296 -2.0000 -2.0000 5.5883 -4.3360 0.9983
266 0.0027 0.0000 0.1272 -2.0000 -2.0000 6.0781 -4.2390 0.9709
267 0.0026 0.0000 0.1195 -2.0000 -2.0000 6.8404 -4.2590 1.0061
268 0.0024 0.0000 0.1272 -2.0000 -2.0000 6.1757 -0.2980 -1.6805
269 0.0011 0.0000 0.1278 -2.0000 -2.0000 5.7520 -4.3350 1.0221
270 0.0000 0.0000 0.1302 -2.0000 -2.0000 5.0040 -4.3900 0.9965
271 0.0004 0.0000 0.1284 -2.0000 -2.0000 5.9528 -4.4140 1.0245
272 0.0022 0.0000 0.1302 -2.0000 -2.0000 5.9950 -4.4780 1.0343
273 0.0048 0.0000 0.1284 -2.0000 -2.0000 5.8076 -44.6460 27.7761
274 0.0071 0.0000 0.1290 -2.0000 -2.0000 6.1767 -4.8760 1.1184
275 0.0064 0.0000 0.1278 -2.0000 -2.0000 5.9158 -4.9940 1.1594
276 0.0043 0.0000 0.1302 -2.0000 -2.0000 5.8802 -5.1040 1.1696
277 0.0000 0.0000 0.1272 -2.0000 -2.0000 6.2018 -5.1090 1.1707
278 0.0000 0.0000 0.1195 -2.0000 -2.0000 7.0842 -5.2710 1.2063
279 0.0000 0.0000 0.1296 -2.0000 -2.0000 5.8231 -5.3050 1.2139
280 0.0000 0.0000 0.1296 -2.0000 -2.0000 5.9617 -5.2680 1.2057
281 1.2721 1.5150 0.1195 0.0188 0.1613 7.0712 -5.2350 1.2103
282 1.2687 1.5155 0.1272 0.0122 0.1625 6.4066 -5.1080 1.1701
283 1.2618 1.5158 0.1284 -0.0014 0.1632 6.0375 -4.9460 1.1126
284 1.2555 1.5168 0.1284 -0.0140 0.1653 6.0553 -4.8820 1.3766
285 1.2436 1.5111 0.1183 -0.0379 0.1540 7.2232 -4.9230 1.1289
286 1.2303 1.5047 0.1272 -0.0646 0.1413 6.2370 -4.7130 1.0951
287 1.2178 1.4996 0.1278 -0.0901 0.1311 6.0629 -4.5160 1.0325
288 1.2097 1.4949 0.1302 -0.1065 0.1218 5.1906 -4.3780 0.9938
289 1.1956 1.4882 0.1290 -0.1353 0.1082 5.3549 -4.2860 1.0036
290 1.1796 1.4806 0.1284 -0.1681 0.0928 6.2782 -4.2970 0.9980
291 1.2724 1.5125 0.1290 0.0179 0.1567 6.0425 0.8200 -0.1502
292 1.2724 1.5111 0.1284 0.0179 0.1541 6.3748 -4.5080 1.0486
293 1.2728 1.5080 0.1260 0.0191 0.1479 6.6219 -4.5660 1.0343
294 1.2727 1.5032 0.1201 0.0191 0.1384 7.2902 -4.5620 1.0365
295 1.2687 1.4995 0.1284 0.0112 0.1310 6.4298 -4.4900 1.0334
296 1.2707 1.4983 0.1201 0.0155 0.1286 7.2663 -4.4750 1.0439
297 1.2743 1.4984 0.1284 0.0229 0.1287 6.4665 -4.4110 0.9820
298 1.2748 1.4955 0.1284 0.0242 0.1229 6.4806 -4.4060 1.0210
299 1.2761 1.4944 0.1290 0.0270 0.1206 6.4266 -4.3530 0.9967
300 1.2755 1.4951 0.1296 0.0261 0.1220 6.3103 -4.2690 1.0132
301 1.2713 1.5110 0.1266 0.0179 0.1539 6.8698 -4.2230 0.9295
302 1.2622 1.5057 0.1284 -0.0003 0.1433 5.5973 -4.1750 0.9624
303 1.2481 1.5008 0.1260 -0.0284 0.1335 6.3761 -4.3220 1.0107
304 1.2316 1.4934 0.1290 -0.0615 0.1187 5.5030 -4.2680 0.9462
305 1.2087 1.4801 0.1266 -0.1078 0.0919 6.6398 -4.3290 1.0247
306 1.1863 1.4661 0.1296 -0.1532 0.0636 5.5830 -4.3140 1.0089
307 1.1640 1.4469 0.1296 -0.1987 0.0247 6.3130 -4.1870 0.9375
308 1.1451 1.4283 0.1218 -0.2375 -0.0132 7.3823 -4.2840 0.9800
309 1.1243 1.4036 0.1201 -0.2804 -0.0637 7.6119 -4.3480 0.9925
310 1.1055 1.3744 0.1290 -0.3194 -0.1232 6.6179 -4.2530 0.9486
311 0.0011 0.0010 0.1272 -2.0000 -2.0000 6.9107 -4.4250 1.0390
312 0.0000 0.0000 0.1278 -2.0000 -2.0000 6.7955 -4.5440 1.0753
313 0.0000 0.0000 0.1284 -2.0000 -2.0000 6.6163 -4.3900 0.9649
314 0.0000 0.0000 0.1308 -2.0000 -2.0000 6.4022 -4.3840 1.0316
315 0.0000 0.0000 0.1189 -2.0000 -2.0000 7.7918 -4.2840 0.9934
316 0.0000 0.0000 0.1284 -2.0000 -2.0000 7.0355 -4.2820 0.9618
317 0.0000 0.0000 0.1207 -2.0000 -2.0000 7.6180 -4.3340 1.0196
318 0.0000 0.0000 0.1308 -2.0000 -2.0000 6.7184 -4.1060 0.9159
319 0.0000 0.0000 0.1195 -2.0000 -2.0000 7.8514 -4.0580 0.9502
320 0.0000 0.0000 0.1302 -2.0000 -2.0000 6.7634 -3.9910 0.9064
321 0.0008 0.0000 0.1278 -2.0000 -2.0000 6.7061 -4.1860 0.9871
322 0.0000 0.0000 0.1272 -2.0000 -2.0000 6.8566 -4.2240 0.9716
323 0.0000 0.0000 0.1278 -2.0000 -2.0000 5.9163 -4.4680 1.0744
324 0.0000 0.0000 0.1272 -2.0000 -2.0000 7.0749 -4.5370 1.0265
325 0.0000 0.0000 0.1278 -2.0000 -2.0000 6.0109 -4.7250 1.1236
326 0.0000 0.0000 0.1278 -2.0000 -2.0000 6.9179 -4.8360 1.1318
327 0.0000 0.0000 0.1278 -2.0000 -2.0000 7.1177 -4.7510 1.0710
328 0.0000 0.0000 0.1278 -2.0000 -2.0000 6.9541 -4.7970 1.1227
329 0.0000 0.0000 0.1290 -2.0000 -2.0000 6.9479 -4.8720 1.1376
330 0.0000 0.0000 0.1278 -2.0000 -2.0000 7.2900 -4.9310 1.1258
331 1.2550 1.5599 0.1296 -0.0204 0.2484 6.6617 -4.8410 1.1120
332 1.2553 1.5582 0.1201 -0.0197 0.2455 8.0065 -4.6380 1.0214
333 1.2567 1.5609 0.1260 -0.0169 0.2515 7.1938 -4.6150 1.0426
334 1.2582 1.5642 0.1207 -0.0138 0.2588 7.9729 -4.5240 1.0561
335 1.2581 1.5638 0.1266 -0.0139 0.2586 7.4002 -4.5120 1.0503
336 1.2599 1.5640 0.1213 -0.0101 0.2596 7.9993 -4.5250 1.0150
337 1.2626 1.5650 0.1284 -0.0047 0.2623 7.0376 -4.4520 1.0299
338 1.2600 1.5589 0.1308 -0.0098 0.2507 6.9450 -4.2710 0.9691
339 1.2561 1.5530 0.1272 -0.0175 0.2393 7.2186 -4.2380 0.9880
340 1.2506 1.5437 0.1278 -0.0285 0.2213 7.2210 -4.2710 1.0065
341 1.2531 1.5637 0.1278 -0.0235 0.2618 7.2960 -4.2240 0.9698
342 1.2568 1.5684 0.1296 -0.0161 0.2719 6.9749 -4.1340 0.9533
343 1.2606 1.5694 0.1266 -0.0083 0.2747 7.4770 -3.9962 0.9299
344 1.2666 1.5720 0.1302 0.0038 0.2805 6.8176 -3.9720 0.9173
345 1.2718 1.5748 0.1296 0.0145 0.2869 7.1501 -4.1380 0.9555
346 1.2731 1.5785 0.1296 0.0174 0.2950 7.1077 -4.2580 1.0121
347 1.2703 1.5832 0.1284 0.0119 0.3054 7.3318 -4.2190 0.9722
348 1.2647 1.5885 0.1290 0.0008 0.3168 7.1557 -4.5480 1.0770
349 1.2559 1.5941 0.1278 -0.0167 0.3288 7.3794 -4.5540 1.0699
350 1.2485 1.6031 0.1308 -0.0316 0.3480 6.9719 -4.6720 1.0535
351 1.2517 1.5633 0.1284 -0.0251 0.2690 7.1586 -4.5830 1.0532
352 1.2459 1.5659 0.1278 -0.0368 0.2749 6.5392 -4.5320 1.0668
353 1.2346 1.5644 0.1278 -0.0596 0.2725 7.4486 -4.3980 0.9720
354 1.2176 1.5599 0.1302 -0.0939 0.2641 6.4008 -4.2420 0.9751
355 1.1973 1.5576 0.1284 -0.1349 0.2600 7.4125 -4.2110 0.9851
356 1.1754 1.5556 0.1284 -0.1795 0.2566 7.7959 -4.1290 0.9077
357 1.1520 1.5546 0.1284 -0.2274 0.2552 7.4483 -4.1170 0.9464
358 1.1288 1.5525 0.1284 -0.2749 0.2515 7.8933 -3.9930 0.9304
359 1.1070 1.5509 0.1189 -0.3200 0.2487 8.4433 -3.9970 0.8975
360 1.0875 1.5494 0.1302 -0.3606 0.2463 7.4658 -3.9390 0.9255
361 1.0738 1.5461 0.1278 -0.3898 0.2401 7.5893 -4.0140 0.9026
362 1.0582 1.5420 0.1278 -0.4227 0.2325 7.6678 -4.0310 0.9006
363 1.0435 1.5366 0.1183 -0.4544 0.2219 8.4022 -4.0890 0.9709
364 1.0338 1.5313 0.1266 -0.4758 0.2116 7.9099 -4.0850 0.9442
365 1.0260 1.5244 0.1278 -0.4936 0.1981 7.4212 -4.1085 0.9189
366 1.0204 1.5109 0.1284 -0.5072 0.1712 7.7289 -4.0000 0.8772
367 1.0150 1.4980 0.1284 -0.5204 0.1453 7.3847 0.1940 -0.0103
368 1.0026 1.4920 0.1284 -0.5477 0.1333 7.7650 -4.4350 1.0822
369 0.9847 1.4918 0.1272 -0.5860 0.1327 7.8071 -4.3730 1.0247
370 0.9619 1.4897 0.1290 -0.6346 0.1285 7.6073 -4.2910 0.9682
371 0.9313 1.4857 0.1290 -0.6989 0.1204 7.5047 -4.3000 0.9903
372 0.8961 1.4853 0.1266 -0.7728 0.1194 7.8730 -4.3800 1.0138
373 0.8576 1.4900 0.1290 -0.8539 0.1287 7.5408 -4.5140 1.0379
374 0.8157 1.4988 0.1278 -0.9419 0.1463 8.0071 -4.7150 1.1351
375 0.7663 1.5072 0.1284 -1.0456 0.1631 7.7099 -4.7880 1.1229
376 0.7068 1.5143 0.1290 -1.1700 0.1775 7.6553 -4.8130 1.0888
377 0.6382 1.5190 0.1272 -1.3133 0.1870 7.1191 -5.0590 1.1876
378 0.5638 1.5294 0.1278 -1.4690 0.2083 8.1412 -5.1590 1.2126
379 0.4896 1.5436 0.1284 -1.6250 0.2370 7.7828 -5.0790 1.1276
380 0.4203 1.5560 0.1302 -1.7719 0.2623 7.8858 -5.0810 1.1431
count posx posy posz xout yout zout heading hd_out
1 0.0000 0.0000 0.0000 0.0000 0.0000 0.0000 0.0000 0.0000
2 0.0000 0.0000 0.1272 0.0000 0.0000 0.0000 -3.7900 0.8609
3 0.0000 0.0000 0.1278 0.0000 0.0000 0.0000 -3.8753 0.8858
4 0.0000 0.0001 0.1302 0.0000 0.0001 0.0000 -4.0100 0.8863
5 0.0000 0.0003 0.1278 0.0000 0.0006 0.0000 -4.3850 1.0092
6 0.0000 0.0006 0.1296 0.0000 0.0012 0.0000 3.9050 -0.8408
7 0.0000 0.0009 0.1272 0.0000 0.0019 0.0000 -4.0560 0.9422
8 0.0000 0.0009 0.1296 0.0000 0.0018 0.0000 -4.1620 0.9609
9 0.0000 0.0000 0.1266 0.0000 0.0000 0.0000 -4.1720 0.9551
10 0.0000 0.0000 0.1278 0.0000 0.0000 0.0000 -4.2210 0.9967
11 1.2440 1.5490 0.1284 -0.0121 0.0985 0.4391 -3.7900 0.6970
12 1.2437 1.5491 0.1201 -0.0127 0.0992 2.4043 -4.1700 0.9796
13 1.2432 1.5492 0.1260 -0.0138 0.1000 1.5918 -4.1350 0.9317
14 1.2422 1.5494 0.1308 -0.0159 0.1008 1.3305 -4.1410 0.9567
15 1.2408 1.5496 0.1272 -0.0187 0.1017 1.7855 -4.1820 0.9742
16 1.2391 1.5498 0.1302 -0.0223 0.1026 1.3185 -4.2810 1.0065
17 1.2371 1.5500 0.1296 -0.0264 0.1035 1.4094 -4.2770 0.9936
18 1.2351 1.5504 0.1218 -0.0306 0.1048 1.4128 -4.2780 0.9769
19 1.2329 1.5507 0.1278 -0.0351 0.1060 1.6043 -4.3010 0.9914
20 1.2315 1.5508 0.1284 -0.0382 0.1065 1.7241 -4.3830 1.0136
21 1.2431 1.5420 0.1278 -0.0150 0.0895 1.4494 -4.3710 1.0110
22 1.2431 1.5421 0.1315 -0.0150 0.0900 1.4490 -4.4360 1.0250
23 1.2429 1.5421 0.1284 -0.0154 0.0904 1.4693 -4.5190 1.0323
24 1.2425 1.5420 0.1290 -0.0163 0.0907 1.8999 -4.6360 1.0632
25 1.2419 1.5419 0.1266 -0.0177 0.0908 1.9637 -4.5650 1.0385
26 1.2410 1.5417 0.1290 -0.0195 0.0909 1.6917 -4.5700 1.0588
27 1.2400 1.5414 0.1207 -0.0217 0.0908 2.5909 -4.5540 1.0454
28 1.2386 1.5411 0.1272 -0.0245 0.0906 1.8849 -4.4420 1.0125
29 1.2370 1.5408 0.1296 -0.0280 0.0904 1.5518 -4.3780 0.9880
30 1.2357 1.5406 0.1302 -0.0307 0.0904 1.7356 -4.2770 0.9584
31 1.2249 1.5570 0.1278 -0.0524 0.1237 1.6784 -4.0670 0.8992
32 1.2250 1.5570 0.1296 -0.0526 0.1243 1.7196 -4.0050 0.9228
33 1.2249 1.5570 0.1266 -0.0530 0.1249 1.7392 -4.0050 0.9304
34 1.2246 1.5571 0.1284 -0.0538 0.1256 1.9017 -3.8800 0.8861
35 1.2242 1.5572 0.1266 -0.0548 0.1264 1.9556 -3.9000 0.8941
36 1.2237 1.5573 0.1284 -0.0561 0.1271 1.9382 -3.9560 0.9320
37 1.2231 1.5573 0.1272 -0.0577 0.1279 1.7400 -4.0130 0.9001
38 1.2223 1.5574 0.1284 -0.0594 0.1285 1.9748 -3.9710 0.9041
39 1.2215 1.5574 0.1260 -0.0615 0.1290 2.2219 -3.8980 0.9044
40 1.2208 1.5574 0.1272 -0.0630 0.1296 2.0280 -3.9730 0.9362
41 1.2479 1.5580 0.1272 -0.0088 0.1315 2.1636 -4.0090 0.9228
42 1.2476 1.5580 0.1296 -0.0095 0.1321 1.7698 -4.0380 0.9293
43 1.2471 1.5581 0.1266 -0.0106 0.1328 2.2717 -4.1470 0.9638
44 1.2463 1.5582 0.1296 -0.0122 0.1336 0.9171 -4.1440 0.9653
45 1.2453 1.5583 0.1284 -0.0143 0.1343 1.9703 -4.2510 1.0034
46 1.2439 1.5584 0.1272 -0.0170 0.1352 2.1937 -4.3560 1.0192
47 1.2425 1.5585 0.1189 -0.0199 0.1360 3.1467 -4.5400 1.0619
48 1.2409 1.5586 0.1278 -0.0234 0.1368 2.4626 -4.5550 1.0265
49 1.2389 1.5588 0.1195 -0.0274 0.1377 3.1130 -4.4430 1.0101
50 1.2373 1.5589 0.1296 -0.0308 0.1386 1.8516 -4.4450 1.0190
51 1.2459 1.5490 0.1266 -0.0135 0.1193 2.2289 -4.4270 1.0096
52 1.2458 1.5491 0.1302 -0.0138 0.1200 2.1747 -4.3165 0.9835
53 1.2455 1.5492 0.1278 -0.0145 0.1206 2.1206 0.2920 -2.1200
54 1.2449 1.5494 0.1284 -0.0157 0.1215 2.3688 -4.1440 0.9498
55 1.2440 1.5499 0.1284 -0.0176 0.1229 1.2554 -4.1740 0.9907
56 1.2432 1.5515 0.1302 -0.0192 0.1266 2.0039 -4.1500 0.9569
57 1.2421 1.5539 0.1260 -0.0214 0.1321 2.4697 -4.2500 0.9729
58 1.2408 1.5566 0.1201 -0.0243 0.1379 3.2592 -4.3820 1.0227
59 1.2391 1.5593 0.1260 -0.0276 0.1440 2.4464 -4.5260 1.0357
60 1.2381 1.5610 0.1290 -0.0299 0.1480 2.2160 -4.6240 1.0775
61 1.2559 1.5650 0.1290 0.0059 0.1567 1.3395 0.0000 0.0334
62 1.2559 1.5650 0.1302 0.0059 0.1573 2.1026 -4.9210 1.1311
63 1.2558 1.5650 0.1284 0.0057 0.1580 2.3927 -4.9500 1.1296
64 1.2555 1.5650 0.1296 0.0052 0.1587 2.4476 -4.9830 1.1436
65 1.2551 1.5649 0.1278 0.0045 0.1591 2.2601 -4.9850 1.1538
66 1.2546 1.5648 0.1308 0.0036 0.1594 2.1551 -4.8380 1.1122
67 1.2540 1.5645 0.1266 0.0024 0.1595 2.4412 -4.9520 1.1353
68 1.2533 1.5642 0.1290 0.0010 0.1595 2.4105 -5.0100 0.7121
69 1.2524 1.5636 0.1260 -0.0009 0.1591 2.6092 0.9590 -2.7883
70 1.2515 1.5631 0.1290 -0.0026 0.1586 1.4919 -5.0910 1.1867
71 1.2342 1.5380 0.1272 -0.0374 0.1088 2.4345 -5.1310 1.1819
72 1.2341 1.5379 0.1278 -0.0377 0.1090 2.5010 -5.1180 1.1669
73 1.2339 1.5378 0.1284 -0.0383 0.1091 2.3862 -5.1470 1.1845
74 1.2333 1.5376 0.1266 -0.0396 0.1092 2.8026 -5.1690 1.1730
75 1.2324 1.5374 0.1266 -0.0417 0.1091 2.5799 -5.1470 1.1787
76 1.2311 1.5371 0.1290 -0.0444 0.1089 2.4282 -5.1350 1.1765
77 1.2296 1.5368 0.1272 -0.0476 0.1086 1.7175 -5.0990 1.1667
78 1.2280 1.5364 0.1266 -0.0511 0.1083 2.9371 -5.1740 1.1847
79 1.2261 1.5361 0.1278 -0.0550 0.1079 1.7402 0.1780 -2.3554
80 1.2249 1.5358 0.1296 -0.0577 0.1078 2.5428 -5.0380 3.4759
81 1.2379 1.5510 0.1272 -0.0318 0.1387 2.0718 -5.0380 1.1478
82 1.2375 1.5510 0.1308 -0.0327 0.1392 2.4287 -4.8920 1.1024
83 1.2368 1.5509 0.1260 -0.0344 0.1396 2.6673 -4.8180 1.0926
84 1.2354 1.5507 0.1278 -0.0373 0.1396 2.7695 -4.8010 1.0897
85 1.2337 1.5503 0.1254 -0.0408 0.1394 2.7159 -4.7640 1.1006
86 1.2317 1.5499 0.1278 -0.0450 0.1389 1.9152 -4.8120 1.0993
87 1.2293 1.5493 0.1254 -0.0500 0.1383 2.8125 -4.7400 1.0948
88 1.2266 1.5485 0.1290 -0.0557 0.1372 1.9236 -4.6320 1.0575
89 1.2238 1.5476 0.1278 -0.0615 0.1359 2.6803 -4.5960 1.0499
90 1.2215 1.5468 0.1315 -0.0664 0.1348 2.5586 -4.5220 1.0116
91 1.2330 1.5430 0.1278 -0.0435 0.1275 2.8898 -4.5670 1.0497
92 1.2329 1.5429 0.1284 -0.0439 0.1279 2.8351 -4.7690 1.1240
93 1.2324 1.5429 0.1290 -0.0452 0.1281 2.5996 -4.8110 1.1017
94 1.2316 1.5427 0.1266 -0.0468 0.1283 2.9676 -4.8320 1.1202
95 1.2307 1.5426 0.1278 -0.0488 0.1284 2.8417 -4.8380 1.1269
96 1.2297 1.5424 0.1278 -0.0510 0.1285 3.0409 -4.8560 1.1353
97 1.2286 1.5419 0.1284 -0.0535 0.1280 2.0349 -4.8580 1.1122
98 1.2272 1.5414 0.1290 -0.0566 0.1273 2.8716 -4.7340 1.0668
99 1.2253 1.5408 0.1284 -0.0605 0.1265 3.0229 -4.6060 1.0437
100 1.2236 1.5403 0.1302 -0.0642 0.1259 2.8186 -4.5390 1.0390
101 1.2319 1.5650 0.1266 -0.0478 0.1760 2.4930 -4.4160 1.0098
102 1.2315 1.5649 0.1284 -0.0488 0.1765 3.0093 -4.4190 1.0279
103 1.2308 1.5648 0.1272 -0.0503 0.1769 3.1126 -4.3000 0.9662
104 1.2300 1.5646 0.1296 -0.0522 0.1772 3.0831 4.2790 -0.9245
105 1.2289 1.5644 0.1278 -0.0547 0.1773 2.9562 -44.1280 27.6466
106 1.2276 1.5640 0.1315 -0.0574 0.1772 2.7772 -3.9340 4.8755
107 1.2261 1.5636 0.1266 -0.0606 0.1770 3.2571 -3.7660 0.8603
108 1.2245 1.5640 0.1302 -0.0642 0.1785 2.1838 -3.6350 0.8409
109 1.2225 1.5655 0.1172 -0.0683 0.1822 4.5459 -3.7280 0.8639
110 1.2208 1.5667 0.1308 -0.0722 0.1853 2.7987 -3.7650 0.8779
111 1.2628 1.5250 0.1278 0.0121 0.1021 3.3636 -3.6790 0.8365
112 1.2625 1.5251 0.1272 0.0115 0.1026 3.1481 -3.5420 0.7753
113 1.2617 1.5254 0.1260 0.0101 0.1033 3.3104 -3.4370 0.7871
114 1.2606 1.5256 0.1290 0.0080 0.1040 3.2083 -3.2950 0.7626
115 1.2592 1.5258 0.1260 0.0052 0.1047 3.5277 -3.4170 0.8040
116 1.2575 1.5261 0.1290 0.0020 0.1055 3.2443 -3.4380 0.7922
117 1.2560 1.5265 0.1296 -0.0010 0.1066 2.1217 -3.5190 0.8240
118 1.2544 1.5270 0.1296 -0.0042 0.1080 3.2686 -3.5360 0.8336
119 1.2528 1.5277 0.1272 -0.0073 0.1095 3.6990 -3.6390 0.8472
120 1.2514 1.5282 0.1290 -0.0102 0.1109 3.2525 -3.6590 0.8592
121 1.2539 1.5350 0.1266 -0.0051 0.1248 3.4964 -3.5830 0.8200
122 1.2535 1.5350 0.1284 -0.0058 0.1251 3.4182 -3.5960 0.8314
123 1.2528 1.5349 0.1266 -0.0071 0.1253 3.4726 -3.5970 0.8423
124 1.2519 1.5348 0.1278 -0.0090 0.1254 3.2863 -3.5200 0.8078
125 1.2506 1.5344 0.1272 -0.0116 0.1249 3.4373 -3.3770 0.7604
126 1.2490 1.5340 0.1278 -0.0147 0.1245 2.8470 -3.4950 0.8138
127 1.2472 1.5335 0.1272 -0.0184 0.1239 3.4139 -3.4590 0.8182
128 1.2451 1.5333 0.1296 -0.0226 0.1238 3.5652 -3.3540 0.7570
129 1.2428 1.5331 0.1183 -0.0274 0.1237 4.6349 -3.2880 0.7566
130 1.2408 1.5330 0.1308 -0.0314 0.1238 3.2687 -3.2360 0.7455
131 1.2610 1.5230 0.1284 0.0090 0.1040 3.3337 -3.0510 0.6883
132 1.2606 1.5228 0.1296 0.0085 0.1039 2.4964 -2.9350 0.7163
133 1.2601 1.5227 0.1260 0.0075 0.1039 3.5402 -3.0330 0.7083
134 1.2595 1.5225 0.1278 0.0065 0.1037 3.6423 -2.8470 0.6562
135 1.2589 1.5222 0.1266 0.0054 0.1034 2.6822 -2.7880 0.6663
136 1.2580 1.5219 0.1284 0.0036 0.1029 3.6675 -2.7950 0.6594
137 1.2569 1.5215 0.1272 0.0015 0.1024 3.5890 -2.8700 0.6947
138 1.2556 1.5211 0.1201 -0.0011 0.1018 4.7646 -3.1480 0.7584
139 1.2540 1.5206 0.1272 -0.0043 0.1010 3.8065 -3.2550 0.7693
140 1.2530 1.5203 0.1272 -0.0063 0.1006 3.9386 -3.3950 0.8271
141 1.2522 1.5512 0.1278 -0.0078 0.1630 3.6989 -3.6990 0.9024
142 1.2524 1.5516 0.1278 -0.0074 0.1643 3.6567 -3.8160 0.9168
143 1.2525 1.5518 0.1278 -0.0072 0.1652 3.6152 -3.8640 0.8897
144 1.2524 1.5518 0.1266 -0.0073 0.1657 2.8939 -3.9020 0.9017
145 1.2522 1.5515 0.1284 -0.0077 0.1655 3.6999 -3.8680 0.9026
146 1.2519 1.5509 0.1278 -0.0084 0.1650 2.8436 -3.9240 0.8986
147 1.2513 1.5503 0.1195 -0.0096 0.1641 4.8063 -3.9250 0.8774
148 1.2505 1.5495 0.1284 -0.0110 0.1632 3.9362 -3.8390 0.8730
149 1.2496 1.5489 0.1201 -0.0128 0.1624 4.8327 -3.9020 0.9093
150 1.2488 1.5484 0.1278 -0.0145 0.1619 4.1633 -3.9390 0.9010
151 1.2429 1.5570 0.1260 -0.0263 0.1796 3.9103 -3.7290 0.8525
152 1.2427 1.5569 0.1272 -0.0269 0.1800 4.0249 -3.7440 0.8679
153 1.2422 1.5566 0.1284 -0.0279 0.1801 2.8915 -3.8190 0.8783
154 1.2414 1.5562 0.1284 -0.0295 0.1798 4.1602 -3.7310 0.8610
155 1.2406 1.5557 0.1284 -0.0313 0.1794 3.9349 -3.6110 0.8267
156 1.2396 1.5551 0.1308 -0.0333 0.1787 3.7821 -3.0000 0.7010
157 1.2383 1.5544 0.1272 -0.0362 0.1779 4.0554 -3.4190 0.7809
158 1.2366 1.5537 0.1213 -0.0397 0.1770 4.9691 -0.0230 -1.4320
159 1.2348 1.5530 0.1260 -0.0434 0.1761 4.1156 -3.1210 0.7132
160 1.2332 1.5524 0.1278 -0.0468 0.1755 4.1554 -3.1030 0.7243
161 1.2379 1.5500 0.1278 -0.0375 0.1711 4.1092 -2.9900 0.6921
162 1.2376 1.5500 0.1290 -0.0382 0.1717 3.0329 -3.0590 0.7163
163 1.2372 1.5500 0.1272 -0.0392 0.1721 3.9773 -2.9910 0.6856
164 1.2366 1.5498 0.1290 -0.0405 0.1722 4.0185 -2.8630 0.6607
165 1.2357 1.5493 0.1254 -0.0424 0.1716 4.4709 -2.7310 0.6122
166 1.2346 1.5486 0.1290 -0.0449 0.1709 3.6948 -2.7840 0.6529
167 1.2332 1.5480 0.1272 -0.0477 0.1700 4.3517 -2.8300 0.6707
168 1.2316 1.5473 0.1284 -0.0510 0.1691 4.0439 -2.6920 0.6146
169 1.2299 1.5465 0.1278 -0.0548 0.1680 4.0745 -2.6490 0.6215
170 1.2282 1.5458 0.1290 -0.0584 0.1671 4.1851 -2.7630 0.6780
171 1.2609 1.5410 0.1195 0.0071 0.1579 5.0410 -2.8410 0.6660
172 1.2605 1.5411 0.1266 0.0064 0.1585 4.3267 -2.7880 0.6355
173 1.2598 1.5411 0.1278 0.0052 0.1590 3.4300 -2.7720 0.6556
174 1.2589 1.5410 0.1272 0.0035 0.1591 4.4121 -2.5730 0.5877
175 1.2575 1.5410 0.1278 0.0008 0.1596 4.3578 -2.5300 0.5799
176 1.2559 1.5413 0.1224 -0.0023 0.1604 4.9604 -2.5420 0.6053
177 1.2539 1.5414 0.1284 -0.0063 0.1612 4.3220 -2.6240 0.6173
178 1.2514 1.5419 0.1284 -0.0114 0.1625 4.2792 -2.7690 0.6776
179 1.2479 1.5423 0.1278 -0.0184 0.1638 4.3700 -2.8270 0.6794
180 1.2457 1.5424 0.1284 -0.0229 0.1645 4.4296 -2.8750 0.6776
181 1.2508 1.5419 0.1290 -0.0127 0.1637 4.1302 -3.0170 0.7048
182 1.2503 1.5416 0.1308 -0.0136 0.1637 4.1707 -3.0670 0.7159
183 1.2499 1.5408 0.1266 -0.0144 0.1624 4.3970 -3.7160 0.8603
184 1.2495 1.5394 0.1290 -0.0153 0.1600 4.3659 -3.2290 0.7657
185 1.2489 1.5377 0.1183 -0.0164 0.1569 5.4254 -3.2650 0.7840
186 1.2481 1.5357 0.1290 -0.0180 0.1533 4.5240 -3.2160 0.7370
187 1.2473 1.5338 0.1272 -0.0196 0.1500 4.6387 -3.1740 0.7268
188 1.2462 1.5318 0.1284 -0.0218 0.1463 4.5723 -3.0720 0.7068
189 1.2449 1.5300 0.1290 -0.0247 0.1429 3.3343 -2.9500 0.6778
190 1.2438 1.5289 0.1272 -0.0269 0.1411 4.5656 -2.9600 0.6881
191 1.2558 1.5490 0.1284 -0.0028 0.1817 4.4955 -3.0410 0.7237
192 1.2552 1.5488 0.1284 -0.0039 0.1818 4.6351 -3.0090 0.6910
193 1.2541 1.5484 0.1266 -0.0060 0.1815 4.7493 -3.0430 0.7168
194 1.2522 1.5479 0.1278 -0.0098 0.1810 4.9844 -2.9810 0.6798
195 1.2484 1.5467 0.1278 -0.0175 0.1790 4.6375 -3.1380 0.7317
196 1.2440 1.5454 0.1308 -0.0264 0.1770 4.4722 -3.2000 0.7468
197 1.2391 1.5442 0.1260 -0.0362 0.1749 3.9435 -3.2090 0.7430
198 1.2336 1.5428 0.1284 -0.0474 0.1725 4.6798 -3.3060 0.7691
199 1.2278 1.5412 0.1266 -0.0593 0.1698 4.7342 -3.4230 0.7973
200 1.2230 1.5399 0.1183 -0.0691 0.1675 5.9827 -3.2910 0.7644
201 1.2328 1.5830 0.1266 -0.0497 0.2545 4.7642 -3.3040 0.7659
202 1.2324 1.5829 0.1302 -0.0507 0.2553 4.5840 -3.3180 0.7784
203 1.2315 1.5829 0.1260 -0.0526 0.2560 5.1716 -3.3020 0.7597
204 1.2302 1.5822 0.1296 -0.0554 0.2555 4.5726 -3.2560 0.7633
205 1.2284 1.5812 0.1290 -0.0592 0.2542 4.8452 -3.1660 0.7437
206 1.2263 1.5799 0.1290 -0.0637 0.2524 4.6214 -3.0840 0.7174
207 1.2237 1.5781 0.1272 -0.0691 0.2497 4.8572 -3.1130 0.7408
208 1.2208 1.5759 0.1278 -0.0753 0.2460 4.7427 -3.2010 0.7537
209 1.2175 1.5731 0.1272 -0.0821 0.2411 4.0651 -3.2700 0.7744
210 1.2148 1.5705 0.1284 -0.0879 0.2367 5.0053 -3.2510 0.7501
211 1.2408 1.5579 0.1272 -0.0359 0.2120 4.3279 -3.2790 0.7582
212 1.2403 1.5576 0.1296 -0.0371 0.2120 4.7708 -3.3930 0.8067
213 1.2396 1.5572 0.1254 -0.0387 0.2118 5.1153 -3.4520 0.8207
214 1.2383 1.5567 0.1296 -0.0412 0.2114 4.7475 -3.5770 0.8178
215 1.2365 1.5564 0.1260 -0.0450 0.2113 5.0202 -3.5630 0.8147
216 1.2340 1.5561 0.1284 -0.0503 0.2112 4.8693 -3.4640 0.8109
217 1.2310 1.5556 0.1266 -0.0564 0.2108 4.9252 -3.5640 0.8425
218 1.2274 1.5547 0.1290 -0.0639 0.2096 4.9541 -3.6530 0.8481
219 1.2232 1.5536 0.1260 -0.0725 0.2079 5.3947 -3.6140 0.8376
220 1.2208 1.5531 0.1189 -0.0776 0.2074 6.0148 -3.7200 0.8599
221 1.2287 1.5320 0.1195 -0.0620 0.1655 5.9598 -3.7200 0.8487
222 1.2274 1.5320 0.1272 -0.0649 0.1658 5.0533 -3.5930 0.8360
223 1.2251 1.5317 0.1266 -0.0696 0.1657 4.3756 -3.5280 0.7953
224 1.2220 1.5315 0.1272 -0.0761 0.1654 5.2709 -3.5350 0.8303
225 1.2181 1.5303 0.1266 -0.0842 0.1633 5.3615 -3.8070 0.9433
226 1.2117 1.5276 0.1183 -0.0974 0.1583 6.3720 -3.9260 0.9061
227 1.2037 1.5261 0.1272 -0.1138 0.1556 5.3259 -4.0230 0.9233
228 1.1942 1.5253 0.1302 -0.1334 0.1543 5.1013 -4.0670 0.9317
229 1.1839 1.5247 0.1284 -0.1547 0.1532 5.0360 -4.0150 0.9295
230 1.1776 1.5244 0.1296 -0.1681 0.1529 5.2036 -4.0490 0.9460
231 1.2721 1.5498 0.1296 0.0212 0.2043 5.0366 -4.0940 0.9458
232 1.2716 1.5498 0.1290 0.0203 0.2047 5.1879 -4.2190 0.9691
233 1.2710 1.5491 0.1278 0.0193 0.2039 5.1107 -4.2450 0.9887
234 1.2701 1.5479 0.1284 0.0178 0.2020 5.2371 -4.1340 0.9190
235 1.2696 1.5456 0.1272 0.0171 0.1978 5.4605 -4.1870 1.0190
236 1.2687 1.5454 0.1290 0.0154 0.1978 4.4867 -4.2720 1.0067
237 1.2638 1.5448 0.1272 0.0057 0.1970 5.4967 -4.2530 0.9705
238 1.2579 1.5436 0.1290 -0.0061 0.1951 5.2366 -4.1710 0.9615
239 1.2513 1.5429 0.1296 -0.0193 0.1941 4.4094 -4.3400 6.9331
240 1.2454 1.5417 0.1189 -0.0311 0.1922 6.7245 -4.3900 0.9805
241 1.2580 1.5566 0.1290 -0.0057 0.2225 4.4535 -4.3910 1.0043
242 1.2575 1.5566 0.1189 -0.0066 0.2230 6.4546 -4.4760 1.0147
243 1.2571 1.5568 0.1278 -0.0074 0.2240 5.5269 -4.4860 1.0334
244 1.2554 1.5560 0.1284 -0.0108 0.2230 5.3514 -4.5320 1.0112
245 1.2532 1.5551 0.1278 -0.0151 0.2218 5.5024 -4.4990 1.0439
246 1.2510 1.5538 0.1278 -0.0195 0.2197 4.6320 -4.4970 1.0345
247 1.2494 1.5538 0.1278 -0.0227 0.2203 5.4797 -4.5420 1.0512
248 1.2477 1.5533 0.1284 -0.0262 0.2196 5.8502 -4.6650 1.1053
249 1.2450 1.5510 0.1195 -0.0316 0.2156 6.4531 -4.7560 1.0989
250 1.2433 1.5492 0.1290 -0.0350 0.2126 5.6237 -4.7520 1.0699
251 1.2573 1.5502 0.1207 -0.0070 0.2150 6.5190 -4.8940 1.1416
252 1.2560 1.5511 0.1296 -0.0095 0.2173 5.5226 -5.0550 1.1890
253 1.2539 1.5522 0.1260 -0.0136 0.2200 5.5552 -5.0280 1.1683
254 1.2509 1.5527 0.1278 -0.0198 0.2217 5.7171 -5.0000 1.1376
255 1.2471 1.5531 0.1254 -0.0273 0.2228 5.6634 -4.9830 1.1409
256 1.2433 1.5537 0.1278 -0.0349 0.2247 5.7540 -5.0780 1.1741
257 1.2397 1.5549 0.1254 -0.0423 0.2277 5.8799 -4.9320 1.1429
258 1.2376 1.5562 0.1284 -0.0466 0.2307 5.7178 -4.9810 1.1654
259 1.2367 1.5585 0.1296 -0.0485 0.2359 5.4095 -5.1740 1.2190
260 1.2370 1.5599 0.1296 -0.0481 0.2394 5.6617 -5.2270 1.2063
261 1.2350 1.5570 0.1278 -0.0522 0.2340 5.8944 -5.1310 1.1534
262 1.2346 1.5574 0.1266 -0.0532 0.2355 5.9965 -5.1460 1.1861
263 1.2340 1.5602 0.1284 -0.0545 0.2417 5.6166 -5.1500 1.1794
264 1.2324 1.5636 0.1266 -0.0580 0.2492 5.9119 -5.0570 1.1676
265 1.2300 1.5664 0.1272 -0.0630 0.2555 5.7979 -5.0670 1.1609
266 1.2264 1.5686 0.1266 -0.0704 0.2605 5.9487 -5.1610 1.1925
267 1.2211 1.5702 0.1290 -0.0813 0.2644 5.7377 -5.0600 1.1291
268 1.2132 1.5715 0.1284 -0.0975 0.2678 5.8885 -44.8760 27.8024
269 1.2045 1.5735 0.1284 -0.1153 0.2725 6.0279 -4.8670 1.1182
270 1.1964 1.5751 0.1308 -0.1320 0.2763 5.6891 -4.9990 1.1707
271 1.2476 1.5475 0.1284 -0.0296 0.2217 6.0563 -4.9330 1.1507
272 1.2480 1.5463 0.1302 -0.0288 0.2198 5.6732 -4.8150 1.0977
273 1.2439 1.5447 0.1260 -0.0371 0.2169 6.0196 -4.9370 1.1400
274 1.2424 1.5434 0.1302 -0.0401 0.2148 5.7100 -5.1490 1.1832
275 1.2389 1.5425 0.1260 -0.0474 0.2135 6.1158 -5.0110 1.1360
276 1.2346 1.5415 0.1302 -0.0560 0.2118 4.9744 -5.1190 1.1832
277 1.2304 1.5420 0.1266 -0.0646 0.2133 6.1406 -5.2030 1.2108
278 1.2261 1.5431 0.1296 -0.0735 0.2160 6.1596 -5.2670 1.1961
279 1.2218 1.5426 0.1172 -0.0823 0.2154 7.4290 -5.2290 1.1939
280 1.2183 1.5413 0.1296 -0.0898 0.2132 5.9494 -5.2210 1.2117
281 1.2658 1.5559 0.1272 0.0056 0.2429 6.1939 -5.1540 1.1896
282 1.2684 1.5566 0.1284 0.0109 0.2449 6.0675 -5.0980 1.1661
283 1.2706 1.5573 0.1248 0.0155 0.2468 6.2782 -5.1960 1.2097
284 1.2735 1.5575 0.1290 0.0215 0.2479 5.9107 -5.2460 1.1843
285 1.2767 1.5583 0.1278 0.0282 0.2501 5.4810 -5.2240 1.1781
286 1.2799 1.5587 0.1290 0.0349 0.2513 6.0072 -5.1360 1.1799
287 1.2828 1.5620 0.1290 0.0410 0.2586 6.2065 -5.1340 1.1478
288 1.2882 1.5638 0.1201 0.0521 0.2629 7.1759 -5.1300 1.1389
289 1.2868 1.5623 0.1278 0.0497 0.2605 6.2669 -5.1250 1.1845
290 1.2820 1.5599 0.1302 0.0406 0.2562 5.9902 -5.1710 1.1583
291 1.2458 1.5434 0.1266 -0.0319 0.2236 6.2006 -5.2370 1.2103
292 1.2454 1.5401 0.1296 -0.0328 0.2175 6.3961 -5.2360 1.2346
293 1.2446 1.5373 0.1284 -0.0345 0.2123 6.0755 -5.0200 1.1184
294 1.2465 1.5374 0.1278 -0.0307 0.2128 5.5163 -5.1110 1.1689
295 1.2500 1.5418 0.1290 -0.0236 0.2221 6.2807 -5.2390 1.2517
296 1.2585 1.5493 0.1278 -0.0065 0.2376 6.5652 -5.1620 1.1523
297 1.2706 1.5601 0.1207 0.0177 0.2598 7.2584 -5.2830 1.1885
298 1.2885 1.5751 0.1272 0.0540 0.2905 6.5525 -5.3570 1.2482
299 1.3118 1.5930 0.1296 0.1013 0.3272 6.1589 -5.2100 1.1803
300 1.3275 1.6021 0.1296 0.1333 0.3464 6.2903 -5.1090 1.1480
301 1.2517 1.5200 0.1272 -0.0182 0.1824 6.4784 -4.8760 1.1184
302 1.2523 1.5156 0.1284 -0.0170 0.1739 6.4082 -4.7720 1.0673
303 1.2580 1.5053 0.1272 -0.0055 0.1533 6.4515 -4.6290 1.0154
304 1.2634 1.4886 0.1266 0.0055 0.1198 6.6019 -4.6220 1.0637
305 1.2648 1.4688 0.1278 0.0083 0.0799 6.4756 -4.5123 1.0327
306 1.2626 1.4445 0.1183 0.0040 0.0308 7.6305 0.0000 0.0334
307 1.2577 1.4186 0.1272 -0.0056 -0.0219 6.6454 -4.6590 1.0915
308 1.2458 1.3932 0.1290 -0.0295 -0.0738 5.7320 -4.8020 1.1256
309 1.2292 1.3653 0.1260 -0.0629 -0.1309 6.7055 -4.7110 1.0457
310 1.2140 1.3406 0.1284 -0.0936 -0.1820 6.6722 -4.7900 1.1165
311 1.2593 1.5422 0.1272 -0.0030 0.2217 6.7110 -4.7630 1.0728
312 1.2592 1.5393 0.1266 -0.0031 0.2163 6.7411 -4.7110 1.0399
313 1.2548 1.5400 0.1290 -0.0118 0.2181 6.3494 -4.8190 1.1084
314 1.2519 1.5443 0.1272 -0.0176 0.2272 6.7657 -4.7710 1.0951
315 1.2506 1.5507 0.1278 -0.0202 0.2405 6.5915 -4.5960 1.0561
316 1.2539 1.5573 0.1278 -0.0136 0.2543 6.7907 -4.6486 1.0423
317 1.2574 1.5682 0.1284 -0.0065 0.2767 6.6154 -4.8770 -16.5849
318 1.2600 1.5735 0.1278 -0.0012 0.2881 6.9478 -4.6410 1.0661
319 1.2650 1.5698 0.1278 0.0090 0.2814 6.8446 -4.6590 1.0808
320 1.2702 1.5625 0.1272 0.0195 0.2674 7.1135 -4.5990 1.0608
321 1.2272 1.5386 0.1254 -0.0666 0.2199 7.2832 -4.5480 0.9947
322 1.2268 1.5375 0.1272 -0.0676 0.2181 7.0243 -4.4590 1.0061
323 1.2241 1.5375 0.1272 -0.0734 0.2185 6.8611 -4.4560 1.0490
324 1.2243 1.5341 0.1308 -0.0733 0.2119 5.6681 -4.3090 0.9794
325 1.2331 1.5236 0.1278 -0.0557 0.1913 6.9427 -4.3860 1.0138
326 1.2471 1.5094 0.1284 -0.0279 0.1629 7.1923 -4.4920 1.0784
327 1.2576 1.4980 0.1189 -0.0067 0.1401 7.9249 -4.5890 1.0506
328 1.2632 1.4858 0.1302 0.0046 0.1157 6.7661 -4.6280 1.0392
329 1.2734 1.4700 0.1266 0.0253 0.0837 6.9188 -4.7020 1.0957
330 1.2788 1.4555 0.1189 0.0363 0.0542 7.4993 -4.6940 1.0855
331 1.2376 1.5364 0.1296 -0.0462 0.2163 6.7057 -4.5810 1.0296
332 1.2342 1.5368 0.1278 -0.0531 0.2176 6.9420 -4.6200 1.0374
333 1.2304 1.5387 0.1260 -0.0610 0.2217 7.2975 -4.7730 1.1351
334 1.2295 1.5409 0.1201 -0.0630 0.2265 8.0262 -4.7630 1.1040
335 1.2273 1.5422 0.1260 -0.0676 0.2297 7.2735 -4.8370 1.0853
336 1.2232 1.5436 0.1308 -0.0761 0.2329 6.8311 -4.9200 1.1531
337 1.2204 1.5400 0.1260 -0.0819 0.2261 7.4912 -5.0790 1.2099
338 1.2194 1.5306 0.1296 -0.0842 0.2075 6.7728 -5.0920 1.1523
339 1.2212 1.5233 0.1284 -0.0810 0.1931 7.0570 -5.1640 1.1612
340 1.2206 1.5193 0.1290 -0.0825 0.1853 6.9383 -5.1290 1.1560
341 1.2419 1.5463 0.1266 -0.0399 0.2399 7.1228 -5.3230 1.2268
342 1.2457 1.5482 0.1278 -0.0323 0.2441 7.1772 -5.4150 1.2384
343 1.2479 1.5483 0.1284 -0.0280 0.2449 7.1228 -5.5450 1.2250
344 1.2482 1.5505 0.1272 -0.0273 0.2497 7.2856 -5.6970 1.2682
345 1.2458 1.5530 0.1284 -0.0323 0.2553 7.0990 -5.9330 1.3367
346 1.2418 1.5567 0.1272 -0.0402 0.2633 7.4432 -6.0170 1.4133
347 1.2434 1.5583 0.1272 -0.0371 0.2670 6.3936 -6.0730 1.3857
348 1.2419 1.5626 0.1266 -0.0403 0.2761 7.5524 -6.2410 1.4119
349 1.2365 1.5756 0.1278 -0.0512 0.3029 7.3654 -6.1950 1.4373
350 1.2330 1.5882 0.1284 -0.0583 0.3290 7.4858 -6.1810 1.4253
351 1.2256 1.5430 0.1272 -0.0734 0.2391 7.4029 -6.1730 1.4275
352 1.2244 1.5414 0.1308 -0.0761 0.2363 7.1654 -6.1180 1.3984
353 1.2238 1.5401 0.1278 -0.0775 0.2341 6.1887 -6.2050 1.4698
354 1.2279 1.5396 0.1290 -0.0695 0.2335 6.4678 -6.0690 1.3875
355 1.2342 1.5397 0.1260 -0.0571 0.2340 7.3802 -6.0550 1.3447
356 1.2422 1.5399 0.1278 -0.0411 0.2348 7.6037 -6.1300 1.4144
357 1.2490 1.5400 0.1172 -0.0276 0.2355 8.6562 -6.2000 1.4407
358 1.2533 1.5418 0.1284 -0.0190 0.2395 7.5685 -6.2070 1.4030
359 1.2575 1.5468 0.1272 -0.0105 0.2500 7.3095 -6.2790 1.4253
360 1.2617 1.5525 0.1290 -0.0020 0.2618 7.4070 -6.2890 1.4133
361 1.2120 1.5489 0.1178 -0.1017 0.2551 8.5927 -6.3530 1.4471
362 1.2114 1.5446 0.1266 -0.1033 0.2471 7.7302 -6.2810 1.4053
363 1.2133 1.5357 0.1272 -0.0998 0.2296 7.6762 -6.2740 1.4358
364 1.2167 1.5212 0.1284 -0.0935 0.2009 7.4283 -6.2890 1.4498
365 1.2193 1.5071 0.1284 -0.0886 0.1726 7.5676 -6.2400 1.4024
366 1.2235 1.4951 0.1278 -0.0804 0.1486 7.5377 -6.4070 1.4707
367 1.2319 1.4832 0.1278 -0.0637 0.1246 7.5560 -6.5590 1.5504
368 1.2439 1.4700 0.1290 -0.0399 0.0979 6.7753 -6.4290 1.4542
369 1.2540 1.4541 0.1172 -0.0196 0.0656 8.6290 -6.4900 1.4411
370 1.2615 1.4464 0.1278 -0.0045 0.0498 7.7853 -6.5220 1.4660
371 1.2307 1.5565 0.1266 -0.0663 0.2705 7.9442 -6.6090 1.4818
372 1.2400 1.5526 0.1278 -0.0477 0.2633 7.8783 -6.5880 1.4611
373 1.2504 1.5447 0.1278 -0.0270 0.2478 7.5945 -6.7690 1.5397
374 1.2548 1.5361 0.1290 -0.0182 0.2310 7.7693 -6.8710 1.9500
375 1.2592 1.5263 0.1278 -0.0092 0.2117 7.5703 -6.9860 1.5955
376 1.2629 1.5228 0.1284 -0.0016 0.2050 7.8173 -7.1200 1.6178
377 1.2647 1.5199 0.1278 0.0021 0.1993 7.6065 -7.3040 1.6236
378 1.2668 1.5200 0.1290 0.0064 0.1998 7.7807 -7.4650 1.7079
379 1.2638 1.5173 0.1260 0.0004 0.1946 8.1613 -7.6140 1.7571
380 1.2612 1.5128 0.1290 -0.0045 0.1857 7.7535 -7.6880 1.7518
381 1.2536 1.5435 0.1278 -0.0197 0.2474 7.9132 -7.9670 1.8503
382 1.2532 1.5391 0.1284 -0.0205 0.2391 7.9799 -8.1210 1.8619
383 1.2501 1.5346 0.1302 -0.0266 0.2305 7.4169 -8.2870 1.9011
384 1.2466 1.5299 0.1278 -0.0336 0.2213 7.9068 -8.3900 1.8724
385 1.2406 1.5219 0.1254 -0.0459 0.2056 6.5812 -8.4250 1.9055
386 1.2357 1.5132 0.1278 -0.0558 0.1882 7.9445 -8.4430 1.9367
387 1.2303 1.5035 0.1254 -0.0668 0.1689 8.3723 -8.5040 1.9146
388 1.2276 1.4970 0.1201 -0.0724 0.1559 8.7883 -8.4670 1.9109
389 1.2217 1.4898 0.1284 -0.0845 0.1414 7.8070 -8.5330 1.9665
390 1.2192 1.4830 0.1302 -0.0897 0.1277 7.9657 -8.6100 1.9253
391 1.2546 1.5522 0.1278 -0.0189 0.2665 8.1499 -8.8500 2.0517
392 1.2556 1.5518 0.1266 -0.0168 0.2663 8.1311 -8.9550 2.1187
393 1.2544 1.5471 0.1266 -0.0192 0.2573 8.0892 -8.8230 2.0168
394 1.2569 1.5449 0.1290 -0.0142 0.2533 7.8177 -8.8980 1.9685
395 1.2616 1.5416 0.1183 -0.0046 0.2472 9.0585 -8.9500 2.0277
396 1.2684 1.5399 0.1260 0.0091 0.2441 8.5188 -8.8490 1.9932
397 1.2718 1.5365 0.1278 0.0161 0.2377 7.8389 -8.8890 2.0615
398 1.2772 1.5364 0.1290 0.0272 0.2380 8.1934 -8.9360 2.0219
399 1.2761 1.5340 0.1260 0.0254 0.2334 8.4453 -8.8250 1.9643
400 1.2744 1.5314 0.1296 0.0221 0.2286 7.9684 -8.8220 2.0321
401 1.2522 1.5514 0.1266 -0.0222 0.2690 8.2253 -8.8870 1.9950
402 1.2427 1.5450 0.1290 -0.0413 0.2567 8.1947 -8.8230 1.9870
403 1.2265 1.5363 0.1254 -0.0739 0.2398 8.3454 -8.5190 1.8882
404 1.2181 1.5281 0.1207 -0.0911 0.2237 9.1124 -8.7550 1.9959
405 1.2197 1.5267 0.1248 -0.0882 0.2210 8.4542 -9.3210 2.1525
406 1.2256 1.5290 0.1296 -0.0766 0.2259 8.1347 -9.5650 2.1890
407 1.2230 1.5273 0.1260 -0.0820 0.2229 8.6482 -9.7300 2.2226
408 1.2138 1.5259 0.1201 -0.1009 0.2203 9.3732 -9.6780 2.1554
409 1.1932 1.5283 0.1296 -0.1426 0.2254 8.1251 -9.6610 2.1721
410 1.1630 1.5337 0.1302 -0.2040 0.2364 8.1300 -9.8020 2.2676
411 1.2498 1.5525 0.1296 -0.0302 0.2746 8.2174 -9.8450 2.2402
412 1.2466 1.5594 0.1272 -0.0367 0.2889 8.5266 -10.2740 2.4073
413 1.2533 1.5758 0.1260 -0.0232 0.3225 8.5081 -10.2670 2.2972
414 1.2701 1.6010 0.1284 0.0105 0.3740 8.4785 -10.3580 2.3076
415 1.2968 1.6352 0.1260 0.0645 0.4438 8.7257 -10.4280 2.3321
416 1.3331 1.6716 0.1284 0.1378 0.5182 8.3337 -10.0710 2.2473
417 1.3760 1.6983 0.1284 0.2248 0.5736 8.4120 -9.4920 2.0771
418 1.4062 1.7168 0.1195 0.2868 0.6128 9.4361 -9.1830 2.0365
419 1.4350 1.7433 0.1183 0.3462 0.6682 9.6551 -9.1200 2.1047
420 1.4582 1.7703 0.1302 0.3948 0.7250 8.3052 -9.4280 2.1314
421 0.0036 0.0008 0.1195 -2.0000 -2.0000 9.5480 -9.6860 2.1826
422 0.0140 0.0073 0.1266 -2.0000 -2.0000 8.7704 -9.6640 2.2048
423 0.0360 0.0239 0.1260 -2.0000 -2.0000 8.4408 9.6010 -2.1224
424 0.0633 0.0430 0.1278 -2.0000 -2.0000 8.7228 -9.4540 2.1091
425 0.0824 0.0656 0.1278 -2.0000 -2.0000 8.4395 -9.3190 2.0680
426 0.0952 0.0871 0.1302 -2.0000 -2.0000 8.5287 -8.6730 1.9358
427 0.1159 0.1038 0.1272 -2.0000 -2.0000 8.6082 -8.5490 1.9714
428 0.1467 0.1255 0.1290 -2.0000 -2.0000 8.7105 -8.5240 1.9195
429 0.1779 0.1406 0.1195 -2.0000 -2.0000 9.7498 -8.1370 1.8281
430 0.2167 0.1573 0.1284 -2.0000 -2.0000 8.9411 -7.9980 1.8190
431 0.0024 0.0000 0.1266 -2.0000 -2.0000 8.6923 -7.7700 1.6917
432 0.0044 0.0001 0.1284 -2.0000 -2.0000 8.7346 -7.7160 1.7531
433 0.0138 0.0032 0.1254 -2.0000 -2.0000 9.1745 -7.5650 1.7186
434 0.0226 0.0057 0.1296 -2.0000 -2.0000 8.6251 -7.4630 1.6999
435 0.0303 0.0090 0.1278 -2.0000 -2.0000 7.9670 -7.3370 1.6487
436 0.0426 0.0155 0.1195 -2.0000 -2.0000 9.7528 -7.4580 1.8968
437 0.0612 0.0228 0.1272 -2.0000 -2.0000 8.0764 -7.4410 1.7462
438 0.0751 0.0315 0.1302 -2.0000 -2.0000 8.7394 -7.5480 1.7193
439 0.0923 0.0441 0.1260 -2.0000 -2.0000 9.0233 -7.5410 1.7035
440 0.1165 0.0590 0.1296 -2.0000 -2.0000 8.7271 -7.4580 1.6681
441 0.0019 0.0000 0.1278 -2.0000 -2.0000 8.8993 -7.4000 1.6547
442 0.0080 0.0000 0.1284 -2.0000 -2.0000 8.9056 -7.2390 1.6354
443 0.0154 0.0001 0.1266 -2.0000 -2.0000 9.0806 -7.1790 1.5833
444 0.0290 0.0002 0.1290 -2.0000 -2.0000 8.6884 -7.1710 1.6291
445 0.0473 0.0006 0.1284 -2.0000 -2.0000 8.9002 -7.1600 1.6276
446 0.0684 0.0057 0.1284 -2.0000 -2.0000 8.8578 -6.9810 1.5691
447 0.0921 0.0107 0.1278 -2.0000 -2.0000 9.1905 -6.8300 1.5533
448 0.1125 0.0153 0.1290 -2.0000 -2.0000 9.1203 -6.8300 1.5444
449 0.1404 0.0262 0.1260 -2.0000 -2.0000 9.5001 -6.6880 1.5145
450 0.1725 0.0393 0.1207 -2.0000 -2.0000 9.9157 -6.4630 1.3906
451 0.0010 0.0004 0.1266 -2.0000 -2.0000 9.1579 -6.4510 1.4605
452 0.0051 0.0029 0.1302 -2.0000 -2.0000 8.6797 -6.4300 1.4847
453 0.0134 0.0092 0.1266 -2.0000 -2.0000 9.1944 -6.3390 1.4511
454 0.0218 0.0122 0.1290 -2.0000 -2.0000 9.1610 -6.3650 1.4498
455 0.0376 0.0155 0.1290 -2.0000 -2.0000 9.0574 -6.3380 1.4598
456 0.0567 0.0222 0.1284 -2.0000 -2.0000 9.2085 -6.1830 1.4151
457 0.0800 0.0312 0.1195 -2.0000 -2.0000 10.2363 -5.9820 1.3396
458 0.1011 0.0390 0.1315 -2.0000 -2.0000 8.8151 -5.9670 1.3861
459 0.1282 0.0489 0.1272 -2.0000 -2.0000 9.1033 -5.9230 1.3830
460 0.1596 0.0601 0.1284 -2.0000 -2.0000 9.2777 -5.8790 1.3350
461 0.0013 0.0000 0.1296 -2.0000 -2.0000 9.1464 -5.8970 1.3225
462 0.0077 0.0004 0.1201 -2.0000 -2.0000 10.3103 -6.1460 1.4344
463 0.0170 0.0043 0.1272 -2.0000 -2.0000 9.5349 -6.1700 1.3859
464 0.0266 0.0087 0.1308 -2.0000 -2.0000 8.9942 -6.1610 1.3755
465 0.0375 0.0135 0.1296 -2.0000 -2.0000 9.2797 -6.1720 1.4077
466 0.0469 0.0209 0.1302 -2.0000 -2.0000 8.1542 -6.1440 1.3984
467 0.0546 0.0302 0.1296 -2.0000 -2.0000 9.1947 -6.0530 1.3545
468 0.0597 0.0401 0.1278 -2.0000 -2.0000 9.4911 -5.9630 1.3581
469 0.0642 0.0466 0.1278 -2.0000 -2.0000 9.4413 -5.8530 1.3252
470 0.0768 0.0581 0.1284 -2.0000 -2.0000 9.5691 -5.6950 2.0938
471 1.2700 1.5847 0.1290 0.0185 0.3546 9.2716 -5.7000 1.2853
472 1.2719 1.5828 0.1266 0.0225 0.3516 9.5197 -5.7670 1.3398
473 1.2749 1.5867 0.1278 0.0289 0.3603 9.3337 -5.7390 1.2682
474 1.2776 1.5948 0.1272 0.0346 0.3775 9.5444 -5.7330 1.2913
475 1.2874 1.5962 0.1278 0.0546 0.3811 9.4903 -5.7600 1.3151
476 1.3010 1.5921 0.1266 0.0822 0.3739 9.7744 -5.8950 1.3670
477 1.3168 1.5873 0.1278 0.1146 0.3651 9.2868 5.9370 -1.2957
478 1.3391 1.5828 0.1272 0.1599 0.3570 9.7384 -5.9380 1.3619
479 1.3548 1.5788 0.1260 0.1924 0.3498 9.5323 -6.0170 1.4315
480 1.3875 1.5735 0.1207 0.2592 0.3400 10.4311 -5.9780 1.3899
481 1.2221 1.5567 0.1272 -0.0718 0.3069 9.5408 -0.9140 0.2368
482 1.2289 1.5601 0.1278 -0.0584 0.3143 8.9520 -6.0220 1.3846
483 1.2381 1.5634 0.1272 -0.0402 0.3216 9.5780 -6.1070 1.3683
484 1.2490 1.5680 0.1302 -0.0184 0.3315 9.4129 -6.2380 1.4166
485 1.2644 1.5747 0.1178 0.0125 0.3454 10.7482 -6.3560 1.4754
486 1.2801 1.5816 0.1296 0.0442 0.3602 9.6442 -6.3270 1.4191
487 1.2979 1.5927 0.1278 0.0804 0.3833 9.5781 -6.5230 1.5156
488 1.3192 1.5997 0.1290 0.1236 0.3983 9.7529 -6.6080 1.5203
489 1.3352 1.6053 0.1195 0.1564 0.4106 10.6081 -6.5320 1.4522
490 1.3571 1.6075 0.1284 0.2013 0.4161 9.7984 -6.7100 1.5145
491 1.2278 1.5551 0.1266 -0.0574 0.3118 9.7886 -6.8070 1.5958
492 1.2257 1.5636 0.1266 -0.0620 0.3293 10.1088 -6.7430 1.5335
493 1.2223 1.5716 0.1278 -0.0690 0.3461 9.6201 -6.8240 1.5328
494 1.2202 1.5819 0.1290 -0.0736 0.3676 8.9596 -6.8810 1.5624
495 1.2136 1.5945 0.1278 -0.0870 0.3938 9.7165 -6.9180 1.6124
496 1.2139 1.6107 0.1296 -0.0869 0.4271 9.8792 -6.8760 1.5488
497 1.2073 1.6196 0.1189 -0.1004 0.4463 10.7597 -6.8260 1.5421
498 1.2060 1.6222 0.1290 -0.1036 0.4526 9.9277 -6.9250 1.5873
499 1.2121 1.6277 0.1284 -0.0917 0.4649 9.6525 -7.1800 1.6667
500 1.2207 1.6407 0.1183 -0.0747 0.4922 11.0611 -7.6550 1.7822
501 1.2380 1.5555 0.1296 -0.0403 0.3224 9.7206 -7.4560 1.6512
502 1.2268 1.5516 0.1296 -0.0629 0.3151 8.9669 -7.1300 1.6053
503 1.2201 1.5431 0.1272 -0.0767 0.2985 9.9276 -7.0350 1.6113
504 1.2212 1.5407 0.1296 -0.0748 0.2942 10.0791 -7.1700 1.6583
505 1.2279 1.5457 0.1172 -0.0615 0.3046 11.4090 -7.6140 1.8279
506 1.2447 1.5606 0.1290 -0.0281 0.3351 9.8851 -8.1540 1.8857
507 1.2714 1.5856 0.1302 0.0256 0.3859 9.6966 -8.6830 2.0088
508 1.3082 1.6185 0.1272 0.0997 0.4528 10.1392 -8.9340 2.0375
509 1.3350 1.6413 0.1278 0.1543 0.4999 10.1385 -8.9430 2.0159
510 1.3878 1.6727 0.1290 0.2611 0.5644 10.1932 -8.6810 1.9344
511 1.2448 1.5460 0.1278 -0.0247 0.3115 10.0499 -8.3030 1.8601
512 1.2364 1.5385 0.1189 -0.0419 0.2969 11.1960 -8.2140 1.9186
513 1.2209 1.5249 0.1272 -0.0731 0.2700 10.2801 -8.7530 2.0219
514 1.2057 1.5142 0.1278 -0.1038 0.2486 10.1652 -9.2740 1.8630
515 1.1988 1.5126 0.1266 -0.1183 0.2456 9.4399 -9.7730 2.2496
516 1.2015 1.5207 0.1260 -0.1133 0.2620 10.2387 -10.1550 2.2843
517 1.2141 1.5268 0.1266 -0.0884 0.2745 10.1258 -9.9590 2.2095
518 1.2311 1.5244 0.1266 -0.0547 0.2700 10.0809 -9.5020 2.0998
519 1.2532 1.5125 0.1278 -0.0104 0.2463 10.1943 -9.0660 2.0210
520 1.2653 1.4961 0.1290 0.0140 0.2133 10.2481 -9.1460 2.1274
521 1.2453 1.5532 0.1278 -0.0261 0.3281 10.2263 9.3580 -2.0678
522 1.2503 1.5654 0.1290 -0.0160 0.3532 10.2802 -10.1860 2.3254
523 1.2652 1.5876 0.1272 0.0139 0.3985 10.1550 -11.0120 2.5622
524 1.2883 1.6145 0.1272 0.0604 0.4535 10.4738 -10.8390 2.4543
525 1.3200 1.6331 0.1260 0.1245 0.4919 10.5757 -10.6220 2.3486
526 1.3515 1.6417 0.1254 0.1885 0.5105 10.4860 -10.0840 2.2097
527 1.3748 1.6410 0.1290 0.2364 0.5107 9.9509 -9.9630 2.2629
528 1.3840 1.6396 0.1278 0.2562 0.5091 10.0477 -10.2190 2.3150
529 1.3965 1.6421 0.1278 0.2826 0.5156 10.6074 -10.8050 2.4921
530 1.4172 1.6528 0.1178 0.3256 0.5385 11.5900 -11.1220 2.5346
531 1.2494 1.5460 0.1278 -0.0099 0.3254 10.6407 -10.8670 2.3960
532 1.2478 1.5329 0.1266 -0.0133 0.2994 9.5013 -10.1360 2.2435
533 1.2387 1.5158 0.1284 -0.0316 0.2655 10.2427 -10.3810 2.3929
534 1.2343 1.5030 0.1284 -0.0403 0.2399 10.4412 -10.8540 2.4714
535 1.2383 1.4994 0.1195 -0.0325 0.2327 11.5897 -11.1670 2.5028
536 1.2517 1.4906 0.1278 -0.0058 0.2151 10.6114 -10.7640 2.3717
537 1.2621 1.4725 0.1284 0.0151 0.1786 10.4963 -9.9670 2.1534
538 1.2634 1.4547 0.1284 0.0180 0.1424 10.5710 -9.1510 1.9879
539 1.2562 1.4371 0.1266 0.0035 0.1067 9.9161 -8.4370 1.9109
540 1.2399 1.4219 0.1260 -0.0291 0.0755 10.6574 -7.5700 1.7179
541 0.0000 0.0000 0.1260 -2.0000 -2.0000 9.7902 -6.5450 1.3888
542 0.0002 0.0000 0.1081 -2.0000 -2.0000 12.6597 -5.8960 1.3205
543 0.0000 0.0000 0.1272 -2.0000 -2.0000 10.8072 -6.0170 1.3723
544 0.0000 0.0000 0.1284 -2.0000 -2.0000 10.8014 -6.0460 1.3703
545 0.0000 0.0000 0.1272 -2.0000 -2.0000 10.6624 -5.8790 1.3492
546 0.0000 0.0000 0.1308 -2.0000 -2.0000 10.4246 -5.8230 1.3189
547 0.0000 0.0007 0.1254 -2.0000 -2.0000 10.8552 -5.6570 1.2798
548 0.0000 0.0036 0.1278 -2.0000 -2.0000 10.8826 -5.7850 1.3661
549 0.0000 0.0083 0.1278 -2.0000 -2.0000 10.6595 -5.9510 1.3737
550 0.0000 0.0075 0.1302 -2.0000 -2.0000 10.9326 -5.8820 1.2951
551 0.0003 0.0029 0.1266 -2.0000 -2.0000 11.0775 -5.9240 1.3752
552 0.0000 0.0080 0.1278 -2.0000 -2.0000 10.8908 -6.0770 1.3470
553 0.0000 0.0153 0.1278 -2.0000 -2.0000 10.5486 -6.4080 1.4852
554 0.0001 0.0239 0.1278 -2.0000 -2.0000 10.9272 -6.3890 1.4315
555 0.0014 0.0329 0.1260 -2.0000 -2.0000 10.1548 -6.4060 1.4362
556 0.0033 0.0439 0.1278 -2.0000 -2.0000 10.9040 -6.6020 1.5083
557 0.0069 0.0553 0.1266 -2.0000 -2.0000 11.2486 -6.6830 1.5054
558 0.0069 0.0647 0.1290 -2.0000 -2.0000 10.9086 -6.8900 1.6178
559 0.0014 0.0821 0.1278 -2.0000 -2.0000 10.9515 -6.9310 1.6051
560 0.0000 0.1032 0.1302 -2.0000 -2.0000 10.8598 -7.0800 1.6440
561 0.0004 0.0020 0.1278 -2.0000 -2.0000 11.0443 -7.0620 1.6084
562 0.0000 0.0027 0.1272 -2.0000 -2.0000 11.0143 -7.0030 1.5455
563 0.0000 0.0031 0.1266 -2.0000 -2.0000 11.0451 -6.8784 1.6434
564 0.0007 0.0039 0.1266 -2.0000 -2.0000 11.1837 -6.8520 4.2525
565 0.0000 0.0026 0.1189 -2.0000 -2.0000 12.0048 -6.8820 -25.1534
566 0.0000 0.0000 0.1266 -2.0000 -2.0000 11.2214 -7.0070 1.5766
567 0.0000 0.0003 0.1290 -2.0000 -2.0000 10.8898 -6.9600 1.5978
568 0.0000 0.0005 0.1254 -2.0000 -2.0000 11.1582 -6.9000 1.5021
569 0.0000 0.0000 0.1296 -2.0000 -2.0000 10.9098 -6.9440 1.5506
570 0.0000 0.0000 0.1284 -2.0000 -2.0000 11.1337 -6.8290 1.5174
571 0.0000 0.0004 0.1290 -2.0000 -2.0000 10.8944 0.0000 -3.0909
572 0.0004 0.0016 0.1266 -2.0000 -2.0000 11.4443 -6.8660 1.5702
573 0.0021 0.0055 0.1266 -2.0000 -2.0000 11.0418 -7.1240 1.5857
574 0.0074 0.0146 0.1284 -2.0000 -2.0000 11.2031 -7.2050 1.6857
575 0.0134 0.0232 0.1254 -2.0000 -2.0000 11.2820 -7.2610 1.6300
576 0.0262 0.0322 0.1290 -2.0000 -2.0000 11.2276 -7.3550 1.6839
577 0.0404 0.0409 0.1266 -2.0000 -2.0000 11.3542 -7.1280 1.6102
578 0.0486 0.0464 0.1290 -2.0000 -2.0000 11.3172 -7.1840 1.6227
579 0.0666 0.0574 0.1278 -2.0000 -2.0000 11.3592 -7.2830 1.6314
580 0.0865 0.0693 0.1284 -2.0000 -2.0000 10.6478 -7.2240 1.5831
581 0.0002 0.0000 0.1266 -2.0000 -2.0000 11.4759 -7.0240 1.5697
582 0.0000 0.0008 0.1290 -2.0000 -2.0000 11.3826 -6.6500 1.4291
583 0.0050 0.0000 0.1278 -2.0000 -2.0000 11.1836 -6.4340 1.3917
584 0.0150 0.0000 0.1290 -2.0000 -2.0000 11.3577 -6.3680 1.3872
585 0.0229 0.0000 0.1278 -2.0000 -2.0000 10.6288 -6.3650 1.4266
586 0.0301 0.0008 0.1296 -2.0000 -2.0000 11.1409 -0.4810 -2.5299
587 0.0362 0.0000 0.1290 -2.0000 -2.0000 11.4131 -6.5880 1.5466
588 0.0456 0.0000 0.1195 -2.0000 -2.0000 12.4530 -6.5542 1.4693
589 0.0543 0.0011 0.1290 -2.0000 -2.0000 11.2050 -6.4760 1.4990
590 0.0639 0.0050 0.1260 -2.0000 -2.0000 11.6452 -6.2610 1.4053
591 1.1858 1.5194 0.1272 -0.1380 0.2706 10.8073 -6.1880 1.2907
592 1.1860 1.5257 0.1290 -0.1383 0.2836 10.5498 -6.3170 1.4636
593 1.1881 1.5324 0.1254 -0.1345 0.2973 11.3553 -6.4030 1.5023
594 1.1909 1.5363 0.1284 -0.1296 0.3055 11.5474 -6.1820 1.3953
595 1.1952 1.5389 0.1284 -0.1216 0.3109 11.5050 -6.2490 1.4836
596 1.2015 1.5408 0.1278 -0.1094 0.3151 11.4750 -6.5370 1.5557
597 1.2061 1.5415 0.1183 -0.1007 0.3170 12.7512 -6.6010 1.5668
598 1.2112 1.5445 0.1296 -0.0909 0.3236 11.5958 -6.6920 1.5225
599 1.2167 1.5510 0.1290 -0.0803 0.3370 11.3852 -12.0920 5.1155
600 1.2162 1.5606 0.1290 -0.0816 0.3567 11.6446 -7.0140 1.5982
601 1.1856 1.5174 0.1296 -0.1434 0.2705 11.4047 -6.9560 1.5711
602 1.1823 1.5100 0.1278 -0.1507 0.2559 11.6411 -6.9710 1.5602
603 1.1765 1.5019 0.1266 -0.1629 0.2396 11.7438 -7.1120 1.6173
604 1.1671 1.4917 0.1201 -0.1825 0.2192 12.7257 -6.9360 1.5764
605 1.1559 1.4761 0.1254 -0.2060 0.1877 12.2267 -6.8500 1.5368
606 1.1474 1.4591 0.1302 -0.2239 0.1532 11.4830 -6.9440 1.6454
607 1.1412 1.4420 0.1284 -0.2374 0.1186 11.7802 -7.1140 1.6027
608 1.1380 1.4309 0.1272 -0.2451 0.0956 11.9969 -7.1380 1.6730
609 1.1306 1.4157 0.1260 -0.2609 0.0645 11.8582 -6.9670 1.5001
610 1.1250 1.4010 0.1278 -0.2735 0.0340 11.9610 -6.9430 1.6385
611 1.1872 1.5206 0.1272 -0.1498 0.2734 11.7466 -7.0520 1.5577
612 1.1864 1.5253 0.1272 -0.1520 0.2832 12.1877 -7.3220 1.7224
613 1.1822 1.5278 0.1278 -0.1611 0.2883 11.8304 -7.2890 1.6803
614 1.1766 1.5283 0.1296 -0.1729 0.2896 11.5103 -7.3420 1.6467
615 1.1686 1.5309 0.1290 -0.1898 0.2951 11.8422 -7.4120 1.6627
616 1.1592 1.5299 0.1284 -0.2093 0.2935 11.8721 -7.5350 1.7426
617 1.1497 1.5259 0.1278 -0.2294 0.2857 11.1323 -7.7000 1.8114
618 1.1424 1.5220 0.1266 -0.2452 0.2782 12.1225 -7.8000 1.8065
619 1.1341 1.5156 0.1278 -0.2630 0.2655 12.1171 -7.7360 1.7526
620 1.1318 1.5078 0.1278 -0.2688 0.2500 11.9540 -7.8780 1.7776
621 0.0000 0.0019 0.1260 -2.0000 -2.0000 11.2408 -7.9390 1.7920
622 0.0000 0.0069 0.1284 -2.0000 -2.0000 12.0923 -7.9650 1.8205
623 0.0000 0.0145 0.1284 -2.0000 -2.0000 12.1102 -7.8240 1.7242
624 0.0000 0.0264 0.1290 -2.0000 -2.0000 12.1158 -8.0710 1.8672
625 0.0000 0.0402 0.1284 -2.0000 -2.0000 12.0856 -7.8180 1.7175
626 0.0000 0.0530 0.1308 -2.0000 -2.0000 11.7511 -7.8190 1.7146
627 0.0016 0.0638 0.1278 -2.0000 -2.0000 12.1943 -7.7020 1.7473
628 0.0062 0.0694 0.1278 -2.0000 -2.0000 12.2691 -7.4380 1.6356
629 0.0130 0.0788 0.1183 -2.0000 -2.0000 13.3032 -7.0370 1.5521
630 0.0228 0.0841 0.1278 -2.0000 -2.0000 12.1846 -6.9360 1.4892
631 0.0019 0.0000 0.1290 -2.0000 -2.0000 11.9971 -7.0070 1.5392
632 0.0059 0.0000 0.1266 -2.0000 -2.0000 12.3054 -7.2050 1.6474
633 0.0093 0.0003 0.1278 -2.0000 -2.0000 12.1193 -7.1450 1.6661
634 0.0132 0.0000 0.1272 -2.0000 -2.0000 12.5728 -6.8760 1.6067
635 0.0166 0.0004 0.1278 -2.0000 -2.0000 12.1555 -6.8000 1.5706
636 0.0243 0.0000 0.1278 -2.0000 -2.0000 12.2340 -6.9450 1.5232
637 0.0328 0.0000 0.1266 -2.0000 -2.0000 12.2769 -7.0530 1.6354
638 0.0386 0.0000 0.1278 -2.0000 -2.0000 12.3877 -6.9410 1.5780
639 0.0457 0.0000 0.1284 -2.0000 -2.0000 12.3332 -7.1770 1.5566
640 0.0603 0.0000 0.1302 -2.0000 -2.0000 12.1321 -7.3670 1.7782
641 0.0000 0.0004 0.1260 -2.0000 -2.0000 12.5340 -7.2840 1.6116
642 0.0008 0.0024 0.1272 -2.0000 -2.0000 11.4054 -7.2880 1.7344
643 0.0032 0.0009 0.1272 -2.0000 -2.0000 12.4263 -6.1020 0.9578
644 0.0068 0.0000 0.1278 -2.0000 -2.0000 11.7778 -9.5990 2.1694
645 0.0108 0.0000 0.1178 -2.0000 -2.0000 13.4778 -6.9410 1.6055
646 0.0168 0.0000 0.1290 -2.0000 -2.0000 11.5525 -7.1050 1.7106
647 0.0234 0.0000 0.1266 -2.0000 -2.0000 12.4526 -7.2980 1.6574
648 0.0306 0.0015 0.1290 -2.0000 -2.0000 11.5310 -7.4060 1.7509
649 0.0325 0.0045 0.1248 -2.0000 -2.0000 12.9460 -7.3580 1.8038
650 0.0348 0.0088 0.1290 -2.0000 -2.0000 12.5192 -7.1440 1.5608
651 0.0381 0.0092 0.1272 -2.0000 -2.0000 12.6908 -7.1810 1.6314
652 0.0402 0.0058 0.1284 -2.0000 -2.0000 12.5034 -7.1030 1.6478
653 0.0444 0.0016 0.1248 -2.0000 -2.0000 11.9496 -7.4310 1.7778
654 0.0521 0.0000 0.1290 -2.0000 -2.0000 12.5279 -7.4360 1.7575
655 0.0658 0.0000 0.1284 -2.0000 -2.0000 12.8011 -7.2880 1.5898
656 0.0848 0.0000 0.1207 -2.0000 -2.0000 13.4456 -7.1620 1.5604
657 0.1043 0.0000 0.1254 -2.0000 -2.0000 12.7158 -7.0330 1.5179
658 0.1207 0.0000 0.1284 -2.0000 -2.0000 12.5531 -6.9150 1.5197
659 0.1351 0.0000 0.1260 -2.0000 -2.0000 12.8606 -6.8640 1.5470
660 0.1476 0.0013 0.1278 -2.0000 -2.0000 12.6624 -6.7300 1.5497
661 0.1573 0.0025 0.1266 -2.0000 -2.0000 12.7620 -6.7540 1.4990
662 0.1718 0.0009 0.1278 -2.0000 -2.0000 12.9375 -6.8850 1.6256
663 0.1866 0.0000 0.1266 -2.0000 -2.0000 12.8585 -6.7930 1.6069
664 0.2028 0.0000 0.1248 -2.0000 -2.0000 13.1524 -6.6080 1.5083
665 0.2204 0.0000 0.1266 -2.0000 -2.0000 12.8952 -6.9740 1.5853
666 0.2440 0.0000 0.1242 -2.0000 -2.0000 12.9618 -6.8160 1.4812
667 0.2688 0.0000 0.1278 -2.0000 -2.0000 12.7291 -6.6100 1.4371
668 0.2900 0.0000 0.1242 -1.9619 -2.0000 13.2392 -6.3620 1.3806
669 0.3091 0.0000 0.1278 -1.9332 -2.0000 12.7665 -6.6050 1.5054
670 0.3292 0.0000 0.1302 -1.9020 -2.0000 12.5534 -6.2740 1.6347
count posx posy posz xout yout zout heading hd_out
1 0.0000 0.0000 0.0000 0.0000 0.0000 0.0000 0.0000 0.0000
2 0.0000 0.0001 0.1195 0.0001 0.0002 0.0000 -0.5880 0.1341
3 0.0002 0.0005 0.1260 0.0005 0.0010 0.0000 -0.5950 0.1208
4 0.0005 0.0011 0.1302 0.0010 0.0022 0.0000 -0.4920 0.1116
5 0.0007 0.0020 0.1260 0.0015 0.0041 0.0000 -0.4120 0.0926
6 0.0010 0.0031 0.1284 0.0021 0.0063 0.0000 -0.3190 0.0762
7 0.0015 0.0044 0.1254 0.0030 0.0089 0.0000 -0.2720 0.0925
8 0.0023 0.0058 0.1278 0.0046 0.0117 0.0000 -0.2670 0.0687
9 0.0034 0.0073 0.1296 0.0068 0.0148 0.0000 -0.3290 0.0778
10 0.0044 0.0086 0.1278 0.0089 0.0174 0.0000 -0.3360 0.0940
11 1.2370 1.5741 0.1290 -0.0259 0.1493 1.1927 -0.3870 0.1032
12 1.2376 1.5744 0.1266 -0.0250 0.1506 1.8031 -0.4200 0.1209
13 1.2383 1.5746 0.1272 -0.0237 0.1518 1.5673 -0.3970 0.1047
14 1.2392 1.5751 0.1308 -0.0219 0.1535 1.0878 -0.3180 0.0842
15 1.2403 1.5758 0.1278 -0.0198 0.1557 1.5313 -0.4000 0.0873
16 1.2416 1.5765 0.1278 -0.0173 0.1579 0.6609 -0.5530 0.1612
17 1.2431 1.5773 0.1272 -0.0144 0.1603 1.5804 -0.6089 0.1662
18 1.2447 1.5781 0.1272 -0.0113 0.1626 1.9624 -0.5930 0.1548
19 1.2465 1.5792 0.1290 -0.0078 0.1655 1.2188 -0.5800 0.1460
20 1.2480 1.5804 0.1266 -0.0046 0.1688 1.7635 -0.4590 0.0964
21 1.2388 1.5472 0.1272 -0.0231 0.1028 1.7099 -0.4760 0.1369
22 1.2386 1.5475 0.1278 -0.0237 0.1040 1.7164 -0.4770 0.1453
23 1.2385 1.5479 0.1290 -0.0240 0.1053 1.5285 -0.3880 0.1175
24 1.2386 1.5486 0.1296 -0.0240 0.1071 1.5950 -0.4300 0.1327
25 1.2389 1.5496 0.1260 -0.0235 0.1097 1.8665 -0.3840 0.1155
26 1.2394 1.5511 0.1278 -0.0226 0.1130 0.7816 -0.2400 0.0868
27 1.2403 1.5528 0.1260 -0.0209 0.1171 1.9636 -0.1320 0.0089
28 1.2413 1.5549 0.1278 -0.0189 0.1218 1.8257 -0.0980 0.0516
29 1.2424 1.5574 0.1201 -0.0168 0.1273 2.5902 0.0120 0.0338
30 1.2433 1.5596 0.1302 -0.0151 0.1323 1.6278 0.0300 0.0137
31 1.2491 1.5501 0.1272 -0.0035 0.1139 1.9454 0.0670 -0.0115
32 1.2492 1.5506 0.1284 -0.0032 0.1153 1.6940 -0.0510 0.0567
33 1.2496 1.5514 0.1278 -0.0026 0.1176 1.6645 -0.1320 0.0628
34 1.2500 1.5528 0.1296 -0.0016 0.1208 1.7050 -0.0980 0.0441
35 1.2507 1.5546 0.1254 -0.0003 0.1250 2.4121 -0.0900 0.0534
36 1.2516 1.5569 0.1284 0.0016 0.1302 1.8268 -0.1950 0.0768
37 1.2527 1.5595 0.1278 0.0038 0.1360 0.7973 -0.1950 0.0634
38 1.2539 1.5626 0.1296 0.0062 0.1427 1.7177 -0.1850 0.0750
39 1.2531 1.5660 0.1260 0.0047 0.1503 2.2312 -0.1960 0.0939
40 1.2528 1.5683 0.1278 0.0040 0.1555 2.1467 -0.1610 0.0777
41 1.2391 1.5582 0.1278 -0.0235 0.1359 1.8027 -0.2060 0.0984
42 1.2394 1.5589 0.1290 -0.0231 0.1378 1.9161 -0.2310 0.1013
43 1.2398 1.5599 0.1260 -0.0223 0.1405 1.2891 -0.2160 0.0734
44 1.2403 1.5610 0.1278 -0.0213 0.1433 2.0950 -0.3450 0.1360
45 1.2412 1.5627 0.1266 -0.0198 0.1473 1.2508 -0.3230 0.1124
46 1.2421 1.5648 0.1260 -0.0179 0.1521 2.1681 -0.3920 0.1362
47 1.2433 1.5672 0.1266 -0.0157 0.1576 2.1746 -0.3880 0.1148
48 1.2447 1.5701 0.1278 -0.0129 0.1641 2.2299 -0.3210 0.0999
49 1.2463 1.5733 0.1260 -0.0097 0.1712 2.2233 -0.3130 0.0826
50 1.2478 1.5760 0.1308 -0.0067 0.1774 1.8371 -0.4160 0.1349
51 1.2140 1.5853 0.1290 -0.0747 0.1968 2.1350 -0.5504 0.2183
52 1.2144 1.5860 0.1284 -0.0742 0.1990 1.9842 -0.5030 0.1453
53 1.2152 1.5876 0.1278 -0.0730 0.2032 1.3067 -0.5790 0.1662
54 1.2163 1.5897 0.1178 -0.0712 0.2084 3.2406 -0.6140 0.1883
55 1.2177 1.5922 0.1254 -0.0687 0.2143 2.4614 -0.4690 0.1297
56 1.2192 1.5950 0.1272 -0.0659 0.2209 2.2034 -0.4210 0.1302
57 1.2211 1.5982 0.1266 -0.0625 0.2281 2.3541 -0.3630 0.0839
58 1.2232 1.6017 0.1308 -0.0585 0.2361 1.8626 -0.2980 0.0908
59 1.2258 1.6056 0.1272 -0.0536 0.2451 2.3787 -0.3520 0.1171
60 1.2281 1.6091 0.1284 -0.0492 0.2531 2.3085 -0.4760 0.1553
61 1.2461 1.5591 0.1178 -0.0132 0.1537 3.5419 -0.5130 0.1618
62 1.2465 1.5594 0.1272 -0.0124 0.1548 2.3657 -0.3770 0.0897
63 1.2472 1.5599 0.1260 -0.0110 0.1566 1.5841 -0.3520 0.0997
64 1.2483 1.5609 0.1260 -0.0088 0.1592 2.6678 -0.3600 0.1157
65 1.2498 1.5624 0.1254 -0.0059 0.1627 2.5771 -0.4210 0.1137
66 1.2515 1.5643 0.1296 -0.0024 0.1671 2.2693 -0.4100 0.1175
67 1.2536 1.5665 0.1260 0.0018 0.1722 2.5416 -0.3350 0.0941
68 1.2560 1.5691 0.1296 0.0066 0.1780 2.3661 -0.1870 0.0518
69 1.2586 1.5722 0.1290 0.0119 0.1850 2.2159 -0.1810 0.0875
70 1.2609 1.5750 0.1296 0.0167 0.1914 2.2778 -0.2820 0.1081
71 1.2454 1.5543 0.1290 -0.0145 0.1504 2.3651 -0.3190 0.1226
72 1.2461 1.5550 0.1278 -0.0132 0.1525 2.5889 -0.2590 0.0981
73 1.2473 1.5560 0.1266 -0.0108 0.1551 1.9775 -0.3020 0.1050
74 1.2487 1.5574 0.1284 -0.0079 0.1585 2.5531 -0.3540 0.1211
75 1.2499 1.5591 0.1260 -0.0055 0.1624 2.9210 -0.3630 0.1088
76 1.2513 1.5611 0.1296 -0.0026 0.1671 2.3228 -0.3650 0.1204
77 1.2531 1.5634 0.1290 0.0009 0.1722 2.4739 -0.2960 0.1375
78 1.2551 1.5659 0.1284 0.0050 0.1780 1.6765 0.0000 0.0334
79 1.2574 1.5687 0.1195 0.0097 0.1841 3.6536 -0.1020 0.0169
80 1.2592 1.5710 0.1290 0.0133 0.1895 2.7072 0.0000 0.5255
81 1.2581 1.5562 0.1278 0.0113 0.1604 2.5648 -0.0300 0.0413
82 1.2585 1.5567 0.1272 0.0120 0.1621 2.7755 0.0130 0.0153
83 1.2590 1.5575 0.1278 0.0132 0.1642 2.7216 0.1580 -0.0036
84 1.2599 1.5588 0.1272 0.0150 0.1673 2.9941 0.1920 -0.0117
85 1.2608 1.5608 0.1272 0.0170 0.1720 2.6506 0.3300 -0.0297
86 1.2617 1.5626 0.1290 0.0188 0.1763 2.6882 0.3010 -0.0365
87 1.2629 1.5652 0.1272 0.0215 0.1820 3.0456 0.1870 -0.0131
88 1.2645 1.5680 0.1296 0.0247 0.1883 2.5909 0.2190 -0.0103
89 1.2663 1.5710 0.1290 0.0286 0.1950 2.7421 0.3180 -0.0587
90 1.2680 1.5734 0.1290 0.0322 0.2005 2.9386 0.3260 -0.0533
91 1.2394 1.5692 0.1266 -0.0252 0.1929 2.9436 0.2580 -0.0276
92 1.2401 1.5697 0.1272 -0.0238 0.1947 2.9503 0.1400 0.0092
93 1.2411 1.5703 0.1248 -0.0219 0.1966 3.2527 0.1470 -0.0092
94 1.2427 1.5713 0.1266 -0.0188 0.1992 2.9349 0.2750 -0.0376
95 1.2448 1.5725 0.1266 -0.0146 0.2023 2.1851 0.2800 -0.0494
96 1.2473 1.5739 0.1201 -0.0097 0.2058 3.7554 0.3720 -0.0502
97 1.2498 1.5755 0.1266 -0.0047 0.2098 3.1119 0.3220 -0.0424
98 1.2526 1.5774 0.1296 0.0009 0.2144 2.0533 0.3810 -0.0917
99 1.2556 1.5796 0.1266 0.0070 0.2196 3.2699 0.4300 -0.0781
100 1.2582 1.5816 0.1302 0.0123 0.2244 2.7876 0.5870 -0.1083
101 1.2361 1.5581 0.1272 -0.0321 0.1780 3.0451 0.7180 -0.1597
102 1.2364 1.5584 0.1278 -0.0316 0.1792 2.9308 0.7520 -0.1556
103 1.2369 1.5590 0.1290 -0.0308 0.1810 1.9194 0.8560 -0.1815
104 1.2376 1.5599 0.1178 -0.0295 0.1833 4.1748 1.0070 -0.2222
105 1.2386 1.5611 0.1278 -0.0277 0.1863 3.1078 1.0510 -0.2314
106 1.2398 1.5626 0.1290 -0.0253 0.1899 2.9804 0.9470 -0.2049
107 1.2414 1.5643 0.1278 -0.0222 0.1941 3.1438 0.9490 -0.2041
108 1.2436 1.5664 0.1278 -0.0179 0.1989 2.4480 0.9400 -0.2194
109 1.2462 1.5687 0.1189 -0.0127 0.2043 4.2478 0.9200 -0.2048
110 1.2486 1.5711 0.1284 -0.0079 0.2096 2.1758 0.9520 -0.2317
111 1.2443 1.5752 0.1172 -0.0166 0.2186 4.3059 1.0360 -0.2616
112 1.2451 1.5753 0.1266 -0.0150 0.2197 3.1930 0.8710 -0.1919
113 1.2463 1.5758 0.1260 -0.0126 0.2213 3.4640 0.9340 -0.2520
114 1.2478 1.5765 0.1183 -0.0097 0.2235 4.4631 1.0090 -0.2572
115 1.2497 1.5774 0.1272 -0.0058 0.2262 3.2963 0.8980 -0.2201
116 1.2520 1.5786 0.1315 -0.0012 0.2293 2.9242 0.7980 -0.1948
117 1.2546 1.5800 0.1260 0.0039 0.2330 3.4163 0.5840 -0.1140
118 1.2574 1.5818 0.1296 0.0097 0.2373 3.1801 0.4260 -0.1349
119 1.2606 1.5838 0.1254 0.0161 0.2423 3.4644 0.3260 -0.0921
120 1.2632 1.5857 0.1272 0.0216 0.2469 2.7884 0.7100 -0.3934
121 1.2421 1.5534 0.1195 -0.0208 0.1827 4.2628 0.3790 -0.1262
122 1.2425 1.5541 0.1278 -0.0201 0.1847 3.4044 0.2350 -0.0919
123 1.2432 1.5552 0.1284 -0.0186 0.1874 3.2293 0.2170 -0.0630
124 1.2445 1.5565 0.1207 -0.0162 0.1907 4.4192 0.1760 -0.0645
125 1.2462 1.5582 0.1266 -0.0129 0.1946 3.7255 0.0920 -0.0485
126 1.2482 1.5600 0.1296 -0.0088 0.1989 3.3809 0.1500 -0.0712
127 1.2505 1.5621 0.1266 -0.0042 0.2036 3.7617 0.1870 -0.0750
128 1.2531 1.5644 0.1296 0.0009 0.2088 3.4774 0.1970 -0.0772
129 1.2559 1.5665 0.1207 0.0066 0.2137 4.5104 0.2300 -0.0930
130 1.2584 1.5682 0.1284 0.0117 0.2179 3.5959 0.1690 -0.0674
131 1.2521 1.5791 0.1178 -0.0008 0.2404 4.5285 0.2180 -0.1006
132 1.2523 1.5791 0.1260 -0.0003 0.2412 3.6769 0.2090 -0.0794
133 1.2529 1.5791 0.1278 0.0008 0.2420 3.6594 0.1560 -0.0708
134 1.2537 1.5792 0.1183 0.0025 0.2430 4.9358 0.1550 -0.0630
135 1.2547 1.5794 0.1272 0.0045 0.2442 3.6481 0.2350 -0.0959
136 1.2559 1.5797 0.1278 0.0069 0.2456 3.5340 0.3170 -0.1057
137 1.2575 1.5801 0.1272 0.0103 0.2472 3.6247 0.3300 -0.1006
138 1.2595 1.5807 0.1260 0.0143 0.2491 3.9074 0.2900 -0.0850
139 1.2617 1.5814 0.1195 0.0188 0.2514 4.5862 0.3520 -0.1144
140 1.2635 1.5821 0.1266 0.0227 0.2537 3.8687 0.3630 -0.1213
141 1.2581 1.5562 0.1189 0.0119 0.2024 4.6256 0.4990 -0.1489
142 1.2584 1.5568 0.1284 0.0125 0.2041 3.6846 0.4930 -0.1306
143 1.2588 1.5577 0.1260 0.0135 0.2064 3.7518 0.4850 -0.1337
144 1.2594 1.5587 0.1278 0.0148 0.2091 3.8540 0.2980 -0.0788
145 1.2603 1.5599 0.1260 0.0166 0.2120 3.7885 0.2850 -0.1173
146 1.2614 1.5612 0.1278 0.0190 0.2153 2.9999 0.1930 -0.0750
147 1.2627 1.5626 0.1254 0.0217 0.2186 4.1373 0.0900 -0.0347
148 1.2642 1.5640 0.1290 0.0247 0.2222 3.9033 0.0540 -0.0454
149 1.2658 1.5655 0.1278 0.0283 0.2259 3.7044 -0.1000 -0.0078
150 1.2674 1.5668 0.1284 0.0316 0.2291 4.1306 -0.1400 0.0000
151 1.2490 1.5500 0.1266 -0.0052 0.1961 3.9981 -0.1940 0.0059
152 1.2492 1.5502 0.1284 -0.0049 0.1968 3.9199 -0.1150 -0.0032
153 1.2492 1.5504 0.1260 -0.0049 0.1978 3.2781 -0.1170 0.0078
154 1.2492 1.5495 0.1284 -0.0048 0.1965 3.8357 -0.1310 -0.0033
155 1.2493 1.5458 0.1284 -0.0046 0.1896 3.9745 -0.1330 0.0135
156 1.2496 1.5422 0.1284 -0.0041 0.1828 3.1014 -0.1750 0.0078
157 1.2500 1.5388 0.1284 -0.0032 0.1764 3.8905 -0.1390 -0.0064
158 1.2506 1.5353 0.1272 -0.0020 0.1697 4.1137 -0.0980 -0.0178
159 1.2514 1.5319 0.1284 -0.0005 0.1632 3.9268 -0.1420 0.0106
160 1.2521 1.5292 0.1272 0.0009 0.1582 4.1464 -0.2060 0.0035
161 1.2660 1.5631 0.1266 0.0290 0.2265 4.0528 -0.2380 0.0211
162 1.2662 1.5632 0.1178 0.0294 0.2273 5.1934 -0.3040 0.0439
163 1.2664 1.5634 0.1266 0.0301 0.2284 4.2105 -0.4760 0.0929
164 1.2667 1.5637 0.1284 0.0309 0.2298 4.0111 -0.4580 0.0962
165 1.2671 1.5642 0.1272 0.0319 0.2312 4.2951 -0.5920 0.1180
166 1.2676 1.5647 0.1272 0.0330 0.2329 4.3735 -0.6610 0.1205
167 1.2682 1.5656 0.1266 0.0344 0.2353 4.1631 -0.5910 0.1101
168 1.2690 1.5667 0.1290 0.0361 0.2382 4.0720 -0.7690 0.1651
169 1.2697 1.5677 0.1254 0.0377 0.2410 4.2839 -0.7350 0.1413
170 1.2704 1.5685 0.1296 0.0394 0.2432 4.0319 -0.7540 0.1556
171 1.2600 1.6001 0.1296 0.0186 0.3074 4.1067 -0.7430 0.1609
172 1.2600 1.6003 0.1201 0.0188 0.3088 5.4488 -0.7440 0.1550
173 1.2600 1.6023 0.1284 0.0188 0.3138 4.1648 -0.6260 0.1345
174 1.2604 1.6049 0.1315 0.0198 0.3200 3.9982 -0.5280 0.1180
175 1.2613 1.6074 0.1266 0.0217 0.3262 4.3576 -0.5090 0.0858
176 1.2622 1.6100 0.1290 0.0237 0.3325 4.4487 -0.3460 0.0860
177 1.2633 1.6126 0.1178 0.0260 0.3388 5.3960 -0.1210 0.0233
178 1.2644 1.6154 0.1290 0.0283 0.3456 4.3644 -0.0210 -0.0001
179 1.2651 1.6185 0.1272 0.0299 0.3530 4.5400 -0.0540 0.0247
180 1.2659 1.6208 0.1284 0.0315 0.3588 4.5309 -0.0700 0.0165
181 1.2482 1.5729 0.1272 -0.0038 0.2637 4.4520 -0.0550 0.0125
182 1.2486 1.5727 0.1272 -0.0031 0.2640 4.5907 0.0920 -0.0190
183 1.2489 1.5725 0.1266 -0.0025 0.2643 4.4404 0.1290 -0.0405
184 1.2491 1.5722 0.1290 -0.0020 0.2646 4.4700 0.1111 -0.0227
185 1.2497 1.5720 0.1266 -0.0008 0.2648 4.4169 0.0000 0.0004
186 1.2505 1.5710 0.1290 0.0008 0.2635 4.5068 0.1490 -0.0283
187 1.2515 1.5686 0.1260 0.0026 0.2594 4.5262 0.0580 -0.0017
188 1.2521 1.5657 0.1284 0.0039 0.2542 4.5566 0.1120 -0.0336
189 1.2529 1.5640 0.1260 0.0057 0.2514 4.6831 0.1030 -0.0168
190 1.2536 1.5630 0.1272 0.0071 0.2502 4.9129 0.0180 0.0131
191 1.2620 1.5609 0.1284 0.0240 0.2465 4.6607 -0.1410 0.0643
192 1.2622 1.5592 0.1296 0.0244 0.2437 3.6397 -0.2760 0.0755
193 1.2624 1.5572 0.1260 0.0250 0.2403 4.6848 -0.4590 0.1331
194 1.2629 1.5552 0.1278 0.0261 0.2368 4.8484 -0.6410 0.1497
195 1.2635 1.5532 0.1172 0.0275 0.2333 5.7805 -0.6500 0.1570
196 1.2644 1.5510 0.1272 0.0293 0.2295 4.7763 -0.7700 0.1967
197 1.2653 1.5489 0.1266 0.0313 0.2259 3.8047 -0.9240 0.2290
198 1.2663 1.5470 0.1278 0.0335 0.2224 4.8017 -0.9780 0.2295
199 1.2679 1.5450 0.1266 0.0368 0.2188 4.7235 -0.8700 0.1819
200 1.2692 1.5433 0.1284 0.0397 0.2158 3.9877 -0.7400 0.1401
201 1.2380 1.5558 0.1278 -0.0229 0.2416 4.9097 -0.6490 0.1683
202 1.2374 1.5555 0.1260 -0.0241 0.2414 4.1348 -0.5330 0.1306
203 1.2368 1.5552 0.1183 -0.0255 0.2414 5.8422 -0.4060 0.1158
204 1.2356 1.5556 0.1254 -0.0280 0.2428 5.0725 -0.3610 0.1079
205 1.2346 1.5565 0.1278 -0.0303 0.2450 4.7422 -0.3480 0.1142
206 1.2337 1.5575 0.1272 -0.0321 0.2477 4.8929 -0.3060 0.0957
207 1.2330 1.5585 0.1272 -0.0338 0.2502 4.8511 -0.0050 -0.0047
208 1.2324 1.5593 0.1272 -0.0351 0.2524 5.1110 0.0200 0.0557
209 1.2322 1.5600 0.1278 -0.0356 0.2544 4.7557 0.0000 0.0278
210 1.2324 1.5604 0.1296 -0.0355 0.2558 4.7926 0.0020 0.0176
211 1.2414 1.5649 0.1266 -0.0176 0.2655 5.0492 -0.0380 0.0487
212 1.2421 1.5648 0.1272 -0.0162 0.2659 5.3590 0.0440 0.0060
213 1.2432 1.5647 0.1195 -0.0142 0.2663 5.9379 0.1640 -0.0202
214 1.2444 1.5647 0.1272 -0.0118 0.2671 5.3346 0.3090 -0.0426
215 1.2450 1.5653 0.1278 -0.0105 0.2689 4.0334 0.4660 -0.0998
216 1.2456 1.5658 0.1296 -0.0095 0.2706 4.8986 0.4810 -0.0856
217 1.2460 1.5658 0.1260 -0.0087 0.2712 5.1709 0.5800 -0.1041
218 1.2466 1.5653 0.1308 -0.0074 0.2709 4.8488 0.3370 -0.0443
219 1.2476 1.5648 0.1266 -0.0056 0.2705 5.3159 0.2500 -0.0356
220 1.2483 1.5653 0.1302 -0.0042 0.2722 4.9552 0.1680 -0.0179
221 1.2521 1.5469 0.1278 0.0035 0.2358 5.2004 0.2060 -0.0353
222 1.2523 1.5469 0.1290 0.0039 0.2363 5.1336 0.1650 -0.0006
223 1.2526 1.5469 0.1290 0.0046 0.2368 4.7904 0.0200 0.0381
224 1.2525 1.5489 0.1278 0.0043 0.2413 5.1943 -0.1340 0.0580
225 1.2515 1.5500 0.1248 0.0023 0.2440 4.8011 -0.0620 0.0435
226 1.2506 1.5507 0.1178 0.0006 0.2459 6.2584 -0.0320 0.0148
227 1.2501 1.5514 0.1278 -0.0005 0.2478 5.3720 0.0410 0.0020
228 1.2497 1.5521 0.1278 -0.0012 0.2498 5.1485 0.2990 -0.0805
229 1.2496 1.5529 0.1272 -0.0014 0.2518 5.3595 0.5180 -0.0991
230 1.2486 1.5511 0.1290 -0.0034 0.2488 4.9757 0.3300 -0.0122
231 1.2373 1.5423 0.1266 -0.0262 0.2316 5.3402 0.1480 -0.0225
232 1.2383 1.5431 0.1266 -0.0244 0.2336 5.2990 0.1180 -0.0123
233 1.2405 1.5415 0.1254 -0.0199 0.2308 5.3420 0.0180 0.0302
234 1.2438 1.5390 0.1278 -0.0134 0.2263 5.1918 -0.0060 0.0151
235 1.2474 1.5353 0.1260 -0.0063 0.2192 5.5472 0.0940 -0.0074
236 1.2505 1.5318 0.1284 -0.0000 0.2125 5.2760 0.2270 -0.0437
237 1.2528 1.5310 0.1266 0.0046 0.2112 5.4515 0.2180 -0.0323
238 1.2551 1.5300 0.1302 0.0093 0.2095 5.2147 0.1510 0.0009
239 1.2558 1.5291 0.1260 0.0107 0.2080 5.5600 0.4100 -0.0990
240 1.2565 1.5292 0.1302 0.0121 0.2085 5.1264 0.6080 -0.1529
241 1.2483 1.5652 0.1260 -0.0044 0.2810 5.7696 0.6530 -0.1378
242 1.2492 1.5649 0.1278 -0.0025 0.2811 5.5710 0.7720 -0.1548
243 1.2516 1.5649 0.1260 0.0024 0.2819 4.5682 0.7080 -0.1561
244 1.2549 1.5648 0.1189 0.0089 0.2824 6.6157 0.7040 -0.1513
245 1.2578 1.5651 0.1272 0.0149 0.2835 5.4589 0.7140 -0.1589
246 1.2608 1.5651 0.1296 0.0209 0.2842 5.4878 0.6450 -0.1426
247 1.2649 1.5644 0.1266 0.0292 0.2834 5.7475 0.3210 -0.0204
248 1.2700 1.5637 0.1290 0.0396 0.2826 4.8205 0.1640 -0.0268
249 1.2762 1.5643 0.1178 0.0523 0.2844 6.9673 0.1060 -0.0471
250 1.2802 1.5649 0.1296 0.0607 0.2863 5.4325 0.0020 0.0182
251 1.3252 1.5639 0.1272 0.1513 0.2851 5.6774 0.0800 -0.0380
252 1.3255 1.5643 0.1260 0.1527 0.2865 5.7798 0.0330 -0.0076
253 1.3250 1.5647 0.1272 0.1524 0.2879 5.7743 -0.0470 -0.0026
254 1.3250 1.5656 0.1189 0.1533 0.2904 6.6673 -0.1980 0.0564
255 1.3248 1.5675 0.1278 0.1536 0.2948 5.6787 -0.1960 0.0282
256 1.3241 1.5696 0.1278 0.1530 0.2997 4.8686 -0.1810 0.0317
257 1.3247 1.5723 0.1278 0.1549 0.3059 5.7156 0.1200 -0.0575
258 1.3264 1.5753 0.1272 0.1590 0.3125 5.9267 0.1130 -0.0212
259 1.3276 1.5794 0.1236 0.1621 0.3216 6.2549 0.1660 -0.0319
260 1.3270 1.5821 0.1290 0.1617 0.3278 5.7988 0.0170 0.0296
261 1.2670 1.5499 0.1178 0.0420 0.2639 6.9840 -0.1120 0.0256
262 1.2680 1.5507 0.1272 0.0442 0.2659 5.9249 -0.1470 0.0045
263 1.2674 1.5491 0.1278 0.0432 0.2632 5.9311 -0.0340 0.0191
264 1.2660 1.5469 0.1195 0.0404 0.2593 6.8260 -0.0890 0.0240
265 1.2652 1.5471 0.1278 0.0391 0.2602 5.9684 -0.0150 0.0005
266 1.2653 1.5479 0.1284 0.0394 0.2624 6.0354 0.0740 -0.0256
267 1.2665 1.5496 0.1272 0.0419 0.2662 5.8962 0.1330 -0.0417
268 1.2681 1.5505 0.1296 0.0454 0.2686 6.1088 0.1430 -0.0696
269 1.2694 1.5520 0.1278 0.0481 0.2721 5.8595 0.0070 0.0077
270 1.2703 1.5536 0.1272 0.0500 0.2758 5.3532 -0.1110 0.0252
271 1.2590 1.5565 0.1278 0.0277 0.2822 5.0627 -0.3560 0.0854
272 1.2539 1.5544 0.1189 0.0174 0.2784 7.0958 -0.4550 0.0903
273 1.2481 1.5546 0.1254 0.0058 0.2794 6.3966 -0.4460 0.0836
274 1.2394 1.5539 0.1290 -0.0117 0.2786 5.8006 -0.4070 0.0813
275 1.2293 1.5517 0.1284 -0.0322 0.2747 5.9516 -0.4780 0.1191
276 1.2203 1.5512 0.1272 -0.0504 0.2742 6.1749 -0.5420 0.1270
277 1.2099 1.5510 0.1195 -0.0715 0.2743 7.0577 -0.7450 0.1842
278 1.1995 1.5514 0.1272 -0.0929 0.2756 6.1515 -0.8050 0.1788
279 1.1888 1.5526 0.1278 -0.1149 0.2785 5.2113 -0.7340 0.1620
280 1.1806 1.5533 0.1302 -0.1320 0.2805 5.1643 -0.5720 0.1245
281 1.2190 1.5859 0.1266 -0.0554 0.3466 6.0885 -0.3540 0.0940
282 1.2176 1.5865 0.1278 -0.0587 0.3487 6.2627 -0.3820 0.1502
283 1.2143 1.5864 0.1260 -0.0656 0.3493 6.3173 -0.4180 -0.1241
284 1.2086 1.5862 0.1290 -0.0774 0.3497 5.1475 -0.5000 0.1281
285 1.2030 1.5859 0.1260 -0.0890 0.3499 6.4148 -0.5570 0.1378
286 1.1997 1.5877 0.1272 -0.0961 0.3544 6.5306 -0.0790 -0.1199
287 1.1957 1.5874 0.1272 -0.1047 0.3548 6.2466 -0.4820 0.1288
288 1.1912 1.5857 0.1296 -0.1143 0.3522 6.2152 -0.6810 0.2075
289 1.1843 1.5829 0.1254 -0.1288 0.3474 6.5589 -0.7170 0.1907
290 1.1795 1.5812 0.1272 -0.1390 0.3448 6.4177 -0.7680 0.2062
291 1.2584 1.5505 0.1266 0.0188 0.2839 5.7324 -0.7970 0.2076
292 1.2604 1.5513 0.1284 0.0228 0.2861 6.2456 -0.7460 0.1807
293 1.2610 1.5505 0.1254 0.0242 0.2850 6.7456 -0.7510 0.2001
294 1.2606 1.5505 0.1284 0.0235 0.2855 6.3421 -0.8420 0.2127
295 1.2638 1.5486 0.1278 0.0302 0.2822 6.3128 -0.9030 0.2601
296 1.2672 1.5472 0.1290 0.0370 0.2799 6.3668 -1.0390 0.2811
297 1.2732 1.5434 0.1260 0.0492 0.2727 6.6261 -0.9820 0.2492
298 1.2763 1.5417 0.1284 0.0557 0.2697 6.3550 -1.1370 0.2917
299 1.2821 1.5379 0.1278 0.0677 0.2624 6.5664 -1.2700 0.3133
300 1.2865 1.5355 0.1272 0.0768 0.2580 6.7709 -1.2630 0.2931
301 1.2368 1.5692 0.1260 -0.0228 0.3262 6.5077 -1.2220 0.2853
302 1.2372 1.5674 0.1278 -0.0220 0.3232 6.5495 -1.0800 0.2523
303 1.2375 1.5665 0.1266 -0.0215 0.3220 6.4685 -1.0550 0.2757
304 1.2373 1.5651 0.1290 -0.0221 0.3199 6.5579 -1.1330 0.2699
305 1.2405 1.5626 0.1266 -0.0158 0.3154 6.8061 -1.0880 0.2755
306 1.2410 1.5591 0.1284 -0.0148 0.3091 6.7286 -1.1330 0.2842
307 1.2442 1.5578 0.1290 -0.0084 0.3070 6.4920 -1.2240 0.3040
308 1.2497 1.5544 0.1278 0.0026 0.3009 6.6555 -1.2930 0.3638
309 1.2511 1.5518 0.1284 0.0053 0.2962 6.4806 -1.1490 0.2940
310 1.2535 1.5498 0.1272 0.0101 0.2927 6.6405 -1.0690 0.2561
311 1.2484 1.5557 0.1272 -0.0000 0.3050 6.7153 -0.9400 0.2426
312 1.2489 1.5608 0.1284 0.0009 0.3159 6.8306 -0.8910 0.2049
313 1.2509 1.5635 0.1272 0.0049 0.3218 6.8722 -0.8890 0.2161
314 1.2509 1.5680 0.1284 0.0048 0.3316 6.6852 -1.0030 0.2615
315 1.2536 1.5725 0.1266 0.0104 0.3413 6.0323 -0.9520 0.2737
316 1.2558 1.5778 0.1272 0.0149 0.3527 6.8070 -1.0040 0.2590
317 1.2568 1.5814 0.1278 0.0169 0.3606 6.7529 -0.9950 0.2250
318 1.2589 1.5837 0.1278 0.0212 0.3660 6.7115 -1.1600 0.3093
319 1.2609 1.5849 0.1266 0.0253 0.3693 6.8743 -1.3030 0.3483
320 1.2664 1.5835 0.1284 0.0365 0.3673 6.7321 -1.3080 0.2852
321 1.2614 1.5772 0.1195 0.0265 0.3556 7.7607 -1.3090 0.3167
322 1.2585 1.5808 0.1296 0.0208 0.3636 6.8052 -1.3320 0.3142
323 1.2577 1.5820 0.1254 0.0194 0.3667 6.9657 -1.3540 0.3374
324 1.2563 1.5829 0.1278 0.0166 0.3694 6.8754 -1.2860 0.3022
325 1.2580 1.5854 0.1290 0.0200 0.3752 6.6881 -1.3270 0.2931
326 1.2611 1.5888 0.1260 0.0264 0.3829 7.0683 -1.2720 0.3062
327 1.2654 1.5939 0.1266 0.0351 0.3941 6.9547 -1.3450 0.3385
328 1.2705 1.5961 0.1266 0.0455 0.3994 7.0929 -1.2930 0.3229
329 1.2760 1.5959 0.1272 0.0567 0.4000 6.8590 -1.3380 0.3520
330 1.2800 1.5960 0.1284 0.0651 0.4012 6.9687 -1.3260 0.3151
331 1.2507 1.5658 0.1284 0.0065 0.3414 6.9832 -1.3440 0.0383
332 1.2512 1.5633 0.1278 0.0076 0.3371 7.1343 -1.2850 0.3064
333 1.2466 1.5639 0.1290 -0.0017 0.3389 6.6467 -1.2930 0.3327
334 1.2392 1.5655 0.1278 -0.0166 0.3427 7.1707 -1.3400 0.3654
335 1.2357 1.5631 0.1254 -0.0238 0.3386 7.2964 -1.3360 0.3240
336 1.2404 1.5637 0.1278 -0.0144 0.3404 7.0862 -1.1690 0.2539
337 1.2543 1.5612 0.1284 0.0133 0.3360 7.0322 -1.1280 0.2804
338 1.2743 1.5552 0.1278 0.0536 0.3245 6.2365 -1.2330 0.3487
339 1.2987 1.5429 0.1284 0.1028 0.3003 7.0088 -1.3370 0.3589
340 1.3160 1.5303 0.1290 0.1381 0.2755 7.2526 -1.3960 0.3423
341 1.2486 1.5475 0.1272 0.0034 0.3104 7.1827 -1.5990 0.3990
342 1.2492 1.5506 0.1266 0.0045 0.3170 7.3331 -1.6140 0.4014
343 1.2547 1.5482 0.1272 0.0156 0.3128 7.2796 -1.9480 0.4896
344 1.2576 1.5464 0.1272 0.0214 0.3095 7.3583 -1.9560 0.4731
345 1.2605 1.5419 0.1272 0.0273 0.3010 7.4370 -1.8570 0.4600
346 1.2613 1.5373 0.1284 0.0290 0.2923 7.1290 -1.7810 0.4043
347 1.2594 1.5294 0.1278 0.0254 0.2767 7.3403 -1.7870 0.4310
348 1.2592 1.5271 0.1272 0.0252 0.2724 6.7766 -1.7460 0.4072
349 1.2612 1.5260 0.1195 0.0292 0.2704 8.2551 -1.8720 0.7935
350 1.2608 1.5254 0.1296 0.0286 0.2694 7.2920 -1.8910 0.4555
351 1.2424 1.5646 0.1278 -0.0084 0.3486 7.2869 -1.8840 0.4575
352 1.2421 1.5638 0.1284 -0.0091 0.3477 7.5310 -1.8060 0.4201
353 1.2406 1.5621 0.1272 -0.0121 0.3448 6.6237 -1.7000 0.4428
354 1.2360 1.5619 0.1272 -0.0215 0.3450 7.6517 -1.8170 0.4711
355 1.2303 1.5593 0.1266 -0.0332 0.3404 7.5610 -1.8030 0.4355
356 1.2269 1.5573 0.1302 -0.0402 0.3370 7.2032 -2.1180 0.5016
357 1.2259 1.5549 0.1254 -0.0424 0.3327 7.6210 -2.1160 0.4896
358 1.2229 1.5505 0.1290 -0.0487 0.3245 7.3861 -2.2870 0.5904
359 1.2179 1.5457 0.1254 -0.0589 0.3152 7.7182 -2.2190 0.5290
360 1.2145 1.5421 0.1290 -0.0661 0.3086 7.4797 -2.2450 0.5272
361 1.2272 1.5550 0.1290 -0.0409 0.3349 7.3139 -2.3800 0.5666
362 1.2269 1.5519 0.1284 -0.0419 0.3293 7.4046 -2.3830 0.5468
363 1.2261 1.5476 0.1272 -0.0435 0.3211 7.8093 -2.4500 0.5924
364 1.2214 1.5436 0.1195 -0.0532 0.3135 8.4510 -2.5910 0.6496
365 1.2160 1.5430 0.1272 -0.0645 0.3128 7.6649 -2.7880 0.6729
366 1.2156 1.5422 0.1272 -0.0656 0.3115 7.5629 -2.8850 0.6705
367 1.2142 1.5460 0.1260 -0.0687 0.3197 7.7857 -2.9360 0.6774
368 1.2121 1.5478 0.1272 -0.0732 0.3236 7.8404 -2.9190 0.6958
369 1.2113 1.5460 0.1272 -0.0753 0.3206 7.7981 -3.1290 0.7835
370 1.2149 1.5428 0.1284 -0.0684 0.3146 6.7206 -3.1500 0.7010
371 1.2588 1.5584 0.1172 0.0194 0.3464 8.8507 -3.2030 0.7573
372 1.2589 1.5571 0.1266 0.0197 0.3444 7.8578 -3.2450 0.7359
373 1.2614 1.5551 0.1266 0.0249 0.3408 7.8764 -3.2860 0.7686
374 1.2653 1.5518 0.1278 0.0327 0.3348 7.7498 -3.2300 0.7384
375 1.2647 1.5486 0.1266 0.0317 0.3289 7.7932 -3.3790 0.7938
376 1.2620 1.5454 0.1278 0.0265 0.3229 7.0755 -3.5380 0.0249
377 1.2589 1.5416 0.1278 0.0204 0.3158 7.6859 -3.4620 0.8354
378 1.2566 1.5360 0.1302 0.0158 0.3049 7.8355 -3.3390 0.7662
379 1.2541 1.5285 0.1272 0.0108 0.2901 7.7942 -3.2960 0.7490
380 1.2521 1.5245 0.1207 0.0068 0.2824 8.8912 -3.2850 0.7648
381 1.2464 1.5402 0.1290 -0.0046 0.3142 7.7826 -3.3610 0.7644
382 1.2438 1.5372 0.1272 -0.0098 0.3087 8.0188 -3.5410 0.8485
383 1.2398 1.5356 0.1278 -0.0180 0.3057 7.8441 -3.6790 0.8859
384 1.2339 1.5323 0.1290 -0.0298 0.2994 7.8374 -3.7860 0.8536
385 1.2229 1.5284 0.1260 -0.0521 0.2920 8.2779 -3.7380 0.8469
386 1.2119 1.5227 0.1284 -0.0746 0.2807 7.0576 -3.8530 0.9081
387 1.2007 1.5154 0.1201 -0.0974 0.2663 9.0256 -3.9850 0.9491
388 1.1875 1.5062 0.1272 -0.1245 0.2480 8.1891 -3.8600 0.8794
389 1.1737 1.4927 0.1284 -0.1528 0.2209 7.9415 -3.9020 0.8803
390 1.1613 1.4817 0.1278 -0.1786 0.1988 8.3924 -4.0420 0.9613
391 1.2404 1.5580 0.1272 -0.0204 0.3520 8.1151 -3.8220 0.8839
392 1.2422 1.5490 0.1296 -0.0170 0.3345 7.9027 -3.9920 0.9564
393 1.2422 1.5380 0.1254 -0.0171 0.3128 8.2473 -3.9720 0.9017
394 1.2414 1.5251 0.1284 -0.0186 0.2873 7.2547 -3.8350 0.8730
395 1.2409 1.5123 0.1178 -0.0196 0.2618 9.3835 -3.8180 0.8897
396 1.2421 1.4976 0.1290 -0.0173 0.2323 8.2926 -3.9210 0.9104
397 1.2396 1.4801 0.1284 -0.0225 0.1972 7.9601 -4.1090 0.9429
398 1.2356 1.4596 0.1284 -0.0306 0.1558 8.2796 -4.2370 0.9918
399 1.2284 1.4348 0.1266 -0.0454 0.1055 8.5761 -4.1920 0.9796
400 1.2246 1.4196 0.1278 -0.0530 0.0744 8.2604 -4.2380 0.9854
401 1.2468 1.5637 0.1278 -0.0088 0.3631 7.4446 -4.3150 0.9794
402 1.2460 1.5622 0.1183 -0.0105 0.3609 9.4270 -4.3300 0.9969
403 1.2474 1.5673 0.1260 -0.0076 0.3716 8.3453 -4.3520 1.0045
404 1.2497 1.5773 0.1290 -0.0030 0.3925 8.2431 -4.4230 0.9989
405 1.2510 1.5830 0.1260 -0.0005 0.4046 8.4428 -4.4770 1.0341
406 1.2578 1.5861 0.1284 0.0132 0.4117 8.5957 -4.5140 1.0187
407 1.2638 1.5849 0.1296 0.0254 0.4101 7.9835 -4.4840 1.0063
408 1.2667 1.5816 0.1290 0.0314 0.4043 8.3758 -4.5410 1.0443
409 1.2683 1.5773 0.1266 0.0347 0.3965 7.5006 -4.7040 1.0788
410 1.2680 1.5731 0.1284 0.0343 0.3888 8.4176 -4.6330 1.0501
411 1.2359 1.5733 0.1272 -0.0301 0.3900 8.4009 -4.5750 1.0510
412 1.2388 1.5735 0.1284 -0.0243 0.3911 7.5640 -4.4940 1.0223
413 1.2435 1.5737 0.1242 -0.0151 0.3923 8.5581 -4.4050 1.0114
414 1.2508 1.5721 0.1272 -0.0005 0.3898 8.6371 -4.3110 0.9825
415 1.2567 1.5673 0.1266 0.0115 0.3810 8.4270 -4.3610 0.9900
416 1.2584 1.5663 0.1278 0.0149 0.3796 8.6013 -4.4040 1.0112
417 1.2601 1.5661 0.1260 0.0185 0.3798 8.4758 -4.4640 1.0177
418 1.2580 1.5630 0.1284 0.0143 0.3742 8.6261 -4.5640 1.0935
419 1.2565 1.5576 0.1278 0.0115 0.3640 8.3553 -4.5210 1.0007
420 1.2553 1.5534 0.1183 0.0091 0.3562 9.6232 -4.5160 1.0370
421 1.2344 1.5553 0.1266 -0.0328 0.3605 8.7661 -4.7530 1.0857
422 1.2329 1.5500 0.1284 -0.0361 0.3504 7.7371 -4.9310 1.1556
423 1.2285 1.5441 0.1109 -0.0450 0.3391 10.3879 -4.8880 1.1331
424 1.2215 1.5362 0.1284 -0.0594 0.3237 8.6662 -5.0010 1.1725
425 1.2136 1.5306 0.1272 -0.0756 0.3128 8.7688 -4.8910 1.1040
426 1.2065 1.5298 0.1290 -0.0901 0.3113 8.6295 -5.0380 1.1296
427 1.1995 1.5286 0.1296 -0.1047 0.3094 7.7423 -5.1910 1.1636
428 1.1935 1.5254 0.1189 -0.1172 0.3030 9.7585 -5.3020 1.2008
429 1.1882 1.5226 0.1266 -0.1285 0.2977 8.9151 -5.3330 1.2357
430 1.1830 1.5212 0.1201 -0.1395 0.2951 8.8782 -5.2640 1.1883
431 1.2356 1.5526 0.1272 -0.0345 0.3584 8.7487 -5.3990 1.2183
432 1.2330 1.5525 0.1272 -0.0398 0.3589 9.0082 -5.3130 1.1974
433 1.2339 1.5504 0.1254 -0.0383 0.3552 8.9416 -5.2360 1.1692
434 1.2367 1.5454 0.1290 -0.0327 0.3456 8.9453 -5.2560 1.2368
435 1.2387 1.5408 0.1272 -0.0288 0.3367 8.9382 -5.2430 1.1952
436 1.2402 1.5370 0.1290 -0.0260 0.3296 8.7389 -5.3100 1.2226
437 1.2438 1.5322 0.1290 -0.0188 0.3203 7.8686 -5.3740 1.2034
438 1.2503 1.5285 0.1272 -0.0058 0.3132 8.9938 -5.2140 1.1959
439 1.2545 1.5257 0.1272 0.0026 0.3078 9.0724 -5.2020 1.1928
440 1.2560 1.5228 0.1201 0.0057 0.3022 9.8810 -5.3120 1.2876
441 1.2531 1.5639 0.1254 -0.0000 0.3851 9.2575 -5.2300 1.1763
442 1.2531 1.5643 0.1278 0.0000 0.3865 8.9233 -5.1230 1.1694
443 1.2533 1.5652 0.1260 0.0004 0.3890 9.1591 -5.0860 1.1705
444 1.2542 1.5671 0.1272 0.0022 0.3935 9.3969 -5.1730 1.1716
445 1.2531 1.5702 0.1290 0.0001 0.4003 8.8332 -5.1680 1.1647
446 1.2502 1.5742 0.1278 -0.0058 0.4092 9.2993 -5.0870 1.1062
447 1.2432 1.5760 0.1278 -0.0197 0.4136 8.1278 -5.1280 1.1821
448 1.2342 1.5770 0.1178 -0.0381 0.4163 10.4211 -5.1360 1.1825
449 1.2224 1.5792 0.1260 -0.0618 0.4214 9.1487 -5.1140 1.1683
450 1.2128 1.5795 0.1290 -0.0814 0.4228 8.9816 -5.1140 1.1554
451 1.2356 1.5654 0.1266 -0.0359 0.3953 8.9862 -5.0086 1.1135
452 1.2297 1.5654 0.1266 -0.0479 0.3960 9.2442 -5.0120 1.1296
453 1.2235 1.5627 0.1278 -0.0606 0.3911 9.0576 -4.9380 1.1291
454 1.2174 1.5588 0.1266 -0.0731 0.3839 9.4012 -4.9100 1.1318
455 1.2108 1.5535 0.1272 -0.0868 0.3739 8.3981 -4.7390 1.1004
456 1.2039 1.5453 0.1178 -0.1010 0.3578 10.5003 -4.5510 1.0256
457 1.1971 1.5325 0.1260 -0.1151 0.3327 9.4083 -4.6870 1.0630
458 1.1854 1.5172 0.1284 -0.1391 0.3022 9.0170 -4.6750 1.0528
459 1.1711 1.4974 0.1272 -0.1685 0.2626 9.3005 -4.9410 1.1845
460 1.1632 1.4837 0.1296 -0.1853 0.2351 9.2019 -5.0360 1.1999
461 1.2484 1.5528 0.1254 -0.0148 0.3739 9.6629 -5.1140 1.1990
462 1.2512 1.5541 0.1260 -0.0092 0.3769 9.7914 -5.0690 1.1618
463 1.2551 1.5563 0.1278 -0.0013 0.3818 9.0505 -5.0430 1.1689
464 1.2620 1.5576 0.1284 0.0125 0.3850 9.4778 -5.0560 1.1442
465 1.2677 1.5585 0.1260 0.0242 0.3875 9.3037 -5.1050 1.1609
466 1.2709 1.5554 0.1272 0.0306 0.3817 9.5385 -5.2270 1.2099
467 1.2749 1.5509 0.1260 0.0390 0.3733 9.4007 -5.6200 1.4558
468 1.2784 1.5454 0.1278 0.0463 0.3628 9.5030 -5.3380 1.2212
469 1.2803 1.5397 0.1260 0.0503 0.3517 9.6773 -5.1980 1.1825
470 1.2780 1.5361 0.1272 0.0460 0.3449 9.5476 -5.4520 1.2840
471 1.2622 1.5633 0.1272 0.0147 0.4000 9.5024 -5.5900 1.2844
472 1.2674 1.5620 0.1284 0.0251 0.3979 9.4966 -5.7370 1.3176
473 1.2714 1.5595 0.1296 0.0333 0.3936 9.0086 -5.6550 1.2695
474 1.2764 1.5576 0.1284 0.0436 0.3904 9.5328 -5.6780 1.2702
475 1.2837 1.5556 0.1266 0.0585 0.3869 9.6471 -5.7110 1.2798
476 1.2907 1.5490 0.1201 0.0730 0.3742 10.3883 -5.7230 1.2637
477 1.3021 1.5387 0.1278 0.0964 0.3541 9.6005 -5.7450 1.2900
478 1.3152 1.5291 0.1278 0.1232 0.3350 9.4386 -5.7300 1.3200
479 1.3304 1.5200 0.1272 0.1544 0.3170 9.6493 -5.7700 1.3316
480 1.3469 1.5116 0.1195 0.1883 0.3004 10.6490 -5.6440 1.2893
481 1.2478 1.5546 0.1278 -0.0100 0.3869 9.5461 -5.7470 1.2824
482 1.2426 1.5568 0.1266 -0.0203 0.3918 10.0114 -5.7320 1.2862
483 1.2383 1.5565 0.1284 -0.0292 0.3919 8.7419 -5.6670 1.2611
484 1.2377 1.5556 0.1213 -0.0304 0.3906 10.7511 -5.8390 1.3203
485 1.2377 1.5546 0.1266 -0.0306 0.3891 9.8245 -5.8990 1.3621
486 1.2396 1.5541 0.1308 -0.0269 0.3886 9.4539 -5.8110 1.3581
487 1.2432 1.5560 0.1254 -0.0197 0.3931 9.8843 -5.8430 1.3060
488 1.2500 1.5620 0.1284 -0.0061 0.4056 8.9496 -5.8230 1.3029
489 1.2561 1.5661 0.1254 0.0060 0.4145 9.9214 -5.9190 1.3950
490 1.2578 1.5653 0.1278 0.0095 0.4135 10.0670 -5.8660 1.3263
491 1.2543 1.5434 0.1189 0.0027 0.3701 10.8458 -5.9320 1.3316
492 1.2522 1.5499 0.1278 -0.0014 0.3838 9.8572 -6.1047 1.4251
493 1.2510 1.5616 0.1254 -0.0038 0.4078 9.9238 -6.0390 1.3772
494 1.2489 1.5757 0.1284 -0.0081 0.4367 9.8212 -6.2900 1.4331
495 1.2469 1.5940 0.1272 -0.0121 0.4742 9.8041 -6.3110 1.4671
496 1.2446 1.6173 0.1284 -0.0168 0.5220 9.7375 -6.0640 1.3561
497 1.2464 1.6381 0.1242 -0.0132 0.5649 10.3806 -6.2550 1.4493
498 1.2469 1.6568 0.1278 -0.0123 0.6040 9.9069 -6.1240 1.4148
499 1.2475 1.6768 0.1272 -0.0111 0.6457 9.8780 -6.1310 1.3906
500 1.2467 1.6880 0.1290 -0.0128 0.6699 9.1416 -6.4470 1.5370
501 1.2356 1.5509 0.1278 -0.0351 0.3963 9.9552 -6.5910 1.5001
502 1.2365 1.5508 0.1266 -0.0333 0.3967 10.0578 -6.5890 1.4947
503 1.2369 1.5570 0.1272 -0.0326 0.4095 9.1197 -6.5430 1.4177
504 1.2352 1.5572 0.1172 -0.0364 0.4106 11.1667 -6.4830 1.4978
505 1.2352 1.5602 0.1266 -0.0365 0.4172 10.1141 -6.4390 1.4525
506 1.2336 1.5578 0.1266 -0.0398 0.4130 10.0724 -6.4240 1.5083
507 1.2341 1.5574 0.1260 -0.0389 0.4127 10.2230 -6.3870 1.4413
508 1.2300 1.5527 0.1272 -0.0474 0.4039 10.2776 -6.2790 1.4560
509 1.2271 1.5507 0.1195 -0.0534 0.4003 11.0403 -6.2280 1.3570
510 1.2184 1.5452 0.1278 -0.0712 0.3899 10.2991 -6.1700 1.4389
511 1.2546 1.5497 0.1278 0.0013 0.3993 10.0120 -6.5930 1.5174
512 1.2494 1.5565 0.1266 -0.0091 0.4134 10.4761 -6.5990 1.4907
513 1.2494 1.5618 0.1272 -0.0091 0.4246 9.2966 -6.9650 1.5980
514 1.2498 1.5696 0.1201 -0.0083 0.4409 11.0548 -6.9590 1.5602
515 1.2438 1.5725 0.1260 -0.0203 0.4475 10.2433 -6.8310 1.5535
516 1.2418 1.5782 0.1290 -0.0244 0.4597 10.1397 -6.9650 1.5566
517 1.2325 1.5810 0.1254 -0.0433 0.4661 10.3514 -6.0000 0.4927
518 1.2211 1.5772 0.1290 -0.0663 0.4592 10.3577 -6.7390 1.5330
519 1.2197 1.5752 0.1189 -0.0694 0.4561 11.1667 -4.9230 -26.4309
520 1.2178 1.5782 0.1290 -0.0735 0.4627 10.4519 -6.7880 1.5208
521 1.2190 1.5529 0.1284 -0.0714 0.4127 10.2364 -6.2820 1.4313
522 1.2167 1.5490 0.1272 -0.0764 0.4054 10.5203 -6.4060 1.4509
523 1.2129 1.5471 0.1248 -0.0844 0.4020 10.1697 -6.2930 1.3915
524 1.2039 1.5421 0.1278 -0.1028 0.3925 10.4852 -5.9040 1.3481
525 1.2037 1.5395 0.1254 -0.1036 0.3876 10.6716 -6.0370 1.3861
526 1.2019 1.5377 0.1278 -0.1077 0.3846 10.3412 -5.8310 1.2637
527 1.1949 1.5313 0.1278 -0.1222 0.3721 10.3594 -5.5660 1.3365
528 1.1955 1.5289 0.1266 -0.1216 0.3675 10.7031 -5.7900 1.3463
529 1.1917 1.5287 0.1195 -0.1297 0.3674 11.4533 -5.6400 1.2555
530 1.1875 1.5248 0.1272 -0.1389 0.3599 10.6035 -5.5030 1.2353
531 1.2607 1.5856 0.1254 0.0077 0.4823 10.7139 -5.7730 1.3674
532 1.2623 1.5883 0.1296 0.0109 0.4886 10.4029 -5.7910 1.2940
533 1.2598 1.5874 0.1266 0.0062 0.4877 9.6610 -5.4590 1.2112
534 1.2664 1.5810 0.1278 0.0195 0.4757 10.5373 -5.4000 1.2644
535 1.2785 1.5803 0.1248 0.0439 0.4751 11.0971 -5.8360 1.3979
536 1.2817 1.5848 0.1296 0.0507 0.4849 10.2355 -5.9610 1.3550
537 1.2750 1.5883 0.1284 0.0375 0.4928 10.7009 -5.4750 1.1770
538 1.2638 1.5848 0.1296 0.0153 0.4867 10.3917 -5.0430 1.1431
539 1.2611 1.5840 0.1272 0.0100 0.4859 10.7613 -5.4290 1.2535
540 1.2637 1.5890 0.1290 0.0153 0.4968 10.8008 -5.8140 1.3579
541 1.2530 1.5824 0.1272 -0.0061 0.4843 10.6700 -6.0150 1.3973
542 1.2390 1.5791 0.1189 -0.0342 0.4786 11.8040 -5.6080 1.2172
543 1.2158 1.5668 0.1248 -0.0809 0.4547 10.9952 -5.2220 1.1954
544 1.1962 1.5479 0.1183 -0.1207 0.4172 11.8505 -4.9690 1.1391
545 1.1866 1.5345 0.1242 -0.1405 0.3909 11.1639 -5.1510 1.1881
546 1.1817 1.5291 0.1195 -0.1510 0.3803 10.9779 -5.5120 1.2600
547 1.1697 1.5275 0.1154 -0.1758 0.3773 12.0735 -5.5090 1.1970
548 1.1477 1.5209 0.1290 -0.2209 0.3644 10.7642 -5.2750 1.1609
549 1.1276 1.5124 0.1178 -0.2621 0.3475 11.9498 -5.1100 1.2101
550 1.1116 1.5076 0.1302 -0.2956 0.3379 10.7727 -5.5140 1.3138
551 1.2544 1.5855 0.1284 -0.0099 0.4947 10.7642 -5.6700 1.3218
552 1.2423 1.5869 0.1260 -0.0343 0.4983 10.8918 -5.2790 1.1471
553 1.2281 1.5861 0.1260 -0.0629 0.4977 11.0302 -5.2880 1.3303
554 1.2237 1.5901 0.1254 -0.0719 0.5065 10.7627 -5.4140 1.2168
555 1.2248 1.5973 0.1254 -0.0699 0.5219 11.0792 -5.8260 1.3285
556 1.2232 1.6047 0.1278 -0.0735 0.5377 11.0502 -5.9420 1.3601
557 1.2123 1.6110 0.1272 -0.0956 0.5515 11.0810 -5.4750 1.2157
558 1.2022 1.6112 0.1278 -0.1163 0.5530 10.9062 -5.1600 1.2128
559 1.2004 1.6124 0.1260 -0.1203 0.5566 11.2543 -5.0830 1.1244
560 1.2048 1.6165 0.1284 -0.1121 0.5659 11.1655 -5.1730 1.1605
561 0.0000 0.0000 0.1284 -2.0000 -2.0000 10.8777 0.0000 -2.2858
562 0.0000 0.0000 0.1254 -2.0000 -2.0000 11.3781 -4.8150 1.0586
563 0.0000 0.0000 0.1266 -2.0000 -2.0000 11.0124 -4.8040 1.0833
564 0.0000 0.0000 0.1272 -2.0000 -2.0000 11.1957 -4.8560 1.1362
565 0.0000 0.0000 0.1278 -2.0000 -2.0000 11.0215 -4.6740 1.1091
566 0.0000 0.0000 0.1272 -2.0000 -2.0000 11.2928 -4.5980 1.0726
567 0.0000 0.0000 0.1278 -2.0000 -2.0000 11.1177 -4.5580 1.0739
568 0.0000 0.0000 0.1272 -2.0000 -2.0000 11.3290 -4.6880 1.0851
569 0.0000 0.0000 0.1260 -2.0000 -2.0000 11.1873 -4.5830 1.0510
570 0.0000 0.0000 0.1260 -2.0000 -2.0000 11.3855 -4.5400 1.0548
571 0.0009 0.0000 0.1284 -2.0000 -2.0000 10.8120 -4.3880 0.9987
572 0.0024 0.0009 0.1272 -2.0000 -2.0000 11.2105 -4.0920 0.8857
573 0.0063 0.0000 0.1272 -2.0000 -2.0000 11.1091 -3.9420 0.9026
574 0.0107 0.0000 0.1296 -2.0000 -2.0000 11.2588 -3.9510 0.9184
575 0.0156 0.0000 0.1260 -2.0000 -2.0000 11.4101 -3.9230 0.9170
576 0.0233 0.0000 0.1308 -2.0000 -2.0000 11.0277 -3.8630 0.8943
577 0.0303 0.0000 0.1266 -2.0000 -2.0000 11.3741 -3.6240 0.8403
578 0.0423 0.0000 0.1290 -2.0000 -2.0000 11.4652 -3.2280 0.7424
579 0.0527 0.0000 0.1302 -2.0000 -2.0000 11.0304 -3.0790 0.7061
580 0.0667 0.0000 0.1260 -2.0000 -2.0000 11.3170 -2.9860 0.6711
581 0.0000 0.0007 0.1278 -2.0000 -2.0000 11.1749 -2.9680 0.7054
582 0.0008 0.0023 0.1278 -2.0000 -2.0000 11.0151 -2.8540 0.6507
583 0.0005 0.0006 0.1260 -2.0000 -2.0000 11.4894 -2.6330 0.6126
584 0.0000 0.0000 0.1260 -2.0000 -2.0000 11.4479 -2.5480 0.6151
585 0.0004 0.0000 0.1266 -2.0000 -2.0000 11.4541 -2.4230 0.5534
586 0.0000 0.0000 0.1284 -2.0000 -2.0000 11.6173 -2.3150 0.5481
587 0.0012 0.0000 0.1201 -2.0000 -2.0000 12.2133 -2.3540 0.5336
588 0.0000 0.0000 0.1296 -2.0000 -2.0000 11.5081 -2.5730 0.6180
589 0.0000 0.0000 0.1272 -2.0000 -2.0000 11.3879 -2.5100 0.5830
590 0.0005 0.0000 0.1266 -2.0000 -2.0000 11.6586 -2.7010 0.6647
591 0.0036 0.0034 0.1230 -2.0000 -2.0000 11.9228 -3.3050 0.9344
592 0.0133 0.0137 0.1284 -2.0000 -2.0000 11.5348 -3.3070 0.7813
593 0.0226 0.0242 0.1248 -2.0000 -2.0000 11.7461 -3.2350 0.7675
594 0.0402 0.0278 0.1272 -2.0000 -2.0000 11.3582 -3.3200 0.7704
595 0.0598 0.0256 0.1266 -2.0000 -2.0000 11.6878 -3.6670 0.8543
596 0.0745 0.0268 0.1266 -2.0000 -2.0000 11.7059 -3.7690 0.8886
597 0.0857 0.0254 0.1272 -2.0000 -2.0000 11.5919 -3.7230 0.8441
598 0.0926 0.0228 0.1284 -2.0000 -2.0000 11.5857 -3.8000 0.8790
599 0.0993 0.0220 0.1284 -2.0000 -2.0000 11.6006 -3.4930 2.3652
600 0.1112 0.0263 0.1266 -2.0000 -2.0000 11.8963 -3.6240 0.8541
601 0.0000 0.0000 0.1278 -2.0000 -2.0000 11.7061 -3.5720 0.8327
602 0.0038 0.0000 0.1195 -2.0000 -2.0000 12.5417 -3.4110 0.7524
603 0.0090 0.0000 0.1284 -2.0000 -2.0000 11.7310 -3.5440 0.8153
604 0.0132 0.0000 0.1284 -2.0000 -2.0000 11.6290 -3.6130 0.8329
605 0.0177 0.0000 0.1272 -2.0000 -2.0000 11.8526 -3.6750 0.8481
606 0.0177 0.0000 0.1278 -2.0000 -2.0000 11.7982 -3.6510 0.8360
607 0.0164 0.0000 0.1266 -2.0000 -2.0000 12.0213 -3.8020 0.9337
608 0.0156 0.0000 0.1254 -2.0000 -2.0000 11.7649 -3.6120 0.7935
609 0.0132 0.0000 0.1272 -2.0000 -2.0000 11.8021 -3.7340 0.8389
610 0.0144 0.0000 0.1266 -2.0000 -2.0000 11.8929 -3.8030 0.9024
611 0.0000 0.0000 0.1172 -2.0000 -2.0000 12.3308 -3.9550 0.9135
612 0.0000 0.0000 0.1302 -2.0000 -2.0000 11.7313 -4.0110 0.9767
613 0.0039 0.0000 0.1236 -2.0000 -2.0000 12.0057 -3.9780 0.9511
614 0.0093 0.0000 0.1302 -2.0000 -2.0000 11.7082 -3.7980 0.8910
615 0.0135 0.0000 0.1248 -2.0000 -2.0000 12.1379 -3.7170 0.8619
616 0.0133 0.0000 0.1278 -2.0000 -2.0000 11.7961 -3.7520 0.8950
617 0.0080 0.0000 0.1218 -2.0000 -2.0000 12.3519 -3.5510 0.7866
618 0.0016 0.0000 0.1272 -2.0000 -2.0000 12.0861 -3.4020 0.7637
619 0.0000 0.0000 0.1149 -2.0000 -2.0000 13.4003 -3.2400 0.7295
620 0.0000 0.0000 0.1284 -2.0000 -2.0000 12.0950 -3.2100 0.7784
count posx posy posz xout yout zout heading hd_out
1 0.0000 0.0000 0.0000 0.0000 0.0000 0.0000 0.0000 0.0000
2 0.0000 0.0000 0.1266 0.0000 0.0000 0.0000 0.3990 -0.0903
3 0.0000 0.0000 0.1272 0.0000 0.0000 0.0000 0.3380 -0.0638
4 0.0000 0.0000 0.1290 0.0000 0.0000 0.0000 0.3480 -0.0770
5 0.0000 0.0000 0.1272 0.0000 0.0000 0.0000 0.2750 -0.0724
6 0.0000 0.0000 0.1201 0.0000 0.0000 0.0000 0.3480 -0.1048
7 0.0000 0.0000 0.1290 0.0000 0.0000 0.0000 0.3990 -0.1067
8 0.0000 0.0000 0.1296 0.0000 0.0000 0.0000 0.4530 -0.1148
9 0.0000 0.0000 0.1290 0.0000 0.0000 0.0000 0.5360 -0.1420
10 0.0000 0.0000 0.1296 0.0000 0.0000 0.0000 0.5350 -0.1341
11 1.2199 0.0000 0.1260 2.0000 0.0000 0.0000 0.4190 -0.0979
12 1.2204 0.0004 0.1290 2.0000 0.0008 0.0000 0.2530 -0.0195
13 1.2208 0.0012 0.1284 2.0000 0.0023 0.0000 0.0940 -0.0357
14 1.2208 0.0018 0.1260 2.0000 0.0035 0.0000 0.1700 -0.0659
15 1.2196 0.0000 0.1236 2.0000 0.0000 0.0000 -0.1640 0.0407
16 1.2168 0.0000 0.1302 2.0000 0.0000 0.0000 -0.1890 0.0201
17 1.2136 0.0000 0.1266 2.0000 0.0000 0.0000 -0.2090 0.0731
18 1.2093 0.0000 0.1308 2.0000 0.0000 0.0000 -0.2430 0.0242
19 1.2054 0.0000 0.1278 2.0000 0.0000 0.0000 -0.1790 0.0005
20 1.2026 0.0000 0.1308 2.0000 0.0000 0.0000 -0.1170 0.0258
21 1.2003 0.0000 0.1284 2.0000 0.0000 0.0000 -0.1570 0.0595
22 1.1975 0.0000 0.1195 2.0000 0.0000 0.0000 -0.2300 0.0662
23 1.1947 0.0000 0.1278 2.0000 0.0000 0.0000 -0.2880 0.0330
24 1.1920 0.0000 0.1254 2.0000 0.0000 0.0000 -0.2890 0.0547
25 1.1892 0.0000 0.1278 2.0000 0.0000 0.0000 -0.2700 0.0513
26 1.1862 0.0000 0.1284 2.0000 0.0000 0.0000 -0.2980 0.0691
27 1.1832 0.0000 0.1278 2.0000 0.0000 0.0000 -0.3900 0.0894
28 1.1801 0.0000 0.1308 2.0000 0.0000 0.0000 -0.3180 0.0503
29 1.1766 0.0000 0.1254 2.0000 0.0000 0.0000 -0.2460 0.0419
30 1.1727 0.0000 0.1284 2.0000 0.0000 0.0000 -0.4210 0.1184
31 1.1695 0.0000 0.1266 2.0000 0.0000 0.0000 -0.5350 0.1157
32 1.1670 0.0000 0.1272 2.0000 0.0000 0.0000 -0.5230 0.1158
33 1.1637 0.0000 0.1260 2.0000 0.0000 0.0000 -0.2380 0.0308
34 1.1602 0.0000 0.1296 2.0000 0.0000 0.0000 -0.1880 0.0471
35 1.1565 0.0000 0.1266 2.0000 0.0000 0.0000 -0.0300 0.0144
36 1.1524 0.0000 0.1302 2.0000 0.0000 0.0000 0.0200 -0.0057
37 1.1480 0.0000 0.1272 2.0000 0.0000 0.0000 -0.1070 0.0206
38 1.1435 0.0000 0.1302 2.0000 0.0000 0.0000 -0.2660 0.0691
39 1.1387 0.0000 0.1272 2.0000 0.0000 0.0000 -0.3690 0.0931
40 1.1337 0.0000 0.1278 2.0000 0.0000 0.0000 -0.4730 0.1034
count posx posy posz xout yout zout heading hd_out
1 0.0000 0.0000 0.0000 0.0000 0.0000 0.0000 0.0000 0.0000
2 0.0000 0.0000 0.1272 0.0000 0.0000 0.0000 1.7830 -0.3903
3 0.0000 0.0000 0.1284 0.0000 0.0000 0.0000 2.0240 -0.4694
4 0.0000 0.0000 0.1278 0.0000 0.0000 0.0000 2.0000 -0.4587
5 0.0000 0.0000 0.1266 0.0000 0.0000 0.0000 1.5100 -0.1764
6 0.0000 0.0000 0.1254 0.0000 0.0000 0.0000 2.0550 -0.5141
7 0.0000 0.0000 0.1242 0.0000 0.0000 0.0000 2.1880 -0.5314
8 0.0000 0.0000 0.1278 0.0000 0.0000 0.0000 2.4150 -0.5962
9 0.0000 0.0000 0.1254 0.0000 0.0000 0.0000 2.5140 -0.5990
10 0.0000 0.0000 0.1284 0.0000 0.0000 0.0000 2.6610 -0.6522
11 1.2249 1.5750 0.1266 -0.0505 0.1507 1.6030 2.7450 -1.5579
12 1.2245 1.5748 0.1278 -0.0515 0.1511 0.6459 2.7710 -0.6740
13 1.2238 1.5745 0.1266 -0.0532 0.1512 1.5798 2.7910 -0.6611
14 1.2227 1.5740 0.1296 -0.0557 0.1510 1.1147 2.7640 -0.6364
15 1.2212 1.5734 0.1236 -0.0590 0.1505 1.9152 2.8520 -0.6667
16 1.2194 1.5725 0.1278 -0.0629 0.1495 1.6718 2.9820 -0.6952
17 1.2173 1.5716 0.1242 -0.0673 0.1483 1.8203 3.0150 -0.7234
18 1.2151 1.5704 0.1308 -0.0721 0.1467 1.2833 3.2080 -0.7406
19 1.2126 1.5692 0.1242 -0.0775 0.1449 1.9172 3.2810 -0.7608
20 1.2109 1.5683 0.1278 -0.0812 0.1439 1.4966 3.3750 -0.8053
21 1.2589 1.5939 0.1266 0.0148 0.1961 1.8366 3.4550 -0.8022
22 1.2586 1.5938 0.1284 0.0143 0.1968 1.6373 3.5760 -0.8153
23 1.2580 1.5936 0.1260 0.0132 0.1973 1.7638 3.6310 -0.8463
24 1.2573 1.5932 0.1290 0.0118 0.1973 1.4199 3.5640 -0.8113
25 1.2562 1.5925 0.1290 0.0098 0.1970 1.4378 3.6190 -0.8614
26 1.2549 1.5917 0.1266 0.0072 0.1963 1.9874 3.6000 -0.8296
27 1.2535 1.5908 0.1266 0.0043 0.1953 0.8798 3.6600 -0.8518
28 1.2517 1.5898 0.1290 0.0008 0.1942 1.6738 3.6030 -0.8165
29 1.2496 1.5888 0.1296 -0.0034 0.1932 1.6187 3.4100 -0.7922
30 1.2478 1.5880 0.1201 -0.0071 0.1925 2.5381 3.4500 -0.7748
31 1.2349 1.4700 0.1260 -0.0330 -0.0439 0.9029 3.4550 -0.8227
32 1.2346 1.4698 0.1166 -0.0337 -0.0446 3.1101 3.4190 -0.7933
33 1.2343 1.4697 0.1166 -0.0344 -0.0451 2.2932 3.3870 -0.7871
34 1.2337 1.4695 0.1284 -0.0359 -0.0458 1.9043 3.2950 -0.7653
35 1.2328 1.4694 0.1242 -0.0379 -0.0464 2.1255 3.3770 -0.7817
36 1.2316 1.4692 0.1284 -0.0405 -0.0470 1.8807 3.3700 -0.7984
37 1.2301 1.4692 0.1266 -0.0436 -0.0473 2.1167 3.4000 -0.7940
38 1.2283 1.4693 0.1308 -0.0475 -0.0475 1.5649 3.3760 -0.7980
39 1.2261 1.4693 0.1092 -0.0520 -0.0477 4.0582 3.2510 -0.7390
40 1.2236 1.4694 0.1308 -0.0574 -0.0479 1.5423 3.3080 -0.7606
41 1.2489 1.5490 0.1266 -0.0067 0.1119 2.3081 3.3480 -0.7784
42 1.2485 1.5491 0.1260 -0.0075 0.1124 1.3860 3.3510 -0.7702
43 1.2477 1.5491 0.1266 -0.0092 0.1130 1.8636 3.3330 -0.7746
44 1.2466 1.5491 0.1284 -0.0114 0.1134 2.0856 3.4630 -0.8209
45 1.2452 1.5489 0.1143 -0.0143 0.1137 3.3762 3.4670 -0.8009
46 1.2435 1.5489 0.1290 -0.0177 0.1140 2.0503 3.4910 -0.8214
47 1.2416 1.5488 0.1183 -0.0216 0.1143 3.2298 3.3780 -0.7722
48 1.2395 1.5486 0.1260 -0.0260 0.1145 2.2676 3.2970 -0.7751
49 1.2371 1.5484 0.1278 -0.0309 0.1145 1.7700 3.2320 -0.7539
50 1.2349 1.5481 0.1284 -0.0354 0.1144 1.5934 3.1700 -0.7428
51 1.2309 1.5640 0.1284 -0.0436 0.1468 1.7269 3.2740 -0.7802
52 1.2305 1.5638 0.1260 -0.0446 0.1471 2.2735 3.3010 -0.7711
53 1.2298 1.5634 0.1272 -0.0462 0.1469 2.1476 3.2220 -0.7468
54 1.2287 1.5627 0.1260 -0.0485 0.1462 2.5519 3.2280 -0.7611
55 1.2273 1.5618 0.1266 -0.0515 0.1451 2.2568 3.2760 -0.7682
56 1.2256 1.5608 0.1296 -0.0552 0.1436 1.9723 3.1660 -0.7254
57 1.2237 1.5596 0.1278 -0.0594 0.1418 2.3295 2.7960 -0.6511
58 1.2214 1.5582 0.1260 -0.0642 0.1396 2.5035 2.6190 -0.6117
59 1.2189 1.5567 0.1254 -0.0695 0.1372 1.4740 2.5530 -0.5739
60 1.2168 1.5555 0.1302 -0.0741 0.1352 2.0292 2.4200 -0.5421
61 1.1999 1.5899 0.1248 -0.1083 0.2051 2.3954 2.2670 -0.5129
62 1.1996 1.5898 0.1172 -0.1095 0.2057 3.5091 2.0580 -0.4913
63 1.1990 1.5896 0.1242 -0.1112 0.2061 2.5637 2.1350 -0.5076
64 1.1981 1.5892 0.1272 -0.1135 0.2063 1.4005 2.1510 -0.5085
65 1.1970 1.5888 0.1260 -0.1162 0.2064 2.3861 2.1530 -0.5103
66 1.1957 1.5883 0.1272 -0.1193 0.2063 1.6113 2.1910 -0.5205
67 1.1943 1.5878 0.1236 -0.1227 0.2061 2.7693 2.1690 -0.5129
68 1.1927 1.5872 0.1296 -0.1265 0.2057 2.4892 2.0600 -0.4971
69 1.1909 1.5864 0.1183 -0.1306 0.2051 3.4993 2.1170 -0.5067
70 1.1894 1.5859 0.1290 -0.1342 0.2049 2.4126 2.1960 -0.5332
71 1.2459 1.5640 0.1248 -0.0212 0.1617 2.6319 2.1970 -0.5290
72 1.2457 1.5639 0.1278 -0.0218 0.1621 2.4103 2.3200 -0.5483
73 1.2452 1.5636 0.1272 -0.0227 0.1622 2.3221 2.3620 -0.5839
74 1.2444 1.5632 0.1272 -0.0244 0.1620 2.5200 2.3310 -0.5481
75 1.2433 1.5627 0.1248 -0.0267 0.1616 2.1163 2.2720 -0.5501
76 1.2418 1.5620 0.1278 -0.0298 0.1610 2.5447 2.2370 -0.5241
77 1.2402 1.5613 0.1278 -0.0332 0.1601 2.8049 1.9950 -0.4475
78 1.2382 1.5604 0.1278 -0.0372 0.1589 2.7621 2.0140 -0.4820
79 1.2359 1.5596 0.1242 -0.0419 0.1578 2.9707 1.9010 -0.4399
80 1.2339 1.5588 0.1183 -0.0462 0.1569 3.7510 1.7470 -0.3928
81 1.2319 1.5950 0.1266 -0.0504 0.2302 2.5937 1.6030 -0.3732
82 1.2314 1.5949 0.1315 -0.0515 0.2309 2.3296 1.6790 -0.4301
83 1.2306 1.5947 0.1260 -0.0533 0.2316 2.8218 1.5400 -0.3596
84 1.2295 1.5945 0.1278 -0.0556 0.2321 2.6236 1.5910 -0.3865
85 1.2282 1.5942 0.1260 -0.0586 0.2324 2.8588 1.5320 -0.3614
86 1.2265 1.5938 0.1296 -0.0621 0.2326 2.4418 1.4270 -0.3407
87 1.2245 1.5934 0.1236 -0.0664 0.2328 2.9427 1.4070 -0.3638
88 1.2222 1.5930 0.1296 -0.0712 0.2328 2.4788 1.2550 -0.2962
89 1.2196 1.5925 0.1284 -0.0768 0.2328 2.5833 1.2360 -0.3084
90 1.2172 1.5921 0.1302 -0.0819 0.2329 2.4991 1.1440 -0.2826
91 1.2428 1.5889 0.1272 -0.0308 0.2273 3.0018 1.1740 -0.2706
92 1.2421 1.5886 0.1278 -0.0322 0.2277 2.8268 1.1467 -0.2886
93 1.2411 1.5883 0.1278 -0.0344 0.2279 2.9058 1.0340 -0.2426
94 1.2396 1.5879 0.1272 -0.0374 0.2279 3.0567 1.0580 -0.2515
95 1.2379 1.5875 0.1172 -0.0410 0.2280 3.8586 1.1270 -0.2842
96 1.2360 1.5870 0.1272 -0.0450 0.2280 2.9727 1.2590 -0.3282
97 1.2337 1.5864 0.1278 -0.0497 0.2276 2.0901 1.3480 -0.3512
98 1.2310 1.5857 0.1266 -0.0553 0.2272 3.0217 1.4190 -0.3478
99 1.2281 1.5850 0.1278 -0.0614 0.2264 3.0764 1.5600 -0.3988
100 1.2256 1.5842 0.1248 -0.0666 0.2259 3.3908 1.6470 -0.4373
101 1.2459 1.5880 0.1272 -0.0260 0.2342 1.8258 1.7170 -0.4075
102 1.2455 1.5879 0.1260 -0.0267 0.2350 2.9220 1.8520 -0.4735
103 1.2447 1.5877 0.1272 -0.0284 0.2354 3.0358 1.7650 -0.4164
104 1.2436 1.5874 0.1284 -0.0307 0.2357 2.9692 1.6700 -0.3903
105 1.2422 1.5871 0.1272 -0.0335 0.2359 3.0728 1.4550 -0.3153
106 1.2406 1.5867 0.1266 -0.0369 0.2360 3.4652 1.3580 -0.3409
107 1.2389 1.5862 0.1278 -0.0405 0.2359 2.9765 1.3280 -0.3302
108 1.2369 1.5857 0.1296 -0.0445 0.2357 2.3017 1.2970 -0.3247
109 1.2349 1.5851 0.1260 -0.0487 0.2354 3.1698 1.2750 -0.3175
110 1.2331 1.5845 0.1266 -0.0525 0.2351 3.2321 1.1770 -0.2824
111 1.2229 1.5590 0.1183 -0.0732 0.1846 4.3031 1.0880 -0.2568
112 1.2225 1.5590 0.1278 -0.0741 0.1852 3.3054 0.9670 -0.2357
113 1.2220 1.5590 0.1266 -0.0756 0.1858 2.9298 0.8650 -0.2085
114 1.2212 1.5589 0.1254 -0.0775 0.1862 3.4500 0.7090 -0.1636
115 1.2200 1.5587 0.1266 -0.0801 0.1863 3.3248 0.6910 -0.1871
116 1.2189 1.5586 0.1254 -0.0826 0.1867 3.6035 0.6630 -0.1533
117 1.2174 1.5585 0.1242 -0.0859 0.1872 3.7047 0.7610 -0.2223
118 1.2157 1.5585 0.1272 -0.0897 0.1878 3.5457 0.8870 -0.2250
119 1.2137 1.5586 0.1242 -0.0941 0.1886 3.6219 0.8380 -0.2207
120 1.2119 1.5588 0.1284 -0.0981 0.1895 3.3735 0.9760 -0.2768
121 1.2439 1.5840 0.1278 -0.0341 0.2408 3.3401 1.0000 0.0111
122 1.2435 1.5841 0.1201 -0.0349 0.2417 4.2862 1.2580 -0.3213
123 1.2429 1.5841 0.1290 -0.0363 0.2426 3.4135 1.5130 -0.3879
124 1.2419 1.5841 0.1290 -0.0383 0.2434 3.3105 1.5000 -0.3663
125 1.2406 1.5840 0.1278 -0.0410 0.2441 3.5350 1.3200 -0.3209
126 1.2390 1.5840 0.1284 -0.0443 0.2449 3.3602 1.2310 -0.3095
127 1.2371 1.5840 0.1266 -0.0483 0.2458 3.5955 1.1680 -0.3142
128 1.2349 1.5841 0.1278 -0.0528 0.2468 3.5896 1.0810 -0.2570
129 1.2324 1.5842 0.1266 -0.0579 0.2479 3.6323 0.9560 -0.2239
130 1.2308 1.5843 0.1296 -0.0614 0.2489 3.3404 0.8710 -0.2379
131 1.2309 1.5960 0.1266 -0.0613 0.2733 3.8387 0.8630 -0.2165
132 1.2306 1.5960 0.1266 -0.0621 0.2742 3.6152 0.8210 -0.2187
133 1.2300 1.5958 0.1242 -0.0635 0.2748 3.8607 0.6470 -0.1587
134 1.2293 1.5955 0.1296 -0.0652 0.2753 3.4098 0.5780 -0.1473
135 1.2283 1.5951 0.1254 -0.0674 0.2753 3.6947 0.5530 -0.1493
136 1.2270 1.5945 0.1278 -0.0701 0.2750 3.6646 0.6610 -0.1849
137 1.2255 1.5937 0.1248 -0.0734 0.2743 2.9809 0.7920 -0.2167
138 1.2236 1.5928 0.1278 -0.0775 0.2735 3.7018 0.8220 -0.1958
139 1.2214 1.5918 0.1242 -0.0821 0.2724 4.0315 0.8970 -0.2495
140 1.2195 1.5910 0.1290 -0.0862 0.2717 3.4694 0.7860 -0.2034
141 1.2139 1.5930 0.1284 -0.0978 0.2766 3.6168 0.8510 -0.2170
142 1.2137 1.5929 0.1284 -0.0986 0.2774 3.5150 0.8280 -0.2176
143 1.2118 1.5927 0.1272 -0.1028 0.2780 2.7964 0.7390 -0.1716
144 1.2093 1.5926 0.1296 -0.1081 0.2786 3.4065 0.8080 -0.2310
145 1.2067 1.5925 0.1254 -0.1138 0.2793 4.1118 0.9600 -0.2666
146 1.2039 1.5924 0.1284 -0.1200 0.2802 2.6493 1.0240 -0.2684
147 1.2009 1.5924 0.1236 -0.1264 0.2810 4.1833 1.0200 -0.2644
148 1.1977 1.5923 0.1278 -0.1333 0.2818 3.9396 0.9180 -0.2283
149 1.1943 1.5921 0.1183 -0.1407 0.2824 4.9747 1.0260 -0.2604
150 1.1914 1.5919 0.1272 -0.1471 0.2828 3.9854 1.0230 -0.2646
151 1.2289 1.5670 0.1254 -0.0722 0.2336 4.0960 1.1810 -0.3144
152 1.2287 1.5669 0.1272 -0.0729 0.2342 4.2616 1.2680 -0.3240
153 1.2284 1.5666 0.1284 -0.0738 0.2343 3.7716 1.4060 -0.3382
154 1.2277 1.5662 0.1278 -0.0753 0.2341 3.7424 1.3450 -0.3313
155 1.2268 1.5658 0.1248 -0.0773 0.2339 3.9429 1.2510 -0.2935
156 1.2256 1.5652 0.1242 -0.0799 0.2334 4.5120 1.4090 -0.3625
157 1.2241 1.5647 0.1254 -0.0833 0.2330 3.9677 1.7210 -0.4399
158 1.2222 1.5641 0.1242 -0.0874 0.2325 4.4289 1.8890 -0.4542
159 1.2200 1.5635 0.1278 -0.0921 0.2319 3.8361 1.9500 -0.4727
160 1.2180 1.5630 0.1284 -0.0963 0.2315 4.1392 1.9960 -0.4700
161 1.2439 1.5769 0.1266 -0.0446 0.2602 4.4924 2.0610 -0.4902
162 1.2436 1.5767 0.1278 -0.0453 0.2606 4.1839 2.0990 -0.4933
163 1.2430 1.5764 0.1230 -0.0465 0.2606 4.4756 1.9820 -0.4495
164 1.2423 1.5761 0.1207 -0.0480 0.2607 4.2413 1.8530 -0.4457
165 1.2412 1.5756 0.1236 -0.0503 0.2606 4.2597 1.7680 -0.4508
166 1.2397 1.5750 0.1266 -0.0533 0.2601 3.3338 1.7470 -0.4221
167 1.2380 1.5743 0.1260 -0.0570 0.2594 4.3092 1.6690 -0.3990
168 1.2358 1.5734 0.1290 -0.0614 0.2583 4.3284 1.6330 -0.3977
169 1.2333 1.5725 0.1183 -0.0666 0.2573 5.3257 1.6410 -0.3874
170 1.2310 1.5718 0.1290 -0.0714 0.2565 4.2394 1.6910 -0.4075
171 1.2340 1.6000 0.1278 -0.0657 0.3140 4.2781 1.6370 -0.4675
172 1.2337 1.6000 0.1278 -0.0664 0.3150 4.2960 1.5340 -0.3876
173 1.2330 1.6020 0.1254 -0.0679 0.3201 4.4822 1.6590 -0.4106
174 1.2321 1.6041 0.1272 -0.0700 0.3253 4.3449 1.7380 -0.4184
175 1.2308 1.6063 0.1254 -0.0726 0.3306 4.7002 1.9150 -0.4738
176 1.2294 1.6085 0.1207 -0.0758 0.3362 5.1661 1.9030 -0.4511
177 1.2275 1.6107 0.1272 -0.0796 0.3417 4.4606 1.8300 -0.4362
178 1.2254 1.6128 0.1296 -0.0841 0.3471 4.2482 1.9240 -0.4798
179 1.2230 1.6150 0.1278 -0.0893 0.3526 4.4248 1.9700 -0.4793
180 1.2209 1.6167 0.1278 -0.0938 0.3571 4.5605 2.1720 -0.4927
181 1.2456 1.5650 0.1278 -0.0443 0.2544 4.0990 2.0170 -0.4706
182 1.2450 1.5649 0.1278 -0.0457 0.2548 3.5297 1.8630 -0.4493
183 1.2441 1.5647 0.1248 -0.0475 0.2552 4.6157 1.8050 -0.4399
184 1.2428 1.5648 0.1278 -0.0502 0.2559 4.5744 1.8300 -0.4330
185 1.2410 1.5649 0.1218 -0.0538 0.2567 4.9482 1.8590 -0.4684
186 1.2389 1.5650 0.1278 -0.0582 0.2577 4.4913 1.8150 -0.4564
187 1.2366 1.5651 0.1248 -0.0630 0.2586 4.9303 1.7510 -0.4208
188 1.2342 1.5656 0.1290 -0.0678 0.2601 4.5032 1.7640 -0.4175
189 1.2316 1.5662 0.1284 -0.0731 0.2620 3.5287 1.8930 -0.4506
190 1.2295 1.5667 0.1284 -0.0777 0.2637 4.7301 1.9820 -0.4882
191 1.2468 1.5380 0.1266 -0.0430 0.2066 4.8406 22.0810 -4.9471
192 1.2464 1.5379 0.1290 -0.0438 0.2070 4.6291 2.0620 -0.4816
193 1.2459 1.5380 0.1266 -0.0450 0.2075 4.5760 2.1430 -0.5201
194 1.2453 1.5381 0.1278 -0.0462 0.2080 3.6277 2.2660 -0.5336
195 1.2443 1.5383 0.1254 -0.0482 0.2088 4.7574 2.2930 -0.5534
196 1.2432 1.5385 0.1290 -0.0506 0.2097 4.7636 2.2550 -0.5027
197 1.2418 1.5387 0.1178 -0.0534 0.2105 5.8319 2.1630 -0.5294
198 1.2404 1.5386 0.1290 -0.0563 0.2106 4.8004 2.0830 -0.4778
199 1.2386 1.5383 0.1183 -0.0600 0.2104 5.9190 2.1820 -0.5399
200 1.2374 1.5381 0.1278 -0.0626 0.2103 4.6727 2.0950 -0.4787
201 1.2650 1.5651 0.1172 -0.0072 0.2650 5.8442 1.9630 -0.4626
202 1.2647 1.5650 0.1254 -0.0076 0.2654 4.8157 1.9720 -0.4784
203 1.2642 1.5646 0.1224 -0.0085 0.2653 4.4282 2.0090 -0.4796
204 1.2632 1.5645 0.1284 -0.0104 0.2657 4.7920 1.8520 -0.4322
205 1.2618 1.5643 0.1254 -0.0130 0.2659 5.4142 1.8010 -0.4315
206 1.2602 1.5642 0.1189 -0.0162 0.2664 5.9082 1.7010 -0.3883
207 1.2582 1.5644 0.1260 -0.0201 0.2675 4.9561 1.6790 -0.4061
208 1.2560 1.5646 0.1266 -0.0245 0.2685 5.0826 52.0000 -30.0000
209 1.2536 1.5648 0.1278 -0.0292 0.2695 5.0166 1.6770 -0.4159
210 1.2517 1.5649 0.1213 -0.0330 0.2703 5.8785 1.7160 -0.4152
211 1.2548 1.5612 0.1272 -0.0267 0.2635 4.8183 1.7340 -0.4219
212 1.2546 1.5616 0.1290 -0.0270 0.2650 4.9158 1.7060 -0.4054
213 1.2542 1.5622 0.1260 -0.0278 0.2668 5.2962 1.7110 -0.4212
214 1.2539 1.5627 0.1284 -0.0284 0.2684 5.0858 1.7540 -0.4250
215 1.2533 1.5630 0.1166 -0.0295 0.2698 6.1613 1.7910 -0.4279
216 1.2528 1.5635 0.1278 -0.0305 0.2713 5.1961 2.0160 -0.4949
217 1.2522 1.5637 0.1189 -0.0318 0.2724 5.8605 2.0630 -0.5031
218 1.2511 1.5639 0.1272 -0.0338 0.2734 5.0038 2.2120 -0.5256
219 1.2499 1.5643 0.1290 -0.0363 0.2748 4.9243 2.2130 -0.5290
220 1.2487 1.5645 0.1195 -0.0386 0.2758 6.4454 2.2260 -0.5163
221 1.2200 1.6210 0.1284 -0.0963 0.3901 4.9064 2.0750 -0.5040
222 1.2200 1.6208 0.1195 -0.0968 0.3909 6.1749 2.1170 -0.4844
223 1.2194 1.6204 0.1230 -0.0981 0.3913 5.3522 1.9920 -0.4606
224 1.2186 1.6201 0.1266 -0.1001 0.3920 5.3603 2.0460 -0.5065
225 1.2186 1.6202 0.1278 -0.1003 0.3933 5.0535 1.8610 -0.3683
226 1.2197 1.6208 0.1266 -0.0984 0.3957 4.5667 1.8760 -0.4557
227 1.2207 1.6215 0.1230 -0.0967 0.3983 5.4860 1.6990 -0.4106
228 1.2212 1.6210 0.1284 -0.0961 0.3985 5.0368 1.4310 -0.3460
229 1.2213 1.6200 0.1278 -0.0962 0.3977 5.3652 1.5170 -0.3661
230 1.2212 1.6186 0.1230 -0.0966 0.3961 5.9537 1.4750 -0.3612
231 1.2241 1.5706 0.1266 -0.0911 0.3008 5.4181 1.3030 -0.3069
232 1.2277 1.5725 0.1272 -0.0842 0.3054 5.3642 1.1710 -0.2406
233 1.2311 1.5755 0.1172 -0.0775 0.3122 6.2279 1.1510 -0.2895
234 1.2337 1.5801 0.1272 -0.0726 0.3222 5.3419 1.0880 -0.2755
235 1.2358 1.5858 0.1278 -0.0685 0.3344 5.3478 1.2680 -0.3498
236 1.2390 1.5907 0.1248 -0.0622 0.3450 5.4282 1.3390 -0.3313
237 1.2425 1.5950 0.1260 -0.0552 0.3546 5.7835 1.0570 -0.3029
238 1.2468 1.5995 0.1201 -0.0466 0.3647 6.5126 1.1550 -0.3118
239 1.2508 1.6038 0.1248 -0.0388 0.3742 5.8435 1.0950 -0.2726
240 1.2541 1.6069 0.1284 -0.0320 0.3815 5.4856 1.0850 -0.2615
241 1.2538 1.5629 0.1230 -0.0326 0.2941 5.9662 1.0150 -0.2592
242 1.2539 1.5617 0.1248 -0.0323 0.2923 4.8869 0.8590 -0.2254
243 1.2551 1.5592 0.1242 -0.0299 0.2880 5.7418 1.0150 -0.2766
244 1.2560 1.5567 0.1302 -0.0281 0.2836 5.4590 0.9030 -0.2245
245 1.2562 1.5539 0.1183 -0.0276 0.2784 6.6033 0.7350 -0.1849
246 1.2558 1.5489 0.1272 -0.0283 0.2690 5.6780 0.6490 -0.1671
247 1.2546 1.5450 0.1278 -0.0307 0.2615 5.5033 0.7190 -0.1943
248 1.2529 1.5409 0.1284 -0.0340 0.2538 5.6900 0.4340 -0.0859
249 1.2514 1.5369 0.1266 -0.0370 0.2461 4.9160 0.2240 -0.0690
250 1.2502 1.5346 0.1296 -0.0393 0.2419 5.3327 0.1370 -0.0483
251 1.2545 1.5514 0.1260 -0.0308 0.2761 5.6027 0.0950 -0.0505
252 1.2535 1.5511 0.1189 -0.0328 0.2759 6.7721 0.0910 -0.0416
253 1.2523 1.5491 0.1266 -0.0352 0.2724 6.0499 0.0020 -0.0316
254 1.2514 1.5470 0.1302 -0.0368 0.2687 5.3899 0.0800 -0.0614
255 1.2499 1.5455 0.1284 -0.0398 0.2661 5.8694 -0.0060 -0.0049
256 1.2486 1.5428 0.1284 -0.0425 0.2611 5.6457 0.0770 -0.0692
257 1.2481 1.5396 0.1272 -0.0436 0.2553 5.6290 0.1170 -0.0630
258 1.2488 1.5381 0.1278 -0.0421 0.2525 5.6947 0.0420 -0.0343
259 1.2501 1.5393 0.1266 -0.0396 0.2555 5.9784 0.0560 -0.0454
260 1.2510 1.5418 0.1254 -0.0377 0.2607 5.7773 0.0750 -0.0492
261 1.2287 1.5778 0.1254 -0.0825 0.3336 5.7328 -0.0230 -0.0362
262 1.2299 1.5803 0.1248 -0.0803 0.3394 5.8234 -0.1700 0.6041
263 1.2306 1.5816 0.1266 -0.0791 0.3429 5.9249 -0.1780 0.0070
264 1.2319 1.5819 0.1272 -0.0767 0.3443 5.8710 -0.1200 -0.0164
265 1.2318 1.5810 0.1266 -0.0771 0.3433 5.2519 -0.0660 -0.0183
266 1.2282 1.5811 0.1248 -0.0845 0.3442 6.4373 -0.1620 0.0989
267 1.2235 1.5846 0.1266 -0.0942 0.3521 5.9989 -0.2000 0.0142
268 1.2215 1.5864 0.1207 -0.0984 0.3566 6.8500 -0.1780 -0.0016
269 1.2155 1.5876 0.1254 -0.1108 0.3598 6.1198 -0.1520 -0.0014
270 1.2127 1.5885 0.1242 -0.1169 0.3626 6.5153 -0.3370 0.0963
271 1.2379 1.5921 0.1284 -0.0665 0.3707 5.9050 -0.2700 0.0152
272 1.2364 1.5940 0.1290 -0.0696 0.3755 5.0800 -0.2480 -0.0114
273 1.2367 1.5981 0.1254 -0.0692 0.3845 6.4233 -0.1100 0.0002
274 1.2396 1.6028 0.1284 -0.0635 0.3951 6.2016 -0.0120 -0.0105
275 1.2419 1.6056 0.1195 -0.0590 0.4017 6.8680 -0.0380 0.0020
276 1.2447 1.6087 0.1284 -0.0534 0.4090 6.1173 -0.1180 0.0312
277 1.2485 1.6136 0.1248 -0.0458 0.4200 6.0889 -0.2490 0.0610
278 1.2529 1.6229 0.1284 -0.0369 0.4396 6.2150 -0.2790 0.0348
279 1.2587 1.6346 0.1278 -0.0253 0.4644 6.1852 -0.2570 0.0264
280 1.2640 1.6435 0.1278 -0.0146 0.4838 6.2602 -0.2260 0.0273
281 1.2116 1.5565 0.1284 -0.1199 0.3102 6.0814 -0.2220 0.0266
282 1.2135 1.5569 0.1183 -0.1163 0.3115 7.0704 -0.2720 0.0408
283 1.2175 1.5559 0.1248 -0.1086 0.3101 6.3123 -0.3200 0.0471
284 1.2224 1.5517 0.1266 -0.0992 0.3023 6.3547 -0.4050 0.0563
285 1.2235 1.5448 0.1278 -0.0972 0.2889 6.2287 -0.4590 0.0840
286 1.2262 1.5359 0.1266 -0.0920 0.2715 5.5629 -0.3590 0.0635
287 1.2292 1.5309 0.1272 -0.0863 0.2618 6.2777 -0.3630 0.0937
288 1.2348 1.5277 0.1272 -0.0753 0.2557 6.5372 -0.2000 0.0303
289 1.2436 1.5227 0.1272 -0.0576 0.2459 6.1944 -0.3030 0.0539
290 1.2481 1.5197 0.1290 -0.0486 0.2401 6.2280 -0.3190 0.0328
291 1.2425 1.5548 0.1260 -0.0600 0.3108 6.8475 -0.3980 0.0661
292 1.2394 1.5584 0.1248 -0.0663 0.3187 6.7667 -0.3740 0.0644
293 1.2398 1.5630 0.1284 -0.0657 0.3284 5.9931 -0.4040 0.1110
294 1.2406 1.5643 0.1272 -0.0641 0.3317 6.2128 -0.3260 0.0568
295 1.2386 1.5649 0.1284 -0.0681 0.3337 6.1457 -0.4600 0.0955
296 1.2333 1.5681 0.1272 -0.0789 0.3407 6.4285 -0.6090 0.1687
297 1.2285 1.5692 0.1242 -0.0887 0.3435 6.8667 -0.7710 0.1869
298 1.2270 1.5710 0.1242 -0.0919 0.3478 6.5858 -0.8150 0.1657
299 1.2287 1.5725 0.1242 -0.0889 0.3516 7.0244 -0.8000 0.1856
300 1.2266 1.5718 0.1284 -0.0932 0.3509 6.7169 -0.9050 0.2130
301 1.2282 1.5604 0.1290 -0.0902 0.3287 6.5373 -1.0090 0.2383
302 1.2300 1.5580 0.1284 -0.0869 0.3245 6.2635 -1.2170 0.3063
303 1.2331 1.5491 0.1248 -0.0807 0.3072 6.5954 -1.3880 0.3478
304 1.2374 1.5376 0.1296 -0.0723 0.2845 6.5156 -1.4010 0.3627
305 1.2356 1.5237 0.1260 -0.0761 0.2569 6.6676 -1.4300 0.3303
306 1.2283 1.5088 0.1272 -0.0909 0.2272 6.5418 -1.5510 0.3845
307 1.2211 1.4962 0.1230 -0.1055 0.2020 6.8235 -1.7100 0.4646
308 1.2173 1.4830 0.1290 -0.1134 0.1755 6.4810 -1.7040 0.4081
309 1.2146 1.4699 0.1272 -0.1192 0.1490 6.8375 -1.6210 0.3723
310 1.2110 1.4591 0.1254 -0.1269 0.1269 7.1286 -1.7910 0.4827
311 1.2276 1.5890 0.1278 -0.0939 0.3877 6.8587 -1.9880 0.4722
312 1.2322 1.5876 0.1272 -0.0849 0.3857 6.9489 -2.0010 0.4787
313 1.2353 1.5863 0.1242 -0.0788 0.3839 6.9060 -2.0950 0.4978
314 1.2361 1.5842 0.1272 -0.0774 0.3807 6.9259 -2.1930 0.5227
315 1.2391 1.5818 0.1236 -0.0716 0.3766 7.0744 -2.0950 1.4320
316 1.2400 1.5802 0.1296 -0.0697 0.3742 6.5515 -1.9390 0.4733
317 1.2393 1.5776 0.1248 -0.0712 0.3698 6.9692 -1.8750 0.4551
318 1.2369 1.5764 0.1302 -0.0762 0.3682 6.5760 -1.8480 0.4446
319 1.2390 1.5739 0.1236 -0.0722 0.3638 7.2081 -1.8630 0.4738
320 1.2382 1.5708 0.1278 -0.0739 0.3584 6.9004 -1.7510 0.3701
321 1.2534 1.5824 0.1266 -0.0434 0.3825 7.1199 -1.7730 0.4555
322 1.2604 1.5886 0.1284 -0.0292 0.3957 6.9819 -1.8050 0.4261
323 1.2706 1.5907 0.1266 -0.0087 0.4009 6.8562 -1.9630 0.4800
324 1.2799 1.5960 0.1278 0.0102 0.4125 6.7299 -1.8480 0.4664
325 1.2815 1.6017 0.1272 0.0137 0.4248 6.0561 -1.7030 0.4128
326 1.2770 1.6067 0.1260 0.0050 0.4358 7.0438 -1.6800 0.3859
327 1.2672 1.6150 0.1260 -0.0144 0.4536 7.1823 -1.7420 0.4099
328 1.2510 1.6310 0.1296 -0.0468 0.4869 6.8862 -1.6970 0.4293
329 1.2381 1.6483 0.1266 -0.0728 0.5229 7.3887 -1.7980 0.4433
330 1.2311 1.6577 0.1260 -0.0870 0.5433 7.2938 -1.8130 0.4248
331 1.2315 1.5724 0.1278 -0.0862 0.3735 6.9716 -1.9800 0.4860
332 1.2257 1.5761 0.1284 -0.0983 0.3818 6.1488 -2.0920 0.4842
333 1.2229 1.5779 0.1278 -0.1040 0.3860 7.0087 -1.9960 0.4344
334 1.2160 1.5800 0.1248 -0.1182 0.3911 7.3271 -2.1130 0.5281
335 1.2104 1.5818 0.1272 -0.1298 0.3955 7.1786 -2.1230 0.5058
336 1.2071 1.5863 0.1266 -0.1369 0.4053 6.6746 -2.3320 0.5675
337 1.2038 1.5935 0.1278 -0.1438 0.4206 7.0837 -2.2200 0.5154
338 1.2003 1.6005 0.1272 -0.1513 0.4357 7.1142 -2.3000 0.5363
339 1.1957 1.6075 0.1254 -0.1611 0.4508 7.1698 -2.0000 0.3115
340 1.1912 1.6122 0.1296 -0.1706 0.4613 7.0982 -2.2680 0.5238
341 1.2306 1.5774 0.1272 -0.0921 0.3925 6.3961 -2.2960 0.5376
342 1.2282 1.5782 0.1290 -0.0971 0.3948 7.2002 -2.3000 0.5452
343 1.2247 1.5769 0.1284 -0.1044 0.3931 7.3518 -2.2950 0.5637
344 1.2198 1.5745 0.1201 -0.1144 0.3889 8.1289 -2.1280 0.4913
345 1.2133 1.5745 0.1284 -0.1279 0.3898 7.2679 -1.9820 0.4442
346 1.2043 1.5742 0.1284 -0.1463 0.3898 7.2257 -2.0020 0.4731
347 1.1895 1.5750 0.1278 -0.1764 0.3923 7.1965 -1.9470 0.4666
348 1.1736 1.5732 0.1284 -0.2091 0.3894 6.6675 -2.0100 0.4940
349 1.1537 1.5712 0.1266 -0.2497 0.3861 7.5582 -1.9890 0.4511
350 1.1358 1.5693 0.1308 -0.2868 0.3828 7.2450 -1.9220 0.4415
351 1.2439 1.5518 0.1254 -0.0706 0.3484 7.7948 -1.8850 0.4186
352 1.2429 1.5512 0.1278 -0.0726 0.3479 7.3439 -1.9150 0.4506
353 1.2441 1.5531 0.1278 -0.0703 0.3521 6.3629 -1.9370 0.4898
354 1.2451 1.5526 0.1236 -0.0684 0.3517 7.6458 -1.8840 0.4419
355 1.2474 1.5508 0.1278 -0.0639 0.3485 7.5208 -1.8970 0.4337
356 1.2482 1.5480 0.1189 -0.0622 0.3434 8.4857 -1.8820 0.4629
357 1.2567 1.5432 0.1272 -0.0452 0.3342 7.3901 -1.9390 0.4987
358 1.2663 1.5406 0.1278 -0.0259 0.3294 7.4560 -1.9030 0.4791
359 1.2750 1.5377 0.1254 -0.0081 0.3240 7.8832 -1.7830 0.4039
360 1.2859 1.5329 0.1284 0.0139 0.3148 7.7791 -1.9330 0.4889
361 1.2272 1.5684 0.1260 -0.1037 0.3865 7.7202 -1.9360 0.4811
362 1.2282 1.5647 0.1266 -0.1019 0.3796 7.7870 -2.2610 0.5690
363 1.2271 1.5605 0.1183 -0.1042 0.3719 8.6775 -2.3320 0.5403
364 1.2235 1.5567 0.1254 -0.1118 0.3649 7.6089 -2.4220 0.5723
365 1.2193 1.5517 0.1260 -0.1204 0.3554 7.7348 -2.4930 0.5944
366 1.2126 1.5488 0.1242 -0.1342 0.3500 8.0280 -2.4610 0.5405
367 1.2044 1.5478 0.1266 -0.1511 0.3485 6.6449 -2.4380 0.5572
368 1.1948 1.5464 0.1296 -0.1708 0.3462 7.7173 -2.3330 0.5272
369 1.1834 1.5449 0.1260 -0.1942 0.3436 7.9284 -2.4400 0.5666
370 1.1747 1.5434 0.1290 -0.2124 0.3410 7.7621 -2.5080 0.6111
371 1.2281 1.6033 0.1266 -0.1058 0.4618 7.1737 -2.5240 0.5755
372 1.2308 1.6071 0.1284 -0.1007 0.4706 7.6876 -2.7680 0.6622
373 1.2338 1.6105 0.1224 -0.0947 0.4785 8.0060 -2.8490 0.6273
374 1.2409 1.6137 0.1254 -0.0806 0.4860 8.0865 -2.8550 0.7039
375 1.2482 1.6143 0.1248 -0.0662 0.4885 7.8180 -2.8930 0.7128
376 1.2579 1.6140 0.1266 -0.0466 0.4889 7.9793 -3.0690 0.7582
377 1.2688 1.6141 0.1260 -0.0247 0.4902 8.0096 -3.1480 0.7206
378 1.2811 1.6147 0.1290 0.0003 0.4926 7.4866 -3.2500 0.7691
379 1.2966 1.6119 0.1278 0.0316 0.4882 7.9500 -3.3490 0.7715
380 1.3087 1.6099 0.1260 0.0565 0.4851 8.1810 -3.4180 0.8038
381 1.2248 1.5700 0.1195 -0.1115 0.4062 8.6768 -3.4260 0.7717
382 1.2216 1.5719 0.1266 -0.1181 0.4106 7.7834 -3.5500 0.8354
383 1.2182 1.5754 0.1278 -0.1253 0.4184 8.0770 -3.5440 0.8145
384 1.2122 1.5760 0.1183 -0.1377 0.4203 9.1116 -3.6440 0.8185
385 1.2081 1.5746 0.1278 -0.1463 0.4182 8.1143 -3.4890 0.8080
386 1.2029 1.5690 0.1308 -0.1572 0.4078 7.7067 -3.5760 0.8469
387 1.1979 1.5630 0.1284 -0.1677 0.3964 8.0170 -3.6030 0.8352
388 1.1914 1.5638 0.1284 -0.1814 0.3986 8.0356 -3.6650 0.8570
389 1.1784 1.5657 0.1242 -0.2080 0.4032 8.4379 -3.5520 0.7975
390 1.1638 1.5692 0.1272 -0.2380 0.4107 7.2669 -3.6040 0.8318
391 1.2073 1.5615 0.1230 -0.1515 0.3961 8.7910 -3.7730 0.8899
392 1.2114 1.5552 0.1248 -0.1438 0.3839 8.5956 -3.9500 0.9275
393 1.2151 1.5446 0.1266 -0.1367 0.3631 8.0381 -3.9990 0.9233
394 1.2145 1.5355 0.1278 -0.1383 0.3453 8.0913 -4.0980 0.9925
395 1.2117 1.5239 0.1248 -0.1441 0.3224 7.5857 -4.1340 0.9533
396 1.2061 1.5050 0.1272 -0.1558 0.2847 8.3823 -4.3190 0.9945
397 1.1956 1.4778 0.1230 -0.1773 0.2299 8.3046 -4.3510 1.0029
398 1.1777 1.4452 0.1272 -0.2140 0.1642 8.3588 -4.2280 0.9462
399 1.1591 1.4099 0.1260 -0.2520 0.0928 8.2814 -4.1020 0.9155
400 1.1461 1.3833 0.1278 -0.2791 0.0384 8.2593 -4.0460 0.9368
401 1.1988 1.5503 0.1266 -0.1741 0.3728 7.3014 -3.9350 0.8832
402 1.1957 1.5565 0.1272 -0.1809 0.3858 7.4210 -4.0540 0.9435
403 1.1960 1.5631 0.1260 -0.1808 0.3996 8.5283 -4.0740 0.9337
404 1.1972 1.5673 0.1260 -0.1790 0.4088 8.3669 -4.0970 0.9455
405 1.1965 1.5702 0.1178 -0.1809 0.4153 9.5553 -4.0930 0.9348
406 1.1959 1.5714 0.1266 -0.1827 0.4184 8.5721 -4.0950 0.9727
407 1.1949 1.5720 0.1284 -0.1853 0.4204 8.3128 -4.1880 0.9684
408 1.1935 1.5726 0.1272 -0.1885 0.4222 8.7177 -4.1030 0.9259
409 1.1934 1.5708 0.1248 -0.1893 0.4194 7.7223 -3.9720 0.9070
410 1.1950 1.5691 0.1266 -0.1866 0.4167 8.8237 -3.9440 0.9213
411 1.2497 1.6076 0.1242 -0.0774 0.4947 8.4656 -3.9880 0.9324
412 1.2487 1.6091 0.1183 -0.0793 0.4989 9.2491 -3.9510 0.9291
413 1.2469 1.6082 0.1278 -0.0828 0.4981 8.5502 -3.8890 0.8988
414 1.2422 1.6056 0.1254 -0.0924 0.4939 8.4972 -3.9520 0.9377
415 1.2388 1.6005 0.1242 -0.0994 0.4848 8.8981 -3.5900 0.6720
416 1.2367 1.5888 0.1254 -0.1036 0.4622 8.0635 -3.9610 4.4192
417 1.2374 1.5774 0.1248 -0.1024 0.4403 8.8646 -3.9990 0.9518
418 1.2394 1.5671 0.1266 -0.0985 0.4204 7.7831 -3.9720 1.1273
419 1.2421 1.5594 0.1178 -0.0932 0.4054 9.6880 -3.9140 0.8870
420 1.2434 1.5563 0.1260 -0.0907 0.3998 8.8898 -3.9600 0.9239
421 1.2271 1.5740 0.1195 -0.1234 0.4360 9.6856 -4.0870 0.9251
422 1.2307 1.5741 0.1284 -0.1164 0.4369 8.5739 -4.1620 0.9564
423 1.2347 1.5731 0.1248 -0.1087 0.4358 7.8506 -4.2270 1.0029
424 1.2385 1.5689 0.1272 -0.1012 0.4279 8.9338 -4.5360 1.0530
425 1.2418 1.5621 0.1254 -0.0945 0.4150 7.9849 -4.5550 1.0590
426 1.2410 1.5579 0.1260 -0.0964 0.4072 8.9343 -4.5680 1.0397
427 1.2414 1.5486 0.1248 -0.0957 0.3890 8.7974 -4.4580 0.9956
428 1.2405 1.5329 0.1218 -0.0974 0.3579 9.5917 -4.5080 1.0348
429 1.2410 1.5122 0.1260 -0.0966 0.3166 8.9306 -4.4220 1.0250
430 1.2417 1.4935 0.1290 -0.0952 0.2793 8.2854 -4.3850 1.0052
431 1.2091 1.5961 0.1272 -0.1609 0.4854 8.8171 -4.3330 0.9602
432 1.2173 1.5920 0.1302 -0.1447 0.4781 8.5312 -4.2640 0.9707
433 1.2275 1.5863 0.1272 -0.1245 0.4676 8.9735 -4.3160 0.9849
434 1.2384 1.5776 0.1254 -0.1030 0.4510 9.1476 -4.3660 1.0085
435 1.2493 1.5688 0.1248 -0.0810 0.4340 8.9983 -4.2340 0.9676
436 1.2623 1.5569 0.1266 -0.0550 0.4109 9.0408 -4.2570 1.0230
437 1.2806 1.5388 0.1272 -0.0181 0.3750 8.9271 -4.3240 0.9880
438 1.2991 1.5172 0.1201 0.0194 0.3319 9.9813 -4.4190 1.0163
439 1.3176 1.4916 0.1236 0.0570 0.2807 9.1559 -4.4150 0.9914
440 1.3313 1.4678 0.1290 0.0852 0.2328 8.7012 -4.4070 1.0247
441 1.2437 1.5920 0.1242 -0.0900 0.4820 9.1182 -4.2510 0.9923
442 1.2453 1.5915 0.1290 -0.0867 0.4821 8.0889 -4.3060 1.0018
443 1.2460 1.5942 0.1230 -0.0854 0.4884 9.3578 -4.1230 0.9513
444 1.2476 1.5997 0.1260 -0.0823 0.5004 9.2584 -4.0820 0.9017
445 1.2500 1.6066 0.1172 -0.0776 0.5152 10.3969 -4.0160 0.9039
446 1.2556 1.6121 0.1254 -0.0662 0.5272 9.1286 -4.2230 0.9976
447 1.2620 1.6225 0.1272 -0.0533 0.5494 9.1707 -4.3280 0.9960
448 1.2695 1.6305 0.1278 -0.0381 0.5666 9.1165 -4.4760 1.0641
449 1.2763 1.6353 0.1290 -0.0243 0.5775 8.1027 -4.4990 1.0265
450 1.2795 1.6404 0.1172 -0.0176 0.5892 10.3059 -4.5520 5.0910
451 1.2420 1.5853 0.1260 -0.0926 0.4798 9.3819 -4.5420 1.0628
452 1.2393 1.5832 0.1248 -0.0982 0.4766 9.2455 -4.6130 1.0888
453 1.2336 1.5801 0.1254 -0.1097 0.4710 9.1333 -4.7610 1.1049
454 1.2271 1.5739 0.1254 -0.1230 0.4593 9.4500 -4.9200 1.1567
455 1.2190 1.5686 0.1260 -0.1394 0.4495 9.3365 -4.8900 1.1029
456 1.2107 1.5597 0.1266 -0.1565 0.4323 8.6910 -4.9150 1.0768
457 1.2044 1.5495 0.1272 -0.1694 0.4124 9.2891 -4.8110 1.0968
458 1.1957 1.5393 0.1254 -0.1875 0.3923 9.4636 -4.7860 1.1340
459 1.1858 1.5261 0.1166 -0.2079 0.3662 10.5990 -4.6710 1.0915
460 1.1773 1.5143 0.1278 -0.2256 0.3428 9.5103 -4.5420 1.0005
461 1.2338 1.5581 0.1230 -0.1128 0.4310 9.7975 -4.5430 1.0114
462 1.2300 1.5559 0.1248 -0.1205 0.4272 9.9642 -4.5350 1.0194
463 1.2231 1.5506 0.1260 -0.1346 0.4170 9.3578 -4.6480 1.0432
464 1.2170 1.5461 0.1290 -0.1472 0.4086 9.4352 -4.3970 0.9874
465 1.2103 1.5400 0.1236 -0.1611 0.3967 9.7407 -4.4840 1.0290
466 1.2038 1.5357 0.1296 -0.1743 0.3885 9.3386 -4.4510 1.0461
467 1.1993 1.5355 0.1260 -0.1839 0.3884 9.5513 -4.5110 1.0750
468 1.2002 1.5393 0.1266 -0.1826 0.3965 9.4981 -4.5390 1.0572
469 1.2046 1.5493 0.1272 -0.1743 0.4168 9.5040 -4.5390 1.0243
470 1.2066 1.5560 0.1278 -0.1708 0.4308 9.5629 -4.5730 1.0684
471 1.3203 1.5743 0.1278 0.0574 0.4681 9.5777 -4.6130 1.0675
472 1.3176 1.5708 0.1290 0.0526 0.4619 9.5718 -4.7230 1.1062
473 1.3185 1.5640 0.1302 0.0552 0.4489 9.3232 -4.8050 1.1084
474 1.3233 1.5557 0.1272 0.0655 0.4330 9.6450 -4.8010 1.1022
475 1.3292 1.5484 0.1254 0.0781 0.4188 9.0513 -4.8550 1.2183
476 1.3315 1.5376 0.1266 0.0834 0.3977 9.6942 -5.0180 1.1500
477 1.3371 1.5263 0.1248 0.0955 0.3752 9.8684 -5.4370 1.4409
478 1.3467 1.5157 0.1183 0.1157 0.3543 10.9657 -5.0700 1.1576
479 1.3565 1.5051 0.1278 0.1363 0.3330 9.5459 -5.1720 1.1874
480 1.3637 1.4982 0.1189 0.1518 0.3192 10.6878 -5.3180 1.2146
481 1.2393 1.5964 0.1272 -0.0970 0.5166 9.7679 -5.4850 1.2700
482 1.2380 1.6022 0.1302 -0.0998 0.5291 9.3027 -5.5560 1.2876
483 1.2365 1.6084 0.1260 -0.1028 0.5427 9.8892 -5.8820 1.3770
484 1.2403 1.6148 0.1266 -0.0954 0.5566 10.0165 -5.8850 1.3670
485 1.2398 1.6186 0.1254 -0.0964 0.5653 9.8787 -5.9500 1.3864
486 1.2375 1.6181 0.1266 -0.1011 0.5655 9.6937 -5.7610 1.2780
487 1.2326 1.6141 0.1242 -0.1111 0.5587 9.7623 -5.8420 1.3200
488 1.2260 1.6073 0.1266 -0.1245 0.5463 9.7316 -5.9470 1.3350
489 1.2167 1.6085 0.1230 -0.1434 0.5498 10.0609 -5.8940 1.3401
490 1.2067 1.6113 0.1290 -0.1639 0.5564 9.7753 -5.8440 1.3632
491 1.2202 1.5952 0.1296 -0.1372 0.5252 9.6565 -5.8270 1.3283
492 1.2178 1.5960 0.1195 -0.1424 0.5277 10.7104 -5.7970 1.3029
493 1.2187 1.6035 0.1248 -0.1408 0.5438 10.2720 -5.8440 1.3343
494 1.2239 1.6098 0.1290 -0.1307 0.5576 9.6052 -5.7850 1.2927
495 1.2274 1.6171 0.1278 -0.1240 0.5732 9.7687 -5.5380 1.2208
496 1.2336 1.6197 0.1284 -0.1117 0.5795 8.8352 -5.5590 1.2428
497 1.2354 1.6152 0.1242 -0.1083 0.5718 10.2979 -5.5290 1.2637
498 1.2373 1.6136 0.1266 -0.1047 0.5696 10.3305 -5.3890 1.2344
499 1.2427 1.6114 0.1207 -0.0939 0.5664 10.8797 -5.2620 1.1411
500 1.2454 1.6075 0.1272 -0.0886 0.5598 10.1102 -5.2400 1.2528
501 1.2450 1.5826 0.1272 -0.0893 0.5107 10.1249 -5.2290 1.1698
502 1.2478 1.5835 0.1260 -0.0837 0.5133 10.2278 -1.6390 -1.2273
503 1.2484 1.5843 0.1278 -0.0826 0.5158 9.2033 -4.9610 1.1373
504 1.2527 1.5894 0.1254 -0.0740 0.5269 10.6389 -4.9930 1.1080
505 1.2556 1.5900 0.1272 -0.0681 0.5290 10.2593 -4.7630 1.1004
506 1.2558 1.5901 0.1278 -0.0677 0.5301 10.3258 -4.6570 1.0185
507 1.2595 1.5892 0.1278 -0.0601 0.5291 10.2233 -4.6540 1.0664
508 1.2604 1.5879 0.1260 -0.0583 0.5275 10.3976 -4.5890 1.0612
509 1.2598 1.5875 0.1266 -0.0594 0.5275 10.2841 -4.6770 1.0750
510 1.2555 1.5851 0.1242 -0.0680 0.5236 10.6460 -4.6680 1.0735
511 1.2533 1.5920 0.1266 -0.0722 0.5383 9.2568 -4.9000 1.1919
512 1.2532 1.5935 0.1254 -0.0725 0.5422 10.4171 -5.0670 1.2317
513 1.2514 1.5955 0.1154 -0.0761 0.5472 11.2736 -5.0030 1.1106
514 1.2497 1.5982 0.1266 -0.0794 0.5536 10.3710 -5.2370 1.1992
515 1.2438 1.5997 0.1272 -0.0913 0.5577 10.1377 -5.1700 1.1865
516 1.2388 1.6025 0.1284 -0.1014 0.5643 10.4319 -5.2370 1.2197
517 1.2315 1.6015 0.1242 -0.1162 0.5632 10.5930 -5.1210 1.1565
518 1.2249 1.5950 0.1260 -0.1296 0.5512 10.5167 -5.0860 1.1474
519 1.2210 1.5832 0.1260 -0.1377 0.5284 10.4749 -5.0600 1.1367
520 1.2149 1.5726 0.1260 -0.1502 0.5080 10.4298 -5.0720 1.1888
521 1.2104 1.5983 0.1242 -0.1596 0.5604 10.9000 -5.1220 1.1536
522 1.2095 1.6008 0.1284 -0.1618 0.5664 10.3541 -5.0890 1.2077
523 1.2075 1.6063 0.1218 -0.1664 0.5785 11.2215 -5.0617 1.1552
524 1.2072 1.6106 0.1278 -0.1674 0.5882 10.4639 -0.3000 -2.1354
525 1.2017 1.6167 0.1189 -0.1788 0.6015 11.4895 -5.3730 1.2669
526 1.1961 1.6230 0.1278 -0.1905 0.6154 10.5614 -5.4420 1.2275
527 1.1897 1.6240 0.1266 -0.2040 0.6186 10.3648 -5.5240 1.3174
528 1.1769 1.6259 0.1248 -0.2302 0.6237 10.5987 -5.4080 1.1968
529 1.1662 1.6322 0.1260 -0.2525 0.6376 9.8867 -5.3510 1.2175
530 1.1567 1.6357 0.1266 -0.2725 0.6459 10.7764 -5.2540 1.2008
531 1.2362 1.5683 0.1242 -0.1136 0.5117 10.6001 -5.0500 0.9987
532 1.2326 1.5661 0.1172 -0.1210 0.5079 11.7614 -5.2830 1.2170
533 1.2271 1.5610 0.1236 -0.1322 0.4984 11.1275 -5.2990 1.2170
534 1.2199 1.5546 0.1278 -0.1468 0.4862 10.5226 -5.4550 1.2704
535 1.2116 1.5482 0.1236 -0.1640 0.4739 10.9255 -5.4040 1.2502
536 1.2062 1.5401 0.1248 -0.1751 0.4580 10.9213 -5.5220 1.2595
537 1.1999 1.5352 0.1278 -0.1882 0.4485 10.6369 -5.5210 1.2704
538 1.1924 1.5313 0.1213 -0.2037 0.4411 10.6735 -5.5270 1.2633
539 1.1860 1.5303 0.1290 -0.2172 0.4394 10.5888 -5.5610 1.2878
540 1.1805 1.5309 0.1284 -0.2289 0.4410 10.8574 -5.4970 1.2602
541 1.2352 1.5726 0.1266 -0.1198 0.5251 10.8477 -5.8230 1.3292
542 1.2340 1.5707 0.1272 -0.1222 0.5219 10.9142 -6.1850 1.4889
543 1.2301 1.5738 0.1207 -0.1302 0.5290 11.7174 -6.1480 1.3815
544 1.2266 1.5777 0.1195 -0.1375 0.5375 11.6364 -6.3480 1.4660
545 1.2197 1.5819 0.1266 -0.1517 0.5468 11.0426 -6.1220 1.3356
546 1.2141 1.5788 0.1260 -0.1632 0.5414 10.7734 -6.1300 1.3988
547 1.2020 1.5711 0.1242 -0.1878 0.5265 11.1265 -5.9920 1.3508
548 1.1899 1.5623 0.1254 -0.2125 0.5096 11.0623 -6.2880 1.4504
549 1.1710 1.5548 0.1266 -0.2513 0.4951 10.9971 -6.1950 1.3906
550 1.1577 1.5513 0.1248 -0.2787 0.4888 11.4687 -6.2360 1.4362
551 1.2142 1.5650 0.1254 -0.1661 0.5167 11.0507 -5.9990 1.3176
552 1.2131 1.5603 0.1254 -0.1687 0.5079 10.8316 -6.0670 1.4173
553 1.2090 1.5546 0.1278 -0.1772 0.4971 10.9159 -5.6860 3.8293
554 1.2079 1.5513 0.1284 -0.1798 0.4909 10.8014 -5.5960 1.2787
555 1.2019 1.5474 0.1290 -0.1924 0.4837 10.0390 -5.4160 1.2386
556 1.1988 1.5432 0.1248 -0.1992 0.4757 11.5121 -5.4250 1.2856
557 1.1918 1.5402 0.1254 -0.2136 0.4701 11.2784 -5.2760 1.2061
558 1.1875 1.5335 0.1160 -0.2230 0.4570 12.7856 -5.4890 1.2611
559 1.1762 1.5229 0.1242 -0.2462 0.4360 11.2204 -5.4340 1.2101
560 1.1680 1.5148 0.1266 -0.2635 0.4200 11.1273 -5.5130 1.2624
561 1.2148 1.5713 0.1272 -0.1702 0.5338 11.1305 -5.4270 1.2704
562 1.2155 1.5686 0.1254 -0.1692 0.5291 10.3660 -5.4950 1.2655
563 1.2111 1.5651 0.1224 -0.1783 0.5226 11.6222 -5.3350 1.2108
564 1.2089 1.5625 0.1260 -0.1832 0.5182 11.3321 -5.5880 1.3000
565 1.2018 1.5558 0.1236 -0.1978 0.5053 11.2794 -5.5240 1.2368
566 1.1975 1.5502 0.1254 -0.2070 0.4945 11.6228 -5.6820 1.3000
567 1.1853 1.5413 0.1230 -0.2321 0.4772 11.5669 -5.5790 1.2718
568 1.1742 1.5308 0.1242 -0.2549 0.4566 11.3242 -5.7100 1.3058
569 1.1608 1.5182 0.1254 -0.2826 0.4316 11.3786 -5.7310 1.3247
570 1.1538 1.5076 0.1172 -0.2976 0.4103 12.3218 -5.7920 1.3018
571 1.2374 1.5478 0.1260 -0.1306 0.4912 11.0996 -5.4920 1.2226
572 1.2370 1.5428 0.1266 -0.1314 0.4816 11.4039 -5.3500 1.2150
573 1.2362 1.5365 0.1272 -0.1332 0.4693 11.2306 -5.2410 1.2108
574 1.2303 1.5264 0.1278 -0.1451 0.4496 11.2964 -5.1860 1.2293
575 1.2243 1.5172 0.1154 -0.1576 0.4312 12.3818 -5.1530 1.1587
576 1.2139 1.5042 0.1266 -0.1786 0.4053 11.4792 -5.0000 1.1572
577 1.2045 1.4894 0.1218 -0.1979 0.3757 11.7113 -4.9850 1.1071
578 1.1959 1.4790 0.1278 -0.2157 0.3545 11.3115 -4.9900 1.1202
579 1.1855 1.4675 0.1236 -0.2371 0.3312 10.9514 -4.7970 1.0986
580 1.1766 1.4618 0.1272 -0.2557 0.3194 11.5950 -4.8600 1.0677
581 1.2385 1.5831 0.1254 -0.1319 0.5628 11.4666 -4.6710 1.0506
582 1.2436 1.5816 0.1254 -0.1217 0.5607 11.6045 -4.5510 1.0319
583 1.2493 1.5845 0.1254 -0.1105 0.5674 11.8037 -4.5680 1.0410
584 1.2569 1.5856 0.1272 -0.0950 0.5705 11.6663 -4.6200 1.0904
585 1.2690 1.5857 0.1272 -0.0707 0.5714 11.6847 -4.5350 1.0430
586 1.2808 1.5819 0.1260 -0.0468 0.5647 10.8428 -4.4820 1.0196
587 1.2913 1.5734 0.1248 -0.0254 0.5485 11.5914 -4.6260 1.0312
588 1.3054 1.5612 0.1236 0.0034 0.5247 11.9314 -4.5120 1.0405
589 1.3159 1.5489 0.1272 0.0250 0.5005 11.6396 -4.4400 1.0214
590 1.3220 1.5348 0.1242 0.0380 0.4727 11.7745 -4.5400 0.9871
591 1.2093 1.5870 0.1230 -0.1878 0.5779 11.8728 -4.6300 1.0624
592 1.2099 1.5878 0.1242 -0.1872 0.5804 11.8681 -4.4370 1.0207
593 1.2121 1.5902 0.1248 -0.1831 0.5862 11.9348 -4.3410 1.1044
594 1.2135 1.5902 0.1272 -0.1807 0.5871 11.6658 -4.4080 1.0143
595 1.2188 1.5894 0.1254 -0.1704 0.5864 11.8409 -4.2530 0.9798
596 1.2220 1.5954 0.1278 -0.1641 0.5992 11.9321 -4.0490 0.9486
597 1.2245 1.6051 0.1248 -0.1595 0.6197 12.0695 -4.0890 0.9869
598 1.2251 1.6169 0.1278 -0.1585 0.6444 10.7859 -4.1950 0.9669
599 1.2198 1.6330 0.1260 -0.1695 0.6781 11.9034 -4.1570 0.9166
600 1.2153 1.6499 0.1272 -0.1787 0.7134 11.7738 -4.0270 0.8805
601 1.2259 1.4542 0.1284 -0.1578 0.3215 11.7635 -3.9270 0.9073
602 1.2325 1.4554 0.1278 -0.1448 0.3235 11.9756 -4.1570 0.9615
603 1.2381 1.4541 0.1266 -0.1338 0.3204 11.8976 -3.8830 0.8356
604 1.2436 1.4515 0.1284 -0.1228 0.3147 11.9394 -3.5840 0.7904
605 1.2468 1.4488 0.1254 -0.1163 0.3088 11.1961 -3.7250 0.8494
606 1.2449 1.4466 0.1272 -0.1203 0.3038 12.0015 -3.6040 0.8354
607 1.2430 1.4383 0.1266 -0.1241 0.2867 11.9121 -3.5310 0.8022
608 1.2391 1.4246 0.1195 -0.1319 0.2584 12.9032 -3.3690 0.7662
609 1.2322 1.4142 0.1242 -0.1461 0.2368 12.5370 -3.4660 0.7886
610 1.2241 1.4042 0.1302 -0.1625 0.2158 11.7081 -3.4230 0.7639
611 1.2174 1.6337 0.1266 -0.1761 0.6762 12.2191 -3.4680 0.8136
612 1.2138 1.6337 0.1272 -0.1837 0.6775 11.9849 -3.6490 0.8298
613 1.2114 1.6361 0.1242 -0.1889 0.6837 12.1844 -3.6730 0.8605
614 1.2082 1.6452 0.1242 -0.1958 0.7034 12.1439 -3.4020 0.8220
615 1.2127 1.6501 0.1230 -0.1871 0.7147 12.3055 -3.1760 0.6729
616 1.2193 1.6580 0.1230 -0.1743 0.7321 12.5030 -2.9970 0.6611
617 1.2238 1.6671 0.1236 -0.1655 0.7519 11.4562 -3.0550 0.7110
618 1.2216 1.6774 0.1260 -0.1703 0.7742 12.0050 -3.0874 0.7713
619 1.2164 1.6844 0.1242 -0.1810 0.7902 12.5376 -3.0820 0.7197
620 1.2107 1.6883 0.1248 -0.1926 0.7997 12.4210 -0.0330 0.0407
621 1.1948 1.6204 0.1242 -0.2251 0.6652 12.2691 -3.2370 0.8102
622 1.1935 1.6146 0.1248 -0.2281 0.6547 12.4545 -3.2910 0.7564
623 1.1905 1.6101 0.1242 -0.2349 0.6468 12.2472 -3.3530 0.7769
624 1.1902 1.6033 0.1284 -0.2360 0.6343 11.1200 -3.3710 0.7835
625 1.1871 1.5963 0.1242 -0.2428 0.6212 12.2855 -3.3650 0.8378
626 1.1832 1.5881 0.1296 -0.2514 0.6057 12.3137 -3.3730 0.7938
627 1.1832 1.5811 0.1172 -0.2520 0.5924 13.4046 -3.2560 0.7241
628 1.1815 1.5741 0.1278 -0.2561 0.5793 12.4482 -3.3900 0.7228
629 1.1798 1.5648 0.1254 -0.2601 0.5614 12.2756 -3.1380 0.7054
630 1.1790 1.5596 0.1290 -0.2624 0.5515 12.4571 -3.1250 0.6705
631 1.2006 1.6223 0.1213 -0.2198 0.6782 13.1613 -3.3410 0.7840
632 1.2066 1.6203 0.1278 -0.2082 0.6754 12.5143 -3.2180 0.7468
633 1.2187 1.6139 0.1260 -0.1844 0.6637 12.8096 -3.3880 0.8256
634 1.2321 1.6031 0.1201 -0.1578 0.6431 13.4173 -3.0790 0.6803
635 1.2470 1.5850 0.1254 -0.1279 0.6077 12.7976 -2.9450 0.6505
636 1.2653 1.5650 0.1278 -0.0913 0.5684 12.3472 -3.0680 0.7228
637 1.2846 1.5422 0.1284 -0.0523 0.5233 12.2330 -2.9130 0.6651
638 1.2988 1.5211 0.1272 -0.0233 0.4811 11.6898 -2.8290 0.6411
639 1.3065 1.5022 0.1183 -0.0075 0.4435 13.5995 -2.7670 0.6536
640 1.3094 1.4837 0.1266 -0.0010 0.4062 12.6219 -2.7420 0.6137
641 1.2664 1.6280 0.1290 -0.0868 0.6962 12.3465 -2.6670 0.6269
642 1.2636 1.6312 0.1260 -0.0923 0.7039 12.8472 -2.3720 0.5474
643 1.2596 1.6319 0.1266 -0.1003 0.7067 12.5537 -2.2080 0.4909
644 1.2523 1.6305 0.1260 -0.1147 0.7051 12.7639 -2.3150 0.5485
645 1.2503 1.6253 0.1266 -0.1188 0.6959 12.7705 -2.3840 0.6044
646 1.2512 1.6157 0.1189 -0.1170 0.6778 13.5917 -2.1910 0.4965
647 1.2518 1.6016 0.1266 -0.1158 0.6508 12.7479 -2.0810 0.4733
648 1.2482 1.5872 0.1284 -0.1230 0.6229 12.6691 -2.2220 0.5292
649 1.2410 1.5783 0.1272 -0.1375 0.6059 12.6526 -1.9100 0.4695
650 1.2365 1.5698 0.1195 -0.1466 0.5896 13.8334 -1.8960 0.5310
651 1.1996 1.6164 0.1284 -0.2209 0.6839 12.5373 -1.8240 0.3988
652 1.2016 1.6150 0.1248 -0.2174 0.6822 13.0482 -1.8200 0.5100
653 1.2032 1.6115 0.1154 -0.2146 0.6762 14.0107 -1.6480 0.3658
654 1.2068 1.6083 0.0884 -0.2079 0.6710 17.5756 -1.6980 0.4103
655 1.2084 1.6032 0.1254 -0.2051 0.6617 12.9152 -1.9680 0.4326
656 1.2096 1.5960 0.1272 -0.2031 0.6484 12.8975 -1.8370 0.4155
657 1.2120 1.5887 0.1278 -0.1987 0.6346 11.6118 -1.7860 0.4206
658 1.2115 1.5819 0.1284 -0.2001 0.6218 12.9713 -1.7760 0.4397
659 1.2101 1.5754 0.1230 -0.2034 0.6097 13.3948 -1.8100 0.4798
660 1.2086 1.5726 0.1260 -0.2068 0.6048 12.9885 -1.8060 0.4415
661 1.2124 1.5604 0.1272 -0.1995 0.5810 12.2092 -1.8470 0.4769
662 1.2088 1.5648 0.1248 -0.2071 0.5904 12.8089 -1.6320 0.3965
663 1.2048 1.5688 0.1230 -0.2155 0.5991 12.4591 -1.7560 0.4072
664 1.2039 1.5708 0.1278 -0.2177 0.6038 12.7842 -1.8300 0.8100
665 1.2042 1.5722 0.1248 -0.2176 0.6074 13.2831 -2.0030 0.4791
666 1.2049 1.5725 0.1248 -0.2167 0.6087 13.0033 -2.1290 0.5071
667 1.2068 1.5715 0.1248 -0.2133 0.6075 13.1411 -2.0190 0.4626
668 1.2070 1.5734 0.1278 -0.2133 0.6119 12.7400 -2.0510 0.4898
669 1.2065 1.5764 0.1242 -0.2148 0.6188 13.2499 -2.2140 0.5728
670 1.2068 1.5813 0.1272 -0.2146 0.6293 13.0850 -2.4850 0.6371
671 1.1636 1.4759 0.1260 -0.3019 0.4182 13.1242 -2.4910 0.6349
672 1.1680 1.4722 0.1195 -0.2939 0.4106 13.7454 -2.4070 0.5614
673 1.1744 1.4655 0.1266 -0.2819 0.3969 13.2701 -2.2910 0.5147
674 1.1804 1.4592 0.1278 -0.2706 0.3839 13.0837 -2.4300 0.5839
675 1.1861 1.4521 0.1242 -0.2599 0.3692 13.2951 -2.5370 0.6309
676 1.1916 1.4446 0.1278 -0.2495 0.3536 12.6455 -2.3630 0.5325
677 1.1999 1.4343 0.1248 -0.2333 0.3323 13.2016 -2.3650 0.5970
678 1.2127 1.4219 0.1272 -0.2081 0.3069 13.4719 -2.5270 0.6669
679 1.2275 1.4092 0.1154 -0.1786 0.2805 14.3028 -2.4630 0.5441
680 1.2376 1.3979 0.1296 -0.1586 0.2569 13.0341 -2.2970 0.4929
681 1.2090 1.5188 0.1183 -0.2162 0.4987 14.3404 -2.3500 0.5442
682 1.2090 1.5180 0.1248 -0.2166 0.4974 13.4631 -2.2800 0.5038
683 1.2136 1.5152 0.1224 -0.2078 0.4920 12.7154 -2.2810 0.5436
684 1.2145 1.5155 0.1242 -0.2064 0.4926 13.5143 -2.2770 0.5557
685 1.2182 1.5141 0.1242 -0.1994 0.4900 13.2958 -2.3940 0.6507
686 1.2190 1.5130 0.1166 -0.1979 0.4879 14.4657 -2.0070 0.3790
687 1.2265 1.5034 0.1272 -0.1832 0.4689 13.5729 -1.7630 0.4172
688 1.2357 1.4944 0.1266 -0.1650 0.4507 13.1843 -1.7330 0.4662
689 1.2476 1.4895 0.1260 -0.1411 0.4408 13.3345 -1.9470 0.5147
690 1.2620 1.4836 0.1248 -0.1122 0.4289 13.5526 -2.0130 0.5543
691 1.2268 1.5420 0.1236 -0.1829 0.5461 13.7707 -2.0730 0.5276
692 1.2272 1.5400 0.1224 -0.1823 0.5425 13.7533 -2.1670 0.5076
693 1.2280 1.5420 0.1213 -0.1809 0.5470 13.8546 -2.2860 0.5492
694 1.2247 1.5440 0.1230 -0.1878 0.5513 13.7206 -2.3030 0.5899
695 1.2213 1.5439 0.1254 -0.1948 0.5517 13.4545 -2.1100 0.5029
696 1.2216 1.5451 0.1242 -0.1946 0.5544 13.9148 -2.2570 0.5245
697 1.2256 1.5463 0.1248 -0.1868 0.5572 13.6827 -2.3430 0.6064
698 1.2283 1.5432 0.1266 -0.1815 0.5516 13.4860 -2.5580 0.5759
699 1.2281 1.5376 0.1248 -0.1822 0.5407 13.8399 -2.6190 0.6082
700 1.2269 1.5332 0.1272 -0.1848 0.5323 13.5633 -2.5270 0.5552
701 1.1966 1.5852 0.1218 -0.2460 0.6371 14.1624 -2.8360 0.7143
702 1.1954 1.5833 0.1266 -0.2490 0.6340 13.3130 -2.9030 0.6460
703 1.1931 1.5739 0.1248 -0.2541 0.6161 13.5475 -3.0900 0.7726
704 1.1856 1.5651 0.1254 -0.2697 0.5991 13.8514 -3.3980 0.8336
705 1.1764 1.5583 0.1166 -0.2889 0.5861 14.8077 -3.2270 0.7128
706 1.1640 1.5439 0.1260 -0.3145 0.5578 13.8775 -3.0240 0.6685
707 1.1529 1.5269 0.1296 -0.3378 0.5240 13.1034 -3.2550 0.8098
708 1.1397 1.5133 0.1260 -0.3652 0.4970 13.8545 -3.2530 0.7951
709 1.1251 1.4977 0.1254 -0.3956 0.4658 12.7762 -3.1660 0.7263
710 1.1105 1.4859 0.1260 -0.4264 0.4419 13.7692 -3.2340 0.7232
711 1.2157 1.5926 0.1254 -0.2163 0.6563 13.7964 -3.2910 0.6990
712 1.2141 1.5935 0.1160 -0.2198 0.6590 15.0010 -3.4500 0.8140
713 1.2127 1.5980 0.1230 -0.2229 0.6691 14.3596 -3.4510 0.8383
714 1.2063 1.5996 0.1260 -0.2361 0.6732 13.7817 -3.4100 0.7922
715 1.1987 1.6033 0.1278 -0.2518 0.6817 13.9431 -3.2929 0.7585
716 1.1930 1.6046 0.1272 -0.2638 0.6853 13.0295 -3.0160 0.7206
717 1.1886 1.6036 0.1266 -0.2732 0.6843 14.0051 -3.1020 0.7237
718 1.1756 1.6022 0.1272 -0.3000 0.6825 13.8911 -3.3470 0.7866
719 1.1586 1.5986 0.1254 -0.3349 0.6764 14.1857 -3.7490 0.9308
720 1.1459 1.5964 0.1284 -0.3613 0.6728 13.8355 -3.8020 4.2476
721 1.2142 1.5428 0.1178 -0.2252 0.5661 15.0694 -3.8060 0.8785
722 1.2173 1.5376 0.1284 -0.2192 0.5561 13.7489 -3.9300 0.8714
723 1.2181 1.5296 0.1260 -0.2179 0.5404 13.2924 -3.7650 0.8222
724 1.2197 1.5183 0.1260 -0.2151 0.5181 14.3761 -3.8210 0.9166
725 1.2249 1.5043 0.1260 -0.2050 0.4900 14.2137 -3.8080 0.9079
726 1.2302 1.4881 0.1207 -0.1945 0.4576 14.9324 -3.6780 0.8625
727 1.2344 1.4728 0.1242 -0.1864 0.4266 14.4060 -3.8620 0.9133
728 1.2324 1.4572 0.1284 -0.1905 0.3950 13.9802 -3.9120 0.9075
729 1.2339 1.4383 0.1248 -0.1876 0.3567 14.3113 -4.0570 0.9847
730 1.2361 1.4285 0.1278 -0.1834 0.3364 14.2024 -4.2030 1.0368
731 1.2066 1.5856 0.1266 -0.2428 0.6513 14.1812 -4.1290 0.9709
732 1.2054 1.5868 0.1278 -0.2456 0.6546 14.2354 -3.9830 0.9429
733 1.2071 1.5870 0.1266 -0.2427 0.6559 14.0983 -3.8290 0.8467
734 1.2073 1.5828 0.1278 -0.2427 0.6482 14.2725 -3.8900 0.9320
735 1.2087 1.5779 0.1254 -0.2404 0.6393 14.5194 -4.1280 0.9653
736 1.2043 1.5752 0.1272 -0.2496 0.6346 14.2614 -4.0290 0.9242
737 1.1915 1.5752 0.1284 -0.2758 0.6353 13.3083 -4.0270 0.9486
738 1.1804 1.5756 0.1260 -0.2987 0.6369 14.2043 -4.0270 0.9651
739 1.1665 1.5709 0.1266 -0.3273 0.6282 14.4498 -4.1730 0.9215
740 1.1595 1.5675 0.1183 -0.3422 0.6220 15.5170 -4.0070 0.8846
741 1.2264 1.5414 0.1272 -0.2086 0.5703 14.3469 -3.9530 0.8685
742 1.2286 1.5455 0.1290 -0.2045 0.5790 13.7897 -3.4830 0.7337
743 1.2255 1.5515 0.1260 -0.2108 0.5914 14.4683 -3.4560 0.7842
744 1.2212 1.5553 0.1260 -0.2198 0.5997 14.6068 -3.6360 0.8870
745 1.2085 1.5527 0.1272 -0.2455 0.5950 14.4218 -3.6840 0.8532
746 1.1925 1.5506 0.1248 -0.2781 0.5913 14.9691 -3.8770 0.9580
747 1.1763 1.5521 0.1248 -0.3112 0.5949 14.2708 -3.9400 0.8834
748 1.1637 1.5540 0.1278 -0.3373 0.5992 14.5856 -4.0000 0.9235
749 1.1520 1.5563 0.1254 -0.3618 0.6043 13.6549 -3.8160 0.8171
750 1.1438 1.5602 0.1272 -0.3792 0.6127 14.6920 -3.7800 0.8585
751 1.2149 1.5573 0.1236 -0.2374 0.6076 14.8965 -3.6480 0.8647
752 1.2141 1.5612 0.1248 -0.2393 0.6160 14.7130 -3.9140 0.9351
753 1.2101 1.5646 0.1236 -0.2476 0.6234 14.7556 -4.2240 0.9956
754 1.2027 1.5687 0.1284 -0.2630 0.6322 14.6182 -4.1530 0.9206
755 1.1962 1.5716 0.1254 -0.2765 0.6388 14.6378 -4.2830 1.0314
756 1.1937 1.5755 0.1242 -0.2821 0.6474 14.7999 -4.4850 1.1151
757 1.1911 1.5830 0.1248 -0.2878 0.6632 14.9868 -4.5580 1.0441
758 1.1855 1.5917 0.1248 -0.2998 0.6815 15.0654 -4.3960 0.9604
759 1.1749 1.6000 0.1160 -0.3217 0.6992 15.8982 -4.5160 0.9716
760 1.1682 1.6026 0.1236 -0.3359 0.7053 15.0583 -4.7400 1.0948
761 1.2196 1.5506 0.1224 -0.2334 0.6018 14.9771 6.0000 -1.3098
762 1.2160 1.5515 0.1230 -0.2409 0.6042 15.2236 -5.1970 1.1440
763 1.2144 1.5525 0.1248 -0.2445 0.6067 14.6714 -5.1850 1.1445
764 1.2078 1.5556 0.1254 -0.2581 0.6134 14.7370 -5.1650 1.2268
765 1.1968 1.5566 0.1230 -0.2807 0.6160 14.3965 -5.3840 1.3441
766 1.1789 1.5581 0.1149 -0.3171 0.6196 16.1580 -4.9970 1.0568
767 1.1551 1.5561 0.1230 -0.3657 0.6160 14.9032 -4.9480 1.1095
768 1.1285 1.5577 0.1254 -0.4202 0.6198 14.8742 -5.0400 1.1598
769 1.1006 1.5539 0.1236 -0.4774 0.6128 14.9295 -5.0960 1.1647
770 1.0758 1.5470 0.1278 -0.5288 0.5994 14.6794 -5.0700 1.1994
771 1.1850 1.5706 0.1236 -0.3110 0.6474 15.0191 -4.8550 1.0768
772 1.1854 1.5673 0.1189 -0.3109 0.6414 15.7808 -5.1890 1.1881
773 1.1830 1.5627 0.1137 -0.3163 0.6329 16.1249 -5.4450 1.2584
774 1.1826 1.5554 0.1254 -0.3178 0.6188 15.0411 -0.4740 -2.0980
775 1.1804 1.5453 0.1230 -0.3229 0.5992 15.0488 -5.5442 1.3126
776 1.1752 1.5277 0.1248 -0.3341 0.5642 15.1509 5.4420 -1.1849
777 1.1663 1.5068 0.1230 -0.3526 0.5225 14.2751 -5.2230 1.0986
778 1.1539 1.4823 0.1248 -0.3784 0.4732 15.1305 -5.7650 1.3345
779 1.1417 1.4569 0.1207 -0.4038 0.4220 15.4684 -6.0990 1.4435
780 1.1355 1.4340 0.1248 -0.4174 0.3756 14.9869 -6.4760 1.5386
781 1.2114 1.5298 0.1254 -0.2661 0.5675 14.2309 6.6800 -1.4620
782 1.2134 1.5328 0.1260 -0.2624 0.5738 15.0560 -6.8240 1.5177
783 1.2152 1.5366 0.1218 -0.2592 0.5818 15.5743 -6.5270 1.4395
784 1.2161 1.5417 0.1224 -0.2577 0.5924 15.3449 -6.9360 1.5724
785 1.2138 1.5464 0.1236 -0.2626 0.6023 15.2813 -7.2260 1.6543
786 1.2102 1.5484 0.1218 -0.2703 0.6067 15.3361 -7.2840 1.6819
787 1.2091 1.5475 0.1236 -0.2728 0.6054 15.3202 -7.6400 1.7709
788 1.2077 1.5526 0.1236 -0.2762 0.6161 15.3394 -7.4010 1.6674
789 1.2042 1.5629 0.1254 -0.2836 0.6374 15.2628 -7.4270 1.7716
790 1.2012 1.5672 0.1160 -0.2901 0.6466 16.6395 -7.3230 1.7021
791 1.2312 1.5044 0.1132 -0.2302 0.5211 16.5802 -7.1390 1.5366
792 1.2335 1.5048 0.1213 -0.2257 0.5219 15.6292 -7.3310 1.6594
793 1.2442 1.5064 0.1218 -0.2044 0.5252 14.7069 -7.6320 1.7811
794 1.2548 1.5071 0.1126 -0.1833 0.5266 17.0653 -8.0640 1.8212
795 1.2601 1.5043 0.1218 -0.1725 0.5211 15.4410 -8.1120 1.8417
796 1.2620 1.5011 0.1260 -0.1685 0.5147 15.2562 -7.9040 1.7709
797 1.2598 1.5054 0.1207 -0.1728 0.5234 15.5622 -7.6740 1.7411
798 1.2508 1.5118 0.1260 -0.1908 0.5362 14.3630 -7.8600 1.7589
799 1.2387 1.5177 0.1230 -0.2152 0.5483 15.6132 -7.8890 1.8523
800 1.2307 1.5226 0.1248 -0.2314 0.5582 15.7091 -7.7615 1.7657
801 1.2274 1.5178 0.1154 -0.2382 0.5489 16.7273 -7.5260 1.7255
802 1.2230 1.5190 0.1242 -0.2473 0.5514 15.5764 -7.1710 1.6287
803 1.2150 1.5205 0.1254 -0.2636 0.5546 15.3337 -7.2670 1.5820
804 1.2082 1.5264 0.1254 -0.2777 0.5667 14.5384 -7.4000 1.6966
805 1.1997 1.5294 0.1236 -0.2951 0.5731 15.6454 -7.1370 1.5864
806 1.1869 1.5320 0.1230 -0.3215 0.5785 16.1546 -7.2980 1.6890
807 1.1784 1.5384 0.1236 -0.3391 0.5917 15.6836 -7.5130 1.6955
808 1.1721 1.5492 0.1242 -0.3524 0.6137 15.6310 -7.5150 1.6893
809 1.1678 1.5545 0.1236 -0.3619 0.6250 15.9560 -7.4460 1.6378
810 1.1579 1.5593 0.1278 -0.3826 0.6352 15.2889 -7.4630 1.6331
811 1.2200 1.5038 0.1224 -0.2587 0.5242 16.0683 -7.6050 1.7435
812 1.2260 1.5067 0.1218 -0.2470 0.5300 15.3357 -7.1880 1.6160
813 1.2357 1.5082 0.1236 -0.2277 0.5330 15.6086 -6.8160 1.5461
814 1.2475 1.5080 0.1242 -0.2041 0.5328 15.9721 -6.7310 1.4987
815 1.2621 1.5055 0.1149 -0.1748 0.5279 16.6372 -6.6740 1.5359
816 1.2793 1.5091 0.1254 -0.1402 0.5351 15.7482 -6.6750 1.5797
817 1.2976 1.5076 0.1248 -0.1031 0.5323 15.5428 -6.6860 1.5355
818 1.3167 1.5056 0.1278 -0.0641 0.5283 15.8577 -6.6410 1.4876
819 1.3372 1.5032 0.1242 -0.0222 0.5236 15.7696 -6.6010 1.5254
820 1.3546 1.5053 0.1272 0.0136 0.5277 15.9639 -6.8860 1.6316
821 1.2192 1.5134 0.1248 -0.2576 0.5440 16.1456 -6.9700 1.5257
822 1.2197 1.5071 0.1242 -0.2568 0.5317 15.8779 -7.2160 1.6556
823 1.2181 1.4973 0.1230 -0.2604 0.5119 15.8033 -7.0430 1.5388
824 1.2177 1.4846 0.1260 -0.2616 0.4865 15.7605 -7.0870 1.6336
825 1.2114 1.4660 0.1224 -0.2744 0.4488 16.5073 -7.2900 1.6343
826 1.2001 1.4516 0.1266 -0.2975 0.4196 15.6082 -7.2680 1.6783
827 1.1836 1.4388 0.1248 -0.3313 0.3933 16.0208 -7.1750 1.5579
828 1.1698 1.4233 0.1242 -0.3597 0.3616 15.3485 -7.1760 1.6432
829 1.1573 1.4142 0.1160 -0.3856 0.3426 17.1134 -7.0350 1.5530
830 1.1498 1.4102 0.1242 -0.4016 0.3338 16.0827 -7.4670 1.8152
831 1.2156 1.5375 0.1242 -0.2704 0.5887 16.1575 -7.4720 1.7277
832 1.2187 1.5386 0.1254 -0.2644 0.5912 15.9143 -7.5880 1.7219
833 1.2198 1.5393 0.1236 -0.2626 0.5929 16.0891 -7.3180 1.6619
834 1.2181 1.5315 0.1248 -0.2663 0.5777 16.3228 -6.9540 1.5034
835 1.2128 1.5210 0.1242 -0.2773 0.5569 16.1148 -6.9500 1.5403
836 1.2087 1.5084 0.1178 -0.2859 0.5319 17.1473 -7.1360 1.6619
837 1.2049 1.4899 0.1236 -0.2939 0.4947 16.1653 -7.5000 1.7335
838 1.2031 1.4675 0.1201 -0.2979 0.4496 17.1467 -7.7000 1.7446
839 1.2002 1.4423 0.1230 -0.3043 0.3987 16.3337 0.6630 -0.1150
840 1.1976 1.4217 0.1278 -0.3099 0.3567 15.8344 -7.2880 1.5862
841 1.2274 1.5058 0.1236 -0.2506 0.5249 16.4122 -7.0790 1.6038
842 1.2311 1.5101 0.1248 -0.2434 0.5336 16.1698 -7.0870 1.5833
843 1.2280 1.5212 0.1207 -0.2498 0.5560 16.4497 -6.7920 1.5145
844 1.2181 1.5351 0.1242 -0.2699 0.5842 16.2799 -6.9380 1.5408
845 1.2086 1.5494 0.1224 -0.2894 0.6133 16.3355 -6.7100 1.4522
846 1.1987 1.5601 0.1236 -0.3097 0.6353 16.2126 -6.3780 1.4718
847 1.1924 1.5696 0.1224 -0.3229 0.6549 16.4920 -5.8650 1.3643
848 1.1857 1.5778 0.1248 -0.3369 0.6721 16.4047 -5.6440 1.2079
849 1.1837 1.5881 0.1224 -0.3415 0.6935 16.7086 -5.3830 1.1832
850 1.1827 1.5948 0.1248 -0.3443 0.7080 16.5586 -5.6430 1.4596
851 1.1839 1.5204 0.1230 -0.3425 0.5594 15.7370 -5.4420 1.1727
852 1.1807 1.5196 0.1149 -0.3496 0.5580 17.6098 -5.7010 1.3358
853 1.1715 1.5176 0.1218 -0.3687 0.5541 16.8529 -5.8110 1.2602
854 1.1596 1.5171 0.1278 -0.3936 0.5532 15.9186 -6.0800 1.4518
855 1.1512 1.5177 0.1230 -0.4113 0.5547 16.6897 -6.1410 1.4511
856 1.1432 1.5212 0.1248 -0.4283 0.5618 16.4357 -6.2280 1.4589
857 1.1364 1.5266 0.1218 -0.4430 0.5729 16.6922 -6.6700 1.5924
858 1.1284 1.5324 0.1242 -0.4602 0.5849 16.1336 -6.9710 1.6897
859 1.1137 1.5355 0.1236 -0.4911 0.5914 16.5176 -6.9920 1.4656
860 1.1044 1.5365 0.1260 -0.5111 0.5938 16.4837 -7.0050 1.5366
861 1.1729 1.5176 0.1143 -0.3748 0.5562 17.6102 -6.7010 1.4289
862 1.1715 1.5094 0.1242 -0.3785 0.5399 16.6780 -6.6800 1.4326
863 1.1704 1.5016 0.1218 -0.3815 0.5243 16.9774 -6.6490 1.5326
864 1.1661 1.4907 0.1236 -0.3908 0.5023 16.7836 -6.4280 1.3859
865 1.1631 1.4825 0.1248 -0.3977 0.4858 16.5416 -6.3900 1.3975
866 1.1598 1.4730 0.1242 -0.4052 0.4665 17.0501 -6.4050 1.4119
867 1.1567 1.4635 0.1224 -0.4124 0.4472 16.6296 -6.4010 1.4387
868 1.1587 1.4507 0.1230 -0.4092 0.4210 16.9320 -6.2780 1.3939
869 1.1618 1.4350 0.1224 -0.4040 0.3891 16.7269 -6.4860 1.6027
870 1.1649 1.4225 0.1189 -0.3986 0.3633 17.4009 -7.1070 1.7315
871 1.1384 1.4112 0.1183 -0.4528 0.3398 16.9581 -6.6670 1.5170
872 1.1324 1.4117 0.1242 -0.4659 0.3398 16.8003 -6.6860 1.4580
873 1.1276 1.4109 0.1266 -0.4768 0.3375 16.4729 -6.0020 1.2942
874 1.1216 1.4082 0.1260 -0.4900 0.3311 16.0368 -5.9070 1.4200
875 1.1179 1.4067 0.1278 -0.4988 0.3271 16.6632 -5.9860 1.2404
876 1.1105 1.4032 0.1266 -0.5149 0.3192 16.9461 -5.8240 1.2729
877 1.0998 1.3982 0.1178 -0.5378 0.3082 17.9664 -6.0160 1.4367
878 1.0855 1.3897 0.1260 -0.5681 0.2900 17.2365 -5.8660 1.3138
879 1.0756 1.3775 0.1189 -0.5896 0.2645 17.8042 -5.8340 1.3614
880 1.0692 1.3706 0.1189 -0.6043 0.2494 18.0600 -5.7910 1.3016
881 1.2114 1.5728 0.1278 -0.3202 0.6545 16.7070 -6.2350 1.4498
882 1.2086 1.5740 0.1236 -0.3263 0.6576 17.0503 -6.4390 1.5179
883 1.2078 1.5740 0.1260 -0.3283 0.6583 16.7830 -6.6730 1.4529
884 1.1987 1.5728 0.1236 -0.3469 0.6567 17.2674 -6.6140 1.4411
885 1.1869 1.5728 0.1224 -0.3712 0.6574 17.0727 -6.9430 1.6113
886 1.1722 1.5700 0.1236 -0.4013 0.6525 17.3056 -7.1190 1.7533
887 1.1532 1.5669 0.1207 -0.4404 0.6470 17.5006 -6.9830 1.4694
888 1.1329 1.5656 0.1230 -0.4821 0.6450 17.1779 -6.7620 1.4593
889 1.1099 1.5667 0.1218 -0.5296 0.6480 17.3981 -6.3020 1.3009
890 1.0916 1.5664 0.1230 -0.5678 0.6480 17.2124 -5.9840 1.2960
891 1.2236 1.5068 0.1224 -0.3040 0.5288 17.4175 -5.4840 1.2003
892 1.2193 1.5056 0.1260 -0.3128 0.5265 17.2467 -5.0760 1.1153
893 1.2107 1.5072 0.1143 -0.3305 0.5298 18.6693 -4.7930 1.0608
894 1.2000 1.5105 0.1266 -0.3523 0.5364 17.5143 -4.6840 1.0281
895 1.1906 1.5154 0.1254 -0.3718 0.5464 17.3145 -3.8890 0.8988
896 1.1775 1.5191 0.1284 -0.3987 0.5541 16.9720 -3.3990 0.6059
897 1.1617 1.5217 0.1272 -0.4313 0.5594 17.0758 -3.4630 0.8125
898 1.1446 1.5278 0.1260 -0.4664 0.5719 16.7064 -3.8130 0.8868
899 1.1240 1.5359 0.1266 -0.5090 0.5885 16.3051 -4.2700 1.0405
900 1.1095 1.5463 0.1266 -0.5393 0.6097 17.1405 -4.4420 0.8754
901 1.1830 1.5364 0.1272 -0.3930 0.5903 16.8457 -5.0230 1.0639
902 1.1818 1.5344 0.1201 -0.3961 0.5867 18.2567 -4.9820 1.0655
903 1.1866 1.5288 0.1224 -0.3871 0.5758 17.7530 -4.7520 1.0815
904 1.1934 1.5212 0.1201 -0.3741 0.5608 18.1139 -4.5960 0.9765
905 1.1998 1.5128 0.1260 -0.3618 0.5440 17.1842 -4.6220 1.0895
906 1.2090 1.5079 0.1266 -0.3438 0.5344 17.1902 -4.9400 1.1398
907 1.2194 1.5035 0.1213 -0.3233 0.5255 18.1503 -4.7880 1.0365
908 1.2270 1.4994 0.1278 -0.3083 0.5174 17.3228 -5.3330 1.2927
909 1.2342 1.4932 0.1213 -0.2941 0.5049 18.0080 -5.3060 1.3419
910 1.2374 1.4902 0.1284 -0.2878 0.4988 17.2838 -5.3430 1.2468
911 1.2006 1.5539 0.1272 -0.3619 0.6267 17.5040 -5.4800 1.3054
912 1.2044 1.5483 0.1272 -0.3548 0.6160 17.4023 -5.8740 1.3681
913 1.2096 1.5405 0.1242 -0.3448 0.6008 18.0213 -5.6050 1.2535
914 1.2165 1.5305 0.1278 -0.3313 0.5811 17.4271 -5.1300 1.0833
915 1.2227 1.5148 0.1272 -0.3191 0.5500 17.6382 -4.9950 1.1957
916 1.2320 1.4980 0.1284 -0.3008 0.5163 17.2717 -4.9280 1.1531
917 1.2433 1.4824 0.1254 -0.2782 0.4849 17.7111 -4.8060 1.2079
918 1.2565 1.4687 0.1254 -0.2517 0.4572 17.7894 -4.4560 1.1051
919 1.2696 1.4582 0.1260 -0.2254 0.4358 16.7940 -4.3250 1.0866
920 1.2782 1.4470 0.1296 -0.2078 0.4128 17.6185 -4.3720 1.0107
921 1.1934 1.5562 0.1248 -0.3780 0.6318 17.7895 -4.5190 1.0247
922 1.1906 1.5486 0.1248 -0.3843 0.6171 17.8084 -4.7400 1.2123
923 1.1865 1.5456 0.1248 -0.3930 0.6115 18.0672 0.0000 0.9222
924 1.1829 1.5397 0.1178 -0.4009 0.6001 18.4542 -5.4380 0.0142
925 1.1741 1.5302 0.1260 -0.4193 0.5813 17.7816 -5.7000 1.4464
926 1.1608 1.5187 0.1242 -0.4467 0.5587 17.7767 -5.7520 1.3071
927 1.1433 1.5102 0.1248 -0.4828 0.5416 17.8439 -5.6760 1.2911
928 1.1195 1.5052 0.1236 -0.5318 0.5317 18.0058 -5.3580 1.1184
929 1.0937 1.4998 0.1236 -0.5850 0.5210 17.7876 -5.3190 1.1373
930 1.0737 1.4930 0.1284 -0.6268 0.5072 17.7644 -5.3160 1.3316
931 1.1314 1.4558 0.1254 -0.5124 0.4325 18.1405 -5.0630 1.1747
932 1.1343 1.4579 0.1266 -0.5078 0.4363 18.0753 -5.0540 1.1531
933 1.1367 1.4592 0.1236 -0.5041 0.4384 18.2716 -5.0060 1.2533
934 1.1406 1.4646 0.1254 -0.4974 0.4488 18.2564 -5.1720 1.1527
935 1.1481 1.4720 0.1178 -0.4835 0.4634 18.7138 -5.3930 1.3034
936 1.1607 1.4774 0.1236 -0.4591 0.4739 18.3879 -5.5440 1.2333
937 1.1743 1.4777 0.1236 -0.4326 0.4743 18.2831 -6.5370 1.5495
938 1.1908 1.4779 0.1242 -0.4004 0.4745 17.9330 -6.4480 1.4682
939 1.2076 1.4849 0.1183 -0.3671 0.4884 19.0149 -7.1670 1.6514
940 1.2187 1.4916 0.1248 -0.3453 0.5017 17.3110 -6.6900 1.5007
941 1.1524 1.5696 0.1278 -0.4788 0.6584 17.7889 -6.9120 1.4963
942 1.1448 1.5644 0.1230 -0.4951 0.6486 18.5619 -6.5090 1.4636
943 1.1400 1.5556 0.1266 -0.5058 0.6315 17.9115 -6.8860 1.6436
944 1.1380 1.5465 0.1254 -0.5109 0.6138 18.1340 -6.4070 1.3572
945 1.1427 1.5378 0.1254 -0.5026 0.5969 18.2126 -6.9750 1.5597
946 1.1516 1.5248 0.1266 -0.4858 0.5710 18.0272 -6.2900 1.4513
947 1.1635 1.5035 0.1254 -0.4628 0.5286 18.1902 -5.7060 1.3227
948 1.1813 1.4850 0.1272 -0.4279 0.4913 18.2326 -5.8980 1.4353
949 1.1947 1.4700 0.1272 -0.4017 0.4610 18.0106 -5.2730 1.2068
950 1.1992 1.4619 0.1290 -0.3932 0.4446 18.0445 -4.9390 1.1845
951 1.2254 1.5004 0.1254 -0.3410 0.5215 18.3126 -3.9460 0.9297
952 1.2282 1.5011 0.1296 -0.3356 0.5230 17.0576 -4.9270 1.2691
953 1.2322 1.5055 0.1230 -0.3278 0.5317 18.5165 -5.1460 1.1785
954 1.2310 1.5194 0.1272 -0.3304 0.5597 18.2729 -6.2430 1.3844
955 1.2270 1.5376 0.1248 -0.3386 0.5964 18.3997 -6.7610 1.5379
956 1.2218 1.5634 0.1296 -0.3493 0.6487 18.2616 -6.8120 1.4215
957 1.2138 1.5888 0.1189 -0.3657 0.7004 19.3833 -6.4400 1.4727
958 1.2013 1.6154 0.1284 -0.3912 0.7548 18.2624 -6.0800 1.4585
959 1.1846 1.6392 0.1308 -0.4251 0.8038 17.6885 -6.5280 1.5350
960 1.1704 1.6611 0.1278 -0.4544 0.8493 18.3675 -6.2230 1.5290
961 1.1618 1.5378 0.1278 -0.4725 0.6030 18.2623 -7.3790 1.8321
962 1.1526 1.5466 0.1260 -0.4919 0.6211 18.4372 -7.3830 1.6033
963 1.1470 1.5603 0.1260 -0.5041 0.6491 17.6895 -6.8340 1.4807
964 1.1418 1.5777 0.1248 -0.5156 0.6846 18.3799 -7.3400 1.8136
965 1.1394 1.5954 0.1260 -0.5215 0.7210 18.5537 -7.6440 1.6009
966 1.1430 1.6079 0.1224 -0.5153 0.7471 18.4664 -6.8150 1.5036
967 1.1470 1.6121 0.1224 -0.5084 0.7565 18.5446 -6.5160 1.3628
968 1.1418 1.6206 0.1149 -0.5199 0.7747 19.5888 -7.3120 1.8603
969 1.1386 1.6383 0.1260 -0.5274 0.8116 18.6907 -7.5350 1.6251
970 1.1386 1.6499 0.1266 -0.5285 0.8363 18.5733 -6.8390 1.3950
971 1.2058 1.5133 0.1248 -0.3945 0.5632 18.6839 -5.9190 1.1863
972 1.1998 1.5102 0.1278 -0.4070 0.5572 18.3424 -5.4440 1.2074
973 1.1878 1.5076 0.1248 -0.4317 0.5519 18.6618 -4.8680 1.0686
974 1.1698 1.4981 0.1254 -0.4685 0.5330 17.7885 -4.9200 1.1238
975 1.1466 1.4851 0.1242 -0.5159 0.5067 18.8908 -4.2890 0.8525
976 1.1198 1.4772 0.1242 -0.5708 0.4908 17.9696 -1.9000 1.3183
977 1.0886 1.4793 0.1242 -0.6348 0.4948 18.6316 -3.9400 0.9101
978 1.0599 1.4877 0.1284 -0.6942 0.5115 18.5637 -4.0200 0.9840
979 1.0303 1.5022 0.1201 -0.7555 0.5405 19.7026 -4.9740 1.3080
980 1.0075 1.5162 0.1308 -0.8035 0.5686 18.7296 -4.3680 0.8701
981 1.1864 1.4964 0.1284 -0.4464 0.5290 18.9748 -3.9950 0.9526
982 1.1861 1.4960 0.1254 -0.4477 0.5282 19.0505 -3.4690 0.7533
983 1.1854 1.4880 0.1254 -0.4496 0.5120 18.5910 -4.0470 1.1534
984 1.1820 1.4704 0.1266 -0.4572 0.4764 18.8236 -3.6060 0.7152
985 1.1778 1.4456 0.1260 -0.4663 0.4265 18.2045 -2.6330 0.5819
986 1.1691 1.4133 0.1278 -0.4845 0.3610 18.7768 -3.6210 0.9767
987 1.1656 1.3822 0.1248 -0.4924 0.2976 17.9805 -4.2270 0.9927
988 1.1577 1.3507 0.1242 -0.5091 0.2331 18.8879 -4.6570 1.1449
989 1.1502 1.3188 0.1248 -0.5251 0.1674 18.9543 -5.6210 1.3590
990 1.1471 1.3001 0.1260 -0.5322 0.1281 17.9443 -5.7340 1.2115
991 1.2024 1.5864 0.1236 -0.4221 0.7015 18.9459 -6.0760 1.5016
992 1.1988 1.5836 0.1201 -0.4298 0.6967 19.1545 -5.6840 1.2520
993 1.1964 1.5804 0.1236 -0.4352 0.6912 19.0447 -5.1070 1.0345
994 1.1920 1.5800 0.1242 -0.4446 0.6912 18.8739 -4.7200 0.9150
995 1.1887 1.5760 0.1230 -0.4518 0.6839 19.0361 -4.9600 1.1296
996 1.1888 1.5726 0.1242 -0.4523 0.6778 19.2096 -4.1160 0.7606
997 1.1929 1.5646 0.1236 -0.4445 0.6624 19.3601 -4.2570 0.9073
998 1.2030 1.5482 0.1290 -0.4247 0.6302 18.7300 -4.5820 1.0757
999 1.2112 1.5282 0.1266 -0.4088 0.5905 19.0984 -4.4040 1.0134
1000 1.2137 1.5111 0.1260 -0.4042 0.5564 19.0055 -3.3010 0.6447
1001 1.1776 1.5240 0.1242 -0.4771 0.5824 19.2358 -3.3610 0.7755
1002 1.1828 1.5276 0.1236 -0.4674 0.5899 19.4456 0.3130 -0.0367
1003 1.1788 1.5316 0.1143 -0.4761 0.5982 20.1083 -0.1430 -1.4945
1004 1.1680 1.5412 0.1242 -0.4985 0.6179 19.2342 -3.5480 0.9126
1005 1.1516 1.5497 0.1126 -0.5322 0.6352 20.4104 -5.8810 2.1050
1006 1.1325 1.5513 0.1242 -0.5717 0.6390 19.3330 -3.4140 0.7080
1007 1.1145 1.5461 0.1254 -0.6089 0.6292 18.8539 -3.3940 0.8718
1008 1.0962 1.5410 0.1236 -0.6472 0.6192 19.3829 -2.9510 0.5365
1009 1.0847 1.5330 0.1236 -0.6719 0.6036 19.1654 -2.5610 0.6674
1010 1.0721 1.5287 0.1242 -0.6989 0.5954 19.4055 -3.5430 0.8013
1011 1.1895 1.5486 0.1149 -0.4645 0.6356 20.3628 -4.5830 1.2544
1012 1.1877 1.5466 0.1272 -0.4689 0.6321 19.2001 -4.7490 1.0942
1013 1.1766 1.5390 0.1260 -0.4918 0.6173 18.4810 -5.0090 1.2152
1014 1.1579 1.5375 0.1296 -0.5300 0.6145 19.1875 -5.6880 1.3828
1015 1.1469 1.5399 0.1278 -0.5532 0.6197 18.9442 -5.4450 1.3439
1016 1.1362 1.5408 0.1339 -0.5757 0.6219 18.9502 -5.8370 1.3536
1017 1.1243 1.5397 0.1358 -0.6007 0.6201 18.9888 -5.1320 1.0913
1018 1.1112 1.5358 0.1260 -0.6282 0.6127 20.3037 -4.5540 1.1015
1019 1.0885 1.5382 0.1345 -0.6753 0.6179 19.4820 -5.2270 1.3345
1020 1.0665 1.5449 0.1370 -0.7211 0.6317 19.5099 -5.8540 1.4286
1021 1.2090 1.5122 0.1358 -0.4365 0.5665 18.9240 -3.8340 0.7459
1022 1.2030 1.5100 0.1352 -0.4490 0.5621 19.0767 -2.5030 0.4760
1023 1.1878 1.5129 0.1296 -0.4800 0.5682 19.3923 -3.4410 0.8734
1024 1.1692 1.5099 0.1290 -0.5180 0.5622 19.6047 -2.6230 0.3692
1025 1.1441 1.5080 0.1284 -0.5693 0.5586 19.5737 -2.9170 0.6002
1026 1.1209 1.5074 0.1266 -0.6169 0.5573 19.5679 -3.1890 0.7430
1027 1.1005 1.5039 0.1308 -0.6594 0.5505 19.6848 -3.1121 0.6979
1028 1.0812 1.4985 0.1345 -0.6996 0.5396 18.4698 -0.4020 -1.4785
1029 1.0685 1.4952 0.1327 -0.7268 0.5330 19.4331 -4.5510 -15.1758
1030 1.0569 1.4888 0.1389 -0.7520 0.5200 19.0681 -4.5620 1.2359
1031 1.1382 1.4377 0.1402 -0.5904 0.4173 19.3689 -5.2280 1.3365
1032 1.1346 1.4418 0.1453 -0.5988 0.4248 19.2151 -5.1950 1.1071
1033 1.1361 1.4435 0.1434 -0.5970 0.4277 18.8238 -4.5810 0.9647
1034 1.1428 1.4481 0.1421 -0.5846 0.4363 19.7606 -4.3010 1.0310
1035 1.1568 1.4546 0.1440 -0.5576 0.4490 18.3993 -3.7600 1.0027
1036 1.1775 1.4536 0.1447 -0.5168 0.4465 19.1568 -3.5920 0.9422
1037 1.1951 1.4556 0.1421 -0.4822 0.4501 19.2221 -4.3530 0.9989
1038 1.2227 1.4587 0.1370 -0.4273 0.4558 19.5303 -5.1340 1.2110
1039 1.2498 1.4584 0.1345 -0.3730 0.4549 18.5043 -5.3470 1.1618
1040 1.2666 1.4570 0.1296 -0.3393 0.4515 19.2875 -5.5820 1.3508
1041 1.1940 1.5134 0.1254 -0.4851 0.5645 20.1738 -5.9250 1.1333
1042 1.2060 1.5118 0.1333 -0.4615 0.5614 19.1829 -6.1010 1.3910
1043 1.2200 1.5138 0.1315 -0.4338 0.5656 19.6651 -6.4060 1.6311
1044 1.2337 1.5186 0.1396 -0.4067 0.5753 19.6432 -7.5320 1.8230
1045 1.2414 1.5318 0.1421 -0.3913 0.6021 19.8011 -7.2810 1.7431
1046 1.2479 1.5462 0.1533 -0.3783 0.6313 18.1563 -7.3200 1.6647
1047 1.2492 1.5602 0.1553 -0.3757 0.6599 19.0372 -6.6640 1.4291
1048 1.2501 1.5698 0.1553 -0.3739 0.6799 18.3898 0.0000 0.0334
1049 1.2530 1.5819 0.1533 -0.3680 0.7049 19.3706 -7.4920 1.6703
1050 1.2532 1.5897 0.1512 -0.3677 0.7213 19.4844 -7.2630 1.6469
1051 1.1382 1.5170 0.1440 -0.5988 0.5761 19.5736 -8.1820 2.4558
1052 1.1306 1.5302 0.1402 -0.6152 0.6028 19.7290 -8.4380 1.7909
1053 1.1242 1.5422 0.1358 -0.6292 0.6272 19.8946 -9.5780 2.3704
1054 1.1190 1.5596 0.1396 -0.6409 0.6627 19.5199 -10.2880 2.4024
1055 1.1150 1.5759 0.1327 -0.6503 0.6959 20.6139 -10.0100 2.3606
1056 1.1134 1.5916 0.1434 -0.6548 0.7282 18.8372 -10.5650 2.5580
1057 1.1113 1.6106 0.1453 -0.6605 0.7674 19.5710 28.0000 -6.2348
1058 1.1082 1.6308 0.1493 -0.6680 0.8091 19.8358 -10.0710 2.0696
1059 1.1071 1.6506 0.1526 -0.6716 0.8502 19.7177 -9.5210 2.5700
1060 1.1076 1.6711 0.1553 -0.6721 0.8929 19.5390 -10.2550 2.2914
count posx posy posz xout yout zout heading hd_out
1 0.0000 0.0000 0.0000 0.0000 0.0000 0.0000 0.0000 0.0000
2 0.0000 0.0000 0.1284 0.0000 0.0000 0.0000 0.0000 0.0026
3 0.0003 0.0000 0.1296 0.0006 0.0000 0.0000 -2.2380 0.5154
4 0.0007 0.0000 0.1308 0.0014 0.0000 0.0000 -2.2160 0.9803
5 0.0004 0.0000 0.1278 0.0008 0.0000 0.0000 -2.3070 0.5368
6 0.0001 0.0000 0.1266 0.0001 0.0000 0.0000 -2.2430 0.5031
7 0.0000 0.0000 0.1201 0.0000 0.0000 0.0000 -2.1420 0.5025
8 0.0000 0.0000 0.1290 0.0000 0.0000 0.0000 -2.0500 0.4740
9 0.0000 0.0000 0.1272 0.0000 0.0000 0.0000 -1.9760 0.4553
10 0.0000 0.0000 0.1284 0.0000 0.0000 0.0000 -1.9460 0.4495
11 1.2720 1.5450 0.1284 0.0442 0.0904 1.4354 -1.9740 0.4851
12 1.2721 1.5449 0.1308 0.0446 0.0907 1.2787 -1.9490 0.4617
13 1.2724 1.5447 0.1290 0.0456 0.0907 1.4555 -1.8250 0.4488
14 1.2730 1.5444 0.1284 0.0469 0.0905 1.7896 -1.7720 0.4357
15 1.2737 1.5440 0.1284 0.0486 0.0902 1.3827 -1.7800 0.4317
16 1.2746 1.5435 0.1308 0.0506 0.0898 1.4111 -1.8730 0.4475
17 1.2756 1.5430 0.1278 0.0528 0.0891 1.7326 -1.8090 0.4386
18 1.2766 1.5424 0.1218 0.0551 0.0883 2.5271 -1.6900 0.4010
19 1.2777 1.5416 0.1296 0.0577 0.0872 1.4892 -1.8050 0.4382
20 1.2780 1.5415 0.1284 0.0584 0.0873 1.6992 -1.8870 0.4898
21 1.2750 1.5430 0.1290 0.0527 0.0908 1.5086 -1.8400 0.4219
22 1.2751 1.5429 0.1296 0.0532 0.0911 1.5747 -1.8450 0.4239
23 1.2753 1.5429 0.1260 0.0539 0.0914 1.9636 -1.9070 0.4662
24 1.2757 1.5427 0.1278 0.0549 0.0915 1.7650 -1.7570 0.4101
25 1.2764 1.5425 0.1189 0.0565 0.0914 2.7292 -1.6890 0.3977
26 1.2773 1.5422 0.1284 0.0586 0.0912 1.5471 -1.6940 0.4250
27 1.2784 1.5418 0.1278 0.0610 0.0910 2.0021 -1.7920 0.4210
28 1.2793 1.5415 0.1308 0.0632 0.0908 1.5903 -1.8280 0.4397
29 1.2807 1.5412 0.1195 0.0662 0.0905 2.7279 -1.8890 0.4613
30 1.2822 1.5408 0.1308 0.0695 0.0901 1.6874 -1.8600 0.4473
31 1.2760 1.5441 0.1278 0.0576 0.0972 1.8870 -1.9500 0.4998
32 1.2762 1.5442 0.1321 0.0582 0.0978 1.7597 -1.9440 0.4402
33 1.2765 1.5442 0.1284 0.0590 0.0983 1.9110 -1.8000 0.3774
34 1.2771 1.5442 0.1296 0.0604 0.0987 1.6013 -1.7786 0.4285
35 1.2779 1.5442 0.1315 0.0623 0.0992 1.4601 -0.8290 0.5868
36 1.2788 1.5443 0.1296 0.0644 0.0998 0.7484 -1.8050 0.4350
37 1.2796 1.5443 0.1290 0.0663 0.1003 2.2159 -1.9920 0.5083
38 1.2802 1.5444 0.1302 0.0678 0.1008 1.7741 -2.1410 0.5472
39 1.2813 1.5441 0.1284 0.0704 0.1008 1.9498 -2.1130 0.5058
40 1.2827 1.5439 0.1302 0.0735 0.1007 1.9311 -2.0490 0.4942
41 1.2821 1.5511 0.1284 0.0726 0.1156 1.9851 -2.0190 0.4787
42 1.2824 1.5512 0.1315 0.0736 0.1163 1.9424 -1.9940 0.4891
43 1.2830 1.5513 0.1272 0.0751 0.1171 2.1050 -2.0660 0.5029
44 1.2840 1.5515 0.1195 0.0775 0.1181 3.1692 -2.1190 0.5045
45 1.2850 1.5517 0.1284 0.0798 0.1190 1.8119 -2.2340 0.5532
46 1.2864 1.5520 0.1302 0.0829 0.1202 2.2806 -2.2550 0.5370
47 1.2880 1.5524 0.1315 0.0864 0.1213 1.8451 -2.3930 0.5953
48 1.2893 1.5526 0.1296 0.0896 0.1222 1.8967 -2.4670 0.6077
49 1.2912 1.5529 0.1284 0.0937 0.1235 1.2275 -2.4290 0.5824
50 1.2932 1.5533 0.1315 0.0982 0.1248 1.9560 -2.5600 0.6075
51 1.2912 1.5330 0.1201 0.0946 0.0845 2.4356 -2.5910 0.6073
52 1.2918 1.5331 0.1278 0.0962 0.0851 2.0628 -2.5810 0.5917
53 1.2925 1.5332 0.1272 0.0981 0.0855 1.8542 -2.5300 0.5933
54 1.2935 1.5331 0.1284 0.1004 0.0856 2.0866 -2.5660 0.6084
55 1.2947 1.5330 0.1290 0.1032 0.0859 1.3183 -2.6910 0.6295
56 1.2961 1.5332 0.1290 0.1066 0.0865 2.2315 -2.6240 0.5937
57 1.2980 1.5334 0.1308 0.1108 0.0873 2.1518 -2.5840 0.5906
58 1.2997 1.5338 0.1290 0.1148 0.0884 2.4463 -2.4980 0.5795
59 1.3022 1.5346 0.1290 0.1203 0.0903 2.0989 -2.3650 0.5463
60 1.3051 1.5355 0.1315 0.1265 0.0926 2.0053 -2.2860 0.5323
61 1.3681 1.6481 0.1224 0.2538 0.3192 2.9816 -2.3200 0.5577
62 1.3685 1.6483 0.1302 0.2557 0.3211 2.3639 -2.2890 0.5454
63 1.3691 1.6487 0.1207 0.2582 0.3233 3.2255 -2.0970 0.4898
64 1.3701 1.6492 0.1284 0.2613 0.3259 2.4352 -2.0470 0.4969
65 1.3714 1.6499 0.1290 0.2651 0.3288 2.3195 -2.1570 0.5298
66 1.3731 1.6508 0.1308 0.2698 0.3321 2.5461 -2.1510 0.5022
67 1.3752 1.6518 0.1315 0.2753 0.3357 2.3058 -2.1360 0.4954
68 1.3770 1.6526 0.1213 0.2800 0.3388 3.5446 -2.1460 0.5261
69 1.3794 1.6535 0.1290 0.2862 0.3420 2.3871 -2.1460 0.5074
70 1.3823 1.6544 0.1315 0.2933 0.3455 2.2946 -2.0970 0.4907
71 1.3312 1.4411 0.1213 0.1920 -0.0818 3.3546 -2.1140 0.5078
72 1.3320 1.4414 0.1207 0.1943 -0.0818 3.5040 -2.1360 0.5087
73 1.3334 1.4418 0.1278 0.1980 -0.0815 2.4839 -2.1270 0.5085
74 1.3353 1.4425 0.1308 0.2026 -0.0807 2.3183 -2.0670 0.4893
75 1.3375 1.4433 0.1284 0.2079 -0.0796 2.5072 -2.0910 0.4987
76 1.3395 1.4441 0.1302 0.2128 -0.0787 2.3023 -2.0096 0.4848
77 1.3425 1.4452 0.1272 0.2197 -0.0770 2.6844 -2.1120 0.4998
78 1.3451 1.4462 0.1296 0.2259 -0.0756 2.5902 -2.1500 0.5212
79 1.3489 1.4476 0.1296 0.2344 -0.0732 2.7302 -2.2140 0.5372
80 1.3532 1.4493 0.1296 0.2441 -0.0703 2.4434 -2.1930 0.5267
81 1.2891 1.5331 0.1266 0.1164 0.0976 1.8716 -2.2360 0.5416
82 1.2896 1.5335 0.1278 0.1176 0.0987 2.7549 -2.2000 0.5145
83 1.2904 1.5344 0.1290 0.1196 0.1009 2.7496 -2.2860 0.5550
84 1.2915 1.5356 0.1302 0.1223 0.1037 2.6820 -2.2100 0.5198
85 1.2930 1.5371 0.1284 0.1258 0.1070 2.5551 -2.2460 0.5416
86 1.2950 1.5389 0.1321 0.1302 0.1109 2.3751 -2.3120 0.5572
87 1.2976 1.5410 0.1284 0.1359 0.1156 2.7114 -2.3430 0.5445
88 1.3000 1.5430 0.1327 0.1413 0.1200 2.3943 -2.2940 0.5412
89 1.3035 1.5458 0.1278 0.1486 0.1260 2.9373 -2.3070 0.5410
90 1.3072 1.5488 0.1224 0.1566 0.1326 3.6610 -2.3970 0.5806
91 1.2852 1.5481 0.1302 0.1129 0.1317 2.5567 -2.3040 0.5336
92 1.2856 1.5485 0.1207 0.1141 0.1329 3.7839 -2.2150 0.4974
93 1.2864 1.5492 0.1296 0.1161 0.1347 2.6661 -2.2930 0.5508
94 1.2876 1.5502 0.1278 0.1190 0.1372 3.0239 -2.2380 0.5207
95 1.2892 1.5516 0.1302 0.1226 0.1405 2.6288 -2.0810 0.4355
96 1.2913 1.5533 0.1308 0.1271 0.1446 2.6947 -2.0740 0.4949
97 1.2936 1.5554 0.1278 0.1322 0.1494 2.4172 -2.0140 0.4602
98 1.2952 1.5568 0.1296 0.1359 0.1528 1.9159 1.9710 -6.6245
99 1.2981 1.5594 0.1308 0.1422 0.1584 2.6806 -1.8260 0.4175
100 1.3014 1.5621 0.1302 0.1491 0.1646 2.8929 -1.8160 0.4344
101 1.3211 1.4291 0.1296 0.1894 -0.1023 2.6773 -1.8630 0.4484
102 1.3216 1.4293 0.1284 0.1911 -0.1025 2.9010 -1.8780 0.4353
103 1.3224 1.4296 0.1278 0.1934 -0.1026 2.2195 -1.9120 0.4633
104 1.3235 1.4300 0.1321 0.1964 -0.1024 3.0470 -2.0350 0.5031
105 1.3251 1.4305 0.1290 0.2002 -0.1021 3.0027 -1.9700 0.4909
106 1.3270 1.4311 0.1321 0.2048 -0.1018 2.8971 -1.9880 0.4891
107 1.3294 1.4316 0.1284 0.2103 -0.1014 3.0497 -1.9650 0.4720
108 1.3309 1.4318 0.1296 0.2143 -0.1017 3.0359 -1.9440 0.4695
109 1.3339 1.4322 0.1201 0.2212 -0.1015 4.1992 -1.8300 0.4526
110 1.3373 1.4327 0.1296 0.2287 -0.1012 3.3775 -1.7560 -4.0394
111 1.2862 1.5408 0.1290 0.1269 0.1154 2.9164 -1.6780 0.3890
112 1.2867 1.5406 0.1308 0.1283 0.1153 3.0179 -1.5320 0.3970
113 1.2875 1.5403 0.1290 0.1302 0.1151 3.0122 -1.5540 0.3917
114 1.2886 1.5401 0.1308 0.1328 0.1151 3.1146 -1.3480 0.3107
115 1.2900 1.5399 0.1302 0.1360 0.1151 2.9017 -1.2620 0.3084
116 1.2916 1.5396 0.1302 0.1397 0.1151 3.2235 -1.1120 0.2670
117 1.2936 1.5393 0.1290 0.1440 0.1148 3.1439 -1.0280 0.2679
118 1.2954 1.5391 0.1213 0.1481 0.1147 3.3161 -1.0040 0.2523
119 1.2980 1.5388 0.1195 0.1537 0.1145 4.4405 -0.8930 0.2152
120 1.3009 1.5385 0.1302 0.1602 0.1143 3.4142 -0.8470 0.2268
121 1.3391 1.4400 0.1236 0.2374 -0.0833 4.1648 -0.8970 0.2343
122 1.3395 1.4396 0.1284 0.2391 -0.0846 3.3630 -1.0590 0.2664
123 1.3403 1.4393 0.1207 0.2416 -0.0859 4.2499 -1.2080 0.3298
124 1.3413 1.4389 0.1284 0.2445 -0.0872 3.7041 -1.2700 0.3253
125 1.3427 1.4387 0.1201 0.2482 -0.0882 4.3559 -1.2050 0.3042
126 1.3445 1.4385 0.1284 0.2529 -0.0893 3.4347 -1.2160 0.3191
127 1.3467 1.4383 0.1201 0.2581 -0.0902 4.3325 -1.2190 0.3153
128 1.3481 1.4382 0.1308 0.2620 -0.0910 3.2941 -1.2170 0.2855
129 1.3509 1.4381 0.1278 0.2686 -0.0920 3.4338 -1.1310 0.2837
130 1.3542 1.4380 0.1333 0.2762 -0.0928 3.2178 -1.0490 0.2650
131 1.2949 1.5450 0.1272 0.1581 0.1217 3.8419 1.0560 -1.1423
132 1.2951 1.5452 0.1278 0.1589 0.1224 3.0054 -1.1660 0.2928
133 1.2956 1.5453 0.1284 0.1603 0.1233 3.3084 -1.3110 0.3331
134 1.2963 1.5456 0.1308 0.1622 0.1242 2.6171 -1.2960 0.3187
135 1.2974 1.5458 0.1284 0.1648 0.1252 3.5249 -1.2850 0.3260
136 1.2981 1.5460 0.1224 0.1669 0.1259 4.3747 -1.3360 0.3280
137 1.2996 1.5463 0.1302 0.1703 0.1270 3.3959 -11.2290 6.9828
138 1.3011 1.5466 0.1278 0.1737 0.1281 3.9452 -1.0620 0.2697
139 1.3034 1.5471 0.1284 0.1790 0.1295 3.6469 -1.1140 0.2813
140 1.3062 1.5476 0.1290 0.1851 0.1309 3.8355 -1.0980 0.2777
141 1.2771 1.5420 0.1284 0.1271 0.1202 3.7398 -1.0820 0.2684
142 1.2774 1.5421 0.1302 0.1281 0.1209 2.5265 -1.0050 0.2526
143 1.2781 1.5425 0.1296 0.1297 0.1220 3.5693 -1.1610 0.3020
144 1.2790 1.5429 0.1284 0.1319 0.1233 2.8400 -1.0260 0.2292
145 1.2803 1.5435 0.1284 0.1347 0.1249 3.7513 -0.9070 0.2263
146 1.2818 1.5442 0.1315 0.1380 0.1267 2.3354 -0.9490 0.2290
147 1.2835 1.5450 0.1308 0.1418 0.1289 3.4343 -0.8970 0.2397
148 1.2847 1.5457 0.1308 0.1446 0.1308 3.9960 -0.9160 0.2408
149 1.2871 1.5470 0.1296 0.1496 0.1339 3.7308 -6.0000 3.5509
150 1.2897 1.5485 0.1302 0.1553 0.1373 3.5538 -0.9850 0.2419
151 1.2871 1.5300 0.1284 0.1505 0.1006 3.9081 -0.9930 0.2512
152 1.2876 1.5304 0.1302 0.1517 0.1016 3.7068 -1.1670 0.3158
153 1.2882 1.5308 0.1278 0.1535 0.1028 3.8945 -1.3780 0.3560
154 1.2892 1.5314 0.1308 0.1559 0.1043 3.6691 -1.4850 0.3896
155 1.2904 1.5321 0.1272 0.1585 0.1059 4.0632 -1.4330 0.3451
156 1.2916 1.5328 0.1308 0.1614 0.1078 3.7050 -1.4260 0.3587
157 1.2932 1.5336 0.1284 0.1649 0.1097 3.8330 -1.5310 0.3941
158 1.2946 1.5343 0.1315 0.1683 0.1115 2.8859 -1.5990 0.3945
159 1.2967 1.5353 0.1296 0.1729 0.1137 3.7806 -1.6450 0.4115
160 1.2991 1.5363 0.1242 0.1783 0.1162 4.6304 -1.5970 0.3834
161 1.2741 1.5402 0.1296 0.1285 0.1243 3.8732 -1.4660 0.3360
162 1.2745 1.5406 0.1315 0.1295 0.1255 3.5499 -1.3260 0.3285
163 1.2753 1.5407 0.1308 0.1315 0.1262 3.7017 -1.2820 0.3124
164 1.2766 1.5409 0.1290 0.1342 0.1270 3.8185 -1.0000 0.1371
165 1.2783 1.5413 0.1272 0.1379 0.1281 4.3573 -1.1390 0.2753
166 1.2800 1.5418 0.1290 0.1417 0.1296 3.8548 -1.1340 0.2991
167 1.2820 1.5427 0.1272 0.1459 0.1318 4.3936 -1.2680 0.3026
168 1.2837 1.5435 0.1207 0.1497 0.1338 4.2369 -1.1940 0.3004
169 1.2861 1.5452 0.1284 0.1548 0.1376 4.1610 -1.1290 0.2726
170 1.2886 1.5471 0.1213 0.1602 0.1419 5.0377 -1.0030 0.2450
171 1.2731 1.5400 0.1278 0.1295 0.1283 4.0845 -0.8990 0.2250
172 1.2735 1.5402 0.1290 0.1306 0.1290 4.0775 -0.8200 0.1976
173 1.2742 1.5403 0.1278 0.1321 0.1296 4.2414 -0.6640 0.1851
174 1.2750 1.5401 0.1201 0.1341 0.1297 5.3687 -0.7230 0.1765
175 1.2761 1.5398 0.1278 0.1365 0.1295 4.1573 -0.6910 0.1880
176 1.2774 1.5391 0.1236 0.1392 0.1284 4.8596 -0.7420 0.2078
177 1.2787 1.5383 0.1278 0.1423 0.1272 4.2541 -0.8680 0.2332
178 1.2799 1.5378 0.1236 0.1449 0.1266 5.0139 -1.0220 0.2644
179 1.2815 1.5373 0.1284 0.1485 0.1260 4.2739 -1.0470 0.2730
180 1.2833 1.5368 0.1218 0.1523 0.1253 5.2620 -1.1000 0.2937
181 1.1950 1.4360 0.1308 -0.0247 -0.0770 3.2982 -1.1810 0.3162
182 1.1951 1.4357 0.1213 -0.0251 -0.0782 5.2435 -1.2340 0.3129
183 1.1955 1.4354 0.1266 -0.0249 -0.0795 4.4387 -1.4100 0.3516
184 1.1961 1.4349 0.1207 -0.0242 -0.0811 5.3506 -1.3940 0.3467
185 1.1971 1.4345 0.1290 -0.0228 -0.0826 4.6112 -1.4440 0.3538
186 1.1983 1.4340 0.1290 -0.0210 -0.0843 4.3850 -1.3910 0.3162
187 1.1995 1.4336 0.1302 -0.0190 -0.0857 4.1965 -1.4990 0.3874
188 1.2006 1.4333 0.1302 -0.0173 -0.0869 4.2712 -1.5180 0.3863
189 1.2022 1.4330 0.1302 -0.0146 -0.0881 4.3497 -1.5410 0.3549
190 1.2038 1.4329 0.1290 -0.0117 -0.0891 4.4522 -1.5700 0.3890
191 1.2900 1.5348 0.1278 0.1611 0.1151 3.9535 -1.4760 0.3311
192 1.2903 1.5349 0.1302 0.1620 0.1156 4.4599 -1.4410 0.3781
193 1.2907 1.5354 0.1278 0.1631 0.1170 4.5869 -1.5150 0.3963
194 1.2911 1.5359 0.1207 0.1644 0.1183 5.5220 -1.4300 0.3676
195 1.2916 1.5364 0.1308 0.1658 0.1197 4.3789 -1.4300 0.3623
196 1.2921 1.5366 0.1207 0.1672 0.1204 5.6180 -1.3180 0.3333
197 1.2927 1.5367 0.1296 0.1689 0.1211 4.6218 -1.2860 0.3249
198 1.2934 1.5368 0.1296 0.1708 0.1216 4.8198 -1.3170 0.3367
199 1.2945 1.5371 0.1290 0.1734 0.1226 4.7268 -1.2730 0.3207
200 1.2957 1.5376 0.1213 0.1762 0.1240 5.7984 -1.2000 0.3196
201 1.2890 1.5411 0.1278 0.1631 0.1313 3.5987 -1.1870 0.3131
202 1.2887 1.5415 0.1296 0.1629 0.1325 4.7002 -1.1260 0.2924
203 1.2883 1.5420 0.1296 0.1627 0.1339 3.7617 -1.1760 0.2982
204 1.2881 1.5425 0.1284 0.1625 0.1354 4.6998 -1.1810 0.2971
205 1.2879 1.5430 0.1296 0.1624 0.1369 3.7978 -1.0940 0.2555
206 1.2875 1.5436 0.1290 0.1621 0.1384 4.8447 -1.1490 0.2953
207 1.2872 1.5440 0.0962 0.1618 0.1396 8.0815 -1.2490 0.3051
208 1.2871 1.5444 0.1290 0.1621 0.1409 5.1237 -1.2810 0.3233
209 1.2875 1.5451 0.1296 0.1632 0.1428 3.8668 -1.4560 0.3658
210 1.2882 1.5460 0.1296 0.1649 0.1452 4.7805 -1.5510 0.3812
211 1.3447 1.4360 0.1296 0.2790 -0.0755 4.6130 -1.5970 0.3718
212 1.3444 1.4363 0.1290 0.2794 -0.0755 4.7643 -1.5980 0.3890
213 1.3439 1.4367 0.1260 0.2792 -0.0754 4.9635 -1.5250 0.3634
214 1.3434 1.4372 0.1230 0.2792 -0.0750 5.3990 -1.4740 0.3645
215 1.3430 1.4378 0.1272 0.2793 -0.0745 5.1574 -1.4950 0.3843
216 1.3425 1.4387 0.1207 0.2792 -0.0734 6.0818 -1.5180 0.3770
217 1.3422 1.4396 0.1296 0.2795 -0.0721 4.9023 -1.4870 0.3545
218 1.3421 1.4403 0.1290 0.2803 -0.0713 4.1492 -1.4680 0.3471
219 1.3419 1.4414 0.1278 0.2809 -0.0697 5.3939 -1.4380 0.3431
220 1.3417 1.4426 0.1296 0.2813 -0.0679 4.8278 -1.3180 0.3249
221 1.3582 1.6478 0.1278 0.3154 0.3439 4.8797 -1.2910 0.3171
222 1.3588 1.6474 0.1195 0.3177 0.3446 6.2581 -1.3470 0.3140
223 1.3599 1.6478 0.1284 0.3210 0.3469 5.0849 -1.3640 0.3534
224 1.3610 1.6480 0.1218 0.3243 0.3489 6.0125 -1.3170 0.3015
225 1.3622 1.6485 0.1284 0.3279 0.3514 4.9994 -1.3250 0.3429
226 1.3633 1.6487 0.1224 0.3311 0.3532 5.9166 -1.3470 0.3407
227 1.3647 1.6491 0.1278 0.3350 0.3554 5.1683 -1.4310 0.3643
228 1.3657 1.6494 0.1218 0.3382 0.3575 6.2029 -1.5750 0.4119
229 1.3669 1.6497 0.1272 0.3419 0.3597 5.4557 -1.6690 0.4261
230 1.3681 1.6498 0.1218 0.3453 0.3614 6.0558 -1.6960 0.4112
231 1.2860 1.5458 0.1302 0.1816 0.1539 4.1676 -1.6410 0.3977
232 1.2864 1.5450 0.1201 0.1828 0.1527 6.2395 -1.6970 0.4301
233 1.2868 1.5436 0.1266 0.1840 0.1503 5.4146 -1.6270 0.3807
234 1.2874 1.5420 0.1290 0.1855 0.1476 5.5082 -1.0000 -0.0303
235 1.2880 1.5402 0.1302 0.1870 0.1444 4.8935 -1.7610 0.4480
236 1.2888 1.5382 0.1302 0.1891 0.1407 5.2142 -2.5820 1.3895
237 1.2901 1.5364 0.1284 0.1919 0.1375 5.3897 -1.9290 0.4626
238 1.2908 1.5351 0.1321 0.1938 0.1353 5.0828 -1.8250 0.4653
239 1.2917 1.5330 0.1290 0.1960 0.1315 5.2845 -1.7690 0.4426
240 1.2925 1.5310 0.1308 0.1982 0.1277 5.1437 -1.6480 0.3801
241 1.2852 1.5463 0.1278 0.1838 0.1587 4.6274 -1.6100 0.3917
242 1.2851 1.5467 0.1201 0.1841 0.1600 6.2865 -1.5780 0.3859
243 1.2870 1.5456 0.1302 0.1881 0.1582 5.2678 -1.8670 0.4644
244 1.2894 1.5425 0.1213 0.1934 0.1526 6.3022 -1.8990 0.4546
245 1.2923 1.5378 0.1290 0.1996 0.1436 5.4491 -1.7650 0.4502
246 1.2960 1.5331 0.1213 0.2073 0.1344 6.5204 -1.6870 0.4195
247 1.2992 1.5271 0.1290 0.2144 0.1227 5.4850 -1.8110 0.4742
248 1.3012 1.5229 0.1315 0.2188 0.1145 5.3858 -1.7410 0.3888
249 1.3035 1.5153 0.1315 0.2239 0.0994 5.1597 -1.6070 0.3941
250 1.3037 1.5070 0.1207 0.2250 0.0829 6.2914 -1.4500 0.3560
251 1.2834 1.5539 0.1290 0.1846 0.1773 5.4245 -1.5900 0.4424
252 1.2852 1.5552 0.1315 0.1886 0.1805 5.2702 -1.5110 0.3896
253 1.2866 1.5570 0.1284 0.1917 0.1846 5.5321 -1.5380 0.4130
254 1.2877 1.5615 0.1315 0.1944 0.1942 5.3668 -1.7250 0.4261
255 1.2891 1.5651 0.1284 0.1975 0.2021 5.5677 -1.7190 0.4168
256 1.2912 1.5684 0.1315 0.2021 0.2094 5.4024 -1.7820 0.4580
257 1.2934 1.5706 0.1272 0.2069 0.2145 5.9306 -1.7720 0.4286
258 1.2951 1.5724 0.1296 0.2109 0.2187 5.5329 -1.7660 0.4264
259 1.2973 1.5759 0.1272 0.2157 0.2265 5.7203 -1.6540 0.4046
260 1.2994 1.5802 0.1302 0.2204 0.2360 5.4959 -1.6420 0.3879
261 1.3093 1.5385 0.1272 0.2408 0.1529 5.6330 -1.4400 0.3218
262 1.3103 1.5371 0.1302 0.2433 0.1504 5.4077 -1.4600 0.3627
263 1.3112 1.5350 0.1284 0.2457 0.1467 5.9481 4.0000 -2.3428
264 1.3110 1.5297 0.1290 0.2459 0.1364 5.5894 -0.7630 -0.2436
265 1.3106 1.5251 0.1278 0.2459 0.1275 6.1175 -1.8040 0.4130
266 1.3116 1.5207 0.1284 0.2484 0.1188 5.8189 -1.8620 0.4624
267 1.3122 1.5163 0.1272 0.2502 0.1102 5.8610 -1.8040 0.3774
268 1.3119 1.5134 0.1296 0.2502 0.1045 6.0073 -1.8860 0.4749
269 1.3118 1.5090 0.1296 0.2507 0.0958 5.7812 -1.8800 0.4695
270 1.3121 1.5054 0.1308 0.2520 0.0885 5.6525 -1.8100 0.4322
271 1.3251 1.4371 0.1284 0.2786 -0.0486 5.6571 -1.8010 0.4342
272 1.3257 1.4374 0.1290 0.2807 -0.0487 5.1852 -1.8570 0.4609
273 1.3259 1.4375 0.1284 0.2818 -0.0491 5.8736 -2.0000 0.5011
274 1.3244 1.4375 0.1315 0.2795 -0.0496 5.1055 -2.0480 0.4940
275 1.3213 1.4374 0.1272 0.2741 -0.0506 5.9336 -2.1820 0.5172
276 1.3174 1.4386 0.1302 0.2670 -0.0487 5.0516 -2.2780 0.5363
277 1.3136 1.4394 0.1272 0.2599 -0.0477 5.9694 -2.3410 0.5637
278 1.3106 1.4399 0.1302 0.2545 -0.0473 5.8619 -2.2650 0.5436
279 1.3062 1.4414 0.1290 0.2463 -0.0450 6.1481 -2.2110 0.5129
280 1.3003 1.4430 0.1302 0.2350 -0.0422 6.0808 -2.1830 0.5396
281 1.2842 1.5500 0.1290 0.2031 0.1723 6.0586 -2.2030 0.5343
282 1.2838 1.5502 0.1321 0.2027 0.1731 5.8316 -2.2280 0.5345
283 1.2833 1.5521 0.1272 0.2021 0.1775 6.0096 -2.2930 0.5646
284 1.2822 1.5536 0.1302 0.2001 0.1810 6.1487 -2.2590 0.5468
285 1.2810 1.5554 0.1296 0.1981 0.1852 5.9960 -2.2090 0.5187
286 1.2793 1.5601 0.1290 0.1950 0.1951 6.5151 -2.1210 0.5054
287 1.2760 1.5654 0.1207 0.1887 0.2064 6.9860 -2.0870 0.5040
288 1.2739 1.5685 0.1224 0.1846 0.2132 7.3347 -2.1070 0.4911
289 1.2720 1.5739 0.1290 0.1810 0.2248 5.9522 -2.0630 0.4711
290 1.2702 1.5793 0.1308 0.1777 0.2364 5.2144 -2.0270 0.4827
291 1.2712 1.5537 0.1284 0.1798 0.1857 6.1176 -2.0090 0.4804
292 1.2706 1.5564 0.1278 0.1788 0.1917 6.3290 -2.0010 0.4787
293 1.2693 1.5576 0.1315 0.1765 0.1947 5.8480 -1.9890 0.4760
294 1.2675 1.5575 0.1308 0.1730 0.1950 6.0601 -2.1290 0.5214
295 1.2673 1.5582 0.1201 0.1727 0.1970 7.2487 -2.1450 0.4978
296 1.2682 1.5597 0.1284 0.1748 0.2006 6.4491 -2.2500 0.5305
297 1.2696 1.5616 0.1207 0.1777 0.2052 7.2145 -2.3270 0.5432
298 1.2737 1.5647 0.1296 0.1862 0.2119 6.2715 -2.3640 0.5532
299 1.2827 1.5711 0.1284 0.2045 0.2255 6.6794 -2.2610 0.5192
300 1.2902 1.5790 0.1327 0.2199 0.2420 6.0614 -2.2510 0.5570
301 1.2570 1.5473 0.1296 0.1537 0.1791 6.2603 -2.2000 0.5172
302 1.2612 1.5475 0.1308 0.1622 0.1800 6.2535 -2.4380 0.5937
303 1.2630 1.5448 0.1302 0.1659 0.1750 6.2228 -2.6100 0.6186
304 1.2623 1.5453 0.1290 0.1645 0.1764 6.3870 -2.7330 0.6780
305 1.2645 1.5509 0.1278 0.1692 0.1882 6.4893 -2.7540 0.6320
306 1.2644 1.5539 0.1290 0.1691 0.1947 6.4226 -2.9210 0.7172
307 1.2682 1.5567 0.1296 0.1769 0.2009 6.0666 -2.7740 0.6436
308 1.2716 1.5599 0.1308 0.1840 0.2078 6.0509 -2.7400 0.6075
309 1.2772 1.5616 0.1284 0.1954 0.2118 6.6029 -2.6700 0.6355
310 1.2857 1.5623 0.1302 0.2128 0.2140 6.3409 -2.6050 0.5979
311 1.2825 1.5492 0.1296 0.2066 0.1883 5.5970 -2.6770 0.6736
312 1.2797 1.5487 0.1302 0.2013 0.1877 6.2554 -2.7060 0.6258
313 1.2743 1.5464 0.1302 0.1909 0.1836 5.5599 -2.8160 0.6600
314 1.2701 1.5437 0.1272 0.1827 0.1786 6.8983 -2.8120 0.6854
315 1.2664 1.5387 0.1302 0.1754 0.1691 6.3098 -2.8270 0.6349
316 1.2633 1.5314 0.1290 0.1693 0.1547 6.7166 -2.9080 0.6970
317 1.2618 1.5197 0.1272 0.1664 0.1314 7.0132 -2.9130 0.6651
318 1.2609 1.5141 0.1302 0.1647 0.1205 5.7601 -2.9980 0.7143
319 1.2580 1.5079 0.1308 0.1590 0.1080 5.5288 -2.9060 0.6649
320 1.2540 1.5059 0.1308 0.1510 0.1041 6.6836 -3.0240 0.7036
321 1.2669 1.5454 0.1284 0.1770 0.1837 6.5646 -2.9970 0.6869
322 1.2699 1.5408 0.1224 0.1832 0.1747 7.4813 -2.9530 0.6487
323 1.2746 1.5350 0.1284 0.1929 0.1636 6.8424 -3.0410 0.4043
324 1.2835 1.5273 0.1207 0.2111 0.1485 7.6682 -2.9430 0.6789
325 1.2900 1.5190 0.1260 0.2245 0.1320 6.9256 -2.9970 0.6714
326 1.2960 1.5119 0.1207 0.2368 0.1179 7.8261 -3.0650 0.7439
327 1.3011 1.5087 0.1272 0.2475 0.1116 6.8776 -2.8790 0.6522
328 1.3043 1.5060 0.1308 0.2544 0.1063 6.6974 -2.9280 0.7076
329 1.3077 1.5034 0.1296 0.2619 0.1011 6.8006 -2.9270 0.7177
330 1.3137 1.4973 0.1302 0.2744 0.0890 6.6844 -2.8530 0.6358
331 1.2685 1.5506 0.1290 0.1843 0.1959 6.7842 -2.8800 0.6961
332 1.2653 1.5484 0.1315 0.1781 0.1921 6.4486 -2.8790 0.6874
333 1.2695 1.5408 0.1278 0.1866 0.1773 6.9051 -2.8270 0.6367
334 1.2762 1.5265 0.1296 0.2002 0.1489 6.7045 -2.9280 0.7286
335 1.2847 1.5062 0.1308 0.2177 0.1084 6.8801 -2.6760 0.5973
336 1.2964 1.4844 0.1308 0.2416 0.0647 6.6546 -2.6670 0.6077
337 1.3114 1.4543 0.1290 0.2722 0.0039 7.0132 -2.7420 0.6689
338 1.3273 1.4232 0.1321 0.3048 -0.0589 6.6000 -2.8010 0.6625
339 1.3501 1.3780 0.1290 0.3514 -0.1506 6.9843 -2.7720 0.6298
340 1.3696 1.3311 0.1296 0.3916 -0.2461 3.8079 -2.7980 0.7001
341 1.2850 1.5404 0.1278 0.2227 0.1730 7.2241 -2.9300 0.6778
342 1.2822 1.5462 0.1218 0.2173 0.1850 8.0151 -2.6990 0.6349
343 1.2772 1.5579 0.1321 0.2076 0.2090 6.8057 -2.4910 0.5779
344 1.2701 1.5734 0.1296 0.1937 0.2408 6.9345 -2.3920 0.5670
345 1.2609 1.5890 0.1284 0.1753 0.2728 7.1591 -2.1560 0.4740
346 1.2523 1.6052 0.1321 0.1581 0.3062 6.8595 -2.1910 0.5499
347 1.2444 1.6201 0.1290 0.1423 0.3373 7.1830 -1.9990 0.4346
348 1.2366 1.6316 0.1296 0.1265 0.3616 7.2500 -1.9560 0.4655
349 1.2300 1.6399 0.1272 0.1131 0.3797 7.1943 -1.9960 0.7784
350 1.2222 1.6451 0.1296 0.0973 0.3914 7.3465 -1.9771 0.4733
351 1.2855 1.5369 0.1132 0.2242 0.1753 8.9753 -1.7840 0.4241
352 1.2864 1.5367 0.1290 0.2264 0.1754 7.0275 -1.7570 0.3986
353 1.2886 1.5397 0.1272 0.2312 0.1817 7.5661 -1.7320 0.4032
354 1.2870 1.5421 0.1333 0.2284 0.1870 6.0716 -1.8120 0.4468
355 1.2858 1.5446 0.1260 0.2263 0.1924 7.3831 -1.8390 0.4315
356 1.2821 1.5477 0.1315 0.2193 0.1992 6.2115 -1.9900 0.5038
357 1.2785 1.5501 0.1266 0.2123 0.2044 7.4676 -1.8840 0.4388
358 1.2738 1.5504 0.1308 0.2031 0.2055 7.1543 -1.8830 0.4399
359 1.2683 1.5501 0.1272 0.1923 0.2055 7.6703 -1.9460 0.4749
360 1.2609 1.5487 0.1302 0.1777 0.2031 7.4463 -2.2200 0.5399
361 1.2783 1.5352 0.1284 0.2128 0.1765 7.2540 -2.3060 0.5407
362 1.2742 1.5352 0.1278 0.2048 0.1767 7.6480 -2.5010 0.5668
363 1.2698 1.5366 0.1201 0.1962 0.1800 8.3505 -2.5400 0.6080
364 1.2667 1.5372 0.1278 0.1901 0.1816 7.5022 -2.4980 0.5955
365 1.2637 1.5373 0.1290 0.1842 0.1822 7.3750 -2.4750 0.5490
366 1.2621 1.5371 0.1278 0.1812 0.1820 7.5384 -2.5180 0.6186
367 1.2592 1.5400 0.1272 0.1755 0.1883 7.8074 -2.5900 0.6173
368 1.2533 1.5429 0.1315 0.1637 0.1945 7.3755 -2.4160 0.5853
369 1.2456 1.5449 0.1284 0.1482 0.1989 7.6980 -2.2990 0.5445
370 1.2395 1.5449 0.1315 0.1360 0.1993 7.2280 -2.3380 0.5537
371 1.3395 1.4357 0.1189 0.3369 -0.0196 8.7477 -2.1950 0.5499
372 1.3412 1.4290 0.1290 0.3412 -0.0338 7.4926 -2.1940 0.5216
373 1.3426 1.4166 0.1260 0.3449 -0.0594 7.0400 -2.1820 0.5550
374 1.3452 1.4016 0.1296 0.3510 -0.0903 7.4560 -2.1010 0.5290
375 1.3480 1.3811 0.1272 0.3577 -0.1326 7.7040 -2.3630 0.5628
376 1.3553 1.3581 0.1308 0.3733 -0.1799 7.5275 -2.2890 0.5427
377 1.3638 1.3315 0.1290 0.3914 -0.2349 6.6332 -2.3030 0.5668
378 1.3709 1.3073 0.1302 0.4068 -0.2852 7.5722 -2.3000 0.5261
379 1.3819 1.2725 0.1266 0.4302 -0.3571 8.0869 -2.5210 0.6562
380 1.3892 1.2375 0.1321 0.4462 -0.4297 7.2659 -2.5330 0.6224
381 1.2740 1.5334 0.1296 0.2161 0.1625 7.7559 -3.5000 1.2252
382 1.2717 1.5350 0.1290 0.2117 0.1661 7.6043 -2.8530 0.6910
383 1.2711 1.5360 0.1302 0.2107 0.1683 7.6578 -2.8160 0.7014
384 1.2679 1.5374 0.1315 0.2045 0.1716 7.4682 -2.8580 0.6338
385 1.2633 1.5441 0.1290 0.1954 0.1854 7.9003 -3.1110 0.7257
386 1.2636 1.5506 0.1284 0.1961 0.1989 7.8693 -3.2180 0.7757
387 1.2678 1.5508 0.1290 0.2048 0.1999 7.9360 -3.1200 0.6952
388 1.2709 1.5494 0.1302 0.2110 0.1976 7.9841 -3.2080 0.7882
389 1.2749 1.5417 0.1296 0.2194 0.1826 7.9522 -3.1770 0.7199
390 1.2846 1.5259 0.1296 0.2391 0.1512 7.8482 -2.9490 0.6505
391 1.2988 1.5443 0.1278 0.2679 0.1884 6.9523 -2.8720 0.6894
392 1.3003 1.5404 0.1315 0.2716 0.1811 7.6604 -2.8700 0.7001
393 1.3018 1.5426 0.1278 0.2750 0.1859 7.9350 -2.9640 0.7143
394 1.3089 1.5456 0.1308 0.2897 0.1924 8.0756 -2.9630 0.6723
395 1.3142 1.5510 0.1278 0.3011 0.2037 8.0310 -3.0640 0.7072
396 1.3238 1.5556 0.1315 0.3209 0.2134 7.7926 -3.0540 0.7579
397 1.3350 1.5631 0.1278 0.3443 0.2290 8.0662 -2.9190 0.6683
398 1.3420 1.5664 0.1321 0.3592 0.2363 7.6867 -3.0260 0.7174
399 1.3576 1.5725 0.1284 0.3915 0.2491 7.9626 -3.1670 0.7755
400 1.3714 1.5774 0.1290 0.4202 0.2597 8.2077 -3.2650 0.7395
401 1.2962 1.5507 0.1278 0.2702 0.2069 8.1276 -3.3200 0.7566
402 1.2972 1.5491 0.1278 0.2726 0.2041 7.4888 -3.3440 0.7873
403 1.2981 1.5462 0.1278 0.2750 0.1989 8.1033 -3.4600 0.8478
404 1.2990 1.5475 0.1315 0.2773 0.2019 7.8038 -3.4440 0.7891
405 1.2969 1.5505 0.1284 0.2736 0.2084 8.0667 -3.4790 0.7826
406 1.2961 1.5520 0.1278 0.2723 0.2120 8.2174 -3.4900 0.8492
407 1.2958 1.5540 0.1189 0.2722 0.2165 9.1825 -3.3810 0.8102
408 1.2967 1.5564 0.1302 0.2745 0.2219 8.2636 -3.3650 0.7884
409 1.2992 1.5602 0.1284 0.2801 0.2300 8.1957 -3.6010 0.8650
410 1.3014 1.5680 0.1302 0.2850 0.2464 8.0551 -3.6610 0.8432
411 1.2734 1.5335 0.1260 0.2293 0.1776 8.6383 -3.6320 0.8416
412 1.2732 1.5324 0.1308 0.2291 0.1759 8.3192 -3.7370 0.8877
413 1.2720 1.5308 0.1195 0.2269 0.1729 9.1524 -3.6980 0.8487
414 1.2684 1.5236 0.1296 0.2198 0.1586 8.3182 -3.7710 0.8369
415 1.2666 1.5108 0.1195 0.2164 0.1333 9.1886 -4.0120 0.9627
416 1.2684 1.4972 0.1321 0.2202 0.1060 8.3677 -4.0840 0.9502
417 1.2738 1.4804 0.1284 0.2312 0.0721 8.3961 -4.4520 1.0388
418 1.2779 1.4698 0.1207 0.2396 0.0507 9.3972 -4.5910 1.1106
419 1.2809 1.4545 0.1278 0.2460 0.0196 8.4377 -4.6965 5.2422
420 1.2845 1.4411 0.1284 0.2536 -0.0077 8.5041 -4.8650 1.1209
421 1.2895 1.5435 0.1201 0.2639 0.1975 9.3970 -4.9250 1.1743
422 1.2939 1.5371 0.1296 0.2733 0.1851 8.3910 -5.0030 1.1525
423 1.3018 1.5265 0.1278 0.2896 0.1641 8.5666 -5.0600 1.1612
424 1.3137 1.5157 0.1290 0.3140 0.1427 8.3181 -5.0560 1.1407
425 1.3272 1.5040 0.1302 0.3418 0.1192 8.2507 -5.0270 1.1427
426 1.3373 1.4950 0.1284 0.3628 0.1013 8.4872 -5.2320 1.2430
427 1.3454 1.4865 0.1308 0.3799 0.0841 7.3224 -5.3700 1.2208
428 1.3505 1.4811 0.1321 0.3912 0.0731 7.9562 -5.3300 1.1803
429 1.3570 1.4741 0.1302 0.4052 0.0590 8.1343 -5.4590 1.2419
430 1.3637 1.4676 0.1296 0.4198 0.0456 8.5883 -5.4980 1.2306
431 1.2932 1.5495 0.1284 0.2792 0.2098 8.4453 -5.6450 1.3461
432 1.2945 1.5522 0.1278 0.2823 0.2158 8.5963 -5.9170 1.4030
433 1.2932 1.5530 0.1290 0.2801 0.2180 8.6509 -5.8470 1.3127
434 1.2895 1.5531 0.1230 0.2731 0.2186 9.3880 -5.9550 1.3652
435 1.2860 1.5547 0.1266 0.2664 0.2224 8.8552 -5.9840 1.3650
436 1.2778 1.5556 0.1308 0.2503 0.2247 8.4242 -6.1030 1.3915
437 1.2689 1.5568 0.1260 0.2328 0.2277 8.9025 -6.1230 1.4133
438 1.2619 1.5587 0.1290 0.2189 0.2322 8.6724 -6.1860 1.4602
439 1.2505 1.5584 0.1284 0.1961 0.2321 8.7631 -6.3850 1.4320
440 1.2399 1.5550 0.1284 0.1748 0.2258 8.9638 -6.3790 1.4765
441 1.2949 1.5710 0.1290 0.2852 0.2586 8.8442 -6.2570 1.4204
442 1.2964 1.5718 0.1302 0.2887 0.2610 8.6553 -6.1530 1.3452
443 1.2994 1.5735 0.1266 0.2951 0.2651 8.8674 -6.2370 1.4627
444 1.2996 1.5762 0.1302 0.2961 0.2711 8.6310 -6.3010 1.4631
445 1.3009 1.5779 0.1260 0.2991 0.2752 9.1570 -6.3490 1.4177
446 1.3025 1.5763 0.1296 0.3029 0.2729 8.5592 -6.3440 1.4358
447 1.3028 1.5705 0.1315 0.3041 0.2620 8.5992 -6.3210 1.4711
448 1.3029 1.5620 0.1290 0.3047 0.2456 8.6647 -6.2970 1.4186
449 1.3024 1.5468 0.1266 0.3043 0.2156 9.2147 -6.2280 1.3957
450 1.3023 1.5339 0.1308 0.3045 0.1902 8.6023 -6.3130 1.4591
451 1.1520 1.5471 0.1284 0.0029 0.2171 8.9092 -6.2510 1.3906
452 1.1551 1.5468 0.1284 0.0082 0.2169 8.0360 -6.4470 1.4293
453 1.1570 1.5420 0.1278 0.0112 0.2079 8.9575 -6.4660 1.4901
454 1.1633 1.5327 0.1272 0.0229 0.1895 8.2756 -6.6090 1.5526
455 1.1743 1.5201 0.1272 0.0442 0.1646 9.0064 -6.4220 1.4286
456 1.1832 1.5093 0.1278 0.0612 0.1429 9.1333 -6.3680 1.4438
457 1.1899 1.4954 0.1278 0.0740 0.1152 8.9105 -6.2760 1.4300
458 1.1964 1.4823 0.1296 0.0866 0.0888 8.8874 -6.3090 1.4240
459 1.2083 1.4640 0.1189 0.1098 0.0519 10.0101 -6.0850 1.3532
460 1.2171 1.4449 0.1302 0.1271 0.0131 9.0938 -5.9740 1.3628
461 1.2629 1.5279 0.1290 0.2189 0.1794 8.9502 -6.0710 1.3621
462 1.2623 1.5255 0.1296 0.2178 0.1747 9.1376 -6.1670 1.4338
463 1.2618 1.5245 0.1284 0.2170 0.1732 9.1196 -6.0850 1.3875
464 1.2623 1.5227 0.1284 0.2181 0.1696 9.1980 -6.0790 1.3959
465 1.2644 1.5246 0.1278 0.2224 0.1738 9.1676 -6.2830 1.4907
466 1.2669 1.5297 0.1290 0.2276 0.1841 9.1006 -6.1570 1.3612
467 1.2711 1.5320 0.1302 0.2362 0.1891 8.8516 -6.0910 1.3706
468 1.2738 1.5331 0.1290 0.2417 0.1916 9.1291 -5.9900 1.3045
469 1.2764 1.5316 0.1284 0.2473 0.1891 9.2200 -5.9480 1.3036
470 1.2794 1.5279 0.1290 0.2536 0.1819 9.2254 -6.5400 1.7068
471 1.2780 1.5446 0.1284 0.2510 0.2157 9.2517 -6.0400 1.3614
472 1.2747 1.5464 0.1290 0.2447 0.2198 9.1967 -6.0590 1.3603
473 1.2726 1.5487 0.1284 0.2407 0.2249 8.4552 -6.1690 1.4124
474 1.2671 1.5447 0.1290 0.2298 0.2174 9.2332 -6.0850 1.4151
475 1.2593 1.5432 0.1296 0.2143 0.2148 8.3456 -6.0280 1.3539
476 1.2489 1.5398 0.1278 0.1935 0.2084 9.4145 -6.0960 1.3997
477 1.2393 1.5361 0.1302 0.1741 0.2013 9.2015 -6.1020 1.4019
478 1.2320 1.5296 0.1284 0.1595 0.1885 9.4955 -6.0190 1.3265
479 1.2226 1.5232 0.1284 0.1404 0.1761 9.5742 -6.0200 1.3583
480 1.2097 1.5176 0.1290 0.1142 0.1650 9.4585 -5.9440 1.3561
481 1.2786 1.5402 0.1284 0.2524 0.2105 9.3035 -5.9450 1.3207
482 1.2738 1.5375 0.1302 0.2430 0.2056 9.4018 -6.0490 1.3915
483 1.2669 1.5330 0.1272 0.2292 0.1969 8.9444 -6.1540 1.4086
484 1.2551 1.5291 0.1290 0.2057 0.1894 9.4017 -6.1300 1.3917
485 1.2397 1.5262 0.1296 0.1747 0.1838 9.4679 -6.0480 1.3512
486 1.2231 1.5246 0.1278 0.1414 0.1810 9.5831 -6.0350 1.3999
487 1.2039 1.5209 0.1290 0.1024 0.1738 9.5771 -6.0000 1.4166
488 1.1881 1.5186 0.1290 0.0703 0.1693 8.5206 -5.8890 1.3336
489 1.1681 1.5155 0.1290 0.0295 0.1632 9.6094 -5.9800 1.3757
490 1.1478 1.5172 0.1207 -0.0122 0.1668 10.5685 -6.1030 1.4217
491 1.2810 1.5419 0.1290 0.2545 0.2167 9.6416 -5.9530 1.3376
492 1.2855 1.5452 0.1296 0.2639 0.2238 9.4650 -6.0860 1.3694
493 1.2947 1.5495 0.1260 0.2827 0.2328 9.7370 -6.3150 1.4329
494 1.3042 1.5554 0.1296 0.3022 0.2452 8.6689 -6.2190 1.4418
495 1.3125 1.5609 0.1272 0.3196 0.2568 9.6296 -6.1160 1.3904
496 1.3219 1.5680 0.1290 0.3390 0.2717 9.0131 -6.1970 1.3937
497 1.3275 1.5717 0.1284 0.3511 0.2798 9.7587 -6.2920 1.4816
498 1.3378 1.5779 0.1315 0.3724 0.2929 9.4108 -6.3560 1.4478
499 1.3483 1.5794 0.1278 0.3945 0.2967 9.8065 -6.4530 1.4787
500 1.3608 1.5816 0.1290 0.4206 0.3020 8.8466 -6.4050 1.4204
501 1.2813 1.5394 0.1278 0.2620 0.2180 9.5387 -6.6070 1.5637
502 1.2814 1.5369 0.1278 0.2624 0.2134 9.8574 -6.5600 1.5007
503 1.2864 1.5354 0.1189 0.2727 0.2107 10.8225 -6.6710 1.5014
504 1.2901 1.5364 0.1266 0.2805 0.2130 10.2211 -6.6080 1.4625
505 1.2990 1.5375 0.1189 0.2988 0.2157 10.7989 -6.6630 1.5067
506 1.3027 1.5427 0.1272 0.3067 0.2264 10.0033 -6.5700 1.4954
507 1.3064 1.5483 0.1284 0.3148 0.2381 9.8729 -6.7270 1.5419
508 1.3081 1.5561 0.1284 0.3188 0.2542 9.9512 -6.7940 1.5857
509 1.3069 1.5660 0.1207 0.3169 0.2748 10.8381 -6.8520 1.5773
510 1.3072 1.5790 0.1284 0.3182 0.3015 10.0481 -7.0300 1.5929
511 0.0000 0.0000 0.1284 -2.0000 -2.0000 9.8206 -7.0000 1.6107
512 0.0060 0.0000 0.1278 -2.0000 -2.0000 10.0925 -6.9980 1.5906
513 0.0155 0.0000 0.1284 -2.0000 -2.0000 9.7371 -6.8460 1.5582
514 0.0305 0.0000 0.1296 -2.0000 -2.0000 9.9109 -6.7830 1.5232
515 0.0471 0.0000 0.1284 -2.0000 -2.0000 9.8335 -6.6590 1.5446
516 0.0613 0.0000 0.1296 -2.0000 -2.0000 10.0687 -6.5730 1.5299
517 0.0705 0.0000 0.1195 -2.0000 -2.0000 11.0522 -6.5670 1.5268
518 0.0810 0.0000 0.1284 -2.0000 -2.0000 10.3652 -6.5000 1.4589
519 0.0864 0.0000 0.1290 -2.0000 -2.0000 9.2906 -6.5210 1.5277
520 0.0902 0.0000 0.1302 -2.0000 -2.0000 10.1211 -6.2650 1.4075
521 0.0008 0.0000 0.1278 -2.0000 -2.0000 10.1834 -6.1790 1.4057
522 0.0000 0.0001 0.1224 -2.0000 -2.0000 11.0904 -6.0050 1.3652
523 0.0030 0.0000 0.1272 -2.0000 -2.0000 10.4746 -5.9540 1.4024
524 0.0045 0.0027 0.1218 -2.0000 -2.0000 10.8932 -5.9040 1.3356
525 0.0079 0.0075 0.1296 -2.0000 -2.0000 10.2809 -5.7640 1.2631
526 0.0103 0.0133 0.1327 -2.0000 -2.0000 9.9308 -5.7430 1.3341
527 0.0107 0.0173 0.1242 -2.0000 -2.0000 10.6551 -5.6530 1.3074
528 0.0125 0.0274 0.1224 -2.0000 -2.0000 11.0078 -5.6810 1.3216
529 0.0171 0.0413 0.1266 -2.0000 -2.0000 9.5158 -5.4880 1.1914
530 0.0174 0.0546 0.1302 -2.0000 -2.0000 10.1079 -5.4410 1.2143
531 0.0016 0.0020 0.1296 -2.0000 -2.0000 10.0103 -5.4170 1.2553
532 0.0046 0.0074 0.1272 -2.0000 -2.0000 10.3189 -5.2590 1.2197
533 0.0089 0.0114 0.1266 -2.0000 -2.0000 10.6512 -5.0300 1.0873
534 0.0147 0.0166 0.1308 -2.0000 -2.0000 10.1596 -4.9160 2.0713
535 0.0275 0.0219 0.1272 -2.0000 -2.0000 10.4329 -5.2370 1.2143
536 0.0391 0.0244 0.1308 -2.0000 -2.0000 10.1953 -5.1780 1.1754
537 0.0514 0.0281 0.1284 -2.0000 -2.0000 10.1400 -5.1270 1.1743
538 0.0713 0.0349 0.1308 -2.0000 -2.0000 9.2739 -4.9820 1.1318
539 0.0924 0.0452 0.1278 -2.0000 -2.0000 10.3688 -4.8910 1.1293
540 0.1116 0.0571 0.1290 -2.0000 -2.0000 10.6665 -4.7810 1.0715
541 0.0002 0.0000 0.1266 -2.0000 -2.0000 10.6661 -4.7940 1.1175
542 0.0007 0.0000 0.1290 -2.0000 -2.0000 10.4547 -4.7200 1.0766
543 0.0000 0.0000 0.1178 -2.0000 -2.0000 11.5238 -4.8350 1.1333
544 0.0000 0.0000 0.1290 -2.0000 -2.0000 10.6133 -4.8770 1.0915
545 0.0025 0.0002 0.1189 -2.0000 -2.0000 11.7222 -4.9010 1.1369
546 0.0080 0.0012 0.1290 -2.0000 -2.0000 10.8334 -4.9930 1.1222
547 0.0142 0.0045 0.1278 -2.0000 -2.0000 10.8091 -5.0180 1.1647
548 0.0198 0.0088 0.1296 -2.0000 -2.0000 10.6089 -4.8860 1.1086
549 0.0252 0.0144 0.1278 -2.0000 -2.0000 10.4219 -4.9070 1.1356
550 0.0308 0.0215 0.1290 -2.0000 -2.0000 10.6573 -5.0350 1.1934
551 0.0000 0.0000 0.1189 -2.0000 -2.0000 11.7630 -5.1350 1.1730
552 0.0000 0.0005 0.1272 -2.0000 -2.0000 10.7260 -4.8150 1.0501
553 0.0000 0.0066 0.1296 -2.0000 -2.0000 9.5651 -4.5950 1.0230
554 0.0000 0.0137 0.1272 -2.0000 -2.0000 11.0052 -4.3190 0.9945
555 0.0000 0.0232 0.1315 -2.0000 -2.0000 9.7324 -4.3950 0.9936
556 0.0000 0.0302 0.1278 -2.0000 -2.0000 10.7866 -4.3220 0.9952
557 0.0000 0.0354 0.1290 -2.0000 -2.0000 10.6557 -4.3230 1.0412
558 0.0000 0.0496 0.1290 -2.0000 -2.0000 10.7344 -4.2910 0.9883
559 0.0000 0.0691 0.1284 -2.0000 -2.0000 10.6439 -4.4426 1.0294
560 0.0000 0.0863 0.1272 -2.0000 -2.0000 11.1708 -4.6270 2.8410
561 0.0000 0.0000 0.1272 -2.0000 -2.0000 10.0509 -4.6200 1.0632
562 0.0000 0.0000 0.1272 -2.0000 -2.0000 11.0814 -4.7760 1.1416
563 0.0001 0.0010 0.1290 -2.0000 -2.0000 10.6998 -4.7450 1.0928
564 0.0018 0.0000 0.1302 -2.0000 -2.0000 10.8751 -4.8410 1.1258
565 0.0014 0.0000 0.1284 -2.0000 -2.0000 10.8086 -5.0110 1.2197
566 0.0000 0.0000 0.1327 -2.0000 -2.0000 10.4947 -4.8080 1.0664
567 0.0000 0.0000 0.1284 -2.0000 -2.0000 10.1854 -4.8730 1.1111
568 0.0000 0.0000 0.1315 -2.0000 -2.0000 10.6138 -4.9150 1.1707
569 0.0000 0.0000 0.1266 -2.0000 -2.0000 9.6870 -4.7940 1.1104
570 0.0000 0.0000 0.1302 -2.0000 -2.0000 10.7973 -4.8740 1.1385
571 0.0021 0.0004 0.1260 -2.0000 -2.0000 11.0817 -4.8980 1.1451
572 0.0069 0.0028 0.1296 -2.0000 -2.0000 10.1304 -4.7720 1.0944
573 0.0129 0.0064 0.1260 -2.0000 -2.0000 11.3600 -4.9280 1.1750
574 0.0241 0.0073 0.1296 -2.0000 -2.0000 10.9430 -4.8760 1.1211
575 0.0388 0.0048 0.1201 -2.0000 -2.0000 12.2285 -4.7520 1.0913
576 0.0539 0.0000 0.1278 -2.0000 -2.0000 11.1370 -4.8440 1.0779
577 0.0651 0.0000 0.1254 -2.0000 -2.0000 11.4400 -4.8670 1.1062
578 0.0782 0.0000 0.1290 -2.0000 -2.0000 11.0242 -4.9150 1.0906
579 0.0926 0.0000 0.1260 -2.0000 -2.0000 11.4648 -4.9930 5.5469
580 0.1031 0.0000 0.1296 -2.0000 -2.0000 10.8666 -5.0620 1.1598
581 0.0012 0.0004 0.1284 -2.0000 -2.0000 10.9667 -5.1320 1.1394
582 0.0040 0.0018 0.1278 -2.0000 -2.0000 11.2384 -5.2366 1.2185
583 0.0118 0.0051 0.1296 -2.0000 -2.0000 11.0383 -5.2210 1.0710
584 0.0176 0.0071 0.1290 -2.0000 -2.0000 11.0086 -5.2640 1.2079
585 0.0219 0.0112 0.1266 -2.0000 -2.0000 10.4882 -5.3140 1.2106
586 0.0284 0.0173 0.1284 -2.0000 -2.0000 11.3597 -5.5250 1.2629
587 0.0302 0.0216 0.1284 -2.0000 -2.0000 10.9521 -5.6820 1.2978
588 0.0321 0.0214 0.1278 -2.0000 -2.0000 11.4646 -5.6600 1.2916
589 0.0323 0.0224 0.1284 -2.0000 -2.0000 11.1082 -5.6700 1.3116
590 0.0296 0.0193 0.1290 -2.0000 -2.0000 11.1737 -5.5640 1.2435
591 0.0019 0.0015 0.1189 -2.0000 -2.0000 12.5217 -5.5120 1.2600
592 0.0055 0.0009 0.1284 -2.0000 -2.0000 11.6446 -5.5810 1.2953
593 0.0077 0.0000 0.1272 -2.0000 -2.0000 11.2621 -5.6130 1.2851
594 0.0061 0.0003 0.1213 -2.0000 -2.0000 12.6012 -5.5920 1.2822
595 0.0010 0.0014 0.1266 -2.0000 -2.0000 11.8548 -5.4460 1.2017
596 0.0000 0.0019 0.1207 -2.0000 -2.0000 12.4021 -5.4640 1.2422
597 0.0000 0.0040 0.1272 -2.0000 -2.0000 11.5715 -5.7000 1.3619
598 0.0000 0.0104 0.1213 -2.0000 -2.0000 12.3642 -5.9640 1.3009
599 0.0000 0.0154 0.1290 -2.0000 -2.0000 11.2096 -5.9260 1.3401
600 0.0000 0.0181 0.1308 -2.0000 -2.0000 11.3103 -5.9560 1.3521
601 0.0012 0.0000 0.1290 -2.0000 -2.0000 11.5439 -5.8390 1.2553
602 0.0020 0.0000 0.1201 -2.0000 -2.0000 12.5093 -5.8860 1.2493
603 0.0074 0.0000 0.1272 -2.0000 -2.0000 11.5522 -5.9010 1.2945
604 0.0098 0.0000 0.1302 -2.0000 -2.0000 11.4482 -6.0450 1.3105
605 0.0046 0.0000 0.1266 -2.0000 -2.0000 11.6003 -6.3910 1.3456
606 0.0030 0.0000 0.1321 -2.0000 -2.0000 11.3858 -6.6200 1.4727
607 0.0011 0.0000 0.1284 -2.0000 -2.0000 11.8392 -6.5220 1.4576
608 0.0000 0.0000 0.1278 -2.0000 -2.0000 11.6878 -0.3690 -2.5549
609 0.0000 0.0000 0.1278 -2.0000 -2.0000 11.5852 -6.4310 1.4813
610 0.0000 0.0000 0.1284 -2.0000 -2.0000 11.7117 -5.9520 1.3094
611 0.0000 0.0010 0.1296 -2.0000 -2.0000 11.5197 -6.0010 1.3283
612 0.0025 0.0020 0.1272 -2.0000 -2.0000 11.8282 -5.8660 1.1839
613 0.0052 0.0017 0.1195 -2.0000 -2.0000 12.5907 -6.2200 1.4807
614 0.0123 0.0007 0.1290 -2.0000 -2.0000 11.6472 -6.3930 1.4609
615 0.0165 0.0000 0.1272 -2.0000 -2.0000 11.5825 -6.2410 1.4280
616 0.0192 0.0000 0.1290 -2.0000 -2.0000 11.7442 -6.0120 1.4117
617 0.0227 0.0000 0.1272 -2.0000 -2.0000 11.8558 -5.9580 1.4046
618 0.0283 0.0000 0.1284 -2.0000 -2.0000 11.8499 -5.7790 1.2989
619 0.0365 0.0000 0.1296 -2.0000 -2.0000 11.4809 -5.7050 1.2010
620 0.0459 0.0000 0.1296 -2.0000 -2.0000 11.8011 -6.0860 1.4028
621 0.0012 0.0035 0.1278 -2.0000 -2.0000 11.9124 -6.0490 1.3795
622 0.0024 0.0133 0.1284 -2.0000 -2.0000 11.9187 -6.0780 1.4531
623 0.0070 0.0234 0.1266 -2.0000 -2.0000 12.2756 -5.9520 1.4665
624 0.0136 0.0356 0.1201 -2.0000 -2.0000 12.8340 -6.4660 1.5537
625 0.0229 0.0492 0.1284 -2.0000 -2.0000 11.9131 -6.5100 1.5688
626 0.0326 0.0632 0.1201 -2.0000 -2.0000 12.8709 -6.1710 1.3180
627 0.0403 0.0781 0.1272 -2.0000 -2.0000 12.1559 -6.1360 1.3352
628 0.0477 0.0934 0.1302 -2.0000 -2.0000 12.0536 -5.8120 1.2310
629 0.0570 0.1100 0.1284 -2.0000 -2.0000 11.9256 -5.5360 1.1710
630 0.0661 0.1230 0.1284 -2.0000 -2.0000 12.2435 -5.5720 1.1264
631 0.0767 0.1365 0.1290 -2.0000 -2.0000 11.9417 -5.3730 1.1098
632 0.0937 0.1492 0.1266 -2.0000 -2.0000 11.8892 -5.2940 1.2226
633 0.1062 0.1599 0.1248 -2.0000 -2.0000 12.4835 -5.4923 1.2833
634 0.1144 0.1623 0.1284 -2.0000 -2.0000 11.9484 0.0000 -2.1919
635 0.1211 0.1642 0.1266 -2.0000 -2.0000 12.0640 -5.5740 1.3828
636 0.1249 0.1682 0.1284 -2.0000 -2.0000 11.9848 -5.4010 1.3051
637 0.1266 0.1659 0.1272 -2.0000 -2.0000 12.2689 -5.7930 1.5882
638 0.1280 0.1626 0.1260 -2.0000 -2.0000 12.4312 -5.5560 1.3846
639 0.1297 0.1601 0.1248 -2.0000 -2.0000 12.4730 -5.4570 1.2482
640 0.1311 0.1564 0.1302 -2.0000 -2.0000 12.0208 -5.2970 1.3078
641 0.1319 0.1557 0.1296 -2.0000 -2.0000 11.9871 -5.1770 1.2046
642 0.1312 0.1517 0.1254 -2.0000 -2.0000 12.2122 -5.2510 1.2504
643 0.1286 0.1473 0.1224 -2.0000 -2.0000 12.5279 -5.2760 1.2448
644 0.1239 0.1448 0.1284 -2.0000 -2.0000 12.0082 -4.9840 1.1554
645 0.1173 0.1478 0.1254 -2.0000 -2.0000 12.0310 -5.0770 1.2108
646 0.1117 0.1465 0.1284 -2.0000 -2.0000 12.2259 -4.9190 1.1703
647 0.1081 0.1416 0.1242 -2.0000 -2.0000 12.5680 -4.5360 1.0624
648 0.1066 0.1338 0.1260 -2.0000 -2.0000 12.5516 -4.9000 1.1331
649 0.1039 0.1225 0.1302 -2.0000 -2.0000 11.2901 -5.2030 1.3238
650 0.1017 0.1108 0.1260 -2.0000 -2.0000 12.3484 -5.4500 1.3365
count posx posy posz xout yout zout heading hd_out
1 0.0000 0.0000 0.0000 0.0000 0.0000 0.0000 0.0000 0.0000
2 0.0001 0.0000 0.1189 0.0002 0.0001 0.0000 -0.8800 0.2094
3 0.0001 0.0001 0.1272 0.0002 0.0003 0.0000 -1.0200 0.2567
4 0.0000 0.0003 0.1278 0.0000 0.0005 0.0000 -1.0470 0.2523
5 0.0000 0.0005 0.1266 0.0000 0.0010 0.0000 -1.1310 0.2675
6 0.0000 0.0008 0.1296 0.0000 0.0017 0.0000 -1.0420 0.2415
7 0.0000 0.0011 0.1254 0.0000 0.0022 0.0000 -0.8980 0.2082
8 0.0000 0.0016 0.1272 0.0000 0.0032 0.0000 -0.8390 0.2109
9 0.0000 0.0021 0.1266 0.0000 0.0042 0.0000 -0.9530 0.2446
10 0.0000 0.0025 0.1272 0.0000 0.0052 0.0000 -1.0260 0.2844
11 1.2760 1.5430 0.1290 0.0522 0.0866 0.4244 -1.1520 0.2945
12 1.2759 1.5431 0.1290 0.0523 0.0872 1.3314 -1.2380 0.3142
13 1.2757 1.5433 0.1278 0.0522 0.0880 1.3144 -1.3620 0.3365
14 1.2754 1.5436 0.1284 0.0518 0.0891 1.5614 -1.3480 0.3365
15 1.2750 1.5441 0.1260 0.0513 0.0906 1.8686 -1.1980 0.2857
16 1.2745 1.5449 0.1284 0.0505 0.0926 1.4762 -1.2060 0.3098
17 1.2738 1.5459 0.1248 0.0493 0.0949 1.1551 -1.0870 0.2584
18 1.2729 1.5471 0.1201 0.0477 0.0978 2.3922 -0.9330 0.2072
19 1.2719 1.5483 0.1278 0.0460 0.1007 1.6039 -0.8120 0.2074
20 1.2710 1.5494 0.1195 0.0444 0.1034 2.5556 -0.7600 0.1771
21 1.2890 1.5640 0.1278 0.0807 0.1333 1.5733 -0.6800 0.1847
22 1.2887 1.5642 0.1272 0.0806 0.1343 1.6036 -0.6390 0.1720
23 1.2883 1.5646 0.1266 0.0802 0.1357 1.7543 -0.6760 0.1860
24 1.2879 1.5651 0.1278 0.0797 0.1374 1.7488 -0.6520 0.1820
25 1.2873 1.5657 0.1278 0.0789 0.1392 0.8178 -0.5480 0.1308
26 1.2866 1.5664 0.1278 0.0779 0.1412 1.6645 -0.6520 0.2012
27 1.2857 1.5671 0.1272 0.0765 0.1433 1.8155 -0.7160 0.1940
28 1.2847 1.5676 0.1284 0.0749 0.1452 1.7488 -0.6630 0.1734
29 1.2836 1.5682 0.1272 0.0729 0.1468 1.7913 -0.7300 0.1825
30 1.2826 1.5687 0.1308 0.0712 0.1487 0.5984 -0.7850 0.2294
31 1.2790 1.5480 0.1266 0.0643 0.1076 1.7725 -0.8870 0.2379
32 1.2789 1.5479 0.1308 0.0644 0.1080 1.8844 -0.9310 0.2530
33 1.2787 1.5479 0.1284 0.0644 0.1084 1.7081 -0.9230 0.2459
34 1.2787 1.5478 0.1272 0.0646 0.1088 1.9314 -1.0800 0.2960
35 1.2786 1.5478 0.1278 0.0646 0.1092 1.7567 -1.1450 0.3006
36 1.2784 1.5478 0.1290 0.0645 0.1097 1.6899 -1.1600 0.2880
37 1.2781 1.5478 0.1272 0.0643 0.1102 1.8663 -1.1510 0.3046
38 1.2778 1.5479 0.1266 0.0640 0.1108 2.2587 -1.2050 0.3109
39 1.2775 1.5479 0.1272 0.0637 0.1114 1.7827 -1.3600 0.3249
40 1.2773 1.5480 0.1284 0.0635 0.1121 1.9530 -1.4380 0.3525
41 1.2919 1.5491 0.1296 0.0932 0.1146 1.7045 -1.0000 0.2559
42 1.2919 1.5492 0.1290 0.0935 0.1153 1.7953 -1.6710 0.4288
43 1.2918 1.5493 0.1284 0.0938 0.1160 1.9469 -1.7440 0.4215
44 1.2917 1.5492 0.1260 0.0940 0.1165 2.1336 -1.6450 0.3994
45 1.2915 1.5494 0.1266 0.0941 0.1172 2.0200 -1.7160 0.4215
46 1.2915 1.5495 0.1254 0.0944 0.1181 1.7080 -1.6600 0.4072
47 1.2916 1.5498 0.1195 0.0951 0.1190 3.1516 -1.7940 0.4500
48 1.2918 1.5501 0.1272 0.0959 0.1201 2.1244 -1.7040 0.4135
49 1.2920 1.5504 0.1284 0.0966 0.1213 1.9982 -1.7980 0.4246
50 1.2920 1.5507 0.1272 0.0972 0.1224 2.3996 -1.8820 0.4820
51 1.2909 1.5361 0.1254 0.0954 0.0935 2.2680 -2.1230 0.5178
52 1.2908 1.5362 0.1266 0.0954 0.0941 2.4437 -2.2770 0.5387
53 1.2906 1.5363 0.1272 0.0954 0.0946 2.0289 -2.1810 0.5014
54 1.2905 1.5364 0.1266 0.0956 0.0952 1.5875 -2.2350 0.5343
55 1.2903 1.5365 0.1260 0.0957 0.0959 2.1506 -2.2650 0.5290
56 1.2901 1.5367 0.1284 0.0957 0.0966 2.3005 -2.2440 0.5176
57 1.2899 1.5370 0.1266 0.0956 0.0975 2.1745 -2.1530 0.5098
58 1.2896 1.5372 0.1290 0.0955 0.0983 2.2032 -2.1870 0.5116
59 1.2894 1.5375 0.1266 0.0956 0.0993 2.3905 -2.2850 0.5343
60 1.2894 1.5377 0.1201 0.0959 0.1000 3.3049 -2.2660 0.5430
61 1.2789 1.5480 0.1284 0.0752 0.1211 2.3804 -2.3100 0.5323
62 1.2787 1.5477 0.1290 0.0750 0.1211 2.2044 -0.3970 -0.8943
63 1.2782 1.5475 0.1248 0.0743 0.1211 2.6077 -2.5170 0.5953
64 1.2774 1.5473 0.1278 0.0731 0.1212 1.5563 -3.3820 1.1745
65 1.2766 1.5479 0.1284 0.0716 0.1228 2.0924 -2.6010 0.6100
66 1.2755 1.5496 0.1284 0.0698 0.1268 2.4718 -2.6410 0.6224
67 1.2744 1.5513 0.1260 0.0677 0.1306 2.8398 -2.6360 0.6146
68 1.2731 1.5528 0.1213 0.0655 0.1342 3.2465 -2.5490 0.5984
69 1.2718 1.5543 0.1278 0.0631 0.1378 2.5391 -2.5800 0.6035
70 1.2708 1.5555 0.1302 0.0613 0.1407 2.5056 -2.5530 0.6011
71 1.2920 1.5488 0.1278 0.1040 0.1278 2.5081 -2.5480 0.5897
72 1.2919 1.5487 0.1272 0.1043 0.1280 2.6590 -2.5240 0.6004
73 1.2918 1.5485 0.1272 0.1045 0.1281 2.6772 -2.6630 0.6585
74 1.2913 1.5482 0.1296 0.1039 0.1281 2.2836 -2.6840 0.6485
75 1.2906 1.5478 0.1266 0.1029 0.1277 2.9676 -2.6110 0.6322
76 1.2898 1.5473 0.1189 0.1016 0.1271 3.7869 -2.6050 0.6019
77 1.2888 1.5466 0.1272 0.1000 0.1262 2.7500 -2.6930 0.6536
78 1.2875 1.5458 0.1284 0.0979 0.1251 2.7446 -2.7370 0.6398
79 1.2860 1.5449 0.1272 0.0953 0.1237 2.6055 -2.7950 0.6656
80 1.2847 1.5440 0.1302 0.0929 0.1224 2.4369 -2.8930 0.6838
81 1.2729 1.5420 0.1260 0.0697 0.1188 2.7185 -2.8200 0.6427
82 1.2727 1.5419 0.1284 0.0694 0.1191 2.6277 -2.6390 0.5868
83 1.2725 1.5419 0.1254 0.0693 0.1194 2.1766 -2.4800 0.5746
84 1.2724 1.5417 0.1201 0.0693 0.1195 3.6645 -2.5280 0.5853
85 1.2724 1.5414 0.1278 0.0694 0.1194 2.6352 -2.5620 0.6053
86 1.2723 1.5411 0.1290 0.0696 0.1191 2.6288 -2.5920 0.6004
87 1.2722 1.5407 0.1260 0.0696 0.1187 3.1299 -2.5420 0.5910
88 1.2720 1.5403 0.1315 0.0693 0.1182 2.3117 -2.5410 0.5962
89 1.2715 1.5398 0.1284 0.0687 0.1177 2.7555 -2.4780 0.5910
90 1.2711 1.5395 0.1290 0.0680 0.1174 2.8789 -2.4750 0.5873
91 1.1549 1.5402 0.1284 -0.1653 0.1193 2.5440 -2.4650 0.5944
92 1.1547 1.5405 0.1178 -0.1667 0.1203 3.9613 -2.4300 0.5701
93 1.1543 1.5409 0.1266 -0.1684 0.1215 2.9185 -2.4110 0.5699
94 1.1539 1.5412 0.1266 -0.1703 0.1226 2.0530 -2.2900 0.7557
95 1.1533 1.5417 0.1183 -0.1724 0.1239 3.8887 -2.1380 0.5136
96 1.1526 1.5422 0.1296 -0.1748 0.1254 2.7321 -3.8040 0.8799
97 1.1517 1.5428 0.1278 -0.1776 0.1269 2.9089 -2.1600 0.5007
98 1.1507 1.5434 0.1272 -0.1806 0.1286 3.2410 -2.1750 0.5174
99 1.1495 1.5441 0.1278 -0.1840 0.1304 2.9445 -2.1520 0.5158
100 1.1483 1.5446 0.1284 -0.1873 0.1320 3.3114 -2.2380 0.5488
101 1.3559 1.6550 0.1284 0.2289 0.3544 1.8983 -2.2190 0.5071
102 1.3555 1.6551 0.1266 0.2291 0.3561 3.2567 -2.1470 0.4902
103 1.3549 1.6552 0.1260 0.2290 0.3578 2.9868 -2.1170 0.5125
104 1.3541 1.6554 0.1284 0.2285 0.3598 3.0762 -2.0790 0.4836
105 1.3534 1.6557 0.1272 0.2280 0.3618 2.8789 -1.9920 0.4606
106 1.3526 1.6559 0.1278 0.2275 0.3638 3.1850 -2.0060 0.4695
107 1.3517 1.6562 0.1266 0.2268 0.3661 2.5155 -1.9830 0.4751
108 1.3508 1.6568 0.1201 0.2259 0.3688 4.2101 -2.0540 0.4864
109 1.3497 1.6574 0.1278 0.2248 0.3714 2.9403 -2.0880 0.4976
110 1.3490 1.6576 0.1201 0.2243 0.3736 4.1793 -2.1570 0.5281
111 1.3347 1.4310 0.1266 0.1966 -0.0804 3.3510 -2.1080 0.4896
112 1.3342 1.4308 0.1296 0.1964 -0.0814 3.1274 -2.2190 0.5298
113 1.3335 1.4307 0.1266 0.1959 -0.0823 3.2668 -2.2010 0.5018
114 1.3326 1.4306 0.1272 0.1948 -0.0833 3.3334 -2.1670 0.5156
115 1.3313 1.4303 0.1278 0.1931 -0.0845 3.3400 -1.9840 0.4540
116 1.3299 1.4300 0.1290 0.1911 -0.0859 3.1527 -1.8980 0.4593
117 1.3284 1.4296 0.1290 0.1888 -0.0874 3.2315 1.8760 -0.3866
118 1.3268 1.4289 0.1272 0.1864 -0.0895 3.4066 -1.7710 0.4128
119 1.3251 1.4279 0.1278 0.1837 -0.0922 3.3522 -1.7160 0.4197
120 1.3237 1.4271 0.1290 0.1817 -0.0946 3.2216 -1.6540 0.3738
121 1.2890 1.5390 0.1254 0.1126 0.1296 3.4899 -1.5560 0.3787
122 1.2886 1.5389 0.1260 0.1123 0.1298 3.6771 -1.4950 0.3692
123 1.2880 1.5387 0.1266 0.1115 0.1298 2.6167 -1.4950 0.3723
124 1.2875 1.5387 0.1315 0.1108 0.1302 3.0558 -1.3840 0.3698
125 1.2866 1.5387 0.1254 0.1095 0.1306 3.9219 -1.2870 0.3296
126 1.2859 1.5386 0.1302 0.1083 0.1308 3.1179 -1.2350 0.3162
127 1.2850 1.5384 0.1284 0.1069 0.1308 3.4151 -1.2490 0.3184
128 1.2840 1.5385 0.1296 0.1052 0.1314 3.4089 -1.3450 0.3327
129 1.2827 1.5386 0.1266 0.1030 0.1320 3.6085 -1.3220 0.3022
130 1.2811 1.5384 0.1284 0.1001 0.1319 2.6979 -1.3530 0.3376
131 1.2879 1.5360 0.1266 0.1141 0.1274 3.7626 -1.3950 0.3402
132 1.2878 1.5359 0.1308 0.1142 0.1276 3.1472 -1.3670 0.3376
133 1.2871 1.5357 0.1272 0.1133 0.1275 3.7232 -1.3100 0.3155
134 1.2862 1.5355 0.1308 0.1118 0.1275 3.1229 -1.0640 0.2510
135 1.2846 1.5354 0.1278 0.1089 0.1277 3.6867 0.2870 -0.6106
136 1.2829 1.5353 0.1195 0.1058 0.1278 4.1044 -0.8220 0.2163
137 1.2811 1.5352 0.1195 0.1026 0.1279 4.4804 -0.8970 0.2441
138 1.2792 1.5350 0.1296 0.0991 0.1280 3.7676 -0.8770 0.2299
139 1.2771 1.5348 0.1266 0.0951 0.1280 3.6045 -0.9010 0.2312
140 1.2757 1.5347 0.1296 0.0926 0.1281 2.6628 -0.8280 0.2212
141 1.2759 1.5510 0.1278 0.0933 0.1612 2.7801 -0.9290 0.2263
142 1.2756 1.5511 0.1260 0.0929 0.1620 3.7219 -1.0800 0.2737
143 1.2751 1.5513 0.1266 0.0921 0.1627 3.8484 -1.1430 0.2908
144 1.2742 1.5513 0.1272 0.0905 0.1634 3.9753 -1.3030 0.3527
145 1.2731 1.5513 0.1266 0.0886 0.1639 3.8843 -1.1000 0.0921
146 1.2717 1.5513 0.1296 0.0861 0.1643 3.4791 -1.5600 2.4090
147 1.2701 1.5512 0.1266 0.0830 0.1647 4.0412 -1.5820 0.3863
148 1.2682 1.5511 0.1266 0.0795 0.1650 4.1198 -1.9800 0.4740
149 1.2660 1.5510 0.1266 0.0752 0.1653 3.8967 -1.6310 0.4003
150 1.2646 1.5497 0.1278 0.0726 0.1633 3.8835 -1.7520 0.4233
151 1.3199 1.4510 0.1254 0.1838 -0.0347 4.1871 -1.9760 1.7090
152 1.3193 1.4510 0.1272 0.1834 -0.0352 4.2318 -1.8490 0.4359
153 1.3185 1.4510 0.1284 0.1824 -0.0357 3.6220 -1.8720 0.4566
154 1.3175 1.4510 0.1290 0.1811 -0.0363 3.8684 -1.8710 0.4368
155 1.3163 1.4510 0.1260 0.1794 -0.0368 3.1261 -1.7970 0.4061
156 1.3144 1.4510 0.1284 0.1762 -0.0371 4.0393 -1.6180 0.3734
157 1.3125 1.4512 0.1260 0.1730 -0.0373 4.1051 -1.4100 0.3276
158 1.3106 1.4513 0.1290 0.1698 -0.0375 3.9421 -1.4810 0.3727
159 1.3086 1.4514 0.1260 0.1663 -0.0378 4.3221 -1.3890 0.3429
160 1.3069 1.4515 0.1290 0.1636 -0.0380 4.2790 -1.2850 0.3024
161 1.2800 1.5431 0.1272 0.1101 0.1456 4.0862 -1.4060 0.3667
162 1.2798 1.5425 0.1278 0.1100 0.1448 4.1533 -1.5490 0.3870
163 1.2794 1.5421 0.1260 0.1095 0.1444 3.4976 -1.5420 0.3601
164 1.2789 1.5418 0.1189 0.1088 0.1442 5.1376 -1.1420 0.2782
165 1.2782 1.5416 0.1290 0.1076 0.1441 4.0037 -1.0070 0.2463
166 1.2773 1.5413 0.1284 0.1062 0.1440 4.0944 -0.9870 0.2432
167 1.2763 1.5410 0.1272 0.1045 0.1439 4.1973 -0.7900 0.1923
168 1.2753 1.5408 0.1266 0.1026 0.1439 4.8355 -0.7610 0.2090
169 1.2741 1.5407 0.1272 0.1005 0.1441 4.1731 -0.8450 0.2214
170 1.2732 1.5406 0.1278 0.0988 0.1443 4.4780 -0.9470 0.2592
171 1.2799 1.5400 0.1272 0.1126 0.1435 4.1418 -1.0100 0.2470
172 1.2796 1.5401 0.1266 0.1122 0.1440 4.3529 -0.9090 0.2121
173 1.2797 1.5403 0.1278 0.1127 0.1448 4.4685 -0.9220 0.2434
174 1.2799 1.5401 0.1272 0.1136 0.1448 4.3769 -0.9340 0.2332
175 1.2800 1.5399 0.1296 0.1141 0.1449 4.1043 -0.9980 0.2693
176 1.2799 1.5399 0.1272 0.1141 0.1453 3.5240 -1.1110 0.2886
177 1.2794 1.5397 0.1195 0.1134 0.1453 5.2962 -1.2030 0.2913
178 1.2788 1.5396 0.1272 0.1125 0.1454 4.6927 -1.3910 0.3514
179 1.2780 1.5399 0.1278 0.1112 0.1465 3.6240 -1.4050 0.3603
180 1.2772 1.5407 0.1272 0.1098 0.1485 4.6048 -1.3810 0.3407
181 1.2700 1.5585 0.1278 0.0956 0.1846 3.6536 -1.2840 0.3191
182 1.2698 1.5595 0.1290 0.0955 0.1873 4.3590 -1.3340 0.3489
183 1.2698 1.5607 0.1254 0.0955 0.1902 4.6899 -1.3730 0.3505
184 1.2696 1.5620 0.1284 0.0955 0.1935 4.5890 -1.4000 0.3645
185 1.2694 1.5635 0.1290 0.0953 0.1972 4.1122 -1.5620 0.3730
186 1.2691 1.5651 0.1278 0.0949 0.2010 4.5161 -1.5440 0.3783
187 1.2688 1.5668 0.1254 0.0944 0.2050 4.0512 -1.5100 0.3609
188 1.2681 1.5680 0.1195 0.0932 0.2082 5.4308 -1.4570 0.3572
189 1.2674 1.5691 0.1278 0.0920 0.2110 3.6801 -1.4090 0.3443
190 1.2669 1.5708 0.1296 0.0912 0.2150 4.4871 -1.4780 0.3752
191 1.2809 1.5272 0.1278 0.1195 0.1282 4.6030 -1.4410 0.3460
192 1.2813 1.5284 0.1272 0.1205 0.1308 4.6934 -1.3840 0.3507
193 1.2816 1.5297 0.1278 0.1214 0.1337 4.5188 -1.3760 0.3298
194 1.2822 1.5311 0.1272 0.1229 0.1369 4.7901 -1.3380 0.3311
195 1.2828 1.5327 0.1290 0.1244 0.1404 4.4103 -1.1410 0.2446
196 1.2835 1.5338 0.1213 0.1262 0.1430 5.3006 -1.0650 0.2587
197 1.2843 1.5352 0.1254 0.1282 0.1460 4.8814 -1.1320 0.2857
198 1.2854 1.5365 0.1278 0.1308 0.1491 4.6114 0.0000 -0.4775
199 1.2867 1.5379 0.1266 0.1337 0.1522 4.8349 -1.0260 0.2541
200 1.2875 1.5391 0.1278 0.1357 0.1551 4.7051 -1.0030 0.2428
201 1.3369 1.4491 0.1260 0.2353 -0.0255 4.8798 -0.9780 0.2394
202 1.3367 1.4481 0.1284 0.2359 -0.0280 4.7290 -0.8710 0.2001
203 1.3369 1.4477 0.1248 0.2372 -0.0294 4.1754 -0.8640 0.2345
204 1.3372 1.4476 0.1195 0.2387 -0.0301 5.7757 -0.9710 0.2695
205 1.3370 1.4480 0.1242 0.2391 -0.0298 5.1687 -0.8620 0.2207
206 1.3368 1.4486 0.1290 0.2394 -0.0291 4.7308 -0.9020 0.2532
207 1.3368 1.4491 0.1278 0.2403 -0.0287 4.7138 -0.8340 0.2136
208 1.3370 1.4495 0.1284 0.2416 -0.0283 4.8397 -0.8390 0.2281
209 1.3374 1.4501 0.1260 0.2433 -0.0276 5.2075 -0.7970 0.2090
210 1.3378 1.4507 0.1224 0.2449 -0.0269 5.6506 -0.6010 0.1952
211 1.2829 1.5459 0.1290 0.1356 0.1640 4.7540 -0.5520 0.1344
212 1.2829 1.5460 0.1218 0.1359 0.1647 5.6945 -0.5850 0.1751
213 1.2829 1.5461 0.1254 0.1361 0.1652 5.4068 -0.4630 0.1297
214 1.2830 1.5463 0.1290 0.1366 0.1662 4.7496 -0.4630 0.1324
215 1.2830 1.5474 0.1284 0.1371 0.1687 4.9007 -0.4850 0.1413
216 1.2831 1.5486 0.1272 0.1376 0.1717 5.1842 -0.4270 0.1115
217 1.2834 1.5496 0.1290 0.1385 0.1742 4.8638 -0.5210 0.1823
218 1.2838 1.5506 0.1296 0.1396 0.1768 4.8690 -0.6490 0.1604
219 1.2846 1.5518 0.1278 0.1417 0.1795 4.3336 -0.7210 0.2036
220 1.2855 1.5529 0.1266 0.1437 0.1824 5.2653 -0.7100 0.1972
221 1.2808 1.5420 0.1266 0.1347 0.1610 4.3913 -0.6620 0.1811
222 1.2804 1.5424 0.1213 0.1341 0.1621 6.0575 -0.5330 0.1426
223 1.2799 1.5428 0.1278 0.1334 0.1635 5.2286 -0.5550 0.1774
224 1.2793 1.5434 0.1290 0.1325 0.1650 4.1521 -0.6110 0.1720
225 1.2778 1.5437 0.1195 0.1297 0.1661 6.5060 -0.5720 0.1620
226 1.2757 1.5444 0.1272 0.1259 0.1679 5.2960 -0.6500 0.2012
227 1.2732 1.5451 0.1278 0.1211 0.1698 5.1213 -0.7560 0.1949
228 1.2709 1.5459 0.1296 0.1168 0.1719 5.2232 -0.7420 0.1981
229 1.2689 1.5467 0.1278 0.1128 0.1740 5.3987 -0.8150 0.2165
230 1.2676 1.5478 0.1296 0.1104 0.1766 5.4384 -0.8190 0.2259
231 1.2881 1.5441 0.1278 0.1519 0.1696 5.3668 -0.8790 0.2290
232 1.2883 1.5440 0.1272 0.1527 0.1698 5.5786 -1.0810 0.2762
233 1.2887 1.5437 0.1266 0.1538 0.1697 5.3068 -1.0860 0.2768
234 1.2887 1.5461 0.1272 0.1542 0.1750 5.4334 -1.4790 0.3888
235 1.2872 1.5507 0.1302 0.1515 0.1847 4.7283 -1.8090 0.4662
236 1.2853 1.5552 0.1272 0.1482 0.1943 5.4703 -1.9280 0.4722
237 1.2849 1.5608 0.1266 0.1477 0.2060 5.5612 -1.9880 0.4740
238 1.2837 1.5666 0.1278 0.1457 0.2182 4.4881 -2.0570 0.4840
239 1.2820 1.5725 0.1290 0.1427 0.2309 5.3079 -2.0830 0.4982
240 1.2810 1.5765 0.1284 0.1408 0.2395 5.4519 -2.2030 0.5419
241 1.2738 1.5322 0.1284 0.1266 0.1513 5.3493 -2.1830 0.4862
242 1.2748 1.5322 0.1284 0.1290 0.1516 5.7314 -2.1150 0.5169
243 1.2755 1.5319 0.1266 0.1306 0.1513 5.9056 -2.0620 0.4824
244 1.2730 1.5282 0.1302 0.1258 0.1442 5.0643 -2.1590 0.5129
245 1.2709 1.5233 0.1260 0.1217 0.1346 5.6513 -1.9790 0.4546
246 1.2692 1.5177 0.1272 0.1187 0.1236 4.9324 -2.0280 0.4820
247 1.2677 1.5113 0.1278 0.1157 0.1110 5.4721 -2.0420 0.4878
248 1.2668 1.5051 0.1290 0.1141 0.0986 5.6468 -2.1480 0.5180
249 1.2659 1.5006 0.1284 0.1126 0.0896 5.3754 -2.3690 0.5646
250 1.2653 1.4977 0.1302 0.1114 0.0837 5.5331 -2.5480 0.6128
251 1.2854 1.5456 0.1272 0.1521 0.1801 5.7903 -2.7500 0.6787
252 1.2849 1.5422 0.1143 0.1515 0.1736 7.2363 -2.8320 0.6636
253 1.2844 1.5379 0.1248 0.1507 0.1655 5.8154 -1.0480 -0.5283
254 1.2827 1.5319 0.1278 0.1476 0.1538 4.7674 -2.5960 0.6057
255 1.2805 1.5254 0.1248 0.1436 0.1410 5.9131 -2.3880 0.5741
256 1.2786 1.5178 0.1290 0.1402 0.1261 5.7272 -2.3610 0.5681
257 1.2761 1.5095 0.1290 0.1354 0.1095 5.4436 -2.5130 0.6064
258 1.2733 1.5019 0.1290 0.1299 0.0943 5.7025 -2.5580 0.5799
259 1.2691 1.4936 0.1254 0.1218 0.0776 6.0939 -2.5020 0.5826
260 1.2667 1.4872 0.1302 0.1172 0.0647 5.5889 -2.6420 0.6226
261 1.2945 1.5244 0.1272 0.1731 0.1393 5.9068 -2.7250 0.6536
262 1.2943 1.5258 0.1284 0.1733 0.1424 5.7198 -2.7230 0.6358
263 1.2923 1.5285 0.1242 0.1697 0.1481 6.3032 -2.7570 0.6545
264 1.2936 1.5327 0.1284 0.1726 0.1568 5.6967 -2.8760 0.6921
265 1.2955 1.5368 0.1308 0.1768 0.1655 5.7858 -2.9240 0.6881
266 1.2928 1.5464 0.1272 0.1719 0.1851 5.9378 -3.0180 0.6898
267 1.2941 1.5613 0.1296 0.1750 0.2154 6.0904 -2.8420 0.6547
268 1.3021 1.5771 0.1278 0.1915 0.2479 6.1431 -2.7180 0.6409
269 1.3113 1.5948 0.1272 0.2104 0.2842 6.0522 -2.6550 0.6318
270 1.3149 1.6070 0.1290 0.2183 0.3096 5.9061 -2.7060 0.6547
271 1.1535 1.5516 0.1272 -0.1054 0.1994 6.0173 -2.8130 0.6883
272 1.1546 1.5532 0.1290 -0.1041 0.2031 5.9349 -2.8450 0.6331
273 1.1594 1.5561 0.1284 -0.0955 0.2096 5.9049 -3.3570 0.9709
274 1.1631 1.5610 0.1266 -0.0890 0.2199 6.5039 -2.8300 0.6542
275 1.1628 1.5675 0.1278 -0.0905 0.2336 6.1340 -2.7680 0.6756
276 1.1600 1.5716 0.1201 -0.0970 0.2426 6.9584 -2.7070 0.5877
277 1.1594 1.5763 0.1278 -0.0990 0.2527 6.1105 -2.7140 0.6053
278 1.1623 1.5815 0.1284 -0.0942 0.2639 5.4600 -2.5310 0.5988
279 1.1663 1.5873 0.1272 -0.0869 0.2763 6.0391 -2.3540 0.5421
280 1.1698 1.5928 0.1302 -0.0807 0.2883 5.8701 -2.3190 0.5441
281 1.3609 1.6584 0.1266 0.3027 0.4211 6.3849 -2.3510 0.5379
282 1.3665 1.6532 0.1272 0.3149 0.4122 6.2703 -2.1180 0.5105
283 1.3755 1.6490 0.1254 0.3341 0.4053 6.2647 -2.1120 0.4896
284 1.3849 1.6416 0.1296 0.3543 0.3918 6.1377 -2.2430 0.5298
285 1.3952 1.6374 0.1248 0.3765 0.3848 6.3736 -2.4100 0.5795
286 1.4101 1.6298 0.1284 0.4078 0.3710 6.1993 -2.4610 0.6077
287 1.4210 1.6225 0.1254 0.4312 0.3577 6.5786 -2.5400 0.6066
288 1.4286 1.6157 0.1290 0.4484 0.3452 6.2231 -2.5890 0.5895
289 1.4414 1.6118 0.1254 0.4759 0.3385 6.6147 -2.5710 0.5997
290 1.4522 1.6113 0.1278 0.4995 0.3385 5.4485 -2.4540 0.5305
291 1.2886 1.5404 0.1284 0.1727 0.1972 6.1592 -2.5750 0.5828
292 1.2878 1.5439 0.1308 0.1714 0.2046 5.1169 -2.2300 0.5296
293 1.2851 1.5483 0.1213 0.1663 0.2138 7.2358 -2.6710 0.6371
294 1.2835 1.5539 0.1278 0.1634 0.2256 6.4680 6.0000 -1.3098
295 1.2815 1.5597 0.1266 0.1599 0.2377 6.5703 -3.4580 1.1985
296 1.2817 1.5648 0.1290 0.1605 0.2487 6.4194 -2.6240 0.6422
297 1.2836 1.5697 0.1290 0.1647 0.2592 6.3768 -2.5820 0.5768
298 1.2846 1.5735 0.1278 0.1670 0.2676 6.4191 -2.5770 0.6282
299 1.2877 1.5775 0.1266 0.1737 0.2763 6.5820 -2.4000 0.5715
300 1.2884 1.5790 0.1290 0.1754 0.2802 6.3032 -2.3610 0.5561
301 1.3334 1.4407 0.1266 0.2662 0.0028 6.6086 -2.3440 0.5594
302 1.3423 1.4442 0.1260 0.2848 0.0093 6.6988 -2.3930 0.5521
303 1.3488 1.4516 0.1278 0.2988 0.0237 6.4403 -2.4770 0.6282
304 1.3508 1.4623 0.1260 0.3040 0.0446 6.8559 -2.4150 0.5984
305 1.3554 1.4735 0.1278 0.3142 0.0668 5.7665 -2.3170 0.5298
306 1.3639 1.4855 0.1278 0.3322 0.0906 6.6150 -2.4340 0.5608
307 1.3698 1.4955 0.1272 0.3454 0.1106 6.7060 -2.5380 0.6137
308 1.3720 1.5049 0.1266 0.3508 0.1294 6.0831 -2.4740 0.6133
309 1.3762 1.5112 0.1290 0.3606 0.1421 6.4650 -2.4240 0.5488
310 1.3796 1.5159 0.1284 0.3687 0.1516 6.6693 -2.5160 0.6311
311 1.3228 1.4389 0.1278 0.2557 -0.0028 6.5759 -2.3910 0.5441
312 1.3185 1.4415 0.1290 0.2480 0.0017 6.6294 -2.3460 0.5772
313 1.3172 1.4437 0.1266 0.2459 0.0056 6.6964 -2.1750 0.4711
314 1.3225 1.4469 0.1284 0.2572 0.0114 6.7987 -2.2240 0.5123
315 1.3303 1.4532 0.1266 0.2737 0.0237 6.7929 -2.3780 0.5919
316 1.3363 1.4612 0.1284 0.2865 0.0392 5.9421 -2.3160 0.5661
317 1.3457 1.4687 0.1201 0.3064 0.0538 7.4923 -2.2320 0.4927
318 1.3575 1.4793 0.1284 0.3310 0.0749 6.8720 -2.3520 0.6244
319 1.3670 1.4925 0.1266 0.3512 0.1013 6.7461 -2.2390 0.1787
320 1.3748 1.5030 0.1284 0.3679 0.1223 6.8442 -2.2010 0.4844
321 1.2794 1.5400 0.1266 0.1776 0.1967 6.8952 -2.2190 0.5063
322 1.2754 1.5394 0.1201 0.1697 0.1959 7.8774 -2.3320 0.5955
323 1.2671 1.5399 0.1290 0.1533 0.1971 6.8842 -2.3070 0.5695
324 1.2623 1.5420 0.1290 0.1440 0.2018 6.6609 -2.3570 0.5637
325 1.2548 1.5425 0.1278 0.1290 0.2033 6.8845 -2.3560 0.5256
326 1.2441 1.5441 0.1266 0.1074 0.2070 7.0473 -2.3900 0.5634
327 1.2383 1.5462 0.1272 0.0958 0.2116 6.8732 -2.4420 0.6182
328 1.2308 1.5480 0.1266 0.0806 0.2157 7.0237 -2.3890 0.5717
329 1.2213 1.5517 0.1278 0.0613 0.2236 6.2461 -2.4830 0.5579
330 1.2169 1.5511 0.1284 0.0521 0.2229 6.9608 -2.4800 0.5848
331 1.2765 1.5636 0.1266 0.1715 0.2485 6.3039 -2.4040 0.5581
332 1.2713 1.5618 0.1278 0.1615 0.2455 6.9458 -2.3620 0.5795
333 1.2682 1.5617 0.1266 0.1554 0.2460 7.1089 -2.2950 0.5334
334 1.2596 1.5640 0.1278 0.1383 0.2511 7.3453 -2.3550 0.5290
335 1.2547 1.5680 0.1278 0.1284 0.2599 7.1207 -2.3750 0.5472
336 1.2500 1.5696 0.1290 0.1191 0.2638 6.9934 -2.5660 0.6480
337 1.2464 1.5723 0.1242 0.1118 0.2699 6.5268 -2.5390 0.6064
338 1.2491 1.5742 0.1207 0.1172 0.2744 8.0333 -2.4850 0.5703
339 1.2479 1.5782 0.1248 0.1148 0.2832 7.3744 -2.6220 0.6160
340 1.2498 1.5812 0.1272 0.1187 0.2900 7.3422 -2.6160 0.6271
341 1.2672 1.5509 0.1290 0.1536 0.2298 7.0789 -2.7020 0.6449
342 1.2699 1.5523 0.1284 0.1591 0.2332 7.1697 -2.6280 0.6024
343 1.2690 1.5546 0.1278 0.1577 0.2384 7.0200 -2.0000 0.4784
344 1.2706 1.5556 0.1284 0.1610 0.2410 7.2059 -2.6590 0.6251
345 1.2760 1.5543 0.1248 0.1720 0.2388 7.3569 -2.6910 0.6513
346 1.2750 1.5563 0.1195 0.1703 0.2436 8.3124 -2.7540 0.6685
347 1.2717 1.5644 0.1254 0.1639 0.2603 7.7432 -2.7480 0.6413
348 1.2639 1.5686 0.1296 0.1484 0.2694 7.0732 -2.8210 0.6402
349 1.2600 1.5671 0.1284 0.1408 0.2670 7.2972 -2.5300 0.4749
350 1.2613 1.5615 0.1290 0.1435 0.2564 7.2388 -2.4640 0.5808
351 1.2937 1.5602 0.1278 0.2087 0.2544 7.5197 -2.4200 0.5719
352 1.3049 1.5532 0.1272 0.2316 0.2410 7.4291 -2.4260 0.5919
353 1.3209 1.5382 0.1272 0.2643 0.2114 6.5612 -2.3080 0.5163
354 1.3386 1.5211 0.1266 0.3007 0.1774 7.7199 -2.4420 0.5772
355 1.3543 1.5104 0.1272 0.3330 0.1562 7.5449 -2.6630 0.6522
356 1.3685 1.5020 0.1284 0.3627 0.1393 7.3575 -2.7300 0.6369
357 1.3858 1.4903 0.1272 0.3987 0.1158 7.5207 -2.6870 0.6540
358 1.4017 1.4790 0.1272 0.4320 0.0931 6.7684 -2.6890 0.6082
359 1.4135 1.4678 0.1195 0.4572 0.0702 8.5430 -2.6110 0.5997
360 1.4226 1.4586 0.1272 0.4770 0.0515 7.8145 -2.7050 0.6442
361 1.2771 1.5415 0.1183 0.1864 0.2177 8.5913 -2.7200 0.6333
362 1.2733 1.5363 0.1290 0.1791 0.2077 7.6265 -2.7630 0.6229
363 1.2651 1.5265 0.1284 0.1628 0.1884 6.7049 -2.9060 0.6614
364 1.2586 1.5172 0.1183 0.1498 0.1698 8.7036 -3.0790 0.7323
365 1.2535 1.5074 0.1272 0.1397 0.1504 7.7179 -3.1520 0.7312
366 1.2526 1.4973 0.1278 0.1379 0.1300 7.7239 -3.2010 0.7915
367 1.2521 1.4829 0.1272 0.1369 0.1012 7.6939 -3.2040 0.7659
368 1.2524 1.4682 0.1272 0.1376 0.0714 8.0147 -3.2020 0.7259
369 1.2514 1.4542 0.1278 0.1355 0.0430 7.6574 -3.2460 0.7237
370 1.2496 1.4443 0.1308 0.1320 0.0226 6.7123 -3.2560 0.7806
371 1.3003 1.5428 0.1284 0.2339 0.2200 6.7274 -3.2390 0.7742
372 1.3023 1.5368 0.1278 0.2385 0.2085 7.8864 -3.2040 0.7606
373 1.3037 1.5281 0.1278 0.2418 0.1913 7.6029 -3.1670 0.7194
374 1.3004 1.5205 0.1278 0.2357 0.1763 7.0881 -3.0810 0.6718
375 1.2977 1.5125 0.1172 0.2308 0.1605 8.9161 -5.2620 2.1456
376 1.2962 1.5021 0.1266 0.2283 0.1397 7.9837 -3.4200 0.8314
377 1.2959 1.4936 0.1278 0.2280 0.1226 7.6771 -3.3180 0.8024
378 1.2947 1.4876 0.1302 0.2260 0.1104 7.7055 -3.3110 0.7662
379 1.2912 1.4843 0.1302 0.2195 0.1038 7.5419 -3.3570 0.7368
380 1.2867 1.4823 0.1201 0.2108 0.0995 8.8350 -3.4520 0.8327
381 1.2700 1.5640 0.1260 0.1776 0.2636 8.3819 -3.5490 0.8236
382 1.2669 1.5702 0.1278 0.1716 0.2766 7.2269 -3.6280 0.8710
383 1.2658 1.5732 0.1260 0.1697 0.2835 8.0555 -3.6310 0.8334
384 1.2691 1.5733 0.1290 0.1763 0.2844 8.0745 -3.7090 0.8258
385 1.2757 1.5713 0.1260 0.1899 0.2810 7.9122 -3.7500 0.8892
386 1.2891 1.5665 0.1278 0.2170 0.2720 8.0138 -3.7020 0.8839
387 1.2997 1.5601 0.1266 0.2388 0.2600 8.1162 -3.7380 0.8728
388 1.3065 1.5525 0.1230 0.2528 0.2452 8.9292 -3.7800 0.8572
389 1.3126 1.5387 0.1260 0.2657 0.2181 8.4076 -3.6570 0.8178
390 1.3182 1.5230 0.1284 0.2776 0.1868 8.1332 -3.5740 0.7984
391 1.2825 1.5481 0.1290 0.2065 0.2376 8.0148 -3.5210 0.7875
392 1.2866 1.5472 0.1278 0.2150 0.2362 8.1782 -3.5420 0.8145
393 1.2925 1.5516 0.1302 0.2274 0.2456 7.5449 -3.3430 0.7702
394 1.2977 1.5565 0.1302 0.2381 0.2558 8.0447 -3.2500 0.7579
395 1.3072 1.5559 0.1242 0.2577 0.2552 7.7737 -3.1500 0.7343
396 1.3126 1.5545 0.1284 0.2692 0.2530 7.9384 -2.9830 0.6972
397 1.3213 1.5509 0.1278 0.2873 0.2464 8.2701 -3.1610 0.8227
398 1.3307 1.5461 0.1284 0.3068 0.2371 8.0351 -2.9650 0.7123
399 1.3434 1.5399 0.1284 0.3333 0.2251 8.1735 -3.0290 0.7074
400 1.3500 1.5410 0.1284 0.3475 0.2278 8.3088 -2.9160 0.6916
401 1.2935 1.5518 0.1266 0.2349 0.2498 8.2992 -2.8380 0.6827
402 1.2942 1.5511 0.1260 0.2367 0.2490 8.5102 -2.8550 0.6594
403 1.2934 1.5529 0.1254 0.2356 0.2531 7.5959 -2.9160 0.7241
404 1.2932 1.5536 0.1284 0.2356 0.2552 8.3754 -2.7970 0.9794
405 1.2944 1.5543 0.1260 0.2385 0.2569 7.6150 -2.6690 0.6055
406 1.2950 1.5531 0.1224 0.2402 0.2552 9.0093 -2.6940 0.6173
407 1.2907 1.5541 0.1290 0.2320 0.2578 8.2978 -2.5770 0.6224
408 1.2881 1.5503 0.1296 0.2270 0.2505 7.3517 -2.5530 0.6046
409 1.2862 1.5454 0.1272 0.2237 0.2413 8.4913 -2.4350 0.5721
410 1.2856 1.5415 0.1333 0.2229 0.2338 7.7130 -2.3970 0.5459
411 1.2801 1.5451 0.1183 0.2120 0.2414 9.5846 -2.4840 0.5768
412 1.2771 1.5442 0.1278 0.2063 0.2401 8.5835 -2.5920 0.6262
413 1.2704 1.5388 0.1278 0.1931 0.2298 8.3603 -2.6020 0.5897
414 1.2599 1.5297 0.1266 0.1722 0.2119 8.8256 -2.7400 0.6431
415 1.2492 1.5246 0.1272 0.1509 0.2018 8.4694 -2.7290 0.6411
416 1.2398 1.5200 0.1296 0.1319 0.1930 8.3170 -2.8540 0.6778
417 1.2277 1.5157 0.1278 0.1075 0.1844 8.4931 -2.9580 0.7183
418 1.2162 1.5104 0.1272 0.0843 0.1739 8.9474 -2.9220 0.6404
419 1.2039 1.5037 0.1272 0.0591 0.1605 8.4814 -3.1470 0.7653
420 1.1940 1.4997 0.1290 0.0387 0.1525 8.5195 -3.0980 0.7023
421 1.2823 1.5569 0.1278 0.2158 0.2676 8.6222 -3.0360 0.7299
422 1.2811 1.5550 0.1278 0.2137 0.2643 8.5200 -2.9610 0.6981
423 1.2811 1.5529 0.1260 0.2140 0.2607 8.7550 -2.7400 0.6035
424 1.2807 1.5472 0.1260 0.2135 0.2496 7.9469 -2.7350 0.6460
425 1.2822 1.5402 0.1178 0.2168 0.2361 9.7825 -2.6280 0.6137
426 1.2837 1.5304 0.1266 0.2202 0.2168 8.9809 -2.5460 0.4620
427 1.2852 1.5243 0.1266 0.2234 0.2048 8.6945 -0.5380 0.1531
428 1.2873 1.5231 0.1284 0.2280 0.2027 8.7974 -2.5140 0.5995
429 1.2885 1.5284 0.1315 0.2309 0.2135 8.3286 -2.3470 0.5103
430 1.2891 1.5334 0.1266 0.2324 0.2240 8.8658 -2.4190 0.6126
431 1.2882 1.5420 0.1272 0.2309 0.2415 8.6284 -2.3300 0.5519
432 1.2865 1.5432 0.1260 0.2279 0.2444 8.8507 -2.4380 0.6160
433 1.2836 1.5429 0.1284 0.2224 0.2441 8.5800 -2.3320 0.5207
434 1.2763 1.5448 0.1266 0.2082 0.2484 9.2384 -2.4830 0.5784
435 1.2672 1.5446 0.1278 0.1901 0.2484 8.6292 -2.5170 0.6411
436 1.2539 1.5442 0.1296 0.1635 0.2481 8.7297 -2.5180 0.5594
437 1.2425 1.5472 0.1272 0.1406 0.2546 8.2647 -2.5880 0.5830
438 1.2314 1.5506 0.1213 0.1183 0.2619 9.8321 -2.6350 0.6629
439 1.2194 1.5537 0.1260 0.0941 0.2687 9.0392 -2.7420 0.6013
440 1.2064 1.5580 0.1278 0.0676 0.2778 9.2001 -2.9200 0.7321
441 1.2735 1.5440 0.1278 0.2020 0.2503 8.9719 -2.9710 0.6669
442 1.2736 1.5444 0.1278 0.2024 0.2516 9.1111 -2.9830 0.6531
443 1.2706 1.5477 0.1201 0.1966 0.2586 9.6356 -2.9460 0.6654
444 1.2736 1.5452 0.1284 0.2029 0.2540 9.0147 -2.7290 0.6331
445 1.2765 1.5405 0.1272 0.2089 0.2451 8.1709 -2.6150 0.6019
446 1.2731 1.5381 0.1201 0.2024 0.2406 9.9915 -2.5210 0.5450
447 1.2645 1.5392 0.1290 0.1853 0.2432 9.0587 -2.5200 1.7157
448 1.2526 1.5454 0.1296 0.1615 0.2561 8.8823 -2.6540 0.6240
449 1.2392 1.5520 0.1272 0.1347 0.2699 9.1308 -2.6970 0.9437
450 1.2282 1.5606 0.1272 0.1124 0.2877 9.1452 -2.6370 0.6353
451 1.2790 1.5496 0.1266 0.2142 0.2660 9.2924 -2.6590 0.6037
452 1.2774 1.5586 0.1260 0.2113 0.2847 9.3831 -2.7270 0.6522
453 1.2733 1.5725 0.1266 0.2034 0.3131 9.2691 -2.7520 0.6778
454 1.2707 1.5824 0.1278 0.1985 0.3339 9.2027 -2.6610 0.6184
455 1.2685 1.5901 0.1272 0.1942 0.3501 9.4143 -2.7270 0.6291
456 1.2646 1.6004 0.1290 0.1866 0.3716 9.0330 -2.7340 0.6182
457 1.2601 1.6070 0.1272 0.1777 0.3860 9.3897 -2.7910 0.6594
458 1.2590 1.6144 0.1290 0.1755 0.4020 9.0094 -2.6770 0.6255
459 1.2584 1.6247 0.1266 0.1745 0.4239 9.3780 -2.7950 0.6821
460 1.2548 1.6318 0.1272 0.1672 0.4392 9.4410 -2.7400 0.6106
461 1.2941 1.5552 0.1254 0.2464 0.2867 9.3745 -2.8840 0.6622
462 1.2944 1.5590 0.1278 0.2474 0.2948 9.4620 -2.9650 0.7177
463 1.2932 1.5628 0.1284 0.2454 0.3030 9.2260 -2.9750 0.7128
464 1.2935 1.5667 0.1272 0.2464 0.3115 9.4491 -3.0300 0.7214
465 1.2930 1.5723 0.1302 0.2459 0.3235 9.4070 -2.9900 0.6747
466 1.2963 1.5800 0.1195 0.2529 0.3397 10.5312 -3.0800 0.7259
467 1.2991 1.5893 0.1272 0.2590 0.3591 9.3833 -3.2030 0.7586
468 1.3025 1.5985 0.1272 0.2664 0.3785 8.5753 -3.2340 0.7441
469 1.3047 1.6076 0.1266 0.2712 0.3979 9.4331 -3.2840 0.7704
470 1.3056 1.6134 0.1290 0.2736 0.4105 9.3985 -3.2720 0.7615
471 1.2856 1.5324 0.1189 0.2340 0.2489 10.5050 -3.4160 0.7851
472 1.2783 1.5344 0.1278 0.2196 0.2532 9.5778 -3.5100 0.8145
473 1.2699 1.5384 0.1278 0.2031 0.2615 9.9005 -3.6650 0.8774
474 1.2652 1.5432 0.1290 0.1939 0.2717 9.3478 -3.6180 0.8340
475 1.2572 1.5470 0.1272 0.1779 0.2797 9.5837 -3.7490 0.8654
476 1.2493 1.5527 0.1272 0.1620 0.2917 8.7735 -3.7400 0.8630
477 1.2381 1.5551 0.1195 0.1395 0.2971 10.4259 -3.8790 0.9420
478 1.2270 1.5598 0.1266 0.1171 0.3070 10.0153 -3.7780 0.8394
479 1.2198 1.5596 0.1296 0.1024 0.3072 9.4882 -3.7170 0.8111
480 1.2174 1.5565 0.1284 0.0974 0.3015 9.5276 -3.6490 0.8378
481 1.1692 1.5420 0.1266 0.0001 0.2730 9.5794 -3.6410 0.8169
482 1.1750 1.5417 0.1195 0.0109 0.2729 10.7511 -3.7730 0.8641
483 1.1772 1.5432 0.1266 0.0146 0.2762 9.6766 -3.7210 0.8467
484 1.1808 1.5467 0.1284 0.0211 0.2836 8.8275 -3.6700 0.8291
485 1.1832 1.5486 0.1266 0.0252 0.2879 9.7143 -3.9300 0.9551
486 1.1830 1.5510 0.1260 0.0242 0.2932 10.2275 -3.8710 0.8961
487 1.1800 1.5576 0.1284 0.0175 0.3070 9.4139 -3.9130 0.9024
488 1.1745 1.5679 0.1290 0.0057 0.3283 9.8409 -3.8950 0.8917
489 1.1654 1.5817 0.1272 -0.0133 0.3567 9.6548 -3.9140 0.8950
490 1.1600 1.5897 0.1278 -0.0250 0.3735 9.0032 -3.6380 0.8180
491 1.3592 1.6484 0.1278 0.3744 0.4925 10.0303 -3.4470 0.7889
492 1.3583 1.6429 0.1278 0.3737 0.4829 9.0942 -3.4100 0.7855
493 1.3600 1.6364 0.1254 0.3782 0.4713 9.8734 -3.6170 0.8200
494 1.3612 1.6264 0.1284 0.3818 0.4526 10.0123 -3.7740 0.9164
495 1.3618 1.6169 0.1266 0.3840 0.4347 10.1262 -3.9140 0.9529
496 1.3622 1.6014 0.1278 0.3860 0.4049 9.1672 -4.0640 0.9231
497 1.3668 1.5790 0.1284 0.3964 0.3608 9.9456 -4.0670 0.9202
498 1.3780 1.5569 0.1195 0.4200 0.3171 10.9134 -4.1821 0.9463
499 1.3917 1.5373 0.1278 0.4489 0.2783 9.9952 -4.2890 0.9967
500 1.4037 1.5226 0.1290 0.4744 0.2492 9.9854 -4.5091 1.0208
501 1.2814 1.5290 0.1272 0.2301 0.2621 10.1571 -4.6530 1.0688
502 1.2869 1.5248 0.1266 0.2414 0.2541 10.0665 -4.8050 1.1311
503 1.2999 1.5133 0.1195 0.2681 0.2312 11.3005 -4.7960 1.1260
504 1.3087 1.4974 0.1278 0.2861 0.1993 10.1395 -4.7080 1.0561
505 1.3143 1.4768 0.1272 0.2981 0.1580 9.5148 -4.5090 0.9780
506 1.3202 1.4515 0.1290 0.3105 0.1069 9.9099 -4.3530 0.9611
507 1.3288 1.4239 0.1266 0.3286 0.0510 10.2785 -4.5040 1.0214
508 1.3341 1.3939 0.1308 0.3399 -0.0102 10.0907 -4.4500 1.0499
509 1.3339 1.3626 0.1272 0.3405 -0.0740 10.0019 -4.4110 1.0127
510 1.3362 1.3337 0.1272 0.3458 -0.1335 9.8971 -4.3780 0.9974
511 1.1630 1.5426 0.1284 -0.0014 0.2846 10.1866 -4.3840 1.0417
512 1.1755 1.5375 0.1284 0.0229 0.2749 10.2050 -4.4110 1.0479
513 1.1902 1.5298 0.1260 0.0516 0.2597 10.2118 -4.5030 1.0960
514 1.2028 1.5275 0.1290 0.0764 0.2554 10.2900 -4.4870 1.0532
515 1.2149 1.5316 0.1242 0.1003 0.2639 10.5231 -4.5020 1.0294
516 1.2272 1.5361 0.1290 0.1245 0.2733 10.0245 -4.6190 1.0693
517 1.2412 1.5463 0.1242 0.1526 0.2940 10.6800 -4.6340 1.0966
518 1.2561 1.5593 0.1284 0.1824 0.3207 10.0146 -4.7770 1.1271
519 1.2699 1.5712 0.1266 0.2101 0.3453 10.5512 -4.8080 1.1055
520 1.2807 1.5810 0.1278 0.2321 0.3656 10.3003 -4.9060 1.1278
521 1.4460 1.6711 0.1248 0.5646 0.5476 10.6149 -5.0940 1.2163
522 1.4365 1.6760 0.1278 0.5476 0.5590 10.4539 -5.0000 1.1104
523 1.4189 1.6820 0.1296 0.5140 0.5729 10.4360 -5.2042 1.2245
524 1.4046 1.6881 0.1272 0.4870 0.5870 10.3216 -0.2780 0.0952
525 1.3942 1.6897 0.1278 0.4676 0.5921 10.3881 -5.3580 1.2177
526 1.3847 1.6932 0.1266 0.4499 0.6009 10.4907 -5.4030 1.2731
527 1.3703 1.7061 0.1272 0.4224 0.6289 10.4969 -5.4790 1.2526
528 1.3568 1.7206 0.1272 0.3963 0.6600 10.6357 -5.5700 1.2791
529 1.3436 1.7258 0.1290 0.3709 0.6728 10.3756 -5.6370 1.2597
530 1.3353 1.7254 0.1272 0.3553 0.6742 10.5473 -5.6940 1.2960
531 1.2789 1.5459 0.1183 0.2426 0.3156 11.5065 -5.8100 1.3427
532 1.2912 1.5532 0.1266 0.2678 0.3308 10.5929 -6.0050 1.4026
533 1.3085 1.5672 0.1260 0.3029 0.3595 10.5636 -6.1220 1.4260
534 1.3230 1.5839 0.1296 0.3327 0.3937 10.4476 -6.0220 1.3583
535 1.3327 1.5932 0.1236 0.3528 0.4132 11.1229 -6.0410 1.3910
536 1.3409 1.5977 0.1278 0.3701 0.4232 10.5177 -6.0250 1.3933
537 1.3406 1.5980 0.1260 0.3705 0.4248 10.9944 -5.8450 1.3065
538 1.3407 1.5971 0.1272 0.3715 0.4239 10.9289 -7.0960 2.2342
539 1.3448 1.5996 0.1278 0.3806 0.4300 10.6928 -5.7660 1.3165
540 1.3495 1.6083 0.1272 0.3912 0.4484 9.2031 -5.6650 1.2820
541 1.2896 1.5344 0.1278 0.2718 0.3010 10.6024 -5.6400 1.2626
542 1.2906 1.5324 0.1278 0.2742 0.2972 10.7410 -5.9060 1.3677
543 1.2916 1.5310 0.1254 0.2766 0.2948 11.0477 -5.8040 1.2889
544 1.2898 1.5287 0.1278 0.2733 0.2904 9.8310 -5.8770 1.3167
545 1.2826 1.5217 0.1195 0.2593 0.2767 11.7340 -5.8990 1.3412
546 1.2744 1.5127 0.1260 0.2431 0.2588 11.0322 -5.8050 1.3545
547 1.2705 1.5091 0.1296 0.2355 0.2518 10.4950 -5.7410 1.3123
548 1.2684 1.5073 0.1266 0.2314 0.2482 10.9963 -5.6530 1.2620
549 1.2632 1.5064 0.1278 0.2212 0.2464 10.8097 -5.5770 1.2580
550 1.2627 1.5051 0.1266 0.2204 0.2439 11.0289 -5.5190 1.2615
551 1.3544 1.4390 0.1296 0.4048 0.1111 10.6208 -5.7850 1.3550
552 1.3656 1.4378 0.1254 0.4283 0.1081 10.9657 -6.0750 1.4160
553 1.3795 1.4347 0.1266 0.4573 0.1013 10.8404 -6.0360 1.3766
554 1.3926 1.4320 0.1260 0.4850 0.0951 11.2315 -6.0280 1.3712
555 1.4046 1.4312 0.1278 0.5105 0.0929 10.7924 -6.0730 1.3577
556 1.4193 1.4261 0.1266 0.5418 0.0820 11.1960 -6.1520 1.3913
557 1.4364 1.4170 0.1266 0.5777 0.0629 10.2075 -6.0850 1.3950
558 1.4570 1.4014 0.1195 0.6210 0.0307 12.2682 -6.0040 1.3619
559 1.4758 1.3873 0.1260 0.6608 0.0014 11.0830 -6.0060 1.3565
560 1.4894 1.3821 0.1290 0.6905 -0.0101 11.0369 -6.0990 1.4151
561 1.1508 1.5441 0.1272 0.0123 0.3143 11.0882 -6.1400 1.4162
562 1.1486 1.5372 0.1272 0.0069 0.3008 10.1622 -6.2120 1.4496
563 1.1494 1.5241 0.1278 0.0075 0.2748 11.0531 -6.1710 1.3786
564 1.1480 1.5141 0.1272 0.0036 0.2549 11.0237 -6.1720 1.4068
565 1.1482 1.5133 0.1266 0.0030 0.2536 11.0545 -6.3190 1.4622
566 1.1448 1.5136 0.1260 -0.0049 0.2542 11.2651 -6.2450 1.4253
567 1.1424 1.5104 0.1266 -0.0107 0.2479 11.2119 -6.1710 1.4253
568 1.1407 1.5045 0.1278 -0.0152 0.2361 11.3875 -6.2610 1.4342
569 1.1409 1.4935 0.1272 -0.0159 0.2141 11.2963 -6.4220 1.4785
570 1.1430 1.4833 0.1290 -0.0128 0.1936 11.0325 -6.3850 1.5072
571 1.3572 1.6462 0.1242 0.4167 0.5209 11.5040 -6.3400 1.4442
572 1.3577 1.6474 0.1260 0.4188 0.5247 11.6090 -6.3950 1.4636
573 1.3612 1.6482 0.1266 0.4269 0.5278 10.3147 -6.2000 1.3570
574 1.3646 1.6514 0.1284 0.4349 0.5357 11.1764 -6.2590 1.4044
575 1.3698 1.6582 0.1260 0.4465 0.5509 11.3641 -6.4240 1.4985
576 1.3754 1.6606 0.1296 0.4589 0.5574 11.1880 -6.2690 1.4551
577 1.3782 1.6610 0.1260 0.4658 0.5598 11.4601 -6.3350 1.4440
578 1.3830 1.6586 0.1290 0.4768 0.5566 11.4183 -6.4720 1.4669
579 1.3909 1.6542 0.1201 0.4939 0.5493 12.1472 -6.4210 1.4992
580 1.3983 1.6504 0.1284 0.5102 0.5431 11.3427 -6.6620 1.5346
581 1.2957 1.5396 0.1183 0.3054 0.3220 12.4465 -6.6280 1.5021
582 1.2891 1.5344 0.1278 0.2928 0.3119 11.4490 -6.7270 1.5103
583 1.2824 1.5320 0.1284 0.2796 0.3075 11.2142 -6.8470 1.5570
584 1.2698 1.5338 0.1290 0.2545 0.3113 11.2797 -6.7480 1.5506
585 1.2586 1.5339 0.1254 0.2322 0.3118 11.6716 -6.8880 1.5733
586 1.2476 1.5331 0.1290 0.2103 0.3107 11.3767 5.0000 -6.3263
587 1.2414 1.5348 0.1236 0.1979 0.3143 12.1037 -6.8680 1.5902
588 1.2323 1.5336 0.1284 0.1794 0.3123 11.3655 -6.7460 1.5408
589 1.2273 1.5361 0.1272 0.1691 0.3176 11.5292 -6.8650 1.5610
590 1.2227 1.5399 0.1266 0.1596 0.3257 11.7365 -6.8460 1.5159
591 1.2804 1.5540 0.1254 0.2754 0.3544 11.8386 -6.0000 1.3686
592 1.2870 1.5561 0.1284 0.2890 0.3591 11.6733 -6.8230 1.4956
593 1.2912 1.5557 0.1302 0.2978 0.3590 11.4119 -6.5970 1.5197
594 1.2985 1.5578 0.1290 0.3129 0.3637 11.4553 -6.6580 1.5257
595 1.2967 1.5552 0.1254 0.3098 0.3591 12.0288 -6.2990 1.4026
596 1.2969 1.5517 0.1290 0.3106 0.3526 10.6639 -6.5430 1.5014
597 1.3023 1.5545 0.1266 0.3220 0.3587 11.8008 -6.7520 1.5105
598 1.3009 1.5544 0.1296 0.3197 0.3591 11.5167 -6.6170 1.5059
599 1.3031 1.5617 0.1290 0.3246 0.3742 11.4871 -6.7050 1.5254
600 1.3097 1.5702 0.1266 0.3383 0.3920 11.8518 -6.8100 1.5292
601 1.2084 1.4281 0.1248 0.1353 0.1071 11.9656 -6.6770 1.5023
602 1.2107 1.4248 0.1266 0.1395 0.0996 11.8851 -6.6340 1.5043
603 1.2174 1.4270 0.1266 0.1525 0.1034 11.7240 -6.7800 0.8443
604 1.2148 1.4245 0.1278 0.1471 0.0976 11.6574 -6.4580 1.3957
605 1.2108 1.4186 0.1272 0.1387 0.0851 11.6883 -6.3030 1.4360
606 1.2128 1.4109 0.1254 0.1422 0.0687 12.1026 -6.2840 1.4015
607 1.2077 1.4057 0.1278 0.1316 0.0574 11.5928 -6.2230 1.4124
608 1.2013 1.4044 0.1272 0.1185 0.0538 11.9832 -6.1650 1.4053
609 1.2015 1.4064 0.1254 0.1182 0.0569 12.0372 -6.3330 7.0671
610 1.2002 1.4041 0.1272 0.1152 0.0513 12.0166 -6.1000 1.3663
611 1.3686 1.6347 0.1266 0.4533 0.5139 12.1640 -6.0150 1.3630
612 1.3678 1.6405 0.1260 0.4527 0.5269 12.0139 -5.8720 1.2760
613 1.3661 1.6475 0.1278 0.4506 0.5423 11.8161 -5.5000 1.1563
614 1.3649 1.6612 0.1260 0.4493 0.5714 12.1710 -5.6280 1.2092
615 1.3579 1.6754 0.1272 0.4364 0.6015 11.9251 -5.8000 3.9054
616 1.3434 1.6860 0.1260 0.4083 0.6246 12.4500 -5.5540 1.2693
617 1.3333 1.6947 0.1278 0.3889 0.6439 12.1300 -5.3990 1.2482
618 1.3324 1.7089 0.1266 0.3880 0.6743 12.1117 -5.6880 1.3855
619 1.3304 1.7309 0.1266 0.3847 0.7207 12.0109 -5.7190 1.3060
620 1.3250 1.7457 0.1284 0.3747 0.7527 12.1053 -5.5200 1.1905
621 1.2710 1.5292 0.1278 0.2669 0.3201 11.9520 -5.2002 1.1898
622 1.2850 1.5352 0.1254 0.2953 0.3324 12.6819 -5.3430 1.2544
623 1.3034 1.5419 0.1272 0.3326 0.3463 11.9415 -5.5360 1.2862
624 1.3136 1.5417 0.1290 0.3537 0.3462 12.1023 -5.3160 1.1856
625 1.3212 1.5322 0.1248 0.3695 0.3276 12.3259 -5.1760 1.1905
626 1.3354 1.5223 0.1284 0.3987 0.3080 12.2124 -5.2670 1.2366
627 1.3502 1.5128 0.1254 0.4293 0.2892 12.2910 -5.1970 1.1801
628 1.3574 1.4986 0.1284 0.4450 0.2606 12.1884 -4.9860 1.1126
629 1.3652 1.4807 0.1254 0.4616 0.2247 12.5677 -4.9620 1.1763
630 1.3730 1.4714 0.1189 0.4785 0.2058 13.2371 -5.2160 1.2266
631 1.2457 1.5646 0.1260 0.2238 0.3928 12.4019 -5.3690 1.1992
632 1.2384 1.5610 0.1278 0.2091 0.3863 12.3245 -5.0150 1.1489
633 1.2379 1.5566 0.1272 0.2079 0.3780 12.1748 -5.2330 1.2126
634 1.2390 1.5535 0.1278 0.2100 0.3725 12.3006 -5.4640 1.2520
635 1.2318 1.5459 0.1278 0.1954 0.3576 12.3188 -5.3490 1.2526
636 1.2291 1.5366 0.1290 0.1898 0.3394 12.1314 -5.3040 1.2186
637 1.2290 1.5313 0.1260 0.1894 0.3292 12.5721 -5.3520 1.2244
638 1.2191 1.5268 0.1242 0.1694 0.3204 11.6312 -4.9790 1.0586
639 1.2092 1.5178 0.1266 0.1492 0.3025 12.5383 -4.0000 0.5719
640 1.2024 1.5105 0.1166 0.1350 0.2882 13.5140 -4.7190 1.0652
641 1.2652 1.5529 0.1236 0.2608 0.3734 12.8064 -4.8200 1.0793
642 1.2595 1.5569 0.1236 0.2495 0.3820 12.4681 -4.5340 1.0374
643 1.2581 1.5638 0.1266 0.2467 0.3964 12.4859 -4.4840 1.0294
644 1.2612 1.5739 0.1166 0.2531 0.4174 13.6457 -4.5740 1.0205
645 1.2599 1.5804 0.1236 0.2506 0.4312 12.8826 -4.1850 0.9647
646 1.2628 1.5890 0.1284 0.2566 0.4492 11.6761 -3.9910 0.9651
647 1.2658 1.5990 0.1236 0.2626 0.4702 12.5053 -3.7620 0.7886
648 1.2635 1.6066 0.1278 0.2582 0.4866 12.6170 -3.1520 0.6805
649 1.2603 1.6151 0.1242 0.2519 0.5046 12.8269 -2.9320 0.6489
650 1.2582 1.6185 0.1278 0.2477 0.5127 12.1094 -2.5120 0.5149
651 1.2496 1.5389 0.1242 0.2305 0.3539 12.7932 -2.5380 0.6258
652 1.2424 1.5359 0.1272 0.2162 0.3481 12.6923 -2.0430 0.4052
653 1.2399 1.5328 0.1242 0.2110 0.3423 12.8900 -1.8750 0.4528
654 1.2307 1.5351 0.1290 0.1924 0.3472 12.5113 -2.0450 0.4942
655 1.2235 1.5313 0.1242 0.1778 0.3401 13.1070 -1.7750 0.4391
656 1.2263 1.5212 0.1272 0.1831 0.3199 12.5269 -2.0310 0.4778
657 1.2319 1.5088 0.1160 0.1942 0.2953 13.6508 -2.2540 0.5483
658 1.2459 1.4944 0.1260 0.2221 0.2664 12.8294 -2.4590 0.6255
659 1.2643 1.4831 0.1242 0.2591 0.2436 12.7064 -2.4460 0.5261
660 1.2844 1.4712 0.1284 0.2997 0.2196 12.5142 -2.4770 0.5730
661 1.2808 1.6187 0.1266 0.2927 0.5158 12.6866 -2.0380 0.4023
662 1.2748 1.6246 0.1278 0.2810 0.5288 12.7401 -2.0910 0.4987
663 1.2668 1.6381 0.1266 0.2651 0.5572 12.9631 -1.8050 0.4350
664 1.2640 1.6447 0.1260 0.2597 0.5718 12.6961 -2.0580 0.5225
665 1.2609 1.6501 0.1260 0.2535 0.5842 12.9498 -1.6460 0.3734
666 1.2532 1.6554 0.1272 0.2382 0.5963 12.2322 -1.8000 0.4344
667 1.2434 1.6644 0.1166 0.2185 0.6159 14.2958 -1.4190 0.3629
668 1.2338 1.6725 0.1272 0.1991 0.6339 13.1626 -1.2910 0.3153
669 1.2198 1.6788 0.1284 0.1710 0.6483 12.7343 -0.7970 0.1600
670 1.2016 1.6865 0.1266 0.1341 0.6656 13.2107 -0.5130 0.1329
671 1.2486 1.5450 0.1266 0.2280 0.3830 12.2761 -0.3200 0.2470
672 1.2439 1.5474 0.1254 0.2186 0.3882 13.1468 -0.2100 0.0441
673 1.2359 1.5451 0.1272 0.2025 0.3841 13.0091 -0.3750 0.1266
674 1.2286 1.5367 0.1260 0.1875 0.3676 13.5347 -0.4960 0.1705
675 1.2227 1.5263 0.1195 0.1754 0.3470 13.7913 -0.8320 0.2167
676 1.2196 1.5154 0.1278 0.1689 0.3256 13.2334 -0.7900 0.1357
677 1.2161 1.5058 0.1266 0.1616 0.3064 12.8571 -0.5660 0.1486
678 1.2130 1.4942 0.1284 0.1551 0.2831 13.0771 -0.5510 0.1070
679 1.2070 1.4790 0.1260 0.1427 0.2524 13.0847 -0.4240 0.1197
680 1.2000 1.4642 0.1284 0.1281 0.2225 13.4137 -0.5150 0.1720
681 1.2539 1.5308 0.1260 0.2360 0.3560 13.2337 -0.5470 0.2001
682 1.2581 1.5224 0.1278 0.2444 0.3394 13.2763 -0.5020 0.1673
683 1.2658 1.5104 0.1154 0.2601 0.3155 14.5369 -0.4820 0.0743
684 1.2764 1.4996 0.1266 0.2815 0.2939 13.3976 -0.5180 0.1344
685 1.2882 1.4943 0.1272 0.3054 0.2834 13.2835 -0.5530 0.1956
686 1.2974 1.4955 0.1254 0.3243 0.2856 13.3381 -0.7600 0.2497
687 1.3048 1.4990 0.1266 0.3396 0.2926 13.3325 -0.8390 0.1956
688 1.3166 1.4989 0.1272 0.3640 0.2923 13.2185 -0.7850 0.2170
689 1.3294 1.4943 0.1260 0.3903 0.2832 13.4416 -0.8190 0.2250
690 1.3389 1.4928 0.1290 0.4102 0.2800 13.1545 -0.8000 0.2203
691 1.2370 1.5370 0.1272 0.2063 0.3689 13.3271 -0.6950 0.1453
692 1.2366 1.5381 0.1266 0.2054 0.3714 13.6589 -0.8630 0.2530
693 1.2291 1.5395 0.1278 0.1901 0.3747 13.1715 -0.8450 0.2161
694 1.2150 1.5438 0.1260 0.1617 0.3837 13.5864 -0.8500 0.2394
695 1.2010 1.5501 0.1254 0.1331 0.3967 13.6772 -0.9650 0.3153
696 1.1917 1.5568 0.1172 0.1140 0.4107 14.5634 -0.8860 0.2577
697 1.1868 1.5670 0.1266 0.1035 0.4319 13.5712 -1.2360 0.3512
698 1.1815 1.5737 0.1302 0.0922 0.4459 13.2739 -1.0740 0.3151
699 1.1766 1.5784 0.1254 0.0817 0.4561 13.6311 -1.0590 0.3020
700 1.1747 1.5845 0.1302 0.0772 0.4692 13.2460 -1.1430 0.3082
701 1.2465 1.5331 0.1284 0.2207 0.3667 13.2988 -1.1710 0.3278
702 1.2446 1.5369 0.1290 0.2168 0.3746 13.3047 -1.3710 0.3086
703 1.2431 1.5428 0.1242 0.2138 0.3868 13.6613 -1.4050 0.3020
704 1.2405 1.5463 0.1266 0.2084 0.3944 13.6317 -1.4740 0.3360
705 1.2400 1.5504 0.1242 0.2074 0.4030 13.8176 -1.5580 0.3925
706 1.2408 1.5567 0.1201 0.2089 0.4162 14.5116 -1.5050 0.3402
707 1.2378 1.5628 0.1248 0.2027 0.4290 14.0839 -1.4090 0.2819
708 1.2335 1.5685 0.1290 0.1941 0.4411 13.5970 -1.3370 0.3113
709 1.2310 1.5732 0.1254 0.1887 0.4513 13.8686 -1.4220 0.3939
710 1.2283 1.5796 0.1284 0.1831 0.4649 13.8243 -1.3870 0.2842
711 1.2548 1.5268 0.1278 0.2363 0.3595 13.6091 -1.4390 0.3812
712 1.2605 1.5264 0.1272 0.2477 0.3590 13.5801 -1.8000 0.4339
713 1.2610 1.5264 0.1272 0.2488 0.3593 12.8925 -1.9430 0.4464
714 1.2603 1.5244 0.1183 0.2475 0.3555 14.6828 -1.9550 0.5316
715 1.2632 1.5212 0.1284 0.2535 0.3493 13.6718 -2.1499 0.5118
716 1.2665 1.5208 0.1278 0.2602 0.3487 13.7623 -2.1540 1.3561
717 1.2662 1.5280 0.1272 0.2598 0.3634 13.8533 -2.3050 0.5463
718 1.2703 1.5300 0.1278 0.2681 0.3677 13.8591 -2.4390 0.5761
719 1.2780 1.5332 0.1290 0.2840 0.3744 13.6718 -2.3650 0.5080
720 1.2883 1.5327 0.1183 0.3048 0.3739 15.1503 -2.6900 0.7232
721 1.1796 1.4340 0.1172 0.0868 0.1757 14.9436 -2.3740 1.2297
722 1.1769 1.4383 0.1272 0.0807 0.1838 13.9992 -2.1040 1.3330
723 1.1744 1.4378 0.1260 0.0749 0.1822 13.9814 -2.2030 0.5236
724 1.1712 1.4391 0.1278 0.0676 0.1841 13.9032 -2.2800 0.5474
725 1.1682 1.4429 0.1284 0.0610 0.1911 13.8451 -2.1520 0.5123
726 1.1678 1.4449 0.1260 0.0593 0.1945 14.2732 -2.4130 0.5966
727 1.1742 1.4441 0.1272 0.0713 0.1923 13.9063 -2.2560 0.5069
728 1.1819 1.4388 0.1290 0.0860 0.1813 13.8869 -2.4440 0.5857
729 1.1833 1.4394 0.1189 0.0882 0.1817 14.9973 -2.7420 0.8002
730 1.1794 1.4461 0.1284 0.0796 0.1946 13.9927 -2.6750 0.6865
731 1.2330 1.5369 0.1272 0.1867 0.3767 13.9719 0.1770 -1.3057
732 1.2290 1.5397 0.1189 0.1784 0.3826 14.9253 -2.8210 0.6571
733 1.2247 1.5433 0.1272 0.1696 0.3901 13.9497 -2.8300 0.6053
734 1.2263 1.5392 0.1272 0.1726 0.3824 13.9686 -2.6780 0.5795
735 1.2262 1.5324 0.1260 0.1722 0.3691 14.1912 -2.6830 0.6224
736 1.2169 1.5323 0.1266 0.1532 0.3694 14.2575 -2.8810 0.6460
737 1.2040 1.5367 0.1272 0.1269 0.3784 14.0238 -3.1780 0.7971
738 1.1947 1.5392 0.1266 0.1077 0.3839 14.3545 -3.2350 0.8138
739 1.1945 1.5340 0.1284 0.1069 0.3738 13.9756 -3.4620 0.8656
740 1.1960 1.5274 0.1254 0.1092 0.3609 14.4714 -3.2280 0.7161
741 1.3088 1.4302 0.1254 0.3355 0.1657 14.2467 -3.3350 0.8084
742 1.3148 1.4241 0.1248 0.3481 0.1527 14.4563 -3.6080 0.8354
743 1.3276 1.4138 0.1254 0.3745 0.1312 14.2839 -3.5110 0.8360
744 1.3448 1.3982 0.1254 0.4099 0.0992 14.7237 -3.7600 0.9182
745 1.3600 1.3855 0.1178 0.4414 0.0726 15.2394 -4.0000 0.9213
746 1.3820 1.3668 0.1290 0.4867 0.0338 14.3269 -3.4200 0.6209
747 1.4042 1.3493 0.1266 0.5326 -0.0027 14.2739 -3.7350 1.0951
748 1.4290 1.3298 0.1278 0.5841 -0.0434 14.5695 -3.7400 0.8737
749 1.4598 1.3091 0.1260 0.6478 -0.0868 14.3821 -3.4490 0.7706
750 1.4860 1.2928 0.1272 0.7024 -0.1213 14.4928 -3.2570 0.7582
751 1.2586 1.5347 0.1266 0.2478 0.3629 14.5798 -3.5700 0.8643
752 1.2601 1.5335 0.1266 0.2508 0.3607 14.4178 -3.7200 0.8701
753 1.2619 1.5296 0.1272 0.2547 0.3532 14.1850 -3.8540 1.7927
754 1.2589 1.5213 0.1272 0.2486 0.3368 14.5629 -4.0560 0.8963
755 1.2572 1.5113 0.1284 0.2453 0.3170 14.1959 -4.1010 0.9518
756 1.2607 1.4947 0.1272 0.2525 0.2837 14.5389 -4.2840 0.3649
757 1.2611 1.4748 0.1272 0.2534 0.2437 13.6712 -4.3810 1.0172
758 1.2599 1.4528 0.1183 0.2510 0.1992 15.5813 -4.2330 0.9682
759 1.2532 1.4360 0.1266 0.2378 0.1649 14.6678 -4.3200 1.0205
760 1.2463 1.4278 0.1260 0.2238 0.1477 14.6307 -4.2140 0.9137
761 1.2496 1.5446 0.1242 0.2305 0.3818 15.1013 -4.1820 0.9640
762 1.2500 1.5522 0.1278 0.2313 0.3976 14.6274 -4.0380 0.9320
763 1.2524 1.5586 0.1166 0.2361 0.4110 15.8105 -3.8640 0.8950
764 1.2566 1.5661 0.1284 0.2445 0.4267 14.7738 -3.8870 0.8676
765 1.2603 1.5738 0.1260 0.2521 0.4427 13.8948 -3.7950 0.8547
766 1.2629 1.5792 0.1284 0.2573 0.4543 14.6893 -3.9120 0.8906
767 1.2639 1.5854 0.1278 0.2596 0.4676 14.6592 -3.6690 0.7915
768 1.2654 1.5946 0.1284 0.2627 0.4870 14.6050 -3.6540 0.7971
769 1.2616 1.6054 0.1248 0.2551 0.5095 15.1169 -3.7000 0.8986
770 1.2566 1.6134 0.1284 0.2452 0.5267 14.5788 -3.8190 0.9041
771 1.2331 1.5306 0.1248 0.1981 0.3614 14.8469 -3.8170 0.9300
772 1.2297 1.5267 0.1272 0.1911 0.3538 14.8173 -3.4510 0.8053
773 1.2249 1.5211 0.1201 0.1812 0.3430 15.5704 -3.6140 0.9119
774 1.2205 1.5168 0.1260 0.1720 0.3344 14.4044 -3.8360 0.9417
775 1.2172 1.5144 0.1236 0.1653 0.3299 14.3024 -4.0660 0.9925
776 1.2160 1.5125 0.1236 0.1625 0.3262 15.2036 -3.9200 0.8496
777 1.2147 1.5102 0.1224 0.1594 0.3216 15.3644 -3.7250 0.8116
778 1.2181 1.5042 0.1284 0.1661 0.3097 14.6655 -3.7030 0.8125
779 1.2237 1.4963 0.1254 0.1770 0.2938 15.1056 -3.5260 0.7339
780 1.2307 1.4914 0.1278 0.1907 0.2839 14.7721 -3.2730 0.6869
781 1.2520 1.5440 0.1248 0.2333 0.3896 15.1475 -3.4210 0.8182
782 1.2511 1.5468 0.1254 0.2316 0.3957 15.0943 -3.3740 0.7735
783 1.2460 1.5466 0.1254 0.2214 0.3958 14.9933 -3.1645 0.6995
784 1.2468 1.5446 0.1242 0.2230 0.3922 15.0961 -3.1550 0.7355
785 1.2560 1.5390 0.1213 0.2414 0.3813 15.2922 -3.3690 0.7542
786 1.2674 1.5361 0.1278 0.2644 0.3760 14.7024 -3.7680 0.9070
787 1.2777 1.5393 0.1242 0.2852 0.3827 15.3317 -4.0340 1.3120
788 1.2931 1.5385 0.1284 0.3165 0.3815 14.9660 -3.9130 0.9798
789 1.3093 1.5364 0.1236 0.3494 0.3778 15.5599 -3.5790 0.8708
790 1.3215 1.5358 0.1278 0.3746 0.3768 14.9516 -3.7320 0.9729
791 1.2549 1.5347 0.1284 0.2415 0.3751 15.1350 -3.9000 0.9671
792 1.2497 1.5300 0.1266 0.2310 0.3659 15.4913 -3.3050 0.6936
793 1.2410 1.5304 0.1266 0.2135 0.3670 14.9683 -2.6250 0.4933
794 1.2330 1.5345 0.1272 0.1972 0.3754 15.2137 -2.4810 0.5597
795 1.2304 1.5378 0.1284 0.1919 0.3826 14.9634 -0.4780 -0.7246
796 1.2244 1.5439 0.1272 0.1797 0.3951 15.3070 -22.0000 13.4709
797 1.2171 1.5479 0.1254 0.1648 0.4036 15.1821 -2.9740 0.7651
798 1.2138 1.5530 0.1290 0.1577 0.4145 15.1265 -3.1070 0.7248
799 1.2125 1.5582 0.1248 0.1549 0.4253 15.2913 -3.3940 0.7913
800 1.2138 1.5633 0.1266 0.1570 0.4361 15.3300 -3.7170 0.9593
801 1.2503 1.5330 0.1254 0.2301 0.3759 15.4291 -3.8930 0.9642
802 1.2505 1.5321 0.1260 0.2305 0.3745 15.7986 -4.1050 0.9455
803 1.2545 1.5281 0.1254 0.2385 0.3666 15.4025 -3.8950 0.9251
804 1.2654 1.5202 0.1284 0.2606 0.3512 15.4208 -3.8610 0.9170
805 1.2840 1.5105 0.1260 0.2980 0.3318 15.5468 -3.9960 0.8941
806 1.3032 1.4997 0.1278 0.3368 0.3103 15.3484 -3.9600 0.8866
807 1.3225 1.4900 0.1254 0.3763 0.2908 16.0189 -4.1730 1.0132
808 1.3398 1.4840 0.1195 0.4118 0.2785 16.2623 -4.4920 1.0748
809 1.3590 1.4794 0.1272 0.4511 0.2691 15.4165 -4.7010 1.0657
810 1.3758 1.4793 0.1260 0.4862 0.2688 15.7566 -4.6720 1.0241
811 1.2512 1.5388 0.1260 0.2369 0.3881 15.5903 -4.6630 1.0345
812 1.2489 1.5424 0.1266 0.2323 0.3958 15.6571 -4.8180 1.1055
813 1.2462 1.5504 0.1160 0.2269 0.4123 16.8250 -4.4480 1.0232
814 1.2431 1.5652 0.1266 0.2206 0.4425 15.6342 -4.1370 1.0087
815 1.2426 1.5885 0.1266 0.2194 0.4901 15.5926 -4.0000 0.9489
816 1.2417 1.6119 0.1260 0.2177 0.5380 15.7433 -4.0070 0.9820
817 1.2463 1.6365 0.1242 0.2268 0.5885 15.5595 -3.9600 0.8643
818 1.2555 1.6590 0.1266 0.2453 0.6351 15.6489 -3.9530 0.8672
819 1.2651 1.6816 0.1224 0.2647 0.6821 16.2882 -3.9690 1.0007
820 1.2738 1.6976 0.1284 0.2822 0.7161 15.5249 -4.2450 1.0528
821 1.2970 1.4710 0.1260 0.3291 0.2626 15.8892 -4.6090 1.1218
822 1.2998 1.4690 0.1272 0.3352 0.2583 15.5829 -4.4190 0.9397
823 1.3038 1.4634 0.1290 0.3438 0.2467 15.3835 -4.1100 0.9404
824 1.3058 1.4529 0.1254 0.3483 0.2251 15.8359 -4.2920 1.0112
825 1.3039 1.4357 0.1260 0.3450 0.1902 14.9010 -4.4190 1.0323
826 1.3010 1.4176 0.1166 0.3398 0.1531 16.9311 -4.4460 1.0316
827 1.2945 1.3989 0.1254 0.3271 0.1148 15.8933 -4.4790 1.0399
828 1.2924 1.3824 0.1272 0.3234 0.0805 15.6357 -4.5320 1.0859
829 1.2920 1.3678 0.1260 0.3230 0.0501 15.9183 -4.4440 0.9773
830 1.2936 1.3573 0.1183 0.3267 0.0277 16.9137 -4.5490 1.0381
831 1.2543 1.5524 0.1183 0.2480 0.4184 16.7531 -5.0250 1.1445
832 1.2593 1.5496 0.1284 0.2583 0.4132 15.8632 -5.1220 1.1545
833 1.2665 1.5495 0.1230 0.2728 0.4136 15.8720 -5.5750 1.3345
834 1.2718 1.5483 0.1236 0.2836 0.4117 16.0565 -5.7150 1.3723
835 1.2713 1.5475 0.1248 0.2828 0.4105 15.2294 -5.4770 1.2842
836 1.2663 1.5543 0.1248 0.2731 0.4247 16.0711 -5.7420 1.3111
837 1.2586 1.5622 0.1224 0.2577 0.4411 16.0782 -5.8920 1.2831
838 1.2497 1.5692 0.1290 0.2398 0.4557 15.8439 -6.0000 1.3111
839 1.2443 1.5693 0.1266 0.2291 0.4566 15.9117 -6.6200 1.5065
840 1.2422 1.5673 0.1272 0.2248 0.4532 16.0342 -6.5270 1.5085
841 1.2354 1.5638 0.1242 0.2110 0.4470 16.1092 -6.4390 1.4796
842 1.2418 1.5698 0.1248 0.2236 0.4597 16.0566 -6.2910 1.4529
843 1.2485 1.5793 0.1218 0.2371 0.4795 16.1945 -6.1070 1.4133
844 1.2537 1.5881 0.1230 0.2475 0.4979 16.3685 -5.9520 1.3254
845 1.2626 1.5924 0.1213 0.2654 0.5075 15.4939 -5.9050 1.3461
846 1.2742 1.5917 0.1201 0.2889 0.5070 16.3473 -5.5660 1.1994
847 1.2817 1.5887 0.1207 0.3041 0.5018 16.2968 -5.6840 1.2524
848 1.2850 1.5892 0.1230 0.3113 0.5037 15.9754 -5.9200 1.4162
849 1.2885 1.5892 0.1248 0.3185 0.5047 16.2529 -6.2390 1.4569
850 1.2932 1.5864 0.1272 0.3283 0.5000 15.9207 -5.9450 1.3341
851 1.2332 1.5906 0.1248 0.2082 0.5092 16.2830 -5.5350 1.2433
852 1.2300 1.5914 0.1236 0.2016 0.5117 15.6207 -5.4100 1.2230
853 1.2248 1.5952 0.1115 0.1910 0.5203 17.3884 -5.4450 1.2762
854 1.2168 1.5989 0.1213 0.1746 0.5287 16.2346 -5.3820 1.2528
855 1.2018 1.6017 0.1248 0.1442 0.5353 15.4234 -5.3720 1.2635
856 1.1849 1.5990 0.1230 0.1096 0.5309 16.5918 -5.1050 1.0937
857 1.1672 1.5999 0.1272 0.0735 0.5337 16.2886 -5.1830 1.1231
858 1.1467 1.6020 0.1207 0.0315 0.5389 17.2117 -5.2500 1.1950
859 1.1284 1.6053 0.1254 -0.0065 0.5465 16.4819 -5.0020 1.0882
860 1.1139 1.6060 0.1272 -0.0367 0.5490 16.2808 -4.9970 1.0492
861 1.2436 1.5519 0.1224 0.2226 0.4413 16.7529 -5.1650 1.1952
862 1.2398 1.5579 0.1230 0.2150 0.4539 16.6418 -5.3280 1.2021
863 1.2364 1.5624 0.1201 0.2080 0.4635 16.6604 -5.5480 1.3307
864 1.2351 1.5677 0.1218 0.2051 0.4748 16.4686 -5.6800 1.2404
865 1.2325 1.5734 0.1224 0.1998 0.4870 15.8960 -5.8860 1.2911
866 1.2287 1.5795 0.1143 0.1920 0.5000 17.6479 -6.2100 1.4745
867 1.2229 1.5868 0.1230 0.1802 0.5155 16.8597 -6.6090 1.5432
868 1.2188 1.5962 0.1248 0.1717 0.5351 16.7843 -6.4200 1.4389
869 1.2129 1.6041 0.1242 0.1595 0.5521 16.5170 -6.3920 1.4985
870 1.2093 1.6088 0.1272 0.1519 0.5624 16.4671 -6.4110 1.4805
871 1.2214 1.5367 0.1230 0.1758 0.4187 16.8647 -6.0860 1.4282
872 1.2225 1.5385 0.1260 0.1778 0.4227 16.5261 -5.8870 1.2740
873 1.2257 1.5399 0.1236 0.1839 0.4259 16.4765 -5.5550 1.2922
874 1.2301 1.5409 0.1242 0.1925 0.4283 16.6608 -5.3480 1.2649
875 1.2341 1.5416 0.1236 0.2002 0.4300 16.1076 -4.9400 1.1327
876 1.2381 1.5522 0.1278 0.2082 0.4517 16.7463 -4.8940 1.1398
877 1.2424 1.5649 0.1278 0.2167 0.4779 16.4636 -4.9950 1.0879
878 1.2463 1.5795 0.1272 0.2244 0.5078 16.7944 -4.7982 1.1011
879 1.2490 1.5881 0.1254 0.2298 0.5259 16.8485 -4.9720 1.0721
880 1.2539 1.5953 0.1266 0.2396 0.5412 16.9610 -4.9340 1.0437
881 1.2138 1.5586 0.1260 0.1591 0.4685 16.8670 -5.0180 1.1643
882 1.2126 1.5542 0.1254 0.1564 0.4602 16.1892 -4.8060 1.0543
883 1.2110 1.5518 0.1166 0.1528 0.4559 17.9733 -4.4870 0.9433
884 1.2074 1.5514 0.1266 0.1451 0.4556 16.9117 -4.2910 0.9210
885 1.2003 1.5514 0.1290 0.1304 0.4561 16.5800 -3.9230 0.8774
886 1.1898 1.5534 0.1260 0.1088 0.4607 16.9602 -4.0310 0.9015
887 1.1773 1.5550 0.1266 0.0830 0.4644 16.8469 -4.0720 0.9573
888 1.1644 1.5586 0.1260 0.0564 0.4722 16.6994 -4.1200 1.0334
889 1.1529 1.5603 0.1266 0.0325 0.4762 16.6461 -4.0670 1.0288
890 1.1476 1.5620 0.1242 0.0209 0.4803 17.1827 8.4910 -7.5131
891 1.2190 1.5572 0.1230 0.1633 0.4712 17.1021 -4.3330 1.0483
892 1.2207 1.5592 0.1248 0.1665 0.4758 17.0259 -3.9420 0.8906
893 1.2244 1.5608 0.1260 0.1735 0.4796 17.0208 -3.9410 0.8921
894 1.2276 1.5587 0.1248 0.1798 0.4760 17.3630 -3.7750 0.7372
895 1.2297 1.5570 0.1178 0.1837 0.4732 17.9881 -3.5260 0.7619
896 1.2337 1.5509 0.1284 0.1916 0.4615 17.0288 -3.5500 0.8728
897 1.2397 1.5429 0.1242 0.2036 0.4459 17.0721 -3.5920 0.8576
898 1.2462 1.5370 0.1266 0.2165 0.4346 16.9824 -3.8110 0.8814
899 1.2594 1.5292 0.1213 0.2430 0.4191 16.5915 -4.1640 0.9600
900 1.2698 1.5240 0.1236 0.2640 0.4090 17.1381 -3.5620 0.7726
901 1.2250 1.5305 0.1230 0.1741 0.4223 16.5251 -3.5900 0.8474
902 1.2350 1.5300 0.1260 0.1940 0.4215 16.9459 -3.4450 0.7871
903 1.2454 1.5252 0.1236 0.2147 0.4123 17.6096 -3.3810 0.7190
904 1.2602 1.5175 0.1260 0.2444 0.3971 17.1026 -2.7470 0.6545
905 1.2722 1.5131 0.1242 0.2686 0.3885 17.2766 -2.4690 0.5828
906 1.2814 1.5150 0.1266 0.2874 0.3924 16.5376 -2.7730 0.6687
907 1.2875 1.5149 0.1154 0.2999 0.3923 18.7258 -3.0690 0.7470
908 1.2958 1.5160 0.1272 0.3169 0.3946 17.1533 -3.6770 0.9678
909 1.3043 1.5167 0.1266 0.3346 0.3962 17.4245 -4.1320 0.9591
910 1.3110 1.5163 0.1260 0.3486 0.3955 17.0294 -4.5840 1.0254
911 1.1204 1.5250 0.1248 -0.0340 0.4132 17.2475 -5.2050 1.2157
912 1.1224 1.5238 0.1218 -0.0312 0.4110 17.6821 -5.4530 1.2682
913 1.1272 1.5203 0.1236 -0.0229 0.4042 17.5480 -5.8190 1.4667
914 1.1332 1.5127 0.1160 -0.0120 0.3892 18.2424 -5.6420 1.2982
915 1.1395 1.5055 0.1248 -0.0006 0.3749 17.5047 -5.6830 1.2704
916 1.1426 1.4995 0.1266 0.0045 0.3629 17.6082 -5.3730 1.3198
917 1.1437 1.4939 0.1260 0.0057 0.3516 17.5779 -5.0200 1.0446
918 1.1436 1.4875 0.1272 0.0044 0.3386 17.3313 -4.7000 1.0806
919 1.1447 1.4814 0.1195 0.0056 0.3262 18.4556 -4.1570 1.0065
920 1.1448 1.4756 0.1266 0.0047 0.3144 17.7384 -3.2720 0.6631
921 1.2250 0.0034 0.1242 0.1649 -2.0000 17.7388 -2.8290 0.6340
922 1.2214 0.0104 0.1260 0.1574 -2.0000 17.7230 -2.9100 0.6849
923 1.2246 0.0183 0.1254 0.1636 -2.0000 17.5139 -3.0920 0.7041
924 1.2242 0.0209 0.1284 0.1625 -2.0000 17.4108 -3.7100 0.8407
925 1.2226 0.0232 0.1284 0.1590 -2.0000 17.5461 -3.9340 0.9484
926 1.2218 0.0265 0.1260 0.1572 -2.0000 17.7930 -4.3530 1.0595
927 1.2238 0.0304 0.1272 0.1609 -2.0000 17.4867 -4.2840 0.9538
928 1.2278 0.0286 0.1266 0.1687 -2.0000 17.5776 -4.6490 1.1276
929 1.2359 0.0240 0.1254 0.1848 -2.0000 17.6216 -3.8160 0.8118
930 1.2394 0.0166 0.1266 0.1916 -2.0000 17.8564 -4.1590 0.9834
931 1.1517 1.5188 0.1242 0.0153 0.4010 17.9778 -3.8420 0.7513
932 1.1530 1.5191 0.1260 0.0169 0.4018 17.9622 -3.0360 0.5554
933 1.1544 1.5146 0.1172 0.0188 0.3929 18.8590 -3.0330 0.6215
934 1.1648 1.5090 0.1272 0.0387 0.3818 17.8553 -2.7720 0.7094
935 1.1813 1.4979 0.1284 0.0709 0.3596 17.6078 -3.2560 0.7731
936 1.2037 1.4840 0.1272 0.1153 0.3316 17.5911 -2.6910 0.6349
937 1.2297 1.4713 0.1278 0.1671 0.3059 17.5371 -3.5140 0.9239
938 1.2593 1.4575 0.1248 0.2264 0.2778 17.9160 -3.3320 0.7072
939 1.2885 1.4414 0.1266 0.2853 0.2451 17.7791 -3.5120 0.7708
940 1.3177 1.4246 0.1272 0.3442 0.2109 17.9019 -3.2590 0.7995
941 1.1980 1.5249 0.1248 0.1044 0.4116 18.2652 -3.8030 0.8895
942 1.1974 1.5181 0.1260 0.1026 0.3983 17.7797 -3.5780 0.9035
943 1.1923 1.5083 0.1260 0.0919 0.3787 17.9197 -3.2040 0.5194
944 1.1893 1.4973 0.1254 0.0852 0.3566 17.1859 -3.1640 0.8078
945 1.1882 1.4915 0.1254 0.0825 0.3449 17.9695 -3.3330 0.8703
946 1.1883 1.4812 0.1248 0.0820 0.3243 18.4209 -4.3960 1.1349
947 1.1871 1.4714 0.1248 0.0789 0.3043 17.9591 -4.2930 0.9914
948 1.1860 1.4573 0.1284 0.0761 0.2758 17.7843 -4.5100 1.0041
949 1.1890 1.4381 0.1266 0.0814 0.2366 17.9004 -4.2080 1.0014
950 1.1896 1.4267 0.1284 0.0822 0.2131 17.9344 -4.5940 1.1184
951 1.2014 1.5160 0.1272 0.1052 0.3919 18.1544 -4.7000 1.0824
952 1.2020 1.5164 0.1272 0.1060 0.3929 18.1130 -5.5630 1.2713
953 1.2062 1.5169 0.1248 0.1140 0.3941 17.1270 -4.9360 1.1665
954 1.2102 1.5162 0.1278 0.1214 0.3928 18.1383 -5.2820 1.2720
955 1.2146 1.5169 0.1242 0.1299 0.3944 18.4681 -4.9370 1.2068
956 1.2162 1.5141 0.1254 0.1327 0.3888 17.9854 -4.8330 0.8926
957 1.2205 1.5082 0.1242 0.1412 0.3772 18.5663 -5.1570 1.2922
958 1.2205 1.5065 0.1272 0.1409 0.3739 18.2255 -4.6530 1.1035
959 1.2209 1.5109 0.1183 0.1414 0.3828 19.0682 -3.4180 0.7388
960 1.2235 1.5130 0.1284 0.1463 0.3870 18.1744 -2.7740 0.3400
961 1.1852 1.5234 0.1260 0.0690 0.4081 18.2974 -2.9930 0.7546
962 1.1832 1.5254 0.1278 0.0644 0.4124 17.9797 -3.3560 0.6890
963 1.1776 1.5310 0.1266 0.0524 0.4239 18.0831 -4.5750 1.1378
964 1.1733 1.5378 0.1266 0.0430 0.4379 18.1610 -4.7640 1.2417
965 1.1691 1.5458 0.1254 0.0338 0.4543 17.3861 -4.2950 1.0621
966 1.1677 1.5550 0.1260 0.0302 0.4733 18.2704 -3.9250 0.9642
967 1.1667 1.5614 0.1248 0.0274 0.4867 18.6127 -4.0350 0.9073
968 1.1677 1.5626 0.1207 0.0287 0.4897 18.8882 -4.3800 1.0499
969 1.1660 1.5682 0.1260 0.0243 0.5016 18.4464 -4.7150 1.1792
970 1.1644 1.5716 0.1189 0.0203 0.5091 19.3687 -4.7630 1.1333
971 1.1986 1.5298 0.1248 0.0883 0.4258 18.3776 -5.5550 1.2900
972 1.1992 1.5398 0.1266 0.0888 0.4462 17.7099 -6.4540 1.3503
973 1.1953 1.5550 0.1143 0.0805 0.4772 19.6758 -5.9030 1.3915
974 1.1966 1.5636 0.1230 0.0827 0.4949 18.8878 -5.1570 1.1810
975 1.2016 1.5753 0.1132 0.0921 0.5192 19.4392 -5.4000 1.1745
976 1.2045 1.5810 0.1284 0.0975 0.5313 18.5827 -5.4790 6.0971
977 1.2073 1.5914 0.1248 0.1025 0.5531 18.4927 -5.5020 1.2577
978 1.2128 1.6110 0.1302 0.1132 0.5935 18.6448 -5.6550 1.1823
979 1.2243 1.6367 0.1284 0.1360 0.6461 18.3946 -6.0050 1.3154
980 1.2360 1.6612 0.1296 0.1592 0.6967 17.5518 -6.6340 1.5755
981 1.2132 1.5000 0.1254 0.1133 0.3744 18.4897 -6.3770 1.4427
982 1.2092 1.5120 0.1236 0.1049 0.3985 18.8383 0.0000 0.0334
983 1.2028 1.5288 0.1236 0.0916 0.4324 18.6790 -6.4540 1.5145
984 1.1925 1.5508 0.1230 0.0705 0.4769 19.0081 -6.4600 1.4629
985 1.1874 1.5724 0.1213 0.0595 0.5208 18.7066 -5.8260 1.2310
986 1.1898 1.5864 0.1290 0.0638 0.5497 18.5074 -4.4310 1.0118
987 1.1870 1.5952 0.1278 0.0576 0.5682 18.4314 -4.5230 1.0399
988 1.1844 1.6124 0.1296 0.0517 0.6037 18.4114 -4.8960 1.1500
989 1.1830 1.6300 0.1236 0.0482 0.6402 18.9710 0.5130 -2.5347
990 1.1848 1.6388 0.1254 0.0512 0.6592 18.5931 -4.2790 0.8774
991 1.2310 1.4946 0.1248 0.1434 0.3708 18.7428 -4.3550 0.9647
992 1.2374 1.4906 0.1242 0.1561 0.3627 18.7737 -3.8550 0.9219
993 1.2466 1.4766 0.1236 0.1744 0.3344 18.6289 -3.8610 0.9829
994 1.2538 1.4574 0.1236 0.1889 0.2956 19.0031 -4.8930 1.2046
995 1.2660 1.4354 0.1254 0.2133 0.2510 18.6885 -4.6700 0.9934
996 1.2869 1.4034 0.1260 0.2556 0.1860 18.9943 -2.8210 0.5935
997 1.3138 1.3662 0.1230 0.3100 0.1103 18.8347 -2.7730 0.6732
998 1.3395 1.3382 0.1278 0.3624 0.0527 18.8152 -3.6630 0.9696
999 1.3729 1.3181 0.1236 0.4303 0.0107 18.8014 -4.1880 1.0490
1000 1.3994 1.3034 0.1254 0.4848 -0.0207 19.0778 -5.5150 1.3465
1001 1.1775 1.5292 0.1236 0.0403 0.4312 19.0089 -6.1730 1.2379
1002 1.1747 1.5392 0.1278 0.0340 0.4516 18.8829 -6.4330 1.7204
1003 1.1762 1.5525 0.1207 0.0361 0.4786 19.1054 -5.6170 1.2629
1004 1.1764 1.5646 0.1266 0.0359 0.5035 18.1789 -5.1420 1.0730
1005 1.1818 1.5707 0.1149 0.0460 0.5163 20.3127 -3.5930 0.7955
1006 1.1877 1.5683 0.1272 0.0571 0.5124 19.2134 -4.1450 0.9651
1007 1.1922 1.5680 0.1195 0.0655 0.5124 19.7953 -3.4140 0.6160
1008 1.1875 1.5689 0.1278 0.0555 0.5149 19.0571 -2.9140 0.7450
1009 1.1728 1.5750 0.1260 0.0253 0.5278 19.1717 -3.3860 0.8510
1010 1.1554 1.5823 0.1278 -0.0103 0.5432 18.1433 -3.8840 0.7731
1011 1.1594 1.4920 0.1272 -0.0032 0.3626 18.9373 -3.3240 0.7731
1012 1.1630 1.4836 0.1254 0.0031 0.3456 19.1720 -3.2170 0.5922
1013 1.1726 1.4700 0.1272 0.0215 0.3181 19.0944 -1.7580 0.3516
1014 1.1768 1.4616 0.1172 0.0293 0.3009 20.3169 -1.9750 0.4631
1015 1.1806 1.4536 0.1284 0.0362 0.2845 19.1680 -2.0680 0.3498
1016 1.1936 1.4496 0.1315 0.0616 0.2760 18.8807 -1.9980 0.5359
1017 1.2134 1.4437 0.1302 0.1007 0.2635 19.2277 -1.5830 0.3278
1018 1.2319 1.4453 0.1358 0.1376 0.2663 18.8240 -1.3670 0.4671
1019 1.2509 1.4473 0.1308 0.1756 0.2698 19.3112 -1.7470 0.4391
1020 1.2662 1.4457 0.1218 0.2065 0.2660 20.2795 -1.0110 0.1035
1021 1.0731 1.5043 0.1308 -0.1816 0.3832 18.8535 -1.5330 0.3638
1022 1.0692 1.5095 0.1272 -0.1911 0.3936 19.7305 -2.3740 0.6253
1023 1.0634 1.5241 0.1266 -0.2047 0.4231 19.3359 -2.9940 0.6934
1024 1.0589 1.5359 0.1296 -0.2156 0.4470 19.1719 -3.5660 1.0405
1025 1.0578 1.5437 0.1213 -0.2197 0.4632 20.1952 -3.1440 0.7027
1026 1.0551 1.5527 0.1345 -0.2271 0.4816 18.7997 -2.8480 0.7628
1027 1.0520 1.5687 0.1345 -0.2352 0.5143 19.1851 -3.5970 0.9535
1028 1.0501 1.5851 0.1321 -0.2410 0.5480 19.6228 -3.6310 0.9237
1029 1.0430 1.6091 0.1358 -0.2573 0.5971 19.1309 -4.7100 1.1843
1030 1.0362 1.6275 0.1242 -0.2730 0.6352 20.4720 -0.8280 -1.5737
1031 1.1960 1.4928 0.1396 0.0460 0.3657 18.9540 -5.4100 1.4411
1032 1.1900 1.5012 0.1352 0.0334 0.3825 19.6232 -5.1160 1.1718
1033 1.1820 1.5086 0.1315 0.0167 0.3975 19.6476 -5.6020 1.4745
1034 1.1720 1.5194 0.1358 -0.0040 0.4192 19.2689 -6.0110 1.2544
1035 1.1696 1.5255 0.1308 -0.0096 0.4316 19.6310 -5.0900 1.1781
1036 1.1612 1.5348 0.1327 -0.0273 0.4507 18.3437 -5.8870 1.4391
1037 1.1516 1.5518 0.1278 -0.0475 0.4851 19.5438 -7.1610 1.5348
1038 1.1416 1.5667 0.1260 -0.0686 0.5156 20.0821 -8.4150 1.8931
1039 1.1356 1.5777 0.1166 -0.0818 0.5384 20.7453 -8.9280 2.1056
1040 1.1291 1.5893 0.1315 -0.0959 0.5624 19.1569 -10.5000 2.4768
1041 1.2452 1.4748 0.1377 0.1362 0.3332 19.0983 -10.9860 2.3708
1042 1.2544 1.4760 0.1512 0.1546 0.3354 18.8888 -11.1220 2.5756
1043 1.2664 1.4800 0.1663 0.1789 0.3432 18.9323 -10.7210 2.3532
1044 1.2732 1.4924 0.1824 0.1927 0.3679 18.0254 -10.2070 2.2384
1045 1.2797 1.5004 0.1877 0.2058 0.3839 18.2913 -8.7290 1.8806
1046 1.2867 1.5040 0.1801 0.2203 0.3911 19.3561 -6.9600 1.4856
1047 1.2968 1.5056 0.1728 0.2409 0.3944 18.6078 -7.2310 1.5633
1048 1.3128 1.5116 0.1566 0.2736 0.4065 19.7736 -7.3150 1.6581
1049 1.3302 1.5268 0.1421 0.3092 0.4372 20.0366 -6.7630 1.4600
1050 1.3417 1.5358 0.1248 0.3331 0.4556 20.6583 -6.3830 1.3323
1051 1.1630 1.4246 0.1189 -0.0252 0.2324 20.3501 -6.4110 1.5797
1052 1.1770 1.4298 0.1218 0.0021 0.2421 19.6069 -7.5750 1.8508
1053 1.2010 1.4354 0.1236 0.0496 0.2526 19.7660 -7.6440 1.7500
1054 1.2218 1.4402 0.1327 0.0909 0.2616 19.2909 -8.0660 1.9276
1055 1.2426 1.4462 0.1370 0.1325 0.2731 19.4625 -7.5730 1.5553
1056 1.2664 1.4510 0.1408 0.1802 0.2822 19.3365 -7.1160 1.6254
1057 1.2929 1.4554 0.1447 0.2337 0.2906 19.2066 -7.3290 1.8058
1058 1.3175 1.4618 0.1526 0.2835 0.3030 19.4527 -8.4660 1.9133
1059 1.3436 1.4702 0.1621 0.3368 0.3195 18.9999 -7.9690 1.8014
1060 1.3672 1.4758 0.1699 0.3850 0.3304 18.5638 -7.6600 1.6218
1061 1.1134 1.4796 0.1566 -0.1240 0.3378 20.3744 -7.0500 1.6770
1062 1.1177 1.4836 0.1706 -0.1167 0.3457 19.0618 -6.3440 1.4451
1063 1.1206 1.4928 0.1677 -0.1121 0.3640 19.1260 -5.0870 1.2451
1064 1.1228 1.5000 0.1685 -0.1089 0.3784 19.5512 -4.1580 0.9569
1065 1.1327 1.5020 0.1553 -0.0904 0.3824 18.3933 -3.3460 0.6160
1066 1.1525 1.4940 0.1460 -0.0518 0.3664 19.7163 -2.0000 0.1769
1067 1.1703 1.4840 0.1364 -0.0169 0.3462 19.7895 -2.9950 0.8392
1068 1.1813 1.4792 0.1254 0.0043 0.3364 20.9399 -4.1970 3.0707
1069 1.1965 1.4724 0.1339 0.0341 0.3225 19.8101 -3.9490 1.0256
1070 1.2131 1.4604 0.1364 0.0670 0.2981 19.8986 -3.4290 0.8178
1071 1.4191 1.4034 0.1415 0.4807 2.0000 19.8766 -3.4350 0.7720
1072 1.4192 1.4110 0.1479 0.4827 2.0000 18.4779 -3.6950 0.8672
1073 1.4213 1.4142 0.1512 0.4886 2.0000 19.7158 -4.9330 1.2059
1074 1.4270 1.4130 0.1546 0.5018 2.0000 19.5950 -5.0900 1.4002
1075 1.4377 1.4114 0.1453 0.5249 2.0000 20.3819 -6.3230 1.5210
1076 1.4533 1.4038 0.1553 0.5582 2.0000 19.4703 -7.2080 1.9801
1077 1.4621 1.4006 0.1580 0.5780 2.0000 19.3584 -9.0120 2.3561
1078 1.4737 1.3930 0.1607 0.6034 2.0000 19.2442 -7.1490 1.2112
1079 1.4873 1.3930 0.1607 0.6330 2.0000 16.8981 -0.6590 -0.0692
1080 1.4938 1.3970 0.1594 0.6483 2.0000 19.4978 2.1390 -0.8857
1081 1.7430 1.1816 0.1566 1.1517 -0.2627 19.4920 3.4310 -0.7571
1082 1.7443 1.1821 0.1699 1.1593 -0.2648 18.4612 2.1210 -0.2970
1083 1.7438 1.1775 0.1649 1.1632 -0.2772 19.4155 0.4450 0.2057
1084 1.7364 1.1750 0.1628 1.1534 -0.2856 19.5359 -0.7770 0.1829
1085 1.7367 1.1656 0.1580 1.1587 -0.3076 19.7084 -1.8320 1.2821
1086 1.7406 1.1534 0.1499 1.1713 -0.3354 20.0084 -0.3530 -1.1630
1087 1.7468 1.1473 0.1460 1.1888 -0.3513 19.8982 4.0000 -0.8721
1088 1.7587 1.1408 0.1499 1.2177 -0.3678 19.4391 -6.0830 1.1970
1089 1.7731 1.1270 0.1486 1.2518 -0.3992 19.7415 -6.3760 1.6116
1090 1.7826 1.1206 0.1566 1.2761 -0.4158 19.7922 -8.4150 2.1392
1091 1.6580 0.9718 0.1628 1.0309 -0.7187 19.2640 -8.5410 1.9340
1092 1.6664 0.9730 0.1706 1.0519 -0.7215 19.2529 -9.0770 2.0697
1093 1.6744 0.9802 0.1649 1.0721 -0.7124 20.4489 -8.8150 1.8695
1094 1.6844 0.9829 0.1908 1.0965 -0.7121 18.9316 -7.9540 1.7495
1095 1.6964 0.9852 0.1939 1.1250 -0.7125 18.5588 -7.1660 1.3646
1096 1.7072 0.9872 0.2019 1.1511 -0.7138 18.6314 -6.6290 1.5036
1097 1.7216 0.9888 0.1614 1.1846 -0.7156 19.5259 -5.3200 1.1069
1098 1.7364 0.9861 0.1900 1.2191 -0.7262 19.2682 -4.5260 1.0103
1099 1.7532 0.9814 0.1801 1.2577 -0.7408 17.9215 -2.6740 0.4918
1100 1.7660 0.9774 0.1677 1.2885 -0.7540 19.9148 -1.3300 -0.0205
1101 1.2280 1.1418 0.1519 0.2123 -2.0000 20.5514 -1.0020 0.2021
1102 1.2223 1.1390 0.1296 0.2006 -2.0000 21.5118 -3.5710 1.1182
1103 1.2129 1.1382 0.1296 0.1814 -2.0000 20.4599 -5.1000 1.2017
1104 1.2015 1.1402 0.1260 0.1582 -2.0000 20.5462 -5.1110 1.0679
1105 1.1921 1.1394 0.1272 0.1388 -2.0000 20.4812 -4.1970 0.7991
1106 1.1879 1.1317 0.1321 0.1298 -2.0000 20.2198 -3.3630 0.7831
1107 1.1914 1.1198 0.1377 0.1362 -2.0000 19.8118 -2.6190 0.6749
1108 1.1922 1.1131 0.1519 0.1373 -2.0000 19.3254 -3.3220 0.8496
1109 1.1927 1.1134 0.1621 0.1375 -2.0000 19.2459 -3.5830 0.6691
1110 1.1959 1.1151 0.1594 0.1434 -2.0000 20.5599 -2.6430 0.5525
1111 1.0402 1.3480 0.1824 -0.1700 -0.0143 19.2665 -2.0420 0.3480
1112 1.0388 1.3340 0.1877 -0.1750 -0.0440 19.3179 -1.7490 0.4337
1113 1.0431 1.3193 0.1720 -0.1684 -0.0752 21.0451 -2.0440 0.8527
1114 1.0535 1.3038 0.1742 -0.1497 -0.1082 19.5897 -3.2440 0.7726
1115 1.0618 1.2935 0.1559 -0.1349 -0.1309 20.2978 -5.8570 1.6180
1116 1.0769 1.2835 0.1479 -0.1063 -0.1531 20.1883 -6.7940 1.8354
1117 1.0997 1.2735 0.1447 -0.0624 -0.1753 19.9411 -7.9600 1.8425
1118 1.1228 1.2685 0.1486 -0.0174 -0.1875 20.1371 -7.4550 1.6776
1119 1.1512 1.2665 0.1553 0.0385 -0.1939 18.3777 -7.4180 1.5110
1120 1.1730 1.2668 0.1614 0.0814 -0.1956 19.7704 -7.7610 1.7453
1121 1.3512 1.5440 0.1692 0.4387 0.3592 18.6418 -7.0710 1.5499
1122 1.3604 1.5412 0.1713 0.4582 0.3540 20.5405 -6.6760 1.5377
1123 1.3700 1.5332 0.1931 0.4786 0.3383 18.9960 -5.7220 1.3961
1124 1.3832 1.5206 0.2068 0.5063 0.3132 18.7959 -4.4620 1.0027
1125 1.4008 1.5056 0.2043 0.5431 0.2834 19.2567 -4.2640 0.9235
1126 1.4149 1.4927 0.2135 0.5729 0.2575 18.4043 -3.0610 0.5183
1127 1.4350 1.4754 0.2076 0.6149 0.2226 19.1896 -1.6410 0.3572
1128 1.4628 1.4496 0.2052 0.6727 0.1706 17.8583 -1.7590 0.5227
1129 1.4924 1.4177 0.1892 0.7342 0.1059 19.9300 -1.0800 0.2439
1130 1.5125 1.3958 0.1831 0.7771 0.0612 19.2739 -1.2750 0.2744
1131 1.3999 1.4290 0.1635 0.5535 0.1268 19.8180 -0.7970 0.2228
1132 1.4042 1.4230 0.1396 0.5635 0.1140 20.0511 -1.8290 0.5975
1133 1.4097 1.4070 0.1553 0.5761 0.0811 19.7374 -1.8470 0.4444
1134 1.4052 1.3906 0.1370 0.5688 0.0472 20.1322 -3.2930 0.7662
1135 1.3908 1.3773 0.1377 0.5413 0.0193 20.3858 -4.6890 1.5063
1136 1.3727 1.3679 0.1580 0.5063 -0.0008 19.1220 -5.2500 1.2017
1137 1.3597 1.3575 0.1728 0.4815 -0.0230 19.4971 -5.7340 1.3094
1138 1.3520 1.3435 0.2093 0.4670 -0.0526 18.3337 -2.0820 0.1678
1139 1.3446 1.3291 0.2212 0.4531 -0.0831 18.8426 0.9170 -0.1719
1140 1.3386 1.3164 0.2527 0.4421 -0.1102 18.0303 3.0470 -0.8149
1141 1.4054 1.1224 0.2546 0.5772 -0.5021 17.9807 4.5100 -1.0520
1142 1.4154 1.1124 0.2186 0.5989 -0.5259 21.1300 5.8640 -1.3406
1143 1.4342 1.0948 0.2011 0.6382 -0.5652 19.1189 5.1670 -0.9783
1144 1.4523 1.0814 0.1600 0.6766 -0.5962 21.2092 4.1510 -0.8961
1145 1.4733 1.0701 0.1339 0.7207 -0.6231 20.4023 2.7660 -0.7691
1146 1.4898 1.0624 0.1218 0.7562 -0.6429 20.6040 0.6870 -0.0447
1147 1.5035 1.0527 0.1207 0.7861 -0.6668 20.8241 -0.3880 0.1686
1148 1.5167 1.0394 0.1224 0.8153 -0.6980 19.6532 -0.3830 -0.0572
1149 1.5310 1.0240 0.1284 0.8467 -0.7334 20.3512 -0.7960 0.0570
1150 1.5402 1.0132 0.1408 0.8678 -0.7599 19.7896 -1.5400 0.5033
1151 1.4766 0.9130 0.1364 0.7429 -0.9662 22.0073 -2.3250 0.4135
1152 1.4836 0.9142 0.1757 0.7594 -0.9697 18.9579 -1.7790 0.3984
1153 1.4975 0.9118 0.1757 0.7897 -0.9804 20.3549 -2.5850 0.4722
1154 1.5134 0.9058 0.1995 0.8241 -0.9983 19.1313 -4.0320 0.9976
1155 1.5321 0.8997 0.1846 0.8643 -1.0165 20.5157 -4.6030 1.1902
1156 1.5528 0.8945 0.1877 0.9087 -1.0331 20.2300 -4.4690 1.0430
1157 1.5739 0.8912 0.1779 0.9541 -1.0457 19.5033 -5.2750 1.4792
1158 1.5932 0.8915 0.1621 0.9962 -1.0511 20.3947 -5.4410 1.2584
1159 1.6056 0.8915 0.1526 1.0245 -1.0573 19.9109 -6.5400 1.6130
1160 1.6137 0.8898 0.1453 1.0443 -1.0666 20.3947 -6.9150 0.2276
1161 1.4220 1.3818 0.1364 0.6626 -0.0839 20.5210 -10.0050 2.5357
1162 1.4229 1.3870 0.1358 0.6662 -0.0746 20.4257 -12.1600 2.9102
1163 1.4231 1.3922 0.1479 0.6682 -0.0653 19.7382 -14.0690 3.3925
1164 1.4260 1.3964 0.1663 0.6759 -0.0579 20.1055 -11.6490 2.1240
1165 1.4293 1.4042 0.1892 0.6844 -0.0433 18.4519 -9.3820 2.1212
1166 1.4292 1.4188 0.2169 0.6859 -0.0150 19.5639 -7.2020 1.5372
1167 1.4290 1.4410 0.2459 0.6872 0.0288 17.4300 -6.3720 1.3218
1168 1.4315 1.4632 0.2606 0.6940 0.0729 17.9614 -3.7560 0.7735
1169 1.4360 1.4844 0.2626 0.7050 0.1152 18.2089 -3.4020 0.8372
1170 1.4383 1.4988 0.2636 0.7113 0.1439 18.1795 -5.6560 1.7202
count posx posy posz xout yout zout heading hd_out
1 0.0000 0.0000 0.0000 0.0000 0.0000 0.0000 0.0000 0.0000
2 0.0000 0.0002 0.1254 0.0000 0.0003 0.0000 -3.3550 1.1829
3 0.0000 0.0005 0.1260 0.0000 0.0011 0.0000 -2.4160 0.5570
4 0.0000 0.0012 0.1278 0.0000 0.0023 0.0000 -2.2550 0.5049
5 0.0000 0.0020 0.1254 0.0000 0.0039 0.0000 -2.1270 0.5099
6 0.0000 0.0029 0.1172 0.0000 0.0059 0.0000 -2.0840 0.4838
7 0.0000 0.0041 0.1260 0.0000 0.0083 0.0000 -2.1770 0.5272
8 0.0000 0.0053 0.1296 0.0000 0.0108 0.0000 -2.2480 0.5305
9 0.0000 0.0067 0.1248 0.0000 0.0136 0.0000 -2.3360 0.5603
10 0.0000 0.0076 0.1260 0.0000 0.0154 0.0000 -2.3610 0.5614
11 1.2419 1.5341 0.1248 -0.0162 0.0688 1.8191 -2.2910 0.5241
12 1.2417 1.5343 0.1266 -0.0169 0.0696 1.5617 -2.2690 0.5361
13 1.2412 1.5348 0.1254 -0.0179 0.0709 1.3655 -2.1790 0.5356
14 1.2406 1.5354 0.1260 -0.0192 0.0724 1.6709 -2.1800 0.5194
15 1.2398 1.5361 0.1272 -0.0208 0.0742 1.1277 -2.1620 0.4954
16 1.2390 1.5369 0.1266 -0.0226 0.0762 1.6369 -2.0780 0.4909
17 1.2380 1.5378 0.1248 -0.0247 0.0784 1.7508 -1.9260 0.4313
18 1.2370 1.5388 0.1272 -0.0269 0.0809 1.5413 -1.8340 0.4406
19 1.2357 1.5401 0.1272 -0.0295 0.0837 1.6201 -1.8240 0.4411
20 1.2347 1.5412 0.1290 -0.0318 0.0864 1.1773 -1.8430 0.4577
21 1.2499 1.5290 0.1254 -0.0013 0.0624 1.8060 -1.8320 0.4419
22 1.2497 1.5292 0.1248 -0.0017 0.0630 1.8962 -1.8930 0.4457
23 1.2493 1.5295 0.1260 -0.0026 0.0639 1.5918 -1.9500 0.4767
24 1.2486 1.5300 0.1254 -0.0039 0.0652 1.8017 -1.9820 0.4918
25 1.2476 1.5306 0.1266 -0.0060 0.0667 0.7944 -0.9020 -0.2350
26 1.2463 1.5313 0.1266 -0.0085 0.0685 1.9359 -1.8860 0.4624
27 1.2448 1.5323 0.1278 -0.0116 0.0707 1.7491 -1.9040 0.4571
28 1.2432 1.5336 0.1201 -0.0150 0.0737 2.5744 -1.7350 0.3901
29 1.2413 1.5354 0.1266 -0.0188 0.0775 1.8714 -1.5390 0.3643
30 1.2396 1.5369 0.1266 -0.0222 0.0809 2.2502 -1.4790 0.3567
31 1.2369 1.5370 0.1248 -0.0278 0.0815 1.9364 -1.4000 0.3138
32 1.2367 1.5370 0.1284 -0.0283 0.0820 0.8736 -1.4570 0.3585
33 1.2363 1.5373 0.1149 -0.0293 0.0828 3.0465 -1.4200 0.3565
34 1.2354 1.5376 0.1266 -0.0312 0.0839 1.9572 -1.3750 0.3340
35 1.2344 1.5381 0.1266 -0.0333 0.0852 1.7956 -1.1680 0.2421
36 1.2335 1.5387 0.1278 -0.0354 0.0868 1.9094 -1.0850 0.2739
37 1.2323 1.5394 0.1278 -0.0380 0.0887 0.9228 -1.0870 0.2762
38 1.2308 1.5403 0.1195 -0.0411 0.0908 2.9439 -1.1470 0.3042
39 1.2295 1.5412 0.1284 -0.0439 0.0930 1.8888 -1.2720 0.3231
40 1.2275 1.5424 0.1195 -0.0481 0.0958 2.8585 -1.3120 0.3218
41 1.2490 1.5272 0.1260 -0.0052 0.0657 2.0328 -1.3070 0.3229
42 1.2487 1.5278 0.1260 -0.0057 0.0671 2.0517 -1.1370 0.2739
43 1.2482 1.5285 0.1260 -0.0068 0.0690 2.0109 -1.1160 0.2808
44 1.2475 1.5295 0.1272 -0.0082 0.0713 2.0049 -1.0860 0.2746
45 1.2467 1.5308 0.1278 -0.0099 0.0741 1.9508 -1.1400 0.2920
46 1.2457 1.5322 0.1260 -0.0119 0.0772 2.1857 -1.1660 0.2862
47 1.2445 1.5337 0.1266 -0.0144 0.0806 2.0725 -1.1360 0.2733
48 1.2431 1.5354 0.1260 -0.0173 0.0843 2.2227 -1.2640 0.3169
49 1.2414 1.5372 0.1260 -0.0206 0.0883 2.1215 -1.2710 0.3242
50 1.2400 1.5388 0.1254 -0.0237 0.0918 2.2080 -1.1820 0.2826
51 1.2469 1.5500 0.1242 -0.0099 0.1149 2.5460 -1.1920 0.2848
52 1.2462 1.5502 0.1272 -0.0112 0.1157 2.0251 -1.2600 0.3138
53 1.2453 1.5504 0.1272 -0.0131 0.1167 1.9842 -1.2700 0.3427
54 1.2442 1.5508 0.1254 -0.0155 0.1180 2.5790 -1.2520 0.3120
55 1.2428 1.5513 0.1266 -0.0184 0.1193 2.0337 -1.0000 0.2559
56 1.2410 1.5518 0.1278 -0.0219 0.1209 2.3274 -1.2070 0.2570
57 1.2390 1.5524 0.1266 -0.0261 0.1226 2.1300 -3.8140 0.8821
58 1.2366 1.5531 0.1284 -0.0309 0.1245 2.1107 -1.4030 0.3572
59 1.2339 1.5538 0.1248 -0.0365 0.1265 2.3823 -1.4180 0.3293
60 1.2315 1.5545 0.1266 -0.0415 0.1284 2.4215 -1.4300 0.3538
61 1.2556 1.5530 0.1160 0.0067 0.1259 3.6503 -1.4720 0.3703
62 1.2548 1.5530 0.1266 0.0052 0.1265 2.5203 -1.4940 0.3725
63 1.2537 1.5531 0.1278 0.0031 0.1273 2.0941 -1.4960 0.3676
64 1.2523 1.5533 0.1272 0.0002 0.1282 2.4849 -1.5320 0.3796
65 1.2510 1.5535 0.1189 -0.0025 0.1292 3.2547 -1.4400 0.3396
66 1.2490 1.5538 0.1260 -0.0064 0.1303 2.6628 -1.5720 0.4237
67 1.2467 1.5541 0.1254 -0.0109 0.1314 1.6332 -1.3500 0.2070
68 1.2442 1.5544 0.1278 -0.0162 0.1325 2.3631 -1.5590 0.3803
69 1.2413 1.5547 0.1242 -0.0219 0.1337 2.9337 -1.6890 0.4368
70 1.2389 1.5550 0.1266 -0.0269 0.1349 2.4809 -1.8480 0.4646
71 1.2359 1.5371 0.1260 -0.0330 0.0993 2.6283 -1.9110 0.4738
72 1.2356 1.5372 0.1260 -0.0338 0.1000 2.6469 -1.9000 0.4500
73 1.2350 1.5374 0.1254 -0.0351 0.1007 2.6773 -2.0370 0.5138
74 1.2342 1.5377 0.1260 -0.0369 0.1017 2.5047 -2.1860 0.5345
75 1.2331 1.5381 0.1254 -0.0392 0.1028 2.6549 -2.0630 0.4742
76 1.2317 1.5385 0.1266 -0.0422 0.1042 2.8299 -2.0730 0.5031
77 1.2299 1.5391 0.1254 -0.0461 0.1056 2.8716 -2.0000 0.4566
78 1.2277 1.5397 0.1207 -0.0506 0.1072 3.2784 -1.9470 0.4528
79 1.2251 1.5403 0.1224 -0.0560 0.1088 3.1454 1.8440 -1.1989
80 1.2228 1.5407 0.1278 -0.0610 0.1102 2.8773 -1.7910 0.4319
81 1.2488 1.5529 0.1242 -0.0090 0.1351 2.8456 -1.8430 0.4359
82 1.2482 1.5528 0.1278 -0.0101 0.1354 2.6119 -1.8080 0.4451
83 1.2473 1.5526 0.1242 -0.0120 0.1355 2.8825 -1.7778 0.4290
84 1.2460 1.5523 0.1278 -0.0147 0.1355 2.7092 -1.7830 0.8596
85 1.2443 1.5520 0.1248 -0.0181 0.1353 2.9078 -1.7160 0.4063
86 1.2423 1.5516 0.1272 -0.0223 0.1350 2.8183 -1.7170 0.3950
87 1.2400 1.5511 0.1260 -0.0270 0.1346 2.7412 -1.6690 0.4092
88 1.2374 1.5506 0.1201 -0.0322 0.1340 3.7703 -1.8670 0.4582
89 1.2346 1.5499 0.1248 -0.0381 0.1332 3.2222 -1.9480 0.4807
90 1.2321 1.5494 0.1296 -0.0432 0.1326 2.5980 -2.0170 0.4724
91 1.1828 1.5519 0.1266 -0.1424 0.1383 2.9155 -1.8880 0.4375
92 1.1824 1.5519 0.1272 -0.1440 0.1387 2.0352 -1.9390 0.4764
93 1.1815 1.5518 0.1166 -0.1464 0.1390 4.2741 -2.0300 0.4909
94 1.1803 1.5518 0.1278 -0.1495 0.1394 2.8871 -2.0250 0.4698
95 1.1789 1.5516 0.1290 -0.1529 0.1397 2.6998 -2.0200 0.4709
96 1.1772 1.5515 0.1260 -0.1571 0.1399 3.0800 -2.0120 0.4762
97 1.1754 1.5513 0.1266 -0.1615 0.1400 2.2001 -1.9720 0.4838
98 1.1733 1.5510 0.1172 -0.1665 0.1400 4.3578 -1.9300 0.4517
99 1.1709 1.5508 0.1260 -0.1720 0.1400 3.1368 -1.7500 0.4326
100 1.1688 1.5506 0.1278 -0.1770 0.1401 2.8746 -1.6290 0.3879
101 1.2618 1.5370 0.1254 0.0092 0.1134 3.1779 -1.5430 0.3589
102 1.2613 1.5370 0.1278 0.0082 0.1138 2.9076 -1.6210 0.3843
103 1.2606 1.5372 0.1126 0.0068 0.1146 4.6917 -1.4480 0.3427
104 1.2594 1.5375 0.1254 0.0047 0.1155 3.5959 -1.3360 0.3307
105 1.2579 1.5378 0.1266 0.0016 0.1165 2.8108 -1.1790 0.2819
106 1.2559 1.5382 0.1272 -0.0022 0.1176 3.1148 -1.1870 0.3251
107 1.2537 1.5387 0.1242 -0.0066 0.1190 3.1356 -1.0000 0.1148
108 1.2512 1.5392 0.1260 -0.0116 0.1205 3.2969 -1.1660 0.2893
109 1.2484 1.5399 0.1248 -0.0173 0.1222 3.2198 -1.1880 0.3066
110 1.2459 1.5405 0.1278 -0.0223 0.1239 3.2339 -1.2090 0.3064
111 1.2478 1.5581 0.1248 -0.0184 0.1595 3.7298 -1.0059 0.2572
112 1.2473 1.5582 0.1266 -0.0195 0.1603 2.5228 -0.9560 0.2323
113 1.2465 1.5583 0.1266 -0.0212 0.1612 3.0709 -0.9420 0.2190
114 1.2454 1.5585 0.1260 -0.0234 0.1621 3.5814 -0.8670 0.2285
115 1.2440 1.5586 0.1254 -0.0263 0.1629 3.4309 -0.9020 0.2390
116 1.2423 1.5587 0.1266 -0.0297 0.1638 3.4255 -1.0170 0.2673
117 1.2404 1.5589 0.1278 -0.0337 0.1647 2.4713 -0.9760 0.2390
118 1.2381 1.5590 0.1272 -0.0383 0.1655 3.3306 -0.9690 0.2468
119 1.2356 1.5591 0.1278 -0.0435 0.1664 3.3969 -1.0160 0.2733
120 1.2334 1.5593 0.1278 -0.0482 0.1673 3.3511 -1.0180 0.2479
121 1.2459 1.5410 0.1272 -0.0231 0.1311 3.4986 -0.9770 0.2512
122 1.2457 1.5410 0.1266 -0.0236 0.1316 3.3488 -0.9190 0.2245
123 1.2452 1.5411 0.1260 -0.0247 0.1321 3.4992 -0.8940 0.2354
124 1.2444 1.5412 0.1254 -0.0262 0.1326 3.8907 -0.8730 0.2125
125 1.2434 1.5412 0.1183 -0.0284 0.1332 4.4563 -0.8390 0.2081
126 1.2420 1.5413 0.1272 -0.0312 0.1338 3.4705 -0.9070 0.2437
127 1.2405 1.5416 0.1266 -0.0343 0.1347 2.6775 -0.9350 0.2521
128 1.2388 1.5417 0.1260 -0.0379 0.1354 3.6524 -0.9400 0.2310
129 1.2368 1.5418 0.1266 -0.0419 0.1360 3.7798 -0.8540 0.2118
130 1.2351 1.5418 0.1189 -0.0455 0.1365 4.7776 -0.9000 0.2443
131 1.2459 1.5470 0.1254 -0.0240 0.1473 3.2378 -0.8560 0.2212
132 1.2455 1.5470 0.1296 -0.0248 0.1478 3.2840 -0.8650 0.2259
133 1.2451 1.5469 0.1242 -0.0256 0.1481 3.7730 -0.8020 0.1905
134 1.2444 1.5468 0.1284 -0.0270 0.1483 3.4667 -0.7990 0.2112
135 1.2435 1.5467 0.1242 -0.0289 0.1485 3.8098 -0.8520 0.2230
136 1.2422 1.5465 0.1272 -0.0316 0.1487 3.7090 -0.8810 0.2352
137 1.2406 1.5464 0.1242 -0.0349 0.1490 4.0867 -0.9740 0.2541
138 1.2388 1.5465 0.1278 -0.0387 0.1495 3.7337 -0.9490 0.2410
139 1.2367 1.5467 0.1272 -0.0430 0.1503 3.7038 -1.1330 0.2944
140 1.2348 1.5469 0.1109 -0.0469 0.1513 4.9647 -1.2660 0.3200
141 1.2559 1.5330 0.1248 -0.0047 0.1238 4.2029 -1.2860 0.3329
142 1.2552 1.5329 0.1278 -0.0060 0.1240 3.5608 -1.4410 0.3661
143 1.2541 1.5330 0.1260 -0.0082 0.1244 3.7961 -1.5390 0.3959
144 1.2528 1.5331 0.1254 -0.0107 0.1250 3.8866 -1.6780 0.4135
145 1.2512 1.5332 0.1178 -0.0139 0.1256 4.8234 -1.6870 0.4008
146 1.2497 1.5334 0.1278 -0.0170 0.1262 2.8095 -1.6490 0.3865
147 1.2475 1.5335 0.1254 -0.0214 0.1269 3.9392 -1.6930 0.4475
148 1.2448 1.5337 0.1266 -0.0267 0.1276 4.0541 -4.1480 0.9564
149 1.2419 1.5340 0.1260 -0.0328 0.1285 3.8450 -1.7040 0.3965
150 1.2393 1.5342 0.1266 -0.0380 0.1293 4.0880 -1.5870 0.3865
151 1.2498 1.5500 0.1272 -0.0170 0.1614 3.0258 -1.5420 0.3592
152 1.2493 1.5501 0.1290 -0.0180 0.1621 3.5313 -1.5790 0.3888
153 1.2486 1.5503 0.1254 -0.0195 0.1629 4.0435 -1.6060 0.3908
154 1.2474 1.5504 0.1254 -0.0218 0.1637 4.0622 -1.6020 0.3979
155 1.2460 1.5506 0.1166 -0.0247 0.1646 5.0786 -1.5390 0.3741
156 1.2443 1.5509 0.1248 -0.0280 0.1656 4.4727 -1.0000 0.0089
157 1.2425 1.5513 0.1266 -0.0318 0.1670 3.7971 -1.6230 0.3938
158 1.2401 1.5512 0.1284 -0.0366 0.1672 4.0171 -1.7130 0.4279
159 1.2375 1.5509 0.1272 -0.0421 0.1673 3.8806 -1.6910 0.4097
160 1.2351 1.5508 0.1260 -0.0469 0.1674 4.3395 -1.7060 0.4286
161 1.2439 1.5460 0.1278 -0.0294 0.1583 4.1979 -1.6590 0.3834
162 1.2435 1.5459 0.1260 -0.0302 0.1586 4.1920 -1.6220 0.3903
163 1.2428 1.5458 0.1236 -0.0317 0.1590 4.4371 -1.6040 0.3979
164 1.2417 1.5458 0.1260 -0.0340 0.1593 3.5211 -1.5070 0.3767
165 1.2403 1.5458 0.1166 -0.0370 0.1598 5.1386 -1.3450 0.3100
166 1.2384 1.5460 0.1278 -0.0408 0.1606 4.2915 -1.3680 0.3369
167 1.2362 1.5461 0.1272 -0.0453 0.1613 4.1413 -1.3340 0.3200
168 1.2337 1.5462 0.1278 -0.0505 0.1620 4.2676 -1.3640 0.3391
169 1.2310 1.5462 0.1254 -0.0562 0.1625 3.8022 -1.2030 0.2753
170 1.2285 1.5462 0.1278 -0.0613 0.1629 3.4707 -1.1780 0.2817
171 1.2441 1.5499 0.1254 -0.0302 0.1709 3.6581 -1.3710 0.3331
172 1.2440 1.5499 0.1266 -0.0305 0.1712 4.2395 -1.3920 0.3440
173 1.2436 1.5498 0.1266 -0.0313 0.1715 4.2580 -1.3990 0.3371
174 1.2429 1.5496 0.1266 -0.0328 0.1718 3.5696 -1.5480 0.3819
175 1.2418 1.5492 0.1260 -0.0351 0.1714 4.4873 -1.7520 0.4482
176 1.2404 1.5485 0.1272 -0.0380 0.1705 4.7242 -1.7470 0.4221
177 1.2386 1.5479 0.1284 -0.0417 0.1697 4.2343 -1.6670 0.4021
178 1.2365 1.5473 0.1290 -0.0461 0.1689 3.4111 -1.7620 0.4313
179 1.2341 1.5466 0.1272 -0.0511 0.1681 4.5971 -1.8740 0.4740
180 1.2318 1.5458 0.1201 -0.0559 0.1670 5.4669 -1.9200 0.4709
181 1.2477 1.5377 0.1248 -0.0241 0.1511 3.8496 -2.0090 0.5067
182 1.2465 1.5368 0.1272 -0.0264 0.1496 4.5817 -2.1040 0.5123
183 1.2449 1.5358 0.1272 -0.0298 0.1480 4.4800 -2.0540 0.4744
184 1.2430 1.5355 0.1272 -0.0336 0.1477 4.4382 -2.1450 0.5232
185 1.2410 1.5360 0.1266 -0.0376 0.1491 4.5892 -2.3400 0.5701
186 1.2391 1.5365 0.1272 -0.0416 0.1505 4.8372 -2.3880 0.5528
187 1.2369 1.5370 0.1183 -0.0460 0.1518 5.6183 -2.4130 0.5637
188 1.2345 1.5368 0.1266 -0.0511 0.1519 4.7049 -2.3920 0.5585
189 1.2316 1.5365 0.1278 -0.0570 0.1516 4.5185 -2.3210 0.5668
190 1.2291 1.5364 0.1290 -0.0622 0.1517 4.5686 -2.2640 0.5243
191 1.2509 1.5481 0.1266 -0.0187 0.1756 4.7525 -2.1200 0.5078
192 1.2506 1.5481 0.1278 -0.0192 0.1762 4.5062 -2.0500 0.4709
193 1.2501 1.5484 0.1236 -0.0202 0.1772 4.8487 -1.8930 0.4480
194 1.2494 1.5488 0.1278 -0.0217 0.1786 4.6039 -1.8150 0.4261
195 1.2481 1.5491 0.1242 -0.0243 0.1795 5.1146 -1.7310 0.4061
196 1.2467 1.5493 0.1272 -0.0271 0.1805 4.7136 -1.7870 0.4546
197 1.2452 1.5497 0.1278 -0.0302 0.1817 4.5995 -1.9300 0.4633
198 1.2435 1.5503 0.1266 -0.0337 0.1835 4.8824 -1.9380 0.4682
199 1.2416 1.5512 0.1278 -0.0375 0.1858 3.8117 -2.0820 0.5034
200 1.2404 1.5518 0.1278 -0.0399 0.1875 3.8230 -2.1410 0.5187
201 1.2510 1.5302 0.1266 -0.0188 0.1446 4.6876 -2.3920 0.5715
202 1.2509 1.5305 0.1260 -0.0190 0.1455 4.9576 -2.3760 0.5719
203 1.2507 1.5308 0.1260 -0.0194 0.1465 4.8564 -2.5110 0.5922
204 1.2503 1.5313 0.1278 -0.0203 0.1477 4.7181 -2.5780 0.6258
205 1.2496 1.5311 0.1178 -0.0216 0.1478 5.9438 -2.5300 0.5928
206 1.2487 1.5308 0.1260 -0.0234 0.1474 5.2738 -2.4360 0.5608
207 1.2477 1.5310 0.1272 -0.0255 0.1482 4.7867 -2.3460 0.5376
208 1.2464 1.5315 0.1284 -0.0280 0.1495 4.9605 -2.2800 0.5407
209 1.2451 1.5322 0.1260 -0.0308 0.1511 4.8481 0.0000 0.0334
210 1.2443 1.5324 0.1272 -0.0323 0.1518 5.0784 -2.3080 0.6841
211 1.2581 1.5509 0.1248 -0.0046 0.1893 4.5505 -2.2320 0.5100
212 1.2580 1.5508 0.1272 -0.0049 0.1897 4.9914 -2.2400 0.5318
213 1.2577 1.5509 0.1242 -0.0053 0.1903 5.0708 -2.2780 0.5376
214 1.2575 1.5519 0.1266 -0.0057 0.1930 4.3906 -2.3300 0.5439
215 1.2573 1.5541 0.1172 -0.0060 0.1979 6.0714 -2.2620 0.5314
216 1.2565 1.5556 0.1278 -0.0075 0.2013 5.2350 -2.1140 0.4651
217 1.2535 1.5550 0.1272 -0.0135 0.2007 4.9047 -1.9900 0.4393
218 1.2501 1.5537 0.1272 -0.0202 0.1987 5.2230 -1.9450 0.4506
219 1.2468 1.5528 0.1254 -0.0269 0.1975 5.0984 -2.0160 0.5047
220 1.2438 1.5520 0.1207 -0.0330 0.1963 5.7418 -2.0610 0.4773
221 1.2559 1.5422 0.1254 -0.0087 0.1771 4.4838 -2.0200 0.4945
222 1.2556 1.5426 0.1260 -0.0092 0.1785 5.1953 -2.1540 0.5127
223 1.2551 1.5434 0.1278 -0.0102 0.1803 5.1168 -2.2090 0.5316
224 1.2543 1.5442 0.1272 -0.0118 0.1825 4.4392 -2.2440 0.5425
225 1.2528 1.5437 0.1178 -0.0147 0.1819 6.3608 -2.4290 0.5619
226 1.2509 1.5429 0.1266 -0.0185 0.1807 5.6198 -2.3720 0.5496
227 1.2492 1.5415 0.1272 -0.0219 0.1783 5.2037 -2.3420 0.5430
228 1.2472 1.5401 0.1248 -0.0260 0.1760 5.5097 -2.0970 0.4827
229 1.2404 1.5351 0.1266 -0.0396 0.1663 5.4329 -2.1570 0.5379
230 1.2352 1.5322 0.1278 -0.0503 0.1608 4.5874 -2.2520 0.5399
231 1.2496 1.5425 0.1260 -0.0215 0.1818 5.5309 -2.1410 0.4942
232 1.2486 1.5434 0.1290 -0.0233 0.1841 5.1871 -2.0670 0.5014
233 1.2479 1.5447 0.1242 -0.0249 0.1872 5.6623 -1.9790 0.4471
234 1.2457 1.5469 0.1278 -0.0292 0.1919 5.4899 -1.9280 0.4504
235 1.2430 1.5491 0.1254 -0.0348 0.1969 5.3768 -1.9850 0.4702
236 1.2391 1.5519 0.1272 -0.0427 0.2030 5.4783 -1.9030 0.4528
237 1.2354 1.5554 0.1260 -0.0501 0.2106 4.4667 -0.8010 -0.2423
238 1.2308 1.5590 0.1266 -0.0595 0.2184 5.5884 -1.7260 0.4077
239 1.2269 1.5638 0.1248 -0.0676 0.2286 5.8831 -1.6900 0.4050
240 1.2249 1.5665 0.1266 -0.0718 0.2347 5.6182 -1.7610 0.4266
241 1.2411 1.5358 0.1266 -0.0395 0.1736 5.5129 -1.8580 0.4775
242 1.2417 1.5376 0.1266 -0.0384 0.1775 4.5339 -2.0750 0.5160
243 1.2417 1.5406 0.1254 -0.0385 0.1839 5.6949 -2.1690 0.5058
244 1.2391 1.5448 0.1260 -0.0439 0.1927 5.7014 -2.1390 0.5112
245 1.2357 1.5495 0.1272 -0.0508 0.2026 5.5157 -2.2550 0.5450
246 1.2331 1.5560 0.1254 -0.0561 0.2162 5.7505 -2.4180 0.5808
247 1.2307 1.5652 0.1266 -0.0611 0.2354 4.7436 -2.4810 0.5908
248 1.2273 1.5757 0.1272 -0.0681 0.2570 5.5123 -2.5490 0.5855
249 1.2227 1.5843 0.1254 -0.0776 0.2752 5.9270 -2.5710 0.6082
250 1.2191 1.5885 0.1189 -0.0851 0.2843 6.6568 -2.5820 0.6217
251 1.2298 1.5322 0.1254 -0.0639 0.1722 6.0139 -2.6670 0.6389
252 1.2287 1.5324 0.1260 -0.0664 0.1728 5.9603 -2.4290 0.5637
253 1.2273 1.5324 0.1254 -0.0694 0.1732 5.7508 -2.3910 0.5672
254 1.2249 1.5306 0.1266 -0.0745 0.1699 5.8650 -2.5200 0.6231
255 1.2211 1.5269 0.1242 -0.0822 0.1628 5.9906 -2.5360 0.6093
256 1.2179 1.5229 0.1272 -0.0891 0.1551 5.8295 -2.5150 0.5966
257 1.2173 1.5191 0.1242 -0.0906 0.1477 5.0899 -2.4680 0.5804
258 1.2146 1.5154 0.1272 -0.0963 0.1404 5.8669 -2.3740 0.5550
259 1.2103 1.5112 0.1242 -0.1053 0.1320 6.3653 -2.2710 0.5196
260 1.2060 1.5077 0.1290 -0.1144 0.1251 5.7425 -2.4290 0.6011
261 1.2370 1.5408 0.1278 -0.0526 0.1917 5.7220 -2.4810 0.5935
262 1.2379 1.5428 0.1278 -0.0509 0.1961 5.8604 -2.6710 0.6691
263 1.2397 1.5450 0.1266 -0.0473 0.2011 5.9600 -2.7340 0.6422
264 1.2422 1.5486 0.1260 -0.0424 0.2087 5.4570 -2.7400 0.6378
265 1.2457 1.5520 0.1260 -0.0354 0.2161 5.9491 -2.7930 0.6549
266 1.2508 1.5568 0.1284 -0.0251 0.2262 6.0394 -2.7980 0.6542
267 1.2548 1.5607 0.1260 -0.0173 0.2346 5.8666 -2.7760 0.6373
268 1.2576 1.5631 0.1272 -0.0116 0.2401 6.1002 -2.8030 0.6634
269 1.2597 1.5644 0.1254 -0.0073 0.2432 5.9751 -2.8720 0.6671
270 1.2607 1.5655 0.1266 -0.0051 0.2461 6.1456 -2.7650 0.6193
271 1.2478 1.5530 0.1266 -0.0309 0.2217 6.0402 -2.7360 0.6311
272 1.2459 1.5543 0.1272 -0.0347 0.2248 5.2166 -2.6640 0.6249
273 1.2412 1.5535 0.1278 -0.0443 0.2237 5.9292 -2.6710 0.6229
274 1.2391 1.5501 0.1254 -0.0485 0.2173 6.4165 -2.5680 0.5990
275 1.2382 1.5495 0.1183 -0.0505 0.2167 7.0433 -2.6220 0.6235
276 1.2354 1.5494 0.1254 -0.0563 0.2171 6.3334 -2.5030 0.5779
277 1.2315 1.5475 0.1266 -0.0642 0.2136 6.0886 -2.5200 0.6146
278 1.2280 1.5470 0.1254 -0.0715 0.2132 6.3107 -2.5020 0.5879
279 1.2228 1.5462 0.1272 -0.0821 0.2120 6.1132 -2.4840 0.5901
280 1.2193 1.5456 0.1284 -0.0895 0.2113 6.1631 -2.3970 0.5410
281 1.2503 1.5413 0.1248 -0.0273 0.2031 6.6105 -2.3850 0.5583
282 1.2479 1.5423 0.1278 -0.0323 0.2055 5.3799 -2.3390 0.5387
283 1.2439 1.5440 0.1248 -0.0403 0.2093 6.2883 -2.2520 0.5345
284 1.2361 1.5442 0.1266 -0.0561 0.2101 6.3904 -2.0740 0.4949
285 1.2272 1.5473 0.1248 -0.0741 0.2169 6.2661 -1.9630 0.4555
286 1.2160 1.5500 0.1266 -0.0968 0.2228 6.3675 -2.0130 0.4956
287 1.2062 1.5556 0.1254 -0.1168 0.2345 6.4101 -2.0630 1.4035
288 1.1946 1.5608 0.1201 -0.1407 0.2455 7.2477 -2.0670 0.4858
289 1.1842 1.5641 0.1254 -0.1620 0.2528 6.5074 -1.9720 0.4344
290 1.1781 1.5658 0.1278 -0.1750 0.2569 5.4641 -2.0240 0.4882
291 1.1652 1.5497 0.1260 -0.2017 0.2251 6.5222 -2.1230 0.5049
292 1.1630 1.5475 0.1278 -0.2069 0.2213 6.3841 -2.0730 0.4800
293 1.1629 1.5459 0.1183 -0.2080 0.2185 7.4198 -2.0400 0.4807
294 1.1608 1.5429 0.1254 -0.2131 0.2128 6.5905 -2.1800 0.5283
295 1.1589 1.5368 0.1272 -0.2177 0.2010 6.3332 -2.2920 0.5537
296 1.1597 1.5323 0.1260 -0.2171 0.1924 6.5554 -2.2640 0.5577
297 1.1594 1.5284 0.1266 -0.2186 0.1849 6.6219 -2.1010 0.4840
298 1.1585 1.5219 0.1189 -0.2213 0.1720 7.7445 -2.0210 0.5094
299 1.1604 1.5151 0.1266 -0.2183 0.1586 6.6596 -1.8030 0.4266
300 1.1625 1.5115 0.1284 -0.2151 0.1516 6.6953 -1.7780 0.4317
301 1.2424 1.5372 0.1254 -0.0554 0.2033 6.8294 -1.6880 0.4037
302 1.2393 1.5373 0.1260 -0.0616 0.2040 5.8314 -1.8670 0.4675
303 1.2371 1.5411 0.1160 -0.0662 0.2119 7.8133 -1.9580 0.4976
304 1.2319 1.5478 0.1260 -0.0768 0.2258 6.8746 -2.0350 0.5000
305 1.2241 1.5553 0.1254 -0.0925 0.2413 6.6652 -2.0820 0.5002
306 1.2190 1.5628 0.1284 -0.1031 0.2570 6.5019 -2.0220 0.4704
307 1.2169 1.5717 0.1248 -0.1077 0.2754 6.8933 -2.1030 0.5040
308 1.2142 1.5808 0.1195 -0.1134 0.2944 7.7291 -2.1710 0.5160
309 1.2092 1.5894 0.1248 -0.1239 0.3126 6.8704 -2.2310 0.5632
310 1.2032 1.5965 0.1272 -0.1363 0.3278 7.0194 -2.3650 0.5663
311 1.2553 1.5350 0.1248 -0.0319 0.2050 7.1400 -2.3560 0.5430
312 1.2550 1.5370 0.1278 -0.0325 0.2094 6.6745 -2.5260 0.6053
313 1.2515 1.5399 0.1266 -0.0395 0.2156 6.7775 -2.5940 0.5942
314 1.2461 1.5417 0.1272 -0.0504 0.2196 6.7235 -2.6540 0.6418
315 1.2411 1.5430 0.1260 -0.0606 0.2228 6.1200 -2.7350 0.6527
316 1.2400 1.5446 0.1183 -0.0628 0.2264 7.8858 -2.8030 0.6651
317 1.2396 1.5485 0.1260 -0.0637 0.2347 7.0444 -2.8090 0.6407
318 1.2350 1.5548 0.1302 -0.0730 0.2479 6.6147 -2.6600 0.6071
319 1.2301 1.5573 0.1248 -0.0831 0.2534 7.0443 -2.6430 0.6189
320 1.2276 1.5544 0.1284 -0.0882 0.2480 6.8669 -2.7740 0.6814
321 1.2378 1.5319 0.1272 -0.0681 0.2035 6.8498 -2.8440 0.6747
322 1.2356 1.5392 0.1254 -0.0726 0.2184 7.0243 -2.9250 0.7021
323 1.2307 1.5456 0.1178 -0.0826 0.2317 7.9578 -3.0440 0.7157
324 1.2180 1.5596 0.1266 -0.1082 0.2602 6.9744 -3.0500 0.6876
325 1.1966 1.5770 0.1230 -0.1516 0.2958 7.1843 -3.2550 0.7466
326 1.1692 1.5976 0.1189 -0.2072 0.3381 8.0547 -3.2200 0.7286
327 1.1419 1.6227 0.1266 -0.2628 0.3894 6.9708 -3.1270 0.7243
328 1.1189 1.6429 0.1272 -0.3102 0.4312 6.9769 -3.0160 0.6876
329 1.0994 1.6623 0.1284 -0.3507 0.4717 6.9704 -3.0130 0.7119
330 1.0802 1.6813 0.1278 -0.3907 0.5116 6.9372 -3.0460 0.7054
331 1.2584 1.5416 0.1248 -0.0342 0.2324 7.1927 -3.0550 0.7212
332 1.2619 1.5417 0.1254 -0.0272 0.2331 7.3800 -3.1230 0.7248
333 1.2671 1.5411 0.1248 -0.0167 0.2324 6.4106 -3.0820 0.6796
334 1.2766 1.5418 0.1254 0.0026 0.2342 7.4177 -3.1330 0.7306
335 1.2890 1.5410 0.1254 0.0278 0.2330 7.3164 -3.1560 0.7437
336 1.3008 1.5394 0.1290 0.0519 0.2301 6.9608 -3.2870 0.7813
337 1.3143 1.5406 0.1248 0.0797 0.2329 7.4249 0.0000 1.5279
338 1.3284 1.5429 0.1284 0.1087 0.2381 7.1310 -3.4400 0.8309
339 1.3478 1.5439 0.1248 0.1484 0.2404 7.4022 -3.4410 0.8093
340 1.3659 1.5420 0.1266 0.1857 0.2370 7.5021 -3.5640 0.8536
341 1.2582 1.5334 0.1242 -0.0296 0.2202 7.6868 -3.7400 2.5302
342 1.2501 1.5347 0.1266 -0.0458 0.2232 7.1790 -3.0000 0.7010
343 1.2404 1.5364 0.1260 -0.0654 0.2269 6.5072 -3.8030 0.8895
344 1.2357 1.5352 0.1183 -0.0748 0.2250 8.2091 -3.7550 0.8935
345 1.2336 1.5422 0.1266 -0.0791 0.2392 7.4751 -3.8360 0.8870
346 1.2333 1.5543 0.1278 -0.0800 0.2640 7.2884 -3.8950 0.8948
347 1.2311 1.5683 0.1266 -0.0845 0.2927 7.5115 -3.7480 0.8412
348 1.2285 1.5825 0.1272 -0.0899 0.3220 6.6876 -3.6870 0.8414
349 1.2233 1.5983 0.1260 -0.1007 0.3545 7.5607 -3.6310 0.8454
350 1.2175 1.6127 0.1272 -0.1126 0.3845 7.4910 -3.6750 0.8552
351 1.2422 1.5402 0.1248 -0.0632 0.2399 7.5541 -3.6780 0.8563
352 1.2458 1.5342 0.1248 -0.0562 0.2282 7.6327 -3.5720 0.8501
353 1.2480 1.5246 0.1266 -0.0517 0.2093 7.4365 -3.6050 0.7995
354 1.2503 1.5226 0.1290 -0.0471 0.2055 7.2845 -3.6550 0.8734
355 1.2493 1.5306 0.1272 -0.0492 0.2218 7.6411 -3.6140 0.8741
356 1.2446 1.5486 0.1189 -0.0587 0.2583 8.7751 -3.5410 0.8174
357 1.2329 1.5702 0.1266 -0.0822 0.3022 7.5101 -3.5830 0.8338
358 1.2233 1.5890 0.1296 -0.1016 0.3407 6.5174 -3.6160 0.8612
359 1.2123 1.6098 0.1242 -0.1239 0.3834 7.7750 -3.6890 0.8570
360 1.2068 1.6258 0.1248 -0.1354 0.4166 8.0182 -3.8390 0.9024
361 1.2604 1.5570 0.1266 -0.0282 0.2796 7.6369 -3.9650 0.9429
362 1.2647 1.5522 0.1260 -0.0194 0.2705 7.8476 -3.9840 0.8963
363 1.2693 1.5477 0.1254 -0.0100 0.2620 7.5799 -44.0540 27.6391
364 1.2774 1.5427 0.1266 0.0065 0.2525 7.8132 -4.1700 0.9569
365 1.2897 1.5419 0.1272 0.0316 0.2512 7.4602 -4.2520 1.0370
366 1.3049 1.5435 0.1266 0.0624 0.2549 7.8500 -4.4800 1.0548
367 1.3238 1.5480 0.1248 0.1010 0.2643 7.7260 -4.5870 1.0813
368 1.3434 1.5512 0.1260 0.1411 0.2713 7.8395 -4.6840 1.0770
369 1.3637 1.5556 0.1260 0.1828 0.2806 7.7986 -4.7550 1.0915
370 1.3813 1.5637 0.1290 0.2195 0.2975 7.6313 -4.8540 1.1505
371 1.1657 1.6638 0.1254 -0.2126 0.4993 7.9603 0.0000 0.0334
372 1.1629 1.6665 0.1254 -0.2192 0.5063 7.9793 -5.0310 1.1382
373 1.1575 1.6721 0.1266 -0.2309 0.5192 6.9724 -5.1750 1.1801
374 1.1497 1.6804 0.1254 -0.2474 0.5377 8.0171 -5.2290 1.1805
375 1.1424 1.6899 0.1260 -0.2632 0.5586 8.0840 -5.4460 1.2528
376 1.1365 1.6982 0.1272 -0.2761 0.5772 7.9580 -5.5530 1.2678
377 1.1307 1.7093 0.1260 -0.2889 0.6014 8.1210 -5.5510 1.2780
378 1.1252 1.7189 0.1290 -0.3012 0.6229 6.7754 -5.5140 1.2876
379 1.1178 1.7226 0.1260 -0.3172 0.6324 8.0385 -5.6560 1.2956
380 1.1122 1.7210 0.1272 -0.3297 0.6315 7.9088 -5.7380 1.3267
381 1.1771 1.5354 0.1242 -0.2007 0.2607 8.4030 -5.7760 1.2973
382 1.1721 1.5327 0.1260 -0.2115 0.2556 8.3881 -5.7880 1.3014
383 1.1614 1.5292 0.1266 -0.2338 0.2488 6.9790 -6.0780 1.4073
384 1.1526 1.5265 0.1284 -0.2524 0.2436 7.9553 -6.2680 1.4229
385 1.1481 1.5212 0.1242 -0.2625 0.2334 8.3579 -6.3660 1.4549
386 1.1400 1.5164 0.1296 -0.2798 0.2239 7.8462 -6.4410 1.4667
387 1.1309 1.5157 0.1248 -0.2991 0.2226 8.3233 -6.5720 1.4869
388 1.1274 1.5218 0.1278 -0.3074 0.2352 6.9842 -6.6420 1.5154
389 1.1263 1.5285 0.1242 -0.3108 0.2488 8.3131 -6.7750 1.5317
390 1.1256 1.5342 0.1278 -0.3135 0.2606 8.1359 -6.8800 1.5417
391 1.2468 1.5311 0.1260 -0.0710 0.2546 8.2476 -6.9910 1.6002
392 1.2521 1.5346 0.1272 -0.0605 0.2620 8.1822 -9.5700 3.2761
393 1.2562 1.5355 0.1242 -0.0522 0.2641 8.3214 -7.1510 1.6336
394 1.2570 1.5380 0.1260 -0.0504 0.2695 8.4240 -7.2310 1.6501
395 1.2521 1.5393 0.1254 -0.0603 0.2725 8.6350 -7.2930 1.6585
396 1.2456 1.5400 0.1284 -0.0733 0.2743 7.9915 -7.4520 1.7144
397 1.2378 1.5460 0.1272 -0.0890 0.2867 8.2748 -7.4050 1.6888
398 1.2300 1.5532 0.1272 -0.1048 0.3017 8.2337 -7.5880 1.7424
399 1.2163 1.5602 0.1260 -0.1326 0.3164 8.3965 -7.4080 1.6708
400 1.2057 1.5632 0.1278 -0.1542 0.3230 8.2543 -7.2070 1.6309
401 1.2365 1.5444 0.1254 -0.0927 0.2858 8.3780 -7.2930 1.6656
402 1.2280 1.5456 0.1272 -0.1099 0.2887 8.3563 -7.0310 1.6033
403 1.2216 1.5486 0.1278 -0.1230 0.2951 8.3022 -7.1060 1.6587
404 1.2237 1.5608 0.1266 -0.1192 0.3200 8.4648 -7.3560 1.6708
405 1.2217 1.5709 0.1272 -0.1235 0.3411 7.5846 -7.3090 1.6358
406 1.2101 1.5711 0.1172 -0.1471 0.3421 9.8145 -7.0230 1.5352
407 1.1936 1.5635 0.1272 -0.1806 0.3275 8.5090 -6.7080 1.5261
408 1.1798 1.5554 0.1278 -0.2089 0.3120 8.3345 -6.5420 1.4745
409 1.1758 1.5537 0.1260 -0.2176 0.3090 8.5099 -6.5520 1.4923
410 1.1798 1.5562 0.1290 -0.2103 0.3147 8.4033 -6.8250 1.5766
411 1.2570 1.5559 0.1266 -0.0558 0.3145 8.7114 -7.1800 1.6587
412 1.2730 1.5704 0.1272 -0.0236 0.3444 8.6579 -7.5900 1.7424
413 1.2990 1.5950 0.1272 0.0289 0.3945 7.4989 -7.8570 1.8045
414 1.3350 1.6291 0.1272 0.1017 0.4640 8.6955 -8.1620 1.8430
415 1.3810 1.6732 0.1260 0.1950 0.5538 8.6776 -8.1940 1.8568
416 1.4250 1.7130 0.1260 0.2848 0.6356 8.5729 -8.1810 1.8276
417 1.4890 1.7598 0.1248 0.4152 0.7317 8.7950 -7.9710 1.7676
418 1.5624 1.8000 0.1266 0.5651 0.8153 8.7778 -7.6910 1.6990
419 1.6315 1.8309 0.1248 0.7072 0.8803 8.9515 -7.3800 1.6507
420 1.6796 1.8509 0.1278 0.8077 0.9238 8.6061 -7.5070 1.7822
421 1.2480 1.5471 0.1260 -0.0556 0.3166 8.8375 -7.9050 1.8379
422 1.2460 1.5538 0.1266 -0.0596 0.3306 8.7840 -8.0370 1.8152
423 1.2540 1.5644 0.1278 -0.0436 0.3525 8.5380 -8.0490 1.7902
424 1.2720 1.5705 0.1248 -0.0074 0.3653 8.9766 -7.8190 1.7818
425 1.2987 1.5683 0.1254 0.0465 0.3616 8.8637 -7.5890 1.7271
426 1.3202 1.5587 0.1260 0.0903 0.3431 8.8703 -7.1830 1.5904
427 1.3318 1.5429 0.1260 0.1142 0.3118 8.9488 -7.0340 1.5702
428 1.3334 1.5298 0.1272 0.1182 0.2860 9.0037 -7.2860 1.6943
429 1.3277 1.5172 0.1266 0.1077 0.2610 8.9736 -7.8970 1.8454
430 1.3264 1.5071 0.1272 0.1057 0.2408 8.8557 -8.1220 1.9031
431 1.1690 1.5440 0.1248 -0.2098 0.3150 9.0385 -8.3020 1.9066
432 1.1830 1.5506 0.1254 -0.1825 0.3287 9.3470 -8.0700 1.7985
433 1.2063 1.5551 0.1266 -0.1363 0.3383 8.7411 -7.5490 1.6461
434 1.2332 1.5497 0.1284 -0.0827 0.3281 8.9017 -7.1460 1.5969
435 1.2536 1.5391 0.1248 -0.0418 0.3071 9.1724 -7.1290 1.6647
436 1.2641 1.5363 0.1189 -0.0208 0.3019 10.0184 -7.2650 1.6647
437 1.2693 1.5351 0.1248 -0.0101 0.2999 9.1506 -7.7070 1.7440
438 1.2837 1.5371 0.1284 0.0191 0.3043 8.9162 -8.0340 1.8385
439 1.3082 1.5419 0.1260 0.0685 0.3144 9.0436 -8.0130 1.8499
440 1.3349 1.5412 0.1278 0.1229 0.3132 9.0818 -7.5840 1.6529
441 1.2356 1.5400 0.1266 -0.0758 0.3113 9.1210 -7.2830 1.6461
442 1.2232 1.5317 0.1272 -0.1010 0.2950 9.1880 -7.4940 1.7442
443 1.2053 1.5222 0.1266 -0.1373 0.2761 8.9784 -7.9840 1.8550
444 1.1926 1.5168 0.1272 -0.1633 0.2656 9.1642 -8.3860 1.9155
445 1.1899 1.5144 0.1242 -0.1693 0.2609 8.7136 -8.2060 1.8528
446 1.1918 1.5033 0.1183 -0.1660 0.2387 10.2060 -7.6650 1.6861
447 1.1858 1.4851 0.1236 -0.1786 0.2021 9.7113 -7.3310 1.6367
448 1.1700 1.4674 0.1296 -0.2110 0.1666 8.8279 -7.7390 1.8081
449 1.1521 1.4554 0.1272 -0.2478 0.1421 9.2570 -8.1150 1.8873
450 1.1449 1.4483 0.1266 -0.2633 0.1274 9.2841 -8.0430 1.8330
451 1.2541 1.5432 0.1254 -0.0447 0.3176 9.5632 -7.6000 1.6552
452 1.2522 1.5349 0.1260 -0.0485 0.3013 9.2695 -7.1020 1.5746
453 1.2404 1.5249 0.1254 -0.0723 0.2816 9.3004 -7.1300 1.6507
454 1.2222 1.5212 0.1278 -0.1089 0.2744 9.0899 -7.3860 1.7032
455 1.2104 1.5242 0.1254 -0.1329 0.2805 8.6328 -7.4580 1.6619
456 1.2083 1.5206 0.1166 -0.1376 0.2736 10.7131 -7.2560 1.6383
457 1.2050 1.5092 0.1260 -0.1446 0.2510 9.4830 -6.8560 1.5617
458 1.1917 1.5038 0.1296 -0.1718 0.2402 9.1264 -7.3010 1.6910
459 1.1804 1.5067 0.1254 -0.1950 0.2460 9.4715 -7.6600 1.7842
460 1.1786 1.5118 0.1260 -0.1994 0.2564 8.7078 -7.4280 1.6400
461 1.1633 1.5348 0.1260 -0.2308 0.3027 9.4896 -7.1200 1.6018
462 1.1505 1.5340 0.1272 -0.2575 0.3015 9.5440 -7.5760 1.8207
463 1.1427 1.5413 0.1260 -0.2742 0.3165 9.3473 -8.0390 1.8824
464 1.1433 1.5434 0.1260 -0.2739 0.3212 9.6653 -7.6910 1.7061
465 1.1409 1.5363 0.1242 -0.2799 0.3073 8.7815 -7.5250 1.7239
466 1.1314 1.5324 0.1178 -0.3001 0.2997 10.6934 -8.1370 1.9073
467 1.1296 1.5355 0.1254 -0.3048 0.3063 9.6738 -8.1610 1.7333
468 1.1323 1.5316 0.1207 -0.3007 0.2989 10.3808 -7.9220 1.7963
469 1.1257 1.5227 0.1272 -0.3151 0.2812 9.7354 -7.7550 1.7649
470 1.1169 1.5163 0.1284 -0.3341 0.2686 9.4845 -8.2440 1.9178
471 1.2450 1.5323 0.1260 -0.0779 0.3009 9.7889 -8.2080 1.8234
472 1.2512 1.5289 0.1260 -0.0655 0.2944 9.7473 -7.6500 1.7010
473 1.2481 1.5298 0.1272 -0.0716 0.2965 9.3232 -7.6810 1.7822
474 1.2471 1.5353 0.1248 -0.0737 0.3080 9.8083 -7.8650 1.7818
475 1.2540 1.5344 0.1266 -0.0599 0.3065 9.6117 -7.5510 1.6852
476 1.2544 1.5311 0.1266 -0.0591 0.3001 9.7497 -7.5230 1.7422
477 1.2568 1.5334 0.1272 -0.0543 0.3050 9.6359 -7.7750 1.7555
478 1.2674 1.5311 0.1272 -0.0329 0.3008 9.7741 -7.4440 1.6783
479 1.2713 1.5245 0.1266 -0.0248 0.2878 9.7450 -7.3050 1.6385
480 1.2683 1.5243 0.1260 -0.0305 0.2877 10.0725 -7.6200 1.7736
481 1.2500 1.5524 0.1242 -0.0672 0.3444 10.1817 -7.4980 1.6329
482 1.2560 1.5448 0.1254 -0.0551 0.3296 10.2383 -7.2510 1.6211
483 1.2522 1.5379 0.1278 -0.0627 0.3162 9.7267 -7.5550 1.7947
484 1.2512 1.5385 0.1290 -0.0647 0.3179 9.8410 -7.6960 1.7286
485 1.2535 1.5338 0.1272 -0.0601 0.3087 8.7788 -7.2790 1.6162
486 1.2469 1.5265 0.1290 -0.0733 0.2943 9.7573 -7.6360 1.7954
487 1.2455 1.5247 0.1254 -0.0761 0.2910 10.0890 -7.7330 1.7199
488 1.2469 1.5161 0.1290 -0.0734 0.2741 9.7937 -7.3500 1.6325
489 1.2385 1.5096 0.1254 -0.0903 0.2612 10.2462 -7.5410 1.7894
490 1.2294 1.5111 0.1278 -0.1087 0.2642 9.9120 -7.6410 1.7177
491 1.2422 1.5350 0.1254 -0.0832 0.3124 10.1552 -7.4120 1.6387
492 1.2402 1.5247 0.1278 -0.0873 0.2920 10.0659 -7.0600 1.6044
493 1.2330 1.5176 0.1183 -0.1018 0.2780 10.8014 -7.4970 1.7190
494 1.2350 1.5143 0.1266 -0.0980 0.2715 10.0673 -7.3110 1.5855
495 1.2412 1.5042 0.1254 -0.0856 0.2514 9.2304 -6.9890 1.5539
496 1.2381 1.4957 0.1272 -0.0921 0.2343 9.9730 -7.2680 1.6894
497 1.2369 1.4922 0.1272 -0.0945 0.2273 10.1114 -7.4870 1.6683
498 1.2457 1.4916 0.1189 -0.0769 0.2260 11.0046 -7.6370 1.7337
499 1.2625 1.4842 0.1278 -0.0432 0.2110 9.9564 -7.2750 1.6434
500 1.2719 1.4726 0.1272 -0.0243 0.1876 10.2243 -6.9730 1.5486
501 1.2270 1.5280 0.1266 -0.1143 0.2987 10.0717 -7.0560 1.6035
502 1.2135 1.5388 0.1254 -0.1416 0.3206 10.4140 -7.6280 1.7780
503 1.2042 1.5532 0.1248 -0.1606 0.3500 10.2648 -8.1080 1.8960
504 1.2049 1.5767 0.1272 -0.1597 0.3978 9.9958 -8.4000 1.9013
505 1.2156 1.6052 0.1236 -0.1387 0.4558 10.5049 -8.0900 1.7731
506 1.2355 1.6264 0.1254 -0.0991 0.4994 10.4886 -7.5600 1.6636
507 1.2501 1.6399 0.1266 -0.0697 0.5278 10.3632 -7.0360 1.5675
508 1.2548 1.6597 0.1183 -0.0603 0.5690 11.5551 -7.2900 1.7055
509 1.2573 1.6856 0.1260 -0.0552 0.6228 10.2923 -7.7440 1.8087
510 1.2636 1.7056 0.1266 -0.0426 0.6647 10.4117 -7.8300 1.7874
511 1.2400 1.5407 0.1254 -0.0899 0.3353 10.3908 -7.7240 1.7242
512 1.2516 1.5332 0.1266 -0.0666 0.3206 10.4453 -7.2900 1.6445
513 1.2556 1.5176 0.1160 -0.0586 0.2897 11.4349 -6.6750 1.4769
514 1.2496 1.4959 0.1284 -0.0706 0.2463 10.3262 -6.7460 1.5346
515 1.2337 1.4800 0.1260 -0.1026 0.2143 10.3936 -7.0340 1.7202
516 1.2129 1.4636 0.1278 -0.1446 0.1811 10.4355 -7.4760 1.7151
517 1.1891 1.4420 0.1260 -0.1927 0.1373 10.5498 -7.8650 1.7836
518 1.1731 1.4206 0.1189 -0.2255 0.0936 11.5396 -8.3070 1.9656
519 1.1671 1.4071 0.1248 -0.2383 0.0658 9.7891 -8.4070 1.8810
520 1.1695 1.4033 0.1272 -0.2343 0.0573 10.4586 -8.4870 1.9540
521 1.2500 1.5292 0.1248 -0.0733 0.3093 10.5816 -8.5910 1.9834
522 1.2640 1.5412 0.1272 -0.0452 0.3336 10.4319 -8.7590 1.9990
523 1.2880 1.5631 0.1248 0.0032 0.3782 10.6186 -8.7240 1.9293
524 1.3220 1.5951 0.1278 0.0719 0.4430 10.5766 -8.7270 1.9678
525 1.3660 1.6323 0.1248 0.1611 0.5187 10.1246 -8.3440 1.8568
526 1.4195 1.6602 0.1195 0.2697 0.5762 11.6109 -7.8420 1.7607
527 1.4725 1.6782 0.1272 0.3780 0.6139 10.5241 -6.9120 1.5435
528 1.5179 1.6909 0.1284 0.4715 0.6414 10.5176 -6.7900 1.5386
529 1.5541 1.7092 0.1242 0.5470 0.6799 10.8603 -7.5120 1.7509
530 1.5865 1.7251 0.1278 0.6150 0.7140 11.5439 -7.7940 1.7762
531 1.2524 1.5394 0.1254 -0.0531 0.3430 10.9827 -7.8470 1.7796
532 1.2552 1.5409 0.1278 -0.0474 0.3464 10.5922 -7.2340 1.5822
533 1.2484 1.5475 0.1284 -0.0610 0.3602 10.5980 -7.3600 1.7170
534 1.2419 1.5544 0.1266 -0.0742 0.3744 10.7134 -77.8550 30.0000
535 1.2451 1.5653 0.1260 -0.0679 0.3970 9.9796 -8.0790 1.8116
536 1.2566 1.5708 0.1254 -0.0447 0.4086 10.8947 -7.5120 1.6356
537 1.2710 1.5664 0.1260 -0.0157 0.4004 10.8418 -7.2310 1.6425
538 1.2762 1.5596 0.1266 -0.0051 0.3874 10.7886 -6.8450 1.5949
539 1.2738 1.5569 0.1266 -0.0097 0.3826 10.8670 -7.3990 1.7382
540 1.2771 1.5521 0.1272 -0.0028 0.3735 10.8096 -7.8240 1.8408
541 1.1590 1.5550 0.1254 -0.2399 0.3799 10.9211 -7.8810 1.7871
542 1.1730 1.5594 0.1290 -0.2126 0.3892 10.6854 -7.6070 1.6839
543 1.1946 1.5543 0.1278 -0.1700 0.3797 10.7291 -7.1160 1.5782
544 1.2086 1.5463 0.1260 -0.1424 0.3641 11.2658 -6.7020 1.5346
545 1.2134 1.5445 0.1272 -0.1332 0.3610 9.8417 -6.9540 1.6129
546 1.2188 1.5426 0.1272 -0.1227 0.3575 11.0381 -7.4370 1.7248
547 1.2292 1.5380 0.1254 -0.1021 0.3489 10.9133 -8.2000 1.9249
548 1.2496 1.5428 0.1272 -0.0614 0.3588 11.0749 -8.2980 1.8902
549 1.2799 1.5576 0.1254 -0.0003 0.3890 10.9503 -8.3370 1.9153
550 1.3030 1.5703 0.1266 0.0463 0.4150 10.9967 -8.2080 1.8523
551 1.2294 1.5370 0.1278 -0.1011 0.3488 11.1086 -7.9260 1.8034
552 1.2363 1.5230 0.1266 -0.0874 0.3211 11.2714 -7.3510 1.6069
553 1.2409 1.4990 0.1172 -0.0782 0.2731 12.1805 -6.9680 1.5715
554 1.2390 1.4663 0.1278 -0.0822 0.2073 10.9232 -6.5455 1.4501
555 1.2315 1.4244 0.1266 -0.0974 0.1228 10.9076 -6.3060 1.4140
556 1.2216 1.3800 0.1272 -0.1175 0.0328 11.2132 -6.0000 1.3686
557 1.2102 1.3312 0.1266 -0.1407 -0.0665 11.0634 -6.1470 1.4013
558 1.1959 1.2789 0.1272 -0.1698 -0.1734 11.2499 -6.0710 1.3875
559 1.1820 1.2181 0.1242 -0.1983 -0.2977 11.5681 -5.9870 1.3541
560 1.1673 1.1659 0.1207 -0.2286 -0.4054 11.9485 -5.6940 1.1727
561 1.1550 1.6612 0.1272 -0.2541 0.5867 11.2394 -5.0000 0.8977
562 1.1417 1.6577 0.1260 -0.2817 0.5813 11.3420 -5.5550 1.2735
563 1.1275 1.6484 0.1183 -0.3113 0.5642 12.2207 -5.5200 1.2733
564 1.1040 1.6319 0.1266 -0.3599 0.5324 11.3673 -5.4600 1.2622
565 1.0704 1.6079 0.1266 -0.4288 0.4856 11.2656 -5.2880 1.2186
566 1.0271 1.5759 0.1272 -0.5176 0.4224 11.2715 -5.1370 1.1600
567 0.9742 1.5359 0.1260 -0.6262 0.3426 11.5547 -5.0570 1.1992
568 0.9113 1.4884 0.1189 -0.7555 0.2476 12.2435 -4.9850 1.0911
569 0.8383 1.4358 0.1260 -0.9055 0.1418 11.1147 -5.0610 1.1636
570 0.7731 1.3866 0.1201 -1.0408 0.0422 12.1983 -4.0000 0.4824
571 1.1470 1.5460 0.1254 -0.2939 0.3614 10.4603 -4.9020 1.1229
572 1.1332 1.5410 0.1260 -0.3227 0.3518 11.6424 -4.9670 1.1658
573 1.1128 1.5293 0.1254 -0.3649 0.3287 11.4334 -4.8030 1.1013
574 1.0954 1.5093 0.1284 -0.4012 0.2888 11.3303 -4.9140 1.1483
575 1.0849 1.4792 0.1236 -0.4238 0.2285 11.6254 -5.0030 1.1623
576 1.0829 1.4433 0.1278 -0.4295 0.1560 11.3199 -5.0030 1.1414
577 1.0879 1.4002 0.1230 -0.4211 0.0688 10.9156 -5.1650 1.2103
578 1.1022 1.3479 0.1272 -0.3940 -0.0372 11.4300 -5.1110 1.1707
579 1.1265 1.2869 0.1248 -0.3467 -0.1613 11.7364 -5.3100 1.2564
580 1.1528 1.2335 0.1183 -0.2950 -0.2708 13.7570 -5.2280 1.1741
581 1.2359 1.5583 0.1248 -0.1291 0.3794 11.8293 -5.8310 1.3933
582 1.2512 1.5732 0.1278 -0.0985 0.4098 11.5477 -6.3730 1.5366
583 1.2764 1.5980 0.1254 -0.0476 0.4605 11.8551 -6.8710 1.6407
584 1.3111 1.6305 0.1266 0.0223 0.5268 11.4904 -6.9740 1.5951
585 1.3443 1.6620 0.1248 0.0896 0.5913 11.7805 -6.9550 1.5794
586 1.3898 1.7094 0.1272 0.1821 0.6883 11.7515 -6.7850 1.5633
587 1.4335 1.7633 0.1254 0.2712 0.7988 11.6265 -6.4300 1.4353
588 1.4714 1.8218 0.1248 0.3492 0.9188 12.0761 -6.4510 1.4836
589 1.5006 1.8737 0.1260 0.4102 1.0266 11.5324 -6.3150 1.4351
590 1.5178 1.9081 0.1166 0.4474 1.0994 12.7357 -6.4210 1.4751
591 1.1719 1.6449 0.1254 -0.2452 0.5745 11.6945 -6.5040 1.4807
592 1.1604 1.6464 0.1242 -0.2692 0.5788 11.0380 -7.0340 1.5964
593 1.1394 1.6519 0.1224 -0.3123 0.5915 12.0298 -7.5880 1.7642
594 1.1097 1.6626 0.1236 -0.3732 0.6144 11.9661 -8.1310 1.9126
595 1.0814 1.6776 0.1149 -0.4314 0.6461 12.8566 -8.4130 1.9109
596 1.0631 1.6916 0.1248 -0.4699 0.6761 11.9217 -8.3260 1.8595
597 1.0505 1.7092 0.1272 -0.4970 0.7135 11.7132 -7.7850 1.7368
598 1.0364 1.7369 0.1260 -0.5274 0.7711 12.2978 -7.2320 1.6076
599 1.0161 1.7647 0.1272 -0.5703 0.8294 11.8100 -6.5500 1.4415
600 0.9958 1.7842 0.1266 -0.6135 0.8712 12.0174 -6.2070 1.3728
601 1.2363 1.5419 0.1254 -0.1326 0.3871 12.2404 -5.8370 1.2678
602 1.2247 1.5475 0.1272 -0.1560 0.3987 11.0963 -5.6760 1.2430
603 1.2051 1.5482 0.1242 -0.1957 0.4007 11.9432 -5.5680 1.2804
604 1.1773 1.5414 0.1266 -0.2520 0.3875 12.2133 -5.3310 1.1863
605 1.1400 1.5248 0.1260 -0.3277 0.3546 12.0629 -5.1190 1.1845
606 1.0949 1.5001 0.1272 -0.4194 0.3051 11.9971 -5.2260 1.2061
607 1.0414 1.4665 0.1278 -0.5286 0.2376 12.0036 -5.3180 1.2591
608 0.9916 1.4357 0.1266 -0.6307 0.1753 12.0427 -5.1360 1.1576
609 0.9215 1.3895 0.1260 -0.7743 0.0819 11.2512 -5.2670 1.2433
610 0.8584 1.3500 0.1278 -0.9044 0.0012 12.1120 -5.5350 1.3140
611 1.2120 1.5290 0.1266 -0.1975 0.3596 12.1514 -5.7730 1.3799
612 1.1980 1.5285 0.1278 -0.2261 0.3589 11.8457 -5.9650 1.3652
613 1.1740 1.5286 0.1254 -0.2748 0.3594 12.0937 -6.1750 1.4324
614 1.1400 1.5274 0.1260 -0.3439 0.3573 11.3374 -5.9950 1.3447
615 1.0968 1.5197 0.1260 -0.4319 0.3420 11.9416 -6.0880 1.3703
616 1.0515 1.5157 0.1254 -0.5244 0.3342 12.2702 -6.0720 1.3721
617 1.0061 1.5163 0.1248 -0.6177 0.3355 12.1230 -6.1970 1.4088
618 0.9646 1.5229 0.1236 -0.7035 0.3491 12.3437 -6.3510 1.4778
619 0.9328 1.5386 0.1218 -0.7703 0.3808 11.7600 -6.0150 1.3394
620 0.9121 1.5530 0.1254 -0.8150 0.4101 12.1647 -5.5400 1.1402
621 1.2340 1.5186 0.1230 -0.1714 0.3414 12.4104 -4.9470 1.0733
622 1.2204 1.5067 0.1272 -0.1989 0.3178 12.2857 -4.9570 1.1730
623 1.2017 1.4965 0.1242 -0.2368 0.2973 12.4840 -5.2210 1.2121
624 1.1913 1.4935 0.1254 -0.2581 0.2912 12.2963 -5.4010 1.2588
625 1.1850 1.4871 0.1230 -0.2715 0.2783 12.4822 -4.9530 1.0537
626 1.1710 1.4797 0.1236 -0.3003 0.2634 12.7876 -4.6710 1.0452
627 1.1472 1.4691 0.1149 -0.3489 0.2418 13.5576 -4.8430 1.1333
628 1.1213 1.4616 0.1242 -0.4021 0.2264 12.6954 -5.0000 1.1460
629 1.0980 1.4504 0.1224 -0.4501 0.2035 12.5712 -4.8260 1.0392
630 1.0728 1.4390 0.1284 -0.5023 0.1802 12.4058 -4.0000 0.7668
631 1.2180 1.5165 0.1242 -0.2122 0.3354 11.6324 -4.4830 1.0666
632 1.2114 1.5187 0.1254 -0.2259 0.3399 12.3822 -4.9680 1.1799
633 1.2049 1.5247 0.1207 -0.2392 0.3522 13.2682 -5.0072 1.1188
634 1.2022 1.5263 0.1248 -0.2452 0.3556 12.3742 -4.6450 1.0123
635 1.1942 1.5264 0.1230 -0.2617 0.3560 12.7263 -4.8020 1.1180
636 1.1872 1.5269 0.1248 -0.2762 0.3574 12.5312 -5.0410 1.1765
637 1.1844 1.5304 0.1242 -0.2825 0.3646 12.6811 -5.1920 1.1883
638 1.1835 1.5339 0.1248 -0.2850 0.3720 12.5690 -4.7490 1.0434
639 1.1756 1.5400 0.1242 -0.3016 0.3847 12.6595 -5.0740 1.2346
640 1.1734 1.5457 0.1236 -0.3067 0.3964 12.8610 -5.1880 1.1972
641 1.2248 1.5328 0.1236 -0.2042 0.3709 12.5801 -4.7120 1.0606
642 1.2211 1.5290 0.1154 -0.2118 0.3636 13.7568 -4.5760 1.0686
643 1.2189 1.5231 0.1230 -0.2166 0.3520 12.8678 -4.9610 1.1703
644 1.2242 1.5205 0.1260 -0.2063 0.3471 12.2931 -5.1390 1.1547
645 1.2358 1.5206 0.1242 -0.1833 0.3474 12.8824 -4.7590 1.0488
646 1.2415 1.5246 0.1248 -0.1719 0.3557 13.1899 -4.8220 1.1803
647 1.2385 1.5372 0.1166 -0.1780 0.3813 13.6556 -5.1030 1.1988
648 1.2403 1.5556 0.1266 -0.1744 0.4187 12.8923 -4.9980 1.0837
649 1.2413 1.5707 0.1236 -0.1726 0.4496 12.7926 -4.6190 1.0844
650 1.2361 1.5867 0.1248 -0.1832 0.4824 12.9619 -4.9190 1.1049
651 1.2332 1.5065 0.1242 -0.1891 0.3222 12.9293 -5.1080 1.1629
652 1.2366 1.5130 0.1154 -0.1824 0.3351 14.0003 -4.8730 1.1120
653 1.2451 1.5202 0.1224 -0.1655 0.3499 13.0039 -4.5000 0.9529
654 1.2543 1.5209 0.1254 -0.1470 0.3515 13.1429 -3.8920 0.8207
655 1.2608 1.5138 0.1248 -0.1338 0.3374 13.1131 -3.5330 0.8222
656 1.2573 1.5102 0.1266 -0.1408 0.3303 12.2662 -3.3340 0.8007
657 1.2454 1.5158 0.1166 -0.1646 0.3416 13.9569 -3.6680 0.8891
658 1.2326 1.5298 0.1272 -0.1904 0.3700 13.0626 4.1420 -4.5780
659 1.2248 1.5534 0.1230 -0.2063 0.4176 13.1642 -4.5070 1.1089
660 1.2249 1.5713 0.1272 -0.2063 0.4542 13.1529 -4.6410 1.0759
661 1.2070 1.5022 0.1272 -0.2426 0.3160 12.9269 -4.3970 0.9446
662 1.2153 1.4932 0.1236 -0.2264 0.2979 13.3170 -4.0160 0.3641
663 1.2159 1.4767 0.1242 -0.2255 0.2647 12.9679 -3.3890 0.7724
664 1.2065 1.4512 0.1254 -0.2446 0.2133 13.2007 -3.0130 0.7337
665 1.1872 1.4273 0.1236 -0.2840 0.1648 13.1361 -3.1570 0.7608
666 1.1587 1.4103 0.1254 -0.3419 0.1298 12.4140 -3.5440 0.8180
667 1.1295 1.3991 0.1260 -0.4015 0.1063 13.1856 -4.0510 0.9776
668 1.1044 1.3915 0.1242 -0.4532 0.0902 13.5995 -4.2490 0.9709
669 1.0806 1.3932 0.1248 -0.5024 0.0924 13.1281 -4.5370 1.0492
670 1.0627 1.4017 0.1254 -0.5401 0.1085 12.6597 -4.7750 1.1124
671 1.2186 1.4954 0.1260 -0.2286 0.2957 13.0148 -5.0530 1.1649
672 1.2231 1.4978 0.1224 -0.2198 0.3005 13.5811 -4.9470 1.1681
673 1.2364 1.4991 0.1236 -0.1933 0.3031 13.2209 -4.7210 1.0746
674 1.2595 1.4933 0.1260 -0.1471 0.2916 13.3102 -4.3740 0.9689
675 1.2925 1.4851 0.1224 -0.0806 0.2750 13.4014 -4.2410 0.9202
676 1.3356 1.4693 0.1272 0.0064 0.2430 13.0851 -3.9290 0.8516
677 1.3883 1.4461 0.1230 0.1131 0.1961 13.4276 -3.3600 0.7277
678 1.4483 1.4143 0.1248 0.2351 0.1316 13.4703 -3.2380 0.7553
679 1.5165 1.3756 0.1137 0.3743 0.0531 14.5211 -3.0580 0.6836
680 1.5776 1.3388 0.1201 0.4996 -0.0221 13.2498 -3.2640 0.7335
681 1.2098 1.5066 0.1154 -0.2364 0.3135 14.5246 -3.3460 0.7473
682 1.2232 1.5054 0.1242 -0.2097 0.3111 13.4331 -3.5200 0.8167
683 1.2449 1.5108 0.1236 -0.1665 0.3220 13.4642 0.5830 -0.0971
684 1.2637 1.5132 0.1178 -0.1287 0.3271 14.3649 -3.4290 0.7693
685 1.2791 1.5143 0.1224 -0.0977 0.3293 13.9422 -3.2450 0.7555
686 1.2913 1.5135 0.1266 -0.0728 0.3279 13.3413 -2.5580 0.5545
687 1.3090 1.5059 0.1218 -0.0368 0.3127 14.0511 -2.5000 0.6249
688 1.3317 1.5001 0.1254 0.0094 0.3010 13.3448 -2.7280 0.6930
689 1.3587 1.4979 0.1272 0.0645 0.2967 13.2668 -3.1670 0.7777
690 1.3772 1.4964 0.1254 0.1028 0.2936 13.6133 -3.2650 0.7973
691 1.2220 1.5171 0.1230 -0.2079 0.3352 13.5584 -2.9620 0.6925
692 1.2260 1.5104 0.1278 -0.2002 0.3219 13.4151 -2.3930 0.5307
693 1.2323 1.5057 0.1284 -0.1877 0.3126 13.5412 -2.6660 0.6881
694 1.2413 1.4986 0.1284 -0.1699 0.2984 13.4388 -2.6100 0.6169
695 1.2522 1.4863 0.1266 -0.1479 0.2736 13.5546 -2.2860 0.5367
696 1.2630 1.4712 0.1189 -0.1262 0.2431 14.3765 -1.9530 0.4266
697 1.2783 1.4500 0.1236 -0.0953 0.2003 13.8317 -2.3240 0.5777
698 1.2973 1.4197 0.1242 -0.0569 0.1388 13.7797 -2.2850 0.5512
699 1.3246 1.3874 0.1242 -0.0015 0.0731 13.7394 -2.0000 0.4784
700 1.3457 1.3641 0.1254 0.0416 0.0251 12.9100 -2.1140 0.5114
701 1.2203 1.5096 0.1236 -0.2095 0.3162 13.6679 -2.2040 0.5083
702 1.2254 1.5052 0.1248 -0.1995 0.3076 13.7215 -2.5950 0.6313
703 1.2292 1.4986 0.1218 -0.1921 0.2943 14.3347 -2.5120 0.6284
704 1.2355 1.4869 0.1178 -0.1796 0.2707 14.6060 -2.5460 0.5755
705 1.2440 1.4688 0.1248 -0.1628 0.2342 13.8387 -3.0100 0.7949
706 1.2543 1.4454 0.1242 -0.1422 0.1868 13.8105 -2.5570 0.5686
707 1.2672 1.4186 0.1236 -0.1162 0.1325 13.9602 -2.4100 0.5310
708 1.2821 1.3936 0.1224 -0.0861 0.0814 14.3595 -2.5120 0.5701
709 1.2966 1.3661 0.1154 -0.0566 0.0251 14.9194 -2.1160 0.4753
710 1.3143 1.3440 0.1254 -0.0204 -0.0207 13.7993 -9.0000 5.1943
711 1.2260 1.5207 0.1242 -0.1973 0.3329 14.0770 -1.6920 0.4335
712 1.2192 1.5211 0.1260 -0.2112 0.3339 13.8216 -1.6810 0.7105
713 1.2149 1.5242 0.1266 -0.2201 0.3403 13.1237 -1.6426 0.3989
714 1.2113 1.5316 0.1248 -0.2279 0.3555 14.3028 -1.7311 0.4284
715 1.2092 1.5346 0.1266 -0.2324 0.3619 13.1614 0.0000 -0.6885
716 1.2084 1.5321 0.1272 -0.2345 0.3571 13.9920 -1.6270 0.3883
717 1.2087 1.5308 0.1260 -0.2342 0.3548 14.1552 -1.0460 0.4382
718 1.2063 1.5312 0.1278 -0.2395 0.3559 13.3056 -1.1300 0.3095
719 1.2066 1.5319 0.1266 -0.2392 0.3577 13.8821 -1.1040 0.2791
720 1.2079 1.5330 0.1284 -0.2371 0.3602 14.2208 -1.2530 0.2784
721 1.2230 1.5160 0.1248 -0.2072 0.3264 14.2464 -1.0000 0.0725
722 1.2267 1.5083 0.1278 -0.2000 0.3111 14.1449 -1.4510 0.3750
723 1.2336 1.4985 0.1254 -0.1864 0.2914 14.0928 -1.1440 0.1994
724 1.2393 1.4882 0.1272 -0.1750 0.2708 14.2545 -0.5210 0.0443
725 1.2444 1.4808 0.1254 -0.1650 0.2557 14.2486 -0.0930 0.0011
726 1.2443 1.4778 0.1272 -0.1652 0.2494 14.3516 0.1130 -0.0221
727 1.2495 1.4655 0.1254 -0.1549 0.2246 14.1664 -0.3850 0.1987
728 1.2599 1.4521 0.1290 -0.1339 0.1973 14.2316 -0.7190 0.2125
729 1.2714 1.4359 0.1248 -0.1107 0.1642 14.5740 -0.8190 0.2036
730 1.2798 1.4269 0.1284 -0.0936 0.1454 14.2160 -0.3400 0.0405
731 1.2332 1.5110 0.1260 -0.1869 0.3138 14.4597 0.0240 -0.0316
732 1.2284 1.5190 0.1272 -0.1967 0.3300 14.2098 -0.0840 0.1257
733 1.2195 1.5290 0.1254 -0.2149 0.3503 14.3850 -0.4800 0.1393
734 1.2141 1.5362 0.1290 -0.2261 0.3651 14.0896 -0.7160 0.1705
735 1.2124 1.5366 0.1242 -0.2297 0.3662 14.5055 -0.3850 0.0941
736 1.2104 1.5371 0.1272 -0.2342 0.3676 14.3446 -0.5830 0.2063
737 1.2050 1.5409 0.1242 -0.2454 0.3757 13.8381 -0.3360 0.0512
738 1.2010 1.5464 0.1189 -0.2540 0.3870 15.4369 -0.3500 0.1099
739 1.1961 1.5500 0.1248 -0.2643 0.3948 14.6884 -0.4200 0.1162
740 1.1945 1.5511 0.1290 -0.2680 0.3974 14.1339 -0.2850 0.0514
741 1.2269 1.4958 0.1183 -0.2034 0.2868 15.5549 -0.7690 0.2477
742 1.2309 1.4897 0.1248 -0.1958 0.2745 14.9779 -0.3300 -0.0134
743 1.2376 1.4825 0.1254 -0.1824 0.2599 14.5039 -59.0000 30.0000
744 1.2471 1.4782 0.1272 -0.1634 0.2511 14.4857 0.6640 -0.1153
745 1.2610 1.4696 0.1242 -0.1355 0.2336 13.9214 -0.8200 0.1927
746 1.2779 1.4584 0.1178 -0.1015 0.2109 15.6578 -0.7420 0.1923
747 1.2981 1.4452 0.1242 -0.0606 0.1840 14.1339 -0.9190 0.2361
748 1.3211 1.4305 0.1290 -0.0138 0.1538 14.4643 -1.2680 0.3707
749 1.3429 1.4233 0.1266 0.0308 0.1386 14.5321 -1.2100 0.3636
750 1.3604 1.4196 0.1284 0.0667 0.1304 14.5094 -1.4290 0.3621
751 1.2218 1.4984 0.1266 -0.2107 0.2880 14.6819 -1.0030 0.2254
752 1.2262 1.4898 0.1272 -0.2021 0.2706 14.6282 -1.1130 0.2490
753 1.2318 1.4807 0.1242 -0.1911 0.2523 14.7074 -1.3460 0.3485
754 1.2416 1.4664 0.1284 -0.1716 0.2234 14.5808 -1.0520 0.2132
755 1.2487 1.4479 0.1236 -0.1574 0.1859 15.1749 -1.2140 0.3120
756 1.2562 1.4266 0.1266 -0.1424 0.1426 14.7147 -0.7950 0.1578
757 1.2641 1.4017 0.1266 -0.1265 0.0918 14.9136 -0.9220 0.1945
758 1.2740 1.3808 0.1195 -0.1065 0.0488 15.7243 -0.8070 0.2779
759 1.2810 1.3611 0.1278 -0.0920 0.0080 14.7459 -0.8680 0.1607
760 1.2835 1.3503 0.1266 -0.0866 -0.0152 14.9014 -0.7640 0.1749
761 1.2330 1.5099 0.1266 -0.1879 0.3042 14.6171 -0.9630 0.2900
762 1.2329 1.5179 0.1260 -0.1883 0.3203 15.2488 -0.9790 0.2250
763 1.2293 1.5274 0.1178 -0.1957 0.3395 15.7760 -1.2070 0.3888
764 1.2229 1.5431 0.1266 -0.2087 0.3715 14.8526 -1.0970 0.2935
765 1.2186 1.5568 0.1260 -0.2176 0.3995 14.9432 -1.0180 0.2599
766 1.2171 1.5662 0.1278 -0.2211 0.4188 15.0462 -1.3390 0.3767
767 1.2201 1.5703 0.1266 -0.2152 0.4278 14.7887 -1.0960 0.2283
768 1.2180 1.5757 0.1201 -0.2197 0.4393 15.8895 -0.7820 0.2074
769 1.2181 1.5774 0.1278 -0.2199 0.4435 13.7421 -0.7490 0.2713
770 1.2190 1.5787 0.1290 -0.2185 0.4470 14.6668 -0.4210 0.0434
771 1.2174 1.5124 0.1278 -0.2220 0.3144 15.3109 -0.3780 0.1776
772 1.2214 1.5092 0.1290 -0.2142 0.3081 14.6956 -0.4890 0.2161
773 1.2302 1.5024 0.1266 -0.1968 0.2945 15.0044 -0.4240 0.1860
774 1.2396 1.4920 0.1254 -0.1782 0.2737 15.2864 -0.3540 0.1366
775 1.2441 1.4817 0.1172 -0.1692 0.2529 16.3528 -0.4550 0.1689
776 1.2467 1.4708 0.1278 -0.1641 0.2307 15.5214 -0.4530 0.0554
777 1.2485 1.4562 0.1266 -0.1604 0.2012 14.9581 -0.2730 0.1044
778 1.2541 1.4397 0.1315 -0.1492 0.1675 14.9359 0.0210 0.0655
779 1.2592 1.4235 0.1260 -0.1388 0.1344 14.5939 -0.0120 0.0519
780 1.2597 1.4089 0.1278 -0.1379 0.1042 15.2246 -0.0150 0.0024
781 1.2313 1.5158 0.1260 -0.1947 0.3182 15.2185 0.3190 -0.0369
782 1.2262 1.5254 0.1242 -0.2053 0.3377 14.6279 0.2350 -0.0119
783 1.2191 1.5370 0.1254 -0.2198 0.3612 15.1496 -0.1790 0.1855
784 1.2159 1.5458 0.1278 -0.2265 0.3793 15.3597 0.4280 -0.1101
785 1.2096 1.5542 0.1296 -0.2395 0.3966 14.9784 0.2800 0.0490
786 1.2012 1.5566 0.1278 -0.2567 0.4020 15.3356 0.1910 -0.0630
787 1.1864 1.5631 0.1278 -0.2869 0.4157 14.6979 0.2230 -0.0710
788 1.1721 1.5666 0.1296 -0.3165 0.4233 15.3339 0.1710 0.0067
789 1.1481 1.5680 0.1290 -0.3655 0.4267 14.2933 0.0510 0.0534
790 1.1225 1.5685 0.1278 -0.4179 0.4284 15.4636 -0.4100 0.2422
791 1.2304 1.4868 0.1260 -0.2022 0.2649 14.5691 -0.0960 0.0108
792 1.2278 1.4896 0.1308 -0.2077 0.2704 15.1317 0.4910 -0.1977
793 1.2228 1.4987 0.1236 -0.2181 0.2887 15.5370 0.4880 -0.0709
794 1.2102 1.5068 0.1296 -0.2436 0.3048 14.5384 0.1580 0.0001
795 1.2019 1.5119 0.1160 -0.2607 0.3152 16.7242 0.0400 0.0417
796 1.2012 1.5150 0.1278 -0.2625 0.3216 15.3891 0.1050 -0.0419
797 1.1994 1.5242 0.1284 -0.2666 0.3401 15.0950 0.7140 -0.2262
798 1.1964 1.5353 0.1278 -0.2732 0.3628 15.5463 0.6665 -0.1437
799 1.1953 1.5485 0.1290 -0.2758 0.3895 15.7235 1.0749 -0.2864
800 1.1951 1.5603 0.1290 -0.2770 0.4139 14.6555 1.0120 -0.2239
801 1.2274 1.4952 0.1272 -0.2125 0.2836 14.5398 0.7600 -0.2341
802 1.2334 1.4876 0.1272 -0.2007 0.2683 15.5003 0.3450 -0.0738
803 1.2430 1.4791 0.1266 -0.1816 0.2510 15.7112 -0.0060 -0.0238
804 1.2474 1.4749 0.1284 -0.1728 0.2424 15.6939 0.2920 -0.0624
805 1.2530 1.4767 0.1284 -0.1615 0.2459 15.6510 0.5280 -0.1170
806 1.2558 1.4821 0.1308 -0.1559 0.2563 15.4376 0.4350 -0.0277
807 1.2630 1.4906 0.1278 -0.1414 0.2734 15.5780 0.0931 0.0792
808 1.2746 1.4989 0.1315 -0.1179 0.2900 15.4603 0.6470 -0.1876
809 1.2838 1.5061 0.1272 -0.0993 0.3043 15.6862 0.6690 -0.1912
810 1.2921 1.5121 0.1302 -0.0822 0.3165 15.6400 0.5770 -0.1327
811 1.2320 1.4970 0.1278 -0.2025 0.2862 15.8241 0.7600 -0.2529
812 1.2304 1.4972 0.1296 -0.2059 0.2866 15.6200 0.7130 -0.1701
813 1.2292 1.4985 0.1284 -0.2085 0.2891 15.8444 0.3650 -0.0064
814 1.2308 1.5009 0.1302 -0.2055 0.2941 15.5217 0.3160 -0.0912
815 1.2304 1.5042 0.1296 -0.2065 0.3006 15.6734 0.6430 -0.1593
816 1.2296 1.5086 0.1290 -0.2083 0.3095 15.2244 0.6230 -0.0714
817 1.2265 1.5038 0.1290 -0.2147 0.3000 15.6618 0.6340 -0.1619
818 1.2205 1.4971 0.1302 -0.2270 0.2865 15.8982 0.1000 -0.0093
819 1.2173 1.4862 0.1284 -0.2338 0.2646 15.6494 0.0910 -0.0257
820 1.2148 1.4773 0.1296 -0.2392 0.2466 15.9423 -0.0600 0.0515
821 1.2266 1.5089 0.1278 -0.2158 0.3098 15.9957 -1.0000 0.2957
822 1.2260 1.5081 0.1284 -0.2173 0.3084 16.1236 -1.0810 0.2213
823 1.2217 1.5070 0.1248 -0.2260 0.3062 16.1508 -1.5570 0.4104
824 1.2179 1.5087 0.1296 -0.2340 0.3096 14.9972 -1.3600 0.2704
825 1.2137 1.5099 0.1242 -0.2427 0.3123 16.0797 -1.4250 0.3447
826 1.2078 1.5140 0.1296 -0.2550 0.3205 15.9298 -1.2300 0.3117
827 1.2037 1.5182 0.1266 -0.2636 0.3291 15.7658 -0.7960 0.1603
828 1.2022 1.5242 0.1266 -0.2671 0.3413 16.1435 -0.8580 0.1743
829 1.1986 1.5322 0.1284 -0.2749 0.3576 15.8842 -0.9060 0.2170
830 1.1935 1.5383 0.1260 -0.2856 0.3702 17.2340 -1.1610 0.2687
831 1.2288 1.5008 0.1284 -0.2152 0.2953 15.7330 -1.8120 0.4769
832 1.2300 1.5036 0.1178 -0.2130 0.3009 17.0905 -1.5630 0.3768
833 1.2316 1.5074 0.1284 -0.2101 0.3086 16.0708 -2.0330 0.5303
834 1.2375 1.5085 0.1284 -0.1983 0.3110 15.9680 -2.1650 0.5379
835 1.2476 1.5117 0.1260 -0.1781 0.3173 16.0361 -2.1470 0.5112
836 1.2593 1.5152 0.1308 -0.1547 0.3246 16.0157 -2.3140 0.4998
837 1.2730 1.5207 0.1189 -0.1270 0.3358 17.4658 -2.5293 0.6631
838 1.2933 1.5259 0.1296 -0.0860 0.3464 16.1983 -2.3800 0.5630
839 1.3155 1.5286 0.1278 -0.0409 0.3522 16.1318 -2.2000 0.3823
840 1.3324 1.5283 0.1272 -0.0064 0.3517 16.2790 -2.3450 0.5628
841 1.3000 1.4793 0.1260 -0.0706 0.2535 15.2639 -2.4100 0.5906
842 1.2957 1.4728 0.1260 -0.0789 0.2403 16.2804 0.0000 -0.1202
843 1.2922 1.4635 0.1266 -0.0854 0.2214 16.3471 -2.2590 0.5344
844 1.2868 1.4562 0.1302 -0.0957 0.2064 15.8693 -2.5080 0.6186
845 1.2772 1.4479 0.1290 -0.1146 0.1892 16.2752 -2.3700 0.5514
846 1.2720 1.4437 0.1230 -0.1249 0.1803 17.0696 6.2380 -5.1562
847 1.2680 1.4387 0.1266 -0.1328 0.1695 16.4163 -2.7360 0.7450
848 1.2643 1.4372 0.1296 -0.1399 0.1659 16.3135 -2.5300 0.5020
849 1.2635 1.4321 0.1248 -0.1415 0.1551 16.6680 -2.6890 0.6843
850 1.2619 1.4285 0.1278 -0.1445 0.1472 16.3828 -2.7570 0.6807
851 1.2374 1.4683 0.1278 -0.1936 0.2265 16.2171 -2.4540 0.5274
852 1.2398 1.4652 0.1308 -0.1889 0.2200 16.4120 -2.6820 0.5826
853 1.2426 1.4628 0.1284 -0.1834 0.2147 16.4177 -2.9180 0.7441
854 1.2458 1.4640 0.1290 -0.1771 0.2167 16.4838 -2.7790 0.6518
855 1.2454 1.4731 0.1302 -0.1779 0.2348 15.4606 -2.8670 0.6549
856 1.2465 1.4865 0.1296 -0.1758 0.2613 16.3864 -2.3560 0.5452
857 1.2471 1.5034 0.1278 -0.1745 0.2953 16.6833 -1.8190 0.4128
858 1.2485 1.5244 0.1230 -0.1717 0.3374 17.0331 -1.9760 0.4606
859 1.2517 1.5410 0.1278 -0.1653 0.3710 16.5984 -2.1960 0.5537
860 1.2548 1.5568 0.1302 -0.1592 0.4032 14.1264 -2.2330 0.5592
861 1.1958 1.4916 0.1189 -0.2777 0.2728 17.5783 -2.3330 0.6286
862 1.2002 1.4836 0.1254 -0.2693 0.2566 16.7582 -2.6900 0.6142
863 1.2058 1.4737 0.1290 -0.2585 0.2365 16.5237 -3.0420 0.7103
864 1.2144 1.4612 0.1254 -0.2418 0.2111 15.9104 -3.0570 0.7969
865 1.2290 1.4435 0.1266 -0.2127 0.1752 16.5503 -3.0570 0.7377
866 1.2455 1.4240 0.1248 -0.1799 0.1355 16.9648 -3.1940 0.7806
867 1.2583 1.4085 0.1248 -0.1541 0.1034 16.7439 -3.2181 0.7887
868 1.2716 1.3909 0.1254 -0.1274 0.0672 16.5125 -0.4560 -1.1754
869 1.2820 1.3737 0.1254 -0.1062 0.0315 16.8896 -3.5440 0.7548
870 1.2894 1.3622 0.1266 -0.0910 0.0071 16.9416 -3.8290 0.8854
871 1.2260 1.4798 0.1248 -0.2180 0.2422 16.9311 -3.8300 0.9021
872 1.2320 1.4800 0.1248 -0.2062 0.2425 15.8952 -4.0240 0.9720
873 1.2332 1.4839 0.1195 -0.2041 0.2500 17.7870 -4.3310 1.0158
874 1.2332 1.4849 0.1290 -0.2041 0.2519 16.9661 -4.2210 0.9607
875 1.2305 1.4856 0.1284 -0.2098 0.2531 16.6326 -3.9620 0.8941
876 1.2269 1.4882 0.1284 -0.2173 0.2583 16.7104 -4.0840 0.9524
877 1.2225 1.4903 0.1254 -0.2263 0.2623 16.0307 -4.2540 0.9983
878 1.2184 1.4902 0.1272 -0.2347 0.2619 16.8334 -4.5340 1.0935
879 1.2084 1.4867 0.1248 -0.2553 0.2548 17.1397 -4.1850 0.9584
880 1.1988 1.4839 0.1172 -0.2749 0.2490 17.9506 -4.1790 0.8984
881 1.2262 1.4656 0.1278 -0.2203 0.2122 15.9833 -4.3870 0.9237
882 1.2285 1.4580 0.1284 -0.2160 0.1965 16.7558 -4.3840 0.9707
883 1.2320 1.4520 0.1230 -0.2092 0.1841 17.1821 -4.2820 1.0530
884 1.2374 1.4432 0.1290 -0.1985 0.1659 16.9010 -3.8910 0.8498
885 1.2476 1.4332 0.1236 -0.1780 0.1452 17.2674 -3.9210 0.9887
886 1.2663 1.4233 0.1278 -0.1404 0.1247 16.8428 -3.8880 0.9395
887 1.2829 1.4134 0.1248 -0.1070 0.1039 17.2814 -3.5490 0.7613
888 1.3031 1.4049 0.1266 -0.0661 0.0860 16.9649 -3.2050 0.6856
889 1.3225 1.3896 0.1290 -0.0266 0.0543 16.1033 -3.0680 0.7606
890 1.3384 1.3765 0.1266 0.0061 0.0270 17.1783 -2.7170 0.6594
891 1.1854 1.4862 0.1266 -0.3005 0.2461 17.0730 -2.6940 0.7375
892 1.1894 1.4855 0.1278 -0.2931 0.2446 17.3051 -2.3570 0.5957
893 1.1954 1.4821 0.1278 -0.2817 0.2377 17.4451 -2.1400 0.4807
894 1.2018 1.4799 0.1178 -0.2693 0.2330 18.3662 -2.2290 0.4408
895 1.2102 1.4797 0.1254 -0.2529 0.2324 17.1669 -2.6170 0.6972
896 1.2182 1.4847 0.1272 -0.2373 0.2423 17.2090 -2.7530 0.6878
897 1.2298 1.4901 0.1242 -0.2142 0.2530 17.5867 -3.1310 0.7457
898 1.2419 1.4962 0.1266 -0.1902 0.2652 16.3157 -3.4870 0.6878
899 1.2527 1.4987 0.1272 -0.1685 0.2702 17.0846 -3.8420 0.9119
900 1.2624 1.4993 0.1248 -0.1491 0.2713 17.4468 -4.2780 1.1309
901 1.2152 1.4974 0.1236 -0.2437 0.2675 17.2517 -4.6160 1.0419
902 1.2072 1.4997 0.1266 -0.2602 0.2722 17.3888 -5.0180 1.1429
903 1.1964 1.5000 0.1242 -0.2823 0.2727 17.6943 -5.3630 1.3149
904 1.1844 1.4999 0.1178 -0.3070 0.2725 18.1892 -4.9700 1.1576
905 1.1755 1.5002 0.1213 -0.3256 0.2731 17.5519 -4.7570 1.0644
906 1.1666 1.4994 0.1248 -0.3442 0.2715 17.5605 -4.8400 1.1380
907 1.1565 1.4992 0.1230 -0.3653 0.2710 17.7931 -4.4040 0.9008
908 1.1452 1.4953 0.1278 -0.3889 0.2633 16.4136 -4.3060 0.9395
909 1.1355 1.4890 0.1248 -0.4095 0.2506 17.3784 -3.8980 0.8380
910 1.1315 1.4859 0.1266 -0.4186 0.2442 17.6534 -3.6780 0.7246
911 1.2232 1.4946 0.1242 -0.2355 0.2615 17.5353 -4.0240 0.9751
912 1.2252 1.4966 0.1248 -0.2318 0.2655 17.7216 -4.3160 0.9698
913 1.2324 1.4990 0.1272 -0.2175 0.2703 17.2134 -4.5310 1.0839
914 1.2368 1.4994 0.1242 -0.2089 0.2711 17.8302 -4.4810 1.0488
915 1.2426 1.5002 0.1260 -0.1974 0.2727 17.3952 -3.8920 0.8185
916 1.2465 1.5018 0.1278 -0.1896 0.2759 17.4928 -4.0350 0.8209
917 1.2524 1.5035 0.1254 -0.1777 0.2794 17.6796 -3.4810 0.7688
918 1.2600 1.5058 0.1278 -0.1624 0.2841 17.5301 -3.0960 0.7232
919 1.2679 1.5029 0.1254 -0.1464 0.2783 17.7166 -2.6890 0.6091
920 1.2760 1.5011 0.1284 -0.1300 0.2746 17.6115 -2.8580 0.7116
921 1.2190 1.4782 0.1248 -0.2444 0.2286 18.1195 -2.9780 0.7642
922 1.2136 1.4786 0.1272 -0.2554 0.2292 17.3100 -3.6480 0.9070
923 1.2015 1.4754 0.1248 -0.2802 0.2226 17.5575 -4.1220 1.0009
924 1.1892 1.4708 0.1242 -0.3054 0.2132 18.3076 -4.1760 0.9716
925 1.1773 1.4680 0.1172 -0.3299 0.2072 18.3345 -4.4520 1.1144
926 1.1674 1.4655 0.1278 -0.3504 0.2018 17.7927 -4.5400 1.1852
927 1.1596 1.4594 0.1260 -0.3671 0.1892 17.6674 -4.8580 1.2030
928 1.1550 1.4544 0.1254 -0.3772 0.1787 17.8176 -4.1900 0.9996
929 1.1471 1.4462 0.1260 -0.3941 0.1619 17.0005 -3.3830 0.8111
930 1.1373 1.4403 0.1278 -0.4148 0.1495 17.8037 -3.7350 0.8343
931 1.2316 1.4718 0.1290 -0.2263 0.2121 17.4925 -3.4730 0.8761
932 1.2284 1.4671 0.1254 -0.2329 0.2023 18.0010 -3.5960 0.8688
933 1.2240 1.4602 0.1254 -0.2420 0.1882 18.0198 -3.9280 0.9075
934 1.2240 1.4499 0.1254 -0.2423 0.1670 18.0984 -4.1720 0.9618
935 1.2324 1.4341 0.1230 -0.2256 0.1348 17.8084 -3.7670 1.0550
936 1.2420 1.4139 0.1302 -0.2065 0.0936 17.3763 -3.3830 0.7163
937 1.2472 1.3932 0.1248 -0.1961 0.0512 17.9871 -2.4520 0.4989
938 1.2488 1.3761 0.1284 -0.1929 0.0157 17.8122 -3.0190 0.7568
939 1.2487 1.3581 0.1248 -0.1931 -0.0217 18.0832 -2.6180 0.6338
940 1.2453 1.3373 0.1266 -0.2001 -0.0650 17.9428 -2.5830 0.6656
941 1.2040 1.4978 0.1278 -0.2831 0.2560 17.8167 -2.4550 0.5392
942 1.2064 1.4946 0.1254 -0.2787 0.2495 18.0640 -2.8800 0.7775
943 1.2076 1.4936 0.1254 -0.2767 0.2475 18.0237 -4.0280 1.0512
944 1.2084 1.4919 0.1218 -0.2756 0.2439 18.4104 -4.4350 1.1258
945 1.2088 1.4937 0.1248 -0.2752 0.2476 17.0843 -4.9420 1.0637
946 1.2095 1.4928 0.1172 -0.2741 0.2456 18.8905 -5.1450 1.2246
947 1.2099 1.5010 0.1218 -0.2739 0.2621 18.5282 -6.0340 1.3365
948 1.2122 1.5081 0.1260 -0.2696 0.2763 17.9881 -5.2940 1.1821
949 1.2160 1.5091 0.1224 -0.2623 0.2784 18.2540 -5.0260 1.1011
950 1.2222 1.5038 0.1254 -0.2502 0.2679 18.2696 -4.8910 1.2713
951 1.2176 1.4744 0.1242 -0.2597 0.2088 18.4880 -4.5620 1.0899
952 1.2244 1.4740 0.1284 -0.2464 0.2078 18.1223 -4.0910 0.9389
953 1.2260 1.4748 0.1224 -0.2434 0.2091 18.4393 -3.6630 0.7964
954 1.2234 1.4802 0.1272 -0.2489 0.2197 18.5466 -4.3420 0.9217
955 1.2180 1.4842 0.1166 -0.2600 0.2276 19.1767 -4.1160 1.0766
956 1.2122 1.4895 0.1296 -0.2720 0.2381 18.3545 -3.7770 0.8975
957 1.2036 1.4960 0.1290 -0.2896 0.2509 18.3840 -3.5620 0.7797
958 1.1930 1.5012 0.1272 -0.3114 0.2615 18.1971 -3.8700 0.8416
959 1.1876 1.5085 0.1284 -0.3228 0.2761 18.0709 -4.5870 1.1151
960 1.1812 1.5148 0.1272 -0.3363 0.2888 18.2305 -4.5280 1.1447
961 1.2200 1.4898 0.1260 -0.2590 0.2388 18.2702 -4.7970 1.1654
962 1.2308 1.4892 0.1254 -0.2376 0.2375 18.4208 -4.7890 1.0163
963 1.2391 1.4934 0.1248 -0.2211 0.2459 18.2733 -4.3730 0.9068
964 1.2435 1.4949 0.1137 -0.2124 0.2487 19.3858 -3.7800 0.7415
965 1.2510 1.4956 0.1236 -0.1974 0.2501 18.5742 -4.1970 1.0497
966 1.2645 1.4921 0.1254 -0.1701 0.2431 18.2013 -5.0340 1.1287
967 1.2879 1.4829 0.1266 -0.1231 0.2245 18.3735 -5.2210 1.1952
968 1.3164 1.4786 0.1254 -0.0654 0.2156 17.7714 -6.4320 1.5693
969 1.3397 1.4797 0.1230 -0.0179 0.2177 18.5436 -6.7890 1.5597
970 1.3561 1.4804 0.1254 0.0159 0.2189 18.7462 -3.1030 -0.8639
971 1.2389 1.4830 0.1248 -0.2185 0.2239 18.8934 -6.2380 1.3872
972 1.2368 1.4772 0.1278 -0.2228 0.2121 18.4275 -6.2430 1.3928
973 1.2347 1.4630 0.1266 -0.2273 0.1833 18.4114 -5.8560 1.3209
974 1.2310 1.4420 0.1266 -0.2349 0.1406 18.6696 -5.2730 1.1449
975 1.2236 1.4125 0.1178 -0.2498 0.0809 19.7499 -5.2440 1.2493
976 1.2155 1.3875 0.1260 -0.2664 0.0297 18.6588 -4.8990 1.1333
977 1.2149 1.3636 0.1278 -0.2679 -0.0194 18.4607 -5.9890 1.4605
978 1.2189 1.3423 0.1278 -0.2602 -0.0637 18.5992 -6.4120 1.6133
979 1.2260 1.3205 0.1260 -0.2463 -0.1090 17.7750 -6.2940 1.2907
980 1.2291 1.3097 0.1254 -0.2403 -0.1326 17.8009 -5.7180 1.3236
981 1.2332 1.4822 0.1195 -0.2323 0.2123 19.2881 -4.7730 1.1298
982 1.2334 1.4808 0.1284 -0.2321 0.2093 18.5359 -4.2170 0.9073
983 1.2307 1.4725 0.1266 -0.2376 0.1924 18.6521 -4.6910 1.1649
984 1.2349 1.4646 0.1260 -0.2294 0.1762 18.6240 -4.6810 1.0207
985 1.2406 1.4563 0.1266 -0.2182 0.1592 18.6896 -3.4940 0.7606
986 1.2532 1.4404 0.1284 -0.1928 0.1267 17.9001 -3.5550 0.9255
987 1.2681 1.4288 0.1266 -0.1628 0.1030 18.8461 -4.4830 1.1489
988 1.2858 1.4192 0.1248 -0.1270 0.0828 19.4430 -4.2930 0.9593
989 1.3039 1.4116 0.1218 -0.0903 0.0668 19.5743 -5.1120 1.1985
990 1.3221 1.4089 0.1284 -0.0533 0.0605 17.9115 -4.5930 0.9010
991 1.2101 1.4792 0.1242 -0.2776 0.2008 19.0196 -4.5500 1.0370
992 1.2093 1.4810 0.1236 -0.2797 0.2043 19.1103 -4.9160 0.1687
993 1.2143 1.4736 0.1230 -0.2700 0.1892 18.9635 -3.9470 0.9117
994 1.2168 1.4568 0.1224 -0.2654 0.1553 19.1721 -3.8490 1.0555
995 1.2245 1.4307 0.1266 -0.2503 0.1023 18.4552 -3.7460 -0.0187
996 1.2389 1.4017 0.1260 -0.2215 0.0434 19.0804 -3.7450 0.8307
997 1.2578 1.3692 0.1224 -0.1836 -0.0230 19.1111 -4.5740 1.2377
998 1.2805 1.3394 0.1224 -0.1378 -0.0841 18.6048 -4.6940 1.1474
999 1.3057 1.3114 0.1224 -0.0870 -0.1420 19.3274 -4.6100 0.9889
1000 1.3224 1.2963 0.1260 -0.0529 -0.1744 18.7918 -5.2212 1.3925
1001 1.2110 1.4920 0.1224 -0.2760 0.2170 18.3073 -6.1660 1.5163
1002 1.2106 1.5012 0.1272 -0.2772 0.2354 19.1604 -4.7100 0.9168
1003 1.2081 1.5060 0.1154 -0.2826 0.2451 20.1714 -4.4100 1.0223
1004 1.2092 1.5128 0.1254 -0.2809 0.2588 18.9969 -5.2300 1.2003
1005 1.2115 1.5144 0.1266 -0.2767 0.2621 18.8722 -5.5620 1.2809
1006 1.2214 1.5164 0.1236 -0.2572 0.2663 19.4883 -5.5710 1.3158
1007 1.2344 1.5204 0.1248 -0.2313 0.2745 19.2451 -4.8950 1.1102
1008 1.2460 1.5176 0.1254 -0.2082 0.2691 19.3116 -4.6750 1.1934
1009 1.2588 1.5137 0.1248 -0.1825 0.2614 18.4053 -4.8160 1.2177
1010 1.2692 1.5117 0.1290 -0.1615 0.2575 19.2136 -4.3650 0.8352
1011 1.1158 1.4902 0.1260 -0.4696 0.2144 19.2292 -4.3410 0.9936
1012 1.1234 1.4802 0.1189 -0.4557 0.1943 20.0993 -3.1680 0.7704
1013 1.1314 1.4674 0.1236 -0.4408 0.1683 19.5544 -3.7220 0.9346
1014 1.1469 1.4502 0.1284 -0.4108 0.1334 19.0573 -4.4010 1.1847
1015 1.1556 1.4382 0.1242 -0.3943 0.1088 19.6398 -5.0000 0.9097
1016 1.1680 1.4362 0.1302 -0.3704 0.1042 18.9355 -6.7629 1.6553
1017 1.1843 1.4418 0.1248 -0.3384 0.1148 19.7862 -6.3170 3.5095
1018 1.2048 1.4398 0.1272 -0.2979 0.1102 19.0372 -6.4330 1.4649
1019 1.2338 1.4318 0.1242 -0.2401 0.0935 19.4162 -7.0500 1.7317
1020 1.2580 1.4254 0.1224 -0.1917 0.0800 19.6454 -7.5060 2.3343
1021 1.1432 1.4868 0.1230 -0.4223 0.2026 19.4720 -7.0000 1.2840
1022 1.1452 1.4864 0.1236 -0.4193 0.2017 19.3612 -8.0900 1.7170
1023 1.1500 1.4839 0.1183 -0.4107 0.1965 20.3108 -8.0280 1.8648
1024 1.1584 1.4794 0.1290 -0.3949 0.1873 19.3474 -7.4010 1.6741
1025 1.1704 1.4705 0.1339 -0.3717 0.1692 19.1409 -7.1380 1.7753
1026 1.1888 1.4580 0.1296 -0.3354 0.1437 19.7355 -5.6910 1.2446
1027 1.2087 1.4384 0.1327 -0.2960 0.1040 19.3857 -4.0220 0.8105
1028 1.2327 1.4248 0.1308 -0.2483 0.0761 19.5011 -3.4700 0.6111
1029 1.2570 1.4140 0.1333 -0.1996 0.0537 18.5005 -3.2920 0.7023
1030 1.2716 1.4071 0.1333 -0.1703 0.0388 18.5704 -2.5530 0.4101
1031 1.2172 1.4882 0.1358 -0.2793 0.2009 19.3192 -2.3400 0.5541
1032 1.2152 1.4798 0.1272 -0.2836 0.1839 20.8042 -1.9570 0.3981
1033 1.2144 1.4726 0.1333 -0.2856 0.1693 19.5260 -2.6140 0.6155
1034 1.2140 1.4722 0.1453 -0.2868 0.1682 18.9779 -3.9850 0.8943
1035 1.2201 1.4665 0.1377 -0.2748 0.1563 19.5323 -4.2430 0.9406
1036 1.2354 1.4534 0.1389 -0.2444 0.1297 19.5224 -3.3450 0.7675
1037 1.2550 1.4415 0.1308 -0.2051 0.1053 19.5763 -3.1600 0.8761
1038 1.2738 1.4340 0.1333 -0.1674 0.0896 18.8751 -3.1850 0.5557
1039 1.2961 1.4205 0.1402 -0.1223 0.0618 19.1675 -3.3000 0.7677
1040 1.3154 1.4049 0.1428 -0.0830 0.0297 19.7017 -3.7480 1.0081
1041 1.2608 1.4763 0.1460 -0.1921 0.1723 19.3898 -3.7800 0.8995
1042 1.2652 1.4798 0.1580 -0.1831 0.1792 19.0929 -4.4740 1.0290
1043 1.2740 1.4823 0.1607 -0.1653 0.1840 18.8395 -5.0210 1.2976
1044 1.2844 1.4929 0.1594 -0.1442 0.2051 19.4973 -5.7270 1.2709
1045 1.2936 1.4983 0.1479 -0.1252 0.2159 20.5316 -7.4390 1.9104
1046 1.3097 1.5009 0.1607 -0.0924 0.2212 19.1452 -11.2250 2.8882
1047 1.3310 1.5000 0.1553 -0.0490 0.2192 19.1982 -13.1530 2.9296
1048 1.3495 1.4962 0.1594 -0.0110 0.2116 19.1948 -11.9670 2.5589
1049 1.3738 1.4955 0.1635 0.0388 0.2102 19.5429 -9.2690 1.8819
1050 1.3979 1.4930 0.1566 0.0884 0.2051 19.0631 -6.0430 1.1703
count posx posy posz xout yout zout heading hd_out
1 0.0000 0.0000 0.0000 0.0000 0.0000 0.0000 0.0000 0.0000
2 0.0000 0.0002 0.1278 0.0000 0.0008 0.0000 -6.1240 2.8367
3 0.0000 0.0007 0.1284 0.0000 0.0030 0.0000 -6.3330 2.9013
4 0.0000 0.0016 0.1278 0.0000 0.0066 0.0000 -6.3370 2.8337
5 0.0000 0.0028 0.1260 0.0000 0.0112 0.0000 -6.2930 2.8310
6 0.0000 0.0042 0.1284 0.0000 0.0169 0.0000 -6.1270 2.7580
7 0.0000 0.0058 0.1284 0.0000 0.0233 0.0000 -5.9690 2.7242
8 0.0000 0.0075 0.1284 0.0000 0.0304 0.0000 -5.9690 2.7304
9 0.0000 0.0094 0.1284 0.0000 0.0380 0.0000 -6.0550 2.7776
10 0.0000 0.0110 0.1290 0.0000 0.0445 0.0000 -6.1230 2.8319
11 1.2948 1.5491 0.1189 0.1797 0.1973 2.5261 -6.1850 2.8755
12 1.2941 1.5494 0.1284 0.1775 0.1989 1.4652 -6.1830 2.8186
13 1.2931 1.5499 0.1266 0.1735 0.2014 0.8679 -0.2120 0.1611
14 1.2914 1.5502 0.1278 0.1673 0.2033 1.3936 -6.2690 2.8559
15 1.2891 1.5493 0.1290 0.1586 0.2001 1.4473 -6.3750 2.9183
16 1.2863 1.5485 0.1189 0.1477 0.1974 2.5572 -6.4260 2.9196
17 1.2831 1.5479 0.1284 0.1352 0.1953 1.5569 -6.4040 2.9312
18 1.2795 1.5474 0.1278 0.1210 0.1940 1.7685 -6.3770 2.9325
19 1.2754 1.5472 0.1284 0.1051 0.1937 1.5325 -6.4300 2.9338
20 1.2728 1.5472 0.1296 0.0948 0.1940 1.7625 -6.3610 2.8488
21 1.2919 1.5630 0.1284 0.1716 0.2581 1.4371 -6.0200 2.7131
22 1.2914 1.5634 0.1290 0.1701 0.2601 1.6238 -5.9370 2.7011
23 1.2905 1.5639 0.1172 0.1668 0.2629 2.6430 -5.8670 2.6619
24 1.2892 1.5645 0.1278 0.1621 0.2659 1.8065 -5.8650 2.6984
25 1.2875 1.5652 0.1189 0.1555 0.2694 2.5904 -5.7670 2.6227
26 1.2853 1.5658 0.1290 0.1470 0.2723 1.8192 -5.7240 2.5920
27 1.2825 1.5665 0.1278 0.1364 0.2758 1.6194 -5.4860 2.5084
28 1.2794 1.5675 0.1290 0.1241 0.2805 1.7943 -5.4620 2.4941
29 1.2757 1.5687 0.1296 0.1097 0.2859 1.3773 -5.4350 2.4581
30 1.2725 1.5697 0.1284 0.0970 0.2908 1.8390 -5.4350 2.4803
31 1.3008 1.5620 0.1272 0.2110 0.2607 1.8774 -5.5100 2.5315
32 1.3003 1.5623 0.1278 0.2092 0.2622 1.7632 -5.5900 2.5689
33 1.2993 1.5627 0.1278 0.2056 0.2644 1.7213 -5.6570 2.6165
34 1.2976 1.5633 0.1284 0.1994 0.2674 1.8475 -5.6540 2.5920
35 1.2954 1.5642 0.1290 0.1910 0.2718 1.8537 -5.6990 2.5738
36 1.2926 1.5653 0.1290 0.1801 0.2770 1.8113 -5.7330 2.6432
37 1.2892 1.5665 0.1278 0.1673 0.2825 1.9745 -5.7920 2.6499
38 1.2855 1.5678 0.1290 0.1527 0.2882 1.0147 -5.7510 2.6085
39 1.2814 1.5691 0.1278 0.1367 0.2941 1.9506 -5.6960 2.5769
40 1.2779 1.5701 0.1278 0.1229 0.2989 1.9647 -5.6300 2.5626
41 1.3048 1.5410 0.1260 0.2311 0.1828 2.0755 -5.6250 2.5942
42 1.3044 1.5409 0.1308 0.2298 0.1830 0.8569 -5.6230 2.5791
43 1.3034 1.5408 0.1260 0.2264 0.1830 2.1088 -5.6250 2.5800
44 1.3019 1.5407 0.1296 0.2211 0.1829 1.8123 -5.6740 2.5822
45 1.3001 1.5406 0.1290 0.2144 0.1829 1.9635 -5.6150 2.5551
46 1.2980 1.5405 0.1284 0.2062 0.1830 1.9941 -5.5970 2.5319
47 1.2954 1.5406 0.1290 0.1963 0.1835 1.9998 -5.5540 2.5279
48 1.2924 1.5406 0.1272 0.1850 0.1842 2.3566 -5.5740 2.5181
49 1.2891 1.5407 0.1272 0.1721 0.1850 1.3625 -5.4820 2.4621
50 1.2861 1.5408 0.1266 0.1605 0.1858 2.5837 -5.5200 2.5359
51 1.2827 1.5460 0.1260 0.1473 0.2071 1.4237 -5.6170 2.5987
52 1.2821 1.5461 0.1290 0.1449 0.2076 2.0271 -5.6540 2.6187
53 1.2809 1.5461 0.1254 0.1406 0.2083 2.6001 -5.7060 2.5876
54 1.2794 1.5460 0.1290 0.1348 0.2084 1.0586 -5.7260 2.5849
55 1.2776 1.5459 0.1272 0.1280 0.2084 2.2997 -5.7890 2.6548
56 1.2755 1.5458 0.1278 0.1199 0.2086 2.1249 -5.7370 2.5586
57 1.2730 1.5456 0.1266 0.1100 0.2082 2.3484 -5.7720 2.6080
58 1.2702 1.5453 0.1272 0.0991 0.2075 2.1742 -5.9200 2.7247
59 1.2671 1.5451 0.1272 0.0866 0.2069 2.3728 -5.9190 2.7002
60 1.2643 1.5449 0.1290 0.0757 0.2065 2.1091 -5.9520 2.7478
61 1.2848 1.5490 0.1272 0.1582 0.2237 2.3415 -6.0650 2.7741
62 1.2842 1.5492 0.1278 0.1561 0.2247 2.3476 -6.0730 2.8070
63 1.2831 1.5494 0.1278 0.1521 0.2262 1.4775 -6.1170 2.7999
64 1.2816 1.5497 0.1272 0.1464 0.2279 2.6995 -6.1360 2.8110
65 1.2796 1.5498 0.1278 0.1388 0.2286 1.5721 -6.0840 2.7789
66 1.2772 1.5499 0.1195 0.1292 0.2297 3.3583 -6.2870 2.8773
67 1.2743 1.5501 0.1278 0.1179 0.2309 2.5001 -6.4330 2.9654
68 1.2710 1.5499 0.1284 0.1049 0.2306 2.5666 -6.3840 2.8867
69 1.2672 1.5494 0.1254 0.0901 0.2292 2.6436 -6.3450 2.8800
70 1.2639 1.5490 0.1189 0.0768 0.2281 3.6182 -6.3460 2.9125
71 1.2928 1.5580 0.1278 0.1929 0.2646 2.5053 -6.3340 2.8858
72 1.2921 1.5581 0.1302 0.1904 0.2654 1.5182 -6.1990 2.8266
73 1.2909 1.5581 0.1260 0.1862 0.2663 2.5784 -6.2040 2.8279
74 1.2893 1.5583 0.1290 0.1800 0.2676 2.5966 -6.2090 2.8337
75 1.2872 1.5586 0.1272 0.1719 0.2692 2.7110 -6.1160 2.7789
76 1.2846 1.5588 0.1284 0.1620 0.2708 2.7666 -6.1160 2.8092
77 1.2816 1.5591 0.1296 0.1505 0.2726 2.2156 -6.0590 2.7785
78 1.2782 1.5594 0.1284 0.1371 0.2741 2.6808 -5.9780 2.7077
79 1.2744 1.5594 0.1266 0.1221 0.2750 2.8558 -5.8610 2.6432
80 1.2711 1.5593 0.1284 0.1090 0.2753 2.7136 -5.7880 2.6276
81 1.3008 1.5710 0.1290 0.2283 0.3227 2.5947 -5.5870 2.4910
82 1.3000 1.5711 0.1284 0.2258 0.3237 2.6254 -5.3540 2.4265
83 1.2988 1.5715 0.1284 0.2212 0.3262 2.7039 -5.2880 2.3935
84 1.2973 1.5721 0.1290 0.2157 0.3291 2.6490 -5.3150 2.4136
85 1.2955 1.5727 0.1296 0.2091 0.3323 2.5339 -5.3280 2.4478
86 1.2933 1.5735 0.1272 0.2005 0.3361 2.7823 -5.4180 2.5288
87 1.2905 1.5744 0.1278 0.1899 0.3403 2.7279 -5.4540 2.4959
88 1.2874 1.5754 0.1272 0.1777 0.3451 2.2825 -5.4780 2.5030
89 1.2838 1.5767 0.1272 0.1638 0.3513 2.8971 -5.4910 2.4990
90 1.2806 1.5778 0.1278 0.1514 0.3563 2.8389 -5.5190 2.5230
91 1.2888 1.5690 0.1272 0.1847 0.3221 2.8656 -5.5020 2.5057
92 1.2884 1.5691 0.1302 0.1835 0.3231 2.6975 -5.5710 2.5595
93 1.2875 1.5692 0.1272 0.1799 0.3241 3.1423 -5.6070 2.5631
94 1.2858 1.5692 0.1296 0.1738 0.3247 2.6878 -5.6790 2.5871
95 1.2840 1.5690 0.1284 0.1667 0.3247 2.8514 -5.5930 2.5364
96 1.2818 1.5686 0.1278 0.1583 0.3236 2.8821 -5.5050 2.5542
97 1.2791 1.5679 0.1272 0.1479 0.3218 2.9727 -5.4900 2.5431
98 1.2761 1.5671 0.1272 0.1362 0.3190 2.9906 -5.5100 2.5270
99 1.2726 1.5661 0.1272 0.1224 0.3159 2.2388 -5.5590 2.5524
100 1.2695 1.5654 0.1218 0.1100 0.3136 3.9093 -5.5830 2.5604
101 1.2898 1.5649 0.1284 0.1918 0.3124 3.1354 -5.4070 2.4928
102 1.2892 1.5648 0.1296 0.1898 0.3124 2.8862 -5.4030 2.4830
103 1.2882 1.5645 0.1260 0.1862 0.3122 3.1582 -5.3710 2.4536
104 1.2868 1.5643 0.1290 0.1808 0.3119 2.1627 -5.5540 2.5813
105 1.2848 1.5641 0.1242 0.1733 0.3117 3.5307 -5.5840 2.5546
106 1.2823 1.5639 0.1284 0.1635 0.3117 2.9843 -5.5970 2.5186
107 1.2793 1.5638 0.1272 0.1516 0.3117 3.2079 -5.5910 2.5462
108 1.2757 1.5636 0.1278 0.1378 0.3116 2.9736 -5.6330 2.5631
109 1.2717 1.5633 0.1284 0.1220 0.3112 3.0997 -5.6310 2.5693
110 1.2681 1.5632 0.1296 0.1078 0.3112 3.0894 -5.5350 2.5026
111 1.3028 1.5540 0.1296 0.2471 0.2750 2.9827 -5.5930 2.5818
112 1.3022 1.5540 0.1272 0.2449 0.2755 3.1708 -5.7990 2.6904
113 1.3009 1.5540 0.1272 0.2402 0.2760 3.3699 -5.9770 2.7634
114 1.2990 1.5541 0.1178 0.2333 0.2771 4.5827 -6.0960 2.7878
115 1.2967 1.5542 0.1266 0.2245 0.2781 3.4183 -6.0150 2.7189
116 1.2939 1.5543 0.1284 0.2136 0.2788 3.0986 -5.7200 2.5849
117 1.2906 1.5544 0.1278 0.2009 0.2799 3.3101 -5.7040 2.6045
118 1.2870 1.5546 0.1272 0.1868 0.2811 2.6288 -5.8500 2.6704
119 1.2829 1.5548 0.1278 0.1707 0.2826 3.2867 -5.8690 2.6859
120 1.2792 1.5553 0.1284 0.1564 0.2849 3.4704 -5.8800 2.6730
121 1.2867 1.5470 0.1290 0.1868 0.2525 3.1096 -5.8740 2.6953
122 1.2858 1.5472 0.1302 0.1836 0.2536 3.2229 -5.8860 2.6882
123 1.2844 1.5475 0.1266 0.1782 0.2553 3.3756 -5.8400 2.6303
124 1.2824 1.5461 0.1278 0.1705 0.2501 2.6578 -5.8710 2.6646
125 1.2809 1.5452 0.1201 0.1650 0.2472 4.4895 -5.9060 2.7095
126 1.2781 1.5438 0.1272 0.1537 0.2418 3.7745 -5.9630 2.7482
127 1.2745 1.5423 0.1284 0.1400 0.2362 3.3446 -5.9730 2.7322
128 1.2704 1.5407 0.1284 0.1237 0.2304 3.4832 -5.8640 2.6641
129 1.2657 1.5391 0.1284 0.1050 0.2244 3.4408 -5.8620 2.6739
130 1.2615 1.5378 0.1296 0.0884 0.2194 3.6131 -5.9150 2.6993
131 1.2877 1.5650 0.1266 0.1934 0.3289 3.5062 -5.7090 2.5898
132 1.2867 1.5649 0.1290 0.1897 0.3292 2.5842 5.7200 -2.4943
133 1.2849 1.5648 0.1266 0.1828 0.3293 3.6033 -5.8050 2.6503
134 1.2825 1.5645 0.1278 0.1737 0.3288 3.9007 -5.7910 2.6156
135 1.2796 1.5641 0.1284 0.1625 0.3280 3.3620 -5.8230 2.6752
136 1.2761 1.5637 0.1308 0.1488 0.3268 3.3896 -6.0400 2.7549
137 1.2719 1.5632 0.1278 0.1322 0.3254 3.4714 -6.2540 2.8653
138 1.2673 1.5624 0.1296 0.1138 0.3228 3.6330 -6.2740 2.8778
139 1.2619 1.5612 0.1272 0.0925 0.3188 3.1048 -6.2750 2.8221
140 1.2584 1.5605 0.1284 0.0783 0.3166 3.7469 -6.2500 2.8510
141 1.2827 1.5500 0.1302 0.1761 0.2752 3.4213 -6.1160 2.7033
142 1.2821 1.5501 0.1272 0.1740 0.2760 3.7391 -5.9170 2.6450
143 1.2808 1.5502 0.1278 0.1691 0.2770 3.8061 -55.8710 30.0000
144 1.2791 1.5503 0.1201 0.1625 0.2779 4.6907 -5.9290 2.7981
145 1.2769 1.5504 0.1278 0.1538 0.2786 3.7824 -6.0000 2.7371
146 1.2740 1.5503 0.1183 0.1427 0.2786 5.1191 5.9870 -2.6138
147 1.2707 1.5493 0.1278 0.1295 0.2753 3.8191 -5.8960 2.6552
148 1.2667 1.5470 0.1224 0.1139 0.2664 3.7100 -5.8500 2.6704
149 1.2621 1.5447 0.1266 0.0956 0.2577 3.9399 -5.9350 2.7055
150 1.2579 1.5429 0.1290 0.0789 0.2509 3.9673 -6.0020 2.8128
151 1.2828 1.5620 0.1272 0.1788 0.3281 4.0173 -6.1060 2.7798
152 1.2821 1.5621 0.1266 0.1764 0.3290 3.9868 -6.2630 2.9085
153 1.2811 1.5624 0.1278 0.1724 0.3309 3.8008 -6.3470 2.8924
154 1.2795 1.5629 0.1266 0.1663 0.3336 4.2050 -6.4220 2.9249
155 1.2773 1.5635 0.1272 0.1581 0.3367 3.9095 -6.6180 3.0184
156 1.2745 1.5644 0.1189 0.1471 0.3407 4.9830 -6.7800 3.1661
157 1.2709 1.5654 0.1278 0.1329 0.3454 3.9952 -6.6165 3.0039
158 1.2666 1.5665 0.1290 0.1156 0.3506 4.1713 -6.7020 8.3431
159 1.2615 1.5676 0.1284 0.0955 0.3557 3.8979 -6.7350 3.0936
160 1.2572 1.5686 0.1218 0.0782 0.3604 4.9432 -6.9020 3.2632
161 1.2998 1.5581 0.1266 0.2491 0.3189 4.1444 -6.9040 3.1483
162 1.2986 1.5584 0.1296 0.2448 0.3206 3.9809 -6.9900 3.2089
163 1.2967 1.5588 0.1166 0.2377 0.3228 5.2018 -6.9890 3.1693
164 1.2943 1.5592 0.1284 0.2285 0.3249 4.1642 -6.9660 3.1537
165 1.2915 1.5595 0.1272 0.2177 0.3267 4.0859 -6.9170 3.1381
166 1.2881 1.5599 0.1284 0.2047 0.3292 4.2008 -6.8790 3.0981
167 1.2843 1.5607 0.1296 0.1898 0.3329 3.8318 -6.8710 3.1488
168 1.2801 1.5620 0.1296 0.1730 0.3385 4.1516 -6.8940 3.1475
169 1.2754 1.5633 0.1272 0.1549 0.3446 4.3387 -6.9650 3.1977
170 1.2714 1.5645 0.1302 0.1389 0.3501 3.8689 -6.9390 3.1515
171 1.2858 1.5600 0.1278 0.1967 0.3325 3.3464 -7.0050 3.1675
172 1.2850 1.5602 0.1290 0.1940 0.3340 4.1082 -6.9600 3.1679
173 1.2838 1.5606 0.1248 0.1894 0.3361 4.6925 -7.0370 3.2334
174 1.2822 1.5611 0.1290 0.1834 0.3387 3.9648 -7.0120 3.1768
175 1.2803 1.5618 0.1284 0.1760 0.3422 4.2965 -6.8580 3.0860
176 1.2779 1.5627 0.1284 0.1669 0.3466 4.1936 -6.7690 3.0927
177 1.2751 1.5639 0.1278 0.1557 0.3518 4.4054 -6.7660 3.0433
178 1.2716 1.5652 0.1284 0.1419 0.3577 4.2902 -6.7350 3.0972
179 1.2673 1.5670 0.1278 0.1253 0.3654 4.3808 -6.7160 3.0673
180 1.2646 1.5681 0.1284 0.1144 0.3708 4.3794 -6.7430 3.0660
181 1.2998 1.5481 0.1178 0.2559 0.2910 5.3726 -6.8580 3.1003
182 1.2992 1.5483 0.1266 0.2539 0.2925 4.5089 -6.7900 3.0718
183 1.2981 1.5485 0.1278 0.2501 0.2935 4.5640 -6.7920 3.1047
184 1.2967 1.5489 0.1195 0.2446 0.2957 5.6404 -6.8340 3.1047
185 1.2946 1.5494 0.1284 0.2369 0.2981 4.4070 -6.8820 3.1297
186 1.2922 1.5491 0.1321 0.2278 0.2976 4.1675 -6.8920 3.1288
187 1.2898 1.5482 0.1272 0.2183 0.2946 4.5277 -7.0220 3.1920
188 1.2872 1.5474 0.1315 0.2084 0.2915 3.3816 -7.0540 3.2169
189 1.2843 1.5467 0.1260 0.1970 0.2894 4.6478 -7.1500 3.2792
190 1.2817 1.5466 0.1266 0.1869 0.2894 4.8924 -7.1800 3.2828
191 1.2899 1.5461 0.1272 0.2203 0.2879 4.5926 -7.1710 3.2360
192 1.2895 1.5465 0.1278 0.2189 0.2900 4.7197 -7.1140 3.2391
193 1.2886 1.5471 0.1284 0.2159 0.2930 4.3038 -7.1740 3.2667
194 1.2873 1.5478 0.1284 0.2110 0.2961 4.6836 -7.1690 3.2369
195 1.2859 1.5487 0.1266 0.2057 0.3004 4.5579 -7.0830 3.1835
196 1.2843 1.5499 0.1284 0.1997 0.3056 4.6596 -7.0720 3.2213
197 1.2825 1.5514 0.1266 0.1927 0.3120 4.1208 -7.0310 3.1648
198 1.2804 1.5532 0.1160 0.1848 0.3198 6.0628 -6.9300 3.1359
199 1.2780 1.5554 0.1278 0.1753 0.3291 4.5471 -6.8590 3.1061
200 1.2757 1.5573 0.1284 0.1666 0.3374 4.7905 -6.8650 3.0900
201 1.3059 1.5580 0.1278 0.2878 0.3409 4.8776 -6.8980 3.1412
202 1.3056 1.5583 0.1260 0.2871 0.3425 4.2193 -6.8140 3.0469
203 1.3050 1.5589 0.1272 0.2852 0.3456 4.7455 -6.5870 2.9503
204 1.3041 1.5599 0.1290 0.2822 0.3502 4.7265 -6.3150 2.8346
205 1.3028 1.5615 0.1189 0.2778 0.3569 5.7766 -6.1830 2.8266
206 1.3012 1.5634 0.1266 0.2717 0.3652 5.2354 -6.0720 2.7425
207 1.2992 1.5653 0.1290 0.2644 0.3737 4.4808 -5.9850 2.6868
208 1.2970 1.5677 0.1278 0.2559 0.3838 5.0661 -6.0380 2.7149
209 1.2945 1.5704 0.1266 0.2465 0.3954 4.8073 -6.0040 2.7336
210 1.2925 1.5728 0.1296 0.2386 0.4058 4.8205 -5.9100 2.7077
211 1.2830 1.5581 0.1254 0.2011 0.3474 5.0403 -5.9540 2.7371
212 1.2830 1.5585 0.1296 0.2014 0.3497 4.7328 -6.0490 2.7589
213 1.2831 1.5594 0.1260 0.2020 0.3539 4.1816 -6.0150 2.7011
214 1.2829 1.5609 0.1296 0.2016 0.3606 4.8302 -5.9390 2.7402
215 1.2824 1.5630 0.1260 0.2002 0.3694 5.2832 -5.9170 2.7037
216 1.2814 1.5651 0.1296 0.1964 0.3786 4.1507 -5.9250 2.7011
217 1.2800 1.5676 0.1260 0.1911 0.3893 5.0788 -5.9190 2.7028
218 1.2790 1.5702 0.1290 0.1872 0.4001 5.1580 -5.8900 2.6819
219 1.2784 1.5728 0.1183 0.1852 0.4115 6.2761 -5.9630 2.7384
220 1.2779 1.5749 0.1284 0.1836 0.4207 4.1903 -5.8990 2.6815
221 1.2909 1.5700 0.1272 0.2357 0.4018 5.1806 -5.8050 2.6566
222 1.2904 1.5704 0.1284 0.2343 0.4040 5.1752 -5.7400 2.6303
223 1.2897 1.5713 0.1260 0.2319 0.4082 4.5897 -5.6910 2.5595
224 1.2892 1.5725 0.1284 0.2301 0.4140 5.0313 -5.6720 2.5920
225 1.2885 1.5744 0.1290 0.2280 0.4221 5.1578 -5.5650 2.5337
226 1.2875 1.5770 0.1201 0.2242 0.4333 6.0671 -5.6320 2.6027
227 1.2859 1.5805 0.1266 0.2184 0.4480 5.3633 -5.6250 2.5328
228 1.2839 1.5844 0.1284 0.2106 0.4644 5.2850 -5.5500 2.5270
229 1.2814 1.5886 0.1266 0.2010 0.4824 5.3994 -5.5160 2.4950
230 1.2795 1.5921 0.1278 0.1935 0.4972 5.3901 -5.4420 2.4523
231 1.2950 1.5675 0.1266 0.2559 0.3994 5.2478 -5.5990 2.6521
232 1.2971 1.5600 0.1278 0.2648 0.3700 5.2413 -5.5630 2.5862
233 1.2985 1.5519 0.1272 0.2708 0.3383 5.3923 -5.5810 2.5626
234 1.3022 1.5446 0.1278 0.2863 0.3095 5.5808 -5.6900 2.5689
235 1.3059 1.5377 0.1278 0.3017 0.2822 4.4095 -5.7270 2.6236
236 1.3090 1.5302 0.1296 0.3146 0.2524 5.3988 -5.7720 2.6543
237 1.3130 1.5227 0.1260 0.3311 0.2229 5.5489 -5.8620 2.7273
238 1.3157 1.5164 0.1290 0.3428 0.1976 5.3256 -5.9740 2.7255
239 1.3178 1.5116 0.1260 0.3518 0.1785 5.5249 -5.8490 2.7064
240 1.3188 1.5087 0.1315 0.3566 0.1671 5.2475 -5.9220 2.7896
241 1.2838 1.5712 0.1284 0.2168 0.4176 5.3245 -5.9370 2.8043
242 1.2820 1.5720 0.1290 0.2098 0.4218 4.4995 -5.9520 2.7647
243 1.2798 1.5728 0.1260 0.2014 0.4255 5.5300 -5.7720 2.4621
244 1.2768 1.5749 0.1290 0.1898 0.4346 5.6092 -5.7060 2.6036
245 1.2731 1.5771 0.1178 0.1751 0.4443 6.7974 -5.6000 2.5591
246 1.2683 1.5796 0.1278 0.1561 0.4552 5.4889 -5.3790 2.4055
247 1.2625 1.5824 0.1290 0.1332 0.4672 5.3017 -5.2800 2.3739
248 1.2556 1.5852 0.1266 0.1056 0.4792 5.6097 -5.2840 2.3882
249 1.2480 1.5871 0.1290 0.0750 0.4879 4.6279 -5.2720 2.4104
250 1.2422 1.5888 0.1284 0.0518 0.4954 5.6672 -5.0810 2.2516
251 1.2919 1.5512 0.1290 0.2512 0.3453 5.4879 -5.0220 2.3161
252 1.2916 1.5517 0.1195 0.2504 0.3480 6.5882 -5.0440 2.3045
253 1.2916 1.5531 0.1272 0.2505 0.3542 5.6822 -5.1450 2.3521
254 1.2899 1.5534 0.1302 0.2442 0.3558 5.3366 -5.1810 2.3860
255 1.2886 1.5545 0.1266 0.2395 0.3608 5.7308 -5.1300 2.3837
256 1.2887 1.5554 0.1260 0.2402 0.3650 5.5225 -5.2660 2.4834
257 1.2892 1.5559 0.1183 0.2424 0.3674 6.7001 -5.2900 2.4505
258 1.2897 1.5564 0.1278 0.2450 0.3702 4.8004 -5.2750 2.4011
259 1.2917 1.5593 0.1284 0.2535 0.3823 5.6894 -5.4530 2.4910
260 1.2920 1.5618 0.1278 0.2551 0.3927 5.8367 -5.4620 2.5466
261 1.2912 1.5456 0.1290 0.2521 0.3286 5.6455 -5.5340 2.5689
262 1.2914 1.5468 0.1189 0.2535 0.3338 6.8157 -5.4770 2.4429
263 1.2910 1.5479 0.1272 0.2521 0.3386 5.9001 -5.4390 2.4732
264 1.2911 1.5510 0.1278 0.2529 0.3515 5.8457 -5.2550 2.4055
265 1.2921 1.5546 0.1266 0.2576 0.3665 5.8882 -5.2720 2.3891
266 1.2943 1.5575 0.1290 0.2667 0.3787 4.9060 -5.2810 2.4269
267 1.2962 1.5607 0.1272 0.2748 0.3923 5.9130 -5.2010 2.3842
268 1.2984 1.5646 0.1272 0.2839 0.4083 6.0516 -5.0150 2.2720
269 1.3008 1.5708 0.1296 0.2942 0.4338 5.7186 -4.9490 2.2551
270 1.3022 1.5752 0.1296 0.3005 0.4521 5.8502 -4.9390 2.3076
271 1.2799 1.5603 0.1296 0.2115 0.3934 5.6833 -54.9850 30.0000
272 1.2826 1.5620 0.1290 0.2228 0.4006 5.8949 -5.1070 2.3682
273 1.2846 1.5641 0.1172 0.2310 0.4098 7.0338 -5.0860 2.3303
274 1.2888 1.5661 0.1290 0.2481 0.4185 5.9925 -4.9650 2.3059
275 1.2921 1.5687 0.1260 0.2615 0.4294 6.0113 -4.9700 2.2582
276 1.2953 1.5705 0.1278 0.2748 0.4374 6.1135 -5.0350 -30.0000
277 1.2992 1.5729 0.1260 0.2912 0.4478 6.2877 -5.2410 2.4545
278 1.3012 1.5746 0.1290 0.2997 0.4553 5.2302 -5.1350 2.3619
279 1.3055 1.5793 0.1272 0.3175 0.4748 6.0593 -5.0280 2.3045
280 1.3110 1.5835 0.1290 0.3401 0.4927 5.9125 -5.0470 2.3958
281 1.2927 1.5527 0.1272 0.2674 0.3699 6.2659 -55.0410 30.0000
282 1.2911 1.5504 0.1308 0.2612 0.3611 5.7224 -5.1840 2.4113
283 1.2906 1.5469 0.1183 0.2597 0.3475 7.1224 -5.2860 2.4532
284 1.2917 1.5413 0.1290 0.2645 0.3255 6.1602 -5.5530 2.6539
285 1.2901 1.5340 0.1266 0.2583 0.2966 6.1668 -5.4810 2.4536
286 1.2891 1.5272 0.1284 0.2549 0.2698 6.2085 -5.4960 2.5030
287 1.2885 1.5199 0.1254 0.2528 0.2408 5.7551 -5.4570 2.5266
288 1.2917 1.5148 0.1207 0.2659 0.2204 7.1745 -5.4360 2.4665
289 1.2925 1.5091 0.1272 0.2696 0.1977 6.2876 -5.4451 2.4280
290 1.2930 1.5041 0.1290 0.2722 0.1780 6.1445 -5.4070 2.4358
291 1.2962 1.5470 0.1284 0.2853 0.3500 6.1714 -5.4260 2.4790
292 1.2962 1.5499 0.1296 0.2858 0.3619 5.2152 -5.2380 2.4336
293 1.3011 1.5556 0.1178 0.3058 0.3853 7.4276 -5.2600 2.4006
294 1.3106 1.5650 0.1272 0.3447 0.4238 6.6140 -5.0400 2.2422
295 1.3240 1.5768 0.1278 0.3989 0.4717 6.1378 -5.2030 2.4465
296 1.3396 1.5880 0.1290 0.4622 0.5174 6.3112 -5.2950 2.4456
297 1.3539 1.5997 0.1266 0.5202 0.5652 5.4970 -5.3040 2.3553
298 1.3704 1.6130 0.1284 0.5875 0.6196 6.4216 -5.3690 2.5462
299 1.3905 1.6287 0.1266 0.6693 0.6837 6.6568 -5.2360 2.3642
300 1.4084 1.6421 0.1296 0.7427 0.7386 6.3688 -5.2040 2.3828
301 1.2822 1.5436 0.1272 0.2380 0.3452 5.7807 -5.2880 2.4282
302 1.2855 1.5465 0.1296 0.2518 0.3571 6.2203 -5.4240 2.5751
303 1.2892 1.5470 0.1248 0.2668 0.3596 6.7568 -5.4790 2.5052
304 1.2939 1.5498 0.1284 0.2862 0.3714 6.4029 -5.6800 2.5760
305 1.3000 1.5556 0.1254 0.3109 0.3950 6.6626 -5.7870 2.6281
306 1.3051 1.5648 0.1284 0.3320 0.4325 6.4399 -5.9800 2.8039
307 1.3112 1.5782 0.1278 0.3568 0.4867 6.4703 -5.9110 2.6557
308 1.3214 1.5926 0.1296 0.3985 0.5452 6.6336 -5.9330 2.7278
309 1.3310 1.6095 0.1278 0.4377 0.6141 6.7484 -5.9700 2.7344
310 1.3364 1.6204 0.1272 0.4602 0.6587 6.9568 -5.9000 2.6428
311 1.2870 1.5630 0.1272 0.2628 0.4298 6.8532 -5.9500 2.6517
312 1.2852 1.5492 0.1178 0.2561 0.3753 7.7641 -5.9700 2.7291
313 1.2832 1.5308 0.1266 0.2484 0.3020 6.8417 -6.0620 2.8475
314 1.2811 1.5145 0.1302 0.2402 0.2368 6.3032 -6.0580 2.7362
315 1.2764 1.5000 0.1272 0.2218 0.1787 6.8055 -6.1950 2.8177
316 1.2785 1.4888 0.1284 0.2303 0.1341 5.8481 -6.2890 2.9129
317 1.2839 1.4796 0.1278 0.2523 0.0970 6.7697 -6.1900 2.7870
318 1.2894 1.4698 0.1284 0.2746 0.0572 7.0798 -6.1920 2.7976
319 1.2916 1.4617 0.1207 0.2841 0.0247 7.5420 -6.3130 2.9040
320 1.2922 1.4590 0.1278 0.2867 0.0136 6.9376 -6.3470 2.8257
321 1.2898 1.5446 0.1254 0.2777 0.3564 7.1195 -6.3950 2.9263
322 1.2843 1.5491 0.1278 0.2560 0.3748 7.0308 -6.3520 2.8840
323 1.2829 1.5603 0.1266 0.2505 0.4202 5.8348 -6.2310 2.8399
324 1.2805 1.5785 0.1290 0.2416 0.4939 6.8624 -6.2630 2.8542
325 1.2782 1.5980 0.1266 0.2323 0.5729 6.8691 -6.3280 2.8902
326 1.2776 1.6179 0.1302 0.2304 0.6534 6.7524 -6.4223 3.0162
327 1.2728 1.6413 0.1272 0.2114 0.7486 7.0739 0.0000 0.0668
328 1.2669 1.6638 0.1290 0.1878 0.8401 6.9346 -6.3150 2.8711
329 1.2572 1.6873 0.1290 0.1493 0.9360 6.6515 -6.3470 2.9797
330 1.2472 1.7052 0.1302 0.1092 1.0098 6.8214 -6.4970 2.9485
331 1.2218 1.5352 0.1201 0.0073 0.3300 7.8772 -6.5300 2.9588
332 1.2187 1.5381 0.1302 -0.0054 0.3420 5.7867 -6.7010 3.1087
333 1.2151 1.5421 0.1183 -0.0203 0.3585 8.0005 -6.7560 3.0504
334 1.2083 1.5466 0.1302 -0.0476 0.3767 6.9526 -6.7090 2.9823
335 1.1991 1.5536 0.1278 -0.0852 0.4054 6.9595 -6.8680 3.1288
336 1.1898 1.5638 0.1296 -0.1230 0.4468 7.0616 -6.9500 3.2231
337 1.1761 1.5795 0.1266 -0.1783 0.5103 7.1403 -7.0280 3.2409
338 1.1598 1.5996 0.1290 -0.2445 0.5918 7.1705 -7.1410 3.2102
339 1.1379 1.6203 0.1266 -0.3334 0.6758 7.1762 -7.3300 3.3824
340 1.1203 1.6369 0.1284 -0.4051 0.7435 7.0938 -7.2730 3.2912
341 1.3008 1.5545 0.1260 0.3177 0.4146 7.2772 -7.2110 3.2592
342 1.2991 1.5519 0.1296 0.3113 0.4046 5.9760 -7.1630 3.2841
343 1.2928 1.5460 0.1266 0.2866 0.3816 7.2424 -7.0700 3.2107
344 1.2885 1.5390 0.1272 0.2696 0.3540 7.6735 -7.0310 3.1675
345 1.2837 1.5317 0.1195 0.2507 0.3249 8.1914 -7.1230 3.2271
346 1.2811 1.5264 0.1296 0.2407 0.3040 7.1758 -7.0480 3.1929
347 1.2785 1.5221 0.1266 0.2307 0.2870 7.1959 -7.1060 3.2107
348 1.2681 1.5210 0.1296 0.1893 0.2829 7.2121 -7.0870 3.1888
349 1.2602 1.5164 0.1266 0.1575 0.2648 7.4118 -7.2450 3.3375
350 1.2528 1.5136 0.1272 0.1282 0.2535 7.5358 -7.2380 3.2596
351 1.3057 1.5594 0.1290 0.3404 0.4375 6.2648 -7.3740 3.3495
352 1.3086 1.5657 0.1296 0.3524 0.4632 7.1570 -7.4270 3.3473
353 1.3148 1.5719 0.1278 0.3778 0.4889 7.1536 -7.5630 3.5084
354 1.3162 1.5729 0.1290 0.3843 0.4937 6.2620 -7.6520 9.7183
355 1.3180 1.5732 0.1254 0.3921 0.4954 7.7800 -7.7580 3.5177
356 1.3165 1.5692 0.1278 0.3869 0.4802 7.5095 -7.8259 3.5497
357 1.3190 1.5682 0.1213 0.3975 0.4769 8.3147 -7.9050 -30.0000
358 1.3169 1.5645 0.1284 0.3898 0.4628 7.2329 -7.8540 3.5623
359 1.3204 1.5663 0.1266 0.4043 0.4707 7.5885 -7.8100 3.5427
360 1.3263 1.5665 0.1302 0.4289 0.4722 7.2876 -8.3230 3.7710
361 1.3021 1.5512 0.1284 0.3326 0.4113 7.3401 -7.8870 3.5565
362 1.3012 1.5484 0.1266 0.3295 0.4007 7.5153 -7.9960 3.6557
363 1.3016 1.5476 0.1266 0.3315 0.3977 7.7141 -8.1210 3.6846
364 1.2976 1.5490 0.1218 0.3158 0.4040 8.3638 -7.7910 3.5511
365 1.3007 1.5518 0.1278 0.3290 0.4158 7.6661 -7.9900 3.6281
366 1.3025 1.5579 0.1290 0.3367 0.4408 7.4785 -8.3510 3.7745
367 1.2950 1.5561 0.1272 0.3069 0.4342 7.5939 -8.2670 3.7131
368 1.2774 1.5464 0.1290 0.2369 0.3957 7.6355 -8.0330 3.5663
369 1.2498 1.5281 0.1183 0.1266 0.3228 8.8155 -7.7480 3.4207
370 1.2206 1.5080 0.1278 0.0093 0.2423 7.7536 -7.6380 3.4350
371 1.2060 1.5461 0.1260 -0.0494 0.3955 7.7439 -7.5060 3.4456
372 1.1920 1.5379 0.1290 -0.1060 0.3631 7.7625 -7.4490 3.4069
373 1.1680 1.5254 0.1290 -0.2028 0.3130 6.6524 -7.1850 3.2280
374 1.1340 1.5110 0.1302 -0.3400 0.2555 7.5923 -7.1680 3.2552
375 1.0920 1.4968 0.1272 -0.5094 0.1987 7.7926 -7.5830 3.5378
376 1.0572 1.4916 0.1213 -0.6508 0.1781 8.7060 -7.7080 3.4777
377 1.0323 1.4957 0.1260 -0.7525 0.1942 7.9134 -7.7650 3.4514
378 1.0115 1.4988 0.1296 -0.8380 0.2068 7.7380 -6.5010 1.9436
379 0.9827 1.5003 0.1254 -0.9561 0.2128 7.9613 -7.1200 3.3086
380 0.9579 1.5075 0.1278 -1.0578 0.2416 7.9889 -7.4360 3.4937
381 1.2910 1.5526 0.1272 0.2748 0.4225 7.8945 -7.4140 3.2534
382 1.2930 1.5491 0.1278 0.2832 0.4091 8.0824 -6.9640 3.1599
383 1.2906 1.5510 0.1278 0.2742 0.4172 7.9187 -7.1200 3.2276
384 1.2969 1.5539 0.1278 0.2996 0.4292 7.8765 -6.6350 2.8782
385 1.2979 1.5579 0.1290 0.3043 0.4460 7.6896 -6.3050 2.7999
386 1.2969 1.5701 0.1260 0.3005 0.4954 8.0698 -6.2480 2.7344
387 1.3031 1.5833 0.1272 0.3260 0.5488 7.8839 -5.8850 2.5533
388 1.3049 1.5959 0.1260 0.3338 0.6005 8.1069 -5.9190 2.7287
389 1.3114 1.6104 0.1260 0.3602 0.6595 7.2375 -5.8990 2.5506
390 1.3215 1.6225 0.1296 0.4014 0.7089 7.9436 -5.5590 2.5239
391 1.2662 1.5500 0.1236 0.1802 0.4195 8.7400 -5.5610 2.5417
392 1.2714 1.5587 0.1254 0.2013 0.4547 7.3573 -5.1570 2.3797
393 1.2857 1.5630 0.1266 0.2590 0.4726 8.1771 -4.6610 2.0308
394 1.2956 1.5637 0.1290 0.2989 0.4761 8.0258 -4.7350 2.2507
395 1.3106 1.5706 0.1166 0.3598 0.5044 9.4140 -4.7800 2.1042
396 1.3261 1.5735 0.1266 0.4224 0.5170 8.4744 -4.6140 2.1799
397 1.3346 1.5830 0.1278 0.4571 0.5556 7.6883 -4.8860 2.2778
398 1.3507 1.5954 0.1296 0.5224 0.6061 8.2091 -4.5390 1.9827
399 1.3733 1.6011 0.1272 0.6143 0.6299 7.2711 -4.1080 1.8951
400 1.3866 1.6058 0.1284 0.6689 0.6499 7.4320 -4.0006 1.9110
401 1.2539 1.5580 0.1296 0.1382 0.4593 7.2426 -3.8100 1.6503
402 1.2547 1.5664 0.1296 0.1411 0.4935 8.0933 -3.0528 1.4475
403 1.2483 1.5783 0.1260 0.1156 0.5418 8.4260 -3.1540 6.9803
404 1.2470 1.5915 0.1284 0.1106 0.5957 8.2760 -3.4310 1.9774
405 1.2438 1.6067 0.1254 0.0975 0.6573 8.3573 -3.0090 1.4059
406 1.2375 1.6251 0.1284 0.0724 0.7325 8.3151 -3.3760 1.6966
407 1.2391 1.6504 0.1178 0.0787 0.8351 9.6125 -3.3020 1.4046
408 1.2367 1.6723 0.1290 0.0690 0.9246 8.2184 -3.4100 1.5844
409 1.2396 1.6997 0.1290 0.0801 1.0359 8.2969 -3.7680 1.7455
410 1.2472 1.7201 0.1308 0.1106 1.1199 8.1524 -3.2470 1.3605
411 1.2550 1.5412 0.1284 0.1420 0.4046 8.3379 -3.2110 4.3540
412 1.2467 1.5428 0.1284 0.1088 0.4114 8.2356 -3.5000 1.7233
413 1.2479 1.5480 0.1278 0.1135 0.4329 8.5678 -3.2210 1.4887
414 1.2511 1.5483 0.1195 0.1261 0.4345 9.4622 -2.9340 1.2951
415 1.2471 1.5553 0.1266 0.1104 0.4630 8.6280 -3.2970 1.6320
416 1.2502 1.5669 0.1284 0.1229 0.5100 8.3685 -3.1030 1.4246
417 1.2503 1.5738 0.1278 0.1232 0.5383 8.5196 -3.0410 1.4780
418 1.2510 1.5889 0.1254 0.1260 0.5998 8.2298 -3.1700 1.3797
419 1.2614 1.6066 0.1189 0.1675 0.6715 9.6844 -3.2050 1.5128
420 1.2694 1.6174 0.1284 0.1998 0.7158 8.7414 -3.3370 1.6392
421 1.2670 1.5580 0.1266 0.1904 0.4789 8.6099 -3.5450 1.7121
422 1.2726 1.5629 0.1290 0.2132 0.4991 8.5760 -3.2520 1.4331
423 1.2715 1.5685 0.1260 0.2089 0.5223 8.6548 -3.4090 1.6890
424 1.2756 1.5808 0.1242 0.2255 0.5724 8.8287 -3.6330 1.6712
425 1.2889 1.5985 0.1284 0.2791 0.6441 8.4631 -3.1820 1.3583
426 1.2970 1.6129 0.1272 0.3119 0.7029 8.7467 -3.1250 1.5493
427 1.3031 1.6348 0.1254 0.3368 0.7916 8.6218 -3.4010 1.5777
428 1.3181 1.6557 0.1254 0.3977 0.8768 8.9994 -3.1240 1.3939
429 1.3292 1.6750 0.1278 0.4428 0.9557 8.6694 -3.1120 1.4714
430 1.3424 1.6961 0.1278 0.4964 1.0423 8.9258 -3.1640 1.4064
431 1.2584 1.5214 0.1284 0.1605 0.3437 8.7463 -2.6820 1.2925
432 1.2494 1.5185 0.1284 0.1246 0.3321 8.8859 -2.8990 1.4229
433 1.2452 1.5236 0.1278 0.1075 0.3527 8.4353 -3.1100 1.4990
434 1.2467 1.5300 0.1272 0.1136 0.3788 8.9461 -2.5790 1.0446
435 1.2404 1.5404 0.1260 0.0886 0.4205 8.7486 -2.8230 1.3837
436 1.2372 1.5601 0.1272 0.0753 0.5002 8.8022 -3.0040 1.3984
437 1.2418 1.5810 0.1230 0.0938 0.5847 9.1428 -2.5380 1.1037
438 1.2399 1.5963 0.1278 0.0863 0.6465 8.8273 -2.5180 1.2248
439 1.2361 1.6187 0.1290 0.0708 0.7374 8.7000 -2.7420 1.2230
440 1.2395 1.6413 0.1278 0.0843 0.8292 7.7999 -2.5570 1.1790
441 1.2693 1.5372 0.1236 0.2037 0.4130 9.4987 -2.3220 1.0699
442 1.2605 1.5322 0.1272 0.1685 0.3936 8.2538 -2.4640 1.2426
443 1.2572 1.5348 0.1266 0.1555 0.4044 8.6984 -2.4170 1.0089
444 1.2609 1.5384 0.1248 0.1704 0.4189 9.0513 -2.1400 0.9952
445 1.2568 1.5364 0.1166 0.1541 0.4114 9.9365 -1.7570 0.8113
446 1.2507 1.5361 0.1266 0.1294 0.4107 9.3555 -2.0510 0.9680
447 1.2544 1.5452 0.1290 0.1446 0.4474 8.6023 -2.2730 1.1380
448 1.2650 1.5524 0.1302 0.1870 0.4768 9.0777 -1.8880 0.8429
449 1.2699 1.5528 0.1272 0.2067 0.4789 8.9758 -1.8590 0.9173
450 1.2679 1.5543 0.1172 0.1987 0.4855 10.4353 -1.9900 1.0130
451 1.2730 1.5410 0.1260 0.2196 0.4326 8.3838 -2.2430 1.0810
452 1.2870 1.5543 0.1260 0.2759 0.4865 9.1092 -2.2000 1.0459
453 1.3054 1.5667 0.1224 0.3502 0.5367 9.6768 -1.8710 0.7375
454 1.3154 1.5711 0.1207 0.3909 0.5549 9.1390 -1.6020 0.7797
455 1.3155 1.5754 0.1236 0.3916 0.5729 9.2741 -1.5580 0.7717
456 1.3095 1.5862 0.1266 0.3684 0.6171 9.3529 -1.8980 1.0183
457 1.3116 1.6069 0.1149 0.3774 0.7009 10.6588 -2.1110 1.0535
458 1.3237 1.6344 0.1272 0.4265 0.8120 9.2583 -1.8670 0.8202
459 1.3374 1.6564 0.1278 0.4821 0.9018 9.1439 -1.4180 0.6783
460 1.3411 1.6722 0.1290 0.4980 0.9666 9.0133 -1.4170 0.6849
461 1.2731 1.5548 0.1266 0.2260 0.4977 9.1385 -1.7250 0.9938
462 1.2834 1.5660 0.1254 0.2676 0.5432 9.3011 -1.4210 0.5639
463 1.2984 1.5744 0.1224 0.3283 0.5773 10.0974 -1.0970 0.5514
464 1.3056 1.5752 0.1207 0.3574 0.5815 10.0866 -0.8340 0.4958
465 1.3029 1.5691 0.1278 0.3471 0.5577 9.3685 -1.0860 0.5875
466 1.2978 1.5669 0.1290 0.3275 0.5496 9.1813 -1.4350 0.7846
467 1.3022 1.5746 0.1254 0.3456 0.5812 9.4536 -1.6520 0.8616
468 1.3166 1.5901 0.1284 0.4039 0.6439 9.1109 -1.4640 0.6961
469 1.3391 1.5995 0.1254 0.4948 0.6824 9.4908 -0.9920 0.3587
470 1.3505 1.6013 0.1260 0.5412 0.6907 9.5498 -0.7080 0.3089
471 1.2670 1.5280 0.1236 0.2074 0.3979 9.4932 -0.3750 0.2114
472 1.2583 1.5221 0.1260 0.1727 0.3746 9.7000 -0.5710 0.2906
473 1.2415 1.5179 0.1248 0.1056 0.3577 9.5618 -1.0440 0.5804
474 1.2300 1.5202 0.1278 0.0592 0.3672 9.6409 -1.4830 0.8639
475 1.2280 1.5325 0.1284 0.0511 0.4168 9.4051 -1.5840 0.8616
476 1.2360 1.5548 0.1254 0.0830 0.5067 9.6045 -1.7740 0.9302
477 1.2541 1.5871 0.1266 0.1552 0.6368 9.4195 -1.8010 0.7998
478 1.2821 1.6268 0.1248 0.2676 0.7968 9.6535 -1.7370 0.7401
479 1.3169 1.6631 0.1278 0.4073 0.9436 9.6124 -1.3180 0.5804
480 1.3430 1.6851 0.1272 0.5130 1.0332 9.5187 -0.8210 0.2007
481 1.2590 1.5363 0.1154 0.1769 0.4385 10.7102 -0.6340 0.3641
482 1.2432 1.5262 0.1254 0.1136 0.3983 9.7728 -0.7460 0.4753
483 1.2286 1.5215 0.1260 0.0551 0.3800 9.4220 -1.1810 0.5844
484 1.2242 1.5246 0.1248 0.0370 0.3925 9.8781 -1.3690 0.6458
485 1.2276 1.5373 0.1254 0.0505 0.4436 9.7058 -1.2750 0.5301
486 1.2410 1.5567 0.1248 0.1041 0.5219 9.7959 -1.0990 0.5114
487 1.2592 1.5707 0.1254 0.1771 0.5785 8.8653 -0.7880 0.3658
488 1.2725 1.5753 0.1266 0.2305 0.5977 9.7977 -0.4820 0.2599
489 1.2758 1.5791 0.1248 0.2439 0.6136 9.7334 -0.4380 0.3347
490 1.2720 1.5828 0.1248 0.2290 0.6294 10.2276 -0.7850 0.4268
491 1.2900 1.5310 0.1248 0.3012 0.4224 10.0017 -1.2040 0.6071
492 1.3035 1.5436 0.1236 0.3558 0.4732 9.1088 -1.0110 0.4135
493 1.3231 1.5529 0.1236 0.4350 0.5110 9.9444 -0.6570 0.2782
494 1.3381 1.5547 0.1242 0.4957 0.5187 10.0707 -0.2990 0.2150
495 1.3431 1.5551 0.1166 0.5166 0.5208 10.8840 -0.5100 0.4397
496 1.3476 1.5554 0.1278 0.5357 0.5226 9.7367 -0.8590 0.4784
497 1.3622 1.5641 0.1266 0.5951 0.5581 9.8406 -1.0860 0.5172
498 1.3867 1.5708 0.1266 0.6946 0.5857 9.9788 -0.9300 0.4807
499 1.4146 1.5676 0.1254 0.8077 0.5734 9.9619 -0.4500 0.2216
500 1.4301 1.5623 0.1248 0.8718 0.5530 10.1684 -0.5990 0.4019
501 1.2650 1.5280 0.1230 0.2114 0.4159 9.2855 -0.9710 0.5772
502 1.2790 1.5417 0.1254 0.2677 0.4712 10.1913 -0.8350 0.2604
503 1.2991 1.5537 0.1242 0.3486 0.5195 10.1740 -0.4070 0.0930
504 1.3111 1.5579 0.1278 0.3970 0.5372 9.0565 0.0640 -0.0215
505 1.3138 1.5588 0.1242 0.4087 0.5414 10.3914 -0.2410 0.2132
506 1.3178 1.5671 0.1272 0.4252 0.5750 10.2313 -0.8530 0.5737
507 1.3317 1.5848 0.1154 0.4819 0.6466 11.2411 -1.0510 0.6760
508 1.3549 1.6076 0.1266 0.5756 0.7392 10.2205 -0.4650 0.1295
509 1.3736 1.6237 0.1242 0.6518 0.8049 10.2865 -0.0620 -0.0187
510 1.3822 1.6409 0.1284 0.6874 0.8749 10.1576 -0.4520 0.4700
511 1.2760 1.5370 0.1278 0.2628 0.4597 9.8846 -0.8510 0.5203
512 1.2884 1.5435 0.1254 0.3126 0.4862 10.2518 -0.4890 0.1981
513 1.2950 1.5439 0.1236 0.3395 0.4881 10.7856 -0.0470 0.0503
514 1.2964 1.5469 0.1284 0.3456 0.5006 9.9876 -0.4820 0.4468
515 1.3069 1.5579 0.1254 0.3883 0.5451 10.4874 -0.8740 0.5109
516 1.3272 1.5741 0.1260 0.4703 0.6107 10.1949 -0.6890 0.3022
517 1.3519 1.5837 0.1248 0.5699 0.6498 10.4766 -0.3630 0.2488
518 1.3673 1.5935 0.1254 0.6328 0.6903 10.2443 -0.3480 0.1691
519 1.3762 1.6118 0.1242 0.6697 0.7642 10.4663 -0.7810 0.4758
520 1.3849 1.6263 0.1242 0.7058 0.8236 10.7172 -0.9330 0.5229
521 1.2555 1.5372 0.1242 0.1884 0.4676 10.4331 -0.5160 0.2127
522 1.2531 1.5287 0.1242 0.1787 0.4341 10.3923 -0.2490 0.0984
523 1.2407 1.5197 0.1242 0.1291 0.3983 9.6526 -0.3820 0.3614
524 1.2213 1.5169 0.1248 0.0511 0.3873 10.4183 -0.7960 0.5554
525 1.2089 1.5233 0.1242 0.0011 0.4129 10.6879 -1.0360 0.4513
526 1.2065 1.5396 0.1284 -0.0089 0.4787 10.3223 -1.0541 0.4310
527 1.2141 1.5636 0.1242 0.0212 0.5751 10.4274 -0.8830 0.4028
528 1.2317 1.5829 0.1272 0.0914 0.6534 9.5025 -0.4310 0.1037
529 1.2492 1.5927 0.1242 0.1614 0.6935 10.5207 -0.1530 0.1349
530 1.2673 1.5976 0.1236 0.2339 0.7138 10.9056 0.3630 -0.1239
531 1.2560 1.5444 0.1248 0.1888 0.5014 10.5386 0.5740 -0.2329
532 1.2420 1.5433 0.1266 0.1327 0.4976 10.6409 0.4930 -0.1699
533 1.2180 1.5412 0.1254 0.0364 0.4896 10.3856 0.4300 -0.0855
534 1.1840 1.5362 0.1260 -0.1003 0.4700 10.6905 0.3530 -0.0098
535 1.1400 1.5285 0.1242 -0.2774 0.4394 10.5667 0.2630 0.0013
536 1.0868 1.5184 0.1254 -0.4918 0.3992 10.7399 0.1780 -0.1018
537 1.0281 1.5056 0.1260 -0.7288 0.3479 9.9782 0.0590 -0.0394
538 0.9681 1.4869 0.1195 -0.9716 0.2730 11.7879 -0.2990 0.2324
539 0.9113 1.4659 0.1266 -1.2024 0.1889 10.3544 -0.4330 0.2881
540 0.8710 1.4504 0.1266 -1.3671 0.1265 10.5476 -0.5530 0.3291
541 1.2601 1.5428 0.1278 0.1891 0.4962 10.7181 -0.6130 0.3704
542 1.2635 1.5468 0.1284 0.2031 0.5129 10.4839 -0.3610 0.1989
543 1.2595 1.5554 0.1236 0.1873 0.5478 11.0780 0.0000 -0.1595
544 1.2526 1.5725 0.1260 0.1593 0.6169 10.8703 -0.3020 0.2454
545 1.2449 1.5968 0.1272 0.1287 0.7152 9.6872 -0.2340 -0.6525
546 1.2436 1.6245 0.1266 0.1233 0.8271 10.8365 -0.4530 0.2671
547 1.2519 1.6590 0.1242 0.1566 0.9666 11.1421 -0.7840 0.4148
548 1.2702 1.7035 0.1189 0.2300 1.1466 11.7962 -1.1900 0.6409
549 1.2985 1.7559 0.1236 0.3437 1.3588 11.2513 -0.7310 0.2702
550 1.3203 1.7848 0.1278 0.4315 1.4772 10.6995 -0.4050 0.0138
551 1.3598 1.4438 0.1254 0.5905 0.1128 11.0629 0.1220 -0.0563
552 1.3492 1.4459 0.1248 0.5493 0.1207 10.2111 0.2670 -0.0949
553 1.3326 1.4553 0.1166 0.4836 0.1578 12.0380 -0.0080 0.0414
554 1.3123 1.4709 0.1260 0.4032 0.2199 10.9879 -0.4240 0.3055
555 1.2992 1.4957 0.1260 0.3511 0.3191 10.9466 -0.7080 0.4148
556 1.2944 1.5305 0.1266 0.3325 0.4587 10.8338 -1.0270 0.5505
557 1.2996 1.5753 0.1254 0.3540 0.6387 10.1768 -1.3380 0.7664
558 1.3149 1.6302 0.1242 0.4156 0.8593 11.3987 -1.5940 0.8999
559 1.3401 1.6950 0.1248 0.5175 1.1205 11.2256 -1.6020 0.8305
560 1.3675 1.7540 0.1166 0.6282 1.3592 12.5270 -1.4140 0.6213
561 1.2720 1.5406 0.1260 0.2463 0.5060 10.4619 -1.3280 0.6471
562 1.2800 1.5397 0.1266 0.2787 0.5026 11.1750 -0.5880 0.1745
563 1.2853 1.5307 0.1266 0.3003 0.4670 11.0734 0.0060 -0.1006
564 1.2815 1.5164 0.1260 0.2851 0.4098 11.0444 0.3580 -0.1964
565 1.2676 1.5005 0.1248 0.2298 0.3464 11.2067 0.6590 -0.2524
566 1.2437 1.4866 0.1248 0.1342 0.2908 10.6365 0.6810 -0.2167
567 1.2098 1.4749 0.1242 -0.0018 0.2436 11.5559 0.5070 -0.1378
568 1.1672 1.4631 0.1296 -0.1729 0.1958 10.9846 0.5660 -0.2468
569 1.1182 1.4476 0.1266 -0.3704 0.1334 11.0662 0.5890 -0.1856
570 1.0741 1.4330 0.1266 -0.5487 0.0745 11.3813 0.7070 -0.3269
571 1.2700 1.5359 0.1248 0.2353 0.4864 10.6070 0.7420 -0.2895
572 1.2566 1.5299 0.1189 0.1816 0.4628 12.1576 0.9200 -0.4054
573 1.2333 1.5240 0.1260 0.0883 0.4392 11.3865 0.9840 -0.4722
574 1.2000 1.5180 0.1266 -0.0453 0.4154 11.2135 1.1370 -0.5350
575 1.1599 1.5180 0.1278 -0.2066 0.4155 11.3878 0.9000 -0.3722
576 1.1154 1.5257 0.1272 -0.3861 0.4468 10.5875 0.7050 -0.2818
577 1.0701 1.5419 0.1236 -0.5690 0.5120 11.7472 0.4780 -0.1454
578 1.0229 1.5647 0.1272 -0.7601 0.6038 11.5157 0.1370 0.0605
579 0.9785 1.5970 0.1290 -0.9405 0.7339 11.1953 0.1010 -0.0666
580 0.9391 1.6280 0.1278 -1.1012 0.8593 11.5362 -0.0300 0.0342
581 1.2637 1.5415 0.1183 0.1976 0.5135 12.4462 0.0950 -0.1249
582 1.2533 1.5439 0.1272 0.1560 0.5238 11.7023 0.3590 -0.2596
583 1.2331 1.5490 0.1266 0.0750 0.5447 10.7803 0.7060 -0.2981
584 1.2029 1.5510 0.1236 -0.0464 0.5533 11.5693 1.3180 -0.6395
585 1.1627 1.5480 0.1260 -0.2081 0.5418 11.6604 1.7730 -0.9194
586 1.1134 1.5358 0.1284 -0.4065 0.4932 11.3290 2.2140 -1.1141
587 1.0621 1.5158 0.1266 -0.6135 0.4134 11.6851 2.6570 -1.2836
588 1.0100 1.4945 0.1266 -0.8245 0.3280 11.7035 2.7110 -1.1763
589 0.9648 1.4781 0.1248 -1.0081 0.2621 11.8772 2.3540 -0.9765
590 0.9353 1.4721 0.1308 -1.1293 0.2380 11.2270 1.9860 -0.9631
591 1.2765 1.5484 0.1278 0.2359 0.5436 11.4259 2.1360 -1.0165
592 1.2769 1.5507 0.1290 0.2378 0.5535 11.4799 2.2880 16.8259
593 1.2851 1.5613 0.1224 0.2707 0.5965 11.7516 1.7980 -0.7557
594 1.2937 1.5757 0.1284 0.3058 0.6548 11.4091 1.7990 -0.8416
595 1.2987 1.5857 0.1260 0.3263 0.6955 11.7166 2.1870 -1.1763
596 1.3045 1.5905 0.1266 0.3498 0.7157 11.9035 2.3160 -1.1118
597 1.3202 1.5973 0.1236 0.4135 0.7439 12.0392 2.2220 -1.0299
598 1.3395 1.6141 0.1189 0.4913 0.8124 12.9231 1.3230 -0.5256
599 1.3510 1.6389 0.1278 0.5384 0.9129 11.6332 0.7700 -0.3596
600 1.3595 1.6604 0.1266 0.5736 1.0003 11.9131 1.0050 -0.5710
601 1.2761 1.5357 0.1278 0.2401 0.5021 11.7234 1.3110 -0.7490
602 1.2743 1.5293 0.1290 0.2333 0.4765 11.6526 1.6560 -0.8616
603 1.2798 1.5180 0.1236 0.2556 0.4316 11.8410 1.4830 -0.6271
604 1.2919 1.5159 0.1260 0.3045 0.4234 11.3378 0.8024 -0.1019
605 1.3017 1.5221 0.1260 0.3443 0.4483 11.8298 0.7690 -0.4090
606 1.3114 1.5306 0.1278 0.3834 0.4827 12.0534 0.9660 -0.4967
607 1.3288 1.5480 0.1272 0.4539 0.5527 11.7823 0.9780 -0.2564
608 1.3462 1.5737 0.1260 0.5244 0.6562 12.0650 0.6790 -0.3685
609 1.3621 1.6009 0.1266 0.5893 0.7660 11.8316 0.8470 -0.4820
610 1.3708 1.6180 0.1302 0.6252 0.8355 11.7678 1.2750 -0.8719
611 1.2654 1.5510 0.1254 0.2038 0.5682 11.8860 0.6600 -0.2466
612 1.2686 1.5662 0.1266 0.2168 0.6297 9.9862 0.8760 -0.5278
613 1.2671 1.5818 0.1242 0.2111 0.6929 11.9495 1.0730 -0.6663
614 1.2709 1.6002 0.1266 0.2262 0.7675 11.8556 1.0880 -0.4744
615 1.2758 1.6270 0.1248 0.2464 0.8758 12.1494 1.3500 -0.8109
616 1.2818 1.6494 0.1272 0.2704 0.9672 11.2319 1.3820 -0.6373
617 1.2931 1.6800 0.1172 0.3161 1.0912 13.1033 1.2550 -0.6734
618 1.3075 1.7175 0.1260 0.3743 1.2433 12.1229 1.4550 -0.8087
619 1.3239 1.7613 0.1290 0.4407 1.4213 11.8996 1.3230 -0.6137
620 1.3403 1.8016 0.1189 0.5074 1.5853 13.1268 1.2960 -0.6213
621 1.2746 1.5105 0.1248 0.2446 0.4213 12.1952 1.4210 -0.6600
622 1.2790 1.5131 0.1254 0.2625 0.4319 12.2020 1.1180 -0.5145
623 1.2838 1.5202 0.1248 0.2821 0.4602 12.1733 1.5400 -0.7967
624 1.2882 1.5244 0.1278 0.3000 0.4773 12.1311 1.3990 -0.7375
625 1.2950 1.5242 0.1254 0.3277 0.4768 12.1390 1.4300 -0.6765
626 1.3050 1.5244 0.1272 0.3683 0.4779 11.5286 1.3350 -0.6137
627 1.3139 1.5262 0.1178 0.4044 0.4853 13.2738 1.3610 -0.6743
628 1.3263 1.5313 0.1290 0.4549 0.5058 12.2424 1.4720 -0.7059
629 1.3379 1.5437 0.1308 0.5022 0.5560 11.6797 1.6820 -0.9818
630 1.3463 1.5547 0.1266 0.5368 0.6006 12.2598 1.5470 -0.6903
631 1.1950 1.5128 0.1260 -0.0691 0.4331 12.2868 1.5290 -0.6707
632 1.2067 1.5079 0.1236 -0.0227 0.4136 12.4721 1.3510 -0.6298
633 1.2258 1.5027 0.1260 0.0534 0.3929 12.5640 1.4360 -0.7513
634 1.2485 1.5067 0.1183 0.1442 0.4090 13.5631 1.6020 -0.8883
635 1.2660 1.5200 0.1278 0.2144 0.4625 12.2044 1.6860 -0.8857
636 1.2839 1.5397 0.1284 0.2863 0.5417 12.4511 1.8650 -0.9066
637 1.3030 1.5624 0.1272 0.3633 0.6329 12.4932 1.7880 -0.9213
638 1.3259 1.5932 0.1302 0.4555 0.7571 12.0267 1.9870 -1.0321
639 1.3497 1.6242 0.1272 0.5518 0.8825 12.5295 1.7600 -0.8278
640 1.3709 1.6525 0.1278 0.6379 0.9970 12.5319 2.0290 -0.9698
641 1.2706 1.5233 0.1260 0.2369 0.4803 12.5227 1.9870 -0.8897
642 1.2637 1.5193 0.1290 0.2096 0.4646 12.2994 0.8220 -0.4326
643 1.2561 1.5192 0.1260 0.1788 0.4643 11.7354 2.0890 -1.0098
644 1.2449 1.5231 0.1284 0.1343 0.4803 12.5298 1.9060 -0.8990
645 1.2302 1.5325 0.1260 0.0751 0.5181 12.7164 1.9380 -0.9818
646 1.2147 1.5447 0.1213 0.0127 0.5673 13.4252 1.9610 0.1883
647 1.2019 1.5579 0.1260 -0.0387 0.6209 12.8132 1.9300 -0.9907
648 1.1877 1.5722 0.1296 -0.0963 0.6785 12.5178 1.8720 -0.7557
649 1.1741 1.5856 0.1254 -0.1515 0.7331 12.7411 1.9040 -0.8901
650 1.1630 1.5927 0.1266 -0.1966 0.7624 12.6681 1.9980 -1.0272
651 1.2796 1.5266 0.1178 0.2700 0.4984 13.9862 1.7120 -0.8020
652 1.2840 1.5270 0.1278 0.2879 0.5002 12.7374 1.8470 -0.9911
653 1.2904 1.5292 0.1284 0.3140 0.5092 12.6226 1.8990 -1.0454
654 1.2980 1.5310 0.1284 0.3448 0.5167 12.6407 1.8370 -0.8763
655 1.3044 1.5340 0.1284 0.3710 0.5290 11.7705 1.8320 -0.9818
656 1.3072 1.5414 0.1272 0.3827 0.5590 12.7627 1.6420 -0.7521
657 1.3116 1.5535 0.1278 0.4009 0.6082 12.7689 1.9620 -1.0699
658 1.3116 1.5674 0.1195 0.4014 0.6644 13.8447 2.0040 -1.0014
659 1.3103 1.5801 0.1272 0.3971 0.7160 12.8782 1.8470 -1.0606
660 1.3085 1.5928 0.1290 0.3906 0.7677 12.8569 1.7990 -0.9618
661 1.2632 1.5250 0.1272 0.2093 0.4968 12.7270 1.8250 -0.9012
662 1.2606 1.5190 0.1266 0.1990 0.4730 12.1673 1.8010 -0.8879
663 1.2600 1.5094 0.1183 0.1968 0.4347 13.8292 1.9070 -0.9324
664 1.2639 1.4999 0.1266 0.2125 0.3967 13.2783 1.9540 -0.8963
665 1.2687 1.4898 0.1278 0.2317 0.3560 12.6690 1.8340 -0.9195
666 1.2738 1.4808 0.1302 0.2526 0.3200 12.6363 1.7430 -0.8425
667 1.2801 1.4680 0.1278 0.2779 0.2685 12.7661 1.7970 -0.7410
668 1.2889 1.4584 0.1272 0.3137 0.2297 13.0974 2.0300 -1.0503
669 1.2918 1.4580 0.1254 0.3256 0.2276 13.3316 2.0420 -0.9756
670 1.2939 1.4619 0.1278 0.3346 0.2430 13.3013 2.0170 -0.9894
671 1.2678 1.5378 0.1290 0.2302 0.5468 12.0362 2.2120 -1.1304
672 1.2676 1.5326 0.1266 0.2296 0.5263 13.1149 1.9060 -0.8314
673 1.2625 1.5277 0.1254 0.2093 0.5070 13.3373 1.9180 -0.9533
674 1.2616 1.5214 0.1278 0.2058 0.4820 12.4121 1.9020 -0.9035
675 1.2659 1.5152 0.1254 0.2231 0.4575 13.4344 1.8110 -0.8656
676 1.2738 1.5074 0.1284 0.2549 0.4262 13.2127 1.6580 -0.7815
677 1.2773 1.5080 0.1183 0.2692 0.4286 14.3191 1.5080 -0.7112
678 1.2743 1.5112 0.1284 0.2575 0.4417 13.0676 1.6530 -1.0054
679 1.2687 1.5187 0.1290 0.2353 0.4720 12.9531 1.5150 -0.7535
680 1.2657 1.5280 0.1296 0.2233 0.5091 12.8345 1.7350 -0.8745
681 1.1966 1.5398 0.1266 -0.0535 0.5569 13.2723 1.4810 -0.5853
682 1.1962 1.5473 0.1183 -0.0554 0.5873 14.1632 1.7040 -0.9489
683 1.1952 1.5587 0.1278 -0.0602 0.6335 13.2250 1.7980 -0.8919
684 1.1939 1.5696 0.1284 -0.0659 0.6777 13.1100 1.7810 -0.8977
685 1.1954 1.5773 0.1272 -0.0603 0.7093 13.3333 1.6610 -0.8594
686 1.2021 1.5907 0.1290 -0.0341 0.7638 12.3618 1.7060 -0.8064
687 1.2114 1.6048 0.1278 0.0026 0.8214 13.2978 1.8040 -0.8385
688 1.2191 1.6228 0.1278 0.0333 0.8946 13.3762 1.8240 -0.9159
689 1.2252 1.6508 0.1195 0.0574 1.0082 14.2712 1.7410 -0.8256
690 1.2319 1.6748 0.1296 0.0839 1.1060 12.3585 1.6330 -0.7935
691 1.2802 1.5262 0.1266 0.2773 0.5118 12.6780 1.6980 -0.8305
692 1.2852 1.5346 0.1272 0.2980 0.5457 13.4548 1.6410 -0.7766
693 1.2937 1.5426 0.1260 0.3324 0.5781 13.5569 1.3400 -0.4718
694 1.3005 1.5534 0.1207 0.3601 0.6219 14.2757 1.2120 -0.6587
695 1.3141 1.5644 0.1260 0.4151 0.6666 13.2949 1.2490 -0.6752
696 1.3305 1.5746 0.1278 0.4815 0.7081 13.5166 1.4910 -0.7998
697 1.3529 1.5853 0.1248 0.5721 0.7516 13.7742 0.0100 0.9889
698 1.3757 1.5895 0.1266 0.6645 0.7693 13.5770 1.1630 -0.6128
699 1.4007 1.5917 0.1195 0.7658 0.7791 14.5692 1.0330 30.0000
700 1.4256 1.5911 0.1278 0.8675 0.7777 13.5262 0.8940 -0.5269
701 1.2711 1.5342 0.1284 0.2495 0.5504 13.4683 0.7500 -0.4006
702 1.2800 1.5337 0.1266 0.2854 0.5488 13.5830 0.9040 -0.5011
703 1.2893 1.5349 0.1272 0.3229 0.5538 12.7609 0.9430 -0.5577
704 1.3030 1.5394 0.1266 0.3782 0.5724 13.5599 0.9230 -0.5710
705 1.3221 1.5474 0.1260 0.4554 0.6049 13.8309 0.7070 -0.2452
706 1.3450 1.5544 0.1178 0.5482 0.6334 14.5989 0.6160 -0.2510
707 1.3736 1.5607 0.1272 0.6635 0.6591 13.6635 0.5560 -0.3178
708 1.4026 1.5723 0.1284 0.7812 0.7062 13.4164 0.6920 -0.4326
709 1.4353 1.5836 0.1266 0.9138 0.7522 13.8325 0.3920 -0.0855
710 1.4611 1.5925 0.1284 1.0192 0.7886 13.6301 0.4590 -0.2710
711 1.2779 1.5228 0.1284 0.2865 0.5102 13.4641 0.5060 -0.4388
712 1.2795 1.5281 0.1296 0.2933 0.5319 13.5772 0.1880 -0.1584
713 1.2791 1.5323 0.1278 0.2922 0.5486 13.5130 0.3700 -0.1754
714 1.2793 1.5352 0.1284 0.2932 0.5606 13.7598 0.1820 -0.1113
715 1.2757 1.5412 0.1254 0.2790 0.5851 13.7197 0.1700 -0.0846
716 1.2770 1.5515 0.1284 0.2846 0.6268 13.7967 0.1760 0.0498
717 1.2850 1.5638 0.1242 0.3168 0.6765 14.0184 -0.0830 0.0140
718 1.2994 1.5830 0.1195 0.3749 0.7545 14.6030 -0.3450 0.2369
719 1.3177 1.6050 0.1254 0.4486 0.8433 14.0927 -0.2370 0.0110
720 1.3291 1.6204 0.1278 0.4950 0.9064 13.7588 -0.5400 0.3112
721 1.2731 1.5157 0.1260 0.2712 0.4877 14.2315 -0.3800 0.0118
722 1.2715 1.5153 0.1284 0.2653 0.4861 12.9508 -0.4090 0.1358
723 1.2775 1.5089 0.1260 0.2894 0.4605 14.2077 -0.2540 1.2196
724 1.2902 1.5085 0.1290 0.3408 0.4589 13.6228 0.0000 -0.0553
725 1.3079 1.5116 0.1207 0.4120 0.4717 14.9470 -3.8050 4.7234
726 1.3231 1.5136 0.1272 0.4737 0.4797 13.9393 -0.7490 0.0796
727 1.3348 1.5218 0.1290 0.5211 0.5126 13.6806 -0.7460 0.3955
728 1.3459 1.5326 0.1260 0.5666 0.5563 14.1808 -0.5230 0.1016
729 1.3603 1.5414 0.1272 0.6255 0.5921 14.0548 -0.7130 0.3623
730 1.3754 1.5520 0.1178 0.6869 0.6349 14.8455 -0.8410 0.3851
731 1.2579 1.5191 0.1266 0.2169 0.5034 13.2710 0.0000 -30.0000
732 1.2591 1.5154 0.1284 0.2218 0.4888 14.0155 -1.0010 -0.6449
733 1.2622 1.5074 0.1278 0.2345 0.4570 14.1060 -0.8700 0.4664
734 1.2684 1.5001 0.1278 0.2595 0.4278 13.9435 -0.9200 0.3908
735 1.2782 1.4968 0.1278 0.2989 0.4144 14.2027 -1.0210 0.4099
736 1.2848 1.4953 0.1302 0.3255 0.4083 12.6916 -10.9750 14.6313
737 1.2945 1.4928 0.1272 0.3650 0.3984 14.1313 -1.3160 0.7183
738 1.3054 1.4864 0.1272 0.4090 0.3724 14.0895 -1.5300 0.9213
739 1.3238 1.4835 0.1172 0.4835 0.3608 15.4316 -1.7410 0.8826
740 1.3515 1.4811 0.1278 0.5951 0.3508 14.2950 -2.3970 1.0944
741 1.2669 1.5298 0.1284 0.2568 0.5461 14.1165 -2.7810 1.3837
742 1.2678 1.5226 0.1290 0.2607 0.5176 13.8823 -2.6720 1.1491
743 1.2672 1.5208 0.1248 0.2584 0.5105 14.3465 -2.8040 1.2061
744 1.2709 1.5241 0.1254 0.2737 0.5241 14.5330 -2.4500 0.9845
745 1.2785 1.5303 0.1248 0.3043 0.5491 14.6231 -2.7800 1.4927
746 1.2852 1.5381 0.1272 0.3314 0.5806 13.9959 -2.5030 1.0588
747 1.2888 1.5442 0.1254 0.3460 0.6054 14.4692 -2.6800 1.3654
748 1.2919 1.5507 0.1272 0.3591 0.6320 14.3915 -2.9410 1.3009
749 1.2947 1.5576 0.1278 0.3705 0.6603 13.5671 -3.2480 1.6805
750 1.2961 1.5649 0.1272 0.3766 0.6901 14.4850 -3.2210 1.4371
751 1.2680 1.5070 0.1266 0.2645 0.4585 14.3915 -2.7950 1.1158
752 1.2772 1.5090 0.1272 0.3015 0.4666 14.3376 -2.6120 1.1287
753 1.2828 1.5130 0.1260 0.3243 0.4826 14.5607 -2.3470 0.9707
754 1.2890 1.5198 0.1260 0.3493 0.5100 13.6954 -2.9745 1.6082
755 1.3019 1.5329 0.1230 0.4018 0.5627 14.7172 -3.7360 -2.9561
756 1.3193 1.5517 0.1278 0.4720 0.6384 14.5208 -3.0880 1.4411
757 1.3375 1.5724 0.1207 0.5456 0.7223 15.2156 -3.2760 1.4945
758 1.3614 1.5912 0.1278 0.6422 0.7983 13.6115 -3.2490 1.4958
759 1.3914 1.6071 0.1284 0.7635 0.8630 14.3240 -3.2190 1.4896
760 1.4124 1.6172 0.1260 0.8492 0.9042 14.4453 -3.2260 1.5906
761 1.2522 1.5284 0.1242 0.2087 0.5495 14.7347 -3.2050 4.5525
762 1.2614 1.5268 0.1242 0.2456 0.5432 14.7549 -3.4570 1.8537
763 1.2748 1.5306 0.1224 0.2991 0.5589 14.7500 -3.0680 1.2560
764 1.2941 1.5375 0.1254 0.3768 0.5870 14.7692 -3.0490 1.4487
765 1.3158 1.5456 0.1230 0.4643 0.6199 14.8357 -3.1650 1.5101
766 1.3379 1.5550 0.1248 0.5537 0.6578 14.7596 -3.5140 1.7188
767 1.3636 1.5656 0.1236 0.6577 0.7010 14.7430 -3.5840 1.7366
768 1.3890 1.5775 0.1260 0.7604 0.7493 14.8933 -3.7060 1.8150
769 1.4097 1.5930 0.1137 0.8450 0.8121 16.2044 -3.8540 1.7553
770 1.4223 1.6039 0.1254 0.8971 0.8567 14.7559 -4.4200 2.1977
771 1.2616 1.5090 0.1236 0.2544 0.4774 14.9854 -4.3800 1.9654
772 1.2576 1.5066 0.1254 0.2385 0.4678 14.7265 -4.9000 2.3303
773 1.2554 1.5034 0.1230 0.2299 0.4552 14.9124 -4.9140 2.4398
774 1.2557 1.5034 0.1254 0.2309 0.4550 14.8837 -5.5180 2.6187
775 1.2589 1.5018 0.1224 0.2439 0.4485 14.1505 -5.7890 2.7652
776 1.2653 1.5060 0.1260 0.2696 0.4655 14.8505 -5.7660 2.6232
777 1.2731 1.5116 0.1230 0.3012 0.4879 15.4068 -6.0600 2.8119
778 1.2844 1.5174 0.1183 0.3465 0.5115 15.8683 -6.0450 2.9120
779 1.2985 1.5253 0.1236 0.4035 0.5432 15.0743 -5.6090 2.2729
780 1.3095 1.5277 0.1272 0.4483 0.5533 14.7743 -5.5950 2.5106
781 1.2624 1.5242 0.1236 0.2598 0.5394 14.9860 -5.3560 2.4033
782 1.2602 1.5314 0.1254 0.2510 0.5684 15.0880 -5.4397 2.5786
783 1.2627 1.5420 0.1149 0.2611 0.6115 15.9550 -5.4490 2.4919
784 1.2651 1.5489 0.1254 0.2708 0.6393 15.0672 -6.0380 2.7549
785 1.2678 1.5508 0.1149 0.2822 0.6474 15.1272 -6.1240 2.7923
786 1.2670 1.5566 0.1260 0.2791 0.6712 15.0345 -6.2300 2.8395
787 1.2706 1.5621 0.1230 0.2937 0.6941 15.4107 -6.5360 3.0816
788 1.2802 1.5709 0.1172 0.3323 0.7298 16.1316 -6.5180 3.0175
789 1.2876 1.5747 0.1248 0.3621 0.7458 15.2310 -6.6640 3.0220
790 1.2933 1.5804 0.1236 0.3855 0.7695 15.5089 -6.6060 2.9917
791 1.2474 1.5302 0.1242 0.2017 0.5689 15.3333 -6.9640 3.2507
792 1.2450 1.5361 0.1248 0.1923 0.5929 15.1615 -7.4630 3.5013
793 1.2439 1.5440 0.1213 0.1877 0.6248 15.4292 -7.6030 3.2885
794 1.2439 1.5475 0.1254 0.1878 0.6393 15.0687 -7.3600 3.1314
795 1.2497 1.5482 0.1218 0.2109 0.6425 15.6345 -7.4870 3.4835
796 1.2573 1.5491 0.1260 0.2413 0.6468 14.9761 -7.6180 3.4973
797 1.2652 1.5481 0.1248 0.2733 0.6431 15.3166 -7.3600 3.2765
798 1.2737 1.5518 0.1254 0.3074 0.6584 15.2045 -6.8430 3.0553
799 1.2770 1.5589 0.1254 0.3207 0.6877 15.2233 -6.4190 2.8515
800 1.2785 1.5640 0.1236 0.3269 0.7087 15.6281 -6.2070 2.6939
801 1.2497 1.5242 0.1236 0.2120 0.5495 15.5874 -6.2710 2.8444
802 1.2569 1.5280 0.1149 0.2406 0.5651 16.3581 -5.8550 2.4963
803 1.2618 1.5290 0.1224 0.2606 0.5694 15.5893 -5.6360 2.6187
804 1.2667 1.5260 0.1248 0.2801 0.5577 15.6222 -5.5580 2.5778
805 1.2726 1.5244 0.1260 0.3041 0.5516 15.3743 -5.4330 2.3788
806 1.2818 1.5226 0.1284 0.3414 0.5446 15.2240 -5.6750 2.7785
807 1.2974 1.5197 0.1248 0.4040 0.5332 15.5554 -5.1750 2.3851
808 1.3090 1.5165 0.1248 0.4510 0.5204 14.9838 -4.7640 2.1203
809 1.3194 1.5125 0.1154 0.4934 0.5047 16.5383 -5.0840 2.3828
810 1.3327 1.5083 0.1260 0.5473 0.4878 15.6456 -4.9770 2.0922
811 1.2446 1.4976 0.1172 0.1949 0.4451 16.5401 -4.5170 1.9178
812 1.2434 1.4998 0.1242 0.1901 0.4540 15.6553 -4.6300 2.2458
813 1.2418 1.5089 0.1254 0.1836 0.4902 14.7684 -4.7150 2.2124
814 1.2460 1.5167 0.1260 0.2005 0.5218 15.5980 -4.7780 2.1826
815 1.2522 1.5273 0.1230 0.2252 0.5646 15.7949 -4.6250 2.1376
816 1.2540 1.5400 0.1290 0.2322 0.6155 15.5139 -4.3740 1.9939
817 1.2572 1.5538 0.1278 0.2452 0.6713 15.3773 -4.3560 1.8781
818 1.2611 1.5676 0.1248 0.2609 0.7271 15.0498 -4.6450 2.1243
819 1.2662 1.5762 0.1236 0.2815 0.7622 15.7993 -4.8490 2.2533
820 1.2698 1.5838 0.1284 0.2960 0.7937 15.5379 -4.7780 2.1479
821 1.2524 1.5130 0.1242 0.2266 0.5105 15.5803 -4.7200 2.1674
822 1.2531 1.5214 0.1230 0.2292 0.5444 15.8602 -4.8790 2.2435
823 1.2530 1.5293 0.1260 0.2289 0.5761 15.4626 -5.2110 2.6290
824 1.2579 1.5378 0.1236 0.2485 0.6107 15.8271 -5.1300 2.4131
825 1.2617 1.5495 0.1242 0.2638 0.6579 15.7754 -4.8890 2.1154
826 1.2698 1.5622 0.1254 0.2968 0.7095 16.1301 -4.5050 1.9195
827 1.2800 1.5786 0.1266 0.3379 0.7756 15.7640 -4.6380 2.0713
828 1.2893 1.5985 0.1230 0.3753 0.8564 15.9141 -4.1630 1.7789
829 1.2931 1.6141 0.1260 0.3908 0.9197 15.6356 -4.2920 1.8621
830 1.2959 1.6259 0.1278 0.4028 0.9682 15.8526 -4.0750 1.7353
831 1.2680 1.5026 0.1218 0.2912 0.4751 16.0506 -3.8840 1.7304
832 1.2648 1.5042 0.1284 0.2785 0.4816 15.0462 -3.7020 1.6699
833 1.2605 1.5119 0.1218 0.2612 0.5125 16.0887 -3.6530 1.5768
834 1.2535 1.5214 0.1278 0.2334 0.5508 15.9890 -3.4120 1.5381
835 1.2400 1.5353 0.1236 0.1792 0.6068 15.9128 -3.0820 1.3494
836 1.2281 1.5539 0.1248 0.1314 0.6817 16.1460 -2.8150 1.2422
837 1.2197 1.5696 0.1254 0.0978 0.7450 15.7368 -2.3934 1.1931
838 1.2150 1.5842 0.1284 0.0786 0.8043 15.9315 -1.8000 0.7139
839 1.2131 1.6038 0.1254 0.0706 0.8838 16.3108 0.5810 -11.0574
840 1.2079 1.6267 0.1284 0.0493 0.9767 15.8442 -1.2630 0.6289
841 1.2430 1.4862 0.1242 0.1896 0.4145 15.2489 -1.4641 -1.3742
842 1.2362 1.4850 0.1272 0.1623 0.4095 15.8440 -1.6400 0.7691
843 1.2330 1.4889 0.1242 0.1493 0.4252 16.2822 -1.7350 0.8398
844 1.2366 1.4982 0.1266 0.1636 0.4623 16.0738 -1.9740 1.0619
845 1.2353 1.5076 0.1248 0.1582 0.5000 16.1886 -2.2620 0.7851
846 1.2368 1.5195 0.1242 0.1641 0.5479 15.4584 -2.5150 1.2270
847 1.2371 1.5271 0.1154 0.1652 0.5783 17.2311 -3.1660 1.5212
848 1.2394 1.5318 0.1242 0.1742 0.5975 16.4372 -3.6300 1.9013
849 1.2448 1.5337 0.1248 0.1960 0.6055 16.2056 -4.0090 1.9347
850 1.2486 1.5345 0.1260 0.2111 0.6088 15.5479 -4.0510 1.8492
851 1.2322 1.4978 0.1149 0.1452 0.4622 17.3093 -4.0030 1.6756
852 1.2334 1.4950 0.1260 0.1499 0.4509 16.0524 -4.2110 1.9943
853 1.2365 1.4891 0.1236 0.1622 0.4273 15.5992 -3.9320 1.6610
854 1.2346 1.4824 0.1183 0.1544 0.4003 17.3096 -4.0190 2.0130
855 1.2355 1.4809 0.1236 0.1579 0.3940 16.4558 -3.5540 1.6699
856 1.2323 1.4758 0.1272 0.1449 0.3733 16.1631 -3.3800 1.4687
857 1.2290 1.4687 0.1224 0.1316 0.3445 16.5169 -3.4880 1.5711
858 1.2238 1.4611 0.1254 0.1103 0.3140 16.3578 -3.5380 1.6440
859 1.2208 1.4564 0.1224 0.0980 0.2947 16.5554 -4.0350 1.8866
860 1.2176 1.4571 0.1260 0.0851 0.2971 16.3799 -4.4000 2.0250
861 1.2198 1.4896 0.1260 0.0935 0.4269 16.2162 -4.3910 2.1029
862 1.2174 1.4880 0.1242 0.0835 0.4204 15.6877 -4.1830 2.1082
863 1.2162 1.4860 0.1248 0.0784 0.4123 16.3943 -3.7690 1.7469
864 1.2146 1.4884 0.1284 0.0716 0.4217 16.3384 -3.6370 1.7246
865 1.2110 1.4915 0.1278 0.0569 0.4340 16.2493 -3.1650 1.3205
866 1.2078 1.4981 0.1230 0.0436 0.4606 17.2031 -2.9130 1.5234
867 1.2098 1.5133 0.1242 0.0512 0.5214 16.4214 -2.4750 1.0588
868 1.2154 1.5305 0.1260 0.0733 0.5903 16.5821 -2.1740 0.9863
869 1.2214 1.5504 0.1230 0.0970 0.6707 16.5430 -2.2820 0.9658
870 1.2263 1.5671 0.1248 0.1165 0.7379 16.7600 -2.9020 1.7348
871 1.2324 1.5090 0.1248 0.1406 0.5057 16.5997 -2.8840 1.2942
872 1.2356 1.5202 0.1242 0.1532 0.5507 15.8148 -3.6330 1.8270
873 1.2333 1.5298 0.1236 0.1440 0.5894 16.8370 -3.5530 1.5733
874 1.2312 1.5398 0.1266 0.1352 0.6298 16.5571 -3.8500 1.9778
875 1.2270 1.5510 0.1213 0.1184 0.6752 16.8620 -3.9720 2.0339
876 1.2230 1.5613 0.1172 0.1021 0.7169 16.7893 -3.7780 1.7482
877 1.2201 1.5680 0.1224 0.0903 0.7443 16.8777 -4.6000 2.7932
878 1.2153 1.5719 0.1230 0.0704 0.7606 16.9443 -3.4830 1.4300
879 1.2078 1.5769 0.1254 0.0401 0.7817 16.6184 -3.4505 1.6963
880 1.1983 1.5817 0.1260 0.0016 0.8016 16.8599 -3.3050 1.5288
881 1.1709 1.5202 0.1272 -0.1086 0.5557 16.3138 -2.9220 1.0895
882 1.1649 1.5206 0.1260 -0.1336 0.5576 17.1347 -3.1010 1.4469
883 1.1625 1.5246 0.1254 -0.1442 0.5738 16.5670 -2.9670 1.4104
884 1.1631 1.5306 0.1272 -0.1427 0.5981 16.7263 -2.7600 1.1714
885 1.1703 1.5370 0.1248 -0.1146 0.6241 16.9136 -2.7820 1.8230
886 1.1794 1.5454 0.1272 -0.0789 0.6581 16.9441 -3.0670 1.3920
887 1.1885 1.5534 0.1248 -0.0432 0.6907 17.1303 -3.3210 1.6570
888 1.1931 1.5650 0.1296 -0.0251 0.7377 15.8017 -3.7040 -0.9417
889 1.1995 1.5786 0.1260 -0.0002 0.7929 16.9040 -7.5700 7.0373
890 1.2057 1.5914 0.1278 0.0241 0.8450 17.0029 -3.5400 1.4767
891 1.2122 1.5160 0.1201 0.0498 0.5436 17.7676 -3.0000 1.1349
892 1.2130 1.5127 0.1236 0.0526 0.5305 17.1832 -2.9110 1.1451
893 1.2114 1.5107 0.1236 0.0459 0.5226 17.0799 -3.1700 1.7393
894 1.2106 1.5082 0.1272 0.0424 0.5126 17.1478 -3.1620 1.4162
895 1.2136 1.5049 0.1254 0.0540 0.4994 16.8437 -3.2100 1.6254
896 1.2154 1.4986 0.1242 0.0608 0.4744 17.1840 -3.2880 1.4740
897 1.2216 1.4936 0.1218 0.0853 0.4543 16.8406 -3.8340 1.6886
898 1.2298 1.4906 0.1260 0.1179 0.4420 16.8885 -4.2650 2.1438
899 1.2368 1.4879 0.1266 0.1457 0.4311 16.9544 -4.0170 1.7994
900 1.2401 1.4854 0.1166 0.1590 0.4211 18.0511 -3.6820 1.6076
901 1.2022 1.5057 0.1260 0.0068 0.5025 17.2967 -3.9220 1.9841
902 1.2078 1.5072 0.1207 0.0289 0.5083 18.0120 -3.3770 1.3677
903 1.2204 1.5036 0.1248 0.0787 0.4940 17.5345 -3.1130 1.3792
904 1.2365 1.4940 0.1284 0.1431 0.4556 16.9397 -2.8810 1.3258
905 1.2545 1.4792 0.1272 0.2151 0.3962 17.1030 -2.6820 1.1527
906 1.2679 1.4619 0.1272 0.2691 0.3266 16.1244 -3.0780 1.5168
907 1.2795 1.4432 0.1236 0.3158 0.2514 17.3331 -2.9100 1.3975
908 1.2928 1.4250 0.1248 0.3692 0.1778 17.6880 -2.9210 1.5573
909 1.3075 1.4041 0.1166 0.4288 0.0933 18.2722 -3.2580 1.4785
910 1.3192 1.3903 0.1260 0.4760 0.0370 17.1591 -3.5030 1.7655
911 1.2246 1.5048 0.1254 0.0974 0.4949 16.2029 -3.6340 1.7117
912 1.2276 1.5072 0.1242 0.1092 0.5046 17.4087 -4.0370 2.1305
913 1.2307 1.5131 0.1236 0.1216 0.5284 17.3213 -3.9790 1.8412
914 1.2343 1.5144 0.1230 0.1356 0.5335 17.8278 -4.4200 2.2369
915 1.2382 1.5168 0.1260 0.1512 0.5433 16.4897 -4.6750 2.2133
916 1.2418 1.5179 0.1254 0.1653 0.5479 17.3418 -4.7290 2.1634
917 1.2447 1.5150 0.1224 0.1771 0.5364 17.6583 -4.8420 2.2520
918 1.2490 1.5156 0.1266 0.1944 0.5393 17.4151 -4.6750 2.1759
919 1.2530 1.5164 0.1230 0.2101 0.5424 17.5070 -4.7160 2.3597
920 1.2540 1.5162 0.1266 0.2145 0.5419 17.3900 -4.4650 2.2613
921 1.2094 1.4992 0.1272 0.0355 0.4738 17.4532 -4.1780 2.0197
922 1.2122 1.4988 0.1230 0.0463 0.4722 17.7348 -3.7920 1.6939
923 1.2154 1.4964 0.1143 0.0588 0.4626 18.6231 -3.6660 1.3806
924 1.2158 1.4903 0.1248 0.0600 0.4382 17.7986 -3.3760 1.5657
925 1.2094 1.4846 0.1278 0.0340 0.4152 17.3372 -3.6190 1.9115
926 1.2026 1.4785 0.1260 0.0063 0.3906 17.8732 -3.2950 1.6124
927 1.1922 1.4704 0.1272 -0.0358 0.3579 17.5069 -3.2790 1.5039
928 1.1878 1.4603 0.1321 -0.0541 0.3171 17.1812 -2.8530 1.3525
929 1.1830 1.4522 0.1272 -0.0739 0.2841 17.5428 -2.9630 1.3383
930 1.1774 1.4481 0.1284 -0.0971 0.2673 17.8969 -2.8920 1.5372
931 1.2042 1.4920 0.1254 0.0097 0.4427 17.8481 -2.9410 1.5421
932 1.2062 1.4974 0.1302 0.0172 0.4643 17.5890 -3.0160 1.6209
933 1.2110 1.5109 0.1260 0.0360 0.5184 17.6334 -3.6910 1.7095
934 1.2159 1.5226 0.1284 0.0551 0.5656 17.5421 -3.7510 1.7362
935 1.2179 1.5341 0.1248 0.0631 0.6119 17.6949 -4.2420 1.9476
936 1.2188 1.5460 0.1272 0.0663 0.6599 17.0722 -4.1700 5.3719
937 1.2225 1.5567 0.1260 0.0807 0.7033 17.8268 -3.4100 1.5844
938 1.2265 1.5710 0.1284 0.0967 0.7611 17.7362 -3.5090 1.5537
939 1.2265 1.5850 0.1254 0.0965 0.8178 17.9950 -3.6000 1.6690
940 1.2253 1.5939 0.1266 0.0912 0.8545 17.9825 -3.7990 2.0717
941 1.2100 1.5258 0.1248 0.0297 0.5824 18.4558 -3.8940 1.7108
942 1.2128 1.5334 0.1272 0.0404 0.6131 17.8834 -3.5460 1.4411
943 1.2116 1.5366 0.1260 0.0355 0.6263 17.9858 -3.7980 1.7704
944 1.2029 1.5410 0.1272 0.0002 0.6443 17.8597 -4.4150 2.1750
945 1.1891 1.5490 0.1284 -0.0556 0.6766 16.9651 -4.3950 2.0032
946 1.1783 1.5572 0.1266 -0.0998 0.7102 18.0292 -3.9250 1.8003
947 1.1635 1.5681 0.1278 -0.1597 0.7546 17.9631 -4.3210 2.0450
948 1.1447 1.5795 0.1178 -0.2360 0.8006 19.3699 -4.5080 1.9992
949 1.1239 1.5952 0.1260 -0.3205 0.8644 18.1565 -4.6850 2.1795
950 1.1101 1.6059 0.1260 -0.3769 0.9083 18.3487 -4.7260 2.1487
951 1.1922 1.4966 0.1254 -0.0492 0.4711 18.2539 -5.0570 2.5266
952 1.1887 1.4960 0.1272 -0.0637 0.4688 18.1164 -4.7910 1.9035
953 1.1886 1.4950 0.1248 -0.0647 0.4648 18.0638 -4.8280 2.1790
954 1.1910 1.4951 0.1266 -0.0560 0.4651 17.7487 -4.5810 2.4287
955 1.1962 1.4965 0.1254 -0.0355 0.4706 17.9708 -4.6590 2.4171
956 1.2025 1.4970 0.1260 -0.0109 0.4727 18.2759 -4.4230 2.0246
957 1.2075 1.4948 0.1230 0.0089 0.4636 18.2348 -4.4240 2.1256
958 1.2122 1.4897 0.1236 0.0270 0.4432 18.4205 -4.7540 2.1826
959 1.2200 1.4891 0.1254 0.0582 0.4408 17.9872 -4.8300 2.4363
960 1.2260 1.4883 0.1315 0.0818 0.4373 16.8646 -4.2030 1.8047
961 1.2020 1.4833 0.1272 -0.0147 0.4173 18.3996 -3.6740 1.9431
962 1.2008 1.4733 0.1266 -0.0200 0.3772 18.1299 -8.3490 3.7826
963 1.2016 1.4686 0.1254 -0.0172 0.3577 17.5280 -0.1780 -2.3659
964 1.2028 1.4674 0.1290 -0.0129 0.3528 18.1777 -2.8650 4.6282
965 1.2076 1.4641 0.1290 0.0059 0.3390 18.0746 -3.0570 1.5092
966 1.2128 1.4611 0.1201 0.0263 0.3268 19.4073 -4.8380 3.8373
967 1.2160 1.4505 0.1278 0.0387 0.2841 18.5591 -2.4210 1.0214
968 1.2225 1.4357 0.1224 0.0643 0.2239 18.9794 -2.9230 1.5306
969 1.2344 1.4233 0.1296 0.1121 0.1737 18.3162 -2.7050 1.1309
970 1.2401 1.4171 0.1266 0.1346 0.1479 18.4477 -3.2430 1.8323
971 1.1870 1.4910 0.1308 -0.0784 0.4436 18.0737 -3.7310 2.0246
972 1.1866 1.4914 0.1327 -0.0806 0.4451 17.7497 -3.5110 1.5350
973 1.1850 1.4898 0.1302 -0.0877 0.4386 18.1221 -3.8340 1.7758
974 1.1835 1.4918 0.1302 -0.0942 0.4465 17.6029 -4.1900 2.1247
975 1.1759 1.4960 0.1302 -0.1257 0.4633 18.2787 -4.1750 2.0139
976 1.1686 1.4950 0.1290 -0.1556 0.4593 18.5640 -4.0340 1.5452
977 1.1665 1.4936 0.1195 -0.1648 0.4537 19.6034 -4.2990 2.1679
978 1.1700 1.4930 0.1278 -0.1515 0.4511 18.8068 -3.3390 1.3908
979 1.1769 1.4933 0.1315 -0.1249 0.4524 18.0826 -3.4490 1.4958
980 1.1849 1.4955 0.1284 -0.0933 0.4610 18.5835 -3.6040 1.8007
981 1.2047 1.4988 0.1266 -0.0145 0.4741 18.5735 -3.3480 1.5426
982 1.2085 1.4944 0.1290 0.0004 0.4565 19.0333 -3.5830 1.4718
983 1.2112 1.4888 0.1290 0.0104 0.4340 18.3192 -4.3650 2.1981
984 1.2150 1.4868 0.1308 0.0253 0.4258 18.5415 -4.0870 1.4772
985 1.2208 1.4884 0.1302 0.0483 0.4321 18.4495 -4.2610 1.9302
986 1.2302 1.4848 0.1321 0.0858 0.4176 18.3071 -4.3690 2.0112
987 1.2344 1.4864 0.1266 0.1025 0.4238 18.8600 -3.6061 1.3941
988 1.2414 1.4884 0.1296 0.1304 0.4317 18.2144 -3.9770 2.0175
989 1.2484 1.4901 0.1266 0.1583 0.4386 18.7157 -3.6000 1.5301
990 1.2529 1.4913 0.1166 0.1765 0.4433 19.1010 -3.7650 2.1590
991 1.2058 1.4944 0.1260 -0.0125 0.4555 18.7544 -3.7560 1.7847
992 1.2041 1.5017 0.1296 -0.0199 0.4847 17.8048 -3.3490 1.5145
993 1.1998 1.5099 0.1242 -0.0374 0.5175 18.8868 -3.2390 1.5350
994 1.1919 1.5200 0.1272 -0.0695 0.5583 18.0152 -2.7980 1.0041
995 1.1789 1.5295 0.1242 -0.1225 0.5963 19.1639 -2.4510 1.1086
996 1.1612 1.5358 0.1278 -0.1940 0.6219 18.6906 -2.6260 1.1732
997 1.1457 1.5417 0.1195 -0.2572 0.6462 19.5270 -2.3590 1.1514
998 1.1325 1.5521 0.1254 -0.3111 0.6881 18.8970 -2.5450 0.9146
999 1.1207 1.5612 0.1272 -0.3594 0.7254 18.7593 -2.0480 0.9756
1000 1.1142 1.5674 0.1284 -0.3870 0.7506 18.8660 -2.4130 0.6671
1001 1.2291 1.5064 0.1218 0.0725 0.5067 19.6691 -2.6020 1.4990
1002 1.2328 1.5028 0.1308 0.0870 0.4924 18.7275 -2.5460 1.2444
1003 1.2368 1.4996 0.1364 0.1031 0.4796 17.6543 -3.1410 1.6374
1004 1.2365 1.4976 0.1377 0.1015 0.4715 18.9352 -2.7340 1.2346
1005 1.2357 1.4984 0.1370 0.0984 0.4747 18.8999 -2.7030 1.4593
1006 1.2425 1.4964 0.1321 0.1256 0.4667 19.5119 -3.1770 1.7477
1007 1.2499 1.4931 0.1383 0.1551 0.4533 18.7177 -2.5260 0.6952
1008 1.2529 1.4875 0.1383 0.1670 0.4309 18.8591 -2.6150 1.0935
1009 1.2563 1.4843 0.1358 0.1806 0.4178 17.8243 -2.0520 0.7272
1010 1.2595 1.4792 0.1290 0.1938 0.3972 19.3177 -1.4000 0.6418
1011 1.2170 1.5178 0.1254 0.0232 0.5519 19.2801 -2.5980 1.3156
1012 1.2129 1.5216 0.1236 0.0066 0.5671 19.1548 -2.5900 1.3592
1013 1.2077 1.5213 0.1213 -0.0148 0.5663 19.2808 -3.2610 1.5768
1014 1.2068 1.5214 0.1278 -0.0187 0.5670 18.9891 -4.4430 2.3254
1015 1.2058 1.5171 0.1195 -0.0233 0.5501 19.9446 -5.3960 2.5796
1016 1.2005 1.5147 0.1272 -0.0451 0.5403 19.2190 -6.3820 3.0985
1017 1.1887 1.5126 0.1364 -0.0928 0.5321 18.8042 -6.6360 3.2374
1018 1.1743 1.5101 0.1453 -0.1509 0.5222 18.9571 -6.6620 3.1546
1019 1.1564 1.5080 0.1587 -0.2236 0.5139 17.3685 -5.9660 2.4167
1020 1.1479 1.5037 0.1713 -0.2587 0.4968 17.7543 -5.7250 2.5658
1021 1.2126 1.5406 0.1809 -0.0002 0.6448 17.9888 -5.4680 2.6169
1022 1.2183 1.5346 0.1869 0.0222 0.6212 17.8677 -4.8230 6.5063
1023 1.2307 1.5266 0.1816 0.0718 0.5894 18.3568 -3.8770 1.7923
1024 1.2426 1.5182 0.1573 0.1192 0.5560 20.2421 -3.0620 1.9422
1025 1.2504 1.5102 0.1553 0.1504 0.5241 18.7421 -2.4340 0.1237
1026 1.2551 1.5066 0.1447 0.1694 0.5098 16.3228 -1.9000 0.9124
1027 1.2539 1.5049 0.1302 0.1644 0.5028 19.3279 -3.8120 2.1941
1028 1.2434 1.5102 0.1230 0.1225 0.5244 19.4874 -6.0260 3.0932
1029 1.2277 1.5142 0.1201 0.0596 0.5404 19.5646 -7.1750 3.4755
1030 1.2162 1.5137 0.1254 0.0129 0.5385 19.3521 -7.5600 3.6157
1031 1.1040 1.3940 0.1327 -0.4372 0.0587 19.1586 -6.8030 2.6788
1032 1.1084 1.3920 0.1473 -0.4210 0.0497 18.6822 -7.1520 3.5996
1033 1.1140 1.3942 0.1473 -0.3999 0.0574 20.1621 -5.9740 2.4460
1034 1.1224 1.4005 0.1720 -0.3678 0.0818 18.4679 -5.2090 2.1100
1035 1.1310 1.4073 0.1794 -0.3345 0.1077 17.9582 -4.3660 1.5452
1036 1.1426 1.4144 0.1854 -0.2892 0.1354 18.2880 -3.6000 1.4197
1037 1.1530 1.4227 0.1854 -0.2485 0.1679 18.2915 -3.0740 1.1420
1038 1.1643 1.4379 0.1900 -0.2042 0.2278 17.9714 -2.2420 0.6694
1039 1.1707 1.4548 0.1831 -0.1793 0.2950 18.4941 -1.8350 0.5959
1040 1.1803 1.4733 0.1685 -0.1415 0.3688 19.1416 -1.6630 0.5692
1041 1.0590 1.4699 0.1553 -0.6287 0.3548 19.0413 -1.0000 0.2831
1042 1.0522 1.4752 0.1364 -0.6579 0.3758 20.7781 -0.2540 -0.3997
1043 1.0482 1.4820 0.1370 -0.6759 0.4032 19.3558 -0.5550 0.2319
1044 1.0457 1.4845 0.1183 -0.6881 0.4130 20.6902 -0.5990 0.6858
1045 1.0490 1.4858 0.1254 -0.6769 0.4180 19.3802 -0.1960 0.0676
1046 1.0575 1.4771 0.1236 -0.6448 0.3829 19.7325 -0.0010 0.0503
1047 1.0630 1.4704 0.1207 -0.6245 0.3557 19.5741 -0.3500 0.2021
1048 1.0731 1.4617 0.1284 -0.5859 0.3205 19.3750 0.5810 -0.2887
1049 1.0842 1.4534 0.1302 -0.5434 0.2868 19.3553 0.2020 -0.0851
1050 1.0931 1.4472 0.1377 -0.5092 0.2615 19.2157 0.5050 -0.6700
1051 1.2737 1.4633 0.1402 0.2135 0.3256 19.1764 -0.2910 0.1978
1052 1.2730 1.4595 0.1479 0.2107 0.3101 19.2274 -0.9620 0.5426
1053 1.2726 1.4554 0.1447 0.2096 0.2932 19.9623 -0.8360 0.0525
1054 1.2711 1.4504 0.1614 0.2036 0.2729 19.2631 -1.2170 0.5995
1055 1.2724 1.4483 0.1486 0.2093 0.2637 20.2572 -1.1830 0.6707
1056 1.2742 1.4425 0.1649 0.2165 0.2401 18.9350 -1.0710 0.5915
1057 1.2745 1.4388 0.1519 0.2179 0.2244 19.2697 0.0510 -0.2133
1058 1.2749 1.4298 0.1506 0.2199 0.1878 19.3075 0.6160 -0.3251
1059 1.2724 1.4242 0.1339 0.2100 0.1648 20.7259 1.5450 -1.0234
1060 1.2620 1.4213 0.1421 0.1687 0.1521 19.3063 2.7220 -1.5228
1061 1.2752 1.4598 0.1352 0.2219 0.3059 19.5220 3.5310 -1.6622
1062 1.2735 1.4618 0.1308 0.2152 0.3135 19.7481 5.0030 -2.7103
1063 1.2674 1.4714 0.1272 0.1908 0.3516 20.2027 5.0130 -2.3630
1064 1.2696 1.4734 0.1207 0.2001 0.3594 20.5189 2.6510 -0.4590
1065 1.2763 1.4678 0.1352 0.2270 0.3367 19.2220 -1.3900 1.4426
1066 1.2802 1.4578 0.1383 0.2429 0.2962 20.3141 -5.8480 3.3281
1067 1.2869 1.4410 0.1749 0.2701 0.2284 18.4581 -9.3110 5.1172
1068 1.2901 1.4246 0.2035 0.2833 0.1621 17.9269 -12.1990 5.4907
1069 1.2973 1.4126 0.2265 0.3124 0.1132 16.9118 -13.2130 5.9473
1070 1.2990 1.4094 0.2310 0.3199 0.0995 17.5133 -13.9290 6.2695
count posx posy posz xout yout zout heading hd_out
1 0.0000 0.0000 0.1195 0.0000 0.0000 0.0000 -4.9660 2.2508
2 0.0000 0.0000 0.1284 0.0000 0.0000 0.0000 -5.0740 2.3006
3 0.0000 0.0000 0.1178 0.0000 0.0000 0.0000 -5.0780 2.3437
4 0.0000 0.0000 0.1290 0.0000 0.0000 0.0000 -5.0960 2.3472
5 0.0000 0.0000 0.1290 0.0000 0.0000 0.0000 -5.0920 2.3205
6 0.0000 0.0000 0.1284 0.0000 0.0000 0.0000 -5.0010 2.2854
7 0.0000 0.0000 0.1278 0.0000 0.0000 0.0000 -4.9920 2.2903
8 0.0000 0.0000 0.1195 0.0000 0.0000 0.0000 -5.0390 2.3326
9 0.0000 0.0000 0.1278 0.0000 0.0000 0.0000 -5.1030 2.3842
10 0.0000 0.0000 0.1302 0.0000 0.0000 0.0000 -5.0430 2.3201
11 1.2648 1.5370 0.1183 0.0592 0.1483 2.4752 -4.8710 2.2320
12 1.2639 1.5369 0.1266 0.0558 0.1483 1.6822 -4.0000 1.4197
13 1.2625 1.5368 0.1290 0.0505 0.1482 1.2902 -4.6780 2.0571
14 1.2605 1.5367 0.1296 0.0425 0.1481 1.3558 -4.5640 2.0980
15 1.2578 1.5366 0.1272 0.0316 0.1481 1.5440 -4.5250 2.0807
16 1.2543 1.5365 0.1272 0.0180 0.1481 1.9872 4.4190 -9.8119
17 1.2503 1.5364 0.1278 0.0019 0.1481 1.3878 -4.3430 1.9996
18 1.2456 1.5363 0.1296 -0.0168 0.1480 1.5496 -4.1390 1.8448
19 1.2405 1.5362 0.1266 -0.0377 0.1480 1.5684 -4.1860 1.9681
20 1.2358 1.5357 0.1290 -0.0563 0.1466 1.5943 -4.2110 1.9008
21 1.2525 1.5460 0.1266 0.0105 0.1882 1.6613 -4.2740 1.9770
22 1.2513 1.5461 0.1296 0.0057 0.1889 0.7232 -4.3130 1.9507
23 1.2494 1.5463 0.1266 -0.0022 0.1904 1.6977 -4.3820 2.0508
24 1.2467 1.5465 0.1213 -0.0127 0.1913 2.5992 -4.4280 2.0562
25 1.2435 1.5464 0.1272 -0.0258 0.1916 2.0249 -4.4160 2.0232
26 1.2395 1.5464 0.1296 -0.0416 0.1921 1.6910 -4.5040 2.1870
27 1.2350 1.5465 0.1290 -0.0601 0.1929 0.7113 -4.6520 2.1603
28 1.2298 1.5466 0.1290 -0.0811 0.1939 1.7394 -4.6180 2.1229
29 1.2237 1.5468 0.1272 -0.1055 0.1949 1.9144 -4.7210 2.1732
30 1.2184 1.5471 0.1296 -0.1273 0.1965 1.5173 -4.6800 2.1550
31 1.2696 1.5250 0.1308 0.0779 0.1084 1.5095 -4.6110 2.1171
32 1.2684 1.5248 0.1278 0.0734 0.1080 1.8317 -4.7070 2.2079
33 1.2667 1.5244 0.1213 0.0666 0.1067 2.6967 -4.7600 2.2093
34 1.2642 1.5237 0.1284 0.0569 0.1040 1.9769 -4.8220 2.1959
35 1.2609 1.5228 0.1284 0.0436 0.1008 1.8738 -4.7910 2.1795
36 1.2567 1.5217 0.1278 0.0271 0.0967 1.0732 -4.8260 2.1754
37 1.2519 1.5204 0.1278 0.0077 0.0914 1.8619 -4.7610 2.1412
38 1.2463 1.5188 0.1290 -0.0148 0.0851 1.7947 -4.8380 2.2796
39 1.2412 1.5173 0.1272 -0.0351 0.0795 1.0803 -4.7770 2.1857
40 1.2356 1.5157 0.1290 -0.0576 0.0732 2.0069 -4.7860 2.1906
41 1.2577 1.5329 0.1272 0.0308 0.1425 1.4023 -4.7270 2.1670
42 1.2570 1.5327 0.1296 0.0282 0.1419 1.8415 -4.5960 2.0873
43 1.2557 1.5322 0.1290 0.0227 0.1404 1.9323 -4.4530 2.0353
44 1.2535 1.5316 0.1308 0.0142 0.1381 1.7306 -4.4750 2.0985
45 1.2506 1.5308 0.1290 0.0026 0.1352 1.9683 -4.5070 2.0798
46 1.2471 1.5298 0.1278 -0.0114 0.1315 2.1317 -4.5320 2.0882
47 1.2430 1.5286 0.1195 -0.0280 0.1270 3.0868 -4.4530 2.0344
48 1.2381 1.5272 0.1278 -0.0478 0.1218 2.4726 -4.4290 2.0424
49 1.2325 1.5257 0.1272 -0.0704 0.1159 2.0781 -4.3100 1.9716
50 1.2274 1.5243 0.1278 -0.0908 0.1107 2.2617 -4.3530 1.9703
51 1.2696 1.5369 0.1195 0.0779 0.1614 3.1566 -4.3640 1.9841
52 1.2682 1.5367 0.1272 0.0725 0.1611 2.6148 -4.3940 2.0223
53 1.2660 1.5363 0.1272 0.0641 0.1596 2.2077 -4.3360 1.9965
54 1.2632 1.5354 0.1272 0.0531 0.1566 2.2256 -4.4000 1.5800
55 1.2597 1.5344 0.1272 0.0392 0.1530 2.1843 -4.4150 2.0317
56 1.2556 1.5333 0.1266 0.0226 0.1485 2.5160 -4.2770 1.9151
57 1.2507 1.5319 0.1266 0.0031 0.1433 2.2928 -4.2600 1.9627
58 1.2450 1.5303 0.1302 -0.0198 0.1372 2.1164 -4.2590 1.9623
59 1.2386 1.5283 0.1266 -0.0455 0.1295 2.3294 -4.1220 1.8612
60 1.2344 1.5269 0.1284 -0.0623 0.1241 2.2435 -4.0920 1.8781
61 1.2657 1.5339 0.1278 0.0629 0.1526 2.2701 -4.1340 1.9040
62 1.2646 1.5335 0.1290 0.0586 0.1515 2.3239 -4.0570 1.9053
63 1.2628 1.5329 0.1266 0.0518 0.1494 1.5062 -4.1020 1.9280
64 1.2603 1.5320 0.1284 0.0419 0.1462 2.3725 -4.1220 1.8773
65 1.2571 1.5309 0.1260 0.0290 0.1420 2.4996 -4.2070 1.9623
66 1.2531 1.5294 0.1278 0.0129 0.1364 2.4820 -4.1660 1.9173
67 1.2484 1.5275 0.1213 -0.0059 0.1288 3.0457 -4.0910 1.9053
68 1.2429 1.5252 0.1290 -0.0279 0.1199 2.4949 -4.2340 1.9796
69 1.2366 1.5226 0.1189 -0.0530 0.1099 3.7257 -4.3560 2.0179
70 1.2325 1.5210 0.1302 -0.0697 0.1035 2.4389 -4.4230 2.0700
71 1.2817 1.5369 0.1284 0.1273 0.1676 2.4902 -4.5360 2.0998
72 1.2806 1.5366 0.1278 0.1234 0.1667 2.4000 -4.6040 2.1114
73 1.2789 1.5361 0.1272 0.1168 0.1649 2.6111 -4.7250 2.1723
74 1.2766 1.5353 0.1278 0.1077 0.1621 2.3763 -4.8000 2.2413
75 1.2735 1.5342 0.1272 0.0957 0.1581 2.6474 -4.7360 2.1781
76 1.2698 1.5329 0.1290 0.0810 0.1532 2.5084 -4.7310 2.1981
77 1.2654 1.5314 0.1272 0.0638 0.1476 2.7442 -4.6960 2.1968
78 1.2604 1.5297 0.1207 0.0436 0.1412 3.4863 -4.6728 2.1596
79 1.2548 1.5280 0.1278 0.0214 0.1346 2.7688 -4.6400 2.1274
80 1.2513 1.5270 0.1290 0.0072 0.1307 1.7996 -4.8190 2.3584
81 1.2028 1.5320 0.1278 -0.1873 0.1510 2.5529 -4.8800 2.2360
82 1.2019 1.5319 0.1272 -0.1913 0.1509 2.8244 -5.0630 2.3557
83 1.2004 1.5316 0.1284 -0.1978 0.1504 1.7484 -5.1400 2.3615
84 1.1981 1.5313 0.1278 -0.2072 0.1493 2.9705 -5.2410 2.4563
85 1.1952 1.5309 0.1284 -0.2195 0.1479 2.4933 -5.3090 2.4296
86 1.1916 1.5302 0.1302 -0.2346 0.1455 2.6545 -5.2380 2.3971
87 1.1873 1.5291 0.1272 -0.2522 0.1415 2.6746 -5.1920 2.3606
88 1.1825 1.5277 0.1290 -0.2722 0.1362 2.8373 -5.0640 2.2698
89 1.1770 1.5261 0.1195 -0.2951 0.1298 3.9372 -5.0970 2.3308
90 1.1720 1.5245 0.1278 -0.3156 0.1240 2.9545 -5.0000 2.2751
91 1.2697 1.5339 0.1290 0.0754 0.1618 2.7629 -4.9730 2.3014
92 1.2691 1.5337 0.1284 0.0731 0.1612 2.8499 -4.8920 2.2297
93 1.2678 1.5331 0.1278 0.0680 0.1591 2.8806 -4.9790 2.3014
94 1.2658 1.5322 0.1284 0.0601 0.1558 3.0076 -5.0540 2.3161
95 1.2632 1.5310 0.1278 0.0498 0.1515 2.7962 -5.0980 2.3410
96 1.2585 1.5296 0.1315 0.0311 0.1461 2.6178 -5.1410 2.3851
97 1.2528 1.5280 0.1272 0.0086 0.1399 2.9655 -5.1890 2.3797
98 1.2465 1.5262 0.1302 -0.0166 0.1329 2.8615 -5.2490 2.3931
99 1.2396 1.5242 0.1272 -0.0445 0.1253 3.1825 -5.2380 2.4558
100 1.2366 1.5232 0.1315 -0.0566 0.1217 2.8616 -5.2250 2.3922
101 1.1856 1.5318 0.1284 -0.2612 0.1565 2.9418 -5.1650 2.3486
102 1.1848 1.5315 0.1278 -0.2651 0.1555 2.9119 -5.1490 2.3593
103 1.1835 1.5310 0.1272 -0.2712 0.1536 3.0032 -5.0330 2.3032
104 1.1815 1.5297 0.1272 -0.2797 0.1489 3.3234 -4.9860 2.2858
105 1.1795 1.5286 0.1254 -0.2882 0.1446 3.1919 -4.7530 2.0985
106 1.1767 1.5270 0.1284 -0.3002 0.1384 2.9695 -4.6580 2.1425
107 1.1736 1.5252 0.1254 -0.3135 0.1315 3.4695 -4.5180 2.0660
108 1.1700 1.5232 0.1284 -0.3289 0.1240 3.3695 -4.4250 2.0103
109 1.1655 1.5212 0.1284 -0.3477 0.1161 3.0841 -4.2880 1.9698
110 1.1614 1.5195 0.1290 -0.3647 0.1094 2.4883 -4.2010 1.9489
111 1.1880 1.6549 0.1183 -0.2590 0.6528 4.2022 -4.2110 1.9676
112 1.1876 1.6547 0.1284 -0.2611 0.6535 3.1918 -4.1940 1.9440
113 1.1868 1.6546 0.1266 -0.2649 0.6547 3.1270 -4.1970 1.9329
114 1.1855 1.6545 0.1278 -0.2708 0.6555 3.3017 -4.0380 1.8657
115 1.1838 1.6541 0.1166 -0.2785 0.6556 4.3646 -4.0600 1.8835
116 1.1813 1.6537 0.1296 -0.2893 0.6554 3.1203 -3.9730 1.8279
117 1.1782 1.6531 0.1260 -0.3023 0.6546 3.3923 -3.9840 1.8345
118 1.1746 1.6524 0.1296 -0.3172 0.6533 3.2169 -3.9570 1.8279
119 1.1706 1.6516 0.1278 -0.3341 0.6516 3.2721 -4.0290 1.8724
120 1.1672 1.6509 0.1296 -0.3485 0.6502 3.2495 -4.0450 1.8474
121 1.2598 1.5480 0.1272 0.0220 0.2392 3.4340 -4.0860 1.8657
122 1.2592 1.5479 0.1284 0.0197 0.2392 3.1268 -4.1400 1.9324
123 1.2582 1.5476 0.1278 0.0156 0.2388 3.2777 -4.1740 1.9075
124 1.2567 1.5473 0.1278 0.0098 0.2381 3.3558 -4.4090 2.0789
125 1.2548 1.5470 0.1278 0.0023 0.2373 3.4947 -4.4140 2.0553
126 1.2525 1.5465 0.1290 -0.0071 0.2357 3.4281 -4.5280 2.0829
127 1.2497 1.5459 0.1278 -0.0183 0.2338 3.5308 -4.6460 2.1292
128 1.2465 1.5452 0.1302 -0.0309 0.2315 3.1971 -4.6560 2.1390
129 1.2430 1.5446 0.1284 -0.0450 0.2294 3.4944 -4.7120 2.1737
130 1.2399 1.5441 0.1296 -0.0575 0.2278 3.3029 -4.6370 2.1091
131 1.1908 1.4400 0.1266 -0.2545 -0.1893 3.4999 -4.7060 2.1381
132 1.1902 1.4398 0.1195 -0.2574 -0.1906 4.4307 -4.5260 2.0633
133 1.1892 1.4397 0.1278 -0.2620 -0.1917 3.6329 -4.3200 1.9725
134 1.1879 1.4393 0.1183 -0.2679 -0.1936 4.9701 -4.3100 1.9565
135 1.1862 1.4389 0.1284 -0.2753 -0.1960 3.5362 -4.1960 1.9031
136 1.1841 1.4382 0.1296 -0.2846 -0.1992 3.5904 -4.2290 1.9498
137 1.1815 1.4374 0.1284 -0.2954 -0.2033 3.5119 -4.2980 1.9814
138 1.1787 1.4363 0.1296 -0.3077 -0.2084 3.6265 -4.2250 1.9071
139 1.1754 1.4349 0.1266 -0.3213 -0.2144 3.6453 -4.2480 1.9556
140 1.1726 1.4338 0.1248 -0.3336 -0.2197 3.8755 -4.2100 1.9449
141 1.2588 1.5380 0.1284 0.0117 0.1974 3.5779 -0.2500 -3.3629
142 1.2583 1.5378 0.1278 0.0095 0.1973 3.7895 -4.2710 1.9391
143 1.2572 1.5376 0.1260 0.0053 0.1968 3.7236 -4.2490 1.9632
144 1.2558 1.5373 0.1278 -0.0003 0.1960 3.8866 -4.3580 2.0366
145 1.2540 1.5369 0.1266 -0.0074 0.1948 3.9286 -4.3010 1.9560
146 1.2519 1.5364 0.1278 -0.0160 0.1932 3.8022 -4.2740 1.9511
147 1.2494 1.5359 0.1296 -0.0260 0.1913 3.4819 -4.2460 1.9369
148 1.2465 1.5353 0.1272 -0.0376 0.1893 3.9112 -4.2890 1.9676
149 1.2438 1.5347 0.1272 -0.0482 0.1875 3.9258 -4.2440 1.9511
150 1.2400 1.5341 0.1278 -0.0637 0.1852 3.8111 -4.2600 1.9841
151 1.2589 1.5310 0.1266 0.0119 0.1730 4.0307 -4.2720 1.9867
152 1.2584 1.5308 0.1266 0.0100 0.1727 3.9893 -4.3190 1.9890
153 1.2575 1.5307 0.1195 0.0066 0.1724 4.8003 -4.3370 1.9640
154 1.2563 1.5304 0.1284 0.0017 0.1718 3.9295 -6.1100 2.7861
155 1.2546 1.5301 0.1189 -0.0048 0.1707 5.0271 -4.6610 2.2124
156 1.2527 1.5296 0.1272 -0.0123 0.1692 4.2323 -4.7970 2.2338
157 1.2506 1.5291 0.1278 -0.0210 0.1675 3.9961 -4.9000 2.2511
158 1.2480 1.5286 0.1296 -0.0314 0.1658 3.7956 -4.9510 2.2542
159 1.2450 1.5280 0.1272 -0.0432 0.1634 4.1049 -5.0700 2.3321
160 1.2424 1.5274 0.1278 -0.0537 0.1613 4.2895 -5.1260 2.3437
161 1.3159 1.4330 0.1266 0.2407 -0.2167 4.0852 -5.2350 2.3966
162 1.3154 1.4331 0.1290 0.2396 -0.2173 3.1034 -5.3590 2.4990
163 1.3148 1.4330 0.1254 0.2376 -0.2181 4.2063 -5.4040 2.4630
164 1.3139 1.4330 0.1290 0.2346 -0.2189 3.9710 -5.4090 2.5070
165 1.3127 1.4330 0.1260 0.2304 -0.2194 4.4115 -5.4610 2.4999
166 1.3112 1.4331 0.1302 0.2252 -0.2197 3.9820 -5.3660 2.4407
167 1.3095 1.4333 0.1278 0.2192 -0.2198 4.1100 -5.2900 2.3989
168 1.3077 1.4334 0.1296 0.2123 -0.2200 4.0304 -5.1820 2.3535
169 1.3060 1.4335 0.1290 0.2063 -0.2202 3.9970 -5.1350 2.3432
170 1.3043 1.4336 0.1278 0.1999 -0.2205 4.4595 -5.1230 2.3557
171 1.2669 1.5500 0.1278 0.0506 0.2456 4.1710 -5.1010 2.3361
172 1.2666 1.5497 0.1296 0.0495 0.2450 4.0916 -4.9280 2.2289
173 1.2661 1.5495 0.1266 0.0475 0.2445 4.5330 -4.9270 2.2480
174 1.2654 1.5497 0.1302 0.0449 0.2458 4.0543 -4.9680 2.2743
175 1.2645 1.5499 0.1272 0.0415 0.2474 4.4970 -4.8800 2.1852
176 1.2635 1.5502 0.1218 0.0378 0.2488 5.0375 0.0000 -4.2859
177 1.2626 1.5505 0.1284 0.0340 0.2505 4.2676 -4.7900 2.2217
178 1.2615 1.5507 0.1272 0.0297 0.2521 4.3704 -4.8310 2.2168
179 1.2602 1.5530 0.1278 0.0247 0.2617 4.3768 -4.8460 2.2235
180 1.2591 1.5555 0.1272 0.0205 0.2721 4.5845 -4.9530 2.3094
181 1.1928 1.5385 0.1278 -0.2452 0.2047 4.4665 -4.8760 2.2342
182 1.1924 1.5364 0.1296 -0.2475 0.1968 4.2662 -4.7290 2.1536
183 1.1917 1.5347 0.1284 -0.2507 0.1903 4.2490 -4.7430 2.2044
184 1.1909 1.5331 0.1302 -0.2545 0.1840 4.2295 -4.7050 2.1243
185 1.1897 1.5316 0.1260 -0.2601 0.1783 4.8166 -4.6260 2.1443
186 1.1881 1.5303 0.1296 -0.2672 0.1733 4.1581 -4.6470 2.1367
187 1.1863 1.5292 0.1278 -0.2750 0.1692 4.5759 -4.7080 2.1576
188 1.1841 1.5276 0.1290 -0.2844 0.1633 4.3278 -4.7820 2.2306
189 1.1817 1.5258 0.1278 -0.2948 0.1563 4.4917 -4.7100 2.1487
190 1.1794 1.5247 0.1201 -0.3046 0.1520 4.8388 -4.6340 2.1434
191 1.2639 1.5429 0.1290 0.0334 0.2255 3.6059 -4.6620 2.1398
192 1.2634 1.5432 0.1195 0.0318 0.2269 5.5973 -4.7410 2.1830
193 1.2622 1.5437 0.1272 0.0270 0.2296 4.6913 -4.7830 2.2284
194 1.2610 1.5442 0.1183 0.0222 0.2320 5.9557 -4.8080 2.1959
195 1.2596 1.5445 0.1278 0.0169 0.2335 4.7158 -4.8590 2.3085
196 1.2581 1.5444 0.1201 0.0111 0.2335 5.4801 -4.8100 2.2271
197 1.2564 1.5443 0.1272 0.0041 0.2337 4.7644 -4.8050 2.1830
198 1.2539 1.5445 0.1183 -0.0056 0.2350 5.9679 -4.8020 2.2280
199 1.2515 1.5447 0.1278 -0.0155 0.2361 4.6081 -4.7500 2.1826
200 1.2498 1.5448 0.1278 -0.0221 0.2371 4.9820 -4.8070 2.2204
201 1.2742 1.5350 0.1266 0.0758 0.1982 4.0679 -4.6750 2.1474
202 1.2744 1.5350 0.1278 0.0768 0.1986 4.8330 -4.6730 2.1483
203 1.2744 1.5353 0.1260 0.0770 0.2001 4.7670 -4.6200 2.1033
204 1.2742 1.5358 0.1278 0.0763 0.2022 4.9303 -4.6020 2.0936
205 1.2740 1.5364 0.1254 0.0757 0.2053 5.0555 -4.4250 2.0032
206 1.2735 1.5372 0.1284 0.0739 0.2087 4.8944 -4.3230 2.0130
207 1.2725 1.5384 0.1278 0.0701 0.2137 4.6236 -4.3370 2.0068
208 1.2711 1.5399 0.1284 0.0650 0.2202 4.9309 -4.3790 2.0281
209 1.2694 1.5418 0.1266 0.0584 0.2281 5.1056 -4.4440 2.0606
210 1.2677 1.5434 0.1296 0.0518 0.2353 4.6971 -4.3920 2.0250
211 1.2609 1.5389 0.1278 0.0245 0.2174 4.9298 -4.3610 2.0388
212 1.2605 1.5389 0.1290 0.0230 0.2179 4.8028 -4.5470 2.0904
213 1.2599 1.5396 0.1266 0.0208 0.2212 5.2925 -4.6450 2.1314
214 1.2590 1.5408 0.1284 0.0174 0.2262 4.9118 -44.7260 30.0000
215 1.2569 1.5431 0.1296 0.0090 0.2358 4.9052 -4.7754 2.1921
216 1.2543 1.5457 0.1272 -0.0012 0.2468 5.0927 -4.6460 2.1078
217 1.2514 1.5485 0.1207 -0.0128 0.2587 5.9559 -4.7400 2.1763
218 1.2483 1.5514 0.1278 -0.0254 0.2704 4.9963 -4.8360 2.2191
219 1.2449 1.5539 0.1284 -0.0392 0.2813 4.1717 -4.9760 2.2956
220 1.2418 1.5559 0.1278 -0.0513 0.2899 5.0893 -5.0210 2.3148
221 1.2649 1.5391 0.1278 0.0409 0.2228 4.9834 -5.3490 2.7144
222 1.2645 1.5391 0.1296 0.0397 0.2232 5.1434 -5.1300 2.3579
223 1.2640 1.5393 0.1278 0.0378 0.2246 5.2578 -5.0810 2.2800
224 1.2637 1.5396 0.1290 0.0368 0.2263 5.0097 -4.9530 2.2596
225 1.2632 1.5400 0.1284 0.0347 0.2279 5.1613 -4.6970 2.1572
226 1.2620 1.5405 0.1278 0.0302 0.2305 5.1914 -4.5290 2.0637
227 1.2606 1.5403 0.1284 0.0246 0.2300 5.0765 -4.4640 2.0206
228 1.2592 1.5401 0.1272 0.0189 0.2295 5.2997 -4.4320 2.0375
229 1.2578 1.5401 0.1290 0.0135 0.2300 5.1004 -0.4800 -3.2285
230 1.2565 1.5403 0.1290 0.0086 0.2312 5.2356 -4.5950 2.1252
231 1.2579 1.5358 0.1260 0.0141 0.2137 4.7774 -4.6490 2.1634
232 1.2584 1.5353 0.1284 0.0164 0.2120 5.2807 -4.7190 2.1278
233 1.2587 1.5344 0.1278 0.0173 0.2088 4.1906 -4.5580 2.0660
234 1.2578 1.5391 0.1278 0.0140 0.2279 5.3898 -4.5760 2.1354
235 1.2562 1.5447 0.1260 0.0078 0.2508 4.7338 -4.5480 2.0802
236 1.2555 1.5532 0.1278 0.0051 0.2852 5.3059 -4.6550 2.1136
237 1.2542 1.5620 0.1284 -0.0004 0.3210 4.3651 -4.6810 2.1590
238 1.2538 1.5704 0.1272 -0.0020 0.3556 5.4151 -4.7770 2.1866
239 1.2528 1.5782 0.1284 -0.0058 0.3875 4.4597 -4.6920 2.1559
240 1.2525 1.5831 0.1302 -0.0069 0.4079 5.1406 -4.7910 2.2694
241 1.2678 1.5363 0.1195 0.0545 0.2211 6.4439 -4.6990 2.1848
242 1.2665 1.5345 0.1272 0.0492 0.2143 5.4777 -4.6500 2.1363
243 1.2632 1.5314 0.1183 0.0364 0.2021 6.4405 -4.7390 2.1759
244 1.2577 1.5267 0.1266 0.0143 0.1835 5.5867 -4.7640 2.2200
245 1.2512 1.5210 0.1272 -0.0118 0.1608 4.6464 -4.7750 2.2195
246 1.2451 1.5159 0.1266 -0.0360 0.1408 5.5634 -4.7950 2.2159
247 1.2395 1.5113 0.1284 -0.0584 0.1226 4.5382 -4.6870 2.1430
248 1.2338 1.5073 0.1278 -0.0814 0.1067 5.8796 -4.7800 2.2022
249 1.2285 1.5040 0.1284 -0.1031 0.0935 4.5165 -4.7960 2.1888
250 1.2255 1.5014 0.1272 -0.1152 0.0829 5.9847 -4.9340 2.2680
251 1.2006 1.4286 0.1254 -0.2154 -0.2091 5.8511 -4.8760 2.2725
252 1.2004 1.4301 0.1284 -0.2166 -0.2037 5.6289 -5.0200 2.2929
253 1.2010 1.4325 0.1260 -0.2148 -0.1948 5.5760 -5.1570 2.4064
254 1.2038 1.4367 0.1272 -0.2039 -0.1786 5.8104 -5.2490 2.4411
255 1.2057 1.4416 0.1266 -0.1967 -0.1595 5.7800 -5.2840 2.4380
256 1.2057 1.4474 0.1284 -0.1971 -0.1370 5.7622 -5.2760 2.4407
257 1.2032 1.4519 0.1290 -0.2078 -0.1192 5.4058 -5.3000 2.4371
258 1.2042 1.4579 0.1290 -0.2043 -0.0958 5.7253 -5.3140 2.4167
259 1.2015 1.4646 0.1272 -0.2154 -0.0694 5.8398 -5.3280 2.4300
260 1.1992 1.4689 0.1290 -0.2251 -0.0524 5.7575 -5.3150 2.4082
261 1.2674 1.5286 0.1272 0.0479 0.1866 5.8686 -5.3020 2.3624
262 1.2713 1.5304 0.1278 0.0638 0.1941 5.8143 -5.3290 2.3530
263 1.2690 1.5306 0.1266 0.0545 0.1954 5.3224 -5.5460 2.5707
264 1.2675 1.5341 0.1284 0.0487 0.2096 5.7182 -5.5250 2.5489
265 1.2665 1.5392 0.1290 0.0450 0.2305 4.8933 -5.5760 2.6250
266 1.2645 1.5436 0.1278 0.0373 0.2485 5.9479 -5.0000 1.7464
267 1.2632 1.5496 0.1290 0.0319 0.2731 5.9418 -5.6100 2.5635
268 1.2613 1.5551 0.1254 0.0246 0.2956 5.9714 -5.5490 -30.0000
269 1.2592 1.5597 0.1284 0.0164 0.3144 5.0972 -5.5180 2.5395
270 1.2579 1.5654 0.1278 0.0110 0.3380 5.9569 -5.4190 2.4652
271 1.2166 1.5408 0.1266 -0.1544 0.2398 5.2275 -5.4770 2.5800
272 1.2170 1.5402 0.1290 -0.1530 0.2379 5.6650 -5.3500 2.4754
273 1.2162 1.5390 0.1260 -0.1567 0.2337 6.2258 -5.3080 2.4238
274 1.2147 1.5376 0.1266 -0.1630 0.2282 6.2324 -5.2580 2.4167
275 1.2122 1.5389 0.1260 -0.1735 0.2340 6.2021 -5.1810 2.3771
276 1.2101 1.5416 0.1296 -0.1820 0.2452 5.8454 -5.1670 2.3637
277 1.2079 1.5439 0.1248 -0.1913 0.2549 6.3218 -5.2460 2.3980
278 1.2047 1.5460 0.1284 -0.2045 0.2636 6.0276 -5.2440 2.3944
279 1.2008 1.5458 0.1260 -0.2208 0.2631 6.3349 -5.2910 2.4376
280 1.1980 1.5463 0.1278 -0.2326 0.2656 6.2502 -5.2740 2.3659
281 1.2630 1.5501 0.1272 0.0275 0.2812 6.2160 -5.2770 2.3619
282 1.2580 1.5473 0.1278 0.0079 0.2708 6.1621 -5.2040 2.2894
283 1.2499 1.5433 0.1254 -0.0248 0.2550 6.5293 -5.3330 2.4394
284 1.2414 1.5399 0.1278 -0.0586 0.2421 6.1989 -5.3460 2.5253
285 1.2367 1.5368 0.1272 -0.0778 0.2298 6.1691 -5.1740 2.3116
286 1.2359 1.5358 0.1201 -0.0809 0.2262 7.2234 -5.0730 2.3023
287 1.2410 1.5352 0.1260 -0.0609 0.2243 6.6525 -5.1760 2.3935
288 1.2482 1.5335 0.1290 -0.0321 0.2177 6.2484 -5.0140 2.2983
289 1.2580 1.5308 0.1296 0.0072 0.2071 6.1934 -4.8690 2.1501
290 1.2641 1.5284 0.1278 0.0317 0.1980 6.4224 -4.8290 2.1688
291 1.1985 1.4266 0.1278 -0.2309 -0.2099 5.3691 -4.8610 2.1839
292 1.1991 1.4302 0.1189 -0.2290 -0.1961 7.2813 -44.9450 30.0000
293 1.1970 1.4337 0.1266 -0.2383 -0.1831 6.4379 -5.0560 2.3882
294 1.1951 1.4342 0.1195 -0.2461 -0.1817 7.3691 -5.1770 2.4919
295 1.1945 1.4354 0.1278 -0.2491 -0.1774 6.3903 -5.0830 2.3290
296 1.1954 1.4398 0.1290 -0.2463 -0.1606 6.2628 -5.1210 2.3468
297 1.1966 1.4458 0.1278 -0.2420 -0.1369 6.4266 -5.1830 2.4429
298 1.1974 1.4535 0.1278 -0.2392 -0.1066 6.4444 -5.2460 2.4051
299 1.2004 1.4635 0.1272 -0.2279 -0.0671 6.4151 -5.4280 2.5262
300 1.2031 1.4707 0.1266 -0.2174 -0.0384 6.8039 -5.4040 2.4371
301 1.2677 1.5255 0.1290 0.0411 0.1810 6.2863 -5.4500 2.5270
302 1.2583 1.5237 0.1284 0.0035 0.1740 6.4373 -5.4010 2.5177
303 1.2445 1.5200 0.1254 -0.0517 0.1593 6.5173 -5.3120 2.3526
304 1.2268 1.5152 0.1302 -0.1225 0.1401 6.3764 -5.3050 2.4447
305 1.2085 1.5100 0.1266 -0.1962 0.1194 6.5292 -5.2310 2.3904
306 1.1918 1.5042 0.1290 -0.2634 0.0965 6.5587 -5.1630 2.2774
307 1.1768 1.4993 0.1266 -0.3243 0.0767 6.8670 -5.1800 2.3837
308 1.1618 1.4925 0.1296 -0.3852 0.0496 6.5219 -5.1810 2.4038
309 1.1439 1.4816 0.1284 -0.4579 0.0057 6.4456 -5.3470 2.4269
310 1.1281 1.4718 0.1272 -0.5223 -0.0336 6.8469 -5.2890 2.4055
311 1.3141 1.4299 0.1284 0.2224 -0.2020 6.6558 -5.2500 2.4211
312 1.3164 1.4277 0.1189 0.2321 -0.2115 7.7497 -5.1860 2.3099
313 1.3178 1.4216 0.1272 0.2387 -0.2368 6.6531 -5.2890 2.4652
314 1.3221 1.4147 0.1321 0.2562 -0.2652 6.3281 -5.2640 2.3855
315 1.3274 1.4079 0.1260 0.2783 -0.2934 6.8934 -5.1890 2.2996
316 1.3314 1.4014 0.1308 0.2952 -0.3203 6.4505 -5.1100 2.3677
317 1.3368 1.3998 0.1260 0.3176 -0.3276 7.0499 -4.9860 2.2395
318 1.3422 1.3994 0.1296 0.3403 -0.3304 6.6334 -5.1070 2.3860
319 1.3476 1.3977 0.1260 0.3629 -0.3381 6.9056 -5.0750 2.3317
320 1.3511 1.3946 0.1278 0.3780 -0.3517 6.8240 -4.8000 2.0330
321 1.2644 1.5263 0.1266 0.0311 0.1756 6.9274 -4.0000 1.1483
322 1.2653 1.5261 0.1278 0.0349 0.1750 7.1038 -4.6990 2.1581
323 1.2691 1.5289 0.1183 0.0503 0.1865 7.8361 -4.6730 2.1973
324 1.2757 1.5330 0.1315 0.0770 0.2033 6.5809 -4.5510 2.0922
325 1.2859 1.5370 0.1254 0.1180 0.2197 7.0247 -4.7210 2.1679
326 1.2955 1.5383 0.1284 0.1568 0.2250 6.9832 -4.9180 2.3303
327 1.3076 1.5401 0.1242 0.2061 0.2326 7.0846 -4.9480 2.2093
328 1.3208 1.5429 0.1284 0.2594 0.2444 6.8985 -5.0990 2.3290
329 1.3324 1.5441 0.1254 0.3067 0.2498 7.3383 -5.2010 2.4563
330 1.3411 1.5454 0.1284 0.3424 0.2553 6.0426 -5.2440 2.3553
331 1.3137 1.4192 0.1260 0.2335 -0.2505 7.2355 -5.3510 2.5257
332 1.3125 1.4220 0.1284 0.2293 -0.2398 7.0251 -5.4760 2.5956
333 1.3122 1.4207 0.1183 0.2286 -0.2461 8.1322 -5.4450 2.4287
334 1.3112 1.4126 0.1284 0.2253 -0.2793 7.1223 -5.4070 2.4198
335 1.3093 1.4006 0.1290 0.2184 -0.3281 6.7062 -5.4860 2.5707
336 1.3098 1.3867 0.1296 0.2207 -0.3851 7.0737 -5.4140 2.4354
337 1.3123 1.3705 0.1272 0.2315 -0.4510 7.2609 -5.6080 2.5564
338 1.3138 1.3536 0.1290 0.2382 -0.5200 7.0012 -5.5700 2.5796
339 1.3135 1.3364 0.1302 0.2377 -0.5906 6.8129 -5.4340 2.4291
340 1.3134 1.3218 0.1284 0.2377 -0.6507 6.2758 -5.5640 2.5991
341 1.1903 1.5294 0.1195 -0.2551 0.1799 8.1310 -5.5230 2.5106
342 1.1929 1.5321 0.1272 -0.2455 0.1911 7.2242 -5.6630 2.5693
343 1.1951 1.5353 0.1278 -0.2373 0.2041 7.1704 -55.6420 30.0000
344 1.2024 1.5314 0.1272 -0.2083 0.1889 7.5027 -5.7030 2.6477
345 1.2138 1.5220 0.1201 -0.1631 0.1518 8.1336 -5.6470 2.5800
346 1.2186 1.5117 0.1278 -0.1444 0.1105 7.2848 -5.6500 2.5840
347 1.2163 1.5076 0.1278 -0.1536 0.0940 6.0109 -5.6790 2.5586
348 1.2183 1.5014 0.1266 -0.1459 0.0695 7.7090 -5.5550 2.5328
349 1.2216 1.4888 0.1278 -0.1331 0.0190 6.4511 -5.6000 2.5911
350 1.2205 1.4805 0.1302 -0.1379 -0.0146 7.0632 -5.6860 2.6018
351 1.2791 1.5218 0.1284 0.0969 0.1509 7.2363 -5.7010 2.5800
352 1.2765 1.5224 0.1195 0.0868 0.1536 8.3242 -5.5980 2.5066
353 1.2761 1.5202 0.1278 0.0853 0.1451 7.4664 -5.7470 2.6984
354 1.2710 1.5175 0.1201 0.0653 0.1342 8.3511 -5.7710 2.5524
355 1.2656 1.5174 0.1272 0.0437 0.1340 7.5151 -5.8280 2.6561
356 1.2629 1.5169 0.1284 0.0329 0.1324 7.3278 -5.8150 2.6388
357 1.2594 1.5176 0.1278 0.0192 0.1351 7.4191 -5.9210 2.7206
358 1.2496 1.5124 0.1284 -0.0200 0.1144 7.4850 -6.1040 2.8528
359 1.2390 1.5054 0.1272 -0.0628 0.0867 7.5877 -6.2700 2.9846
360 1.2316 1.4984 0.1302 -0.0923 0.0584 7.3597 -6.2370 2.9485
361 1.2614 1.5205 0.1278 0.0268 0.1474 7.4244 -6.2710 2.8577
362 1.2571 1.5202 0.1207 0.0099 0.1461 8.4807 -6.2530 2.8497
363 1.2526 1.5143 0.1260 -0.0083 0.1228 7.6780 -6.2090 2.8310
364 1.2512 1.5104 0.1296 -0.0140 0.1074 6.5511 -6.3280 2.8724
365 1.2490 1.5101 0.1254 -0.0227 0.1060 7.6070 -6.4440 2.9650
366 1.2558 1.5078 0.1272 0.0046 0.0970 6.8204 -6.4360 2.9401
367 1.2698 1.5043 0.1254 0.0609 0.0831 7.8836 -6.3930 2.8310
368 1.2901 1.4976 0.1272 0.1424 0.0562 6.9156 -6.4870 2.9565
369 1.3082 1.4886 0.1290 0.2156 0.0203 7.3065 -6.4900 2.8947
370 1.3209 1.4817 0.1302 0.2670 -0.0078 7.5362 -6.6030 3.1141
371 1.2607 1.5419 0.1284 0.0262 0.2336 7.7088 -6.6180 3.0095
372 1.2617 1.5406 0.1278 0.0303 0.2286 7.0254 -6.7570 3.0705
373 1.2631 1.5374 0.1272 0.0362 0.2164 7.6494 -6.9100 3.1305
374 1.2656 1.5357 0.1284 0.0462 0.2100 7.7635 -6.9990 3.2547
375 1.2653 1.5312 0.1248 0.0453 0.1922 8.1544 -6.9530 3.1969
376 1.2639 1.5214 0.1278 0.0397 0.1533 7.8124 -6.9070 3.0892
377 1.2617 1.5060 0.1126 0.0310 0.0916 9.7168 -6.9930 3.1755
378 1.2584 1.4848 0.1278 0.0179 0.0069 7.9102 -7.0540 3.3023
379 1.2563 1.4612 0.1195 0.0096 -0.0881 8.8651 -7.1200 3.2098
380 1.2543 1.4459 0.1284 0.0017 -0.1497 7.8062 -7.1410 3.1915
381 1.2636 1.5466 0.1266 0.0391 0.2535 7.9179 -7.0890 3.2156
382 1.2682 1.5518 0.1272 0.0576 0.2748 8.1056 -7.2660 3.3326
383 1.2712 1.5602 0.1272 0.0696 0.3091 7.9425 -0.1870 -30.0000
384 1.2759 1.5642 0.1284 0.0889 0.3256 7.7558 -7.2020 3.2721
385 1.2854 1.5692 0.1278 0.1271 0.3464 7.8468 -7.2360 3.2961
386 1.3008 1.5688 0.1278 0.1894 0.3454 8.0456 -5.5330 1.0454
387 1.3198 1.5694 0.1278 0.2662 0.3487 7.9432 -7.1340 3.2187
388 1.3390 1.5717 0.1302 0.3439 0.3585 7.9117 -7.0460 3.2552
389 1.3569 1.5753 0.1266 0.4165 0.3738 5.8852 -6.9550 3.1630
390 1.3729 1.5775 0.1278 0.4817 0.3832 8.2981 -7.1650 3.3277
391 1.2074 1.5406 0.1266 -0.1808 0.2359 8.3353 -7.2110 3.2761
392 1.2075 1.5430 0.1284 -0.1809 0.2462 8.0149 -7.4090 3.4132
393 1.2031 1.5407 0.1248 -0.1988 0.2372 7.3458 -7.4340 3.3994
394 1.1981 1.5388 0.1284 -0.2193 0.2301 8.0518 -7.4610 3.3428
395 1.1912 1.5366 0.1266 -0.2478 0.2217 7.3404 -7.5720 3.4706
396 1.1809 1.5392 0.1272 -0.2897 0.2324 8.2939 -7.7890 3.5155
397 1.1710 1.5386 0.1260 -0.3300 0.2305 8.2755 -8.0290 3.6214
398 1.1624 1.5362 0.1290 -0.3650 0.2211 8.1125 -8.1120 3.7750
399 1.1527 1.5330 0.1272 -0.4048 0.2087 8.4695 -8.0810 3.6241
400 1.1488 1.5327 0.1266 -0.4218 0.2079 7.5986 -8.1890 3.7612
401 1.2585 1.5338 0.1284 0.0175 0.2125 8.1082 -8.1220 3.6308
402 1.2562 1.5369 0.1272 0.0084 0.2253 8.3882 -8.2260 3.7332
403 1.2462 1.5383 0.1266 -0.0318 0.2314 8.1184 -8.1440 3.6415
404 1.2368 1.5347 0.1278 -0.0696 0.2171 8.3528 -8.1260 3.7251
405 1.2364 1.5373 0.1266 -0.0714 0.2278 8.3346 -8.5080 3.9503
406 1.2361 1.5462 0.1278 -0.0726 0.2641 8.3895 -8.4710 3.8226
407 1.2265 1.5502 0.1272 -0.1113 0.2804 8.2992 -7.8070 3.3295
408 1.2213 1.5493 0.1290 -0.1324 0.2776 8.3414 -7.6080 3.4688
409 1.2261 1.5505 0.1266 -0.1135 0.2827 8.5886 -7.7020 3.5418
410 1.2293 1.5573 0.1195 -0.1010 0.3104 9.5165 -7.8600 3.5266
411 1.3057 1.4407 0.1278 0.2054 -0.1564 8.2961 -7.5870 3.4434
412 1.2931 1.4382 0.1296 0.1553 -0.1671 8.2167 -6.8610 2.9467
413 1.2724 1.4289 0.1254 0.0729 -0.2049 8.5021 0.0000 0.0668
414 1.2513 1.4118 0.1290 -0.0116 -0.2742 7.5546 -6.0590 2.7634
415 1.2317 1.3901 0.1230 -0.0902 -0.3620 8.5867 -5.5560 2.3713
416 1.2206 1.3588 0.1284 -0.1349 -0.4889 8.4973 -5.2830 2.4563
417 1.2186 1.3222 0.1236 -0.1431 -0.6370 8.6122 -5.2190 2.3895
418 1.2266 1.2848 0.1290 -0.1113 -0.7888 8.6437 -5.3380 2.4754
419 1.2432 1.2480 0.1242 -0.0451 -0.9383 8.5775 -5.6780 2.7327
420 1.2572 1.2292 0.1248 0.0108 -1.0163 8.9360 -5.8200 2.6623
421 1.2693 1.5309 0.1254 0.0597 0.1907 8.6390 -6.4990 2.9592
422 1.2750 1.5443 0.1242 0.0826 0.2448 8.7412 -6.7990 3.0927
423 1.2907 1.5671 0.1254 0.1457 0.3365 8.4979 -7.1170 3.1586
424 1.3159 1.5912 0.1230 0.2474 0.4342 9.1009 -6.9700 3.0807
425 1.3511 1.6054 0.1272 0.3891 0.4920 8.4983 -6.3530 2.8177
426 1.3881 1.6096 0.1290 0.5385 0.5098 8.5388 -5.6070 2.4581
427 1.4187 1.6069 0.1260 0.6628 0.4999 8.6191 -5.4830 2.6156
428 1.4394 1.6117 0.1272 0.7472 0.5205 8.7930 -5.7660 2.6597
429 1.4557 1.6258 0.1260 0.8147 0.5779 8.6562 -5.9510 2.7073
430 1.4751 1.6410 0.1272 0.8943 0.6403 8.5864 -5.7420 2.3241
431 1.2492 1.5430 0.1236 -0.0092 0.2486 8.7942 -4.9820 2.1915
432 1.2392 1.5312 0.1266 -0.0493 0.2018 8.6925 -4.1460 1.8328
433 1.2213 1.5244 0.1236 -0.1213 0.1748 8.7730 -4.3510 2.0985
434 1.2051 1.5275 0.1260 -0.1867 0.1876 8.8622 -4.8620 2.3820
435 1.1984 1.5353 0.1242 -0.2137 0.2190 8.3875 -4.8740 2.1924
436 1.1994 1.5346 0.1284 -0.2105 0.2165 8.9120 -4.4220 1.8906
437 1.1930 1.5271 0.1242 -0.2363 0.1866 9.1329 -4.1770 1.9605
438 1.1800 1.5253 0.1260 -0.2893 0.1798 8.9369 -4.6750 2.2177
439 1.1751 1.5335 0.1254 -0.3096 0.2130 9.1471 -5.1520 2.3722
440 1.1781 1.5423 0.1260 -0.2983 0.2487 9.0901 -4.7630 2.0397
441 1.2390 1.5310 0.1254 -0.0548 0.2037 8.0593 -4.0830 1.7647
442 1.2262 1.5271 0.1266 -0.1062 0.1883 8.7529 -4.2480 2.0446
443 1.2155 1.5327 0.1284 -0.1495 0.2110 8.6740 -4.6320 2.0953
444 1.2138 1.5361 0.1272 -0.1563 0.2251 8.7780 -4.0690 1.8136
445 1.2124 1.5295 0.1254 -0.1623 0.1991 9.3730 -3.2960 -25.2696
446 1.2012 1.5249 0.1290 -0.2076 0.1807 8.8975 -3.5170 4.7626
447 1.1909 1.5300 0.1254 -0.2496 0.2015 9.1095 3.8060 -1.6424
448 1.1903 1.5394 0.1284 -0.2525 0.2394 9.0075 -3.9930 1.8109
449 1.1937 1.5422 0.1248 -0.2397 0.2511 9.4585 -3.3710 1.5021
450 1.1912 1.5415 0.1302 -0.2503 0.2487 8.9389 -3.2480 1.5577
451 1.2378 1.5230 0.1260 -0.0638 0.1750 8.9815 -3.6240 1.7126
452 1.2478 1.5306 0.1266 -0.0238 0.2057 8.8686 -3.6120 1.7304
453 1.2598 1.5298 0.1230 0.0243 0.2027 9.3767 -2.9820 1.2551
454 1.2618 1.5310 0.1272 0.0324 0.2078 9.3136 -2.8640 1.3948
455 1.2618 1.5422 0.1266 0.0325 0.2529 9.2236 -3.4590 1.6641
456 1.2718 1.5551 0.1248 0.0727 0.3052 9.4573 -3.1960 1.3111
457 1.2798 1.5597 0.1272 0.1050 0.3243 9.0691 -2.5900 1.2043
458 1.2802 1.5703 0.1296 0.1069 0.3674 9.2187 -3.1710 1.5938
459 1.2882 1.5862 0.1143 0.1393 0.4320 10.4756 -3.2040 1.4464
460 1.2964 1.5915 0.1242 0.1724 0.4541 9.4770 -2.7610 1.0748
461 1.2250 1.5198 0.1230 -0.1133 0.1674 9.8746 -2.6840 1.3281
462 1.2230 1.5298 0.1278 -0.1216 0.2077 9.1391 -3.0110 1.3027
463 1.2310 1.5378 0.1266 -0.0898 0.2401 9.0045 -2.5650 1.1175
464 1.2429 1.5359 0.1260 -0.0421 0.2327 9.3935 -1.7920 0.7895
465 1.2460 1.5250 0.1242 -0.0299 0.1893 9.5077 -1.5050 0.7535
466 1.2438 1.5182 0.1260 -0.0386 0.1626 9.3114 -2.2700 1.2177
467 1.2509 1.5215 0.1278 -0.0104 0.1758 9.1734 -2.5250 1.2742
468 1.2679 1.5288 0.1266 0.0580 0.2053 9.3364 -2.2170 1.0535
469 1.2840 1.5281 0.1160 0.1225 0.2030 10.5615 -1.5860 0.7895
470 1.2950 1.5287 0.1248 0.1671 0.2056 9.5263 -1.7230 0.8647
471 1.2328 1.5240 0.1172 -0.0819 0.1869 10.4574 -2.4320 1.4438
472 1.2348 1.5335 0.1230 -0.0741 0.2251 9.7151 -2.5030 1.2074
473 1.2427 1.5339 0.1248 -0.0427 0.2273 9.4607 -1.7200 0.6658
474 1.2423 1.5260 0.1236 -0.0442 0.1957 9.9211 -1.4610 0.6965
475 1.2348 1.5224 0.1254 -0.0744 0.1817 9.4862 -2.2610 1.2893
476 1.2346 1.5264 0.1248 -0.0752 0.1981 9.9364 -2.4860 1.1251
477 1.2430 1.5274 0.1248 -0.0419 0.2022 9.6551 -2.0540 0.8171
478 1.2451 1.5186 0.1242 -0.0333 0.1672 9.7457 -1.4950 0.6983
479 1.2382 1.5127 0.1248 -0.0610 0.1437 9.6337 -1.8390 0.9555
480 1.2337 1.5139 0.1266 -0.0793 0.1488 9.7888 -2.3020 1.2800
481 1.2390 1.5148 0.1230 -0.0582 0.1523 9.2865 -2.2360 0.9738
482 1.2482 1.5064 0.1242 -0.0215 0.1191 9.9895 -1.6480 0.8011
483 1.2482 1.4932 0.1254 -0.0215 0.0659 9.6264 -1.2880 0.5955
484 1.2400 1.4883 0.1290 -0.0542 0.0461 9.5709 -1.6850 0.8532
485 1.2380 1.4929 0.1242 -0.0626 0.0646 9.8069 -2.0440 0.9498
486 1.2459 1.4988 0.1284 -0.0309 0.0883 9.5605 -1.5820 0.6533
487 1.2539 1.4947 0.1230 0.0010 0.0719 9.9273 -0.7350 0.2399
488 1.2524 1.4831 0.1266 -0.0050 0.0251 8.9306 -0.5510 0.3538
489 1.2409 1.4790 0.1254 -0.0511 0.0085 9.8580 -0.9200 0.5901
490 1.2325 1.4829 0.1266 -0.0849 0.0241 9.9689 -1.1560 0.5901
491 1.2340 1.5130 0.1266 -0.0789 0.1446 9.8033 -1.4590 0.7161
492 1.2464 1.5150 0.1290 -0.0293 0.1527 9.7723 -0.7520 0.2884
493 1.2590 1.5070 0.1172 0.0212 0.1208 11.2118 0.0690 -0.0798
494 1.2622 1.4906 0.1278 0.0341 0.0551 9.8938 0.4000 -0.0840
495 1.2554 1.4754 0.1172 0.0069 -0.0061 10.8883 0.0090 0.1675
496 1.2466 1.4702 0.1242 -0.0283 -0.0272 10.0634 -0.6500 0.5125
497 1.2438 1.4749 0.1272 -0.0396 -0.0084 9.6042 -1.4010 0.8665
498 1.2510 1.4842 0.1266 -0.0108 0.0283 10.1140 -1.4550 0.6164
499 1.2668 1.4870 0.1272 0.0525 0.0396 9.6420 -3.9840 4.4274
500 1.2759 1.4858 0.1272 0.0893 0.0347 10.1323 -0.3630 -0.0049
501 1.2360 1.5145 0.1278 -0.0705 0.1495 9.8938 0.0850 0.0287
502 1.2220 1.5101 0.1242 -0.1268 0.1322 10.3443 0.3370 -0.0590
503 1.1980 1.5088 0.1266 -0.2233 0.1271 8.9043 0.0090 0.1675
504 1.1651 1.5170 0.1290 -0.3558 0.1599 9.7447 -0.1990 0.2364
505 1.1323 1.5352 0.1260 -0.4882 0.2330 9.4173 -0.7040 0.4433
506 1.1006 1.5633 0.1236 -0.6165 0.3463 10.4305 -1.2430 0.6289
507 1.0766 1.6015 0.1260 -0.7143 0.5000 9.3389 -1.6880 0.8456
508 1.0593 1.6497 0.1296 -0.7851 0.6942 9.9875 -2.1170 1.1024
509 1.0521 1.7079 0.1260 -0.8160 0.9290 10.3200 -2.4110 1.2057
510 1.0526 1.7476 0.1260 -0.8161 1.0903 10.6338 -2.4190 1.1523
511 1.1767 1.5223 0.1278 -0.3204 0.1896 9.4168 -1.9490 0.7953
512 1.1869 1.5127 0.1266 -0.2803 0.1511 10.4125 -0.9210 0.2773
513 1.1908 1.4930 0.1254 -0.2652 0.0724 10.3339 -0.2170 0.0147
514 1.1851 1.4694 0.1296 -0.2886 -0.0225 10.0863 -0.2180 0.1825
515 1.1694 1.4540 0.1278 -0.3522 -0.0845 10.2019 -0.6390 0.5158
516 1.1462 1.4477 0.1284 -0.4462 -0.1103 10.0876 -1.1620 0.6391
517 1.1196 1.4514 0.1284 -0.5539 -0.0961 10.1659 -1.5750 0.7980
518 1.1016 1.4650 0.1278 -0.6271 -0.0417 9.4867 -2.0800 1.0699
519 1.0937 1.4887 0.1272 -0.6603 0.0530 10.3478 -2.2490 1.0365
520 1.0938 1.5146 0.1284 -0.6616 0.1567 10.2774 -2.4460 1.2150
521 1.2580 1.5170 0.1278 -0.0047 0.1664 10.3045 -2.8100 1.3806
522 1.2720 1.5310 0.1272 0.0515 0.2227 10.6980 -3.2450 1.6854
523 1.2960 1.5545 0.1272 0.1480 0.3171 10.3535 -3.1250 1.4576
524 1.3300 1.5737 0.1260 0.2848 0.3950 10.6965 -2.8300 1.3263
525 1.3629 1.5830 0.1254 0.4177 0.4329 10.3673 -1.9370 0.7045
526 1.3859 1.5847 0.1254 0.5107 0.4406 10.8663 -1.4320 0.7041
527 1.4050 1.5940 0.1284 0.5887 0.4787 10.2225 -1.8820 0.9311
528 1.4334 1.6125 0.1296 0.7043 0.5537 10.2757 -1.8250 0.8060
529 1.4695 1.6258 0.1260 0.8508 0.6082 10.3104 -1.1420 0.4219
530 1.4938 1.6340 0.1284 0.9506 0.6424 10.4546 -1.4250 0.9351
531 1.2430 1.5142 0.1183 -0.0528 0.1632 11.7999 -1.3040 0.5768
532 1.2486 1.5094 0.1296 -0.0304 0.1441 9.5085 -0.9460 0.4905
533 1.2471 1.5114 0.1284 -0.0363 0.1523 10.5637 -1.1740 0.5893
534 1.2489 1.5226 0.1278 -0.0293 0.1973 10.8363 -1.2000 0.4032
535 1.2589 1.5286 0.1284 0.0111 0.2216 10.2991 -0.5360 0.2368
536 1.2632 1.5294 0.1278 0.0281 0.2251 10.8727 -0.3780 0.2546
537 1.2584 1.5394 0.1284 0.0089 0.2655 9.7450 -0.7710 0.5977
538 1.2587 1.5594 0.1242 0.0106 0.3461 11.0983 -1.2080 0.7005
539 1.2691 1.5868 0.1248 0.0523 0.4564 11.1057 -1.3000 0.6453
540 1.2753 1.5960 0.1315 0.0772 0.4944 10.2541 -0.7460 0.2635
541 1.2861 1.6202 0.1284 0.1207 0.5924 9.8663 -0.8820 0.5421
542 1.3045 1.6544 0.1272 0.1949 0.7307 10.6816 -1.2030 0.5772
543 1.3308 1.6870 0.1272 0.3008 0.8630 10.7602 -0.7080 0.3489
544 1.3537 1.7179 0.1236 0.3934 0.9888 11.0898 -0.4020 0.2501
545 1.3745 1.7579 0.1266 0.4782 1.1514 10.6307 -1.0390 0.5844
546 1.4050 1.8032 0.1260 0.6017 1.3353 11.0209 -0.9260 0.4112
547 1.4318 1.8423 0.1236 0.7107 1.4955 10.7300 -0.6250 0.3120
548 1.4485 1.8794 0.1272 0.7792 1.6474 10.7901 -1.0120 0.5501
549 1.4772 1.9295 0.1260 0.8964 1.8522 10.9529 -0.7760 0.2973
550 1.4994 1.9654 0.1272 0.9878 2.0000 10.9436 -0.2560 0.1602
551 1.2227 1.5250 0.1230 -0.1193 0.2344 11.4601 -0.5380 0.3463
552 1.2323 1.5382 0.1248 -0.0811 0.2876 10.9054 0.0730 -0.1795
553 1.2519 1.5471 0.1230 -0.0027 0.3238 11.1383 0.5700 -0.2584
554 1.2770 1.5471 0.1260 0.0981 0.3241 10.0970 1.1550 -0.5505
555 1.2987 1.5392 0.1248 0.1852 0.2929 10.7850 1.4980 -0.5809
556 1.3111 1.5288 0.1266 0.2356 0.2515 10.1208 1.4090 -0.5470
557 1.3136 1.5210 0.1236 0.2461 0.2206 11.4429 1.3740 -0.5303
558 1.3061 1.5125 0.1296 0.2165 0.1869 10.8605 1.5970 -0.7958
559 1.2885 1.5072 0.1178 0.1468 0.1655 12.3647 1.5230 -0.6033
560 1.2673 1.5088 0.1290 0.0620 0.1721 10.2517 1.5830 -0.7672
561 1.2340 1.5190 0.1260 -0.0713 0.2130 10.9243 1.7010 -0.7130
562 1.2208 1.5224 0.1260 -0.1245 0.2268 10.8840 1.8960 -0.9038
563 1.2012 1.5264 0.1166 -0.2034 0.2433 12.0907 1.9980 -0.9589
564 1.1736 1.5317 0.1272 -0.3144 0.2646 11.1966 2.1920 -1.0662
565 1.1456 1.5310 0.1254 -0.4276 0.2622 11.1311 2.4430 -1.1483
566 1.1103 1.5221 0.1254 -0.5702 0.2270 11.1498 2.8090 -1.4024
567 1.0752 1.5089 0.1272 -0.7121 0.1740 11.2520 3.0560 -1.4740
568 1.0477 1.4909 0.1284 -0.8243 0.1021 11.3674 3.0560 -1.4064
569 1.0300 1.4821 0.1272 -0.8973 0.0669 10.4574 2.6910 -1.1380
570 1.0180 1.4806 0.1266 -0.9476 0.0605 11.3147 2.5030 -1.1807
571 1.2388 1.5250 0.1278 -0.0645 0.2383 11.1847 2.7060 -1.3370
572 1.2396 1.5170 0.1284 -0.0614 0.2065 11.3083 2.7990 -1.3178
573 1.2496 1.5150 0.1183 -0.0214 0.1987 12.2346 2.5050 -1.1816
574 1.2667 1.5193 0.1278 0.0473 0.2160 11.3569 2.0480 -0.8910
575 1.2769 1.5220 0.1278 0.0880 0.2271 10.4841 2.2320 -1.1536
576 1.2845 1.5183 0.1278 0.1191 0.2126 11.2133 2.5220 -1.1752
577 1.3011 1.5179 0.1278 0.1858 0.2112 11.3519 2.6640 -1.1287
578 1.3263 1.5275 0.1178 0.2875 0.2498 12.6372 2.3090 -1.0098
579 1.3568 1.5439 0.1254 0.4104 0.3159 11.3774 1.9610 -0.8781
580 1.3780 1.5602 0.1302 0.4967 0.3816 11.1762 1.9490 -0.9093
581 1.2396 1.5172 0.1284 -0.0571 0.2096 11.4094 2.5960 -1.3014
582 1.2515 1.5125 0.1284 -0.0095 0.1910 11.3068 2.5652 -1.1329
583 1.2686 1.5178 0.1272 0.0591 0.2123 11.2900 2.3310 -0.9894
584 1.2781 1.5230 0.1284 0.0974 0.2333 10.6315 2.5550 -0.6262
585 1.2800 1.5195 0.1260 0.1054 0.2196 11.5310 3.1250 -1.5777
586 1.2892 1.5178 0.1284 0.1426 0.2129 11.2005 2.9920 -1.2195
587 1.3008 1.5260 0.1260 0.1894 0.2459 11.8096 2.8940 -1.3548
588 1.3073 1.5378 0.1290 0.2160 0.2936 11.4656 2.9270 -1.4656
589 1.3098 1.5452 0.1183 0.2266 0.3239 12.4060 3.1830 -1.4780
590 1.3174 1.5545 0.1284 0.2574 0.3615 11.7540 2.7890 -1.1442
591 1.2540 1.5324 0.1272 0.0040 0.2734 11.6104 2.5510 -1.0659
592 1.2402 1.5377 0.1260 -0.0511 0.2949 11.8940 2.7380 -1.3743
593 1.2281 1.5363 0.1284 -0.0998 0.2897 11.3225 3.1100 -1.4206
594 1.2203 1.5419 0.1290 -0.1314 0.3125 11.3876 2.5610 -1.1220
595 1.2101 1.5502 0.1284 -0.1725 0.3462 11.4791 2.5370 -1.2413
596 1.2035 1.5506 0.1272 -0.1996 0.3483 12.0051 2.8310 -1.3000
597 1.1975 1.5573 0.1284 -0.2240 0.3758 11.5151 2.3670 -1.0846
598 1.1884 1.5651 0.1278 -0.2611 0.4078 11.9078 2.5520 -1.3263
599 1.1810 1.5676 0.1254 -0.2914 0.4182 10.9667 2.7930 -1.3427
600 1.1726 1.5766 0.1284 -0.3257 0.4551 11.6264 2.3300 -1.1037
601 1.2323 1.5280 0.1242 -0.0872 0.2609 11.7276 2.3930 -1.2021
602 1.2328 1.5207 0.1284 -0.0851 0.2318 11.6595 2.5720 -1.1981
603 1.2329 1.5186 0.1248 -0.0850 0.2238 11.9307 2.3460 -1.0334
604 1.2310 1.5166 0.1296 -0.0929 0.2158 11.8531 2.4420 -1.1278
605 1.2356 1.5191 0.1260 -0.0745 0.2259 11.5265 2.0620 -0.9133
606 1.2350 1.5186 0.1290 -0.0769 0.2243 11.9017 2.3700 -1.1367
607 1.2387 1.5203 0.1207 -0.0625 0.2312 12.6196 2.1680 -1.0254
608 1.2418 1.5249 0.1290 -0.0499 0.2500 11.8770 2.3410 -1.1834
609 1.2470 1.5346 0.1272 -0.0291 0.2892 12.0523 2.2620 -1.0744
610 1.2490 1.5443 0.1284 -0.0213 0.3285 12.1046 2.4170 -3.0865
611 1.2572 1.5278 0.1266 0.0116 0.2625 12.0331 2.1190 -0.9262
612 1.2588 1.5324 0.1278 0.0181 0.2814 12.2670 2.0840 -0.9720
613 1.2656 1.5406 0.1201 0.0454 0.3143 12.7883 2.0550 -1.0686
614 1.2720 1.5518 0.1302 0.0714 0.3599 11.8901 2.0160 -0.9400
615 1.2765 1.5667 0.1272 0.0894 0.4200 11.9697 1.8150 -0.6947
616 1.2810 1.5821 0.1290 0.1080 0.4824 12.1334 1.9290 -0.9822
617 1.2897 1.5980 0.1278 0.1431 0.5472 11.8736 1.7770 -0.9030
618 1.2994 1.6187 0.1284 0.1824 0.6310 12.1206 1.7680 -0.7700
619 1.3083 1.6381 0.1266 0.2186 0.7100 11.8167 1.7710 -0.7713
620 1.3221 1.6550 0.1278 0.2743 0.7793 12.0490 1.6400 -0.7851
621 1.2382 1.5301 0.1278 -0.0613 0.2801 12.0036 1.4910 -0.7125
622 1.2370 1.5294 0.1266 -0.0662 0.2774 12.1663 1.4650 -0.7188
623 1.2385 1.5322 0.1272 -0.0602 0.2889 12.0530 1.4520 -0.6845
624 1.2424 1.5370 0.1260 -0.0448 0.3084 12.5775 1.3720 -0.5919
625 1.2414 1.5427 0.1248 -0.0489 0.3316 12.0798 1.3180 -0.5634
626 1.2391 1.5544 0.1290 -0.0581 0.3790 12.0710 1.6310 -0.7384
627 1.2405 1.5669 0.1236 -0.0528 0.4299 12.1416 1.5500 -0.7548
628 1.2460 1.5777 0.1248 -0.0306 0.4739 11.5511 1.6080 -0.8127
629 1.2493 1.5842 0.1230 -0.0175 0.5005 12.7226 1.7670 -0.8888
630 1.2515 1.5946 0.1284 -0.0088 0.5433 12.1546 1.9390 -0.9342
631 1.2516 1.5124 0.1178 -0.0083 0.2145 13.1493 1.9400 -0.7886
632 1.2465 1.5158 0.1260 -0.0286 0.2281 12.6584 1.9690 -1.0357
633 1.2366 1.5195 0.1266 -0.0686 0.2432 11.4791 2.0320 -1.0112
634 1.2253 1.5247 0.1284 -0.1141 0.2641 12.3461 2.1680 -1.0842
635 1.2143 1.5332 0.1260 -0.1584 0.2984 12.4725 2.3710 -1.1469
636 1.2037 1.5443 0.1172 -0.2011 0.3435 13.4904 2.3840 -1.1020
637 1.1919 1.5606 0.1230 -0.2488 0.4090 12.8681 2.3220 -1.0379
638 1.1766 1.5796 0.1272 -0.3110 0.4859 12.4448 2.4390 -1.2484
639 1.1587 1.5970 0.1254 -0.3835 0.5567 11.9639 2.3130 -1.0965
640 1.1333 1.6205 0.1254 -0.4862 0.6516 12.7546 2.2110 -1.0018
641 1.2607 1.5044 0.1248 0.0237 0.1874 12.6609 2.2010 -1.0081
642 1.2652 1.5028 0.1254 0.0415 0.1811 11.7257 2.3500 -1.2034
643 1.2711 1.5044 0.1242 0.0656 0.1876 12.7103 2.4040 -1.1429
644 1.2826 1.5049 0.1260 0.1120 0.1894 11.6916 2.6100 -1.2577
645 1.3013 1.5065 0.1248 0.1874 0.1959 12.6768 2.4220 -1.1198
646 1.3197 1.5093 0.1260 0.2613 0.2072 12.6715 2.4960 -1.1598
647 1.3415 1.5117 0.1213 0.3498 0.2170 13.0217 2.3450 -1.0615
648 1.3652 1.5118 0.1242 0.4454 0.2176 13.1055 2.3710 -1.0721
649 1.3818 1.5140 0.1224 0.5132 0.2263 12.8547 2.4090 -1.1763
650 1.4072 1.5173 0.1272 0.6162 0.2398 12.6597 2.6240 -1.2889
651 1.2510 1.5055 0.1172 -0.0084 0.1926 13.6388 2.2550 -0.9324
652 1.2534 1.5037 0.1248 0.0013 0.1854 12.7419 2.1370 -1.0178
653 1.2591 1.4983 0.1172 0.0243 0.1637 13.0297 2.2830 -1.0828
654 1.2661 1.4980 0.1166 0.0522 0.1628 14.0653 2.1700 -0.8777
655 1.2713 1.5001 0.1248 0.0732 0.1712 12.8589 2.7000 -1.2684
656 1.2722 1.5057 0.1183 0.0771 0.1934 13.5351 2.0610 -0.9404
657 1.2709 1.5148 0.1248 0.0722 0.2300 12.8968 2.0670 -1.0757
658 1.2710 1.5261 0.1254 0.0726 0.2755 12.8435 1.9830 -0.9493
659 1.2700 1.5327 0.1242 0.0691 0.3022 12.2951 1.8220 -0.7797
660 1.2677 1.5409 0.1284 0.0600 0.3355 12.8173 1.8890 -0.9538
661 1.2636 1.5067 0.1272 0.0438 0.1989 12.7960 1.8470 -0.8567
662 1.2674 1.4999 0.1284 0.0591 0.1715 12.5496 1.7330 -0.7330
663 1.2660 1.4974 0.1260 0.0535 0.1617 12.7975 1.9060 -0.8590
664 1.2626 1.4906 0.1278 0.0400 0.1342 12.0687 2.1070 -1.0588
665 1.2587 1.4810 0.1248 0.0247 0.0956 12.9187 2.1100 -0.9462
666 1.2489 1.4775 0.1266 -0.0146 0.0815 13.1415 2.3420 -1.1678
667 1.2397 1.4776 0.1248 -0.0516 0.0818 13.1945 2.4650 -1.1968
668 1.2308 1.4787 0.1272 -0.0871 0.0857 13.1059 2.3260 -1.0138
669 1.2238 1.4806 0.1278 -0.1156 0.0932 12.9839 2.3070 -1.0374
670 1.2160 1.4784 0.1278 -0.1473 0.0844 13.1835 2.2650 -1.0517
671 1.2540 1.5057 0.1272 0.0050 0.1935 13.0282 2.1610 -1.0899
672 1.2680 1.4963 0.1278 0.0611 0.1559 13.0948 2.0000 -0.9640
673 1.2902 1.4814 0.1266 0.1504 0.0962 13.1975 1.6680 -0.8047
674 1.3220 1.4608 0.1278 0.2783 0.0133 12.9508 1.5880 -0.8002
675 1.3630 1.4360 0.1278 0.4434 -0.0866 12.1432 1.5290 -0.8087
676 1.4028 1.4104 0.1266 0.6040 -0.1900 13.1329 1.3670 -0.6084
677 1.4438 1.3820 0.1284 0.7699 -0.3048 12.9944 1.5880 -0.9346
678 1.4849 1.3553 0.1272 0.9369 -0.4128 13.0977 1.4860 -0.7237
679 1.5149 1.3364 0.1260 1.0593 -0.4902 13.3167 1.5160 -0.7076
680 1.5515 1.3172 0.1290 1.2089 -0.5687 13.1544 1.3920 -0.7789
681 1.2374 1.5015 0.1290 -0.0475 0.1686 13.3514 1.1980 -0.5118
682 1.2387 1.5006 0.1260 -0.0426 0.1647 13.3070 10.2640 -4.6348
683 1.2382 1.5050 0.1242 -0.0448 0.1824 12.7147 1.1880 -0.5679
684 1.2344 1.5113 0.1290 -0.0601 0.2077 12.9226 1.4600 -0.8723
685 1.2273 1.5203 0.1272 -0.0885 0.2439 13.2793 1.4460 -0.7406
686 1.2223 1.5315 0.1278 -0.1089 0.2891 13.4066 1.1610 -0.6084
687 1.2194 1.5450 0.1266 -0.1209 0.3435 13.2680 1.0850 -0.5942
688 1.2127 1.5631 0.1308 -0.1481 0.4165 12.2435 1.0900 -0.6062
689 1.2107 1.5746 0.1213 -0.1563 0.4633 14.4843 0.8750 -0.3040
690 1.2016 1.5970 0.1284 -0.1932 0.5538 13.2783 1.1460 -0.6916
691 1.2442 1.5090 0.1260 -0.0230 0.2020 13.6423 0.9290 -0.3244
692 1.2422 1.5174 0.1278 -0.0310 0.2358 13.3839 0.9880 -0.5376
693 1.2414 1.5294 0.1254 -0.0343 0.2840 13.6906 0.5560 -0.1451
694 1.2405 1.5386 0.1290 -0.0382 0.3212 13.2150 0.3360 -0.2172
695 1.2423 1.5506 0.1272 -0.0309 0.3697 13.2709 0.3010 -0.1509
696 1.2452 1.5635 0.1284 -0.0195 0.4218 13.3848 0.5130 -0.4197
697 1.2486 1.5749 0.1266 -0.0059 0.4682 13.4397 0.3870 -0.2612
698 1.2524 1.5858 0.1284 0.0094 0.5127 13.4815 0.5370 -0.3903
699 1.2571 1.5973 0.1178 0.0282 0.5598 14.7147 0.3040 -0.0329
700 1.2592 1.6156 0.1284 0.0367 0.6339 13.5144 0.1500 -0.0676
701 1.2422 1.5070 0.1266 -0.0311 0.1998 13.3858 0.2550 -0.2399
702 1.2446 1.5114 0.1260 -0.0218 0.2175 13.5961 0.1510 -0.1429
703 1.2499 1.5090 0.1260 -0.0005 0.2080 13.6745 0.1280 -0.2047
704 1.2536 1.5078 0.1183 0.0144 0.2033 14.5532 0.1500 -0.1860
705 1.2540 1.5118 0.1260 0.0159 0.2194 13.6517 -0.0770 0.0175
706 1.2544 1.5145 0.1272 0.0177 0.2302 13.8271 -0.1140 -0.1749
707 1.2614 1.5203 0.1248 0.0457 0.2538 13.8323 -0.1970 -0.0386
708 1.2656 1.5242 0.1183 0.0625 0.2694 14.8082 -0.3060 0.0984
709 1.2742 1.5280 0.1254 0.0972 0.2852 13.9746 -0.3240 0.1080
710 1.2851 1.5371 0.1278 0.1414 0.3217 13.6440 -0.4220 0.0081
711 1.2422 1.4992 0.1236 -0.0304 0.1702 14.2220 0.0000 -22.2525
712 1.2368 1.4988 0.1272 -0.0521 0.1686 13.0961 -0.4170 0.1519
713 1.2295 1.4932 0.1260 -0.0815 0.1461 13.6133 -0.3670 0.1622
714 1.2218 1.4893 0.1278 -0.1125 0.1305 13.8348 -0.3230 0.1061
715 1.2134 1.4897 0.1160 -0.1464 0.1319 14.8478 0.0330 -0.0698
716 1.2053 1.4951 0.1290 -0.1795 0.1534 13.7874 -0.1720 0.0350
717 1.2012 1.5040 0.1178 -0.1962 0.1890 14.8560 -0.0930 0.0498
718 1.1984 1.5092 0.1278 -0.2081 0.2102 14.0301 -0.2410 0.1229
719 1.1955 1.5095 0.1278 -0.2203 0.2112 13.6823 -0.0490 -0.1005
720 1.1922 1.5168 0.1284 -0.2341 0.2405 13.6880 -0.2520 0.0980
721 1.2450 1.5036 0.1272 -0.0228 0.1879 13.7876 -0.2640 0.1406
722 1.2430 1.5024 0.1272 -0.0307 0.1831 13.9262 -0.4340 0.1646
723 1.2463 1.5099 0.1254 -0.0179 0.2133 14.1005 -0.4330 0.2493
724 1.2571 1.5206 0.1272 0.0255 0.2561 14.0232 -0.6020 0.2354
725 1.2659 1.5280 0.1272 0.0609 0.2861 14.1018 -0.6050 0.2711
726 1.2655 1.5299 0.1278 0.0596 0.2942 13.9870 -0.3330 0.0199
727 1.2691 1.5351 0.1278 0.0740 0.3150 14.1260 -0.3080 0.2218
728 1.2818 1.5478 0.1272 0.1252 0.3664 14.0957 -0.4300 0.2275
729 1.2923 1.5551 0.1278 0.1678 0.3962 13.1492 -0.3450 0.1297
730 1.3004 1.5646 0.1260 0.2005 0.4347 14.4547 -0.3160 0.1706
731 1.2500 1.4818 0.1272 -0.0011 0.1033 14.0838 -0.3610 0.2032
732 1.2553 1.4810 0.1272 0.0201 0.1002 14.1624 -0.6460 0.2786
733 1.2556 1.4756 0.1189 0.0214 0.0782 15.0555 -0.5010 0.1879
734 1.2523 1.4688 0.1266 0.0083 0.0508 14.2116 -0.5050 0.3414
735 1.2473 1.4665 0.1296 -0.0116 0.0410 13.8068 -0.8150 0.5333
736 1.2408 1.4693 0.1272 -0.0378 0.0521 14.2362 -1.0870 0.5752
737 1.2243 1.4711 0.1290 -0.1042 0.0591 13.9162 -1.4100 0.7557
738 1.2022 1.4700 0.1260 -0.1930 0.0542 14.5984 -1.4770 0.7820
739 1.1894 1.4688 0.1183 -0.2450 0.0493 15.1680 -1.7290 1.2003
740 1.1712 1.4725 0.1278 -0.3183 0.0637 14.2306 -2.0630 0.9849
741 1.1586 1.6129 0.1284 -0.3697 0.6263 13.9323 -2.4380 1.2853
742 1.1559 1.6126 0.1242 -0.3815 0.6265 14.2762 -2.1380 0.8242
743 1.1479 1.6088 0.1266 -0.4145 0.6122 14.2464 -2.1570 1.1104
744 1.1354 1.6038 0.1189 -0.4656 0.5933 15.3079 -2.1780 1.1100
745 1.1303 1.6007 0.1242 -0.4871 0.5817 14.6912 -2.1640 0.8278
746 1.1299 1.5993 0.1278 -0.4900 0.5771 14.4590 -1.8000 0.7530
747 1.1249 1.6007 0.1266 -0.5115 0.5837 14.2612 -11.6210 5.1872
748 1.1210 1.6071 0.1302 -0.5281 0.6105 14.0835 -1.4870 0.7900
749 1.1170 1.6097 0.1272 -0.5457 0.6220 14.2778 -1.5210 0.8024
750 1.1059 1.6174 0.1183 -0.5913 0.6542 15.3009 -1.2640 0.5643
751 1.2278 1.5089 0.1254 -0.1040 0.2200 14.7681 -1.5960 0.8946
752 1.2186 1.5084 0.1254 -0.1411 0.2181 13.5487 -2.1590 1.2003
753 1.2090 1.5019 0.1224 -0.1799 0.1921 14.8022 -2.2470 1.0944
754 1.1955 1.4933 0.1260 -0.2345 0.1579 13.6876 -2.5750 1.3276
755 1.1789 1.4876 0.1242 -0.3016 0.1349 14.3898 -2.7320 1.4295
756 1.1635 1.4825 0.1254 -0.3641 0.1141 14.6221 -2.4230 0.9894
757 1.1485 1.4832 0.1154 -0.4251 0.1167 15.6564 -2.2890 1.1389
758 1.1363 1.4898 0.1254 -0.4750 0.1433 14.6605 -2.2520 1.1215
759 1.1264 1.4968 0.1260 -0.5159 0.1712 14.4841 -2.5080 1.2008
760 1.1113 1.5042 0.1242 -0.5774 0.2006 14.6587 -2.5770 1.2804
761 1.2362 1.5178 0.1166 -0.0781 0.2554 15.5877 -2.5350 1.0721
762 1.2310 1.5190 0.1236 -0.0991 0.2604 14.5869 -2.6940 1.2515
763 1.2257 1.5183 0.1230 -0.1206 0.2575 13.9794 -2.9260 1.4108
764 1.2176 1.5253 0.1236 -0.1533 0.2858 14.7438 -2.8550 1.2564
765 1.2083 1.5310 0.1242 -0.1908 0.3090 14.3381 -3.1320 1.5390
766 1.2010 1.5403 0.1242 -0.2205 0.3466 15.0688 -3.1410 1.4878
767 1.1964 1.5495 0.1242 -0.2395 0.3841 14.9078 -3.2270 1.4869
768 1.1899 1.5572 0.1160 -0.2662 0.4152 15.8494 -3.0970 1.5047
769 1.1827 1.5627 0.1236 -0.2955 0.4380 14.7717 -2.7680 1.1954
770 1.1691 1.5704 0.1248 -0.3508 0.4693 14.8263 -3.1710 1.5466
771 1.2324 1.5100 0.1230 -0.0978 0.2280 14.8773 -3.1700 1.2613
772 1.2334 1.5232 0.1248 -0.0940 0.2810 15.0399 -32.9630 30.0000
773 1.2287 1.5384 0.1242 -0.1128 0.3422 14.8318 -2.8970 1.3543
774 1.2197 1.5553 0.1248 -0.1492 0.4103 14.1357 -3.2070 1.4941
775 1.2103 1.5734 0.1230 -0.1874 0.4835 15.0127 -3.6530 1.9952
776 1.1956 1.5892 0.1284 -0.2465 0.5475 13.9147 -3.9750 1.8243
777 1.1870 1.6019 0.1230 -0.2816 0.5995 14.9323 -4.1200 1.9707
778 1.1836 1.6180 0.1242 -0.2961 0.6648 15.1057 -4.5220 2.0927
779 1.1779 1.6314 0.1236 -0.3193 0.7201 14.9548 -4.7440 2.2876
780 1.1661 1.6525 0.1248 -0.3675 0.8060 14.2470 -5.2850 2.7278
781 1.2272 1.5128 0.1230 -0.1233 0.2472 15.1202 -5.2930 2.4438
782 1.2224 1.5060 0.1242 -0.1428 0.2200 15.1763 -5.2590 2.3869
783 1.2155 1.5018 0.1254 -0.1709 0.2032 14.9329 -5.3430 2.4420
784 1.2073 1.4991 0.1242 -0.2039 0.1926 15.0356 -5.3370 2.4803
785 1.2017 1.4993 0.1254 -0.2269 0.1933 14.0955 -5.3910 2.5408
786 1.1965 1.4959 0.1230 -0.2480 0.1796 15.2760 -4.8690 2.0771
787 1.1846 1.4902 0.1248 -0.2965 0.1568 14.2055 -4.7100 2.1852
788 1.1698 1.4831 0.1201 -0.3564 0.1281 15.6084 -4.6330 2.1634
789 1.1621 1.4777 0.1236 -0.3882 0.1062 14.9598 -4.7960 2.3659
790 1.1479 1.4702 0.1254 -0.4459 0.0759 15.1788 -4.7590 2.1803
791 1.2308 1.5189 0.1248 -0.1145 0.2709 14.1565 -4.2580 1.8345
792 1.2285 1.5210 0.1201 -0.1240 0.2796 15.6734 -3.8830 1.6748
793 1.2257 1.5234 0.1242 -0.1353 0.2895 15.0793 -3.5890 1.5893
794 1.2214 1.5219 0.1254 -0.1527 0.2836 15.1326 -3.5250 1.6481
795 1.2186 1.5165 0.1236 -0.1644 0.2621 15.3661 -3.2050 1.3383
796 1.2146 1.5123 0.1254 -0.1809 0.2453 15.3495 -3.0950 1.4033
797 1.2090 1.5123 0.1260 -0.2035 0.2457 14.9398 -3.1320 1.5310
798 1.2005 1.5194 0.1290 -0.2379 0.2744 14.3613 -3.0025 1.4818
799 1.1917 1.5235 0.1230 -0.2739 0.2911 14.5151 -3.8000 2.4712
800 1.1730 1.5315 0.1254 -0.3495 0.3231 14.3630 -3.0390 1.4131
801 1.2084 1.4934 0.1189 -0.2082 0.1707 16.0962 -2.8100 1.2426
802 1.2118 1.4870 0.1248 -0.1950 0.1450 15.4678 -3.2060 1.5817
803 1.2188 1.4762 0.1290 -0.1674 0.1016 14.8026 -3.3260 1.5755
804 1.2204 1.4658 0.1224 -0.1611 0.0596 15.6710 -3.3530 1.5564
805 1.2219 1.4578 0.1236 -0.1556 0.0272 15.4849 -3.5130 1.6703
806 1.2268 1.4491 0.1254 -0.1362 -0.0082 15.4086 -3.6430 1.7629
807 1.2358 1.4407 0.1242 -0.1004 -0.0424 15.5704 -3.8750 1.7584
808 1.2492 1.4285 0.1284 -0.0468 -0.0917 15.2640 -4.0440 1.9983
809 1.2554 1.4191 0.1236 -0.0216 -0.1301 15.8550 -4.1970 2.0531
810 1.2645 1.4026 0.1160 0.0147 -0.1970 16.7854 -4.2680 1.9689
811 1.2228 1.5052 0.1272 -0.1523 0.2133 15.3388 -4.4200 2.0544
812 1.2208 1.5096 0.1178 -0.1606 0.2309 16.3725 -4.5490 2.1857
813 1.2160 1.5181 0.1254 -0.1802 0.2653 15.5333 -4.7110 2.1082
814 1.2148 1.5290 0.1254 -0.1853 0.3090 15.7313 -5.0550 2.4581
815 1.2143 1.5370 0.1236 -0.1877 0.3415 15.7261 -5.1320 2.3099
816 1.2115 1.5432 0.1272 -0.1994 0.3668 15.4335 -5.1770 2.2872
817 1.2044 1.5501 0.1236 -0.2281 0.3946 15.6452 -5.5190 2.5649
818 1.1976 1.5565 0.1266 -0.2556 0.4208 15.4247 -5.4060 2.5084
819 1.1907 1.5642 0.1236 -0.2842 0.4522 15.6797 -5.2290 2.4616
820 1.1801 1.5747 0.1266 -0.3272 0.4950 15.7580 -5.3010 2.4420
821 1.2226 1.5086 0.1242 -0.1574 0.2308 15.8203 -5.1620 2.3134
822 1.2262 1.5098 0.1260 -0.1432 0.2357 15.5646 -5.2970 2.3780
823 1.2350 1.5091 0.1218 -0.1082 0.2331 15.9641 -5.5610 2.6121
824 1.2437 1.5090 0.1087 -0.0736 0.2327 17.6245 -5.4300 2.4336
825 1.2544 1.5111 0.1207 -0.0304 0.2413 16.2634 -5.2320 2.3410
826 1.2595 1.5154 0.1248 -0.0101 0.2587 15.6086 -5.0660 2.2974
827 1.2633 1.5175 0.1242 0.0052 0.2670 15.6993 -5.1070 2.3860
828 1.2665 1.5236 0.1230 0.0182 0.2917 15.8609 -4.9440 2.1879
829 1.2672 1.5335 0.1236 0.0211 0.3318 15.9234 -4.7850 2.1714
830 1.2660 1.5530 0.1260 0.0165 0.4101 15.8951 -4.8400 -0.4442
831 1.2050 1.5173 0.1254 -0.2279 0.2675 15.6844 -4.9070 2.2640
832 1.1982 1.5244 0.1230 -0.2556 0.2962 15.9889 0.0000 -4.2601
833 1.1934 1.5356 0.1236 -0.2754 0.3413 15.1228 -4.0000 1.1082
834 1.1906 1.5437 0.1213 -0.2872 0.3741 16.4178 -4.5960 2.1123
835 1.1906 1.5573 0.1236 -0.2878 0.4294 16.0943 -4.5480 2.2378
836 1.1878 1.5762 0.1230 -0.2996 0.5055 15.8891 -5.2260 2.6347
837 1.1830 1.5923 0.1242 -0.3195 0.5707 16.0616 -5.3030 2.4269
838 1.1770 1.6103 0.1242 -0.3442 0.6440 16.1402 -5.2720 2.4719
839 1.1741 1.6229 0.1260 -0.3566 0.6956 15.5228 -5.5510 2.5115
840 1.1698 1.6458 0.1254 -0.3747 0.7885 15.9677 -5.7640 2.7282
841 1.2156 1.5086 0.1272 -0.1917 0.2399 15.7668 -5.8480 2.6695
842 1.2164 1.5050 0.1278 -0.1887 0.2256 15.0101 -5.2840 2.3170
843 1.2187 1.4970 0.1213 -0.1799 0.1935 16.2819 -5.0950 2.2640
844 1.2259 1.4870 0.1242 -0.1513 0.1534 15.4799 -4.9230 2.2533
845 1.2343 1.4734 0.1218 -0.1179 0.0988 16.4276 -4.7460 2.0330
846 1.2447 1.4570 0.1254 -0.0764 0.0327 16.3177 -4.5610 2.0673
847 1.2537 1.4367 0.1178 -0.0403 -0.0491 16.8378 -4.2330 1.8198
848 1.2599 1.4104 0.1254 -0.0154 -0.1552 16.3557 -4.2190 1.8955
849 1.2628 1.3932 0.1242 -0.0036 -0.2252 16.3902 -4.3900 2.0989
850 1.2691 1.3629 0.1248 0.0217 -0.3478 16.5776 -4.2030 1.9738
851 1.2218 1.4906 0.1236 -0.1678 0.1631 16.3763 -4.0520 1.7713
852 1.2261 1.4926 0.1236 -0.1508 0.1710 16.5146 -3.7960 1.8301
853 1.2320 1.4968 0.1230 -0.1275 0.1879 16.7248 -3.9970 1.9302
854 1.2415 1.4976 0.1254 -0.0896 0.1911 16.1597 -3.9100 1.6583
855 1.2516 1.4962 0.1254 -0.0491 0.1851 16.1787 -3.8850 1.8065
856 1.2604 1.4975 0.1236 -0.0139 0.1904 16.2940 -3.8620 1.8648
857 1.2680 1.4968 0.1248 0.0166 0.1877 16.3479 -3.6064 1.6384
858 1.2767 1.4974 0.1242 0.0520 0.1900 16.6772 -3.6900 1.7482
859 1.2858 1.4964 0.1284 0.0888 0.1858 15.8896 -3.0000 1.4019
860 1.2969 1.4950 0.1278 0.1334 0.1805 16.4000 -3.9330 1.8715
861 1.2133 1.4936 0.1254 -0.2015 0.1747 15.6985 -4.1820 2.0010
862 1.2145 1.4884 0.1290 -0.1969 0.1537 16.1077 -4.3660 1.9520
863 1.2137 1.4796 0.1224 -0.2003 0.1183 16.6792 -4.4600 1.8942
864 1.2134 1.4696 0.1242 -0.2022 0.0780 16.4254 -4.5500 2.1327
865 1.2086 1.4576 0.1230 -0.2216 0.0296 16.6468 -4.0570 1.8474
866 1.1978 1.4460 0.1242 -0.2652 -0.0173 16.8222 -3.8870 1.7059
867 1.1827 1.4348 0.1230 -0.3266 -0.0628 16.6262 -3.6900 1.6690
868 1.1639 1.4209 0.1272 -0.4025 -0.1193 15.4436 -3.3430 1.4576
869 1.1546 1.4118 0.1254 -0.4408 -0.1563 16.3119 -3.5640 1.6832
870 1.1422 1.3974 0.1290 -0.4913 -0.2152 15.2563 -3.8990 1.9258
871 1.1748 1.4922 0.1242 -0.3617 0.1640 16.7269 -4.0030 1.8991
872 1.1704 1.4966 0.1248 -0.3801 0.1816 16.6744 -4.4620 2.1986
873 1.1616 1.5006 0.1236 -0.4161 0.1976 16.8958 -4.2530 1.9302
874 1.1486 1.5005 0.1254 -0.4692 0.1972 16.4621 -4.1200 1.8639
875 1.1355 1.4983 0.1236 -0.5229 0.1885 16.6367 -4.1590 1.9436
876 1.1190 1.4971 0.1254 -0.5898 0.1837 16.6195 -3.5690 1.4976
877 1.1062 1.4979 0.1178 -0.6425 0.1869 17.9123 -3.4990 1.5012
878 1.0899 1.5033 0.1266 -0.7094 0.2085 17.0504 -3.0780 1.3761
879 1.0716 1.5081 0.1242 -0.7844 0.2277 15.6542 -3.0100 1.3824
880 1.0497 1.5095 0.1260 -0.8741 0.2332 16.7378 -3.1190 1.4905
881 1.1864 1.5060 0.1189 -0.3279 0.2194 17.6037 -2.9330 1.4415
882 1.1849 1.5047 0.1248 -0.3346 0.2141 16.6775 -3.9000 2.3811
883 1.1845 1.5016 0.1254 -0.3369 0.2019 17.0424 0.3200 -0.0765
884 1.1821 1.4953 0.1143 -0.3471 0.1766 18.2732 -3.4870 -0.5043
885 1.1769 1.4921 0.1254 -0.3685 0.1637 16.7217 -3.6790 1.6303
886 1.1715 1.4928 0.1242 -0.3910 0.1663 16.9429 -3.9320 1.8167
887 1.1676 1.4956 0.1248 -0.4074 0.1776 16.9504 -4.0340 0.0899
888 1.1693 1.4972 0.1254 -0.4013 0.1841 16.8973 -3.7780 1.7802
889 1.1754 1.4961 0.1248 -0.3777 0.1797 16.9841 -3.5650 1.6828
890 1.1858 1.4942 0.1260 -0.3369 0.1718 17.0387 -3.2700 1.5310
891 1.1976 1.4976 0.1254 -0.2901 0.1855 17.0653 -2.7660 1.3476
892 1.2039 1.5020 0.1260 -0.2656 0.2031 17.0720 -2.4330 1.2261
893 1.2123 1.5051 0.1218 -0.2321 0.2155 17.3510 -2.2570 1.0766
894 1.2204 1.5059 0.1266 -0.2001 0.2189 16.2694 -2.4450 1.2092
895 1.2257 1.5040 0.1230 -0.1790 0.2111 17.0694 -2.4480 1.1990
896 1.2331 1.5000 0.1284 -0.1497 0.1953 16.2065 -2.5520 1.1625
897 1.2456 1.4936 0.1248 -0.0995 0.1695 17.3700 -2.8120 1.4055
898 1.2538 1.4844 0.1272 -0.0668 0.1326 17.2818 -3.1260 1.5657
899 1.2605 1.4772 0.1160 -0.0400 0.1036 18.5777 -3.0320 1.2871
900 1.2707 1.4658 0.1278 0.0009 0.0576 17.0612 -2.8450 1.0704
901 1.1648 1.4876 0.1236 -0.4234 0.1447 17.2800 -2.8870 1.3694
902 1.1700 1.4832 0.1224 -0.4034 0.1270 17.5007 -3.0680 1.5230
903 1.1770 1.4817 0.1284 -0.3762 0.1209 16.8615 -3.0910 1.3107
904 1.1831 1.4791 0.1242 -0.3524 0.1100 17.2654 -3.0460 1.3966
905 1.1895 1.4736 0.1254 -0.3274 0.0879 17.2610 -2.8490 1.4593
906 1.1955 1.4717 0.1230 -0.3040 0.0801 16.5709 -3.1370 1.7558
907 1.2051 1.4694 0.1230 -0.2661 0.0705 17.3476 -2.9450 1.3775
908 1.2190 1.4635 0.1218 -0.2109 0.0466 17.8061 -2.8150 1.2377
909 1.2298 1.4597 0.1218 -0.1677 0.0311 17.6424 -3.0530 1.4255
910 1.2462 1.4558 0.1272 -0.1020 0.0151 17.4377 -2.7680 1.2123
911 1.1469 1.5041 0.1248 -0.5005 0.2082 17.3204 -2.7970 1.3935
912 1.1559 1.5083 0.1166 -0.4654 0.2251 18.5038 -3.4100 1.7188
913 1.1613 1.5169 0.1260 -0.4445 0.2596 17.2749 -3.2670 1.4104
914 1.1688 1.5303 0.1160 -0.4156 0.3134 18.6104 -3.3270 1.4638
915 1.1742 1.5398 0.1242 -0.3947 0.3519 17.2315 -3.4650 1.5332
916 1.1755 1.5489 0.1278 -0.3902 0.3890 17.4752 -3.6820 1.6360
917 1.1772 1.5593 0.1242 -0.3842 0.4309 17.5060 -3.7000 1.4883
918 1.1769 1.5643 0.1284 -0.3861 0.4518 17.3201 -3.5250 1.4157
919 1.1724 1.5658 0.1172 -0.4049 0.4582 18.4400 -3.4510 1.5119
920 1.1625 1.5663 0.1284 -0.4454 0.4608 16.9322 -3.1560 1.4749
921 1.1682 1.4910 0.1242 -0.4233 0.1597 17.5703 -2.5910 0.9644
922 1.1622 1.4875 0.1248 -0.4481 0.1455 16.5847 -2.7810 1.4229
923 1.1519 1.4864 0.1260 -0.4903 0.1410 17.5124 -2.5760 1.1091
924 1.1412 1.4881 0.1254 -0.5341 0.1477 16.7231 -2.7400 1.2382
925 1.1342 1.4950 0.1218 -0.5636 0.1752 18.0498 -2.9680 1.5132
926 1.1285 1.5031 0.1290 -0.5874 0.2076 17.3871 -3.5810 1.6561
927 1.1211 1.5148 0.1154 -0.6181 0.2546 18.9143 -3.7340 1.8960
928 1.1166 1.5288 0.1260 -0.6376 0.3109 17.6068 -3.3130 1.4487
929 1.1187 1.5438 0.1254 -0.6305 0.3714 17.5742 -3.3600 1.4749
930 1.1190 1.5614 0.1272 -0.6307 0.4423 17.9177 -3.6980 1.7019
931 1.1396 1.5076 0.1242 -0.5493 0.2272 17.5731 -3.2500 1.3085
932 1.1424 1.5048 0.1236 -0.5392 0.2161 17.5457 -3.0400 1.3886
933 1.1473 1.4984 0.1260 -0.5207 0.1905 17.7527 -2.8400 1.4331
934 1.1468 1.4940 0.1272 -0.5238 0.1728 17.5669 -2.6760 1.3263
935 1.1438 1.4924 0.1260 -0.5369 0.1663 17.8498 -2.5780 1.1474
936 1.1420 1.4888 0.1266 -0.5451 0.1518 17.9767 -2.8240 1.3236
937 1.1382 1.4851 0.1254 -0.5614 0.1371 16.9015 -3.1730 1.7851
938 1.1348 1.4812 0.1296 -0.5761 0.1212 17.5308 -2.6280 1.3343
939 1.1319 1.4790 0.1254 -0.5888 0.1122 17.8127 -2.6090 1.0730
940 1.1241 1.4787 0.1284 -0.6212 0.1107 17.8912 -3.2470 1.6605
941 1.1326 1.4858 0.1254 -0.5885 0.1389 17.6678 -3.4580 1.6592
942 1.1370 1.4833 0.1272 -0.5720 0.1288 17.8883 -3.3450 1.5190
943 1.1449 1.4765 0.1260 -0.5413 0.1015 17.8711 -3.0260 1.3939
944 1.1539 1.4646 0.1178 -0.5065 0.0532 19.1196 -3.0170 1.4932
945 1.1648 1.4527 0.1248 -0.4636 0.0053 18.1716 -2.7860 1.3565
946 1.1761 1.4357 0.1160 -0.4191 -0.0635 19.1842 -3.3760 1.8612
947 1.1861 1.4202 0.1242 -0.3799 -0.1263 18.0420 -3.5270 1.8118
948 1.1992 1.4053 0.1278 -0.3278 -0.1867 17.9280 -2.9180 1.3183
949 1.2107 1.3920 0.1272 -0.2822 -0.2408 17.8949 -2.8980 1.5648
950 1.2308 1.3759 0.1284 -0.2022 -0.3065 17.7089 -3.1050 1.5733
951 1.1694 1.4930 0.1266 -0.4486 0.1617 18.1816 -3.6870 1.7869
952 1.1674 1.4950 0.1260 -0.4574 0.1697 18.0916 -4.4120 2.0134
953 1.1578 1.4918 0.1266 -0.4967 0.1568 17.9784 -4.8610 2.2302
954 1.1473 1.4861 0.1230 -0.5396 0.1339 17.6045 -5.2060 2.6819
955 1.1322 1.4789 0.1230 -0.6012 0.1047 18.0904 -4.8310 2.4376
956 1.1170 1.4736 0.1224 -0.6636 0.0835 18.0043 -4.9320 2.2921
957 1.1028 1.4736 0.1272 -0.7217 0.0831 17.9228 -4.7640 2.1452
958 1.0858 1.4780 0.1278 -0.7915 0.1004 17.8689 -4.4710 1.9756
959 1.0747 1.4809 0.1248 -0.8375 0.1118 18.2440 -4.3680 2.3027
960 1.0629 1.4814 0.1272 -0.8867 0.1136 18.2746 -3.6720 1.7366
961 1.0831 1.5902 0.1254 -0.8076 0.5498 18.2060 -3.4070 1.3935
962 1.0808 1.5874 0.1266 -0.8185 0.5395 18.3200 -3.7010 1.7825
963 1.0812 1.5833 0.1248 -0.8184 0.5241 18.1957 -3.5210 1.9231
964 1.0849 1.5800 0.1242 -0.8054 0.5117 18.5850 -3.2700 1.5221
965 1.0883 1.5761 0.1272 -0.7934 0.4966 18.0650 -3.1190 1.5412
966 1.0905 1.5703 0.1284 -0.7861 0.4741 18.4812 -2.7540 1.3761
967 1.0971 1.5609 0.1296 -0.7612 0.4372 18.0505 -2.1580 0.8599
968 1.1089 1.5527 0.1278 -0.7153 0.4050 18.4072 -2.4690 1.3125
969 1.1182 1.5471 0.1254 -0.6795 0.3831 18.6501 -1.9230 1.0170
970 1.1320 1.5426 0.1278 -0.6254 0.3652 18.3797 -1.9080 1.0032
971 1.1916 1.4836 0.1201 -0.3877 0.1293 19.2012 -2.1910 0.9342
972 1.2000 1.4797 0.1272 -0.3546 0.1133 18.4853 -3.0800 1.3512
973 1.2096 1.4758 0.1290 -0.3166 0.0974 18.1016 -3.6410 1.9195
974 1.2232 1.4683 0.1284 -0.2625 0.0671 18.1330 7.0000 -3.0673
975 1.2404 1.4612 0.1272 -0.1938 0.0384 18.3562 -4.2320 2.1624
976 1.2527 1.4593 0.1260 -0.1446 0.0304 18.3993 -5.4000 -30.0000
977 1.2650 1.4579 0.1230 -0.0953 0.0243 17.6696 -5.0900 2.3321
978 1.2769 1.4593 0.1242 -0.0474 0.0296 18.7724 -6.0360 2.7985
979 1.2878 1.4611 0.1254 -0.0032 0.0364 18.4653 -6.2940 2.9499
980 1.3041 1.4637 0.1272 0.0625 0.0466 18.6885 -5.9250 2.6931
981 1.1182 1.4834 0.1224 -0.6824 0.1251 17.9811 -5.8190 2.4144
982 1.1170 1.4848 0.1154 -0.6886 0.1308 19.5364 -5.5480 2.2324
983 1.1098 1.4852 0.1272 -0.7188 0.1322 18.5016 -5.7290 2.4269
984 1.0974 1.4836 0.1333 -0.7699 0.1256 18.3936 -5.3940 2.1683
985 1.0884 1.4848 0.1364 -0.8075 0.1303 18.5335 -5.1875 2.2086
986 1.0775 1.4872 0.1428 -0.8530 0.1397 17.9768 -5.3660 2.7878
987 1.0638 1.4885 0.1396 -0.9098 0.1446 18.3753 -4.6120 1.9645
988 1.0446 1.4887 0.1370 -0.9883 0.1453 18.6942 -4.4000 2.0250
989 1.0335 1.4875 0.1315 -1.0352 0.1405 18.8734 -3.8340 1.4482
990 1.0186 1.4837 0.1266 -1.0968 0.1252 19.0440 -2.9000 1.1821
991 1.1112 1.5164 0.1266 -0.7279 0.2561 18.5773 -3.4680 1.6886
992 1.1180 1.5144 0.1278 -0.7020 0.2482 17.9788 -3.9070 1.8385
993 1.1236 1.5128 0.1248 -0.6809 0.2419 18.7704 -4.3940 2.1496
994 1.1312 1.5116 0.1290 -0.6517 0.2372 18.4624 -4.9920 2.1977
995 1.1385 1.5158 0.1284 -0.6237 0.2542 18.7339 -5.1520 2.3241
996 1.1456 1.5185 0.1408 -0.5963 0.2650 18.3712 -5.0050 2.2364
997 1.1555 1.5167 0.1447 -0.5576 0.2582 18.6288 -3.8440 1.6200
998 1.1642 1.5170 0.1587 -0.5236 0.2594 18.0257 -3.6780 1.5764
999 1.1707 1.5172 0.1607 -0.4984 0.2604 17.8547 -2.4460 1.0779
1000 1.1790 1.5146 0.1559 -0.4659 0.2503 18.1016 -2.3240 0.9026
1001 1.1376 1.5140 0.1389 -0.6327 0.2481 19.1671 -1.7900 0.4281
1002 1.1300 1.5121 0.1284 -0.6643 0.2406 19.0054 -0.4530 -0.0948
1003 1.1276 1.5146 0.1242 -0.6751 0.2507 19.0459 -0.8880 0.5367
1004 1.1320 1.5247 0.1333 -0.6587 0.2913 18.2126 -1.5670 0.8496
1005 1.1408 1.5329 0.1218 -0.6246 0.3243 20.2739 -1.5000 0.8536
1006 1.1520 1.5492 0.1284 -0.5808 0.3899 18.9524 -1.4290 0.7410
1007 1.1588 1.5739 0.1195 -0.5545 0.4895 19.9196 -2.7830 1.3410
1008 1.1612 1.5989 0.1272 -0.5458 0.5906 18.4738 -1.9950 0.9395
1009 1.1628 1.6256 0.1224 -0.5402 0.6989 19.1836 -2.2093 1.4838
1010 1.1672 1.6494 0.1213 -0.5235 0.7956 19.1676 0.0000 0.0663
1011 1.1376 1.5157 0.1213 -0.6430 0.2608 19.3010 -3.6650 1.6917
1012 1.1349 1.5130 0.1278 -0.6549 0.2502 18.8312 -3.8480 1.9547
1013 1.1353 1.5108 0.1266 -0.6544 0.2412 19.1138 -4.1790 1.9462
1014 1.1370 1.5053 0.1302 -0.6490 0.2196 19.2421 -4.5410 1.9640
1015 1.1368 1.5011 0.1290 -0.6507 0.2027 19.2829 -4.0750 1.7558
1016 1.1420 1.4965 0.1272 -0.6310 0.1842 19.2148 -3.7900 1.7535
1017 1.1484 1.4901 0.1284 -0.6065 0.1585 18.6697 -3.7030 1.5395
1018 1.1496 1.4800 0.1248 -0.6027 0.1180 19.2402 -4.3078 2.3683
1019 1.1449 1.4732 0.1224 -0.6223 0.0904 19.4214 -4.6820 2.5457
1020 1.1441 1.4655 0.1266 -0.6266 0.0594 19.0583 -6.1190 2.9761
1021 1.2460 1.5232 0.1327 -0.2192 0.2903 18.6425 -6.4200 2.8902
1022 1.2322 1.5308 0.1296 -0.2744 0.3210 19.8247 -7.4420 3.3789
1023 1.2119 1.5388 0.1512 -0.3561 0.3534 18.3284 -6.8960 0.2813
1024 1.1948 1.5456 0.1642 -0.4250 0.3811 17.3775 -7.3180 3.8266
1025 1.1765 1.5562 0.1779 -0.4989 0.4240 17.8345 -7.7620 3.5222
1026 1.1586 1.5628 0.1846 -0.5714 0.4511 16.8853 -7.0320 2.9525
1027 1.1370 1.5642 0.1908 -0.6592 0.4573 17.9473 -6.5780 2.8742
1028 1.1112 1.5684 0.1885 -0.7636 0.4748 17.9969 -5.8270 2.4581
1029 1.0947 1.5698 0.1831 -0.8312 0.4811 17.4395 -4.7410 1.8421
1030 1.0717 1.5716 0.1794 -0.9249 0.4890 18.7891 -4.4590 2.1572
1031 1.0923 1.5510 0.1757 -0.8440 0.4069 18.6361 -4.2090 2.2943
1032 1.0937 1.5454 0.1699 -0.8402 0.3853 18.6078 -4.3530 2.0646
1033 1.0921 1.5395 0.1440 -0.8480 0.3620 20.4551 -3.9280 1.5960
1034 1.0884 1.5340 0.1506 -0.8646 0.3402 19.2741 -3.9210 1.4869
1035 1.0864 1.5281 0.1333 -0.8743 0.3168 20.5010 -4.0110 1.5475
1036 1.0826 1.5217 0.1396 -0.8910 0.2917 18.8080 -3.9750 1.8074
1037 1.0740 1.5110 0.1284 -0.9271 0.2489 19.9140 -4.2020 2.0028
1038 1.0640 1.5029 0.1296 -0.9690 0.2164 19.2351 -4.6830 2.4349
1039 1.0574 1.5000 0.1248 -0.9975 0.2051 19.8242 -4.5820 1.8559
1040 1.0442 1.4967 0.1302 -1.0524 0.1917 19.2515 -4.8250 2.0299
1041 1.0039 1.3426 0.1296 -1.2159 -0.4263 20.1401 -5.3450 2.7776
1042 1.0118 1.3446 0.1539 -1.1867 -0.4198 18.6581 -4.5480 2.0134
1043 1.0213 1.3470 0.1594 -1.1509 -0.4117 17.5562 -4.2780 1.8799
1044 1.0320 1.3490 0.1713 -1.1103 -0.4053 18.1692 -4.2210 1.9907
1045 1.0435 1.3498 0.1809 -1.0665 -0.4036 17.7489 1.0000 -0.3810
1046 1.0576 1.3560 0.1931 -1.0118 -0.3800 18.0925 -3.9630 1.8305
1047 1.0690 1.3613 0.1931 -0.9681 -0.3605 17.1728 3.7610 -8.3265
1048 1.0810 1.3686 0.1839 -0.9217 -0.3324 18.6653 -3.8220 1.7110
1049 1.0907 1.3770 0.1877 -0.8848 -0.3001 17.0877 -3.6290 1.6659
1050 1.1047 1.3867 0.1580 -0.8302 -0.2626 19.2361 -3.8140 2.0223
1051 1.1650 1.4662 0.1466 -0.5897 0.0552 19.5901 -2.6600 3.6183
1052 1.1642 1.4670 0.1370 -0.5938 0.0581 19.5217 -2.7050 1.2297
1053 1.1598 1.4746 0.1266 -0.6123 0.0882 19.6197 -1.8240 0.7842
1054 1.1558 1.4786 0.1224 -0.6292 0.1040 20.1992 -1.0500 0.5474
1055 1.1536 1.4822 0.1224 -0.6391 0.1182 19.8587 -1.3990 0.8594
1056 1.1513 1.4902 0.1284 -0.6493 0.1501 19.5797 -1.5260 0.1549
1057 1.1468 1.5018 0.1254 -0.6684 0.1965 19.7182 -1.5740 0.6462
1058 1.1450 1.5090 0.1339 -0.6765 0.2254 19.3821 -1.5700 2.1630
1059 1.1447 1.5162 0.1364 -0.6787 0.2544 19.0352 -1.7120 0.8189
1060 1.1393 1.5262 0.1402 -0.7013 0.2947 19.3454 -0.2940 0.0828
1061 1.3632 1.5036 0.1428 0.1953 0.2043 19.3719 -1.1510 0.7116
1062 1.3712 1.5062 0.1453 0.2285 0.2149 18.3176 -1.2270 0.6458
1063 1.3796 1.5084 0.1402 0.2634 0.2238 19.3886 -1.3310 0.5764
1064 1.3908 1.5023 0.1415 0.3096 0.1991 18.9352 -0.0050 -0.1909
1065 1.4049 1.4973 0.1408 0.3677 0.1791 19.4050 0.3470 0.0072
1066 1.4245 1.4950 0.1377 0.4479 0.1701 20.1841 -0.0860 0.1056
1067 1.4438 1.4932 0.1428 0.5270 0.1627 19.3311 1.0100 -0.2644
1068 1.4591 1.4942 0.1453 0.5903 0.1665 19.5518 0.6860 -0.3430
1069 1.4669 1.4988 0.1479 0.6234 0.1849 19.3119 0.7170 -0.3489
1070 1.4742 1.5100 0.1473 0.6548 0.2299 18.6309 0.9250 -0.6624
1071 1.3604 1.5058 0.1473 0.2008 0.2132 19.4144 0.1190 0.0228
1072 1.3624 1.5102 0.1493 0.2100 0.2309 19.4537 0.1650 -0.0210
1073 1.3704 1.5198 0.1358 0.2432 0.2695 20.9523 -0.1690 0.0434
1074 1.3844 1.5258 0.1434 0.3005 0.2938 19.4043 -1.1070 0.7990
1075 1.4060 1.5282 0.1321 0.3885 0.3037 20.3343 -1.1800 0.4874
1076 1.4319 1.5294 0.1408 0.4937 0.3087 19.6146 -1.1830 0.5280
1077 1.4672 1.5254 0.1428 0.6371 0.2930 19.2720 -1.7220 1.3138
1078 1.5029 1.5210 0.1383 0.7825 0.2756 20.0768 -1.0370 0.0583
1079 1.5303 1.5146 0.1415 0.8951 0.2502 19.5165 -0.6880 0.5109
1080 1.5624 1.5106 0.1447 1.0267 0.2343 19.5937 -1.4790 1.0632
1081 1.2618 1.4942 0.1396 -0.1758 0.1686 19.7715 -1.1490 0.4348
1082 1.2678 1.4962 0.1389 -0.1516 0.1766 19.5466 -0.3240 -0.2875
1083 1.2774 1.4922 0.1345 -0.1129 0.1605 19.6546 0.5490 -0.2604
1084 1.2858 1.4830 0.1377 -0.0791 0.1235 20.0459 -0.3100 0.7469
1085 1.2953 1.4694 0.1460 -0.0404 0.0688 18.3735 -4.8150 2.8595
1086 1.3085 1.4522 0.1594 0.0130 -0.0005 19.2486 -8.4120 4.4746
1087 1.3162 1.4322 0.1772 0.0443 -0.0811 17.2588 -10.3840 4.9028
1088 1.3274 1.4078 0.2085 0.0898 -0.1797 18.2470 -11.9050 5.5833
1089 1.3400 1.3910 0.2347 0.1413 -0.2480 17.2495 -11.5230 4.6157
1090 1.3516 1.3686 0.2606 0.1886 -0.3389 16.9510 -5.9240 1.5648
count posx posy posz xout yout zout heading hd_out
count posx posy posz xout yout zout heading hd_out
1 0.0000 0.0000 0.1260 0.0000 0.0000 0.0000 -0.7180 0.7515
2 0.0000 0.0000 0.1333 0.0000 0.0000 0.0000 -0.7520 0.9219
3 0.0000 0.0000 0.1315 0.0000 0.0000 0.0000 -0.6480 0.6248
4 0.0000 0.0000 0.1321 0.0000 0.0000 0.0000 -0.6150 0.7628
5 0.0000 0.0000 0.1315 0.0000 0.0000 0.0000 -0.6650 0.8225
6 0.0000 0.0000 0.1224 0.0000 0.0000 0.0000 -0.7750 1.0614
7 0.0000 0.0000 0.1345 0.0000 0.0000 0.0000 -0.8010 1.0258
8 0.0000 0.0000 0.1370 0.0000 0.0000 0.0000 -0.6540 0.7053
9 0.0000 0.0000 0.1321 0.0000 0.0000 0.0000 -0.5770 0.6919
10 0.0000 0.0000 0.1352 0.0000 0.0000 0.0000 -0.5540 0.7716
11 1.3538 1.5680 0.1333 0.4164 0.2727 1.4091 -0.5330 0.6824
12 1.3533 1.5681 0.1339 0.4151 0.2737 1.1670 -0.6350 0.9457
13 1.3524 1.5683 0.1296 0.4127 0.2751 1.5164 -0.7330 1.0107
14 1.3513 1.5684 0.1339 0.4092 0.2764 1.2016 -0.7260 0.9330
15 1.3499 1.5686 0.1296 0.4047 0.2776 1.8577 -0.5430 0.6576
16 1.3483 1.5687 0.1352 0.3993 0.2787 1.1480 -0.4800 0.7210
17 1.3463 1.5688 0.1308 0.3925 0.2799 0.7765 -0.3160 0.3828
18 1.3441 1.5690 0.1339 0.3842 0.2813 1.4545 -0.2800 0.5318
19 1.3415 1.5692 0.1333 0.3750 0.2831 1.7945 -0.3030 0.5508
20 1.3393 1.5695 0.1345 0.3671 0.2848 0.6187 -0.4120 0.6631
21 1.1831 1.3490 0.1321 -0.2587 -0.5986 1.4745 -0.5380 0.7744
22 1.1829 1.3491 0.1352 -0.2600 -0.5999 0.3369 -0.6960 1.0882
23 1.1827 1.3491 0.1327 -0.2614 -0.6014 1.4357 -0.6590 0.9001
24 1.1823 1.3503 0.1345 -0.2637 -0.5981 1.1693 -0.7680 1.0570
25 1.1816 1.3522 0.1321 -0.2670 -0.5916 1.6669 -0.7840 1.0259
26 1.1806 1.3543 0.1260 -0.2720 -0.5850 2.4736 -0.7240 0.9502
27 1.1791 1.3563 0.1327 -0.2786 -0.5782 1.7499 -0.8790 1.2206
28 1.1773 1.3584 0.1352 -0.2867 -0.5712 1.4075 -1.1160 1.5466
29 1.1751 1.3605 0.1339 -0.2960 -0.5643 0.6644 -1.1060 1.4576
30 1.1731 1.3622 0.1248 -0.3046 -0.5589 3.1806 -0.9970 1.1672
31 1.2749 1.4620 0.1308 0.1025 -0.1602 1.7856 -1.0150 1.2495
32 1.2745 1.4620 0.1308 0.1013 -0.1604 2.1109 -0.9860 1.3018
33 1.2738 1.4621 0.1321 0.0986 -0.1605 1.6723 -1.0390 1.3897
34 1.2724 1.4622 0.1339 0.0934 -0.1603 0.8020 -1.1220 1.4665
35 1.2707 1.4625 0.1315 0.0869 -0.1598 1.7190 -1.2710 1.7368
36 1.2687 1.4627 0.1339 0.0790 -0.1590 1.7474 -1.1640 1.4464
37 1.2665 1.4631 0.1339 0.0703 -0.1578 1.7027 -1.0460 1.3352
38 1.2640 1.4636 0.1333 0.0603 -0.1565 2.1039 -1.1460 1.4843
39 1.2613 1.4641 0.1321 0.0496 -0.1549 1.8346 -1.1720 1.5355
40 1.2590 1.4645 0.1339 0.0406 -0.1534 1.6875 -1.1870 1.3719
41 1.2679 1.4800 0.1333 0.0764 -0.0915 1.7750 -1.1680 1.4954
42 1.2677 1.4801 0.1321 0.0757 -0.0913 1.9333 -1.1050 1.4876
43 1.2673 1.4803 0.1333 0.0744 -0.0907 1.7411 -0.9900 1.1683
44 1.2668 1.4806 0.1327 0.0726 -0.0898 2.1415 -0.8720 1.0615
45 1.2661 1.4810 0.1260 0.0698 -0.0883 2.7749 -0.8210 1.0604
46 1.2650 1.4816 0.1345 0.0657 -0.0863 1.9524 -0.8150 1.1182
47 1.2637 1.4821 0.1315 0.0604 -0.0842 1.9078 -0.8350 1.1583
48 1.2620 1.4828 0.1370 0.0540 -0.0816 0.6509 -0.8650 1.1182
49 1.2601 1.4837 0.1333 0.0464 -0.0784 1.8424 -0.9410 1.2762
50 1.2583 1.4845 0.1254 0.0394 -0.0752 3.2384 -0.9130 1.1494
51 1.3279 1.3552 0.1339 0.3184 -0.5938 1.7987 -0.9970 1.2762
52 1.3278 1.3521 0.1315 0.3189 -0.6078 2.2931 -1.0730 1.4008
53 1.3275 1.3483 0.1315 0.3185 -0.6246 1.1034 -1.0110 1.3652
54 1.3269 1.3446 0.1333 0.3168 -0.6410 2.0446 -1.0600 1.4776
55 1.3260 1.3410 0.1315 0.3141 -0.6568 2.2218 -1.3290 1.8526
56 1.3249 1.3376 0.1358 0.3102 -0.6722 2.0292 -1.4910 2.0439
57 1.3234 1.3342 0.1218 0.3051 -0.6872 3.2256 1.3970 -7.6319
58 1.3217 1.3310 0.1345 0.2990 -0.7019 2.0259 -1.2410 1.5343
59 1.3197 1.3279 0.1333 0.2918 -0.7160 2.2537 -1.1320 1.2595
60 1.3179 1.3254 0.1345 0.2853 -0.7275 1.8713 -1.0280 1.2751
61 1.2789 1.4500 0.1302 0.1293 -0.2298 2.3409 -1.0250 1.3719
62 1.2784 1.4500 0.1315 0.1278 -0.2302 1.3089 -1.0050 1.3096
63 1.2776 1.4500 0.1339 0.1250 -0.2308 2.0557 -1.0090 1.3096
64 1.2764 1.4500 0.1327 0.1204 -0.2314 2.4065 -0.8170 1.0003
65 1.2753 1.4500 0.1345 0.1160 -0.2318 1.8922 -0.7400 0.9547
66 1.2739 1.4501 0.1266 0.1109 -0.2317 3.1083 -0.7250 0.9936
67 1.2729 1.4504 0.1339 0.1070 -0.2311 2.3084 -0.7310 1.0136
68 1.2715 1.4507 0.1333 0.1017 -0.2304 2.2756 0.0000 -1.5221
69 1.2696 1.4511 0.1308 0.0943 -0.2294 1.7380 -0.8670 1.1405
70 1.2683 1.4513 0.1278 0.0893 -0.2289 3.2111 -0.8100 1.1251
71 1.2709 1.4770 0.1333 0.0996 -0.1264 2.1937 -0.7240 0.9502
72 1.2703 1.4772 0.1327 0.0976 -0.1260 2.3464 -0.7220 0.9591
73 1.2693 1.4774 0.1296 0.0937 -0.1253 2.7926 -0.7380 0.9747
74 1.2678 1.4778 0.1339 0.0879 -0.1240 2.2320 -0.8560 1.2439
75 1.2659 1.4783 0.1333 0.0805 -0.1222 2.2001 -0.8970 1.1783
76 1.2636 1.4789 0.1352 0.0714 -0.1200 2.1779 -0.8310 1.1049
77 1.2609 1.4796 0.1302 0.0606 -0.1173 2.7248 -0.7350 0.9424
78 1.2579 1.4805 0.1352 0.0490 -0.1141 2.0884 -0.6730 0.9402
79 1.2546 1.4814 0.1308 0.0357 -0.1106 2.8088 -0.6360 0.7922
80 1.2517 1.4822 0.1339 0.0240 -0.1076 2.3294 -0.5060 0.6698
81 1.2798 1.4691 0.1352 0.1368 -0.1603 2.3174 -0.5840 0.8456
82 1.2792 1.4693 0.1315 0.1346 -0.1597 2.5945 -0.5690 0.7911
83 1.2781 1.4697 0.1333 0.1307 -0.1584 1.6039 -0.3670 0.6242
84 1.2766 1.4702 0.1327 0.1250 -0.1567 2.6039 -0.3830 0.5752
85 1.2747 1.4708 0.1339 0.1173 -0.1548 2.4112 -0.2970 0.4706
86 1.2723 1.4714 0.1327 0.1080 -0.1525 3.1372 -0.6350 1.0158
87 1.2695 1.4722 0.1236 0.0970 -0.1496 3.6204 -0.7410 1.0960
88 1.2662 1.4731 0.1352 0.0842 -0.1461 2.4979 -1.0410 1.5989
89 1.2627 1.4741 0.1321 0.0700 -0.1424 2.6395 -1.2140 1.6378
90 1.2595 1.4751 0.1327 0.0576 -0.1389 2.6405 -1.0040 1.2840
91 1.2629 1.4700 0.1327 0.0711 -0.1593 2.7162 -0.9540 1.2439
92 1.2624 1.4703 0.1254 0.0693 -0.1585 3.0576 -0.9510 1.2248
93 1.2615 1.4707 0.1321 0.0656 -0.1572 2.6395 -1.0640 1.4576
94 1.2601 1.4713 0.1352 0.0603 -0.1552 2.4696 -1.0400 1.2551
95 1.2584 1.4720 0.1308 0.0535 -0.1526 2.6378 -1.0520 1.2617
96 1.2563 1.4729 0.1321 0.0453 -0.1493 2.8137 -1.1220 1.3463
97 1.2538 1.4740 0.1327 0.0353 -0.1452 2.6340 -0.9890 1.1939
98 1.2510 1.4753 0.1321 0.0241 -0.1402 2.8482 -0.9480 1.3218
99 1.2479 1.4769 0.1315 0.0117 -0.1342 2.8774 -0.8790 1.0759
100 1.2451 1.4783 0.1358 0.0005 -0.1287 2.3098 -0.7710 0.9024
101 1.2628 1.4661 0.1321 0.0714 -0.1779 2.8924 -0.7110 0.8957
102 1.2622 1.4664 0.1327 0.0690 -0.1771 2.9587 -0.6640 0.7944
103 1.2611 1.4668 0.1218 0.0647 -0.1756 4.1539 -0.7120 0.9458
104 1.2595 1.4675 0.1358 0.0586 -0.1731 2.8696 -0.5330 0.7599
105 1.2575 1.4685 0.1296 0.0507 -0.1696 3.3157 -0.3820 0.5185
106 1.2549 1.4696 0.1333 0.0402 -0.1655 1.8635 -0.3270 0.5330
107 1.2518 1.4709 0.1321 0.0278 -0.1605 2.8719 -0.2970 0.4706
108 1.2482 1.4724 0.1327 0.0133 -0.1547 2.8149 -0.3040 0.4807
109 1.2440 1.4741 0.1358 -0.0034 -0.1481 2.5208 -0.3360 0.5051
110 1.2404 1.4757 0.1339 -0.0181 -0.1422 3.2549 -0.4250 0.7266
111 1.2719 1.4671 0.1315 0.1081 -0.1770 2.2223 -0.4860 0.7521
112 1.2714 1.4673 0.1260 0.1064 -0.1765 3.9866 -0.3670 0.5819
113 1.2705 1.4676 0.1321 0.1033 -0.1754 3.0898 -0.2870 0.4039
114 1.2693 1.4682 0.1224 0.0985 -0.1734 4.1414 -0.1970 0.3661
115 1.2677 1.4689 0.1315 0.0922 -0.1708 3.1370 0.0210 0.0945
116 1.2656 1.4698 0.1321 0.0840 -0.1675 3.2038 0.1890 -0.0453
117 1.2630 1.4710 0.1321 0.0738 -0.1632 2.2524 0.1990 -0.1685
118 1.2599 1.4724 0.1345 0.0616 -0.1578 2.9412 0.1180 0.1416
119 1.2564 1.4740 0.1302 0.0476 -0.1516 3.1688 0.1390 -0.0306
120 1.2541 1.4750 0.1358 0.0382 -0.1477 2.8191 0.0290 0.1579
121 1.2779 1.4541 0.1315 0.1338 -0.2321 3.4141 -0.0780 0.3219
122 1.2774 1.4543 0.1339 0.1320 -0.2316 3.0114 -0.1190 0.2824
123 1.2764 1.4548 0.1321 0.1284 -0.2300 3.2511 -0.1510 0.4155
124 1.2748 1.4554 0.1339 0.1223 -0.2280 3.0455 -0.2460 0.5554
125 1.2727 1.4562 0.1308 0.1141 -0.2252 3.3705 -0.4980 0.8523
126 1.2701 1.4573 0.1339 0.1039 -0.2214 2.2321 -0.5960 0.9124
127 1.2671 1.4587 0.1308 0.0921 -0.2164 3.2820 -0.6910 0.9736
128 1.2637 1.4603 0.1345 0.0786 -0.2102 3.3494 -0.8220 1.1126
129 1.2599 1.4622 0.1315 0.0634 -0.2029 3.3039 -0.8670 1.2117
130 1.2565 1.4640 0.1364 0.0497 -0.1963 3.0931 -1.0170 1.3763
131 1.2818 1.4661 0.1333 0.1513 -0.1880 3.1707 -0.9890 1.2384
132 1.2811 1.4664 0.1333 0.1488 -0.1873 3.4312 -0.9890 1.1961
133 1.2798 1.4670 0.1339 0.1443 -0.1850 3.3116 -0.8710 1.1338
134 1.2784 1.4680 0.1315 0.1387 -0.1814 3.4395 -0.8480 1.0948
135 1.2766 1.4693 0.1352 0.1320 -0.1767 2.4048 -0.8130 0.9802
136 1.2746 1.4708 0.1321 0.1240 -0.1710 3.6468 -0.7680 1.0036
137 1.2720 1.4725 0.1327 0.1140 -0.1642 3.2814 -0.8990 1.2005
138 1.2692 1.4745 0.1352 0.1030 -0.1566 3.0621 -0.8660 1.1304
139 1.2661 1.4767 0.1364 0.0906 -0.1481 3.1765 -0.9590 1.2584
140 1.2633 1.4786 0.1339 0.0797 -0.1407 3.2415 -0.9680 1.1683
141 1.2789 1.4771 0.1236 0.1422 -0.1468 4.4923 -0.8920 1.1460
142 1.2784 1.4775 0.1333 0.1405 -0.1455 3.4697 -0.8350 1.0492
143 1.2776 1.4781 0.1315 0.1375 -0.1432 3.6471 -0.7720 1.0103
144 1.2763 1.4790 0.1327 0.1326 -0.1398 3.6404 -0.7240 0.9814
145 1.2745 1.4802 0.1248 0.1257 -0.1353 4.3568 -0.6520 0.8857
146 1.2724 1.4816 0.1352 0.1175 -0.1299 3.1920 -0.6270 0.8534
147 1.2699 1.4832 0.1236 0.1079 -0.1238 4.5339 -0.5380 0.7700
148 1.2672 1.4850 0.1327 0.0970 -0.1167 3.7084 -0.5600 0.7455
149 1.2641 1.4870 0.1327 0.0849 -0.1086 3.6021 -0.4970 0.6264
150 1.2614 1.4888 0.1327 0.0741 -0.1015 3.5539 -0.5340 0.7677
151 1.2799 1.4661 0.1308 0.1484 -0.1927 3.9740 -0.5400 0.7811
152 1.2794 1.4665 0.1339 0.1469 -0.1915 2.5320 -0.9150 1.8481
153 1.2788 1.4672 0.1308 0.1446 -0.1892 3.6398 -0.9630 1.3652
154 1.2779 1.4681 0.1321 0.1414 -0.1857 3.8788 -0.9570 1.2228
155 1.2767 1.4693 0.1308 0.1367 -0.1812 3.5526 -1.0113 1.2950
156 1.2751 1.4707 0.1339 0.1308 -0.1760 4.0019 -1.0100 3.5382
157 1.2733 1.4723 0.1315 0.1237 -0.1698 3.6349 -0.8890 1.0359
158 1.2712 1.4741 0.1333 0.1156 -0.1631 3.7987 0.0000 0.1669
159 1.2688 1.4758 0.1308 0.1063 -0.1563 3.8035 -0.7820 1.0615
160 1.2667 1.4769 0.1352 0.0978 -0.1523 2.7546 -0.6950 0.9224
161 1.2759 1.4751 0.1302 0.1348 -0.1597 4.2118 -0.7290 1.0537
162 1.2754 1.4753 0.1327 0.1332 -0.1589 3.8113 -0.8240 1.0659
163 1.2744 1.4757 0.1327 0.1295 -0.1576 2.8031 -0.7680 0.9880
164 1.2731 1.4762 0.1321 0.1245 -0.1561 3.9192 -0.8010 1.0470
165 1.2712 1.4767 0.1333 0.1171 -0.1542 3.6657 -0.7440 0.9925
166 1.2690 1.4773 0.1339 0.1085 -0.1521 3.8545 -0.7690 1.0826
167 1.2666 1.4779 0.1339 0.0990 -0.1499 3.5638 -0.8460 1.1438
168 1.2638 1.4786 0.1339 0.0880 -0.1472 3.9506 -0.8800 1.2150
169 1.2607 1.4794 0.1236 0.0756 -0.1442 5.1425 -0.9770 1.2873
170 1.2581 1.4801 0.1327 0.0652 -0.1415 3.0964 -0.9940 1.2662
171 1.3609 1.5870 0.1321 0.4777 0.2868 4.0315 -0.9330 1.1805
172 1.3605 1.5870 0.1315 0.4773 0.2877 4.0612 -0.8000 1.0303
173 1.3600 1.5871 0.1321 0.4764 0.2888 3.8784 -0.7750 0.9780
174 1.3590 1.5872 0.1339 0.4734 0.2903 3.0695 -0.7090 0.9135
175 1.3576 1.5874 0.1302 0.4688 0.2921 4.1332 -0.5840 0.7633
176 1.3559 1.5878 0.1345 0.4632 0.2944 3.9403 -0.5580 0.7833
177 1.3540 1.5883 0.1315 0.4564 0.2973 4.2655 -0.6470 0.9602
178 1.3517 1.5890 0.1352 0.4483 0.3008 3.8991 -0.7830 1.1182
179 1.3491 1.5897 0.1315 0.4388 0.3046 4.3612 -0.9330 1.3318
180 1.3467 1.5904 0.1339 0.4305 0.3082 3.9551 -0.9390 1.1494
181 1.2778 1.4711 0.1308 0.1550 -0.1693 4.4615 -0.8930 1.0292
182 1.2773 1.4713 0.1345 0.1531 -0.1686 3.9108 -0.8320 1.1082
183 1.2765 1.4718 0.1308 0.1502 -0.1669 4.1876 -0.9200 1.2551
184 1.2754 1.4725 0.1230 0.1462 -0.1645 5.3894 -0.9090 1.1761
185 1.2740 1.4734 0.1321 0.1407 -0.1611 4.1370 -0.7180 0.8879
186 1.2721 1.4752 0.1254 0.1336 -0.1542 5.0773 -0.6440 0.8501
187 1.2700 1.4770 0.1302 0.1253 -0.1470 4.4531 -0.5960 0.7878
188 1.2675 1.4791 0.1327 0.1154 -0.1389 4.2991 -0.6150 0.8979
189 1.2655 1.4814 0.1315 0.1076 -0.1300 4.3404 -0.6370 1.0225
190 1.2644 1.4828 0.1315 0.1031 -0.1246 3.6841 -0.5890 0.7755
191 1.2589 1.4840 0.1345 0.0813 -0.1197 3.9942 -0.5630 0.8556
192 1.2584 1.4842 0.1321 0.0794 -0.1190 4.3691 -0.4560 0.6231
193 1.2574 1.4846 0.1302 0.0757 -0.1179 3.6408 -0.4450 0.7444
194 1.2557 1.4848 0.1321 0.0690 -0.1170 4.2808 -0.5370 0.7844
195 1.2535 1.4849 0.1339 0.0602 -0.1168 4.1989 -0.6100 0.7989
196 1.2513 1.4850 0.1315 0.0512 -0.1165 4.4503 -0.4540 0.6387
197 1.2488 1.4853 0.1333 0.0413 -0.1155 4.2459 -0.4210 0.6732
198 1.2462 1.4859 0.1321 0.0309 -0.1134 4.4724 -0.2740 0.4028
199 1.2439 1.4864 0.1321 0.0215 -0.1113 4.4860 -0.2380 0.3649
200 1.2415 1.4871 0.1345 0.0118 -0.1088 4.2644 -0.2420 0.4517
201 1.2709 1.4681 0.1302 0.1297 -0.1853 4.4882 -0.2200 0.4206
202 1.2706 1.4684 0.1333 0.1287 -0.1844 4.3824 -0.4250 0.7132
203 1.2699 1.4687 0.1315 0.1263 -0.1833 4.3152 -0.4360 0.6364
204 1.2689 1.4694 0.1333 0.1222 -0.1808 4.7265 -0.4580 0.7967
205 1.2675 1.4704 0.1230 0.1170 -0.1770 5.4833 -0.5730 0.8356
206 1.2660 1.4718 0.1339 0.1110 -0.1719 4.6239 -0.5970 0.8156
207 1.2639 1.4732 0.1224 0.1026 -0.1665 5.7727 -0.6020 0.8990
208 1.2613 1.4750 0.1333 0.0926 -0.1594 4.7325 -0.6370 0.9068
209 1.2582 1.4776 0.1327 0.0801 -0.1494 4.2697 -0.7000 0.9391
210 1.2554 1.4800 0.1333 0.0689 -0.1400 4.5153 -0.5550 0.6086
211 1.2720 1.4642 0.1315 0.1355 -0.2037 4.6895 -0.4900 0.7366
212 1.2705 1.4646 0.1339 0.1298 -0.2023 4.4722 -0.4700 0.7143
213 1.2688 1.4651 0.1339 0.1234 -0.2005 4.3661 -0.4200 0.5721
214 1.2671 1.4659 0.1339 0.1164 -0.1978 3.6586 -0.4390 0.5374
215 1.2653 1.4667 0.1327 0.1094 -0.1951 4.6098 -0.3640 0.5051
216 1.2636 1.4672 0.1321 0.1029 -0.1933 4.0955 -0.3841 0.5943
217 1.2617 1.4677 0.1327 0.0954 -0.1915 4.6461 -0.3540 0.5608
218 1.2594 1.4682 0.1315 0.0865 -0.1897 4.7488 -0.3660 0.5741
219 1.2572 1.4693 0.1345 0.0773 -0.1859 4.6418 -0.3430 0.5686
220 1.2553 1.4715 0.1321 0.0700 -0.1772 4.8903 -0.4450 0.6821
221 1.2612 1.4771 0.1302 0.0936 -0.1550 4.9399 -0.4490 0.5864
222 1.2612 1.4776 0.1333 0.0938 -0.1532 4.7079 -0.3640 0.5719
223 1.2612 1.4785 0.1302 0.0939 -0.1500 5.3409 -0.4950 0.7555
224 1.2613 1.4796 0.1195 0.0944 -0.1458 6.3375 -0.5520 0.7789
225 1.2613 1.4810 0.1333 0.0944 -0.1404 4.8827 -0.6200 0.9458
226 1.2612 1.4826 0.1327 0.0941 -0.1341 4.7884 -0.6000 0.7791
227 1.2610 1.4845 0.1321 0.0935 -0.1268 5.0643 -0.6050 0.8379
228 1.2608 1.4865 0.1339 0.0929 -0.1186 4.6123 -0.5650 0.8111
229 1.2609 1.4889 0.1315 0.0936 -0.1092 4.0822 -0.4830 0.6309
230 1.2609 1.4911 0.1339 0.0934 -0.1005 4.6433 -0.4320 0.7410
231 1.2702 1.4741 0.1327 0.1309 -0.1689 4.8083 -0.2160 0.3227
232 1.2707 1.4742 0.1352 0.1331 -0.1687 4.8988 -0.1620 0.3716
233 1.2713 1.4737 0.1302 0.1358 -0.1709 5.4452 -0.1170 0.2281
234 1.2720 1.4737 0.1327 0.1386 -0.1712 4.9211 -0.1300 0.3249
235 1.2740 1.4743 0.1321 0.1469 -0.1692 4.2858 -0.0670 0.2414
236 1.2763 1.4745 0.1327 0.1563 -0.1684 4.8329 -0.0530 0.2281
237 1.2788 1.4746 0.1315 0.1668 -0.1682 4.0978 -0.0140 0.1691
238 1.2811 1.4749 0.1321 0.1760 -0.1672 4.9415 0.0270 0.1367
239 1.2827 1.4749 0.1315 0.1830 -0.1675 4.2509 0.0830 -0.0019
240 1.2839 1.4747 0.1308 0.1882 -0.1686 5.3626 0.0690 1.2685
241 1.2740 1.4836 0.1248 0.1486 -0.1332 5.9782 0.2240 -0.1503
242 1.2738 1.4828 0.1339 0.1481 -0.1367 5.0239 0.3830 -0.4835
243 1.2736 1.4825 0.1321 0.1476 -0.1380 5.0789 0.4840 -0.4033
244 1.2732 1.4838 0.1315 0.1461 -0.1331 5.7277 0.5160 -0.5073
245 1.2715 1.4851 0.1327 0.1395 -0.1280 5.0395 0.5680 -0.4542
246 1.2698 1.4869 0.1345 0.1329 -0.1207 5.1420 0.5250 -0.4818
247 1.2687 1.4891 0.1333 0.1289 -0.1123 5.0606 0.5190 -0.4503
248 1.2678 1.4914 0.1321 0.1254 -0.1029 5.5349 0.5310 -0.4128
249 1.2667 1.4941 0.1321 0.1213 -0.0922 5.1201 0.4130 -0.1744
250 1.2658 1.4965 0.1333 0.1177 -0.0829 5.1082 0.3370 -0.1795
251 1.2790 1.4731 0.1315 0.1709 -0.1768 5.2820 0.3670 -0.4601
252 1.2791 1.4731 0.1339 0.1714 -0.1768 5.2493 0.5440 -0.5604
253 1.2786 1.4728 0.1302 0.1700 -0.1784 5.3412 0.4270 -0.3401
254 1.2773 1.4728 0.1358 0.1648 -0.1785 5.1220 0.3930 -0.2912
255 1.2759 1.4723 0.1218 0.1597 -0.1807 6.4436 0.3170 -0.3276
256 1.2743 1.4719 0.1327 0.1533 -0.1829 5.5288 0.4300 -0.5729
257 1.2722 1.4716 0.1302 0.1454 -0.1845 5.6544 0.4430 -0.3988
258 1.2703 1.4716 0.1327 0.1380 -0.1846 5.5626 0.1890 0.0652
259 1.2667 1.4740 0.1327 0.1237 -0.1754 5.5174 0.0420 0.1049
260 1.2639 1.4765 0.1352 0.1127 -0.1653 4.8648 -0.1320 0.2528
261 1.2854 1.4625 0.1321 0.1989 -0.2218 5.4952 -0.4840 0.5695
262 1.2869 1.4634 0.1345 0.2053 -0.2185 5.1504 -0.5760 0.7721
263 1.2888 1.4650 0.1321 0.2134 -0.2126 5.4031 -0.6580 0.7667
264 1.2907 1.4668 0.1358 0.2214 -0.2056 5.1582 -0.5670 0.5955
265 1.2920 1.4696 0.1302 0.2269 -0.1947 5.5965 -0.5300 0.5876
266 1.2935 1.4727 0.1345 0.2331 -0.1829 5.2803 -0.6730 0.8940
267 1.2947 1.4761 0.1302 0.2385 -0.1693 5.8765 -0.6490 0.8353
268 1.2970 1.4804 0.1339 0.2482 -0.1521 5.3889 -0.6170 0.7367
269 1.2975 1.4865 0.1321 0.2507 -0.1281 5.4444 -0.7210 1.0365
270 1.2986 1.4909 0.1321 0.2554 -0.1106 5.8896 -0.7930 0.9670
271 1.2616 1.4804 0.1327 0.1079 -0.1528 5.5820 -0.7140 0.9379
272 1.2628 1.4796 0.1345 0.1126 -0.1561 4.4691 -0.5720 0.6354
273 1.2616 1.4792 0.1315 0.1078 -0.1578 5.5185 -0.4590 0.5209
274 1.2599 1.4794 0.1333 0.1012 -0.1575 4.6521 -0.3910 0.5285
275 1.2586 1.4799 0.1296 0.0961 -0.1555 5.7119 -0.3920 0.5764
276 1.2586 1.4824 0.1327 0.0964 -0.1456 5.6065 -0.3460 0.5207
277 1.2583 1.4859 0.1296 0.0949 -0.1320 6.0527 -0.3630 0.6064
278 1.2584 1.4892 0.1333 0.0954 -0.1187 5.5669 -0.3200 0.4629
279 1.2591 1.4935 0.1333 0.0984 -0.1015 5.7068 -0.3260 0.4829
280 1.2600 1.4966 0.1321 0.1022 -0.0893 5.8070 -0.1870 0.2414
281 1.2656 1.4646 0.1321 0.1245 -0.2178 2.8154 -0.1460 0.1157
282 1.2649 1.4656 0.1321 0.1220 -0.2140 5.7159 -0.0100 0.1469
283 1.2639 1.4670 0.1315 0.1183 -0.2085 6.0529 0.0140 0.1023
284 1.2628 1.4685 0.1321 0.1141 -0.2032 5.6889 -0.0690 0.2926
285 1.2622 1.4701 0.1308 0.1119 -0.1971 5.9148 -0.1400 0.4695
286 1.2617 1.4726 0.1315 0.1096 -0.1870 5.9201 -0.2370 0.5307
287 1.2612 1.4747 0.1327 0.1080 -0.1789 5.9094 -0.2260 0.5140
288 1.2609 1.4774 0.1352 0.1068 -0.1684 5.6289 -0.3110 0.5129
289 1.2600 1.4781 0.1333 0.1034 -0.1660 6.0551 -0.4180 0.7343
290 1.2595 1.4779 0.1272 0.1016 -0.1671 6.5531 -0.3750 0.5218
291 1.2708 1.4756 0.1315 0.1470 -0.1763 6.0562 -0.1730 0.2726
292 1.2702 1.4742 0.1352 0.1446 -0.1822 5.6897 -0.1220 0.3449
293 1.2685 1.4717 0.1302 0.1380 -0.1926 5.9918 -0.1170 0.2904
294 1.2664 1.4698 0.1352 0.1299 -0.2002 5.5391 -0.2190 0.3794
295 1.2632 1.4670 0.1296 0.1170 -0.2120 6.1599 -0.3440 0.5140
296 1.2579 1.4630 0.1333 0.0960 -0.2283 5.9193 -0.5730 0.8044
297 1.2567 1.4615 0.1296 0.0912 -0.2348 6.1937 -0.5660 0.9168
298 1.2539 1.4587 0.1352 0.0802 -0.2464 5.7915 -0.2650 -0.0790
299 1.2504 1.4602 0.1315 0.0660 -0.2407 6.0685 -0.2724 0.4700
300 1.2499 1.4624 0.1339 0.0639 -0.2324 5.0584 -0.3070 0.6620
301 1.2242 1.5895 0.1327 -0.0390 0.2770 6.0065 -0.0520 0.1647
302 1.2246 1.5907 0.1327 -0.0378 0.2827 6.0848 -0.1510 0.3349
303 1.2247 1.5921 0.1339 -0.0376 0.2893 6.0116 -0.2840 0.4829
304 1.2267 1.5949 0.1339 -0.0297 0.3014 6.4021 -0.2770 0.5107
305 1.2296 1.5984 0.1308 -0.0185 0.3163 6.0474 -0.1920 0.3850
306 1.2320 1.6010 0.1327 -0.0090 0.3279 6.2115 -0.2040 0.5229
307 1.2342 1.6037 0.1333 -0.0004 0.3397 6.0312 -0.3280 0.6832
308 1.2359 1.6072 0.1333 0.0063 0.3545 6.2335 -0.3110 0.4929
309 1.2357 1.6130 0.1315 0.0055 0.3789 6.1031 -0.1660 0.3026
310 1.2360 1.6173 0.1333 0.0066 0.3976 6.2023 -0.0720 0.2426
311 1.3520 1.5613 0.1315 0.4714 0.1739 5.5881 -0.2670 0.6309
312 1.3577 1.5646 0.1213 0.4955 0.1880 7.6796 -0.3850 0.5485
313 1.3596 1.5664 0.1333 0.5043 0.1958 6.2508 -0.4620 0.8545
314 1.3563 1.5665 0.1327 0.4918 0.1969 6.3416 -0.4320 0.8234
315 1.3507 1.5660 0.1308 0.4704 0.1954 6.2729 -0.2470 0.2392
316 1.3442 1.5668 0.1302 0.4455 0.1992 6.6706 -0.2740 0.3872
317 1.3412 1.5701 0.1321 0.4343 0.2133 6.0995 -0.2240 0.6008
318 1.3440 1.5761 0.1333 0.4464 0.2379 6.4603 -0.1140 0.2826
319 1.3537 1.5833 0.1327 0.4864 0.2676 6.1206 -0.0710 0.0923
320 1.3646 1.5899 0.1339 0.5312 0.2951 6.4787 0.0070 0.1346
321 1.2696 1.4896 0.1302 0.1515 -0.1065 6.9971 0.0280 -0.0090
322 1.2687 1.4867 0.1321 0.1481 -0.1181 6.4218 0.0350 -0.0169
323 1.2641 1.4839 0.1296 0.1296 -0.1297 6.6101 0.0102 0.2926
324 1.2533 1.4777 0.1321 0.0863 -0.1546 6.5177 0.1370 -0.0673
325 1.2393 1.4731 0.1321 0.0305 -0.1732 5.4506 0.2120 -0.1335
326 1.2219 1.4724 0.1242 -0.0394 -0.1764 7.5578 0.2840 -0.3376
327 1.2005 1.4716 0.1308 -0.1256 -0.1799 6.8405 0.3680 -0.2565
328 1.1736 1.4692 0.1242 -0.2340 -0.1896 7.4687 0.4050 -0.2047
329 1.1410 1.4639 0.1333 -0.3652 -0.2113 6.6413 0.5760 -0.3867
330 1.1122 1.4591 0.1339 -0.4818 -0.2307 6.4565 0.3540 0.0301
331 1.2723 1.4707 0.1327 0.1585 -0.1845 5.5907 0.4150 -0.3348
332 1.2708 1.4754 0.1321 0.1527 -0.1662 6.4643 0.4150 -0.2569
333 1.2702 1.4801 0.1352 0.1506 -0.1475 6.2327 0.3880 -0.3891
334 1.2697 1.4846 0.1308 0.1488 -0.1298 6.6460 0.4840 -0.5500
335 1.2701 1.4858 0.1315 0.1508 -0.1252 6.8973 0.6270 -0.4298
336 1.2739 1.4852 0.1345 0.1660 -0.1278 6.6061 0.7990 -0.8313
337 1.2811 1.4838 0.1315 0.1950 -0.1332 6.8695 0.7130 -0.7610
338 1.2920 1.4832 0.1321 0.2394 -0.1361 6.8743 0.6480 -0.5951
339 1.3036 1.4839 0.1321 0.2860 -0.1334 6.8293 0.6390 -0.6342
340 1.3101 1.4836 0.1327 0.3127 -0.1348 6.7655 0.6290 -0.6491
341 1.2893 1.4866 0.1315 0.2298 -0.1226 6.6199 0.4870 -0.4555
342 1.2827 1.4905 0.1308 0.2038 -0.1074 6.9556 0.4020 -0.2613
343 1.2714 1.4930 0.1327 0.1587 -0.0973 6.5067 0.5420 -0.7296
344 1.2577 1.4991 0.1339 0.1040 -0.0730 6.6820 0.6180 -0.6912
345 1.2423 1.5045 0.1302 0.0425 -0.0514 7.0186 0.6970 -0.6904
346 1.2283 1.5110 0.1333 -0.0139 -0.0251 6.7901 0.8970 -1.2530
347 1.2146 1.5192 0.1308 -0.0689 0.0077 6.8564 0.7950 -0.6534
348 1.2054 1.5262 0.1333 -0.1061 0.0361 6.8239 0.6660 -0.5509
349 1.2014 1.5364 0.1308 -0.1226 0.0770 7.0740 0.7570 -0.8913
350 1.2030 1.5438 0.1236 -0.1167 0.1074 7.9555 0.8350 -0.9380
351 1.2686 1.4478 0.1327 0.1458 -0.2771 6.7577 0.8200 -0.9123
352 1.2694 1.4418 0.1321 0.1492 -0.3020 6.9066 0.6300 -0.8632
353 1.2689 1.4293 0.1327 0.1476 -0.3525 6.7885 0.6290 -0.6731
354 1.2664 1.4175 0.1321 0.1378 -0.4007 7.1256 0.6860 -0.7171
355 1.2588 1.4048 0.1333 0.1074 -0.4522 6.6871 0.6670 -0.9277
356 1.2456 1.3934 0.1358 0.0543 -0.4990 7.0877 0.5860 -0.7007
357 1.2292 1.3855 0.1315 -0.0113 -0.5316 7.1262 0.4840 -0.5272
358 1.2091 1.3752 0.1345 -0.0921 -0.5741 6.8960 0.4660 -0.6600
359 1.1865 1.3674 0.1308 -0.1830 -0.6066 6.9879 0.3480 -0.4335
360 1.1679 1.3635 0.1321 -0.2585 -0.6237 6.9157 0.3420 -0.6848
361 1.2784 1.4682 0.1321 0.1839 -0.2052 6.9904 0.6050 -0.9638
362 1.2844 1.4742 0.1358 0.2081 -0.1814 6.5614 0.7330 -1.0626
363 1.2968 1.4850 0.1315 0.2584 -0.1384 7.1595 0.5320 -0.8345
364 1.3169 1.4956 0.1339 0.3394 -0.0959 6.9421 0.4980 -0.5541
365 1.3407 1.5040 0.1339 0.4354 -0.0625 7.0826 0.7460 -1.1082
366 1.3647 1.5102 0.1333 0.5324 -0.0376 6.9274 0.6010 -0.8356
367 1.3845 1.5141 0.1327 0.6132 -0.0218 7.0798 0.5000 -0.4072
368 1.4031 1.5175 0.1327 0.6889 -0.0080 7.0967 0.6160 -1.0993
369 1.4188 1.5205 0.1339 0.7536 0.0044 7.1508 0.5950 -0.7065
370 1.4267 1.5219 0.1333 0.7868 0.0099 7.2974 0.6530 -0.8935
371 1.2728 1.4500 0.1321 0.1718 -0.2780 7.2119 0.6650 -0.9113
372 1.2744 1.4484 0.1321 0.1783 -0.2851 7.1063 0.6220 -0.7388
373 1.2766 1.4502 0.1315 0.1874 -0.2782 7.3202 0.6470 -0.7043
374 1.2807 1.4566 0.1352 0.2041 -0.2532 6.8306 0.7280 -1.0548
375 1.2872 1.4644 0.1339 0.2303 -0.2223 7.2430 0.7650 -1.0203
376 1.2948 1.4724 0.1327 0.2614 -0.1905 7.2228 0.6600 -0.7432
377 1.3010 1.4797 0.1327 0.2866 -0.1617 7.1177 0.6700 -0.8011
378 1.3055 1.4845 0.1345 0.3051 -0.1423 7.2198 0.5570 -0.8400
379 1.3104 1.4885 0.1315 0.3253 -0.1265 7.2385 0.3890 -0.4573
380 1.3119 1.4931 0.1333 0.3319 -0.1083 7.2760 0.4220 -0.7366
381 1.2673 1.4679 0.1302 0.1537 -0.2096 7.6580 0.1690 -0.2949
382 1.2641 1.4677 0.1321 0.1408 -0.2103 7.3930 0.0340 -0.2515
383 1.2657 1.4683 0.1302 0.1477 -0.2083 7.4470 -0.3080 0.2982
384 1.2650 1.4716 0.1352 0.1449 -0.1957 7.1790 -0.2850 0.0530
385 1.2668 1.4717 0.1308 0.1524 -0.1956 7.5297 -0.2330 0.0107
386 1.2716 1.4676 0.1327 0.1715 -0.2122 7.5719 -0.3600 0.2527
387 1.2768 1.4628 0.1315 0.1929 -0.2315 7.3067 -0.3470 0.1642
388 1.2781 1.4622 0.1333 0.1984 -0.2345 7.4082 -0.4530 0.3693
389 1.2764 1.4636 0.1308 0.1919 -0.2291 7.5375 -0.5190 1.1711
390 1.2723 1.4648 0.1327 0.1754 -0.2247 7.3913 -0.4170 0.1321
391 1.2666 1.4685 0.1308 0.1531 -0.2101 7.7490 -0.1820 -0.0237
392 1.2692 1.4710 0.1236 0.1634 -0.2007 8.5690 -0.2610 0.2696
393 1.2712 1.4783 0.1327 0.1719 -0.1716 7.4362 -0.1680 -0.0838
394 1.2734 1.4858 0.1352 0.1807 -0.1418 7.3399 -0.1690 0.1451
395 1.2741 1.4950 0.1302 0.1838 -0.1049 7.8252 -0.0880 -0.1520
396 1.2774 1.5043 0.1345 0.1974 -0.0677 7.4480 -0.1370 0.1066
397 1.2796 1.5119 0.1321 0.2063 -0.0372 7.6384 -0.0730 -0.0544
398 1.2797 1.5203 0.1339 0.2072 -0.0034 7.4946 -0.1510 0.0729
399 1.2795 1.5275 0.1296 0.2066 0.0254 7.7824 -0.0850 0.1122
400 1.2800 1.5396 0.1345 0.2090 0.0744 7.5779 -0.0310 -0.0144
401 1.2720 1.4732 0.1327 0.1771 -0.1916 7.6907 -0.0510 -0.0119
402 1.2753 1.4784 0.1345 0.1906 -0.1709 6.6970 -0.1730 0.2663
403 1.2823 1.4867 0.1302 0.2190 -0.1379 8.0193 -0.1620 0.0783
404 1.2869 1.4944 0.1352 0.2375 -0.1069 6.7761 -0.2020 0.2505
405 1.2924 1.5028 0.1296 0.2599 -0.0733 7.8814 -0.2750 0.2601
406 1.2996 1.5154 0.1321 0.2893 -0.0229 6.9434 -0.1780 -0.0024
407 1.3076 1.5298 0.1290 0.3221 0.0351 7.9891 -0.1090 0.1191
408 1.3128 1.5412 0.1327 0.3435 0.0812 6.9044 -0.2180 0.1411
409 1.3166 1.5526 0.1315 0.3593 0.1272 7.7312 -0.3090 0.2999
410 1.3210 1.5626 0.1345 0.3775 0.1680 7.8052 -0.5150 0.6796
411 1.2678 1.4628 0.1321 0.1651 -0.2317 7.8687 -0.5480 0.5811
412 1.2671 1.4578 0.1333 0.1623 -0.2520 7.7382 -0.4640 0.6175
413 1.2658 1.4508 0.1296 0.1570 -0.2806 8.1974 -0.3830 0.3071
414 1.2640 1.4426 0.1333 0.1501 -0.3142 7.6499 -0.3570 0.4557
415 1.2640 1.4367 0.1315 0.1504 -0.3383 7.9499 -0.3370 0.2478
416 1.2656 1.4352 0.1333 0.1568 -0.3449 7.6842 -0.2520 0.0518
417 1.2703 1.4376 0.1236 0.1759 -0.3358 8.9257 -0.1480 -0.0561
418 1.2793 1.4429 0.1321 0.2122 -0.3155 8.0507 -57.0000 30.0000
419 1.2919 1.4495 0.1230 0.2631 -0.2896 9.0312 -0.1414 0.2154
420 1.3009 1.4550 0.1333 0.2996 -0.2680 7.9953 -0.1870 0.5018
421 1.2708 1.4597 0.1321 0.1793 -0.2496 7.9110 -0.2860 0.5764
422 1.2710 1.4592 0.1315 0.1803 -0.2520 8.2475 -0.1980 0.3115
423 1.2693 1.4541 0.1315 0.1739 -0.2726 8.0805 -0.2770 0.7021
424 1.2698 1.4459 0.1321 0.1758 -0.3063 8.2080 -0.2870 0.4106
425 1.2711 1.4385 0.1230 0.1811 -0.3361 9.1273 -0.5500 0.8590
426 1.2704 1.4347 0.1339 0.1787 -0.3523 8.2066 -0.6700 1.0926
427 1.2704 1.4328 0.1230 0.1787 -0.3603 9.1617 -0.8430 1.0158
428 1.2734 1.4337 0.1339 0.1911 -0.3575 8.1169 -0.9210 1.2985
429 1.2780 1.4310 0.1224 0.2097 -0.3689 9.1447 -0.8160 0.8701
430 1.2800 1.4288 0.1339 0.2183 -0.3785 7.2963 -0.8640 1.1349
431 1.2022 1.5787 0.1308 -0.0934 0.2218 8.4692 -0.8560 0.9101
432 1.2054 1.5805 0.1321 -0.0811 0.2299 8.4006 -0.6670 0.8111
433 1.2104 1.5828 0.1333 -0.0616 0.2399 8.3280 -0.5830 0.7177
434 1.2214 1.5845 0.1339 -0.0178 0.2475 8.5825 -0.4710 0.6042
435 1.2375 1.5872 0.1315 0.0466 0.2592 8.5211 -0.5460 1.0481
436 1.2596 1.5909 0.1345 0.1350 0.2748 8.1053 -0.4920 0.6209
437 1.2859 1.5952 0.1315 0.2405 0.2932 8.5553 -0.5560 0.8456
438 1.3171 1.5968 0.1339 0.3658 0.3004 8.5877 -0.6250 1.0826
439 1.3527 1.5967 0.1315 0.5093 0.3009 8.6518 -0.5760 0.8434
440 1.3868 1.5972 0.1339 0.6471 0.3038 8.2454 -0.6880 0.9346
441 1.2578 1.4695 0.1339 0.1312 -0.2073 8.2588 -0.5440 0.4206
442 1.2592 1.4682 0.1327 0.1371 -0.2125 8.2398 0.4930 -2.6064
443 1.2584 1.4659 0.1321 0.1339 -0.2222 8.3307 -0.5880 0.8211
444 1.2511 1.4638 0.1308 0.1045 -0.2310 8.4949 -0.7550 1.1360
445 1.2423 1.4642 0.1321 0.0692 -0.2297 8.3042 -0.6900 0.8211
446 1.2368 1.4643 0.1308 0.0471 -0.2295 8.6528 -0.7720 1.0548
447 1.2319 1.4676 0.1339 0.0273 -0.2168 8.1170 -0.9200 1.1861
448 1.2320 1.4700 0.1345 0.0278 -0.2075 8.3668 -1.0560 1.5266
449 1.2314 1.4716 0.1333 0.0250 -0.2013 8.3478 -1.1170 1.6145
450 1.2316 1.4697 0.1321 0.0256 -0.2092 8.4478 -1.2010 1.6656
451 1.2589 1.3631 0.1224 0.1348 -0.6371 9.6186 -0.4950 -1.1160
452 1.2599 1.3674 0.1315 0.1389 -0.6213 8.7988 -1.6130 2.2153
453 1.2642 1.3711 0.1339 0.1565 -0.6075 8.2740 -1.7230 2.0551
454 1.2621 1.3755 0.1333 0.1480 -0.5914 8.4264 -1.8200 2.0829
455 1.2592 1.3782 0.1290 0.1367 -0.5816 7.7603 -1.9550 2.4334
456 1.2598 1.3808 0.1333 0.1389 -0.5726 8.4005 -1.8250 2.2687
457 1.2652 1.3817 0.1296 0.1608 -0.5701 7.8982 -1.8280 2.1897
458 1.2714 1.3783 0.1333 0.1860 -0.5849 8.5579 -1.8870 2.0996
459 1.2801 1.3748 0.1327 0.2209 -0.6000 7.8611 -1.9960 2.4612
460 1.2862 1.3699 0.1321 0.2455 -0.6211 8.9221 -1.9410 2.1953
461 1.2793 1.4794 0.1333 0.2183 -0.1831 8.4792 -2.0460 2.3966
462 1.2820 1.4776 0.1321 0.2294 -0.1908 8.6442 -1.9810 2.2553
463 1.2777 1.4800 0.1290 0.2126 -0.1814 7.8910 -1.9990 2.4445
464 1.2739 1.4811 0.1321 0.1975 -0.1772 8.8020 -2.1360 2.6659
465 1.2685 1.4832 0.1296 0.1760 -0.1690 9.1128 -2.1080 2.5124
466 1.2578 1.4837 0.1327 0.1333 -0.1671 8.6394 -2.0250 2.3399
467 1.2487 1.4853 0.1339 0.0970 -0.1606 8.7545 -2.0890 2.6003
468 1.2370 1.4888 0.1321 0.0502 -0.1469 8.8088 0.0000 -4.5167
469 1.2223 1.4932 0.1327 -0.0090 -0.1295 8.8751 -2.1320 2.5791
470 1.2136 1.4973 0.1327 -0.0440 -0.1128 8.8270 -2.1300 2.6236
471 1.2670 1.4752 0.1352 0.1695 -0.2018 8.3591 -2.2400 2.6281
472 1.2683 1.4755 0.1218 0.1752 -0.2006 10.1593 -2.3640 2.7282
473 1.2750 1.4751 0.1315 0.2021 -0.2024 8.8999 -2.4260 2.9530
474 1.2790 1.4751 0.1248 0.2185 -0.2029 9.7151 -2.5230 2.9162
475 1.2827 1.4759 0.1315 0.2336 -0.1999 9.0571 -2.5980 3.1688
476 1.2855 1.4791 0.1254 0.2453 -0.1874 9.6778 -2.5560 3.1154
477 1.2951 1.4826 0.1321 0.2838 -0.1735 9.0172 -2.6150 3.2144
478 1.3057 1.4865 0.1236 0.3270 -0.1580 10.2966 -2.8110 3.3279
479 1.3164 1.4947 0.1327 0.3703 -0.1250 8.7938 -2.9730 3.6617
480 1.3264 1.5002 0.1333 0.4111 -0.1030 9.0995 -3.0870 3.8264
481 1.2768 1.4672 0.1308 0.2130 -0.2355 8.3753 -3.1530 3.6773
482 1.2819 1.4648 0.1327 0.2335 -0.2454 9.0155 -3.0190 3.4125
483 1.2870 1.4628 0.1315 0.2547 -0.2538 9.1187 -3.0240 3.4225
484 1.2933 1.4653 0.1224 0.2800 -0.2442 10.4041 -2.9870 3.4281
485 1.2984 1.4703 0.1327 0.3010 -0.2244 9.0053 -3.2260 3.7563
486 1.3017 1.4774 0.1242 0.3145 -0.1963 10.0394 -3.3220 3.8787
487 1.2997 1.4847 0.1327 0.3072 -0.1672 9.1625 -3.4350 4.1446
488 1.2969 1.4879 0.1339 0.2964 -0.1546 9.0926 -3.4540 4.0790
489 1.2948 1.4902 0.1345 0.2885 -0.1453 9.0354 -3.5420 4.2192
490 1.2920 1.4968 0.1352 0.2776 -0.1190 8.9740 -3.7680 4.7621
491 1.2576 1.4722 0.1315 0.1402 -0.2178 9.1280 -3.8100 4.5173
492 1.2582 1.4700 0.1327 0.1426 -0.2268 8.2750 -3.9270 4.6876
493 1.2567 1.4692 0.1327 0.1369 -0.2302 9.3191 -4.1210 4.9079
494 1.2510 1.4664 0.1333 0.1142 -0.2418 9.0155 -4.0690 4.7922
495 1.2454 1.4624 0.1290 0.0916 -0.2581 9.6702 -4.0110 4.4428
496 1.2431 1.4598 0.1345 0.0822 -0.2690 8.9011 -4.0550 4.5385
497 1.2395 1.4579 0.1315 0.0676 -0.2773 9.4730 -4.1530 5.0036
498 1.2361 1.4541 0.1327 0.0540 -0.2929 9.1576 -4.0370 4.5963
499 1.2343 1.4487 0.1345 0.0465 -0.3148 9.2600 -4.1520 4.7911
500 1.2327 1.4449 0.1339 0.0403 -0.3306 9.4720 -4.1630 4.8990
501 1.2753 1.4678 0.1327 0.2107 -0.2392 9.3239 -4.0950 4.8434
502 1.2770 1.4621 0.1308 0.2176 -0.2627 9.6850 -4.0510 4.6453
503 1.2795 1.4544 0.1302 0.2281 -0.2938 9.4073 -4.1570 4.8300
504 1.2825 1.4408 0.1302 0.2403 -0.3488 9.7929 -4.2000 4.8044
505 1.2870 1.4269 0.1302 0.2587 -0.4051 9.6254 -4.3480 5.1137
506 1.2899 1.4150 0.1370 0.2708 -0.4538 9.1342 -4.6300 5.5388
507 1.2941 1.4036 0.1321 0.2880 -0.5001 9.2551 -4.6880 5.4075
508 1.2972 1.3910 0.1358 0.3008 -0.5514 9.3183 -4.8510 5.6890
509 1.2979 1.3809 0.1321 0.3043 -0.5933 9.2272 -4.6860 5.2739
510 1.2976 1.3707 0.1352 0.3033 -0.6352 9.1755 -4.8390 5.4909
511 1.2819 1.4704 0.1327 0.2411 -0.2368 9.3021 -4.9320 5.8904
512 1.2842 1.4741 0.1302 0.2506 -0.2222 9.6139 -4.9830 5.6756
513 1.2888 1.4815 0.1308 0.2693 -0.1928 9.6192 -4.9510 5.7379
514 1.2918 1.4858 0.1358 0.2818 -0.1756 9.2894 -5.1760 5.9660
515 1.2952 1.4916 0.1315 0.2957 -0.1527 9.5182 -5.2920 6.1885
516 1.2963 1.4971 0.1358 0.3008 -0.1306 9.5095 -5.3360 6.1040
517 1.3019 1.5032 0.1339 0.3236 -0.1062 9.6879 -5.5290 18.6224
518 1.3095 1.5193 0.1352 0.3547 -0.0417 9.5555 0.0000 -10.9596
519 1.3110 1.5334 0.1242 0.3614 0.0149 10.4556 -5.9420 6.7782
520 1.3148 1.5382 0.1315 0.3771 0.0347 9.6607 -6.2620 7.1343
521 1.3117 1.3770 0.1224 0.3652 -0.6114 10.9426 -5.7810 5.9783
522 1.3155 1.3850 0.1364 0.3809 -0.5805 9.6519 -5.8090 6.4367
523 1.3188 1.3982 0.1339 0.3949 -0.5288 9.4706 -5.9280 6.8561
524 1.3217 1.4124 0.1345 0.4073 -0.4727 9.7845 -6.0820 7.0831
525 1.3250 1.4291 0.1364 0.4213 -0.4066 9.2050 -6.0850 6.9440
526 1.3239 1.4470 0.1327 0.4177 -0.3355 9.8539 -6.0570 6.9796
527 1.3255 1.4622 0.1345 0.4249 -0.2754 9.7725 -5.9810 6.9529
528 1.3262 1.4753 0.1327 0.4282 -0.2231 9.6414 -6.0130 6.9396
529 1.3264 1.4871 0.1333 0.4297 -0.1762 8.9203 -6.0790 7.0865
530 1.3204 1.4936 0.1339 0.4067 -0.1499 9.8331 -6.1140 7.0052
531 1.2721 1.4749 0.1302 0.2136 -0.2253 9.3761 -6.3250 7.3646
532 1.2762 1.4702 0.1345 0.2301 -0.2443 9.7901 -6.2710 7.1999
533 1.2842 1.4628 0.1333 0.2628 -0.2740 9.7085 -6.5040 7.4926
534 1.2959 1.4542 0.1358 0.3099 -0.3092 9.6745 -6.4170 7.2133
535 1.3090 1.4393 0.1321 0.3629 -0.3693 9.8288 -6.6230 7.4648
536 1.3206 1.4248 0.1345 0.4098 -0.4279 9.9192 -6.4520 7.3924
537 1.3325 1.4112 0.1321 0.4584 -0.4833 10.1704 -6.6500 7.4414
538 1.3432 1.3933 0.1339 0.5023 -0.5560 9.9027 -6.5080 7.3835
539 1.3608 1.3808 0.1321 0.5736 -0.6071 10.0184 -6.5820 7.3568
540 1.3734 1.3684 0.1345 0.6253 -0.6581 9.8586 -6.5450 7.3713
541 1.2592 1.4805 0.1321 0.1687 -0.2100 10.0451 -6.6280 7.6239
542 1.2607 1.4866 0.1266 0.1745 -0.1856 10.8420 -6.4424 7.3350
543 1.2620 1.4905 0.1333 0.1802 -0.1700 10.2412 -6.5190 2.7004
544 1.2670 1.4915 0.1345 0.2000 -0.1662 9.7989 -6.3200 7.1988
545 1.2695 1.4903 0.1352 0.2104 -0.1712 9.8025 -6.5480 7.4525
546 1.2695 1.4910 0.1339 0.2107 -0.1684 9.9071 -6.4050 10.6358
547 1.2711 1.4961 0.1339 0.2172 -0.1482 10.0472 5.0420 -5.4767
548 1.2732 1.5002 0.1248 0.2258 -0.1316 10.1872 -6.3150 7.1933
549 1.2785 1.5000 0.1333 0.2474 -0.1326 10.0936 -6.3180 7.0586
550 1.2882 1.4983 0.1345 0.2864 -0.1391 10.2062 -6.5530 7.5182
551 1.2616 1.4766 0.1327 0.1802 -0.2263 10.1949 -6.3210 7.1910
552 1.2599 1.4826 0.1339 0.1733 -0.2024 9.2737 -6.4540 7.6350
553 1.2590 1.4879 0.1327 0.1700 -0.1813 10.2294 -6.5140 7.5393
554 1.2615 1.4883 0.1352 0.1800 -0.1797 9.8868 -6.4960 7.2545
555 1.2595 1.4884 0.1339 0.1723 -0.1796 10.2387 -6.4590 7.3023
556 1.2609 1.4841 0.1339 0.1778 -0.1968 10.3793 -6.7310 7.4670
557 1.2585 1.4764 0.1333 0.1684 -0.2281 10.1606 -6.3600 7.1254
558 1.2554 1.4642 0.1364 0.1559 -0.2771 10.1137 -6.4540 7.3680
559 1.2482 1.4534 0.1333 0.1270 -0.3207 10.1320 -6.1600 6.8294
560 1.2426 1.4477 0.1352 0.1045 -0.3440 10.1688 -6.3470 7.3802
561 1.2858 1.4510 0.1248 0.2780 -0.3314 11.2406 -6.3410 6.7571
562 1.2835 1.4538 0.1352 0.2690 -0.3207 10.1376 -6.4200 7.2901
563 1.2783 1.4594 0.1352 0.2486 -0.2987 10.0889 -6.3680 7.0653
564 1.2732 1.4681 0.1339 0.2285 -0.2644 10.6278 -6.4070 7.4136
565 1.2670 1.4767 0.1248 0.2035 -0.2302 11.3657 -6.7020 7.7774
566 1.2603 1.4815 0.1358 0.1769 -0.2111 10.1879 -6.3600 7.1899
567 1.2571 1.4851 0.1254 0.1641 -0.1970 11.2658 -6.6220 7.3635
568 1.2515 1.4888 0.1352 0.1419 -0.1819 10.5459 -6.4890 7.2289
569 1.2449 1.4940 0.1260 0.1153 -0.1614 11.0433 -6.5420 7.5170
570 1.2339 1.4965 0.1358 0.0714 -0.1512 10.1897 -6.4160 6.9184
571 1.2616 1.4646 0.1339 0.1822 -0.2793 10.2419 -6.6240 7.5282
572 1.2588 1.4658 0.1345 0.1711 -0.2749 10.3072 -6.7830 7.4870
573 1.2604 1.4662 0.1352 0.1776 -0.2735 9.3402 -7.0360 8.1780
574 1.2624 1.4621 0.1333 0.1857 -0.2904 10.4896 -7.1570 8.1657
575 1.2664 1.4578 0.1308 0.2019 -0.3079 9.6558 -7.0690 8.0367
576 1.2724 1.4555 0.1321 0.2262 -0.3178 10.6103 -7.2190 8.3549
577 1.2795 1.4540 0.1327 0.2549 -0.3240 10.6150 -7.2440 8.3515
578 1.2921 1.4541 0.1321 0.3057 -0.3240 10.8315 -7.3170 8.3882
579 1.3095 1.4569 0.1339 0.3760 -0.3133 10.4405 -7.3960 8.6920
580 1.3191 1.4605 0.1364 0.4149 -0.2994 9.6034 -7.2780 8.2091
581 1.2632 1.4716 0.1327 0.1915 -0.2553 9.8246 -7.1860 8.3738
582 1.2569 1.4696 0.1352 0.1664 -0.2636 10.6417 -7.2400 8.0823
583 1.2503 1.4624 0.1333 0.1397 -0.2928 10.4498 -7.4030 8.3393
584 1.2384 1.4515 0.1345 0.0921 -0.3367 10.6261 -7.3840 8.4361
585 1.2261 1.4390 0.1315 0.0427 -0.3877 10.6441 -7.5020 8.5941
586 1.2136 1.4285 0.1333 -0.0077 -0.4300 10.7469 -7.3930 8.2258
587 1.2021 1.4193 0.1327 -0.0540 -0.4677 10.8380 -7.4120 8.6631
588 1.1863 1.4129 0.1345 -0.1181 -0.4942 10.6938 -7.4680 8.5118
589 1.1700 1.4069 0.1327 -0.1839 -0.5192 10.8092 -7.2950 8.2903
590 1.1539 1.4021 0.1345 -0.2493 -0.5394 10.6615 -7.3360 8.2314
591 1.2773 1.4822 0.1333 0.2447 -0.2192 10.7621 -7.6720 8.8834
592 1.2848 1.4808 0.1327 0.2748 -0.2250 10.0630 -7.7510 8.7376
593 1.2931 1.4788 0.1333 0.3084 -0.2331 10.7341 -7.9630 9.1248
594 1.3037 1.4792 0.1327 0.3513 -0.2320 11.0102 -8.0010 8.9112
595 1.3087 1.4727 0.1333 0.3722 -0.2581 10.8290 -8.4100 9.7601
596 1.3121 1.4592 0.1333 0.3862 -0.3123 11.1561 -8.3330 9.3629
597 1.3183 1.4458 0.1242 0.4119 -0.3666 11.7690 -8.3200 9.4508
598 1.3217 1.4294 0.1352 0.4259 -0.4330 10.9662 -8.1920 9.2639
599 1.3313 1.4133 0.1345 0.4653 -0.4980 10.6852 -8.0920 9.1704
600 1.3454 1.4042 0.1358 0.5228 -0.5356 10.9839 -7.8050 8.6998
601 1.2684 1.4700 0.1327 0.2149 2.0000 11.3065 -7.8850 9.0870
602 1.2583 1.4704 0.1358 0.1747 2.0000 10.8262 -0.9680 -14.3331
603 1.2500 1.4705 0.1333 0.1415 2.0000 10.8931 -8.3500 10.1585
604 1.2402 1.4704 0.1345 0.1019 2.0000 11.0708 -7.9570 8.6752
605 1.2328 1.4671 0.1254 0.0722 2.0000 11.8129 0.0000 0.1669
606 1.2258 1.4626 0.1352 0.0441 2.0000 10.9672 -7.7870 8.8311
607 1.2177 1.4583 0.1327 0.0114 2.0000 10.9723 -7.7270 8.7176
608 1.2085 1.4520 0.1364 -0.0259 2.0000 10.8506 -7.9080 9.3774
609 1.1925 1.4376 0.1339 -0.0906 2.0000 10.3099 -8.0480 9.4108
610 1.1816 1.4267 0.1345 -0.1349 2.0000 11.0395 -8.0060 9.4019
611 1.2681 1.4712 0.1345 0.2114 -0.2678 10.9292 -7.9960 8.9190
612 1.2679 1.4796 0.1333 0.2108 -0.2344 11.1564 -7.6530 8.6397
613 1.2684 1.4884 0.1333 0.2129 -0.1993 11.1729 -7.7270 8.6775
614 1.2682 1.4987 0.1327 0.2122 -0.1582 11.2021 -7.4650 8.3994
615 1.2707 1.5084 0.1327 0.2227 -0.1192 11.2807 -7.2210 8.0812
616 1.2750 1.5156 0.1242 0.2398 -0.0905 12.3152 -7.4370 8.6508
617 1.2790 1.5207 0.1308 0.2565 -0.0697 11.6602 -7.3630 8.2570
618 1.2811 1.5256 0.1254 0.2649 -0.0499 11.8371 -7.2480 8.1468
619 1.2848 1.5312 0.1315 0.2802 -0.0271 11.4346 -7.0500 7.7908
620 1.2881 1.5320 0.1358 0.2936 -0.0236 10.8631 -6.8010 7.6383
621 1.2678 1.4745 0.1315 0.2127 -0.2537 10.4898 -6.6520 7.5438
622 1.2720 1.4765 0.1345 0.2299 -0.2460 11.0434 -6.8580 7.7396
623 1.2748 1.4810 0.1302 0.2411 -0.2282 11.3326 -6.7880 7.8353
624 1.2771 1.4875 0.1345 0.2508 -0.2024 10.9548 -6.7840 7.5549
625 1.2791 1.4907 0.1290 0.2589 -0.1898 11.4524 -6.6330 7.6717
626 1.2883 1.4910 0.1327 0.2962 -0.1888 11.2736 -6.9410 8.0166
627 1.2911 1.4900 0.1302 0.3076 -0.1925 11.4624 -7.0870 8.2258
628 1.2939 1.4945 0.1352 0.3194 -0.1748 11.1336 -6.9780 10.1073
629 1.3000 1.4964 0.1308 0.3444 -0.1672 11.5461 -6.6640 7.3924
630 1.3055 1.4986 0.1333 0.3669 -0.1586 11.5736 -6.7370 7.7985
631 1.2868 1.4482 0.1308 0.2924 -0.3605 11.5734 -6.4240 7.2100
632 1.2808 1.4494 0.1327 0.2687 -0.3562 10.5838 -6.8110 8.0144
633 1.2688 1.4470 0.1296 0.2209 -0.3664 11.5101 -6.6870 7.5471
634 1.2572 1.4440 0.1327 0.1746 -0.3790 10.6187 -7.0050 8.1791
635 1.2402 1.4412 0.1302 0.1066 -0.3907 11.7782 -7.1550 8.2748
636 1.2246 1.4372 0.1333 0.0437 -0.4072 11.4884 -7.1940 8.0867
637 1.2068 1.4360 0.1333 -0.0277 -0.4127 11.3824 -7.2380 8.1980
638 1.1910 1.4331 0.1321 -0.0918 -0.4250 11.6703 -7.1480 8.1001
639 1.1685 1.4274 0.1236 -0.1823 -0.4485 12.5796 -7.1120 8.1846
640 1.1488 1.4218 0.1308 -0.2621 -0.4719 11.6642 -7.0240 7.8219
641 1.2716 1.4530 0.1315 0.2291 -0.3474 11.4823 -6.9220 7.7796
642 1.2741 1.4523 0.1296 0.2394 -0.3505 11.8418 -6.8720 7.8241
643 1.2784 1.4558 0.1236 0.2567 -0.3371 12.4582 -6.7870 7.6049
644 1.2860 1.4568 0.1302 0.2878 -0.3335 12.1740 -6.8290 7.7540
645 1.2917 1.4571 0.1333 0.3109 -0.3329 11.3299 -6.8400 7.9421
646 1.2988 1.4545 0.1339 0.3396 -0.3436 11.5175 -6.7900 7.5749
647 1.3057 1.4532 0.1333 0.3679 -0.3495 11.4249 -6.7260 7.5104
648 1.3087 1.4570 0.1302 0.3804 -0.3345 11.9946 -6.7900 7.8531
649 1.3061 1.4638 0.1315 0.3707 -0.3078 11.5594 -6.6760 7.5949
650 1.3039 1.4637 0.1333 0.3626 -0.3084 11.7775 -6.4850 7.0553
651 1.3420 1.4620 0.1321 0.5157 -0.3157 11.6927 -6.5220 7.2344
652 1.3408 1.4616 0.1315 0.5118 -0.3176 11.7834 -6.6120 7.5237
653 1.3395 1.4587 0.1296 0.5077 -0.3297 11.4754 0.0000 -13.1849
654 1.3435 1.4566 0.1315 0.5245 -0.3385 11.8186 -6.7610 7.5938
655 1.3497 1.4542 0.1213 0.5504 -0.3484 13.3070 -6.8140 7.7485
656 1.3484 1.4570 0.1321 0.5460 -0.3379 11.9639 -6.7780 7.5905
657 1.3442 1.4598 0.1327 0.5303 -0.3271 11.7228 -6.5420 7.5705
658 1.3383 1.4586 0.1327 0.5074 -0.3323 11.8016 -6.4880 7.0208
659 1.3301 1.4570 0.1302 0.4755 -0.3389 12.0515 -6.3900 7.4058
660 1.3245 1.4580 0.1236 0.4538 -0.3354 12.8603 -6.4120 7.6127
661 1.2626 1.4404 0.1315 0.2064 -0.4064 11.0315 -9.2190 16.9935
662 1.2542 1.4392 0.1236 0.1728 -0.4118 12.7095 -6.3420 7.3902
663 1.2460 1.4390 0.1327 0.1398 -0.4132 11.8214 -6.4620 7.6817
664 1.2350 1.4345 0.1236 0.0959 -0.4318 12.8663 -6.6140 7.7796
665 1.2237 1.4298 0.1302 0.0502 -0.4513 12.2124 -6.3840 6.8962
666 1.2118 1.4295 0.1327 0.0025 -0.4532 11.7513 -6.8340 7.4814
667 1.1992 1.4312 0.1315 -0.0487 -0.4470 12.1612 -6.5000 7.0364
668 1.1868 1.4341 0.1333 -0.0989 -0.4361 12.0798 -6.6360 7.8753
669 1.1721 1.4375 0.1308 -0.1584 -0.4235 12.2071 -6.0090 6.4589
670 1.1614 1.4392 0.1242 -0.2022 -0.4171 13.1375 -5.8620 6.3399
671 1.2798 1.4624 0.1315 0.2719 -0.3247 12.1587 -5.8120 19.5670
672 1.2806 1.4652 0.1308 0.2753 -0.3138 12.3106 -5.1350 5.4620
673 1.2763 1.4684 0.1321 0.2584 -0.3013 12.1808 -5.0440 5.5922
674 1.2717 1.4706 0.1352 0.2402 -0.2927 12.1366 -5.2200 6.4467
675 1.2643 1.4663 0.1339 0.2106 -0.3105 11.9923 -5.3940 6.1685
676 1.2586 1.4607 0.1370 0.1879 -0.3332 11.1465 -5.2500 6.3065
677 1.2521 1.4539 0.1321 0.1619 -0.3608 12.3714 -5.2240 6.5579
678 1.2523 1.4469 0.1358 0.1629 -0.3894 12.2532 -5.0500 5.6945
679 1.2574 1.4385 0.1236 0.1835 -0.4235 13.4197 4.7460 -25.9962
680 1.2629 1.4330 0.1327 0.2055 -0.4461 12.4032 -4.6270 -0.0567
681 1.2671 1.4620 0.1339 0.2227 -0.3306 12.0826 -4.5860 5.0158
682 1.2662 1.4631 0.1339 0.2192 -0.3266 12.3469 -4.6700 5.0180
683 1.2692 1.4622 0.1272 0.2313 -0.3307 12.9226 -4.6100 5.4475
684 1.2749 1.4632 0.1358 0.2543 -0.3268 12.2813 -4.6600 5.4876
685 1.2776 1.4623 0.1242 0.2653 -0.3309 13.3149 -4.6970 5.4219
686 1.2787 1.4599 0.1358 0.2699 -0.3408 12.3144 -4.4670 5.2061
687 1.2768 1.4566 0.1242 0.2628 -0.3546 13.5336 -4.6040 5.1694
688 1.2698 1.4530 0.1345 0.2349 -0.3693 12.3102 -4.6030 5.0659
689 1.2605 1.4507 0.1364 0.1978 -0.3793 11.9782 -4.8310 5.4219
690 1.2559 1.4481 0.1327 0.1795 -0.3899 12.5593 -4.7940 5.7880
691 1.3000 1.4589 0.1339 0.3564 -0.3471 12.3004 -4.7980 5.5098
692 1.3028 1.4586 0.1339 0.3681 -0.3488 12.2552 -4.6710 5.2484
693 1.3012 1.4576 0.1339 0.3622 -0.3533 12.2725 -4.5900 5.0025
694 1.2992 1.4554 0.1327 0.3547 -0.3626 12.6849 -4.4560 4.4150
695 1.2966 1.4512 0.1339 0.3448 -0.3800 12.3057 -4.4510 4.9991
696 1.2960 1.4441 0.1321 0.3430 -0.4086 12.9170 -4.4120 4.7888
697 1.2943 1.4365 0.1333 0.3364 -0.4399 12.2905 -4.5450 5.1504
698 1.2841 1.4261 0.1339 0.2961 -0.4820 12.4793 -4.5480 5.2851
699 1.2693 1.4151 0.1327 0.2371 -0.5271 12.3979 -4.6130 5.6356
700 1.2575 1.4081 0.1352 0.1898 -0.5559 11.6890 -4.4460 4.9557
701 1.3015 1.4520 0.1339 0.3665 -0.3809 11.6717 -4.6020 -1.0904
702 1.2966 1.4547 0.1345 0.3472 -0.3704 12.5898 -4.5870 5.1393
703 1.2912 1.4538 0.1308 0.3261 -0.3743 12.8642 -4.3800 14.0283
704 1.2855 1.4550 0.1345 0.3035 -0.3702 12.5611 -44.2410 30.0000
705 1.2818 1.4521 0.1327 0.2891 -0.3822 11.7083 -4.1840 4.4039
706 1.2802 1.4487 0.1260 0.2829 -0.3964 13.7447 -4.0780 4.4795
707 1.2747 1.4461 0.1321 0.2614 -0.4071 12.5387 -4.2960 4.9468
708 1.2651 1.4393 0.1248 0.2232 -0.4353 13.6120 -4.1450 4.6920
709 1.2550 1.4287 0.1327 0.1826 -0.4784 12.8689 -4.0130 4.0289
710 1.2456 1.4238 0.1327 0.1452 -0.4985 12.5738 -4.2560 4.9357
711 1.3004 1.4506 0.1302 0.3648 -0.3919 13.0049 -4.2070 4.7254
712 1.3048 1.4486 0.1352 0.3829 -0.4004 12.1845 -4.0600 4.6842
713 1.3104 1.4502 0.1308 0.4059 -0.3945 12.7813 -4.0992 5.1713
714 1.3164 1.4538 0.1327 0.4306 -0.3805 12.8847 -3.8000 4.2370
715 1.3220 1.4597 0.1321 0.4537 -0.3574 12.6682 -3.6891 4.2716
716 1.3296 1.4615 0.1339 0.4849 -0.3506 11.7401 -3.9270 4.8478
717 1.3370 1.4613 0.1302 0.5154 -0.3517 12.8623 -3.8830 4.5919
718 1.3431 1.4574 0.1333 0.5408 -0.3677 11.8494 -3.6280 3.7318
719 1.3513 1.4480 0.1296 0.5743 -0.4059 12.9701 -3.3570 3.5416
720 1.3538 1.4429 0.1339 0.5856 -0.4269 12.7748 -3.6570 4.4895
721 1.2722 1.4654 0.1327 0.2595 -0.3372 12.9988 -3.4850 4.2314
722 1.2727 1.4638 0.1327 0.2615 -0.3439 12.8277 -3.7010 4.2848
723 1.2742 1.4630 0.1321 0.2679 -0.3476 12.9186 -3.3400 3.8831
724 1.2722 1.4647 0.1345 0.2599 -0.3412 11.7352 -3.5360 4.1012
725 1.2640 1.4668 0.1308 0.2272 -0.3332 13.0416 -0.4220 -6.0394
726 1.2569 1.4669 0.1290 0.1989 -0.3331 12.5536 -3.5560 4.1880
727 1.2469 1.4725 0.1308 0.1589 -0.3108 12.8937 -3.2010 3.7352
728 1.2351 1.4791 0.1327 0.1116 -0.2846 12.9958 -3.3270 3.8687
729 1.2246 1.4808 0.1290 0.0694 -0.2781 13.1475 -3.2880 3.8742
730 1.2198 1.4868 0.1321 0.0498 -0.2542 13.0398 -3.3120 3.8854
731 1.3144 1.4376 0.1327 0.4290 -0.4516 12.9218 -3.3680 4.2014
732 1.3168 1.4310 0.1308 0.4392 -0.4785 13.1598 -3.6100 4.2147
733 1.3188 1.4199 0.1302 0.4479 -0.5240 13.1898 -3.9780 4.6642
734 1.3205 1.4052 0.1284 0.4553 -0.5838 13.3647 -3.9010 4.4050
735 1.3228 1.3909 0.1296 0.4656 -0.6420 13.1757 -3.9870 4.4562
736 1.3255 1.3781 0.1327 0.4769 -0.6943 13.0086 -3.8860 4.3594
737 1.3296 1.3636 0.1284 0.4942 -0.7536 12.4023 -4.1820 4.7443
738 1.3341 1.3487 0.1333 0.5130 -0.8146 13.0310 -4.5270 5.6333
739 1.3422 1.3335 0.1302 0.5463 -0.8774 12.3354 -4.3140 5.3140
740 1.3469 1.3209 0.1315 0.5661 -0.9294 13.2192 -4.3270 5.3084
741 1.2994 1.4474 0.1224 0.3765 -0.4240 14.1941 -4.1930 4.9034
742 1.2950 1.4494 0.1315 0.3594 -0.4165 13.4349 -4.3190 5.2929
743 1.2870 1.4534 0.1302 0.3278 -0.4009 12.3358 -4.1990 4.8389
744 1.2770 1.4590 0.1308 0.2880 -0.3790 13.3598 -4.3700 4.7844
745 1.2690 1.4617 0.1290 0.2562 -0.3686 13.5966 -4.3210 5.1193
746 1.2654 1.4624 0.1315 0.2420 -0.3663 13.4443 -4.5640 5.6612
747 1.2615 1.4635 0.1315 0.2265 -0.3619 13.2772 -4.5220 5.3029
748 1.2586 1.4651 0.1327 0.2151 -0.3559 13.3314 -4.6300 5.7346
749 1.2537 1.4671 0.1327 0.1956 -0.3483 13.4719 -4.6240 5.3518
750 1.2445 1.4687 0.1327 0.1588 -0.3422 13.3003 -4.8420 6.3176
751 1.3018 1.4552 0.1290 0.3883 -0.3967 13.5710 -4.0000 2.7527
752 1.3038 1.4572 0.1230 0.3968 -0.3891 14.3690 -4.8290 5.7802
753 1.3030 1.4596 0.1302 0.3942 -0.3799 13.5214 -4.4670 4.4161
754 1.3026 1.4656 0.1315 0.3931 -0.3563 13.4530 -4.5900 5.3919
755 1.2979 1.4712 0.1315 0.3749 -0.3342 13.3483 -4.4880 4.8200
756 1.2921 1.4748 0.1315 0.3519 -0.3200 13.3653 -4.4320 5.3874
757 1.2834 1.4767 0.1308 0.3177 -0.3125 13.4565 -4.4670 4.9591
758 1.2779 1.4793 0.1321 0.2959 -0.3023 13.4486 -4.3830 5.1816
759 1.2697 1.4823 0.1327 0.2630 -0.2906 10.5099 -4.3770 4.5919
760 1.2658 1.4835 0.1321 0.2476 -0.2861 13.4165 -4.8140 6.1618
761 1.3024 1.4534 0.1302 0.3947 -0.4069 13.9584 -4.2660 5.0625
762 1.3049 1.4477 0.1218 0.4050 -0.4300 14.6719 -4.3330 4.6787
763 1.3034 1.4362 0.1315 0.3999 -0.4768 13.5969 -4.3640 5.2806
764 1.2976 1.4239 0.1321 0.3771 -0.5266 13.7866 -4.3580 5.3162
765 1.2858 1.4124 0.1308 0.3302 -0.5736 13.6439 -4.2540 4.7243
766 1.2712 1.4018 0.1339 0.2719 -0.6171 13.2307 -4.2230 5.0681
767 1.2586 1.3908 0.1315 0.2215 -0.6622 13.6662 -4.0610 4.6030
768 1.2447 1.3794 0.1321 0.1662 -0.7091 13.7327 -4.1420 5.1449
769 1.2345 1.3668 0.1308 0.1252 -0.7609 13.7741 -3.7140 4.0367
770 1.2251 1.3616 0.1327 0.0871 -0.7828 13.7513 -3.7330 4.4294
771 1.3144 1.4556 0.1296 0.4451 -0.4073 14.0605 -3.6800 4.1435
772 1.3192 1.4522 0.1333 0.4650 -0.4215 13.5746 -3.5780 3.7140
773 1.3207 1.4459 0.1290 0.4715 -0.4472 13.9843 3.5680 -19.6946
774 1.3187 1.4408 0.1327 0.4645 -0.4682 13.5001 -3.7750 4.6186
775 1.3161 1.4385 0.1315 0.4547 -0.4780 13.7265 -3.6380 3.8698
776 1.3090 1.4422 0.1327 0.4269 -0.4638 13.5351 8.4770 -9.3216
777 1.3056 1.4439 0.1315 0.4138 -0.4575 13.6999 -3.8900 4.3349
778 1.3046 1.4430 0.1321 0.4103 -0.4616 13.7519 -3.8590 4.3916
779 1.3023 1.4404 0.1296 0.4016 -0.4725 13.9336 -3.4170 4.0089
780 1.2996 1.4337 0.1321 0.3912 -0.5000 13.9638 -3.3820 4.1747
781 1.4306 1.4014 0.1308 0.9171 -0.6303 13.9911 -3.4640 4.2036
782 1.4267 1.4030 0.1278 0.9034 -0.6247 14.1284 -2.8850 3.5393
783 1.4215 1.3992 0.1296 0.8843 -0.6409 13.9245 -3.1830 4.2025
784 1.4134 1.3927 0.1315 0.8536 -0.6683 13.9052 -3.1310 4.0979
785 1.4083 1.3813 0.1290 0.8347 -0.7147 14.2154 -3.2170 3.5126
786 1.4072 1.3790 0.1327 0.8319 -0.7253 13.5344 -2.9390 2.8183
787 1.3965 1.3709 0.1315 0.7905 -0.7589 12.8061 0.0000 -7.4214
788 1.3876 1.3609 0.1308 0.7561 -0.8006 14.0957 -3.3270 4.2025
789 1.3782 1.3526 0.1201 0.7199 -0.8350 14.2655 -3.0900 3.6050
790 1.3604 1.3420 0.1321 0.6500 -0.8792 13.9841 -3.2820 3.8409
791 1.3134 1.4646 0.1201 0.4625 -0.3890 15.4269 -3.2820 3.8186
792 1.3148 1.4614 0.1308 0.4686 -0.4022 14.2143 -3.6440 3.6584
793 1.3139 1.4586 0.1278 0.4656 -0.4138 14.1696 -3.6330 4.5029
794 1.3104 1.4525 0.1308 0.4523 -0.4388 14.0044 -3.5680 4.4150
795 1.3065 1.4463 0.1284 0.4373 -0.4639 14.0076 -3.6410 4.1958
796 1.3000 1.4345 0.1321 0.4118 -0.5120 13.9507 -3.7600 4.3505
797 1.2902 1.4182 0.1302 0.3730 -0.5778 14.1886 0.0000 -6.5090
798 1.2742 1.4048 0.1302 0.3094 -0.6326 14.2065 -3.7210 4.3071
799 1.2542 1.3893 0.1321 0.2293 -0.6956 14.1873 11.7470 -12.9818
800 1.2352 1.3710 0.1327 0.1532 -0.7699 13.9464 -3.6070 3.8028
801 1.2992 1.4672 0.1315 0.4097 -0.3856 14.2923 -3.7640 4.2570
802 1.2944 1.4712 0.1207 0.3909 -0.3699 15.2347 -3.5880 3.9210
803 1.2844 1.4748 0.1290 0.3512 -0.3557 14.3110 -3.5580 3.6295
804 1.2764 1.4772 0.1236 0.3195 -0.3464 15.0989 -3.5730 4.1646
805 1.2678 1.4810 0.1315 0.2854 -0.3313 13.1544 -3.8980 5.4542
806 1.2572 1.4835 0.1296 0.2430 -0.3216 14.3483 0.0000 -7.4992
807 1.2480 1.4832 0.1290 0.2062 -0.3231 14.5620 -3.6410 4.2180
808 1.2380 1.4816 0.1224 0.1660 -0.3293 14.2913 -3.2850 3.8219
809 1.2266 1.4813 0.1302 0.1200 -0.3308 14.1469 -3.8080 5.7858
810 1.2147 1.4833 0.1290 0.0722 -0.3228 14.5538 -3.5420 3.6517
811 1.3030 1.4500 0.1236 0.4260 -0.4567 15.0981 -3.5370 4.3961
812 1.3054 1.4500 0.1296 0.4361 -0.4572 14.5166 -3.2850 3.2656
813 1.3114 1.4472 0.1315 0.4607 -0.4689 14.0713 -3.4250 4.3872
814 1.3187 1.4432 0.1284 0.4907 -0.4855 14.6980 -3.2220 3.5783
815 1.3249 1.4400 0.1213 0.5162 -0.4989 15.2677 -3.2700 3.3691
816 1.3352 1.4356 0.1290 0.5584 -0.5172 14.5355 -3.6550 4.1624
817 1.3439 1.4328 0.1284 0.5941 -0.5291 14.3241 -3.6830 3.9733
818 1.3520 1.4280 0.1308 0.6275 -0.5491 14.4092 -3.4490 3.8553
819 1.3618 1.4219 0.1290 0.6679 -0.5740 14.5855 -3.5040 4.1190
820 1.3716 1.4123 0.1296 0.7079 -0.6134 14.5298 -3.5160 3.8342
821 1.3148 1.4495 0.1321 0.4817 -0.4651 14.3112 -3.7400 4.8467
822 1.3134 1.4488 0.1302 0.4765 -0.4686 14.4882 -3.5920 4.1635
823 1.3123 1.4512 0.1290 0.4727 -0.4593 14.3507 -3.6380 4.2214
824 1.3148 1.4561 0.1290 0.4833 -0.4403 14.6706 -4.0210 5.4575
825 1.3188 1.4605 0.1254 0.5001 -0.4229 14.3448 -3.7170 4.3249
826 1.3251 1.4594 0.1302 0.5262 -0.4278 14.3792 7.3490 -8.0590
827 1.3303 1.4538 0.1296 0.5476 -0.4507 14.6524 -3.8820 4.4751
828 1.3318 1.4470 0.1302 0.5547 -0.4784 14.5365 -3.7160 4.0389
829 1.3346 1.4378 0.1290 0.5665 -0.5157 14.8220 -3.9020 5.0447
830 1.3377 1.4299 0.1296 0.5800 -0.5482 14.8892 -3.8680 4.7221
831 1.2890 1.4514 0.1296 0.3854 -0.4626 14.4785 -3.5730 3.4881
832 1.2910 1.4488 0.1213 0.3938 -0.4733 14.9653 -3.5390 4.1046
833 1.2927 1.4493 0.1266 0.4012 -0.4719 14.9382 -3.6580 5.0559
834 1.2911 1.4494 0.1315 0.3949 -0.4722 14.7380 -3.4690 3.7418
835 1.2878 1.4498 0.1272 0.3822 -0.4712 14.8382 -3.5300 4.2103
836 1.2855 1.4502 0.1296 0.3734 -0.4698 14.9904 -3.7580 4.0300
837 1.2859 1.4493 0.1284 0.3755 -0.4738 15.0929 -4.2490 5.6534
838 1.2857 1.4524 0.1327 0.3751 -0.4621 14.6584 -3.9730 4.7988
839 1.2859 1.4560 0.1213 0.3762 -0.4482 15.6232 -3.6070 3.5616
840 1.2878 1.4571 0.1308 0.3842 -0.4441 14.9151 -3.5860 3.7251
841 1.3070 1.4614 0.1284 0.4614 -0.4273 14.9773 -3.6150 3.8420
842 1.3126 1.4597 0.1302 0.4845 -0.4344 13.9383 -3.9140 5.0425
843 1.3250 1.4550 0.1284 0.5348 -0.4538 14.8292 0.8420 -0.7756
844 1.3338 1.4475 0.1321 0.5709 -0.4845 14.7106 0.0000 -9.4019
845 1.3402 1.4416 0.1284 0.5974 -0.5086 15.3481 -4.6760 29.1024
846 1.3505 1.4330 0.1321 0.6395 -0.5435 14.6817 -4.3430 4.9991
847 1.3654 1.4277 0.1189 0.7003 -0.5656 16.0967 -4.5070 5.6089
848 1.3722 1.4245 0.1302 0.7286 -0.5792 14.9987 -4.3270 4.5541
849 1.3737 1.4210 0.1183 0.7361 -0.5937 16.4448 -4.1350 4.3671
850 1.3845 1.4149 0.1290 0.7805 -0.6193 15.1200 4.0400 -23.6795
851 1.2878 1.4496 0.1296 0.3941 -0.4809 14.8228 -3.9610 4.3872
852 1.2874 1.4523 0.1278 0.3929 -0.4704 15.6067 -4.4610 5.9894
853 1.2867 1.4547 0.1308 0.3904 -0.4615 14.8330 -4.5830 5.7936
854 1.2798 1.4582 0.1321 0.3630 -0.4477 15.0690 -4.8720 6.1485
855 1.2751 1.4595 0.1290 0.3446 -0.4430 15.2054 -4.8380 6.3577
856 1.2695 1.4591 0.1296 0.3225 -0.4451 15.2107 -4.2830 5.1082
857 1.2668 1.4551 0.1278 0.3116 -0.4616 15.3248 -4.1830 4.3315
858 1.2628 1.4542 0.1327 0.2961 -0.4654 15.0618 -3.9000 17.6355
859 1.2591 1.4514 0.1284 0.2812 -0.4772 15.4091 -3.7300 3.9388
860 1.2556 1.4481 0.1302 0.2672 -0.4907 15.2081 -33.8470 30.0000
861 1.2738 1.4630 0.1302 0.3403 -0.4316 15.0400 -3.7370 4.3249
862 1.2768 1.4594 0.1296 0.3525 -0.4464 15.1919 -3.4090 3.9599
863 1.2898 1.4498 0.1278 0.4050 -0.4853 15.3070 -3.5550 3.8575
864 1.3032 1.4374 0.1207 0.4591 -0.5356 16.3036 -3.7130 3.9377
865 1.3128 1.4271 0.1284 0.4981 -0.5773 15.2073 -3.8210 4.3315
866 1.3250 1.4159 0.1296 0.5477 -0.6231 15.3223 -3.4640 3.4270
867 1.3380 1.4067 0.1266 0.6007 -0.6609 15.3408 -3.0990 2.9719
868 1.3493 1.3979 0.1189 0.6466 -0.6972 16.4620 -3.5700 4.2904
869 1.3563 1.3878 0.1272 0.6757 -0.7385 15.7893 -3.3730 4.3004
870 1.3627 1.3791 0.1195 0.7027 -0.7747 16.3082 -3.6440 4.6509
871 1.2724 1.4692 0.1290 0.3415 -0.4145 14.6461 -3.2930 3.5282
872 1.2728 1.4672 0.1266 0.3434 -0.4228 15.3694 -3.6090 4.2314
873 1.2760 1.4680 0.1248 0.3564 -0.4200 15.6634 -3.3560 3.6940
874 1.2748 1.4660 0.1278 0.3519 -0.4283 15.3215 -3.2670 3.9377
875 1.2722 1.4636 0.1254 0.3415 -0.4383 15.5650 -2.7640 2.9774
876 1.2711 1.4556 0.1290 0.3376 -0.4707 15.3896 -2.9380 4.0500
877 1.2690 1.4480 0.1284 0.3294 -0.5016 15.5414 -3.1750 4.4005
878 1.2667 1.4424 0.1290 0.3201 -0.5246 15.3058 -3.1160 3.6606
879 1.2655 1.4356 0.1254 0.3156 -0.5524 15.5788 -2.8410 3.5282
880 1.2599 1.4276 0.1248 0.2934 -0.5852 15.5504 -2.5300 2.4300
881 1.2800 1.4469 0.1224 0.3740 -0.5087 15.6734 -2.0700 1.7446
882 1.2785 1.4496 0.1248 0.3684 -0.4983 15.7597 -1.5860 1.5243
883 1.2764 1.4485 0.1266 0.3601 -0.5030 15.6235 -1.3070 1.6612
884 1.2742 1.4471 0.1260 0.3516 -0.5093 15.8342 -0.8680 0.8434
885 1.2742 1.4459 0.1248 0.3519 -0.5145 16.0528 -0.2400 -0.4250
886 1.2692 1.4488 0.1242 0.3321 -0.5036 16.0225 0.4880 -0.3959
887 1.2606 1.4531 0.1248 0.2979 -0.4866 15.7308 1.3160 -1.5900
888 1.2516 1.4544 0.1260 0.2619 -0.4820 15.5465 2.2430 -2.6812
889 1.2431 1.4573 0.1236 0.2275 -0.4710 15.9112 2.7730 -2.9342
890 1.2341 1.4643 0.1254 0.1914 -0.4431 15.1283 3.1420 -3.6769
891 1.3063 1.4701 0.1248 0.4807 -0.4204 15.8032 2.8700 -2.7703
892 1.3016 1.4719 0.1272 0.4628 -0.4136 15.5938 2.8990 -3.1054
893 1.2958 1.4737 0.1154 0.4400 -0.4064 17.0829 2.6020 -2.8744
894 1.2912 1.4719 0.1236 0.4219 -0.4141 16.3016 2.3800 -3.2772
895 1.2877 1.4681 0.1248 0.4081 -0.4295 15.6380 1.9990 -2.0328
896 1.2846 1.4628 0.1278 0.3961 -0.4510 15.8926 1.6490 -1.5811
897 1.2840 1.4579 0.1242 0.3942 -0.4710 16.0435 1.6940 -2.0517
898 1.2838 1.4561 0.1284 0.3939 -0.4787 15.9786 1.3900 -1.7135
899 1.2857 1.4542 0.1137 0.4015 -0.4867 17.1008 1.0000 -1.2795
900 1.2871 1.4511 0.1272 0.4076 -0.4995 15.9206 1.9810 -3.5195
901 1.3192 1.5114 0.1224 0.5366 -0.2583 16.3292 1.3690 -1.4253
902 1.3264 1.5022 0.1254 0.5663 -0.2951 16.1111 0.8080 -0.6231
903 1.3366 1.4950 0.1254 0.6079 -0.3240 16.0105 0.8300 -1.0214
904 1.3490 1.4834 0.1254 0.6586 -0.3705 15.9693 0.8120 -1.0704
905 1.3585 1.4706 0.1242 0.6976 -0.4220 16.1874 0.0000 -0.1669
906 1.3684 1.4489 0.1266 0.7386 -0.5093 16.2190 0.9020 -1.0615
907 1.3708 1.4240 0.1260 0.7491 -0.6096 16.0097 0.8400 -1.4220
908 1.3714 1.4019 0.1242 0.7529 -0.6989 16.2433 0.4400 -0.4384
909 1.3727 1.3819 0.1266 0.7594 -0.7804 16.0949 0.3650 -0.3349
910 1.3705 1.3590 0.1272 0.7515 -0.8733 16.1609 0.3290 -0.3216
911 1.3156 1.4910 0.1260 0.5327 -0.3453 16.3198 0.2936 -0.3502
912 1.3200 1.4882 0.1242 0.5510 -0.3567 16.2542 0.1530 -0.4017
913 1.3207 1.4786 0.1248 0.5547 -0.3953 16.3208 0.4290 -1.0181
914 1.3237 1.4680 0.1278 0.5672 -0.4380 16.1589 0.1810 -0.3928
915 1.3284 1.4572 0.1266 0.5870 -0.4815 16.0785 0.0350 0.0662
916 1.3272 1.4381 0.1189 0.5827 -0.5587 17.3807 0.0880 -0.1647
917 1.3190 1.4153 0.1260 0.5505 -0.6506 16.6091 0.3470 -0.8779
918 1.3063 1.3850 0.1183 0.5006 -0.7732 17.2467 0.4470 -1.2673
919 1.2925 1.3543 0.1278 0.4457 -0.8973 16.3693 -0.4580 0.4264
920 1.2783 1.3254 0.1178 0.3891 -1.0147 17.3535 -0.6750 0.5746
921 1.2902 1.5155 0.1266 0.4372 -0.2540 15.3671 -0.7140 0.9966
922 1.2894 1.5122 0.1278 0.4344 -0.2673 16.2372 -1.0480 0.9597
923 1.2946 1.5092 0.1260 0.4556 -0.2791 16.2926 -0.7300 0.5830
924 1.3026 1.5024 0.1278 0.4881 -0.3063 16.4550 -0.3830 0.3698
925 1.3114 1.4926 0.1284 0.5239 -0.3455 16.0365 -0.2960 -0.0637
926 1.3178 1.4776 0.1195 0.5503 -0.4057 17.3048 0.0000 -0.5963
927 1.3207 1.4590 0.1248 0.5624 -0.4804 16.5068 -0.3290 0.6429
928 1.3279 1.4417 0.1132 0.5923 -0.5505 18.0419 -0.0810 -9.9625
929 1.3372 1.4239 0.1266 0.6302 -0.6223 16.6292 -0.5380 0.5405
930 1.3453 1.4033 0.1272 0.6634 -0.7056 16.6355 -0.7350 1.2232
931 1.3072 1.4962 0.1242 0.5117 -0.3341 16.7125 -0.6310 1.0595
932 1.2992 1.5018 0.1278 0.4802 -0.3117 16.4795 -0.4350 0.4351
933 1.2870 1.5073 0.1248 0.4317 -0.2896 16.5588 -0.7190 0.7629
934 1.2785 1.5167 0.1278 0.3979 -0.2519 15.5719 0.0000 -1.6170
935 1.2680 1.5250 0.1242 0.3564 -0.2184 16.7831 -0.5880 0.4922
936 1.2549 1.5340 0.1183 0.3039 -0.1821 16.8004 -0.6640 0.7333
937 1.2390 1.5466 0.1236 0.2403 -0.1313 16.8922 -0.3930 0.8203
938 1.2307 1.5540 0.1278 0.2070 -0.1012 15.7592 -0.2910 0.2427
939 1.2293 1.5562 0.1278 0.2008 -0.0919 16.3071 -0.4200 0.5206
940 1.2306 1.5571 0.1272 0.2059 -0.0873 16.9392 -0.5550 0.7952
941 1.3144 1.5010 0.1266 0.5418 -0.3119 16.7242 -0.5290 0.9184
942 1.3188 1.4990 0.1272 0.5601 -0.3201 16.8517 -1.0230 1.6599
943 1.3284 1.4907 0.1242 0.5993 -0.3533 17.1091 -1.1480 1.6111
944 1.3360 1.4780 0.1266 0.6305 -0.4043 16.9007 -0.5240 -0.0633
945 1.3429 1.4744 0.1272 0.6593 -0.4187 16.5991 -0.7650 1.3324
946 1.3520 1.4729 0.1272 0.6966 -0.4251 16.8541 -1.0560 0.9423
947 1.3612 1.4686 0.1248 0.7344 -0.4427 16.5647 -1.1250 1.3743
948 1.3684 1.4654 0.1278 0.7642 -0.4560 16.7589 1.0540 -6.0636
949 1.3751 1.4659 0.1242 0.7925 -0.4542 17.0294 -1.2450 1.5254
950 1.3775 1.4643 0.1284 0.8033 -0.4608 15.9534 -1.3900 1.7769
951 1.2988 1.4926 0.1236 0.4890 -0.3478 16.9557 -1.5430 2.3176
952 1.2984 1.4986 0.1248 0.4879 -0.3238 16.8912 -1.1260 0.7477
953 1.3024 1.4986 0.1160 0.5044 -0.3238 17.7869 -1.4830 1.6634
954 1.3126 1.4942 0.1242 0.5457 -0.3415 17.0607 -1.8750 2.2731
955 1.3225 1.4926 0.1166 0.5863 -0.3480 17.1119 -1.8390 2.0751
956 1.3333 1.4870 0.1242 0.6303 -0.3705 16.9768 -1.8140 1.6979
957 1.3429 1.4810 0.1166 0.6696 -0.3947 17.9095 -1.8590 2.3488
958 1.3488 1.4730 0.1242 0.6942 -0.4269 16.8967 -1.7660 2.3432
959 1.3480 1.4622 0.1230 0.6920 -0.4705 17.1171 -1.4900 1.5755
960 1.3503 1.4478 0.1266 0.7020 -0.5286 17.0639 -1.6230 1.9060
961 1.2974 1.4714 0.1260 0.4910 -0.4345 17.2711 -1.3430 1.9037
962 1.2944 1.4698 0.1290 0.4794 -0.4412 16.7433 -1.3730 1.6946
963 1.2861 1.4710 0.1266 0.4464 -0.4367 17.1117 -1.2580 1.1883
964 1.2733 1.4737 0.1296 0.3957 -0.4260 16.5877 -1.3210 1.3697
965 1.2626 1.4742 0.1236 0.3531 -0.4244 17.3836 -1.4840 1.7691
966 1.2455 1.4757 0.1272 0.2845 -0.4186 17.1515 -1.3660 1.6512
967 1.2296 1.4742 0.1242 0.2205 -0.4248 17.2896 -1.2140 0.9969
968 1.2100 1.4723 0.1284 0.1419 -0.4328 17.0434 -0.9790 0.8801
969 1.1877 1.4696 0.1284 0.0519 -0.4439 15.9445 -0.7900 0.9302
970 1.1657 1.4633 0.1284 -0.0367 -0.4696 17.0204 -0.6860 1.0058
971 1.3108 1.4922 0.1266 0.5441 -0.3540 17.3764 -0.5400 0.8968
972 1.3099 1.4914 0.1248 0.5412 -0.3573 17.1290 -0.6240 0.3115
973 1.3071 1.4962 0.1218 0.5306 -0.3381 16.6324 -0.7170 0.6175
974 1.3087 1.5022 0.1236 0.5377 -0.3141 17.3700 0.8730 -0.8103
975 1.3128 1.5126 0.1218 0.5544 -0.2723 17.4207 -0.1150 -0.4785
976 1.3188 1.5229 0.1242 0.5792 -0.2308 17.4524 0.1030 -0.1812
977 1.3244 1.5327 0.1230 0.6025 -0.1913 16.3940 0.2510 -0.5219
978 1.3313 1.5440 0.1236 0.6307 -0.1458 17.7418 -0.2230 1.3837
979 1.3369 1.5540 0.1230 0.6541 -0.1050 17.4151 -0.1100 0.1513
980 1.3413 1.5679 0.1213 0.6728 -0.0489 17.5292 -0.1110 0.4147
981 1.2774 1.4854 0.1218 0.4173 -0.3791 17.5921 0.0260 0.3361
982 1.2794 1.4881 0.1218 0.4256 -0.3684 17.6704 -2.6020 9.4952
983 1.2819 1.4890 0.1213 0.4361 -0.3648 17.4089 -0.4260 0.7833
984 1.2883 1.4893 0.1254 0.4618 -0.3637 17.2237 -0.0710 -0.0211
985 1.2949 1.4945 0.1183 0.4888 -0.3429 17.9702 0.0000 -0.0690
986 1.3064 1.5001 0.1230 0.5355 -0.3208 17.7823 0.0000 0.1518
987 1.3152 1.5060 0.1201 0.5711 -0.2971 17.7996 0.8170 -1.2141
988 1.3291 1.5099 0.1248 0.6276 -0.2814 16.5581 1.2740 -1.4941
989 1.3466 1.5094 0.1213 0.6987 -0.2833 17.6990 1.5900 -2.0711
990 1.3606 1.5061 0.1260 0.7555 -0.2964 16.6261 2.1990 -2.6777
991 1.2663 1.5028 0.1230 0.3785 -0.3095 17.6990 1.3320 -1.9677
992 1.2675 1.5000 0.1278 0.3834 -0.3207 16.6169 1.5630 -1.2588
993 1.2683 1.4944 0.1242 0.3871 -0.3432 17.8919 1.2040 -1.4832
994 1.2640 1.4876 0.1290 0.3699 -0.3705 16.5674 1.0130 -1.8177
995 1.2612 1.4840 0.1278 0.3590 -0.3851 17.3709 0.4100 0.7365
996 1.2567 1.4704 0.1296 0.3410 -0.4396 17.5307 -0.0846 0.1849
997 1.2502 1.4541 0.1254 0.3148 -0.5054 17.7553 1.0740 -4.0192
998 1.2397 1.4358 0.1284 0.2726 -0.5793 17.6531 -0.0540 -0.2734
999 1.2266 1.4195 0.1248 0.2200 -0.6455 18.1644 0.1410 -0.7743
1000 1.2121 1.3982 0.1189 0.1616 -0.7316 17.9404 -0.4210 0.4550
1001 1.2214 1.5012 0.1183 0.1987 -0.3193 18.7978 -0.8570 0.6021
1002 1.2206 1.5013 0.1272 0.1952 -0.3189 17.6880 -0.4900 0.6805
1003 1.2196 1.4992 0.1218 0.1909 -0.3273 18.2906 -0.0890 -0.3788
1004 1.2208 1.5024 0.1254 0.1953 -0.3148 16.8302 0.2240 -0.2191
1005 1.2182 1.5113 0.1195 0.1847 -0.2791 18.4285 0.8510 -1.2686
1006 1.2190 1.5253 0.1224 0.1874 -0.2228 17.1084 1.5540 -2.1218
1007 1.2277 1.5344 0.1218 0.2222 -0.1859 18.1277 2.0180 -2.6598
1008 1.2354 1.5344 0.1224 0.2528 -0.1857 17.9582 1.7860 -1.6820
1009 1.2346 1.5275 0.1189 0.2496 -0.2129 18.4592 1.1150 -1.4846
1010 1.2346 1.5119 0.1224 0.2492 -0.2751 18.0573 0.7000 -0.7016
1011 1.1814 1.4714 0.1213 0.0357 -0.4375 17.9833 0.9230 -1.1625
1012 1.1829 1.4731 0.1236 0.0410 -0.4310 18.1916 -0.2270 0.5305
1013 1.1896 1.4776 0.1224 0.0672 -0.4132 18.4726 0.0000 0.6209
1014 1.1951 1.4895 0.1266 0.0887 -0.3658 17.9310 0.0000 1.5764
1015 1.2020 1.4962 0.1266 0.1160 -0.3388 18.0661 1.3650 -1.1271
1016 1.2145 1.4989 0.1272 0.1656 -0.3282 18.0129 -1.6420 1.6956
1017 1.2354 1.4963 0.1284 0.2490 -0.3384 16.9441 3.5020 -9.0351
1018 1.2551 1.4958 0.1278 0.3278 -0.3406 18.2793 0.2630 0.3171
1019 1.2792 1.4996 0.1207 0.4244 -0.3253 18.2589 -3.4750 3.7228
1020 1.3050 1.5127 0.1290 0.5283 -0.2730 18.3534 -0.1720 0.4053
1021 1.1824 1.4930 0.1178 0.0372 -0.3518 19.2343 0.1290 -0.2882
1022 1.1831 1.4910 0.1266 0.0395 -0.3598 18.3715 -0.1760 0.3719
1023 1.1856 1.4862 0.1284 0.0487 -0.3792 17.1652 -0.3130 -0.0436
1024 1.1822 1.4842 0.1290 0.0346 -0.3873 17.9976 -0.7590 0.4665
1025 1.1792 1.4818 0.1260 0.0219 -0.3971 18.3741 0.3450 -1.1530
1026 1.1755 1.4770 0.1290 0.0061 -0.4166 18.3329 -0.1450 -0.0565
1027 1.1697 1.4678 0.1290 -0.0177 -0.4537 17.3360 -0.3130 0.5087
1028 1.1604 1.4518 0.1278 -0.0558 -0.5182 18.3925 0.7930 -1.1118
1029 1.1463 1.4314 0.1284 -0.1135 -0.6004 18.3986 0.7130 -1.0246
1030 1.1403 1.4114 0.1290 -0.1383 -0.6813 18.3435 -0.0460 0.2305
1031 1.1910 1.4760 0.1272 0.0637 -0.4232 18.5149 -0.9100 1.5016
1032 1.1858 1.4780 0.1172 0.0423 -0.4154 19.6759 -0.4990 0.0246
1033 1.1834 1.4700 0.1266 0.0319 -0.4477 18.5028 0.4350 -0.6148
1034 1.1819 1.4520 0.1218 0.0255 -0.5202 18.9719 0.8190 -1.2674
1035 1.1837 1.4304 0.1254 0.0320 -0.6073 18.7401 1.3540 -1.6675
1036 1.1879 1.3976 0.1296 0.0482 -0.7395 18.0708 2.1470 -3.1165
1037 1.1870 1.3589 0.1278 0.0437 -0.8956 18.7927 1.5910 -1.3697
1038 1.1832 1.3258 0.1284 0.0279 -1.0298 18.2530 0.8850 -0.6665
1039 1.1694 1.3027 0.1278 -0.0280 -1.1242 18.4043 0.2930 0.3371
1040 1.1528 1.2899 0.1254 -0.0955 -1.1775 18.5878 -0.4820 0.4688
1041 1.1484 1.4850 0.1266 -0.1140 -0.3973 18.5188 -0.6720 0.8400
1042 1.1409 1.4770 0.1260 -0.1450 -0.4295 18.4259 -1.1500 1.1372
1043 1.1396 1.4666 0.1272 -0.1515 -0.4716 18.4196 -2.1850 2.3928
1044 1.1374 1.4509 0.1278 -0.1615 -0.5347 18.4852 -1.6870 1.2477
1045 1.1405 1.4357 0.1266 -0.1499 -0.5963 18.2897 -1.5920 1.5499
1046 1.1441 1.4184 0.1260 -0.1367 -0.6661 19.1030 -1.8120 2.1092
1047 1.1529 1.4026 0.1254 -0.1025 -0.7303 18.7689 -1.2000 1.2211
1048 1.1611 1.3843 0.1266 -0.0706 -0.8049 17.9917 -0.5800 -0.2759
1049 1.1699 1.3713 0.1266 -0.0363 -0.8580 18.5425 0.1450 -0.2971
1050 1.1798 1.3604 0.1236 0.0027 -0.9031 17.9247 0.0410 0.7322
1051 1.1648 1.4975 0.1213 -0.0581 -0.3544 18.7455 -1.4840 2.8896
1052 1.1583 1.5077 0.1236 -0.0851 -0.3138 17.9598 -2.6130 3.2267
1053 1.1502 1.5278 0.1242 -0.1183 -0.2329 18.7241 -3.2930 3.7108
1054 1.1406 1.5500 0.1248 -0.1579 -0.1437 18.5528 -3.1580 3.4425
1055 1.1321 1.5641 0.1172 -0.1930 -0.0866 19.6579 -3.1310 3.2367
1056 1.1112 1.5858 0.1260 -0.2781 0.0008 18.7366 -2.4690 2.6292
1057 1.0858 1.6094 0.1284 -0.3811 0.0964 18.7070 -2.7140 3.1866
1058 1.0569 1.6337 0.1296 -0.4988 0.1951 17.9829 0.8010 -0.7297
1059 1.0236 1.6652 0.1278 -0.6344 0.3225 18.8161 -2.7940 3.4492
1060 0.9959 1.6978 0.1183 -0.7475 0.4550 19.1409 -0.6060 0.8412
1061 1.2457 1.5360 0.1284 0.2514 -0.1918 18.8377 -2.1810 2.0284
1062 1.2436 1.5500 0.1284 0.2431 -0.1353 18.9162 -2.1970 2.6114
1063 1.2364 1.5724 0.1172 0.2140 -0.0450 20.2223 -2.4035 2.9514
1064 1.2255 1.5992 0.1284 0.1703 0.0632 19.0744 -1.3130 -21.4863
1065 1.2183 1.6160 0.1339 0.1413 0.1315 18.6718 -0.4000 0.2715
1066 1.2058 1.6376 0.1321 0.0906 0.2193 18.7269 0.5270 -0.4230
1067 1.1904 1.6588 0.1230 0.0285 0.3057 19.8305 1.3340 -1.8978
1068 1.1674 1.6840 0.1296 -0.0642 0.4083 18.9344 2.0380 -12.5909
1069 1.1385 1.7102 0.1278 -0.1812 0.5151 19.2315 1.6790 -1.7791
1070 1.1035 1.7343 0.1248 -0.3225 0.6141 18.8898 2.1580 -2.6606
1071 1.2154 1.4710 0.1149 0.1249 -0.4395 20.0971 1.8000 -1.9677
1072 1.2056 1.4585 0.1266 0.0852 -0.4899 19.1269 0.8610 -0.4237
1073 1.1906 1.4487 0.1272 0.0243 -0.5298 18.9493 -0.3490 1.6384
1074 1.1707 1.4366 0.1290 -0.0557 -0.5788 18.8101 -1.1040 1.0052
1075 1.1541 1.4211 0.1284 -0.1233 -0.6413 18.8378 -1.4260 2.1768
1076 1.1272 1.4054 0.1290 -0.2319 -0.7050 19.2678 -2.1430 2.8944
1077 1.1015 1.3942 0.1272 -0.3362 -0.7512 19.0193 -2.4710 3.1617
1078 1.0706 1.3873 0.1308 -0.4617 -0.7800 18.9019 -2.9950 4.2515
1079 1.0340 1.3872 0.1236 -0.6105 -0.7815 19.4270 -3.0760 3.4759
1080 0.9918 1.3904 0.1278 -0.7816 -0.7696 19.0022 -3.3370 3.4014
1081 1.1952 1.4660 0.1207 0.0314 -0.4676 19.3999 -2.6810 2.8495
1082 1.1892 1.4548 0.1254 0.0067 -0.5128 19.2654 -2.0200 3.1488
1083 1.1735 1.4488 0.1290 -0.0569 -0.5373 18.9700 -2.8810 3.3724
1084 1.1557 1.4472 0.1213 -0.1288 -0.5442 20.4666 -3.0400 4.0745
1085 1.1456 1.4456 0.1339 -0.1705 -0.5512 18.9600 -4.1110 5.1749
1086 1.1389 1.4468 0.1143 -0.1985 -0.5469 18.9926 -3.5590 4.0934
1087 1.1334 1.4524 0.1402 -0.2215 -0.5250 19.0537 -3.8600 3.8409
1088 1.1325 1.4584 0.1302 -0.2263 -0.5014 20.2016 -4.1130 4.4317
1089 1.1286 1.4672 0.1358 -0.2429 -0.4665 19.2989 -3.9720 4.0790
1090 1.1196 1.4828 0.1278 -0.2804 -0.4043 20.3353 -2.7960 2.5880
1091 1.1320 1.4796 0.1290 -0.2320 -0.4173 20.3926 -1.6620 2.0161
1092 1.1204 1.4772 0.1396 -0.2796 -0.4271 19.7835 -1.7180 1.9516
1093 1.1116 1.4792 0.1389 -0.3162 -0.4193 19.6151 -2.6770 3.8331
1094 1.1020 1.4859 0.1358 -0.3560 -0.3926 19.8142 -3.5300 4.5975
1095 1.0908 1.4904 0.1389 -0.4023 -0.3750 19.3855 -3.8270 4.4851
1096 1.0729 1.4946 0.1296 -0.4760 -0.3579 20.5173 -4.0000 4.6175
1097 1.0548 1.4987 0.1389 -0.5502 -0.3418 19.1000 -4.3290 4.4094
1098 1.0380 1.4991 0.1402 -0.6197 -0.3400 19.7291 -4.0920 4.1257
1099 1.0175 1.4944 0.1473 -0.7039 -0.3588 19.0872 -3.8750 4.4784
1100 0.9946 1.4886 0.1546 -0.7980 -0.3824 18.6855 -3.5930 3.6461
1101 0.9614 1.3316 0.1539 -0.9337 -1.0119 18.8426 -3.1560 3.7207
1102 0.9578 1.3368 0.1614 -0.9510 -0.9928 18.6299 -3.1070 3.6239
1103 0.9522 1.3424 0.1642 -0.9764 -0.9719 18.6506 -3.1710 4.2959
1104 0.9502 1.3508 0.1677 -0.9874 -0.9398 17.5489 -2.8650 2.9585
1105 0.9454 1.3573 0.1614 -1.0097 -0.9151 19.0008 -2.8200 3.0642
1106 0.9394 1.3682 0.1566 -1.0367 -0.8731 19.3100 -2.9550 3.2701
1107 0.9389 1.3809 0.1493 -1.0419 -0.8232 19.2598 -2.7280 3.2734
1108 0.9372 1.4006 0.1499 -1.0518 -0.7455 19.1267 -3.0580 3.5093
1109 0.9311 1.4191 0.1493 -1.0795 -0.6724 19.0871 -2.8200 3.8364
1110 0.9270 1.4348 0.1573 -1.0992 -0.6103 18.8000 -3.1050 4.3783
1111 0.9798 1.3342 0.1614 -0.8907 -1.0143 18.3820 -3.3030 3.9308
1112 0.9756 1.3318 0.1720 -0.9102 -1.0255 18.5800 -3.4080 3.9588
1113 0.9709 1.3330 0.1786 -0.9315 -1.0224 17.5807 -2.7480 2.4968
1114 0.9649 1.3361 0.1706 -0.9585 -1.0117 18.7658 -2.1210 1.5766
1115 0.9591 1.3392 0.1862 -0.9846 -1.0010 17.4851 -1.5960 1.0726
1116 0.9518 1.3436 0.1846 -1.0169 -0.9847 18.3421 -1.6250 1.9749
1117 0.9396 1.3487 0.1900 -1.0687 -0.9661 18.1577 0.0230 -0.9536
1118 0.9231 1.3578 0.1786 -1.1382 -0.9310 17.4616 0.3900 -0.2713
1119 0.9005 1.3711 0.1559 -1.2319 -0.8792 19.5634 0.6790 -1.1268
1120 0.8775 1.3844 0.1358 -1.3274 -0.8269 20.7161 1.2430 -1.2483
1121 0.9846 1.3998 0.1230 -0.9018 -0.7664 20.8620 0.6060 -0.0990
1122 0.9774 1.4033 0.1284 -0.9334 -0.7534 19.8034 0.9360 -1.0559
1123 0.9705 1.4044 0.1230 -0.9638 -0.7499 19.9272 0.0340 0.6871
1124 0.9642 1.4099 0.1254 -0.9917 -0.7288 19.9595 -0.6570 0.9810
1125 0.9584 1.4145 0.1254 -1.0178 -0.7114 19.7350 -0.7790 0.1537
1126 0.9526 1.4164 0.1230 -1.0442 -0.7045 19.8026 -0.4430 -0.0764
1127 0.9439 1.4139 0.1272 -1.0819 -0.7153 19.5571 -1.4530 2.1675
1128 0.9350 1.4134 0.1278 -1.1207 -0.7182 19.7426 -1.1080 1.8753
1129 0.9206 1.4109 0.1383 -1.1815 -0.7290 19.2964 -0.5760 0.0067
1130 0.9042 1.4057 0.1447 -1.2506 -0.7511 19.7568 0.2640 0.0320
1131 1.0986 1.4066 0.1546 -0.4746 -0.7482 19.3077 0.6970 -1.5620
1132 1.0991 1.4086 0.1699 -0.4740 -0.7411 18.8671 0.4150 -0.3083
1133 1.0993 1.4094 0.1862 -0.4750 -0.7388 17.7905 1.3370 -1.3516
1134 1.0953 1.4194 0.1995 -0.4922 -0.6997 18.6672 1.4950 -1.5889
1135 1.0906 1.4278 0.1995 -0.5128 -0.6668 18.5060 1.6190 -1.6979
1136 1.0844 1.4394 0.2085 -0.5394 -0.6210 18.5784 2.0080 -2.0028
1137 1.0740 1.4548 0.2011 -0.5825 -0.5598 18.4710 2.7490 -2.7245
1138 1.0601 1.4689 0.1869 -0.6402 -0.5039 19.2173 2.2690 -1.9200
1139 1.0497 1.4882 0.1713 -0.6836 -0.4267 19.1385 1.8330 -2.1833
1140 1.0358 1.5063 0.1533 -0.7415 -0.3540 20.0448 2.4690 -3.0879
1141 1.2650 1.5474 0.1434 0.1755 -0.1893 19.5737 2.8120 -4.1663
1142 1.2614 1.5534 0.1345 0.1613 -0.1648 19.5814 1.4790 -0.7066
1143 1.2550 1.5622 0.1290 0.1357 -0.1290 19.0604 1.7030 -2.2264
1144 1.2504 1.5654 0.1308 0.1174 -0.1155 19.7473 1.9890 -2.2887
1145 1.2467 1.5681 0.1327 0.1023 -0.1042 19.9118 1.6720 -2.4256
1146 1.2473 1.5698 0.1415 0.1049 -0.0966 19.2466 1.2230 -1.1538
1147 1.2476 1.5698 0.1479 0.1059 -0.0956 18.3596 0.9840 -0.7633
1148 1.2498 1.5702 0.1621 0.1150 -0.0935 18.8212 0.8570 -0.6553
1149 1.2469 1.5778 0.1713 0.1032 -0.0625 18.0012 -0.6740 2.0474
1150 1.2435 1.5904 0.1846 0.0897 -0.0112 18.0455 -0.6970 -0.4503
1151 1.2642 1.5498 0.1947 0.1725 -0.1730 18.2770 -0.1670 -0.3774
1152 1.2598 1.5510 0.2011 0.1550 -0.1676 18.2996 0.5130 -1.7879
1153 1.2514 1.5502 0.1971 0.1212 -0.1703 18.7014 0.6090 -1.0822
1154 1.2374 1.5466 0.1831 0.0651 -0.1844 19.4374 1.3840 -1.7068
1155 1.2158 1.5463 0.1670 -0.0217 -0.1852 19.1615 2.2340 -3.2645
1156 1.2038 1.5413 0.1302 -0.0701 -0.2046 21.7505 2.9380 -3.8676
1157 1.1898 1.5322 0.1230 -0.1267 -0.2406 19.3271 -4.3790 10.5162
1158 1.1738 1.5259 0.1260 -0.1915 -0.2654 21.0162 -13.6420 16.1087
1159 1.1558 1.5185 0.1254 -0.2644 -0.2950 19.3662 -15.4340 16.7120
1160 1.1378 1.5171 0.1364 -0.3374 -0.3005 19.7409 -14.0120 14.8538
1161 1.2631 1.5522 0.1460 0.1639 -0.1595 18.1737 -9.9280 8.8812
1162 1.2579 1.5590 0.1447 0.1432 -0.1318 20.3115 -5.9210 5.7268
1163 1.2493 1.5678 0.1635 0.1090 -0.0959 18.6633 -5.3110 7.4670
1164 1.2350 1.5846 0.1533 0.0514 -0.0278 19.4364 -8.7300 10.7682
1165 1.2211 1.6034 0.1254 -0.0042 0.0484 21.5619 -8.3410 9.3384
1166 1.2028 1.6258 0.1230 -0.0782 0.1393 20.2168 -6.4490 6.4211
1167 1.1796 1.6448 0.1266 -0.1714 0.2166 20.0438 -3.1930 2.1040
1168 1.1577 1.6596 0.1284 -0.2601 0.2775 20.0840 0.6650 -2.3977
1169 1.1385 1.6732 0.1248 -0.3380 0.3337 20.2959 2.6900 -3.2083
1170 1.1195 1.6864 0.1333 -0.4155 0.3884 19.8975 2.1230 -1.7475
count posx posy posz xout yout zout heading hd_out
1 0.0000 0.0000 0.0000 0.0000 0.0000 0.0000 0.0000 0.0000
2 0.0000 0.0001 0.1183 0.0000 0.0000 0.0000 -1.4520 1.8990
3 0.0000 0.0004 0.1260 0.0000 0.0000 0.0000 -1.4670 1.8972
4 0.0000 0.0008 0.1195 0.0000 0.0000 0.0000 -1.4820 2.0264
5 0.0000 0.0013 0.1254 0.0000 0.0000 0.0000 -1.5430 2.2128
6 0.0000 0.0021 0.1189 0.0000 0.0000 0.0000 -1.5660 2.2257
7 0.0000 0.0029 0.1284 0.0000 0.0000 0.0000 -1.5050 2.2731
8 0.0000 0.0037 0.1272 0.0000 0.0000 0.0000 -1.5570 2.2442
9 0.0000 0.0047 0.1278 0.0000 0.0000 0.0000 -1.4620 2.0985
10 0.0000 0.0055 0.1302 0.0000 0.0000 0.0000 -1.3950 2.1018
11 1.3209 1.4091 0.1278 0.0000 0.0000 0.2236 -1.4860 2.3121
12 1.3207 1.4092 0.1296 0.0000 0.0000 1.3157 -1.4740 2.1474
13 1.3203 1.4094 0.1284 0.0000 0.0000 1.3586 -1.4150 2.0929
14 1.3198 1.4098 0.1284 0.0000 0.0000 1.4981 -1.3760 2.0740
15 1.3192 1.4103 0.1260 0.0000 0.0000 1.8660 -1.3980 2.0161
16 1.3184 1.4111 0.1284 0.0000 0.0000 1.5347 -1.4860 2.2142
17 1.3173 1.4121 0.1260 0.0000 0.0000 1.9632 -1.5540 2.3388
18 1.3160 1.4133 0.1284 0.0000 0.0000 1.4504 -1.6040 2.3877
19 1.3144 1.4149 0.1284 0.0000 0.0000 1.6501 -1.7100 2.5257
20 1.3131 1.4165 0.1296 0.0000 0.0000 1.5793 -1.6590 2.4067
21 1.2759 1.5042 0.1254 0.0000 0.0000 1.7425 -1.7430 2.5780
22 1.2760 1.5047 0.1272 0.0000 0.0000 1.6652 -1.8340 2.5969
23 1.2760 1.5057 0.1248 0.0000 0.0000 1.9112 -1.8210 2.5046
24 1.2759 1.5071 0.1284 0.0000 0.0000 1.5574 -1.8270 2.6336
25 1.2757 1.5089 0.1278 0.0000 0.0000 1.1719 -1.7730 2.5290
26 1.2753 1.5111 0.1290 0.0000 0.0000 1.5826 -1.9940 2.9040
27 1.2748 1.5136 0.1278 0.0000 0.0000 1.8065 -2.1060 2.9930
28 1.2741 1.5166 0.1183 0.0000 0.0000 2.7808 -2.1270 2.9229
29 1.2737 1.5185 0.1278 0.0000 0.0000 1.8364 -2.0250 2.7449
30 1.2731 1.5212 0.1260 0.0000 0.0000 2.1279 -1.9530 2.7560
31 1.2700 1.5062 0.1266 0.0000 0.0000 1.9495 0.0000 -1.6690
32 1.2698 1.5067 0.1260 0.0000 0.0000 1.5621 -1.7370 2.3488
33 1.2696 1.5076 0.1242 0.0000 0.0000 2.1535 -1.6590 2.4311
34 1.2693 1.5089 0.1272 0.0000 0.0000 1.6935 -1.6110 2.2731
35 1.2689 1.5105 0.1260 0.0000 0.0000 2.0363 -1.5460 2.2253
36 1.2684 1.5123 0.1272 0.0000 0.0000 2.0314 -1.4400 2.0784
37 1.2676 1.5143 0.1248 0.0000 0.0000 2.2771 -1.5080 2.2542
38 1.2669 1.5165 0.1302 0.0000 0.0000 1.5831 -1.4320 1.9916
39 1.2659 1.5190 0.1272 0.0000 0.0000 2.0255 -1.4900 2.2743
40 1.2648 1.5216 0.1272 0.0000 0.0000 1.9830 -1.5530 2.2264
41 1.2635 1.5244 0.1248 0.0000 0.0000 2.1097 -1.6220 2.4745
42 1.2621 1.5274 0.1278 0.0000 0.0000 1.9478 -1.7490 2.5558
43 1.2604 1.5307 0.1242 0.0000 0.0000 2.1587 -1.7740 2.5680
44 1.2587 1.5343 0.1278 0.0000 0.0000 1.9852 -1.8180 2.5569
45 1.2567 1.5381 0.1260 0.0000 0.0000 2.2803 -1.8530 2.6514
46 1.2546 1.5421 0.1290 0.0000 0.0000 1.9967 -1.8420 2.6570
47 1.2524 1.5463 0.1278 0.0000 0.0000 1.9191 -1.8730 2.6848
48 1.2502 1.5507 0.1290 0.0000 0.0000 2.0938 -1.7910 2.5201
49 1.2481 1.5553 0.1266 0.0000 0.0000 2.1004 -1.8220 2.6459
50 1.2458 1.5601 0.1284 0.0000 0.0000 1.9022 -1.7300 2.4078
51 1.2439 1.5640 0.1266 0.0000 0.0000 2.2541 -1.7710 2.6181
52 1.2412 1.5692 0.1272 0.0000 0.0000 2.3215 -1.7540 2.5368
53 1.2384 1.5745 0.1272 0.0000 0.0000 2.2202 -1.7170 2.4779
54 1.2354 1.5802 0.1290 0.0000 0.0000 2.0808 -1.8940 2.7082
55 1.2324 1.5860 0.1296 0.0000 0.0000 1.9660 -1.8060 2.5680
56 1.2291 1.5920 0.1272 0.0000 0.0000 2.3350 -1.8040 2.5969
57 1.2256 1.5982 0.1278 0.0000 0.0000 1.3920 -1.9560 2.6926
58 1.2220 1.6047 0.1272 0.0000 0.0000 2.3714 -2.0770 2.9007
59 1.2184 1.6114 0.1272 0.0000 0.0000 1.3274 -2.1900 3.0442
60 1.2148 1.6183 0.1290 0.0000 0.0000 2.0701 -2.1710 3.0520
count posx posy posz xout yout zout heading hd_out
count posx posy posz xout yout zout heading hd_out
count posx posy posz xout yout zout heading hd_out
1 0.0000 0.0001 0.1308 0.0001 0.0006 0.0000 -1.7012 1.9658
2 0.0004 0.0006 0.1290 0.0017 0.0023 0.0000 -0.6550 -1.3921
3 0.0010 0.0014 0.1201 0.0040 0.0056 0.0000 -1.7806 2.2235
4 0.0018 0.0026 0.1315 0.0070 0.0105 0.0000 -1.8400 1.3641
5 0.0026 0.0040 0.1290 0.0104 0.0162 0.0000 -1.7550 2.4012
6 0.0034 0.0060 0.1302 0.0138 0.0241 0.0000 -1.7310 2.4714
7 0.0043 0.0117 0.1248 0.0175 0.0469 0.0000 -1.6900 2.3788
8 0.0053 0.0176 0.1290 0.0215 0.0707 0.0000 -1.6270 2.3310
9 0.0064 0.0238 0.1254 0.0259 0.0957 0.0000 -1.7000 2.3477
10 0.0073 0.0289 0.1321 0.0296 0.1167 0.0000 -1.6900 2.3900
11 1.2930 1.5531 0.1315 0.1727 0.2139 1.2016 -1.7490 2.5357
12 1.2930 1.5537 0.1315 0.1733 0.2168 1.3412 -1.6290 2.2642
13 1.2931 1.5546 0.1260 0.1738 0.2210 1.5899 -1.5850 2.3510
14 1.2931 1.5558 0.1315 0.1743 0.2262 1.3158 -1.5730 2.3644
15 1.2929 1.5573 0.1284 0.1741 0.2329 1.5167 -1.4880 2.1652
16 1.2926 1.5591 0.1290 0.1734 0.2408 1.5829 -1.4260 2.0740
17 1.2924 1.5612 0.1284 0.1727 0.2499 1.8567 -1.3450 2.0862
18 1.2921 1.5636 0.1290 0.1721 0.2599 0.7232 -1.3050 2.0617
19 1.2921 1.5662 0.1278 0.1725 0.2709 1.6003 -1.4090 2.1463
20 1.2920 1.5685 0.1321 0.1727 0.2807 0.4476 -1.5330 2.3844
21 1.2930 1.5531 0.1278 0.1769 0.2200 1.6324 -1.5610 2.2531
22 1.2929 1.5534 0.1207 0.1770 0.2216 2.6859 -1.6010 2.3399
23 1.2928 1.5540 0.1284 0.1771 0.2246 1.7749 -1.6520 2.4078
24 1.2927 1.5549 0.1284 0.1771 0.2286 1.7320 -1.4990 2.2309
25 1.2925 1.5560 0.1296 0.1768 0.2338 1.6044 -1.6000 2.3277
26 1.2923 1.5575 0.1284 0.1763 0.2400 1.7069 -1.6080 2.3366
27 1.2919 1.5591 0.1302 0.1754 0.2471 1.6274 -1.6240 2.3588
28 1.2915 1.5609 0.1272 0.1742 0.2550 1.8272 -1.5200 2.1986
29 1.2911 1.5630 0.1278 0.1727 0.2639 1.9544 -1.4900 2.1763
30 1.2907 1.5648 0.1333 0.1715 0.2719 1.2478 -1.5290 2.2976
31 1.2661 1.5351 0.1321 0.0732 0.1534 1.3491 -1.4460 2.1474
32 1.2662 1.5354 0.1315 0.0739 0.1549 1.6834 -1.3940 2.0606
33 1.2665 1.5358 0.1272 0.0751 0.1570 1.7880 -1.6090 2.3933
34 1.2670 1.5363 0.1327 0.0773 0.1594 1.6943 -1.6210 2.3354
35 1.2675 1.5371 0.1290 0.0795 0.1629 1.6056 -1.5560 2.2097
36 1.2679 1.5382 0.1308 0.0815 0.1675 1.8279 -1.4630 2.1463
37 1.2683 1.5395 0.1290 0.0833 0.1732 2.1873 -1.3750 2.1396
38 1.2686 1.5410 0.1224 0.0844 0.1798 2.8729 -1.4480 2.1608
39 1.2687 1.5428 0.1284 0.0850 0.1873 1.7490 -1.3360 1.9738
40 1.2686 1.5440 0.1302 0.0851 0.1927 2.0262 -1.3210 2.0306
41 1.2861 1.5301 0.1315 0.1552 0.1371 1.7709 -1.3070 2.0417
42 1.2862 1.5303 0.1308 0.1559 0.1384 1.6156 -1.2480 1.8448
43 1.2862 1.5310 0.1284 0.1566 0.1414 2.0467 -1.1960 1.9293
44 1.2863 1.5332 0.1308 0.1571 0.1506 1.7721 -1.3120 2.0406
45 1.2862 1.5355 0.1260 0.1573 0.1602 1.4779 -1.4610 2.1329
46 1.2860 1.5381 0.1290 0.1568 0.1710 1.9667 -1.4620 2.0250
47 1.2858 1.5410 0.1254 0.1562 0.1830 1.3532 -1.3040 1.6423
48 1.2855 1.5441 0.1290 0.1555 0.1958 2.2459 -1.2680 2.0206
49 1.2851 1.5475 0.1296 0.1543 0.2098 1.9473 -1.3580 2.0206
50 1.2846 1.5504 0.1296 0.1526 0.2221 2.2659 -1.4640 2.2787
51 1.2700 1.5521 0.1296 0.0945 0.2291 1.7945 -1.5620 2.2921
52 1.2701 1.5524 0.1296 0.0951 0.2310 1.8123 -0.3870 -1.5054
53 1.2700 1.5530 0.1290 0.0949 0.2339 1.1353 -1.4500 2.0740
54 1.2699 1.5539 0.1290 0.0946 0.2379 2.4071 -1.5200 2.2987
55 1.2697 1.5551 0.1284 0.0940 0.2433 1.1282 -1.3890 1.9839
56 1.2694 1.5566 0.1290 0.0930 0.2502 2.1993 -1.3120 1.9405
57 1.2692 1.5585 0.1272 0.0921 0.2580 1.3675 -1.1890 1.8993
58 1.2689 1.5606 0.1290 0.0911 0.2670 2.0546 -1.0530 1.7101
59 1.2685 1.5629 0.1284 0.0899 0.2771 1.4337 -1.0320 1.7001
60 1.2683 1.5650 0.1296 0.0891 0.2860 2.5625 -1.1960 2.0406
61 1.2760 1.5211 0.1207 0.1202 0.1106 3.2246 -0.5340 -0.3738
62 1.2758 1.5214 0.1284 0.1200 0.1121 2.3737 -1.1370 1.8192
63 1.2756 1.5220 0.1290 0.1192 0.1145 2.2588 -1.2130 1.9149
64 1.2752 1.5227 0.1278 0.1181 0.1178 2.6650 -1.2350 2.0306
65 1.2748 1.5238 0.1296 0.1167 0.1223 2.1008 -1.3160 2.0651
66 1.2743 1.5251 0.1278 0.1149 0.1278 2.7009 -1.3710 2.0818
67 1.2738 1.5267 0.1272 0.1130 0.1345 2.5481 -1.3920 2.0784
68 1.2733 1.5286 0.1290 0.1111 0.1425 2.4087 -1.5630 2.3354
69 1.2726 1.5309 0.1278 0.1087 0.1517 2.5721 -1.7080 2.5791
70 1.2722 1.5323 0.1315 0.1072 0.1579 2.2661 -1.8320 2.6704
71 1.2969 1.5541 0.1213 0.2067 0.2456 3.4448 -1.9350 2.7004
72 1.2969 1.5545 0.1296 0.2071 0.2476 2.2764 -1.9100 2.7171
73 1.2970 1.5551 0.1278 0.2079 0.2506 2.3925 -1.9530 2.7137
74 1.2971 1.5560 0.1278 0.2088 0.2547 2.5311 -2.0420 2.8929
75 1.2972 1.5571 0.1302 0.2098 0.2597 2.4401 -1.9860 2.7660
76 1.2972 1.5584 0.1308 0.2102 0.2656 1.3142 -1.8950 2.6648
77 1.2972 1.5600 0.1290 0.2105 0.2726 2.3809 -1.9310 2.6781
78 1.2971 1.5619 0.1296 0.2107 0.2807 2.6902 -1.9725 2.7945
79 1.2970 1.5640 0.1296 0.2109 0.2898 2.2244 -1.8980 4.7911
80 1.2970 1.5653 0.1308 0.2113 0.2958 2.5729 -1.7000 2.1730
81 1.2669 1.5251 0.1260 0.0912 0.1350 2.8651 -1.5710 2.2709
82 1.2669 1.5253 0.1278 0.0910 0.1363 2.9699 -1.5410 2.3911
83 1.2668 1.5258 0.1272 0.0908 0.1382 2.6962 -1.5830 2.2598
84 1.2667 1.5263 0.1327 0.0908 0.1406 2.5422 -1.5680 2.3699
85 1.2666 1.5270 0.1218 0.0906 0.1436 3.4958 -1.5310 2.2108
86 1.2665 1.5278 0.1308 0.0902 0.1473 2.7378 -1.5870 2.3510
87 1.2664 1.5289 0.1183 0.0899 0.1518 3.7118 -1.5900 2.3277
88 1.2664 1.5301 0.1321 0.0900 0.1570 2.6883 -1.5760 2.2876
89 1.2664 1.5315 0.1207 0.0902 0.1631 3.9519 -1.5910 2.2553
90 1.2664 1.5329 0.1321 0.0905 0.1688 2.7199 -1.5650 2.3065
91 1.2842 1.5401 0.1302 0.1619 0.1980 2.8321 -1.6870 2.5046
92 1.2844 1.5403 0.1278 0.1632 0.1994 2.3556 -1.6010 2.3354
93 1.2847 1.5408 0.1272 0.1646 0.2018 2.7442 -1.5390 2.2576
94 1.2850 1.5416 0.1278 0.1663 0.2052 3.2348 -1.5380 2.3054
95 1.2854 1.5425 0.1296 0.1682 0.2093 2.7306 -1.3410 1.9683
96 1.2858 1.5436 0.1327 0.1702 0.2143 2.4414 -1.2850 2.0039
97 1.2862 1.5450 0.1290 0.1722 0.2202 2.8999 -1.3440 2.1407
98 1.2866 1.5466 0.1321 0.1741 0.2272 2.7336 -1.4270 2.1574
99 1.2870 1.5484 0.1290 0.1760 0.2349 3.1791 -1.5220 2.2320
100 1.2873 1.5501 0.1296 0.1777 0.2418 3.1199 -1.4090 2.0506
101 1.2870 1.5351 0.1272 0.1769 0.1822 3.2989 -1.4490 2.0929
102 1.2872 1.5354 0.1266 0.1781 0.1838 2.9662 -1.4140 2.1296
103 1.2875 1.5360 0.1284 0.1794 0.1865 3.0689 -1.4740 2.1964
104 1.2868 1.5369 0.1284 0.1772 0.1908 2.7852 -1.5560 2.3054
105 1.2848 1.5383 0.1260 0.1694 0.1966 3.1529 -1.6200 2.3232
106 1.2825 1.5399 0.1296 0.1607 0.2035 3.0383 -1.5270 2.2754
107 1.2802 1.5420 0.1272 0.1516 0.2121 3.1048 -1.4470 2.2086
108 1.2775 1.5444 0.1296 0.1414 0.2222 3.1347 -1.4720 2.1674
109 1.2754 1.5466 0.1266 0.1329 0.2314 3.3901 -1.4860 2.2164
110 1.2727 1.5497 0.1302 0.1223 0.2444 3.1541 -1.5370 2.3288
111 1.2870 1.5351 0.1278 0.1801 0.1866 3.0959 -1.4150 2.0417
112 1.2869 1.5356 0.1296 0.1801 0.1890 3.0164 -1.4350 2.1930
113 1.2869 1.5365 0.1278 0.1803 0.1929 2.3617 -1.4500 2.1496
114 1.2868 1.5378 0.1302 0.1802 0.1985 3.1618 -1.4940 2.2142
115 1.2863 1.5396 0.1284 0.1788 0.2060 3.0956 -1.4350 2.0951
116 1.2859 1.5419 0.1284 0.1776 0.2154 3.2342 -1.5400 2.2030
117 1.2855 1.5445 0.1272 0.1763 0.2265 2.6816 -1.5930 2.4289
118 1.2852 1.5476 0.1315 0.1756 0.2394 3.2092 -1.6320 2.4167
119 1.2850 1.5512 0.1290 0.1749 0.2540 3.2152 -1.3720 2.0228
120 1.2849 1.5551 0.1284 0.1748 0.2702 3.3666 -1.3820 2.1118
121 1.2849 1.5583 0.1284 0.1753 0.2837 3.1995 -1.3620 2.0339
122 1.2851 1.5627 0.1302 0.1765 0.3019 3.3021 -1.3260 1.9672
123 1.2856 1.5675 0.1242 0.1787 0.3218 4.1653 -1.2590 1.9571
124 1.2861 1.5727 0.1290 0.1811 0.3435 3.3016 -1.2540 2.0028
125 1.2867 1.5783 0.1296 0.1839 0.3667 3.5507 -1.1730 1.8948
126 1.2874 1.5844 0.1284 0.1868 0.3916 3.2886 0.0000 -2.1808
127 1.2880 1.5907 0.1302 0.1897 0.4181 2.2593 -11.3210 30.0000
128 1.2887 1.5975 0.1213 0.1931 0.4462 4.4258 -1.3710 2.1418
129 1.2896 1.6047 0.1272 0.1971 0.4760 3.6693 -1.4150 2.1307
130 1.2905 1.6107 0.1290 0.2009 0.5012 3.8325 -1.2740 1.9738
131 1.2791 1.5222 0.1284 0.1557 0.1472 3.3116 -1.3060 1.9850
132 1.2795 1.5229 0.1284 0.1574 0.1504 2.6779 -1.1400 7.1065
133 1.2800 1.5242 0.1290 0.1598 0.1557 3.3354 -1.1320 1.8158
134 1.2806 1.5259 0.1321 0.1628 0.1627 3.2286 -1.1150 1.8192
135 1.2817 1.5280 0.1266 0.1673 0.1716 3.5408 -1.1240 1.8047
136 1.2830 1.5306 0.1308 0.1726 0.1820 3.6560 -1.1640 1.8514
137 1.2846 1.5334 0.1278 0.1794 0.1938 3.9156 -1.1760 1.8893
138 1.2864 1.5367 0.1315 0.1871 0.2074 3.7407 -1.3090 2.0617
139 1.2884 1.5406 0.1284 0.1957 0.2233 3.3342 -1.3660 2.0918
140 1.2903 1.5441 0.1308 0.2035 0.2378 3.6616 -1.4280 2.2297
141 1.3370 1.4072 0.1284 0.3914 -0.3108 3.8455 -1.2835 1.8609
142 1.3372 1.4079 0.1308 0.3927 -0.3091 3.2043 -1.3680 2.0272
143 1.3374 1.4093 0.1266 0.3945 -0.3041 3.7315 -1.3410 1.9683
144 1.3379 1.4116 0.1321 0.3974 -0.2961 3.5172 -1.3670 2.0640
145 1.3388 1.4145 0.1284 0.4018 -0.2853 3.7914 -1.5220 2.2142
146 1.3399 1.4179 0.1302 0.4072 -0.2724 3.5899 -1.5690 2.3399
147 1.3413 1.4219 0.1284 0.4136 -0.2572 3.7057 -1.5770 2.3599
148 1.3426 1.4264 0.1290 0.4197 -0.2401 3.7109 -1.7330 4.1157
149 1.3440 1.4314 0.1290 0.4263 -0.2206 3.4879 -1.7620 2.5569
150 1.3449 1.4347 0.1315 0.4309 -0.2082 3.5678 -1.6870 2.2865
151 1.2050 1.3942 0.1278 -0.1290 -0.3712 3.7179 -1.5870 2.2998
152 1.2052 1.3949 0.1296 -0.1286 -0.3692 3.6378 -1.5280 2.2253
153 1.2056 1.3962 0.1183 -0.1277 -0.3650 5.1928 -1.5380 2.3343
154 1.2062 1.3981 0.1278 -0.1257 -0.3586 4.1348 -1.4540 2.1163
155 1.2071 1.4006 0.1290 -0.1226 -0.3498 3.9464 -1.4360 2.1541
156 1.2081 1.4036 0.1272 -0.1188 -0.3386 4.1209 -1.3810 2.0818
157 1.2094 1.4071 0.1260 -0.1139 -0.3254 3.9821 -1.2000 1.7068
158 1.2111 1.4113 0.1327 -0.1078 -0.3098 3.6207 1.2240 -0.8328
159 1.2130 1.4159 0.1278 -0.1006 -0.2920 4.0427 -1.1000 1.7914
160 1.2146 1.4200 0.1327 -0.0943 -0.2765 3.7141 -1.1060 1.8069
161 1.2741 1.5042 0.1284 0.1437 0.0603 3.9985 -1.1540 1.9360
162 1.2740 1.5072 0.1315 0.1436 0.0726 3.8948 -1.2100 1.9026
163 1.2741 1.5142 0.1284 0.1444 0.1007 4.0350 -1.4320 2.1919
164 1.2744 1.5216 0.1284 0.1459 0.1305 4.2354 -1.5530 2.3577
165 1.2749 1.5295 0.1272 0.1481 0.1622 4.4593 -1.7040 2.5747
166 1.2755 1.5378 0.1296 0.1508 0.1958 4.0039 -1.8140 2.5324
167 1.2763 1.5465 0.1308 0.1541 0.2312 3.8751 -1.8450 2.6448
168 1.2772 1.5555 0.1278 0.1580 0.2677 4.0768 -1.7710 2.5135
169 1.2782 1.5650 0.1290 0.1624 0.3063 3.9495 -1.7650 2.4601
170 1.2793 1.5729 0.1296 0.1670 0.3388 4.1936 -1.8230 2.6003
171 1.2800 1.5122 0.1272 0.1703 0.0960 4.4376 -1.7130 2.3154
172 1.2803 1.5129 0.1272 0.1717 0.0989 4.4558 -1.6820 2.3922
173 1.2808 1.5140 0.1308 0.1740 0.1037 4.0371 -1.6030 2.4311
174 1.2814 1.5157 0.1278 0.1766 0.1105 4.2983 -1.5650 2.2843
175 1.2822 1.5179 0.1315 0.1800 0.1194 4.0604 -1.6160 2.4501
176 1.2835 1.5202 0.1296 0.1857 0.1288 4.5426 -1.6500 2.3989
177 1.2850 1.5228 0.1284 0.1922 0.1394 4.1582 -1.6070 2.2531
178 1.2870 1.5257 0.1296 0.2005 0.1512 4.0903 -1.4820 2.2208
179 1.2892 1.5288 0.1272 0.2096 0.1638 4.2792 -1.3720 2.0829
180 1.2906 1.5305 0.1296 0.2155 0.1710 4.4234 -1.3940 2.1474
181 1.2849 1.5082 0.1207 0.1931 0.0821 5.4518 -1.4580 2.1229
182 1.2848 1.5087 0.1302 0.1932 0.0842 4.1997 -1.4240 2.1407
183 1.2846 1.5096 0.1272 0.1928 0.0878 4.2799 -1.5840 2.3477
184 1.2846 1.5111 0.1290 0.1928 0.0938 4.6254 -1.5010 6.7994
185 1.2847 1.5130 0.1296 0.1938 0.1015 4.2654 -1.3980 2.1118
186 1.2852 1.5154 0.1302 0.1959 0.1112 4.2705 -1.2630 1.9616
187 1.2859 1.5182 0.1278 0.1992 0.1229 4.2783 -1.2880 1.9249
188 1.2867 1.5226 0.1284 0.2029 0.1408 4.5257 -1.2730 1.9727
189 1.2872 1.5280 0.1266 0.2050 0.1624 4.6395 -1.0960 1.7580
190 1.2875 1.5314 0.1302 0.2066 0.1762 3.3839 -1.0050 1.4565
191 1.2700 1.5092 0.1284 0.1370 0.0877 3.5593 -1.0270 1.6478
192 1.2703 1.5100 0.1308 0.1384 0.0910 4.4781 -0.9040 1.5733
193 1.2710 1.5113 0.1284 0.1414 0.0964 4.4238 -0.8760 1.5288
194 1.2719 1.5133 0.1284 0.1452 0.1043 4.5629 -0.9860 1.6934
195 1.2732 1.5156 0.1278 0.1508 0.1137 4.7142 -1.0060 1.7113
196 1.2750 1.5184 0.1195 0.1579 0.1251 5.4884 -1.0030 1.5900
197 1.2766 1.5221 0.1278 0.1648 0.1401 4.5695 -0.9990 1.6033
198 1.2786 1.5265 0.1178 0.1728 0.1579 5.7339 -0.9500 1.5377
199 1.2805 1.5314 0.1296 0.1811 0.1781 4.5084 -0.9060 1.4954
200 1.2820 1.5361 0.1290 0.1874 0.1971 5.0226 -0.9180 1.6111
201 1.2940 1.5382 0.1308 0.2358 0.2060 3.5573 -1.0480 1.8403
202 1.2942 1.5392 0.1333 0.2370 0.2102 4.1732 -1.1670 2.0217
203 1.2948 1.5407 0.1296 0.2398 0.2165 4.5122 -1.3330 2.0350
204 1.2956 1.5422 0.1302 0.2434 0.2233 4.5775 -1.4020 2.1786
205 1.2964 1.5445 0.1260 0.2470 0.2326 5.1042 -1.5010 2.2464
206 1.2976 1.5472 0.1302 0.2523 0.2442 4.4330 -1.3270 2.0083
207 1.2991 1.5506 0.1278 0.2590 0.2582 4.6824 -1.1830 1.8726
208 1.3011 1.5545 0.1308 0.2673 0.2741 4.4559 -1.2210 1.9571
209 1.3031 1.5588 0.1284 0.2758 0.2921 4.7059 -1.1420 1.8270
210 1.3046 1.5628 0.1308 0.2826 0.3086 4.6700 -1.1010 1.7146
211 1.2712 1.5211 0.1284 0.1492 0.1422 4.9764 -1.1200 1.7580
212 1.2713 1.5217 0.1302 0.1495 0.1447 4.7147 -1.0030 1.6634
213 1.2715 1.5228 0.1296 0.1505 0.1494 4.3852 -0.9470 1.5232
214 1.2716 1.5242 0.1296 0.1511 0.1552 4.7637 -0.9740 19.2396
215 1.2716 1.5260 0.1284 0.1516 0.1627 4.8071 -1.0390 1.6181
216 1.2716 1.5283 0.1302 0.1517 0.1720 4.6666 -1.0520 1.7042
217 1.2716 1.5312 0.1315 0.1518 0.1842 4.7801 -1.2480 2.0272
218 1.2718 1.5350 0.1290 0.1529 0.1998 4.9084 -1.2670 2.0039
219 1.2720 1.5397 0.1308 0.1539 0.2187 4.8283 -1.3500 2.0072
220 1.2722 1.5430 0.1278 0.1548 0.2323 5.2035 -1.3490 2.0973
221 1.3330 1.4142 0.1272 0.3991 -0.2835 5.3512 -1.3750 2.0306
222 1.3331 1.4151 0.1296 0.4002 -0.2809 5.0172 -1.4940 2.2698
223 1.3330 1.4164 0.1296 0.4006 -0.2764 4.1394 -1.5210 2.2398
224 1.3330 1.4182 0.1296 0.4013 -0.2700 5.0528 -1.5530 2.3822
225 1.3330 1.4206 0.1278 0.4022 -0.2612 5.2280 -1.6760 2.4189
226 1.3332 1.4233 0.1321 0.4040 -0.2515 4.7949 -1.6720 2.3877
227 1.3338 1.4261 0.1278 0.4074 -0.2408 5.2639 -1.6090 2.3889
228 1.3345 1.4298 0.1213 0.4107 -0.2268 6.4352 -1.4930 2.2420
229 1.3350 1.4340 0.1308 0.4137 -0.2105 5.0573 -1.4910 2.2153
230 1.3355 1.4379 0.1207 0.4164 -0.1957 6.5380 -1.4590 2.1507
231 1.3012 1.5072 0.1272 0.2800 0.0818 4.2755 -1.3680 2.1496
232 1.3005 1.5067 0.1315 0.2774 0.0798 5.1456 -1.5370 2.2153
233 1.2993 1.5059 0.1302 0.2733 0.0766 5.2487 -1.5380 2.2564
234 1.2974 1.5045 0.1296 0.2661 0.0710 2.5728 -1.4710 2.1886
235 1.2951 1.5034 0.1272 0.2576 0.0666 5.4059 -1.4770 2.2042
236 1.2932 1.5024 0.1201 0.2503 0.0627 6.4606 -1.4750 2.1730
237 1.2915 1.5016 0.1308 0.2439 0.0593 5.3091 -1.5630 2.3510
238 1.2901 1.5012 0.1236 0.2385 0.0581 5.8294 -1.5100 2.1096
239 1.2883 1.5017 0.1308 0.2320 0.0601 5.2832 -1.6200 2.3588
240 1.2865 1.5024 0.1213 0.2248 0.0627 6.3873 -1.4840 2.2364
241 1.2746 1.5190 0.1308 0.1775 0.1293 5.2541 -1.7210 2.4845
242 1.2773 1.5218 0.1296 0.1887 0.1406 5.2362 -1.7430 2.4957
243 1.2806 1.5248 0.1260 0.2022 0.1531 5.5686 1.7560 -7.7725
244 1.2846 1.5292 0.1302 0.2186 0.1707 5.1995 -1.7810 2.3605
245 1.2894 1.5345 0.1284 0.2382 0.1926 5.2560 -1.6550 2.3131
246 1.2948 1.5405 0.1321 0.2602 0.2167 5.0153 -1.6340 2.5480
247 1.3002 1.5481 0.1266 0.2825 0.2478 5.5694 -1.5560 2.2876
248 1.3053 1.5590 0.1284 0.3034 0.2919 5.7337 -1.5470 2.2598
249 1.3104 1.5708 0.1272 0.3242 0.3396 5.5328 -1.5770 2.3154
250 1.3139 1.5784 0.1284 0.3390 0.3711 5.5193 -1.7890 2.8784
251 1.2004 1.5097 0.1260 -0.1155 0.0963 5.7626 -1.7810 2.5535
252 1.2008 1.5082 0.1290 -0.1144 0.0904 5.6610 -1.5460 2.1986
253 1.2030 1.5070 0.1183 -0.1060 0.0858 6.4786 -1.3940 2.0094
254 1.2060 1.5052 0.1315 -0.0944 0.0785 5.4658 -1.3440 1.9449
255 1.2092 1.5028 0.1284 -0.0823 0.0690 5.4853 -1.2150 1.8704
256 1.2125 1.5018 0.1308 -0.0695 0.0650 5.3926 -1.1660 1.7958
257 1.2161 1.5021 0.1302 -0.0554 0.0661 5.4231 -1.2420 2.0339
258 1.2210 1.5032 0.1315 -0.0361 0.0708 5.4151 -1.3180 1.9649
259 1.2237 1.5037 0.1290 -0.0255 0.0725 5.9634 -1.4200 2.1964
260 1.2283 1.5038 0.1278 -0.0071 0.0732 6.0034 -1.4320 2.1496
261 1.1998 1.5123 0.1218 -0.1218 0.1072 6.6117 -1.5120 2.2564
262 1.1995 1.5147 0.1296 -0.1236 0.1169 5.3935 -1.5130 2.1663
263 1.1979 1.5169 0.1302 -0.1302 0.1260 4.8036 -1.4450 2.1530
264 1.1965 1.5201 0.1266 -0.1366 0.1388 5.7925 -1.6660 2.5190
265 1.1949 1.5249 0.1321 -0.1434 0.1583 4.6784 -1.7790 2.7204
266 1.1939 1.5301 0.1272 -0.1481 0.1794 6.1808 -1.8400 2.7304
267 1.1929 1.5354 0.1284 -0.1528 0.2012 5.6897 -1.9230 2.6915
268 1.1932 1.5410 0.1272 -0.1520 0.2239 6.2170 -2.0650 2.8562
269 1.1937 1.5444 0.1308 -0.1507 0.2377 4.7147 -2.1560 3.0353
270 1.1941 1.5495 0.1284 -0.1497 0.2586 5.9183 -2.0380 2.8373
271 1.1996 1.5119 0.1260 -0.1278 0.1087 6.5272 -1.8800 2.5546
272 1.1983 1.5120 0.1308 -0.1338 0.1091 5.5973 -1.8780 2.6459
273 1.1978 1.5133 0.1272 -0.1364 0.1143 6.1133 -2.0230 2.8272
274 1.1995 1.5155 0.1290 -0.1298 0.1231 6.0347 -2.0170 2.8495
275 1.2014 1.5186 0.1302 -0.1227 0.1357 5.6644 -1.9310 2.7115
276 1.2032 1.5225 0.1315 -0.1161 0.1517 6.0229 -1.8290 2.5468
277 1.2056 1.5276 0.1278 -0.1068 0.1725 5.8709 -1.7050 2.4133
278 1.2073 1.5326 0.1315 -0.1007 0.1928 5.6921 -1.7650 2.5023
279 1.2081 1.5364 0.1278 -0.0978 0.2082 5.9633 -1.7970 2.5379
280 1.2099 1.5417 0.1315 -0.0912 0.2299 5.0073 -1.8100 2.5190
281 0.0000 0.0003 0.1290 -2.0000 -2.0000 5.9111 -1.9020 2.6948
282 0.0005 0.0014 0.1284 -2.0000 -2.0000 5.1136 -1.9660 2.8818
283 0.0022 0.0038 0.1278 -2.0000 -2.0000 6.0931 -2.0140 2.6592
284 0.0050 0.0075 0.1315 -2.0000 -2.0000 5.0765 -1.9810 2.7583
285 0.0086 0.0126 0.1254 -2.0000 -2.0000 6.7216 -2.0090 2.6982
286 0.0121 0.0186 0.1308 -2.0000 -2.0000 6.2088 -1.9820 2.7371
287 0.0153 0.0261 0.1195 -2.0000 -2.0000 7.1026 -1.9520 2.6236
288 0.0190 0.0342 0.1296 -2.0000 -2.0000 6.2084 -2.0630 2.8829
289 0.0210 0.0388 0.1272 -2.0000 -2.0000 6.1502 -2.2168 3.2627
290 0.0222 0.0411 0.1290 -2.0000 -2.0000 6.1315 -2.1140 3.1621
291 0.0008 0.0007 0.1296 -2.0000 -2.0000 6.1949 -2.0690 2.9096
292 0.0030 0.0077 0.1290 -2.0000 -2.0000 6.1043 -2.2020 3.1021
293 0.0078 0.0175 0.1290 -2.0000 -2.0000 6.2434 -2.3410 3.4436
294 0.0147 0.0310 0.1296 -2.0000 -2.0000 6.4322 2.4600 -13.1566
295 0.0226 0.0471 0.1266 -2.0000 -2.0000 6.3877 0.0000 -4.8289
296 0.0297 0.0644 0.1296 -2.0000 -2.0000 5.9827 -2.5190 3.2567
297 0.0393 0.0823 0.1296 -2.0000 -2.0000 5.2907 -2.5730 3.4192
298 0.0483 0.0992 0.1290 -2.0000 -2.0000 6.3947 -2.7700 3.9833
299 0.0550 0.1086 0.1284 -2.0000 -2.0000 5.5829 -2.8760 3.7229
300 0.0632 0.1185 0.1296 -2.0000 -2.0000 6.3506 -2.7350 3.5015
301 0.0001 0.0009 0.1278 -2.0000 -2.0000 6.4013 -2.7440 3.6094
302 0.0001 0.0048 0.1284 -2.0000 -2.0000 6.5890 -2.8660 3.8119
303 0.0000 0.0087 0.1260 -2.0000 -2.0000 6.5932 -2.9690 3.9666
304 0.0000 0.0175 0.1195 -2.0000 -2.0000 7.7561 -2.9840 3.9187
305 0.0000 0.0253 0.1266 -2.0000 -2.0000 6.6177 -3.0460 3.8943
306 0.0000 0.0362 0.1201 -2.0000 -2.0000 7.5393 -2.9130 3.8041
307 0.0000 0.0470 0.1290 -2.0000 -2.0000 6.3040 -2.8780 3.6339
308 0.0000 0.0564 0.1321 -2.0000 -2.0000 6.0758 -2.7890 3.5727
309 0.0000 0.0693 0.1284 -2.0000 -2.0000 6.5293 -2.5200 3.2133
310 0.0000 0.0941 0.1201 -2.0000 -2.0000 7.7900 -2.3920 3.1822
311 0.0025 0.0000 0.1272 -2.0000 -2.0000 6.7065 -2.4630 3.3391
312 0.0071 0.0000 0.1296 -2.0000 -2.0000 6.4342 -2.6330 3.7441
313 0.0094 0.0000 0.1290 -2.0000 -2.0000 6.8293 -2.6940 3.5137
314 0.0088 0.0000 0.1302 -2.0000 -2.0000 5.6812 -2.9640 3.9788
315 0.0086 0.0000 0.1290 -2.0000 -2.0000 6.5606 -2.9340 3.8831
316 0.0056 0.0000 0.1308 -2.0000 -2.0000 5.4681 -3.0010 3.9221
317 0.0038 0.0000 0.1284 -2.0000 -2.0000 6.5486 -2.9850 3.8776
318 0.0000 0.0000 0.1290 -2.0000 -2.0000 6.8575 -2.9890 3.9154
319 0.0000 0.0000 0.1290 -2.0000 -2.0000 6.6895 2.9310 -2.7701
320 0.0000 0.0000 0.1284 -2.0000 -2.0000 6.9015 -3.1230 4.0200
321 0.0003 0.0004 0.1284 -2.0000 -2.0000 6.8548 -3.2840 4.3460
322 0.0011 0.0008 0.1302 -2.0000 -2.0000 6.4718 -3.4300 4.4194
323 0.0005 0.0048 0.1296 -2.0000 -2.0000 6.6838 -3.5760 4.5352
324 0.0046 0.0128 0.1290 -2.0000 -2.0000 6.8961 -3.6170 4.5007
325 0.0044 0.0238 0.1284 -2.0000 -2.0000 6.8651 -3.5860 4.5307
326 0.0000 0.0336 0.1308 -2.0000 -2.0000 6.7122 -3.5720 4.4083
327 0.0000 0.0433 0.1284 -2.0000 -2.0000 6.7199 -3.7410 5.1593
328 0.0000 0.0568 0.1290 -2.0000 -2.0000 6.7254 -3.6180 4.4840
329 0.0000 0.0641 0.1284 -2.0000 -2.0000 6.9946 -3.8500 5.0982
330 0.0000 0.0739 0.1308 -2.0000 -2.0000 6.7198 -4.0210 5.3040
331 0.0000 0.0000 0.1266 -2.0000 -2.0000 7.1828 -4.1180 5.1026
332 0.0000 0.0000 0.1308 -2.0000 -2.0000 6.8739 -4.1790 5.1059
333 0.0000 0.0000 0.1260 -2.0000 -2.0000 6.3387 -4.2360 5.2895
334 0.0000 0.0000 0.1284 -2.0000 -2.0000 6.9592 -4.1690 5.0993
335 0.0000 0.0000 0.1260 -2.0000 -2.0000 7.3876 -4.1870 5.4331
336 0.0000 0.0000 0.1183 -2.0000 -2.0000 8.1447 -4.1450 5.2573
337 0.0001 0.0000 0.1284 -2.0000 -2.0000 6.8934 -4.5300 6.0150
338 0.0000 0.0000 0.1207 -2.0000 -2.0000 7.9614 -4.8920 6.4689
339 0.0022 0.0000 0.1254 -2.0000 -2.0000 7.5288 -4.7920 5.5076
340 0.0053 0.0000 0.1224 -2.0000 -2.0000 7.9644 0.0000 0.5563
341 0.0000 0.0032 0.1278 -2.0000 -2.0000 7.3375 -4.8900 6.5157
342 0.0010 0.0133 0.1284 -2.0000 -2.0000 6.9201 -4.6880 5.4742
343 0.0042 0.0278 0.1266 -2.0000 -2.0000 7.4576 -5.1030 6.5168
344 0.0078 0.0402 0.1278 -2.0000 -2.0000 7.1496 -4.9490 6.5435
345 0.0147 0.0569 0.1266 -2.0000 -2.0000 7.2525 -4.9880 5.9384
346 0.0219 0.0721 0.1296 -2.0000 -2.0000 6.7874 0.0000 -10.7281
347 0.0285 0.0909 0.1284 -2.0000 -2.0000 7.1319 -38.0000 30.0000
348 0.0335 0.1077 0.1272 -2.0000 -2.0000 7.1742 -5.2580 6.5513
349 0.0360 0.1198 0.1272 -2.0000 -2.0000 7.2491 -4.9080 5.8481
350 0.0420 0.1362 0.1284 -2.0000 -2.0000 7.3030 -4.7580 5.6166
351 0.0000 0.0000 0.1266 -2.0000 -2.0000 7.4136 -4.6680 6.0840
352 0.0000 0.0000 0.1272 -2.0000 -2.0000 7.5411 -4.5120 5.6411
353 0.0000 0.0000 0.1290 -2.0000 -2.0000 7.0393 -4.6060 6.1930
354 0.0000 0.0000 0.1296 -2.0000 -2.0000 7.0448 -4.2420 5.3496
355 0.0000 0.0000 0.1248 -2.0000 -2.0000 7.2833 -4.1080 4.8467
356 0.0000 0.0000 0.1290 -2.0000 -2.0000 7.3972 -4.4970 5.2617
357 0.0000 0.0000 0.1248 -2.0000 -2.0000 7.3205 -4.8250 6.3276
358 0.0000 0.0000 0.1260 -2.0000 -2.0000 7.4940 -4.5380 5.7479
359 0.0000 0.0000 0.1242 -2.0000 -2.0000 6.6672 -4.7520 5.2183
360 0.0000 0.0000 0.1290 -2.0000 -2.0000 7.2265 -4.7510 6.2119
361 0.0000 0.0000 0.1248 -2.0000 -2.0000 6.9184 -4.4680 5.4809
362 0.0000 0.0004 0.1260 -2.0000 -2.0000 7.5025 -4.8620 5.8392
363 0.0016 0.0000 0.1236 -2.0000 -2.0000 7.9879 -4.3080 5.7546
364 0.0000 0.0000 0.1172 -2.0000 -2.0000 8.4207 -4.8730 5.6689
365 0.0000 0.0000 0.1260 -2.0000 -2.0000 7.3805 -4.1620 4.9290
366 0.0000 0.0000 0.1166 -2.0000 -2.0000 8.7070 -4.6140 5.4497
367 0.0002 0.0000 0.1260 -2.0000 -2.0000 7.6579 -4.0660 5.5121
368 0.0000 0.0000 0.1278 -2.0000 -2.0000 7.2803 -4.6710 5.3418
369 0.0001 0.0000 0.1260 -2.0000 -2.0000 7.5121 -3.5980 4.1724
370 0.0002 0.0000 0.1278 -2.0000 -2.0000 7.5530 -3.8950 4.6186
371 0.0000 0.0000 0.1272 -2.0000 -2.0000 7.7003 -3.0700 4.0367
372 0.0000 0.0000 0.1260 -2.0000 -2.0000 6.9158 -3.7020 5.2584
373 0.0000 0.0000 0.1290 -2.0000 -2.0000 7.6401 -2.5710 2.7939
374 0.0000 0.0018 0.1284 -2.0000 -2.0000 7.9743 -2.7360 3.6005
375 0.0000 0.0081 0.1290 -2.0000 -2.0000 7.5545 -2.1550 2.1240
376 0.0000 0.0097 0.1284 -2.0000 -2.0000 8.1328 -1.7290 2.7738
377 0.0000 0.0193 0.1230 -2.0000 -2.0000 8.5520 -1.5330 2.0106
378 0.0000 0.0239 0.1345 -2.0000 -2.0000 7.6171 -0.7150 1.4609
379 0.0000 0.0283 0.1242 -2.0000 -2.0000 8.6859 -0.7010 0.7822
380 0.0000 0.0265 0.1333 -2.0000 -2.0000 7.6118 0.1540 0.4783
381 0.0000 0.0036 0.1284 -2.0000 -2.0000 8.0900 -0.3130 0.5997
382 0.0000 0.0064 0.1290 -2.0000 -2.0000 7.7906 0.7400 0.1529
383 0.0000 0.0136 0.1284 -2.0000 -2.0000 7.7608 0.0190 0.8482
384 0.0000 0.0196 0.1308 -2.0000 -2.0000 7.7288 0.5790 -0.5541
385 0.0000 0.0276 0.1272 -2.0000 -2.0000 7.1693 -0.1200 1.2190
386 0.0000 0.0426 0.1266 -2.0000 -2.0000 7.9116 0.3370 -0.3960
387 0.0000 0.0543 0.1230 -2.0000 -2.0000 8.1804 0.7860 -0.1933
388 0.0000 0.0729 0.1248 -2.0000 -2.0000 7.9861 0.8800 -0.8099
389 0.0000 0.0845 0.1218 -2.0000 -2.0000 8.5403 2.3190 -2.6240
390 0.0000 0.0928 0.1236 -2.0000 -2.0000 8.3387 1.7690 -1.2208
391 1.4580 1.3950 0.1284 0.9035 -0.3580 7.7822 2.6350 -3.2225
392 1.4564 1.3897 0.1284 0.8991 -0.3802 8.0415 2.1300 -2.5699
393 1.4536 1.3852 0.1272 0.8901 -0.3994 8.0838 2.3240 -2.8525
394 1.4495 1.3827 0.1321 0.8755 -0.4108 7.6991 2.2530 -2.7882
395 1.4468 1.3821 0.1296 0.8666 -0.4142 7.7686 2.4040 -3.2622
396 1.4431 1.3859 0.1290 0.8538 -0.3999 7.8596 2.5380 -3.8556
397 1.4375 1.3894 0.1321 0.8335 -0.3873 7.7495 2.4210 -3.2500
398 1.4264 1.3974 0.1333 0.7909 -0.3563 7.5585 2.6360 -4.0879
399 1.4181 1.4026 0.1272 0.7593 -0.3364 8.3690 2.4160 -2.8172
400 1.4094 1.4083 0.1290 0.7259 -0.3146 8.1051 2.3780 -2.6681
401 1.3723 1.5021 0.1315 0.5787 0.0605 8.1314 2.6290 -3.9132
402 1.3743 1.4980 0.1266 0.5879 0.0442 8.4268 2.2910 -2.5201
403 1.3748 1.4903 0.1266 0.5912 0.0134 8.0837 2.6630 -3.9532
404 1.3753 1.4837 0.1296 0.5947 -0.0131 8.0394 2.4190 -3.0186
405 1.3746 1.4798 0.1290 0.5930 -0.0289 8.0097 2.6820 -3.2623
406 1.3711 1.4739 0.1290 0.5800 -0.0528 8.4532 2.7900 -3.6050
407 1.3687 1.4660 0.1272 0.5719 -0.0848 8.0838 2.4990 -3.4169
408 1.3641 1.4567 0.1290 0.5546 -0.1224 8.2450 2.6210 -3.6884
409 1.3610 1.4476 0.1278 0.5432 -0.1593 7.4570 2.6740 -3.7541
410 1.3601 1.4434 0.1278 0.5409 -0.1767 8.3590 2.7540 -3.9833
411 1.3667 1.5038 0.1296 0.5685 0.0651 8.0343 2.9120 -3.9521
412 1.3669 1.5067 0.1278 0.5701 0.0765 8.5738 3.0860 -4.1301
413 1.3648 1.5091 0.1260 0.5629 0.0862 8.8084 3.3780 -4.6442
414 1.3622 1.5127 0.1218 0.5538 0.1008 9.1431 3.5660 -4.5018
415 1.3585 1.5147 0.1308 0.5400 0.1088 8.3850 3.8310 -4.8389
416 1.3562 1.5134 0.1290 0.5319 0.1039 8.1967 3.9960 -4.9313
417 1.3495 1.5154 0.1278 0.5062 0.1120 8.4206 4.1720 -5.1760
418 1.3443 1.5174 0.1290 0.4862 0.1203 8.5356 4.3830 -5.7557
419 1.3418 1.5189 0.1308 0.4770 0.1265 8.3948 4.5610 -5.6667
420 1.3373 1.5206 0.1308 0.4598 0.1334 8.3478 4.7250 -5.8381
421 1.3674 1.5107 0.1290 0.5816 0.0938 8.4597 5.0080 -6.4356
422 1.3720 1.5106 0.1290 0.6014 0.0936 7.8781 5.3410 -6.4723
423 1.3755 1.5136 0.1290 0.6164 0.1056 8.4347 5.5020 -6.6559
424 1.3818 1.5167 0.1284 0.6429 0.1183 8.7684 5.6000 -6.5424
425 1.3934 1.5229 0.1207 0.6909 0.1435 9.5938 5.5230 -6.6547
426 1.4062 1.5282 0.1296 0.7434 0.1648 8.7193 5.3930 -6.6325
427 1.4201 1.5331 0.1207 0.8007 0.1846 9.6291 5.5160 -6.7515
428 1.4338 1.5371 0.1302 0.8575 0.2010 8.9899 5.6240 -6.6981
429 1.4457 1.5390 0.1315 0.9071 0.2091 8.3081 5.3430 -6.2965
430 1.4565 1.5354 0.1308 0.9523 0.1951 7.7963 5.2640 -6.4845
431 1.3680 1.5072 0.1290 0.5995 0.0824 8.5686 5.5490 -6.8906
432 1.3629 1.5054 0.1308 0.5803 0.0751 8.6099 5.6290 -6.9596
433 1.3597 1.4994 0.1284 0.5685 0.0511 7.8444 5.5810 -6.4456
434 1.3565 1.4953 0.1321 0.5570 0.0349 8.5598 5.5110 -6.5858
435 1.3542 1.4900 0.1290 0.5488 0.0135 8.8826 5.5020 -6.9340
436 1.3523 1.4842 0.1224 0.5419 -0.0098 9.8133 5.5220 -6.6292
437 1.3502 1.4804 0.1296 0.5347 -0.0253 8.9061 5.4950 -6.8795
438 1.3417 1.4736 0.1236 0.5016 -0.0529 9.6447 5.4270 -6.3343
439 1.3341 1.4645 0.1302 0.4720 -0.0894 8.6846 5.3370 -6.6214
440 1.3278 1.4536 0.1327 0.4475 -0.1337 8.4042 5.4020 -6.6781
441 1.3590 1.5104 0.1296 0.5735 0.0939 9.0303 5.2520 -6.0862
442 1.3563 1.5193 0.1236 0.5638 0.1295 9.5817 5.0460 -5.8303
443 1.3504 1.5341 0.1296 0.5410 0.1892 8.8787 4.9900 -6.3043
444 1.3444 1.5526 0.1339 0.5179 0.2634 8.5636 5.0570 -6.3009
445 1.3417 1.5713 0.1296 0.5081 0.3391 8.9133 4.9880 -5.8503
446 1.3368 1.5935 0.1327 0.4893 0.4289 7.7831 5.1990 -6.6414
447 1.3338 1.6193 0.1290 0.4785 0.5333 9.2046 5.1010 -6.1140
448 1.3334 1.6479 0.1327 0.4774 0.6493 7.9956 5.1960 -6.4022
449 1.3324 1.6738 0.1284 0.4745 0.7544 9.0676 5.1950 -6.5435
450 1.3310 1.6912 0.1327 0.4695 0.8260 8.6291 5.2390 -6.6325
451 1.3548 1.5170 0.1195 0.5659 0.1293 10.3486 5.1580 -6.3621
452 1.3478 1.5198 0.1290 0.5388 0.1406 9.2236 5.1250 -6.1607
453 1.3427 1.5280 0.1290 0.5193 0.1737 8.8763 5.2220 -6.7026
454 1.3403 1.5387 0.1327 0.5106 0.2171 8.6958 5.2260 -6.2219
455 1.3395 1.5430 0.1284 0.5086 0.2348 8.2119 5.1770 -6.1652
456 1.3406 1.5514 0.1321 0.5135 0.2688 8.9272 5.3150 -6.9485
457 1.3394 1.5618 0.1284 0.5097 0.3108 9.3228 5.4670 -7.0731
458 1.3388 1.5709 0.1218 0.5081 0.3482 10.0677 5.4420 -6.3844
459 1.3378 1.5853 0.1296 0.5050 0.4064 9.2123 5.4050 -6.3877
460 1.3359 1.5932 0.1327 0.4985 0.4389 8.9199 5.4280 -6.6269
461 1.3746 1.5192 0.1302 0.6544 0.1432 8.9844 5.4060 -6.7182
462 1.3773 1.5173 0.1327 0.6664 0.1358 8.8291 5.5580 -6.8094
463 1.3826 1.5215 0.1284 0.6892 0.1527 9.2380 5.2980 -6.2575
464 1.3873 1.5287 0.1315 0.7093 0.1820 8.2324 5.1820 -6.0639
465 1.3917 1.5338 0.1284 0.7282 0.2025 9.5180 4.9660 -6.0684
466 1.3968 1.5376 0.1321 0.7501 0.2183 8.0762 4.8240 -5.7123
467 1.4063 1.5395 0.1302 0.7897 0.2260 9.1515 4.7560 -5.6945
468 1.4154 1.5425 0.1296 0.8278 0.2386 9.1812 4.7580 -5.7235
469 1.4244 1.5482 0.1218 0.8656 0.2620 10.1943 4.7450 -5.9627
470 1.4338 1.5510 0.1278 0.9048 0.2737 8.4804 4.7190 -5.6801
471 1.3436 1.4990 0.1284 0.5450 0.0656 9.3740 4.4420 -5.3963
472 1.3408 1.4986 0.1290 0.5347 0.0640 9.5019 4.3490 -5.1950
473 1.3328 1.4947 0.1308 0.5036 0.0484 8.8161 4.4060 -5.4987
474 1.3196 1.4956 0.1290 0.4515 0.0519 9.2335 2.8980 -0.3249
475 1.3039 1.4961 0.1302 0.3891 0.0539 9.2876 4.1980 -5.0996
476 1.2867 1.5010 0.1272 0.3209 0.0736 9.7300 4.0380 -5.2176
477 1.2690 1.5070 0.1278 0.2500 0.0974 9.2526 3.9810 -4.9457
478 1.2518 1.5165 0.1296 0.1812 0.1355 9.4759 4.1250 -5.1593
479 1.2328 1.5257 0.1302 0.1051 0.1729 9.1781 4.3660 -5.5032
480 1.2163 1.5300 0.1266 0.0389 0.1903 9.7498 4.1570 -5.1282
481 1.3642 1.4962 0.1260 0.6316 0.0550 9.7758 4.3150 -5.3730
482 1.3670 1.4939 0.1284 0.6440 0.0457 9.5651 4.0310 -5.1326
483 1.3718 1.4907 0.1254 0.6644 0.0330 9.9448 3.8830 -4.7388
484 1.3722 1.4904 0.1296 0.6672 0.0315 9.5166 4.1360 -5.0759
485 1.3746 1.4880 0.1296 0.6781 0.0220 9.3526 3.8340 -4.5151
486 1.3783 1.4877 0.1290 0.6942 0.0204 9.5041 4.4090 -5.6445
487 1.3838 1.4829 0.1272 0.7173 0.0012 9.5589 4.1490 -4.9390
488 1.3824 1.4874 0.1296 0.7133 0.0189 8.7516 4.0680 -4.9824
489 1.3879 1.4919 0.1254 0.7365 0.0368 9.9321 4.0910 -5.1883
490 1.3965 1.4927 0.1290 0.7726 0.0400 9.6945 4.2250 -5.2662
491 1.3757 1.5471 0.1284 0.6907 0.2581 9.6603 4.3820 -5.4297
492 1.3777 1.5368 0.1290 0.6998 0.2173 9.7841 4.4670 -5.4130
493 1.3891 1.5267 0.1315 0.7469 0.1773 9.3874 4.4490 -5.4308
494 1.4106 1.5253 0.1290 0.8343 0.1720 9.6983 4.3450 -5.3908
495 1.4413 1.5253 0.1296 0.9592 0.1721 9.5222 4.3580 -5.4052
496 1.4762 1.5207 0.1278 1.1009 0.1541 9.7583 4.0000 -4.3002
497 1.5167 1.5207 0.1201 1.2657 0.1543 9.9316 4.0830 -5.0993
498 1.5617 1.5284 0.1272 1.4486 0.1853 9.8675 3.9410 -4.7944
499 1.6014 1.5374 0.1284 1.6110 0.2215 9.8618 3.8440 -4.8333
500 1.6266 1.5432 0.1302 1.7157 0.2454 9.5365 3.4310 -4.0534
501 1.3556 1.4814 0.1278 0.6327 -0.0020 9.9066 3.4352 -4.3785
502 1.3556 1.4713 0.1296 0.6337 -0.0429 9.7061 3.3590 -4.2937
503 1.3612 1.4642 0.1272 0.6572 -0.0717 9.2373 3.6510 -0.9580
504 1.3690 1.4481 0.1183 0.6897 -0.1365 10.9741 3.8790 -5.0258
505 1.3753 1.4252 0.1266 0.7161 -0.2290 10.0613 4.1100 -5.2784
506 1.3775 1.4021 0.1183 0.7261 -0.3223 11.0115 4.1570 -5.1794
507 1.3802 1.3711 0.1260 0.7385 -0.4475 10.1705 4.1400 -5.0358
508 1.3786 1.3389 0.1290 0.7331 -0.5780 9.1128 4.0120 -5.0203
509 1.3717 1.3125 0.1272 0.7069 -0.6855 9.8224 3.9030 -5.0481
510 1.3649 1.2875 0.1218 0.6808 -0.7875 10.9024 3.9780 -5.0225
511 1.3421 1.5050 0.1278 0.5904 0.0825 9.8989 4.0010 -5.0392
512 1.3493 1.5002 0.1284 0.6203 0.0631 10.1464 4.2710 -5.3819
513 1.3609 1.4967 0.1201 0.6679 0.0494 10.8021 4.4530 -5.5955
514 1.3706 1.4905 0.1278 0.7076 0.0245 10.2559 4.2970 -5.2840
515 1.3722 1.4935 0.1266 0.7153 0.0363 10.2369 4.0020 -5.0581
516 1.3702 1.5065 0.1278 0.7085 0.0882 10.1107 4.0560 -5.1071
517 1.3622 1.5217 0.1278 0.6776 0.1494 10.1897 3.9860 -4.8934
518 1.3592 1.5397 0.1290 0.6669 0.2220 9.9416 4.0940 -5.1115
519 1.3663 1.5593 0.1296 0.6963 0.3007 9.1165 3.9890 -4.9457
520 1.3752 1.5696 0.1278 0.7333 0.3427 10.3015 3.9960 -4.8734
521 1.3746 1.4998 0.1284 0.7320 0.0633 9.9420 3.9260 -4.8645
522 1.3740 1.4919 0.1183 0.7307 0.0318 11.2302 4.0300 -4.9936
523 1.3761 1.4792 0.1272 0.7406 -0.0194 10.3047 3.7930 -4.4517
524 1.3691 1.4687 0.1266 0.7136 -0.0616 10.6375 3.6210 -4.5852
525 1.3586 1.4682 0.1278 0.6728 -0.0638 10.1485 3.7470 -4.6698
526 1.3573 1.4719 0.1284 0.6687 -0.0493 10.0939 3.9320 -5.0492
527 1.3631 1.4720 0.1272 0.6932 -0.0492 10.2573 3.7940 -4.8556
528 1.3674 1.4765 0.1278 0.7115 -0.0315 9.6685 3.6270 -4.6987
529 1.3779 1.4806 0.1272 0.7548 -0.0153 10.1741 3.8230 -4.6587
530 1.3851 1.4791 0.1236 0.7846 -0.0216 10.9204 3.7130 -4.6498
531 1.3498 1.4742 0.1266 0.6446 -0.0412 10.3357 3.5390 -4.2959
532 1.3514 1.4671 0.1278 0.6520 -0.0702 9.6144 3.5430 -4.3983
533 1.3494 1.4583 0.1260 0.6450 -0.1057 10.5019 2.9860 -3.4092
534 1.3462 1.4555 0.1272 0.6332 -0.1172 10.5565 2.9440 -3.8053
535 1.3466 1.4539 0.1272 0.6358 -0.1242 10.4539 3.1600 -4.0723
536 1.3394 1.4554 0.1278 0.6079 -0.1188 10.5808 2.9860 -4.3816
537 1.3366 1.4564 0.1272 0.5975 -0.1150 10.3699 2.9380 -3.2222
538 1.3358 1.4571 0.1302 0.5952 -0.1128 10.3865 3.3300 -4.6130
539 1.3346 1.4573 0.1266 0.5912 -0.1122 10.4788 3.0710 -3.7530
540 1.3370 1.4583 0.1290 0.6017 -0.1085 10.3237 3.5500 -4.5285
541 1.3610 1.5484 0.1290 0.6989 0.2522 10.4625 3.2630 -3.9087
542 1.3620 1.5444 0.1178 0.7039 0.2366 11.6515 3.5340 -4.6954
543 1.3610 1.5397 0.1260 0.7010 0.2181 10.6802 3.2800 -4.5396
544 1.3655 1.5342 0.1272 0.7200 0.1967 10.4943 3.1910 -3.8197
545 1.3671 1.5316 0.1260 0.7278 0.1866 10.7776 3.4390 -4.5563
546 1.3740 1.5222 0.1266 0.7565 0.1492 10.6040 3.4830 -4.4161
547 1.3780 1.5112 0.1266 0.7740 0.1052 9.9725 3.4390 -5.0125
548 1.3865 1.4995 0.1278 0.8092 0.0583 10.4963 3.3180 -3.7585
549 1.3938 1.4874 0.1272 0.8397 0.0099 10.7076 3.7973 -5.0580
550 1.3981 1.4782 0.1284 0.8586 -0.0274 10.7547 3.5990 -10.7248
551 1.3390 1.4822 0.1260 0.6231 -0.0113 9.9331 3.6140 -4.3282
552 1.3410 1.4898 0.1266 0.6320 0.0189 11.0053 3.5470 -4.7388
553 1.3490 1.4919 0.1260 0.6650 0.0274 10.7944 3.2950 -3.9977
554 1.3609 1.4902 0.1290 0.7137 0.0205 10.6920 3.5970 -4.6342
555 1.3732 1.4849 0.1266 0.7643 -0.0009 10.5804 3.5350 -4.6008
556 1.3876 1.4824 0.1296 0.8230 -0.0111 10.5354 3.5420 -4.3349
557 1.4039 1.4787 0.1260 0.8899 -0.0262 10.7489 3.3320 -4.1301
558 1.4196 1.4788 0.1290 0.9541 -0.0260 10.7050 3.2470 -3.8887
559 1.4341 1.4761 0.1254 1.0140 -0.0371 10.2104 2.9970 -3.4548
560 1.4408 1.4804 0.1260 1.0431 -0.0198 11.2821 2.9610 -3.9332
561 1.3394 1.4850 0.1296 0.6381 -0.0017 10.6197 2.9830 -3.6306
562 1.3351 1.4766 0.1189 0.6216 -0.0356 11.8635 2.9840 -3.9232
563 1.3308 1.4731 0.1260 0.6053 -0.0498 10.9716 3.0920 -4.1457
564 1.3258 1.4636 0.1278 0.5861 -0.0883 10.8935 2.6800 -3.4492
565 1.3208 1.4599 0.1248 0.5670 -0.1033 11.4536 2.5510 -3.1855
566 1.3179 1.4583 0.1296 0.5558 -0.1103 10.7722 2.6600 -3.4715
567 1.3101 1.4569 0.1284 0.5253 -0.1164 10.8756 2.6450 -3.7218
568 1.3026 1.4606 0.1284 0.4960 -0.1021 10.0650 2.9720 -3.8119
569 1.2949 1.4614 0.1272 0.4654 -0.0989 11.1173 2.7950 -3.8308
570 1.2887 1.4639 0.1284 0.4409 -0.0894 10.8662 2.8190 -3.7574
571 1.3350 1.4866 0.1254 0.6272 0.0011 11.0029 2.8940 -3.7541
572 1.3290 1.4878 0.1260 0.6038 0.0058 11.3090 2.5540 -3.4937
573 1.3247 1.4894 0.1284 0.5875 0.0121 10.8577 2.6650 -3.4058
574 1.3210 1.4882 0.1278 0.5735 0.0072 11.0087 2.4591 -2.9863
575 1.3145 1.4946 0.1290 0.5480 0.0328 10.8818 2.7150 -3.8731
576 1.3155 1.4974 0.1266 0.5529 0.0440 11.3704 2.8550 -3.7329
577 1.3146 1.4926 0.1278 0.5498 0.0247 10.2372 2.8830 -4.0178
578 1.3075 1.4784 0.1278 0.5221 -0.0322 11.3840 2.9640 -3.7429
579 1.2956 1.4651 0.1278 0.4750 -0.0860 11.1601 2.6260 -3.6250
580 1.2817 1.4604 0.1284 0.4193 -0.1048 11.1626 2.4570 -3.2856
581 1.3530 1.4900 0.1284 0.7056 0.0133 10.1725 2.6790 -3.5660
582 1.3560 1.4855 0.1278 0.7187 -0.0050 11.2085 2.7940 -3.6495
583 1.3554 1.4860 0.1248 0.7174 -0.0030 11.1694 2.6000 -3.2289
584 1.3536 1.4946 0.1272 0.7114 0.0313 11.3782 2.6870 -3.6728
585 1.3561 1.4971 0.1248 0.7222 0.0413 11.4446 3.0960 -4.1724
586 1.3626 1.4924 0.1272 0.7496 0.0225 11.3552 3.0710 -3.7975
587 1.3688 1.4808 0.1272 0.7756 -0.0240 11.0743 2.7220 -3.4025
588 1.3680 1.4769 0.1284 0.7735 -0.0401 10.4768 2.6180 -3.5471
589 1.3635 1.4788 0.1254 0.7568 -0.0327 11.7473 2.6110 -3.5282
590 1.3632 1.4791 0.1272 0.7567 -0.0316 11.3048 2.9640 -4.0589
591 1.2266 1.3400 0.1213 0.2099 -0.5896 12.0938 3.1100 -4.1947
592 1.2226 1.3369 0.1266 0.1937 -0.6036 11.5306 2.9780 -3.7786
593 1.2140 1.3422 0.1183 0.1587 -0.5841 12.6018 3.0860 -4.1658
594 1.2121 1.3454 0.1266 0.1508 -0.5726 11.5680 3.2590 -4.4984
595 1.2122 1.3427 0.1272 0.1509 -0.5852 11.3940 3.0710 -3.8286
596 1.2047 1.3420 0.1254 0.1206 -0.5897 11.7483 2.6980 -3.2601
597 1.1919 1.3504 0.1278 0.0685 -0.5573 10.7085 2.3850 -2.9941
598 1.1858 1.3577 0.1296 0.0436 -0.5297 11.2184 2.3060 -3.1221
599 1.1897 1.3549 0.1195 0.0588 -0.5421 12.5125 2.4260 -3.2556
600 1.1977 1.3455 0.1290 0.0901 -0.5812 11.5053 2.2750 -3.0876
601 1.3510 1.5108 0.1266 0.7043 0.0799 11.6290 2.2350 -3.0431
602 1.3386 1.5208 0.1248 0.6556 0.1201 11.7432 1.7070 -2.1352
603 1.3218 1.5392 0.1260 0.5891 0.1941 11.5586 1.4260 -2.1674
604 1.2980 1.5636 0.1266 0.4945 0.2923 10.9162 1.2960 -1.9293
605 1.2816 1.5939 0.1266 0.4290 0.4146 11.7632 1.2240 -2.2008
606 1.2711 1.6185 0.1266 0.3875 0.5140 12.2065 1.5980 -2.5346
607 1.2643 1.6330 0.1178 0.3602 0.5735 12.7414 1.6150 -2.2865
608 1.2539 1.6424 0.1254 0.3185 0.6124 12.0222 1.2140 -1.7224
609 1.2375 1.6569 0.1272 0.2530 0.6722 11.7043 0.7880 -1.4665
610 1.2253 1.6712 0.1266 0.2040 0.7307 11.9719 0.9510 -1.9015
611 1.3460 1.4904 0.1254 0.6877 0.0075 11.7700 0.9130 -1.3741
612 1.3400 1.4891 0.1272 0.6646 0.0021 11.7517 0.8890 -1.5744
613 1.3416 1.4817 0.1266 0.6719 -0.0274 10.9579 1.2380 -1.9249
614 1.3369 1.4772 0.1278 0.6541 -0.0458 11.8369 1.1420 -1.6356
615 1.3264 1.4811 0.1254 0.6126 -0.0305 11.8439 0.7020 -1.1238
616 1.3066 1.4925 0.1201 0.5341 0.0153 12.8013 0.7690 -1.6234
617 1.2848 1.5128 0.1260 0.4474 0.0966 12.0490 0.5860 -1.1371
618 1.2731 1.5274 0.1189 0.4005 0.1551 12.9781 0.4930 -1.1049
619 1.2662 1.5319 0.1230 0.3734 0.1736 12.4437 0.7780 -1.4197
620 1.2615 1.5298 0.1201 0.3545 0.1653 12.6322 1.1380 -5.2228
621 1.3300 1.5056 0.1254 0.6293 0.0685 12.1883 1.2710 -1.9705
622 1.3440 1.4946 0.1284 0.6863 0.0248 11.0171 1.4050 -5.5154
623 1.3604 1.4793 0.1236 0.7529 -0.0367 12.3801 1.8280 -2.9285
624 1.3760 1.4540 0.1284 0.8165 -0.1384 11.8830 2.0710 -2.8606
625 1.3980 1.4223 0.1172 0.9059 -0.2660 13.1899 2.6120 -3.7452
626 1.4297 1.3848 0.1260 1.0346 -0.4173 12.0294 2.6700 -3.5983
627 1.4714 1.3420 0.1266 1.2036 -0.5898 11.9759 2.9520 -4.0879
628 1.5231 1.2893 0.1248 1.4132 -0.8028 12.5105 3.2380 -4.5062
629 1.5839 1.2378 0.1260 1.6599 -1.0115 12.0853 3.1760 -4.2481
630 1.6321 1.2012 0.1272 1.8566 -1.1608 11.9557 2.6170 -3.0920
631 1.3464 1.4943 0.1260 0.7146 0.0115 12.0552 2.5270 -3.1566
632 1.3516 1.4926 0.1272 0.7364 0.0047 11.9889 2.7020 -3.2734
633 1.3532 1.4969 0.1254 0.7438 0.0220 12.4037 2.3370 -3.0030
634 1.3543 1.5105 0.1254 0.7492 0.0761 12.4822 1.8540 -2.4790
635 1.3486 1.5292 0.1254 0.7275 0.1513 12.3804 1.5170 -2.0929
636 1.3329 1.5387 0.1172 0.6655 0.1898 13.4465 1.4870 -1.9215
637 1.3109 1.5382 0.1242 0.5779 0.1882 12.3814 1.3360 -1.9649
638 1.2846 1.5317 0.1302 0.4732 0.1626 11.9163 1.4670 -2.3866
639 1.2568 1.5153 0.1242 0.3622 0.0968 12.4181 1.2980 -1.8025
640 1.2339 1.4969 0.1296 0.2705 0.0233 13.1949 11.2170 -30.0000
641 1.3436 1.4820 0.1278 0.7101 -0.0364 12.3159 1.1660 -1.7914
642 1.3496 1.4680 0.1284 0.7351 -0.0927 11.4897 1.4560 -2.2561
643 1.3612 1.4440 0.1172 0.7827 -0.1893 13.3297 1.7850 -2.8450
644 1.3798 1.4100 0.1284 0.8581 -0.3262 12.3602 1.9750 -2.7538
645 1.3992 1.3660 0.1266 0.9375 -0.5035 12.2953 11.9520 -30.0000
646 1.4245 1.3120 0.1278 1.0401 -0.7214 12.4697 2.0460 -3.0019
647 1.4597 1.2536 0.1254 1.1831 -0.9575 12.5961 2.3430 -3.0831
648 1.4993 1.1996 0.1272 1.3441 -1.1765 12.3384 1.9760 -2.4233
649 1.5353 1.1492 0.1189 1.4910 -1.3816 12.5279 1.7280 -2.4790
650 1.5588 1.1156 0.1260 1.5882 -1.5198 12.4535 1.8860 -3.0175
651 1.3410 1.5124 0.1266 0.7178 0.0675 12.5161 1.9220 -2.6948
652 1.3370 1.5207 0.1260 0.7027 0.1008 12.5471 1.3140 -2.0206
653 1.3259 1.5307 0.1260 0.6592 0.1410 12.7460 1.3320 -2.2231
654 1.3112 1.5359 0.1178 0.6008 0.1623 13.9358 0.8780 -1.5933
655 1.2891 1.5503 0.1266 0.5126 0.2206 12.4114 0.2760 -0.6142
656 1.2675 1.5689 0.1254 0.4264 0.2954 12.8698 -0.0400 -0.1286
657 1.2379 1.5985 0.1248 0.3080 0.4149 12.0132 -0.1950 -0.3305
658 1.2123 1.6341 0.1284 0.2055 0.5587 12.4858 0.0540 -1.0128
659 1.1882 1.6709 0.1272 0.1084 0.7077 12.4099 0.8070 -1.3897
660 1.1645 1.6954 0.1266 0.0125 0.8076 12.7364 0.2560 -0.4384
661 1.3320 1.4792 0.1266 0.6834 -0.0575 12.7515 0.4240 -1.5288
662 1.3324 1.4716 0.1284 0.6859 -0.0881 12.6733 0.8360 -1.4909
663 1.3380 1.4658 0.1160 0.7091 -0.1116 13.8184 0.6240 -1.5800
664 1.3496 1.4589 0.1260 0.7565 -0.1397 12.8791 0.8960 -1.5177
665 1.3589 1.4516 0.1242 0.7948 -0.1694 12.6951 0.4790 -0.9179
666 1.3702 1.4447 0.1266 0.8412 -0.1977 12.7245 1.1720 -2.3143
667 1.3816 1.4365 0.1254 0.8880 -0.2308 11.8328 1.3590 -1.7569
668 1.3879 1.4320 0.1266 0.9147 -0.2495 12.8226 0.5150 -0.9558
669 1.4002 1.4242 0.1236 0.9655 -0.2814 12.2004 0.9400 -1.9138
670 1.4124 1.4160 0.1260 1.0160 -0.3151 11.9833 1.5030 -2.5980
671 1.3530 1.4890 0.1272 0.7793 -0.0233 12.7363 1.7970 -2.7516
672 1.3635 1.4750 0.1189 0.8222 -0.0796 13.6904 1.7390 -2.4912
673 1.3703 1.4511 0.1254 0.8510 -0.1758 13.0503 1.5720 -2.3054
674 1.3852 1.4184 0.1260 0.9118 -0.3073 12.8770 2.2700 -3.0820
675 1.3971 1.3781 0.1260 0.9607 -0.4697 12.8359 2.0830 -2.6448
676 1.4098 1.3427 0.1254 1.0132 -0.6130 12.8672 1.9750 -2.8139
677 1.4277 1.3117 0.1254 1.0868 -0.7387 13.0050 2.1960 -3.4737
678 1.4467 1.2812 0.1266 1.1644 -0.8631 12.1730 2.0520 -2.7927
679 1.4666 1.2582 0.1254 1.2464 -0.9574 13.1025 1.2820 -1.5355
680 1.4829 1.2411 0.1272 1.3140 -1.0282 12.9010 1.3580 -1.9160
681 1.3450 1.4866 0.1260 0.7634 -0.0463 13.1802 1.5170 -2.7649
682 1.3477 1.4774 0.1278 0.7751 -0.0834 12.9220 1.3320 -1.3151
683 1.3436 1.4638 0.1248 0.7596 -0.1384 12.9434 1.1930 -1.5566
684 1.3447 1.4570 0.1260 0.7649 -0.1661 13.1162 1.1810 -1.7057
685 1.3522 1.4425 0.1242 0.7959 -0.2243 12.4680 1.4490 -2.1129
686 1.3674 1.4181 0.1260 0.8579 -0.3228 13.2741 1.8790 -2.8495
687 1.3864 1.3842 0.1254 0.9352 -0.4596 13.2443 2.4660 -3.7496
688 1.4098 1.3412 0.1183 1.0303 -0.6331 14.2923 2.9280 -3.8609
689 1.4359 1.2914 0.1248 1.1369 -0.8344 13.1153 3.3140 -4.3393
690 1.4641 1.2460 0.1201 1.2516 -1.0186 13.8758 3.7110 -4.9368
691 1.3616 1.4910 0.1266 0.8428 -0.0388 13.3485 3.6440 -4.5218
692 1.3684 1.4770 0.1266 0.8711 -0.0950 13.0080 3.2330 -3.9199
693 1.3787 1.4530 0.1254 0.9138 -0.1915 13.2899 3.6030 -4.3182
694 1.3917 1.4214 0.1260 0.9669 -0.3186 13.1172 3.8180 -4.7243
695 1.4034 1.3884 0.1248 1.0152 -0.4519 13.4590 3.6030 -4.1913
696 1.4155 1.3573 0.1260 1.0653 -0.5775 13.3338 3.2850 -4.5162
697 1.4328 1.3259 0.1248 1.1364 -0.7050 13.4362 3.4020 -4.6620
698 1.4545 1.2860 0.1278 1.2253 -0.8665 13.1542 3.9030 -5.1371
699 1.4853 1.2394 0.1260 1.3508 -1.0557 13.3894 4.2220 -5.2962
700 1.5147 1.1957 0.1254 1.4712 -1.2336 13.0014 3.9670 -4.9635
701 1.3420 1.4913 0.1178 0.7812 -0.0513 14.3492 3.7240 -4.4706
702 1.3304 1.4921 0.1254 0.7356 -0.0480 13.6903 3.2200 -4.1390
703 1.3264 1.4829 0.1254 0.7204 -0.0849 13.3501 3.4130 -4.1090
704 1.3244 1.4662 0.1266 0.7131 -0.1524 13.4043 3.0486 -3.4823
705 1.3124 1.4522 0.1236 0.6658 -0.2088 13.6619 2.7000 6.0083
706 1.2960 1.4330 0.1178 0.6005 -0.2861 14.5636 2.0900 -1.3483
707 1.2847 1.4038 0.1236 0.5559 -0.4038 13.5804 3.2440 -4.1658
708 1.2788 1.3662 0.1278 0.5324 -0.5555 13.4547 3.3750 -4.3427
709 1.2755 1.3223 0.1248 0.5194 -0.7332 13.1213 3.8190 -5.0681
710 1.2754 1.2940 0.1183 0.5193 -0.8484 14.5618 3.6000 -4.2770
711 1.3558 1.4910 0.1278 0.8420 -0.0604 13.5004 3.4410 -4.3849
712 1.3578 1.4946 0.1266 0.8511 -0.0460 12.7771 3.0940 -3.7541
713 1.3578 1.4946 0.1260 0.8522 -0.0461 13.4553 2.9210 -4.2336
714 1.3654 1.4878 0.1254 0.8837 -0.0733 13.7850 2.8400 -3.6050
715 1.3718 1.4835 0.1160 0.9106 -0.0909 14.8105 2.2460 -2.8595
716 1.3858 1.4723 0.1272 0.9679 -0.1358 13.5475 2.8450 -4.0111
717 1.4090 1.4624 0.1284 1.0623 -0.1758 13.4209 2.4450 -2.7204
718 1.4294 1.4510 0.1260 1.1457 -0.2219 13.7886 2.4660 -3.5760
719 1.4574 1.4321 0.1284 1.2598 -0.2981 13.4582 2.9180 -3.9365
720 1.4802 1.4189 0.1266 1.3532 -0.3517 13.9309 2.6600 -3.2000
721 1.3336 1.4772 0.1266 0.7677 -0.1188 13.4664 2.4970 -3.2100
722 1.3396 1.4755 0.1242 0.7925 -0.1261 14.0110 2.6470 -3.5527
723 1.3479 1.4800 0.1260 0.8270 -0.1079 13.6952 2.2390 -3.0609
724 1.3559 1.4787 0.1242 0.8599 -0.1135 14.0487 2.6660 -3.9944
725 1.3715 1.4722 0.1260 0.9234 -0.1399 13.8524 2.5000 -3.2801
726 1.3859 1.4697 0.1290 0.9823 -0.1499 13.5083 2.5000 -3.4692
727 1.4078 1.4588 0.1266 1.0717 -0.1940 13.9373 3.1370 -4.3582
728 1.4322 1.4511 0.1272 1.1710 -0.2252 14.0044 3.0110 -3.8598
729 1.4559 1.4414 0.1266 1.2681 -0.2646 13.8542 3.2000 -4.1569
730 1.4810 1.4273 0.1254 1.3707 -0.3220 13.4210 3.2190 -4.1268
731 1.3318 1.4842 0.1266 0.7746 -0.0945 13.7049 2.7550 -3.5349
732 1.3330 1.4827 0.1272 0.7802 -0.1006 14.0107 3.0270 -4.0868
733 1.3362 1.4744 0.1149 0.7939 -0.1342 15.1494 2.5100 -3.3112
734 1.3393 1.4576 0.1272 0.8072 -0.2016 14.0484 2.5110 -2.9763
735 1.3444 1.4378 0.1254 0.8285 -0.2816 14.1625 1.9780 -2.4122
736 1.3515 1.4143 0.1278 0.8579 -0.3763 13.9529 2.1990 -2.9051
737 1.3641 1.3929 0.1248 0.9097 -0.4631 14.0327 1.9140 -2.2698
738 1.3726 1.3735 0.1278 0.9449 -0.5420 14.0505 1.9950 -2.6759
739 1.3903 1.3535 0.1260 1.0170 -0.6233 13.2807 1.9140 -2.5101
740 1.4061 1.3417 0.1266 1.0816 -0.6722 14.1086 1.5600 -1.9872
741 1.3223 1.4858 0.1236 0.7470 -0.0959 14.1246 60.0000 -30.0000
742 1.3246 1.4822 0.1149 0.7572 -0.1105 15.0753 1.2880 -1.6156
743 1.3331 1.4814 0.1224 0.7922 -0.1139 14.3655 1.5560 -2.2231
744 1.3481 1.4806 0.1236 0.8528 -0.1174 14.0654 0.9860 -1.4442
745 1.3674 1.4763 0.1242 0.9311 -0.1346 14.2502 0.8070 -1.2473
746 1.3887 1.4710 0.1236 1.0177 -0.1564 14.1042 0.4230 -0.9068
747 1.4152 1.4640 0.1224 1.1254 -0.1846 14.3838 0.5440 -1.0303
748 1.4424 1.4628 0.1236 1.2362 -0.1895 14.3793 0.1720 -0.9235
749 1.4652 1.4614 0.1230 1.3296 -0.1959 14.2291 0.2320 -0.7766
750 1.4971 1.4607 0.1160 1.4598 -0.1990 15.4443 -0.2430 -0.2750
751 1.3268 1.4834 0.1218 0.7791 -0.1083 14.3468 -0.2510 0.1970
752 1.3264 1.4846 0.1201 0.7783 -0.1036 14.7547 -0.0920 -0.8052
753 1.3280 1.4827 0.1230 0.7855 -0.1114 14.2448 -0.3700 -0.2226
754 1.3308 1.4753 0.1236 0.7975 -0.1413 14.5477 0.0000 -0.9377
755 1.3356 1.4708 0.1242 0.8176 -0.1597 14.0825 0.0000 -1.5656
756 1.3464 1.4619 0.1248 0.8618 -0.1957 14.3253 -0.5100 0.0225
757 1.3672 1.4478 0.1230 0.9462 -0.2526 13.5709 0.9050 -1.5633
758 1.3952 1.4288 0.1154 1.0598 -0.3290 15.6058 -0.9940 0.7299
759 1.4300 1.4046 0.1224 1.2008 -0.4267 14.7276 -0.7240 0.3394
760 1.4568 1.3882 0.1224 1.3101 -0.4938 14.5654 -0.7600 -0.0180
761 1.3912 1.4902 0.1248 1.0490 -0.0857 14.4737 -1.2003 0.9537
762 1.3895 1.4893 0.1242 1.0436 -0.0893 14.5643 -0.9100 0.7228
763 1.3874 1.4901 0.1213 1.0367 -0.0862 14.6428 -0.8830 0.2558
764 1.3874 1.4885 0.1248 1.0378 -0.0930 13.7135 -1.1630 1.1589
765 1.3884 1.4830 0.1224 1.0435 -0.1148 14.7767 -0.6600 0.2288
766 1.3884 1.4776 0.1254 1.0447 -0.1368 14.6776 -0.9260 0.9146
767 1.3947 1.4649 0.1166 1.0712 -0.1881 15.5153 -0.9840 1.0595
768 1.3981 1.4525 0.1230 1.0865 -0.2380 14.8230 -1.2290 1.1854
769 1.4034 1.4416 0.1236 1.1090 -0.2823 14.7040 -1.1440 1.4425
770 1.4145 1.4228 0.1230 1.1552 -0.3580 15.0326 -0.7700 0.6877
771 1.3880 1.4912 0.1137 1.0506 -0.0847 15.6884 -1.1230 1.3612
772 1.3772 1.4940 0.1218 1.0086 -0.0736 14.8529 -1.4700 2.3606
773 1.3653 1.4999 0.1236 0.9623 -0.0499 14.7780 -1.5650 2.0339
774 1.3487 1.5095 0.1248 0.8968 -0.0117 14.5953 -1.8510 2.1182
775 1.3269 1.5168 0.1230 0.8105 0.0179 14.8877 -1.6480 2.4357
776 1.2984 1.5269 0.1230 0.6968 0.0584 15.2055 -1.6530 2.2353
777 1.2745 1.5363 0.1236 0.6015 0.0966 14.5604 -2.0070 3.0386
778 1.2537 1.5414 0.1242 0.5182 0.1172 14.8624 -1.5720 2.0384
779 1.2419 1.5406 0.1230 0.4712 0.1145 14.0304 -1.6560 2.5213
780 1.2303 1.5396 0.1230 0.4244 0.1111 15.0402 -1.7500 2.2854
781 1.3912 1.4896 0.1218 1.0694 -0.0892 15.0792 -1.9110 2.7449
782 1.3957 1.4853 0.1242 1.0887 -0.1063 14.9329 -2.1150 2.6292
783 1.4091 1.4749 0.1201 1.1440 -0.1483 15.3887 -1.9820 2.9329
784 1.4277 1.4681 0.1242 1.2203 -0.1759 14.9717 -2.3470 3.4748
785 1.4475 1.4585 0.1126 1.3015 -0.2148 16.0304 -2.1960 2.9797
786 1.4693 1.4430 0.1242 1.3910 -0.2774 15.0707 -1.9610 2.7382
787 1.4908 1.4319 0.1213 1.4794 -0.3224 15.0312 -2.6440 3.5694
788 1.5089 1.4222 0.1236 1.5541 -0.3620 15.0026 -1.9520 2.4033
789 1.5299 1.4116 0.1218 1.6409 -0.4053 15.2907 -2.0770 2.9986
790 1.5603 1.4029 0.1242 1.7658 -0.4409 14.9664 -2.8390 4.3048
791 0.0000 0.0004 0.1242 -2.0000 -2.0000 14.9228 -3.0000 3.8431
792 0.0000 0.0000 0.1236 -2.0000 -2.0000 14.8956 -3.1830 4.1446
793 0.0002 0.0000 0.1248 -2.0000 -2.0000 15.0081 -2.9100 3.5805
794 0.0003 0.0000 0.1137 -2.0000 -2.0000 16.2383 -2.9030 4.1958
795 0.0038 0.0000 0.1213 -2.0000 -2.0000 15.4148 -2.4150 2.8695
796 0.0101 0.0000 0.1242 -2.0000 -2.0000 15.1383 -1.9720 2.4456
797 0.0115 0.0000 0.1218 -2.0000 -2.0000 15.3831 -2.3040 3.4292
798 0.0116 0.0000 0.1242 -2.0000 -2.0000 15.0004 -2.9570 4.4250
799 0.0117 0.0000 0.1224 -2.0000 -2.0000 15.1665 -3.1400 4.4395
800 0.0143 0.0000 0.1254 -2.0000 -2.0000 15.0652 -3.6200 4.5173
801 0.0036 0.0000 0.1284 -2.0000 -2.0000 14.9581 -2.9410 14.8639
802 0.0174 0.0000 0.1230 -2.0000 -2.0000 15.4443 -2.3490 3.2100
803 0.0379 0.0000 0.1207 -2.0000 -2.0000 15.4515 -2.3710 3.0231
804 0.0595 0.0000 0.1254 -2.0000 -2.0000 15.1979 -2.5240 3.7630
805 0.0751 0.0000 0.1207 -2.0000 -2.0000 15.5489 -2.8300 3.7051
806 0.0824 0.0000 0.1290 -2.0000 -2.0000 14.8625 0.0000 -5.9593
807 0.0940 0.0000 0.1213 -2.0000 -2.0000 15.4580 -2.0000 5.0069
808 0.1112 0.0000 0.1260 -2.0000 -2.0000 15.2029 -1.9720 2.7505
809 0.1230 0.0000 0.1189 -2.0000 -2.0000 16.0648 -1.9800 3.1844
810 0.1416 0.0000 0.1248 -2.0000 -2.0000 15.6157 -2.4970 3.6506
811 0.0011 0.0000 0.1278 -2.0000 -2.0000 15.0909 -2.9730 4.0823
812 0.0089 0.0000 0.1248 -2.0000 -2.0000 15.5896 -2.0840 2.6036
813 0.0163 0.0012 0.1260 -2.0000 -2.0000 15.2856 -2.7340 3.8720
814 0.0286 0.0007 0.1183 -2.0000 -2.0000 16.5237 -2.3910 3.3569
815 0.0453 0.0000 0.1236 -2.0000 -2.0000 15.8489 -3.1410 4.0979
816 0.0640 0.0000 0.1278 -2.0000 -2.0000 15.1850 -2.3490 2.7494
817 0.0806 0.0000 0.1260 -2.0000 -2.0000 15.5396 -2.7300 3.7585
818 0.0993 0.0000 0.1284 -2.0000 -2.0000 14.2721 -2.4900 3.0353
819 0.1153 0.0000 0.1236 -2.0000 -2.0000 15.6180 -62.0000 30.0000
820 0.1401 0.0000 0.1266 -2.0000 -2.0000 15.5767 -3.0000 4.4283
821 0.0036 0.0000 0.1248 -2.0000 -2.0000 15.5681 -3.3640 4.2993
822 0.0110 0.0000 0.1272 -2.0000 -2.0000 15.8401 -3.3570 4.4094
823 0.0170 0.0000 0.1183 -2.0000 -2.0000 16.6208 -3.5260 5.1427
824 0.0208 0.0000 0.1254 -2.0000 -2.0000 16.0322 -3.2000 4.7199
825 0.0227 0.0000 0.1278 -2.0000 -2.0000 15.4608 -3.0240 4.1457
826 0.0194 0.0000 0.1272 -2.0000 -2.0000 15.3724 -2.7690 3.2990
827 0.0165 0.0000 0.1278 -2.0000 -2.0000 15.4384 -2.6810 3.2078
828 0.0179 0.0000 0.1266 -2.0000 -2.0000 16.0233 -2.9660 3.6584
829 0.0198 0.0000 0.1278 -2.0000 -2.0000 15.5947 -2.9400 3.4581
830 0.0269 0.0000 0.1290 -2.0000 -2.0000 15.8308 -3.2690 4.2959
831 0.0288 0.0000 0.1272 -2.0000 -2.0000 15.8238 -3.3400 4.0812
832 0.0279 0.0000 0.1272 -2.0000 -2.0000 15.9023 -3.4050 4.7810
833 0.0304 0.0000 0.1266 -2.0000 -2.0000 15.4548 -3.5130 4.9257
834 0.0319 0.0000 0.1248 -2.0000 -2.0000 15.9272 -2.9110 3.1499
835 0.0388 0.0000 0.1248 -2.0000 -2.0000 15.8863 -2.5610 2.7273
836 0.0452 0.0000 0.1242 -2.0000 -2.0000 15.9761 -2.5200 3.3602
837 0.0518 0.0000 0.1254 -2.0000 -2.0000 15.9712 -2.1060 6.5001
838 0.0613 0.0000 0.1302 -2.0000 -2.0000 15.5296 -1.3380 -0.0534
839 0.0759 0.0000 0.1254 -2.0000 -2.0000 15.9483 -2.1550 3.1744
840 0.0854 0.0000 0.1290 -2.0000 -2.0000 15.8334 -1.9260 2.0695
841 0.0898 0.0000 0.1272 -2.0000 -2.0000 16.0054 -4.1630 9.7212
842 0.0964 0.0000 0.1284 -2.0000 -2.0000 15.8788 -1.8540 2.9129
843 0.1051 0.0000 0.1166 -2.0000 -2.0000 17.1947 -1.4550 2.0106
844 0.1181 0.0000 0.1272 -2.0000 -2.0000 16.0614 -1.3080 2.2431
845 0.1354 0.0000 0.1254 -2.0000 -2.0000 15.9963 -1.0280 1.3352
846 0.1587 0.0000 0.1248 -2.0000 -2.0000 16.2659 -1.1590 1.7368
847 0.1876 0.0000 0.1296 -2.0000 -2.0000 14.6494 -0.7450 1.3118
848 0.2149 0.0000 0.1272 -2.0000 -2.0000 15.8361 -0.0400 0.1847
849 0.2473 0.0000 0.1284 -2.0000 -2.0000 16.0697 0.6760 -0.7674
850 0.2889 0.0000 0.1201 -2.0000 -2.0000 17.0877 0.3250 0.4266
count posx posy posz xout yout zout heading hd_out
1 0.0000 0.0000 0.0000 0.0000 0.0000 0.0000 0.0000 0.0000
2 0.0000 0.0000 0.1213 0.0000 0.0000 0.0000 -3.9180 4.5240
3 0.0000 0.0000 0.1278 0.0000 0.0000 0.0000 -3.8720 4.6522
4 0.0000 0.0000 0.1296 0.0000 0.0000 0.0000 -3.6380 4.5307
5 0.0000 0.0000 0.1278 0.0000 0.0000 0.0000 -3.6150 4.6119
6 0.0000 0.0000 0.1302 0.0000 0.0000 0.0000 -3.4260 4.1747
7 0.0000 0.0000 0.1284 0.0000 0.0000 0.0000 -3.3190 4.2559
8 0.0000 0.0000 0.1284 0.0000 0.0000 0.0000 -3.2920 4.0901
9 0.0000 0.0000 0.1278 0.0000 0.0000 0.0000 -3.2530 4.1624
10 0.0000 0.0000 0.1296 0.0000 0.0000 0.0000 -3.2100 4.1279
11 1.4086 1.6668 0.1272 0.6358 0.6689 1.5348 -3.1590 4.0155
12 1.4075 1.6664 0.1272 0.6330 0.6687 1.5532 -3.1150 3.8954
13 1.4062 1.6658 0.1278 0.6297 0.6683 1.4954 -2.9210 3.7797
14 1.4043 1.6651 0.1296 0.6233 0.6669 1.3554 -2.7520 3.5849
15 1.4017 1.6641 0.1260 0.6147 0.6648 1.6276 -2.7350 3.5126
16 1.3987 1.6630 0.1296 0.6041 0.6620 0.5595 -2.6860 3.4959
17 1.3951 1.6617 0.1260 0.5912 0.6582 1.7848 -2.7610 3.7797
18 1.3911 1.6600 0.1284 0.5765 0.6532 0.6838 -2.9000 3.8831
19 1.3868 1.6584 0.1290 0.5605 0.6483 1.4600 -3.0620 3.9922
20 1.3831 1.6571 0.1296 0.5470 0.6446 0.5708 -3.1330 4.0489
21 1.3218 1.5629 0.1266 0.3028 0.2686 1.7790 -3.2510 4.2648
22 1.3210 1.5626 0.1278 0.3003 0.2681 2.0172 -3.3450 4.2492
23 1.3196 1.5621 0.1189 0.2954 0.2664 2.7381 -3.4250 4.4050
24 1.3175 1.5612 0.1278 0.2876 0.2635 2.0539 -3.5110 4.5185
25 1.3143 1.5596 0.1172 0.2756 0.2576 2.8032 -3.5750 4.5474
26 1.3108 1.5576 0.1290 0.2619 0.2503 1.7625 -3.5700 4.4862
27 1.3084 1.5563 0.1266 0.2530 0.2457 2.0025 -3.4480 4.3349
28 1.3041 1.5539 0.1272 0.2366 0.2368 1.1136 -3.4260 4.3994
29 1.2994 1.5513 0.1278 0.2180 0.2267 1.7737 -3.5570 4.6075
30 1.2952 1.5490 0.1296 0.2019 0.2179 1.8124 -3.4280 4.3104
31 1.3339 1.5861 0.1290 0.3574 0.3672 1.6569 -3.2540 4.0923
32 1.3335 1.5861 0.1290 0.3564 0.3680 1.9176 -3.1560 4.0678
33 1.3325 1.5858 0.1195 0.3536 0.3677 2.7151 -2.9850 3.8553
34 1.3311 1.5852 0.1278 0.3488 0.3665 2.0388 -2.9190 3.7708
35 1.3292 1.5850 0.1315 0.3420 0.3662 1.5577 -2.9200 3.7941
36 1.3269 1.5844 0.1284 0.3336 0.3649 1.8805 -3.0040 3.8987
37 1.3242 1.5836 0.1302 0.3235 0.3623 1.5589 -3.0120 3.9855
38 1.3210 1.5826 0.1272 0.3114 0.3594 2.0615 -3.0870 4.0667
39 1.3173 1.5816 0.1290 0.2971 0.3563 1.7411 -3.1360 4.0033
40 1.3138 1.5807 0.1290 0.2839 0.3534 1.9975 -3.1540 4.1635
41 1.3429 1.5990 0.1254 0.4009 0.4274 2.2042 -3.3640 4.5062
42 1.3426 1.6013 0.1272 0.4007 0.4376 2.1874 -3.5520 4.5530
43 1.3420 1.6033 0.1284 0.3994 0.4467 1.8793 -3.5790 4.5073
44 1.3409 1.6049 0.1296 0.3960 0.4540 1.9326 -3.4970 4.4317
45 1.3393 1.6061 0.1296 0.3904 0.4599 1.8901 -3.5730 4.5563
46 1.3372 1.6070 0.1278 0.3829 0.4647 2.3083 -3.6620 4.6620
47 1.3347 1.6078 0.1284 0.3736 0.4688 1.8907 -3.6630 4.6787
48 1.3317 1.6081 0.1284 0.3627 0.4713 2.2107 -3.7980 4.7555
49 1.3283 1.6082 0.1284 0.3497 0.4728 1.8670 -3.8340 4.8956
50 1.3260 1.6082 0.1296 0.3411 0.4737 2.0336 -3.8930 4.9012
51 1.3037 1.5847 0.1278 0.2528 0.3807 1.3188 -3.9120 4.9936
52 1.3033 1.5842 0.1284 0.2514 0.3795 2.1518 -4.0150 5.1037
53 1.3023 1.5833 0.1278 0.2479 0.3769 2.2424 -4.1390 5.2306
54 1.3009 1.5822 0.1296 0.2430 0.3731 1.9818 -3.9790 4.8612
55 1.2993 1.5808 0.1272 0.2368 0.3684 2.2906 -3.9670 4.9813
56 1.2972 1.5792 0.1278 0.2290 0.3626 2.4183 -3.8930 4.8144
57 1.2946 1.5772 0.1272 0.2191 0.3555 2.2066 -3.8290 4.7877
58 1.2916 1.5750 0.1302 0.2075 0.3475 2.2237 -3.8450 4.8678
59 1.2883 1.5725 0.1284 0.1946 0.3381 2.0374 -3.9840 4.9936
60 1.2853 1.5702 0.1308 0.1830 0.3296 2.1218 -3.9610 4.9212
61 1.3118 1.5639 0.1296 0.2899 0.3052 2.1007 -3.9710 4.9637
62 1.3113 1.5636 0.1284 0.2883 0.3046 2.2046 -3.9280 4.9268
63 1.3105 1.5632 0.1272 0.2855 0.3036 2.4885 -3.9500 4.9135
64 1.3089 1.5628 0.1178 0.2799 0.3027 3.4599 -4.1100 5.2027
65 1.3072 1.5621 0.1266 0.2737 0.3006 2.5975 -4.0530 4.9991
66 1.3052 1.5611 0.1266 0.2662 0.2972 2.5551 -3.8540 4.8200
67 1.3028 1.5598 0.1266 0.2571 0.2926 2.6340 -3.6580 4.4773
68 1.3000 1.5584 0.1183 0.2466 0.2872 3.6444 -3.5600 4.4461
69 1.2969 1.5566 0.1278 0.2347 0.2807 2.5865 -3.6080 4.6086
70 1.2942 1.5549 0.1195 0.2242 0.2747 3.5376 -3.5860 4.6286
71 1.3257 1.5891 0.1272 0.3511 0.4122 2.3866 -3.5170 4.3627
72 1.3252 1.5889 0.1189 0.3498 0.4123 3.8227 -3.4420 4.3883
73 1.3244 1.5883 0.1278 0.3472 0.4109 2.4107 -3.5250 4.5852
74 1.3232 1.5875 0.1213 0.3433 0.4083 3.3961 -3.5620 4.5774
75 1.3216 1.5863 0.1254 0.3374 0.4045 2.7362 -3.6370 4.6097
76 1.3195 1.5849 0.1213 0.3298 0.3998 3.4332 -3.7230 4.7076
77 1.3171 1.5833 0.1266 0.3208 0.3942 2.6893 -3.7380 4.7488
78 1.3143 1.5814 0.1302 0.3105 0.3876 2.4526 -3.6050 4.5763
79 1.3112 1.5793 0.1272 0.2986 0.3800 2.7741 -3.5190 4.4094
80 1.3084 1.5774 0.1302 0.2880 0.3732 2.5459 -3.5510 4.5452
81 1.3068 1.5699 0.1290 0.2822 0.3436 2.7062 -3.5930 4.5986
82 1.3064 1.5694 0.1296 0.2809 0.3426 2.5303 -3.6240 4.6108
83 1.3055 1.5685 0.1254 0.2780 0.3394 2.8742 -3.5583 4.4093
84 1.3042 1.5672 0.1284 0.2734 0.3348 1.8217 -3.4690 4.4161
85 1.3025 1.5655 0.1254 0.2670 0.3289 3.0318 -3.2690 4.2336
86 1.2998 1.5636 0.1284 0.2566 0.3217 2.6893 -3.3140 4.2281
87 1.2968 1.5592 0.1278 0.2454 0.3050 2.7201 -3.3070 4.2158
88 1.2936 1.5546 0.1278 0.2328 0.2871 2.0262 -3.3440 4.2770
89 1.2899 1.5497 0.1284 0.2183 0.2680 2.7441 -3.3430 4.2403
90 1.2875 1.5466 0.1290 0.2091 0.2561 2.9857 -3.2930 4.0979
91 1.3119 1.5869 0.1278 0.3073 0.4181 2.7819 -3.2880 4.2303
92 1.3114 1.5864 0.1272 0.3061 0.4169 2.0439 -3.3550 4.3538
93 1.3109 1.5853 0.1266 0.3048 0.4134 2.9631 -3.3850 4.3026
94 1.3107 1.5837 0.1284 0.3043 0.4079 1.3043 -3.4760 4.5530
95 1.3100 1.5819 0.1272 0.3022 0.4015 2.9884 -3.4720 4.3816
96 1.3089 1.5799 0.1302 0.2985 0.3941 2.7632 -3.4410 4.4161
97 1.3076 1.5775 0.1278 0.2938 0.3855 3.0125 -3.3570 4.2069
98 1.3060 1.5749 0.1284 0.2879 0.3758 3.0181 -3.2940 4.1524
99 1.3040 1.5721 0.1189 0.2807 0.3652 4.1155 -3.2940 4.1524
100 1.3027 1.5703 0.1296 0.2760 0.3586 2.9623 -3.3170 4.3471
101 1.3129 1.5739 0.1284 0.3172 0.3739 2.8801 -3.3320 4.2036
102 1.3125 1.5737 0.1296 0.3165 0.3738 2.0956 -3.3000 4.2125
103 1.3119 1.5731 0.1278 0.3146 0.3723 3.0462 -3.2820 4.1413
104 1.3109 1.5723 0.1278 0.3113 0.3697 3.0039 -3.3350 4.3160
105 1.3097 1.5709 0.1272 0.3070 0.3648 3.1552 -3.2850 4.1847
106 1.3082 1.5687 0.1278 0.3017 0.3566 3.4044 -2.9800 3.6539
107 1.3069 1.5646 0.1195 0.2969 0.3408 4.1769 -2.4270 2.8717
108 1.3046 1.5620 0.1308 0.2883 0.3311 2.8934 -1.9020 2.5190
109 1.3041 1.5618 0.1195 0.2867 0.3310 4.2128 -1.3550 1.9193
110 1.3004 1.5617 0.1296 0.2725 0.3310 2.9548 -0.6000 4.6404
111 1.2875 1.5827 0.1290 0.2214 0.4159 2.9218 -0.3900 0.9814
112 1.2911 1.5773 0.1278 0.2360 0.3952 3.0253 -0.5790 0.8868
113 1.2883 1.5726 0.1272 0.2251 0.3770 2.6412 0.4430 -0.0631
114 1.2777 1.5661 0.1278 0.1831 0.3519 3.0617 0.6390 -0.2074
115 1.2632 1.5595 0.1266 0.1254 0.3261 2.1700 1.3310 -1.4124
116 1.2528 1.5516 0.1278 0.0835 0.2950 3.1586 1.9030 -1.9354
117 1.2422 1.5382 0.1272 0.0411 0.2417 2.5393 2.1690 -2.1573
118 1.2287 1.5198 0.1248 -0.0128 0.1681 3.7363 2.4850 -2.6951
119 1.2187 1.4982 0.1278 -0.0534 0.0818 3.5158 2.5580 -2.7510
120 1.2099 1.4837 0.1290 -0.0888 0.0238 3.2029 2.3760 -2.7341
121 1.2384 1.5602 0.1272 0.0248 0.3303 3.2548 2.0850 -2.3920
122 1.2336 1.5662 0.1154 0.0056 0.3548 4.8043 1.6170 -1.8399
123 1.2324 1.5727 0.1272 0.0008 0.3815 3.4730 0.9680 -1.4020
124 1.2353 1.5782 0.1183 0.0120 0.4043 4.6767 0.6510 -1.1118
125 1.2415 1.5810 0.1236 0.0368 0.4164 3.5215 0.0110 -0.4133
126 1.2509 1.5833 0.1195 0.0742 0.4263 4.2729 0.1490 -0.5607
127 1.2626 1.5868 0.1242 0.1214 0.4413 3.6070 0.3180 -1.0062
128 1.2749 1.5922 0.1278 0.1708 0.4641 3.3732 0.0730 -0.2892
129 1.2865 1.5996 0.1248 0.2174 0.4943 3.6325 -0.1750 -0.2300
130 1.2929 1.6032 0.1248 0.2437 0.5101 3.7635 -0.6080 0.5103
131 1.1360 1.5564 0.1278 -0.3851 0.3234 3.6594 -1.3260 1.3328
132 1.1338 1.5602 0.1284 -0.3950 0.3391 2.6538 -1.4030 1.1646
133 1.1319 1.5642 0.1266 -0.4037 0.3557 3.4797 -1.0000 -0.0639
134 1.1297 1.5693 0.1284 -0.4141 0.3769 3.5215 -1.2970 4.8527
135 1.1268 1.5752 0.1266 -0.4267 0.4011 3.8778 -1.5170 7.0784
136 1.1233 1.5818 0.1296 -0.4421 0.4284 2.5813 -1.5270 1.5625
137 1.1191 1.5891 0.1296 -0.4601 0.4583 3.4305 -1.4880 1.5461
138 1.1142 1.5965 0.1278 -0.4809 0.4891 3.7876 -1.3950 1.5900
139 1.1105 1.6017 0.1266 -0.4971 0.5107 3.8824 -1.0710 1.0378
140 1.1045 1.6103 0.1296 -0.5229 0.5464 2.5887 -0.9580 1.2321
141 1.1364 1.5555 0.1266 -0.3962 0.3279 3.8558 -0.9220 1.1942
142 1.1348 1.5569 0.1266 -0.4039 0.3340 3.8739 -0.9110 1.3326
143 1.1327 1.5592 0.1189 -0.4133 0.3435 4.7546 -0.8400 1.1824
144 1.1302 1.5622 0.1278 -0.4247 0.3562 4.0697 -0.6290 0.9087
145 1.1268 1.5657 0.1195 -0.4394 0.3710 4.8418 -0.5470 0.9459
146 1.1228 1.5699 0.1308 -0.4567 0.3883 3.5587 -0.6290 1.1017
147 1.1178 1.5747 0.1296 -0.4782 0.4084 3.6625 -0.6330 1.2021
148 1.1127 1.5793 0.1290 -0.4997 0.4277 4.0578 -0.5310 0.9920
149 1.1069 1.5845 0.1284 -0.5243 0.4494 3.8439 -0.4970 0.8908
150 1.1031 1.5880 0.1290 -0.5413 0.4641 3.6617 -0.4010 0.8298
151 1.1309 1.3272 0.1272 -0.4310 -0.5808 3.7737 -0.3150 0.9301
152 1.1305 1.3279 0.1290 -0.4340 -0.5798 3.9326 -0.3700 1.0447
153 1.1291 1.3281 0.1272 -0.4408 -0.5807 3.9865 -0.5280 1.1794
154 1.1271 1.3277 0.1278 -0.4501 -0.5841 3.9322 -0.3860 0.3627
155 1.1244 1.3278 0.1278 -0.4620 -0.5853 3.9503 -0.4100 1.0081
156 1.1211 1.3284 0.1302 -0.4763 -0.5844 3.6770 -0.4980 1.2306
157 1.1175 1.3295 0.1284 -0.4924 -0.5819 3.9138 -0.5440 1.0993
158 1.1132 1.3311 0.1321 -0.5106 -0.5773 3.5525 -0.4120 0.9547
159 1.1084 1.3332 0.1284 -0.5312 -0.5705 2.9448 -0.4410 1.0270
160 1.1042 1.3352 0.1290 -0.5497 -0.5642 3.9519 -0.4950 1.1160
161 1.1216 1.5273 0.1290 -0.4813 0.2046 3.9702 -0.5800 1.4064
162 1.1206 1.5283 0.1278 -0.4866 0.2089 3.9525 -0.5970 3.7663
163 1.1188 1.5297 0.1296 -0.4952 0.2145 3.8726 -0.7010 1.3363
164 1.1165 1.5313 0.1284 -0.5056 0.2214 4.1576 -0.7190 1.4253
165 1.1137 1.5333 0.1272 -0.5184 0.2297 4.2601 -0.8260 1.5800
166 1.1102 1.5356 0.1284 -0.5334 0.2395 3.9521 -0.7920 1.4375
167 1.1063 1.5383 0.1266 -0.5505 0.2504 4.3081 -0.7170 1.4142
168 1.1020 1.5412 0.1278 -0.5692 0.2626 4.3024 -0.6750 1.3096
169 1.0973 1.5446 0.1290 -0.5898 0.2766 3.9338 -0.8320 1.6111
170 1.0931 1.5476 0.1296 -0.6079 0.2889 4.1773 -0.8260 1.4197
171 1.1298 1.5231 0.1284 -0.4623 0.1914 4.3378 -0.8680 1.6089
172 1.1292 1.5235 0.1302 -0.4660 0.1929 4.0760 -0.9500 1.6311
173 1.1281 1.5243 0.1272 -0.4715 0.1965 4.1569 -0.8110 1.3541
174 1.1266 1.5255 0.1290 -0.4787 0.2015 4.1980 -0.7950 1.4609
175 1.1258 1.5271 0.1172 -0.4832 0.2082 5.3971 -0.9820 1.8114
176 1.1247 1.5298 0.1296 -0.4888 0.2192 4.3442 -1.2420 2.0206
177 1.1239 1.5331 0.1178 -0.4935 0.2328 5.5444 -1.3950 2.1953
178 1.1220 1.5376 0.1315 -0.5022 0.2511 4.0994 -1.5190 2.2620
179 1.1213 1.5400 0.1278 -0.5062 0.2613 4.6091 -1.6400 2.6837
180 1.1192 1.5441 0.1272 -0.5160 0.2781 4.5774 -3.4360 5.3518
181 1.1308 1.5246 0.1272 -0.4709 0.2004 4.4708 -4.4080 5.4075
182 1.1293 1.5254 0.1284 -0.4780 0.2037 4.4654 -5.0910 6.6970
183 1.1303 1.5292 0.1242 -0.4752 0.2192 4.4483 -6.8470 9.1359
184 1.1349 1.5322 0.1290 -0.4580 0.2318 4.4904 -8.1620 10.2408
185 1.1367 1.5316 0.1278 -0.4519 0.2296 4.5932 -8.0000 8.6230
186 1.1324 1.5330 0.1284 -0.4704 0.2354 4.4780 -9.5950 10.7315
187 1.1287 1.5367 0.1272 -0.4865 0.2506 3.4604 -9.8110 11.4725
188 1.1231 1.5432 0.1248 -0.5099 0.2773 4.6469 -9.4020 10.8617
189 1.1218 1.5445 0.1248 -0.5164 0.2825 4.4800 -9.6760 11.7874
190 1.1200 1.5436 0.1284 -0.5252 0.2794 4.6054 -10.2560 12.2436
191 1.1315 1.5224 0.1290 -0.4801 0.1950 4.2456 -10.3360 12.0566
192 1.1316 1.5215 0.1272 -0.4809 0.1916 4.5978 -9.6300 10.9306
193 1.1310 1.5212 0.1248 -0.4846 0.1908 3.7867 -9.7800 11.2444
194 1.1286 1.5206 0.1290 -0.4954 0.1883 4.7815 -9.2910 10.1084
195 1.1197 1.5284 0.1248 -0.5322 0.2199 4.8812 -8.3910 9.3273
196 1.1014 1.5403 0.1260 -0.6071 0.2677 4.6962 -7.7360 9.1638
197 1.0831 1.5501 0.1260 -0.6821 0.3075 3.9490 -8.2200 10.4700
198 1.0699 1.5552 0.1166 -0.7363 0.3284 5.7430 -8.7200 10.1651
199 1.0521 1.5573 0.1266 -0.8097 0.3375 4.9214 -9.1016 10.6832
200 1.0363 1.5540 0.1266 -0.8749 0.3249 4.6352 -8.8760 10.4233
201 1.3142 1.5252 0.1266 0.2373 0.2098 4.7133 -8.8690 10.3554
202 1.3112 1.5319 0.1266 0.2259 0.2372 3.8495 -8.8690 10.2330
203 1.3068 1.5381 0.1242 0.2089 0.2620 4.9180 -8.1660 9.3952
204 1.3044 1.5443 0.1290 0.1998 0.2876 4.7805 -7.9310 9.3117
205 1.3007 1.5511 0.1266 0.1853 0.3150 4.7276 -8.0160 9.4820
206 1.2910 1.5562 0.1260 0.1473 0.3362 4.9378 -8.3210 10.0951
207 1.2760 1.5627 0.1126 0.0873 0.3627 6.7461 -7.2030 8.0522
208 1.2529 1.5679 0.1266 -0.0050 0.3843 4.8435 -6.4500 7.0564
209 1.2299 1.5708 0.1183 -0.0973 0.3965 5.7948 -5.9180 7.2522
210 1.2162 1.5669 0.1296 -0.1522 0.3815 4.7551 0.0000 -12.7910
211 1.4268 1.5204 0.1290 0.6918 0.1957 4.7855 -6.3930 7.9143
212 1.4332 1.5222 0.1272 0.7194 0.2033 5.1426 -6.8400 8.1513
213 1.4428 1.5205 0.1278 0.7594 0.1965 4.9070 -7.1370 8.5307
214 1.4468 1.5238 0.1308 0.7774 0.2102 3.9065 -7.4800 9.1326
215 1.4417 1.5332 0.1296 0.7592 0.2482 4.2474 -6.8626 7.6770
216 1.4345 1.5411 0.1296 0.7322 0.2799 5.2899 -55.8060 30.0000
217 1.4305 1.5476 0.1321 0.7180 0.3063 4.8907 -5.1010 5.9137
218 1.4293 1.5514 0.1321 0.7148 0.3222 5.2166 -7.0880 8.4428
219 1.4291 1.5555 0.1321 0.7160 0.3392 4.9253 -4.9670 6.0584
220 1.4304 1.5589 0.1333 0.7228 0.3533 5.0992 -5.2090 6.4367
221 1.5290 1.4904 0.1321 1.1201 0.0792 4.9521 -5.2320 6.4311
222 1.5303 1.4910 0.1254 1.1282 0.0816 5.8924 -5.1610 6.1830
223 1.5339 1.4917 0.1296 1.1455 0.0844 5.2799 -4.9630 6.0584
224 1.5406 1.4927 0.1242 1.1749 0.0881 6.0083 -4.6150 5.5777
225 1.5480 1.4940 0.1302 1.2078 0.0935 5.2413 -4.6060 5.4854
226 1.5564 1.4956 0.1345 1.2442 0.0999 4.8640 -4.6110 5.7112
227 1.5663 1.4982 0.1327 1.2869 0.1100 4.9195 -4.8750 6.0940
228 1.5765 1.5010 0.1345 1.3311 0.1213 4.9600 -4.8460 5.9015
229 1.5876 1.5042 0.1308 1.3791 0.1342 5.4825 -4.7550 5.8870
230 1.5973 1.5071 0.1327 1.4212 0.1457 5.1517 -4.8290 5.9649
231 1.4242 1.5181 0.1308 0.7303 0.1901 5.2635 -4.8690 6.0495
232 1.4256 1.5188 0.1333 0.7378 0.1930 4.9851 -4.8120 5.8614
233 1.4281 1.5188 0.1315 0.7497 0.1932 5.3467 -4.8640 6.0083
234 1.4312 1.5183 0.1327 0.7641 0.1913 5.3394 -4.8240 5.9593
235 1.4351 1.5179 0.1315 0.7814 0.1900 5.1964 -4.8200 6.0684
236 1.4399 1.5176 0.1345 0.8025 0.1891 5.0891 -4.9730 6.1474
237 1.4455 1.5176 0.1302 0.8267 0.1890 5.3775 -5.1210 6.2319
238 1.4519 1.5180 0.1352 0.8543 0.1907 5.0483 -5.1120 6.2553
239 1.4590 1.5188 0.1308 0.8851 0.1943 5.3378 -5.1380 6.2709
240 1.4638 1.5195 0.1333 0.9060 0.1971 5.3604 -5.1130 6.2075
241 1.4240 1.5182 0.1339 0.7486 0.1924 5.1146 -5.0110 6.0984
242 1.4237 1.5188 0.1333 0.7492 0.1947 5.3288 -5.1970 6.3944
243 1.4241 1.5197 0.1315 0.7527 0.1985 4.4216 -5.2100 6.3488
244 1.4253 1.5208 0.1321 0.7591 0.2034 5.4498 -5.2550 6.5591
245 1.4272 1.5222 0.1302 0.7685 0.2089 5.5032 -5.3330 6.5368
246 1.4299 1.5238 0.1236 0.7810 0.2155 6.4995 -5.2920 6.4645
247 1.4330 1.5254 0.1321 0.7956 0.2225 5.5020 -5.2760 6.4267
248 1.4371 1.5266 0.1248 0.8135 0.2275 6.2683 -5.3940 6.6648
249 1.4418 1.5295 0.1339 0.8343 0.2391 5.3761 -5.2400 6.2330
250 1.4450 1.5310 0.1321 0.8492 0.2457 5.8567 -5.2100 6.3132
251 1.5565 1.4642 0.1327 1.2981 -0.0221 5.6098 -5.1450 6.2965
252 1.5580 1.4647 0.1321 1.3075 -0.0203 4.7300 5.1180 -27.9733
253 1.5600 1.4655 0.1308 1.3183 -0.0175 5.5580 -5.1030 6.1452
254 1.5625 1.4666 0.1327 1.3316 -0.0132 5.3538 -5.0000 5.7413
255 1.5654 1.4682 0.1315 1.3464 -0.0073 5.5192 -5.3110 6.4656
256 1.5690 1.4700 0.1315 1.3637 -0.0003 5.9679 0.0000 -11.0642
257 1.5732 1.4720 0.1242 1.3840 0.0072 6.4236 -5.2340 6.4511
258 1.5781 1.4760 0.1358 1.4068 0.0229 5.4829 -5.1580 6.2954
259 1.5835 1.4800 0.1230 1.4319 0.0391 6.5392 -5.1660 6.2509
260 1.5871 1.4826 0.1339 1.4494 0.0489 5.6100 -5.1880 6.3443
261 1.5412 1.4711 0.1308 1.2686 0.0029 5.7463 -5.3120 6.5490
262 1.5418 1.4715 0.1321 1.2739 0.0040 5.8007 -5.4270 6.6792
263 1.5429 1.4720 0.1308 1.2812 0.0059 5.5365 -5.4630 6.5969
264 1.5444 1.4723 0.1321 1.2902 0.0068 5.8350 -5.5960 6.9496
265 1.5464 1.4725 0.1308 1.3012 0.0073 5.6321 -5.7100 6.8539
266 1.5492 1.4729 0.1333 1.3154 0.0085 5.7836 -5.6280 6.6870
267 1.5524 1.4734 0.1339 1.3311 0.0105 5.4184 -5.5410 6.6926
268 1.5558 1.4741 0.1339 1.3480 0.0129 5.7429 -5.4270 6.6147
269 1.5596 1.4749 0.1327 1.3663 0.0160 5.9079 -5.3190 6.4411
270 1.5627 1.4757 0.1339 1.3817 0.0187 5.7729 -5.3110 6.4678
271 1.5410 1.4715 0.1315 1.2981 0.0016 5.8360 -5.2560 6.4044
272 1.5415 1.4724 0.1230 1.3027 0.0049 6.8043 -5.0160 5.9193
273 1.5415 1.4730 0.1327 1.3059 0.0071 5.7848 -4.6790 5.4598
274 1.5392 1.4716 0.1327 1.2995 0.0013 5.8016 -4.5350 5.5332
275 1.5323 1.4705 0.1296 1.2747 -0.0035 6.1866 -2.9030 3.2634
276 1.5207 1.4663 0.1284 1.2308 -0.0204 6.0449 -2.5590 3.5015
277 1.5035 1.4660 0.1327 1.1646 -0.0222 5.9159 -2.3000 3.0509
278 1.4877 1.4668 0.1339 1.1040 -0.0190 4.8182 -1.9410 2.6403
279 1.4686 1.4725 0.1302 1.0295 0.0034 6.2446 -1.8470 2.6114
280 1.4523 1.4786 0.1278 0.9663 0.0276 6.0016 -1.4870 2.1641
281 1.4758 1.6484 0.1284 1.0627 0.7082 6.0648 -1.4660 2.2943
282 1.4790 1.6475 0.1296 1.0779 0.7062 5.9338 -0.8250 1.4075
283 1.4871 1.6482 0.1260 1.1127 0.7104 6.4475 -0.4720 0.8545
284 1.4973 1.6471 0.1290 1.1557 0.7076 5.1524 -0.2530 0.6776
285 1.5068 1.6452 0.1266 1.1966 0.7011 6.1115 0.0500 0.4774
286 1.5153 1.6417 0.1260 1.2330 0.6886 6.2019 0.4460 -0.5554
287 1.5225 1.6383 0.1172 1.2646 0.6763 7.2207 0.7010 -0.2133
288 1.5355 1.6333 0.1278 1.3196 0.6578 6.2644 0.1150 0.7482
289 1.5480 1.6296 0.1272 1.3724 0.6444 6.0541 -0.3920 1.2494
290 1.5582 1.6295 0.1248 1.4165 0.6453 6.8399 -1.6370 2.6700
291 1.3738 1.5331 0.1248 0.6800 0.2600 5.3807 -1.9790 2.9341
292 1.3820 1.5349 0.1254 0.7140 0.2677 6.2635 -1.8080 2.4167
293 1.3932 1.5378 0.1224 0.7605 0.2794 6.8185 -2.0090 2.8673
294 1.4053 1.5417 0.1172 0.8105 0.2955 7.1700 -2.2770 3.2678
295 1.4194 1.5479 0.1242 0.8682 0.3207 6.5235 -2.7980 3.9966
296 1.4330 1.5540 0.1166 0.9246 0.3457 7.3365 -2.5650 3.3813
297 1.4467 1.5600 0.1242 0.9813 0.3701 6.5614 -2.3540 3.0776
298 1.4583 1.5634 0.1278 1.0299 0.3845 6.5058 -2.2830 3.0253
299 1.4726 1.5672 0.1278 1.0893 0.4002 6.3424 -2.2570 3.0676
300 1.4842 1.5702 0.1296 1.1382 0.4132 6.2598 -2.2510 3.1366
301 1.1819 1.4854 0.1266 -0.0720 0.0737 6.3964 -2.3700 3.2556
302 1.1817 1.4861 0.1260 -0.0732 0.0766 5.7202 -2.3480 3.1688
303 1.1817 1.4868 0.1266 -0.0739 0.0792 6.4933 -2.2190 2.9964
304 1.1818 1.4875 0.1278 -0.0744 0.0816 6.5475 -2.1330 2.8406
305 1.1820 1.4880 0.1272 -0.0743 0.0835 6.5178 -2.1240 2.9196
306 1.1822 1.4885 0.1272 -0.0741 0.0855 6.9610 -2.0800 2.8039
307 1.1829 1.4893 0.1278 -0.0720 0.0886 6.4212 -1.8520 2.6169
308 1.1847 1.4878 0.1302 -0.0653 0.0825 6.4502 1.5510 -1.2039
309 1.1874 1.4825 0.1248 -0.0553 0.0612 6.5196 -1.0480 1.0726
310 1.1867 1.4792 0.1278 -0.0587 0.0479 6.4091 -0.4780 0.5541
311 1.2682 1.5741 0.1272 0.2676 0.4280 6.6161 -0.3040 0.8946
312 1.2705 1.5755 0.1272 0.2769 0.4343 6.5145 0.2330 0.3941
313 1.2730 1.5770 0.1290 0.2872 0.4412 6.4956 -0.1230 0.7521
314 1.2749 1.5784 0.1254 0.2951 0.4477 7.0684 -0.5410 1.4320
315 1.2754 1.5802 0.1272 0.2971 0.4556 6.6290 -1.2800 2.1452
316 1.2722 1.5822 0.1242 0.2848 0.4642 6.8272 -1.8320 3.0754
317 1.2679 1.5825 0.1272 0.2678 0.4665 6.6061 -2.8320 4.0256
318 1.2615 1.5790 0.1260 0.2424 0.4532 6.8292 -4.0090 5.5644
319 1.2560 1.5746 0.1254 0.2203 0.4363 6.6212 -5.4950 7.3802
320 1.2519 1.5758 0.1284 0.2038 0.4419 6.8149 -6.2390 7.9365
321 1.2936 1.5129 0.1242 0.3712 0.1903 7.0325 -6.3190 7.6094
322 1.2992 1.5189 0.1254 0.3939 0.2145 6.7290 -6.2460 7.4080
323 1.3022 1.5199 0.1260 0.4067 0.2187 6.6165 -6.6320 8.2692
324 1.2996 1.5247 0.1260 0.3967 0.2384 5.9917 -6.8320 8.0934
325 1.2923 1.5316 0.1236 0.3679 0.2663 6.9409 -6.8050 8.1791
326 1.2855 1.5382 0.1260 0.3411 0.2929 6.0874 -6.8050 8.2169
327 1.2791 1.5445 0.1248 0.3159 0.3184 7.0150 -6.9230 8.2681
328 1.2732 1.5500 0.1278 0.2925 0.3412 6.7330 -6.8400 8.1713
329 1.2669 1.5560 0.1166 0.2674 0.3658 7.9780 -6.7470 8.0856
330 1.2630 1.5601 0.1266 0.2520 0.3825 6.8485 -6.7030 8.0188
331 1.2743 1.3925 0.1236 0.2972 -0.2888 7.1622 -6.8930 8.5329
332 1.2789 1.3899 0.1272 0.3159 -0.3003 7.0464 -6.8760 8.2180
333 1.2851 1.3862 0.1154 0.3411 -0.3161 8.3557 -6.8070 8.0723
334 1.2916 1.3821 0.1272 0.3674 -0.3339 6.9038 -6.8650 8.2414
335 1.2987 1.3779 0.1278 0.3966 -0.3520 6.7900 -7.0550 8.4795
336 1.3065 1.3735 0.1254 0.4280 -0.3706 7.1571 -7.1750 8.5863
337 1.3146 1.3684 0.1260 0.4611 -0.3925 6.9848 -7.0550 8.3460
338 1.3229 1.3625 0.1248 0.4950 -0.4172 7.2068 -7.1890 8.5819
339 1.3312 1.3562 0.1254 0.5293 -0.4439 6.2164 -7.1220 8.4339
340 1.3381 1.3509 0.1248 0.5576 -0.4669 7.4810 -7.0300 8.1980
341 1.2631 1.4209 0.1248 0.2580 -0.1876 7.1402 -6.8920 8.1201
342 1.2636 1.4205 0.1278 0.2598 -0.1898 6.9779 -6.9090 8.3237
343 1.2641 1.4199 0.1230 0.2622 -0.1933 7.6307 -6.8970 8.2992
344 1.2649 1.4189 0.1248 0.2656 -0.1980 6.9603 -6.8430 8.2258
345 1.2658 1.4177 0.1254 0.2692 -0.2037 7.2038 -6.7940 8.1913
346 1.2667 1.4161 0.1248 0.2730 -0.2109 7.1752 -6.7030 8.0122
347 1.2674 1.4139 0.1236 0.2760 -0.2204 7.4564 -6.5750 7.7896
348 1.2687 1.4111 0.1254 0.2811 -0.2327 7.2604 -6.3360 7.5504
349 1.2700 1.4078 0.1248 0.2868 -0.2467 7.3513 -6.1970 7.4158
350 1.2711 1.4050 0.1254 0.2912 -0.2590 7.2944 -6.0960 7.3123
351 1.2699 1.4119 0.1254 0.2869 -0.2319 7.1906 -5.9390 7.0776
352 1.2699 1.4115 0.1248 0.2868 -0.2344 7.4003 -5.7430 6.6903
353 1.2704 1.4120 0.1260 0.2893 -0.2335 7.2757 -5.5740 6.7627
354 1.2713 1.4117 0.1260 0.2928 -0.2357 7.3538 -5.6376 6.7435
355 1.2721 1.4111 0.1254 0.2963 -0.2389 7.3257 -5.5800 6.7471
356 1.2729 1.4102 0.1260 0.2999 -0.2435 7.6318 -5.6970 6.9418
357 1.2737 1.4088 0.1254 0.3030 -0.2498 7.4821 -5.7770 6.9841
358 1.2746 1.4069 0.1272 0.3070 -0.2582 7.4644 -5.8630 7.1910
359 1.2756 1.4046 0.1242 0.3113 -0.2684 7.5437 -5.9100 7.1321
360 1.2765 1.4025 0.1254 0.3151 -0.2780 7.4750 -6.0100 7.4481
361 1.2519 1.4098 0.1260 0.2169 -0.2494 6.5979 -6.0710 7.3112
362 1.2517 1.4093 0.1178 0.2161 -0.2524 8.5466 -6.2620 7.5994
363 1.2514 1.4084 0.1236 0.2150 -0.2569 7.8623 -6.3000 7.5994
364 1.2511 1.4071 0.1278 0.2136 -0.2629 7.4382 -6.3610 7.6049
365 1.2507 1.4055 0.1236 0.2121 -0.2705 7.6021 -6.3720 7.6906
366 1.2503 1.4035 0.1254 0.2104 -0.2793 6.7645 -6.1860 7.3880
367 1.2498 1.4013 0.1236 0.2085 -0.2894 7.6402 -6.0500 7.2522
368 1.2493 1.3986 0.1260 0.2064 -0.3009 7.7906 -5.9210 7.1777
369 1.2487 1.3957 0.1132 0.2041 -0.3138 8.9915 -5.7070 6.8283
370 1.2486 1.3928 0.1266 0.2037 -0.3264 7.8132 -5.6700 6.8539
371 1.2676 1.4223 0.1248 0.2799 -0.2093 7.8632 -5.6020 6.7248
372 1.2670 1.4224 0.1260 0.2778 -0.2095 7.6150 -5.4720 6.5312
373 1.2662 1.4222 0.1154 0.2746 -0.2110 8.8413 -5.4610 6.6614
374 1.2653 1.4216 0.1266 0.2709 -0.2141 7.8208 -5.5910 6.8617
375 1.2643 1.4206 0.1230 0.2673 -0.2189 7.9104 -5.6230 6.8528
376 1.2639 1.4211 0.1266 0.2658 -0.2179 7.6786 -5.6930 6.9552
377 1.2631 1.4210 0.1230 0.2628 -0.2191 8.1269 -5.6700 6.7827
378 1.2621 1.4205 0.1260 0.2588 -0.2220 7.7882 -5.6550 6.9040
379 1.2611 1.4195 0.1260 0.2550 -0.2268 6.8120 -5.6940 6.8695
380 1.2601 1.4186 0.1166 0.2510 -0.2313 8.9507 -5.7930 7.0308
381 1.2561 1.4020 0.1278 0.2349 -0.2983 7.6848 -6.1710 7.5382
382 1.2558 1.4058 0.1278 0.2338 -0.2842 7.8227 -6.3480 8.3938
383 1.2552 1.4110 0.1248 0.2315 -0.2641 7.8430 -6.5640 8.0111
384 1.2556 1.4164 0.1272 0.2334 -0.2433 7.7529 -6.5550 9.7368
385 1.2546 1.4144 0.1230 0.2294 -0.2524 8.2697 -6.7030 8.2392
386 1.2526 1.4076 0.1230 0.2211 -0.2804 7.9329 -7.7610 9.6500
387 1.2518 1.3986 0.1218 0.2183 -0.3175 8.1532 -9.2590 11.5370
388 1.2542 1.3866 0.1248 0.2279 -0.3668 8.2326 -10.2300 12.5039
389 1.2602 1.3787 0.1296 0.2518 -0.3995 8.0363 -10.6860 12.4728
390 1.2670 1.3732 0.1296 0.2794 -0.4226 7.8684 -10.7560 12.4817
391 1.2304 1.4286 0.1284 0.1327 -0.2019 7.9677 -10.4690 12.1490
392 1.2230 1.4253 0.1284 0.1028 -0.2158 7.9866 -9.7680 11.0775
393 1.2151 1.4219 0.1224 0.0708 -0.2302 8.1857 -9.0650 10.3354
394 1.2049 1.4208 0.1254 0.0296 -0.2354 8.0853 -8.0500 9.1282
395 1.1920 1.4177 0.1224 -0.0224 -0.2486 7.8720 -7.0050 7.6161
396 1.1787 1.4113 0.1266 -0.0764 -0.2750 7.9793 -5.6240 6.2687
397 1.1639 1.4002 0.1242 -0.1365 -0.3203 7.5803 -4.7230 5.6645
398 1.1496 1.3844 0.1260 -0.1947 -0.3849 8.1487 -4.4530 5.4976
399 1.1319 1.3637 0.1266 -0.2669 -0.4690 8.2151 -4.4780 5.6077
400 1.1164 1.3503 0.1272 -0.3300 -0.5243 8.1576 -4.3390 5.2372
401 1.2669 1.5092 0.1260 0.2722 0.1117 8.1373 -4.1960 5.1961
402 1.2685 1.5084 0.1260 0.2788 0.1084 8.1559 -4.2510 5.4731
403 1.2742 1.5091 0.1242 0.3017 0.1115 8.3302 -4.5100 5.8547
404 1.2828 1.5105 0.1254 0.3366 0.1171 7.4454 -4.9530 6.1452
405 1.2968 1.5139 0.1248 0.3928 0.1309 8.4163 -5.3830 6.8305
406 1.3108 1.5187 0.1278 0.4497 0.1503 8.3151 -5.3990 6.5635
407 1.3216 1.5260 0.1166 0.4933 0.1797 9.4987 -5.5360 6.2152
408 1.3304 1.5331 0.1254 0.5294 0.2084 8.7621 -4.9830 5.9582
409 1.3429 1.5412 0.1172 0.5803 0.2414 9.2878 -4.8940 1.5399
410 1.3526 1.5475 0.1278 0.6203 0.2667 8.5073 -5.0440 6.1129
411 1.2372 1.6119 0.1242 0.1586 0.5257 8.4731 -5.0300 6.0550
412 1.2366 1.6126 0.1290 0.1558 0.5294 8.3346 -4.9990 5.9872
413 1.2358 1.6133 0.1272 0.1527 0.5336 8.2702 -5.0310 6.1051
414 1.2342 1.6145 0.1260 0.1459 0.5395 8.5527 -4.9920 6.1618
415 1.2382 1.6200 0.1266 0.1620 0.5626 7.6149 -5.3660 6.6091
416 1.2397 1.6315 0.1254 0.1680 0.6101 8.6627 -5.5760 6.7938
417 1.2350 1.6483 0.1248 0.1489 0.6787 8.4545 -5.1260 6.0862
418 1.2296 1.6661 0.1266 0.1270 0.7514 8.6161 -4.8190 5.7847
419 1.2227 1.6800 0.1260 0.0990 0.8090 8.3481 -4.9740 6.1730
420 1.2181 1.6892 0.1172 0.0806 0.8477 9.9018 -5.1260 6.4088
421 1.2443 1.6041 0.1236 0.1851 0.5083 8.8437 -6.1420 7.7440
422 1.2425 1.6042 0.1248 0.1780 0.5098 8.5412 -6.3060 7.9131
423 1.2344 1.6021 0.1254 0.1453 0.5022 8.4885 -6.0090 7.0264
424 1.2163 1.6045 0.1236 0.0728 0.5129 7.9630 -4.8110 5.3886
425 1.1925 1.6104 0.1242 -0.0231 0.5375 8.6699 -4.2680 5.4119
426 1.1736 1.6122 0.1242 -0.0996 0.5459 9.0472 -4.3950 5.7713
427 1.1558 1.6091 0.1160 -0.1717 0.5348 9.7496 -5.4460 6.9118
428 1.1356 1.6051 0.1272 -0.2535 0.5197 8.5458 -5.3660 6.1307
429 1.1058 1.6036 0.1266 -0.3744 0.5149 8.6367 -4.7990 5.5376
430 1.0747 1.6025 0.1290 -0.5002 0.5113 8.8442 -4.3690 5.1749
431 1.2549 1.6347 0.1260 0.2205 0.6415 8.7976 -4.1020 5.0203
432 1.2520 1.6333 0.1254 0.2087 0.6373 8.7683 -3.9530 4.9635
433 1.2475 1.6329 0.1260 0.1910 0.6369 8.7154 -3.9600 4.9624
434 1.2413 1.6326 0.1236 0.1659 0.6372 9.2601 -3.5880 4.1123
435 1.2348 1.6327 0.1248 0.1398 0.6387 8.7776 -3.2990 4.1891
436 1.2279 1.6335 0.1207 0.1119 0.6435 9.5317 -3.3670 4.3849
437 1.2200 1.6349 0.1242 0.0800 0.6503 9.0061 -3.3840 4.2748
438 1.2110 1.6370 0.1284 0.0438 0.6599 8.6997 -3.3740 4.2303
439 1.2009 1.6393 0.1242 0.0029 0.6705 8.9838 -3.2780 4.1591
440 1.1924 1.6408 0.1149 -0.0319 0.6780 10.4188 -3.3210 4.2447
441 1.2747 1.6402 0.1248 0.2976 0.6770 9.0624 -3.3430 4.3204
442 1.2741 1.6422 0.1242 0.2955 0.6863 9.1527 -3.4420 4.4306
443 1.2722 1.6464 0.1166 0.2883 0.7047 9.9660 -3.5330 4.4806
444 1.2693 1.6512 0.1242 0.2769 0.7254 9.0720 -3.4550 4.3137
445 1.2653 1.6567 0.1254 0.2610 0.7489 9.0073 -3.4620 4.3193
446 1.2603 1.6629 0.1254 0.2408 0.7755 9.3260 -3.2600 4.0856
447 1.2554 1.6707 0.1266 0.2216 0.8085 8.9012 -3.3420 4.2881
448 1.2495 1.6791 0.1278 0.1980 0.8438 8.8345 -3.3130 4.3293
449 1.2427 1.6881 0.1248 0.1705 0.8817 8.3911 -3.1990 4.0601
450 1.2366 1.6957 0.1248 0.1460 0.9142 9.1099 -3.1650 3.8998
451 1.2756 1.6092 0.1266 0.3024 0.5691 7.9766 -3.1610 4.0667
452 1.2745 1.6100 0.1178 0.2981 0.5735 10.0500 -3.0340 3.9966
453 1.2726 1.6114 0.1224 0.2909 0.5802 9.3890 -2.8810 3.6728
454 1.2699 1.6133 0.1284 0.2803 0.5887 8.9285 -2.8920 3.8275
455 1.2663 1.6154 0.1236 0.2660 0.5983 9.6429 -2.7990 3.7374
456 1.2622 1.6177 0.1278 0.2495 0.6088 9.0386 -2.8480 3.6250
457 1.2573 1.6206 0.1236 0.2300 0.6215 9.6201 -2.8490 3.7463
458 1.2516 1.6240 0.1272 0.2072 0.6363 9.1481 -2.9490 3.9199
459 1.2451 1.6278 0.1242 0.1813 0.6529 9.2879 -3.0280 3.9699
460 1.2395 1.6312 0.1266 0.1589 0.6678 9.3744 -3.1020 3.9855
461 1.2796 1.6161 0.1248 0.3195 0.6084 9.3056 -2.9940 3.8676
462 1.2762 1.6127 0.1242 0.3062 0.5961 8.6314 -2.1210 2.2286
463 1.2728 1.6040 0.1195 0.2927 0.5621 10.2161 -1.4710 2.2665
464 1.2714 1.5914 0.1272 0.2873 0.5126 9.5511 -1.8850 2.7293
465 1.2645 1.5827 0.1266 0.2601 0.4788 9.1018 -2.4640 3.7162
466 1.2574 1.5758 0.1272 0.2318 0.4522 9.6484 -3.8250 5.3040
467 1.2508 1.5722 0.1248 0.2050 0.4382 9.3538 -2.9800 3.5694
468 1.2428 1.5717 0.1284 0.1731 0.4371 9.5399 -2.6930 3.0987
469 1.2350 1.5736 0.1266 0.1418 0.4454 9.3532 -1.7980 2.3099
470 1.2288 1.5753 0.1172 0.1168 0.4531 10.8000 -1.2900 1.6512
471 1.3001 1.6023 0.1272 0.4026 0.5621 9.4944 -1.3960 2.2342
472 1.3004 1.6055 0.1296 0.4042 0.5759 9.1020 -1.3270 1.8081
473 1.3013 1.6062 0.1248 0.4085 0.5795 9.5199 -1.4380 1.9761
474 1.3019 1.6070 0.1248 0.4113 0.5838 9.0092 -1.5250 2.1352
475 1.3024 1.6082 0.1266 0.4139 0.5898 9.5214 -1.4510 2.1040
476 1.3026 1.6095 0.1278 0.4151 0.5961 9.7571 -1.4950 1.9749
477 1.3028 1.6108 0.1178 0.4164 0.6025 10.6198 -1.4560 2.1274
478 1.3027 1.6123 0.1278 0.4164 0.6094 9.4321 -1.4790 2.2865
479 1.3021 1.6138 0.1272 0.4145 0.6167 9.4628 -1.4860 2.2676
480 1.3014 1.6151 0.1254 0.4123 0.6229 9.9945 -1.5290 2.3288
481 1.3329 1.5851 0.1166 0.5391 0.5039 11.0664 -1.5380 2.3054
482 1.3326 1.5853 0.1278 0.5388 0.5057 9.4990 -1.6300 2.4590
483 1.3320 1.5857 0.1236 0.5373 0.5079 9.8415 -1.7070 2.4890
484 1.3311 1.5861 0.1254 0.5345 0.5104 9.8251 -1.9120 2.7861
485 1.3301 1.5866 0.1272 0.5313 0.5134 9.3299 -1.8730 2.5780
486 1.3291 1.5871 0.1278 0.5279 0.5163 9.8144 -2.0010 2.9385
487 1.3277 1.5885 0.1236 0.5230 0.5227 10.0354 -2.1790 3.0142
488 1.3265 1.5896 0.1284 0.5191 0.5281 9.7789 -2.0800 2.7304
489 1.3250 1.5908 0.1284 0.5139 0.5338 9.6764 -2.0900 2.9151
490 1.3238 1.5918 0.1266 0.5098 0.5386 9.7881 -2.0550 2.8651
491 1.3679 1.6220 0.1248 0.6874 0.6606 10.0187 -1.8980 2.5902
492 1.3674 1.6220 0.1248 0.6865 0.6619 10.0372 -1.8860 2.6770
493 1.3666 1.6220 0.1248 0.6846 0.6632 10.1763 -1.8760 2.6437
494 1.3656 1.6220 0.1272 0.6816 0.6645 9.9678 -2.0010 2.8206
495 1.3643 1.6221 0.1266 0.6777 0.6661 9.8182 -2.0710 2.7894
496 1.3627 1.6223 0.1272 0.6726 0.6679 9.7645 -2.1480 2.9396
497 1.3610 1.6224 0.1278 0.6666 0.6696 8.7736 -2.1420 2.9352
498 1.3591 1.6225 0.1278 0.6601 0.6711 10.0301 -2.2000 2.9441
499 1.3570 1.6225 0.1272 0.6530 0.6724 9.1719 -2.2360 3.0709
500 1.3551 1.6225 0.1248 0.6465 0.6735 10.2433 -2.1960 2.9619
501 1.3279 1.5719 0.1272 0.5384 0.4722 9.9705 -2.1130 2.8695
502 1.3276 1.5717 0.1218 0.5377 0.4720 10.8132 -2.1890 2.9763
503 1.3270 1.5714 0.1266 0.5361 0.4713 9.9005 -2.1780 2.9619
504 1.3263 1.5709 0.1284 0.5341 0.4702 9.8811 -2.2150 2.9875
505 1.3254 1.5704 0.1260 0.5316 0.4687 9.9494 -2.1080 2.8439
506 1.3246 1.5697 0.1266 0.5288 0.4666 9.1356 -2.0290 2.7538
507 1.3235 1.5689 0.1230 0.5251 0.4641 10.5241 -1.8300 2.4367
508 1.3223 1.5674 0.1290 0.5211 0.4589 10.0033 -1.7660 2.5257
509 1.3208 1.5652 0.1278 0.5158 0.4509 9.7484 -1.8290 2.6982
510 1.3197 1.5637 0.1302 0.5121 0.4453 8.9400 -1.8870 2.6292
511 1.3250 1.5748 0.1278 0.5340 0.4907 10.1931 -1.7680 2.5079
512 1.3246 1.5747 0.1284 0.5334 0.4908 10.1995 -1.7140 2.3744
513 1.3240 1.5744 0.1254 0.5315 0.4906 10.5790 -1.7360 2.4879
514 1.3231 1.5741 0.1284 0.5287 0.4901 9.9954 -1.9100 2.7282
515 1.3219 1.5737 0.1248 0.5246 0.4890 10.3270 -1.9300 2.6681
516 1.3203 1.5730 0.1266 0.5189 0.4871 10.2494 1.9620 -10.3806
517 1.3184 1.5721 0.1242 0.5122 0.4843 9.5579 -2.0330 3.1121
518 1.3163 1.5711 0.1166 0.5044 0.4807 11.3089 -2.0070 11.7231
519 1.3140 1.5697 0.1266 0.4958 0.4761 10.4266 -2.1490 3.0520
520 1.3120 1.5686 0.1290 0.4885 0.4723 10.2119 -2.1140 2.8439
521 1.3280 1.5649 0.1272 0.5531 0.4582 10.0849 -2.1310 2.9252
522 1.3276 1.5647 0.1254 0.5525 0.4581 9.5016 -2.2280 3.0375
523 1.3268 1.5645 0.1272 0.5501 0.4577 10.4221 -2.2250 3.0164
524 1.3257 1.5642 0.1284 0.5464 0.4572 10.4157 -2.1580 2.9485
525 1.3244 1.5639 0.1149 0.5419 0.4567 11.6396 -2.0900 2.8907
526 1.3230 1.5635 0.1266 0.5369 0.4559 10.4301 -2.1420 2.9886
527 1.3214 1.5631 0.1278 0.5312 0.4545 10.3040 -2.0620 2.8795
528 1.3195 1.5625 0.1272 0.5244 0.4530 10.4550 -2.0580 2.7616
529 1.3174 1.5619 0.1272 0.5168 0.4511 10.3540 -2.0020 2.8083
530 1.3161 1.5615 0.1254 0.5120 0.4501 10.6410 -2.0270 2.9007
531 1.3221 1.5893 0.1272 0.5368 0.5621 10.4996 -2.0160 2.7883
532 1.3220 1.5880 0.1254 0.5370 0.5580 10.9154 -1.9820 2.8328
533 1.3216 1.5861 0.1236 0.5361 0.5511 10.7879 -1.8940 2.6948
534 1.3210 1.5843 0.1272 0.5346 0.5447 10.6757 -1.8560 2.5257
535 1.3203 1.5825 0.1248 0.5324 0.5386 10.4450 -1.7110 2.4556
536 1.3198 1.5811 0.1183 0.5310 0.5339 11.7138 -1.7190 2.4845
537 1.3191 1.5794 0.1248 0.5290 0.5277 10.7766 -1.6770 2.3978
538 1.3182 1.5777 0.1278 0.5260 0.5216 10.6750 -1.6400 2.3766
539 1.3170 1.5759 0.1254 0.5222 0.5154 10.6227 -1.7050 2.4378
540 1.3158 1.5742 0.1308 0.5178 0.5092 9.5753 -1.7160 2.5146
541 1.3147 1.5728 0.1248 0.5141 0.5042 11.0873 -1.7260 2.3744
542 1.3132 1.5710 0.1242 0.5089 0.4976 10.8776 1.8010 -30.0000
543 1.3116 1.5691 0.1272 0.5029 0.4910 10.5369 -1.8630 2.5816
544 1.3096 1.5673 0.1248 0.4957 0.4844 11.1430 -1.7520 6.3861
545 1.3075 1.5654 0.1260 0.4876 0.4775 10.9576 -1.6860 2.4322
546 1.3051 1.5636 0.1290 0.4788 0.4707 10.6142 -1.7240 2.4923
547 1.3027 1.5614 0.1248 0.4696 0.4625 11.0180 -1.5760 2.2965
548 1.3001 1.5576 0.1195 0.4596 0.4480 12.0963 -1.6300 2.2564
549 1.2956 1.5539 0.1254 0.4420 0.4337 11.1034 -1.6430 2.4133
550 1.2905 1.5503 0.1290 0.4222 0.4198 10.7479 -1.6700 2.3811
551 1.2863 1.5474 0.1266 0.4059 0.4089 11.2343 -1.6900 2.5324
552 1.2832 1.5453 0.1272 0.3936 0.4010 11.1122 -1.7840 2.5925
553 1.2777 1.5418 0.1278 0.3719 0.3871 10.9369 -1.8410 2.5802
554 1.2724 1.5370 0.1290 0.3508 0.3683 10.6894 -2.0500 2.8373
555 1.2665 1.5318 0.1242 0.3277 0.3478 11.1055 -2.0370 3.1455
556 1.2608 1.5263 0.1284 0.3048 0.3263 10.8591 -2.0280 2.8128
557 1.2550 1.5209 0.1272 0.2818 0.3048 11.0230 -2.0700 2.8595
558 1.2491 1.5157 0.1272 0.2581 0.2843 11.1617 -1.9530 2.6359
559 1.2431 1.5106 0.1266 0.2341 0.2639 10.9517 -1.8960 2.6169
560 1.2371 1.5055 0.1272 0.2098 0.2436 11.0176 -1.7069 2.4887
