count	posx	posy	posz	Xout	Yout	Zout
1	0.0000	0.0000	0.0000	0.0000	0.0000	0.0000
2	0.0000	0.0000	0.1172	0.0000	0.0000	0.0000
3	0.0000	0.0000	0.1242	0.0000	0.0000	0.0000
4	0.0000	0.0000	0.1183	0.0000	0.0000	0.0000
5	0.0000	0.0000	0.1242	0.0000	0.0000	0.0000
6	0.0000	0.0000	0.1183	0.0000	0.0000	0.0000
7	0.0000	0.0000	0.1236	0.0000	0.0000	0.0000
8	0.0000	0.0000	0.1272	0.0000	0.0000	0.0000
9	0.0000	0.0000	0.1236	0.0000	0.0000	0.0000
10	0.0000	0.0000	0.1224	0.0000	0.0000	0.0000
11	1.2767	1.5309	0.1254	2.0000	2.0000	1.5895
12	1.2761	1.5306	0.1248	0.2203	0.2634	1.8711
13	1.2750	1.5299	0.1218	0.1923	0.2402	1.8466
14	1.2733	1.5288	0.1260	0.1568	0.2193	1.6832
15	1.2711	1.5275	0.1242	0.1206	0.1986	1.5788
16	1.2684	1.5259	0.1254	0.0809	0.1779	1.7709
17	1.2653	1.5241	0.1213	0.0354	0.1522	1.7744
18	1.2617	1.5221	0.1254	-0.0134	0.1278	1.8474
19	1.2575	1.5201	0.1213	-0.0726	0.1099	2.3245
20	1.2538	1.5184	0.1218	-0.0901	0.1026	2.1651
21	1.2778	1.5189	0.1248	1.0884	0.1889	1.9587
22	1.2775	1.5185	0.1248	0.2439	0.1530	1.1743
23	1.2767	1.5179	0.1230	0.2224	0.1363	1.8348
24	1.2754	1.5168	0.1266	0.1945	0.1150	1.0356
25	1.2736	1.5153	0.1230	0.1582	0.0858	2.0288
26	1.2713	1.5135	0.1242	0.1217	0.0595	2.4011
27	1.2685	1.5115	0.1230	0.0806	0.0329	2.1640
28	1.2653	1.5093	0.1254	0.0366	0.0072	2.3336
29	1.2615	1.5069	0.1230	-0.0194	-0.0208	2.2392
30	1.2580	1.5049	0.1248	-0.0405	-0.0270	2.3530
31	1.2798	1.5200	0.1189	1.0301	0.7076	3.0379
32	1.2791	1.5198	0.1254	0.2510	0.1714	2.1778
33	1.2780	1.5195	0.1272	0.2266	0.1635	2.1186
34	1.2764	1.5190	0.1236	0.1982	0.1540	2.9471
35	1.2744	1.5184	0.1248	0.1632	0.1460	2.1840
36	1.2719	1.5176	0.1272	0.1245	0.1311	2.2898
37	1.2692	1.5166	0.1266	0.0901	0.1144	2.2808
38	1.2659	1.5155	0.1230	0.0436	0.1004	2.8669
39	1.2622	1.5143	0.1242	-0.0060	0.0871	2.4070
40	1.2597	1.5135	0.1272	0.0119	0.0951	2.4269
41	1.2807	1.5419	0.1266	1.0176	1.3717	2.1801
42	1.2800	1.5418	0.1278	0.2625	0.3697	2.4890
43	1.2789	1.5416	0.1254	0.2378	0.3644	1.8163
44	1.2774	1.5414	0.1284	0.2116	0.3663	2.4919
45	1.2756	1.5416	0.1224	0.1840	0.3799	3.0088
46	1.2736	1.5418	0.1266	0.1612	0.3805	2.7850
47	1.2713	1.5418	0.1242	0.1290	0.3760	2.1676
48	1.2688	1.5417	0.1242	0.1012	0.3714	2.9687
49	1.2659	1.5415	0.1254	0.0593	0.3685	2.9821
50	1.2633	1.5414	0.1296	0.0449	0.3689	2.3855
51	1.2807	1.5140	0.1166	0.8992	-0.8335	3.8613
52	1.2798	1.5138	0.1278	0.2555	0.1223	2.7915
53	1.2784	1.5136	0.1224	0.2298	0.1178	3.4742
54	1.2767	1.5133	0.1242	0.2013	0.1116	3.3580
55	1.2746	1.5129	0.1213	0.1696	0.1039	3.4523
56	1.2721	1.5123	0.1266	0.1321	0.0946	3.1462
57	1.2692	1.5116	0.1236	0.0928	0.0843	3.3624
58	1.2660	1.5108	0.1166	0.0524	0.0728	4.2427
59	1.2624	1.5099	0.1248	0.0085	0.0579	3.5952
60	1.2593	1.5089	0.1266	-0.0048	0.0494	3.2890
61	1.2877	1.5321	0.1254	1.3447	1.1012	3.4704
62	1.2871	1.5321	0.1278	0.3373	0.2930	3.0392
63	1.2861	1.5323	0.1224	0.3148	0.3002	3.5447
64	1.2847	1.5326	0.1254	0.2914	0.3036	3.5840
65	1.2832	1.5331	0.1248	0.2731	0.3169	3.5142
66	1.2815	1.5334	0.1266	0.2510	0.3156	3.6361
67	1.2800	1.5337	0.1242	0.2473	0.3136	3.5342
68	1.2779	1.5339	0.1266	0.2057	0.3151	3.5230
69	1.2755	1.5341	0.1260	0.1710	0.3142	3.6933
70	1.2731	1.5341	0.1272	0.1519	0.3115	3.5185
71	1.2829	1.5200	0.1224	0.6651	-0.3120	3.7724
72	1.2826	1.5199	0.1266	0.3095	0.1804	3.8463
73	1.2820	1.5198	0.1230	0.2977	0.1784	3.7100
74	1.2809	1.5196	0.1254	0.2699	0.1751	3.6984
75	1.2793	1.5193	0.1248	0.2405	0.1684	3.8672
76	1.2776	1.5190	0.1230	0.2219	0.1621	3.9999
77	1.2756	1.5185	0.1260	0.1911	0.1549	3.9186
78	1.2733	1.5177	0.1284	0.1580	0.1360	3.1915
79	1.2704	1.5167	0.1236	0.1167	0.1192	4.1596
80	1.2670	1.5157	0.1260	0.0651	0.1125	4.0900
81	1.2798	1.5289	0.1254	0.7421	0.7252	4.1315
82	1.2792	1.5286	0.1260	0.2772	0.2497	4.2175
83	1.2784	1.5281	0.1126	0.2596	0.2397	5.5061
84	1.2771	1.5275	0.1272	0.2324	0.2311	4.1498
85	1.2754	1.5267	0.1154	0.2039	0.2156	5.4183
86	1.2732	1.5259	0.1266	0.1657	0.2088	4.1783
87	1.2704	1.5256	0.1224	0.1210	0.2279	4.5379
88	1.2672	1.5251	0.1260	0.0784	0.2100	4.3866
89	1.2636	1.5238	0.1272	0.0291	0.1767	4.2206
90	1.2604	1.5228	0.1272	0.0151	0.1733	4.3100
91	1.2779	1.5238	0.1236	0.8893	0.2573	4.3034
92	1.2773	1.5235	0.1272	0.2616	0.2060	4.3259
93	1.2764	1.5230	0.1236	0.2445	0.1923	4.6156
94	1.2754	1.5221	0.1260	0.2302	0.1760	4.5468
95	1.2742	1.5207	0.1149	0.2144	0.1408	5.8011
96	1.2739	1.5188	0.1242	0.2391	0.1097	4.8913
97	1.2740	1.5156	0.1260	0.2599	0.0342	4.1210
98	1.2748	1.5123	0.1230	0.2867	0.0013	4.9293
99	1.2750	1.5098	0.1230	0.2725	0.0092	5.0792
100	1.2750	1.5077	0.1230	0.2626	0.0023	5.1091
101	1.2799	1.5239	0.1242	0.4774	0.7889	4.4713
102	1.2795	1.5230	0.1236	0.2935	0.1824	4.9864
103	1.2788	1.5215	0.1248	0.2759	0.1471	4.9413
104	1.2777	1.5198	0.1224	0.2517	0.1256	5.0259
105	1.2764	1.5180	0.1254	0.2356	0.1063	4.8863
106	1.2751	1.5162	0.1224	0.2233	0.0872	5.4602
107	1.2735	1.5142	0.1254	0.1966	0.0668	4.9620
108	1.2714	1.5119	0.1178	0.1624	0.0360	6.1573
109	1.2689	1.5094	0.1242	0.1240	0.0036	5.1213
110	1.2666	1.5070	0.1160	0.1114	-0.0117	6.1941
111	1.2745	1.5130	0.1230	0.5352	0.3339	5.2741
112	1.2735	1.5128	0.1242	0.2241	0.1174	4.9920
113	1.2720	1.5128	0.1242	0.1881	0.1226	5.3279
114	1.2692	1.5132	0.1260	0.1175	0.1381	5.0904
115	1.2665	1.5137	0.1254	0.1002	0.1499	5.0748
116	1.2626	1.5147	0.1260	0.0194	0.1772	5.3384
117	1.2578	1.5168	0.1266	-0.0530	0.2290	5.0063
118	1.2522	1.5201	0.1236	-0.1347	0.3031	4.7039
119	1.2513	1.5237	0.1230	0.0222	0.3471	5.6914
120	1.2537	1.5252	0.1248	0.1560	0.2887	5.2704
121	1.2709	1.5247	0.1266	0.8290	0.2105	5.0855
122	1.2733	1.5264	0.1266	0.3380	0.3060	5.4195
123	1.2776	1.5260	0.1166	0.4442	0.2263	6.4801
124	1.2801	1.5243	0.1248	0.4028	0.1668	5.7721
125	1.2819	1.5216	0.1260	0.3966	0.1060	5.3688
126	1.2840	1.5187	0.1272	0.4285	0.0742	5.6793
127	1.2843	1.5156	0.1248	0.3706	0.0424	5.6463
128	1.2857	1.5151	0.1260	0.4203	0.1261	5.8983
129	1.2874	1.5144	0.1236	0.4487	0.1134	5.7464
130	1.2904	1.5128	0.1254	0.5209	0.0697	5.3860
131	1.2755	1.5168	0.1172	-0.2354	0.2983	6.8182
132	1.2672	1.5125	0.1236	-0.0805	-0.0281	5.9644
133	1.2530	1.5068	0.1242	-0.4176	-0.1269	5.2875
134	1.2368	1.5003	0.1260	-0.6359	-0.2173	6.0521
135	1.2200	1.5051	0.1260	-0.8093	0.2239	5.6142
136	1.2093	1.5134	0.1266	-0.6998	0.4232	6.0561
137	1.1986	1.5202	0.1166	-0.8002	0.4268	7.3545
138	1.1915	1.5186	0.1183	-0.7406	0.1210	6.9447
139	1.1868	1.5163	0.1260	-0.7012	0.0755	6.0622
140	1.1815	1.5166	0.1272	-0.7735	0.1687	5.0704
141	1.2744	1.5367	0.1254	2.0000	1.0395	6.0835
142	1.2785	1.5341	0.1260	0.4464	0.2240	6.4076
143	1.2796	1.5285	0.1254	0.3505	0.0707	6.2771
144	1.2781	1.5203	0.1278	0.2483	-0.0977	5.3217
145	1.2757	1.5148	0.1218	0.1972	-0.0494	6.7801
146	1.2749	1.5078	0.1272	0.2441	-0.1633	5.5852
147	1.2743	1.5001	0.1236	0.2463	-0.2586	6.6430
148	1.2778	1.5018	0.1248	0.4219	0.0895	6.5972
149	1.2794	1.4997	0.1236	0.3691	-0.0637	6.7783
150	1.2778	1.4975	0.1266	0.2473	-0.0896	6.4421
151	1.2778	1.5452	0.1254	0.2992	2.0000	6.6242
152	1.2723	1.5475	0.1248	0.0626	0.5145	6.7339
153	1.2639	1.5519	0.1254	-0.1165	0.6269	6.6995
154	1.2532	1.5604	0.1266	-0.2943	0.8481	6.8929
155	1.2442	1.5711	0.1260	-0.3185	1.0210	6.6949
156	1.2313	1.5809	0.1272	-0.5726	1.0730	6.7072
157	1.2207	1.5857	0.1236	-0.5874	0.9463	7.1149
158	1.2096	1.5887	0.1266	-0.7108	0.9061	6.9145
159	1.1974	1.5941	0.1213	-0.8622	1.0409	6.9998
160	1.1811	1.6015	0.1248	-1.1543	1.1779	7.2668
161	1.3312	1.4300	0.1248	2.0000	-2.0000	6.8794
162	1.3288	1.4324	0.1254	0.6877	-0.5045	7.1431
163	1.3247	1.4386	0.1254	0.5927	-0.3141	6.2969
164	1.3194	1.4439	0.1260	0.5002	-0.3002	7.0264
165	1.3145	1.4549	0.1254	0.4734	-0.0037	7.2558
166	1.3088	1.4663	0.1242	0.3948	0.1119	7.4358
167	1.3063	1.4814	0.1248	0.4817	0.3776	7.2230
168	1.3061	1.4861	0.1154	0.5591	0.0544	8.6833
169	1.3048	1.4896	0.1254	0.5137	0.0420	7.1675
170	1.3029	1.4913	0.1189	0.4717	-0.0071	8.2151
171	1.2735	1.5231	0.1266	-0.7459	1.3310	7.0909
172	1.2704	1.5123	0.1272	0.1356	-0.2552	7.2360
173	1.2623	1.4968	0.1236	-0.1112	-0.5564	7.7638
174	1.2519	1.4897	0.1278	-0.2868	-0.3265	7.2384
175	1.2340	1.4879	0.1236	-0.7143	-0.1611	7.6591
176	1.2407	1.4884	0.1260	0.2028	-0.0711	6.6476
177	1.2489	1.4782	0.1254	0.3229	-0.5367	7.5794
178	1.2552	1.4793	0.1254	0.3195	-0.1329	7.7961
179	1.2719	1.4981	0.1248	0.8310	0.6511	7.7259
180	1.2816	1.5091	0.1242	0.6807	0.4796	7.8794
181	1.2903	1.5136	0.1178	0.7278	0.2925	8.6326
182	1.2585	1.5357	0.1278	-0.9631	1.1038	7.4034
183	1.2009	1.5803	0.1260	-2.0000	2.0000	7.6586
184	1.1510	1.6330	0.1254	-2.0000	2.0000	6.7683
185	1.0747	1.7133	0.1178	-2.0000	2.0000	8.6576
186	0.9777	1.7770	0.1242	-2.0000	2.0000	8.0398
187	0.8848	1.8401	0.1178	-2.0000	2.0000	8.7336
188	0.8015	1.9026	0.1224	-2.0000	2.0000	8.3290
189	0.7232	1.9713	0.1242	-2.0000	2.0000	7.8566
190	0.6577	2.0255	0.1254	-2.0000	2.0000	8.2804
191	1.2757	1.5340	0.1183	2.0000	-2.0000	8.7996
192	1.2811	1.5304	0.1260	0.4896	0.1674	8.0356
193	1.2680	1.5245	0.1254	-0.2719	0.0330	7.2667
194	1.2549	1.5128	0.1242	-0.3904	-0.2716	8.4469
195	1.2403	1.4849	0.1218	-0.5781	-1.0864	7.6549
196	1.2005	1.4487	0.1272	-1.8146	-1.7010	8.1640
197	1.1706	1.4230	0.1242	-1.7449	-1.5616	8.3815
198	1.1581	1.4059	0.1183	-1.2641	-1.4138	9.3045
199	1.1422	1.3891	0.1224	-1.5329	-1.5545	7.8512
200	1.1256	1.3684	0.1254	-1.7071	-1.8730	8.5847
201	1.3357	1.4234	0.1266	2.0000	1.2638	8.1214
202	1.3211	1.4272	0.1260	0.1619	-0.4939	8.3498
203	1.3028	1.4349	0.1248	-0.1338	-0.2912	8.6522
204	1.2781	1.4414	0.1230	-0.5830	-0.2719	8.6660
205	1.2559	1.4537	0.1242	-0.6985	0.0370	8.6209
206	1.2397	1.4825	0.1260	-0.6426	0.8738	7.6829
207	1.2398	1.5033	0.1248	-0.0775	0.7771	8.5069
208	1.2532	1.5067	0.1272	0.5058	0.1987	7.7297
209	1.2407	1.5155	0.1254	-0.5039	0.4655	8.5707
210	1.2342	1.5179	0.1272	-0.3613	0.2621	8.7352
211	1.2713	1.5419	0.1242	1.4912	1.2348	9.0040
212	1.2458	1.5665	0.1254	-0.9061	1.4738	8.7195
213	1.2388	1.5953	0.1213	-0.3322	1.8750	9.3164
214	1.2467	1.6345	0.1242	0.2537	2.0000	9.1189
215	1.2530	1.6623	0.1213	0.2572	2.0000	9.0973
216	1.2520	1.6958	0.1266	-0.0057	2.0000	8.6700
217	1.2481	1.7399	0.1178	-0.1394	2.0000	9.8890
218	1.2343	1.7934	0.1254	-0.6111	2.0000	9.3684
219	1.2195	1.8543	0.1254	-0.7762	2.0000	9.1647
220	1.2195	1.9107	0.1260	-0.2729	2.0000	9.2423
221	1.3365	1.4256	0.1236	2.0000	-2.0000	8.3917
222	1.3472	1.4298	0.1254	1.2789	-0.4486	9.2100
223	1.3390	1.4218	0.1218	0.5496	-0.9470	8.8535
224	1.3139	1.4128	0.1236	-0.2617	-1.0647	9.3227
225	1.3080	1.3865	0.1248	0.3456	-1.9071	9.5162
226	1.3157	1.3523	0.1218	0.8876	-2.0000	9.6707
227	1.3296	1.3135	0.1278	1.2307	-2.0000	9.2314
228	1.3628	1.2766	0.1260	2.0000	-2.0000	9.4261
229	1.4064	1.2146	0.1260	2.0000	-2.0000	9.4036
230	1.4532	1.1595	0.1178	2.0000	-2.0000	10.5431
231	1.3399	1.4042	0.1242	-2.0000	2.0000	9.7393
232	1.3496	1.3650	0.1143	1.2816	-2.0000	10.7871
233	1.3366	1.3288	0.1254	0.3771	-2.0000	9.5535
234	1.3364	1.2798	0.1236	0.8241	-2.0000	9.8057
235	1.3314	1.2335	0.1254	0.6098	-2.0000	9.5114
236	1.3290	1.1954	0.1236	0.6795	-2.0000	9.8232
237	1.3320	1.1486	0.1230	0.8942	-2.0000	9.7553
238	1.3576	1.0860	0.1248	1.9129	-2.0000	9.9954
239	1.3863	1.0221	0.1254	2.0000	-2.0000	9.7816
240	1.4066	0.9805	0.1266	2.0000	-2.0000	10.0201
241	1.2834	1.5355	0.1213	-2.0000	2.0000	10.0958
242	1.3131	1.5494	0.1248	1.6519	0.9364	9.0672
243	1.3553	1.5617	0.1218	2.0000	0.9922	10.0438
244	1.4034	1.5737	0.1248	2.0000	1.0836	10.3828
245	1.4506	1.6149	0.1230	2.0000	2.0000	9.9211
246	1.5116	1.6954	0.1278	2.0000	2.0000	10.0391
247	1.5791	1.8123	0.1213	2.0000	2.0000	10.5042
248	1.6654	1.8919	0.1260	2.0000	2.0000	10.1518
249	1.7811	1.9376	0.1160	2.0000	2.0000	11.3871
250	1.8644	1.9477	0.1242	2.0000	2.0000	10.3076
251	1.3002	1.4997	0.1224	-2.0000	-2.0000	10.5513
252	1.3343	1.4578	0.1254	2.0000	-1.8241	10.2922
253	1.3623	1.3926	0.1224	2.0000	-2.0000	10.4504
254	1.3599	1.3266	0.1254	1.0215	-2.0000	10.4297
255	1.3367	1.2622	0.1213	0.0898	-2.0000	10.0273
256	1.3272	1.1980	0.1260	0.4747	-2.0000	10.3156
257	1.3196	1.1424	0.1260	0.4747	-2.0000	9.5907
258	1.3245	1.0903	0.1224	0.9523	-2.0000	10.6428
259	1.3118	1.0312	0.1254	0.2287	-2.0000	10.5027
260	1.3005	0.9699	0.1248	0.1730	-2.0000	10.6645
261	1.2678	1.5194	0.1260	-0.8639	2.0000	10.5001
262	1.2638	1.5221	0.1254	0.0885	0.2987	10.4319
263	1.2577	1.5039	0.1230	-0.0412	-0.5952	10.6390
264	1.2432	1.4782	0.1254	-0.4626	-1.0851	10.7401
265	1.2492	1.4506	0.1260	0.2971	-1.3964	10.8256
266	1.2321	1.4207	0.1137	-0.6565	-1.7462	12.2158
267	1.2118	1.4071	0.1254	-0.9539	-1.2960	10.8544
268	1.2188	1.4034	0.1166	0.0520	-0.9849	11.6522
269	1.2493	1.4123	0.1242	1.1444	-0.4604	11.0142
270	1.2719	1.4200	0.1272	1.0787	-0.4363	10.8043
271	1.2555	1.5105	0.1242	-0.4156	2.0000	10.7782
272	1.2283	1.5226	0.1266	-1.0404	0.6290	9.9485
273	1.1915	1.5460	0.1201	-1.7119	1.2334	11.1764
274	1.1620	1.5663	0.1236	-1.7319	1.3058	11.5021
275	1.1228	1.5968	0.1120	-2.0000	1.9395	12.6324
276	1.0801	1.6480	0.1266	-2.0000	2.0000	10.3925
277	1.0360	1.7246	0.1154	-2.0000	2.0000	12.0036
278	0.9651	1.8397	0.1266	-2.0000	2.0000	11.1182
279	0.8951	1.9835	0.1224	-2.0000	2.0000	11.3593
280	0.8335	2.0914	0.1260	-2.0000	2.0000	11.0793
281	1.2565	1.5210	0.1160	2.0000	-2.0000	11.6146
282	1.2595	1.5206	0.1248	0.2604	0.1843	11.4186
283	1.2622	1.5177	0.1242	0.2751	0.0699	10.5363
284	1.2738	1.5175	0.1242	0.6928	0.1619	11.8067
285	1.2955	1.5156	0.1254	1.2378	0.0881	11.4022
286	1.3240	1.5130	0.1248	1.7380	0.0377	11.6908
287	1.3680	1.5106	0.1236	2.0000	0.0252	11.7519
288	1.4270	1.5134	0.1183	2.0000	0.2297	12.3640
289	1.5185	1.5332	0.1224	2.0000	1.0045	11.7934
290	1.5987	1.5657	0.1236	2.0000	1.7350	11.8002
291	1.2618	1.5228	0.1266	-2.0000	-1.2802	11.5911
292	1.2419	1.5254	0.1242	-0.6714	0.3314	11.9754
293	1.2020	1.5196	0.1242	-1.7312	-0.0123	11.6570
294	1.1459	1.5005	0.1266	-2.0000	-0.6523	11.6446
295	1.0949	1.4717	0.1230	-2.0000	-1.2441	11.8759
296	1.0269	1.4354	0.1254	-2.0000	-1.8307	11.9246
297	0.9601	1.3829	0.1236	-2.0000	-2.0000	11.8802
298	0.8927	1.3515	0.1248	-2.0000	-2.0000	11.9529
299	0.8196	1.3116	0.1254	-2.0000	-2.0000	11.6823
300	0.7603	1.2806	0.1266	-2.0000	-2.0000	11.7460
301	1.2835	1.4936	0.1242	2.0000	2.0000	12.1822
302	1.3192	1.5112	0.1272	1.9242	0.7273	12.0398
303	1.3474	1.5367	0.1230	1.9290	1.2293	12.3416
304	1.3647	1.6063	0.1266	1.7083	2.0000	12.1885
305	1.3622	1.6878	0.1236	1.0067	2.0000	12.3466
306	1.3580	1.7623	0.1242	0.9149	2.0000	12.3724
307	1.3607	1.8126	0.1115	1.1756	2.0000	13.9401
308	1.3816	1.8398	0.1254	1.9980	2.0000	12.2467
309	1.4045	1.8490	0.1236	2.0000	2.0000	12.2632
310	1.4247	1.8593	0.1236	2.0000	2.0000	12.2940
311	1.2740	1.5224	0.1248	-2.0000	-2.0000	12.1900
312	1.2789	1.5416	0.1248	0.5091	1.0641	12.8233
313	1.2711	1.5616	0.1242	-0.0011	1.2676	11.7557
314	1.2488	1.5783	0.1272	-0.7086	1.3023	12.5514
315	1.2307	1.5819	0.1218	-0.7271	0.8771	12.8150
316	1.2087	1.5969	0.1254	-1.0669	1.4093	12.8439
317	1.2097	1.6102	0.1230	-0.2675	1.4652	12.6908
318	1.2362	1.6124	0.1183	0.8612	1.0992	13.6483
319	1.2784	1.6016	0.1224	1.7900	0.5518	13.0750
320	1.3152	1.6003	0.1242	1.9420	0.8689	12.8917
321	1.2814	1.5455	0.1230	-0.8054	-1.4905	13.2520
322	1.2928	1.5592	0.1248	0.8615	1.0308	12.7105
323	1.3314	1.5602	0.1254	2.0000	0.5932	12.9145
324	1.3940	1.5543	0.1166	2.0000	0.3033	14.1286
325	1.4719	1.5285	0.1254	2.0000	-0.6249	12.8123
326	1.5607	1.4979	0.1254	2.0000	-1.0661	13.0879
327	1.6521	1.4535	0.1248	2.0000	-1.9447	12.9006
328	1.7515	1.4140	0.1272	2.0000	-2.0000	12.7098
329	1.8380	1.3841	0.1230	2.0000	-2.0000	13.0725
330	1.9136	1.3728	0.1254	2.0000	-1.5079	13.1729
331	1.2420	1.5438	0.1254	-2.0000	2.0000	13.1520
332	1.2242	1.5363	0.1248	-0.7294	0.0833	13.1421
333	1.2081	1.5553	0.1230	-0.8226	1.1786	13.2771
334	1.1942	1.5865	0.1224	-0.8752	1.8873	13.6238
335	1.1711	1.6222	0.1236	-1.4064	2.0000	13.3418
336	1.1283	1.6620	0.1242	-2.0000	2.0000	13.3686
337	1.0840	1.7298	0.1236	-2.0000	2.0000	13.3613
338	1.0466	1.8084	0.1230	-2.0000	2.0000	13.7681
339	0.9974	1.8881	0.1230	-2.0000	2.0000	13.6288
340	0.9586	1.9522	0.1260	-2.0000	2.0000	13.4803
341	1.3363	1.4430	0.1126	2.0000	-2.0000	14.7644
342	1.3579	1.4790	0.1218	1.8447	1.1022	13.9899
343	1.3778	1.5076	0.1236	1.9688	1.0993	13.4033
344	1.3910	1.5131	0.1248	1.8583	0.3410	13.7124
345	1.4015	1.4950	0.1230	1.8678	-0.6481	13.7281
346	1.4077	1.4647	0.1242	1.7760	-1.3459	13.8017
347	1.4112	1.4510	0.1207	1.7211	-0.8878	13.7950
348	1.4081	1.4411	0.1242	1.4640	-0.8400	14.0588
349	1.4244	1.4475	0.1236	2.0000	-0.2139	13.6939
350	1.4488	1.4522	0.1230	2.0000	-0.2308	14.0916
351	1.2501	1.5427	0.1224	-2.0000	2.0000	13.9664
352	1.2428	1.5383	0.1207	-0.1928	0.2165	14.3940
353	1.2324	1.5462	0.1218	-0.3969	0.7179	14.0562
354	1.2050	1.5591	0.1236	-1.2392	1.0081	14.3554
355	1.1814	1.5961	0.1242	-1.3211	2.0000	14.0261
356	1.1558	1.6487	0.1248	-1.6282	2.0000	13.0644
357	1.1369	1.7001	0.1242	-1.5752	2.0000	14.1622
358	1.1260	1.7273	0.1218	-1.3982	2.0000	13.7834
359	1.1089	1.7596	0.1254	-1.7754	2.0000	13.8013
360	1.0929	1.8059	0.1254	-1.8862	2.0000	14.1264
361	1.3018	1.4204	0.1224	2.0000	-2.0000	14.5139
362	1.2911	1.4208	0.1218	0.1226	-0.6579	13.6931
363	1.2944	1.4447	0.1207	0.6352	0.3775	14.6280
364	1.3097	1.4870	0.1242	1.1938	1.3981	14.2999
365	1.3554	1.5602	0.1207	2.0000	2.0000	14.7653
366	1.3739	1.6256	0.1236	1.8962	2.0000	14.8659
367	1.4012	1.6951	0.1126	2.0000	2.0000	15.6349
368	1.4391	1.7796	0.1248	2.0000	2.0000	14.3851
369	1.4867	1.8788	0.1213	2.0000	2.0000	14.9685
370	1.5154	1.9477	0.1248	2.0000	2.0000	13.8144
371	1.2530	1.5090	0.1224	-2.0000	-2.0000	14.0243
372	1.2570	1.4814	0.1213	0.3347	-1.0930	14.9600
373	1.2851	1.4608	0.1224	1.4274	-1.0282	13.8752
374	1.3214	1.4613	0.1236	2.0000	-0.2878	14.8731
375	1.3575	1.4508	0.1242	2.0000	-0.7681	15.0185
376	1.4030	1.4383	0.1230	2.0000	-0.9491	15.1396
377	1.4266	1.4374	0.1242	2.0000	-0.5504	15.0354
378	1.4353	1.4225	0.1195	2.0000	-1.1733	15.5195
379	1.4446	1.4336	0.1236	2.0000	-0.1648	15.3018
380	1.4698	1.4390	0.1272	2.0000	-0.3130	14.8337
381	1.2550	1.5570	0.1242	-2.0000	2.0000	14.2290
382	1.2326	1.5737	0.1154	-0.7826	1.2795	16.4337
383	1.2084	1.6064	0.1213	-1.0699	2.0000	15.3009
384	1.1917	1.6449	0.1260	-0.9640	2.0000	14.8279
385	1.1653	1.6989	0.1242	-1.5408	2.0000	15.2000
386	1.1629	1.7314	0.1242	-0.7370	2.0000	15.4765
387	1.1505	1.7757	0.1242	-1.1980	2.0000	15.3357
388	1.1140	1.8166	0.1272	-2.0000	2.0000	14.3687
389	1.1015	1.8721	0.1230	-1.6572	2.0000	15.4949
390	1.1114	1.9375	0.1242	-0.7945	2.0000	15.4417
391	1.2493	1.5318	0.1230	2.0000	-2.0000	15.8020
392	1.2533	1.4953	0.1213	0.3075	-1.2709	15.8741
393	1.2823	1.4858	0.1149	1.4360	-0.4107	16.6192
394	1.3024	1.4867	0.1230	1.3158	-0.0400	15.6215
395	1.3374	1.4941	0.1248	2.0000	0.2507	15.5052
396	1.3823	1.4937	0.1248	2.0000	-0.0235	15.6616
397	1.4038	1.4914	0.1254	2.0000	-0.1104	15.6218
398	1.4627	1.4929	0.1260	2.0000	0.0345	15.7068
399	1.5402	1.4816	0.1149	2.0000	-0.5118	16.7241
400	1.6088	1.5054	0.1230	2.0000	0.9268	16.1336
401	1.2247	1.5228	0.1230	-2.0000	0.8606	15.0040
402	1.1839	1.5137	0.1207	-1.8594	-0.1514	16.2572
403	1.1028	1.5192	0.1213	-2.0000	0.4100	15.9901
404	1.0597	1.5516	0.1230	-2.0000	1.6400	15.9274
405	1.0309	1.5969	0.1224	-2.0000	2.0000	16.2741
406	0.9796	1.6192	0.1218	-2.0000	1.8887	16.0285
407	0.9405	1.6681	0.1236	-2.0000	2.0000	15.0467
408	0.9038	1.6949	0.1103	-2.0000	2.0000	17.4296
409	0.8579	1.7583	0.1224	-2.0000	2.0000	16.2539
410	0.8440	1.8115	0.1126	-2.0000	2.0000	17.4063
411	1.2361	1.5468	0.1189	2.0000	-2.0000	15.6979
412	1.2329	1.5162	0.1207	-0.1494	-0.8747	16.5099
413	1.2029	1.4568	0.1213	-1.3497	-2.0000	15.3849
414	1.1710	1.3949	0.1224	-1.7073	-2.0000	16.4375
415	1.1417	1.2972	0.1201	-1.8899	-2.0000	16.4080
416	1.1414	1.2294	0.1236	-0.8953	-2.0000	16.3751
417	1.1526	1.2095	0.1224	-0.3972	-2.0000	16.4375
418	1.1706	1.2191	0.1278	0.0054	-2.0000	15.3646
419	1.1806	1.2484	0.1230	-0.1822	-1.1700	16.6212
420	1.1799	1.2987	0.1230	-0.5590	0.0149	16.5926
421	1.2255	1.4052	0.1120	1.4546	2.0000	17.7744
422	1.2416	1.4123	0.1213	0.5881	-0.4904	16.5895
423	1.2679	1.3939	0.1201	1.1804	-1.5448	16.8872
424	1.2533	1.3649	0.1230	-0.3633	-2.0000	15.8142
425	1.2500	1.3558	0.1195	-0.0013	-1.5602	16.9116
426	1.2604	1.3159	0.1248	0.5634	-2.0000	16.9042
427	1.2472	1.2570	0.1230	-0.3713	-2.0000	16.7404
428	1.2570	1.2099	0.1260	0.5112	-2.0000	16.4806
429	1.3136	1.1616	0.1236	2.0000	-2.0000	16.9231
430	1.4153	1.1093	0.1260	2.0000	-2.0000	16.5567
431	1.2670	1.5257	0.1154	-2.0000	2.0000	17.7957
432	1.3370	1.4662	0.1230	2.0000	-2.0000	17.0432
433	1.4380	1.3639	0.1242	2.0000	-2.0000	15.6728
434	1.5466	1.2538	0.1224	2.0000	-2.0000	17.4304
435	1.6704	1.1684	0.1236	2.0000	-2.0000	16.3897
436	1.7789	1.1258	0.1248	2.0000	-2.0000	17.1037
437	1.8575	1.0817	0.1207	2.0000	-2.0000	17.5124
438	1.9845	1.0338	0.1242	2.0000	-2.0000	17.0077
439	2.0932	1.0319	0.1218	2.0000	-2.0000	17.2139
440	2.2080	1.0080	0.1242	2.0000	-2.0000	17.2638
441	1.2240	1.5580	0.1115	-2.0000	2.0000	18.5302
442	1.1816	1.5880	0.1149	-1.9046	1.8591	18.5144
443	1.1364	1.5867	0.1195	-2.0000	0.7509	17.6468
444	1.1132	1.5567	0.1230	-1.8791	-0.5184	17.4383
445	1.0945	1.5669	0.1195	-1.8922	0.9819	17.6669
446	1.0868	1.5666	0.1236	-1.5911	0.6092	17.5055
447	1.0730	1.5530	0.1201	-1.9274	0.0226	17.7921
448	1.0817	1.5044	0.1224	-1.0751	-1.6369	16.9130
449	1.0856	1.4573	0.1224	-1.2097	-1.9989	17.6484
450	1.1173	1.4041	0.1172	0.0382	-2.0000	18.4290
451	1.2360	1.5540	0.1201	2.0000	2.0000	18.1707
452	1.2607	1.5480	0.1201	1.1160	0.2443	18.0328
453	1.2946	1.5664	0.1137	1.7484	1.2641	18.7169
454	1.3003	1.5940	0.1207	0.8311	1.8276	17.9833
455	1.2928	1.6023	0.1126	0.3048	1.2283	18.9330
456	1.3031	1.5882	0.1195	1.0149	0.3220	18.2033
457	1.3132	1.5799	0.1218	1.0997	0.4509	17.9613
458	1.3573	1.5519	0.1213	2.0000	-0.4894	18.0123
459	1.3792	1.5589	0.1218	2.0000	0.7957	18.0994
460	1.4087	1.5516	0.1218	2.0000	0.2349	18.4267
461	1.1127	1.5710	0.1195	-2.0000	1.3404	18.3349
462	1.1294	1.5769	0.1218	-0.3577	0.9225	18.2702
463	1.1457	1.5743	0.1201	-0.2275	0.5981	18.1696
464	1.1424	1.5772	0.1218	-0.9302	0.8221	18.3499
465	1.1492	1.5685	0.1207	-0.5250	0.3361	18.4125
466	1.1636	1.5574	0.1224	-0.1314	0.1526	18.2985
467	1.1800	1.5507	0.1224	0.0872	0.2499	18.4556
468	1.2067	1.5375	0.1201	0.6884	-0.0980	18.3584
469	1.2434	1.5266	0.1195	1.3734	-0.1117	18.5846
470	1.2709	1.5171	0.1242	1.3057	-0.1480	18.2261
471	1.1247	1.5640	0.1218	-2.0000	2.0000	18.4909
472	1.1332	1.5700	0.1207	-0.6161	0.8662	17.7501
473	1.1374	1.5768	0.1218	-0.7310	0.9520	18.6293
474	1.1380	1.6021	0.1254	-0.8510	1.8276	18.0644
475	1.1665	1.6183	0.1236	0.3702	1.6526	18.4951
476	1.1969	1.6485	0.1201	0.7185	2.0000	19.1347
477	1.2344	1.6661	0.1213	1.3064	2.0000	18.6218
478	1.2774	1.6829	0.1242	1.8916	2.0000	18.5992
479	1.3272	1.6977	0.1120	2.0000	2.0000	19.8080
480	1.3725	1.6951	0.1248	2.0000	1.6841	18.8367
481	1.1070	1.5321	0.1120	-2.0000	-2.0000	20.2301
482	1.1030	1.5055	0.1242	-1.3355	-0.8465	19.1061
483	1.0902	1.4648	0.1201	-1.7613	-1.6983	19.1077
484	1.0728	1.4065	0.1242	-2.0000	-2.0000	19.0653
485	1.0387	1.3704	0.1213	-2.0000	-2.0000	19.3402
486	1.0294	1.3177	0.1201	-2.0000	-2.0000	19.4018
487	1.0278	1.2947	0.1213	-1.9610	-2.0000	18.9501
488	1.0383	1.2558	0.1213	-1.4519	-2.0000	19.1063
489	1.0414	1.2070	0.1183	-1.6797	-2.0000	18.8628
490	1.0431	1.1643	0.1230	-1.7135	-2.0000	19.2597
491	1.1377	1.5359	0.1236	2.0000	2.0000	18.4708
492	1.1485	1.5258	0.1224	-0.4378	-0.0928	19.1736
493	1.1737	1.5172	0.1218	0.2946	-0.1163	19.4601
494	1.1936	1.4946	0.1115	0.2881	-0.8073	20.5684
495	1.2024	1.4860	0.1207	-0.0120	-0.3938	19.6810
496	1.2193	1.4514	0.1126	0.4260	-1.6118	20.3961
497	1.2439	1.4068	0.1195	0.9115	-2.0000	19.7253
498	1.2535	1.3762	0.1115	0.4879	-2.0000	20.7289
499	1.2708	1.3277	0.1207	0.9084	-2.0000	19.6662
500	1.2693	1.2882	0.1224	0.2519	-2.0000	19.7724
501	1.1218	1.5405	0.1242	-2.0000	2.0000	19.7164
502	1.1050	1.5240	0.1230	-1.7983	-0.3353	19.5428
503	1.0835	1.4955	0.1207	-2.0000	-1.0078	19.7480
504	1.0684	1.4675	0.1236	-2.0000	-1.2396	19.0856
505	1.0665	1.4462	0.1213	-1.6454	-1.1991	19.9326
506	1.0759	1.4051	0.1254	-1.1694	-2.0000	18.8341
507	1.0927	1.3647	0.1207	-0.7621	-2.0000	20.0231
508	1.1240	1.3032	0.1260	0.0236	-2.0000	19.7162
509	1.1522	1.2480	0.1109	0.1739	-2.0000	21.5672
510	1.1734	1.2135	0.1290	0.1260	-2.0000	19.7225
511	1.3498	1.7688	0.1195	2.0000	2.0000	20.6626
512	1.3653	1.7478	0.1254	1.6967	1.4978	20.2910
513	1.3876	1.7248	0.1236	2.0000	1.2228	20.2358
514	1.4327	1.6813	0.1201	2.0000	0.1179	20.4619
515	1.4922	1.6346	0.1103	2.0000	-0.4049	21.7306
516	1.5307	1.6039	0.1236	2.0000	-0.1198	20.1177
517	1.5775	1.5468	0.1115	2.0000	-1.5543	21.4395
518	1.6519	1.4660	0.1224	2.0000	-2.0000	20.4589
519	1.7429	1.3872	0.1213	2.0000	-2.0000	20.2859
520	1.8253	1.3209	0.1207	2.0000	-2.0000	20.2798
521	1.2440	1.5630	0.1213	-2.0000	2.0000	20.5332
522	1.2514	1.5443	0.1224	0.4128	-0.2298	20.4898
523	1.2790	1.5250	0.1224	1.3645	-0.4268	19.3224
524	1.2965	1.5185	0.1242	1.1789	-0.0319	20.3560
525	1.3282	1.5120	0.1272	1.9613	-0.0914	20.3311
526	1.3595	1.4943	0.1266	2.0000	-0.6410	20.5609
527	1.3896	1.4789	0.1358	2.0000	-0.6996	20.2245
528	1.4238	1.4666	0.1290	2.0000	-0.6994	21.6339
529	1.4559	1.4773	0.1440	2.0000	0.2005	20.1795
530	1.4963	1.5056	0.1512	2.0000	1.0705	20.1181
531	1.2440	1.5710	0.1533	-2.0000	2.0000	19.6988
532	1.2558	1.5726	0.1559	0.6210	0.7322	19.9970
533	1.2853	1.5627	0.1473	1.5078	0.2410	20.6598
534	1.3472	1.5405	0.1466	2.0000	-0.3862	19.9823
535	1.4183	1.5132	0.1321	2.0000	-0.8114	21.2540
536	1.5005	1.4735	0.1224	2.0000	-1.5930	21.1020
537	1.5926	1.4119	0.1230	2.0000	-2.0000	20.7165
538	1.6859	1.3409	0.1224	2.0000	-2.0000	21.0022
539	1.7882	1.2585	0.1207	2.0000	-2.0000	21.3133
540	1.8631	1.2128	0.1266	2.0000	-2.0000	20.7424
541	1.2484	1.5640	0.1266	-2.0000	2.0000	21.1316
542	1.2644	1.5532	0.1327	0.8851	0.1234	20.6798
543	1.2988	1.5324	0.1248	1.8410	-0.4113	21.5395
544	1.3549	1.4777	0.1254	2.0000	-2.0000	21.1442
545	1.4117	1.4198	0.1213	2.0000	-2.0000	20.6289
546	1.4806	1.3718	0.1201	2.0000	-2.0000	21.5055
547	1.5407	1.3197	0.1143	2.0000	-2.0000	22.1797
548	1.5984	1.2717	0.1213	2.0000	-2.0000	21.3845
549	1.6704	1.2119	0.1236	2.0000	-2.0000	21.1989
550	1.7248	1.1644	0.1224	2.0000	-2.0000	21.6079
551	1.2340	1.5730	0.1236	-2.0000	2.0000	20.6872
552	1.2305	1.5910	0.1201	-0.0666	1.4647	21.7914
553	1.2309	1.6366	0.1242	0.0712	2.0000	21.3354
554	1.2385	1.6918	0.1189	0.3917	2.0000	22.3666
555	1.2467	1.7445	0.1315	0.4861	2.0000	21.3814
556	1.2671	1.7831	0.1434	1.0967	2.0000	21.2329
557	1.3071	1.8238	0.1670	2.0000	2.0000	20.7812
558	1.3475	1.8334	0.2043	2.0000	2.0000	18.7617
559	1.3785	1.8466	0.2265	2.0000	2.0000	19.6776
560	1.3902	1.8379	0.2626	1.9373	2.0000	17.8518
1	0.0000	0.0000	0.0000	0.0000	0.0000	0.0000
2	0.0000	0.0000	0.1260	0.0000	0.0012	0.0000
3	0.0000	0.0001	0.1254	0.0000	0.0037	0.0000
4	0.0000	0.0002	0.1242	0.0000	0.0053	0.0000
5	0.0000	0.0004	0.1242	0.0000	0.0105	0.0000
6	0.0000	0.0008	0.1218	0.0000	0.0233	0.0000
7	0.0000	0.0016	0.1242	0.0000	0.0407	0.0000
8	0.0000	0.0026	0.1154	0.0000	0.0580	0.0000
9	0.0000	0.0037	0.1230	0.0000	0.0720	0.0000
10	0.0000	0.0046	0.1224	0.0000	0.0716	0.0000
11	1.2658	1.5131	0.1248	2.0000	2.0000	1.4233
12	1.2653	1.5132	0.1230	0.1247	0.1234	1.0902
13	1.2645	1.5135	0.1224	0.1083	0.1295	1.6681
14	1.2635	1.5139	0.1242	0.0885	0.1390	1.6707
15	1.2622	1.5144	0.1126	0.0702	0.1475	2.7494
16	1.2608	1.5150	0.1254	0.0526	0.1541	0.9035
17	1.2595	1.5156	0.1224	0.0426	0.1579	1.6408
18	1.2577	1.5162	0.1242	0.0100	0.1690	1.8196
19	1.2555	1.5169	0.1242	-0.0229	0.1725	1.6215
20	1.2535	1.5175	0.1166	-0.0343	0.1779	2.8025
21	1.2739	1.5181	0.1224	0.9236	0.1833	2.0230
22	1.2735	1.5184	0.1218	0.2045	0.1754	1.9563
23	1.2728	1.5189	0.1213	0.1916	0.1855	1.9490
24	1.2720	1.5194	0.1236	0.1753	0.1913	2.0573
25	1.2709	1.5200	0.1254	0.1567	0.2017	1.8215
26	1.2694	1.5208	0.1266	0.1314	0.2123	2.0134
27	1.2676	1.5216	0.1213	0.1067	0.2243	2.1612
28	1.2657	1.5226	0.1260	0.0805	0.2354	2.1619
29	1.2634	1.5235	0.1224	0.0493	0.2410	1.3463
30	1.2614	1.5242	0.1218	0.0406	0.2433	2.4336
31	1.2519	1.5211	0.1236	-0.3073	0.0791	2.4966
32	1.2514	1.5213	0.1260	0.0005	0.1984	2.1290
33	1.2506	1.5213	0.1213	-0.0179	0.1933	2.3244
34	1.2496	1.5215	0.1230	-0.0325	0.1977	1.5753
35	1.2486	1.5221	0.1195	-0.0432	0.2191	2.8508
36	1.2473	1.5227	0.1254	-0.0622	0.2273	2.2398
37	1.2459	1.5235	0.1160	-0.0825	0.2404	3.3458
38	1.2443	1.5244	0.1242	-0.1022	0.2505	2.4619
39	1.2426	1.5253	0.1230	-0.1227	0.2573	2.5253
40	1.2416	1.5259	0.1260	-0.1062	0.2533	2.3086
41	1.2619	1.5091	0.1230	0.8147	-0.5048	2.7639
42	1.2614	1.5092	0.1149	0.0893	0.0896	3.7810
43	1.2606	1.5094	0.1213	0.0759	0.0914	2.8197
44	1.2596	1.5093	0.1224	0.0576	0.0827	2.8937
45	1.2582	1.5092	0.1213	0.0354	0.0789	2.8389
46	1.2568	1.5090	0.1207	0.0165	0.0770	2.4847
47	1.2553	1.5089	0.1224	0.0057	0.0772	2.9447
48	1.2533	1.5087	0.1248	-0.0333	0.0743	2.9945
49	1.2511	1.5084	0.1160	-0.0594	0.0651	3.7911
50	1.2493	1.5084	0.1224	-0.0668	0.0795	3.3499
51	1.2659	1.5251	0.1242	0.7270	0.8109	2.8699
52	1.2655	1.5255	0.1236	0.1343	0.2437	3.0981
53	1.2648	1.5260	0.1236	0.1190	0.2497	2.0944
54	1.2639	1.5265	0.1230	0.1028	0.2581	3.4866
55	1.2628	1.5272	0.1213	0.0851	0.2685	3.4398
56	1.2615	1.5278	0.1254	0.0676	0.2751	2.9796
57	1.2601	1.5285	0.1207	0.0523	0.2809	3.5875
58	1.2585	1.5293	0.1266	0.0282	0.2936	3.1519
59	1.2567	1.5300	0.1230	0.0090	0.2954	3.4407
60	1.2552	1.5307	0.1260	0.0028	0.2989	3.1135
61	1.2749	1.5310	0.1242	0.9146	0.2932	3.3669
62	1.2748	1.5311	0.1236	0.2334	0.2834	3.4761
63	1.2746	1.5311	0.1218	0.2296	0.2789	2.7984
64	1.2743	1.5312	0.1236	0.2233	0.2881	3.6734
65	1.2739	1.5316	0.1218	0.2137	0.2991	3.7473
66	1.2732	1.5321	0.1143	0.2001	0.3058	4.5137
67	1.2725	1.5325	0.1242	0.1925	0.3082	2.5484
68	1.2713	1.5331	0.1160	0.1650	0.3203	4.5556
69	1.2697	1.5338	0.1254	0.1368	0.3316	3.7058
70	1.2681	1.5347	0.1266	0.1211	0.3449	3.5933
71	1.2648	1.5180	0.1115	0.0340	-0.4190	4.9768
72	1.2643	1.5180	0.1224	0.1261	0.1647	3.8766
73	1.2637	1.5179	0.1224	0.1160	0.1630	3.8564
74	1.2629	1.5178	0.1248	0.1033	0.1617	3.8461
75	1.2615	1.5178	0.1218	0.0706	0.1602	3.3662
76	1.2600	1.5179	0.1230	0.0531	0.1715	3.9608
77	1.2581	1.5180	0.1230	0.0220	0.1704	4.1175
78	1.2561	1.5183	0.1266	-0.0018	0.1788	3.8452
79	1.2538	1.5188	0.1213	-0.0320	0.1879	4.1124
80	1.2517	1.5192	0.1230	-0.0458	0.1911	4.2857
81	1.2559	1.5240	0.1242	0.2141	0.3890	3.9456
82	1.2556	1.5241	0.1236	0.0537	0.2234	4.1145
83	1.2550	1.5244	0.1218	0.0388	0.2331	4.2482
84	1.2537	1.5247	0.1248	0.0011	0.2371	3.9323
85	1.2517	1.5251	0.1236	-0.0407	0.2455	4.3500
86	1.2492	1.5256	0.1236	-0.0821	0.2483	4.3879
87	1.2468	1.5258	0.1248	-0.0970	0.2463	4.2757
88	1.2437	1.5261	0.1242	-0.1531	0.2497	4.3264
89	1.2404	1.5264	0.1201	-0.1917	0.2524	4.4507
90	1.2363	1.5267	0.1248	-0.2524	0.2529	3.5770
91	1.2511	1.5171	0.1224	0.5305	-0.1763	4.3565
92	1.2508	1.5168	0.1242	0.0113	0.1475	4.5349
93	1.2502	1.5165	0.1218	-0.0076	0.1432	4.6214
94	1.2493	1.5163	0.1230	-0.0228	0.1444	3.9955
95	1.2481	1.5159	0.1154	-0.0469	0.1329	5.6433
96	1.2464	1.5157	0.1248	-0.0828	0.1401	4.4995
97	1.2439	1.5155	0.1254	-0.1293	0.1389	4.5259
98	1.2410	1.5154	0.1230	-0.1714	0.1416	5.0275
99	1.2378	1.5154	0.1218	-0.2103	0.1453	4.6785
100	1.2352	1.5153	0.1236	-0.2151	0.1409	4.8499
101	1.2570	1.5180	0.1230	0.8293	0.2601	4.9596
102	1.2569	1.5179	0.1242	0.0728	0.1657	5.0928
103	1.2562	1.5179	0.1236	0.0453	0.1673	4.9055
104	1.2552	1.5182	0.1254	0.0227	0.1771	4.1465
105	1.2536	1.5183	0.1207	-0.0105	0.1762	5.3953
106	1.2515	1.5185	0.1242	-0.0450	0.1812	5.0678
107	1.2490	1.5189	0.1242	-0.0857	0.1878	4.9288
108	1.2459	1.5192	0.1230	-0.1329	0.1900	5.1687
109	1.2421	1.5196	0.1248	-0.1887	0.1961	5.1120
110	1.2395	1.5199	0.1178	-0.1771	0.1944	6.2197
111	1.2583	1.5349	0.1218	0.7396	0.8476	5.2933
112	1.2576	1.5307	0.1236	0.0555	0.1348	5.3545
113	1.2556	1.5259	0.1224	-0.0029	0.0693	5.1834
114	1.2497	1.5211	0.1242	-0.1978	0.0270	4.7760
115	1.2433	1.5173	0.1224	-0.2710	0.0326	5.3195
116	1.2356	1.5155	0.1248	-0.3863	0.0827	5.8467
117	1.2258	1.5146	0.1137	-0.5470	0.1061	6.4410
118	1.2155	1.5129	0.1248	-0.6613	0.0658	5.4459
119	1.2031	1.5111	0.1218	-0.8490	0.0425	5.7807
120	1.1939	1.5095	0.1218	-0.8246	0.0372	5.6933
121	1.3130	1.4183	0.1236	2.0000	-2.0000	4.9391
122	1.3112	1.4158	0.1143	0.5101	-0.8302	6.7958
123	1.3091	1.4141	0.1218	0.4856	-0.8154	5.9220
124	1.3090	1.4105	0.1137	0.5510	-0.9131	7.2908
125	1.3071	1.4086	0.1218	0.4739	-0.8727	5.9994
126	1.3051	1.4053	0.1254	0.4545	-0.9520	5.6686
127	1.3035	1.3988	0.1213	0.4501	-1.1213	6.0874
128	1.3031	1.3971	0.1248	0.4923	-0.9701	5.7594
129	1.3023	1.3968	0.1213	0.4691	-0.9233	6.1062
130	1.3023	1.3954	0.1254	0.5011	-0.9762	5.8240
131	1.2532	1.5264	0.1260	-1.6470	2.0000	5.8497
132	1.2566	1.5259	0.1213	0.1976	0.2162	6.1627
133	1.2607	1.5261	0.1236	0.2587	0.2477	6.2730
134	1.2605	1.5253	0.1160	0.1091	0.2006	7.1634
135	1.2613	1.5234	0.1218	0.1481	0.1499	6.3853
136	1.2637	1.5240	0.1272	0.2290	0.2407	5.7795
137	1.2678	1.5320	0.1230	0.3223	0.5696	6.2021
138	1.2755	1.5393	0.1242	0.5194	0.6110	6.4535
139	1.2795	1.5390	0.1236	0.4305	0.3415	6.0324
140	1.2791	1.5367	0.1248	0.2737	0.2523	6.3846
141	1.2607	1.5368	0.1230	-0.5155	0.3408	6.3917
142	1.2542	1.5299	0.1236	-0.1632	0.0295	6.7159
143	1.2524	1.5233	0.1242	-0.0204	-0.0184	6.4444
144	1.2497	1.5120	0.1260	-0.0765	-0.2796	6.2671
145	1.2511	1.4979	0.1224	0.0815	-0.5040	5.8043
146	1.2529	1.4850	0.1218	0.1083	-0.5815	6.6092
147	1.2588	1.4782	0.1242	0.3063	-0.4253	6.7188
148	1.2585	1.4760	0.1272	0.0906	-0.2841	6.4564
149	1.2513	1.4700	0.1230	-0.2150	-0.4715	6.6996
150	1.2357	1.4593	0.1248	-0.6508	-0.7297	6.9934
151	1.2471	1.5374	0.1154	0.3904	2.0000	7.9754
152	1.2440	1.5404	0.1248	-0.1415	0.4746	6.5361
153	1.2428	1.5361	0.1242	-0.0896	0.1754	6.5879
154	1.2398	1.5246	0.1230	-0.1756	-0.1770	6.8274
155	1.2435	1.5132	0.1160	0.0879	-0.2742	7.8758
156	1.2554	1.5014	0.1260	0.4821	-0.3933	6.8945
157	1.2618	1.5057	0.1230	0.3495	0.2096	6.9943
158	1.2698	1.5118	0.1248	0.4783	0.3239	7.1163
159	1.2698	1.5227	0.1213	0.2064	0.5891	7.4614
160	1.2720	1.5275	0.1230	0.3003	0.4224	7.1022
161	1.2583	1.5125	0.1218	-0.3768	-0.4073	7.2164
162	1.2659	1.5111	0.1230	0.4301	0.0584	6.3035
163	1.2697	1.5163	0.1224	0.3378	0.3348	7.2240
164	1.2800	1.5260	0.1236	0.6518	0.5793	7.3570
165	1.2812	1.5402	0.1248	0.3527	0.8617	6.9577
166	1.2834	1.5538	0.1242	0.4063	0.9601	7.3631
167	1.2766	1.5721	0.1224	0.0360	1.2929	6.7411
168	1.2668	1.6102	0.1213	-0.1574	2.0000	7.5605
169	1.2609	1.6383	0.1248	-0.0804	2.0000	7.5883
170	1.2543	1.6643	0.1137	-0.1632	2.0000	8.7687
171	1.2619	1.5239	0.1230	0.3979	-2.0000	7.7519
172	1.2952	1.5157	0.1248	1.5888	-0.1369	6.7560
173	1.3260	1.5012	0.1189	1.7895	-0.4878	7.9673
174	1.3593	1.4505	0.1242	2.0000	-2.0000	7.7850
175	1.3643	1.3975	0.1230	1.2539	-2.0000	7.4347
176	1.3647	1.3524	0.1248	1.0997	-2.0000	7.6131
177	1.3665	1.3113	0.1230	1.1692	-2.0000	6.8796
178	1.3729	1.2687	0.1230	1.3862	-2.0000	7.7877
179	1.3769	1.2207	0.1236	1.3468	-2.0000	8.1115
180	1.3787	1.1960	0.1224	1.2869	-2.0000	7.5106
181	1.2661	1.5234	0.1224	-2.0000	2.0000	7.0830
182	1.2768	1.5443	0.1260	0.6573	1.1312	7.7404
183	1.2845	1.5872	0.1189	0.6253	2.0000	8.6904
184	1.2886	1.6140	0.1242	0.5371	1.9583	7.8576
185	1.2991	1.6519	0.1218	0.8562	2.0000	8.2988
186	1.3164	1.6968	0.1230	1.2528	2.0000	8.0771
187	1.3304	1.7422	0.1207	1.2696	2.0000	8.2827
188	1.3414	1.7924	0.1224	1.2650	2.0000	8.1093
189	1.3478	1.8475	0.1218	1.1687	2.0000	8.4553
190	1.3471	1.8864	0.1230	0.9184	2.0000	8.5825
191	1.2634	1.5260	0.1242	-2.0000	-2.0000	7.2449
192	1.2668	1.5105	0.1224	0.3237	-0.4379	8.3084
193	1.2723	1.4911	0.1230	0.4426	-0.7470	8.5128
194	1.2845	1.4688	0.1224	0.7891	-1.0459	8.5628
195	1.2921	1.4442	0.1207	0.7047	-1.3426	8.5786
196	1.2859	1.4166	0.1213	0.1660	-1.6980	7.8538
197	1.2647	1.3856	0.1236	-0.5413	-2.0000	8.4219
198	1.2555	1.3314	0.1266	-0.2154	-2.0000	8.6986
199	1.2349	1.2868	0.1154	-0.7951	-2.0000	9.5960
200	1.2187	1.2641	0.1242	-0.7964	-2.0000	8.8657
201	1.2655	1.5239	0.1201	1.8117	2.0000	8.1147
202	1.2940	1.5133	0.1218	1.4393	-0.2421	8.6357
203	1.3291	1.5014	0.1242	1.9941	-0.3934	8.7443
204	1.3625	1.4986	0.1242	2.0000	-0.1034	8.4873
205	1.4051	1.4881	0.1236	2.0000	-0.4654	8.8936
206	1.4511	1.4940	0.1230	2.0000	0.1625	8.9447
207	1.4883	1.5024	0.1236	2.0000	0.3245	8.7275
208	1.5491	1.5002	0.1242	2.0000	-0.0649	8.7533
209	1.6265	1.4740	0.1213	2.0000	-1.1409	8.9128
210	1.6867	1.4645	0.1183	2.0000	-0.6412	9.7664
211	1.2805	1.5136	0.1230	-2.0000	1.8477	8.9465
212	1.2974	1.5057	0.1230	1.1030	-0.2147	9.4004
213	1.3111	1.4972	0.1224	1.1227	-0.3123	8.3416
214	1.3204	1.4907	0.1230	1.0519	-0.3022	9.1815
215	1.3434	1.4993	0.1218	1.7438	0.3034	9.1273
216	1.3572	1.5149	0.1248	1.5532	0.6874	9.2160
217	1.3560	1.5744	0.1207	1.0256	2.0000	9.6924
218	1.3403	1.6601	0.1154	0.3799	2.0000	10.1212
219	1.3246	1.7416	0.1224	0.2403	2.0000	9.4413
220	1.3307	1.7822	0.1218	1.0472	2.0000	9.5354
221	1.2489	1.5150	0.1132	-2.0000	-2.0000	10.3239
222	1.2078	1.5413	0.1236	-1.7139	1.3001	9.4035
223	1.1794	1.5690	0.1137	-1.5334	1.5966	10.7997
224	1.1514	1.5880	0.1224	-1.7803	1.4616	9.4991
225	1.1285	1.6128	0.1224	-1.8164	1.8841	9.6564
226	1.1157	1.6252	0.1230	-1.5894	1.5614	9.6239
227	1.1280	1.6574	0.1213	-0.6147	2.0000	9.0620
228	1.1361	1.6871	0.1154	-0.6820	2.0000	10.7907
229	1.1297	1.7288	0.1230	-1.2437	2.0000	9.8013
230	1.1329	1.7496	0.1143	-0.8878	2.0000	10.8791
231	1.2650	1.4916	0.1236	2.0000	-2.0000	9.8520
232	1.2785	1.5010	0.1137	0.8106	0.3541	10.2031
233	1.3331	1.4754	0.1132	2.0000	-1.0965	10.7161
234	1.4028	1.4128	0.1236	2.0000	-2.0000	9.7352
235	1.4891	1.3603	0.1242	2.0000	-2.0000	9.7024
236	1.5645	1.3238	0.1236	2.0000	-2.0000	10.0489
237	1.6675	1.2737	0.1230	2.0000	-2.0000	9.0559
238	1.7821	1.2272	0.1213	2.0000	-2.0000	10.1760
239	1.8987	1.1854	0.1224	2.0000	-2.0000	9.9560
240	1.9955	1.1698	0.1236	2.0000	-2.0000	10.2584
241	1.2698	1.5217	0.1218	-2.0000	2.0000	10.2064
242	1.2991	1.5160	0.1213	1.5949	-0.0467	10.1988
243	1.3429	1.4884	0.1224	2.0000	-1.0557	10.3915
244	1.3870	1.4256	0.1248	2.0000	-2.0000	10.0264
245	1.4311	1.3516	0.1230	2.0000	-2.0000	10.3987
246	1.4625	1.2892	0.1254	2.0000	-2.0000	10.2102
247	1.4873	1.2453	0.1213	2.0000	-2.0000	10.5102
248	1.5207	1.1928	0.1236	2.0000	-2.0000	10.4420
249	1.5575	1.1304	0.1207	2.0000	-2.0000	9.6216
250	1.5852	1.0874	0.1230	2.0000	-2.0000	9.5327
251	1.2764	1.5384	0.1218	-2.0000	2.0000	9.7644
252	1.2818	1.5430	0.1183	0.6380	0.5475	11.2715
253	1.2842	1.5374	0.1207	0.5590	0.1400	10.6769
254	1.3019	1.5271	0.1266	1.2516	-0.1169	9.5976
255	1.3170	1.5226	0.1224	1.3007	0.0509	10.7785
256	1.3288	1.4920	0.1254	1.2998	-1.1403	10.5786
257	1.3323	1.4562	0.1154	1.0457	-1.6380	11.6351
258	1.3273	1.4354	0.1242	0.7068	-1.2998	10.8017
259	1.2992	1.3946	0.1236	-0.3484	-2.0000	10.7343
260	1.2799	1.3507	0.1236	-0.2197	-2.0000	10.9429
261	1.2505	1.5276	0.1213	-0.8435	2.0000	10.8445
262	1.2651	1.5527	0.1160	0.8124	1.3492	11.8648
263	1.2838	1.5756	0.1242	1.1280	1.4803	11.0411
264	1.2997	1.6128	0.1260	1.1762	2.0000	10.8040
265	1.3004	1.6864	0.1236	0.6614	2.0000	11.1289
266	1.2864	1.7861	0.1254	0.0213	2.0000	10.7150
267	1.2465	1.8815	0.1242	-1.2345	2.0000	11.0748
268	1.1893	1.9644	0.1218	-2.0000	2.0000	11.9363
269	1.1411	2.0357	0.1260	-2.0000	2.0000	10.7585
270	1.1285	2.0721	0.1254	-1.3860	2.0000	11.1492
271	1.2743	1.5409	0.1224	2.0000	-2.0000	10.9555
272	1.2772	1.5750	0.1242	0.5184	1.8712	11.4286
273	1.2536	1.6244	0.1236	-0.6135	2.0000	11.2997
274	1.2440	1.6878	0.1272	-0.2181	2.0000	11.1445
275	1.2193	1.7265	0.1224	-0.9640	2.0000	11.5763
276	1.1775	1.7696	0.1248	-1.9419	2.0000	10.6869
277	1.1140	1.8165	0.1218	-2.0000	2.0000	11.7842
278	1.0651	1.8520	0.1242	-2.0000	2.0000	11.5977
279	1.0397	1.8705	0.1172	-2.0000	2.0000	12.3024
280	1.0132	1.8846	0.1236	-2.0000	2.0000	11.6787
281	1.2500	1.5276	0.1266	2.0000	-2.0000	11.2398
282	1.2294	1.5438	0.1230	-0.7445	0.9827	11.7664
283	1.2302	1.5429	0.1248	-0.0018	0.3701	11.5903
284	1.2235	1.5377	0.1242	-0.3209	0.1772	12.0586
285	1.2074	1.5345	0.1242	-0.7938	0.2179	11.7378
286	1.1883	1.5487	0.1242	-1.0772	0.9559	11.7755
287	1.1544	1.5788	0.1242	-1.8978	1.7791	11.8137
288	1.1103	1.6090	0.1242	-2.0000	2.0000	10.9795
289	1.0706	1.6347	0.1230	-2.0000	2.0000	12.0352
290	1.0449	1.6421	0.1236	-2.0000	1.5498	12.1131
291	1.2315	1.5694	0.1160	2.0000	-1.8989	12.8853
292	1.2243	1.6018	0.1236	-0.3449	2.0000	12.3704
293	1.2325	1.6192	0.1242	0.2637	1.6943	11.5701
294	1.2258	1.6247	0.1254	-0.3128	1.3319	12.1728
295	1.2117	1.6239	0.1224	-0.6996	1.1022	12.4476
296	1.2214	1.6267	0.1166	0.2110	1.2515	13.2474
297	1.2435	1.6308	0.1207	0.8432	1.3365	11.6323
298	1.2780	1.6399	0.1248	1.5871	1.5949	12.2210
299	1.2902	1.6328	0.1218	0.9316	0.9632	12.5555
300	1.2957	1.6241	0.1248	0.7529	0.8317	12.2828
301	1.0712	1.5061	0.1201	-2.0000	-2.0000	12.7709
302	1.1146	1.5050	0.1218	0.3907	0.0337	12.5396
303	1.1589	1.4982	0.1254	0.8235	-0.2210	12.2686
304	1.2248	1.4915	0.1242	2.0000	-0.2816	12.5697
305	1.2950	1.4903	0.1207	2.0000	-0.0964	12.0999
306	1.3731	1.5028	0.1236	2.0000	0.4907	12.4824
307	1.4439	1.5141	0.1201	2.0000	0.5539	13.1829
308	1.5121	1.5274	0.1137	2.0000	0.7400	13.7466
309	1.5843	1.5218	0.1236	2.0000	0.0263	12.5411
310	1.6287	1.5216	0.1248	2.0000	0.2179	12.4809
311	1.2679	1.5485	0.1207	-2.0000	1.4056	12.8329
312	1.2644	1.5536	0.1236	0.1679	0.6873	12.5178
313	1.2627	1.5636	0.1213	0.2156	0.9466	12.9008
314	1.2892	1.5612	0.1224	1.4330	0.4934	12.8573
315	1.3136	1.5606	0.1213	1.5842	0.5486	12.8622
316	1.3184	1.5632	0.1224	0.9549	0.6841	12.9355
317	1.3478	1.5473	0.1201	2.0000	-0.1003	12.1646
318	1.3539	1.5478	0.1224	1.3281	0.4743	13.3704
319	1.3596	1.5518	0.1230	1.3697	0.6347	13.3976
320	1.3766	1.5592	0.1183	1.9193	0.8174	14.0509
321	1.2428	1.5117	0.1236	-2.0000	-1.5244	13.2682
322	1.2789	1.4749	0.1236	1.6809	-1.4774	13.0692
323	1.2953	1.4395	0.1242	1.1479	-1.7440	13.1545
324	1.2968	1.3923	0.1224	0.6494	-2.0000	13.4657
325	1.3080	1.3406	0.1154	1.0879	-2.0000	14.2840
326	1.3436	1.2806	0.1236	2.0000	-2.0000	13.5222
327	1.3602	1.2085	0.1242	1.7578	-2.0000	13.3118
328	1.3544	1.1317	0.1236	0.9366	-2.0000	13.8395
329	1.3279	1.0436	0.1248	-0.0230	-2.0000	12.5014
330	1.3188	0.9745	0.1266	0.4965	-2.0000	13.4316
331	1.2393	1.4360	0.1230	-2.0000	2.0000	13.7790
332	1.2482	1.4493	0.1248	0.4659	0.0399	13.4839
333	1.2611	1.4806	0.1224	0.7222	0.9433	13.6295
334	1.2642	1.5061	0.1236	0.4164	0.9706	12.5442
335	1.2721	1.5149	0.1207	0.6499	0.4653	13.5700
336	1.2719	1.5396	0.1254	0.3748	1.2396	13.5101
337	1.2618	1.5791	0.1248	-0.0620	2.0000	13.7983
338	1.2458	1.6374	0.1236	-0.4172	2.0000	13.6828
339	1.2290	1.6981	0.1230	-0.5921	2.0000	13.8522
340	1.2143	1.7277	0.1248	-0.6611	2.0000	13.9064
341	1.2336	1.5320	0.1254	0.6925	-2.0000	13.8728
342	1.2278	1.5276	0.1143	-0.2278	0.1152	15.0055
343	1.2273	1.4919	0.1207	-0.0502	-1.2939	14.3412
344	1.2182	1.4615	0.1224	-0.4327	-1.3782	14.1599
345	1.1855	1.4208	0.1213	-1.5463	-2.0000	14.1629
346	1.1573	1.3733	0.1236	-1.6555	-2.0000	14.0357
347	1.1451	1.3147	0.1242	-1.2135	-2.0000	14.1212
348	1.1283	1.2543	0.1242	-1.5318	-2.0000	13.3988
349	1.1307	1.1743	0.1160	-0.8464	-2.0000	15.1217
350	1.1351	1.1265	0.1242	-0.7423	-2.0000	14.2884
351	1.2527	1.5154	0.1230	2.0000	2.0000	14.1146
352	1.2707	1.5464	0.1242	0.9770	1.5184	14.2467
353	1.2868	1.6049	0.1218	1.0576	2.0000	14.3338
354	1.2972	1.6917	0.1230	0.9611	2.0000	14.4674
355	1.3048	1.7636	0.1230	0.9342	2.0000	14.1530
356	1.3184	1.8414	0.1242	1.2660	2.0000	14.4613
357	1.3388	1.9056	0.1218	1.6924	2.0000	14.0733
358	1.3803	1.9827	0.1160	2.0000	2.0000	15.3950
359	1.4413	2.0436	0.1230	2.0000	2.0000	14.7122
360	1.5038	2.0837	0.1248	2.0000	2.0000	14.7074
361	1.2120	1.5282	0.1236	-2.0000	-2.0000	14.5830
362	1.2074	1.5045	0.1236	-0.3742	-0.7542	14.7399
363	1.1913	1.4616	0.1126	-0.9172	-1.8117	15.7472
364	1.1751	1.4103	0.1230	-1.0703	-2.0000	14.7714
365	1.1426	1.3760	0.1218	-1.9350	-2.0000	14.8339
366	1.0925	1.3274	0.1248	-2.0000	-2.0000	14.8126
367	1.0249	1.2656	0.1242	-2.0000	-2.0000	13.8738
368	0.9628	1.1967	0.1248	-2.0000	-2.0000	14.7721
369	0.9030	1.1417	0.1242	-2.0000	-2.0000	15.0611
370	0.8443	1.0990	0.1178	-2.0000	-2.0000	15.8068
371	1.2213	1.5457	0.1230	2.0000	2.0000	15.0348
372	1.2256	1.5437	0.1248	0.0716	0.3473	13.9878
373	1.2385	1.5471	0.1201	0.4927	0.5647	15.0482
374	1.2602	1.5341	0.1218	0.9921	-0.1260	14.5295
375	1.2907	1.5412	0.1224	1.5787	0.6443	15.1958
376	1.3385	1.5385	0.1224	2.0000	0.2735	15.5315
377	1.4053	1.5344	0.1224	2.0000	0.1910	15.1560
378	1.4996	1.5440	0.1213	2.0000	0.7546	15.6915
379	1.6145	1.5483	0.1242	2.0000	0.6081	15.2569
380	1.7167	1.5482	0.1230	2.0000	0.4556	15.5491
381	1.2221	1.5009	0.1218	-2.0000	-1.6195	15.6110
382	1.2398	1.4828	0.1242	0.6863	-0.7609	15.3652
383	1.2793	1.4515	0.1213	1.8082	-1.4999	15.4641
384	1.3090	1.4255	0.1242	1.7386	-1.5419	15.3255
385	1.3388	1.4024	0.1195	2.0000	-1.6522	16.1075
386	1.3930	1.3843	0.1242	2.0000	-1.6368	15.4617
387	1.4449	1.3910	0.1242	2.0000	-0.7104	15.2072
388	1.4853	1.3876	0.1236	2.0000	-1.0904	11.8925
389	1.5433	1.4016	0.1207	2.0000	-0.3605	15.8228
390	1.6039	1.3966	0.1236	2.0000	-1.0714	15.6177
391	1.2241	1.5180	0.1230	-2.0000	2.0000	15.7870
392	1.2108	1.4763	0.1218	-0.6250	-1.6466	16.0863
393	1.2090	1.4170	0.1242	-0.2468	-2.0000	15.7226
394	1.2197	1.3574	0.1160	0.2824	-2.0000	16.8028
395	1.2376	1.2811	0.1236	0.6943	-2.0000	15.9312
396	1.2649	1.2150	0.1254	1.2716	-2.0000	15.6952
397	1.2949	1.1298	0.1224	1.6423	-2.0000	16.0906
398	1.3514	1.0464	0.1242	2.0000	-2.0000	15.3895
399	1.4327	0.9232	0.1224	2.0000	-2.0000	16.0506
400	1.4818	0.8374	0.1224	2.0000	-2.0000	16.4967
401	1.2265	1.5276	0.1224	-2.0000	2.0000	16.3483
402	1.2202	1.4834	0.1218	-0.2897	-1.6827	16.3979
403	1.2065	1.4273	0.1160	-0.6717	-2.0000	16.9585
404	1.1930	1.3529	0.1224	-0.7927	-2.0000	16.5239
405	1.2046	1.3220	0.1242	0.1783	-2.0000	15.8780
406	1.2497	1.2726	0.1230	1.7538	-2.0000	16.6500
407	1.2725	1.1933	0.1224	1.1901	-2.0000	16.2855
408	1.2481	1.1458	0.1242	-0.6630	-2.0000	16.3474
409	1.2406	1.1251	0.1201	-0.1469	-2.0000	16.7043
410	1.2706	1.1239	0.1266	1.4231	-2.0000	16.2485
411	1.2368	1.5626	0.1224	-1.0879	2.0000	16.6681
412	1.2424	1.6138	0.1137	0.3213	2.0000	17.5661
413	1.2705	1.6600	0.1224	1.3568	2.0000	16.7394
414	1.3387	1.7113	0.1207	2.0000	2.0000	16.8726
415	1.3953	1.7473	0.1213	2.0000	2.0000	16.7825
416	1.4324	1.7853	0.1254	2.0000	2.0000	16.6195
417	1.4865	1.8646	0.1201	2.0000	2.0000	16.9435
418	1.5539	1.9758	0.1224	2.0000	2.0000	16.5249
419	1.6007	2.1103	0.1201	2.0000	2.0000	17.0215
420	1.6207	2.2539	0.1218	2.0000	2.0000	16.8416
421	1.2440	1.5260	0.1242	-2.0000	-2.0000	16.6474
422	1.2909	1.4958	0.1213	2.0000	-1.0763	16.9835
423	1.3147	1.4639	0.1207	1.6430	-1.4198	17.1521
424	1.3115	1.4784	0.1207	0.6844	0.3366	17.0155
425	1.2761	1.5224	0.1224	-0.7567	1.7560	17.1368
426	1.2210	1.5333	0.1213	-1.9381	0.6964	17.0827
427	1.1494	1.5079	0.1195	-2.0000	-0.7989	17.3338
428	1.0767	1.4885	0.1224	-2.0000	-0.7614	16.8454
429	0.9539	1.5191	0.1201	-2.0000	1.2613	17.4024
430	0.8496	1.5797	0.1230	-2.0000	2.0000	17.3163
431	1.2047	1.5770	0.1230	2.0000	0.6121	16.8858
432	1.1922	1.6370	0.1242	-0.7513	2.0000	17.1928
433	1.1297	1.7414	0.1224	-2.0000	2.0000	16.4608
434	1.0260	1.8274	0.1224	-2.0000	2.0000	17.3681
435	0.9154	1.9129	0.1224	-2.0000	2.0000	17.7029
436	0.7564	2.0426	0.1230	-2.0000	2.0000	17.1405
437	0.5962	2.2207	0.1213	-2.0000	2.0000	17.6267
438	0.4082	2.4462	0.1213	-2.0000	2.0000	17.3746
439	0.2262	2.6778	0.1189	-2.0000	2.0000	17.8122
440	0.1073	2.7951	0.1201	-2.0000	2.0000	17.7542
441	1.2318	1.5070	0.1218	2.0000	-2.0000	17.5168
442	1.2220	1.4373	0.1230	-0.4640	-2.0000	17.7077
443	1.2063	1.3633	0.1132	-0.8104	-2.0000	18.6370
444	1.1913	1.2635	0.1213	-0.9265	-2.0000	17.8818
445	1.1390	1.1248	0.1236	-2.0000	-2.0000	17.5789
446	1.0681	0.9972	0.1224	-2.0000	-2.0000	17.8189
447	0.9680	0.8500	0.1236	-2.0000	-2.0000	17.7166
448	0.8667	0.6687	0.1213	-2.0000	-2.0000	18.1565
449	0.7493	0.4983	0.1201	-2.0000	-2.0000	18.2184
450	0.6614	0.3403	0.1236	-2.0000	-2.0000	18.1217
451	1.2372	1.5779	0.1224	2.0000	2.0000	18.3034
452	1.2247	1.5609	0.1248	-0.5689	-0.0280	17.8792
453	1.2082	1.5676	0.1207	-0.8565	0.8598	18.2965
454	1.1960	1.5799	0.1166	-0.8224	1.1642	18.9341
455	1.1786	1.6098	0.1230	-1.1607	2.0000	18.0258
456	1.1490	1.6355	0.1218	-1.8600	2.0000	18.4423
457	1.1181	1.6963	0.1224	-2.0000	2.0000	18.2334
458	1.0735	1.7546	0.1248	-2.0000	2.0000	18.1636
459	0.9969	1.8560	0.1132	-2.0000	2.0000	19.4236
460	0.9411	1.9343	0.1230	-2.0000	2.0000	18.5762
461	1.1878	1.5390	0.1242	2.0000	-2.0000	18.3456
462	1.1725	1.5770	0.1236	-1.1628	2.0000	18.5148
463	1.1539	1.6102	0.1236	-1.4496	2.0000	18.1994
464	1.1094	1.6673	0.1242	-2.0000	2.0000	18.4624
465	1.0743	1.7023	0.1183	-2.0000	2.0000	19.1472
466	1.0576	1.7433	0.1213	-2.0000	2.0000	18.4839
467	1.0310	1.7697	0.1207	-2.0000	2.0000	18.5943
468	1.0122	1.8221	0.1201	-2.0000	2.0000	17.9036
469	1.0128	1.8486	0.1207	-2.0000	2.0000	19.0281
470	1.0368	1.8429	0.1224	-1.0809	2.0000	18.6706
471	1.2106	1.5230	0.1213	2.0000	-2.0000	18.7849
472	1.1970	1.5213	0.1178	-0.9058	0.1686	19.4209
473	1.1612	1.4920	0.1207	-2.0000	-1.0563	18.7610
474	1.1349	1.4128	0.1201	-1.9186	-2.0000	19.1637
475	1.1047	1.3185	0.1189	-2.0000	-2.0000	19.0513
476	1.0734	1.2094	0.1207	-2.0000	-2.0000	19.1735
477	1.0345	1.1228	0.1195	-2.0000	-2.0000	19.0033
478	1.0150	1.0447	0.1218	-2.0000	-2.0000	19.1125
479	1.0202	0.9693	0.1195	-1.9018	-2.0000	19.2000
480	1.0286	0.8874	0.1218	-1.7196	-2.0000	19.1855
481	1.1818	1.4750	0.1218	2.0000	2.0000	19.1086
482	1.1673	1.4470	0.1224	-1.2381	-1.4235	19.1941
483	1.1469	1.4090	0.1126	-1.6274	-2.0000	20.2972
484	1.1313	1.3691	0.1207	-1.6070	-2.0000	19.6632
485	1.1243	1.3243	0.1230	-1.3789	-2.0000	18.9502
486	1.1132	1.2798	0.1224	-1.6218	-2.0000	19.5895
487	1.0914	1.2289	0.1115	-2.0000	-2.0000	20.4745
488	1.0439	1.1895	0.1242	-2.0000	-2.0000	19.2787
489	0.9786	1.1561	0.1189	-2.0000	-2.0000	19.6605
490	0.9095	1.1136	0.1213	-2.0000	-2.0000	19.7046
491	1.2289	1.4890	0.1213	2.0000	2.0000	19.5099
492	1.2400	1.4888	0.1254	0.2937	-0.0878	19.4033
493	1.2737	1.4785	0.1201	1.3848	-0.5290	19.8445
494	1.2945	1.4503	0.1218	1.1296	-1.4105	18.8649
495	1.3021	1.4281	0.1213	0.7472	-1.3987	19.9022
496	1.3228	1.4078	0.1224	1.3882	-1.5092	19.8589
497	1.3413	1.3931	0.1143	1.4829	-1.4469	20.6385
498	1.3620	1.3749	0.1213	1.7521	-1.7343	19.2008
499	1.3687	1.3334	0.1195	1.3340	-2.0000	20.0313
500	1.3741	1.2859	0.1213	1.3420	-2.0000	20.0288
501	1.2154	1.4970	0.1224	-2.0000	2.0000	19.0602
502	1.2016	1.5010	0.1213	-0.9093	0.1659	19.8737
503	1.1864	1.5110	0.1218	-1.0991	0.4650	20.3134
504	1.1784	1.5190	0.1154	-0.9254	0.4663	21.0020
505	1.1685	1.5290	0.1201	-1.0877	0.6254	20.5446
506	1.1327	1.5187	0.1230	-2.0000	-0.1758	20.2304
507	1.1039	1.5222	0.1213	-2.0000	0.3389	20.2470
508	1.0877	1.5350	0.1242	-2.0000	0.7751	19.8729
509	1.0984	1.5658	0.1195	-1.0298	1.6796	20.4781
510	1.1234	1.5979	0.1218	-0.3053	2.0000	20.4047
511	1.2080	1.5064	0.1207	2.0000	-2.0000	20.6446
512	1.1960	1.5199	0.1242	-0.9161	0.6684	20.1989
513	1.1826	1.5314	0.1201	-1.0876	0.7009	20.7331
514	1.1593	1.5393	0.1236	-1.6491	0.6430	20.4076
515	1.1456	1.5472	0.1213	-1.4409	0.7142	19.6885
516	1.1426	1.5607	0.1248	-1.1036	1.0320	20.3429
517	1.1398	1.5679	0.1266	-1.1238	0.8763	20.1578
518	1.1328	1.5741	0.1272	-1.3356	0.8956	20.4202
519	1.1368	1.5852	0.1296	-0.9197	1.1673	19.4587
520	1.1561	1.5757	0.1296	-0.2177	0.3612	19.5470
521	1.2248	1.5000	0.1272	2.0000	-2.0000	20.7655
522	1.2297	1.4720	0.1296	-0.0361	-1.2090	20.5712
523	1.2356	1.4413	0.1308	0.0505	-1.5766	20.5815
524	1.2482	1.4092	0.1296	0.3986	-1.9136	19.9247
525	1.2828	1.3723	0.1207	1.4763	-2.0000	21.0380
526	1.3594	1.3326	0.1224	2.0000	-2.0000	20.6891
527	1.4500	1.2914	0.1172	2.0000	-2.0000	21.0703
528	1.5386	1.2489	0.1172	2.0000	-2.0000	21.3442
529	1.6241	1.2142	0.1207	2.0000	-2.0000	20.6773
530	1.6866	1.1902	0.1166	2.0000	-2.0000	21.3057
531	1.1970	1.4510	0.1143	-2.0000	2.0000	22.0802
532	1.2242	1.4466	0.1189	0.7026	-0.6139	21.2737
533	1.2611	1.4409	0.1213	1.3790	-0.7111	21.1502
534	1.2780	1.4293	0.1236	0.8432	-1.0254	20.8474
535	1.2821	1.4068	0.1266	0.4431	-1.6006	21.0593
536	1.2911	1.3761	0.1345	0.6895	-2.0000	20.9307
537	1.3101	1.3433	0.1370	1.2149	-2.0000	20.7884
538	1.3471	1.2962	0.1396	2.0000	-2.0000	21.2084
539	1.3817	1.2805	0.1352	2.0000	-2.0000	21.1992
540	1.4149	1.2618	0.1302	2.0000	-2.0000	21.5072
541	1.2000	1.5130	0.1126	-2.0000	2.0000	22.5776
542	1.1800	1.5130	0.1213	-1.3242	0.1249	21.4029
543	1.1500	1.5030	0.1224	-1.9468	-0.3141	21.4772
544	1.1315	1.5046	0.1195	-1.7201	0.1069	21.8101
545	1.1257	1.5308	0.1248	-1.3430	1.1994	21.2121
546	1.1239	1.5803	0.1213	-1.2189	2.0000	21.6776
547	1.1317	1.5991	0.1218	-0.8189	1.5508	21.6972
548	1.1475	1.6215	0.1290	-0.3988	1.8764	21.5900
549	1.1637	1.6537	0.1377	-0.2367	2.0000	20.1661
550	1.1700	1.6758	0.1479	-0.5253	2.0000	20.7505
551	0.9183	1.4748	0.1539	-2.0000	-2.0000	20.1821
552	0.9348	1.4675	0.1607	-2.0000	-0.5321	22.0379
553	0.9392	1.4733	0.1885	-2.0000	-0.0247	19.6001
554	0.9452	1.4648	0.2003	-2.0000	-0.5974	20.1127
555	0.9732	1.4113	0.2110	-1.6074	-2.0000	20.1397
556	1.0164	1.3178	0.2118	-0.6908	-2.0000	19.7829
557	1.0536	1.2122	0.2060	-0.5587	-2.0000	20.9816
558	1.1257	1.0743	0.1947	1.3064	-2.0000	20.2915
559	1.2205	0.9437	0.1670	2.0000	-2.0000	21.9465
560	1.3157	0.8354	0.1559	2.0000	-2.0000	21.6504
561	1.1773	1.4540	0.1321	-2.0000	2.0000	22.8054
562	1.1503	1.4195	0.1428	-1.8894	-1.9200	21.4246
563	1.0973	1.4321	0.1453	-2.0000	-0.1624	20.2027
564	1.0413	1.4467	0.1533	-2.0000	0.0371	21.3337
565	0.9684	1.4738	0.1685	-2.0000	0.7182	20.4854
566	0.8765	1.4977	0.1831	-2.0000	0.8167	21.6081
567	0.7651	1.4747	0.2135	-2.0000	-1.0287	19.8165
568	0.6235	1.4462	0.2384	-2.0000	-1.4755	17.8472
569	0.4679	1.3890	0.2488	-2.0000	-2.0000	19.0292
570	0.3451	1.3322	0.2517	-2.0000	-2.0000	19.5313
571	1.2911	1.3080	0.2265	2.0000	-2.0000	21.7522
572	1.2889	1.2732	0.2239	0.1830	-2.0000	20.0316
573	1.2684	1.2678	0.2027	-0.6378	-2.0000	20.0333
574	1.2137	1.2976	0.1685	-2.0000	-0.7601	22.1377
575	1.1491	1.3353	0.1453	-2.0000	-0.1530	21.2635
576	1.0746	1.3853	0.1218	-2.0000	0.7254	22.7405
577	0.9879	1.4322	0.1218	-2.0000	1.0329	21.7688
578	0.8751	1.4746	0.1201	-2.0000	1.2536	22.2532
579	0.7651	1.5193	0.1201	-2.0000	1.7304	21.1441
580	0.6813	1.5598	0.1213	-2.0000	1.9467	22.1264
581	1.1911	1.4553	0.1189	2.0000	-2.0000	22.2139
582	1.1816	1.4175	0.1236	-1.0907	-2.0000	22.0404
583	1.1597	1.3777	0.1260	-1.7200	-2.0000	21.9103
584	1.1479	1.3246	0.1345	-1.4808	-2.0000	20.8627
585	1.1652	1.2445	0.1389	-0.3234	-2.0000	21.9580
586	1.1804	1.1638	0.1649	-0.2550	-2.0000	20.3619
587	1.1906	1.0914	0.1663	-0.3338	-2.0000	22.8275
588	1.1881	1.0010	0.2068	-0.7978	-2.0000	19.4301
589	1.2135	0.9055	0.2292	0.4017	-2.0000	19.3018
590	1.2489	0.7988	0.2730	1.0672	-2.0000	18.1558
591	1.1824	1.4860	0.2903	-2.0000	2.0000	18.6866
592	1.1684	1.5044	0.2837	-1.3761	0.6641	18.0333
593	1.1553	1.4931	0.2657	-1.4678	-0.4723	19.1196
594	1.1220	1.5125	0.2301	-2.0000	0.7700	21.9729
595	1.0670	1.5286	0.2011	-2.0000	0.8021	20.9087
596	1.0134	1.5439	0.1635	-2.0000	0.9113	22.7839
597	0.9463	1.5370	0.1434	-2.0000	0.0686	22.4246
598	0.8822	1.5179	0.1284	-2.0000	-0.5239	22.1664
599	0.8091	1.4931	0.1178	-2.0000	-0.9464	22.7089
600	0.7656	1.4467	0.1236	-2.0000	-2.0000	21.3428
601	1.4940	1.3140	0.1272	2.0000	-2.0000	22.0003
602	1.4851	1.3168	0.1327	1.6846	-1.5512	22.0970
603	1.4767	1.3243	0.1260	1.6261	-1.3207	21.5047
604	1.4268	1.3658	0.1254	-0.2595	0.2381	21.3266
605	1.3505	1.3977	0.1266	-1.8734	0.1864	22.3930
606	1.2594	1.4391	0.1296	-2.0000	0.8853	22.4289
607	1.1446	1.4762	0.1345	-2.0000	1.0679	22.0571
608	1.0272	1.5058	0.1428	-2.0000	1.0647	22.4937
609	0.9365	1.5390	0.1580	-2.0000	1.4898	21.0782
610	0.8552	1.5511	0.1749	-2.0000	0.8558	21.6341
611	1.5158	1.3111	0.2052	2.0000	-2.0000	19.9140
612	1.5256	1.3437	0.2127	2.0000	-0.2734	21.6633
613	1.5252	1.4142	0.2459	2.0000	1.6843	19.6485
614	1.4895	1.4508	0.2667	0.8075	0.8195	19.2680
615	1.4501	1.5133	0.2881	0.3212	2.0000	18.0171
616	1.4088	1.5659	0.2914	-0.1183	2.0000	17.3625
617	1.3464	1.6045	0.2848	-1.4237	2.0000	19.7453
618	1.3118	1.6160	0.2761	-0.7809	1.4165	19.3326
619	1.2567	1.6251	0.2586	-1.9930	1.4091	19.9528
620	1.1892	1.6191	0.2256	-2.0000	0.8306	20.1154
621	1.1885	1.4981	0.1908	-0.7479	-2.0000	21.6183
622	1.1807	1.5544	0.1692	-1.0662	2.0000	21.4322
623	1.1858	1.5930	0.1479	-0.5727	2.0000	21.4909
624	1.2021	1.6103	0.1421	-0.0384	1.5693	22.3429
625	1.2105	1.6321	0.1302	-0.2356	1.9199	22.1093
626	1.2248	1.6384	0.1213	0.1032	1.4345	22.6860
627	1.2612	1.6376	0.1218	1.1995	1.1807	21.6712
628	1.2824	1.6442	0.1172	0.8668	1.4975	22.6722
629	1.3158	1.6463	0.1207	1.5988	1.3566	22.7014
630	1.3473	1.6256	0.1149	1.8240	0.3778	23.4864
1	0.0000	0.0000	0.0000	0.0000	0.0000	0.0000
2	0.0000	0.0000	0.1242	0.0000	0.0017	0.0000
3	0.0000	0.0001	0.1207	0.0000	0.0045	0.0000
4	0.0000	0.0003	0.1230	0.0000	0.0079	0.0000
5	0.0000	0.0004	0.1218	0.0000	0.0061	0.0000
6	0.0000	0.0002	0.1236	0.0000	-0.0022	0.0000
7	0.0000	0.0002	0.1230	0.0000	-0.0009	0.0000
8	0.0000	0.0001	0.1242	0.0000	0.0000	0.0000
9	0.0000	0.0000	0.1224	0.0000	-0.0048	0.0000
10	0.0000	0.0000	0.1236	0.0000	0.0000	0.0000
11	1.2827	1.5211	0.1230	2.0000	2.0000	1.8692
12	1.2821	1.5212	0.1260	0.2744	0.1952	1.3114
13	1.2812	1.5214	0.1201	0.2598	0.1985	1.7663
14	1.2802	1.5217	0.1218	0.2447	0.2015	1.5937
15	1.2789	1.5220	0.1201	0.2247	0.2056	1.8458
16	1.2774	1.5222	0.1236	0.2021	0.2074	1.4606
17	1.2757	1.5225	0.1201	0.1792	0.2113	2.1595
18	1.2738	1.5228	0.1236	0.1592	0.2130	1.5973
19	1.2718	1.5230	0.1242	0.1363	0.2143	1.7410
20	1.2702	1.5232	0.1120	0.1326	0.2150	2.9400
21	1.2788	1.5030	0.1224	0.5698	-0.6819	2.0845
22	1.2785	1.5033	0.1230	0.2556	0.0433	2.1127
23	1.2780	1.5037	0.1189	0.2480	0.0483	2.4086
24	1.2774	1.5041	0.1224	0.2365	0.0515	2.1436
25	1.2764	1.5046	0.1213	0.2168	0.0566	2.2064
26	1.2753	1.5049	0.1201	0.2004	0.0576	2.3868
27	1.2741	1.5052	0.1207	0.1860	0.0554	1.3764
28	1.2727	1.5053	0.1230	0.1705	0.0544	2.0544
29	1.2712	1.5055	0.1207	0.1517	0.0549	2.4356
30	1.2699	1.5056	0.1236	0.1477	0.0535	2.0537
31	1.2630	1.5359	0.1218	-0.1126	1.3846	2.6602
32	1.2629	1.5358	0.1218	0.1255	0.3153	2.5215
33	1.2627	1.5360	0.1230	0.1188	0.3267	2.1834
34	1.2623	1.5361	0.1236	0.1093	0.3262	2.5056
35	1.2618	1.5357	0.1189	0.1017	0.3068	2.6975
36	1.2612	1.5353	0.1230	0.0909	0.3040	2.4209
37	1.2604	1.5349	0.1207	0.0755	0.2980	2.6852
38	1.2594	1.5346	0.1213	0.0620	0.3008	2.7713
39	1.2582	1.5344	0.1218	0.0452	0.3017	2.6223
40	1.2574	1.5343	0.1213	0.0515	0.3026	2.1366
41	1.2749	1.5269	0.1236	0.8443	-0.0171	2.5240
42	1.2751	1.5267	0.1224	0.2478	0.2352	2.6464
43	1.2752	1.5264	0.1207	0.2461	0.2282	2.7815
44	1.2754	1.5260	0.1224	0.2510	0.2198	1.6928
45	1.2754	1.5257	0.1201	0.2492	0.2191	3.1668
46	1.2754	1.5253	0.1218	0.2466	0.2133	3.1132
47	1.2754	1.5248	0.1224	0.2441	0.2072	2.9047
48	1.2753	1.5244	0.1218	0.2436	0.2060	3.1322
49	1.2752	1.5239	0.1207	0.2408	0.2007	3.0194
50	1.2749	1.5236	0.1224	0.2352	0.2005	3.0746
51	1.2909	1.5161	0.1230	0.9402	-0.1158	2.8665
52	1.2905	1.5162	0.1242	0.3751	0.1502	3.1164
53	1.2898	1.5160	0.1213	0.3598	0.1419	3.1560
54	1.2891	1.5159	0.1236	0.3508	0.1408	3.2659
55	1.2881	1.5158	0.1218	0.3342	0.1419	3.1634
56	1.2870	1.5158	0.1242	0.3203	0.1450	3.3906
57	1.2857	1.5159	0.1213	0.3001	0.1499	3.3109
58	1.2841	1.5162	0.1224	0.2812	0.1559	3.3848
59	1.2824	1.5164	0.1236	0.2591	0.1581	3.3409
60	1.2810	1.5166	0.1207	0.2538	0.1604	3.0265
61	1.2749	1.5211	0.1236	0.0422	0.3464	3.4035
62	1.2747	1.5212	0.1154	0.2384	0.1992	4.4239
63	1.2742	1.5214	0.1213	0.2289	0.2006	3.6490
64	1.2736	1.5218	0.1224	0.2180	0.2108	3.4877
65	1.2728	1.5222	0.1218	0.2044	0.2188	3.7148
66	1.2718	1.5227	0.1248	0.1868	0.2218	3.6344
67	1.2706	1.5231	0.1143	0.1719	0.2261	4.6381
68	1.2692	1.5239	0.1224	0.1512	0.2448	3.7614
69	1.2675	1.5247	0.1201	0.1275	0.2523	4.0235
70	1.2661	1.5254	0.1218	0.1209	0.2540	4.0206
71	1.2769	1.5210	0.1236	0.6451	0.0389	2.6815
72	1.2765	1.5211	0.1236	0.2560	0.1955	3.8183
73	1.2760	1.5212	0.1218	0.2454	0.1989	3.7767
74	1.2753	1.5213	0.1218	0.2354	0.2003	3.2392
75	1.2746	1.5216	0.1207	0.2250	0.2061	4.1741
76	1.2739	1.5217	0.1260	0.2222	0.2011	3.9277
77	1.2731	1.5216	0.1230	0.2114	0.1978	3.9674
78	1.2722	1.5215	0.1248	0.2019	0.1940	4.0874
79	1.2713	1.5215	0.1195	0.1911	0.1964	3.7722
80	1.2705	1.5216	0.1224	0.1881	0.2003	4.2667
81	1.2669	1.5200	0.1230	0.0609	0.1304	3.2990
82	1.2668	1.5198	0.1224	0.1769	0.1735	4.1019
83	1.2665	1.5195	0.1178	0.1693	0.1690	4.9975
84	1.2662	1.5194	0.1218	0.1669	0.1767	4.3099
85	1.2658	1.5196	0.1213	0.1614	0.1890	4.5371
86	1.2651	1.5195	0.1248	0.1442	0.1748	4.0902
87	1.2643	1.5194	0.1195	0.1310	0.1760	4.7660
88	1.2631	1.5194	0.1242	0.1107	0.1809	4.3568
89	1.2619	1.5196	0.1213	0.0974	0.1877	3.6530
90	1.2610	1.5198	0.1230	0.0979	0.1909	3.8712
91	1.2639	1.5264	0.1201	0.2594	0.4722	4.8460
92	1.2638	1.5269	0.1230	0.1528	0.2639	4.6502
93	1.2636	1.5276	0.1183	0.1493	0.2744	5.0762
94	1.2626	1.5280	0.1254	0.1103	0.2741	4.4432
95	1.2615	1.5287	0.1207	0.1000	0.2854	4.8740
96	1.2603	1.5291	0.1081	0.0848	0.2798	6.7081
97	1.2588	1.5295	0.1242	0.0598	0.2824	4.6962
98	1.2568	1.5296	0.1201	0.0240	0.2747	5.0546
99	1.2542	1.5300	0.1230	-0.0172	0.2903	3.9344
100	1.2521	1.5301	0.1132	-0.0227	0.2798	5.3204
101	1.2832	1.5165	0.1195	1.4101	-0.3236	5.2379
102	1.2836	1.5171	0.1230	0.3554	0.1845	5.0316
103	1.2838	1.5179	0.1224	0.3518	0.1958	5.2603
104	1.2841	1.5187	0.1242	0.3551	0.2002	4.8489
105	1.2843	1.5195	0.1149	0.3570	0.2120	6.0680
106	1.2850	1.5206	0.1224	0.3829	0.2302	5.2601
107	1.2856	1.5220	0.1236	0.3812	0.2517	5.0983
108	1.2854	1.5233	0.1224	0.3548	0.2627	5.2788
109	1.2852	1.5247	0.1213	0.3545	0.2774	5.3413
110	1.2873	1.5225	0.1218	0.4535	0.1292	4.4861
111	1.2842	1.5393	0.1207	0.2447	0.9503	5.4186
112	1.2840	1.5416	0.1236	0.3432	0.4566	4.4118
113	1.2843	1.5441	0.1224	0.3623	0.4916	5.3447
114	1.2829	1.5471	0.1224	0.2946	0.5322	5.6791
115	1.2806	1.5499	0.1143	0.2424	0.5514	6.3989
116	1.2789	1.5563	0.1248	0.2461	0.7338	5.2964
117	1.2767	1.5630	0.1213	0.2121	0.8056	5.5276
118	1.2748	1.5680	0.1236	0.2033	0.7932	5.4586
119	1.2705	1.5727	0.1213	0.0826	0.8193	6.0770
120	1.2677	1.5754	0.1224	0.1057	0.7794	6.0186
121	1.2886	1.5298	0.1224	1.1205	-1.3226	5.8214
122	1.2922	1.5312	0.1242	0.5523	0.3394	4.6056
123	1.2966	1.5339	0.1207	0.6246	0.4071	6.1725
124	1.3022	1.5373	0.1230	0.7178	0.4636	5.7513
125	1.3105	1.5397	0.1248	0.8894	0.4459	5.6939
126	1.3205	1.5396	0.1213	1.0386	0.3629	6.1000
127	1.3266	1.5410	0.1126	0.9617	0.4253	6.8270
128	1.3318	1.5409	0.1213	0.9843	0.3717	6.1201
129	1.3277	1.5407	0.1207	0.6207	0.3670	5.7636
130	1.3270	1.5407	0.1154	0.7349	0.3759	6.1345
131	1.2717	1.5285	0.1236	-1.6555	-0.1631	6.0657
132	1.2746	1.5290	0.1242	0.3779	0.2888	5.0484
133	1.2776	1.5287	0.1224	0.4116	0.2570	5.9926
134	1.2810	1.5286	0.1201	0.4531	0.2663	6.3719
135	1.2830	1.5285	0.1230	0.4286	0.2605	5.9417
136	1.2863	1.5281	0.1218	0.5007	0.2486	6.6525
137	1.2928	1.5281	0.1201	0.6742	0.2627	5.6282
138	1.3000	1.5315	0.1236	0.7619	0.4137	6.3414
139	1.3076	1.5356	0.1213	0.8496	0.4721	6.4874
140	1.3129	1.5380	0.1242	0.8191	0.4363	6.2734
141	1.2621	1.5132	0.1218	-1.5839	-0.7362	6.5973
142	1.2682	1.5132	0.1242	0.4381	0.1326	5.5980
143	1.2755	1.5237	0.1120	0.5445	0.5934	7.5621
144	1.2802	1.5380	0.1242	0.4969	0.8512	6.6107
145	1.2875	1.5503	0.1201	0.6562	0.8903	7.0263
146	1.2950	1.5634	0.1218	0.7345	1.0388	6.6698
147	1.3078	1.5818	0.1207	1.0335	1.3877	6.6752
148	1.3187	1.6049	0.1230	1.0705	1.7562	6.6662
149	1.3311	1.6265	0.1207	1.2367	1.8993	5.8398
150	1.3454	1.6430	0.1160	1.4383	1.8664	7.7561
151	1.2754	1.5146	0.1207	-2.0000	-2.0000	6.9356
152	1.2773	1.5097	0.1224	0.3834	-0.0693	7.0573
153	1.2761	1.5071	0.1224	0.2656	-0.0115	6.8606
154	1.2744	1.5035	0.1236	0.2308	-0.0778	6.9340
155	1.2595	1.4997	0.1183	-0.3596	-0.1185	7.3725
156	1.2442	1.4953	0.1230	-0.5129	-0.1818	6.7904
157	1.2288	1.4952	0.1218	-0.6612	-0.0275	6.9130
158	1.2199	1.4927	0.1201	-0.5188	-0.1369	7.3976
159	1.2202	1.4878	0.1230	-0.1980	-0.2639	7.2608
160	1.2222	1.4821	0.1218	-0.1230	-0.3441	6.3902
161	1.2848	1.5342	0.1201	2.0000	2.0000	7.3826
162	1.2854	1.5316	0.1230	0.4090	0.2091	7.1861
163	1.2788	1.5339	0.1213	0.1049	0.3990	7.4968
164	1.2699	1.5325	0.1236	-0.0560	0.2546	7.1346
165	1.2608	1.5215	0.1201	-0.1466	-0.1753	7.4244
166	1.2694	1.4972	0.1218	0.5423	-0.8592	7.6645
167	1.2779	1.4668	0.1201	0.6184	-1.3447	7.5047
168	1.2901	1.4378	0.1224	0.8586	-1.5486	7.6141
169	1.2929	1.4083	0.1230	0.5605	-1.8327	7.5235
170	1.2966	1.3833	0.1160	0.6249	-1.9000	8.5139
171	1.2600	1.5407	0.1201	-1.1002	2.0000	7.8311
172	1.2262	1.5699	0.1230	-1.3157	1.6601	6.7668
173	1.1801	1.6086	0.1207	-2.0000	2.0000	8.1361
174	1.1353	1.6313	0.1248	-2.0000	1.9802	7.6186
175	1.0849	1.6520	0.1254	-2.0000	2.0000	7.5262
176	1.0344	1.6792	0.1224	-2.0000	2.0000	7.8635
177	0.9758	1.7052	0.1224	-2.0000	2.0000	7.6689
178	0.9259	1.7272	0.1254	-2.0000	2.0000	7.6972
179	0.8528	1.7534	0.1224	-2.0000	2.0000	7.6811
180	0.7864	1.7807	0.1224	-2.0000	2.0000	8.0053
181	1.2706	1.5186	0.1236	2.0000	-2.0000	8.0219
182	1.2744	1.5099	0.1201	0.3933	-0.1948	7.4978
183	1.2802	1.5101	0.1224	0.5154	0.1174	8.0069
184	1.2882	1.5149	0.1195	0.6654	0.3233	8.6339
185	1.3168	1.5094	0.1218	1.6423	-0.0873	7.8646
186	1.3680	1.5303	0.1224	2.0000	1.0272	8.4797
187	1.4411	1.5703	0.1207	2.0000	2.0000	8.1429
188	1.5176	1.6253	0.1230	2.0000	2.0000	8.3094
189	1.6109	1.6823	0.1201	2.0000	2.0000	8.2912
190	1.6860	1.7293	0.1218	2.0000	2.0000	8.4625
191	1.2722	1.5012	0.1195	-2.0000	-2.0000	8.4906
192	1.2901	1.4824	0.1224	1.0498	-0.7911	8.5299
193	1.3157	1.4618	0.1224	1.5502	-1.0362	8.0429
194	1.3244	1.4362	0.1213	1.0496	-1.4400	8.5732
195	1.3384	1.4104	0.1224	1.3670	-1.6734	8.4709
196	1.3547	1.3944	0.1248	1.5907	-1.4788	8.4608
197	1.3658	1.3791	0.1248	1.5189	-1.5856	8.4407
198	1.3559	1.3742	0.1230	0.7042	-1.2683	8.7519
199	1.3394	1.3609	0.1218	0.3260	-1.6816	8.7556
200	1.3188	1.3360	0.1132	-0.0025	-2.0000	9.7695
201	1.2689	1.5202	0.1201	-1.4731	2.0000	8.9215
202	1.2652	1.5303	0.1236	0.0895	0.6475	7.6751
203	1.2576	1.5351	0.1195	-0.1198	0.5014	9.1906
204	1.2338	1.5377	0.1201	-0.8955	0.4488	9.1597
205	1.1804	1.5361	0.1224	-2.0000	0.2879	8.6257
206	1.1303	1.5290	0.1230	-2.0000	0.0328	9.3017
207	1.0782	1.5100	0.1236	-2.0000	-0.5563	7.7062
208	1.0360	1.4995	0.1242	-2.0000	-0.3474	9.0011
209	1.0112	1.4905	0.1218	-2.0000	-0.3761	8.2805
210	0.9872	1.4886	0.1166	-2.0000	-0.1453	10.1639
211	1.2904	1.5341	0.1213	2.0000	1.9148	9.4653
212	1.3102	1.5460	0.1242	1.2965	0.8514	9.0917
213	1.3582	1.5265	0.1166	2.0000	-0.4236	9.7514
214	1.4096	1.4923	0.1236	2.0000	-1.2439	9.3017
215	1.4671	1.4706	0.1143	2.0000	-0.9987	10.2813
216	1.5454	1.4619	0.1248	2.0000	-0.6204	9.3571
217	1.6164	1.4552	0.1218	2.0000	-0.6101	8.8173
218	1.7036	1.4603	0.1242	2.0000	-0.1526	9.2107
219	1.8019	1.4695	0.1218	2.0000	0.0709	9.7705
220	1.8875	1.4695	0.1242	2.0000	-0.2516	9.1634
221	1.2490	1.5472	0.1201	-2.0000	2.0000	9.9933
222	1.2547	1.5618	0.1201	0.3456	1.0835	9.6216
223	1.2662	1.5804	0.1213	0.6514	1.3900	9.5792
224	1.2627	1.6082	0.1230	0.0999	1.9566	9.8181
225	1.2834	1.6219	0.1224	1.1250	1.5894	9.7503
226	1.3277	1.6395	0.1260	2.0000	1.8803	9.1847
227	1.3855	1.6365	0.1207	2.0000	1.1351	9.8641
228	1.4697	1.6286	0.1207	2.0000	0.8908	10.3761
229	1.5725	1.6044	0.1201	2.0000	0.1080	9.9537
230	1.6411	1.5860	0.1137	2.0000	0.1463	10.9233
231	1.2751	1.5183	0.1195	-2.0000	-2.0000	10.0371
232	1.2948	1.5171	0.1242	1.2167	0.1368	9.8636
233	1.3375	1.5278	0.1201	2.0000	0.6459	10.3389
234	1.3730	1.5356	0.1224	2.0000	0.6160	10.2138
235	1.4198	1.5502	0.1149	2.0000	0.9843	10.9238
236	1.4877	1.5773	0.1248	2.0000	1.6652	9.0210
237	1.5437	1.6016	0.1242	2.0000	1.7802	10.0527
238	1.6183	1.6214	0.1248	2.0000	1.8002	10.1374
239	1.6654	1.6505	0.1230	2.0000	2.0000	10.2136
240	1.7137	1.6602	0.1236	2.0000	1.7956	10.4103
241	1.2780	1.5218	0.1218	-2.0000	-2.0000	10.3665
242	1.2519	1.5275	0.1224	-0.7248	0.4723	10.3348
243	1.2202	1.5607	0.1230	-1.2070	1.7342	10.3539
244	1.1574	1.6328	0.1254	-2.0000	2.0000	10.2251
245	1.0811	1.7264	0.1213	-2.0000	2.0000	10.2923
246	1.0009	1.8198	0.1254	-2.0000	2.0000	10.3620
247	0.9354	1.9082	0.1154	-2.0000	2.0000	11.1831
248	0.8953	2.0256	0.1242	-2.0000	2.0000	10.5843
249	0.8391	2.1606	0.1195	-2.0000	2.0000	10.2571
250	0.7937	2.2750	0.1236	-2.0000	2.0000	10.6083
251	1.1689	1.5163	0.1224	2.0000	-2.0000	10.6140
252	1.1734	1.5371	0.1242	-0.4252	1.0992	10.7346
253	1.1893	1.5671	0.1189	0.1136	1.6877	10.8221
254	1.2073	1.6118	0.1224	0.3519	2.0000	11.0260
255	1.2423	1.6661	0.1115	1.2594	2.0000	11.9725
256	1.2595	1.7194	0.1230	0.8013	2.0000	10.8016
257	1.2746	1.7603	0.1218	0.8721	2.0000	10.8062
258	1.3043	1.8202	0.1236	1.6457	2.0000	11.0451
259	1.3266	1.8763	0.1236	1.5995	2.0000	10.6710
260	1.3565	1.9009	0.1218	2.0000	2.0000	10.2736
261	1.4482	1.5975	0.1207	2.0000	-2.0000	11.1467
262	1.4566	1.5791	0.1224	2.0000	0.1081	11.1502
263	1.4966	1.5475	0.1236	2.0000	-0.6340	10.9878
264	1.5331	1.5117	0.1218	2.0000	-1.0951	10.4294
265	1.5836	1.4710	0.1224	2.0000	-1.6334	11.2672
266	1.6276	1.4105	0.1224	2.0000	-2.0000	11.4833
267	1.6323	1.3766	0.1224	2.0000	-2.0000	11.3446
268	1.6397	1.3470	0.1224	2.0000	-2.0000	11.6058
269	1.6649	1.2938	0.1201	2.0000	-2.0000	11.4547
270	1.6933	1.2549	0.1242	2.0000	-2.0000	11.2842
271	1.2361	1.5384	0.1236	-2.0000	2.0000	11.2764
272	1.2124	1.5447	0.1254	-0.9850	0.6660	11.2696
273	1.1740	1.5630	0.1236	-1.8463	1.2493	11.5819
274	1.1512	1.5886	0.1266	-1.5211	1.7294	11.2611
275	1.1397	1.6199	0.1260	-1.2402	2.0000	11.4304
276	1.1252	1.6553	0.1242	-1.4744	2.0000	11.5648
277	1.1171	1.7152	0.1236	-1.3331	2.0000	11.7346
278	1.1128	1.7890	0.1272	-1.2434	2.0000	11.4005
279	1.1039	1.8868	0.1242	-1.4889	2.0000	11.7978
280	1.1088	1.9787	0.1260	-0.9661	2.0000	11.5531
281	1.3127	1.4758	0.1266	2.0000	-2.0000	11.5786
282	1.3095	1.4468	0.1242	0.6002	-1.4367	11.7251
283	1.2884	1.4102	0.1230	-0.2068	-2.0000	12.0846
284	1.2723	1.3631	0.1266	-0.1870	-2.0000	11.5746
285	1.2725	1.3231	0.1236	0.3828	-2.0000	12.1498
286	1.2631	1.2875	0.1248	-0.0374	-2.0000	11.8661
287	1.2553	1.2333	0.1254	-0.0570	-2.0000	11.9510
288	1.2518	1.1703	0.1242	0.0625	-2.0000	12.0140
289	1.2470	1.0938	0.1248	-0.0264	-2.0000	12.0397
290	1.2350	1.0534	0.1272	-0.3879	-2.0000	12.0131
291	1.3388	1.5368	0.1260	2.0000	2.0000	12.2549
292	1.3096	1.5216	0.1166	-0.2938	-0.2938	13.1218
293	1.2920	1.4893	0.1224	-0.0484	-1.1799	12.2827
294	1.2770	1.4322	0.1254	-0.1008	-2.0000	12.3817
295	1.2707	1.3638	0.1236	0.1415	-2.0000	12.5147
296	1.2673	1.3268	0.1266	0.2134	-2.0000	12.1343
297	1.2473	1.3066	0.1224	-0.5439	-2.0000	12.4365
298	1.2218	1.2942	0.1254	-0.9723	-2.0000	12.4153
299	1.1916	1.2893	0.1236	-1.4074	-2.0000	12.1870
300	1.1631	1.2833	0.1224	-1.6165	-2.0000	12.4775
301	1.2586	1.5469	0.1218	2.0000	2.0000	12.8230
302	1.2513	1.5427	0.1149	-0.0719	0.2764	13.6987
303	1.2419	1.5373	0.1236	-0.2328	0.1844	12.3934
304	1.2351	1.5355	0.1266	-0.2023	0.2946	12.2503
305	1.2311	1.5416	0.1201	-0.1481	0.6277	13.0123
306	1.2263	1.5621	0.1236	-0.2157	1.3090	11.7014
307	1.2266	1.5711	0.1132	-0.0383	0.9933	13.8635
308	1.2468	1.6089	0.1224	0.8321	2.0000	12.8497
309	1.2596	1.6601	0.1248	0.6954	2.0000	12.6623
310	1.2646	1.6833	0.1224	0.4733	2.0000	13.3353
311	1.2713	1.5606	0.1230	0.5962	-2.0000	12.1323
312	1.2887	1.6025	0.1224	1.1201	2.0000	13.0570
313	1.3240	1.6697	0.1230	2.0000	2.0000	12.9659
314	1.3906	1.7729	0.1254	2.0000	2.0000	12.6595
315	1.4514	1.8684	0.1218	2.0000	2.0000	13.1259
316	1.5112	1.9759	0.1218	2.0000	2.0000	12.4698
317	1.5663	2.1033	0.1213	2.0000	2.0000	13.0431
318	1.6058	2.2200	0.1242	2.0000	2.0000	13.2574
319	1.6269	2.3104	0.1207	2.0000	2.0000	13.5949
320	1.6576	2.4153	0.1230	2.0000	2.0000	13.2253
321	1.3145	1.4607	0.1230	-2.0000	-2.0000	13.1470
322	1.3214	1.4730	0.1207	1.1003	0.2507	13.5870
323	1.3430	1.4910	0.1103	1.8064	0.6111	14.6898
324	1.3767	1.4844	0.1224	2.0000	-0.3054	13.4548
325	1.4065	1.4868	0.1195	2.0000	0.0263	12.9696
326	1.4456	1.4858	0.1126	2.0000	-0.0984	14.6483
327	1.4716	1.4780	0.1213	2.0000	-0.4085	13.7085
328	1.4923	1.4632	0.1213	2.0000	-0.7833	13.6309
329	1.5191	1.4651	0.1213	2.0000	-0.1800	13.5538
330	1.5429	1.4922	0.1207	2.0000	0.9408	13.5972
331	1.2424	1.5273	0.1207	-2.0000	1.5339	13.7462
332	1.2416	1.4909	0.1230	0.1247	-1.2934	13.7982
333	1.2535	1.4741	0.1183	0.6699	-0.7599	13.9322
334	1.2639	1.4318	0.1213	0.7169	-2.0000	13.7386
335	1.2843	1.4069	0.1213	1.2488	-1.6385	14.0132
336	1.3154	1.4183	0.1132	1.9039	-0.2674	14.7308
337	1.3652	1.4741	0.1213	2.0000	1.7803	14.0353
338	1.4301	1.5454	0.1201	2.0000	2.0000	13.9814
339	1.5005	1.6305	0.1201	2.0000	2.0000	14.2552
340	1.5565	1.7070	0.1149	2.0000	2.0000	14.9707
341	1.2920	1.5050	0.1213	-2.0000	-2.0000	14.1776
342	1.2883	1.5004	0.1195	0.4701	-0.0957	14.0784
343	1.2716	1.4858	0.1195	-0.1323	-0.5757	14.1769
344	1.2476	1.4595	0.1189	-0.6037	-1.2183	14.4618
345	1.2375	1.4692	0.1183	-0.2173	0.1293	13.5965
346	1.2191	1.5007	0.1213	-0.6747	1.1704	14.1442
347	1.2140	1.5614	0.1213	-0.2638	2.0000	14.4770
348	1.2295	1.6433	0.1213	0.5904	2.0000	14.6342
349	1.2528	1.7237	0.1224	1.0766	2.0000	14.4150
350	1.2671	1.7877	0.1213	0.8923	2.0000	14.7064
351	1.2690	1.5375	0.1213	0.4879	-2.0000	14.2187
352	1.2686	1.5600	0.1242	0.4028	1.3852	14.3714
353	1.2586	1.5782	0.1195	-0.0209	1.3991	14.7405
354	1.2560	1.5961	0.1218	0.2100	1.5462	14.7257
355	1.2460	1.6025	0.1242	-0.1363	1.2047	14.3635
356	1.2206	1.6064	0.1224	-0.8999	1.1477	15.0314
357	1.1868	1.6255	0.1230	-1.5056	1.8521	14.4670
358	1.1948	1.6671	0.1248	0.0134	2.0000	14.7645
359	1.2021	1.7312	0.1230	0.0522	2.0000	14.6028
360	1.1873	1.7689	0.1213	-0.8472	2.0000	14.8460
361	1.2383	1.5541	0.1195	1.8958	-2.0000	14.9144
362	1.2133	1.5316	0.1207	-0.9630	-0.4334	15.1664
363	1.1926	1.5110	0.1132	-1.0026	-0.5547	15.9895
364	1.1880	1.5036	0.1224	-0.4885	-0.1582	15.0935
365	1.1866	1.5062	0.1242	-0.3968	0.2194	14.6828
366	1.1990	1.5272	0.1224	0.1978	1.0471	15.2293
367	1.2022	1.5567	0.1236	-0.0922	1.6045	14.0796
368	1.1935	1.5742	0.1230	-0.5869	1.3435	15.0592
369	1.1787	1.5894	0.1224	-0.9308	1.4015	15.1692
370	1.1630	1.6048	0.1242	-1.1088	1.5429	15.0456
371	1.2502	1.5193	0.1213	2.0000	-2.0000	15.2627
372	1.2412	1.4988	0.1230	-0.1602	-0.6558	14.1126
373	1.2408	1.4543	0.1183	0.1355	-1.8928	15.9220
374	1.2366	1.3610	0.1218	-0.0390	-2.0000	15.1287
375	1.2326	1.2622	0.1236	-0.0661	-2.0000	15.0717
376	1.2294	1.1983	0.1218	-0.0662	-2.0000	15.3819
377	1.2221	1.1236	0.1149	-0.2775	-2.0000	16.3749
378	1.2279	1.0720	0.1224	0.2267	-2.0000	15.6851
379	1.2478	1.0325	0.1236	0.8972	-2.0000	15.2286
380	1.2543	0.9765	0.1207	0.4930	-2.0000	15.6215
381	1.2533	0.9308	0.1195	0.2258	-2.0000	15.8524
382	1.2674	0.8812	0.1218	0.8793	-2.0000	15.4936
383	1.2907	0.8369	0.1207	1.4113	-2.0000	15.8513
384	1.3238	0.7938	0.1260	2.0000	-2.0000	15.4869
385	1.3576	0.7465	0.1224	2.0000	-2.0000	15.7758
386	1.4024	0.7263	0.1242	2.0000	-2.0000	15.8380
387	1.4570	0.6753	0.1143	2.0000	-2.0000	16.7103
388	1.4984	0.6394	0.1242	2.0000	-2.0000	15.8570
389	1.5582	0.6365	0.1213	2.0000	-2.0000	16.1911
390	1.6283	0.6157	0.1236	2.0000	-2.0000	15.8278
391	1.2397	1.5420	0.1201	-2.0000	2.0000	16.1578
392	1.2451	1.5220	0.1137	0.3972	-0.4726	16.9007
393	1.2551	1.5116	0.1183	0.6463	-0.2270	15.5262
394	1.2878	1.5141	0.1236	1.7329	0.2410	15.9122
395	1.2928	1.4846	0.1201	0.8222	-1.1378	16.5533
396	1.3130	1.4526	0.1207	1.5352	-1.5083	16.1698
397	1.3589	1.4309	0.1201	2.0000	-1.3421	16.3972
398	1.3810	1.4513	0.1224	2.0000	0.3085	15.9785
399	1.3838	1.4539	0.1115	1.5915	-0.2891	17.4357
400	1.3650	1.4782	0.1218	0.6759	0.6878	16.4067
401	0.0138	0.0158	0.1207	-2.0000	-2.0000	16.1698
402	0.0446	0.0304	0.1189	-2.0000	-2.0000	16.9466
403	0.0294	0.0771	0.1195	-2.0000	-2.0000	15.7595
404	0.0000	0.1559	0.1166	-2.0000	-2.0000	17.4836
405	0.0000	0.2264	0.1218	-2.0000	-2.0000	16.5964
406	0.0000	0.2766	0.1260	-2.0000	-2.0000	16.4320
407	0.0000	0.3420	0.1213	-2.0000	-2.0000	16.6846
408	0.0000	0.4440	0.1248	-2.0000	-2.0000	15.6589
409	0.0000	0.5616	0.1218	-2.0000	-2.0000	16.6848
410	0.0000	0.6936	0.1236	-2.0000	-2.0000	16.7472
1	0.0000	0.0000	0.0000	0.0000	0.0000	0.0000
2	0.0000	0.0000	0.1242	0.0000	0.0000	0.0000
3	0.0000	0.0000	0.1230	0.0000	0.0000	0.0000
4	0.0000	0.0000	0.1230	0.0000	0.0000	0.0000
5	0.0000	0.0000	0.1242	0.0000	0.0000	0.0000
6	0.0000	0.0000	0.1254	0.0000	0.0000	0.0000
7	0.0000	0.0000	0.1248	0.0000	0.0000	0.0000
8	0.0000	0.0000	0.1254	0.0000	0.0000	0.0000
9	0.0000	0.0000	0.1224	0.0000	0.0000	0.0000
10	0.0000	0.0000	0.1242	0.0000	0.0000	0.0000
11	1.2318	1.5559	0.1242	2.0000	2.0000	1.3776
12	1.2312	1.5557	0.1224	-0.1925	0.4884	1.6297
13	1.2303	1.5553	0.1230	-0.2136	0.4793	1.5973
14	1.2290	1.5547	0.1224	-0.2410	0.4684	0.8949
15	1.2273	1.5540	0.1236	-0.2690	0.4572	1.6629
16	1.2256	1.5533	0.1242	-0.2829	0.4522	1.8595
17	1.2231	1.5524	0.1213	-0.3388	0.4334	2.0740
18	1.2201	1.5514	0.1248	-0.3787	0.4242	1.8046
19	1.2168	1.5502	0.1213	-0.4225	0.4073	2.0322
20	1.2140	1.5492	0.1236	-0.4343	0.4042	1.0821
21	1.2298	1.5189	0.1218	0.3552	-0.8899	2.2690
22	1.2292	1.5185	0.1248	-0.2164	0.1551	1.7733
23	1.2283	1.5181	0.1218	-0.2375	0.1466	2.2276
24	1.2273	1.5176	0.1143	-0.2484	0.1443	3.0459
25	1.2256	1.5169	0.1230	-0.2865	0.1284	2.1578
26	1.2241	1.5163	0.1254	-0.2986	0.1246	2.0214
27	1.2218	1.5153	0.1236	-0.3452	0.1067	1.9788
28	1.2192	1.5143	0.1242	-0.3807	0.0930	2.3016
29	1.2162	1.5131	0.1218	-0.4194	0.0796	2.5047
30	1.2137	1.5121	0.1230	-0.4312	0.0750	1.4611
31	1.2358	1.5610	0.1242	0.6262	2.0000	2.1721
32	1.2354	1.5608	0.1254	-0.1562	0.5379	2.0676
33	1.2349	1.5604	0.1230	-0.1684	0.5277	2.3921
34	1.2341	1.5598	0.1224	-0.1829	0.5147	2.7390
35	1.2329	1.5590	0.1230	-0.2057	0.5006	1.5419
36	1.2316	1.5581	0.1254	-0.2255	0.4899	2.3424
37	1.2303	1.5573	0.1218	-0.2355	0.4863	2.6231
38	1.2284	1.5562	0.1254	-0.2769	0.4664	2.2337
39	1.2261	1.5550	0.1236	-0.3099	0.4532	2.5460
40	1.2240	1.5540	0.1260	-0.3197	0.4516	2.2898
41	1.2349	1.5389	0.1248	0.2246	-0.1779	2.4046
42	1.2346	1.5386	0.1230	-0.1655	0.3385	2.8946
43	1.2339	1.5381	0.1218	-0.1832	0.3257	2.8379
44	1.2330	1.5372	0.1230	-0.2003	0.3081	2.9121
45	1.2318	1.5362	0.1218	-0.2189	0.2898	2.0474
46	1.2304	1.5349	0.1166	-0.2438	0.2710	3.6442
47	1.2286	1.5333	0.1213	-0.2711	0.2498	3.0658
48	1.2266	1.5316	0.1254	-0.2971	0.2266	2.7244
49	1.2244	1.5296	0.1213	-0.3269	0.2014	3.0839
50	1.2225	1.5279	0.1149	-0.3341	0.1927	4.1769
51	1.2358	1.5479	0.1242	0.3152	1.1333	2.9772
52	1.2352	1.5476	0.1230	-0.1716	0.4186	3.0397
53	1.2344	1.5470	0.1224	-0.1851	0.4063	3.2083
54	1.2334	1.5462	0.1230	-0.2051	0.3919	3.1165
55	1.2320	1.5453	0.1218	-0.2270	0.3756	2.4285
56	1.2305	1.5441	0.1224	-0.2501	0.3577	3.2068
57	1.2286	1.5426	0.1218	-0.2794	0.3370	3.4350
58	1.2262	1.5410	0.1160	-0.3155	0.3152	4.1128
59	1.2236	1.5392	0.1230	-0.3505	0.2929	3.4302
60	1.2212	1.5376	0.1254	-0.3637	0.2880	3.2945
61	1.2298	1.5549	0.1236	0.0920	1.1027	3.3102
62	1.2294	1.5548	0.1242	-0.2219	0.4909	3.4469
63	1.2287	1.5544	0.1213	-0.2406	0.4827	3.7216
64	1.2277	1.5540	0.1230	-0.2587	0.4760	2.5634
65	1.2264	1.5535	0.1218	-0.2806	0.4673	3.6114
66	1.2249	1.5528	0.1218	-0.3035	0.4552	2.8404
67	1.2230	1.5520	0.1236	-0.3309	0.4427	3.4770
68	1.2210	1.5510	0.1218	-0.3601	0.4296	3.7873
69	1.2186	1.5498	0.1242	-0.3928	0.4124	3.6010
70	1.2158	1.5485	0.1160	-0.4300	0.3958	4.8597
71	1.2307	1.5389	0.1224	0.3144	0.0204	3.8921
72	1.2301	1.5386	0.1248	-0.2257	0.3427	3.7048
73	1.2292	1.5381	0.1207	-0.2448	0.3340	4.2993
74	1.2280	1.5375	0.1242	-0.2666	0.3228	2.9803
75	1.2265	1.5367	0.1143	-0.2931	0.3086	4.9646
76	1.2246	1.5357	0.1218	-0.3244	0.2959	4.1581
77	1.2223	1.5346	0.1266	-0.3573	0.2820	3.7439
78	1.2196	1.5334	0.1224	-0.3983	0.2641	4.1643
79	1.2166	1.5319	0.1236	-0.4349	0.2450	4.0026
80	1.2139	1.5307	0.1236	-0.4507	0.2403	4.0929
81	1.2370	1.5465	0.1230	0.6509	0.9825	4.0772
82	1.2364	1.5456	0.1154	-0.1717	0.3847	5.1439
83	1.2349	1.5444	0.1236	-0.2190	0.3641	4.3211
84	1.2321	1.5429	0.1230	-0.2849	0.3420	4.2531
85	1.2291	1.5411	0.1224	-0.3264	0.3169	4.3627
86	1.2257	1.5395	0.1230	-0.3676	0.3057	3.4055
87	1.2221	1.5378	0.1218	-0.4069	0.2908	4.5135
88	1.2183	1.5365	0.1230	-0.4526	0.2927	4.5281
89	1.2143	1.5352	0.1154	-0.4972	0.2794	5.4171
90	1.2111	1.5342	0.1242	-0.4959	0.2822	4.5148
91	1.2402	1.5397	0.1218	0.8818	0.5625	4.8893
92	1.2389	1.5395	0.1230	-0.1762	0.3560	4.6072
93	1.2373	1.5392	0.1224	-0.2037	0.3538	3.8465
94	1.2352	1.5389	0.1132	-0.2373	0.3512	5.9886
95	1.2332	1.5390	0.1213	-0.2560	0.3627	4.8207
96	1.2312	1.5393	0.1260	-0.2714	0.3762	4.5258
97	1.2289	1.5396	0.1213	-0.3034	0.3765	4.8982
98	1.2263	1.5395	0.1248	-0.3401	0.3629	4.6872
99	1.2235	1.5394	0.1207	-0.3741	0.3626	4.9876
100	1.2209	1.5398	0.1254	-0.3875	0.3846	4.6859
101	1.2176	1.5497	0.1254	-0.4468	0.8030	4.7239
102	1.2168	1.5493	0.1230	-0.3652	0.4390	4.9886
103	1.2158	1.5498	0.1230	-0.3858	0.4767	5.0861
104	1.2145	1.5500	0.1242	-0.4030	0.4659	4.9750
105	1.2124	1.5494	0.1218	-0.4564	0.4366	4.2549
106	1.2092	1.5487	0.1254	-0.5190	0.4230	4.9705
107	1.2057	1.5477	0.1224	-0.5665	0.4072	5.2466
108	1.2017	1.5465	0.1260	-0.6218	0.3868	5.0340
109	1.1973	1.5463	0.1224	-0.6729	0.4238	5.2632
110	1.1947	1.5471	0.1236	-0.6397	0.4617	5.4569
111	1.2366	1.5369	0.1224	1.2824	-0.0087	5.2819
112	1.2357	1.5367	0.1248	-0.2016	0.3365	5.2124
113	1.2376	1.5366	0.1224	-0.0871	0.3402	4.4356
114	1.2385	1.5348	0.1236	-0.1134	0.2618	5.5444
115	1.2381	1.5336	0.1236	-0.1636	0.2747	4.4768
116	1.2359	1.5318	0.1224	-0.2478	0.2382	5.6453
117	1.2307	1.5298	0.1254	-0.3969	0.2154	5.2676
118	1.2207	1.5287	0.1230	-0.6558	0.2343	5.6515
119	1.2111	1.5258	0.1236	-0.7314	0.1433	5.5604
120	1.2053	1.5219	0.1230	-0.6554	0.0794	5.8400
121	1.2399	1.5406	0.1137	1.0585	1.0345	6.6984
122	1.2422	1.5398	0.1236	-0.0358	0.3433	5.7890
123	1.2445	1.5362	0.1224	-0.0150	0.2168	5.9694
124	1.2469	1.5314	0.1242	0.0118	0.1289	5.6755
125	1.2502	1.5267	0.1248	0.0744	0.0935	4.8858
126	1.2527	1.5232	0.1149	0.0688	0.1016	6.9334
127	1.2543	1.5181	0.1242	0.0494	0.0016	4.9710
128	1.2556	1.5119	0.1260	0.0545	-0.0940	5.9066
129	1.2561	1.5068	0.1236	0.0288	-0.0991	5.9334
130	1.2560	1.5029	0.1260	0.0127	-0.0916	5.8552
131	1.2433	1.5459	0.1230	-0.5454	1.9338	6.0739
132	1.2476	1.5471	0.1248	0.0831	0.4823	5.8979
133	1.2525	1.5460	0.1224	0.1504	0.3898	6.1037
134	1.2560	1.5464	0.1224	0.1323	0.4453	6.4985
135	1.2604	1.5446	0.1242	0.2068	0.3564	6.0857
136	1.2665	1.5449	0.1254	0.3174	0.4309	6.3387
137	1.2720	1.5466	0.1224	0.3509	0.4944	6.2580
138	1.2799	1.5447	0.1254	0.5086	0.3494	6.2355
139	1.2877	1.5381	0.1218	0.5734	0.1310	6.3479
140	1.2939	1.5311	0.1149	0.5768	0.0541	7.4512
141	1.2348	1.5207	0.1230	-2.0000	-0.1621	6.3283
142	1.2354	1.5147	0.1230	-0.1535	-0.0570	6.4852
143	1.2347	1.5059	0.1242	-0.2045	-0.2354	6.3223
144	1.2354	1.4962	0.1218	-0.1520	-0.3500	6.7042
145	1.2380	1.4904	0.1242	-0.0603	-0.2666	6.4587
146	1.2463	1.4788	0.1230	0.2101	-0.5777	6.7588
147	1.2437	1.4713	0.1236	-0.1891	-0.4971	6.6074
148	1.2368	1.4623	0.1230	-0.4026	-0.6291	6.7165
149	1.2254	1.4517	0.1230	-0.6603	-0.7799	6.6961
150	1.2147	1.4452	0.1248	-0.7372	-0.6963	6.6902
151	1.2324	1.5350	0.1218	0.4046	2.0000	6.9008
152	1.2317	1.5428	0.1230	-0.2338	0.6743	6.8564
153	1.2316	1.5621	0.1143	-0.2168	1.2482	7.8834
154	1.2332	1.5776	0.1081	-0.1442	1.2553	9.0237
155	1.2357	1.5879	0.1242	-0.0878	1.1655	6.7147
156	1.2325	1.5954	0.1260	-0.3150	1.1309	6.9528
157	1.2283	1.5974	0.1224	-0.3910	0.9607	7.1220
158	1.2218	1.6018	0.1154	-0.5267	1.0813	8.1179
159	1.2110	1.6012	0.1218	-0.7770	0.9019	7.2116
160	1.1982	1.5951	0.1236	-0.9661	0.6556	7.2665
161	1.2230	1.5658	0.1224	0.5622	-0.4139	7.3205
162	1.2180	1.5733	0.1236	-0.5162	0.9371	6.4021
163	1.2173	1.5751	0.1230	-0.3728	0.7550	7.0929
164	1.2102	1.5821	0.1242	-0.6582	1.0009	7.2844
165	1.1987	1.5847	0.1230	-0.9186	0.8688	7.3464
166	1.1735	1.5883	0.1248	-1.6231	0.9402	7.2890
167	1.1511	1.5868	0.1242	-1.7357	0.7443	6.5807
168	1.1223	1.5853	0.1224	-2.0000	0.7323	7.4741
169	1.0900	1.5928	0.1236	-2.0000	1.1137	7.4296
170	1.0756	1.5940	0.1230	-2.0000	0.9050	6.7098
171	1.2244	1.5583	0.1218	2.0000	-0.7034	7.6381
172	1.2149	1.5536	0.1236	-0.7139	0.3423	7.4047
173	1.2215	1.5459	0.1218	-0.0932	0.1641	7.7756
174	1.2294	1.5400	0.1230	0.0226	0.1753	7.6130
175	1.2337	1.5266	0.1218	-0.0629	-0.2050	7.7939
176	1.2452	1.5266	0.1224	0.2915	0.2682	7.8213
177	1.2515	1.5302	0.1218	0.1672	0.4221	7.6957
178	1.2546	1.5322	0.1236	0.0869	0.3852	7.9346
179	1.2742	1.5473	0.1213	0.8393	0.9780	8.0198
180	1.2949	1.5647	0.1242	1.0644	1.2117	7.8732
181	1.2411	1.5325	0.1218	-1.9988	-0.8071	7.9592
182	1.2127	1.5148	0.1242	-1.3813	-0.4621	7.8917
183	1.1921	1.4969	0.1207	-1.3048	-0.6224	8.3558
184	1.2032	1.4912	0.1242	-0.1138	-0.2501	7.7919
185	1.2404	1.4811	0.1230	1.1324	-0.4953	8.0320
186	1.3079	1.4668	0.1224	2.0000	-0.7686	8.0833
187	1.3796	1.4633	0.1143	2.0000	-0.4174	9.1491
188	1.5044	1.4641	0.1254	2.0000	-0.2640	8.0947
189	1.6490	1.4729	0.1218	2.0000	0.0943	8.1474
190	1.7817	1.4861	0.1143	2.0000	0.3667	9.3188
191	1.2241	1.5662	0.1230	-2.0000	2.0000	8.4302
192	1.2201	1.5802	0.1266	-0.4554	1.2309	7.8615
193	1.2176	1.5736	0.1224	-0.4276	0.4548	8.4598
194	1.2122	1.5662	0.1230	-0.5755	0.3594	8.7843
195	1.2238	1.5805	0.1143	0.1148	1.2457	9.4540
196	1.2152	1.5831	0.1242	-0.6621	0.8590	8.6014
197	1.1887	1.5664	0.1218	-1.5240	0.0363	8.3938
198	1.1814	1.5545	0.1242	-0.9283	0.1005	8.6125
199	1.1555	1.5564	0.1224	-1.8122	0.5979	8.8049
200	1.1494	1.5757	0.1230	-1.1848	1.3783	8.6461
201	1.2495	1.5213	0.1224	2.0000	-1.6803	8.8158
202	1.2602	1.4752	0.1248	0.4128	-1.8064	8.3920
203	1.2868	1.4404	0.1213	1.2078	-1.7180	8.7982
204	1.3266	1.3818	0.1242	2.0000	-2.0000	7.8449
205	1.3756	1.3122	0.1254	2.0000	-2.0000	8.5555
206	1.4385	1.2483	0.1230	2.0000	-2.0000	8.9419
207	1.5205	1.1793	0.1218	2.0000	-2.0000	9.0632
208	1.6119	1.1063	0.1230	2.0000	-2.0000	8.9008
209	1.6951	0.9950	0.1242	2.0000	-2.0000	8.0419
210	1.7603	0.8931	0.1242	2.0000	-2.0000	9.0063
211	1.2615	1.5510	0.1242	-2.0000	2.0000	8.9192
212	1.3087	1.5556	0.1143	2.0000	0.6769	10.2663
213	1.3343	1.5751	0.1230	1.6430	1.3713	9.0218
214	1.3568	1.5714	0.1242	1.7465	0.5276	9.1544
215	1.3621	1.5723	0.1224	1.2036	0.6978	9.1699
216	1.3845	1.5483	0.1236	2.0000	-0.3881	9.1852
217	1.4095	1.5239	0.1115	2.0000	-0.6184	10.6834
218	1.4477	1.4878	0.1230	2.0000	-1.3482	9.2177
219	1.4826	1.4352	0.1248	2.0000	-2.0000	9.1613
220	1.5118	1.3993	0.1248	2.0000	-2.0000	9.1918
221	1.2475	1.5312	0.1236	-2.0000	2.0000	9.4326
222	1.2574	1.5132	0.1172	0.4139	-0.4898	10.4234
223	1.2613	1.4911	0.1230	0.2449	-0.8317	9.4054
224	1.2791	1.4676	0.1254	0.8879	-1.0889	9.2768
225	1.3135	1.4235	0.1207	1.7784	-2.0000	9.6489
226	1.3585	1.3973	0.1236	2.0000	-1.8106	9.6282
227	1.3741	1.3819	0.1126	1.6899	-1.5663	10.6962
228	1.3805	1.3674	0.1242	1.4362	-1.6671	9.6372
229	1.3713	1.3729	0.1126	0.8113	-0.9223	10.8339
230	1.3426	1.3823	0.1254	-0.1219	-0.6980	9.6235
231	1.2530	1.5202	0.1218	-2.0000	2.0000	9.3864
232	1.2678	1.5180	0.1236	0.6891	0.0994	9.7376
233	1.2719	1.5275	0.1236	0.3614	0.5982	9.8953
234	1.2845	1.5427	0.1236	0.7659	0.9330	9.7566
235	1.2995	1.5545	0.1218	0.9902	0.9142	10.1186
236	1.3286	1.5657	0.1254	1.7483	0.9982	9.9074
237	1.3673	1.5833	0.1207	2.0000	1.3790	10.1012
238	1.4121	1.5878	0.1260	2.0000	0.9575	8.9781
239	1.4578	1.5716	0.1207	2.0000	0.0921	10.2966
240	1.5158	1.5491	0.1224	2.0000	-0.3285	10.4194
241	1.2329	1.5445	0.1230	-2.0000	0.2581	10.0243
242	1.2203	1.5377	0.1236	-0.6760	0.1190	9.4120
243	1.1886	1.5024	0.1236	-1.6278	-1.1921	9.3371
244	1.1664	1.4751	0.1137	-1.5072	-1.1572	11.3169
245	1.1397	1.4611	0.1218	-1.9097	-0.8139	10.4421
246	1.1219	1.4421	0.1218	-1.7693	-1.1599	10.4217
247	1.1136	1.4010	0.1224	-1.5198	-2.0000	10.4489
248	1.0886	1.3666	0.1236	-2.0000	-2.0000	10.5236
249	1.0612	1.3245	0.1218	-2.0000	-2.0000	10.6576
250	1.0415	1.2919	0.1254	-2.0000	-2.0000	10.4386
251	1.2380	1.5234	0.1160	2.0000	2.0000	11.5955
252	1.2547	1.5202	0.1218	0.6325	0.0860	10.9363
253	1.2684	1.5316	0.1224	0.6564	0.6994	10.5504
254	1.2742	1.5292	0.1242	0.4373	0.1945	10.7304
255	1.3046	1.5262	0.1201	1.5653	0.1453	10.6764
256	1.3440	1.5292	0.1160	2.0000	0.3871	11.6133
257	1.3946	1.5231	0.1213	2.0000	0.0085	10.9075
258	1.4278	1.5320	0.1236	2.0000	0.6187	10.8406
259	1.4425	1.5442	0.1207	2.0000	0.8368	11.0562
260	1.4521	1.5628	0.1254	2.0000	1.2307	10.6367
261	1.2084	1.5408	0.1230	-2.0000	-0.3878	10.9019
262	1.1875	1.5199	0.1236	-1.2681	-0.5322	10.9278
263	1.1623	1.5008	0.1236	-1.6547	-0.6426	10.9675
264	1.1185	1.4847	0.1137	-2.0000	-0.6788	12.4299
265	1.0683	1.4853	0.1230	-2.0000	-0.0900	10.0768
266	1.0049	1.5031	0.1272	-2.0000	0.6687	10.8928
267	0.9109	1.5100	0.1218	-2.0000	0.3541	11.2188
268	0.8186	1.5153	0.1248	-2.0000	0.3394	10.3208
269	0.7425	1.5265	0.1224	-2.0000	0.6482	11.2268
270	0.6762	1.5552	0.1248	-2.0000	1.5150	11.2685
271	1.2357	1.5740	0.1224	2.0000	1.3385	11.4060
272	1.2347	1.6166	0.1236	-0.1897	2.0000	11.4808
273	1.2444	1.6502	0.1218	0.2698	2.0000	11.4371
274	1.2242	1.7023	0.1230	-0.9500	2.0000	11.6302
275	1.2026	1.7692	0.1224	-1.1953	2.0000	11.3849
276	1.2095	1.8284	0.1236	-0.1511	2.0000	11.6369
277	1.2299	1.8990	0.1218	0.5017	2.0000	11.4754
278	1.2520	1.9420	0.1218	0.7640	2.0000	11.8085
279	1.2692	1.9684	0.1242	0.7515	2.0000	11.5628
280	1.3026	1.9816	0.1242	1.6227	2.0000	11.6525
281	1.2296	1.5272	0.1149	-2.0000	-2.0000	12.5753
282	1.2354	1.5086	0.1213	0.0488	-0.5434	11.9670
283	1.2429	1.4912	0.1230	0.1796	-0.6518	11.6756
284	1.2373	1.4887	0.1242	-0.3266	-0.1561	11.6894
285	1.2190	1.5025	0.1236	-0.9320	0.5351	11.7404
286	1.1992	1.4959	0.1236	-1.1710	-0.2332	12.0750
287	1.1916	1.4769	0.1236	-0.8186	-0.8399	11.9357
288	1.1851	1.4442	0.1254	-0.8409	-1.6099	11.9972
289	1.1685	1.3944	0.1218	-1.3421	-2.0000	12.1063
290	1.1661	1.3357	0.1230	-0.8789	-2.0000	12.1727
291	1.2564	1.5081	0.1126	2.0000	2.0000	13.1682
292	1.3298	1.4519	0.1230	2.0000	-2.0000	12.1931
293	1.4506	1.3510	0.1224	2.0000	-2.0000	12.3027
294	1.5821	1.2231	0.1248	2.0000	-2.0000	12.2941
295	1.7355	1.1045	0.1242	2.0000	-2.0000	11.1791
296	1.8981	0.9895	0.1236	2.0000	-2.0000	12.3964
297	2.0515	0.8847	0.1218	2.0000	-2.0000	12.7071
298	2.1929	0.7840	0.1254	2.0000	-2.0000	12.1390
299	2.3408	0.6720	0.1218	2.0000	-2.0000	12.7244
300	2.4552	0.5939	0.1242	2.0000	-2.0000	12.2934
301	1.2290	1.5786	0.1236	-2.0000	2.0000	12.4556
302	1.1914	1.6048	0.1236	-1.7668	1.8621	12.3759
303	1.1412	1.6531	0.1201	-2.0000	2.0000	12.7224
304	1.1030	1.7190	0.1254	-2.0000	2.0000	12.2988
305	1.0793	1.7602	0.1224	-2.0000	2.0000	12.8124
306	1.0250	1.8199	0.1248	-2.0000	2.0000	12.2124
307	0.9651	1.8848	0.1236	-2.0000	2.0000	11.8728
308	0.9185	1.9612	0.1224	-2.0000	2.0000	12.7510
309	0.8880	2.0558	0.1224	-2.0000	2.0000	12.9087
310	0.8602	2.1374	0.1137	-2.0000	2.0000	13.9242
311	1.2255	1.5645	0.1207	2.0000	-2.0000	13.0141
312	1.2094	1.5720	0.1224	-0.8916	0.9297	12.7243
313	1.1857	1.6017	0.1213	-1.3777	1.9727	12.9645
314	1.1511	1.6059	0.1248	-2.0000	1.1175	12.8121
315	1.1032	1.5957	0.1213	-2.0000	0.5189	13.0995
316	1.0720	1.6003	0.1248	-2.0000	1.0821	12.8885
317	1.0404	1.6037	0.1242	-2.0000	1.0699	11.9543
318	1.0296	1.6359	0.1236	-2.0000	2.0000	13.1087
319	1.0386	1.7093	0.1218	-1.6177	2.0000	13.2419
320	1.0374	1.7620	0.1224	-1.9835	2.0000	12.3827
321	1.2329	1.5282	0.1213	2.0000	-2.0000	13.6125
322	1.2066	1.5089	0.1254	-1.2948	-0.5656	12.8587
323	1.1610	1.4613	0.1242	-2.0000	-1.9799	13.1592
324	1.1009	1.4222	0.1230	-2.0000	-2.0000	13.4587
325	1.0191	1.3795	0.1154	-2.0000	-2.0000	14.2297
326	0.9313	1.3387	0.1236	-2.0000	-2.0000	13.4666
327	0.8337	1.2909	0.1236	-2.0000	-2.0000	13.3281
328	0.7353	1.2414	0.1224	-2.0000	-2.0000	13.8051
329	0.6311	1.2016	0.1230	-2.0000	-2.0000	13.5941
330	0.5476	1.1601	0.1218	-2.0000	-2.0000	13.9457
331	1.2553	1.5438	0.1230	2.0000	2.0000	13.7245
332	1.2790	1.5247	0.1236	1.0498	-0.4210	13.6914
333	1.2962	1.5092	0.1230	0.9864	-0.4346	13.6234
334	1.3100	1.4884	0.1236	0.9950	-0.8068	13.0666
335	1.3265	1.4832	0.1224	1.2395	-0.3079	13.6564
336	1.3376	1.4970	0.1254	1.1584	0.4803	13.8719
337	1.3455	1.5088	0.1218	1.1221	0.5157	13.7448
338	1.3567	1.5526	0.1236	1.3402	2.0000	13.9839
339	1.3788	1.6155	0.1218	1.9246	2.0000	13.8229
340	1.4101	1.6607	0.1218	2.0000	2.0000	12.5444
341	1.2186	1.5719	0.1224	-2.0000	-2.0000	13.9999
342	1.1963	1.5919	0.1230	-1.2856	1.5467	14.1453
343	1.1900	1.6097	0.1230	-0.7955	1.6265	14.1771
344	1.1873	1.6433	0.1149	-0.6965	2.0000	14.9575
345	1.1780	1.6875	0.1218	-1.0097	2.0000	14.2215
346	1.1696	1.7106	0.1260	-1.0560	2.0000	13.8794
347	1.1662	1.7187	0.1207	-0.9186	2.0000	14.3227
348	1.1662	1.7136	0.1242	-0.8022	1.7523	14.2907
349	1.1703	1.7054	0.1132	-0.6267	1.5749	15.3003
350	1.1540	1.7112	0.1207	-1.4771	2.0000	14.5491
351	0.9420	1.5537	0.1224	-2.0000	-2.0000	14.3098
352	0.9432	1.5795	0.1236	-2.0000	1.6461	14.3243
353	0.9281	1.6058	0.1213	-2.0000	1.8930	14.7651
354	0.9020	1.6264	0.1160	-2.0000	1.8804	15.1963
355	0.8532	1.6616	0.1218	-2.0000	2.0000	14.5967
356	0.7995	1.7078	0.1213	-2.0000	2.0000	14.4712
357	0.7729	1.7688	0.1207	-2.0000	2.0000	14.5811
358	0.7431	1.8424	0.1201	-2.0000	2.0000	14.0002
359	0.7351	1.9016	0.1218	-2.0000	2.0000	14.7555
360	0.7467	1.9638	0.1230	-2.0000	2.0000	14.8816
361	1.2669	1.5140	0.1201	2.0000	-2.0000	14.9186
362	1.3173	1.4642	0.1218	2.0000	-2.0000	14.8053
363	1.3748	1.4106	0.1189	2.0000	-2.0000	15.1963
364	1.4268	1.3664	0.1160	2.0000	-2.0000	15.7605
365	1.4525	1.3249	0.1218	2.0000	-2.0000	14.9247
366	1.4828	1.2918	0.1218	2.0000	-2.0000	15.0154
367	1.5090	1.2517	0.1224	2.0000	-2.0000	14.9842
368	1.5430	1.2135	0.1248	2.0000	-2.0000	14.7961
369	1.5707	1.1883	0.1236	2.0000	-2.0000	15.0370
370	1.6006	1.1642	0.1266	2.0000	-2.0000	14.8284
371	1.2387	1.5710	0.1242	-2.0000	2.0000	15.0941
372	1.2722	1.5705	0.1218	1.2938	0.6473	15.2401
373	1.3332	1.5843	0.1213	2.0000	1.2692	14.3677
374	1.4150	1.5904	0.1218	2.0000	1.0510	15.1427
375	1.5072	1.5834	0.1213	2.0000	0.5340	14.5037
376	1.6179	1.5717	0.1218	2.0000	0.2669	15.2805
377	1.7366	1.5783	0.1230	2.0000	0.9639	14.4268
378	1.8655	1.5879	0.1254	2.0000	1.1542	15.1672
379	1.9985	1.5941	0.1230	2.0000	1.0914	15.4918
380	2.1091	1.5933	0.1248	2.0000	0.8414	15.1899
381	1.2570	1.5609	0.1207	-2.0000	-0.5529	15.6009
382	1.2644	1.5474	0.1230	0.3801	-0.0107	15.8311
383	1.2662	1.5275	0.1143	0.2024	-0.4137	16.6188
384	1.2572	1.5213	0.1242	-0.2540	0.0100	15.4695
385	1.2487	1.4964	0.1224	-0.3129	-0.8631	15.4876
386	1.2706	1.4747	0.1207	0.9362	-0.9485	15.8556
387	1.3254	1.4629	0.1224	2.0000	-0.7033	15.8012
388	1.3793	1.4252	0.1149	2.0000	-1.9497	17.0451
389	1.4266	1.3774	0.1236	2.0000	-2.0000	15.6193
390	1.4822	1.3215	0.1248	2.0000	-2.0000	15.8626
391	1.2395	1.5457	0.1224	-2.0000	2.0000	15.8888
392	1.2304	1.5533	0.1236	-0.4938	0.7769	15.7774
393	1.2375	1.5424	0.1213	0.1289	0.0330	16.0411
394	1.2421	1.5465	0.1254	0.0897	0.5950	14.7717
395	1.2694	1.5494	0.1218	1.1189	0.5791	16.0498
396	1.2713	1.5863	0.1230	0.2642	2.0000	16.2428
397	1.2815	1.5972	0.1224	0.6409	1.2853	15.9395
398	1.3098	1.5661	0.1213	1.5301	-0.4612	16.2368
399	1.3351	1.5108	0.1213	1.6583	-1.8007	15.7516
400	1.3988	1.4857	0.1201	2.0000	-0.9693	16.8718
401	1.2350	1.6470	0.1230	-2.0000	2.0000	16.2011
402	1.1864	1.6807	0.1218	-2.0000	2.0000	15.5696
403	1.1141	1.7255	0.1207	-2.0000	2.0000	16.3279
404	0.9969	1.7720	0.1213	-2.0000	2.0000	16.7685
405	0.8462	1.8646	0.1213	-2.0000	2.0000	16.2776
406	0.7304	1.9546	0.1242	-2.0000	2.0000	16.2471
407	0.5763	2.0787	0.1103	-2.0000	2.0000	18.0720
408	0.4546	2.1958	0.1230	-2.0000	2.0000	16.8287
409	0.3668	2.3328	0.1213	-2.0000	2.0000	16.4897
410	0.3308	2.4432	0.1213	-2.0000	2.0000	16.5211
411	1.2750	1.5621	0.1195	2.0000	-2.0000	17.0067
412	1.3169	1.5828	0.1242	1.9920	1.5190	16.5396
413	1.3646	1.5888	0.1201	2.0000	1.0579	16.5489
414	1.3747	1.6345	0.1218	1.4299	2.0000	15.8636
415	1.3630	1.7213	0.1183	0.5753	2.0000	17.2492
416	1.3379	1.8422	0.1236	-0.1173	2.0000	16.8316
417	1.2770	1.9638	0.1137	-1.9129	2.0000	17.8801
418	1.1812	2.1263	0.1195	-2.0000	2.0000	17.1116
419	1.1078	2.2743	0.1230	-2.0000	2.0000	16.7288
420	1.0543	2.3947	0.1224	-2.0000	2.0000	17.0666
421	1.1665	1.3440	0.1236	2.0000	-2.0000	16.8376
422	1.2024	1.3658	0.1236	0.7313	-0.3614	16.8766
423	1.2874	1.4095	0.1189	2.0000	0.7952	17.7166
424	1.4224	1.4201	0.1154	2.0000	-0.2677	17.9939
425	1.6021	1.3964	0.1201	2.0000	-1.6808	17.5958
426	1.8246	1.3347	0.1236	2.0000	-2.0000	16.9744
427	2.0793	1.2447	0.1230	2.0000	-2.0000	17.1433
428	2.3079	1.1904	0.1224	2.0000	-2.0000	17.3114
429	2.4866	1.1453	0.1230	2.0000	-2.0000	17.3391
430	2.6056	1.1190	0.1218	2.0000	-2.0000	17.5113
431	1.2710	1.5248	0.1195	-2.0000	2.0000	17.5384
432	1.2935	1.5118	0.1207	1.2001	-0.2850	17.4953
433	1.3030	1.5384	0.1195	0.8401	1.3355	15.8188
434	1.3340	1.5509	0.1120	1.8662	0.9574	18.4964
435	1.4057	1.5895	0.1195	2.0000	2.0000	17.9336
436	1.5233	1.6020	0.1242	2.0000	1.4131	17.4067
437	1.6007	1.6345	0.1201	2.0000	2.0000	18.0515
438	1.6765	1.6690	0.1213	2.0000	2.0000	18.0097
439	1.7542	1.7101	0.1189	2.0000	2.0000	17.8017
440	1.8247	1.7484	0.1242	2.0000	2.0000	17.9060
441	1.2197	1.5250	0.1242	-2.0000	-2.0000	17.6469
442	1.2021	1.4850	0.1230	-0.9857	-1.4649	17.8291
443	1.1872	1.4028	0.1218	-1.0345	-2.0000	17.5423
444	1.1899	1.3215	0.1218	-0.3999	-2.0000	18.0422
445	1.2326	1.2086	0.1230	1.3709	-2.0000	17.6461
446	1.2984	1.0854	0.1242	2.0000	-2.0000	17.8955
447	1.3513	0.9394	0.1218	2.0000	-2.0000	17.9837
448	1.3814	0.7889	0.1224	2.0000	-2.0000	18.2477
449	1.4258	0.6699	0.1201	2.0000	-2.0000	18.2147
450	1.4780	0.5907	0.1236	2.0000	-2.0000	17.1292
451	1.6670	1.5977	0.1218	2.0000	2.0000	18.1916
452	1.6439	1.6208	0.1201	2.0000	1.9389	18.5009
453	1.5789	1.6860	0.1032	0.8682	2.0000	20.0476
454	1.5324	1.7291	0.1248	1.0853	2.0000	18.0745
455	1.5070	1.7860	0.1224	1.5829	2.0000	18.0468
456	1.4872	1.8457	0.1236	1.5985	2.0000	18.2963
457	1.4797	1.8954	0.1207	1.9612	2.0000	17.7613
458	1.4825	1.9308	0.1224	2.0000	2.0000	18.5177
459	1.5002	1.9335	0.1183	2.0000	2.0000	18.5807
460	1.5284	1.9320	0.1218	2.0000	2.0000	18.5341
461	1.2415	1.5573	0.1201	-2.0000	-2.0000	18.6598
462	1.2506	1.5584	0.1218	0.4340	0.6245	18.4293
463	1.2679	1.5638	0.1183	0.8778	0.8187	18.7159
464	1.2992	1.5551	0.1248	1.6497	0.2517	17.6334
465	1.3403	1.5324	0.1178	2.0000	-0.4400	19.0994
466	1.3960	1.5117	0.1213	2.0000	-0.5540	18.8956
467	1.4383	1.4921	0.1126	2.0000	-0.6928	19.5648
468	1.4471	1.4705	0.1207	2.0000	-0.9499	18.9884
469	1.4679	1.4630	0.1189	2.0000	-0.5270	18.2599
470	1.4798	1.4602	0.1195	2.0000	-0.3875	18.9103
471	1.1130	1.6084	0.1183	-2.0000	2.0000	18.9666
472	1.1070	1.6186	0.1201	-1.3936	1.4782	19.0305
473	1.1107	1.6130	0.1195	-1.0270	0.8764	18.2804
474	1.1137	1.6242	0.1207	-1.0277	1.5650	18.8652
475	1.1208	1.6424	0.1207	-0.8198	1.9708	19.0797
476	1.1443	1.6786	0.1201	-0.0387	2.0000	19.1324
477	1.1917	1.7047	0.1201	1.2174	2.0000	19.2310
478	1.2434	1.7369	0.1201	1.8445	2.0000	19.1544
479	1.2902	1.7476	0.1189	2.0000	2.0000	19.3359
480	1.3301	1.7293	0.1201	2.0000	1.4707	19.1119
481	1.2327	1.5900	0.1183	-2.0000	-2.0000	19.4201
482	1.2472	1.5846	0.1242	0.5961	0.6376	19.3414
483	1.2659	1.6052	0.1183	0.9147	1.7316	19.6153
484	1.3094	1.6182	0.1132	2.0000	1.5794	20.3924
485	1.3525	1.6538	0.1183	2.0000	2.0000	19.9298
486	1.4299	1.6780	0.1236	2.0000	2.0000	19.3352
487	1.4827	1.7134	0.1224	2.0000	2.0000	19.1663
488	1.5357	1.7457	0.1230	2.0000	2.0000	19.4275
489	1.5989	1.7759	0.1201	2.0000	2.0000	19.7613
490	1.6345	1.8117	0.1230	2.0000	2.0000	19.6078
491	1.2530	1.5684	0.1224	-2.0000	-2.0000	19.7695
492	1.2809	1.5493	0.1213	1.3946	-0.1491	19.6565
493	1.2797	1.5520	0.1218	0.3780	0.6358	19.6251
494	1.2825	1.5423	0.1201	0.5472	0.1157	20.0508
495	1.2743	1.5185	0.1218	0.0899	-0.5853	19.1830
496	1.2768	1.4688	0.1109	0.4834	-1.9379	20.9394
497	1.2825	1.3981	0.1195	0.6436	-2.0000	19.8911
498	1.2811	1.3384	0.1201	0.3870	-2.0000	20.1525
499	1.2907	1.2865	0.1195	0.8573	-2.0000	20.0874
500	1.2815	1.2570	0.1213	0.1236	-2.0000	19.9678
501	1.2573	1.5820	0.1195	-0.6171	2.0000	20.1021
502	1.2865	1.5914	0.1218	1.4984	1.2206	20.2708
503	1.3250	1.6030	0.1120	2.0000	1.3992	21.1356
504	1.3593	1.6165	0.1230	2.0000	1.5903	20.2685
505	1.3893	1.6281	0.1195	2.0000	1.6237	20.4950
506	1.4292	1.6417	0.1218	2.0000	1.8150	20.3707
507	1.4768	1.6759	0.1189	2.0000	2.0000	19.5543
508	1.5285	1.7047	0.1213	2.0000	2.0000	20.2881
509	1.5850	1.7252	0.1224	2.0000	2.0000	20.1200
510	1.6785	1.7408	0.1236	2.0000	2.0000	20.0756
511	1.2470	1.5700	0.1126	-2.0000	-2.0000	21.5559
512	1.2571	1.5643	0.1213	0.5964	0.4572	20.4400
513	1.2600	1.5689	0.1207	0.3735	0.8553	20.4340
514	1.2535	1.5608	0.1213	-0.0141	0.3436	20.8133
515	1.2580	1.5234	0.1213	0.4092	-1.0150	19.5874
516	1.2744	1.4896	0.1236	0.9733	-1.1951	20.6618
517	1.2982	1.4446	0.1207	1.4484	-1.9806	20.9958
518	1.3134	1.4106	0.1224	1.2910	-1.9055	20.6464
519	1.3330	1.3684	0.1213	1.6237	-2.0000	20.7704
520	1.3492	1.3279	0.1272	1.6584	-2.0000	20.5103
521	1.2503	1.5580	0.1207	-2.0000	2.0000	20.7456
522	1.2526	1.5420	0.1126	0.2917	-0.1035	22.0973
523	1.2958	1.5060	0.1207	2.0000	-1.1239	20.9921
524	1.3744	1.4605	0.1236	2.0000	-1.8629	20.7355
525	1.4782	1.4143	0.1178	2.0000	-2.0000	21.4213
526	1.5741	1.3756	0.1201	2.0000	-2.0000	21.1231
527	1.6667	1.3294	0.1183	2.0000	-2.0000	21.2566
528	1.7443	1.2768	0.1207	2.0000	-2.0000	21.4273
529	1.8104	1.2267	0.1207	2.0000	-2.0000	20.9337
530	1.8983	1.1614	0.1230	2.0000	-2.0000	21.0988
531	0.0020	0.0061	0.1183	-2.0000	-2.0000	21.7012
532	0.0026	0.0160	0.1126	-2.0000	-2.0000	22.2538
533	0.0009	0.0256	0.1201	-2.0000	-2.0000	21.8681
534	0.0000	0.0352	0.1137	-2.0000	-2.0000	22.4239
535	0.0080	0.0491	0.1189	-2.0000	-2.0000	21.7249
536	0.0156	0.0491	0.1218	-2.0000	-2.0000	20.5482
537	0.0327	0.0393	0.1178	-2.0000	-2.0000	21.4788
538	0.0518	0.0355	0.1224	-2.0000	-2.0000	21.4222
539	0.0815	0.0324	0.1132	-2.0000	-2.0000	22.3908
540	0.1386	0.0221	0.1224	-2.0000	-2.0000	21.5518
541	0.0057	0.0060	0.1230	-2.0000	-2.0000	21.5720
542	0.0295	0.0160	0.1272	-2.0000	-2.0000	21.4049
543	0.0564	0.0280	0.1284	-2.0000	-2.0000	21.4173
544	0.0939	0.0260	0.1207	-2.0000	-2.0000	22.0267
545	0.1395	0.0100	0.1242	-2.0000	-2.0000	21.5223
546	0.1707	0.0124	0.1201	-2.0000	-2.0000	21.9410
547	0.1960	0.0048	0.1218	-2.0000	-2.0000	21.9454
548	0.2245	0.0000	0.1260	-2.0000	-2.0000	22.0203
549	0.2586	0.0000	0.1248	-2.0000	-2.0000	21.7157
550	0.3072	0.0000	0.1278	-2.0000	-2.0000	20.8661
551	0.0000	0.0020	0.1230	-2.0000	-2.0000	21.7111
552	0.0001	0.0000	0.1224	-2.0000	-2.0000	22.2334
553	0.0000	0.0000	0.1098	-2.0000	-2.0000	23.2622
554	0.0000	0.0000	0.1213	-2.0000	-2.0000	22.0930
555	0.0000	0.0000	0.1109	-2.0000	-2.0000	23.3170
556	0.0000	0.0015	0.1218	-2.0000	-2.0000	22.2793
557	0.0000	0.0000	0.1230	-2.0000	-2.0000	21.8847
558	0.0000	0.0000	0.1248	-2.0000	-2.0000	22.4194
559	0.0000	0.0000	0.1266	-2.0000	-2.0000	21.3510
560	0.0000	0.0000	0.1178	-2.0000	-2.0000	23.3356
