count	accelx	accely	accelz	roll	pitch	heading
count	accelx	accely	accelz	roll	pitch	heading
count	accelx	accely	accelz	roll	pitch	heading
count	accelx	accely	accelz	roll	pitch	heading
1	-0.0860	0.0380	0.0300	-0.1430	-0.4470	-0.5590
2	-0.0810	0.0320	0.0320	-0.1420	-0.4510	-0.5230
3	-0.0810	0.0310	0.0320	-0.1390	-0.4530	-0.4990
4	-0.0820	0.0300	0.0300	-0.1370	-0.4480	-0.4730
5	-0.0810	0.0310	0.0300	-0.1400	-0.4470	-0.4840
6	-0.0820	0.0310	0.0290	-0.1370	-0.4490	-0.4860
7	-0.0800	0.0310	0.0290	-0.1370	-0.4490	-0.4860
8	-0.0800	0.0330	0.0290	-0.1340	-0.4450	-0.4750
9	-0.0810	0.0340	0.0300	-0.1370	-0.4460	-0.5030
10	-0.0790	0.0340	0.0310	-0.1380	-0.4430	-0.5220
11	-0.0790	0.0340	0.0310	-0.1400	-0.4440	-0.5510
12	-0.0800	0.0330	0.0310	-0.1400	-0.4450	-0.5560
13	-0.0800	0.0320	0.0320	-0.1390	-0.4410	-0.4970
14	-0.0800	0.0310	0.0330	-0.1340	-0.4410	-0.4930
15	-0.0800	0.0310	0.0330	-0.1390	-0.4350	-0.4850
16	-0.0780	0.0310	0.0310	-0.1380	-0.4350	-0.4860
17	-0.0780	0.0320	0.0320	-0.1420	-0.4340	-0.4950
18	-0.0770	0.0340	0.0320	-0.1460	-0.4300	-0.5300
19	-0.0780	0.0330	0.0290	-0.1490	-0.4290	-0.5110
20	-0.0780	0.0320	0.0290	-0.1490	-0.4310	-0.5210
21	-0.0770	0.0330	0.0310	-0.1500	-0.4300	-0.5160
22	-0.0780	0.0330	0.0290	-0.1530	-0.4300	-0.4660
23	-0.0770	0.0330	0.0290	-0.1540	-0.4240	-0.4510
24	-0.0770	0.0330	0.0290	-0.1590	-0.4240	-0.4480
25	-0.0770	0.0330	0.0310	-0.1550	-0.4210	-0.4720
26	-0.0750	0.0340	0.0320	-0.1580	-0.4220	-0.4500
27	-0.0770	0.0340	0.0320	-0.1550	-0.4230	-0.4640
28	-0.0770	0.0340	0.0320	-0.1560	-0.4230	-0.4880
29	-0.0770	0.0330	0.0320	-0.1500	-0.4280	-0.4910
30	-0.0780	0.0340	0.0310	-0.1520	-0.4280	-0.4800
31	-0.0770	0.0340	0.0320	-0.1520	-0.4270	-0.5010
32	-0.0760	0.0350	0.0320	-0.1550	-0.4240	-0.4850
33	-0.0760	0.0350	0.0310	-0.1560	-0.4240	-0.5090
34	-0.0770	0.0350	0.0310	-0.1510	-0.4270	-0.5320
35	-0.0770	0.0350	0.0300	-0.1510	-0.4240	-0.5660
36	-0.0780	0.0350	0.0310	-0.1510	-0.4220	-0.6050
37	-0.0780	0.0350	0.0310	-0.1520	-0.4270	-0.6280
38	-0.0770	0.0350	0.0300	-0.1520	-0.4280	-0.6460
39	-0.0770	0.0360	0.0270	-0.1590	-0.4290	-0.6480
40	-0.0770	0.0350	0.0280	-0.1550	-0.4270	-0.6380
41	-0.0770	0.0350	0.0300	-0.1480	-0.4300	-0.6630
42	-0.0750	0.0360	0.0280	-0.1500	-0.4240	-0.6900
43	-0.0760	0.0340	0.0290	-0.1470	-0.4280	-0.6640
44	-0.0760	0.0320	0.0290	-0.1400	-0.4280	-0.6250
45	-0.0780	0.0310	0.0310	-0.1400	-0.4320	-0.6080
46	-0.0770	0.0320	0.0310	-0.1440	-0.4290	-0.6360
47	-0.0770	0.0320	0.0310	-0.1500	-0.4290	-0.6350
48	-0.0750	0.0330	0.0310	-0.1500	-0.4280	-0.6400
49	-0.0760	0.0330	0.0310	-0.1460	-0.4280	-0.6270
50	-0.0760	0.0320	0.0320	-0.1390	-0.4350	-0.6620
count	accelx	accely	accelz	roll	pitch	heading
1	-0.0770	0.0250	-0.1440	-0.4330	-0.2750	-0.5560
2	-0.0770	0.0320	0.0320	-0.1430	-0.4310	-0.2680
3	-0.0770	0.0310	0.0320	-0.1390	-0.4300	-0.3080
4	-0.0770	0.0310	0.0320	-0.1390	-0.4300	-0.3080
5	-0.0770	0.0310	0.0290	-0.1340	-0.4330	-0.3680
6	-0.0760	0.0300	0.0310	-0.1340	-0.4270	-0.3790
7	-0.0750	0.0290	0.0310	-0.1290	-0.4260	-0.3830
8	-0.0740	0.0280	0.0320	-0.1270	-0.4190	-0.4060
9	-0.0730	0.0290	0.0320	-0.1260	-0.4200	-0.4030
10	-0.0740	0.0290	0.0310	-0.1280	-0.4260	-0.4170
11	-0.0740	0.0300	0.0320	-0.1300	-0.4260	-0.4310
12	-0.0750	0.0310	0.0320	-0.1270	-0.4280	-0.4300
13	-0.0760	0.0310	0.0290	-0.1250	-0.4300	-0.4430
14	-0.0770	0.0310	0.0290	-0.1260	-0.4320	-0.4540
15	-0.0770	0.0300	0.0300	-0.1250	-0.4340	-0.4590
16	-0.0780	0.0300	0.0300	-0.1310	-0.4350	-0.5060
17	-0.0790	0.0300	0.0310	-0.1300	-0.4370	-0.4890
18	-0.0790	0.0300	0.0310	-0.1300	-0.4350	-0.4700
19	-0.0780	0.0300	0.0320	-0.1290	-0.4330	-0.4460
20	-0.0770	0.0300	0.0300	-0.1240	-0.4300	-0.4520
21	-0.0770	0.0310	0.0290	-0.1320	-0.4310	-0.4820
22	-0.0770	0.0320	0.0280	-0.1390	-0.4270	-0.4950
23	-0.0770	0.0310	0.0290	-0.1360	-0.4270	-0.5080
24	-0.0770	0.0320	0.0290	-0.1370	-0.4290	-0.5000
25	-0.0790	0.0310	0.0290	-0.1300	-0.4310	-0.4980
26	-0.0790	0.0300	0.0310	-0.1260	-0.4350	-0.5220
27	-0.0780	0.0300	0.0300	-0.1270	-0.4350	-0.5370
28	-0.0780	0.0310	0.0310	-0.1270	-0.4350	-0.5260
29	-0.0760	0.0310	0.0300	-0.1290	-0.4300	-0.5300
30	-0.0760	0.0310	0.0310	-0.1320	-0.4300	-0.4890
31	-0.0770	0.0300	0.0290	-0.1310	-0.4320	-0.4560
32	-0.0770	0.0300	0.0300	-0.1340	-0.4280	-0.4340
33	-0.0760	0.0290	0.0310	-0.1280	-0.4250	-0.4210
34	-0.0760	0.0290	0.0300	-0.1280	-0.4260	-0.4260
35	-0.0770	0.0310	0.0310	-0.1340	-0.4260	-0.4110
36	-0.0770	0.0320	0.0310	-0.1320	-0.4280	-0.4220
37	-0.0780	0.0310	0.0320	-0.1290	-0.4280	-0.4390
38	-0.0770	0.0300	0.0320	-0.1310	-0.4270	-0.4570
39	-0.0770	0.0300	0.0330	-0.1260	-0.4310	-0.4390
40	-0.0780	0.0290	0.0320	-0.1260	-0.4310	-0.4510
41	-0.0790	0.0300	0.0320	-0.1240	-0.4310	-0.4240
42	-0.0780	0.0290	0.0310	-0.1240	-0.4310	-0.4190
43	-0.0770	0.0290	0.0310	-0.1210	-0.4250	-0.4040
44	-0.0770	0.0280	0.0310	-0.1170	-0.4240	-0.4080
45	-0.0770	0.0270	0.0320	-0.1140	-0.4260	-0.4150
46	-0.0770	0.0270	0.0310	-0.1150	-0.4260	-0.4160
47	-0.0780	0.0270	0.0310	-0.1150	-0.4300	-0.4310
48	-0.0780	0.0270	0.0310	-0.1160	-0.4330	-0.4290
49	-0.0790	0.0270	0.0290	-0.1160	-0.4300	-0.4220
50	-0.0800	0.0270	0.0280	-0.1160	-0.4320	-0.3930
51	-0.0780	0.0270	0.0300	-0.1150	-0.4270	-0.4010
52	-0.0760	0.0270	0.0320	-0.1160	-0.4270	-0.4010
53	-0.0760	0.0260	0.0300	-0.1200	-0.4300	-0.4200
54	-0.0760	0.0270	0.0310	-0.1200	-0.4270	-0.4880
55	-0.0740	0.0260	0.0320	-0.1140	-0.4280	-0.5160
56	-0.0740	0.0270	0.0320	-0.1170	-0.4240	-0.5070
57	-0.0750	0.0280	0.0320	-0.1180	-0.4240	-0.5040
58	-0.0750	0.0300	0.0330	-0.1200	-0.4230	-0.5030
59	-0.0750	0.0290	0.0320	-0.1180	-0.4190	-0.4890
60	-0.0740	0.0280	0.0320	-0.1140	-0.4150	-0.5320
61	-0.0730	0.0270	0.0310	-0.1120	-0.4150	-0.5600
62	-0.0720	0.0280	0.0310	-0.1160	-0.4110	-0.5690
63	-0.0740	0.0280	0.0310	-0.1150	-0.4120	-0.5900
64	-0.0730	0.0290	0.0320	-0.1190	-0.4100	-0.6070
65	-0.0710	0.0270	0.0310	-0.1160	-0.4100	-0.6120
66	-0.0710	0.0270	0.0300	-0.1170	-0.4080	-0.6090
67	-0.0720	0.0270	0.0290	-0.1160	-0.4080	-0.6290
68	-0.0750	0.0270	0.0290	-0.1130	-0.4140	-0.6290
69	-0.0750	0.0270	0.0290	-0.1120	-0.4150	-0.6580
70	-0.0730	0.0270	0.0300	-0.1110	-0.4150	-0.6470
71	-0.0730	0.0260	0.0310	-0.1080	-0.4140	-0.6330
72	-0.0730	0.0260	0.0290	-0.1060	-0.4140	-0.6710
73	-0.0740	0.0260	0.0290	-0.1070	-0.4170	-0.6880
74	-0.0730	0.0250	0.0280	-0.1040	-0.4180	-0.7120
75	-0.0740	0.0240	0.0290	-0.1060	-0.4200	-0.6810
76	-0.0730	0.0250	0.0300	-0.1070	-0.4160	-0.6500
77	-0.0720	0.0250	0.0310	-0.1090	-0.4140	-0.6930
78	-0.0730	0.0250	0.0310	-0.1100	-0.4170	-0.7130
79	-0.0720	0.0250	0.0310	-0.1050	-0.4150	-0.7220
80	-0.0720	0.0260	0.0310	-0.1060	-0.4150	-0.7330
81	-0.0740	0.0260	0.0310	-0.1050	-0.4160	-0.7250
82	-0.0750	0.0240	0.0310	-0.1020	-0.4190	-0.7110
83	-0.0740	0.0260	0.0320	-0.1050	-0.4240	-0.7000
84	-0.0750	0.0270	0.0310	-0.1070	-0.4230	-0.7000
85	-0.0750	0.0260	0.0290	-0.1080	-0.4180	-0.6750
86	-0.0740	0.0260	0.0300	-0.1090	-0.4180	-0.6420
87	-0.0730	0.0250	0.0290	-0.1080	-0.4160	-0.6330
88	-0.0740	0.0250	0.0290	-0.1060	-0.4170	-0.6450
89	-0.0740	0.0260	0.0320	-0.1090	-0.4160	-0.6330
90	-0.0730	0.0250	0.0320	-0.1110	-0.4100	-0.6560
91	-0.0730	0.0250	0.0320	-0.1110	-0.4100	-0.6560
92	-0.0720	0.0260	0.0320	-0.1110	-0.4150	-0.6860
93	-0.0720	0.0260	0.0320	-0.1110	-0.4150	-0.6860
94	-0.0730	0.0280	0.0290	-0.1160	-0.4130	-0.6840
95	-0.0730	0.0280	0.0290	-0.1160	-0.4130	-0.6840
96	-0.0730	0.0280	0.0300	-0.1130	-0.4180	-0.6830
97	-0.0730	0.0280	0.0300	-0.1130	-0.4180	-0.6830
98	-0.0720	0.0270	0.0320	-0.1150	-0.4130	-0.6520
99	-0.0720	0.0260	0.0320	-0.1140	-0.4100	-0.6420
100	-0.0730	0.0260	0.0320	-0.1160	-0.4100	-0.6360
101	-0.0730	0.0260	0.0320	-0.1160	-0.4100	-0.6360
102	-0.0730	0.0270	0.0320	-0.1130	-0.4100	-0.6470
103	-0.0730	0.0270	0.0320	-0.1130	-0.4100	-0.6470
104	-0.0730	0.0280	0.0310	-0.1100	-0.4100	-0.6390
105	-0.0730	0.0280	0.0310	-0.1100	-0.4100	-0.6390
106	-0.0740	0.0280	0.0310	-0.1070	-0.4110	-0.6370
107	-0.0760	0.0270	0.0320	-0.1030	-0.4180	-0.6410
108	-0.0760	0.0270	0.0310	-0.1020	-0.4180	-0.6640
109	-0.0750	0.0250	0.0290	-0.0980	-0.4160	-0.6780
110	-0.0750	0.0250	0.0290	-0.0980	-0.4160	-0.6780
111	-0.0740	0.0240	0.0290	-0.0980	-0.4150	-0.7150
112	-0.0740	0.0240	-2.5880	-0.4150	-0.7290	-0.3560
113	-0.0740	0.0250	0.0320	-0.1020	-0.4170	-0.7200
114	-0.0740	0.0260	0.0320	-0.1050	-0.4160	-0.7540
115	-0.0740	0.0250	0.0310	-0.1060	-0.4140	-0.7870
116	-0.0740	0.0250	0.0290	-0.1050	-0.4160	-0.8190
117	-0.0730	0.0240	0.0310	-0.1000	-0.4170	-0.8240
118	-0.0730	0.0240	0.0290	-0.1000	-0.4190	-0.8790
119	-0.0730	0.0240	0.0310	-0.1000	-0.4220	-0.8500
120	-0.0730	0.0250	0.0310	-0.0980	-0.4180	-0.8550
121	-0.0760	0.0240	0.0290	-0.0940	-0.4210	-0.8570
122	-0.0750	0.0220	0.0290	-0.0870	-0.4180	-0.8620
123	-0.0750	0.0220	0.0310	-0.0850	-0.4170	-0.8560
124	-0.0730	0.0220	0.0310	-0.0870	-0.4140	-0.8800
125	-0.0740	0.0210	0.0310	-0.0860	-0.4130	-0.8490
126	-0.0730	0.0210	0.0310	-0.0850	-0.4110	-0.8570
127	-0.0730	0.0220	0.0320	-0.0860	-0.4140	-0.8860
128	-0.0730	0.0210	0.0310	-0.0810	-0.4160	-0.8880
129	-0.0720	0.0230	0.0300	-0.0850	-0.4110	-0.9010
130	-0.0720	0.0230	0.0320	-0.0860	-0.4080	-0.8970
131	-0.0730	0.0220	0.0310	-0.0870	-0.4140	-0.9040
132	-0.0740	0.0230	0.0300	-0.0860	-0.4190	-0.9230
133	-0.0740	0.0230	0.0310	-0.0860	-0.4230	-0.9960
134	-0.0750	0.0230	0.0310	-0.0870	-0.4230	-1.0110
135	-0.0760	0.0230	0.0320	-0.0860	-0.4270	-1.0210
136	-0.0750	0.0240	0.0310	-0.0950	-0.4260	-1.0270
137	-0.0750	0.0240	0.0300	-0.0970	-0.4230	-1.0410
138	-0.0760	0.0230	0.0310	-0.0990	-0.4270	-1.0670
139	-0.0760	0.0250	0.0320	-0.1020	-0.4260	-1.0800
140	-0.0760	0.0250	0.0290	-0.1020	-0.4260	-1.0440
141	-0.0760	0.0250	0.0280	-0.0990	-0.4250	-1.0300
142	-0.0760	0.0250	0.0290	-0.1010	-0.4310	-1.0260
143	-0.0770	0.0260	0.0290	-0.1060	-0.4340	-0.9840
144	-0.0780	0.0260	0.0310	-0.1050	-0.4360	-1.0030
145	-0.0770	0.0270	0.0320	-0.1030	-0.4320	-1.0180
146	-0.0770	0.0270	0.0310	-0.1030	-0.4350	-1.0170
147	-0.0780	0.0270	0.0320	-0.0990	-0.4420	-1.0090
148	-0.0770	0.0260	0.0310	-0.0960	-0.4440	-1.0230
149	-0.0770	0.0260	0.0310	-0.0950	-0.4420	-1.0400
150	-0.0760	0.0250	0.0310	-0.0940	-0.4390	-0.9990
151	-0.0770	0.0260	0.0320	-0.0950	-0.4420	-0.9280
152	-0.0780	0.0270	0.0330	-0.1030	-0.4460	-0.9070
153	-0.0780	0.0270	0.0320	-0.1020	-0.4480	-0.8810
154	-0.0770	0.0260	0.0310	-0.1000	-0.4500	-0.8830
155	-0.0770	0.0260	0.0300	-0.0990	-0.4490	-0.8480
156	-0.0770	0.0260	0.0290	-0.0980	-0.4450	-0.8510
157	-0.0770	0.0250	0.0310	-0.0990	-0.4420	-0.8320
158	-0.0780	0.0260	0.0320	-0.0950	-0.4460	-0.8040
159	-0.0790	0.0240	0.0290	-0.0930	-0.4460	-0.8010
160	-0.0780	0.0240	0.0310	-0.0910	-0.4440	-0.7980
161	-0.0790	0.0240	0.0330	-0.0920	-0.4480	-0.7830
162	-0.0790	0.0240	0.0320	-0.0900	-0.4480	-0.7500
163	-0.0780	0.0240	0.0320	-0.0910	-0.4450	-0.7280
164	-0.0780	0.0240	0.0320	-0.0960	-0.4430	-0.7640
165	-0.0780	0.0240	0.0320	-0.0960	-0.4460	-0.7490
166	-0.0800	0.0220	0.0320	-0.0910	-0.4490	-0.7430
167	-0.0790	0.0230	0.0320	-0.0860	-0.4450	-0.7180
168	-0.0780	0.0230	0.0290	-0.0860	-0.4460	-0.7060
169	-0.0790	0.0220	0.0300	-0.0810	-0.4490	-0.6800
170	-0.0810	0.0230	0.0320	-0.0800	-0.4480	-0.6790
171	-0.0810	0.0230	0.0310	-0.0840	-0.4460	-0.6940
172	-0.0820	0.0230	0.0310	-0.0840	-0.4490	-0.6920
173	-0.0810	0.0240	0.0310	-0.0880	-0.4510	-0.7040
174	-0.0800	0.0230	0.0320	-0.0880	-0.4500	-0.7390
175	-0.0810	0.0220	0.0300	-0.0840	-0.4530	-0.7590
176	-0.0800	0.0220	0.0310	-0.0830	-0.4510	-0.7390
177	-0.0790	0.0230	0.0320	-0.0820	-0.4520	-0.7340
178	-0.0790	0.0220	0.0330	-0.0810	-0.4530	-0.7390
179	-0.0800	0.0210	0.0320	-0.0840	-0.4540	-0.7430
180	-0.0800	0.0220	0.0300	-0.0830	-0.4550	-0.7440
181	-0.0810	0.0220	0.0280	-0.0850	-0.4570	-0.7490
182	-0.0790	0.0220	0.0290	-0.0850	-0.4580	-0.7310
183	-0.0790	0.0230	0.0310	-0.0840	-0.4580	-0.7070
184	-0.0800	0.0210	0.0300	-0.0800	-0.4590	-0.7020
185	-0.0820	0.0210	0.0290	-0.0820	-0.4630	-0.7070
186	-0.0820	0.0210	0.0290	-0.0820	-0.4630	-0.7400
187	-0.0830	0.0210	0.0300	-0.0820	-0.4640	-0.7350
188	-0.0820	0.0220	0.0290	-0.0840	-0.4600	-0.7130
189	-0.0800	0.0240	0.0300	-0.0890	-0.4550	-0.6830
190	-0.0810	0.0230	0.0310	-0.0920	-0.4540	-0.6480
191	-0.0800	0.0240	0.0290	-0.0980	-0.4550	-0.6340
192	-0.0810	0.0240	0.0320	-0.0970	-0.4580	-0.6590
193	-0.0820	0.0250	0.0310	-0.1040	-0.4600	-0.6560
194	-0.0820	0.0260	0.0290	-0.1090	-0.4600	-0.6750
195	-0.0830	0.0260	0.0300	-0.1070	-0.4620	-0.7290
196	-0.0820	0.0250	0.0300	-0.1060	-0.4600	-0.7530
197	-0.0830	0.0270	0.0290	-0.1090	-0.4630	-0.7610
198	-0.0810	0.0290	0.0310	-0.1120	-0.4600	-0.7670
199	-0.0820	0.0280	0.0310	-0.1140	-0.4630	-0.7800
200	-0.0820	0.0300	0.0300	-0.1190	-0.4630	-0.7690
201	-0.0820	0.0290	0.0320	-0.1170	-0.4630	-0.7840
202	-0.0830	0.0270	0.0310	-0.1130	-0.4640	-0.7580
203	-0.0830	0.0270	0.0300	-0.1120	-0.4690	-0.7480
204	-0.0820	0.0270	0.0320	-0.1140	-0.4720	-0.7520
205	-0.0830	0.0270	0.0330	-0.1140	-0.4700	-0.7520
206	-0.0820	0.0270	0.0320	-0.1160	-0.4660	-0.7480
207	-0.0820	0.0260	0.0320	-0.1130	-0.4660	-0.7670
208	-0.0830	0.0260	0.0320	-0.1100	-0.4680	-0.7840
209	-0.0830	0.0250	0.0310	-0.1090	-0.4710	-0.8080
210	-0.0830	0.0260	0.0320	-0.1100	-0.4680	-0.7920
211	-0.0840	0.0270	0.0310	-0.1090	-0.4690	-0.7960
212	-0.0840	0.0290	0.0310	-0.1100	-0.4700	-0.8510
213	-0.0840	0.0290	0.0320	-0.1100	-0.4720	-0.8760
214	-0.0830	0.0290	0.0330	-0.1110	-0.4700	-0.9050
215	-0.0830	0.0280	0.0310	-0.1060	-0.4680	-0.9320
216	-0.0830	0.0280	0.0300	-0.1070	-0.4680	-0.9260
217	-0.0830	0.0260	0.0290	-0.1060	-0.4640	-0.9260
218	-0.0820	0.0250	0.0290	-0.1040	-0.4610	-0.9450
219	-0.0830	0.0250	0.0290	-0.1060	-0.4640	-0.9560
220	-0.0810	0.0260	0.0310	-0.1050	-0.4630	-0.9570
221	-0.0820	0.0260	0.0310	-0.1080	-0.4660	-0.9380
222	-0.0810	0.0250	0.0310	-0.1000	-0.4630	-0.9620
223	-0.0820	0.0240	0.0310	-0.1000	-0.4650	-0.9640
224	-0.0810	0.0240	0.0290	-0.0940	-0.4620	-0.9610
225	-0.0810	0.0250	0.0280	-0.0930	-0.4620	-0.9370
226	-0.0810	0.0250	0.0280	-0.0890	-0.4660	-0.9530
227	-0.0800	0.0240	0.0270	-0.0880	-0.4580	-0.9810
228	-0.0800	0.0220	0.0290	-0.0830	-0.4560	-0.9860
229	-0.0790	0.0220	0.0300	-0.0800	-0.4530	-0.9810
230	-0.0790	0.0220	0.0290	-0.0830	-0.4530	-0.9780
231	-0.0790	0.0220	0.0290	-0.0820	-0.4490	-0.9720
232	-0.0790	0.0220	0.0290	-0.0820	-0.4490	-0.9780
233	-0.0790	0.0210	0.0290	-0.0780	-0.4440	-0.9320
234	-0.0790	0.0200	0.0310	-0.0740	-0.4440	-0.9530
235	-0.0780	0.0210	0.0320	-0.0730	-0.4400	-0.9750
236	-0.0790	0.0210	0.0340	-0.0720	-0.4430	-0.9590
237	-0.0800	0.0220	0.0320	-0.0740	-0.4400	-0.9670
238	-0.0780	0.0220	0.0330	-0.0750	-0.4400	-0.9700
239	-0.0780	0.0220	0.0320	-0.0760	-0.4420	-0.9580
240	-0.0790	0.0220	0.0310	-0.0770	-0.4470	-0.9910
241	-0.0770	0.0230	0.0310	-0.0800	-0.4460	-1.0030
242	-0.0770	0.0230	0.0310	-0.0850	-0.4520	-1.0150
243	-0.0770	0.0240	0.0310	-0.0900	-0.4500	-1.0340
244	-0.0780	0.0240	0.0310	-0.0870	-0.4530	-1.0360
245	-0.0780	0.0230	0.0300	-0.0830	-0.4550	-1.0500
246	-0.0780	0.0230	0.0290	-0.0840	-0.4550	-1.0470
247	-0.0800	0.0230	0.0290	-0.0840	-0.4600	-1.0540
248	-0.0800	0.0240	0.0320	-0.0860	-0.4650	-1.0560
249	-0.0810	0.0240	0.0320	-0.0880	-0.4670	-1.0750
250	-0.0800	0.0240	0.0320	-0.0890	-0.4650	-1.0910
251	-0.0800	0.0250	0.0320	-0.0910	-0.4630	-1.1380
252	-0.0820	0.0240	0.0310	-0.0910	-0.4650	-1.1980
253	-0.0830	0.0260	0.0290	-0.0960	-0.4680	-1.2660
254	-0.0820	0.0260	0.0290	-0.0960	-0.4620	-1.2680
255	-0.0810	0.0260	0.0290	-0.0980	-0.4610	-1.2580
256	-0.0810	0.0270	0.0290	-0.0960	-0.4620	-1.2600
257	-0.0810	0.0280	0.0300	-0.0980	-0.4640	-1.2630
258	-0.0820	0.0270	0.0300	-0.0990	-0.4650	-1.2610
259	-0.0810	0.0270	0.0300	-0.1000	-0.4640	-1.2060
260	-0.0820	0.0280	0.0290	-0.1010	-0.4690	-1.1960
261	-0.0810	0.0270	0.0280	-0.0990	-0.4660	-1.1780
262	-0.0830	0.0280	0.0290	-0.1000	-0.4700	-1.1570
263	-0.0820	0.0260	0.0310	-0.0980	-0.4710	-1.1380
264	-0.0820	0.0260	0.0310	-0.0990	-0.4710	-1.1060
265	-0.0820	0.0250	0.0300	-0.0990	-0.4710	-1.1010
266	-0.0820	0.0250	0.0310	-0.0980	-0.4740	-1.1100
267	-0.0820	0.0260	0.0310	-0.0990	-0.4720	-1.0860
268	-0.0830	0.0270	0.0290	-0.1000	-0.4720	-1.0860
269	-0.0830	0.0270	0.0290	-0.1030	-0.4760	-1.0990
270	-0.0840	0.0280	0.0290	-0.1070	-0.4800	-1.0840
271	-0.0840	0.0290	0.0290	-0.1080	-0.4760	-1.0680
272	-0.0820	0.0280	0.0310	-0.1070	-0.4680	-1.0650
273	-0.0810	0.0280	0.0310	-0.1090	-0.4650	-1.0260
274	-0.0830	0.0280	0.0290	-0.1130	-0.4700	-1.0400
275	-0.0820	0.0280	0.0300	-0.1140	-0.4690	-1.0510
276	-0.0810	0.0270	0.0310	-0.1120	-0.4680	-1.0430
277	-0.0820	0.0270	0.0310	-0.1140	-0.4670	-1.0400
278	-0.0820	0.0290	0.0320	-0.1180	-0.4670	-1.0060
279	-0.0820	0.0290	0.0310	-0.1160	-0.4670	-1.0040
280	-0.0820	0.0290	0.0310	-0.1160	-0.4690	-0.9970
281	-0.0820	0.0280	0.0330	-0.1140	-0.4730	-1.0000
282	-0.0830	0.0280	0.0330	-0.1100	-0.4730	-0.9730
283	-0.0830	0.0280	0.0320	-0.1100	-0.4770	-0.9740
284	-0.0840	0.0270	0.0290	-0.1110	-0.4760	-0.9700
285	-0.0840	0.0260	0.0290	-0.1060	-0.4750	-0.9490
286	-0.0820	0.0260	0.0290	-0.1050	-0.4750	-0.9550
287	-0.0820	0.0240	0.0310	-0.1000	-0.4740	-0.9580
288	-0.0820	0.0230	0.0310	-0.0980	-0.4720	-0.9730
289	-0.0820	0.0230	0.0310	-0.0980	-0.4740	-0.9520
290	-0.0810	0.0240	0.0300	-0.1000	-0.4760	-0.9510
291	-0.0810	0.0240	0.0310	-0.0980	-0.4780	-0.9680
292	-0.0820	0.0240	0.0310	-0.0980	-0.4720	-0.9690
293	-0.0810	0.0240	0.0310	-0.0950	-0.4720	-0.9580
294	-0.0820	0.0250	0.0320	-0.0960	-0.4730	-0.9410
295	-0.0810	0.0240	0.0290	-0.0940	-0.4720	-0.9220
296	-0.0820	0.0250	0.0290	-0.1010	-0.4710	-0.9150
297	-0.0830	0.0270	0.0290	-0.1030	-0.4690	-0.8820
298	-0.0830	0.0250	0.0290	-0.0980	-0.4650	-0.8480
299	-0.0840	0.0240	0.0290	-0.0940	-0.4700	-0.8170
300	-0.0830	0.0260	0.0290	-0.0980	-0.4660	-0.8000
301	-0.0830	0.0250	0.0300	-0.0990	-0.4660	-0.7770
302	-0.0830	0.0250	0.0290	-0.1030	-0.4670	-0.7500
303	-0.0800	0.0260	0.0310	-0.1030	-0.4580	-0.7870
304	-0.0800	0.0250	0.0310	-0.1020	-0.4590	-0.7740
305	-0.0810	0.0250	0.0310	-0.0980	-0.4580	-0.7500
306	-0.0790	0.0240	0.0310	-0.1020	-0.4480	-0.7490
307	-0.0780	0.0250	0.0320	-0.1050	-0.4440	-0.7000
308	-0.0780	0.0250	0.0320	-0.1050	-0.4440	-0.7000
309	-0.0760	0.0260	0.0340	-0.1050	-0.4330	-0.6370
310	-0.0760	0.0250	0.0320	-0.1030	-0.4310	-0.6250
311	-0.0750	0.0250	0.0320	-0.1000	-0.4320	-0.5920
312	-0.0760	0.0250	0.0320	-0.0990	-0.4300	-0.5640
313	-0.0770	0.0250	0.0320	-0.0960	-0.4310	-0.5410
314	-0.0770	0.0250	0.0320	-0.0960	-0.4310	-0.5410
315	-0.0780	0.0260	0.0320	-0.1030	-0.4240	-0.5010
316	-0.0770	0.0260	0.0330	-0.1000	-0.4220	-0.4960
317	-0.0760	0.0250	0.0330	-0.1010	-0.4240	-0.4860
318	-0.0760	0.0240	0.0310	-0.0950	-0.4270	-0.4910
319	-0.0760	0.0250	0.0310	-0.0910	-0.4270	-0.4910
320	-0.0780	0.0230	0.0310	-0.0870	-0.4320	-0.4940
321	-0.0760	0.0240	0.0310	-0.0850	-0.4310	-0.4940
322	-0.0770	0.0230	0.0310	-0.0780	-0.4310	-0.4790
323	-0.0770	0.0220	0.0290	-0.0790	-0.4280	-0.4790
324	-0.0780	0.0220	0.0310	-0.0740	-0.4330	-0.4110
325	-0.0770	0.0230	0.0320	-0.0710	-0.4300	-0.4990
326	-0.0790	0.0240	0.0330	-0.0760	-0.4330	-0.4810
327	-0.0770	0.0230	0.0330	-0.0760	-0.4340	-0.4460
328	-0.0770	0.0220	0.0330	-0.0690	-0.4330	-0.4420
329	-0.0780	0.0220	0.0310	-0.0700	-0.4360	-0.4420
330	-0.0770	0.0210	0.0320	-0.0690	-0.4360	-0.4420
331	-0.0770	0.0210	0.0330	-0.0720	-0.4380	-0.4230
332	-0.0780	0.0210	0.0330	-0.0720	-0.4380	-0.4230
333	-0.0780	0.0200	0.0320	-0.0700	-0.4380	-0.3690
334	-0.0770	0.0200	0.0330	-0.0700	-0.4380	-0.3690
335	-0.0770	0.0200	0.0320	-0.0760	-0.4400	-0.3560
336	-0.0780	0.0210	0.0300	-0.0760	-0.4400	-0.3560
337	-0.0780	0.0210	0.0300	-0.0750	-0.4440	-0.3790
338	-0.0790	0.0210	0.0310	-0.0750	-0.4440	-0.3790
339	-0.0790	0.0190	0.0300	-0.0760	-0.4420	-0.4090
340	-0.0780	0.0190	0.0300	-0.0760	-0.4420	-0.4090
341	-0.0800	0.0190	0.0320	-0.0670	-0.4410	-0.4380
342	-0.0800	0.0180	0.0320	-0.0690	-0.4470	-0.4700
343	-0.0800	0.0190	0.0330	-0.0650	-0.4430	-0.4510
344	-0.0780	0.0180	0.0310	-0.0650	-0.4430	-0.4510
345	-0.0780	0.0180	0.0310	-0.0600	-0.4400	-0.4640
346	-0.0780	0.0190	0.0310	-0.0560	-0.4390	-0.4880
347	-0.0790	0.0190	0.0310	-0.0560	-0.4390	-0.4880
348	-0.0800	0.0180	0.0330	-0.0540	-0.4400	-0.4940
349	-0.0810	0.0180	0.0330	-0.0540	-0.4400	-0.4940
350	-0.0820	0.0180	0.0320	-0.0550	-0.4440	-0.4810
351	-0.0720	0.0180	0.0320	-0.0550	-0.4440	-0.4810
352	-0.0800	0.0180	0.0300	-0.0600	-0.4380	-0.5020
353	-0.0800	0.0180	0.0300	-0.0600	-0.4380	-0.5020
354	-0.0800	0.0170	0.0290	-0.0550	-0.4430	-0.5160
355	-0.0800	0.0170	0.0290	-0.0550	-0.4430	-0.5160
356	-0.0780	0.0180	0.0310	-0.0580	-0.4410	-0.5710
357	-0.0780	0.0190	0.0310	-0.0620	-0.4390	-0.5900
358	-0.0770	0.0190	0.0290	-0.0640	-0.4420	-0.5930
359	-0.0770	0.0190	0.0300	-0.0670	-0.4410	-0.5680
360	-0.0770	0.0180	0.0290	-0.0630	-0.4390	-0.5600
361	-0.0770	0.0180	0.0290	-0.0650	-0.4430	-0.5200
362	-0.0760	0.0190	0.0310	-0.0660	-0.4400	-0.5160
363	-0.0770	0.0210	0.0310	-0.0680	-0.4430	-0.5060
364	-0.0770	0.0210	0.0300	-0.0700	-0.4450	-0.5090
365	-0.0790	0.0220	0.0310	-0.0720	-0.4480	-0.5100
366	-0.0790	0.0210	0.0320	-0.0700	-0.4470	-0.5250
367	-0.0800	0.0200	0.0310	-0.0730	-0.4470	-0.5420
368	-0.0810	0.0200	0.0310	-0.0750	-0.4520	-0.5210
369	-0.0790	0.0200	0.0310	-0.0710	-0.4490	-0.5260
370	-0.0780	0.0200	0.0310	-0.0720	-0.4490	-0.4990
371	-0.0790	0.0190	0.0310	-0.0700	-0.4520	-0.5050
372	-0.0790	0.0190	0.0320	-0.0730	-0.4530	-0.5150
373	-0.0800	0.0200	0.0340	-0.0750	-0.4540	-0.5150
374	-0.0800	0.0200	0.0330	-0.0730	-0.4530	-0.5230
375	-0.0800	0.0220	0.0340	-0.0760	-0.4520	-0.5220
376	-0.0780	0.0210	0.0320	-0.0780	-0.4510	-0.5470
377	-0.0780	0.0210	0.0320	-0.0780	-0.4500	-0.5630
378	-0.0780	0.0220	0.0330	-0.0780	-0.4470	-0.6000
379	-0.0760	0.0230	0.0340	-0.0800	-0.4440	-0.6220
380	-0.0770	0.0220	0.0330	-0.0820	-0.4450	-0.6220
381	-0.0770	0.0240	0.0320	-0.0880	-0.4460	-0.6030
382	-0.0750	0.0240	0.0340	-0.0920	-0.4420	-0.6030
383	-0.0760	0.0250	0.0340	-0.0940	-0.4410	-0.6220
384	-0.0760	0.0240	0.0310	-0.0970	-0.4380	-0.6160
385	-0.0760	0.0240	0.0310	-0.0970	-0.4440	-0.6100
386	-0.0760	0.0250	0.0310	-0.1010	-0.4410	-0.6540
387	-0.0760	0.0250	0.0310	-0.0970	-0.4410	-0.6930
388	-0.0750	0.0260	0.0320	-0.1010	-0.4390	-0.7540
389	-0.0750	0.0250	0.0320	-0.1020	-0.4400	-0.7460
390	-0.0760	0.0250	0.0300	-0.0980	-0.4400	-0.7420
391	-0.0770	0.0240	0.0310	-0.0950	-0.4450	-0.7310
392	-0.0790	0.0230	0.0310	-0.0910	-0.4450	-0.7250
393	-0.0780	0.0230	0.0290	-0.0900	-0.4430	-0.7210
394	-0.0770	0.0220	0.0300	-0.0880	-0.4370	-0.7140
395	-0.0760	0.0250	0.0290	-0.0950	-0.4360	-0.7320
396	-0.0760	0.0260	0.0290	-0.0970	-0.4350	-0.7330
397	-0.0760	0.0260	0.0310	-0.1030	-0.4340	-0.7430
398	-0.0770	0.0260	0.0300	-0.1050	-0.4420	-0.7220
399	-0.0760	0.0260	0.0310	-0.1080	-0.4390	-0.6840
400	-0.0760	0.0260	0.0310	-0.1100	-0.4380	-0.6620
401	-0.0770	0.0260	0.0320	-0.1140	-0.4370	-0.6410
402	-0.0780	0.0250	0.0330	-0.1100	-0.4450	-0.6420
403	-0.0760	0.0260	0.0320	-0.1090	-0.4430	-0.6220
404	-0.0760	0.0270	0.0320	-0.1090	-0.4440	-0.6400
405	-0.0760	0.0260	0.0320	-0.1100	-0.4450	-0.6220
406	-0.0790	0.0270	0.0320	-0.1110	-0.4460	-0.6130
407	-0.0790	0.0270	0.0320	-0.1140	-0.4460	-0.6040
408	-0.0800	0.0270	0.0340	-0.1110	-0.4480	-0.6260
409	-0.0810	0.0270	0.0340	-0.1100	-0.4470	-0.6840
410	-0.0800	0.0260	0.0340	-0.1080	-0.4480	-0.7010
411	-0.0800	0.0240	0.0340	-0.1040	-0.4470	-0.7070
412	-0.0790	0.0260	0.0330	-0.1040	-0.4440	-0.7330
413	-0.0800	0.0260	0.0320	-0.1110	-0.4440	-0.7740
414	-0.0790	0.0260	0.0320	-0.1090	-0.4450	-0.7810
415	-0.0790	0.0270	0.0310	-0.1090	-0.4430	-0.7580
416	-0.0780	0.0260	0.0310	-0.1080	-0.4420	-0.7230
417	-0.0780	0.0270	0.0310	-0.1080	-0.4430	-0.7290
418	-0.0780	0.0250	0.0310	-0.1060	-0.4440	-0.7130
419	-0.0790	0.0260	0.0320	-0.1050	-0.4430	-0.6810
420	-0.0780	0.0260	0.0300	-0.1070	-0.4420	-0.6910
421	-0.0760	0.0270	0.0290	-0.1070	-0.4370	-0.7190
422	-0.0760	0.0270	0.0300	-0.1070	-0.4380	-0.7440
423	-0.0760	0.0260	0.0310	-0.1080	-0.4390	-0.7530
424	-0.0780	0.0260	0.0320	-0.1090	-0.4420	-0.7250
425	-0.0770	0.0270	0.0320	-0.1080	-0.4360	-0.7140
426	-0.0770	0.0260	0.0320	-0.1090	-0.4370	-0.7070
427	-0.0780	0.0260	0.0290	-0.1080	-0.4380	-0.6860
428	-0.0780	0.0250	0.0310	-0.1050	-0.4410	-0.6580
429	-0.0790	0.0250	0.0300	-0.1070	-0.4430	-0.6760
430	-0.0790	0.0250	0.0290	-0.1040	-0.4460	-0.6720
431	-0.0790	0.0250	0.0290	-0.1040	-0.4460	-0.6720
432	-0.0780	0.0260	0.0310	-0.1050	-0.4450	-0.6520
433	-0.0790	0.0270	0.0300	-0.1110	-0.4450	-0.6480
434	-0.0790	0.0270	0.0290	-0.1160	-0.4440	-0.6480
435	-0.0780	0.0270	0.0300	-0.1140	-0.4430	-0.6530
436	-0.0780	0.0280	0.0300	-0.1140	-0.4470	-0.6550
437	-0.0780	0.0270	0.0300	-0.1130	-0.4500	-0.6530
438	-0.0780	0.0260	0.0300	-0.1100	-0.4480	-0.6670
439	-0.0800	0.0270	0.0280	-0.1100	-0.4560	-0.6770
440	-0.0800	0.0260	0.0290	-0.1070	-0.4550	-0.6480
441	-0.0800	0.0280	0.0310	-0.1130	-0.4560	-0.6430
442	-0.0820	0.0280	0.0300	-0.1120	-0.4580	-0.6240
443	-0.0810	0.0280	0.0320	-0.1100	-0.4550	-0.5960
444	-0.0800	0.0270	0.0320	-0.1080	-0.4550	-0.5840
445	-0.0820	0.0270	0.0320	-0.1080	-0.4570	-0.6070
446	-0.0820	0.0270	0.0310	-0.1070	-0.4580	-0.6170
447	-0.0820	0.0250	0.0290	-0.1040	-0.4590	-0.6380
448	-0.0800	0.0250	0.0290	-0.0990	-0.4590	-0.6470
449	-0.0800	0.0250	0.0290	-0.0990	-0.4590	-0.6470
450	-0.0810	0.0270	0.0310	-0.1080	-0.4630	-0.7090
451	-0.0810	0.0260	0.0310	-0.1070	-0.4610	-0.7430
452	-0.0800	0.0250	0.0300	-0.1010	-0.4590	-0.7950
453	-0.0800	0.0250	0.0300	-0.1000	-0.4610	-0.8250
454	-0.0820	0.0250	0.0300	-0.1000	-0.4610	-0.8480
455	-0.0830	0.0240	0.0300	-0.0970	-0.4610	-0.8890
456	-0.0840	0.0240	0.0300	-0.0940	-0.4640	-0.9020
457	-0.0840	0.0240	0.0290	-0.0970	-0.4690	-0.9290
458	-0.0840	0.0240	0.0290	-0.0970	-0.4690	-0.9290
459	-0.0820	0.0260	0.0320	-0.1020	-0.4660	-0.9020
460	-0.0800	0.0270	0.0310	-0.1050	-0.4610	-0.9260
461	-0.0810	0.0270	0.0310	-0.1030	-0.4610	-0.9410
462	-0.0810	0.0270	0.0310	-0.1020	-0.4610	-0.9620
463	-0.0810	0.0280	0.0300	-0.1070	-0.4580	-0.9760
464	-0.0790	0.0290	0.0290	-0.1120	-0.4510	-0.9770
465	-0.0780	0.0300	0.0310	-0.1160	-0.4530	-0.9490
466	-0.0770	0.0300	0.0320	-0.1150	-0.4490	-0.9190
467	-0.0780	0.0300	0.0310	-0.1190	-0.4460	-0.9160
468	-0.0770	0.0280	0.0320	-0.1150	-0.4430	-0.9080
469	-0.0770	0.0300	0.0310	-0.1210	-0.4410	-0.8860
470	-0.0760	0.0310	0.0280	-0.1220	-0.4410	-0.8640
471	-0.0760	0.0300	0.0290	-0.1240	-0.4370	-0.8690
472	-0.0750	0.0310	0.0310	-0.1270	-0.4320	-0.8030
473	-0.0730	0.0300	0.0310	-0.1240	-0.4220	-0.8030
474	-0.0730	0.0320	0.0300	-0.1300	-0.4250	-0.7910
475	-0.0730	0.0320	0.0290	-0.1320	-0.4250	-0.7910
476	-0.0740	0.0310	0.0290	-0.1290	-0.4240	-0.7820
477	-0.0750	0.0300	0.0290	-0.1270	-0.4240	-0.8060
478	-0.0760	0.0310	0.0320	-0.1290	-0.4300	-0.8100
479	-0.0770	0.0300	0.0300	-0.1290	-0.4300	-0.8100
480	-0.0770	0.0310	0.0310	-0.1390	-0.4380	-0.7670
481	-0.0780	0.0310	0.0320	-0.1310	-0.4370	-0.7700
482	-0.0780	0.0320	0.0310	-0.1290	-0.4400	-0.7820
483	-0.0790	0.0310	0.0290	-0.1280	-0.4360	-0.7790
484	-0.0780	0.0300	0.0290	-0.1280	-0.4390	-0.7680
485	-0.0780	0.0300	0.0310	-0.1280	-0.4400	-0.7640
486	-0.0770	0.0300	0.0320	-0.1280	-0.4400	-0.7640
487	-0.0760	0.0300	0.0310	-0.1270	-0.4380	-0.7330
488	-0.0770	0.0300	0.0310	-0.1260	-0.4380	-0.7130
489	-0.0780	0.0310	0.0310	-0.1280	-0.4410	-0.7080
490	-0.0770	0.0300	0.0310	-0.1280	-0.4410	-0.7080
491	-0.0770	0.0320	0.0300	-0.1330	-0.4420	-0.7160
492	-0.0760	0.0300	0.0300	-0.1300	-0.4430	-0.7220
493	-0.0750	0.0300	0.0300	-0.1300	-0.4430	-0.7220
494	-0.0740	0.0300	0.0290	-0.1270	-0.4380	-0.7030
495	-0.0750	0.0300	0.0300	-0.1260	-0.4320	-0.7130
496	-0.0750	0.0310	0.0300	-0.1280	-0.4280	-0.7030
497	-0.0740	0.0310	0.0300	-0.1270	-0.4270	-0.6600
498	-0.0740	0.0310	0.0290	-0.1280	-0.4270	-0.6520
499	-0.0740	0.0310	0.0290	-0.1280	-0.4270	-0.6520
500	-0.0740	0.0300	0.0290	-0.1290	-0.4240	-0.6310
count	accelx	accely	accelz	roll	pitch	heading
1	-0.0680	0.0420	0.0580	0.0300	-0.3000	-0.3330
2	-0.0600	0.0580	0.0310	-0.3010	-0.3320	-0.1690
3	-0.0610	0.0590	0.0320	-0.3060	-0.3320	-0.1380
4	-0.0590	0.0600	0.0300	-0.3090	-0.3290	-0.1540
5	-0.0590	0.0600	0.0310	-0.3030	-0.3280	-0.1380
6	-0.0580	0.0590	0.0310	-0.3010	-0.3280	-0.1320
7	-0.0590	0.0570	0.0290	-0.2930	-0.3320	-0.1430
8	-0.0600	0.0580	0.0300	-0.2960	-0.3300	-0.1660
9	-0.0570	0.0580	0.0310	-0.2960	-0.3300	-0.1190
10	-0.0590	0.0590	0.0290	-0.2940	-0.3240	-0.0910
11	-0.0580	0.0580	0.0290	-0.2920	-0.3210	-0.0360
12	-0.0580	0.0570	0.0310	-0.2930	-0.3210	-0.0150
13	-0.0590	0.0570	0.0290	-0.2910	-0.3280	-0.0050
14	-0.0600	0.0560	0.0280	-0.2920	-0.3320	-0.0070
15	-0.0590	0.0570	0.0300	-0.2950	-0.3310	-0.0250
16	-0.0600	0.0570	0.0310	-0.2930	-0.3290	-0.0170
17	-0.0610	0.0570	0.0310	-0.2960	-0.3340	-0.0600
18	-0.0590	0.0590	0.0320	-0.2970	-0.3350	-0.0950
19	-0.0600	0.0580	0.0310	-0.2960	-0.3380	-0.1130
20	-0.0600	0.0580	0.0310	-0.2980	-0.3370	-0.1030
21	-0.0610	0.0570	0.0320	-0.2940	-0.3380	-0.1000
22	-0.0600	0.0550	0.0310	-0.2860	-0.3360	-0.0960
23	-0.0600	0.0550	0.0290	-0.2810	-0.3420	-0.0560
24	-0.0600	0.0550	0.0290	-0.2790	-0.3390	-0.0670
25	-0.0590	0.0540	0.0310	-0.2780	-0.3440	-0.0680
26	-0.0590	0.0550	0.0320	-0.2790	-0.3470	-0.0800
27	-0.0570	0.0560	0.0320	-0.2830	-0.3390	-0.1000
28	-0.0600	0.0570	0.0310	-0.2840	-0.3390	-0.1060
29	-0.0610	0.0570	0.0300	-0.2840	-0.3430	-0.1270
30	-0.0600	0.0570	0.0310	-0.2860	-0.3410	-0.1500
31	-0.0600	0.0580	0.0300	-0.2870	-0.3390	-0.1600
32	-0.0590	0.0590	0.0290	-0.2940	-0.3400	-0.1760
33	-0.0600	0.0590	0.0310	-0.2920	-0.3440	-0.1850
34	-0.0610	0.0580	0.0310	-0.2880	-0.3440	-0.1550
35	-0.0590	0.0570	0.0310	-0.2900	-0.3430	-0.1310
36	-0.0590	0.0560	0.0320	-0.2910	-0.3400	-0.1540
37	-0.0570	0.0570	0.0290	-0.2900	-0.3370	-0.1660
38	-0.0570	0.0570	0.0290	-0.2920	-0.3340	-0.1660
39	-0.0560	0.0560	0.0300	-0.2880	-0.3310	-0.1570
40	-0.0580	0.0560	0.0290	-0.2870	-0.3360	-0.1230
41	-0.0580	0.0560	0.0280	-0.2860	-0.3350	-0.1310
42	-0.0580	0.0570	0.0290	-0.2920	-0.3330	-0.1300
43	-0.0590	0.0580	0.0310	-0.2960	-0.3290	-0.1210
44	-0.0590	0.0590	0.0310	-0.2980	-0.3300	-0.1130
45	-0.0600	0.0600	0.0310	-0.3040	-0.3320	-0.1130
46	-0.0590	0.0600	0.0310	-0.3020	-0.3280	-0.1050
47	-0.0590	0.0600	0.0310	-0.3040	-0.3230	-0.1280
48	-0.0600	0.0590	0.0330	-0.3010	-0.3220	-0.1290
49	-0.0590	0.0590	0.0310	-0.3020	-0.3220	-0.1270
50	-0.0560	0.0580	0.0300	-0.3010	-0.3140	-0.1420
51	-0.0550	0.0590	0.0310	-0.3010	-0.3150	-0.1300
52	-0.0550	0.0590	0.0300	-0.3020	-0.3130	-0.1110
53	-0.0560	0.0610	0.0290	-0.3020	-0.3190	-0.1320
54	-0.0550	0.0610	0.0280	-0.3040	-0.3160	-0.1480
55	-0.0570	0.0610	0.0290	-0.3060	-0.3200	-0.1630
56	-0.0560	0.0610	0.0290	-0.3070	-0.3210	-0.1620
57	-0.0580	0.0600	0.0310	-0.3020	-0.3210	-0.1680
58	-0.0580	0.0610	0.0310	-0.3000	-0.3210	-0.2050
59	-0.0560	0.0610	0.0320	-0.3030	-0.3190	-0.2130
60	-0.0560	0.0610	0.0310	-0.3030	-0.3180	-0.2250
61	-0.0550	0.0610	0.0320	-0.3030	-0.3170	-0.2120
62	-0.0550	0.0600	0.0310	-0.3020	-0.3150	-0.2220
63	-0.0540	0.0600	0.0300	-0.3030	-0.3100	-0.2250
64	-0.0550	0.0610	0.0280	-0.3040	-0.3110	-0.2170
65	-0.0570	0.0600	0.0280	-0.2990	-0.3170	-0.2250
66	-0.0550	0.0580	0.0280	-0.2970	-0.3130	-0.1900
67	-0.0550	0.0580	0.0280	-0.2940	-0.3120	-0.2420
68	-0.0560	0.0580	0.0300	-0.2960	-0.3180	-0.2580
69	-0.0570	0.0580	0.0290	-0.2940	-0.3190	-0.2250
70	-0.0570	0.0570	0.0310	-0.2890	-0.3180	-0.2370
71	-0.0570	0.0580	0.0310	-0.2880	-0.3160	-0.2300
72	-0.0560	0.0580	0.0310	-0.2920	-0.3170	-0.2410
73	-0.0540	0.0590	0.0310	-0.2960	-0.3100	-0.1930
74	-0.0550	0.0590	0.0310	-0.2980	-0.3110	-0.2160
75	-0.0550	0.0590	0.0320	-0.2970	-0.3130	-0.2220
76	-0.0550	0.0590	0.0330	-0.2940	-0.3210	-0.2090
77	-0.0560	0.0580	0.0320	-0.2960	-0.3200	-0.1870
78	-0.0570	0.0590	0.0310	-0.3000	-0.3220	-0.1890
79	-0.0580	0.0600	0.0320	-0.3020	-0.3250	-0.1610
80	-0.0580	0.0590	0.0320	-0.2980	-0.3230	-0.1710
81	-0.0570	0.0590	0.0310	-0.3010	-0.3240	-0.1800
82	-0.0560	0.0580	0.0310	-0.3020	-0.3210	-0.1780
83	-0.0570	0.0580	0.0320	-0.3010	-0.3210	-0.1440
84	-0.0560	0.0570	0.0310	-0.2990	-0.3210	-0.1300
85	-0.0560	0.0580	0.0310	-0.2980	-0.3210	-0.1170
86	-0.0570	0.0580	0.0290	-0.2950	-0.3220	-0.1340
87	-0.0580	0.0570	0.0300	-0.2930	-0.3250	-0.1170
88	-0.0580	0.0570	0.0310	-0.2890	-0.3260	-0.1110
89	-0.0570	0.0570	0.0310	-0.2910	-0.3260	-0.1090
90	-0.0580	0.0570	0.0310	-0.2910	-0.3240	-0.0890
91	-0.0580	0.0570	0.0310	-0.2900	-0.3280	-0.0890
92	-0.0580	0.0570	0.0310	-0.2860	-0.3280	-0.1040
93	-0.0580	0.0570	0.0310	-0.2860	-0.3280	-0.1040
94	-0.0590	0.0560	0.0310	-0.2840	-0.3290	-0.0620
95	-0.0580	0.0550	-0.0530	-0.7890	-0.0600	-1.4100
96	-0.0590	0.0560	0.0310	-0.2870	-0.3230	-0.0670
97	-0.0580	0.0560	0.0300	-0.2880	-0.3200	-0.0700
98	-0.0570	0.0550	0.0310	-0.2860	-0.3160	-0.0960
99	-0.0570	0.0560	0.0310	-0.2920	-0.3200	-0.0930
100	-0.0560	0.0560	0.0320	-0.2910	-0.3200	-0.0970
101	-0.0560	0.0580	0.0320	-0.2940	-0.3220	-0.1190
102	-0.0560	0.0570	0.0300	-0.2930	-0.3210	-0.1170
103	-0.0560	0.0570	0.0300	-0.2940	-0.3210	-0.0930
104	-0.0580	0.0570	0.0290	-0.2970	-0.3240	-0.0390
105	-0.0570	0.0580	0.0290	-0.2990	-0.3230	0.0010
106	-0.0560	0.0570	0.0300	-0.2970	-0.3250	0.0010
107	-0.0570	0.0570	0.0310	-0.2950	-0.3280	-0.0140
108	-0.0580	0.0580	0.0290	-0.2960	-0.3290	-0.0400
109	-0.0570	0.0560	0.0280	-0.2890	-0.3230	-0.0360
110	-0.0570	0.0570	0.0300	-0.2930	-0.3180	-0.0180
111	-0.0570	0.0560	0.0290	-0.2880	-0.3190	0.0210
112	-0.0590	0.0540	0.0330	-0.2900	-0.3220	0.0270
113	-0.0460	0.0460	0.0290	-0.2310	-0.3050	0.0200
114	-0.0580	0.0470	0.0260	-0.2410	-0.3430	0.0250
115	-0.0600	0.0470	0.0350	-0.2640	-0.2450	0.0570
116	-0.0350	0.0440	0.0340	-0.2490	-0.2190	0.0490
117	-0.0470	0.0560	0.0230	-0.2640	-0.2600	0.0580
118	-0.0450	0.0530	0.0370	-0.2620	-0.2680	0.0650
119	-0.0430	0.0570	0.0310	-0.2820	-0.2690	0.0630
120	-0.0570	0.0530	0.0230	-0.3000	-0.2900	0.0850
121	-0.0690	0.0500	0.0340	-0.3000	-0.3170	0.1290
122	-0.0520	0.0630	0.0300	-0.3170	-0.2960	0.1270
123	-0.0420	0.0660	0.0280	-0.3330	-0.2740	0.1540
124	-0.0460	0.0640	0.0260	-0.3290	-0.2720	0.1390
125	-0.0580	0.0610	0.0340	-0.3380	-0.2610	0.1580
126	-0.0540	0.0560	0.0300	-0.3230	-0.2730	0.1700
127	-0.0480	0.0600	0.0260	-0.3390	-0.2850	0.1860
128	-0.0440	0.0780	0.0330	-0.3510	-0.2660	0.1780
129	-0.0470	0.0620	0.0300	-0.3450	-0.2800	0.1720
130	-0.0570	0.0640	0.0260	-0.3560	-0.2980	0.1860
131	-0.0620	0.0700	0.0300	-0.3480	-0.3060	0.1890
132	-0.0520	0.0560	0.0280	-0.3400	-0.3210	0.1510
133	-0.0550	0.0750	0.0300	-0.3500	-0.3140	0.1380
134	-0.0610	0.0680	0.0320	-0.3350	-0.3420	0.1320
135	-0.0570	0.0520	0.0300	-0.3360	-0.3390	0.1480
136	-0.0730	0.0720	0.0280	-0.3300	-0.3570	0.1780
137	-0.0550	0.0530	0.0280	-0.3220	-0.3500	0.1440
138	-0.0560	0.0640	0.0310	-0.3300	-0.3380	0.0890
139	-0.0640	0.0720	0.0270	-0.3200	-0.3530	0.0950
140	-0.0590	0.0490	0.0290	-0.3040	-0.3570	0.1250
141	-0.0770	0.0690	0.0330	-0.3130	-0.3540	0.1290
142	-0.0550	0.0610	0.0280	-0.3270	-0.3540	0.0680
143	-0.0600	0.0600	0.0310	-0.3150	-0.3550	0.0650
144	-0.0650	0.0710	0.0300	-0.3180	-0.3480	0.0300
145	-0.0550	0.0580	0.0340	-0.3290	-0.3290	-0.0040
146	-0.0640	0.0660	0.0320	-0.3220	-0.3300	-0.0020
147	-0.0560	0.0640	0.0300	-0.3150	-0.3310	-0.0340
148	-0.0530	0.0600	0.0340	-0.3020	-0.3270	-0.0450
149	-0.0600	0.0630	0.0310	-0.2970	-0.3360	-0.0830
150	-0.0630	0.0590	0.0320	-0.2950	-0.3330	-0.1010
151	-0.0580	0.0600	0.0290	-0.3000	-0.3400	-0.1450
152	-0.0670	0.0570	0.0320	-0.2750	-0.3490	-0.1560
153	-0.0490	0.0620	0.0280	-0.2890	-0.3360	-0.2200
154	-0.0650	0.0580	0.0330	-0.2950	-0.3480	-0.1880
155	-0.0580	0.0640	0.0250	-0.3060	-0.3360	-0.1910
156	-0.0600	0.0520	0.0340	-0.2880	-0.2990	-0.1880
157	-0.0520	0.0680	0.0280	-0.3130	-0.3300	-0.2250
158	-0.0620	0.0580	0.0320	-0.3180	-0.3350	-0.2380
159	-0.0470	0.0720	0.0280	-0.3460	-0.3230	-0.2950
160	-0.0670	0.0600	0.0320	-0.3560	-0.3210	-0.3070
161	-0.0480	0.0740	0.0250	-0.3710	-0.3070	-0.3440
162	-0.0630	0.0630	0.0300	-0.3490	-0.3120	-0.3470
163	-0.0630	0.0630	0.0300	-0.3490	-0.3120	-0.3470
164	-0.0640	0.0630	0.0270	-0.3640	-0.3200	-0.3950
165	-0.0640	0.0630	0.0270	-0.3640	-0.3200	-0.3950
166	-0.0660	0.0560	0.0260	-0.3550	-0.3310	-0.4010
167	-0.0490	0.0760	0.0210	-0.3610	-0.3390	-0.4420
168	-0.0700	0.0620	0.0270	-0.3310	-0.3430	-0.4510
169	-0.0450	0.0730	0.0230	-0.3360	-0.3190	-0.4650
170	-0.0680	0.0640	0.0260	-0.3210	-0.3360	-0.4890
171	-0.0530	0.0670	0.0260	-0.3330	-0.3300	-0.4890
172	-0.0710	0.0650	0.0300	-0.3420	-0.3620	-0.4570
173	-0.0560	0.0720	0.0230	-0.3340	-0.3700	-0.4570
174	-0.0690	0.0660	0.0290	-0.3310	-0.3800	-0.4790
175	-0.0740	0.0570	0.0250	-0.3290	-0.3930	-0.5210
176	-0.0660	0.0660	0.0170	-0.3110	-0.4170	-0.5210
177	-0.0790	0.0480	0.0330	-0.2960	-0.4220	-0.5250
178	-0.0650	0.0550	0.0220	-0.2960	-0.3920	-0.5250
179	-0.0860	0.0490	0.0290	-0.2870	-0.3940	-0.6250
180	-0.0710	0.0590	0.0260	-0.2860	-0.3940	-0.6250
181	-0.0880	0.0630	0.0270	-0.2860	-0.4810	-0.6530
182	-0.0840	0.0620	0.0260	-0.3390	-0.4810	-0.6530
183	-0.0750	0.0760	0.0260	-0.3510	-0.4410	-0.6050
184	-0.0740	0.0580	0.0250	-0.3410	-0.4410	-0.6050
185	-0.0660	0.0820	0.0320	-0.3740	-0.3510	-0.6860
186	-0.0710	0.0730	0.0410	-0.4740	-0.3510	-0.6860
187	-0.0560	0.0810	0.0290	-0.3960	-0.3900	-0.6370
188	-0.0650	0.0690	0.0380	-0.3960	-0.3900	-0.6370
189	-0.0600	0.0710	0.0260	-0.3990	-0.3350	-0.6260
190	-0.0700	0.0730	0.0290	-0.3570	-0.3350	-0.6260
191	-0.0740	0.0490	0.0270	-0.3470	-0.3690	-0.6130
192	-0.0570	0.0790	0.0200	-0.3420	-0.3690	-0.5430
193	-0.0690	0.0540	0.0320	-0.3420	-0.3990	-0.6210
194	-0.0460	0.0770	0.0250	-0.3300	-0.3600	-0.5720
195	-0.0820	0.0590	0.0250	-0.3300	-0.3600	-0.5720
196	-0.0540	0.0710	0.0260	-0.3240	-0.3690	-0.5360
197	-0.0640	0.0640	0.0260	-0.3240	-0.3690	-0.5360
198	-0.0710	0.0670	0.0220	-0.3370	-0.3730	-0.5860
199	-0.0710	0.0670	0.0220	-0.3370	-0.3730	-0.5860
200	-0.0670	0.0620	0.0240	-0.2880	-0.4050	-0.5890
201	-0.0620	0.0620	0.0240	-0.2880	-0.4050	-0.5890
202	-0.0730	0.0590	0.0210	-0.3260	-0.3760	-0.5910
203	-0.0400	0.0590	0.0210	-0.3260	-0.3760	-0.5910
204	-0.0740	0.0680	0.0270	-0.3500	-0.3510	-0.6620
205	-0.0740	0.0680	0.0270	-0.3500	-0.3510	-0.6620
206	-0.0560	0.0630	0.0350	-0.4160	-0.2890	-0.6340
207	-0.0580	0.0850	0.0210	-0.4170	-0.2950	-0.6140
208	-0.0340	0.0560	0.0300	-0.3930	-0.2690	-0.5570
209	-0.0530	0.0560	0.0300	-0.3930	-0.2690	-0.5570
210	-0.0530	0.0710	0.0430	-0.3830	-0.2520	-0.5780
211	-0.0160	0.0860	0.0280	-0.3930	-0.2140	-0.5720
212	-0.0610	0.0640	0.0350	-0.3450	-0.2450	-0.5480
213	-0.0220	0.0790	0.0290	-0.3500	-0.2460	-0.5800
214	-0.0650	0.0680	0.0360	-0.3400	-0.3210	-0.5330
215	-0.0470	0.0610	0.0320	-0.3220	-0.3250	-0.5300
216	-0.0640	0.0640	0.0190	-0.2930	-0.3670	-0.5370
217	-0.0730	0.0500	0.0270	-0.2820	-0.3880	-0.4890
218	-0.0560	0.0690	0.0140	-0.3160	-0.3700	-0.5230
219	-0.0830	0.0530	0.0290	-0.3300	-0.3970	-0.4670
220	-0.0530	0.0670	0.0110	-0.3620	-0.4000	-0.4710
221	-0.0860	0.0650	0.0330	-0.3670	-0.3540	-0.4500
222	-0.0330	0.0830	0.0180	-0.4040	-0.3340	-0.4770
223	-0.0730	0.0800	0.0350	-0.3950	-0.3340	-0.4350
224	-0.0440	0.0700	0.0330	-0.4000	-0.3170	-0.4620
225	-0.0580	0.0790	0.0250	-0.3860	-0.3300	-0.4840
226	-0.0640	0.0550	0.0340	-0.3640	-0.3090	-0.4870
227	-0.0480	0.0890	0.0210	-0.4010	-0.3450	-0.5180
228	-0.0720	0.0680	0.0360	-0.3630	-0.3560	-0.5010
229	-0.0490	0.0840	0.0220	-0.3860	-0.3610	-0.5120
230	-0.0900	0.0640	0.0280	-0.3830	-0.4250	-0.4720
231	-0.0620	0.0830	0.0210	-0.4330	-0.4360	-0.4730
232	-0.0830	0.0830	0.0220	-0.4060	-0.4680	-0.4520
233	-0.0760	0.0700	0.0270	-0.4060	-0.4280	-0.4550
234	-0.0670	0.0940	0.0240	-0.4590	-0.4420	-0.4680
235	-0.0860	0.0770	0.0280	-0.4280	-0.4270	-0.4120
236	-0.0630	0.0880	0.0300	-0.4550	-0.3850	-0.4500
237	-0.0800	0.0760	0.0270	-0.4310	-0.4200	-0.4050
238	-0.0670	0.0920	0.0290	-0.4300	-0.3970	-0.3970
239	-0.0790	0.0800	0.0310	-0.4270	-0.4160	-0.3940
240	-0.0760	0.0880	0.0280	-0.4200	-0.4860	-0.4290
241	-0.0960	0.0740	0.0400	-0.3700	-0.5060	-0.4460
242	-0.0950	0.0640	0.0310	-0.3660	-0.5300	-0.4620
243	-0.0930	0.0770	0.0240	-0.3360	-0.5630	-0.4540
244	-0.1050	0.0660	0.0340	-0.3310	-0.5900	-0.4330
245	-0.0900	0.0800	0.0270	-0.3470	-0.5800	-0.4590
246	-0.1070	0.0680	0.0330	-0.3250	-0.5810	-0.4700
247	-0.0880	0.0650	0.0280	-0.2990	-0.5790	-0.5180
248	-0.1060	0.0680	0.0300	-0.2970	-0.5620	-0.5020
249	-0.0910	0.0550	0.0280	-0.3040	-0.5500	-0.4840
250	-0.0930	0.0590	0.0200	-0.2770	-0.5500	-0.4970
251	-0.1060	0.0520	0.0310	-0.2900	-0.5580	-0.4930
252	-0.0710	0.0770	0.0120	-0.3340	-0.5260	-0.5370
253	-0.0970	0.0640	0.0340	-0.3310	-0.4900	-0.4920
254	-0.0570	0.0810	0.0150	-0.3700	-0.4250	-0.5160
255	-0.0810	0.0670	0.0370	-0.3530	-0.3750	-0.4930
256	-0.0370	0.0800	0.0220	-0.3560	-0.3050	-0.5200
257	-0.0710	0.0660	0.0350	-0.3370	-0.2950	-0.4270
258	-0.0340	0.0720	0.0280	-0.3660	-0.2680	-0.4380
259	-0.0580	0.0740	0.0360	-0.3320	-0.2840	-0.4200
260	-0.0600	0.0630	0.0320	-0.3230	-0.3020	-0.3560
261	-0.0480	0.0800	0.0200	-0.3330	-0.3220	-0.3450
262	-0.0690	0.0600	0.0320	-0.2800	-0.3200	-0.3230
263	-0.0430	0.0720	0.0170	-0.2660	-0.3270	-0.3510
264	-0.0690	0.0570	0.0390	-0.2500	-0.3260	-0.3010
265	-0.0420	0.0670	0.0250	-0.2460	-0.3250	-0.3050
266	-0.0720	0.0470	0.0340	-0.2280	-0.3340	-0.2590
267	-0.0550	0.0540	0.0300	-0.2530	-0.3410	-0.2590
268	-0.0710	0.0580	0.0270	-0.2280	-0.3640	-0.2740
269	-0.0660	0.0420	0.0310	-0.2210	-0.3750	-0.2430
270	-0.0630	0.0620	0.0230	-0.1990	-0.3830	-0.2560
271	-0.0690	0.0260	0.0320	-0.1840	-0.3720	-0.2160
272	-0.0510	0.0590	0.0320	-0.2180	-0.3340	-0.2750
273	-0.0650	0.0300	0.0370	-0.2140	-0.2970	-0.2290
274	-0.0340	0.0530	0.0370	-0.2450	-0.2450	-0.2870
275	-0.0570	0.0450	0.0440	-0.2330	-0.2570	-0.2720
276	-0.0330	0.0560	0.0380	-0.2480	-0.2090	-0.3090
277	-0.0550	0.0420	0.0410	-0.2050	-0.2490	-0.2830
278	-0.0440	0.0450	0.0410	-0.1880	-0.2460	-0.2850
279	-0.0500	0.0450	0.0310	-0.2070	-0.2930	-0.2530
280	-0.0570	0.0380	0.0340	-0.1880	-0.2830	-0.2490
281	-0.0510	0.0400	0.0250	-0.2000	-0.2860	-0.2770
282	-0.0650	0.0320	0.0360	-0.1810	-0.2780	-0.2770
283	-0.0450	0.0350	0.0300	-0.1860	-0.2620	-0.2550
284	-0.0560	0.0460	0.0260	-0.2070	-0.2980	-0.3160
285	-0.0370	0.0490	0.0340	-0.1990	-0.2450	-0.3110
286	-0.0530	0.0460	0.0290	-0.1900	-0.2540	-0.3370
287	-0.0300	0.0420	0.0360	-0.1860	-0.2130	-0.3860
288	-0.0370	0.0480	0.0350	-0.1780	-0.1920	-0.3620
289	-0.0410	0.0320	0.0330	-0.1770	-0.2020	-0.3430
290	-0.0320	0.0460	0.0260	-0.1880	-0.2210	-0.3660
291	-0.0530	0.0290	0.0330	-0.1490	-0.2360	-0.2780
292	-0.0120	0.0550	0.0150	-0.1880	-0.1950	-0.3150
293	-0.0430	0.0320	0.0300	-0.1700	-0.1580	-0.2790
294	-0.0160	0.0380	0.0210	-0.2170	-0.1150	-0.3010
295	-0.0330	0.0320	0.0220	-0.2080	-0.1150	-0.2990
296	-0.0080	0.0460	0.0220	-0.2280	-0.0570	-0.2600
297	-0.0220	0.0430	0.0240	-0.2720	-0.0680	-0.2220
298	-0.0120	0.0500	0.0270	-0.2700	-0.0620	-0.1830
299	-0.0220	0.0500	0.0290	-0.2710	-0.0980	-0.1540
300	-0.0140	0.0490	0.0300	-0.2680	-0.0720	-0.1380
301	0.0030	0.0660	0.0290	-0.3110	-0.0270	-0.1520
302	-0.0120	0.0490	0.0300	-0.3170	-0.0090	-0.0990
303	0.0170	0.0630	0.0260	-0.3680	0.0660	-0.1170
304	0.0060	0.0700	0.0320	-0.3770	0.0940	-0.1100
305	0.0280	0.0720	0.0310	-0.3880	0.1410	-0.0680
306	0.0130	0.0740	0.0380	-0.4050	0.1660	-0.0340
307	0.0300	0.0860	0.0380	-0.4040	0.1350	-0.0880
308	0.0140	0.0840	0.0440	-0.4150	0.1220	-0.0700
309	0.0080	0.0630	0.0420	-0.3930	0.1190	-0.0360
310	0.0080	0.0630	0.0420	-0.3930	0.1190	-0.0360
311	0.0020	0.0550	0.0350	-0.3480	0.1010	-0.0110
312	0.0210	0.0760	0.0280	-0.3520	0.1020	-0.0360
313	-0.0010	0.0550	0.0420	-0.3350	0.0880	-0.0150
314	0.0260	0.0780	0.0350	-0.3450	0.1130	-0.0460
315	0.0110	0.0590	0.0390	-0.3130	0.1120	-0.0240
316	0.0280	0.0670	0.0340	-0.3240	0.1180	-0.0960
317	0.0230	0.0660	0.0280	-0.3120	0.1500	-0.1040
318	0.0120	0.0540	0.0400	-0.3110	0.1560	-0.1170
319	0.0360	0.0670	0.0280	-0.3280	0.1550	-0.1220
320	0.0130	0.0540	0.0370	-0.3060	0.1470	-0.0720
321	0.0340	0.0590	0.0290	-0.3130	0.1610	-0.0940
322	0.0090	0.0500	0.0360	-0.2980	0.1630	-0.0480
323	0.0370	0.0590	0.0230	-0.3260	0.1600	-0.0480
324	0.0100	0.0670	0.0310	-0.3000	0.1350	0.0000
325	0.0180	0.0510	0.0210	-0.3260	0.1540	0.0300
326	0.0390	0.0750	0.0220	-0.3230	0.2130	0.0710
327	0.0460	0.0570	0.0170	-0.3470	0.2560	0.0710
328	0.0590	0.0860	0.0250	-0.3830	0.2960	0.0800
329	0.0290	0.0500	0.0300	-0.3460	0.2990	0.0800
330	0.0670	0.0910	0.0210	-0.3800	0.2960	0.1490
331	0.0440	0.0680	0.0360	-0.3510	0.2950	0.0960
332	0.0570	0.0820	0.0230	-0.3700	0.3360	0.1620
333	0.0550	0.0780	0.0240	-0.3530	0.3360	0.1620
334	0.0490	0.0730	0.0260	-0.3730	0.3010	0.1970
335	0.0530	0.0770	0.0150	-0.3780	0.2970	0.2220
336	0.0300	0.0670	0.0240	-0.3590	0.2840	0.2400
337	0.0540	0.0750	0.0180	-0.3510	0.2590	0.2570
338	0.0420	0.0750	0.0200	-0.3510	0.2590	0.2570
339	0.0400	0.0660	0.0230	-0.3510	0.2760	0.2230
340	0.0540	0.0830	0.0060	-0.3510	0.2760	0.2230
341	0.0420	0.0670	0.0160	-0.3960	0.2810	0.1850
342	0.0560	0.0900	0.0190	-0.3860	0.2680	0.1600
343	0.0430	0.0630	0.0080	-0.4300	0.2730	0.1090
344	0.0750	0.0990	0.0280	-0.4270	0.3220	0.1100
345	0.0520	0.0790	0.0140	-0.4560	0.3550	0.0770
346	0.0710	0.0850	0.0140	-0.4560	0.3550	0.0770
347	0.0600	0.1050	0.0200	-0.4740	0.3980	0.0860
348	0.0650	0.0010	0.0210	-0.4820	0.3840	0.1130
349	0.0660	0.0900	0.0260	-0.5080	0.3620	0.1600
350	0.0520	0.1000	0.0200	-0.4920	0.3790	0.1400
351	0.0690	0.0790	0.0430	-0.4730	0.4190	0.1700
352	0.0380	0.0790	0.0430	-0.4730	0.4190	0.1700
353	0.0620	0.0840	0.0300	-0.4890	0.3430	0.1920
354	0.0540	0.0900	0.0260	-0.4950	0.3550	0.1530
355	0.0540	0.0900	0.0260	-0.4950	0.3550	0.1530
356	0.0690	0.0860	0.0300	-0.5120	0.4270	0.1690
357	0.0800	0.1060	0.0320	-0.5200	0.4400	0.1160
358	0.0560	0.0740	0.0330	-0.5020	0.4280	0.1820
359	0.0810	0.1030	0.0250	-0.5260	0.4370	0.1620
360	0.0660	0.0960	0.0180	-0.4930	0.3990	0.1820
361	0.0730	0.0990	0.0280	-0.4940	0.4040	0.1580
362	0.0640	0.0930	0.0220	-0.5080	0.3750	0.1600
363	0.0660	0.0970	0.0340	-0.5110	0.4040	0.1430
364	0.0650	0.0880	0.0240	-0.4730	0.3700	0.1940
365	0.0370	0.0810	0.0320	-0.4610	0.3290	0.2140
366	0.0650	0.0920	0.0210	-0.4810	0.3290	0.2420
367	0.0420	0.0840	0.0250	-0.4340	0.3060	0.2900
368	0.0490	0.0830	0.0270	-0.4540	0.3220	0.3240
369	0.0610	0.0980	0.0220	-0.4750	0.3300	0.2880
370	0.0430	0.0830	0.0360	-0.4760	0.3040	0.3110
371	0.0590	0.0970	0.0190	-0.4480	0.3250	0.3030
372	0.0280	0.0790	0.0300	-0.4340	0.2810	0.3580
373	0.0520	0.0960	0.0260	-0.4820	0.2580	0.3190
374	0.0310	0.0850	0.0250	-0.4420	0.2340	0.3550
375	0.0400	0.0750	0.0200	-0.4300	0.2470	0.3490
376	0.0390	0.0920	0.0200	-0.4670	0.2370	0.3020
377	0.0370	0.0840	0.0340	-0.4820	0.2470	0.3270
378	0.0490	0.0950	0.0270	-0.4900	0.2520	0.3750
379	0.0280	0.0860	0.0350	-0.4860	0.2670	0.4230
380	0.0560	0.0930	0.0280	-0.5320	0.2780	0.4000
381	0.0260	0.0960	0.0330	-0.5490	0.2450	0.4350
382	0.0360	0.0970	0.0320	-0.5740	0.2650	0.5020
383	0.0330	0.1040	0.0270	-0.5870	0.2400	0.5260
384	0.0260	0.0990	0.0270	-0.5580	0.2340	0.5580
385	0.0350	0.1160	0.0220	-0.5710	0.2100	0.5380
386	0.0140	0.0910	0.0360	-0.5260	0.1770	0.5660
387	0.0340	0.1160	0.0280	-0.5760	0.1380	0.5720
388	-0.0110	0.0910	0.0280	-0.5060	0.0450	0.6200
389	0.0090	0.0880	0.0240	-0.5110	0.0370	0.5890
390	-0.0100	0.1080	0.0170	-0.5340	-0.0240	0.5660
391	-0.0010	0.1030	0.0230	-0.5140	-0.0240	0.6030
392	-0.0060	0.1080	0.0230	-0.4970	-0.0200	0.5850
393	-0.0120	0.0950	0.0320	-0.4890	-0.0120	0.6010
394	0.0080	0.0960	0.0230	-0.4650	-0.0250	0.5680
395	-0.0280	0.0830	0.0330	-0.4500	-0.0530	0.5750
396	0.0060	0.0840	0.0200	-0.4490	-0.0090	0.5380
397	-0.0190	0.0780	0.0210	-0.3990	-0.0370	0.5120
398	-0.0040	0.0730	0.0250	-0.4310	-0.0070	0.5540
399	-0.0100	0.0880	0.0270	-0.4790	-0.0580	0.5340
400	-0.0220	0.0760	0.0220	-0.4690	-0.0950	0.5520
401	-0.0140	0.1010	0.0260	-0.5150	-0.0750	0.5470
402	-0.0210	0.0860	0.0240	-0.5170	-0.0630	0.5770
403	0.0020	0.1140	0.0300	-0.6090	-0.0130	0.5130
404	-0.0120	0.1090	0.0310	-0.6330	-0.0200	0.5440
405	-0.0010	0.1140	0.0360	-0.6440	0.0320	0.5210
406	0.0070	0.1250	0.0280	-0.6550	0.0480	0.5060
407	-0.0010	0.1130	0.0390	-0.6370	0.0470	0.5230
408	0.0040	0.1180	0.0340	-0.6380	0.0330	0.5210
409	-0.0170	0.1100	0.0420	-0.6180	0.0000	0.5030
410	0.0050	0.1180	0.0330	-0.6140	-0.0440	0.5040
411	-0.0360	0.1030	0.0360	-0.5980	-0.1180	0.5660
412	-0.0220	0.1050	0.0310	-0.5820	-0.1250	0.5260
413	-0.0280	0.1080	0.0250	-0.5550	-0.1280	0.5240
414	-0.0310	0.0850	0.0330	-0.5370	-0.1220	0.5310
415	-0.0130	0.1120	0.0270	-0.5870	-0.1090	0.4770
416	-0.0310	0.0990	0.0310	-0.5860	-0.1280	0.4640
417	-0.0060	0.1170	0.0200	-0.6000	-0.1010	0.4400
418	-0.0440	0.0910	0.0360	-0.5740	-0.1150	0.5100
419	-0.0070	0.1120	0.0210	-0.5710	-0.1090	0.4580
420	-0.0370	0.1000	0.0300	-0.5670	-0.1190	0.5110
421	-0.0280	0.1040	0.0260	-0.6040	-0.1480	0.4930
422	-0.0230	0.1240	0.0240	-0.6200	-0.1490	0.4530
423	-0.0250	0.1050	0.0300	-0.6270	-0.1030	0.4920
424	-0.0060	0.1270	0.0240	-0.6470	-0.0780	0.4640
425	-0.0270	0.1080	0.0390	-0.6600	-0.0650	0.5570
426	0.0040	0.1300	0.0230	-0.6650	-0.0270	0.5360
427	-0.0330	0.1100	0.0400	-0.6360	-0.0640	0.6230
428	-0.0020	0.1280	0.0230	-0.6550	-0.0670	0.5860
429	-0.0270	0.1170	0.0310	-0.6340	-0.0830	0.6440
430	-0.0160	0.1180	0.0240	-0.6840	-0.0940	0.6230
431	-0.0180	0.1400	0.0200	-0.6850	-0.0900	0.6280
432	-0.0250	0.1080	0.0220	-0.6850	-0.0880	0.6390
433	0.0050	0.1400	0.0230	-0.7090	-0.0430	0.5900
434	-0.0160	0.1160	0.0310	-0.7200	0.0120	0.6060
435	0.0210	0.1400	0.0290	-0.7520	0.0780	0.5520
436	-0.0060	0.1240	0.0330	-0.7330	0.0840	0.6330
437	0.0090	0.1310	0.0300	-0.7300	0.0660	0.6510
438	0.0100	0.1360	0.0230	-0.6880	0.0480	0.6460
439	-0.0020	0.1200	0.0330	-0.6710	0.0590	0.6840
440	0.0130	0.1210	0.0220	-0.6590	0.0740	0.6540
441	-0.0070	0.1150	0.0370	-0.6380	0.0700	0.7130
442	0.0170	0.1190	0.0210	-0.6350	0.0640	0.7380
443	-0.0140	0.1120	0.0330	-0.5850	0.0180	0.7400
444	0.0020	0.1100	0.0260	-0.5860	-0.0420	0.7690
445	-0.0250	0.1110	0.0330	-0.5810	-0.0560	0.7900
446	-0.0220	0.0960	0.0250	-0.5590	-0.0930	0.8000
447	-0.0210	0.1010	0.0300	-0.5530	-0.0880	0.7590
448	-0.0320	0.0960	0.0350	-0.5970	-0.0860	0.8390
449	-0.0100	0.1190	0.0190	-0.5910	-0.0990	0.8100
450	-0.0310	0.1010	0.0360	-0.5790	-0.1190	0.8120
451	-0.0130	0.1090	0.0240	-0.5730	-0.1360	0.7580
452	-0.0290	0.1080	0.0310	-0.6000	-0.0870	0.7540
453	-0.0050	0.1100	0.0280	-0.6110	-0.0940	0.7150
454	-0.0310	0.1100	0.0280	-0.5990	-0.1010	0.7130
455	-0.0150	0.1030	0.0320	-0.6090	-0.0430	0.7280
456	-0.0060	0.1280	0.0280	-0.6550	-0.0360	0.6750
457	-0.0200	0.1020	0.0320	-0.6220	-0.0190	0.6930
458	-0.0070	0.1260	0.0350	-0.6700	-0.0390	0.6600
459	-0.0340	0.1150	0.0300	-0.6480	-0.1080	0.6880
460	-0.0130	0.1290	0.0370	-0.6640	-0.0910	0.6760
461	-0.0360	0.1150	0.0310	-0.6320	-0.1220	0.7430
462	-0.0170	0.1160	0.0340	-0.6350	-0.0860	0.6950
463	-0.0270	0.1110	0.0270	-0.6050	-0.1190	0.6470
464	-0.0330	0.1030	0.0300	-0.5940	-0.1370	0.6320
465	-0.0220	0.1230	0.0290	-0.6290	-0.1320	0.5910
466	-0.0430	0.1020	0.0330	-0.6170	-0.1520	0.6380
467	-0.0130	0.1220	0.0200	-0.6440	-0.0890	0.5690
468	-0.0260	0.1160	0.0290	-0.6400	-0.0730	0.5650
469	0.0110	0.1240	0.0220	-0.6300	0.0270	0.5580
470	-0.0110	0.1100	0.0310	-0.6510	0.0330	0.5970
471	0.0190	0.1310	0.0310	-0.6810	0.0520	0.6020
472	0.0070	0.1160	0.0280	-0.6490	0.1100	0.6110
473	0.0310	0.1160	0.0320	-0.6520	0.1380	0.5570
474	0.0320	0.1360	0.0230	-0.6660	0.1810	0.5130
475	0.0140	0.1090	0.0380	-0.6790	0.2140	0.5520
476	0.0420	0.1240	0.0190	-0.6440	0.1880	0.5330
477	-0.0050	0.1010	0.0390	-0.5810	0.1010	0.5790
478	0.0150	0.1130	0.0250	-0.5670	0.0430	0.5180
479	-0.0140	0.1020	0.0320	-0.5570	0.0060	0.5010
480	-0.0140	0.1020	0.0320	-0.5570	0.0060	0.5010
481	-0.0230	0.0960	0.0340	-0.5720	-0.0410	0.4350
482	-0.0230	0.0960	0.0340	-0.5720	-0.0410	0.4350
483	-0.0090	0.1070	0.0280	-0.5710	0.0040	0.3650
484	-0.0090	0.1070	0.0280	-0.5710	0.0040	0.3650
485	0.0080	0.1290	0.0220	-0.5950	-0.0190	0.3120
486	-0.0170	0.0990	0.0340	-0.5430	0.0060	0.3330
487	0.0070	0.1100	0.0270	-0.5640	-0.0160	0.2490
488	-0.0220	0.0980	0.0350	-0.5390	-0.0230	0.2480
489	0.0020	0.1060	0.0300	-0.5700	-0.0310	0.2248
490	-0.0240	0.0990	0.0330	-0.5290	-0.0340	0.2060
491	0.0040	0.1040	0.0350	-0.5680	-0.0040	0.2060
492	0.0020	0.1140	0.0240	-0.6030	-0.0280	0.1750
493	-0.0130	0.1020	0.0330	-0.6010	-0.0090	0.1750
494	-0.0020	0.1140	0.0240	-0.6190	-0.0360	0.1990
495	-0.0250	0.1030	0.0260	-0.5810	-0.0360	0.1990
496	-0.0200	0.1180	0.0290	-0.5690	-0.1520	0.2550
497	-0.0460	0.1000	0.0280	-0.5310	-0.1520	0.2550
498	-0.0390	0.1200	0.0300	-0.5120	-0.2480	0.2990
499	-0.0490	0.0910	0.0300	-0.4970	-0.2480	0.2990
500	-0.0480	0.1020	0.0300	-0.5150	-0.2480	0.2990
501	-0.0680	0.0930	0.0280	-0.5050	-0.3000	0.1540
502	-0.0670	0.0910	0.0250	-0.5030	-0.3570	0.1970
503	-0.0600	0.1000	0.0270	-0.4890	-0.3710	0.2360
504	-0.0870	0.0870	0.0180	-0.4890	-0.3710	0.2360
505	-0.0640	0.0920	0.0200	-0.4620	-0.4460	0.2850
506	-0.0860	0.0870	0.0180	-0.4620	-0.4460	0.2850
507	-0.0620	0.0910	0.0190	-0.4750	-0.4150	0.2820
508	-0.0720	0.0890	0.0260	-0.4750	-0.4150	0.2820
509	-0.0430	0.1030	0.0280	-0.5080	-0.3440	0.2870
510	-0.0450	0.0990	0.0280	-0.5080	-0.3440	0.2870
511	-0.0180	0.1060	0.0340	-0.5520	-0.2090	0.3340
512	-0.0350	0.0950	0.0340	-0.5520	-0.2090	0.3340
513	-0.0340	0.1000	0.0400	-0.5420	-0.1360	0.3820
514	-0.0360	0.0990	0.0400	-0.5420	-0.1360	0.3820
515	-0.0650	0.1010	0.0300	-0.5550	-0.2100	0.4450
516	-0.0420	0.1010	0.0300	-0.5550	-0.2100	0.4450
517	-0.0680	0.1070	0.0240	-0.5350	-0.3440	0.4210
518	-0.0400	0.0970	0.0320	-0.5500	-0.3190	0.3920
519	-0.0610	0.1120	0.0270	-0.5650	-0.2980	0.3220
520	-0.0530	0.1070	0.0310	-0.5520	-0.2790	0.3300
521	-0.0530	0.1070	0.0310	-0.5520	-0.2790	0.3300
522	-0.0560	0.1050	0.0270	-0.5460	-0.3370	0.3480
523	-0.0560	0.1050	0.0270	-0.5460	-0.3370	0.3480
524	-0.0510	0.1040	0.0250	-0.5680	-0.3040	0.3220
525	-0.0510	0.1040	0.0250	-0.5680	-0.3040	0.3220
526	-0.0610	0.1020	0.0280	-0.5420	-0.3020	0.2800
527	-0.0610	0.1010	0.0260	-0.5160	-0.3160	0.2520
528	-0.0640	0.0980	0.0300	-0.5010	-0.3400	0.2570
529	-0.0600	0.1010	0.0300	-0.4870	-0.3470	0.2320
530	-0.0600	0.0980	0.0300	-0.4750	-0.3580	0.2220
531	-0.0610	0.0840	0.0360	-0.4670	-0.3340	0.2300
532	-0.0610	0.0960	0.0310	-0.5120	-0.3430	0.2230
533	-0.0740	0.0910	0.0310	-0.4970	-0.4010	0.2720
534	-0.0620	0.0970	0.0190	-0.4990	-0.3800	0.2870
535	-0.0790	0.0930	0.0320	-0.5100	-0.3750	0.3320
536	-0.0500	0.1070	0.0210	-0.5360	-0.3610	0.3200
537	-0.0690	0.0980	0.0340	-0.5280	-0.3300	0.3090
538	-0.0460	0.1010	0.0250	-0.5200	-0.3260	0.2620
539	-0.0650	0.0870	0.0360	-0.5020	-0.3110	0.2740
540	-0.0490	0.0990	0.0280	-0.4940	-0.3220	0.3110
541	-0.0670	0.0880	0.0320	-0.4770	-0.3420	0.3720
542	-0.0530	0.0960	0.0350	-0.4960	-0.3180	0.3480
543	-0.0610	0.0940	0.0250	-0.4860	-0.3320	0.3440
544	-0.0620	0.0920	0.0370	-0.5080	-0.3130	0.3680
545	-0.0610	0.1040	0.0220	-0.5010	-0.3510	0.3410
546	-0.0740	0.0850	0.0320	-0.4760	-0.3650	0.3670
547	-0.0600	0.1040	0.0250	-0.5120	-0.3970	0.3240
548	-0.0890	0.0860	0.0320	-0.5010	-0.4100	0.3260
549	-0.0480	0.1020	0.0290	-0.5300	-0.3350	0.2430
550	-0.0680	0.0920	0.0320	-0.5330	-0.3290	0.2650
551	-0.0490	0.1040	0.0230	-0.5530	-0.2840	0.2020
552	-0.0580	0.0990	0.0260	-0.5310	-0.2990	0.1990
553	-0.0490	0.0990	0.0260	-0.5230	-0.2800	0.1580
554	-0.0560	0.0930	0.0310	-0.5350	-0.3080	0.1200
555	-0.0590	0.0980	0.0190	-0.5630	-0.3200	0.1190
556	-0.0620	0.1050	0.0290	-0.5780	-0.3280	0.1210
557	-0.0550	0.1100	0.0220	-0.5840	-0.3410	0.0830
558	-0.0650	0.1010	0.0340	-0.5670	-0.3270	0.0890
559	-0.0460	0.1150	0.0240	-0.5610	-0.3280	0.0480
560	-0.0790	0.0990	0.0350	-0.5280	-0.3750	0.0390
561	-0.0550	0.1070	0.0280	-0.5580	-0.3830	0.0470
562	-0.0720	0.1100	0.0280	-0.5450	-0.3940	0.0620
563	-0.0590	0.1020	0.0390	-0.5530	-0.3830	0.0920
564	-0.0690	0.1130	0.0210	-0.5360	-0.3870	0.0780
565	-0.0810	0.0850	0.0390	-0.4910	-0.4040	0.1030
566	-0.0640	0.1140	0.0220	-0.5020	-0.4570	0.0140
567	-0.0970	0.0770	0.0330	-0.4470	-0.4750	0.0490
568	-0.0610	0.1150	0.0180	-0.4920	-0.4770	-0.0200
569	-0.0930	0.0800	0.0390	-0.5010	-0.4350	0.0340
570	-0.0540	0.1150	0.0190	-0.5880	-0.3870	-0.0290
571	-0.0860	0.1000	0.0280	-0.5160	-0.4150	-0.0200
572	-0.0550	0.1070	0.0280	-0.5510	-0.3910	-0.0670
573	-0.0680	0.1150	0.0200	-0.5520	-0.3990	-0.1210
574	-0.0510	0.0920	0.0240	-0.5300	-0.3270	-0.1360
575	-0.0500	0.1130	0.0270	-0.5640	-0.3050	-0.1870
576	-0.0500	0.0960	0.0230	-0.5200	-0.2950	-0.2220
577	-0.0530	0.1030	0.0320	-0.5240	-0.3070	-0.2530
578	-0.0590	0.1010	0.0270	-0.5390	-0.3480	-0.2710
579	-0.0580	0.0920	0.0280	-0.5280	-0.3440	-0.2620
580	-0.0570	0.1010	0.0300	-0.5270	-0.3570	-0.3150
581	-0.0690	0.0980	0.0300	-0.5410	-0.3400	-0.3190
582	-0.0620	0.0920	0.0330	-0.5430	-0.3430	-0.3280
583	-0.0610	0.1080	0.0250	-0.5370	-0.3570	-0.3660
584	-0.0820	0.0860	0.0260	-0.5160	-0.4080	-0.3170
585	-0.0500	0.1200	0.0240	-0.5310	-0.3760	-0.3680
586	-0.0690	0.0920	0.0370	-0.5700	-0.3180	-0.3490
587	-0.0290	0.1260	0.0190	-0.6150	-0.2840	-0.4140
588	-0.0640	0.0940	0.0340	-0.5550	-0.2730	-0.3810
589	-0.0410	0.1130	0.0270	-0.5750	-0.2680	-0.4240
590	-0.0500	0.1070	0.0280	-0.5290	-0.2730	-0.3950
591	-0.0410	0.0930	0.0300	-0.5230	-0.2580	-0.4070
592	-0.0500	0.0990	0.0250	-0.5110	-0.2760	-0.4180
593	-0.0480	0.0960	0.0300	-0.4870	-0.2950	-0.4430
594	-0.0610	0.0930	0.0310	-0.4850	-0.3020	-0.4690
595	-0.0520	0.0940	0.0300	-0.4660	-0.3260	-0.4380
596	-0.0560	0.0820	0.0340	-0.4400	-0.3070	-0.4540
597	-0.0490	0.0810	0.0320	-0.4220	-0.3040	-0.4870
598	-0.0530	0.0800	0.0270	-0.4260	-0.3300	-0.5170
599	-0.0580	0.0740	0.0320	-0.4120	-0.3210	-0.4740
600	-0.0440	0.0920	0.0350	-0.4200	-0.3240	-0.5070
601	-0.0650	0.0640	0.0320	-0.4270	-0.3240	-0.4470
602	-0.0390	0.0930	0.0230	-0.3840	-0.3050	-0.4900
603	-0.0760	0.0600	0.0290	-0.3820	-0.3310	-0.4620
604	-0.0510	0.0760	0.0240	-0.3720	-0.3260	-0.5260
605	-0.0610	0.0690	0.0260	-0.3680	-0.3110	-0.5130
606	-0.0510	0.0750	0.0210	-0.3800	-0.3190	-0.5150
607	-0.0640	0.0660	0.0260	-0.3650	-0.3290	-0.5090
608	-0.0620	0.0670	0.0180	-0.3950	-0.3240	-0.4620
609	-0.0630	0.0730	0.0310	-0.3960	-0.3280	-0.4370
610	-0.0460	0.0830	0.0260	-0.4170	-0.2890	-0.4710
611	-0.0540	0.0700	0.0330	-0.3840	-0.2780	-0.4640
612	-0.0390	0.0880	0.0320	-0.4270	-0.2550	-0.4820
613	-0.0390	0.0880	0.0320	-0.4270	-0.2550	-0.4820
614	-0.0300	0.0730	0.0390	-0.3610	-0.2180	-0.4960
615	-0.0420	0.0800	0.0380	-0.3530	-0.2500	-0.4870
616	-0.0420	0.0800	0.0380	-0.3530	-0.2500	-0.4870
617	-0.0620	0.0780	0.0270	-0.3370	-0.3760	-0.3870
618	-0.0720	0.0600	0.0260	-0.3240	-0.3860	-0.3400
619	-0.0710	0.0650	0.0170	-0.3000	-0.3960	-0.3390
620	-0.0810	0.0530	0.0210	-0.3220	-0.4060	-0.3020
621	-0.0720	0.0730	0.0120	-0.3780	-0.4140	-0.3260
622	-0.0690	0.0670	0.0230	-0.3850	-0.3830	-0.3310
623	-0.0530	0.0840	0.0230	-0.4180	-0.3290	-0.3640
624	-0.0650	0.0710	0.0230	-0.4050	-0.3290	-0.3580
625	-0.0430	0.0980	0.0290	-0.4370	-0.2880	-0.4060
626	-0.0450	0.0830	0.0370	-0.4190	-0.2520	-0.4420
627	-0.0450	0.0830	0.0370	-0.4190	-0.2520	-0.4420
628	-0.0280	0.0820	0.0320	-0.4170	-0.1430	-0.4290
629	-0.0360	0.0860	0.0380	-0.4020	-0.1810	-0.4190
630	-0.0380	0.0730	0.0430	-0.3580	-0.2070	-0.3950
631	-0.0390	0.0750	0.0390	-0.3370	-0.2420	-0.4950
632	-0.0500	0.0700	0.0360	-0.3200	-0.2830	-0.3810
633	-0.0530	0.0620	0.0250	-0.2930	-0.3110	-0.3810
634	-0.0510	0.0590	0.0350	-0.2440	-0.2920	-0.3980
635	-0.0700	0.0450	0.0260	-0.2010	-0.3560	-0.3680
636	-0.0550	0.0500	0.0260	-0.2410	-0.3720	-0.3880
637	-0.0780	0.0450	0.0320	-0.2290	-0.4070	-0.3820
638	-0.0670	0.0500	0.0230	-0.2420	-0.3910	-0.3580
639	-0.0670	0.0520	0.0210	-0.2860	-0.3880	-0.3860
640	-0.0710	0.0580	0.0200	-0.3060	-0.3730	-0.3840
641	-0.0550	0.0550	0.0200	-0.3230	-0.3360	-0.3730
642	-0.0580	0.0670	0.0220	-0.3540	-0.3250	-0.3730
643	-0.0440	0.0660	0.0290	-0.3960	-0.2350	-0.3950
644	-0.0320	0.0870	0.0330	-0.4050	-0.2340	-0.4300
645	-0.0370	0.0750	0.0350	-0.4430	-0.2260	-0.4890
646	-0.0300	0.0880	0.0380	-0.4430	-0.2260	-0.4890
647	-0.0410	0.0750	0.0380	-0.3970	-0.1770	-0.4430
648	-0.0400	0.0830	0.0330	-0.3970	-0.1770	-0.4430
649	-0.0400	0.0740	0.0280	-0.3650	-0.2200	-0.4080
650	-0.0530	0.0690	0.0390	-0.3650	-0.2600	-0.3980
651	-0.0540	0.0750	0.0260	-0.3630	-0.2910	-0.3730
652	-0.0600	0.0650	0.0360	-0.3700	-0.3120	-0.3870
653	-0.0480	0.0820	0.0300	-0.3800	-0.2970	-0.3900
654	-0.0600	0.0700	0.0320	-0.4080	-0.3090	-0.4060
655	-0.0390	0.0830	0.0260	-0.4100	-0.2840	-0.3910
656	-0.0490	0.0730	0.0360	-0.4060	-0.2670	-0.4030
657	-0.0340	0.0820	0.0250	-0.4060	-0.2670	-0.4030
658	-0.0420	0.0720	0.0350	-0.3780	-0.2280	-0.3510
659	-0.0370	0.0690	0.0340	-0.3620	-0.2050	-0.3480
660	-0.0480	0.0670	0.0340	-0.3700	-0.2280	-0.3890
661	-0.0560	0.0670	0.0340	-0.3700	-0.2280	-0.3890
662	-0.0480	0.0840	0.0270	-0.3830	-0.2540	-0.3820
663	-0.0760	0.0840	0.0270	-0.3830	-0.2540	-0.3820
664	-0.0460	0.0820	0.0240	-0.4000	-0.3410	-0.4180
665	-0.0460	0.0820	0.0240	-0.4000	-0.3410	-0.4180
666	-0.0530	0.0710	0.0240	-0.4440	-0.2900	-0.4160
667	-0.0650	0.0870	0.0150	-0.4720	-0.2910	-0.3530
668	-0.0320	0.0910	0.0320	-0.5160	-0.2950	-0.3000
669	-0.0370	0.0910	0.0320	-0.5160	-0.2950	-0.3000
670	-0.0470	0.0970	0.0380	-0.4660	-0.2150	-0.3390
671	-0.0400	0.0900	0.0330	-0.4920	-0.1850	-0.3000
672	-0.0220	0.1030	0.0340	-0.4960	-0.1590	-0.3190
673	-0.0380	0.0860	0.0360	-0.4790	-0.1720	-0.2610
674	-0.0230	0.0970	0.0290	-0.4430	-0.1880	-0.3290
675	-0.0490	0.0780	0.0340	-0.3980	-0.2030	-0.3100
676	-0.0360	0.0800	0.0310	-0.3780	-0.2590	-0.3410
677	-0.0510	0.0790	0.0260	-0.3700	-0.2530	-0.3060
678	-0.0420	0.0570	0.0280	-0.3360	-0.2480	-0.3300
679	-0.0290	0.0660	0.0130	-0.3200	-0.2070	-0.4090
680	-0.0470	0.0510	0.0360	-0.3230	-0.1570	-0.3790
681	-0.0150	0.0650	0.0080	-0.3570	-0.1360	-0.3670
682	-0.0380	0.0660	0.0330	-0.3450	-0.1630	-0.3210
683	-0.0250	0.0760	0.0280	-0.3290	-0.2040	-0.3330
684	-0.0550	0.0670	0.0280	-0.3530	-0.2530	-0.2910
685	-0.0260	0.0740	0.0240	-0.3740	-0.2370	-0.3320
686	-0.0470	0.0690	0.0300	-0.3240	-0.2120	-0.3080
687	-0.0430	0.0550	0.0280	-0.3430	-0.2250	-0.2710
688	-0.0310	0.0850	0.0200	-0.3610	-0.2090	-0.3270
689	-0.0420	0.0650	0.0340	-0.3410	-0.2220	-0.3290
690	-0.0350	0.0790	0.0260	-0.3370	-0.2250	-0.4130
691	-0.0770	0.0490	0.0190	-0.3360	-0.3010	-0.3750
692	-0.0370	0.0780	0.0230	-0.3560	-0.2960	-0.3730
693	-0.0720	0.0490	0.0260	-0.2950	-0.3330	-0.2950
694	-0.0520	0.0640	0.0180	-0.3340	-0.3060	-0.3100
695	-0.0580	0.0710	0.0210	-0.3470	-0.2910	-0.3030
696	-0.0480	0.0650	0.0350	-0.3660	-0.2780	-0.2990
697	-0.0270	0.0780	0.0360	-0.3470	-0.2310	-0.3540
698	-0.0610	0.0670	0.0330	-0.3710	-0.2610	-0.3100
699	-0.0360	0.0840	0.0240	-0.3910	-0.2870	-0.3290
700	-0.0620	0.0670	0.0360	-0.3220	-0.3570	-0.2450
701	-0.0570	0.0630	0.0340	-0.3140	-0.3690	-0.2430
702	-0.0750	0.0730	0.0330	-0.3150	-0.4170	-0.2100
703	-0.0770	0.0500	0.0330	-0.2940	-0.3920	-0.1780
704	-0.0550	0.0710	0.0220	-0.2770	-0.3920	-0.1880
705	-0.0730	0.0440	0.0330	-0.2400	-0.3850	-0.1360
706	-0.0660	0.0520	0.0190	-0.2370	-0.3780	-0.1100
707	-0.0740	0.0410	0.0340	-0.2230	-0.3460	-0.0840
708	-0.0440	0.0480	0.0290	-0.2350	-0.3340	-0.1080
709	-0.0690	0.0510	0.0280	-0.2250	-0.3340	-0.0780
710	-0.0580	0.0390	0.0280	-0.2560	-0.3040	-0.0810
711	-0.0480	0.0640	0.0260	-0.2810	-0.3000	-0.0790
712	-0.0770	0.0490	0.0280	-0.2640	-0.3430	0.0340
713	-0.0510	0.0640	0.0400	-0.2880	-0.3360	0.0380
714	-0.0790	0.0590	0.0270	-0.3040	-0.3980	0.0310
715	-0.0510	0.0720	0.0310	-0.3430	-0.3600	0.0260
716	-0.0720	0.0640	0.0350	-0.3240	-0.3590	0.0680
717	-0.0550	0.0530	0.0320	-0.3240	-0.2750	0.0600
718	-0.0470	0.0670	0.0250	-0.3280	-0.2710	0.1100
719	-0.0580	0.0550	0.0370	-0.3110	-0.2600	0.1710
720	-0.0370	0.0790	0.0260	-0.3390	-0.2540	0.1540
721	-0.0630	0.0620	0.0310	-0.3300	-0.2930	0.2210
722	-0.0440	0.0760	0.0200	-0.3340	-0.2850	0.2410
723	-0.0590	0.0630	0.0360	-0.3330	-0.2810	0.2550
724	-0.0420	0.0670	0.0280	-0.3420	-0.2960	0.2970
725	-0.0660	0.0670	0.0320	-0.3550	-0.2960	0.3650
726	-0.0630	0.0550	0.0410	-0.3400	-0.3350	0.3950
727	-0.0450	0.0830	0.0290	-0.3640	-0.3330	0.3910
728	-0.0760	0.0540	0.0350	-0.3080	-0.3520	0.4280
729	-0.0450	0.0710	0.0180	-0.3360	-0.3400	0.3420
730	-0.0790	0.0540	0.0420	-0.2880	-0.3350	0.3930
731	-0.0440	0.0620	0.0220	-0.2930	-0.3350	0.3450
732	-0.0700	0.0490	0.0390	-0.2220	-0.3290	0.3430
733	-0.0500	0.0470	0.0240	-0.1910	-0.3410	0.3310
734	-0.0600	0.0450	0.0320	-0.1780	-0.3140	0.3310
735	-0.0500	0.0440	0.0280	-0.1960	-0.3400	0.3030
736	-0.0500	0.0450	0.0320	-0.1520	-0.2950	0.3230
737	-0.0550	0.0290	0.0260	-0.1960	-0.2870	0.3500
738	-0.0400	0.0530	0.0310	-0.1960	-0.2220	0.3000
739	-0.0520	0.0280	0.0310	-0.1660	-0.2350	0.3330
740	-0.0160	0.0470	0.0300	-0.1730	-0.1820	0.2830
741	-0.0540	0.0280	0.0280	-0.1560	-0.1970	0.2860
742	-0.0090	0.0440	0.0290	-0.1770	-0.1320	0.2260
743	-0.0460	0.0400	0.0400	-0.1160	-0.1920	0.2450
744	-0.0180	0.0330	0.0320	-0.1110	-0.1480	0.2250
745	-0.0180	0.0330	0.0320	-0.1110	-0.1480	0.2250
746	-0.0240	0.0180	0.0190	-0.0950	-0.2120	0.2000
747	-0.0550	0.0300	0.0260	-0.0520	-0.2500	0.1980
748	-0.0430	0.0100	0.0270	-0.0710	-0.2780	0.2060
749	-0.0390	0.0270	0.0160	-0.0890	-0.2420	0.1930
750	-0.0490	0.0120	0.0240	-0.1080	-0.2300	0.1560
751	-0.0240	0.0340	0.0220	-0.1240	-0.1740	0.1630
752	-0.0510	0.0160	0.0220	-0.1090	-0.1990	0.1570
753	-0.0180	0.0410	0.0160	-0.1390	-0.1790	0.1170
754	-0.0460	0.0360	0.0320	-0.1340	-0.1990	0.1220
755	-0.0150	0.0340	0.0270	-0.1390	-0.1710	0.0480
756	-0.0410	0.0250	0.0410	-0.1130	-0.1770	0.0080
757	-0.0410	0.0250	0.0410	-0.1130	-0.1770	0.0080
758	-0.0450	0.0330	0.0300	-0.1650	-0.1960	0.0170
759	-0.0440	0.0230	0.0270	-0.1640	-0.2430	0.0370
760	-0.0400	0.0480	0.0300	-0.1690	-0.2510	0.0000
761	-0.0610	0.0260	0.0270	-0.1940	-0.2790	0.0450
762	-0.0330	0.0610	0.0180	-0.2550	-0.2360	-0.0210
763	-0.0570	0.0340	0.0320	-0.2100	-0.2690	-0.0030
764	-0.0140	0.0510	0.0280	-0.2600	-0.1860	-0.0680
765	-0.0440	0.0570	0.0350	-0.2450	-0.1730	-0.0480
766	-0.0440	0.0570	0.0350	-0.2450	-0.1730	-0.0480
767	-0.0230	0.0520	0.0470	-0.2360	-0.0770	-0.0590
768	-0.0230	0.0520	0.0470	-0.2360	-0.0770	-0.0590
769	-0.0350	0.0350	0.0390	-0.1480	-0.0890	-0.0900
770	-0.0270	0.0220	0.0290	-0.1390	-0.1270	-0.0850
771	-0.0550	0.0370	0.0290	-0.1220	-0.2370	-0.0510
772	-0.0490	0.0220	0.0300	-0.1290	-0.2960	-0.0110
773	-0.0580	0.0450	0.0300	-0.1450	-0.3800	-0.0340
774	-0.0730	0.0160	0.0200	-0.1610	-0.3640	0.0634
775	-0.0470	0.0470	0.0190	-0.2170	-0.3270	-0.6200
776	-0.0680	0.0370	0.0320	-0.1860	-0.3260	0.0000
777	-0.0320	0.0430	0.0310	-0.1770	-0.2320	-0.0170
778	-0.0340	0.0330	0.0420	-0.1570	-0.1570	-0.0240
779	-0.0230	0.0450	0.0220	-0.1850	-0.1470	-0.0240
780	-0.0300	0.0280	0.0410	-0.1670	-0.1150	-0.0210
781	-0.0250	0.0310	0.0390	-0.1430	-0.1410	-0.0350
782	-0.0350	0.0310	0.0220	-0.1270	-0.1740	-0.0060
783	-0.0420	0.0260	0.0360	-0.1460	-0.1890	0.0060
784	-0.0390	0.0370	0.0190	-0.1580	-0.2720	0.0410
785	-0.0490	0.0300	0.0370	-0.1700	-0.2230	0.0410
786	-0.0260	0.0420	0.0210	-0.2160	-0.1920	0.0060
787	-0.0430	0.0250	0.0300	-0.1890	-0.1920	0.0060
788	-0.0210	0.0410	0.0140	-0.2010	-0.1170	0.0420
789	-0.0260	0.0400	0.0300	-0.2010	-0.1170	0.0420
790	0.0020	0.0500	0.0340	-0.1760	0.0000	0.0720
791	-0.0210	0.0360	0.0360	-0.1610	0.0950	0.0840
792	-0.0110	0.0340	0.0310	-0.1710	0.0950	0.0840
793	-0.0310	0.0320	0.0270	-0.1710	-0.0730	0.0440
794	-0.0200	0.0370	0.0340	-0.1760	-0.0920	0.0560
795	-0.0270	0.0430	0.0290	-0.1690	-0.1120	0.0510
796	-0.0400	0.0250	0.0360	-0.1650	-0.1540	0.0370
797	-0.0300	0.0380	0.0130	-0.1460	-0.1940	0.0650
798	-0.0490	0.0150	0.0300	-0.1460	-0.1940	0.0650
799	-0.0250	0.0330	0.0320	-0.1270	-0.1990	0.0790
800	-0.0410	0.0260	0.0340	-0.1270	-0.1990	0.0790
801	-0.0160	0.0350	0.0170	-0.1150	-0.1930	0.0470
802	-0.0400	0.0320	0.0170	-0.1150	-0.1930	0.0470
803	-0.0100	0.0300	0.0190	-0.1240	-0.1570	0.0250
804	-0.0340	0.0240	0.0190	-0.1240	-0.1570	0.0250
805	-0.0110	0.0300	0.0310	-0.1240	-0.1300	-0.0040
806	-0.0430	0.0280	0.0310	-0.1240	-0.1300	-0.0040
807	-0.0270	0.0180	0.0280	-0.1140	-0.1590	0.0150
808	-0.0270	0.0180	0.0280	-0.1140	-0.1590	0.0150
809	-0.0410	0.0070	0.0310	-0.1080	-0.1980	0.0090
810	-0.0340	0.0360	0.0240	-0.1250	-0.2130	-0.0060
811	-0.0430	0.0270	0.0200	-0.1510	-0.1730	0.0000
812	-0.0070	0.0470	0.0200	-0.1510	-0.1730	0.0000
813	-0.0290	0.0370	0.0220	-0.1840	-0.0870	-0.0600
814	0.0010	0.0500	0.0036	-0.1690	-0.1020	-0.0110
815	-0.0300	0.5000	0.0036	-0.1690	-0.1020	-0.0110
816	-0.0110	0.0490	0.0330	-0.2340	-0.0520	-0.0470
817	-0.0340	0.0490	0.0330	-0.2340	-0.0520	-0.0470
818	-0.0090	0.0590	0.0300	-0.2510	-0.1070	-0.0380
819	-0.0290	0.0590	0.0300	-0.2510	-0.1070	-0.0380
820	-0.0160	0.0480	0.0360	-0.2210	-0.0980	-0.0530
821	-0.0160	0.0480	0.0360	-0.2210	-0.0980	-0.0530
822	-0.0220	0.0480	0.0320	-0.2560	-0.0860	-0.0810
823	-0.0190	0.0480	0.0370	-0.2270	-0.0870	-0.0510
824	-0.0070	0.0560	0.0340	-0.2480	-0.0640	-0.0540
825	-0.0230	0.0450	0.0340	-0.2300	-0.0870	-0.0730
826	-0.0190	0.0520	0.0190	-0.2240	-0.1270	-0.0920
827	-0.0460	0.0450	0.0320	-0.2200	-0.1690	-0.0380
828	-0.0310	0.0460	0.0240	-0.1890	-0.2470	-0.0460
829	-0.0520	0.0370	0.0340	-0.1850	-0.2520	-0.0240
830	-0.0490	0.0400	0.0240	-0.1770	-0.2750	-0.0160
831	-0.0420	0.0310	0.0150	-0.1990	-0.2530	0.0020
832	-0.0420	0.0490	0.0290	-0.2000	-0.2260	-0.0110
833	-0.0360	0.0360	0.0260	-0.1620	-0.2270	0.0330
834	-0.0220	0.0490	0.0400	-0.1680	-0.1770	-0.0240
835	-0.0410	0.0360	0.0310	-0.1690	-0.1660	0.0170
836	-0.0340	0.0380	0.0310	-0.1870	-0.1670	-0.0180
837	-0.0310	0.0410	0.0250	-0.1770	-0.1840	-0.0080
838	-0.0520	0.0310	0.0350	-0.1310	-0.2400	-0.0090
839	-0.0370	0.0350	0.0250	-0.1320	-0.2860	-0.0170
840	-0.0540	0.0240	0.0350	-0.1390	-0.2360	0.0190
841	-0.0240	0.0370	0.0080	-0.1800	-0.1930	-0.0310
842	-0.0370	0.0300	0.0330	-0.1890	-0.1490	-0.0170
843	-0.0240	0.0380	0.0240	-0.1530	-0.1560	-0.0350
844	-0.0220	0.0340	0.0300	-0.1330	-0.1280	-0.0610
845	-0.0140	0.0390	0.0310	-0.1290	-0.0710	-0.0500
846	-0.0270	0.0240	0.0270	-0.1520	-0.0770	-0.0300
847	-0.0050	0.0370	0.0240	-0.1890	-0.0560	0.0100
848	-0.0330	0.0300	0.0390	-0.1610	-0.0980	0.0430
849	-0.0210	0.0400	0.0320	-0.1820	-0.1640	0.0060
850	-0.0310	0.0360	0.0320	-0.1820	-0.1520	0.0400
851	-0.0300	0.0330	0.0180	-0.1990	-0.1490	0.0210
852	-0.0290	0.0430	0.0140	-0.2430	-0.1470	-0.0030
853	-0.0290	0.0410	0.0330	-0.2370	-0.1330	0.0010
854	-0.0030	0.0570	0.0300	-0.2520	-0.0850	0.0230
855	-0.0120	0.0390	0.0410	-0.2090	-0.0370	0.0450
856	0.0030	0.0540	0.0260	-0.2400	-0.0220	-0.0090
857	-0.0250	0.0320	0.0300	-0.2100	-0.0320	0.0160
858	-0.0170	0.0510	0.0220	-0.1870	-0.0870	-0.0150
859	-0.0330	0.0260	0.0310	-0.1460	-0.1640	-0.0110
860	-0.0220	0.0470	0.0280	-0.1500	-0.1580	-0.0660
861	-0.0450	0.0260	0.0250	-0.1450	-0.1890	-0.0830
862	-0.0230	0.0360	0.0170	-0.2160	-0.1610	-0.0950
863	-0.0330	0.0410	0.0280	-0.2380	-0.1050	-0.0920
864	0.0070	0.0600	0.0260	-0.2700	-0.0510	-0.0860
865	-0.0110	0.0550	0.0370	-0.2080	-0.0230	-0.0400
866	0.0130	0.0510	0.0240	-0.2390	0.0190	-0.1220
867	-0.0060	0.0520	0.0360	-0.2100	0.0230	-0.1120
868	-0.0030	0.0460	0.0300	-0.2220	-0.0160	-0.1350
869	-0.0160	0.0570	0.0380	-0.2240	-0.0900	-0.1590
870	-0.0240	0.0390	0.0360	-0.1850	-0.1270	-0.1610
871	-0.0200	0.0530	0.0170	-0.2220	-0.1530	-0.1770
872	-0.0320	0.0280	0.0150	-0.2160	-0.1240	-0.1680
873	-0.0120	0.0480	0.0190	-0.2780	-0.0850	-0.1910
874	-0.0270	0.0520	0.0270	-0.2860	-0.1010	-0.1470
875	0.0040	0.0730	0.0260	-0.2970	-0.0370	-0.1930
876	-0.0060	0.0590	0.0350	-0.2730	0.0230	-0.1640
877	0.0220	0.0730	0.0220	-0.3120	0.1020	-0.2270
878	0.0070	0.0580	0.0270	-0.3380	0.1110	-0.2220
879	0.0210	0.0650	0.0280	-0.3520	0.1220	-0.2410
880	-0.0100	0.0620	0.0310	-0.3620	0.0470	-0.2410
881	0.0060	0.0750	0.0260	-0.3790	0.0040	-0.2400
882	-0.0110	0.0730	0.0310	-0.3850	0.0030	-0.2000
883	0.0000	0.0750	0.0160	-0.3860	-0.0120	-0.2250
884	-0.0110	0.0660	0.0240	-0.3460	0.0020	-0.2070
885	-0.0070	0.0670	0.0340	-0.3630	-0.0370	-0.2080
886	0.0010	0.0740	0.0320	-0.3640	-0.0160	-0.2190
887	0.0030	0.0700	0.0420	-0.3350	0.0590	-0.1970
888	0.0170	0.0710	0.0230	-0.3680	0.0620	-0.2100
889	-0.0060	0.0660	0.0320	-0.3660	0.0280	-0.1900
890	0.0020	0.0700	0.0280	-0.3280	-0.0050	-0.2060
891	-0.0130	0.0540	0.0360	-0.2950	-0.0350	-0.1900
892	-0.0120	0.0690	0.0280	-0.2800	-0.0960	-0.2260
893	-0.0250	0.0500	0.0240	-0.3100	-0.0970	-0.2040
894	-0.0070	0.0550	0.0300	-0.3070	-0.0480	-0.2500
895	-0.0160	0.0550	0.0250	-0.3410	-0.0430	-0.2460
896	0.0050	0.0670	0.0320	-0.3170	-0.0110	-0.2250
897	-0.0010	0.0600	0.0360	-0.2870	0.0300	-0.2010
898	0.0080	0.0690	0.0200	-0.2680	-0.0070	-0.2020
899	-0.0100	0.0490	0.0310	-0.2640	0.0000	-0.1480
900	-0.0170	0.0590	0.0400	-0.3050	-0.0740	-0.1780
901	-0.0290	0.0500	0.0190	-0.2590	-0.1830	-0.2040
902	-0.0370	0.0530	0.0400	-0.2520	-0.2320	-0.2350
903	-0.0410	0.0500	0.0240	-0.2610	-0.2680	-0.2100
904	-0.0590	0.0500	0.0200	-0.3130	-0.2590	-0.2400
905	-0.0350	0.0490	0.0170	-0.3030	-0.2260	-0.2210
906	-0.0450	0.0540	0.0260	-0.3180	-0.1740	-0.2130
907	-0.0180	0.0750	0.0220	-0.2940	-0.1990	-0.2310
908	-0.0390	0.0530	0.0400	-0.2650	-0.1590	-0.2220
909	-0.0100	0.0610	0.0300	-0.2620	-0.1140	-0.3270
910	-0.0310	0.0460	0.0260	-0.2750	-0.1250	-0.3180
911	-0.0350	0.0580	0.0220	-0.2880	-0.1580	-0.3340
912	-0.0500	0.0530	0.0260	-0.2830	-0.2320	-0.3290
913	-0.0410	0.0600	0.0280	-0.2530	-0.2730	-0.3400
914	-0.0410	0.0480	0.0350	-0.2440	-0.2500	-0.3340
915	-0.0250	0.0540	0.0280	-0.2750	-0.1760	-0.3250
916	-0.0490	0.0550	0.0220	-0.2950	-0.1810	-0.3310
917	-0.0260	0.0550	0.0240	-0.2660	-0.1920	-0.3170
918	-0.0410	0.0560	0.0390	-0.2750	-0.1500	-0.3080
919	-0.0230	0.0560	0.0390	-0.2780	-0.1990	-0.3300
920	-0.0460	0.0540	0.0370	-0.2580	-0.2040	-0.3030
921	-0.0420	0.0450	0.0370	-0.2300	-0.2050	-0.3010
922	-0.0500	0.0520	0.0060	-0.2320	-0.2820	-0.3240
923	-0.0480	0.0450	0.0280	-0.2370	-0.3060	-0.3130
924	-0.0580	0.0600	0.0340	-0.3090	-0.2820	-0.3200
925	-0.0580	0.0600	0.0340	-0.3090	-0.2820	-0.3200
926	-0.0330	0.0790	0.0250	-0.3350	-0.2370	-0.3200
927	-0.0330	0.0790	0.0250	-0.3350	-0.2370	-0.3200
928	-0.0230	0.0600	0.0150	-0.2950	-0.2050	-0.2990
929	-0.0600	0.0560	0.0250	-0.3290	-0.2180	-0.2610
930	-0.0400	0.0620	0.0150	-0.3370	-0.2400	-0.2440
931	-0.0670	0.0610	0.0380	-0.3570	-0.3010	-0.2040
932	-0.0470	0.0670	0.0260	-0.3440	-0.3630	-0.1830
933	-0.0670	0.0550	0.0390	-0.3340	-0.3430	-0.1920
934	-0.0450	0.0630	0.0190	-0.3580	-0.3110	-0.2140
935	-0.0550	0.0830	0.0180	-0.4100	-0.2370	-0.1990
936	-0.0550	0.0830	0.0180	-0.4100	-0.2370	-0.1990
937	-0.0520	0.0680	0.0310	-0.3840	-0.2070	-0.1650
938	-0.0380	0.0720	0.0370	-0.4090	-0.2010	-0.1300
939	-0.0560	0.0710	0.0330	-0.3740	-0.3070	-0.0970
940	-0.0560	0.0770	0.0320	-0.3900	-0.3230	-0.0370
941	-0.0490	0.0800	0.0260	-0.4200	-0.3090	-0.0240
942	-0.0620	0.0760	0.0150	-0.4880	-0.2550	-0.0240
943	-0.0550	0.0880	0.0190	-0.4820	-0.2530	-0.0670
944	-0.0610	0.0710	0.0260	-0.4690	-0.2910	-0.0670
945	-0.0340	0.1040	0.0350	-0.4740	-0.2640	-0.0580
946	-0.0540	0.0790	0.0390	-0.4570	-0.2810	-0.0280
947	-0.0420	0.0980	0.0280	-0.4810	-0.2710	-0.0730
948	-0.0650	0.0780	0.0390	-0.4370	-0.2700	-0.0060
949	-0.0480	0.0960	0.0140	-0.4530	-0.3060	-0.0860
950	-0.0570	0.0800	0.0260	-0.4620	-0.3250	-0.0790
951	-0.0610	0.0860	0.0270	-0.4610	-0.3430	-0.0790
952	-0.0700	0.0830	0.0390	-0.4420	-0.3520	-0.1290
953	-0.0480	0.0960	0.0300	-0.4100	-0.3760	-0.1290
954	-0.0640	0.0830	0.0420	-0.3630	-0.3590	-0.2880
955	-0.0520	0.0790	0.0260	-0.3760	-0.3590	-0.2880
956	-0.0840	0.0660	0.0320	-0.3670	-0.3870	-0.2980
957	-0.0670	0.0640	0.0170	-0.3970	-0.3870	-0.2980
958	-0.1030	0.0690	0.0180	-0.3610	-0.5110	-0.2870
959	-0.0910	0.0610	0.0290	-0.3530	-0.5110	-0.2870
960	-0.0970	0.0700	0.0330	-0.3400	-0.5340	-0.2950
961	-0.0900	0.0590	0.0250	-0.3500	-0.5340	-0.2950
962	-0.0910	0.0810	0.0250	-0.3790	-0.5210	-0.2870
963	-0.1000	0.0700	0.0210	-0.4230	-0.5200	-0.3180
964	-0.0710	0.0970	0.0130	-0.4660	-0.4940	-0.2900
965	-0.0830	0.0890	0.0180	-0.4670	-0.4540	-0.3530
966	-0.0530	0.0950	0.0280	-0.4540	-0.4540	-0.3530
967	-0.0870	0.0820	0.0450	-0.4540	-0.3910	-0.4610
968	-0.0690	0.0950	0.0350	-0.4540	-0.3910	-0.4610
969	-0.0950	0.0830	0.0360	-0.4590	-0.4440	-0.4610
970	-0.0800	0.0890	0.0360	-0.4590	-0.4440	-0.4610
971	-0.0980	0.0750	0.0170	-0.4510	-0.4840	-0.4590
972	-0.0850	0.0840	0.0170	-0.4510	-0.4840	-0.4590
973	-0.0890	0.0810	0.0350	-0.4590	-0.4880	-0.4880
974	-0.0820	0.0910	0.0350	-0.4590	-0.4880	-0.4880
975	-0.0900	0.0860	0.0310	-0.4730	-0.5090	-0.5100
976	-0.0780	0.0860	0.0310	-0.4730	-0.5090	-0.5100
977	-0.0810	0.0780	0.0380	-0.4030	-0.4610	-0.5960
978	-0.0840	0.0780	0.0380	-0.4030	-0.4610	-0.5960
979	-0.0940	0.0770	0.0180	-0.4610	-0.4500	-0.6160
980	-0.0950	0.0820	0.0240	-0.4590	-0.4630	-0.5720
981	-0.0980	0.0820	0.0280	-0.4380	-0.5210	-0.5470
982	-0.1030	0.0820	0.0200	-0.4280	-0.5750	-0.5140
983	-0.1030	0.0820	0.0200	-0.4280	-0.5750	-0.5140
984	-0.1150	0.0810	0.0210	-0.4420	-0.6150	-0.5230
985	-0.1150	0.0810	0.0210	-0.4420	-0.6150	-0.5230
986	-0.1130	0.0810	0.0270	-0.4140	-0.6670	-0.5600
987	-0.1130	0.0780	0.0310	-0.3640	-0.6770	-0.5970
988	-0.1170	0.0750	0.0310	-0.3440	-0.6930	-0.6440
989	-0.1310	0.0630	0.0370	-0.3150	-0.6940	-0.6730
990	-0.1140	0.0640	0.0300	-0.2810	-0.6980	-0.6950
991	-0.1210	0.0580	0.0350	-0.2730	-0.6960	-0.7340
992	-0.1250	0.0600	0.0320	-0.2650	-0.7030	-0.7280
993	-0.1120	0.0590	0.0320	-0.2840	-0.6840	-0.7550
994	-0.1230	0.0570	0.0320	-0.2770	-0.6900	-0.7580
995	-0.1200	0.0630	0.0280	-0.2850	-0.6950	-0.7430
996	-0.1210	0.0470	0.0300	-0.2700	-0.6890	-0.7530
997	-0.1180	0.0640	0.0350	-0.2890	-0.6520	-0.7440
998	-0.1060	0.0630	0.0220	-0.2920	-0.6550	-0.7500
999	-0.1120	0.0490	0.0340	-0.2720	-0.6340	-0.7360
1000	-0.1160	0.0660	0.0220	-0.2980	-0.6700	-0.7470
count	accelx	accely	accelz	roll	pitch	heading
1	-0.0750	0.0450	0.0310	-0.1390	-0.3930	-0.1750
2	-0.0710	0.0320	0.0320	-0.1350	-0.3920	-0.1960
3	-0.0710	0.0310	0.0320	-0.1320	-0.3920	-0.2210
4	-0.0710	0.0320	0.0320	-0.1300	-0.3950	-0.2360
5	-0.0710	0.0310	0.0320	-0.1260	-0.3990	-0.2470
6	-0.0710	0.0320	0.0330	-0.1340	-0.3990	-0.2260
7	-0.0710	0.0320	0.0310	-0.1350	-0.4020	-0.2240
8	-0.0720	0.0320	0.0310	-0.1320	-0.4050	-0.1830
9	-0.0710	0.0310	0.0290	-0.1310	-0.4010	-0.1700
10	-0.0710	0.0310	0.0300	-0.1340	-0.4000	-0.1400
11	-0.0710	0.0310	0.0310	-0.1320	-0.3970	-0.1270
12	-0.0690	0.0320	0.0320	-0.1370	-0.3970	-0.1280
13	-0.0700	0.0320	0.0330	-0.1390	-0.4030	-0.0900
14	-0.0700	0.0320	0.0310	-0.1390	-0.3980	-0.0720
15	-0.0700	0.0330	0.0320	-0.1400	-0.3990	-0.0770
16	-0.0720	0.0330	0.0330	-0.1410	-0.4040	-0.0370
17	-0.0730	0.0340	0.0330	-0.1420	-0.4010	-0.0140
18	-0.0730	0.0350	0.0320	-0.1410	-0.4050	-0.0020
19	-0.0710	0.0350	0.0330	-0.1410	-0.3990	0.0060
20	-0.0710	0.0340	0.0320	-0.1390	-0.4010	0.0020
21	-0.0720	0.0330	0.0320	-0.1410	-0.3980	-0.0220
22	-0.0710	0.0330	0.0340	-0.1400	-0.4010	-0.0310
23	-0.0720	0.0330	0.0340	-0.1360	-0.4020	-0.0210
24	-0.0730	0.0320	0.0310	-0.1370	-0.4070	-0.0230
25	-0.0740	0.0310	0.0310	-0.1320	-0.4070	-0.0070
26	-0.0740	0.0300	0.0310	-0.1320	-0.4120	0.0020
27	-0.0740	0.0310	0.0290	-0.1350	-0.4110	0.0070
28	-0.0750	0.0310	0.0300	-0.1370	-0.4150	0.0290
29	-0.0750	0.0310	0.0310	-0.1390	-0.4140	0.0390
30	-0.0750	0.0310	0.0320	-0.1400	-0.4160	0.0740
31	-0.0740	0.0330	0.0290	-0.1460	-0.4140	0.0710
32	-0.0730	0.0340	0.0290	-0.1470	-0.4130	0.0570
33	-0.0740	0.0360	0.0280	-0.1520	-0.4160	0.0630
34	-0.0740	0.0350	0.0290	-0.1520	-0.4180	0.0760
35	-0.0760	0.0330	0.0290	-0.1480	-0.4210	0.0750
36	-0.0750	0.0330	0.0290	-0.1430	-0.4190	0.1340
37	-0.0750	0.0330	0.0300	-0.1430	-0.4160	0.1410
38	-0.0770	0.0330	0.0310	-0.1420	-0.4200	0.1710
39	-0.0780	0.0330	0.0320	-0.1460	-0.4160	0.1910
40	-0.0760	0.0350	0.0310	-0.1490	-0.4160	0.2050
41	-0.0750	0.0340	0.0300	-0.1430	-0.4180	0.2140
42	-0.0740	0.0340	0.0310	-0.1460	-0.4150	0.2100
43	-0.0730	0.0320	0.0310	-0.1440	-0.4150	0.2330
44	-0.0730	0.0340	0.0330	-0.1490	-0.4140	0.2920
45	-0.0730	0.0340	0.0320	-0.1490	-0.4120	0.2950
46	-0.0740	0.0330	0.0330	-0.1470	-0.4150	0.2980
47	-0.0740	0.0330	0.0310	-0.1500	-0.4150	0.2980
48	-0.0730	0.0340	0.0320	-0.1460	-0.4120	0.2970
49	-0.0720	0.0350	0.0320	-0.1500	-0.4090	0.3090
50	-0.0730	0.0330	0.0310	-0.1460	-0.4070	0.2930
51	-0.0720	0.0320	0.0320	-0.1470	-0.4040	0.2720
52	-0.0720	0.0320	0.0310	-0.1460	-0.4030	0.2690
53	-0.0740	0.0320	0.0320	-0.1470	-0.4060	0.2400
54	-0.0730	0.0330	0.0320	-0.1490	-0.4050	0.1440
55	-0.0740	0.0340	0.0320	-0.1530	-0.4060	0.1180
56	-0.0720	0.0340	0.0330	-0.1540	-0.4040	0.0950
57	-0.0720	0.0350	0.0340	-0.1570	-0.4030	0.0810
58	-0.0720	0.0350	0.0330	-0.1590	-0.4050	0.0110
59	-0.0740	0.0350	0.0310	-0.1580	-0.4120	-0.0090
60	-0.0730	0.0350	0.0300	-0.1610	-0.4090	-0.0030
61	-0.0730	0.0350	0.0310	-0.1640	-0.4080	-0.0210
62	-0.0730	0.0350	0.0300	-0.1630	-0.4050	-0.0230
63	-0.0730	0.0350	0.0310	-0.1610	-0.4040	0.0070
64	-0.0730	0.0360	0.0320	-0.1630	-0.4060	-0.0440
65	-0.0720	0.0370	0.0320	-0.1620	-0.4040	-0.0540
66	-0.0710	0.0380	0.0330	-0.1630	-0.4000	-0.0430
67	-0.0700	0.0370	0.0310	-0.1610	-0.4100	-0.0740
68	-0.0650	0.0390	0.0280	-0.1690	-0.3820	-0.0990
69	-0.0750	0.0350	0.0320	-0.1790	-0.3630	-0.0980
70	-0.0600	0.0410	0.0340	-0.1890	-0.3200	-0.0980
71	-0.0560	0.0400	0.0230	-0.1780	-0.3700	-0.1100
72	-0.0620	0.0460	0.0320	-0.1870	-0.3770	-0.1420
73	-0.0710	0.0430	0.0250	-0.1780	-0.3990	-0.1590
74	-0.0800	0.0380	0.0290	-0.1770	-0.4210	-0.1190
75	-0.0770	0.0380	0.0310	-0.1630	-0.4280	-0.1590
76	-0.0710	0.0510	0.0250	-0.2120	-0.4290	-0.2580
77	-0.0750	0.0460	0.0350	-0.1930	-0.4230	-0.2350
78	-0.0810	0.0380	0.0240	-0.1830	-0.4540	-0.2460
79	-0.0820	0.0460	0.0290	-0.1860	-0.4600	-0.2650
80	-0.0830	0.0390	0.0290	-0.1640	-0.4590	-0.2630
81	-0.0740	0.0360	0.0260	-0.1610	-0.4470	-0.2840
82	-0.0800	0.0460	0.0300	-0.1660	-0.4400	-0.2800
83	-0.0790	0.0350	0.0310	-0.1640	-0.4480	-0.2760
84	-0.0780	0.0370	0.0270	-0.1870	-0.4450	-0.2760
85	-0.0860	0.0390	0.0300	-0.1720	-0.4310	-0.2250
86	-0.0640	0.0340	0.0220	-0.1800	-0.4100	-0.2250
87	-0.0770	0.0400	0.0300	-0.1840	-0.4330	-0.2250
88	-0.0790	0.0400	0.0290	-0.1980	-0.4110	-0.2670
89	-0.0680	0.0360	0.0310	-0.1890	-0.4210	-0.2450
90	-0.0820	0.0420	0.0300	-0.1970	-0.4270	-0.2750
91	-0.0620	0.0460	0.0290	-0.2070	-0.4210	-0.2140
92	-0.0710	0.0380	0.0280	-0.1960	-0.4010	-0.2650
93	-0.0840	0.0440	0.0340	-0.1910	-0.4240	-0.2970
94	-0.0630	0.0340	0.0300	-0.1850	-0.4280	-0.3040
95	-0.0890	0.0480	0.0290	-0.1840	-0.4280	-0.3040
96	-0.0710	0.0410	0.0270	-0.1740	-0.4500	-0.2670
97	-0.0810	0.0400	0.0310	-0.1760	-0.4510	-0.2820
98	-0.0810	0.0410	0.0310	-0.1580	-0.4510	-0.2900
99	-0.0880	0.0310	0.0290	-0.1620	-0.4760	-0.3300
100	-0.0850	0.0410	0.0330	-0.1420	-0.4880	-0.2810
101	-0.0860	0.0280	0.0300	-0.1320	-0.4880	-0.2810
102	-0.0880	0.0260	0.0280	-0.1120	-0.4860	-0.2670
103	-0.0810	0.0340	0.0300	-0.1170	-0.5030	-0.2600
104	-0.0980	0.0200	0.0330	-0.1260	-0.4860	-0.2800
105	-0.0770	0.0350	0.0200	-0.1080	-0.4680	-0.2370
106	-0.0880	0.0310	0.0350	-0.1310	-0.4690	-0.2790
107	-0.0760	0.0300	0.0280	-0.1290	-0.4610	-0.2780
108	-0.0840	0.0310	0.0330	-0.1290	-0.4610	-0.2780
109	-0.0790	0.0370	0.0330	-0.1190	-0.4830	-0.2880
110	-0.1000	0.0120	0.0310	-0.1120	-0.5140	-0.2510
111	-0.0830	0.0350	0.0280	-0.0900	-0.5320	-0.2240
112	-0.1040	0.0130	0.0250	-0.0930	-0.5350	-0.2890
113	-0.0970	0.0190	0.0370	-0.0410	-0.5510	-0.2590
114	-0.0870	0.0290	0.0370	-0.0410	-0.5510	-0.2590
115	-0.1000	0.0050	0.0480	-0.0480	-0.5230	-0.3550
116	-0.0910	0.0150	0.0410	-0.0180	-0.5200	-0.3580
117	-0.0840	0.0430	0.0240	-0.0660	-0.5240	-0.3930
118	-0.0990	0.0200	0.0240	-0.0660	-0.5240	-0.3930
119	-0.1140	0.0200	0.0410	-0.0960	-0.5400	-0.3500
120	-0.0810	0.0290	0.0410	-0.0960	-0.5400	-0.3500
121	-0.1040	0.0290	0.0320	-0.1200	-0.5410	-0.3350
122	-0.1270	-0.0800	0.0220	-0.0680	-0.6180	-0.3240
123	-0.1070	0.0000	0.0340	0.0110	-0.5960	-0.2830
124	-0.0890	-25.0000	0.0300	-0.0120	-0.6520	-0.3590
125	-0.1230	-0.0020	0.0470	0.0540	-0.6120	-0.3330
126	-0.1090	-0.0020	0.0130	0.1050	-0.6410	-0.3060
127	-0.1100	-0.0020	0.0130	0.1050	-0.6410	-0.3060
128	-0.0900	-0.0270	0.0370	0.1120	-0.5910	-0.3020
129	-0.1970	-0.0070	0.0380	0.1190	-0.6420	-0.3330
130	-0.1030	-0.0050	0.0330	0.1430	-0.5830	-0.3100
131	-0.1270	-0.0140	0.0070	0.1760	-0.6480	-0.3280
132	-0.1160	-0.0210	0.0140	0.1660	-0.6720	-0.2490
133	-0.1160	-0.0210	0.0140	0.1660	-0.6720	-0.2490
134	-0.1010	0.0040	0.0440	0.0980	-0.7200	-0.3820
135	-0.1420	0.0030	0.0450	0.1480	-0.7590	-0.2620
136	-0.0740	-0.0150	0.0110	0.1330	-0.5520	-0.3670
137	-0.1070	0.0230	0.0080	0.0650	-0.5730	-0.4150
138	-0.1310	-0.0220	0.0230	0.0140	-0.6170	-0.2850
139	-0.1290	-0.0330	0.0270	0.0310	-0.5760	-0.2590
140	-0.0980	-0.0070	0.0380	-0.0370	-0.5700	-0.3270
141	-0.0800	-0.0090	0.0380	0.0160	-0.5870	-0.3580
142	-0.0840	0.0380	0.0450	0.1660	-0.4490	-0.4220
143	-0.0870	0.0410	0.0260	0.1990	-0.4130	-0.4570
144	-0.0650	-0.0200	0.0790	0.1420	-0.6030	-0.4680
145	-0.1570	-0.0190	0.0130	0.1550	-0.6880	-0.3810
146	-0.1170	-0.0290	-0.0160	0.0920	-0.5530	-0.4460
147	-0.0550	-0.0620	0.0190	0.1550	-0.4190	-0.4510
148	-0.0860	-0.0410	-0.0180	-0.0150	-0.2010	-0.4600
149	-0.0080	-0.0090	-0.0090	-0.2270	-0.0320	-0.5390
150	0.0200	0.0330	0.0370	-0.3100	-0.0680	-0.5460
151	-0.0360	0.0340	-0.0260	-0.2420	-0.0920	-0.5270
152	0.0180	0.0510	0.0030	-0.3430	0.0730	-0.5960
153	0.0480	0.0630	-0.0040	-0.3750	0.0210	-0.6790
154	-0.0140	0.0910	0.0100	-0.4570	0.0310	-0.6760
155	0.0130	0.0550	-0.0420	-0.4930	-0.0540	-0.6630
156	0.0240	0.0910	0.0320	-0.6290	-0.1510	-0.6520
157	-0.0620	0.1300	0.0050	-0.6660	-0.2850	-0.5740
158	-0.0470	0.1160	0.0130	-0.7500	-0.1750	-0.6120
159	-0.0330	0.1070	-0.0190	-0.9250	-0.0060	-0.7030
160	0.0530	0.1590	0.0370	-0.9340	0.1400	-0.7470
161	0.0560	0.1770	-0.0120	-1.1200	0.4540	-0.6880
162	0.0880	0.1720	-0.0570	-1.2800	0.4670	-0.6340
163	0.0190	0.2150	0.0110	-1.2360	0.3820	-0.5210
164	0.1430	0.2480	0.0650	-1.3700	0.4340	-0.5970
165	0.0850	0.2820	0.0310	-1.2520	0.5240	-0.5720
166	0.0840	0.2430	0.0250	-1.2700	0.7430	-0.5520
167	0.1380	0.2020	0.0130	-1.4830	0.7540	-0.4380
168	0.1430	0.3070	0.0010	-1.4520	0.8270	-0.4690
169	0.0860	0.2580	0.1000	-1.1730	0.6660	-0.4300
170	0.1350	0.1450	0.0130	-1.1530	0.6270	-0.3830
171	0.0860	0.1940	-0.0010	-1.3220	0.8090	-0.3750
172	0.0980	0.2000	-0.0190	-1.5810	0.5680	-0.1970
173	0.2550	0.2760	0.0870	-1.5850	0.4000	-0.1690
174	0.0810	0.3420	0.0080	-1.4900	0.4670	-0.2500
175	0.1230	0.3220	0.1190	-1.5130	0.7360	-0.4150
176	0.1570	0.2300	-0.0040	-1.2850	0.9830	-0.4500
177	0.1060	0.1900	-0.0180	-1.3170	1.0180	-0.3130
178	0.2450	0.1470	0.0170	-1.2630	1.3740	-0.3410
179	0.1760	0.2120	-0.0030	-1.4130	1.1230	-0.3390
180	0.2490	0.2240	0.0510	-1.0670	1.0260	-0.5760
181	0.1200	0.2730	0.0390	-0.9380	1.2100	-0.7290
182	0.2970	0.2430	0.0270	-1.2360	1.5300	-0.6600
183	0.2130	0.1330	-0.0060	-1.1600	1.5740	-0.4030
184	0.2940	0.1220	-0.0050	-1.3020	1.6390	-0.4320
185	0.2470	0.1790	0.0080	-0.9650	1.6500	-0.3640
186	0.3990	0.2540	0.0330	-0.9610	1.6650	-0.5310
187	0.2100	0.2090	0.1010	-0.7550	1.3690	-0.4450
188	0.2620	0.1150	0.0140	-0.5280	1.6110	-0.5170
189	0.2160	0.0420	0.0500	-0.6170	1.2740	-0.3890
190	0.2940	0.0440	-0.0020	-0.4430	1.6270	-0.3970
191	0.2330	0.1290	0.0040	-0.3970	1.5240	-0.4190
192	0.1540	0.0660	0.0120	-0.2790	0.9330	-0.3170
193	0.2140	0.0900	0.0730	-0.3830	1.1700	-0.4510
194	0.1720	0.0370	0.0000	-0.4480	1.0170	-0.4080
195	0.2430	0.1610	0.0050	-0.5660	1.3440	-0.5460
196	0.1530	0.0740	0.0820	-0.2010	0.8960	-0.6900
197	0.1930	-0.0270	-0.0630	0.0050	1.1950	-0.6910
198	0.1630	0.0400	0.0470	-0.0680	1.0920	-0.7170
199	0.3010	0.0410	0.0960	-0.1580	1.3710	-0.9930
200	0.1460	-0.0540	-0.0140	0.3400	1.4430	-0.9750
201	0.1460	-0.0540	-0.0140	0.3400	1.4430	-0.9750
202	0.1980	-0.0180	0.0350	0.1610	1.1910	-0.8600
203	0.1980	-0.0180	0.0350	0.1610	1.1910	-0.8600
204	0.1550	-0.0960	-0.1020	0.4680	1.4810	-0.7310
205	0.1550	-0.0960	-0.1020	0.4680	1.4810	-0.7310
206	0.2550	-0.1030	0.0640	0.8680	1.5890	-0.8210
207	0.2550	-0.1030	0.0640	0.8680	1.5890	-0.8210
208	0.2670	-0.2360	0.0220	0.9120	1.3080	-0.8940
209	0.2670	-0.2360	0.0220	0.9120	1.3080	-0.8940
210	0.1470	-0.1260	0.0290	1.0530	1.3050	-0.9070
211	0.2130	-0.1500	-0.0020	0.6790	1.0370	-0.7890
212	0.2700	-0.0580	0.2360	0.5730	1.1960	-0.9650
213	0.2360	-0.2370	0.0190	1.3540	1.4520	-0.8910
214	0.1470	-0.1880	0.0660	0.8760	0.9430	-0.6750
215	0.1890	-0.1190	0.0790	0.8870	1.0350	-0.7810
216	0.1970	-0.2270	0.0110	1.5600	1.0330	-0.7810
217	0.1590	-0.2650	0.0270	1.6800	0.6800	-0.8390
218	0.1210	-0.2830	0.0810	1.5110	0.7910	-0.8390
219	0.0480	-0.2110	0.0440	1.4960	0.5770	-0.7060
220	0.1230	-0.2280	0.0150	1.8790	0.6270	-0.7060
221	0.0720	-0.3230	0.0410	1.9170	0.6260	-0.9280
222	0.0060	-0.2890	0.0820	1.5940	-626.0000	-0.9280
223	-0.0130	-0.2350	0.0360	1.4440	0.1440	-0.7150
224	0.0190	-0.2730	0.0000	1.9660	0.1440	-0.7150
225	0.0250	-0.3700	0.0060	1.9800	0.3263	-0.4900
226	0.0400	-0.4030	0.0350	2.1400	0.3263	-0.4900
227	0.0490	-0.3070	-0.0040	1.7640	-0.1000	-0.5510
228	0.0060	-0.2930	0.0740	1.4860	0.0000	-0.5830
229	-0.0080	-0.2220	-0.0400	1.4500	55.0000	-0.6280
230	0.0540	-0.2520	0.0280	1.7820	0.0000	-0.6280
231	0.0760	-0.3530	-0.0641	1.7820	0.0000	-0.6280
232	0.0930	-0.3110	0.0210	1.6021	0.6740	-0.6820
233	0.1070	-0.2780	-0.0100	1.6021	0.6740	-0.6820
234	0.0670	-0.3160	-0.0400	1.4930	0.7180	-0.6980
235	0.0670	-0.3160	-0.0400	1.4930	0.7180	-0.6980
236	0.0720	-0.3000	0.0240	1.6830	0.5460	-0.5060
237	0.1420	-0.1730	0.0230	1.5610	0.4810	-0.5060
238	0.0050	-0.1790	0.0580	1.6350	0.3630	-0.7120
239	-0.0080	-0.2690	0.0520	1.5910	0.0000	-0.7120
240	-0.0070	-0.2500	0.0570	1.3480	0.0470	0.0000
241	-0.0680	-0.1600	0.0110	1.1840	-47.0000	0.0000
242	-0.0900	-0.3200	0.0670	1.7260	-0.6060	-0.5620
243	-0.2090	-0.3600	0.0260	2.2900	-0.6060	-0.5620
244	-0.1190	-0.3750	-0.0110	2.5100	-0.9200	-0.6970
245	-0.1850	-0.4270	0.0620	2.9010	-0.9200	-0.6970
246	-0.2090	-0.3600	0.0380	2.3030	-1.1060	-0.8920
247	-0.2960	-0.5630	0.0110	2.2910	-1.2180	-0.8650
248	-0.3150	-0.4340	-0.0330	0.2910	-1.2180	-0.8650
249	-0.2580	-0.3560	-0.0100	2.3450	-1.8570	-0.4630
250	-0.2610	-0.5130	-0.0100	2.3450	-1.8570	-0.4630
251	-0.1930	-0.4530	0.0020	2.6460	-1.4330	-0.4700
252	-0.2380	-0.5020	0.0020	2.6460	-1.4330	-0.4700
253	-0.1960	-0.3890	0.0240	2.7340	-0.9230	-0.6320
254	-0.1440	-0.3880	0.0240	2.7340	-0.9230	-0.6320
255	-0.2380	-0.4020	0.0100	2.0710	-0.9610	-0.5630
256	-0.1340	-0.4700	0.0100	2.0710	-0.9610	-0.5630
257	-0.1160	-0.4580	0.0270	2.4160	-0.7890	-0.4150
258	-0.0330	-0.4580	0.0270	2.4160	-0.7890	-0.4150
259	-0.0910	-0.5150	0.0580	2.7010	-0.1780	-0.5170
260	-0.0360	-0.5150	0.0580	2.7010	-0.1780	-0.5170
261	-0.0340	-0.4220	0.0420	2.8110	-0.3710	-0.5430
262	-0.0980	-0.3280	0.0140	2.8390	-0.2970	-0.5380
263	-0.0910	-0.5490	0.0140	2.8390	-0.2970	-0.5380
264	-0.0770	-0.4420	0.0040	2.4810	-0.4330	-0.3370
265	-0.1790	-0.3420	0.0040	2.4810	-0.4330	-0.3370
266	-0.0880	-0.4660	0.0000	2.3460	-0.4930	-0.1150
267	-0.0920	-0.4660	0.0000	2.3460	-0.4930	-0.1150
268	-0.1620	-0.4300	-0.0080	2.5320	-0.3400	-0.0730
269	0.0310	-0.4300	-0.0080	2.5320	-0.3400	-0.0730
270	0.0470	-0.3410	-0.0060	2.3280	0.0050	0.1330
271	-0.0400	-0.3410	-0.0060	2.3280	0.0050	0.1330
272	0.1570	0.0000	0.1260	1.9910	0.3870	0.3180
273	0.1570	0.0000	0.1260	1.9910	0.3870	0.3180
274	0.0590	-0.4340	-0.0470	2.1850	0.4100	-0.0010
275	-0.0590	-0.4340	-0.0470	2.1850	0.4100	-0.0010
276	-0.0330	-0.4690	-0.0300	1.9530	0.0310	0.2800
277	-0.0330	-0.4290	0.0080	2.3300	-0.4230	0.2850
278	0.0076	-0.3040	0.0410	1.9250	-0.0620	0.3630
279	0.0090	-0.3790	0.0220	2.0510	-0.1430	0.4820
280	0.0920	-0.3130	0.0500	2.0870	0.1380	0.3610
281	-0.1840	-0.3740	-0.0500	2.1280	-0.6060	0.5820
282	-0.0300	-0.3120	0.0620	1.7340	-0.3240	0.2650
283	-0.1460	-0.3570	-0.0060	1.9540	-0.5260	0.4140
284	-0.0950	-0.3850	0.0420	2.2650	-0.1400	0.4580
285	0.1580	-0.2900	0.0500	2.1380	0.0290	0.3170
286	0.0460	-0.3480	-0.0320	2.0890	-0.3340	0.6600
287	-0.0410	-0.3980	0.0090	1.7930	-0.3330	0.6700
288	0.0550	-0.3670	-0.0360	2.2250	-0.0420	0.3200
289	-0.0420	-0.3480	0.0430	2.3300	-0.3740	0.5040
290	-0.0640	-0.3670	0.0820	2.2000	0.2000	0.6050
291	-0.0700	-0.5230	-0.0180	2.5800	0.0410	0.3630
292	-0.0740	-0.4890	0.0510	2.0520	-0.6480	0.3910
293	-0.1350	-0.3510	0.0200	1.6710	-0.4560	0.3360
294	0.0020	-0.2170	0.1760	2.0270	-0.1980	-0.0040
295	-0.0890	-0.1760	0.0530	1.9860	-0.3610	0.1360
296	-0.2930	-0.3980	0.0320	1.5090	-1.1430	0.4700
297	-0.3160	-0.3440	0.0660	1.7120	-1.3840	0.2790
298	-0.3040	-0.3640	0.0580	1.9890	-0.8170	0.0800
299	-0.3280	-0.4540	0.1450	2.1240	-1.3970	0.1520
300	-0.3770	-0.4180	0.1580	1.9810	-1.5870	0.3230
301	-0.2860	-0.3400	0.1660	2.0350	-0.8440	0.1210
302	-0.2680	-0.4640	0.1410	2.5800	-0.6820	-0.1600
303	-0.3160	-0.7270	0.0170	3.3280	-1.4450	-0.1060
304	-0.4720	-0.8220	0.1300	3.7070	-1.9270	0.1020
305	-0.4180	-0.5600	0.1640	3.5510	-2.0090	-0.0790
306	-0.3010	-0.5250	0.0340	3.3460	-2.2110	-0.5090
307	-0.3420	-0.6780	0.0570	3.4900	-2.9270	-0.3040
308	-0.4720	-0.5390	0.0090	3.4600	-3.1900	-0.0710
309	-0.3220	-0.5570	-0.0350	3.4810	-3.4200	-0.3010
310	-0.2720	-0.6290	-0.0130	3.4720	-3.4010	-0.3910
311	-0.2780	-0.5310	-0.1650	3.3980	-3.8320	-0.3920
312	-0.0200	-0.4070	-0.1690	3.3500	-3.5660	-0.4230
313	0.1620	-0.5290	-0.1380	3.5500	-3.3600	-0.9040
314	0.0270	-0.6940	-0.1080	3.7640	-3.8870	-0.8470
315	-0.2390	-0.6630	-0.2340	3.9870	-4.0960	-0.5780
316	0.1910	-0.7150	-0.1510	4.0530	-3.8130	-0.8890
317	0.0160	-0.6610	-0.2130	3.6560	-4.1430	-1.0240
318	-0.1360	-0.5230	-0.1330	3.2600	-3.9690	-1.0090
319	-0.0150	-0.5940	-0.2050	3.9190	-3.7820	-1.0550
320	0.1370	-0.5430	-0.1760	4.0360	-3.4130	-1.2340
321	0.0380	-0.5600	-0.1910	3.9050	-3.3980	-1.0880
322	0.0780	-0.6100	-0.0930	3.4570	-3.0410	-1.2830
323	0.1340	-0.6070	-0.0220	3.8580	-2.3930	-1.7420
324	-0.0010	-0.6310	-0.1150	3.6990	-2.7660	-1.5300
325	0.1070	-0.5920	-0.0190	3.6700	-2.6090	-1.6540
326	0.1840	-0.6240	-0.1490	3.6020	-2.4230	-1.6980
327	0.1990	-0.5480	-0.1380	4.0900	-2.6410	-1.5070
328	0.2460	-0.5030	-0.0920	4.0930	-2.2620	-1.4110
329	0.3430	-0.4780	-0.0950	3.6470	-2.1660	-1.5120
330	0.2220	-0.5540	-0.1860	3.4850	-1.9180	-1.4540
331	0.1100	-0.4770	-0.0970	3.6530	-1.9260	-1.6480
332	0.1030	-0.5720	-0.1510	3.7630	-1.8600	-1.3450
333	0.2900	-0.4860	-0.1840	3.4870	-1.6310	-1.4750
334	0.4130	-0.3810	-0.2190	3.6740	-0.7150	-1.7600
335	0.4270	-0.5650	-0.2550	3.9230	-0.7910	-1.4110
336	0.5880	-0.7500	-0.1590	4.0170	-0.0080	-1.4200
337	0.4810	-0.6150	-0.1660	3.8560	-0.1210	-1.1690
338	0.4110	-0.5940	-0.1600	3.5680	0.5410	-1.1450
339	0.0770	-0.7860	0.5700	3.4540	0.5940	-1.0460
340	-0.7120	-0.8250	0.3410	3.6040	0.4350	-0.9920
341	-0.5710	-0.9500	0.5590	4.2290	0.1250	-0.9190
342	-0.1240	-0.7860	-0.0770	4.2260	0.1950	-1.0800
343	0.0930	-0.5030	0.0200	3.9230	0.2080	-0.8830
344	-0.1360	-0.3180	0.1510	3.5750	0.4200	-0.9440
345	-0.1420	-0.8140	0.1430	3.6220	0.5490	-0.5120
346	-0.2530	-0.8170	0.0700	3.5050	0.1700	-0.8390
347	-0.1040	-0.6590	-0.0080	3.8780	-0.1800	-0.6830
348	0.0190	-0.5970	0.0100	3.4860	-0.1140	-0.6690
349	0.1190	-0.3850	-0.0170	3.0510	-0.0330	-0.6770
350	-0.0740	-0.6160	-0.0500	3.0550	0.0870	-0.4920
351	-0.0740	-0.6160	-0.0500	3.0550	0.0870	-0.4920
352	-0.0480	-0.5680	-0.0040	2.6540	-0.4920	-0.5780
353	0.0320	-0.3640	-0.0390	2.4610	-0.3480	-0.5390
354	-0.0160	-0.2450	0.0730	2.2670	-0.0880	-0.4520
355	-0.2340	-0.5600	0.0220	2.4570	-0.2630	-0.1050
356	0.0320	-0.6050	0.0090	2.5520	0.0580	-0.4550
357	-0.1140	-0.3240	0.0800	2.2800	-0.4120	-0.4130
358	0.0480	-0.2380	0.0070	1.9400	-0.2230	-0.6600
359	0.0890	-0.3170	-0.0460	2.0520	0.1990	-0.9040
360	-0.1500	-0.5360	0.1150	2.3290	-0.0080	-0.7100
361	-0.0860	-0.3210	-0.0250	2.1590	-0.2180	-0.8000
362	0.1180	-0.2680	0.0330	2.1680	-0.2370	-0.7000
363	-0.1730	-0.3770	0.0030	2.5780	-0.7080	-0.5100
364	-0.1110	-0.4820	-0.0210	2.4130	-0.3100	-0.2250
365	-0.2530	-0.4920	0.2120	2.3220	-0.5450	0.0000
366	-0.1980	-0.3890	-0.2230	1.7020	-0.7650	-0.2900
367	-0.1940	-0.2100	-0.0380	1.4200	-0.8050	0.4160
368	-0.0700	-0.2950	-0.0330	1.2900	-0.5060	0.3970
369	0.0730	-0.4610	0.1820	0.8490	-0.5458	0.1600
370	0.0460	-0.3300	0.1280	1.0630	-0.5430	0.3730
371	0.2810	-0.3460	0.1130	2.1280	-0.0240	0.1030
372	0.0080	-0.4960	0.0400	2.0170	-0.0480	0.2620
373	-0.0200	-0.4100	-0.0630	2.1580	0.7940	0.0630
374	-0.1220	-0.4620	0.0760	2.2680	-0.0710	1.0960
375	0.1720	-0.5510	0.1470	2.5870	0.1012	0.5440
376	-0.0340	-0.5020	0.1700	2.7500	0.1012	0.5440
377	-0.1780	-0.5620	0.0830	2.6530	-0.8800	1.1920
378	-0.3220	-0.7980	0.0750	3.6590	-1.8440	1.6680
379	-0.5490	-0.6080	0.0310	3.4850	-2.3040	1.8220
380	-0.6390	-0.6330	-0.0933	-3.0130	1.4920	0.0160
381	-0.4450	-0.6790	-0.1630	3.7490	-3.0220	2.1070
382	-0.4790	-0.7100	-0.1680	3.9710	-2.8430	2.3400
383	-0.4320	-0.6110	-0.1930	4.0530	-2.5810	1.6090
384	-0.5070	-0.5120	0.0000	4.3970	-2.3450	1.8860
385	-0.3070	-0.5170	-0.0570	5.1070	-2.7250	2.2880
386	-0.2270	-0.3210	-0.1750	4.4370	-2.8150	2.8040
387	-0.1200	-0.5150	-0.1750	4.4370	-2.8150	2.8040
388	-0.3710	-0.6050	-0.0240	4.9300	-1.9490	3.3430
389	-0.3960	-0.6000	-0.1640	4.2860	-2.1040	3.2220
390	-0.4340	-0.6420	-0.0450	4.1560	-2.4860	3.8230
391	0.0480	-0.2850	0.0280	3.6800	-1.3170	3.0620
392	0.1020	-0.3010	-0.1910	3.5710	0.0600	2.7850
393	0.1690	-0.4020	-0.2340	3.5880	0.6090	3.1510
394	0.0450	-0.4020	-0.2340	3.5880	0.6090	3.1510
395	0.4350	-0.3060	-0.1650	2.4250	2.3340	2.1110
396	0.5980	-0.3910	-0.1500	2.9290	2.8010	2.3150
397	0.5940	-0.4850	-0.0650	3.0920	3.2300	2.9310
398	0.6380	-0.3570	-0.0410	550.0000	3.7090	2.8930
399	0.4930	-0.3170	-0.0290	550.0000	3.7090	2.8930
400	0.1100	-0.1360	-0.3390	4.2450	3.1000	3.6090
401	-0.4600	-0.5210	-0.3200	3.6310	1.4460	4.2560
402	-0.7230	-0.8700	0.0106	3.7330	0.6770	4.9570
403	-0.8240	-0.8600	-93.0000	3.9430	0.1300	5.2140
404	-0.7430	-0.2080	0.0560	3.8040	-0.4330	4.7600
405	-0.5150	-0.0740	0.2430	4.0110	-0.6900	4.7740
406	-0.5410	0.0570	0.2430	4.0110	-0.6900	4.7740
407	-0.8820	-0.4200	0.2430	4.0110	-0.6900	4.7740
408	-1.3240	-0.6220	0.0950	2.6940	-2.7290	5.7640
409	-1.2800	-0.6330	0.0220	2.5380	-4.6990	6.2810
410	-1.1950	-0.9610	-0.1780	1.9880	-6.3030	6.9480
411	-0.9210	-1.1380	-0.1850	1.5260	-5.8540	7.2930
412	-0.7330	-1.2610	-0.1850	1.5260	-5.8540	7.2930
413	-0.6560	-1.2610	-0.1810	1.6110	-5.1720	6.7930
414	-0.1930	-1.0680	-0.3210	2.4040	-4.7750	7.0700
415	-0.1030	-0.0860	-0.7600	1.4440	-3.4260	6.2260
416	0.0510	-0.9480	-0.3650	1.0450	-2.3210	5.5460
417	-0.2260	-0.8780	-0.3760	0.9900	-1.1020	5.4450
418	-0.2630	-0.6120	-0.4550	1.0690	-0.7480	5.3830
419	-0.9890	-0.6120	-0.4550	1.0690	-0.7480	5.3830
420	-0.9790	-0.0410	-0.2560	2.6700	-1.3370	5.1510
421	-0.8710	-0.2910	-0.2890	3.6460	-1.2550	5.6200
422	-0.8840	-0.0500	0.3850	4.6860	-2.6660	5.4380
423	-0.7250	-0.1630	0.1560	4.3120	-4.1070	6.0860
424	-0.9630	-0.1870	-0.1660	3.7610	-5.1640	6.6370
425	-0.1910	-1.2440	0.2550	3.7160	-6.0640	7.3180
426	-0.7680	-1.3680	0.0980	3.1610	-6.3360	6.7890
427	-1.2000	-1.6820	-0.2400	3.3560	-6.6900	6.5190
428	-1.4300	-1.4850	-0.0910	4.1190	-6.8790	6.2320
429	-0.9200	-1.7330	-0.1050	4.0850	-6.6410	6.3320
430	-1.1660	-1.4200	-0.1000	4.4120	-5.9860	6.2520
431	-0.6950	-0.9870	0.5610	4.7870	-5.1970	6.0140
432	-0.7040	-1.2070	0.2180	4.6530	-4.8840	6.1120
433	-0.3270	-0.7610	0.1080	4.6050	-5.3760	5.6650
434	-1.3900	-1.1240	-0.0060	4.6280	-7.4430	5.8450
435	-1.5210	-1.4200	-0.0470	4.9660	-8.7290	5.8740
436	-1.5680	-1.4120	-0.0110	5.0340	-8.6330	5.0650
437	-1.1200	-1.0870	-0.0520	5.4970	-7.9550	4.0390
438	-0.7070	-0.8370	-0.0420	5.2560	-6.7760	3.6130
439	-0.7240	-0.6540	0.0440	4.4270	-6.9770	3.7390
440	-1.2760	-0.8670	-0.0740	4.2980	-7.3240	3.9260
441	-1.4890	-1.0620	-0.0310	4.3970	-8.3010	4.0320
442	-1.3270	-0.7780	-0.0310	4.5770	-8.1370	3.4590
443	-1.0690	-0.7450	-0.0680	4.4560	-7.7770	2.7980
444	-1.1210	-0.7370	-0.1870	4.6160	-7.2910	2.4190
445	-0.7630	-0.9640	-0.0330	4.0870	-6.3300	2.2320
446	-0.7240	-0.6890	-0.0340	3.3920	-5.5340	1.6090
447	-0.4880	-0.7780	-0.0420	3.7620	-5.2380	1.8600
448	-0.4570	-0.8220	-0.0150	3.0620	-5.4790	1.9930
449	-0.6800	-0.6670	-0.0630	2.4690	-4.6800	1.5220
450	-0.7150	-0.7810	-0.1000	2.8340	-4.1850	1.5020
451	-0.7040	-0.7690	0.0190	2.8400	-4.1380	1.4180
452	-0.8070	-0.8870	0.0190	3.4940	-4.8870	1.8830
453	-0.9680	-0.6920	-0.1220	3.7840	-5.7050	1.7800
454	-0.7860	-0.5490	-0.1000	4.9200	-5.6380	1.6840
455	-0.6010	-0.4550	-0.2040	5.6030	-4.8680	1.0400
456	-0.6370	-0.2720	-0.1250	4.6660	-3.8640	1.0190
457	-0.8650	-0.4300	-0.0790	5.0130	-2.9420	0.8120
458	-0.8880	-0.4050	0.0090	4.8080	-3.0470	1.0040
459	-0.9840	-0.4810	-0.0140	4.9220	-3.8260	1.3560
460	-1.1780	-0.4070	0.0070	4.8170	-4.7190	1.8450
461	-0.9440	-0.6320	-0.0770	4.1290	-4.9980	1.8700
462	-0.8530	-0.7610	0.1040	4.3320	-4.6300	1.7430
463	-0.9900	-0.7250	0.0490	4.3790	-5.4820	1.6240
464	-1.2370	-0.8610	-0.0520	4.2640	-7.1960	2.1180
465	-1.2880	-0.8810	-0.2300	3.9780	-8.7240	2.6890
466	-1.3120	-0.7550	-0.2840	3.6330	-8.5170	2.7120
467	-1.2940	-1.0360	-0.2410	4.0230	-8.2040	2.8570
468	-1.2960	-0.8810	-0.1850	3.6830	-8.8080	2.1350
469	-1.4030	-0.8490	-0.5690	3.4700	-9.1310	1.8930
470	-1.4060	-1.3570	-0.3550	5.1140	-9.2830	2.4860
471	-1.4910	-1.2290	-0.4850	5.0730	-9.4980	2.5200
472	-1.5130	-1.0430	-0.5040	5.1140	-9.3490	1.8860
473	-1.6060	-0.6200	-0.5130	5.5220	-8.2310	1.2430
474	-1.2390	-0.6430	-0.5450	4.7610	-6.8360	1.0420
475	-1.3190	-0.5200	-0.4610	4.9590	-5.7730	0.5910
476	-1.1970	-0.5230	-0.4830	5.1490	-5.9370	0.6500
477	-1.3610	-0.4370	-0.3990	5.2530	-6.1910	0.5900
478	-1.2420	-0.4710	-0.3320	4.4280	-6.4730	0.6570
479	-1.3380	-0.4050	-0.1020	4.6640	-6.4440	1.3430
480	-1.3300	-0.5980	-0.1540	4.4380	-7.0300	1.8490
481	-1.4420	-0.6480	-0.1690	4.2820	-7.1530	2.3500
482	-1.2290	-0.7100	-0.1490	3.9210	-7.2610	3.0130
483	-1.3400	-0.4840	-0.1570	3.4170	-7.0820	2.5620
484	-1.5540	-0.6060	-0.1230	2.7570	-7.2620	2.8730
485	-1.4270	-0.7580	-0.1520	3.2260	-7.1190	3.0440
486	-1.1150	-0.7010	-0.1240	2.6700	-6.3060	2.6300
487	-0.6900	-0.5130	-0.2240	1.6690	-4.9680	2.0130
488	-0.3260	-0.4540	-0.1360	1.4400	-3.9390	1.3950
489	-0.2770	-0.3990	-0.0850	1.3520	-3.6480	0.9610
490	-0.2410	-0.3520	-0.1520	2.1170	-3.0010	2.0620
491	-0.1560	-0.4250	-0.0880	2.1490	-2.7330	2.9030
492	-0.6310	-0.6490	-0.1510	2.4150	-2.9520	3.6820
493	-0.9030	-0.7500	-0.1040	2.6290	-3.7770	4.4970
494	-1.1270	-0.4340	-0.1880	2.1840	-3.3190	4.3760
495	-1.1270	-0.4340	-0.1880	2.1840	-3.3190	4.3760
496	-0.7440	0.5820	-0.3420	0.1210	-2.7970	4.2990
497	-0.7440	0.5820	-0.3420	0.1210	-2.7970	4.2990
498	-1.0510	0.5420	-0.2290	-0.4170	-3.7670	4.4210
499	-1.0510	0.5420	-0.2290	-0.4170	-3.7670	4.4210
500	-0.6950	0.7430	-0.2070	-1.2670	-2.6710	4.6150
501	-0.6950	0.7430	-0.2070	-1.2670	-2.6710	4.6150
502	-0.9020	0.3970	-0.0360	-0.4330	-4.3610	4.6330
503	-1.1460	-0.0440	-0.0680	0.3390	-5.7540	5.0970
504	-1.4880	-0.2160	0.0200	0.1620	-7.3980	5.5330
505	-1.4630	-0.4890	0.0160	-0.1520	-8.2290	5.5300
506	-1.5880	-0.6960	0.0990	0.4160	-8.8240	5.6531
507	-1.8950	-0.8910	0.0660	0.1310	-10.8430	5.8200
508	-2.0690	-0.8930	-0.1220	-0.5650	-13.0050	5.8200
509	-2.3710	-0.8090	-0.1160	-1.7350	-14.6780	7.0830
510	-2.2540	-0.3800	-0.0890	-2.2050	-15.6780	7.0830
511	-2.2660	-0.1870	-0.4690	-1.9580	-15.0540	6.4080
512	-2.2000	-0.1820	-0.6410	-0.6490	-15.0540	6.4080
513	-2.4150	-0.0430	-0.6580	-0.6820	-14.4620	6.7050
514	-2.2780	-0.0900	-0.6610	0.2170	-114.4620	6.1270
515	-2.3270	-0.1650	-0.6340	0.3630	-13.3930	5.8060
516	-2.3250	-0.0930	-0.6060	0.4920	-13.3930	6.0010
517	-2.7710	-0.0850	-0.6200	0.3840	-14.5030	6.1930
518	-2.9330	-0.1610	-0.5900	0.0840	-14.5030	6.1930
519	-2.7810	0.1020	-0.4990	-0.7950	-15.2320	6.0210
520	-2.5280	0.2020	-0.3210	-0.7950	-15.2320	6.0210
521	-2.3620	0.4180	-0.2800	-0.9070	-14.8140	7.0130
522	-2.3820	0.2300	-0.4170	-0.9960	-15.1020	6.9280
523	-2.6240	-0.2990	-0.5500	-0.9960	-15.1020	6.9280
524	-2.8860	-0.6090	-0.7210	-0.3810	-17.0860	7.4560
525	-2.8250	-0.6580	-0.7210	-0.3810	-17.0860	7.4560
526	-2.8190	-0.5750	-0.3810	-0.1290	-18.1390	7.3040
527	-2.9120	-0.6010	-0.3810	-0.1290	-18.1390	7.3040
528	-3.0030	-0.8220	-0.3060	-1.6180	-17.5700	6.8680
529	-2.9670	-0.9680	-0.3060	-1.6180	-17.5700	6.8680
530	-2.9190	-0.8950	-0.3030	0.8450	-17.7750	7.0860
531	-2.6210	-0.6450	-0.3030	0.8450	-17.7750	7.0860
532	-2.4660	-0.2530	-0.2560	1.3730	-16.7310	6.7190
533	-2.5020	-0.2530	-0.2560	1.3730	-16.7310	6.7190
534	-2.5680	-0.2110	-0.3590	1.1050	-15.6810	6.5140
535	-2.9830	-0.2110	-0.3590	1.1050	-15.6810	6.5140
536	-3.3670	-0.3360	-0.4850	1.4750	-17.1830	6.3410
537	-3.3740	-0.3360	-0.4850	1.4750	-17.1830	6.3410
538	-3.0640	-0.4240	-0.6790	0.5690	-19.2890	6.3920
539	-2.8220	-0.4110	-0.6600	0.7210	-18.5970	5.1060
540	-2.8220	-0.4110	-0.6600	0.7210	-18.5970	5.1060
541	-2.3410	0.1210	-0.6360	-0.2230	-16.5200	3.6960
542	-2.3410	0.1210	-0.6360	-0.2230	-16.5200	3.6960
543	-1.9610	-0.1770	-0.4200	-0.5800	-14.0820	4.3040
544	-1.9610	-0.1770	-0.4200	-0.5800	-14.0820	4.3040
545	-2.1590	-0.0540	-0.2320	-1.8990	-12.1770	3.3300
546	-2.1580	-0.1330	-0.1410	-1.1460	-12.3110	3.5190
547	-2.6710	-0.3230	-0.1320	-0.5860	-13.1150	4.1430
548	-2.8960	-0.3170	-0.3110	-1.0480	-13.9880	4.4800
549	-2.8660	-0.1680	-0.2280	-1.5240	-14.9270	4.4990
550	-2.6920	0.1050	-0.1670	-1.8160	-15.3300	5.2050
551	-2.6830	0.0850	-0.0480	-1.8150	-15.6270	5.7020
552	-2.6850	0.2980	-0.4350	-2.3350	-15.9050	5.7910
553	-2.7850	0.4740	-0.3240	-2.4020	-15.5340	5.0410
554	-2.7270	0.8210	-0.5230	-3.3680	-14.4160	4.3450
555	-2.3310	0.6980	-0.5210	-3.8330	-12.8840	4.1440
556	-2.3490	0.4750	-0.5520	-4.2860	-11.9660	3.4690
557	-2.1090	0.1150	-0.5090	-2.9490	-11.6890	3.4160
558	-1.5200	0.3610	-0.3510	-2.0060	-11.3400	3.3910
559	-1.5200	0.3610	-0.3510	-2.0060	-11.3400	3.3910
560	-1.5870	0.6140	-0.3910	-3.8550	-11.9360	5.2600
561	-1.5870	0.6140	-0.3910	-3.8550	-11.9360	5.2600
562	-2.1010	0.2020	-0.1880	-3.3040	-11.8760	4.9140
563	-2.1010	0.2230	-0.0640	-2.5610	-11.7230	4.6620
564	-2.0610	0.1870	-0.2760	-1.8980	-11.1730	4.1480
565	-2.0460	0.0320	-0.0760	-1.5200	-10.6210	4.0990
566	-2.3770	-0.3510	-0.1210	-0.0050	-11.3920	3.9850
567	-2.7970	-0.7270	-0.2050	1.0840	-12.8970	4.0330
568	-2.6860	-0.7610	-0.3470	2.4630	-14.1480	4.5060
569	-2.5090	-0.5650	-0.4220	3.5060	-14.6810	4.6840
570	-2.2720	-0.5460	-0.4380	3.6170	-14.1990	4.4350
571	-2.1640	-0.5600	-0.4490	3.1930	-14.2720	5.0050
572	-2.3420	-0.8650	-0.4330	3.1550	-14.4220	5.1400
573	-2.4420	-0.8590	-0.4810	2.0500	-14.5050	5.0730
574	-2.1050	-0.4900	-0.2970	0.9990	-13.7590	4.7690
575	-1.9470	-0.4010	-0.3700	0.5610	-13.2870	4.5570
576	-2.2540	-0.4450	-0.2400	1.2370	-13.7920	4.3690
577	-2.7280	-0.6870	-0.2750	1.9380	-15.1710	4.7010
578	-3.0980	-0.8450	-0.4320	2.9160	-16.6800	4.9470
579	-3.3790	-1.1380	-0.6080	3.6200	-17.9270	5.0070
580	-3.3940	-1.4090	-0.5960	3.7860	-18.7680	5.5520
581	-3.4320	-1.5050	-0.5810	4.0480	-19.6600	5.3880
582	-3.6050	-1.3730	-0.5750	5.0520	-20.3730	5.5970
583	-3.3170	-1.2740	-0.5660	4.9050	-20.6100	5.6070
584	-3.0450	-1.3340	-0.7860	6.4410	-20.9930	4.8000
585	-2.9210	-1.3700	-0.6760	7.2890	-20.3160	4.4110
586	-2.8280	-1.4130	-0.5690	7.3310	-19.6200	4.8830
587	-2.4430	-1.5700	-0.4820	6.8800	-18.2510	4.9360
588	-2.4480	-1.5110	-0.6000	7.2150	-18.3150	4.4590
589	-2.7790	-1.7260	-0.7690	7.8720	-19.3270	4.8480
590	-3.1130	-2.0950	-1.0560	8.7980	-20.1670	4.7930
591	-3.4190	-2.2030	-1.1450	9.1090	-20.7650	4.9190
592	-3.3700	-2.2920	-1.1810	9.8700	-20.4680	4.5200
593	-3.3570	-2.0250	-1.1850	11.0390	-20.5480	3.8460
594	-3.2340	-1.7890	-1.4780	10.3290	-20.0610	3.1500
595	-3.1630	-1.6120	-1.3830	9.9700	-19.7180	2.7990
596	-3.1880	-1.8750	-1.1800	10.2220	-19.3920	2.4710
597	-3.2930	-2.0100	-1.2080	10.5930	-19.7820	2.7060
598	-3.2370	-1.9690	-1.1850	10.3550	-19.8130	2.5350
599	-3.1150	-1.9330	-1.2070	10.5160	-20.1350	2.1660
600	-3.0070	-1.9710	-0.9920	11.0700	-20.3610	2.0780
601	-3.1690	-2.0080	-1.2980	11.2330	-20.9410	2.4370
602	-2.9340	-1.8430	-1.4380	11.1070	-20.2540	2.0620
603	-2.9250	-1.7260	-1.2860	11.2020	-18.8480	1.6930
604	-2.5790	-1.7530	-1.1400	10.8510	-17.9630	1.5550
605	-2.9530	-1.8080	-1.2340	9.8500	-18.2950	1.5710
606	-3.1240	-1.8470	-1.2680	9.4870	-18.3280	1.2340
607	-3.1440	-1.9350	-1.1940	9.4590	-18.1370	1.0700
608	-2.9950	-2.0070	-1.1060	9.7790	-18.3450	0.7870
609	-3.1820	-1.8520	-1.1080	10.4940	-18.9750	0.4490
610	-3.3520	-1.9620	-1.3710	11.3830	-19.6650	0.5860
611	-3.4120	-1.7810	-1.2670	11.4380	-19.6770	0.5630
612	-3.2070	-1.5630	-1.3350	11.1370	-18.7790	0.3110
613	-3.0490	-1.1910	-1.2690	10.3220	-17.7640	-0.1430
614	-2.8150	-0.8610	-1.1650	9.1520	-17.2570	-0.3870
615	-2.8560	-1.0950	-1.1280	9.4020	-17.8090	0.0770
616	-3.2120	-1.0290	-1.2800	8.8150	-19.1060	0.3190
617	-3.2290	-1.1110	-1.1170	8.8420	-19.6950	0.2760
618	-3.0100	-1.1000	-1.0720	8.9890	-18.9140	-0.2220
619	-2.8330	-1.0220	-0.9450	8.1750	-17.7900	-0.4890
620	-2.9390	-1.1180	-0.8380	7.8410	-17.2580	-0.4790
621	-2.9290	-1.2080	-0.7850	7.6890	-17.3330	-0.2490
622	-3.1030	-1.1570	-0.7150	6.9600	-16.4540	-0.3150
623	-2.7420	-1.1950	-0.5210	7.2790	-15.2490	-0.2130
624	-2.6750	-1.2010	-0.4150	6.9750	-14.8020	-0.3860
625	-2.8590	-1.1940	-0.3060	6.0230	-15.1530	0.1170
626	-3.1250	-1.3710	-0.2650	6.4450	-16.5180	0.8180
627	-3.2620	-1.3150	-0.3030	6.2600	-16.9370	0.9390
628	-3.3110	-1.2380	-0.1680	6.6270	-17.1140	0.9090
629	-2.9990	-1.0680	-0.0930	7.2880	-16.4370	0.8200
630	-2.7640	-1.2000	-0.1110	7.6170	-16.0320	0.2210
631	-2.6910	-1.2660	0.0790	7.7940	-16.2200	0.4440
632	-2.9440	-1.4760	0.0960	7.4730	-16.3490	0.5290
633	-3.0300	-1.4290	0.1760	7.1190	-16.3700	0.6560
634	-3.2420	-1.5050	0.2420	7.2560	-17.1680	0.9180
635	-3.1940	-1.4280	-0.0570	6.8450	-17.6830	1.1370
636	-2.9920	-1.4230	0.1800	7.1550	-16.5950	0.9970
637	-2.7670	-1.4370	-0.0990	7.2210	-15.5840	0.9820
638	-2.7350	-1.3980	-0.2130	7.0550	-15.0420	0.7900
639	-2.7180	-1.6830	-0.0500	7.5250	-14.7720	0.9070
640	-2.7500	-1.5630	-0.0260	7.1950	-14.5910	1.2690
641	-2.7410	-1.7200	-0.1620	7.4100	-15.1530	1.3090
642	-2.8710	-1.6440	-0.2030	8.3590	-15.9040	1.2080
643	-2.8710	-1.6440	-0.2030	8.3590	-15.9040	1.2080
644	-2.8730	-1.9610	-0.2440	9.3340	-16.9510	0.8970
645	-2.8050	-1.9680	-0.6730	10.1670	-16.7440	0.3780
646	-2.6820	-2.0340	-0.7170	10.5790	-15.9290	0.2470
647	-2.3350	-1.7760	-0.5570	10.0630	-14.4440	-0.0150
648	-2.2360	-1.6170	-0.5630	10.2920	-14.3530	0.1780
649	-2.1030	-1.5370	-0.6580	9.4400	-14.8670	0.7480
650	-2.4830	-1.5570	-0.7880	9.7450	-15.9400	0.7480
651	-2.4720	-1.5760	-0.6440	10.3110	-15.8380	0.4700
652	-2.3300	-1.5710	-0.6750	10.2200	-14.6380	0.4700
653	-2.1230	-1.2720	-0.6970	9.4260	-13.9740	-0.3180
654	-2.0690	-1.3400	-0.6560	8.7640	-13.5760	0.0338
655	-2.2430	-1.1900	-0.5420	8.2940	-14.0940	0.0710
656	-2.5660	-1.1370	-0.6000	7.4040	-15.2390	0.3740
657	-2.5770	-1.1370	-0.5320	6.7920	-14.7920	0.3740
658	-2.5440	-1.1380	-0.4270	6.7570	-14.5020	1.0610
659	-2.5660	-1.2690	-0.4670	7.1070	-15.1080	0.9280
660	-2.3890	-1.5450	-0.4430	8.2930	-15.1970	0.9070
661	-2.7600	-1.4830	-0.6670	9.0610	-16.5730	1.1160
662	-2.7220	-1.4760	-0.6600	9.1030	-16.8190	1.3810
663	-2.4600	-1.2520	-0.6240	7.8980	-16.8190	1.8330
664	-2.3000	-1.3310	-0.5390	7.4860	-15.3170	1.2700
665	-2.2570	-1.2930	-0.5070	7.0030	-13.9910	1.1200
666	-2.2500	-1.4030	-0.3950	7.1730	-13.9910	1.1200
667	-2.5080	-1.3600	-0.5950	7.1730	-13.9910	1.1200
668	-2.6100	-1.3820	-0.6530	7.3640	-14.8550	1.6500
669	-2.6200	-1.3010	-0.7150	7.3070	-15.4430	1.9450
670	-2.4180	-1.4270	-0.5540	7.1220	-15.6170	1.7290
671	-2.3540	-1.2780	-0.6010	7.1220	-15.6170	1.7290
672	-2.1170	-1.5600	-0.5280	7.5880	-15.2660	1.2420
673	-1.8210	-1.6360	-0.5180	7.5910	-14.1240	0.9480
674	-1.7920	-1.5000	-0.7180	8.4900	-13.4210	1.0790
675	-1.8340	-1.4360	-0.7800	8.1240	-12.7110	0.8280
676	-1.6580	-1.5440	-0.6710	8.5240	-12.0210	0.7280
677	-1.6360	-1.3600	-0.4830	8.5590	-10.5260	1.0740
678	-1.5950	-1.3880	-0.4020	7.5700	-9.6120	0.5730
679	-1.4910	-1.4960	-0.4020	7.5700	-9.6120	0.5730
680	-1.9580	-1.5860	-0.5600	7.9830	-9.2400	0.3190
681	-2.1710	-1.8870	-0.4170	7.9120	-10.0910	0.5050
682	-2.1710	-1.8870	-0.4170	7.9120	-10.0910	0.5050
683	-2.1810	-1.8600	-0.4750	9.2590	-11.4350	1.1090
684	-2.1810	-1.8600	-0.4750	9.2590	-11.4350	1.1090
685	-2.0030	-1.3900	-0.3460	9.4550	-10.1530	0.8200
686	-1.6880	-1.4740	-0.2740	9.3600	-9.4660	0.5720
687	-1.9130	-1.4740	-0.2740	9.3600	-9.4660	0.5720
688	-1.7030	-1.6720	-0.1260	9.2060	-10.6150	1.1770
689	-1.6090	-1.9570	-0.1660	9.6120	-11.2760	1.5460
690	-1.6980	-1.8550	-0.1630	8.9500	-11.3620	1.2420
691	-1.5300	-2.0960	-0.0780	10.4770	-11.1410	1.3330
692	-1.5220	-2.3430	-0.2110	11.7410	-10.9370	1.1700
693	-1.1800	-2.5490	-0.2530	12.2580	-9.9250	1.3820
694	-1.3200	-2.5210	-0.1790	13.1910	-9.1710	1.3350
695	-1.3340	-2.4180	-0.2130	12.5560	-8.2700	1.4960
696	-1.1790	-2.3930	-0.2390	13.3340	-7.5430	1.4460
697	-1.3030	-2.2820	-0.2500	14.0820	-7.9640	1.8380
698	-1.7210	-2.1880	-0.2100	14.2930	-9.3700	2.0660
699	-2.0990	-2.3030	-0.4030	14.5540	-10.6930	1.9140
700	-2.2780	-2.4110	-0.3300	15.2830	-11.0870	1.6260
701	-2.5260	-2.5820	-0.2430	14.8980	-11.6500	2.2220
702	-2.4080	-2.6170	-0.1550	14.0580	-11.9490	2.4060
703	-2.1970	-2.3940	-0.1330	13.3960	-11.5770	2.7070
704	-1.9960	-1.9020	-0.1870	11.9660	-10.1240	2.2940
705	-1.5140	-1.7530	-0.1960	11.4780	-8.9180	1.9020
706	-1.3720	-1.8770	-0.0650	10.8610	-8.5180	1.5730
707	-1.3130	-2.2680	-0.0730	11.9710	-8.7580	2.0090
708	-1.6660	-2.4120	-0.2900	12.4450	-10.2730	1.7960
709	-1.8000	-2.4180	-0.3940	12.6050	-11.7240	2.0810
710	-1.7880	-2.4540	-0.3240	12.4190	-12.0250	1.9030
711	-1.7830	-2.5200	-0.2700	13.0460	-10.9060	1.6450
712	-1.8380	-2.3010	-0.6250	12.6470	-10.4180	1.2660
713	-1.9170	-2.3610	-0.5640	13.1460	-9.9950	1.0590
714	-2.2700	-2.1830	-0.4510	14.1350	-10.0630	1.0630
715	-2.3910	-1.8210	-0.3490	13.7370	-10.1700	0.6970
716	-2.3680	-1.7330	-0.3870	13.7420	-10.7650	0.5590
717	-2.2250	-1.5080	-0.2480	13.7470	-11.0210	0.2050
718	-2.3860	-1.5330	-0.2360	13.4470	-12.1970	-0.1580
719	-2.3160	-1.8770	-0.3830	14.4870	-13.0170	-0.7110
720	-2.3550	-2.0870	-0.6020	14.8600	-13.2020	-0.9140
721	-2.2840	-2.2190	-0.5460	14.2700	-13.2940	-1.0880
722	-2.1730	-2.2920	-0.4460	12.8370	-13.0180	-0.9180
723	-2.0500	-2.3510	-0.3690	12.1330	-12.0630	-1.3460
724	-1.8270	-2.2180	-0.3400	12.2220	-11.0430	-1.4010
725	-1.5540	-2.1570	-0.2920	12.2990	-10.0540	-1.5920
726	-1.5890	-2.1170	-0.2520	11.8250	-10.3320	-1.3750
727	-1.7700	-2.3840	-0.4030	11.5350	-12.1120	-1.0410
728	-1.8430	-2.5810	-0.4810	12.6860	-13.1670	-0.6950
729	-1.9330	-2.5660	-0.4640	12.7480	-13.3690	-0.4230
730	-1.8720	-2.3280	-0.8650	13.1130	-12.9440	-1.1930
731	-1.6730	-2.2720	-0.7950	13.5740	-11.7250	-1.5190
732	-1.6560	-2.2050	-0.5260	13.4070	-11.1420	-1.4920
733	-1.5720	-2.2440	-0.7100	13.7900	-11.6180	-1.0530
734	-1.7130	-2.0990	-0.6180	14.5490	-11.9220	-0.8440
735	-1.8860	-2.0400	-0.7240	14.3360	-12.2460	-0.2970
736	-2.2620	-1.8390	-0.6660	13.6440	-11.9990	-0.0970
737	-2.3390	-1.7760	-0.6110	12.6190	-11.7010	0.2700
738	-2.5720	-1.5880	-0.5810	11.1090	-12.2460	0.5680
739	-2.4710	-1.6340	-0.6380	11.1210	-12.8080	0.5050
740	-2.4820	-1.5250	-0.6840	10.7560	-13.2320	0.1480
741	-2.1870	-1.4890	-0.5960	11.7490	-13.4160	-0.2510
742	-1.9310	-1.3040	-0.6780	10.5460	-12.7880	-0.5630
743	-1.6460	-1.4900	-0.6520	11.1080	-11.7770	-0.0140
744	-1.7180	-1.7220	-0.6310	10.0140	-11.7230	-0.0300
745	-1.7200	-1.8220	-0.6610	10.6800	-11.6020	0.5210
746	-1.8490	-1.9160	-0.7870	11.2530	-12.5630	0.4700
747	-1.9790	-1.8980	-0.8930	11.4260	-13.2540	0.1320
748	-2.2430	-2.1470	-0.7420	11.7810	-13.7890	0.2920
749	-2.3230	-2.1910	-0.7450	11.5050	-13.9300	0.1770
750	-2.1950	-2.3200	-0.6240	11.8330	-13.1760	-0.0860
751	-1.9990	-2.2520	-0.6600	11.5610	-12.1800	-0.1780
752	-1.7870	-1.9650	-0.5970	12.4470	-11.7820	-0.4070
753	-1.7390	-2.0800	-0.7710	12.5770	-11.4700	-0.0850
754	-1.8300	-1.7810	-0.8900	11.9790	-11.8330	-0.3040
755	-2.1100	-1.5870	-0.8660	11.7510	-12.9560	-0.0060
756	-1.9930	-1.4930	-1.1080	11.2680	-13.4020	-0.2610
757	-1.9310	-1.1910	-1.0380	11.9260	-13.3770	0.0280
758	-1.9370	-1.0960	-1.1860	11.3450	-12.4610	0.0190
759	-1.9840	-1.2120	-0.9670	11.0880	-11.2270	0.1090
760	-1.6500	-1.4390	-0.9670	10.7190	-10.4170	0.3360
761	-1.6570	-1.6760	-0.7660	11.4060	-9.8390	0.4100
762	-1.7240	-1.9830	-0.7940	11.6080	-10.0260	1.1450
763	-1.8670	-2.2090	-0.7990	12.2510	-10.6920	1.4950
764	-2.1080	-2.2540	-0.8730	12.6810	-11.8340	1.8180
765	-2.1050	-2.1280	-0.9960	12.2180	-11.7690	1.7760
766	-1.9640	-1.7990	-0.8320	11.2130	-11.5560	1.7460
767	-1.7230	-1.5580	-0.7160	10.8990	-10.4910	2.2740
768	-1.5320	-1.4820	-0.5880	10.8680	-10.4760	2.5620
769	-1.3950	-1.5360	-0.5460	10.5360	-10.9450	2.7080
770	-1.6270	-1.5150	-0.4630	10.8660	-11.5480	2.5550
771	-1.7260	-1.4070	-0.7360	11.0460	-12.1540	2.4600
772	-1.6530	-1.1730	-0.5930	10.3420	-11.6270	2.5570
773	-1.5010	-1.2710	-0.5270	10.4890	-10.7490	2.6070
774	-1.4670	-1.4080	-0.6540	10.4290	-9.6560	2.0010
775	-1.4510	-1.6680	-0.6080	11.5310	-8.7910	2.0780
776	-1.3200	-1.8840	-0.6230	12.6320	-7.9860	1.9890
777	-1.2890	-2.1080	-0.4970	13.0410	-7.9960	2.5100
778	-1.2940	-2.0730	-0.5310	13.2480	-7.6120	2.3630
779	-1.5220	-2.0210	-0.7290	12.8430	-7.7720	2.4450
780	-1.7530	-2.1860	-0.6810	13.0760	-8.5900	2.3650
781	-1.7010	-2.1750	-0.6600	13.7300	-9.0770	2.1060
782	-1.5800	-1.8940	-0.7600	13.6720	-9.2960	2.0590
783	-1.3940	-1.7750	-0.5950	14.0510	-8.3230	1.9990
784	-1.0320	-1.6080	-0.4260	13.5950	-6.8850	1.5670
785	-0.7370	-1.5030	-0.5460	12.9290	-5.3500	1.6040
786	-0.2230	-1.4850	-0.4130	12.7260	-3.4270	1.9650
787	-0.2230	-1.4850	-0.4130	12.7260	-3.4270	1.9650
788	0.1150	-1.1670	-0.2000	10.0780	-0.3590	2.2490
789	0.1150	-1.1670	-0.2000	10.0780	-0.3590	2.2490
790	-0.0950	-1.3080	-0.0700	8.5270	0.1660	2.8090
791	-0.0950	-1.3080	-0.0700	8.5270	0.1660	2.8090
792	-0.3350	-1.6360	0.0690	8.1430	0.2090	2.9360
793	-0.3350	-1.6360	0.0690	8.1430	0.2090	2.9360
794	-0.1450	-1.6000	0.4700	6.2700	0.6440	2.2750
795	-0.1450	-1.6000	0.4700	6.2700	0.6440	2.2750
796	-0.0850	-1.1630	0.7190	5.5440	0.4470	2.4360
797	0.0830	-0.9200	0.6890	6.1170	0.7190	2.5860
798	0.3570	-0.5900	0.4740	5.3220	1.3630	2.6220
799	0.2030	-0.2400	0.5280	3.9080	1.7470	2.2420
800	0.1960	-0.0610	0.4320	2.8150	1.9240	2.2440
801	0.2170	0.0920	0.4940	2.1240	2.2690	2.8210
802	0.5060	0.1460	0.3150	1.1830	2.6250	3.8210
803	0.3170	-0.0030	0.3220	0.9650	2.0210	3.5010
804	0.4980	-0.4520	0.3430	1.6440	1.6060	3.5010
805	0.3460	-1.1040	0.5990	2.8090	0.7220	4.7220
806	0.1370	-1.8150	0.4570	4.8570	-0.2200	4.7220
807	0.0300	-2.1980	0.3330	6.2590	-1.2690	7.0900
808	-0.0760	-2.2380	0.0380	7.5050	-0.2690	7.0900
809	-0.1660	-2.3590	-0.0180	8.7100	-3.3900	8.2420
810	-0.4210	-2.4160	-0.2230	10.2000	-3.3900	8.2420
811	-0.6110	-2.2260	-0.5560	9.0209	-4.3030	9.7930
812	-0.9070	-1.9150	-0.5440	9.0420	-5.7070	9.9900
813	-0.7880	-2.0150	-0.7220	1.2490	-5.7290	9.8220
814	-1.0710	-2.0420	-0.8320	10.3880	-6.1210	9.8180
815	-1.4350	-2.2290	-0.9350	10.3880	-6.1210	9.8180
816	-1.8480	-2.2430	-1.1480	11.7430	-8.8270	10.2770
817	-1.9390	-2.2080	-1.2480	11.7430	-8.8270	10.2770
818	-2.0010	-2.5760	-1.3080	12.2210	-11.4120	10.4230
819	-1.9190	-2.5640	-1.3080	12.2210	-11.4120	10.4230
820	-1.9510	-2.5610	-1.8000	12.2930	-13.8550	10.0920
821	-1.8850	-2.3680	-1.8000	12.2930	-13.8550	10.0920
822	-1.7400	-2.3430	-1.8170	12.3450	-14.2500	9.3060
823	-1.7300	-2.3530	-1.8170	12.3450	-14.2500	9.3060
824	-2.0230	-2.4760	-1.6710	12.8590	-14.9190	8.0880
825	-2.0390	-2.4760	-1.6710	12.8590	-14.9190	8.0880
826	-1.8940	-2.4720	-1.8790	13.8600	-16.5770	7.8100
827	-2.0300	-2.4720	-1.8790	13.8600	-16.5770	7.8100
828	-2.2750	-2.3910	-1.8070	13.2780	-16.3830	7.1630
829	-2.6190	-2.3910	-1.8070	13.2780	-16.3830	7.1630
830	-2.7890	-2.7520	-1.9960	13.5920	-17.9240	6.3890
831	-2.7830	-2.8150	-1.8690	12.9670	-18.0340	6.6350
832	-2.7140	-2.8710	-1.8240	13.1080	-17.1860	6.4450
833	-2.7110	-2.7800	-1.8420	13.1550	-16.3460	5.7070
834	-2.7110	-2.7800	-1.8420	13.1550	-16.3460	5.7070
835	-2.7230	-2.6980	-1.7140	13.6380	-16.3980	5.0200
836	-2.7230	-2.5480	-1.7540	13.8470	-15.8580	4.4220
837	-2.3490	-2.4560	-1.5170	13.7390	-15.0350	3.8560
838	-2.3780	-2.1750	-1.3500	13.2410	-14.3080	3.0650
839	-2.4190	-2.2080	-1.3140	12.7960	-14.3240	2.5690
840	-2.5120	-2.4280	-1.1870	13.2260	-14.3300	2.0040
841	-2.3620	-2.4060	-0.9960	12.5760	-13.1970	1.8400
842	-2.1030	-2.2480	-0.6770	11.5450	-12.9890	1.3150
843	-2.2210	-2.2170	-0.5610	11.4450	-13.8840	1.4230
844	-2.4240	-2.5580	-0.6830	11.9710	-15.2110	0.9330
845	-2.5620	-2.6040	-0.6600	12.4930	-14.9030	0.2570
846	-2.5040	-2.8740	-0.6490	13.1960	-14.4950	-0.3210
847	-2.5730	-3.1770	-0.7200	13.3600	-14.1990	-0.4220
848	-2.3760	-3.5560	-0.8250	14.6120	-13.1260	-0.8720
849	-2.4900	-3.4130	-0.8520	14.4550	-12.9030	-1.3750
850	-2.3650	-3.3830	-0.8360	14.9390	-13.3100	-1.6930
851	-2.3600	-3.3200	-0.5750	15.7620	-13.3620	-2.2200
852	-2.3650	-2.9930	-0.6000	16.6310	-12.8850	-3.1000
853	-2.3650	-2.9930	-0.6000	16.6310	-12.8850	-3.1000
854	-2.2940	-2.4270	-0.3930	16.2540	-12.1850	-2.8630
855	-2.2940	-2.4270	-0.3930	16.2540	-12.1850	-2.8630
856	-2.6430	-2.1020	-0.2650	15.6110	-11.8180	-3.3980
857	-2.6450	-2.1270	-0.3060	14.7100	-11.7490	-3.0180
858	-2.4380	-2.1540	-0.1820	13.6310	-11.3730	-2.8930
859	-2.3620	-1.8160	0.8890	13.7300	-11.8770	-3.2150
860	-1.5490	-1.3360	0.7310	12.2720	-11.2370	-2.1460
861	-0.3830	-2.1320	0.8320	9.5830	-11.0700	-0.8010
862	0.1910	-2.8450	0.6380	8.9010	-9.9250	-0.8100
863	-1.6530	-3.7780	0.0010	10.0850	-10.0460	-0.0210
864	-2.7190	-3.7240	-0.3220	11.0020	-11.2470	1.1660
865	-2.1150	-3.1740	-0.5650	11.7910	-10.7520	1.0730
866	-1.5330	-2.9260	-0.7840	12.2830	-10.5430	0.8870
867	-2.3070	-2.3110	-0.4160	11.2560	-9.9890	1.2610
868	-1.9030	-2.4040	-0.2460	11.2440	-10.3880	1.8190
869	-1.8830	-2.6020	-0.3890	11.4810	-10.8060	1.3630
870	-1.3230	-2.6650	-0.2160	11.5020	-11.5390	1.6780
871	-1.6310	-2.5820	-0.3827	-11.4100	2.2830	-1.9090
872	-2.0980	-2.8630	-0.3827	-11.4100	2.2830	-1.9090
873	-2.1800	-2.7810	-0.7780	12.2150	-13.2800	1.9930
874	-2.3960	-2.5810	-0.7780	12.2150	-13.2800	1.9930
875	-1.9980	-2.5330	-0.5910	13.1950	-14.3000	1.5880
876	-2.2460	-2.4560	-0.2420	13.2220	-13.8320	1.3960
877	-2.1550	-2.2840	-0.2890	13.2830	-13.7560	1.2430
878	-2.4920	-2.4160	-0.3420	13.6240	-13.0850	1.7680
879	-2.4330	-2.4160	-0.3420	13.6240	-13.0850	1.7680
880	-2.3030	-2.2340	-0.4850	14.1330	-12.7280	1.0110
881	-2.1030	-1.9100	-0.5020	13.7500	-12.1700	0.8250
882	-2.1940	-1.7870	-0.4500	12.7470	-11.1420	0.4680
883	-2.4100	-2.1730	-0.4140	13.1850	-11.0260	0.4390
884	-2.4520	-2.2080	-0.3340	13.4420	-11.4640	0.1240
885	-2.1510	-2.0700	-0.3200	12.7020	-11.3520	0.7040
886	-1.7970	-1.7330	-0.0910	10.9420	-10.7520	0.8910
887	-1.7990	-1.8960	-0.2340	11.0060	-10.0960	0.5170
888	-1.8720	-2.1100	-0.2350	11.1320	-10.0930	0.3860
889	-1.6880	-1.9000	-0.0050	10.3940	-9.0330	0.3700
890	-0.3960	-1.5200	0.0040	9.1680	-7.9060	-0.2130
891	-0.8890	-1.3860	-0.0240	8.8170	-6.6800	-0.2420
892	-0.9970	-1.7770	0.2110	9.4930	-6.3760	0.6270
893	-1.0790	-2.1020	0.3430	9.7520	-6.7380	1.3870
894	-1.3090	-2.2760	0.1710	10.1990	-7.8550	1.0800
895	-1.4550	-2.1730	0.1260	10.7980	-8.5300	0.8260
896	-1.3840	-1.8780	-0.0480	10.2670	-9.0590	0.8490
897	-1.4530	-1.7770	-0.1730	9.7550	-8.9300	0.2810
898	-1.3560	-2.0710	-0.3250	11.1510	-9.1310	0.5270
899	-1.6690	-1.8530	-0.2600	11.2690	-8.9460	-0.1470
900	-1.5760	-1.8390	-0.5370	11.5500	-8.7800	0.0690
901	-1.5260	-1.9140	-0.3110	12.2060	-8.3640	0.0270
902	-1.5900	-1.7370	-0.2990	11.5220	-8.9080	0.8900
903	-1.8870	-1.3730	0.0220	9.8650	-9.6120	2.0580
904	-1.8960	-1.1420	-0.0690	7.3350	-10.3630	1.9170
905	-1.8420	-1.1780	0.1930	6.5010	-10.6120	1.4090
906	-1.8340	-1.0360	0.0960	6.4060	-10.7810	0.9520
907	-1.7850	-1.2190	0.0450	6.7500	-10.7070	1.5500
908	-1.6800	-1.4070	0.2180	6.4220	-10.1930	1.3190
909	-1.5880	-1.5790	0.2770	6.2700	-9.6560	0.9780
910	-1.4920	-1.5450	0.1170	5.5280	-8.6270	1.3760
911	-0.8490	-1.0870	0.0690	4.0920	-7.0900	0.7140
912	-0.5610	-0.7850	0.0490	2.8410	-6.3490	0.2110
913	-0.6120	-0.7930	-0.3080	3.8410	-6.2760	-0.6220
914	-0.7840	-1.1390	-0.6360	6.5350	-5.8450	-0.7450
915	-0.7020	-1.2860	-0.5980	7.1250	-6.2560	-0.7540
916	-0.7890	-1.1080	-0.4210	7.4790	-6.6880	0.1370
917	-0.9290	-0.6140	-0.3980	5.8410	-6.4560	0.3140
918	-0.9570	-0.6800	-0.2040	5.8400	-6.4850	0.6160
919	-0.8460	-0.6900	-0.0960	5.6100	-5.5350	0.2660
920	-0.6230	-0.7680	-0.0520	5.8100	-3.7210	-0.0420
921	-0.4120	-0.7480	-0.1170	5.7520	-2.8120	0.2430
922	-0.4390	-0.9940	-0.1170	6.3810	-2.8600	0.4400
923	-0.7830	-1.2000	-0.4310	5.7330	-3.0170	0.5340
924	-1.0850	-1.2300	-0.3600	5.5380	-3.9210	0.9980
925	-1.1890	-1.0470	-0.1750	5.6510	-4.8630	1.1390
926	-1.0020	-1.1200	-0.2520	5.7720	-4.7160	1.1130
927	-1.1530	-0.9210	-0.2610	5.6160	-4.9690	1.0930
928	-1.3440	-1.0520	-0.4670	6.1050	-5.1250	0.8460
929	-1.3550	-0.9600	-0.6080	6.0460	-4.6130	0.1780
930	-1.1010	-0.9090	-0.6620	7.4930	-3.9000	-0.9310
931	-0.7940	-0.7070	-0.8560	7.4770	-2.8420	-1.1570
932	-0.7270	-0.5560	-0.7490	7.3160	-2.9040	-1.1230
933	-0.7950	-0.4730	-0.7450	6.8680	-3.6640	-0.8030
934	-0.8290	-0.5590	-0.8610	6.9540	-4.5460	-0.0250
935	-0.7920	-0.6550	-0.7780	7.3260	-5.3820	0.1740
936	-0.9840	-0.7530	-0.8470	6.6390	-6.2090	0.2270
937	-1.1220	-0.8700	-0.9460	6.0380	-6.0740	-0.0810
938	-0.9290	-0.8780	-0.8770	5.7740	-5.2600	-0.4960
939	-0.8160	-0.9690	-0.8730	5.5250	-4.5180	-0.9170
940	-0.8520	-0.9740	-0.8060	5.5500	-3.8860	-1.1160
941	-0.9870	-1.0350	-0.8080	5.8420	-4.9130	-0.8490
942	-0.9730	-0.9090	-0.9100	6.1300	-5.1070	-0.9460
943	-0.9360	-0.6070	-0.8140	5.6420	-4.5720	-0.4440
944	-0.6240	-0.6120	-0.6270	4.6880	-3.9260	-0.0770
945	-0.5910	-0.2950	-0.6670	3.5490	-3.5620	0.0950
946	-0.7730	-0.5410	-0.7260	3.7660	-3.9150	0.4150
947	-0.7860	-0.4270	-0.7270	3.6990	-4.1120	0.2420
948	-0.6900	-0.4930	-0.6200	3.6240	-4.6660	-0.0260
949	-0.8670	-0.7620	-0.4420	4.6820	-5.5200	0.5780
950	-0.9820	-0.8740	-0.3390	4.9510	-6.8300	0.8510
951	-1.2660	-1.1030	-0.4520	5.4270	-8.2500	1.9630
952	-1.2540	-1.1720	-0.4900	5.9300	-8.4060	1.8660
953	-1.1470	-1.2330	-0.6480	6.4210	-7.9740	2.0590
954	-1.0240	-1.3590	-0.5880	6.9360	-7.4660	1.7310
955	-1.0160	-1.4010	-0.7250	7.6770	-7.2300	2.1610
956	-0.9610	-1.4820	-0.8470	8.8330	-6.9610	2.0110
957	-0.9610	-1.4820	-0.8470	8.8330	-6.9610	2.0110
958	-1.0750	-1.1170	-0.8940	7.7800	-6.5450	2.3890
959	-1.0750	-1.1170	-0.8940	7.7800	-6.5450	2.3890
960	-0.7520	-0.8680	-0.6370	6.3700	-3.8660	2.2370
961	-0.7520	-0.8680	-0.6370	6.3700	-3.8660	2.2370
962	-0.3370	-0.8060	-0.6240	6.4280	-3.0410	2.6840
963	-0.4630	-0.8020	-0.5970	5.8900	-3.0650	2.5430
964	-0.7640	-0.9170	-0.5980	6.2070	-3.1140	2.5010
965	-0.9230	-0.8610	-0.5430	5.6690	-3.5280	2.0010
966	-0.9000	-0.9770	-0.3160	6.3540	-4.1950	2.1930
967	-0.6970	-1.1470	-0.1990	7.3130	-4.9270	2.2010
968	-1.0220	-1.3050	-0.2210	7.5460	-6.8040	2.6860
969	-1.2880	-1.5680	-0.2900	7.7520	-8.2410	3.0390
970	-1.5210	-1.7750	-0.3300	7.9700	-8.8620	3.7190
971	-1.3340	-1.7920	-0.2760	7.7110	-8.7430	3.7150
972	-1.0130	-1.5800	-0.1110	6.8130	-7.6430	3.7150
973	-0.5470	-1.2300	-0.1800	5.6230	-5.8060	2.4550
974	-0.4370	-1.1770	-0.2200	5.2980	-3.8060	2.4550
975	-0.6020	-1.1440	-0.2380	5.6850	-2.8950	2.6450
976	-0.6510	-1.0170	-0.2890	5.1320	-2.8950	2.6450
977	-0.4860	-1.0850	-0.3370	5.6780	-1.7380	1.9150
978	-0.4310	-0.9670	-0.3780	5.4680	-1.7380	1.9150
979	-0.2300	-0.8920	-0.4910	5.6200	-0.9180	0.9970
980	-0.1500	-0.7460	-0.4270	5.6200	-0.9180	0.9970
981	-0.0300	-0.6170	-0.3690	5.5520	0.2330	0.5970
982	0.2190	-0.4050	-0.2550	5.1650	0.2330	0.5970
983	0.3310	-0.2160	-0.1860	4.5160	0.2330	0.5970
984	0.3950	-0.4540	-0.3650	5.6560	1.8560	0.1290
985	0.4050	-0.7340	-0.0860	5.6570	2.0090	0.2970
986	0.3180	-0.8490	0.1030	6.5630	1.4940	0.1650
987	0.0360	-1.2550	-0.0340	8551.0000	0.0070	-0.1340
988	-0.3000	-1.6790	-0.2290	0.0120	-1.6470	0.2380
989	-0.6760	-1.9150	-0.2290	0.0120	-1.6470	0.2380
990	-1.0470	-2.1320	-0.8060	10.2180	-4.6640	0.4410
991	-1.0220	-2.1020	-0.8060	10.2180	-4.6640	0.4410
992	-0.9860	-2.3730	-0.7950	9.3300	-5.7650	-0.4990
993	-0.7200	-2.3730	-0.7950	9.3300	-5.7650	-0.4990
994	-0.4790	-1.9570	-0.5540	8.2410	-4.9940	0.1330
995	-0.2200	-1.9570	-0.5540	8.2410	-4.9940	0.1330
996	-0.0830	-1.8640	-0.2760	8.9780	-1.2840	-0.6230
997	-0.2700	-1.8640	-0.2760	8.9780	-1.2840	-0.6230
998	-0.1540	-1.2980	-0.0690	7.1040	0.0340	-0.8880
999	-0.0210	-1.2590	-0.1320	6.8040	0.0130	-1.2050
1000	-0.0610	-0.0030	-0.2950	7.1670	-0.3330	-1.3990
1001	0.1100	0.0000	-0.0080	7.7530	-0.7780	-1.8210
1002	0.0050	-0.9920	-0.1510	8.0700	-0.1590	-1.9370
1003	-0.0270	-0.1360	7.7680	-0.3800	-1.8900	2.3780
1004	-0.0270	-1.3520	-0.2300	8.5370	-0.7270	-1.3930
1005	-0.2140	-1.4110	-0.3060	8.3870	-1.6750	-0.6260
1006	-0.2150	-1.5020	-0.3740	7.7810	-1.5290	-0.2740
1007	0.0100	-1.6360	-0.1390	8.0960	-1.3230	-0.3270
1008	0.0910	-1.5140	-0.0700	7.5550	-1.2030	-1.0570
1009	0.2810	-1.3610	-0.2390	6.5210	-0.5610	-1.5280
1010	0.4390	-1.4790	-0.2930	7.4100	0.5230	-0.9870
1011	0.4930	-1.6980	-0.3890	7.8630	1.7490	-0.8090
1012	0.3860	-1.5070	-0.3170	6.6940	2.5150	-0.4500
1013	0.4450	-1.5460	-0.1740	6.9670	2.5360	0.2880
1014	0.2400	-1.4610	-0.1780	6.5490	1.8290	-0.0020
1015	0.1750	-1.5460	-0.1480	8.4670	1.0990	-0.4980
1016	0.1240	-1.6210	-0.0070	8.4420	0.9060	-0.6620
1017	0.2950	-1.6520	-0.1030	9.2140	1.4840	-0.2370
1018	0.1670	-1.4480	0.0590	7.6220	1.6450	-0.0100
1019	0.1840	-1.3760	-0.0120	8.4260	1.1660	0.5580
1020	0.2370	-1.1880	-0.1810	8.4270	1.1180	0.5020
1021	0.6390	-1.0390	-0.2440	7.9060	2.3700	0.3120
1022	0.8210	-0.9880	-0.2660	6.9560	3.7010	0.1330
1023	0.8500	-1.2830	-0.2690	6.7270	4.0800	0.2960
1024	0.5010	-1.4260	-0.3630	6.8970	3.7410	0.7540
1025	0.2940	-1.4900	-0.4810	6.0680	4.0230	0.8660
1026	0.3920	-1.5830	-0.4770	5.8130	4.2400	0.8960
1027	0.5170	-1.4710	-0.4750	6.1720	3.8960	0.9550
1028	0.4910	-1.3460	-0.4060	7.1240	2.6450	1.0320
1029	0.3660	-1.3300	-0.6160	7.7600	1.7990	1.2400
1030	0.3800	-1.0420	-0.5980	7.6860	2.0680	1.1450
1031	0.6310	-1.1220	-0.5930	7.4100	3.5640	0.9400
1032	0.8430	-1.1120	-0.5140	7.2830	4.6920	0.6770
1033	1.0410	-0.9860	-0.5410	7.0570	5.3310	0.4960
1034	0.9690	-0.9240	-0.6700	7.3180	5.3660	0.8310
1035	1.0020	-1.0800	-0.6040	7.1490	5.4940	1.5830
1036	0.9720	-1.2540	-0.4430	7.0280	5.1860	1.3970
1037	0.8910	-1.2360	-0.4870	7.1770	5.0370	1.5900
1038	0.7750	-1.2050	-0.5680	7.2190	5.2320	1.5660
1039	0.9150	-1.1360	-0.5450	7.7090	5.6120	1.6210
1040	1.1000	-1.3060	-0.4990	8.4590	6.0110	2.1590
1041	0.9490	-1.2810	-0.6250	8.9480	6.1650	2.0940
1042	0.6690	-1.3030	-0.7140	8.2780	6.2140	2.3160
1043	0.9290	-1.1520	-0.5950	7.9510	7.1260	2.4110
1044	1.2660	-0.9650	-0.6220	7.0100	8.3060	2.1590
1045	1.3190	-0.7300	-0.6480	6.5560	8.8530	2.3440
1046	1.1620	-0.8190	-0.5730	6.0380	8.8970	2.4520
1047	1.2640	-0.7900	-0.4950	5.1340	9.2080	2.4100
1048	1.4610	-0.6960	-0.5330	4.6050	9.8390	2.4630
1049	1.7820	-0.5480	-0.5240	3.2520	10.7630	2.6820
1050	1.8720	-0.4470	-0.6470	3.1460	11.4840	2.8180
1051	1.8300	-0.4440	-0.8990	3.0460	12.0640	2.6660
1052	1.5540	-0.4430	-0.9350	2.7250	12.0870	2.8850
1053	1.3600	-0.4640	-0.7470	2.9120	11.9500	2.9650
1054	1.0280	-0.4040	-0.7520	2.2850	11.1460	3.2810
1055	0.6640	-0.3580	-0.6650	2.3830	10.8340	3.4740
1056	0.3310	-0.3170	-0.6130	2.2680	9.7870	3.4670
1057	0.0250	-0.1930	-0.6690	2.1770	8.9050	3.7470
1058	-0.2160	-0.2420	-0.6590	2.6300	7.5260	4.1020
1059	-0.4360	-0.1680	-0.5100	2.3030	6.0900	4.4520
1060	-0.6320	-0.2530	-0.5340	2.7640	4.5970	4.2480
1061	-0.8640	-0.2490	-0.5430	3.4470	3.0710	4.2070
1062	-0.9080	-0.4830	-0.5270	4.5130	1.5420	4.7000
1063	-0.8390	-0.5090	-0.5430	3.9450	-0.0450	5.2690
1064	-0.7080	-0.6180	-0.5720	4.0900	-1.2200	5.8000
1065	-0.6290	-0.4560	-0.8120	3.1080	-1.8400	4.8710
1066	-0.5790	-0.3890	-0.9270	1.6150	-2.9260	4.2050
1067	-0.5590	-0.5640	-0.7370	2.0100	-3.7600	4.2680
1068	-0.6710	-0.5570	-0.6480	1.3580	-4.8820	4.6730
1069	-0.6340	-0.5320	-0.5680	0.9760	-5.4630	4.9320
1070	-0.6330	-0.6280	-0.5000	0.9320	-5.9810	4.3760
1071	-0.6850	-0.4570	-0.3860	1.9980	-6.7070	4.1650
1072	-0.9310	-0.4640	-0.4640	3.0680	-7.4280	4.3880
1073	-1.0230	-0.4960	-0.5710	3.0610	-7.8770	4.8950
1074	-1.1700	-0.6300	-0.3740	3.2500	-8.0960	4.9770
1075	-1.2670	-0.6250	-0.4450	2.8130	-8.6380	4.6580
1076	-1.1700	-0.5330	-0.3790	2.4830	-8.8280	4.0440
1077	-1.0920	-0.5450	-0.2320	3.9940	-9.6560	3.3610
1078	-1.1160	-0.2600	-0.2870	3.7990	-9.3390	3.4080
1079	-0.7410	-0.2770	-0.2460	3.5480	-7.8320	4.2240
1080	-0.1220	0.0520	-0.6760	1.6990	-5.8060	3.3830
1081	-0.0460	0.2190	-0.5160	0.4140	-4.6050	2.4400
1082	-0.2370	0.3510	-0.4480	0.1380	-4.5770	2.7770
1083	-0.0030	0.2330	-0.3420	0.3470	-3.8110	3.5160
1084	0.1010	0.1960	-0.1590	-0.0490	-2.6510	3.1010
1085	0.1640	0.0330	-0.4510	0.4590	-1.1290	2.6160
1086	0.0420	-0.0970	-0.2090	1.7090	0.2730	2.8320
1087	-0.2480	-0.1640	-0.0810	0.8340	0.2190	3.0180
1088	1.2990	0.0520	0.9820	2.5110	-0.8620	3.0450
1089	2.8840	0.4560	-0.2560	-0.2730	2.8510	3.3320
1090	2.7770	1.2530	0.0930	-2.4890	5.1400	3.1980
1091	1.2050	0.9210	0.9300	-3.3730	5.9460	3.3700
1092	-0.6450	-0.3970	1.2360	-3.1250	4.4440	3.8010
1093	-0.6200	-1.0660	1.0950	-1.1200	2.9180	4.2620
1094	-0.3340	-0.0830	0.7020	-0.5380	2.7850	3.5790
1095	0.7940	0.1470	0.2200	-0.2360	4.0550	3.2860
1096	1.1620	0.0790	0.1270	-0.7800	5.9940	2.9730
1097	1.9980	-0.3130	0.0350	0.5980	7.4040	2.2560
1098	1.9940	-0.4280	0.1840	1.9040	6.4160	2.8110
1099	2.5370	-0.6330	-0.0440	4.7340	6.7950	3.4180
1100	3.0440	-0.1350	-0.4210	5.1910	9.0340	3.9920
1101	3.2680	-0.1050	-0.3320	4.2460	11.3690	4.7130
1102	3.1750	-0.2780	-0.0710	4.5410	12.2220	4.7840
1103	2.8080	-1.0390	0.0260	6.5080	12.1150	5.1190
1104	2.8080	-1.0390	0.0260	6.5080	12.1150	5.1190
1105	1.9190	-1.0800	-0.4230	8.0870	8.9200	5.3790
1106	1.5470	-0.8860	-0.3340	7.0960	7.7390	6.4560
1107	1.3240	-1.0140	-0.2360	6.4530	6.7900	6.8990
1108	1.2140	-1.0750	-0.0060	6.0250	5.9940	6.5310
1109	1.2860	-1.0150	-0.1730	6.7190	5.4370	6.6280
1110	1.3440	-0.5180	-0.2710	5.7120	5.1540	5.7870
1111	1.4730	-0.3170	-0.2990	5.0890	5.6380	5.2640
1112	1.4940	-0.2900	-0.5490	4.9010	6.2430	5.2140
1113	1.3370	-0.1680	-0.4850	4.0560	6.9080	5.6210
1114	1.3260	-0.3570	-0.5110	4.3020	7.7840	5.7050
1115	1.5080	-0.6820	-0.8780	5.2920	8.6420	5.9950
1116	1.6990	-0.4350	-1.1950	3.0750	10.1890	6.8120
1117	1.9190	-0.0040	-1.0950	0.7910	11.9860	6.8120
1118	2.1250	0.1570	-1.1960	-0.0340	13.6990	6.3870
1119	2.5040	0.1920	-1.2350	-0.1730	14.8790	6.3870
1120	2.6330	0.3850	-1.6440	-1.0480	16.2730	5.7020
1121	2.7210	0.5160	-1.3430	-0.9270	16.2220	5.1600
1122	2.8610	0.2890	-1.2220	0.5850	17.0000	5.7150
1123	2.4890	0.1020	-1.0330	1.2730	17.6500	6.1680
1124	2.3510	-0.0510	-0.9210	2.8350	1.5240	6.3890
1125	2.4300	-0.1140	-0.7680	3.3890	16.9830	6.8970
1126	2.5520	0.0250	-0.8950	3.3780	16.9830	6.8970
1127	2.6860	0.2020	-0.9480	4.2860	16.9830	6.8970
1128	3.0030	-0.0960	-1.2870	4.6600	17.7130	7.3820
1129	3.3790	-0.0600	-1.1970	4.6920	19.9300	7.4030
1130	3.7180	0.0590	-1.3100	3.0000	19.9300	7.4030
1131	3.9990	-0.0380	-1.3470	4.9890	0.9970	6.6820
1132	4.1160	-0.2150	-1.6110	4.9890	0.9970	6.6820
1133	3.9010	-0.3430	-1.3710	5.0560	23.7070	7.6300
1134	3.9620	-0.6750	-1.0750	5.2000	24.1900	7.0820
1135	3.5030	-0.7680	-0.0380	6.4800	23.7100	7.3230
1136	3.3680	-0.8350	-0.8160	6.3300	23.6290	7.4300
1137	3.2340	-0.8700	-0.6620	7.3100	23.3470	7.7570
1138	3.3910	-0.7820	-0.5160	7.0060	22.9140	7.4760
1139	3.3700	-0.5240	-0.5160	7.0060	22.9140	7.4760
1140	3.3700	-0.1740	-0.6760	8.4010	23.4020	8.0110
1141	3.5790	-0.0750	-0.7280	8.6100	23.2940	9.1370
1142	3.5010	0.2096	-0.8370	8.6670	22.7270	10.6010
1143	3.4590	0.2810	-0.7990	5.7150	22.8960	11.0380
1144	3.1870	0.4080	-1.1430	4.0220	22.6080	11.9570
1145	3.1760	0.6320	-1.2200	1.7670	23.1470	11.6080
1146	3.2120	0.7150	-1.4150	-0.7480	23.7800	11.2370
1147	3.3420	0.7150	-1.4150	-0.7480	23.7800	11.2370
1148	3.2040	0.2240	-1.5250	-0.7280	25.9850	10.5420
1149	3.2040	0.2240	-1.5250	-0.7280	25.9850	10.5420
1150	3.2550	0.0740	-1.1440	0.6660	25.7310	10.7640
1151	3.4170	0.1770	-1.1390	2.0030	25.3160	11.1660
1152	2.9490	0.2580	-0.8326	24.0070	11.4800	18.6050
1153	2.5770	0.1840	-0.7320	4.3220	22.4110	11.9550
1154	2.2770	0.1370	-0.7280	3.9410	21.4330	11.6640
1155	2.3090	-0.0950	-493.0000	4.8370	20.8660	11.4340
1156	2.2330	-0.0870	-0.4650	5.1640	20.6590	11.2660
1157	2.4190	-0.2630	-0.3340	5.0420	20.2060	10.5800
1158	2.3280	-0.0880	-0.3340	5.0420	20.2060	10.5800
1159	2.3630	-0.0080	-0.5850	4.5680	19.0580	9.6550
1160	2.6220	-0.1000	-0.6920	3.6870	18.5860	8.6850
1161	2.8890	-0.1190	-0.5420	2.7900	17.7810	7.9890
1162	2.9060	-0.2410	-0.5510	1.6960	17.1470	7.8360
1163	3.0800	0.1540	0.0000	0.5280	16.1780	8.0090
1164	3.3970	0.4850	-0.6520	-0.9360	16.5960	7.8320
1165	3.2030	0.8690	-0.6520	-0.9360	16.5960	7.8320
1166	3.1470	1.0990	-1.1500	-3.4240	16.3810	6.5960
1167	2.6750	1.2970	-0.9830	-3.6460	16.6490	6.9330
1168	2.5390	0.2360	-0.7080	-4.4330	16.0640	6.9050
1169	2.1170	0.9280	-0.3790	-5.0610	15.8350	7.2260
1170	1.8500	0.7930	-0.0880	-4.9030	14.6610	7.1780
1171	1.7800	0.7930	-0.0880	-4.9030	14.6610	7.1780
1172	2.0500	0.6570	-0.0730	-4.5680	14.1440	5.8240
1173	1.8550	0.5610	0.0310	-4.7280	14.2770	5.0230
1174	1.8910	0.5760	0.3870	-5.3640	14.0880	4.6290
1175	1.8320	0.5250	0.2790	-5.6820	13.6430	4.4640
1176	2.8810	0.5910	0.2370	-5.1450	12.8140	3.8970
1177	2.1590	0.7730	0.0810	-4.9930	12.4480	2.9960
1178	2.3380	0.8540	0.1510	-5.6500	13.4760	2.9750
1179	2.5720	0.7810	0.1250	-5.7310	13.1450	3.1750
1180	2.1400	0.7250	0.1500	-5.2490	11.9220	2.2580
1181	2.1130	0.6100	0.0590	-5.2040	12.1930	1.2750
1182	2.4050	0.5310	0.2070	-5.8380	13.4760	0.5620
1183	2.3430	0.4420	0.2710	-5.4070	12.6760	0.0570
1184	1.9870	0.3380	0.1470	-4.9670	12.7590	-0.4920
1185	2.0690	0.4110	0.2760	-6.3160	13.1810	-0.9180
1186	2.0150	0.4610	0.3910	-6.1890	12.4740	-1.5840
1187	1.6930	0.2900	0.2370	-5.4140	12.6850	-2.1230
1188	1.9560	0.3060	0.2350	-6.2150	14.1220	-2.5220
1189	1.8520	0.3320	0.3090	-5.6650	12.4820	-3.1900
1190	1.4630	-0.1390	0.0190	-3.1120	12.2790	-3.6810
1191	1.5650	0.0580	0.0950	-4.9450	12.8660	-4.1750
1192	1.4970	-0.0380	-0.0160	-4.1500	11.8030	-4.3260
1193	1.4830	-0.1030	-0.0780	-1.5200	11.5610	-4.8860
1194	1.5140	0.2200	-0.9960	-2.9030	12.6270	-5.7480
1195	1.8040	0.3660	-1.0330	-2.8590	10.7880	-6.0320
1196	1.6400	-0.0560	-1.5960	0.1530	11.7390	-7.0090
1197	1.5150	-0.3820	-1.5030	0.0240	11.6930	-7.0860
1198	1.7470	0.1240	-1.2120	-0.8770	10.4200	-7.3090
1199	1.8040	-0.1240	-1.4620	2.3110	10.2120	-7.9560
1200	2.0980	0.2440	-1.5920	-0.6700	11.7870	-8.5420
1201	2.1840	0.0590	-1.5010	-0.1940	12.5630	-8.2640
1202	1.9230	0.0080	-1.4160	-0.0960	12.7530	-8.9310
1203	1.8230	0.0650	-1.2710	-0.9250	13.8270	-9.1130
1204	2.0260	0.0800	-0.9880	-0.7960	13.1900	-8.8150
1205	1.0660	0.3170	-0.9570	-0.1150	13.0160	-9.3010
1206	2.7710	0.4910	-0.9570	-0.3320	13.5070	-9.3170
1207	2.0640	0.6730	-0.8640	-3.2680	14.9180	-8.9950
1208	2.0860	0.7180	-0.7340	-2.9710	14.0930	-8.8680
1209	1.7390	0.6850	-0.7430	-2.6280	13.5540	-8.6290
1210	1.9250	0.9730	-0.6360	-4.5510	14.3870	-8.6950
1211	2.1240	1.1480	-0.5730	-5.8550	14.3240	-8.7450
1212	1.9970	0.9160	-0.5730	-5.3730	13.1120	-8.1720
1213	2.2480	1.0920	-0.4160	-5.9890	13.7970	-8.1810
1214	2.2770	1.0920	-0.5010	-7.2500	13.9380	-8.0390
1215	2.2410	1.1070	-0.2900	-6.9410	12.8590	-7.3210
1216	2.3470	1.0610	-0.3250	-6.5630	12.7390	-7.1050
1217	2.5670	1.2160	-0.4550	-8.1700	13.8900	-7.3230
1218	2.4580	1.3230	-0.5720	-9.2680	14.2810	-6.6590
1219	2.4130	1.3180	-0.3460	-8.5950	13.9560	-5.5010
1220	2.6370	1.3150	-0.3940	-8.0630	14.2150	-4.8140
1221	2.7520	1.4860	-0.3670	-8.2370	14.9690	-4.4420
1222	2.5360	1.5200	-0.3520	-8.3470	14.7380	-4.0570
1223	2.4310	1.3420	-0.5150	-8.1650	14.8940	-3.4660
1224	2.4370	1.3660	-0.2620	-8.2970	15.0410	-2.6210
1225	2.4810	1.2520	-0.1310	-8.0960	15.3510	-1.5290
1226	2.4370	1.2490	-0.2030	-8.7530	15.6600	-1.2520
1227	2.5270	1.0100	-0.0420	-8.2750	15.6010	-0.6130
1228	2.5120	0.9630	0.0790	-8.1790	14.7470	0.2460
1229	2.3450	0.9320	0.1430	-7.7210	12.8810	1.1860
1230	2.1140	1.0700	0.0760	-7.7150	11.6360	2.1380
1231	2.1890	1.0730	-0.0920	-7.7890	12.0740	2.5880
1232	2.4710	1.0060	-0.3400	-7.4750	13.3670	2.8880
1233	2.7860	1.1180	-0.8380	-8.2430	15.0520	2.4050
1234	2.8790	1.4280	-0.7850	-9.2190	16.2330	1.9200
1235	2.9090	1.6190	-0.6660	-9.1040	16.8500	2.3230
1236	2.6370	1.8760	-0.6740	-9.3180	16.4980	2.4290
1237	2.4050	1.9510	-0.7470	-9.2220	15.9650	2.4540
1238	2.3560	2.0910	-0.8830	-9.4290	16.4780	2.4470
1239	2.5530	2.0560	-0.8250	-10.1870	17.3610	1.9910
1240	2.7810	1.8400	-0.8430	-10.1470	18.5050	1.6730
1241	3.0910	1.5230	-1.0190	-10.0710	18.8980	1.3990
1242	3.1460	1.5080	-1.0500	-10.1600	19.7500	0.8290
1243	3.1150	1.4740	-1.0170	-9.0180	18.9590	1.6340
1244	2.8700	1.2640	-1.0840	-8.3680	18.8490	1.9110
1245	2.9510	1.0270	-0.9600	-8.2780	18.6680	2.3620
1246	2.8850	1.0650	-0.7820	-8.2670	18.6450	2.4060
1247	3.0930	1.2330	-0.9400	-8.9760	18.6660	2.0290
1248	3.2090	1.3590	-1.0040	-9.0140	19.4090	2.9180
1249	3.3260	1.3320	-0.9770	-9.0810	20.4100	3.6360
1250	3.3100	1.2760	-0.7150	-9.4120	20.4540	3.8250
1251	3.1080	1.1480	-0.6900	-9.3810	19.9370	3.8890
1252	2.8180	1.1240	-0.6150	-8.6820	18.1650	4.2050
1253	3.0170	0.9840	-0.7920	-8.1540	17.2970	3.5840
1254	3.0190	0.9920	-0.8750	-7.6570	17.6040	3.6560
1255	3.1870	0.4170	-0.6330	-7.2700	18.2710	3.6020
1256	3.1090	0.2570	-0.4530	-6.7950	19.0260	3.4890
1257	3.2040	0.3140	-0.4660	-7.0570	19.1660	3.1460
1258	2.9520	0.2420	-0.4660	-7.0570	19.1660	3.1460
1259	2.7360	0.2220	-0.4370	-5.6990	17.4870	3.7230
1260	2.5710	0.1200	-0.3730	-4.9680	16.8070	3.9050
1261	2.5710	0.1200	-0.3730	-4.9680	16.8070	3.9050
1262	2.6130	-0.0610	-0.3790	-4.2960	16.6200	3.8410
1263	2.6130	-0.0610	-0.3790	-4.2960	16.6200	3.8410
1264	2.6730	0.3050	-0.5170	-4.5350	17.9240	2.6840
1265	2.6730	0.2620	-0.5380	-4.0750	16.9850	2.9020
1266	2.4920	0.0890	-0.2320	-2.8120	16.4050	3.1380
1267	2.4950	0.1050	-0.2780	-2.1240	16.0600	3.0390
1268	2.5010	0.2190	-0.3640	-2.6810	16.5990	2.6660
1269	2.7810	0.5010	-0.3670	-3.5430	17.0090	2.5140
1270	2.8240	0.4470	-0.3240	-3.4980	16.8910	2.0910
1271	2.5370	0.2480	-0.1500	-2.5050	15.7620	2.0880
1272	2.4140	-0.0190	-0.3220	-2.7940	15.6790	1.9910
1273	2.4970	0.1250	-0.1360	-2.5130	16.0620	2.0320
1274	2.8620	0.1140	-0.2120	-2.8970	16.6360	2.1730
1275	2.7090	0.2000	-0.1200	-3.2810	16.3420	2.1950
1276	2.8000	-0.0680	0.0150	-2.5680	15.4820	2.2860
1277	2.4390	-0.1430	0.1060	-2.7730	15.1830	2.6100
1278	2.5020	-0.1590	0.0440	-2.6980	15.3230	2.5870
1279	2.7420	-0.1580	0.0550	-3.3300	16.3940	2.6180
1280	2.9380	-0.0790	-0.1330	-3.5640	17.2410	2.3540
1281	3.1210	-0.1950	0.1820	-3.4830	17.6020	2.1400
1282	2.8710	-0.0490	0.2880	-2.9050	16.9890	2.6910
1283	2.5470	0.0840	0.2430	-2.3620	15.7240	3.2950
1284	2.2330	0.2390	0.0910	-2.1760	15.0240	3.5660
1285	2.2580	0.2420	0.1430	-1.5930	14.5320	3.7200
1286	2.1090	0.6490	0.1640	-2.2630	14.7300	3.4730
1287	2.1210	0.8120	-0.0830	-3.1990	14.8440	3.5500
1288	2.2400	1.0860	-0.0760	-4.0170	15.9580	2.7690
1289	2.3510	1.0290	-0.1910	-4.3870	17.3070	2.6430
1290	2.5470	0.8850	-0.2790	-4.6020	18.1820	2.0970
1291	2.7290	0.9230	-0.1710	-4.8030	17.9190	1.9930
1292	2.6040	0.8750	-0.1230	-4.7980	17.0640	2.5450
1293	2.6140	0.7580	-0.0200	-4.6650	16.4850	3.0840
1294	2.7600	0.3080	-0.0530	-4.3230	16.1290	3.4490
1295	2.6670	0.2680	-0.0110	-3.2960	15.9750	3.1180
1296	2.8500	0.3590	-0.0990	-1.6500	15.7650	2.6750
1297	2.6280	0.3140	-0.1060	-0.1090	15.6270	2.6730
1298	2.3570	0.1790	-0.2320	0.1500	15.2150	2.3480
1299	1.9150	0.1570	-0.0150	0.6380	14.7660	2.3280
1300	1.9870	0.2970	0.1470	0.9150	14.6320	2.2820
1301	1.9050	0.6290	0.0920	0.3200	13.9670	2.7800
1302	1.7420	0.9750	-0.1400	-0.3000	13.2160	2.9920
1303	1.6910	1.2870	-0.3150	-1.2930	12.6770	3.1540
1304	1.5290	1.4660	-0.1710	-2.6850	12.2160	3.3410
1305	1.6250	1.3170	-0.1090	-2.9510	12.7970	2.6060
1306	1.6200	1.4480	-0.1530	-4.4700	13.5050	2.3040
1307	1.6390	1.4020	-0.2320	-5.2100	13.1910	1.9740
1308	1.5350	1.0660	-0.0740	-4.9030	12.9210	2.0480
1309	1.4580	0.6140	-0.2620	-4.6660	12.3270	2.2340
1310	1.2810	0.7040	-0.0640	-5.0350	11.7900	2.6740
1311	1.5790	0.6890	0.0130	-4.8620	11.4260	3.3150
1312	1.7630	0.7940	-0.3340	-5.0670	11.0860	3.0720
1313	1.9790	0.9330	-0.3820	-4.1930	10.3910	3.1820
1314	1.7400	0.8750	-0.3750	-4.0300	9.4630	3.1940
1315	1.7000	0.8150	-0.3960	-4.6710	9.4550	3.2690
1316	1.8890	1.0480	-0.3480	-5.5910	10.7170	2.7290
1317	2.0350	1.1140	-0.3690	-6.0670	11.0710	2.5450
1318	2.1360	1.2070	-0.3400	-5.1240	10.8240	2.8320
1319	1.8790	0.9210	-0.2610	-4.8790	10.1530	3.0080
1320	1.4720	0.7230	-0.3470	-4.1170	9.4560	3.2330
1321	1.3550	0.5260	-0.3080	-4.3050	9.6460	3.4770
1322	1.4060	0.5300	-0.0960	-4.2690	10.5100	3.1560
1323	1.6100	0.4580	-0.0730	-3.6850	11.3440	2.7860
1324	1.7590	0.5400	-0.1160	-3.9820	11.7830	2.4120
1325	1.6430	0.4290	-0.1370	-3.2730	10.9150	2.4700
1326	1.5390	0.2740	0.0230	-1.4540	8.9650	2.8670
1327	1.1880	-0.0600	-0.1200	-0.2730	7.7130	2.8600
1328	1.1380	0.0870	-0.0740	0.0910	7.5100	2.5450
1329	1.1430	0.1760	-0.2090	0.0830	8.1060	2.5660
1330	1.3750	0.3190	-0.1420	-0.8520	8.5000	2.1290
1331	1.4290	0.4150	-0.2040	-0.2280	8.4460	2.3910
1332	1.4720	0.4640	-0.2650	-0.4830	7.8950	1.9120
1333	1.5020	0.3300	-0.2050	0.6640	8.1060	1.6820
1334	1.6280	0.3180	-0.4100	-0.0410	8.6650	1.6530
1335	1.7800	0.3350	-0.0870	-0.4460	9.0430	2.3410
1336	1.4910	0.3590	-0.4570	-0.5370	8.4450	2.7650
1337	1.2140	0.4050	-0.3120	-1.0280	8.0540	2.7230
1338	1.3820	0.3360	-0.3060	-0.8220	8.8500	2.3030
1339	1.5590	0.6120	-0.3500	-1.7590	9.9010	1.7550
1340	1.6380	0.3580	-0.3200	-1.7740	10.5210	1.7540
1341	1.4850	0.3570	-0.2260	-1.2360	9.9610	2.0850
1342	1.2830	0.2520	-0.3020	-0.9050	8.7880	2.6690
1343	1.4020	0.2650	-0.2860	-0.3680	8.6400	2.7160
1344	1.7160	0.4870	-0.2750	-0.2940	9.6340	1.7410
1345	1.7070	0.6960	-0.3080	-1.3130	11.0160	1.6280
1346	1.9120	0.9500	-0.4610	-1.9950	11.2040	1.4430
1347	1.9430	1.1260	-0.6440	-1.3380	10.7760	1.4260
1348	1.8840	0.9960	-0.6680	-0.8590	10.8830	1.6110
1349	2.1410	0.9580	-0.6480	-0.7170	11.7690	1.7940
1350	1.8610	0.6150	-0.6800	-0.4580	11.6660	2.3800
1351	1.4190	0.5590	-0.6980	-0.9660	10.7930	2.8220
1352	1.4860	0.6700	-0.5950	-1.5080	11.1130	3.3100
1353	1.4710	1.0240	-0.7230	-3.9300	11.6970	3.9070
1354	1.3060	0.9020	-0.8750	-3.4080	11.6460	4.4470
1355	1.4020	1.0410	-1.0290	-4.3930	11.8730	4.5090
1356	1.6010	1.2140	-1.0460	-4.7780	12.0480	4.5090
1357	1.8410	1.2570	-1.0410	-4.5960	12.0960	4.5980
1358	1.8080	0.9530	-0.8360	-3.5310	11.4610	4.5390
1359	1.7690	0.7150	-0.6950	-2.1400	11.2670	4.7740
1360	1.4050	0.5780	-0.9250	-2.5750	9.6800	4.7740
1361	1.1070	0.5870	-0.8610	-2.5970	8.1110	4.7740
1362	0.8350	0.5630	-0.6400	-2.6940	6.7810	6.6990
1363	0.5810	0.6480	-0.5120	-3.2340	5.6820	7.2920
1364	0.7130	0.9600	-0.6480	-4.3170	6.6560	8.0090
1365	0.9480	1.1860	-0.5030	-4.4930	6.4080	8.0160
1366	1.1010	1.5210	-0.6800	-5.2470	6.6000	8.1920
1367	1.0520	1.7140	-0.5610	-5.8380	6.6000	8.1920
1368	1.1270	1.6750	-0.3570	-6.0690	8.3950	7.3760
1369	1.0350	1.6240	-0.2710	-6.3690	8.3950	7.3760
1370	0.8420	1.6190	-0.1730	-5.9370	7.8790	8.2110
1371	0.9620	1.4830	-0.1060	-5.9370	7.8790	8.2110
1372	0.7090	1.2700	0.0220	-6.0560	66.8960	9.5010
1373	0.4090	1.1310	0.0080	-6.0560	66.8960	9.5010
1374	0.2210	1.0620	0.0370	-5.9650	5.0600	9.7770
1375	0.2350	1.3160	0.0380	-5.9650	5.0600	9.7770
1376	0.4690	1.3220	-0.3800	-6.2310	3.3980	10.9440
1377	0.2660	1.5170	-0.3090	-7.5090	2.9600	12.4820
1378	0.2620	1.3510	-0.3280	-8.2080	2.5280	13.5530
1379	0.1010	1.4280	-0.5390	-7.4300	2.4510	14.7940
1380	-0.0140	1.3280	0.4860	-7.6780	2.0650	16.3260
1381	-0.2630	1.2500	0.4860	-7.6780	2.0650	16.3260
1382	-0.3200	0.9310	-0.4030	-6.3900	-0.3730	18.6880
1383	-0.8020	0.7110	-0.4980	-5.5420	-1.7240	19.7040
1384	-1.0090	0.5110	-0.4980	-5.5420	-1.7240	19.7040
1385	-1.3200	0.4740	-0.3220	-4.7940	-4.7870	20.1980
1386	-1.3670	0.4740	-0.3220	-4.7940	-4.7870	20.1980
1387	-1.4820	0.2910	-0.2490	-5.9800	-6.9510	20.2460
1388	-1.6400	0.2910	-0.2490	-5.9800	-6.9510	20.2460
1389	-1.7800	0.2270	-0.5170	-7.4200	-8.8710	20.7770
1390	-1.9870	0.0940	-0.7400	-7.0190	-9.7710	20.8890
1391	-2.9970	0.1400	-0.7210	-7.9830	-10.6100	20.1770
1392	-1.0140	0.0470	-0.7300	-7.8330	-11.0220	20.2580
1393	-1.9930	-0.0910	-0.6540	-7.9200	-11.2770	19.5660
1394	-2.2200	-0.3680	-0.5820	-6.5740	-11.4920	19.2420
1395	-2.4350	-0.3310	-1.0560	-6.5450	-11.7760	18.0770
1396	-2.3890	-0.2780	-1.4540	-5.7280	-11.8840	17.3840
1397	-2.0530	-0.1130	-1.3980	-5.0830	-10.9000	16.6660
1398	-1.7720	0.1360	-1.1880	-5.3210	-9.5720	15.9580
1399	-1.3230	0.1990	-1.2320	-4.7710	-8.5160	15.0200
1400	-1.0120	0.3470	-0.9950	-3.7400	-8.2980	14.8870
1401	-1.0050	0.3710	-0.8180	-3.1510	-8.7530	14.0750
1402	-1.1900	0.3490	-1.0340	-2.4640	-8.4470	13.5790
1403	-1.2190	0.3490	-1.0340	-2.4640	-8.4470	13.5790
1404	-1.0700	0.2260	-1.1600	-1.7250	-7.0280	12.0880
1405	-0.8450	0.2260	-1.1600	-1.7250	-7.0280	12.0880
1406	-0.9500	0.2260	-1.1600	-1.7250	-7.0280	12.0880
1407	-0.9500	0.0080	-0.6890	-1.0540	-4.7600	10.9210
1408	-1.0530	-0.3200	-0.5690	-0.1870	-5.0880	11.2100
1409	-1.0370	-0.8340	-0.4100	1.0110	-6.1400	11.3390
1410	-1.0550	-0.9430	-0.4550	1.1710	-6.9310	11.4060
1411	-1.1820	-1.1620	-0.4470	1.9010	-7.7130	11.0350
1412	-1.1050	-1.2670	-0.2260	2.2930	-8.1120	10.7480
1413	-1.0140	-1.1390	-0.2430	2.2840	-7.8430	10.1760
1414	-0.9890	-1.1580	-0.2160	3.5110	-7.1370	9.6470
1415	-0.9440	-1.0620	-0.3990	3.3700	-5.9300	8.7150
1416	-0.9720	-0.8430	-0.4670	3.1090	-4.7570	8.0240
1417	-0.9260	-0.7020	-0.0290	2.3760	-3.6960	7.4270
1418	-0.8650	-0.5450	-0.1350	2.7770	-3.6570	7.0930
1419	-0.9790	-0.6820	0.0050	4.0730	-4.2970	6.9530
1420	-0.9790	-0.7320	0.1370	4.8660	-4.9200	6.8880
1421	-0.8890	-0.5440	0.0490	4.1540	-4.5560	6.7180
1422	-1.1470	-0.6290	0.0000	4.2680	-5.3940	6.6780
1423	-1.1160	-0.6880	0.0970	3.6640	-6.0980	7.0030
1424	-1.3510	-0.7720	0.2050	2.5630	-6.5310	6.6020
1425	-1.3610	-0.6900	0.1860	1.6780	-6.6130	5.5920
1426	-1.3710	-0.5720	0.1050	1.6510	-6.3100	4.9510
1427	-1.1060	-0.7160	0.1730	1.7180	-5.6510	4.9160
1428	-1.0770	-0.6520	0.3520	1.2280	-5.9290	4.6360
1429	-0.9550	-0.7980	0.2520	1.7350	-5.9180	4.3290
1430	-0.9970	-0.7830	0.2770	0.9780	-6.4020	3.8420
1431	-0.9930	-0.8610	0.3980	1.4840	-6.5740	3.5960
1432	-0.8680	-0.8660	0.2100	1.6660	-6.2640	4.0040
1433	-0.6590	-0.7870	0.2960	2.2350	-5.4130	4.0580
1434	-0.6080	-0.8380	0.1150	1.8810	-4.6760	3.6380
1435	-0.8200	-0.8370	0.3200	2.8190	-5.0970	3.2040
1436	-1.1130	-0.8140	0.3130	2.9500	-5.3900	3.1430
1437	-1.1250	-0.8080	0.3040	2.7970	-4.6900	3.0650
1438	-1.2990	-0.6850	0.4280	2.9900	-4.9380	3.3390
1439	-1.6950	-0.5510	0.2210	2.6050	-5.8760	3.1810
1440	-1.6650	-0.4230	0.4440	2.5000	-5.4690	2.5080
1441	-1.3940	-0.2260	0.3200	1.3390	-5.1180	2.2090
1442	-1.2300	-0.2290	0.1760	0.7940	-4.8180	2.0280
1443	-1.2390	-0.3390	0.1920	0.9250	-5.2490	1.9120
1444	-1.2860	-0.5820	0.2050	0.8430	-5.5260	2.2650
1445	-1.3410	-0.4490	0.4690	0.3070	-5.8730	1.8480
1446	-1.1050	-0.6940	0.1520	0.1490	-6.2500	1.3920
1447	-0.9990	-0.5200	0.1600	0.1760	-5.8940	1.4700
1448	-0.8140	-0.4940	0.3320	0.0930	-5.3180	1.6350
1449	-0.8950	-0.7670	0.2720	0.3240	-5.7100	1.0590
1450	-0.8780	-0.9190	0.1340	0.9280	-6.2570	0.7820
1451	-1.1310	-0.8470	-0.0120	0.2960	-5.7140	0.8330
1452	-0.7570	-0.9440	0.1510	0.6620	-4.4540	0.7590
1453	-1.0350	-1.0170	0.0740	1.4990	-5.5600	0.3050
1454	-1.3120	-0.9230	-0.1810	2.1940	-6.2510	0.1770
1455	-1.5070	-0.7180	-0.1000	1.9170	-6.1890	0.0800
1456	-1.3120	-0.1080	-0.1160	-0.2940	-5.7290	-0.1340
1457	-1.5010	0.0450	-0.1880	0.1610	-5.8140	-0.3310
1458	-1.2890	0.4340	-0.1320	-0.4040	-5.5200	-0.8590
1459	-1.3080	0.5240	-0.2750	-1.3340	-5.3460	-1.1820
1460	-1.4670	0.3910	-0.2630	-1.6300	-6.0590	-0.6790
1461	-1.6990	0.1230	-0.0110	-1.8280	-6.6250	0.3350
1462	-1.6840	-0.0530	-0.0160	-2.3100	-7.5190	-0.0140
1463	-1.9700	-0.1140	-0.0980	-2.9730	-8.5270	-0.3120
1464	-1.6880	-0.3200	-0.1580	-2.3840	-8.7400	-0.3620
1465	-1.4900	-0.4440	-0.1060	-2.0090	-8.3240	-0.3040
1466	-1.4730	-0.4620	0.0080	-1.8900	-9.1360	-0.4270
1467	-1.6710	-0.6710	-0.0650	-0.4680	-10.8630	-0.2860
1468	-1.5050	-0.6710	-0.1110	-0.5480	-10.2580	-0.4000
1469	-1.2780	-0.2630	0.0640	-1.8610	-9.6530	-0.2420
1470	-1.0780	-0.4560	0.1940	-0.6760	-10.2010	-0.3930
1471	-1.2670	-0.5900	0.0820	0.0430	-9.5940	-0.9030
1472	-1.0430	-0.2440	0.1000	-1.1220	-8.4100	-1.5430
1473	-1.1690	-0.2070	-0.1190	-0.6210	-8.8580	-1.4380
1474	-0.9860	-0.2580	-0.2260	0.0970	-8.6880	-1.4000
1475	-1.0400	-0.0460	-0.1040	-0.5150	-6.7480	-1.8320
1476	-1.0500	-0.1940	-0.3200	-0.8310	-6.4350	-1.5190
1477	-1.3470	-0.1400	-0.1450	-0.3300	-7.3330	-1.1590
1478	-1.3180	-0.2820	-0.0370	-0.1920	-7.1430	-1.0450
1479	-1.5690	-0.2580	-0.1070	0.2610	-6.4950	-1.1720
1480	-1.4760	-0.3420	-0.2770	0.1170	-5.8610	-1.2270
1481	-1.5630	-0.3550	-0.0640	1.1160	-6.7150	-0.6590
1482	-1.4170	-0.4210	-0.1130	1.7520	-7.4330	-0.5340
1483	-1.2550	-0.1610	-0.0710	0.9260	-6.3080	-0.9810
1484	-0.9900	-0.0170	-0.1870	-0.2550	-5.8480	-0.7620
1485	-1.1720	-0.1680	-0.0720	0.3560	-6.9170	-0.7050
1486	-0.9510	-0.2760	-0.2210	1.0070	-6.1350	-0.8550
1487	-0.7770	-0.1670	-0.0970	0.7020	-4.9850	-0.3780
1488	-0.8530	-0.1210	-0.1660	0.5930	-5.4650	-0.2100
1489	-0.9910	-0.3780	-0.1060	1.3130	-6.1080	-0.1690
1490	-0.9620	-0.1860	0.0750	0.9360	-4.7720	-0.7720
1491	-0.8170	-0.0390	0.1080	0.4660	-3.9330	-0.8270
1492	-0.9480	-0.2240	-0.0530	1.4270	-4.7240	-0.4970
1493	-0.9140	-0.2860	-0.0350	2.8160	-5.5100	-0.0710
1494	-1.0630	0.1140	-0.1910	0.9970	-4.7880	0.0960
1495	-0.7560	0.5230	-0.2320	-0.6530	-3.9000	0.0310
1496	-0.7370	0.6830	-0.0990	-0.5340	-3.9950	-0.2310
1497	-0.6490	0.5430	-0.1270	0.7090	-3.8830	0.0340
1498	-0.9220	0.5470	-0.3200	-0.6750	-3.7670	0.4480
1499	-1.0350	0.5590	-0.1090	-1.0200	-3.3760	0.8820
1500	-0.9550	0.4790	-0.0220	-1.4530	-3.5350	0.7220
1501	-0.9550	0.5530	-0.2100	-1.9820	-4.0810	0.7090
1502	-0.9760	0.4450	-0.3210	-1.1530	-4.3210	1.1790
1503	-0.9690	0.3110	-0.2570	-1.1590	-4.2390	1.2050
1504	-0.8260	0.1810	-0.0110	-1.3360	-3.9210	1.6100
1505	-0.6810	0.3390	-0.1430	-1.6430	-4.6570	1.6960
1506	-0.5090	0.5610	-0.1640	-0.9030	-5.1790	1.3720
1507	-0.5880	0.5490	-0.2260	-1.3700	-4.5830	1.7600
1508	-0.3640	0.6530	-0.1290	-2.0260	-3.4130	2.3560
1509	-0.3950	0.6730	-0.0420	-2.1790	-3.6480	2.2600
1510	-0.4430	0.9510	-0.1470	-2.2770	-3.9250	1.9990
1511	-0.3050	1.0710	-0.5220	-2.2090	-3.1310	2.0760
1512	-0.3700	1.0920	-0.2240	-3.2860	-2.5620	2.3790
1513	-0.5880	0.9050	-0.2070	-3.9060	-2.6370	2.6840
1514	-0.9160	0.9930	-0.2580	-5.1870	-3.1410	3.4520
1515	-0.9580	0.8230	-0.4140	-5.6070	-3.9400	4.1400
1516	-0.7780	0.7640	-0.3450	-5.9780	-4.3490	4.3570
1517	-0.6300	0.8090	-0.3150	-5.2530	-4.5840	3.9300
1518	-0.4160	0.4080	-0.4270	-3.9250	-3.7530	4.5950
1519	-0.3150	0.2780	-0.2830	-4.1290	-3.4240	4.6090
1520	-0.3610	0.6390	-0.4380	-4.7200	-2.9020	4.9750
1521	-0.3290	0.7540	-0.5390	-5.1690	-2.6660	4.7650
1522	-0.3220	0.9480	-0.5480	-5.5340	-2.7640	4.8840
1523	-0.4250	0.9430	-0.6150	-5.8080	-3.3380	5.2230
1524	-0.4840	0.8170	-0.4740	-4.6410	-3.1690	5.4690
1525	-0.4770	0.7630	-0.4730	-5.0350	-3.6050	5.6180
1526	-0.7810	0.7440	-0.4750	-4.6960	-3.7100	6.6740
1527	-0.7010	0.9540	-0.5810	-6.2080	-2.5690	6.1330
1528	-0.3940	1.0660	-0.6240	-6.2700	-1.1370	5.8300
1529	0.0070	1.1220	-0.5850	-6.5480	0.5550	5.4300
1530	0.0330	1.4280	-0.6020	-7.5860	1.5240	5.0630
1531	0.1100	1.4830	-0.4400	-7.2270	1.6840	5.5710
1532	-0.0360	1.4160	-0.3440	-6.8850	1.1390	5.9300
1533	-0.1290	1.3880	-0.3610	-8.0190	0.6410	7.1710
1534	-0.1790	1.4050	-0.2840	-8.3520	0.1940	7.4810
1535	-0.1080	1.2570	-0.2950	-7.9860	-0.4440	7.4360
1536	-0.4240	0.8870	-0.1150	-7.0040	-1.0160	8.3330
1537	-0.4150	0.6310	-0.0640	-6.4830	-1.5910	8.4960
1538	-0.4660	0.7250	-0.1940	-6.6290	-2.0060	8.7800
1539	-0.4660	0.7250	-0.1940	-6.6290	-2.0060	8.7800
1540	-0.6200	0.7530	-0.0810	-5.1250	-2.9610	9.5710
1541	-0.6200	0.7530	-0.0810	-5.1250	-2.9610	9.5710
1542	-0.3910	1.0620	0.0270	-4.0720	-2.0210	9.0410
1543	-0.3910	1.0620	0.0270	-4.0720	-2.0210	9.0410
1544	0.1100	0.7390	-0.0210	-3.1080	0.0200	7.7540
1545	0.1100	0.7390	-0.0210	-3.1080	0.0200	7.7540
1546	0.2900	0.6320	0.0660	-2.7600	2.0650	7.4200
1547	0.1690	0.4280	0.1550	-2.6410	2.3870	7.1290
1548	0.0520	0.2410	-0.0060	-2.7480	3.1260	6.9530
1549	-0.0060	-0.0100	0.0570	-2.2290	3.6230	6.5300
1550	-0.0290	-0.3160	-0.0080	-0.8770	3.6950	6518.0000
1551	0.1000	-0.3920	0.0070	-0.1100	3.7270	5.0000
1552	-0.0710	-0.3740	-0.0670	1.2530	2.5980	0.7720
1553	-0.0670	-0.4080	-0.2730	3.1060	1.6900	5.7350
1554	0.2030	-0.3680	-0.3400	4.6850	2.0490	5.7350
1555	0.4550	-0.4740	-0.5680	6.2090	2.3470	5.7210
1556	0.6240	-0.5750	-0.5950	6.3700	3.3470	5.7210
1557	0.6380	-0.8780	-0.4810	7.6350	2.9730	5.3770
1558	0.5520	-1.1340	-0.5380	8.9290	2.9730	5.3770
1559	0.5230	-1.1820	-0.6720	8.5760	3.3760	5.9210
1560	0.4600	-1.0540	-0.2990	7.5160	3.3760	5.9210
1561	0.2890	-1.1400	-0.2200	7.4850	3.5760	6.2750
1562	0.1530	-1.0690	-0.1080	7.1850	3.5760	6.2750
1563	0.0500	-1.1310	-0.0350	7.7460	3.6340	6.1600
1564	-0.0110	-1.2460	-0.0720	7746.0000	3.6340	6.1600
1565	-0.1880	-1.2940	0.1400	7.0100	23.1440	5.9440
1566	-0.2830	-1.3880	0.0510	7.0100	23.1440	5.9440
1567	-0.2230	-1.8100	-0.0600	7.0100	23.1440	5.9440
1568	-0.4610	-1.8660	-0.3780	8.7950	1.3320	6.5490
1569	-0.7050	-1.7360	-0.3780	8.7950	1.3320	6.5490
1570	-0.8650	-1.5770	-0.6640	8.0400	-3.2040	6.7820
1571	-0.8140	-1.2150	-0.6640	8.0400	-3.2040	6.7820
1572	-0.4840	-0.7490	-0.9890	6.8180	-4.1970	6.3120
1573	-0.4850	-0.3910	-0.9890	6.8180	-4.1970	6.3120
1574	-0.4210	-0.6310	-0.6760	4.3410	-2.3680	5.0180
1575	-0.6020	-0.9310	-0.6760	4.3410	-2.3680	5.0180
1576	-0.7090	-1.0670	-0.4890	7.4410	-3.7880	5.6360
1577	-0.6490	-1.0670	-0.4890	7.4410	-3.7880	5.6360
1578	-0.6790	-1.0670	-0.5870	7.2890	-4.2050	6.6180
1579	-0.7730	-1.0670	-0.5870	7.2890	-4.2050	6.6180
1580	-0.7810	-0.8930	-0.4610	5.0200	-4.0680	5.6310
1581	-0.9610	-0.8930	-0.4610	5.0200	-4.0680	5.6310
1582	-0.6650	-0.8330	-0.4420	4.0880	-5.2220	5.8770
1583	-0.6600	-0.9040	-0.4150	5.2970	-4.8380	5.9580
1584	-0.6830	-1.0180	-0.5580	5.7620	-4.9740	5.4420
1585	-0.7190	-1.1230	-0.4540	5.6160	-5.0690	5.6680
1586	-0.7190	-1.1230	-0.4540	5.6160	-5.0690	5.6680
1587	-0.2630	-0.8130	-0.2320	4.0390	-4.2070	4.9930
1588	-0.2620	-0.7290	-0.1060	3.8780	-4.3410	4.7890
1589	-0.5100	-0.7050	-0.0730	4.1670	-4.1350	4.1890
1590	-0.4510	-0.8440	0.0190	4.0070	-3.2830	3.7130
1591	-0.4170	-0.7340	0.0480	4.1040	-2.1680	3.3330
1592	-0.4930	-0.7500	0.0140	4.2130	-1.9310	3.4120
1593	-0.8400	-0.6710	0.2820	4.4080	-3.2540	3.4170
1594	-0.7710	-0.7590	0.1670	5.3600	-3.4830	3.0030
1595	-0.7170	-0.5170	0.1080	5.2080	-2.6760	2.5280
1596	-0.5360	-0.2200	0.1380	3.8460	-2.3460	2.5330
1597	-0.4140	-0.3140	0.2530	5.1360	-2.9290	2.3970
1598	-0.6620	-0.4930	0.1560	5.2820	-2.7320	2.0020
1599	-0.6500	-0.3250	0.1220	3.8480	-2.1460	2.0030
1600	-0.3580	-0.1490	0.1460	3.8230	-2.2670	1.7470
1601	-0.2700	-0.0590	0.1000	4.0430	-2.9680	1.8290
1602	-0.2610	0.0490	-0.0290	2.7200	-2.1050	2.1290
1603	-0.2970	0.1250	-0.0260	1.3880	-1.7210	1.9570
1604	-0.3160	0.2910	-0.0270	1.0970	-1.8910	1.4880
1605	-0.4260	0.1770	-0.0370	1.5110	-2.3610	1.8700
1606	-0.5530	0.0060	0.0400	1.6880	-2.4050	2.0590
1607	-0.6240	-0.2010	-0.0250	1.5000	-1.8950	1.7900
1608	-0.5940	-0.1280	0.2810	1.1100	-1.5270	1.6260
1609	-0.4330	-0.1160	0.3740	1.0090	-2.3420	1.2160
1610	-0.7080	0.0980	0.2380	0.8460	-3.2360	1.2870
1611	-0.4930	0.0280	0.1220	0.2720	-2.3340	1.0970
1612	-0.2850	0.1520	0.4600	-0.3350	-1.5070	1.1680
1613	-0.2710	0.0650	0.3570	0.0240	-2.1590	1.4790
1614	-0.5520	-0.0990	0.1810	0.5690	-3.2680	1.6120
1615	-0.4960	-0.1320	0.0710	-0.1840	-2.8600	1.8470
1616	-0.2390	0.0310	0.2180	-0.2770	-1.8860	1.5830
1617	-0.0010	-0.1910	0.4300	0.2830	-2.0110	1.8650
1618	-0.2770	-0.3380	0.3210	0.8370	-2.8440	2.2380
1619	-0.0800	-0.4030	0.1600	0.7300	-2.2570	1.9760
1620	0.0150	-0.2130	0.1130	0.4100	-1.0350	1.6460
1621	0.0020	-0.3680	0.2490	1.1270	-1.1880	2.3790
1622	-0.4860	-0.4240	0.3380	2.4160	-2.8100	2.7210
1623	-0.6670	-0.2750	0.0940	2.3990	-2.8900	2.5050
1624	-0.5080	-0.2010	0.2510	2.2420	-1.6650	2.3130
1625	-0.3430	-0.0750	0.1240	1.5000	-1.8260	2.2520
1626	-0.5100	-0.1650	-0.0130	2.2170	-3.1390	2.3830
1627	-0.3970	-0.2880	0.0950	3.3350	-3.5010	2.4800
1628	-0.2220	-0.3890	0.0830	2.6700	-2.3550	2.2900
1629	-0.2140	-0.2110	0.2670	1.3120	-1.7140	2.1650
1630	-0.4070	-0.4870	0.1490	1.7170	-2.6060	2.3820
1631	-0.6820	-0.8050	-0.0560	2.7210	-3.5690	2.5940
1632	-0.3580	-0.8070	-0.0830	3.1310	-2.9820	2.5330
1633	0.0970	-0.5610	-0.1240	2.8300	-1.3310	2.2060
1634	0.2340	-0.5760	0.0270	2.4300	-1.2670	2.4450
1635	-0.0750	-0.6260	0.0600	3.3000	-2.0540	2.6540
1636	-0.3370	-0.6900	-0.2110	4.0840	-1.8940	2.8000
1637	0.0210	-0.3050	-0.1380	4.0530	-0.7270	2.4380
1638	0.2110	0.0370	-0.1690	2.8780	0.4070	2.0380
1639	-0.0200	0.0580	-0.4400	2.8750	0.4970	2.1140
1640	-0.2700	-0.0850	-0.2960	3.1880	0.1640	2.2480
1641	-0.3850	-0.2830	-0.1510	3.8260	-0.7900	2.4330
1642	-0.5130	-0.1970	-0.3880	3.7370	-1.1930	2.6850
1643	-0.5430	-0.3480	-0.5180	3.3290	-0.9380	2.9830
1644	-0.4180	-0.5600	-0.4310	3.2490	0.1880	2.9660
1645	-0.3360	-0.5760	-0.4290	2.4110	0.5010	2.6740
1646	-0.3590	-0.5830	-0.3940	2.2930	0.0450	2.8880
1647	-0.4550	-0.5980	-0.4730	1.7420	-0.5800	3.0680
1648	-0.2320	-0.5670	-0.3900	1.2430	-0.3850	2.9410
1649	-0.1950	-0.6170	-0.4150	1.0880	-0.8150	3.1320
1650	-0.2910	-0.8710	-0.4170	1.9090	-1.8940	3.4720
1651	-0.3400	-0.8620	-0.4580	2.3310	-2.7760	3.9420
1652	-0.3150	-0.7810	-0.5420	2.7280	-2.7190	3.6410
1653	-0.0030	-0.7450	-0.5120	3.4020	-2.0900	3.3960
1654	0.1720	-0.5980	-0.5700	3.5760	-1.4990	3.6420
1655	0.3410	-0.4610	-0.4980	2.3120	-0.6790	3.7390
1656	0.1950	-0.4270	-0.6150	1.9060	-0.1990	3.3910
1657	0.1250	-0.5870	-0.5110	3.0460	-0.7890	3.4920
1658	-0.1290	-0.7700	-0.5140	4.3200	-1.0810	3.8190
1659	-0.1060	-0.4830	-0.6850	3.9490	-0.5940	3.7700
1660	0.0170	-0.1630	-0.7030	3.3160	0.6370	3.4990
1661	-0.0860	-0.1260	-0.5430	3.0150	0.4130	3.7130
1662	-0.0860	-0.1260	-0.5430	3.0150	0.4130	3.7130
1663	-0.6060	-0.6370	-0.5600	3.2560	-1.3420	4.3200
1664	-0.5470	-0.7690	-0.3690	3.6290	-1.4580	4.0840
1665	-0.3820	-0.9910	-0.1470	3.7790	-1.4740	3.8790
1666	-0.3880	-1.0680	-0.3560	3.6740	-1.7980	3.8830
1667	-0.4560	-1.2670	-0.4790	4.0540	-1.7920	3.5810
1668	0.0110	-1.0910	-0.6400	3.9850	-0.8230	3.1480
1669	0.0110	-1.0910	-0.6400	3.9850	-0.8230	3.1480
1670	0.4470	-0.5810	-0.4900	3.2540	-1.4420	3.5510
1671	0.2500	-0.4700	-0.4060	3.3820	-1.5480	3.3160
1672	0.2420	-0.5220	-0.4470	3.6960	-0.8510	2.6450
1673	0.1270	-0.5740	-0.3300	3.6430	-0.5740	2.6420
1674	-0.0160	-0.5780	-0.3700	3.4080	-0.1820	2.9810
1675	-0.1880	-0.3570	-0.3070	2.8490	0.5050	2.7450
1676	-0.0310	-0.3350	-0.2800	2.6080	0.8390	2.5410
1677	-0.0160	-0.4240	-0.1850	2.7530	0.2250	2.6590
1678	-0.2260	-0.3760	-0.1980	2.8100	-0.7550	2.7380
1679	-0.3010	-0.4920	-0.3790	3.3350	-0.9900	2.8270
1680	-0.0810	-0.1990	-0.3510	3.0360	-0.3650	2.2120
1681	0.1460	-0.0680	-0.3940	2.3500	0.3080	2.2850
1682	0.2060	-0.0350	-0.2640	1.8990	0.1180	2.7260
1683	0.2010	-0.2120	-0.2900	2.1380	0.2320	3.1100
1684	0.1680	-0.2410	-0.2020	2.1270	0.3070	3.0010
1685	0.2240	-0.4060	-0.1030	2.8730	-0.3630	3.3350
1686	-0.0220	-0.5770	-0.2120	2.7740	-1.1420	3.4240
1687	-0.0220	-0.5770	-0.2120	2.7740	-1.1420	3.4240
1688	-0.2130	-0.6600	-0.1270	3.2400	-0.8750	3.3430
1689	-0.0480	-0.4570	-0.3170	2.7450	-0.6470	3.2270
1690	-0.1180	-0.1890	-0.1430	2.7500	-0.7950	3.4040
1691	-0.0800	-0.2100	-0.1970	2.5980	-0.6790	4.0730
1692	-0.1860	-0.1630	-0.2130	1.6760	-0.1610	3.8380
1693	-0.1100	-0.0840	-0.2730	1.8710	0.0370	3.9690
1694	0.0110	0.0060	-0.1850	1.5410	0.3480	4.0200
1695	0.2250	-0.1190	0.0580	1.2910	0.8200	4.5400
1696	0.3420	-0.4380	0.2870	1.7480	1.3790	4.5400
1697	0.3280	-0.3620	0.1330	1.8510	1.1170	4.7350
1698	0.3470	-0.2660	0.1890	1.9490	-0.0300	4.7350
1699	0.3870	0.0020	0.1450	1.8180	-0.7030	6.5378
1700	0.7160	0.4680	0.4560	0.8210	-0.5550	7.4920
1701	2.4030	0.0910	0.2200	-1.1410	-0.7540	8431.0000
1702	1.6960	0.5570	0.4730	-2.1510	-1.2390	8.1310
1703	1.2200	0.4880	0.2200	-4.3340	0.6250	8.1310
1704	0.0170	0.7940	0.2580	-4.0770	1.4850	8.1310
1705	0.2730	0.2070	0.2240	-4.5390	1.8350	9.4340
1706	0.1050	0.4050	0.2130	-4.2600	1.5370	9.6890
1707	0.2140	0.6150	0.4550	-2.9480	1.5950	9.0850
1708	0.1620	0.5590	0.3190	-1.8140	1.9750	9.5000
1709	0.1620	0.5590	0.3190	-1.8140	1.9750	9.5000
1710	-0.1030	-0.0040	0.1830	-0.6110	10.3090	10.8950
1711	-0.2370	-0.2450	-0.0300	-0.6110	10.3090	10.8950
1712	-0.2160	-0.4690	0.0460	1.1479	-2.9630	11.8580
1713	-0.1570	-0.5170	-46.0000	1.1479	-2.9630	11.8580
1714	-0.2750	-0.7020	-0.5620	1.6180	-5.7990	13.3310
1715	-0.5310	-0.8370	-0.7660	1.6180	-5.7990	13.3310
1716	-0.6660	-0.7230	-0.8260	2.9700	-8.5830	15.7910
1717	-0.7270	-0.7350	-0.9220	2.5160	-9.5810	16.9630
1718	-0.5870	-0.5620	-0.9230	2.0220	-9.7310	17.5630
1719	-0.8660	-0.5550	-1.9010	1.3420	-9.2720	17.3330
1720	-0.7080	-0.4550	-1.1060	1.3800	-9.4090	17.4440
1721	-0.4810	-0.1970	-0.8890	1.3010	-8.2860	17.0710
1722	-0.6740	-0.1530	-0.8890	1.3010	-8.2860	17.0710
1723	-0.8420	-0.4830	-0.7750	1.0990	-7.0240	16.7040
1724	-1.3280	-0.7880	-0.7560	1.9470	-7.3520	16.6900
1725	-1.2530	-0.7480	-0.8250	2.2410	-8.3430	16.9370
1726	-1.2620	-0.6540	-0.8780	1.7150	-9.0050	17.0110
1727	-0.9550	-0.2950	-0.7870	1.7800	-8.2280	16.7300
1728	-0.9550	-0.2950	-0.7870	1.7800	-8.2280	16.7300
1729	1.0720	-0.1480	-0.7520	0.2300	-6.4770	15.8390
1730	1.0720	-0.1480	-0.7520	0.2300	-6.4770	15.8390
1731	0.1490	-0.5320	-0.3380	2.2720	-7.8360	16.1290
1732	-0.5100	-0.2420	-0.3280	1.6550	-7.2950	15.8300
1733	-0.6820	0.0520	-0.3110	0.9990	-7.2260	15.4860
1734	-0.3900	-0.5100	-0.0840	1.1620	-7.4690	15.3060
1735	-0.9000	-0.5740	0.4330	1.5350	-7.3160	14.5900
1736	-0.8890	-0.5210	0.0960	1.4570	-7.0270	14.3270
1737	-0.7870	-0.5160	0.2670	1.4130	-7.0160	14.1630
1738	-0.5130	-0.4620	-0.0780	1.3050	-6.1160	13.3630
1739	-0.4350	-0.5160	-0.1850	1.7230	-5.9780	13.1380
1740	-0.3850	-0.4510	0.0090	1.9490	-5.7500	12.5650
1741	-0.0290	-0.4690	-0.5420	1.7700	-5.3630	12.4110
1742	-0.3910	-0.3660	0.1540	1.0330	-5.3470	12.2380
1743	-0.8740	-0.6170	0.1630	1.5530	-5.6620	11.9040
1744	-1.1410	-0.7940	-0.1180	1.7450	-6.1750	11.8700
1745	-1.1720	-0.6020	0.1300	1.7590	-6.3650	11.7550
1746	-0.9390	-0.5730	0.0390	1.6500	-6.5220	12.0850
1747	-0.8680	-0.2530	-0.2100	0.8270	-5.8730	11.4930
1748	-1.0590	-0.4850	-0.0870	0.5200	-5.9930	11.7420
1749	-1.1590	-0.4490	0.1480	0.9190	-5.6570	11.3710
1750	-1.0140	-0.5750	-0.0170	0.8260	-5.8280	11.2850
1751	-1.1470	-0.5200	-0.1540	0.8220	-5.9530	11.3710
1752	-1.0250	-0.4320	0.0280	0.4950	-6.3940	11.6290
1753	-1.3030	-0.5110	-0.0910	0.7340	-6.2670	11.5010
1754	-1.0990	-0.4520	-0.0080	0.5250	-6.1480	11.2800
1755	-1.1740	-0.5580	-0.0980	0.7450	-6.0550	11.2290
1756	-1.0600	-0.2590	-0.0450	0.4620	-6.2440	11.1080
1757	-1.2250	-0.2880	0.0020	0.0580	-6.2740	11.3660
1758	-1.0370	-0.2760	-0.0920	-0.1000	-6.1100	10.9150
1759	-1.1010	-0.2390	0.0630	-0.5130	-6.0400	10.8850
1760	-1.2090	-0.0340	-0.1100	-0.5780	-6.1850	10.7230
1761	-1.1370	-0.2410	0.0470	-0.0590	-6.0270	10.9000
1762	-1.0530	-0.1860	-0.0200	0.1170	-5.8390	10.5740
1763	-0.9650	-0.3750	-0.0350	0.5720	-5.5510	10.5700
1764	-1.0160	-0.2130	-0.0770	0.3740	-5.7280	10.3970
1765	-0.8410	-0.3380	0.0000	0.6410	-5.1950	10.1900
1766	-1.0600	-0.2510	-0.1030	0.4210	-5.6750	10.4270
1767	-0.8430	-0.2350	-0.0420	0.3410	-5.6600	10.2570
1768	-1.0390	-0.1790	-0.1160	-0.1240	-5.8780	10.3980
1769	-1.0540	-0.2070	0.0080	0.1580	-5.6970	9.9750
1770	-1.0870	-0.4640	-0.0320	0.8620	-5.7630	10.0560
1771	-1.0130	-0.2670	0.0120	0.5320	-5.8470	9.9320
1772	-0.8850	-0.2240	-0.0900	0.3720	-5.6560	9.8080
1773	-0.9540	-0.3050	-0.0570	1.0660	-5.4890	9.8420
1774	-0.8490	-0.3910	-0.0230	1.4680	-4.9750	9.5910
1775	-0.8510	-0.4100	0.0020	1.2130	-4.8840	9.4580
1776	-0.9280	-0.3520	-0.0460	1.0860	-5.1020	9.5640
1777	-0.8180	-0.2120	0.0400	0.8120	-5.1370	9.1520
1778	-0.7650	-0.3350	-0.0670	1.0930	-4.8680	9.2510
1779	-0.8890	-0.1760	-0.0500	0.4650	-5.0680	9.2370
1780	-0.7220	-0.4450	0.0090	1.8260	-4.3660	8.9440
1781	-0.8210	-0.4600	0.0710	1.5610	-4.4740	9.0370
1782	-0.8300	-0.4430	-0.0870	1.1140	-4.6860	9.0860
1783	-0.8260	-0.4380	-0.0070	1.5890	-4.7340	9.1510
1784	-0.8300	-0.4280	0.0150	1.7550	-4.6280	8.9860
1785	-0.7780	-0.5310	0.0120	2.1600	-4.7880	9.1590
1786	-0.7630	-0.5250	-0.0860	1.7500	-4.6610	9.0370
1787	-0.7320	-0.4940	0.0000	1.9570	-4.5540	8.9410
1788	-0.7560	-0.3470	0.0610	1.5910	-4.5390	8.6880
1789	-0.8690	-0.3560	-0.0030	1.0840	-4.8670	8.9680
1790	-0.7930	-0.3270	-0.1020	0.7600	-4.6870	9.1120
1791	-0.8290	-0.1460	-0.0370	0.3010	-4.5320	8.8410
1792	-0.7370	-0.2140	0.0400	0.6080	-4.4460	8.9240
1793	-0.7620	-0.2050	0.0360	0.8560	-4.1380	8.7490
1794	-0.7770	-0.1690	-0.0130	0.4280	-4.0350	8.8440
1795	-0.8100	-0.2930	-0.0020	0.7900	-4.5490	8.7560
1796	-0.7190	-0.2580	-0.0370	0.5270	-4.4220	8.7110
1797	-0.7400	-0.2390	0.0670	0.3440	-4.0200	8.8000
1798	-0.8170	-0.2370	-0.0280	0.5910	-4.3930	8.8260
1799	-0.7520	-0.2730	0.0080	0.6190	-4.2850	8.7580
1800	-0.7360	-0.2230	-0.0740	0.2160	-4.1380	9.0270
1801	-0.6750	-0.1640	-0.0310	0.3640	-3.7050	8.8910
1802	-0.6210	-0.1370	0.0130	0.5170	-3.4510	8.5370
1803	-0.6130	-0.1840	0.0250	0.4560	-3.4500	8.5810
1804	-0.6440	-0.1740	0.0290	0.2760	-3.7330	8.7630
1805	-0.6440	-0.1740	0.0290	0.2760	-3.7330	8.7630
1806	-0.6360	-0.2050	0.0440	0.7980	-3.5470	8.3030
1807	-0.6360	-0.2050	0.0440	0.7980	-3.5470	8.3030
1808	-0.7040	-0.2500	-0.0060	0.3600	-4.0460	8.5170
1809	-0.7350	-0.2200	-0.0060	0.7920	-4.1320	8.4980
1810	-0.6250	-0.1810	-0.0220	0.6950	-4.0030	8.3030
1811	-0.6650	-0.1780	-0.0070	0.6930	-3.8430	8.1830
1812	-0.7080	-0.1790	0.0130	0.3950	-3.9620	8.1880
1813	-0.7250	-0.1590	0.0420	0.3560	-4.1250	8.0730
1814	-0.7170	-0.1170	-0.0050	0.3520	-4.2520	8.0826
1815	-0.7730	-0.1660	-0.0220	0.4140	-4.3730	8.1030
1816	-0.7530	-0.1870	0.0140	0.3780	-4.2310	8.0303
1817	-0.7500	-0.1600	-0.0020	0.2920	-4.2100	7.8890
1818	-0.7530	-0.1530	-0.0110	0.2720	-4.0370	7.8890
1819	-0.6670	-0.1200	0.0280	0.1360	-4.0740	7.7420
1820	-0.7550	-0.1730	0.0100	0.3490	-4.1080	7.7420
1821	-0.7540	-0.2020	0.0530	0.6880	-4.2070	7.6620
1822	-0.7460	-0.2350	-0.0220	0.8360	-4.3700	7.6620
1823	-0.7190	-0.2420	0.0100	0.8780	-4.2640	7.6641
1824	-0.7460	-0.2410	0.0030	0.8390	-4.2640	7.6641
1825	-0.7420	-0.2600	-0.0120	0.7620	-0.1820	7.6060
1826	-0.7370	-0.2470	0.0150	0.7510	0.0000	7.5340
1827	-0.7370	-0.2470	0.0150	0.7510	0.0000	7.5340
1828	-0.7510	-0.2320	-0.0280	0.7740	-4.3540	7.4400
1829	-0.7620	-0.2500	0.0070	0.7870	-4.3354	7.4400
1830	-0.7650	-0.2230	-0.0050	0.7360	-4.2880	7454.0000
1831	-0.7180	-0.1940	-0.0060	0.6590	-4.2880	7454.0000
1832	-0.7640	-0.2250	0.0110	0.7010	-4.2480	7.3920
1833	-0.7620	-0.2370	-0.0060	0.7660	-4.2480	7.3920
1834	-0.7130	-0.2010	-0.0030	0.7120	-4.2660	7.4240
1835	-0.7570	-0.2220	0.0100	0.7512	-4.2660	7.4240
1836	-0.7530	-0.2290	-0.0050	0.7480	-4242.0000	7.3020
1837	-0.7370	-0.2170	-0.0050	0.7480	-4242.0000	7.3020
1838	-0.7490	-0.2160	0.0020	0.7450	0.0000	7.2480
1839	-0.7480	-0.2210	-0.0050	0.7450	0.0000	7.2480
1840	-0.7270	-0.2140	0.0045	0.7130	-4.2430	7.2500
1841	-0.7450	-0.2140	-0.0400	0.7160	-4.2120	7.1760
1842	-0.7320	-0.2130	0.0002	0.7090	-4.1610	7.1290
1843	-0.7190	-0.1970	0.0040	0.6740	-4.1420	7.1050
1844	-0.7260	-0.2040	0.0030	0.6640	-4.1260	7.0090
1845	-0.7230	-0.1980	0.0040	0.6620	-4.1170	6.9950
1846	-0.7150	-0.1910	0.0020	0.6620	-4.1170	6.9950
1847	-0.7190	-0.2060	0.0030	0.6670	-4.0630	6.9020
1848	-0.7050	-0.1810	-0.0300	0.6670	-4.0630	6.9020
1849	-0.7070	-0.1940	0.0020	0.6639	-4.0050	6.8740
1850	-0.7160	-0.2020	0.0020	0.6639	-4.0050	6.8740
1851	-0.6870	-0.1800	0.0030	0.6550	-3.9820	6.8630
1852	-0.6980	-0.1920	0.0030	0.6550	-3.9820	6.8630
1853	-0.7080	-0.1950	0.0040	0.6120	-3.9170	6.7920
1854	-0.6820	-0.1750	0.0040	0.6120	-3.9170	6.7920
1855	-0.6900	-0.1750	0.0060	0.5880	-3.8950	6.6930
1856	-0.6880	-0.1750	0.0060	0.5880	-3.8950	6.6930
1857	-0.6740	-0.1810	0.0110	0.5870	-3.8550	6.7500
1858	-0.6870	-0.1770	0.0080	0.5720	-3.8440	6.7180
1859	-0.6770	-0.1700	0.0040	0.5590	-3.8470	6.7580
1860	-0.6730	-0.1720	0.0110	0.5520	-3.8210	6.7730
1861	-0.6830	-0.1780	0.0070	0.5280	-3.8160	6.7810
1862	-0.6670	-0.1710	0.0090	0.5400	-3.8030	6.7850
1863	-0.6710	-0.1710	0.0090	0.5400	-3.8030	6.7850
1864	-0.6680	-0.1760	0.0110	0.5540	-3.7560	6.7650
1865	-0.6560	-0.1760	0.0110	0.5540	-3.7560	6.7650
1866	-0.6580	-0.1680	0.0060	0.5690	-3.7240	6.7640
1867	-0.6680	-0.1680	0.0060	0.5690	-3.7240	6.7640
1868	-0.6520	-0.1810	0.0130	0.5800	-3.7070	6.7080
1869	-0.6520	-0.1810	0.0130	0.5800	-3.7070	6.7080
1870	-0.6590	-0.1610	0.0060	0.5380	-3.6860	6.6520
1871	-0.6590	-0.1610	0.0060	0.5380	-3.6860	6.6520
1872	-0.6530	-0.1630	0.0070	0.4960	-3.6960	6.6030
1873	-0.6530	-0.1530	0.0100	0.4800	-3.6730	6.5860
1874	-0.6550	-0.1630	0.0130	0.4810	-3.6710	6.5660
1875	-0.6560	-0.1570	0.0140	0.4640	-3.6690	6.5240
1876	-0.6470	-0.1520	0.0090	0.4740	-3.6240	6.5030
1877	-0.6410	-0.1590	0.0120	0.5080	-3.6090	6.4910
1878	-0.6420	-0.1560	0.0140	0.4820	-3.5760	6.4580
1879	-0.6320	-0.1530	0.0130	0.4790	-3.5800	6.4190
1880	-0.6320	-0.1500	0.0110	0.4730	-3.5450	6.3860
1881	-0.6340	-0.1460	0.0110	0.4490	-3.5410	6.3870
1882	-0.6340	-0.1500	0.0100	0.4630	-3.5290	6.3770
1883	-0.6290	-0.1500	0.0100	0.4850	-3.5100	6.3340
1884	-0.6230	-0.1470	0.0090	0.4710	-3.4860	6.3800
1885	-0.6240	-0.1490	0.0120	0.4700	-3.4620	6.3870
1886	-0.6230	-0.1500	0.0140	0.4850	-3.4610	6.3840
1887	-0.6200	-0.1450	0.0130	0.4800	-3.4380	6.3860
1888	-0.6120	-0.1490	0.0140	0.4740	-3.4220	6.3470
1889	-0.6110	-0.1430	0.0110	0.4500	-3.4270	6.3200
1890	-0.6060	-0.1380	0.0140	0.4560	-3.3790	6.3310
1891	-0.6090	-0.1410	0.0140	0.4280	-3.3430	6.3260
1892	-0.6070	-0.1380	0.0120	0.4280	-3.3500	6.3480
1893	-0.5950	-0.1330	0.0100	0.4220	-3.3520	6.3220
1894	-0.5970	-0.1360	0.0120	0.4260	-3.3190	6.2930
1895	-0.5990	-0.1390	0.0180	0.3950	-3.3000	6.2830
1896	-0.5900	-0.1280	0.0060	0.3690	-3.3060	6.2760
1897	-0.5980	-0.1250	0.0180	0.4080	-3.2780	6.2830
1898	-0.5840	-0.1310	0.0140	0.3740	-3.2480	6.2380
1899	-0.5700	-0.1220	0.0090	0.3920	-3.2400	6.1520
1900	-0.5840	-0.1270	0.0180	0.4270	-3.2290	6.1350
1901	-0.5780	-0.1360	0.0070	0.4150	-3.2110	6.1540
1902	-0.5700	-0.1300	0.0140	0.4190	-3.1980	6.1190
1903	-0.5700	-0.1330	0.0120	0.4410	-3.1660	6.0920
1904	-0.5680	-0.1290	0.0150	0.4200	-3.1800	6.0820
1905	-0.5720	-0.1320	0.0150	0.4310	-3.1640	6.0700
1906	-0.5700	-0.1320	0.0150	0.4230	-3.1530	6.0550
1907	-0.5590	-0.1280	0.0130	0.4150	-3.1240	6.0600
1908	-0.5540	-0.1240	0.0160	0.4090	-3.0920	5.9960
1909	-0.5630	-0.1220	0.0180	0.3990	-3.1010	5.9300
1910	-0.5610	-0.1230	0.0200	0.3970	-3.0890	5.9200
1911	-0.5580	-0.1210	0.0190	0.3990	-3.0970	5.9070
1912	-0.5530	-0.1260	0.0150	0.3900	-3.0990	5.8750
1913	-0.5570	-0.1210	0.0180	0.3680	-3.0800	5.8190
1914	-0.5530	-0.1170	0.0190	0.3510	-3.0400	5.7920
1915	-0.5520	-0.1140	0.0150	0.3400	-3.0460	5.8070
1916	-0.5500	-0.1110	0.0160	0.3530	-3.0280	5.7850
1917	-0.5440	-0.1090	0.0160	0.3500	-3.0300	5.7580
1918	-0.5480	-0.1080	0.0170	0.3770	-3.0070	5.7070
1919	-0.5530	-0.1150	0.0170	0.3840	-2.9950	5.7150
1920	-0.5390	-0.1130	0.0110	0.3570	-2.9980	5.7010
1921	-0.5380	-0.1080	0.0120	0.3610	-2.9780	5.6880
1922	-0.5410	-0.1150	0.0190	0.3680	-2.9600	5.7290
1923	-0.5380	-0.1120	0.0140	0.3440	-2.9500	5.7440
1924	-0.5300	-0.1040	0.0190	0.3210	-2.9250	5.7190
1925	-0.5310	-0.1060	0.0180	0.3250	-2.9130	5.7300
1926	-0.5280	-0.1070	0.0220	0.3420	-2.9070	5.7760
1927	-0.5250	-0.1060	0.0230	0.3350	-2.8890	5.7660
1928	-0.5240	-0.1050	0.0190	0.3400	-2.8850	5.8030
1929	-0.5260	-0.1090	0.0210	0.3340	-2.8870	5.8240
1930	-0.5230	-0.1080	0.0190	0.3370	-2.8720	5.8420
1931	-0.5200	-0.1060	0.0150	0.3210	-2.8700	5.8340
1932	-0.5200	-0.1050	0.0210	0.3090	-2.8560	5.8090
1933	-0.5230	-0.1060	0.0220	0.3200	-2.8400	5.7720
1934	-0.5160	-0.1030	0.0180	0.3180	-2.8310	5.7360
1935	-0.5120	-0.0990	0.0180	0.3090	-2.8200	5.7120
1936	-0.5120	-0.0980	0.0200	0.3010	-2.8030	5.7120
1937	-0.5090	-0.1000	0.0200	0.2980	-2.7820	5.6880
1938	-0.5110	-0.0970	0.0200	0.3030	-2.7770	5.6570
1939	-0.5020	-0.0960	0.0180	0.2920	-2.7650	5.6800
1940	-0.5020	-0.0960	0.0190	0.2880	-2.7520	5.6750
1941	-0.5020	-0.0950	0.0190	0.2830	-2.7400	5.6670
1942	-0.4980	-0.0950	0.0200	0.2780	-2.7300	5.6520
1943	-0.4970	-0.0960	0.0210	0.2790	-2.7110	5.6480
1944	-0.4880	-0.0930	0.0200	0.2720	-2.6890	5.6440
1945	-0.4860	-0.0900	0.0220	0.2680	-2.6780	5.6030
1946	-0.4940	-0.0940	0.0230	0.2690	-2.6740	5.6430
1947	-0.4930	-0.0910	0.0210	0.2600	-2.6640	5.6610
1948	-0.4830	-0.0890	0.0220	0.2600	-2.6480	5.6620
1949	-0.4810	-0.0870	0.0190	0.2600	-2.6410	5.6470
1950	-0.4830	-0.0880	0.0200	0.2610	-2.6320	5.6600
count	accelx	accely	accelz	roll	pitch	heading
count	accelx	accely	accelz	roll	pitch	heading
1	-0.0020	0.0020	0.0010	-0.0090	-0.0110	-0.0990
2	-0.0020	0.0030	0.0010	-0.0080	-0.0140	-0.0630
3	-0.0020	0.0030	-0.0010	-0.0050	-0.0160	-0.0430
4	-0.0020	0.0030	-0.0010	-0.0060	-0.0170	-0.0380
5	-0.0030	0.0020	0.0000	-0.0040	-0.0140	-0.0490
6	-0.0030	0.0040	0.0010	-0.0050	-0.0120	-0.0800
7	-0.0030	0.0030	0.0010	-0.0060	-0.0120	-0.0800
8	-0.0020	0.0030	0.0010	-0.0060	-0.0120	-0.0850
9	-0.0010	0.0030	0.0010	-0.0070	-0.0100	-0.1020
10	-0.0010	0.0030	0.0020	-0.0080	-0.0100	-0.1030
11	-0.0020	0.0020	0.0010	-0.0100	-0.0120	-0.1160
12	-0.0040	0.0020	0.0010	-0.0110	-0.0190	-0.1480
13	-0.0050	0.0030	0.0000	-0.0040	-0.0190	-0.1720
14	-0.0050	0.0030	0.0000	-0.0080	-0.0200	-0.1670
15	-0.0040	0.0040	0.0010	-0.0110	-0.0180	-0.1480
16	-0.0030	0.0040	0.0000	-0.0110	-0.0190	-0.1440
17	-0.0030	0.0030	-0.0010	-0.0070	-0.0160	-0.1370
18	-0.0010	0.0020	-0.0010	-0.0030	-0.0100	-0.1800
19	-0.0010	0.0020	-0.0020	-0.0090	-0.0090	-0.2350
20	-0.0020	0.0030	0.0000	-0.0080	-0.0090	-0.2720
21	-0.0010	0.0020	0.0020	-0.0070	-0.0110	-0.3190
22	-0.0020	0.0020	0.0010	-0.0020	-0.0110	-0.3350
23	0.0000	0.0020	0.0010	-0.0020	-0.0100	-0.3530
24	0.0000	0.0020	0.0020	-0.0040	-0.0110	-0.3980
25	0.0000	0.0020	0.0020	-0.0010	-0.0070	-0.4170
26	-0.0010	0.0000	0.0000	-0.0010	-0.0080	-0.4310
27	-0.0010	0.0010	-0.0020	-0.0030	-0.0090	-0.4330
28	-0.0010	0.0010	-0.0040	-0.0030	-0.0060	-0.4320
29	-0.0030	0.0020	-0.0020	-0.0060	-0.0030	-0.4140
30	-0.0020	0.0020	-0.0010	-0.0050	-0.0020	-0.4220
31	-0.0020	0.0030	-0.0010	-0.0060	0.0000	-0.4560
32	-0.0020	0.0030	-0.0020	-0.0080	-0.0040	-0.4550
33	-0.0020	0.0020	-0.0020	-0.0090	-0.0060	-0.4560
34	-0.0010	0.0040	-0.0020	-0.0130	-0.0060	-0.4480
35	-0.0010	0.0020	-0.0020	-0.0090	-0.0100	-0.4930
36	-0.0010	0.0020	-0.0040	-0.0110	-0.0090	-0.4780
37	-0.0010	0.0030	-0.0030	-0.0140	-0.0120	-0.4880
38	-0.0010	0.0030	-0.0010	-0.0110	-0.0150	-0.5120
39	-0.0020	0.0020	0.0000	-0.0080	-0.0200	-0.5570
40	-0.0040	0.0030	-0.0010	-0.0050	-0.0240	-0.5620
41	-0.0040	0.0040	-0.0010	-0.0100	-0.0210	-0.5690
42	-0.0050	0.0020	-0.0010	-0.0080	-0.0210	-0.5980
43	-0.0050	0.0040	0.0000	-0.0090	-0.0240	-0.6230
44	-0.0050	0.0040	0.0000	-0.0090	-0.0240	-0.6230
45	-0.0070	0.0040	-0.0020	-0.0170	-0.0320	-0.6620
46	-0.0070	0.0040	-0.0010	-0.0150	-0.0360	-0.6930
47	-0.0070	0.0040	0.0010	-0.0180	-0.0300	-0.6840
48	-0.0070	0.0040	0.0010	-0.0230	-0.0300	-0.6880
49	-0.0060	0.0060	0.0010	-0.0270	-0.0290	-0.6780
50	-0.0060	0.0050	-0.0010	-0.0270	-0.0330	-0.6670
51	-0.0070	0.0040	-0.0010	-0.0260	-0.0340	-0.6570
52	-0.0050	0.0040	0.0000	-0.0300	-0.0290	-0.6320
53	-0.0050	0.0050	0.0010	-0.0300	-0.0250	-0.6300
54	-0.0050	0.0050	0.0010	-0.0290	-0.0270	-0.6380
55	-0.0060	0.0050	-0.0010	-0.0300	-0.0280	-0.6580
56	-0.0040	0.0060	-0.0010	-0.0270	-0.0280	-0.6870
57	-0.0040	0.0050	0.0010	-0.0320	-0.0260	-0.6820
58	-0.0040	0.0060	-0.0020	-0.0310	-0.0250	-0.6850
59	-0.0050	0.0040	-0.0010	-0.0250	-0.0260	-0.6710
60	-0.0040	0.0050	-0.0010	-0.0260	-0.0250	-0.6910
61	-0.0040	0.0030	-0.0010	-0.0180	-0.0240	-0.6820
62	-0.0040	0.0040	-0.0010	-0.0190	-0.0250	-0.6710
63	-0.0040	0.0040	0.0000	-0.0230	-0.0270	-0.6690
64	-0.0040	0.0040	-0.0010	-0.0260	-0.0240	-0.6510
65	-0.0050	0.0040	-0.0010	-0.0230	-0.0260	-0.6640
66	-0.0050	0.0050	0.0000	-0.0300	-0.0270	-0.6670
67	-0.0070	0.0050	0.0010	-0.0300	-0.0300	-0.6740
68	-0.0060	0.0050	0.0020	-0.0290	-0.0280	-0.6410
69	-0.0050	0.0050	0.0020	-0.0290	-0.0270	-0.6470
70	-0.0050	0.0060	0.0020	-0.0310	-0.0230	-0.6410
71	-0.0060	0.0050	0.0020	-0.0290	-0.0230	-0.6590
72	-0.0040	0.0060	0.0010	-0.0290	-0.0230	-0.6620
73	-0.0040	0.0060	-0.0010	-0.0320	-0.0240	-0.6770
74	-0.0040	0.0080	-0.0010	-0.0320	-0.0220	-0.6680
75	-0.0040	0.0050	-0.0020	-0.0210	-0.0200	-0.6990
76	-0.0040	0.0060	-0.0020	-0.0220	-0.0230	-0.6770
77	-0.0040	0.0050	-0.0010	-0.0230	-0.0220	-0.7000
78	-0.0040	0.0040	-0.0010	-0.0200	-0.0160	-0.7140
79	-0.0050	0.0050	0.0010	-0.0180	-0.0190	-0.7320
80	-0.0040	0.0040	0.0020	-0.0190	-0.0200	-0.7340
81	-0.0050	0.0040	0.0020	-0.0200	-0.0250	-0.7780
82	-0.0060	0.0040	0.0010	-0.0220	-0.0210	-0.7990
83	-0.0060	0.0050	0.0000	-0.0220	-0.0230	-0.8510
84	-0.0070	0.0060	-0.0010	-0.0240	-0.0290	-0.8800
85	-0.0070	0.0060	-0.0010	-0.0220	-0.0310	-0.9030
86	-0.0070	0.0040	-0.0010	-0.0170	-0.0340	-0.9090
87	-0.0070	0.0030	-0.0020	-0.0160	-0.0380	-0.9360
88	-0.0060	0.0030	-0.0020	-0.0180	-0.0350	-0.9280
89	-0.0070	0.0040	-0.0020	-0.0190	-0.0400	-0.9510
90	-0.0060	0.0040	-0.0030	-0.0200	-0.0450	-0.9740
91	-0.0050	0.0040	-0.0020	-0.0170	-0.0470	-0.9830
92	-0.0050	0.0030	-0.0010	-0.0180	-0.0480	-0.9710
93	-0.0070	0.0030	-0.0020	-0.0170	-0.0500	-0.9560
94	-0.0080	0.0030	-0.0010	-0.0190	-0.0540	-0.9720
95	-0.0080	0.0020	-0.0020	-0.0170	-0.0540	-0.9420
96	-0.0080	0.0020	-0.0010	-0.0140	-0.0520	-0.9520
97	-0.0070	0.0020	0.0000	-0.0180	-0.0510	-0.9430
98	-0.0070	0.0010	0.0000	-0.0120	-0.0460	-0.9530
99	-0.0060	0.0030	0.0000	-0.0170	-0.0430	-0.9700
100	-0.0070	0.0040	0.0010	-0.0190	-0.0420	-0.9600
101	-0.0070	0.0040	0.0020	-0.0170	-0.0420	-0.9630
102	-0.0070	0.0030	0.0030	-0.0150	-0.0370	-0.9720
103	-0.0070	0.0020	0.0040	-0.0120	-0.0370	-0.9890
104	-0.0060	0.0010	0.0020	-0.0070	-0.0350	-0.9910
105	-0.0070	0.0010	0.0000	-0.0110	-0.0390	-0.9340
106	-0.0070	0.0010	0.0010	-0.0130	-0.0370	-0.9590
107	-0.0070	0.0010	0.0000	-0.0080	-0.0370	-0.9920
108	-0.0070	0.0000	0.0010	-0.0070	-0.0370	-0.9440
109	-0.0070	0.0000	0.0010	-0.0100	-0.0360	-0.9310
110	-0.0060	-0.0010	0.0010	-0.0060	-0.0370	-0.9570
111	-0.0060	-0.0010	-0.0010	-0.0080	-0.0360	-0.9520
112	-0.0070	0.0010	-0.0020	-0.0090	-0.0400	-0.9500
113	-0.0080	0.0000	-0.0010	-0.0100	-0.0430	-0.9270
114	-0.0080	0.0010	-0.0020	-0.0110	-0.0450	-0.9330
115	-0.0070	0.0020	-0.0020	-0.0170	-0.0430	-0.9300
116	-0.0090	0.0020	-0.0020	-0.0180	-0.0480	-0.9090
117	-0.0090	0.0020	-0.0020	-0.0150	-0.0460	-0.9300
118	-0.0090	0.0020	-0.0020	-0.0150	-0.0460	-0.9300
119	-0.0100	0.0030	-0.0020	-0.0130	-0.0460	-1.0600
120	-0.0090	0.0020	-0.0020	-0.0080	-0.0490	-1.0790
121	-0.0090	0.0030	-0.0020	-0.0090	-0.0440	-1.0700
122	-0.0070	0.0030	-0.0010	-0.0100	-0.0410	-1.0580
123	-0.0060	0.0020	-0.0020	-0.0120	-0.0430	-1.0640
124	-0.0060	0.0030	-0.0010	-0.0190	-0.0460	-1.0630
125	-0.0070	0.0030	-0.0010	-0.0220	-0.0480	-1.0880
126	-0.0070	0.0040	-0.0010	-0.0260	-0.0470	-1.0610
127	-0.0080	0.0040	-0.0010	-0.0270	-0.0530	-1.0740
128	-0.0100	0.0030	-0.0020	-0.0280	-0.0580	-1.0740
129	-0.0110	0.0030	-0.0030	-0.0270	-0.0570	-1.0770
130	-0.0100	0.0040	-0.0020	-0.0320	-0.0580	-1.0810
131	-0.0050	0.0060	-0.0040	-0.0310	-0.0540	-1.0840
132	-0.0060	0.0060	-0.0020	-0.0260	-0.0500	-1.0880
133	-0.0130	0.0150	-0.0010	-0.0310	-0.0410	-1.0610
134	-0.0200	0.0100	-0.0020	-0.0400	-0.0450	-1.0610
135	-0.0070	-0.0200	-0.0020	-0.0200	-0.0450	-1.0610
136	-0.0180	0.0100	-0.0040	-0.0360	-0.0053	-0.9830
137	0.0080	0.0120	-0.0040	-0.0036	-0.0053	-0.9830
138	0.0070	0.0020	-0.0050	-0.0440	-0.0460	-0.9600
139	-0.0380	0.0100	0.0020	-0.0490	-0.0430	-0.9840
140	-0.0060	-0.0060	-0.0020	-0.0460	-0.8800	1.1110
141	0.0030	0.0100	-0.0030	-0.0345	-0.0390	-0.8010
142	0.0130	0.0030	-0.0100	-0.0550	-0.0630	-0.7920
143	0.0220	-0.0090	0.0390	-0.0350	-0.0610	-0.7680
144	0.0690	-0.0250	0.0000	-0.0370	-0.0630	-0.7310
145	0.2450	-0.3250	0.0030	-0.0690	-0.0350	-0.6370
146	0.2090	-0.0760	-0.0140	-0.0680	-0.0170	-0.6300
147	-0.0640	0.0780	0.0860	-0.1110	0.0230	-0.7320
148	-0.1150	0.1300	0.2550	0.0690	0.0890	-0.6650
149	0.0420	0.3730	0.3890	0.0690	0.0890	-0.6650
150	0.4240	0.4940	0.4650	0.0690	0.0890	-0.6650
151	0.5590	0.6900	0.5250	0.1000	0.4960	-0.6180
152	0.5480	0.5900	0.5250	0.1000	0.4960	-0.6180
153	0.6080	0.1910	0.6820	-0.5210	1.5390	-0.7990
154	0.5680	-0.0650	0.9040	-0.6890	1.8960	-0.9580
155	0.5290	-0.3210	0.9040	-0.6890	1.8960	-0.9580
156	0.5240	-0.6610	1.3580	-0.9490	2.5240	-1.0970
157	0.3000	-0.7660	1.5210	-0.9460	2.7580	-1.1730
158	0.0930	-0.9670	1.6490	-0.8510	2.8520	-1.2640
159	-0.1760	-0.0200	1.7270	-0.6790	2.8030	-1.3620
160	-0.4980	-0.9430	1.7050	-0.4520	2.5890	-1.5330
161	-0.6640	-0.8250	1.6340	-0.2130	2.2280	-1.6660
162	-0.7460	-0.7230	1.4810	0.0310	1.7620	-1.7640
163	-0.7980	-0.7230	1.4810	0.0310	1.7620	-1.7640
164	-0.6580	-0.4560	0.9600	0.4240	0.6130	-2.0420
165	-0.4560	-0.3760	0.6310	0.5660	0.0060	-2.1540
166	-0.4130	-0.3330	0.2980	0.6120	-0.4740	-2.2070
167	-0.2020	-0.3400	-0.0190	0.5900	-0.8670	-2.2180
168	-0.0960	-0.3690	-0.3420	0.6060	-1.2200	-2.1970
169	0.0320	-0.3250	-0.5830	0.6400	-1.5340	-2.1700
170	0.1680	-0.1160	-0.8210	0.5450	-1.7080	-2.1200
171	0.2120	0.0680	-0.9920	0.2840	-1.7490	-2.0730
172	0.1820	0.2020	-1.1200	-0.0460	-1.7510	-2.0530
173	0.1670	0.2520	-1.2020	-0.4150	-1.7290	-2.0100
174	0.1560	0.3280	-1.2720	-0.9150	-1.6120	-1.9650
175	0.1150	0.3210	-1.2760	-1.4810	-1.4430	-1.8570
176	-0.0170	0.2410	-1.2530	-2.0450	-1.2980	-1.7890
177	-0.1800	0.2100	-1.2060	-2.5780	-1.2150	-1.6900
178	-0.3010	0.2480	-1.1450	-3.1060	-1.1980	-1.6360
179	-0.2910	0.3550	-1.1030	-3.6970	-1.1560	-1.5680
180	-0.2560	0.4170	-1.0170	-4.3040	-1.1260	-1.4790
181	-0.2420	0.4550	-0.9290	-4.8900	-1.1260	-1.4090
182	-0.2100	0.5560	-0.8410	-5.4610	-1.1420	-1.2720
183	-0.1410	0.6870	-0.7770	-6.0830	-1.1380	-1.1280
184	-0.1240	0.7980	-0.7140	-6.7040	-1.1570	-0.9390
185	-0.1900	0.8860	-0.6290	-7.2630	-1.2330	-0.7340
186	-0.2000	0.9720	-0.5380	-7.7670	-1.3490	-0.4990
187	-0.1950	1.1140	-0.4700	-8.2450	-1.4690	-0.2310
188	-0.2220	1.2430	-0.3750	-8.6770	-1.5990	-0.0040
189	-0.2170	1.3530	-0.2870	-9.0430	-1.7380	0.2170
190	-0.2200	1.4890	-0.2230	-9.3800	-1.8730	0.4320
191	-0.1780	1.5760	-0.1720	-9.6910	-1.9660	0.7180
192	-0.1840	1.6290	-0.1380	-9.9460	-2.0680	0.9920
193	-0.1840	1.6800	-0.1130	-10.1680	-2.1560	1.2920
194	-0.1590	1.7000	-0.0930	-10.3510	-2.2660	1.6180
195	-0.1500	1.7050	-0.1050	-10.5330	-2.3560	1.9760
196	-0.1480	1.6290	-0.1010	-10.6960	-2.4520	2.3820
197	-0.1560	1.4880	-0.0930	-10.7920	-2.5670	2.8440
198	-0.1550	1.3620	-0.1040	-10.8260	-2.7070	3.2760
199	-0.1580	1.2630	-0.1210	-10.8650	-2.8140	3.7070
200	-0.1430	1.1440	-0.1450	-10.9000	-2.8810	4.1720
201	-0.1380	1.0050	-0.1770	-10.8820	-2.9580	4.6570
202	-0.1370	0.8650	-0.2190	-10.8590	-3.0180	5.1230
203	-0.1190	0.7490	-0.2850	-10.8650	-3.0660	5.5620
204	-0.1230	0.6160	-0.3440	-10.9030	-3.1050	5.9850
205	-0.1380	0.4380	-0.3510	-10.9240	-3.1730	6.4030
206	-0.1720	0.2330	-0.3210	-10.8990	-3.2520	6.7620
207	-0.1580	0.0050	-0.2720	-10.8430	-3.3060	7.0950
208	-0.1300	-0.2480	-0.2050	-10.7180	-3.3590	7.4010
209	-0.0920	-0.4410	-0.1690	-10.5040	-3.3930	7.6580
210	-0.0690	-0.5750	-0.1530	-10.2390	-3.4110	7.9310
211	0.0050	-0.7510	-0.1530	-9.9120	-3.3970	8.1480
212	0.0820	-0.9830	-0.1310	-9.4800	-3.3680	8.3440
213	0.1620	-1.1990	-0.1050	-8.9470	-3.3160	8.5710
214	0.2540	-1.4060	-0.0550	-8.3590	-3.1800	8.7560
215	0.2700	-1.6700	0.0020	-7.7570	-2.9640	8.9370
216	0.2060	-2.0050	0.1000	-6.9940	-2.8230	9.0870
217	0.0610	-2.3480	0.1230	-6.0330	-2.8230	9.1520
218	-0.0050	-2.6280	0.1250	-4.8860	-2.9660	9.1810
219	0.1020	-2.7150	0.1000	-3.7050	-3.1210	9.0500
220	0.3130	-2.7000	0.0600	-2.6220	-3.1690	8.8760
221	0.4840	-2.7620	0.0220	-1.5510	-3.1470	8.6370
222	0.6310	-3.0290	-0.0370	-0.3980	-3.0950	8.3440
223	0.7120	-3.3290	-0.1380	0.9000	-3.0570	7.9330
224	0.7490	-3.4150	-0.2830	2.2610	-3.0070	7.5080
225	0.8690	-3.2850	-0.4230	3.5980	-2.9120	7.0560
226	0.9060	-3.0660	-0.5380	4.7960	-2.7050	6.5650
227	0.8880	-2.7720	-0.6270	5.8840	-2.4200	6.0740
228	0.8090	-2.6030	-0.6810	6.8990	-2.1220	5.5330
229	0.6580	-2.4210	-0.7030	7.8400	-1.8350	4.9540
230	0.4620	-2.2320	-0.6880	8.6880	-1.5870	4.3200
231	0.2480	-2.0270	-0.6350	9.4070	-1.3760	3.6170
232	0.0270	-1.8230	-0.5500	10.0450	-1.2900	2.8630
233	-0.2230	-1.5360	-0.4700	10.5520	-1.2890	2.0210
234	-0.3980	-1.2850	-0.3700	10.8940	-1.3830	1.1490
235	-0.4810	-1.2050	-0.3020	11.1890	-1.5930	0.2280
236	-0.4940	-1.1380	-0.2560	11.4780	-1.8900	-0.7490
237	-0.3680	-1.0910	-0.2100	11.7420	-2.1990	-1.6510
238	-0.1440	-1.0410	-0.1860	11.9700	-2.4720	-2.5240
239	-0.0310	-0.9340	-0.1550	12.1370	-2.6890	-3.3520
240	0.0010	-0.7710	-0.1180	12.2480	-2.8810	-4.1560
241	0.0100	-0.6080	-0.0930	12.3210	-3.0740	-4.9450
242	0.0200	-0.4600	-0.0770	12.3440	-3.2430	-5.7230
243	0.0640	-0.3820	-0.0950	12.3480	-3.3980	-6.4910
244	0.1050	-0.3420	-0.1270	12.3400	-3.5240	-7.2400
245	0.1300	-0.2810	-0.1380	12.3350	-3.6420	-7.9130
246	0.1530	-0.1570	-0.1620	12.3090	-3.7080	-8.5740
247	0.1900	-0.0140	-0.1590	12.2080	-3.6910	-9.1660
248	0.2290	0.1200	-0.1670	12.0540	-3.5980	-9.7190
249	0.1770	0.2420	-0.1580	11.8750	-3.4710	-10.2170
250	0.0960	0.3370	-0.1660	11.6620	-3.3380	-10.6570
251	0.0350	0.4250	-0.1490	11.4470	-3.2260	-11.0590
252	-0.0190	0.6240	-0.0970	11.1740	-3.1200	-11.4670
253	-0.0600	0.8670	-0.0410	10.8190	-3.0130	-11.8300
254	-0.0630	1.0550	0.0100	10.4040	-2.9090	-12.1790
255	-0.0750	1.2280	0.0340	9.9600	-2.8370	-12.5190
256	-0.0430	1.3870	0.0680	9.4870	-2.7900	-12.8370
257	0.0650	1.5360	0.1000	8.9950	-2.7520	-13.1130
258	0.1930	1.7150	0.1320	8.4630	-2.7220	-13.3550
259	0.3180	1.9510	0.1310	7.8850	-2.6890	-13.5760
260	0.4330	2.1910	0.1310	7.2390	-2.6610	-13.7170
261	0.5100	2.4530	0.1240	6.4800	-2.6220	-13.7860
262	0.5320	2.6700	0.1100	5.6340	-2.5680	-13.7750
263	0.5320	2.6700	0.1100	5.6340	-2.5680	-13.7750
264	0.3900	3.0530	0.0720	3.8300	-2.5800	-13.4740
265	0.3440	3.2320	0.0180	2.8250	-2.6260	-13.2070
266	0.2920	3.3760	-0.0540	1.7250	-2.6920	-12.8690
267	0.2040	3.5310	-0.1220	0.5440	-2.7720	-12.4350
268	0.1180	3.6010	-0.2120	-0.6840	-2.8470	-11.9470
269	0.0600	3.5540	-0.3190	-1.9960	-2.8670	-11.4240
270	0.0140	3.4470	-0.3910	-3.3010	-2.8840	-10.9070
271	-0.0170	3.3180	-0.4190	-4.4480	-3.0070	-10.3690
272	-0.0370	3.1560	-0.4520	-5.5620	-3.1260	-9.7569
273	0.0210	2.9780	-0.4940	-6.7070	-3.1600	-9.1190
274	0.0420	2.6750	-0.4810	-7.7990	-3.1350	-8.1190
275	-0.0760	2.3220	-0.4450	-8.7080	-3.1740	-7.7870
276	-0.2490	2.0670	-0.4230	-9.4370	-3.2700	-7.7870
277	-0.2470	1.9060	-0.4390	-10.1050	-3.3100	-6.3500
278	-0.1470	1.7400	-0.4520	-10.7510	-3.3000	-6.3500
279	-0.0630	1.6360	-0.4510	-11.3470	-3.2510	-4.6880
280	0.0630	1.5290	-0.4550	-11.9520	-3.0000	-4.6880
281	0.1480	1.3580	-0.4190	-12.5680	-2.1220	-4.2040
282	0.0790	1.1940	-0.3840	-13.1390	-2.9170	-3.4400
283	-0.0300	1.0200	-0.3120	-13.6430	2.7280	-2.6770
284	-0.0840	0.8490	-0.2420	-14.1180	2.7280	-2.6770
285	-0.1180	0.6720	-0.1410	-14.5780	-2.4980	-1.0690
286	-0.2150	0.4920	-0.0480	-14.9960	-2.4120	-0.3080
287	-0.3550	0.3000	0.0300	-15.3996	-2.4120	-0.3080
288	-0.4580	0.1110	0.1280	-15.5770	-2.4590	1.2240
289	-0.4580	-0.0390	0.1700	-1.5770	-2.4590	1.2240
290	-0.4120	-0.0810	0.1630	-15.9230	-2.8420	2.6010
291	-0.3550	-0.1810	0.1700	-15.9230	-3.0550	3.2410
292	-0.3040	-0.2860	0.1730	-16.1840	-3.2580	3.8770
293	-0.3050	-0.3460	0.1350	-16.1840	-3.2580	3.8770
294	-0.2560	-0.4320	0.1040	-16.2600	-3.7740	4.9660
295	-0.2340	-0.5960	0.0040	-16.2600	-3.7740	4.9660
296	-0.1700	-0.7720	0.0820	-16.3050	-4.2440	5.8610
297	-0.0640	-0.8600	0.0840	-16.1660	-4.4850	6.2440
298	0.0020	-0.8900	0.0840	-16.1660	-4.4850	6.2440
299	0.0160	-0.9700	0.0840	-16.1660	-4.4850	6.2440
300	0.0860	-1.0300	0.0340	-15.5880	-4.9040	7.1040
301	0.1740	-1.0510	0.0170	-15.2900	-4.9960	7.3170
302	0.2390	-1.0510	0.0170	-15.2900	-4.9960	7.3170
303	0.2630	-1.0720	0.0060	-14.5580	-5.0810	7.7260
304	0.2690	-1.0720	0.0060	-14.5580	-5.0810	7.7260
305	0.2620	-1.5710	0.0520	-13.6290	-4.9850	7.9420
306	0.3460	-1.5710	0.0520	-13.6290	-4.9850	7.9420
307	0.5350	-1.5200	-0.0300	-12.0460	-5.0090	8.0590
308	0.5350	-1.5200	-0.0300	-12.0460	-5.0090	8.0590
309	0.5600	-1.5020	-0.1040	-10.5520	-4.7050	8.0760
310	0.5600	-1.5020	-0.1040	-10.5520	-4.7050	8.0760
311	0.5800	-1.9480	-0.0270	-8.6910	-4.3560	7.9850
312	0.5800	-1.9480	-0.0270	-8.6910	-4.3560	7.9850
313	0.7100	-2.1150	-0.0110	-6.4630	-4.0200	7.7350
314	0.8040	-2.1800	-0.0210	-5.3810	-3.7100	7.5690
315	0.8000	-2.3520	-0.0560	-4.2430	-3.3710	7.3560
316	0.7230	-2.6010	-0.1330	-3.0630	-3.0160	7.1500
317	0.6070	-2.8680	-0.2020	-1.7940	-2.6950	6.9090
318	0.4840	-3.0520	-0.3160	-0.4700	-2.3670	6.6260
319	0.3850	-3.2120	-0.4090	0.8900	-2.0380	6.2540
320	0.2770	-3.3080	-0.4870	2.3570	-1.7700	5.8460
321	0.2670	-3.2270	-0.5690	3.8280	-1.5180	5.3130
322	0.2150	-2.9650	-0.6540	5.1210	-1.1800	4.7900
323	0.1500	-2.7540	-0.6920	6.3400	-0.8460	4.2640
324	0.0590	-2.5500	-0.6970	7.5040	-0.5470	3.7050
325	-0.0040	-2.3350	-0.6910	8.5770	-0.2610	3.1040
326	-0.0830	-2.0840	-0.6640	9.4990	0.0590	2.5340
327	-0.1360	-1.9240	-0.6540	10.3310	0.3630	1.9450
328	-0.2260	-1.7620	-0.6160	11.0860	0.6290	1.2910
329	-0.2870	-1.5840	-0.5390	11.8060	0.8310	0.5670
330	-0.2270	-1.3920	-0.4690	12.4470	1.0250	-0.1450
331	-0.1470	-1.1870	-0.3850	12.9470	1.2560	-0.8790
332	-0.0930	-1.0720	-0.3170	13.3990	1.4510	-1.5580
333	-0.1000	-0.9600	-0.2450	13.8480	1.5900	-2.2780
334	-0.0550	-0.8670	-0.1720	14.3190	1.6610	-2.9500
335	0.0420	-0.7760	-0.1270	14.7580	1.7090	-3.6550
336	0.0790	-0.6100	-0.0660	15.1210	1.7490	-4.4150
337	0.0770	-0.4590	0.0200	15.3980	1.7510	-5.0910
338	0.0760	-0.3710	0.0990	15.6190	1.7140	-5.8400
339	0.0300	-0.2600	0.1810	15.8060	1.6110	-6.5480
340	-0.0110	-0.1500	0.2610	15.9730	1.4520	-7.3030
341	-0.0160	-0.0160	0.3230	16.0930	1.2640	-8.0380
342	0.0040	0.1590	0.3720	16.0820	1.0550	-8.7190
343	0.0120	0.3180	0.3740	15.9740	0.8580	-9.3480
344	0.0160	0.3610	0.3780	15.8170	0.6340	-9.9820
345	0.0330	0.3630	0.3680	15.6610	0.3910	-10.5710
346	0.0930	0.4090	0.3760	15.4610	0.1790	-11.1650
347	0.1430	0.4880	0.3440	15.2080	0.0050	-11.6440
348	0.1960	0.5740	0.3130	14.9300	-0.1750	-12.1640
349	0.2540	0.6850	0.2870	14.6100	-0.3560	-12.5940
350	0.3580	0.7700	0.2440	14.1820	-0.5000	-13.0090
351	0.3700	0.8590	0.2180	13.6850	-0.6400	-13.3900
352	0.3250	0.9480	0.2100	13.1570	-0.8130	-13.7380
353	0.2850	1.1130	0.1910	12.5720	-1.0450	-14.0720
354	0.2880	1.3000	0.1560	11.8930	-1.2600	-14.3690
355	0.2990	1.4470	0.1240	11.1290	-1.4780	-14.6480
356	0.3250	1.5380	0.1090	10.3220	-1.6710	-14.8850
357	0.3540	1.5910	0.1000	9.4950	-1.8400	-15.0580
358	0.3950	1.5910	0.0640	8.6280	-1.9700	-15.1870
359	0.4100	1.6100	0.0140	7.7480	-2.1020	-15.3420
360	0.3880	1.7070	-0.0790	6.7950	-2.2590	-15.4200
361	0.3840	1.7840	-0.1430	5.8380	-2.4130	-15.4740
362	0.3920	1.8170	-0.1920	4.8620	-2.5500	-15.4780
363	0.3970	1.8030	-0.2140	3.8760	-2.6590	-15.4540
364	0.3870	1.8280	-0.2350	2.9010	-2.7740	-15.3920
365	0.3240	1.9240	-0.2840	1.8760	-2.8890	-15.2880
366	0.2540	2.0370	-0.3040	0.8170	-2.9990	-15.1250
367	0.2350	2.1050	-0.3130	-0.2710	-3.1130	-14.9160
368	0.1980	2.1750	-0.3310	-1.4100	-3.2090	-14.6670
369	0.1250	2.2950	-0.3480	-2.5530	-3.3490	-14.3550
370	0.0110	2.3650	-0.3580	-3.7080	-3.4970	-13.9900
371	-0.0510	2.3130	-0.3210	-4.8390	-3.6540	-13.5640
372	-0.0860	2.2530	-0.2760	-5.9140	-3.8160	-13.1030
373	-0.1010	2.1900	-0.2220	-6.9490	-3.9610	-12.6030
374	-0.0940	2.1440	-0.1820	-7.9440	-4.0980	-12.0810
375	-0.1050	2.1070	-0.1690	-8.8930	-4.2420	-11.5190
376	-0.1520	2.0750	-0.1620	-9.8060	-4.4130	-10.8960
377	-0.1820	2.0220	-0.1550	-10.6580	-4.6120	-10.2530
378	-0.1550	1.9680	-0.1500	-11.4710	-4.8270	-9.6190
379	-0.1080	1.9230	-0.1590	-12.2610	-5.0150	-8.9590
380	-0.0430	1.8250	-0.1760	-13.0200	-5.1810	-8.3240
381	-0.0140	1.7480	-0.2040	-13.7260	-5.3470	-7.6780
382	0.0130	1.6750	-0.2440	-14.4030	-5.5070	-7.0230
383	0.0310	1.6370	-0.2960	-15.0770	-5.6380	-6.3680
384	0.0090	1.5980	-0.3380	-15.7450	-5.7500	-5.7160
385	-0.0280	1.5160	-0.3550	-16.3760	-5.8350	-5.1210
386	-0.0510	1.3780	-0.3410	-16.9200	-5.9370	-4.5350
387	-0.0560	1.2730	-0.3430	-17.4100	-6.0290	-4.0070
388	-0.0390	1.1720	-0.3430	-17.8580	-6.0900	-3.4840
389	-0.0360	1.1160	-0.3350	-18.2730	-6.1150	-2.9830
390	-0.0750	1.0600	-0.3220	-18.6350	-6.1120	-2.4870
391	-0.1400	1.0000	-0.3170	-18.9320	-6.1130	-1.9930
392	-0.2270	0.9160	-0.3330	-19.1830	-6.1320	-1.4760
393	-0.3000	0.7920	-0.3490	-19.3810	-6.1600	-0.9750
394	-0.3300	0.6320	-0.3120	-19.4760	-6.2350	-0.4120
395	-0.3800	0.4870	-0.2790	-19.4960	-6.3210	0.1740
396	-0.3780	0.4060	-0.2780	-19.4640	-6.4230	0.7620
397	-0.3850	0.3700	-0.2900	-19.4500	-6.5170	1.3730
398	-0.3800	0.2950	-0.2850	-19.3990	-6.6280	1.9980
399	-0.4430	0.1880	-0.2560	-19.2890	-6.7670	2.6550
400	-0.4630	0.0890	-0.2430	-19.1620	-6.8730	3.2580
401	-0.4380	-0.0140	-0.2170	-18.9980	-6.9910	3.8670
402	-0.4170	-0.0710	-0.2250	-18.8190	-7.0890	4.4670
403	-0.3780	-0.1200	-0.2320	-18.6100	-7.1960	5.0160
404	-0.4040	-0.2120	-0.2150	-18.4360	-7.2670	5.5410
405	-0.3720	-0.3970	-0.1540	-18.2160	-7.3080	6.0400
406	-0.3460	-0.6430	-0.0630	-17.9180	-7.3370	6.5330
407	-0.2330	-0.8610	-0.0060	-17.4810	-7.3760	6.9720
408	-0.1530	-0.9770	-0.0070	-16.9220	-7.4170	7.3760
409	0.0500	-1.0910	-0.0360	-16.3190	-7.3490	7.7230
410	0.0500	-1.0910	-0.0360	-16.3190	-7.3490	7.7230
411	0.4780	-1.5410	0.0360	-14.7260	-6.9590	8.2330
412	0.6130	-1.6820	0.0120	-13.7140	-6.6430	8.3830
413	0.6860	-1.7590	-0.1060	-12.6930	-6.2190	8.4300
414	0.6380	-1.9260	-0.2080	-11.6720	-5.7180	8.4900
415	0.6250	-2.1760	-0.2270	-10.5300	-5.2450	8.5290
416	0.6760	-2.3450	-0.2840	-9.3990	-4.7200	8.5550
417	0.6700	-2.4290	-0.3610	-8.4120	-4.0920	8.5790
418	0.5760	-2.6020	-0.4250	-7.4890	-3.4950	8.5530
419	0.4420	-2.8060	-0.4510	-6.5460	-3.0010	8.5440
420	0.3190	-2.9360	-0.5020	-5.6100	-2.6340	8.4570
421	0.2430	-2.9330	-0.5650	-4.7550	-2.3080	8.3470
422	0.1780	-2.8350	-0.6070	-4.0280	-2.0150	8.2400
423	0.1180	-2.7650	-0.6420	-3.3870	-1.7740	8.2090
424	0.0150	-2.6510	-0.6280	-2.8070	-1.6290	7.0090
425	-0.1270	-2.4290	-0.5890	-2.3310	-0.6290	7.0090
426	-0.1980	-2.1800	-0.5430	-1.9570	-1.4050	7.5100
427	-0.2800	-1.8650	-0.5010	-1.6890	-1.4050	7.5100
428	-0.2970	-1.5380	-0.4480	-1.5520	-1.2170	6.9110
429	-0.2930	-1.2160	-0.3770	-1.5520	-1.2170	6.9110
430	-0.2960	-0.9890	-0.2780	-1.7520	-1.1640	6.3140
431	-0.3870	-0.8850	-0.1780	-1.7520	-1.1640	6.3140
432	-0.4110	-0.8450	-0.0720	-2.0610	-1.0200	5.8430
433	-0.3980	-0.7660	0.0030	-2.2210	-1.0200	5.8430
434	-0.3890	-0.6870	0.0930	-2.3420	-1.0660	5.3190
435	-0.3630	-0.5350	0.1320	-2.3990	-1.0660	5.3190
436	-0.2580	-0.2970	0.1510	-2.4490	-1.2550	4.7650
437	-0.0890	-0.0490	0.1310	-2.5480	-1.4030	4.4780
438	0.0890	0.0860	0.1160	-2.6000	-1.4940	4.2140
439	0.2410	0.1080	0.0960	-2.6940	-1.5690	3.9220
440	0.4440	0.0720	0.0340	-2.7340	-1.6780	3.6210
441	0.7230	0.0780	-0.0680	2.6720	-1.8310	3.3140
442	1.0140	0.1530	-0.0680	2.6720	-1.8310	3.3140
443	1.3250	0.2350	-0.2530	-2.3840	-2.2020	2.7120
444	1.7190	0.3150	-0.2530	-2.3840	-2.2020	2.7120
445	2.1650	0.4260	-0.3500	-1.8840	-2.6550	2.2120
446	2.5830	0.4260	-0.3500	-1.8840	-2.6550	2.2120
447	2.9450	0.6680	-0.4860	-1.3080	-3.0360	1.8690
448	3.2530	0.7600	-0.4190	-1.0670	-3.1290	1.7830
449	3.3140	0.7920	-0.4190	-1.0670	-3.1290	1.7830
450	3.0690	0.8320	-0.3070	-0.7700	-3.1430	1.5990
451	2.6850	0.8360	-0.3220	-0.7670	-3.1810	1.4800
452	2.3110	0.8480	-0.3240	-0.7870	-3.3720	1.4440
453	1.9540	0.7760	-0.2160	-0.8800	-3.5940	1.3620
454	1.5450	0.5970	-0.0450	-0.9470	-3.8990	1.2940
455	0.9840	0.5970	-0.0450	-0.9470	-3.8990	1.2940
456	0.6640	0.2240	0.0960	-0.9240	-4.4770	1.1650
457	0.6630	0.1820	0.1230	-0.9430	-4.7590	1.1060
458	-0.7300	0.1500	0.1430	-0.9380	-5.0210	0.9180
459	-0.2120	0.0630	0.2060	-0.8650	-5.2300	0.7500
460	-0.5490	-0.0720	0.2180	-0.7950	-5.3040	0.5620
461	-0.9420	-0.2060	0.1800	-0.6770	-5.3580	0.3750
462	-1.4120	-0.2390	0.0470	-0.5010	-5.4570	0.2330
463	-1.6900	-0.2030	-0.0530	-0.2660	-5.5940	0.1030
464	-1.7890	-0.0730	-0.1030	-0.0840	-5.6450	-0.0600
465	-1.8770	0.0570	-0.0900	0.0120	-5.5440	-0.2530
466	-2.0980	0.0630	-0.0570	0.0780	-5.3500	-0.4550
467	-2.3150	-0.0130	-0.0410	0.2390	-5.1310	-0.6150
468	-2.4460	-0.0690	-0.0420	0.3840	-4.8510	-0.7680
469	-2.5290	-0.0950	-0.0680	0.4950	-4.4860	-0.9170
470	-2.7430	-0.0730	-0.0430	0.6620	-4.2030	-1.0710
471	-2.8860	0.0230	-0.0680	0.8410	-3.9740	-1.1950
472	-2.9480	0.2510	-0.0360	0.9000	-3.7850	-1.3340
473	-2.9760	0.4310	0.0010	0.8450	-3.6200	-1.3980
474	-2.9620	0.4020	0.0320	0.7960	-3.5700	-1.4280
475	-2.7720	0.2920	0.0790	0.8410	-3.6270	-1.4360
476	-2.3680	0.2290	0.1700	0.8730	-3.6650	-1.4380
477	-2.0190	0.3220	0.2300	0.7750	-3.5930	-1.4030
478	-1.8650	0.3550	0.2540	0.6400	-3.4960	-1.3470
479	-1.7810	0.3000	0.2590	0.6030	-3.4740	-1.3090
480	-1.5240	0.3080	0.2760	0.5880	-3.4190	-1.2710
481	-1.1160	0.3550	0.3170	0.5160	-3.2350	-1.2170
482	-0.7800	0.3600	0.3460	0.4160	-2.9200	-1.1310
483	-0.6630	0.4120	0.3280	0.3640	-2.6290	-1.0330
484	-0.5610	0.4460	0.3000	0.3010	-2.3530	-0.8080
485	-0.5170	0.4980	0.2600	0.1280	-2.0840	-0.5660
486	-0.5590	0.4660	0.2620	-0.0390	-1.8750	-0.3280
487	-0.6820	0.4130	0.3430	-0.1110	-1.8300	-0.1840
488	-0.7430	0.5360	0.3240	-0.2470	-1.8460	-0.0860
489	-0.6140	0.5970	0.2880	-0.4260	-1.9070	0.0230
490	-0.3580	0.5270	0.2660	-0.6110	-1.9750	0.0680
491	-0.1570	0.4040	0.3020	-0.8070	-2.0250	0.1060
492	-0.0290	0.2060	0.3420	-0.9820	-2.0220	0.2090
493	0.0540	-0.0180	0.3850	-1.0770	-2.0090	0.2930
494	0.0580	-0.1280	0.3740	-1.1200	-1.9850	0.3500
495	-0.0510	-0.0960	0.3400	-1.1710	-1.9510	0.3480
496	-0.2740	-0.0560	0.2580	-1.2370	-1.9180	0.3430
497	-0.2820	-0.1290	0.1800	-1.1620	-1.9660	0.3750
498	0.0670	-0.1270	0.0730	-1.0950	-1.9940	0.4840
499	0.4470	-0.0130	-0.0660	-1.2150	-1.8050	0.5950
500	0.6090	-0.0330	-0.1390	-1.4250	-1.5430	0.6660
501	0.4890	-0.1810	-0.2220	-1.4810	-1.3810	0.6450
502	0.4070	-0.2950	-0.2650	-1.2540	-1.4240	0.6480
503	0.6110	-0.1930	-0.3130	-1.0260	-1.4460	0.5980
504	0.8900	0.0460	-0.3690	-1.1190	-1.1900	0.5360
505	0.8870	0.2110	-0.3420	-1.3460	-0.8450	0.5190
506	0.6770	0.1150	-0.3210	-1.4280	-0.6900	0.4370
507	0.4410	0.0950	-0.3500	-1.3620	-0.7940	0.2970
508	0.8120	-0.0960	-0.4040	-1.3290	-0.9420	0.1640
509	1.6500	-0.5520	-0.4410	-1.4210	-0.9940	-0.2120
510	2.2710	-0.9030	-0.4350	-1.4500	-1.0570	-0.7020
511	2.4260	-0.8800	-0.3980	-1.3930	-1.1870	-1.2760
512	2.3450	-0.5690	-0.4460	-1.2800	-1.4120	-1.7640
513	2.1930	-0.0600	-0.5550	-1.1820	-1.7370	-2.1000
514	2.1670	0.3850	-0.7300	-1.1290	-2.0860	-2.2240
515	2.2540	0.7240	-0.8560	-1.0030	-2.4900	-2.1470
516	2.4650	0.9770	-0.8900	-0.8740	-2.8570	-1.9600
517	2.7280	1.1720	-0.8550	-0.8440	-3.0460	-1.6960
518	2.8600	1.3490	-0.8660	-0.9460	-3.1330	-1.4350
519	2.7000	1.3530	-0.9350	-1.2750	-3.0820	-1.2170
520	2.4290	1.1550	-0.8410	-1.4960	-3.2150	-1.0740
521	2.0990	0.6700	-0.6940	-1.5230	-3.5090	-1.0250
522	1.8100	0.1760	-0.5150	-1.3010	-3.9470	-1.0470
523	1.7000	-0.1120	-0.4510	-1.0970	-4.2650	-1.0780
524	1.5000	-0.4050	-0.3620	-0.8540	-4.5290	-1.1980
525	1.2180	-0.5850	-0.3150	-0.5420	-4.8040	-1.3610
526	0.9430	-0.5930	-0.3000	-0.2190	-5.0010	-1.4940
527	0.7850	-0.5270	-0.3040	0.0620	-5.1600	-1.6720
528	0.5500	-0.4070	-0.3710	0.2630	-5.2180	-1.7820
529	0.1140	-0.3680	-0.4040	0.4800	-5.2840	-1.9120
530	0.0470	-0.4050	-0.3960	0.7720	-5.3230	-2.0570
531	0.0090	-0.4700	-0.2800	1.0700	-5.2160	-2.1330
532	-0.0850	-0.4590	-0.2050	1.2830	-4.9350	-2.2730
533	-0.4900	-0.4140	-0.1940	1.5320	-4.6250	-2.4900
534	-1.0750	-0.2920	-0.1840	1.8780	-4.4760	-2.6510
535	-1.3570	-0.1560	-0.1510	2.1430	-4.3270	-2.7910
536	-1.4840	0.0250	-0.0660	2.2070	-4.1310	-2.9640
537	-1.6230	0.1510	-0.0360	2.2220	-3.9430	-3.1410
538	-1.5880	0.1050	-0.0170	2.3290	-3.8920	-3.3490
539	-1.4210	0.1650	-0.0420	2.3850	-3.8420	-3.5030
540	-1.2950	0.2080	0.0380	2.3470	-3.7510	-3.6720
541	-1.2620	0.0630	0.1550	2.3820	-3.6920	-3.8120
542	-1.2650	-0.0070	0.2790	2.4880	-3.6470	-3.9580
543	-1.2510	0.1040	0.4090	2.4720	-3.4690	-3.9710
544	-1.3720	0.0930	0.5300	2.3310	-3.1850	-4.0050
545	-1.7220	-0.0970	0.6250	2.2880	-2.9510	-3.9850
546	-2.0620	-0.2080	0.6950	2.4010	-2.8390	-3.9600
547	-2.2370	-0.1010	0.7160	2.4480	-2.6960	-3.9730
548	-2.3250	0.0680	0.7370	2.3760	-2.4870	-4.0070
549	-2.3940	0.1240	0.7370	2.3030	-2.2990	-4.0250
550	-2.3740	0.1320	0.6960	2.2770	-2.1360	-4.0620
551	-2.2170	0.2810	0.6480	2.2480	-2.0020	-4.0620
552	-1.9110	0.4610	0.5730	2.0600	-1.7980	-3.9590
553	-1.5290	0.6110	0.4730	1.7650	-1.4590	-3.8250
554	-1.2410	0.5900	0.4100	1.4620	-1.0580	-3.6370
555	-0.8610	0.4680	0.3740	1.2520	-0.5890	-3.5340
556	-0.8610	0.4680	0.3740	1.2520	-0.5890	-3.5340
557	0.5310	0.2190	0.2040	0.9710	0.8600	-3.3220
558	1.0480	0.1490	0.0590	0.6560	2.0350	-3.2710
559	1.3180	0.1360	0.0660	0.5690	3.2230	-3.1780
560	1.7670	0.0920	0.0770	0.7580	4.3720	-3.1040
561	2.2140	0.2610	-0.1080	0.5960	5.8290	-3.2290
562	2.2030	0.3220	-0.2370	0.1600	7.4190	-3.2830
563	2.1230	-0.0320	-0.2430	0.0520	8.7910	-3.3890
564	1.9840	-0.4270	-0.1830	0.5080	9.7100	-3.4300
565	2.2490	-0.4080	-0.3190	0.9400	10.6860	-3.3520
566	2.4560	-0.1670	-0.5090	1.0600	11.8250	-3.3520
567	2.5060	0.1640	-0.6350	1.1100	12.9220	-3.1690
568	2.4790	0.3980	-0.6940	1.1890	13.9370	-3.1690
569	2.7020	0.5010	-0.8090	1.4190	14.8010	-2.9330
570	3.0210	0.6790	-1.0730	1.3440	15.8940	-2.9330
571	3.0550	0.7870	-1.2250	0.9240	17.2970	-2.9330
572	2.8520	0.7150	-1.1420	0.6740	18.3970	-2.4050
573	2.2840	0.5140	-0.8740	0.7070	19.1940	-2.1510
574	2.0040	0.5420	-0.7170	0.6880	19.1790	-1.8740
575	1.6890	0.5720	-0.5340	0.4050	20.9090	-1.5630
576	1.2200	0.5130	-0.1540	0.1260	20.6610	-1.2500
577	0.7710	0.3470	0.2910	0.1310	221.3020	-0.9490
578	0.6170	0.3010	0.5170	0.1550	21.6030	-0.5930
579	0.6320	0.3410	0.6450	0.0560	21.6030	-0.5930
580	0.4890	0.3310	0.8020	-0.1320	22.1300	0.2890
581	0.1500	0.2750	1.0110	-0.2320	22.1300	0.2890
582	-0.0420	0.2500	1.1080	-0.2390	2.0300	1.2070
583	-0.0010	0.3150	1.0780	-0.2390	2.0300	1.2070
584	-0.1000	0.3790	1.0340	-0.7320	21.4230	2.0840
585	-0.3570	0.2280	1.1420	-0.7320	21.4230	2.0840
586	-0.5940	0.0240	1.1690	-0.7320	21.4230	2.0840
587	-0.6800	0.0680	1.1190	-1.0330	20.1210	3.4740
588	-0.8680	0.1120	1.0120	-1.2120	19.4790	3.9080
589	-1.1070	-0.0970	1022.0000	-1.4790	18.8280	4.3580
590	-1.5830	-0.2630	1.0240	-1.6750	18.0240	4.7690
591	-1.9920	-0.3840	1.0240	-1.6750	18.0240	4.7690
592	-2.3430	-0.6140	1.0850	-1.9840	16.0770	5.4990
593	-2.6750	-0.8120	0.9890	-2.0580	14.9130	5.8570
594	-2.9940	-1.0730	0.8490	-2.0340	13.6010	6.1430
595	-3.1470	-1.0690	0.6430	-1.8460	12.0850	6.3570
596	-3.1660	-0.0690	0.6430	-1.8460	12.0850	6.3570
597	-3.2450	-0.9930	0.0540	-1.5300	9.0150	6.6810
598	-3.2740	-0.9930	0.0540	-1.5300	9.0150	6.6810
599	-3.2460	-1.1970	-0.4110	-1.1350	6.0040	6.6050
600	-3.1360	-1.1970	-0.4110	-1.1350	6.0040	6.6050
601	-3.0870	-0.0440	-0.7970	-0.4400	3.0880	6.2670
602	-3.0870	-0.0440	-0.7970	-0.4400	3.0880	6.2670
603	-3.0350	-0.7380	-1.0530	0.0400	0.5100	5.7170
604	-2.9570	-0.6380	-1.0310	0.3120	-0.7080	5.3080
605	-2.7070	-0.6110	-1.0060	0.6610	-1.8730	4.9420
606	-2.3680	-0.5520	-0.9490	0.9570	-2.9470	4.4690
607	-2.1200	-0.4570	-0.8700	1.2250	-3.9210	4.0580
608	-1.8670	-0.3580	-0.7130	1.5280	-4.8760	3.6030
609	-1.6540	-0.2140	-0.5830	1.8640	-5.8310	3.1350
610	-1.5050	0.0990	-0.4790	2.1260	-6.7650	2.7160
611	-1.3740	0.4080	-0.3930	2.2010	-7.5770	2.3410
612	-1.2260	0.5600	-0.2160	2.0880	-8.2790	2.0870
613	-1.1150	0.5980	-0.0330	1.7510	-8.7820	1.9200
614	-1.1900	0.5150	0.1140	1.5640	-9.4170	1.8880
615	-1.2910	0.4310	0.2240	1.4730	-10.1410	1.9190
616	-1.2550	0.4620	0.2880	1.2500	-10.7690	2.0160
617	-1.1540	0.3830	0.3180	0.8980	-11.2770	2.0580
618	-1.1990	0.1670	0.2850	0.7130	-11.8980	2.0160
619	-1.1930	0.0530	0.1980	0.7170	-12.6340	1.9860
620	-0.9050	0.0630	0.2000	0.7440	-13.3190	1.9710
621	-0.4000	0.1180	0.2490	0.7470	-13.8350	1.9680
622	0.0030	0.2770	0.2530	0.5710	-14.0950	1.8990
623	0.1560	0.4070	0.1620	0.2300	-14.1730	1.8890
624	0.3870	0.3700	0.1590	0.0910	-14.2870	1.7730
625	0.6110	0.2720	0.1690	0.0730	-14.3060	1.6020
626	0.8940	0.2360	0.1750	0.0700	-14.1790	1.4630
627	1.0780	0.1740	0.1040	0.0150	-13.9090	1.4330
628	1.1990	0.0450	0.1320	0.0460	-13.6160	1.3880
629	1.3450	-0.0270	0.1710	0.1760	-13.2730	1.3890
630	1.6680	-0.0560	0.2580	0.3540	-12.8050	1.3560
631	1.9030	0.0280	0.2470	0.4320	-12.1150	1.3170
632	2.1540	0.0270	0.2080	0.5060	-11.2830	1.2580
633	2.3520	0.0890	0.1320	0.5880	-10.3140	1.2060
634	2.6470	0.0830	-0.0940	0.6330	-9.1950	1.2870
635	2.7690	0.0220	-0.3780	0.6480	-7.9730	1.3710
636	2.7170	0.0210	-0.6330	0.7420	-6.7990	1.4490
637	2.7500	0.1470	-0.7790	0.9690	-5.7340	1.5040
638	2.9660	0.3490	-0.8180	1.1820	-4.6480	1.3270
639	3.2580	0.4920	-0.8700	1.1340	-3.4060	1.0710
640	3.4570	0.5610	-0.8690	0.8890	-2.0840	0.7400
641	3.2130	0.6850	-0.9150	0.3990	-0.7080	0.3740
642	2.8300	0.5420	-0.8340	0.2050	0.3730	0.1660
643	2.5540	0.3290	-0.6940	0.1020	1.2840	-0.0620
644	2.2990	0.3850	-0.6490	-0.1250	2.2830	-0.0890
645	2.0880	0.1490	-0.5580	-0.4680	3.3490	-0.0530
646	1.6830	-0.4540	-0.4330	-0.4840	4.1430	-0.0740
647	1.4420	-0.7100	-0.3440	-0.0420	4.5300	-0.0770
648	1.5450	-0.5170	-0.3550	0.6290	4.6550	-0.0700
649	1.9280	-0.1840	-0.5530	0.7690	5.2120	-0.0250
650	2.1720	0.0770	-0.7230	0.3520	6.1980	-0.0650
651	2.0850	-0.0080	-0.6320	0.2930	6.8380	-0.0920
652	1.5540	-0.2890	-0.5390	0.4390	7.2340	-0.2010
653	1.1690	-0.2930	-0.5360	0.7270	7.3690	-0.2830
654	0.9870	0.0040	-0.6560	0.8530	7.4930	-0.3610
655	0.8730	0.2050	-0.7400	0.7620	7.6060	-0.3610
656	0.9390	0.0350	-0.7870	0.7710	7.5810	-0.3540
657	1.0730	0.1090	-0.8500	0.8930	7.5000	-0.3660
658	1.3260	0.3990	-0.9010	0.8400	7.6230	-0.3690
659	1.4970	0.5180	-0.9530	0.4160	8.1790	-0.3140
660	1.5480	0.4260	-0.8520	0.1020	8.7930	-0.3250
661	1.1520	0.2440	-0.6340	-0.0720	9.3190	-0.1820
662	0.8720	0.3360	-0.5080	-0.2330	9.8390	-0.0770
663	0.6930	0.5430	-0.3950	-0.6050	10.4900	0.0240
664	0.4530	0.5700	-0.2230	-1.0710	11.1710	0.1680
665	0.0420	0.3830	0.0710	-1.4590	11.8100	0.2880
666	-0.1290	0.0690	0.3300	-1.5920	12.2630	0.4630
667	-0.2010	-0.1230	0.5600	-1.5460	12.5710	0.6390
668	-0.1780	-0.0290	0.6780	-1.6020	12.9370	0.8420
669	-0.2840	-0.0220	0.8520	-1.7840	13.3140	1.0690
670	-0.6400	-0.1640	1.1650	-1.8360	13.4240	1.3350
671	-0.9930	-0.2960	1.4140	-1.7600	13.3450	1.6600
672	-1.2200	-0.4410	1.5560	-1.6840	13.1490	2.0310
673	-1.5880	-0.7050	1.6430	-1.5430	12.8010	2.4130
674	-2.2100	-0.9620	1.7460	-1.1980	12.0600	2.7470
675	-2.8370	-1.0470	1.7550	-0.7410	11.0590	2.9830
676	-3.1290	-1.0200	1.5940	-0.3500	9.9830	3.1920
677	-3.3600	-1.0640	1.4040	-0.0640	8.8610	3.2700
678	-3.7680	-1.2880	1.1750	0.3710	7.5470	3.2620
679	-4.2030	-1.4710	0.8310	0.9980	6.0080	3.1640
680	-4.4380	-1.3240	0.4570	1.6180	4.4200	2.9260
681	-4.4360	-1.0390	0.1220	2.1120	2.9200	2.5800
682	-4.2730	-0.7810	-0.1680	2.5300	1.5140	2.2130
683	-4.1140	-0.5200	-0.4440	2.9150	0.1620	1.8190
684	-3.9720	-0.3170	-0.6880	3.2730	-1.1520	1.4060
685	-3.7530	-0.0440	-0.8630	3.5670	-2.3910	0.9830
686	-3.3740	0.1420	-0.9790	3.7690	-3.4800	0.6460
687	-2.8770	0.3580	-0.9870	3.8580	-4.4670	0.3340
688	-2.5030	0.4970	-0.9650	3.6930	-5.2110	0.0940
689	-2.3190	0.5230	-0.8850	3.4560	-5.8820	-0.1130
690	-2.3630	0.3390	-0.8290	3.2520	-6.5740	-0.2970
691	-2.4140	0.1480	-0.7500	3.2260	-7.4090	-0.4600
692	-2.2970	0.1870	-0.6700	3.1850	-8.2440	-0.6330
693	-2.0670	0.2510	-0.5410	3.0360	-8.9900	-0.8030
694	-1.9010	0.1810	-0.3740	2.8990	-9.7350	-1.0200
695	-1.8180	0.0370	-0.2110	2.8540	-10.5360	-1.1660
696	-1.7310	-0.0580	-0.1100	2.8480	-11.3500	-1.2950
697	-1.5690	-0.0660	-0.0030	2.9290	-12.1650	-1.4350
698	-1.3830	0.0050	0.1340	3.0830	-12.9530	-1.6410
699	-1.1720	0.1220	0.1890	3.1440	-13.6600	-1.8360
700	-0.9990	0.3280	0.0930	3.0280	-14.2720	-1.9150
701	-0.7490	0.3630	0.0490	2.8730	-14.8690	-1.9640
702	-0.2600	0.3500	0.0690	2.7720	-15.4130	-2.1050
703	-0.0420	0.3530	0.0510	2.7130	-15.8550	-2.2010
704	0.3380	0.3560	-0.0400	2.5310	-16.0680	-2.2760
705	0.7860	0.3040	-0.0930	2.3470	-16.1610	-2.2730
706	1.3570	0.2440	-0.1350	2.1700	-16.0610	-2.2730
707	1.8460	0.2840	-0.2260	1.8610	-15.6570	-2.3220
708	2.2200	0.2370	-0.4280	1.4840	-14.9810	-2.3210
709	2.5110	0.0790	-0.5920	1.1570	-14.1330	-2.3510
710	2.7370	-0.0530	-0.7430	0.8840	-13.1060	-2.4060
711	3.0590	-0.2140	-0.9190	0.6700	-11.9050	-2.4930
712	3.1620	-0.3020	-1.1210	0.4700	-10.5560	-2.5540
713	3.0550	-0.2190	-1.2140	0.2960	-9.1450	-2.5810
714	2.9010	-0.0870	-1.1730	0.1930	-7.7280	-2.5980
715	2.7650	0.1110	-1.0480	0.0300	-6.3100	-2.7010
716	2.4660	0.4230	-1.0210	-0.2980	-4.9340	-2.8330
717	1.9510	0.7330	-0.9030	-0.8940	-3.6260	-2.8370
718	1.6270	0.6470	-0.7360	-1.2940	-2.5770	-2.8350
719	1.4730	0.2380	-0.5120	-1.3630	-1.9170	-2.8680
720	1.5820	0.0570	-0.3950	-1.3900	-1.3980	-2.9900
721	1.6260	0.0160	-0.3660	-1.5440	-0.9180	-3.0330
722	1.5070	-0.1110	-0.3100	-1.6220	-0.6440	-3.0630
723	1.2860	-0.2370	-0.0690	-1.4960	-0.6500	-2.9930
724	1.2580	-0.2130	-0.1420	-1.3290	-0.7960	-2.9140
725	1.2850	-0.0940	-0.0340	-1.2110	-0.9750	-2.7980
726	1.2340	0.0720	0.0520	-1.1170	-1.2190	-2.6640
727	1.2260	0.1770	0.0540	-1.0610	-1.4690	-2.4720
728	1.2890	0.2120	0.0870	-1.0350	-1.7490	-2.2940
729	1.2050	0.3260	0.0530	-1.1320	-1.9510	-2.0910
730	1.1070	0.2480	0.0480	-1.2080	-2.1780	-1.9180
731	0.9070	0.1620	0.0340	-1.2160	-2.4510	-1.8250
732	0.7690	0.0790	0.0170	-1.1870	-2.6990	-1.6870
733	0.6940	-0.0480	-0.0200	-1.1630	-2.8810	-1.6030
734	0.5350	-0.1800	-0.0840	-1.0800	-3.0520	-1.5360
735	0.3350	-0.2350	-0.1570	-0.8450	-3.2790	-1.4740
736	0.3020	-0.1460	-0.2360	-0.5710	-3.4550	-1.4640
737	0.2860	0.0720	-0.3330	-0.4790	-3.5040	-1.4540
738	0.1680	0.1610	-0.4220	-0.4490	-3.4860	-1.4690
739	0.0060	0.0220	-0.4580	-0.2760	-3.5380	-1.5080
740	-0.0980	-0.0480	-0.5270	-0.0050	-3.6050	-1.5040
741	-0.0840	-0.0030	-0.5410	0.1600	-3.5600	-1.4690
742	-0.1150	0.0510	-0.5500	0.2390	-3.4140	-1.4870
743	-0.2480	-0.0010	-0.5400	0.3760	-3.3040	-1.5130
744	-0.4280	-0.0040	-0.5220	0.5640	-3.2310	-1.5260
745	-0.5530	0.0130	-0.5190	0.7170	-3.1300	-1.5490
746	-0.5530	0.0130	-0.5190	0.7170	-3.1300	-1.5490
747	-1.0470	-0.1460	-0.4760	1.1150	-3.0310	-1.6980
748	-1.2770	-0.2690	-0.4440	1.4670	-3.1370	-1.7680
749	-1.2770	-0.2690	-0.4440	1.4670	-3.1370	-1.7680
750	-1.4870	-0.2170	-0.4170	2.2850	-3.5570	-2.0400
751	-1.4870	-0.2170	-0.4170	2.2850	-3.5570	-2.0400
752	-1.5290	0.1490	-0.4560	2.8500	-4.1210	-2.2890
753	-1.5290	0.1490	-0.4560	2.8500	-4.1210	-2.2890
754	-1.2830	0.4040	-0.4170	3.2080	-4.7530	-2.4750
755	-1.0170	0.4880	-0.4130	3.2050	-4.9340	-2.5250
756	-0.7630	0.4490	-0.3830	3.1160	-5.0050	-2.5220
757	-0.5600	0.3140	-0.3740	3.0580	-5.0480	-2.5520
758	-0.4340	0.2110	-0.3800	3.0320	-5.0870	-2.5510
759	-0.3110	0.1650	-0.3490	2.9670	-5.0690	-2.5510
760	-0.2730	0.1420	-0.3160	2.8660	-5.0010	-2.4400
761	-0.2410	0.0660	-0.2500	2.7930	-4.9280	-2.4400
762	-0.2000	0.0220	-0.1940	2.7220	-4.8460	-2.3170
763	-0.1410	-0.0570	-0.1300	2.6430	-4.7210	-2.3170
764	-0.1090	-0.1620	-0.0400	2.6230	-4.6110	-2.1990
765	-0.1320	-0.1760	0.0240	2.6310	-4.5240	-2.0155
766	-0.0930	-0.1720	0.1160	2.6220	-4.4240	-2.0155
767	-0.0510	-0.1370	0.1820	2.5750	-4.3160	-1.0050
768	-0.0560	-0.1350	0.2420	2.5100	-4.3160	-1.0050
769	-0.0690	-0.1840	0.2970	2.4910	-4.1550	-1.8050
770	-0.0350	-0.1710	0.3420	2.4590	-4.1550	-1.8050
771	0.0210	-0.1130	0.3620	2.3520	-3.9997	-1.6130
772	-0.0100	-0.0880	0.3700	2.2300	-3.9997	-1.6130
773	-0.0580	-0.0790	0.3820	2.1360	-3.9240	-1.3270
774	0.0160	-0.0440	0.3790	2.0136	-3.9240	-1.3270
775	0.0980	-0.0300	0.3690	1.7900	-3.8960	-1.0280
776	0.1040	-0.0860	0.3520	1.7900	-3.8960	-1.0280
777	0.1210	-0.1250	0.3490	1.4550	-3.8110	-0.7180
778	0.2920	-0.1390	0.3290	1.4550	-3.8110	-0.7180
779	0.3870	-0.1530	0.2890	1.2590	-3.7300	-0.3900
780	0.3270	-0.2190	0.2260	0.8970	-3.5590	-0.2960
781	0.3110	-0.3310	0.2260	0.8970	-3.5590	-0.2960
782	0.3140	-0.3320	0.1300	0.7240	-3.2840	-0.1130
783	0.2640	-0.3210	0.1300	0.7240	-3.2840	-0.1130
784	0.1650	-0.3120	0.1060	0.5320	-2.9040	0.0250
785	0.0280	-0.2320	0.1060	0.5320	-2.9040	0.0250
786	-0.0920	-0.1440	0.1100	0.4570	-2.6440	0.1030
787	-0.1110	-0.1440	0.1100	0.4570	-2.6440	0.1030
788	-0.0700	-0.0170	0.1610	0.3620	-2.5480	0.1350
789	-0.0070	-0.0170	0.1610	0.3620	-2.5480	0.1350
790	0.0210	-0.1032	0.1920	0.1670	-2.4470	0.1100
791	0.0800	-0.1032	0.1920	0.1670	-2.4470	0.1100
792	0.1070	-0.1500	0.1870	0.0880	-2.3590	-0.0050
793	0.0070	-0.1500	0.1870	0.0880	-2.3590	-0.0050
794	0.0690	-0.0940	0.1180	0.0460	-2.2190	-0.0720
795	0.0690	-0.0940	0.1180	0.0460	-2.2190	-0.0720
796	0.0530	-0.0150	0.0430	-0.0080	-2.1130	-0.0640
797	0.0170	0.0300	0.0070	-0.0470	-2.0730	-0.0760
798	0.0170	-0.0030	-0.0230	-0.0750	-2.0270	-0.1230
799	0.0310	-0.0230	-0.0420	-0.0860	-1.9710	-0.1720
800	0.0420	-0.0170	0.0350	-0.1120	-1.8710	-0.1860
801	0.4660	-0.5510	0.1350	0.1200	-1.8070	-0.0790
802	-0.0470	0.4500	0.1610	0.2150	-1.8010	-0.3100
803	-0.0920	0.0196	0.1200	0.3280	-1.7630	-0.2590
804	0.0092	0.0196	0.1200	0.3280	-1.7630	-0.2590
805	-0.0250	0.1900	0.1420	0.2340	-1.5870	-0.1260
806	-0.0250	0.1900	0.1420	0.2340	-1.5870	-0.1260
807	-0.8970	-0.1750	0.3500	0.2270	-1.3770	-0.0070
808	-0.8970	-0.1750	0.3500	0.2270	-1.3770	-0.0070
809	-0.3840	-0.0550	0.3830	0.6020	-1.8130	0.1650
810	-0.3840	-0.0550	0.3830	0.6020	-1.8130	0.1650
811	-0.0500	-0.0690	-0.0030	0.5300	-1.6200	0.0410
812	-0.1930	-0.0140	-0.0070	0.3940	-1.4860	0.0610
813	-0.3310	-0.1780	0.0470	0.4570	-1.5040	0.0400
814	-0.3870	-0.1860	0.0420	0.5800	-1.6000	0.0170
815	-0.2270	-0.0730	-0.0150	0.5540	-1.5650	0.0990
816	-0.1500	-0.0780	-0.0260	0.4610	-1.4780	0.1310
817	-0.2490	-0.1310	-0.0090	0.4780	-1.4740	0.1610
818	-0.2930	-0.1550	0.0050	0.5710	-1.4910	0.2160
819	-0.2560	-0.1010	0.0520	0.5550	-1.4580	0.2140
820	-0.2700	-0.0340	0.0620	0.5910	-1.3730	0.1580
821	-0.2820	-0.0480	0.0150	0.6050	-1.3270	-0.0760
822	-0.4050	0.1300	0.0110	0.6400	-1.2940	-0.1620
823	-0.3040	-0.0090	0.0110	0.5000	-1.2740	0.0390
824	-0.0910	-0.3310	0.0140	0.5070	-1.3410	0.0750
825	-0.1710	-0.2280	0.0080	0.5560	-1.3860	0.2680
826	-0.0610	-0.2700	-0.0070	0.6180	-1.4240	0.4140
827	-0.0650	-0.1510	-0.0150	0.5710	-1.3990	0.2730
828	-0.3420	0.0650	0.0130	0.5260	-1.3500	0.2350
829	-0.3750	0.0200	0.0150	0.5020	-1.3450	0.1820
830	-0.3060	-0.0730	0.0040	0.5070	-1.3530	0.2300
831	-0.2120	-0.1080	-0.0100	0.5080	-1.3340	0.3050
832	-0.1850	-0.0980	-0.0090	0.4940	-1.3010	0.3670
833	-0.2300	-0.0490	-0.0030	0.4650	-1.2740	0.3670
834	-0.2730	-0.0740	0.0150	0.4970	-1.3080	0.3480
835	-0.1460	-0.1180	-0.0140	0.5060	-1.2890	0.2890
836	-0.1860	-0.0390	-0.0100	0.4530	-1.2420	0.2690
837	-0.2730	-0.0620	0.0060	0.4500	-1.2360	0.3520
838	-0.2580	-0.1370	-0.0010	0.4930	-1.2710	0.3600
839	-0.1580	-0.0800	-0.0100	0.4890	-1.2520	0.3700
840	-0.1780	-0.0070	-0.0090	0.4220	-1.2000	0.3800
841	-0.2230	-0.0900	0.0010	0.4300	-1.1940	0.3200
842	-0.2190	-0.1250	-0.0030	0.4680	-1.2170	0.3090
843	-0.1970	-0.0480	-0.0080	0.4410	-1.1930	0.3520
844	-0.1930	-0.0530	-0.0040	0.4110	-1.1680	0.3630
845	-0.2160	-0.0970	0.0020	0.4260	-1.1830	0.3060
846	-0.1760	-0.0780	-0.0030	0.4400	-1.1800	0.2340
847	-0.1810	-0.0380	-0.0090	0.4130	-1.1590	0.2200
848	-0.2090	-0.0730	-0.0030	0.4060	-1.1520	0.1960
849	-0.2130	-0.1020	-0.0030	0.4300	-1.1670	0.2310
850	-0.1960	-0.0580	-0.0060	0.4200	-1.1610	0.2180
851	-0.1800	-0.0500	-0.0050	0.4020	-1.1440	0.2330
852	-0.1880	-0.0820	0.0000	0.4150	-1.1490	0.2380
853	-0.1870	-0.0680	-0.0010	0.4180	-1.1430	0.2280
854	-0.1980	-0.0620	-0.0030	0.4190	-1.1410	0.2630
855	-0.1980	-0.0840	-0.0020	0.4220	-1.1460	0.2540
856	-0.1920	-0.0730	-0.0050	0.4210	-1.1460	0.2490
857	-0.1820	-0.0570	-0.0050	0.4120	-1.1370	0.2420
858	-0.1890	-0.0700	-0.0030	0.4080	-1.1350	0.2150
859	-0.1940	-0.0780	-0.0070	0.4120	-1.1400	0.2100
860	-0.1880	-0.0630	-0.0080	0.4080	-1.1300	0.2090
861	-0.1980	-0.0640	-0.0050	0.4030	-1.1260	0.2120
862	-0.1930	-0.0820	-0.0050	0.4190	-1.1280	0.1840
863	-0.1830	-0.0670	-0.0040	0.4270	-1.1290	0.1720
864	-0.1770	-0.0520	-0.0070	0.4100	-1.1160	0.1720
865	-0.1880	-0.0800	-0.0030	0.4170	-1.1180	0.1660
866	-0.1980	-0.0860	-0.0010	0.4390	-1.1270	0.1770
867	-0.1840	-0.0610	-0.0040	0.4290	-1.1160	0.1660
868	-0.1790	-0.0650	-0.0010	0.4200	-1.1070	0.1210
869	-0.1860	-0.0830	0.0010	0.4260	-1.1110	0.1150
870	-0.1900	-0.0700	0.0000	0.4270	-1.1140	0.1320
871	-0.1820	-0.0600	-0.0010	0.4190	-1.1010	0.1550
872	-0.1890	-0.0750	0.0000	0.4160	-1.0970	0.1370
873	-0.1920	-0.0810	0.0000	0.4250	-1.0970	0.1390
874	-0.1840	-0.0620	-0.0020	0.4180	-1.0930	0.1270
875	-0.1750	-0.0640	-0.0020	0.4120	-1.0840	0.1440
876	-0.1790	-0.0770	0.0000	0.4150	-1.0820	0.1440
877	-0.1880	-0.0710	0.0010	0.4180	-1.0830	0.1690
878	-0.1830	-0.0650	-0.0010	0.4130	-1.0740	0.2440
879	-0.1760	-0.0720	-0.0020	0.4130	-1.0710	0.2600
880	-0.1770	-0.0730	-0.0010	0.4160	-1.0700	0.2510
881	-0.1810	-0.0660	-0.0010	0.4160	-1.0700	0.2620
882	-0.1750	-0.0670	-0.0020	0.4080	-1.0670	0.2640
883	-0.1740	-0.0710	-0.0020	0.4070	-1.0620	0.2640
884	-0.1810	-0.0680	-0.0020	0.4100	-1.0610	0.3100
885	-0.1780	-0.0670	0.0000	0.4080	-1.0570	0.3210
886	-0.1730	-0.0700	-0.0010	0.4090	-1.0610	0.3040
887	-0.1730	-0.0650	-0.0020	0.4040	-1.0560	0.3160
888	-0.1800	-0.0640	-0.0010	0.3950	-1.0550	0.3360
889	-0.1800	-0.0690	0.0000	0.4000	-1.0550	0.3600
890	-0.1740	-0.0690	-0.0020	0.4020	-1.0560	0.3860
891	-0.1760	-0.0630	-0.0020	0.3980	-1.0550	0.3970
892	-0.1780	-0.0660	-0.0020	0.3960	-1.0530	0.3750
893	-0.1730	-0.0680	-0.0040	0.3990	-1.0480	0.3700
894	-0.1710	-0.0630	-0.0040	0.3970	-1.0400	0.3320
895	-0.1750	-0.0630	-0.0020	0.3920	-1.0370	0.3300
896	-0.1750	-0.0680	-0.0030	0.3910	-1.0320	0.3330
897	-0.1690	-0.0640	-0.0040	0.3920	-1.0240	0.3300
898	-0.1680	-0.0620	-0.0050	0.3910	-1.0200	0.3190
899	-0.1740	-0.0650	-0.0020	0.3850	-1.0200	0.3130
900	-0.1730	-0.0670	-0.0010	0.3850	-1.0160	0.3020
