count	posx	posy	posz	xout	yout	zout	heading	hd_out
1	1.2620	1.5430	0.0000	0.0483	0.1731	0.0000	0.1420	0.0000
2	1.2615	1.5431	0.1321	0.0466	0.1744	3.6924	-1.2950	0.2955
3	1.2603	1.5432	0.1278	0.0419	0.1760	4.1003	-1.4450	0.3115
4	1.2583	1.5434	0.1321	0.0343	0.1778	2.6550	-1.4870	0.3182
5	1.2556	1.5435	0.1308	0.0235	0.1796	4.0154	-1.4700	0.3459
6	1.2521	1.5438	0.1302	0.0097	0.1818	3.0280	-1.5580	0.3872
7	1.2480	1.5441	0.1315	-0.0070	0.1840	3.8552	-1.5370	0.3798
8	1.2431	1.5445	0.1308	-0.0266	0.1868	3.8855	-1.4430	0.3955
9	1.2387	1.5449	0.1296	-0.0446	0.1895	3.0921	-1.4600	0.4030
10	1.2325	1.5455	0.1302	-0.0696	0.1932	3.0952	-1.4000	0.3884
11	1.2572	1.5221	0.1284	0.0294	0.0997	4.1066	-1.5070	0.4585
12	1.2557	1.5221	0.1308	0.0232	0.1003	4.0141	-1.7050	0.5026
13	1.2533	1.5222	0.1278	0.0140	0.1013	4.3362	-1.7640	0.5360
14	1.2503	1.5223	0.1315	0.0020	0.1023	4.2214	-1.7990	0.5628
15	1.2467	1.5223	0.1183	-0.0124	0.1030	5.3872	-1.8600	0.5477
16	1.2433	1.5224	0.1327	-0.0264	0.1038	3.9832	-1.8040	0.6017
17	1.2384	1.5226	0.1302	-0.0462	0.1051	4.0517	-1.6790	0.5706
18	1.2328	1.5230	0.1327	-0.0691	0.1076	4.2030	-1.4970	0.5448
19	1.2264	1.5237	0.1284	-0.0951	0.1107	4.1847	-1.3330	0.5280
20	1.2206	1.5244	0.1315	-0.1191	0.1142	4.3208	-1.2340	0.5164
21	1.2564	1.5091	0.1224	0.0244	0.0533	5.1155	-1.5280	0.6346
22	1.2551	1.5093	0.1296	0.0193	0.0544	4.3308	-1.7660	0.6915
23	1.2530	1.5097	0.1315	0.0109	0.0560	4.0674	-1.5670	0.6395
24	1.2502	1.5101	0.1302	-0.0003	0.0581	4.2928	-1.6020	0.6733
25	1.2468	1.5107	0.1315	-0.0142	0.0606	4.1026	-1.7610	0.7192
26	1.2426	1.5113	0.1302	-0.0310	0.0633	4.6347	-1.9890	0.8144
27	1.2379	1.5119	0.1321	-0.0503	0.0659	4.1247	-2.0100	0.8046
28	1.2325	1.5124	0.1315	-0.0724	0.0685	4.2159	-2.1080	0.8345
29	1.2263	1.5131	0.1296	-0.0976	0.0714	4.6371	-2.1060	0.8476
30	1.2193	1.5131	0.1201	-0.1262	0.0717	5.4948	-2.0830	0.8888
31	1.2565	1.5091	0.1308	0.0228	0.0561	4.2212	-2.1620	0.9277
32	1.2553	1.5095	0.1321	0.0180	0.0579	4.3357	-2.1330	0.9202
33	1.2532	1.5102	0.1308	0.0097	0.0607	4.2567	-2.1310	0.9546
34	1.2505	1.5109	0.1333	-0.0012	0.0641	4.2234	-2.1420	0.9886
35	1.2469	1.5119	0.1290	-0.0155	0.0682	4.8165	-2.2190	1.0180
36	1.2429	1.5130	0.1327	-0.0320	0.0730	4.2100	-2.3320	1.0834
37	1.2381	1.5141	0.1308	-0.0512	0.0777	4.4484	-2.2290	1.0668
38	1.2326	1.5152	0.1308	-0.0737	0.0824	4.4053	-2.1190	1.0677
39	1.2276	1.5163	0.1302	-0.0944	0.0872	4.5536	-2.1010	1.0741
40	1.2204	1.5180	0.1302	-0.1240	0.0945	3.4984	-2.3840	1.1674
41	1.2566	1.5089	0.1296	0.0210	0.0586	4.6019	-2.6070	1.2190
42	1.2554	1.5090	0.1308	0.0165	0.0591	3.6947	-2.6410	1.2434
43	1.2533	1.5092	0.1296	0.0080	0.0602	4.7590	-2.5910	1.2774
44	1.2503	1.5096	0.1339	-0.0040	0.0619	4.1381	-2.6550	1.3136
45	1.2464	1.5102	0.1296	-0.0197	0.0647	4.7940	-3.2430	1.4508
46	1.2415	1.5112	0.1302	-0.0393	0.0689	4.5552	-2.5960	1.3428
47	1.2357	1.5126	0.1290	-0.0628	0.0748	4.6589	-2.4670	1.3485
48	1.2306	1.5137	0.1296	-0.0837	0.0793	4.9044	-2.4270	1.3283
49	1.2226	1.5150	0.1278	-0.1163	0.0851	4.8364	-2.1580	1.2974
50	1.2133	1.5164	0.1315	-0.1545	0.0910	4.6589	-2.1150	1.3294
1	1.2667	1.5351	0.1290	0.0673	0.1411	3.9339	-0.9580	0.2004
2	1.2657	1.5353	0.1302	0.0635	0.1429	3.9884	-0.8100	0.1715
3	1.2639	1.5357	0.1308	0.0569	0.1455	2.6820	-0.7490	0.1832
4	1.2615	1.5363	0.1302	0.0475	0.1486	4.0244	-0.8050	0.1917
5	1.2583	1.5368	0.1278	0.0347	0.1516	4.3945	-0.8320	0.2070
6	1.2543	1.5376	0.1213	0.0188	0.1559	4.9547	-1.0440	0.2979
7	1.2495	1.5388	0.1296	-0.0003	0.1615	4.0902	-1.1210	0.2872
8	1.2438	1.5402	0.1302	-0.0234	0.1682	2.9032	-1.1150	0.2936
9	1.2374	1.5419	0.1290	-0.0493	0.1761	4.0771	-0.8810	0.2502
10	1.2316	1.5434	0.1327	-0.0727	0.1831	3.6505	-1.0150	0.2948
11	1.2467	1.5531	0.1296	-0.0124	0.2231	4.1542	-1.0780	0.3365
12	1.2456	1.5535	0.1315	-0.0169	0.2263	4.1973	-1.0780	0.3172
13	1.2437	1.5544	0.1284	-0.0248	0.2312	4.0931	-1.0750	0.3311
14	1.2412	1.5551	0.1315	-0.0349	0.2353	3.9877	-1.1040	0.3624
15	1.2381	1.5558	0.1284	-0.0476	0.2397	3.2395	-1.0750	0.3426
16	1.2344	1.5567	0.1201	-0.0629	0.2446	5.3893	-1.0580	0.3643
17	1.2299	1.5576	0.1278	-0.0814	0.2495	4.4800	-0.9210	0.3374
18	1.2247	1.5587	0.1321	-0.1028	0.2556	4.0466	-0.9700	0.3584
19	1.2188	1.5601	0.1284	-0.1272	0.2627	4.1998	-0.8630	0.3429
20	1.2135	1.5614	0.1315	-0.1493	0.2694	4.0915	-0.7730	0.2993
21	1.2515	1.5403	0.1296	0.0029	0.1858	4.2651	-0.7600	0.3649
22	1.2502	1.5410	0.1308	-0.0025	0.1897	4.3193	-0.6660	0.3321
23	1.2480	1.5420	0.1189	-0.0114	0.1947	5.6468	-0.7560	0.3726
24	1.2451	1.5432	0.1302	-0.0232	0.2008	4.2456	-0.7420	0.3613
25	1.2413	1.5449	0.1315	-0.0383	0.2088	3.9949	-0.5820	0.3162
26	1.2371	1.5469	0.1290	-0.0555	0.2177	4.4874	-0.3790	0.2687
27	1.2324	1.5491	0.1290	-0.0748	0.2276	4.3229	-0.2410	0.2620
28	1.2270	1.5516	0.1284	-0.0969	0.2390	4.6571	-0.3620	0.3187
29	1.2211	1.5543	0.1296	-0.1214	0.2514	4.2859	-0.3980	0.3235
30	1.2160	1.5567	0.1308	-0.1427	0.2623	4.5192	-0.6200	0.4107
31	1.2516	1.5463	0.1284	-0.0001	0.2217	4.6451	-0.5500	0.3481
32	1.2504	1.5470	0.1308	-0.0050	0.2258	3.4142	-0.5556	0.3453
33	1.2483	1.5481	0.1272	-0.0133	0.2315	4.7651	-0.6000	0.3747
34	1.2459	1.5494	0.1315	-0.0229	0.2376	3.3732	-0.5440	0.3714
35	1.2422	1.5515	0.1284	-0.0382	0.2474	4.5920	-0.2840	0.3054
36	1.2370	1.5542	0.1308	-0.0590	0.2596	4.5001	-0.1700	0.2858
37	1.2312	1.5573	0.1207	-0.0828	0.2735	5.5568	-0.3040	0.3452
38	1.2245	1.5607	0.1302	-0.1104	0.2886	4.4264	-0.2810	0.3077
39	1.2173	1.5641	0.1302	-0.1399	0.3040	3.4344	-0.3200	0.3295
40	1.2111	1.5670	0.1321	-0.1654	0.3171	4.7283	-0.5180	0.2211
41	1.2498	1.5359	0.1284	-0.0109	0.1937	4.8129	-0.6700	0.4151
42	1.2490	1.5362	0.1284	-0.0143	0.1957	4.7087	-0.5450	0.3754
43	1.2473	1.5369	0.1290	-0.0210	0.1995	4.5932	-0.4850	0.3625
44	1.2448	1.5380	0.1278	-0.0310	0.2049	3.9822	-0.2560	0.3334
45	1.2415	1.5395	0.1284	-0.0443	0.2116	4.6416	-0.2600	0.3664
46	1.2372	1.5414	0.1296	-0.0619	0.2205	4.6952	-0.6050	0.4644
47	1.2321	1.5437	0.1302	-0.0829	0.2308	4.4583	-0.8040	0.4699
48	1.2262	1.5464	0.1278	-0.1070	0.2426	5.1324	-0.9080	0.5175
49	1.2196	1.5494	0.1296	-0.1343	0.2559	4.5072	-1.1360	0.5421
50	1.2138	1.5522	0.1302	-0.1584	0.2683	4.8734	-1.2260	0.5757
51	1.2487	1.5451	0.1302	-0.0187	0.2409	4.8875	-1.1990	0.6061
52	1.2476	1.5455	0.1224	-0.0232	0.2437	5.7807	-1.1390	0.6054
53	1.2459	1.5460	0.1272	-0.0299	0.2468	4.9232	-1.2520	0.6413
54	1.2438	1.5465	0.1308	-0.0387	0.2502	4.6856	-0.9620	0.5549
55	1.2409	1.5475	0.1272	-0.0503	0.2552	5.0191	-0.9270	0.5939
56	1.2373	1.5487	0.1302	-0.0654	0.2613	3.8990	-0.7090	0.5139
57	1.2328	1.5502	0.1278	-0.0838	0.2686	4.8624	-0.6010	0.5107
58	1.2277	1.5521	0.1315	-0.1044	0.2774	4.9284	-0.7100	0.5561
59	1.2220	1.5544	0.1302	-0.1281	0.2881	4.7267	-0.5450	0.5231
60	1.2170	1.5565	0.1315	-0.1490	0.2979	4.8372	-0.4970	0.5247
61	1.2917	1.4341	0.1290	0.1509	-0.1934	4.9013	-0.6000	0.5570
62	1.2903	1.4346	0.1302	0.1465	-0.1930	5.0161	-0.6760	0.5614
63	1.2884	1.4356	0.1278	0.1398	-0.1906	5.3252	-0.7340	0.5905
64	1.2859	1.4369	0.1201	0.1305	-0.1869	5.9671	-1.0480	0.6667
65	1.2830	1.4378	0.1290	0.1199	-0.1849	5.0337	-1.0070	0.6539
66	1.2796	1.4392	0.1302	0.1068	-0.1809	4.8451	-0.9950	0.6649
67	1.2754	1.4410	0.1296	0.0908	-0.1753	5.0573	-0.8810	0.6290
68	1.2706	1.4429	0.1302	0.0721	-0.1688	4.0476	-1.0150	0.7021
69	1.2652	1.4451	0.1290	0.0511	-0.1614	5.1663	-1.0560	0.7182
70	1.2604	1.4471	0.1315	0.0318	-0.1547	5.0705	0.0000	0.0657
71	1.2496	1.5432	0.1183	-0.0114	0.2307	6.3552	-1.2290	0.7819
72	1.2483	1.5439	0.1315	-0.0163	0.2343	4.7378	-1.2230	0.7618
73	1.2465	1.5452	0.1278	-0.0237	0.2408	5.2545	-1.1340	0.7741
74	1.2441	1.5466	0.1302	-0.0334	0.2477	5.2851	-1.2930	0.8125
75	1.2414	1.5482	0.1284	-0.0447	0.2553	5.3386	-1.2270	0.8069
76	1.2383	1.5499	0.1207	-0.0572	0.2632	6.2858	-1.4940	0.9241
77	1.2347	1.5519	0.1278	-0.0720	0.2726	5.3860	-1.7210	0.9488
78	1.2302	1.5549	0.1321	-0.0905	0.2858	5.0743	-1.9430	1.0206
79	1.2249	1.5582	0.1278	-0.1122	0.3007	5.6648	-2.0130	1.0317
80	1.2217	1.5597	0.1315	-0.1260	0.3079	5.2405	-2.0030	1.0625
81	1.2468	1.5589	0.1296	-0.0257	0.3065	5.2913	-1.9730	1.0498
82	1.2444	1.5591	0.1302	-0.0353	0.3086	5.4190	-2.0120	1.0981
83	1.2430	1.5592	0.1189	-0.0411	0.3105	5.4151	-0.2350	0.0392
84	1.2392	1.5595	0.1302	-0.0564	0.3133	5.3838	-1.9120	1.0987
85	1.2340	1.5602	0.1290	-0.0775	0.3174	5.1834	-2.0210	1.1557
86	1.2286	1.5606	0.1308	-0.0998	0.3205	5.4070	-2.1320	1.2185
87	1.2225	1.5605	0.1290	-0.1248	0.3219	4.3901	-2.1900	1.2090
88	1.2154	1.5604	0.1308	-0.1540	0.3229	5.4428	-2.3030	1.2759
89	1.2072	1.5607	0.1284	-0.1881	0.3256	5.7524	-2.3100	1.2873
90	1.2000	1.5612	0.1308	-0.2182	0.3289	5.2911	-2.5270	1.3736
91	1.2507	1.5450	0.1278	-0.0152	0.2654	5.6705	-2.6780	1.4067
92	1.2505	1.5453	0.1290	-0.0162	0.2676	5.1806	-2.8160	1.4446
93	1.2489	1.5453	0.1189	-0.0227	0.2690	6.6528	-2.7920	1.4543
94	1.2468	1.5453	0.1315	-0.0312	0.2699	5.2257	-2.7820	1.4906
95	1.2446	1.5454	0.1296	-0.0400	0.2717	5.4030	-2.6140	1.4706
96	1.2420	1.5460	0.1302	-0.0504	0.2750	5.5911	-2.5780	1.4756
97	1.2392	1.5472	0.1302	-0.0618	0.2812	4.3008	-2.7030	1.5794
98	1.2363	1.5508	0.1308	-0.0741	0.2967	5.4929	-2.7300	1.5875
99	1.2330	1.5558	0.1284	-0.0877	0.3182	5.5601	-2.8080	1.6497
100	1.2308	1.5589	0.1315	-0.0968	0.3321	5.6928	-2.7560	1.6141
101	1.2458	1.5516	0.1315	-0.0368	0.3041	5.5227	-2.9100	1.6984
102	1.2447	1.5518	0.1290	-0.0416	0.3064	5.7111	-2.9310	1.6723
103	1.2420	1.5526	0.1272	-0.0524	0.3109	5.8858	-2.8780	1.7782
104	1.2408	1.5528	0.1290	-0.0576	0.3127	4.9100	-2.9030	1.7869
105	1.2410	1.5519	0.1201	-0.0568	0.3107	6.5955	-2.9030	1.8193
106	1.2410	1.5516	0.1302	-0.0570	0.3105	5.8201	-2.8250	1.8228
107	1.2396	1.5520	0.1302	-0.0629	0.3133	5.4726	-2.8340	1.8445
108	1.2373	1.5523	0.1308	-0.0727	0.3161	5.7818	-3.0830	1.9937
109	1.2346	1.5519	0.1290	-0.0839	0.3158	5.9580	-3.0850	2.0111
110	1.2316	1.5519	0.1308	-0.0960	0.3172	5.6916	-2.9860	1.9241
111	1.2472	1.5287	0.1284	-0.0337	0.2249	4.7506	-2.8890	1.9674
112	1.2471	1.5302	0.1207	-0.0344	0.2317	6.7635	-2.7220	1.9701
113	1.2470	1.5326	0.1296	-0.0350	0.2423	5.7675	-2.7180	1.9909
114	1.2462	1.5357	0.1302	-0.0383	0.2555	5.6521	-2.7520	2.0243
115	1.2456	1.5375	0.1290	-0.0407	0.2634	5.9371	2.6830	0.9437
116	1.2448	1.5401	0.1302	-0.0438	0.2750	6.2379	-2.4790	1.9824
117	1.2436	1.5468	0.1201	-0.0489	0.3027	7.0446	-2.2810	1.9726
118	1.2402	1.5549	0.1296	-0.0628	0.3367	5.9781	-1.9880	0.9573
119	1.2368	1.5649	0.1302	-0.0766	0.3782	5.8011	-1.9690	1.9291
120	1.2336	1.5738	0.1278	-0.0901	0.4157	6.4738	-1.9620	1.9791
121	1.2543	1.5341	0.1290	-0.0069	0.2580	5.9757	-1.7830	1.9625
122	1.2549	1.5338	0.1201	-0.0046	0.2573	7.1272	-1.9200	1.9772
123	1.2544	1.5344	0.1272	-0.0065	0.2605	6.1088	-2.0590	2.0833
124	1.2534	1.5343	0.1321	-0.0105	0.2610	5.8457	-2.1010	2.0748
125	1.2528	1.5335	0.1278	-0.0128	0.2589	6.4368	-2.0630	2.1097
126	1.2530	1.5318	0.1321	-0.0118	0.2529	4.8643	-1.4710	1.9524
127	1.2513	1.5299	0.1302	-0.0186	0.2459	5.8766	-1.5750	2.0156
128	1.2473	1.5288	0.1333	-0.0345	0.2422	6.1385	-1.6010	2.0636
129	1.2432	1.5280	0.1183	-0.0509	0.2397	7.5221	-1.3230	1.9785
130	1.2406	1.5271	0.1195	-0.0616	0.2368	7.2112	-1.2610	1.9852
131	1.2596	1.5408	0.1302	0.0145	0.2928	5.9977	-1.2690	1.9971
132	1.2584	1.5415	0.1290	0.0098	0.2966	6.1617	-1.2720	2.0117
133	1.2565	1.5432	0.1296	0.0025	0.3042	6.2892	-1.1770	2.0243
134	1.2534	1.5455	0.1201	-0.0097	0.3147	7.5138	-1.0950	2.0264
135	1.2497	1.5493	0.1290	-0.0248	0.3310	6.3369	-1.1400	2.0245
136	1.2464	1.5529	0.1308	-0.0379	0.3470	6.0137	-1.2610	2.0940
137	1.2435	1.5561	0.1290	-0.0498	0.3610	6.3117	-1.1930	2.0502
138	1.2402	1.5600	0.1290	-0.0633	0.3780	6.4510	-1.2910	2.1001
139	1.2375	1.5638	0.1284	-0.0744	0.3952	6.2989	-1.3610	2.1274
140	1.2348	1.5666	0.1296	-0.0854	0.4079	6.3495	-1.3280	2.1471
141	1.2592	1.5594	0.1272	0.0123	0.3806	6.4153	-1.4230	2.1822
142	1.2591	1.5604	0.1308	0.0123	0.3858	6.1169	-1.4470	2.1836
143	1.2589	1.5608	0.1272	0.0116	0.3893	5.5039	-1.5490	2.2338
144	1.2588	1.5613	0.1302	0.0113	0.3926	6.3477	-1.6820	2.2945
145	1.2576	1.5625	0.1290	0.0067	0.3989	6.2048	-1.8190	2.3124
146	1.2565	1.5650	0.1284	0.0025	0.4106	6.7203	-1.9270	2.3477
147	1.2554	1.5678	0.1284	-0.0019	0.4237	6.4942	-2.0830	2.4336
148	1.2520	1.5706	0.1224	-0.0154	0.4364	7.5353	-2.2190	2.4698
149	1.2480	1.5740	0.1290	-0.0311	0.4519	6.3364	-2.4200	2.4964
150	1.2454	1.5764	0.1290	-0.0418	0.4637	6.4114	-2.4360	2.4712
151	1.2614	1.5272	0.1290	0.0227	0.2674	6.4862	-2.4010	2.4650
152	1.2610	1.5260	0.1302	0.0212	0.2631	6.6016	-2.3280	2.4760
153	1.2605	1.5246	0.1290	0.0196	0.2581	6.6430	-2.4380	2.5120
154	1.2586	1.5231	0.1302	0.0121	0.2527	6.5761	-2.4690	2.4882
155	1.2552	1.5207	0.1315	-0.0013	0.2438	6.0231	-2.3660	2.4548
156	1.2522	1.5191	0.1302	-0.0133	0.2377	6.6119	-2.3920	2.4660
157	1.2482	1.5169	0.1278	-0.0293	0.2296	6.7989	-2.4740	2.4904
158	1.2445	1.5143	0.1296	-0.0443	0.2195	6.5376	-2.5840	2.5096
159	1.2440	1.5127	0.1302	-0.0464	0.2132	6.4220	-2.2620	2.4272
160	1.2455	1.5114	0.1315	-0.0408	0.2084	6.2289	-2.1730	2.4478
161	1.2608	1.5587	0.1278	0.0210	0.3990	6.7427	-2.0500	2.3768
162	1.2617	1.5594	0.1284	0.0248	0.4032	5.8553	-1.7350	2.3202
163	1.2620	1.5597	0.1290	0.0261	0.4062	6.6333	-1.8250	2.3878
164	1.2607	1.5600	0.1296	0.0212	0.4086	7.0669	-1.6040	2.2892
165	1.2563	1.5626	0.1315	0.0040	0.4206	6.4359	-1.4450	2.2554
166	1.2511	1.5650	0.1290	-0.0170	0.4320	6.7463	-1.4170	2.2934
167	1.2463	1.5671	0.1296	-0.0362	0.4422	6.6917	-1.0000	2.0096
168	1.2418	1.5674	0.1284	-0.0545	0.4447	6.8549	-1.4430	2.2910
169	1.2374	1.5660	0.1290	-0.0723	0.4408	6.8608	-1.3470	1.6822
170	1.2329	1.5653	0.1296	-0.0906	0.4397	6.9850	-1.2570	2.2594
171	1.1814	1.5271	0.1290	-0.2986	0.2876	7.1949	-1.1830	2.2402
172	1.1827	1.5264	0.1327	-0.2948	0.2856	6.5266	-1.4250	2.3142
173	1.1830	1.5255	0.1284	-0.2952	0.2826	6.8751	-1.4140	2.3104
174	1.1841	1.5241	0.1308	-0.2929	0.2775	5.9438	-1.4080	2.2780
175	1.1861	1.5215	0.1178	-0.2863	0.2676	8.1901	-1.6940	2.3332
176	1.1872	1.5183	0.1302	-0.2835	0.2552	7.0151	-1.8570	2.3878
177	1.1882	1.5139	0.1290	-0.2808	0.2383	6.9956	-1.9660	2.3792
178	1.1883	1.5099	0.1302	-0.2820	0.2222	6.9890	-1.8990	2.3690
179	1.1884	1.5060	0.1284	-0.2834	0.2067	5.9754	-1.9630	2.4154
180	1.1884	1.5032	0.1327	-0.2847	0.1957	6.8504	-1.9670	2.4126
181	1.2550	1.5355	0.1290	-0.0182	0.3257	7.0603	-1.9711	2.3835
182	1.2513	1.5383	0.1327	-0.0330	0.3381	6.6373	-1.7590	2.3378
183	1.2481	1.5406	0.1266	-0.0458	0.3481	7.4468	-1.8910	2.3874
184	1.2449	1.5410	0.1315	-0.0588	0.3510	6.6998	-2.0190	2.4178
185	1.2407	1.5406	0.1290	-0.0758	0.3502	7.1319	-1.8560	2.3488
186	1.2365	1.5408	0.1290	-0.0931	0.3521	6.9678	-1.7800	2.3656
187	1.2312	1.5401	0.1290	-0.1148	0.3503	7.0460	-1.6660	2.3352
188	1.2261	1.5379	0.1284	-0.1358	0.3426	7.0765	-1.6030	2.3158
189	1.2208	1.5336	0.1290	-0.1574	0.3259	7.1427	-1.4420	2.2884
190	1.2173	1.5298	0.1321	-0.1724	0.3117	6.9726	-1.4020	2.2600
191	1.2594	1.5545	0.1302	-0.0039	0.4119	7.0852	-1.3980	2.2684
192	1.2586	1.5548	0.1327	-0.0066	0.4144	6.8690	-1.7590	2.3838
193	1.2563	1.5574	0.1272	-0.0160	0.4262	7.3028	-2.0050	2.4034
194	1.2518	1.5617	0.1308	-0.0338	0.4450	7.0049	-1.8700	2.3420
195	1.2475	1.5667	0.1260	-0.0509	0.4668	7.4229	-1.7470	2.3382
196	1.2467	1.5692	0.1302	-0.0542	0.4782	7.1140	-1.6490	2.3178
197	1.2456	1.5696	0.1272	-0.0586	0.4817	7.3746	-1.6800	2.3476
198	1.2440	1.5719	0.1308	-0.0652	0.4925	7.1375	-1.4830	2.2966
199	1.2413	1.5733	0.1278	-0.0764	0.5000	7.3986	-1.3840	2.2532
200	1.2372	1.5732	0.1308	-0.0932	0.5017	7.1086	-1.5440	2.3384
201	1.2580	1.5413	0.1302	-0.0097	0.3749	7.0751	-1.6670	2.3118
202	1.2570	1.5401	0.1201	-0.0135	0.3712	8.3117	-1.4910	2.2666
203	1.2562	1.5382	0.1290	-0.0166	0.3644	7.4391	-1.3380	2.2548
204	1.2528	1.5370	0.1284	-0.0301	0.3608	7.4083	-1.2580	2.2516
205	1.2485	1.5370	0.1290	-0.0471	0.3617	7.5966	-1.2830	2.2854
206	1.2425	1.5391	0.1290	-0.0717	0.3711	6.5383	-1.3380	2.2732
207	1.2386	1.5407	0.1284	-0.0873	0.3784	7.5228	-1.3310	2.2642
208	1.2337	1.5411	0.1296	-0.1073	0.3810	7.8231	-1.4650	2.2814
209	1.2273	1.5407	0.1308	-0.1337	0.3803	7.2657	-1.5410	2.3402
210	1.2220	1.5392	0.1321	-0.1557	0.3752	7.3151	-1.4530	2.2694
211	1.2551	1.5177	0.1296	-0.0229	0.2897	7.5617	-1.4480	2.3216
212	1.2580	1.5174	0.1284	-0.0110	0.2889	7.9090	-1.3490	2.2370
213	1.2629	1.5180	0.1290	0.0087	0.2919	7.5451	-1.2630	2.2634
214	1.2691	1.5161	0.1218	0.0341	0.2847	8.6680	-1.0590	2.1850
215	1.2768	1.5107	0.1290	0.0653	0.2633	7.4603	-0.9050	2.1550
216	1.2865	1.5052	0.1327	0.1053	0.2416	7.2800	-1.0420	2.2324
217	1.2959	1.5016	0.1272	0.1442	0.2272	7.6530	-1.2350	2.2682
218	1.3046	1.5001	0.1308	0.1800	0.2210	7.7816	-1.0020	2.1872
219	1.3122	1.4984	0.1183	0.2119	0.2142	8.8740	-0.9270	2.1594
220	1.3190	1.4958	0.1308	0.2409	0.2039	7.5690	-0.9820	2.2184
221	1.2594	1.5550	0.1195	0.0029	0.4420	8.8844	-1.0370	2.2162
222	1.2595	1.5551	0.1290	0.0033	0.4439	7.8817	-0.9610	2.1838
223	1.2593	1.5544	0.1296	0.0029	0.4424	7.3428	-0.9600	2.1616
224	1.2606	1.5555	0.1290	0.0083	0.4482	7.7964	-0.8980	2.1756
225	1.2609	1.5575	0.1272	0.0098	0.4576	7.6697	-0.6300	2.1020
226	1.2588	1.5574	0.1290	0.0017	0.4586	7.7714	-0.7750	2.1550
227	1.2563	1.5592	0.1272	-0.0082	0.4674	8.0677	-0.6890	2.1522
228	1.2540	1.5631	0.1296	-0.0173	0.4844	6.7244	-0.8220	2.1856
229	1.2515	1.5687	0.1296	-0.0273	0.5087	7.6918	-0.7900	2.1404
230	1.2499	1.5737	0.1302	-0.0338	0.5302	7.6328	-0.6740	2.1104
231	1.2483	1.5416	0.1302	-0.0403	0.4029	7.6506	-0.7200	2.1364
232	1.2466	1.5404	0.1278	-0.0469	0.3993	8.2642	-0.6150	2.1130
233	1.2454	1.5393	0.1290	-0.0520	0.3957	7.5915	-0.6210	2.1086
234	1.2436	1.5391	0.1308	-0.0594	0.3962	7.7525	-0.7100	2.1400
235	1.2411	1.5398	0.1278	-0.0695	0.3998	7.8331	0.0000	2.0000
236	1.2394	1.5403	0.1296	-0.0766	0.4030	7.8706	-0.9490	2.2038
237	1.2360	1.5409	0.1302	-0.0906	0.4063	7.8759	-0.8660	2.1488
238	1.2313	1.5412	0.1302	-0.1099	0.4086	7.9541	-0.7310	2.1306
239	1.2268	1.5417	0.1290	-0.1284	0.4114	7.9962	-0.5390	2.0834
240	1.2231	1.5426	0.1308	-0.1437	0.4161	7.9699	-0.3950	2.0546
241	1.2548	1.5383	0.1296	-0.0169	0.3997	8.0084	-0.4090	2.0742
242	1.2546	1.5378	0.1302	-0.0176	0.3988	8.0749	-0.3390	2.0562
243	1.2526	1.5363	0.1284	-0.0255	0.3938	8.1895	-0.2280	2.0368
244	1.2511	1.5337	0.1296	-0.0315	0.3842	8.1224	-0.0630	2.0022
245	1.2511	1.5313	0.1296	-0.0313	0.3754	6.8354	-0.0330	2.0353
246	1.2512	1.5298	0.1207	-0.0311	0.3701	9.2957	0.0010	2.0075
247	1.2516	1.5295	0.1278	-0.0292	0.3695	8.5178	0.0830	1.9876
248	1.2507	1.5296	0.1321	-0.0331	0.3707	7.9620	0.1510	1.9513
249	1.2496	1.5303	0.1302	-0.0372	0.3745	8.1999	0.1200	2.0021
250	1.2487	1.5304	0.1296	-0.0409	0.3756	8.4099	0.0180	2.0189
251	1.2553	1.5482	0.1290	-0.0145	0.4481	8.2530	0.0340	1.9773
252	1.2517	1.5494	0.1284	-0.0289	0.4540	8.1617	0.1950	1.9144
253	1.2460	1.5495	0.1278	-0.0517	0.4558	8.2522	0.4080	1.9102
254	1.2378	1.5482	0.1290	-0.0848	0.4515	8.2455	0.3990	1.9087
255	1.2305	1.5459	0.1296	-0.1143	0.4435	7.2395	0.7110	1.8006
256	1.2233	1.5419	0.1290	-0.1440	0.4287	8.5876	0.6370	1.8402
257	1.2159	1.5388	0.1290	-0.1742	0.4173	8.2395	0.6160	1.8580
258	1.2069	1.5369	0.1327	-0.2114	0.4104	7.9378	0.4130	1.9468
259	1.1984	1.5337	0.1278	-0.2466	0.3986	8.4201	0.4490	1.9100
260	1.1933	1.5331	0.1302	-0.2686	0.3972	8.2611	0.2420	1.9417
261	1.2486	1.5321	0.1284	-0.0474	0.3937	8.4333	0.3110	1.9470
262	1.2490	1.5337	0.1284	-0.0460	0.4009	8.8176	0.3970	1.8402
263	1.2511	1.5342	0.1189	-0.0374	0.4038	9.4278	0.2800	1.9183
264	1.2510	1.5365	0.1315	-0.0376	0.4140	8.3043	0.2590	1.8695
265	1.2504	1.5356	0.1290	-0.0401	0.4112	8.3112	0.3400	1.9151
266	1.2547	1.5367	0.1315	-0.0228	0.4166	8.3394	-0.0150	1.9403
267	1.2580	1.5397	0.1284	-0.0093	0.4295	7.4147	0.2240	1.8768
268	1.2563	1.5381	0.1308	-0.0159	0.4240	8.4495	0.4040	1.8279
269	1.2513	1.5325	0.1272	-0.0361	0.4028	8.9041	0.5290	1.8000
270	1.2439	1.5250	0.1302	-0.0660	0.3734	8.4933	0.8000	1.7399
271	1.2555	1.5300	0.1272	-0.0195	0.3939	8.6288	1.0200	1.7208
272	1.2520	1.5230	0.1284	-0.0333	0.3665	8.7444	1.0510	1.6939
273	1.2435	1.5116	0.1183	-0.0674	0.3211	9.7300	1.1160	1.6750
274	1.2309	1.4978	0.1308	-0.1184	0.2661	8.4279	0.8690	1.7178
275	1.2215	1.4875	0.1302	-0.1566	0.2245	8.3977	0.8780	1.6940
276	1.2159	1.4759	0.1284	-0.1798	0.1775	8.9998	0.9590	1.6464
277	1.2066	1.4612	0.1290	-0.2183	0.1176	7.6303	0.7390	1.7321
278	1.1957	1.4499	0.1260	-0.2632	0.0712	9.2644	0.6170	1.7006
279	1.1885	1.4394	0.1284	-0.2936	0.0276	8.6886	0.9210	1.6388
280	1.1800	1.4293	0.1308	-0.3291	-0.0144	8.5927	0.6060	1.7713
281	1.2410	1.5353	0.1290	-0.0854	0.4104	8.5835	0.7520	1.6580
282	1.2432	1.5348	0.1315	-0.0769	0.4091	8.4900	0.7510	1.7490
283	1.2463	1.5345	0.1272	-0.0643	0.4091	8.7765	0.8410	1.6016
284	1.2505	1.5310	0.1213	-0.0476	0.3956	9.9951	0.6110	1.6916
285	1.2545	1.5255	0.1183	-0.0316	0.3742	9.8169	0.9370	1.5850
286	1.2571	1.5202	0.1296	-0.0211	0.3536	8.9043	0.6700	1.6122
287	1.2589	1.5142	0.1183	-0.0137	0.3300	10.0953	0.9270	1.6049
288	1.2609	1.5091	0.1290	-0.0053	0.3099	8.9527	0.0000	2.1690
289	1.2619	1.5047	0.1290	-0.0009	0.2922	8.6072	0.6440	1.5941
290	1.2622	1.5002	0.1201	0.0007	0.2745	10.0578	0.5384	1.6144
291	1.2636	1.5416	0.1284	0.0065	0.4411	7.9411	0.5090	1.6666
292	1.2630	1.5391	0.1284	0.0042	0.4320	9.0299	0.4990	1.6561
293	1.2618	1.5368	0.1272	-0.0001	0.4237	9.1927	0.5290	1.6558
294	1.2617	1.5336	0.1296	-0.0003	0.4118	7.8493	0.7460	1.5567
295	1.2621	1.5291	0.1302	0.0018	0.3944	8.6831	0.7180	1.5402
296	1.2619	1.5244	0.1284	0.0011	0.3761	9.1624	0.6510	1.5778
297	1.2621	1.5186	0.1302	0.0021	0.3537	8.8396	0.7620	1.5643
298	1.2625	1.5110	0.1284	0.0041	0.3235	9.3198	0.7310	1.5863
299	1.2620	1.5028	0.1296	0.0026	0.2908	8.8880	0.3730	1.7406
300	1.2621	1.4983	0.1315	0.0031	0.2727	8.9831	0.2200	1.6450
301	1.0831	1.5512	0.1290	-0.7168	0.4855	8.8084	-0.2500	1.8148
302	1.0839	1.5492	0.1308	-0.7181	0.4788	8.9090	-0.1750	1.7012
303	1.0844	1.5470	0.1272	-0.7201	0.4711	9.0618	-0.1870	1.7250
304	1.0847	1.5450	0.1315	-0.7229	0.4643	8.0344	-0.3150	1.8223
305	1.0848	1.5432	0.1272	-0.7266	0.4581	9.2180	-0.4150	1.9116
306	1.0844	1.5420	0.1308	-0.7326	0.4544	9.2863	-0.3670	1.8040
307	1.0824	1.5406	0.1183	-0.7445	0.4498	10.5605	-0.5640	1.8146
308	1.0799	1.5386	0.1296	-0.7590	0.4428	9.2236	-1.1700	2.0558
309	1.0769	1.5360	0.1278	-0.7754	0.4333	9.0970	-1.7990	2.2464
310	1.0757	1.5346	0.1290	-0.7844	0.4285	9.1434	-1.9090	2.2369
311	1.2397	1.5421	0.1315	-0.1286	0.4596	8.8652	-2.2750	2.3445
312	1.2398	1.5417	0.1218	-0.1286	0.4591	10.0982	-2.2820	2.2160
313	1.2397	1.5404	0.1296	-0.1293	0.4546	9.3041	-2.5690	2.3681
314	1.2393	1.5392	0.1302	-0.1309	0.4510	9.0668	-2.8220	2.5347
315	1.2392	1.5382	0.1290	-0.1317	0.4482	9.2911	-3.2250	2.5865
316	1.2381	1.5372	0.1160	-0.1365	0.4451	9.6850	-3.1460	2.5626
317	1.2343	1.5367	0.1178	-0.1518	0.4437	10.6193	-3.1760	2.5543
318	1.2310	1.5351	0.1284	-0.1658	0.4384	9.6018	-3.1690	2.5263
319	1.2272	1.5337	0.1290	-0.1816	0.4333	9.2431	-3.3940	2.7004
320	1.2251	1.5324	0.1278	-0.1905	0.4291	9.4026	-3.4010	2.6686
321	1.2480	1.5762	0.1266	-0.0989	0.6063	8.8519	-3.7600	2.7803
322	1.2488	1.5765	0.1189	-0.0958	0.6093	10.7496	-4.1270	3.0578
323	1.2502	1.5769	0.1278	-0.0902	0.6129	9.2777	-3.8540	2.7832
324	1.2522	1.5771	0.1315	-0.0821	0.6158	9.1592	-3.8240	2.7408
325	1.2548	1.5772	0.1266	-0.0716	0.6178	9.5188	-4.1740	2.8348
326	1.2586	1.5762	0.1201	-0.0563	0.6158	10.4398	-4.1510	2.8302
327	1.2608	1.5746	0.1254	-0.0472	0.6114	9.6396	-4.5350	2.9982
328	1.2628	1.5732	0.1296	-0.0389	0.6077	9.3917	-4.7700	3.0168
329	1.2658	1.5721	0.1266	-0.0265	0.6048	9.7725	-4.8320	2.9888
330	1.2676	1.5711	0.1308	-0.0186	0.6029	8.5036	-4.8580	2.9044
331	1.2611	1.5413	0.1218	-0.0444	0.4847	10.3730	-5.0600	2.9820
332	1.2624	1.5445	0.1296	-0.0389	0.4983	9.5786	-5.2330	3.1078
333	1.2655	1.5470	0.1272	-0.0261	0.5095	8.9917	-5.2380	3.0640
334	1.2688	1.5493	0.1201	-0.0125	0.5201	10.7607	-5.1280	2.9872
335	1.2711	1.5498	0.1284	-0.0028	0.5234	9.5373	-4.6530	2.8358
336	1.2732	1.5509	0.1308	0.0062	0.5292	9.5051	-4.5710	2.8634
337	1.2759	1.5511	0.1266	0.0176	0.5309	9.9108	-4.3080	2.8136
338	1.2796	1.5513	0.1302	0.0331	0.5331	8.7191	-4.2630	2.8390
339	1.2855	1.5517	0.1242	0.0576	0.5359	10.1142	-4.2550	2.8510
340	1.2908	1.5519	0.1296	0.0798	0.5381	9.7207	-4.2960	2.9820
341	1.2442	1.5312	0.1290	-0.1067	0.4561	9.6866	-4.3780	2.9568
342	1.2424	1.5318	0.1278	-0.1139	0.4593	9.8498	-4.1440	2.7792
343	1.2411	1.5326	0.1284	-0.1194	0.4633	8.8464	-3.9820	2.7412
344	1.2404	1.5334	0.1302	-0.1225	0.4674	9.7739	-3.9990	2.7442
345	1.2393	1.5350	0.1296	-0.1272	0.4745	9.5017	-4.1840	2.8816
346	1.2384	1.5376	0.1296	-0.1311	0.4860	9.8223	-4.0190	2.8182
347	1.2377	1.5400	0.1272	-0.1343	0.4967	9.9489	-4.0270	2.8058
348	1.2368	1.5406	0.1302	-0.1382	0.5002	9.7846	-3.9270	2.7446
349	1.2365	1.5411	0.1272	-0.1398	0.5029	10.2276	-3.7740	2.7516
350	1.2360	1.5409	0.1278	-0.1420	0.5032	9.8705	-4.0990	2.9098
351	1.2430	1.3764	0.1296	-0.1142	-0.1577	9.6665	-4.0700	2.8312
352	1.2432	1.3771	0.1272	-0.1135	-0.1582	10.4003	-3.7700	2.6972
353	1.2424	1.3783	0.1290	-0.1169	-0.1562	9.7150	-3.6840	2.6572
354	1.2414	1.3798	0.1308	-0.1211	-0.1534	9.8765	-3.6210	2.6950
355	1.2394	1.3822	0.1272	-0.1294	-0.1466	9.9083	-3.6380	2.6756
356	1.2372	1.3857	0.1290	-0.1385	-0.1357	10.0711	-3.5120	2.7068
357	1.2348	1.3889	0.1284	-0.1485	-0.1255	9.7995	-3.8020	2.7908
358	1.2326	1.3916	0.1315	-0.1577	-0.1176	9.8138	-4.0790	2.8834
359	1.2294	1.3936	0.1272	-0.1710	-0.1121	10.2818	-4.1530	2.8634
360	1.2270	1.3945	0.1224	-0.1812	-0.1110	10.9910	-4.1080	2.8036
361	1.2426	1.5314	0.1207	-0.1190	0.4372	11.0993	-4.4270	2.9322
362	1.2401	1.5303	0.1290	-0.1292	0.4335	10.1151	-4.7050	3.0706
363	1.2370	1.5286	0.1302	-0.1420	0.4276	9.7455	-4.9540	2.9712
364	1.2341	1.5275	0.1278	-0.1540	0.4240	10.1752	-4.7000	2.8776
365	1.2310	1.5267	0.1284	-0.1669	0.4212	9.2908	-4.6340	2.8412
366	1.2285	1.5261	0.1296	-0.1774	0.4197	9.9907	-4.4830	2.8242
367	1.2236	1.5255	0.1254	-0.1977	0.4176	9.3955	-4.8430	3.0546
368	1.2185	1.5247	0.1290	-0.2189	0.4151	10.1612	-4.7270	2.9170
369	1.2136	1.5231	0.1266	-0.2395	0.4092	10.7123	-4.5090	2.9030
370	1.2104	1.5214	0.1308	-0.2531	0.4031	10.0345	-4.4390	2.8622
371	1.2422	1.5330	0.1278	-0.1261	0.4503	10.2929	-4.2210	2.8290
372	1.2408	1.5348	0.1290	-0.1320	0.4584	10.3472	-4.3050	2.8610
373	1.2388	1.5380	0.1183	-0.1402	0.4721	11.4061	-4.5140	2.9512
374	1.2378	1.5419	0.1290	-0.1445	0.4886	10.2027	-4.5100	2.8936
375	1.2362	1.5454	0.1278	-0.1513	0.5039	10.3663	-4.5190	2.9122
376	1.2320	1.5496	0.1272	-0.1685	0.5218	10.5776	-4.3230	2.7838
377	1.2260	1.5535	0.1278	-0.1931	0.5389	9.5137	-4.5480	2.9220
378	1.2189	1.5580	0.1315	-0.2222	0.5584	10.2249	-4.4910	2.8898
379	1.2111	1.5622	0.1260	-0.2544	0.5766	10.7157	-4.7340	2.9792
380	1.2046	1.5648	0.1308	-0.2815	0.5887	10.3307	-4.7830	3.0542
381	1.2426	1.3752	0.1272	-0.1296	-0.1728	10.8432	-4.6730	2.9718
382	1.2399	1.3735	0.1290	-0.1407	-0.1827	10.4001	-4.5270	2.8214
383	1.2368	1.3712	0.1230	-0.1537	-0.1951	10.8969	-4.3660	2.7816
384	1.2351	1.3689	0.1302	-0.1606	-0.2077	10.3509	-4.1580	2.7808
385	1.2329	1.3676	0.1266	-0.1700	-0.2163	10.5633	-4.0360	2.7572
386	1.2296	1.3650	0.1296	-0.1835	-0.2298	10.4000	-4.0430	2.7750
387	1.2262	1.3616	0.1248	-0.1979	-0.2469	10.8156	-4.0930	2.8754
388	1.2225	1.3584	0.1296	-0.2134	-0.2633	10.1953	-4.1180	2.9284
389	1.2180	1.3559	0.1296	-0.2320	-0.2770	10.6364	-4.0920	2.8052
390	1.2139	1.3522	0.1207	-0.2493	-0.2956	11.5471	-4.3340	2.9236
391	1.2111	1.3489	0.1266	-0.2615	-0.3125	10.5492	-3.8450	2.8522
392	1.2071	1.3463	0.1278	-0.2786	-0.3266	10.6594	-3.5370	2.7306
393	1.2012	1.3442	0.1242	-0.3034	-0.3389	10.8103	-3.0540	2.6760
394	1.1937	1.3435	0.1260	-0.3349	-0.3457	10.7934	-3.0500	2.6200
395	1.1856	1.3426	0.1248	-0.3690	-0.3533	10.6570	-3.1840	2.7112
396	1.1768	1.3415	0.1272	-0.4059	-0.3618	10.9279	-3.2770	2.6950
397	1.1657	1.3409	0.1160	-0.4526	-0.3678	12.0465	-3.2090	2.6434
398	1.1551	1.3406	0.1272	-0.4972	-0.3731	10.9645	-3.2750	2.6158
399	1.1436	1.3397	0.1302	-0.5461	-0.3808	10.6190	-3.0960	2.6840
400	1.1294	1.3382	0.1254	-0.6057	-0.3909	11.1560	-3.2120	2.6760
401	1.1150	1.3348	0.1242	-0.6666	-0.4086	10.8385	-3.1700	2.5244
402	1.0997	1.3316	0.1178	-0.7317	-0.4256	12.1113	-3.2740	2.6548
403	1.0849	1.3294	0.1236	-0.7949	-0.4388	11.1259	-3.1360	2.6272
404	1.0668	1.3281	0.1266	-0.8721	-0.4480	10.0216	-3.1520	2.6368
405	1.0517	1.3263	0.1254	-0.9373	-0.4595	10.8264	-3.0000	2.6200
406	1.0322	1.3245	0.1260	-1.0206	-0.4712	10.0127	-3.0440	2.6748
407	1.0131	1.3217	0.1272	-1.1032	-0.4870	11.0080	-3.2120	2.6908
408	0.9947	1.3166	0.1308	-1.1832	-0.5117	10.8926	-3.0250	2.6414
409	0.9765	1.3123	0.1260	-1.2628	-0.5339	11.0680	-2.9590	2.5886
410	0.9573	1.3077	0.1266	-1.3469	-0.5569	11.0742	-3.2140	2.6536
1	1.2210	1.5530	0.0000	-0.1167	0.2133	0.0000	1.3130	0.0000
2	1.2205	1.5531	0.1266	-0.1193	0.2151	3.8069	0.5750	-0.1289
3	1.2192	1.5533	0.1278	-0.1252	0.2172	3.8603	0.5160	-0.1003
4	1.2172	1.5536	0.1272	-0.1341	0.2197	4.3136	0.4660	-0.1219
5	1.2146	1.5539	0.1284	-0.1456	0.2224	3.8240	0.2410	-0.0601
6	1.2113	1.5544	0.1302	-0.1595	0.2255	3.9254	0.2860	-0.0890
7	1.2073	1.5550	0.1272	-0.1767	0.2294	4.0052	0.1800	-0.0495
8	1.2024	1.5557	0.1260	-0.1974	0.2334	4.1674	0.3840	-0.1316
9	1.1969	1.5565	0.1183	-0.2207	0.2381	5.0462	0.3730	-0.1195
10	1.1921	1.5573	0.1290	-0.2415	0.2427	4.0801	0.3140	-0.0945
11	1.2556	1.5341	0.1272	0.0128	0.1508	4.2557	0.3520	-0.1057
12	1.2549	1.5340	0.1278	0.0098	0.1515	4.0806	0.5040	-0.1414
13	1.2533	1.5342	0.1290	0.0037	0.1532	3.9533	0.4520	-0.1297
14	1.2511	1.5347	0.1254	-0.0053	0.1557	4.2851	0.3030	-0.1168
15	1.2482	1.5351	0.1296	-0.0169	0.1584	3.9774	0.1200	-0.0748
16	1.2446	1.5358	0.1254	-0.0313	0.1619	4.3215	0.2270	-0.1078
17	1.2405	1.5365	0.1284	-0.0480	0.1659	3.9787	0.4780	-0.1978
18	1.2357	1.5374	0.1254	-0.0677	0.1705	4.5384	0.2260	-0.1045
19	1.2303	1.5385	0.1189	-0.0898	0.1756	5.0956	0.1050	-0.0641
20	1.2255	1.5394	0.1278	-0.1096	0.1801	4.3437	0.1270	-0.0883
21	1.2638	1.5061	0.1260	0.0440	0.0470	4.3939	0.1710	-0.0926
22	1.2630	1.5062	0.1290	0.0412	0.0478	4.2915	0.1460	-0.0926
23	1.2616	1.5065	0.1290	0.0360	0.0492	3.4168	0.3030	-0.1499
24	1.2594	1.5072	0.1172	0.0274	0.0522	5.7498	0.2030	-0.0824
25	1.2565	1.5080	0.1284	0.0159	0.0557	4.3590	0.2640	-0.1367
26	1.2531	1.5087	0.1296	0.0024	0.0585	4.2312	0.2670	-0.1243
27	1.2494	1.5094	0.1278	-0.0126	0.0615	4.3466	0.1590	-0.1189
28	1.2451	1.5102	0.1308	-0.0297	0.0652	3.2883	0.2990	-0.1050
29	1.2402	1.5112	0.1236	-0.0495	0.0694	4.8267	0.3370	-0.1555
30	1.2358	1.5121	0.1278	-0.0674	0.0733	4.6405	0.3130	-0.1627
31	1.2496	1.5751	0.1183	-0.0123	0.3272	5.4899	0.3420	-0.1674
32	1.2484	1.5754	0.1272	-0.0170	0.3301	4.5645	0.3570	-0.1589
33	1.2460	1.5741	0.1278	-0.0269	0.3268	4.2105	0.3410	-0.1271
34	1.2425	1.5727	0.1272	-0.0410	0.3232	4.6010	0.2560	-0.1273
35	1.2383	1.5714	0.1254	-0.0580	0.3196	4.5360	0.2650	-0.1452
36	1.2335	1.5702	0.1278	-0.0776	0.3164	4.7474	0.1110	-0.1198
37	1.2282	1.5689	0.1272	-0.0997	0.3132	4.4760	0.0150	-0.0960
38	1.2223	1.5678	0.1284	-0.1240	0.3105	4.7723	-0.1780	-0.0510
39	1.2157	1.5669	0.1195	-0.1513	0.3083	5.4972	-0.3200	-0.0132
40	1.2100	1.5661	0.1266	-0.1751	0.3070	4.0660	-0.4040	0.0082
41	1.2398	1.5499	0.1290	-0.0561	0.2435	4.5649	-0.3390	-0.0465
42	1.2389	1.5499	0.1266	-0.0599	0.2445	4.7519	-0.2450	-0.0482
43	1.2373	1.5500	0.1266	-0.0666	0.2463	5.0731	-0.2980	-0.0117
44	1.2351	1.5502	0.1284	-0.0757	0.2484	4.5106	-0.5150	0.0545
45	1.2322	1.5505	0.1242	-0.0877	0.2509	4.7947	-0.4920	0.0171
46	1.2285	1.5511	0.1266	-0.1029	0.2543	4.7059	-0.4710	0.0177
47	1.2241	1.5520	0.1272	-0.1215	0.2593	4.9533	-0.5160	0.0593
48	1.2189	1.5531	0.1296	-0.1430	0.2649	4.6805	-0.4970	0.0389
49	1.2130	1.5543	0.1207	-0.1673	0.2713	5.6527	-0.4130	0.0301
50	1.2079	1.5555	0.1308	-0.1889	0.2773	3.5569	-0.4060	0.0331
51	1.2389	1.5469	0.1207	-0.0651	0.2442	5.6222	-0.3270	0.0130
52	1.2381	1.5469	0.1254	-0.0685	0.2454	4.8921	-0.2890	0.0015
53	1.2364	1.5470	0.1278	-0.0757	0.2471	4.7418	-0.2630	0.0075
54	1.2341	1.5474	0.1172	-0.0855	0.2496	6.0958	-0.2740	0.0231
55	1.2310	1.5479	0.1248	-0.0984	0.2529	5.0188	-0.3550	0.0534
56	1.2275	1.5485	0.1308	-0.1130	0.2564	4.4923	-0.4270	0.0710
57	1.2235	1.5492	0.1272	-0.1295	0.2604	5.0083	-0.5980	0.0971
58	1.2187	1.5500	0.1284	-0.1494	0.2650	5.1240	-0.7656	0.4357
59	1.2132	1.5510	0.1248	-0.1726	0.2703	5.2119	-0.8800	0.5109
60	1.2094	1.5517	0.1207	-0.1885	0.2744	5.9612	-0.9410	0.1698
61	1.2605	1.5703	0.1183	0.0161	0.3503	6.0151	-0.9600	0.2093
62	1.2594	1.5707	0.1278	0.0119	0.3541	5.2594	-1.0180	0.1991
63	1.2582	1.5713	0.1284	0.0073	0.3581	4.1282	-1.0870	0.2299
64	1.2562	1.5721	0.1189	-0.0007	0.3631	6.1777	-1.1630	0.2773
65	1.2535	1.5729	0.1278	-0.0112	0.3682	5.0082	-0.9910	0.2229
66	1.2500	1.5741	0.1321	-0.0253	0.3747	4.4540	-0.7330	0.1683
67	1.2456	1.5756	0.1266	-0.0428	0.3827	5.1287	-0.6510	0.1795
68	1.2404	1.5775	0.1272	-0.0641	0.3922	4.4812	-0.5070	0.1570
69	1.2344	1.5797	0.1178	-0.0886	0.4029	6.2878	-0.4030	0.1331
70	1.2301	1.5809	0.1296	-0.1063	0.4098	4.7577	-0.3910	0.1290
71	1.3119	1.5597	0.1172	0.2224	0.3265	6.2068	-0.2220	0.0900
72	1.3103	1.5601	0.1260	0.2179	0.3295	5.2256	-0.1410	0.0967
73	1.3087	1.5604	0.1284	0.2128	0.3322	5.3169	-0.1790	0.0807
74	1.3077	1.5598	0.1195	0.2102	0.3315	6.5264	-0.1780	0.1086
75	1.3059	1.5592	0.1278	0.2045	0.3306	5.3045	-0.0880	0.0957
76	1.3039	1.5581	0.1284	0.1980	0.3276	5.1896	-0.1430	0.1117
77	1.3010	1.5573	0.1278	0.1874	0.3258	5.2805	-0.1640	0.0940
78	1.2965	1.5582	0.1290	0.1706	0.3310	5.5791	0.0650	0.0337
79	1.2920	1.5586	0.1207	0.1535	0.3339	6.2334	0.0390	0.1113
80	1.2888	1.5578	0.1315	0.1421	0.3322	4.1786	-0.0250	0.0819
81	1.2273	1.5609	0.1290	-0.1048	0.3459	5.2637	0.2370	-0.0016
82	1.2249	1.5607	0.1284	-0.1151	0.3467	5.1136	0.1910	0.0399
83	1.2202	1.5622	0.1266	-0.1346	0.3544	5.5296	0.2000	0.0272
84	1.2143	1.5641	0.1254	-0.1589	0.3637	5.2732	0.3930	-0.0112
85	1.2075	1.5658	0.1266	-0.1871	0.3718	5.5068	0.4370	-0.0225
86	1.2001	1.5672	0.1272	-0.2181	0.3792	5.3326	0.5460	-0.0490
87	1.1918	1.5698	0.1266	-0.2528	0.3915	5.5437	0.7320	-0.1100
88	1.1828	1.5738	0.1308	-0.2905	0.4091	5.1130	0.8230	-0.1175
89	1.1728	1.5778	0.1290	-0.3325	0.4272	5.4110	1.0240	-0.1787
90	1.1644	1.5808	0.1296	-0.3682	0.4410	5.3524	1.0590	-0.2004
91	1.2500	1.5523	0.1254	-0.0257	0.3287	5.6929	0.9680	-0.1666
92	1.2474	1.5538	0.1207	-0.0360	0.3357	6.1605	1.0460	-0.1907
93	1.2451	1.5558	0.1248	-0.0456	0.3454	5.6832	1.0940	-0.2061
94	1.2418	1.5584	0.1284	-0.0589	0.3571	5.6905	1.0950	-0.2010
95	1.2381	1.5619	0.1272	-0.0740	0.3727	5.5516	1.0790	-0.2316
96	1.2328	1.5684	0.1284	-0.0954	0.4006	4.8900	0.8890	-0.1804
97	1.2276	1.5763	0.1172	-0.1171	0.4339	6.5533	0.7700	-0.1725
98	1.2214	1.5840	0.1321	-0.1426	0.4670	5.2039	0.6690	-0.1831
99	1.2138	1.5918	0.1278	-0.1738	0.5005	5.5529	0.8800	-0.3489
100	1.2069	1.5979	0.1278	-0.2023	0.5272	4.6833	0.5700	-0.1514
101	1.2444	1.5665	0.1315	-0.0526	0.4033	5.3250	0.4860	-0.1527
102	1.2425	1.5680	0.1278	-0.0605	0.4110	5.8420	0.3790	-0.1315
103	1.2389	1.5700	0.1254	-0.0751	0.4206	5.9076	0.4080	-0.1542
104	1.2348	1.5716	0.1278	-0.0920	0.4286	5.8185	0.4320	-0.1603
105	1.2323	1.5739	0.1266	-0.1022	0.4400	5.3837	0.5070	-0.2005
106	1.2300	1.5774	0.1284	-0.1120	0.4558	6.0870	0.5070	-0.1872
107	1.2272	1.5822	0.1195	-0.1237	0.4771	6.9311	0.6670	-0.2552
108	1.2251	1.5872	0.1284	-0.1328	0.4994	5.8794	0.9270	-0.3180
109	1.2223	1.5922	0.1308	-0.1445	0.5218	5.4841	1.1020	-0.3706
110	1.2203	1.5957	0.1308	-0.1536	0.5379	5.6765	1.1240	-0.3567
111	1.2391	1.5666	0.1248	-0.0786	0.4232	6.2947	1.3620	-0.4515
112	1.2386	1.5671	0.1242	-0.0807	0.4270	6.0244	1.4020	-0.4253
113	1.2377	1.5682	0.1278	-0.0847	0.4329	5.9719	1.4290	-0.4803
114	1.2377	1.5679	0.1272	-0.0850	0.4333	6.1230	1.5100	-0.4533
115	1.2377	1.5663	0.1278	-0.0855	0.4288	5.9479	1.5370	-0.5216
116	1.2369	1.5651	0.1315	-0.0890	0.4258	5.7699	1.2780	-0.4180
117	1.2361	1.5645	0.1178	-0.0923	0.4250	7.0097	1.0650	-0.3755
118	1.2363	1.5624	0.1284	-0.0919	0.4180	6.2947	0.8380	-0.3977
119	1.2364	1.5603	0.1290	-0.0918	0.4112	5.7549	0.6120	-0.3018
120	1.2366	1.5590	0.1315	-0.0913	0.4073	5.9004	0.6510	-0.3966
121	1.2248	1.5424	0.1260	-0.1392	0.3420	6.3872	0.4850	-0.3095
122	1.2220	1.5433	0.1218	-0.1512	0.3468	6.9654	0.3080	-0.2659
123	1.2191	1.5438	0.1254	-0.1637	0.3499	6.2547	0.1890	-0.2807
124	1.2172	1.5438	0.1302	-0.1720	0.3508	5.8741	0.8800	-0.7011
125	1.2156	1.5428	0.1260	-0.1791	0.3481	6.1593	0.2240	-0.3252
126	1.2141	1.5426	0.1296	-0.1859	0.3482	6.1659	0.2320	-0.2897
127	1.2126	1.5428	0.1183	-0.1932	0.3500	7.1763	0.1330	-0.2817
128	1.2122	1.5413	0.1290	-0.1955	0.3452	5.3199	0.1920	-0.2935
129	1.2116	1.5397	0.1284	-0.1990	0.3396	4.8896	0.2420	0.6934
130	1.2097	1.5392	0.1302	-0.2074	0.3385	6.0418	0.3040	-0.3604
131	1.2529	1.5027	0.1296	-0.0345	0.1927	5.9483	0.2600	-0.3192
132	1.2512	1.5043	0.1201	-0.0414	0.1992	7.1730	0.1620	-0.2904
133	1.2499	1.5051	0.1224	-0.0468	0.2024	6.9699	-0.0120	-0.2099
134	1.2475	1.5054	0.1290	-0.0562	0.2040	6.0177	-0.0950	-0.2595
135	1.2432	1.5069	0.1284	-0.0736	0.2101	6.2291	-0.3090	-0.1691
136	1.2360	1.5096	0.1254	-0.1028	0.2211	6.2487	-0.4360	-0.1466
137	1.2262	1.5140	0.1254	-0.1426	0.2392	6.6869	-0.7190	-0.0943
138	1.2160	1.5180	0.1254	-0.1844	0.2557	6.6448	-0.9700	-0.0399
139	1.2053	1.5214	0.1272	-0.2281	0.2696	5.5582	-1.2030	0.0365
140	1.1974	1.5246	0.1308	-0.2609	0.2829	6.2062	-1.2480	0.0281
141	1.2374	1.5394	0.1272	-0.1015	0.3431	6.2360	-1.2860	0.0272
142	1.2353	1.5406	0.1189	-0.1101	0.3491	7.6709	-1.3120	0.0488
143	1.2327	1.5433	0.1272	-0.1209	0.3608	6.4529	-1.1910	0.0311
144	1.2297	1.5459	0.1315	-0.1335	0.3724	4.8434	-1.1660	0.0456
145	1.2262	1.5486	0.1260	-0.1482	0.3847	6.5144	-1.0910	0.0579
146	1.2212	1.5520	0.1290	-0.1688	0.3995	6.7772	-0.9950	0.0517
147	1.2178	1.5534	0.1284	-0.1830	0.4062	6.3214	-0.9260	0.0336
148	1.2174	1.5529	0.1308	-0.1857	0.4056	6.1675	-0.8160	-0.0173
149	1.2168	1.5515	0.1272	-0.1890	0.4015	5.5606	-0.7930	0.0303
150	1.2150	1.5500	0.1315	-0.1969	0.3965	6.0676	-0.9260	0.0859
151	1.2630	1.5379	0.1266	-0.0046	0.3490	6.6691	-1.1470	0.1217
152	1.2615	1.5384	0.1272	-0.0103	0.3522	6.7359	-0.9140	0.0475
153	1.2591	1.5389	0.1260	-0.0196	0.3553	6.8984	-0.7910	0.0602
154	1.2548	1.5400	0.1302	-0.0370	0.3604	6.2279	-0.9020	0.1041
155	1.2500	1.5408	0.1213	-0.0560	0.3648	7.5051	-1.0762	0.1573
156	1.2448	1.5417	0.1284	-0.0768	0.3693	6.7251	0.0000	-0.5542
157	1.2395	1.5431	0.1290	-0.0982	0.3759	6.6100	-1.2150	0.1943
158	1.2335	1.5448	0.1278	-0.1229	0.3840	6.7125	-1.1750	0.1532
159	1.2266	1.5500	0.1254	-0.1510	0.4061	6.7790	-1.0760	0.1446
160	1.2223	1.5531	0.1278	-0.1688	0.4199	6.5016	-1.0030	0.1312
161	1.2368	1.5355	0.1242	-0.1113	0.3500	7.0077	-0.6590	0.0848
162	1.2384	1.5336	0.1296	-0.1050	0.3433	5.8427	-0.6450	0.1082
163	1.2408	1.5314	0.1160	-0.0956	0.3356	7.9676	-0.5840	0.1091
164	1.2432	1.5291	0.1272	-0.0864	0.3268	7.1881	-0.4840	0.0894
165	1.2447	1.5269	0.1290	-0.0805	0.3188	6.6242	0.0000	-0.2861
166	1.2465	1.5238	0.1296	-0.0734	0.3072	6.8111	2.0000	-1.3028
167	1.2489	1.5198	0.1290	-0.0637	0.2916	6.7204	-0.3520	0.0559
168	1.2504	1.5154	0.1284	-0.0578	0.2744	6.9321	-0.5080	0.0897
169	1.2520	1.5118	0.1242	-0.0513	0.2603	7.2735	-0.5070	0.1117
170	1.2536	1.5095	0.1272	-0.0447	0.2513	6.9856	-0.5310	0.1280
171	1.3125	1.5793	0.1266	0.1924	0.5324	6.9554	-0.2800	0.0272
172	1.3119	1.5793	0.1290	0.1916	0.5345	5.7416	-0.3510	0.0958
173	1.3116	1.5796	0.1172	0.1920	0.5375	7.9449	-0.4270	0.1106
174	1.3099	1.5791	0.1248	0.1865	0.5375	7.4078	-0.5480	0.1380
175	1.3071	1.5793	0.1290	0.1769	0.5403	6.7399	-0.5540	0.1293
176	1.3042	1.5792	0.1272	0.1665	0.5419	7.0962	-0.4510	0.0969
177	1.3005	1.5797	0.1278	0.1530	0.5459	6.9215	-0.3210	0.0780
178	1.2952	1.5805	0.1272	0.1331	0.5510	7.1329	-0.2400	0.0840
179	1.2896	1.5811	0.1254	0.1114	0.5558	7.0681	-0.0490	0.0161
180	1.2851	1.5824	0.1302	0.0942	0.5627	7.0417	-0.1050	0.0705
181	1.2417	1.5189	0.1254	-0.0793	0.3093	7.3332	-0.0620	0.0376
182	1.2430	1.5188	0.1260	-0.0745	0.3095	7.1592	0.0380	0.0352
183	1.2471	1.5185	0.1189	-0.0582	0.3086	8.0284	0.1260	-0.0040
184	1.2520	1.5180	0.1296	-0.0385	0.3071	7.0018	0.0000	0.1328
185	1.2561	1.5172	0.1284	-0.0218	0.3042	7.1052	0.3836	-0.0426
186	1.2597	1.5157	0.1278	-0.0071	0.2987	7.3775	1.9140	-0.9707
187	1.2642	1.5130	0.1266	0.0113	0.2882	7.4796	0.2960	-0.0451
188	1.2675	1.5112	0.1195	0.0248	0.2815	8.5333	0.3310	-0.0749
189	1.2692	1.5100	0.1272	0.0322	0.2769	6.9645	0.2600	-0.0405
190	1.2681	1.5087	0.1302	0.0280	0.2717	7.2783	0.2800	-0.0475
191	1.2426	1.5833	0.1272	-0.0740	0.5724	7.5960	-0.0060	0.0010
192	1.2406	1.5830	0.1290	-0.0823	0.5733	7.3961	-0.3130	0.0854
193	1.2389	1.5824	0.1178	-0.0894	0.5730	8.4029	-0.2430	0.0515
194	1.2382	1.5815	0.1201	-0.0926	0.5710	8.7466	-0.3850	0.0889
195	1.2354	1.5807	0.1278	-0.1041	0.5701	7.4101	-0.4190	0.0912
196	1.2314	1.5795	0.1278	-0.1206	0.5672	7.5496	-0.4810	0.1277
197	1.2273	1.5778	0.1272	-0.1374	0.5622	6.3383	-0.4210	0.1094
198	1.2265	1.5755	0.1302	-0.1412	0.5553	7.3556	-0.3530	0.1003
199	1.2264	1.5742	0.1254	-0.1423	0.5519	7.4109	-0.1224	0.0551
200	1.2262	1.5734	0.1284	-0.1438	0.5505	7.6073	-0.0800	0.0165
201	1.2389	1.5393	0.1266	-0.0930	0.4149	7.4757	-0.1500	0.0351
202	1.2395	1.5383	0.1260	-0.0911	0.4118	7.3863	0.0090	0.0069
203	1.2406	1.5374	0.1290	-0.0867	0.4094	7.1624	0.1380	-0.0292
204	1.2399	1.5348	0.1284	-0.0897	0.3999	7.4339	0.0980	0.0311
205	1.2379	1.5339	0.1272	-0.0982	0.3969	6.7082	0.2110	-0.0370
206	1.2351	1.5330	0.1278	-0.1096	0.3943	7.7245	0.2360	-0.0074
207	1.2337	1.5320	0.1272	-0.1158	0.3911	7.7546	0.3560	-0.0557
208	1.2320	1.5341	0.1266	-0.1229	0.4003	7.6632	0.3950	-0.0397
209	1.2299	1.5341	0.1272	-0.1317	0.4012	7.7302	0.6070	-0.1173
210	1.2288	1.5331	0.1302	-0.1370	0.3979	6.6035	0.7340	-0.1563
211	1.2366	1.5440	0.1266	-0.1058	0.4427	7.8888	0.9640	-0.2065
212	1.2369	1.5468	0.1278	-0.1051	0.4549	7.7015	0.9660	-0.1988
213	1.2348	1.5502	0.1290	-0.1138	0.4697	7.3334	0.7970	-0.1391
214	1.2307	1.5504	0.1302	-0.1309	0.4721	7.6892	0.8520	-0.1798
215	1.2279	1.5462	0.1260	-0.1424	0.4565	6.7922	0.9950	-0.2232
216	1.2279	1.5385	0.1290	-0.1432	0.4262	7.6297	1.1630	-0.2877
217	1.2287	1.5285	0.1260	-0.1405	0.3872	7.8289	1.2430	-0.2935
218	1.2308	1.5151	0.1266	-0.1326	0.3338	7.9559	1.2180	-0.3075
219	1.2308	1.4992	0.1248	-0.1330	0.2705	8.0090	1.2040	-0.3263
220	1.2278	1.4861	0.1290	-0.1454	0.2176	7.8200	1.1480	-0.3034
221	1.2365	1.5685	0.1284	-0.1110	0.5490	7.5454	1.0260	-0.2805
222	1.2312	1.5748	0.1290	-0.1328	0.5757	7.6112	1.0220	-0.3070
223	1.2225	1.5860	0.1278	-0.1682	0.6227	7.5946	0.9780	-0.3290
224	1.2117	1.6008	0.1278	-0.2126	0.6844	7.9134	1.3450	-0.4388
225	1.2043	1.6154	0.1260	-0.2431	0.7460	8.2088	1.6720	-0.5220
226	1.1964	1.6263	0.1189	-0.2761	0.7927	8.8968	1.5920	-0.4635
227	1.1840	1.6398	0.1266	-0.3275	0.8503	7.7534	1.4510	-0.4590
228	1.1714	1.6555	0.1272	-0.3798	0.9167	7.9392	1.6800	-0.5648
229	1.1611	1.6668	0.1260	-0.4231	0.9662	7.9218	1.7850	-0.5494
230	1.1513	1.6775	0.1278	-0.4646	1.0136	7.7195	1.8000	-0.5896
231	1.2383	1.5289	0.1278	-0.1171	0.4197	7.9145	1.9120	-0.6325
232	1.2383	1.5292	0.1272	-0.1172	0.4218	8.0656	1.5380	-0.5411
233	1.2405	1.5303	0.1272	-0.1088	0.4270	8.0239	1.7010	-0.6115
234	1.2436	1.5303	0.1254	-0.0967	0.4277	8.0186	1.6940	-0.6488
235	1.2474	1.5320	0.1284	-0.0813	0.4350	7.9761	1.8600	-0.6858
236	1.2483	1.5331	0.1272	-0.0779	0.4406	8.3815	1.8070	-0.7013
237	1.2489	1.5347	0.1254	-0.0754	0.4478	8.1931	1.9500	-0.7376
238	1.2487	1.5389	0.1302	-0.0763	0.4655	7.0396	1.9652	-1.1870
239	1.2475	1.5445	0.1266	-0.0811	0.4891	8.1460	1.7436	-0.7276
240	1.2450	1.5493	0.1284	-0.0911	0.5093	7.4674	1.7380	-0.7282
241	1.2341	1.5628	0.1266	-0.1353	0.5650	8.4778	1.6930	-0.7398
242	1.2292	1.5636	0.1266	-0.1553	0.5699	8.2534	1.6080	-0.7489
243	1.2214	1.5652	0.1266	-0.1874	0.5779	7.0975	1.5340	-0.7365
244	1.2130	1.5678	0.1172	-0.2217	0.5901	9.3627	1.5260	-0.7539
245	1.2041	1.5714	0.1254	-0.2586	0.6062	8.4537	1.7640	-0.8355
246	1.1977	1.5739	0.1296	-0.2857	0.6179	8.1465	1.9530	-0.8703
247	1.1922	1.5761	0.1266	-0.3088	0.6288	8.4062	1.9470	-0.8852
248	1.1864	1.5792	0.1302	-0.3339	0.6431	7.3331	1.9330	-0.8826
249	1.1795	1.5828	0.1183	-0.3632	0.6594	9.3750	2.0000	-0.9171
250	1.1740	1.5860	0.1296	-0.3871	0.6744	8.2158	2.0350	-0.9978
251	1.2404	1.5317	0.1278	-0.1218	0.4581	8.2071	1.8960	-1.8982
252	1.2366	1.5335	0.1248	-0.1370	0.4663	8.4059	1.9040	-0.9880
253	1.2327	1.5356	0.1260	-0.1531	0.4753	7.6920	1.8330	-0.9449
254	1.2278	1.5385	0.1178	-0.1733	0.4878	9.4694	1.8110	-0.9723
255	1.2228	1.5421	0.1266	-0.1938	0.5032	8.3064	1.6500	-0.9593
256	1.2180	1.5473	0.1284	-0.2141	0.5255	8.2272	1.6700	-0.9772
257	1.2114	1.5542	0.1272	-0.2415	0.5545	8.2708	1.5960	-0.9653
258	1.2027	1.5629	0.1308	-0.2773	0.5908	8.0314	1.7390	-1.0762
259	1.1932	1.5728	0.1272	-0.3166	0.6321	8.5470	1.8580	-1.1269
260	1.1864	1.5817	0.1189	-0.3456	0.6696	8.7259	2.0060	-1.1615
261	1.2475	1.5450	0.1272	-0.1013	0.5241	8.3369	1.9610	-1.1549
262	1.2461	1.5440	0.1248	-0.1069	0.5212	8.7625	1.9130	-1.1321
263	1.2449	1.5427	0.1242	-0.1117	0.5172	8.7329	1.9450	-1.1729
264	1.2429	1.5428	0.1218	-0.1202	0.5185	9.0355	2.1450	-1.2771
265	1.2407	1.5437	0.1230	-0.1291	0.5231	8.7341	2.1820	-1.2984
266	1.2389	1.5439	0.1278	-0.1364	0.5250	8.7188	2.2760	-1.3570
267	1.2352	1.5441	0.1260	-0.1516	0.5269	8.7129	2.2380	-1.3318
268	1.2323	1.5456	0.1296	-0.1637	0.5341	8.7200	2.1380	-1.3080
269	1.2283	1.5476	0.1284	-0.1804	0.5434	8.5194	1.9490	-1.3311
270	1.2252	1.5503	0.1296	-0.1933	0.5552	7.7933	2.1900	-1.4491
271	1.2484	1.5197	0.1302	-0.1004	0.4336	8.3294	2.3780	-1.4997
272	1.2486	1.5205	0.1254	-0.0996	0.4370	8.8679	2.6100	-1.5139
273	1.2476	1.5201	0.1248	-0.1037	0.4361	8.7189	2.6390	-1.5424
274	1.2457	1.5186	0.1272	-0.1117	0.4306	8.8694	2.5780	-1.5598
275	1.2438	1.5167	0.1254	-0.1194	0.4235	8.9231	2.5620	-1.5794
276	1.2439	1.5142	0.1296	-0.1190	0.4137	7.7247	2.3640	-1.5313
277	1.2463	1.5127	0.1201	-0.1094	0.4082	9.7802	2.3790	-1.5995
278	1.2471	1.5092	0.1260	-0.1065	0.3944	9.2091	2.0240	-1.5065
279	1.2450	1.5084	0.1272	-0.1148	0.3912	8.6609	2.1960	-1.6093
280	1.2438	1.5110	0.1284	-0.1199	0.4019	7.7083	2.0020	-1.5357
281	1.2617	1.5134	0.1284	-0.0479	0.4118	8.6654	2.1300	-1.6219
282	1.2633	1.5073	0.1149	-0.0415	0.3878	10.6106	1.8990	-1.6091
283	1.2649	1.4975	0.1272	-0.0346	0.3484	8.9078	1.8690	-1.6125
284	1.2698	1.4827	0.1290	-0.0145	0.2887	8.7684	1.9490	-1.6407
285	1.2789	1.4636	0.1272	0.0226	0.2115	8.9439	1.9610	-1.6732
286	1.2911	1.4452	0.1278	0.0727	0.1366	8.8897	1.8878	-1.6759
287	1.3013	1.4296	0.1166	0.1147	0.0722	10.1332	1.7300	-1.5885
288	1.3123	1.4162	0.1278	0.1601	0.0168	9.1081	1.8000	-1.6936
289	1.3235	1.3991	0.1178	0.2067	-0.0542	9.7936	1.7920	-1.7096
290	1.3340	1.3844	0.1296	0.2507	-0.1160	8.8628	1.7350	-1.6451
291	1.2380	1.5582	0.1242	-0.1334	0.5808	9.2865	1.7700	-1.7206
292	1.2393	1.5565	0.1284	-0.1284	0.5755	9.1018	11.9130	-3.8419
293	1.2392	1.5550	0.1296	-0.1291	0.5707	8.6127	1.9180	-2.2240
294	1.2366	1.5523	0.1290	-0.1399	0.5612	7.9397	1.7520	-1.8412
295	1.2334	1.5506	0.1154	-0.1532	0.5555	10.4710	1.8810	-1.8686
296	1.2304	1.5482	0.1290	-0.1658	0.5474	9.2242	2.2390	-2.0434
297	1.2283	1.5472	0.1284	-0.1744	0.5445	9.1933	2.5340	-2.0874
298	1.2259	1.5473	0.1296	-0.1846	0.5461	9.0052	2.5080	-2.0964
299	1.2248	1.5472	0.1296	-0.1896	0.5470	8.9630	2.5610	-2.1364
300	1.2244	1.5494	0.1254	-0.1920	0.5570	9.1849	2.5780	-2.1273
301	1.2443	1.5856	0.1284	-0.1125	0.7038	9.2028	2.2960	-2.0735
302	1.2465	1.5840	0.1254	-0.1038	0.6997	9.3973	2.2680	-2.1690
303	1.2513	1.5827	0.1224	-0.0848	0.6964	9.7724	2.1540	-2.0548
304	1.2586	1.5812	0.1302	-0.0552	0.6922	9.0356	2.2700	-2.1434
305	1.2692	1.5806	0.1260	-0.0122	0.6921	9.2014	2.3700	-2.2099
306	1.2825	1.5828	0.1272	0.0416	0.7027	9.1952	-4.6760	-0.7959
307	1.2970	1.5864	0.1254	0.1009	0.7195	9.4897	2.5310	-2.2626
308	1.3089	1.5916	0.1260	0.1501	0.7426	9.3158	2.5540	-2.2864
309	1.3175	1.5981	0.1266	0.1861	0.7710	8.5557	2.6940	-2.6229
310	1.3240	1.6048	0.1290	0.2140	0.8004	9.2274	2.2480	-2.2758
311	1.2450	1.5417	0.1266	-0.1022	0.5489	8.3540	2.5900	-2.3382
312	1.2472	1.5450	0.1254	-0.0934	0.5634	9.5737	2.7270	-2.4100
313	1.2470	1.5482	0.1242	-0.0942	0.5772	9.6756	2.7580	-2.4479
314	1.2454	1.5510	0.1278	-0.1008	0.5897	9.2024	2.8480	-2.5086
315	1.2435	1.5543	0.1254	-0.1087	0.6042	9.5691	2.8240	-2.5160
316	1.2408	1.5595	0.1296	-0.1198	0.6267	9.3215	2.8200	-2.5672
317	1.2368	1.5658	0.1266	-0.1362	0.6535	8.3498	2.6750	-2.5350
318	1.2310	1.5733	0.1266	-0.1595	0.6852	9.4204	2.5640	-2.4792
319	1.2255	1.5805	0.1284	-0.1822	0.7160	9.5220	2.7550	-2.5518
320	1.2211	1.5878	0.1183	-0.2006	0.7474	10.6862	2.8790	-2.5746
321	1.2227	1.5956	0.1278	-0.1949	0.7811	9.6853	3.0670	-2.6309
322	1.2226	1.5912	0.1266	-0.1959	0.7659	9.4274	3.2490	-2.7130
323	1.2231	1.5879	0.1272	-0.1946	0.7547	9.4931	3.4100	-2.6436
324	1.2282	1.5886	0.1290	-0.1747	0.7600	9.6556	3.4770	-2.6874
325	1.2322	1.5878	0.1189	-0.1593	0.7589	10.7010	3.4960	-2.7024
326	1.2376	1.5843	0.1296	-0.1379	0.7471	9.6762	3.5310	-2.7202
327	1.2436	1.5829	0.1284	-0.1140	0.7436	9.7182	3.4630	-2.6686
328	1.2490	1.5826	0.1284	-0.0926	0.7445	9.8578	3.4000	-2.6408
329	1.2522	1.5822	0.1266	-0.0799	0.7445	9.5504	3.1660	-2.5952
330	1.2573	1.5838	0.1195	-0.0592	0.7534	10.7179	3.0900	-2.5872
331	1.2340	1.5108	0.1260	-0.1527	0.4615	9.7718	2.8580	-2.5384
332	1.2270	1.5075	0.1278	-0.1813	0.4486	8.9819	3.0640	-2.6504
333	1.2151	1.5003	0.1178	-0.2297	0.4197	10.8592	3.0480	-2.6208
334	1.2010	1.4901	0.1296	-0.2874	0.3786	9.6939	3.4080	-2.7268
335	1.1900	1.4840	0.1290	-0.3330	0.3539	9.7242	3.4510	-2.6954
336	1.1801	1.4821	0.1278	-0.3744	0.3458	9.8873	3.6210	-2.7794
337	1.1678	1.4797	0.1284	-0.4255	0.3356	8.8257	3.7710	-2.7418
338	1.1557	1.4752	0.1296	-0.4764	0.3172	9.7060	3.9110	-2.7822
339	1.1457	1.4750	0.1236	-0.5187	0.3156	9.9074	4.2490	-2.9094
340	1.1398	1.4734	0.1266	-0.5453	0.3085	10.0420	4.3090	-2.8574
341	1.2464	1.5326	0.1254	-0.1189	0.5464	10.2615	4.2610	-2.8438
342	1.2465	1.5332	0.1278	-0.1184	0.5493	9.9910	4.1480	-2.8088
343	1.2478	1.5359	0.1183	-0.1136	0.5612	10.8455	4.1570	-2.8566
344	1.2475	1.5399	0.1260	-0.1145	0.5780	10.0037	4.0220	-2.8044
345	1.2467	1.5460	0.1260	-0.1181	0.6038	9.7250	4.1960	-2.8488
346	1.2424	1.5528	0.1254	-0.1355	0.6321	10.3538	3.8720	-2.7760
347	1.2379	1.5597	0.1266	-0.1537	0.6614	9.9278	3.5760	-2.6420
348	1.2330	1.5669	0.1272	-0.1737	0.6917	9.9341	3.6040	-2.6832
349	1.2288	1.5742	0.1242	-0.1912	0.7230	10.2523	3.5330	-2.6810
350	1.2255	1.5785	0.1172	-0.2047	0.7419	11.3481	3.4600	-2.7420
351	1.2192	1.6228	0.1272	-0.2308	0.9223	9.9796	1.2490	-2.2498
352	1.2182	1.6236	0.1284	-0.2355	0.9287	10.0939	3.1640	-2.5816
353	1.2188	1.6256	0.1207	-0.2342	0.9396	10.8608	3.2030	-2.6062
354	1.2206	1.6289	0.1272	-0.2273	0.9561	10.2151	3.1630	-2.6378
355	1.2212	1.6323	0.1284	-0.2258	0.9731	9.1419	3.1420	-2.6820
356	1.2201	1.6364	0.1266	-0.2310	0.9927	10.2640	2.8750	-2.6138
357	1.2210	1.6417	0.1272	-0.2280	1.0174	10.4520	2.7300	-2.5408
358	1.2231	1.6471	0.1290	-0.2205	1.0429	10.0703	2.5600	-2.4632
359	1.2256	1.6540	0.1272	-0.2112	1.0741	10.2464	2.3180	-2.4340
360	1.2259	1.6597	0.1308	-0.2106	1.1013	9.9447	2.2790	-2.4598
361	1.2156	1.5812	0.1266	-0.2524	0.7891	10.4079	2.1200	-2.4188
362	1.2118	1.5798	0.1272	-0.2687	0.7854	10.4140	2.5520	-2.5348
363	1.2057	1.5783	0.1290	-0.2939	0.7813	10.0338	2.4920	-2.5392
364	1.1992	1.5794	0.1302	-0.3214	0.7877	10.1469	2.2470	-2.3934
365	1.1924	1.5829	0.1248	-0.3501	0.8038	9.4038	2.2290	-2.4574
366	1.1874	1.5859	0.1195	-0.3718	0.8181	11.4735	2.2400	-2.5187
367	1.1831	1.5897	0.1266	-0.3905	0.8355	9.4556	2.2850	-2.4882
368	1.1798	1.5929	0.1296	-0.4053	0.8505	10.2341	2.3840	-2.4592
369	1.1763	1.5971	0.1260	-0.4214	0.8697	10.5666	2.3230	-2.5062
370	1.1756	1.5994	0.1296	-0.4259	0.8815	10.2064	2.2920	-2.3872
371	1.2585	1.5215	0.1183	-0.0942	0.5707	11.7017	2.4880	-2.4292
372	1.2567	1.5198	0.1266	-0.1013	0.5640	10.3074	2.7570	-2.2702
373	1.2526	1.5173	0.1296	-0.1173	0.5545	10.2027	2.5320	-2.4704
374	1.2488	1.5134	0.1272	-0.1327	0.5392	10.5719	2.5550	-2.5654
375	1.2431	1.5077	0.1278	-0.1558	0.5166	10.3373	2.6090	-2.5286
376	1.2379	1.5030	0.1189	-0.1767	0.4980	11.4227	2.6780	-2.5368
377	1.2354	1.4992	0.1272	-0.1872	0.4829	10.6876	2.9320	-2.6500
378	1.2345	1.4965	0.1278	-0.1913	0.4717	10.6335	2.8600	-2.5480
379	1.2340	1.4927	0.1272	-0.1934	0.4564	10.6637	2.9650	-2.5534
380	1.2337	1.4899	0.1302	-0.1952	0.4452	10.4924	2.9090	-2.5354
381	1.2229	1.4550	0.1236	-0.2390	0.3043	10.7599	2.9050	-2.5666
382	1.2265	1.4570	0.1272	-0.2254	0.3113	11.0109	2.6720	-2.5592
383	1.2320	1.4607	0.1284	-0.2035	0.3249	10.5199	2.5780	-2.5600
384	1.2368	1.4645	0.1260	-0.1847	0.3395	10.8270	2.5180	-2.5032
385	1.2422	1.4686	0.1242	-0.1633	0.3549	10.9404	2.5280	-2.5316
386	1.2489	1.4724	0.1178	-0.1366	0.3697	11.9144	2.3540	-2.4636
387	1.2521	1.4741	0.1284	-0.1236	0.3757	10.6542	2.2580	-2.4516
388	1.2520	1.4716	0.1278	-0.1242	0.3648	10.6246	2.2730	-2.5398
389	1.2510	1.4659	0.1260	-0.1282	0.3414	10.6204	2.0780	-2.4004
390	1.2502	1.4609	0.1308	-0.1311	0.3202	10.5947	2.0000	-2.3252
391	1.2492	1.5348	0.1284	-0.1352	0.6168	10.7193	2.3240	-2.4788
392	1.2476	1.5387	0.1278	-0.1416	0.6336	10.8099	2.2020	-2.3760
393	1.2445	1.5429	0.1248	-0.1543	0.6512	10.0681	2.1620	-2.3972
394	1.2390	1.5469	0.1178	-0.1765	0.6682	11.9329	2.2350	-2.4166
395	1.2304	1.5501	0.1266	-0.2116	0.6824	10.9502	2.2770	-2.4734
396	1.2225	1.5501	0.1278	-0.2438	0.6837	10.5842	2.3020	-2.4584
397	1.2157	1.5486	0.1272	-0.2720	0.6788	10.9750	2.2370	-2.5002
398	1.2078	1.5479	0.1278	-0.3047	0.6773	11.2242	2.0750	-2.4246
399	1.1983	1.5482	0.1189	-0.3439	0.6796	12.0064	2.1240	-2.4416
400	1.1911	1.5482	0.1284	-0.3740	0.6811	10.1091	2.0550	-2.3842
401	1.2518	1.5254	0.1154	-0.1312	0.5904	14.3515	2.3430	-2.5170
402	1.2549	1.5264	0.1290	-0.1185	0.5950	12.8265	2.6960	-2.5844
403	1.2600	1.5296	0.1236	-0.0980	0.6085	13.1596	2.6400	-2.4704
404	1.2669	1.5318	0.1178	-0.0701	0.6180	14.5072	2.3990	-2.3502
405	1.2726	1.5354	0.1278	-0.0465	0.6334	13.2231	2.2660	-2.4356
406	1.2785	1.5412	0.1290	-0.0225	0.6578	13.2420	1.8610	-2.3206
407	1.2861	1.5465	0.1254	0.0089	0.6799	13.1184	1.8760	-2.3748
408	1.2948	1.5500	0.1302	0.0447	0.6954	12.1703	1.5950	-2.2930
409	1.3030	1.5525	0.1154	0.0790	0.7065	14.3412	1.7760	-2.4216
410	1.3100	1.5547	0.1278	0.1087	0.7166	13.1909	1.8400	-2.3904
411	1.2512	1.5505	0.1290	-0.1268	0.7014	11.1203	1.6250	-2.3438
412	1.2469	1.5546	0.1132	-0.1438	0.7190	12.7430	1.3630	-2.2166
413	1.2421	1.5574	0.1248	-0.1634	0.7315	11.6037	1.1740	-2.2848
414	1.2375	1.5594	0.1260	-0.1822	0.7409	11.8412	1.1560	-2.2016
415	1.2338	1.5644	0.1254	-0.1972	0.7626	11.3904	0.9020	-2.1676
416	1.2320	1.5701	0.1272	-0.2051	0.7873	11.4922	0.7930	-2.1466
417	1.2326	1.5768	0.1172	-0.2028	0.8160	12.5346	0.6150	-2.0854
418	1.2372	1.5828	0.1254	-0.1850	0.8420	11.8670	0.7390	-2.1690
419	1.2436	1.5883	0.1260	-0.1596	0.8661	11.4534	1.0680	-2.3084
420	1.2496	1.5943	0.1254	-0.1354	0.8927	11.8400	1.3370	-2.3330
421	1.2568	1.4916	0.1290	-0.1064	0.4815	11.4208	1.3050	-2.3018
422	1.2575	1.4956	0.1236	-0.1033	0.4976	12.0278	1.3110	-2.2882
423	1.2602	1.5024	0.1272	-0.0924	0.5246	11.3762	1.4640	-2.3028
424	1.2659	1.5086	0.1266	-0.0690	0.5498	11.5264	1.7850	-2.4070
425	1.2750	1.5148	0.1230	-0.0320	0.5752	11.9150	2.0620	-2.4456
426	1.2879	1.5232	0.1254	0.0205	0.6093	10.8855	2.0650	-2.5050
427	1.3026	1.5322	0.1248	0.0806	0.6461	11.5017	2.1730	-2.5062
428	1.3206	1.5420	0.1284	0.1541	0.6861	11.8063	2.1780	-2.4524
429	1.3399	1.5535	0.1272	0.2339	0.7336	11.7874	2.1310	-2.4162
430	1.3557	1.5634	0.1302	0.2997	0.7749	11.7417	5.1090	-4.2434
431	1.2500	1.5124	0.1266	-0.1233	0.5710	11.5325	2.2690	-2.4530
432	1.2516	1.5137	0.1260	-0.1168	0.5767	11.8623	2.6420	-2.5492
433	1.2542	1.5175	0.1260	-0.1063	0.5922	11.8211	2.8550	-2.6178
434	1.2566	1.5206	0.1236	-0.0965	0.6051	11.1863	2.8860	-2.5612
435	1.2616	1.5225	0.1278	-0.0763	0.6132	11.7623	2.6860	-2.5248
436	1.2692	1.5233	0.1272	-0.0454	0.6171	12.0341	2.7510	-2.4982
437	1.2770	1.5263	0.1296	-0.0134	0.6298	11.2813	2.6220	-2.5112
438	1.2850	1.5265	0.1278	0.0195	0.6311	12.1807	2.7220	-2.5312
439	1.2912	1.5285	0.1278	0.0450	0.6397	11.8956	2.4590	-2.4866
440	1.2952	1.5312	0.1278	0.0622	0.6514	11.9704	2.4420	-2.4600
441	1.2455	1.5690	0.1248	-0.1367	0.8046	12.1644	2.3960	-2.4944
442	1.2470	1.5739	0.1183	-0.1305	0.8258	12.9596	2.4320	-2.5244
443	1.2496	1.5789	0.1260	-0.1203	0.8477	12.0585	2.1980	-2.3976
444	1.2506	1.5839	0.1272	-0.1163	0.8701	12.1137	2.1770	-2.3770
445	1.2518	1.5908	0.1272	-0.1114	0.8999	11.8911	1.9920	-2.3904
446	1.2504	1.5995	0.1284	-0.1169	0.9372	12.0049	1.7970	-2.2810
447	1.2476	1.6088	0.1172	-0.1282	0.9771	13.1312	1.7050	-2.3542
448	1.2462	1.6180	0.1296	-0.1338	1.0167	11.9571	1.6880	-2.3332
449	1.2464	1.6280	0.1236	-0.1334	1.0598	12.3955	1.5410	-2.3238
450	1.2475	1.6371	0.1266	-0.1287	1.0998	11.9324	1.5640	-2.3432
451	1.2337	1.5494	0.1284	-0.1846	0.7502	11.9095	1.5600	-2.2892
452	1.2346	1.5444	0.1272	-0.1812	0.7315	11.8339	1.6420	-2.3988
453	1.2359	1.5376	0.1284	-0.1766	0.7050	12.0631	1.7130	-2.3426
454	1.2362	1.5299	0.1278	-0.1758	0.6750	12.1541	0.7210	-1.7534
455	1.2369	1.5201	0.1272	-0.1732	0.6362	12.1845	1.6720	-2.3356
456	1.2386	1.5107	0.1218	-0.1665	0.5990	12.1928	1.6190	-2.3238
457	1.2403	1.5003	0.1166	-0.1601	0.5573	13.3740	1.8090	-2.3738
458	1.2453	1.4895	0.1290	-0.1401	0.5138	12.2643	1.8110	-2.3418
459	1.2537	1.4799	0.1266	-0.1064	0.4751	12.1502	1.6110	-2.2770
460	1.2601	1.4730	0.1278	-0.0804	0.4469	12.3818	1.5450	-2.3214
461	1.2518	1.5904	0.1254	-0.1138	0.9186	11.6756	1.3260	-2.2088
462	1.2544	1.5908	0.1160	-0.1033	0.9225	13.7090	1.4830	-2.3726
463	1.2568	1.5941	0.1260	-0.0935	0.9379	11.4679	1.5290	-2.3450
464	1.2601	1.6003	0.1284	-0.0802	0.9653	11.9606	1.9100	-2.5095
465	1.2633	1.6091	0.1242	-0.0668	1.0032	12.4834	1.3810	-2.2622
466	1.2676	1.6185	0.1242	-0.0494	1.0439	12.8020	1.5740	-2.5044
467	1.2724	1.6265	0.1278	-0.0294	1.0790	12.1489	1.6270	-2.3754
468	1.2767	1.6353	0.1284	-0.0117	1.1174	12.5772	1.4970	-2.3114
469	1.2811	1.6431	0.1260	0.0069	1.1523	12.4024	4.6770	-4.1930
470	1.2847	1.6484	0.1260	0.0220	1.1774	12.7787	1.8290	-2.4258
471	1.2414	1.6092	0.1224	-0.1514	1.0232	12.9845	1.6280	-2.3268
472	1.2418	1.6132	0.1260	-0.1500	1.0420	12.6952	1.5140	-2.3512
473	1.2416	1.6190	0.1284	-0.1510	1.0682	12.2438	1.4320	-2.3236
474	1.2400	1.6259	0.1284	-0.1577	1.0991	11.6706	1.5340	-2.3476
475	1.2374	1.6323	0.1143	-0.1683	1.1279	13.9146	1.5690	-2.3318
476	1.2348	1.6405	0.1254	-0.1792	1.1643	12.4823	1.6900	-2.4412
477	1.2331	1.6500	0.1284	-0.1862	1.2060	12.4388	1.6840	-2.3104
478	1.2325	1.6600	0.1242	-0.1892	1.2499	12.6625	1.7270	-2.3274
479	1.2317	1.6724	0.1272	-0.1931	1.3038	11.8508	1.6840	-2.3748
480	1.2306	1.6838	0.1272	-0.1979	1.3539	12.8783	1.6020	-2.3472
481	1.2412	1.5432	0.1248	-0.1556	0.7927	12.1104	1.4690	-2.2682
482	1.2374	1.5455	0.1272	-0.1711	0.8031	12.3116	1.4160	-2.2252
483	1.2322	1.5482	0.1266	-0.1924	0.8151	12.7008	1.5260	-2.2812
484	1.2272	1.5532	0.1236	-0.2129	0.8365	12.2514	1.3790	-2.2674
485	1.2224	1.5599	0.1248	-0.2328	0.8645	12.7746	1.3770	-2.3578
486	1.2166	1.5687	0.1242	-0.2569	0.9016	13.2249	1.3070	-2.2486
487	1.2094	1.5781	0.1260	-0.2867	0.9413	12.5494	1.2900	-2.2264
488	1.2032	1.5874	0.1260	-0.3126	0.9804	12.6870	1.2190	-2.2694
489	1.1972	1.5964	0.1254	-0.3380	1.0190	12.7188	0.9310	-2.1842
490	1.1924	1.6037	0.1260	-0.3586	1.0508	12.9010	1.2380	-2.2896
491	1.2420	1.5830	0.1248	-0.1604	0.9698	11.7168	1.2810	-2.2734
492	1.2414	1.5803	0.1248	-0.1629	0.9613	13.1991	11.6100	-8.4780
493	1.2398	1.5778	0.1254	-0.1696	0.9534	12.5505	1.3350	-2.2670
494	1.2388	1.5740	0.1278	-0.1741	0.9398	12.8165	1.7520	-2.4904
495	1.2399	1.5679	0.1230	-0.1699	0.9172	13.0513	1.8280	-2.3692
496	1.2408	1.5608	0.1266	-0.1664	0.8900	12.9994	2.0060	-2.4344
497	1.2412	1.5553	0.1242	-0.1651	0.8697	12.9466	2.1120	-2.4148
498	1.2425	1.5497	0.1278	-0.1599	0.8485	13.0128	2.6280	-2.5664
499	1.2455	1.5451	0.1230	-0.1482	0.8311	12.4830	2.6640	-2.5220
500	1.2480	1.5428	0.1284	-0.1382	0.8232	12.9750	3.2140	-2.7920
501	1.3925	1.2873	0.1248	0.4432	-0.2042	12.2422	2.8890	-2.5670
502	1.3920	1.2874	0.1272	0.4450	-0.2093	12.8532	2.7420	-2.6000
503	1.3926	1.2887	0.1236	0.4507	-0.2091	13.3030	2.5520	-2.4704
504	1.3949	1.2909	0.1260	0.4637	-0.2058	11.9266	2.7960	-2.5304
505	1.3974	1.2952	0.1254	0.4775	-0.1936	13.0081	2.6940	-2.5832
506	1.4018	1.3010	0.1236	0.4987	-0.1755	13.3606	2.3890	-2.4474
507	1.4071	1.3071	0.1278	0.5240	-0.1558	12.6386	2.0070	-2.4034
508	1.4107	1.3135	0.1230	0.5422	-0.1350	13.5890	1.5280	-2.2588
509	1.4128	1.3196	0.1248	0.5548	-0.1149	12.3371	1.2200	-2.1496
510	1.4151	1.3236	0.1242	0.5680	-0.1035	13.4216	1.2270	-2.2590
511	1.2568	1.5256	0.1236	-0.0649	0.7052	13.2104	1.1430	-2.1882
512	1.2589	1.5246	0.1266	-0.0564	0.7019	13.1684	0.7760	-2.1240
513	1.2627	1.5246	0.1230	-0.0408	0.7025	13.4379	0.8990	-2.2502
514	1.2663	1.5248	0.1272	-0.0260	0.7039	12.8367	0.8360	-2.0940
515	1.2713	1.5256	0.1230	-0.0055	0.7077	13.3577	0.9990	-2.2334
516	1.2781	1.5246	0.1242	0.0225	0.7044	13.5318	1.0800	-2.1860
517	1.2847	1.5241	0.1236	0.0498	0.7031	13.2653	1.0420	-2.2084
518	1.2907	1.5251	0.1290	0.0748	0.7075	13.1123	1.1980	-2.2396
519	1.2965	1.5271	0.1218	0.0992	0.7163	12.7030	1.1380	-2.3052
520	1.3027	1.5271	0.1260	0.1253	0.7170	13.3285	0.7040	-2.0232
521	1.2502	1.4954	0.1272	-0.0848	0.5900	13.1396	0.7620	-2.1792
522	1.2532	1.4960	0.1266	-0.0727	0.5925	13.3504	0.8610	-2.2066
523	1.2544	1.4984	0.1224	-0.0678	0.6019	13.6908	0.7160	-2.0860
524	1.2554	1.5039	0.1266	-0.0636	0.6239	12.4487	0.3690	-2.0682
525	1.2570	1.5078	0.1248	-0.0571	0.6397	13.3219	0.2530	-2.0506
526	1.2582	1.5134	0.1254	-0.0521	0.6627	12.6846	0.1540	-2.0424
527	1.2568	1.5204	0.1254	-0.0575	0.6911	13.5859	-0.1710	-1.9816
528	1.2560	1.5274	0.1290	-0.0605	0.7196	13.1710	-0.1610	-1.9411
529	1.2558	1.5373	0.1272	-0.0612	0.7602	13.1689	-0.1510	-1.9919
530	1.2545	1.5461	0.1254	-0.0661	0.7967	13.9394	-0.3710	-1.9315
531	1.1935	1.4870	0.1284	-0.3118	0.5599	13.3517	-0.2140	-1.9236
532	1.1932	1.4860	0.1178	-0.3144	0.5555	14.5295	-0.4010	-1.8189
533	1.1925	1.4860	0.1242	-0.3184	0.5552	13.7739	-0.8650	-1.7589
534	1.1896	1.4866	0.1236	-0.3317	0.5572	13.1577	-0.8140	-1.8211
535	1.1851	1.4878	0.1230	-0.3512	0.5617	13.7760	-0.5570	-1.9981
536	1.1796	1.4916	0.1278	-0.3749	0.5767	13.6994	-0.2200	-2.0627
537	1.1723	1.4964	0.1254	-0.4063	0.5958	13.5864	-0.0780	-1.9433
538	1.1639	1.5026	0.1266	-0.4420	0.6207	13.4614	-0.3220	-1.8275
539	1.1545	1.5078	0.1254	-0.4819	0.6417	12.7490	-0.2150	-1.8423
540	1.1466	1.5117	0.1272	-0.5160	0.6574	13.8436	0.2110	-2.0358
541	1.2569	1.5330	0.1260	-0.0748	0.7436	12.9952	0.2150	-2.0235
542	1.2524	1.5292	0.1248	-0.0927	0.7291	14.2254	-0.2840	-1.7953
543	1.2465	1.5275	0.1254	-0.1162	0.7229	13.6331	-0.0840	-1.8427
544	1.2401	1.5302	0.1272	-0.1422	0.7347	13.6145	-0.1850	-1.8299
545	1.2341	1.5364	0.1218	-0.1667	0.7603	13.9207	-0.0310	-1.9338
546	1.2290	1.5460	0.1266	-0.1875	0.7997	13.7839	0.1560	-1.9693
547	1.2241	1.5549	0.1160	-0.2076	0.8369	15.1924	0.0370	-2.0837
548	1.2219	1.5665	0.1272	-0.2174	0.8848	13.9299	0.2350	-1.9818
549	1.2208	1.5791	0.1290	-0.2223	0.9373	13.2527	0.4770	-2.1503
550	1.2190	1.5902	0.1278	-0.2304	0.9840	14.0119	0.4510	-2.1103
551	1.2588	1.5340	0.1242	-0.0710	0.7600	14.2770	0.1100	-2.0059
552	1.2589	1.5334	0.1195	-0.0703	0.7584	14.8620	-0.0610	-1.8407
553	1.2589	1.5329	0.1218	-0.0702	0.7571	14.4200	-0.0960	-1.7594
554	1.2588	1.5341	0.1278	-0.0703	0.7628	13.8428	-0.1640	-2.0162
555	1.2595	1.5343	0.1236	-0.0671	0.7644	14.2447	-0.1970	-1.9408
556	1.2597	1.5343	0.1242	-0.0663	0.7653	14.1920	0.1460	-1.8879
557	1.2612	1.5361	0.1201	-0.0598	0.7734	14.5870	0.3230	-1.9499
558	1.2626	1.5401	0.1248	-0.0541	0.7904	14.1579	0.4520	-2.1881
559	1.2657	1.5458	0.1266	-0.0414	0.8146	13.8416	0.2090	-2.0260
560	1.2678	1.5519	0.1278	-0.0324	0.8402	14.0109	0.2810	-1.8775
561	1.1362	1.5347	0.1254	-0.5616	0.7721	13.8963	1.0260	-2.2048
562	1.1348	1.5354	0.1183	-0.5700	0.7761	14.8231	0.3990	-2.0619
563	1.1338	1.5376	0.1260	-0.5769	0.7857	13.9819	-0.0190	-1.8956
564	1.1302	1.5404	0.1272	-0.5944	0.7978	13.9754	0.5080	-2.1270
565	1.1244	1.5406	0.1248	-0.6207	0.7995	14.2819	-0.2310	-1.8952
566	1.1155	1.5393	0.1290	-0.6598	0.7953	13.2631	-0.1750	-1.8449
567	1.1060	1.5416	0.1160	-0.7012	0.8057	15.4939	0.1000	-2.1492
568	1.0952	1.5428	0.1272	-0.7485	0.8116	14.1113	-0.2101	-1.9703
569	1.0841	1.5426	0.1254	-0.7969	0.8118	14.1076	0.3020	-2.0242
570	1.0772	1.5434	0.1183	-0.8287	0.8160	15.1459	0.0930	-1.9822
571	1.2870	1.7486	0.1290	0.0111	1.6431	14.0583	0.6550	-2.2117
572	1.2867	1.7480	0.1183	0.0109	1.6470	15.3590	0.0190	-2.0094
573	1.2851	1.7468	0.1278	0.0054	1.6485	14.1204	0.3490	-1.9930
574	1.2846	1.7468	0.1284	0.0045	1.6546	14.1865	-0.1820	-1.9495
575	1.2847	1.7458	0.1213	0.0057	1.6567	14.8840	-0.1570	-1.9609
576	1.2822	1.7452	0.1284	-0.0035	1.6604	14.2235	-0.0760	-2.0590
577	1.2792	1.7420	0.1272	-0.0150	1.6536	14.0879	-0.5780	-1.8484
578	1.2731	1.7368	0.1284	-0.0387	1.6388	14.2009	-0.4020	-1.8353
579	1.2640	1.7348	0.1266	-0.0746	1.6367	14.4967	-0.6450	-2.0314
580	1.2552	1.7340	0.1296	-0.1099	1.6394	14.0281	-0.5570	-1.7853
581	1.2406	1.5398	0.1260	-0.1684	0.8634	14.7792	-0.3510	-1.9492
582	1.2416	1.5412	0.1189	-0.1646	0.8699	15.2271	-0.1050	-1.8976
583	1.2436	1.5426	0.1266	-0.1568	0.8768	14.4431	-0.6810	-1.7929
584	1.2410	1.5447	0.1266	-0.1674	0.8861	14.5215	-0.0140	-2.0116
585	1.2370	1.5449	0.1260	-0.1838	0.8882	14.5522	-0.5770	-1.8161
586	1.2295	1.5490	0.1284	-0.2144	0.9057	14.4615	-0.1490	-2.0276
587	1.2240	1.5537	0.1248	-0.2369	0.9260	14.6728	-0.5930	-1.7557
588	1.2204	1.5607	0.1290	-0.2522	0.9553	14.4258	-1.0140	-1.7321
589	1.2146	1.5653	0.1260	-0.2762	0.9756	14.6218	-0.1950	-1.9365
590	1.2103	1.5737	0.1266	-0.2942	1.0108	14.7482	-0.5980	-1.8082
591	1.2250	1.5456	0.1278	-0.2362	0.8995	14.4381	-0.9800	-1.7880
592	1.2213	1.5475	0.1272	-0.2516	0.9083	14.7699	0.0270	-2.0261
593	1.2225	1.5471	0.1248	-0.2477	0.9082	14.8351	-0.4590	-1.7392
594	1.2226	1.5494	0.1260	-0.2478	0.9186	14.4720	-1.0830	-1.6896
595	1.2177	1.5567	0.1260	-0.2681	0.9492	14.6700	-0.6170	-1.7756
596	1.2095	1.5674	0.1290	-0.3022	0.9936	13.6783	0.4700	-2.0595
597	1.2036	1.5736	0.1272	-0.3269	1.0204	14.6197	1.1740	-2.1472
598	1.2007	1.5769	0.1284	-0.3396	1.0354	13.8430	1.8780	-2.4075
599	1.2029	1.5752	0.1254	-0.3322	1.0305	14.7540	2.3830	-2.4627
600	1.2100	1.5685	0.1272	-0.3047	1.0053	14.7959	2.7490	-2.5518
601	1.2508	1.5173	0.1154	-0.1414	0.8010	16.2215	2.6330	-2.5334
602	1.2558	1.5119	0.1248	-0.1213	0.7794	15.0575	2.8700	-2.6548
603	1.2654	1.5018	0.1254	-0.0825	0.7393	14.9447	2.8620	-2.6072
604	1.2748	1.4896	0.1260	-0.0443	0.6901	14.9518	2.7850	-2.5906
605	1.2868	1.4739	0.1290	0.0046	0.6269	14.7288	3.1390	-2.6594
606	1.3034	1.4546	0.1278	0.0724	0.5486	14.8320	3.7770	-2.7298
607	1.3226	1.4348	0.1254	0.1510	0.4677	14.9589	4.4930	-2.9118
608	1.3402	1.4154	0.1266	0.2238	0.3880	15.1948	4.9650	-3.0566
609	1.3588	1.3956	0.1160	0.3008	0.3062	16.4829	5.6240	-3.1456
610	1.3732	1.3812	0.1254	0.3615	0.2454	15.1909	5.9540	-3.2884
611	1.2300	1.5762	0.1278	-0.2118	1.0274	14.7372	5.6850	-3.1330
612	1.2244	1.5765	0.1260	-0.2349	1.0305	14.9729	6.1380	-3.2276
613	1.2154	1.5773	0.1278	-0.2718	1.0355	14.7150	6.5820	-3.3500
614	1.2014	1.5810	0.1260	-0.3290	1.0526	15.2502	6.5200	-3.3124
615	1.1826	1.5880	0.1254	-0.4059	1.0826	14.8623	5.9200	-3.0852
616	1.1632	1.5999	0.1266	-0.4856	1.1328	14.1528	4.8420	-2.9404
617	1.1482	1.6129	0.1236	-0.5482	1.1874	15.4722	5.0140	-3.0372
618	1.1342	1.6220	0.1254	-0.6071	1.2270	15.3364	4.9400	-2.8824
619	1.1178	1.6345	0.1284	-0.6760	1.2806	14.8140	4.1380	-2.8428
620	1.1080	1.6441	0.1272	-0.7188	1.3226	15.0936	4.3500	-2.9372
621	1.2340	1.5088	0.1248	-0.2151	0.7813	15.1573	3.8120	-2.4492
622	1.2294	1.5127	0.1248	-0.2340	0.7974	15.2353	3.6180	-2.7360
623	1.2294	1.5176	0.1254	-0.2345	0.8176	15.3617	3.6140	-2.7428
624	1.2320	1.5180	0.1260	-0.2246	0.8194	15.1883	3.9780	-2.7968
625	1.2312	1.5209	0.1254	-0.2283	0.8317	15.2793	3.3660	-2.6116
626	1.2342	1.5249	0.1254	-0.2167	0.8480	15.2983	3.9460	-2.8420
627	1.2365	1.5285	0.1254	-0.2080	0.8631	15.3768	4.0960	-2.7488
628	1.2361	1.5363	0.1248	-0.2097	0.8954	15.4669	3.1310	-2.5210
629	1.2404	1.5442	0.1154	-0.1929	0.9279	16.3712	3.3850	-2.7814
630	1.2434	1.5487	0.1266	-0.1810	0.9473	14.2890	3.4310	-2.6410
631	1.2052	1.5346	0.1132	-0.3349	0.8919	16.9142	3.0240	-2.6272
632	1.2082	1.5348	0.1254	-0.3239	0.8935	15.5847	4.1460	-2.8848
633	1.2106	1.5346	0.1272	-0.3153	0.8936	15.2671	4.0620	-2.8124
634	1.2156	1.5378	0.1172	-0.2962	0.9073	16.5494	3.3480	-2.7112
635	1.2216	1.5384	0.1242	-0.2729	0.9107	15.3672	3.3120	-2.5556
636	1.2270	1.5420	0.1272	-0.2518	0.9261	15.4442	2.8450	-2.6098
637	1.2346	1.5438	0.1230	-0.2218	0.9344	15.6653	3.1070	-2.6338
638	1.2380	1.5482	0.1278	-0.2085	0.9532	15.5295	2.6390	-2.4990
639	1.2436	1.5520	0.1230	-0.1863	0.9697	15.8220	3.3880	-2.7056
640	1.2468	1.5555	0.1266	-0.1736	0.9852	15.5272	3.3030	-2.6218
641	1.2200	1.5384	0.1254	-0.2815	0.9175	15.3874	3.9740	-2.7948
642	1.2210	1.5345	0.1272	-0.2782	0.9031	15.5490	3.3120	-2.5364
643	1.2230	1.5330	0.1278	-0.2709	0.8976	14.3777	3.4320	-2.7876
644	1.2276	1.5280	0.1272	-0.2531	0.8784	15.3466	3.9840	-2.7388
645	1.2280	1.5268	0.1260	-0.2520	0.8744	15.9303	2.9270	-2.4666
646	1.2310	1.5280	0.1296	-0.2405	0.8800	15.0926	3.3470	-2.7766
647	1.2366	1.5251	0.1266	-0.2184	0.8687	15.5338	4.0290	-2.7746
648	1.2388	1.5247	0.1266	-0.2099	0.8678	15.6125	3.2080	-2.5808
649	1.2448	1.5233	0.1260	-0.1861	0.8628	15.6436	4.3470	-3.0630
650	1.2508	1.5210	0.1266	-0.1620	0.8541	15.5266	4.2850	-2.7734
651	1.2394	1.5116	0.1132	-0.2079	0.8168	17.0353	3.8620	-2.7756
652	1.2420	1.5130	0.1272	-0.1977	0.8228	15.7284	4.4830	-2.7582
653	1.2440	1.5178	0.1260	-0.1899	0.8424	14.7739	4.8440	-3.1252
654	1.2450	1.5228	0.1183	-0.1860	0.8630	16.8909	4.4230	-2.7710
655	1.2450	1.5316	0.1248	-0.1861	0.8990	15.8926	4.4140	-2.9336
656	1.2460	1.5390	0.1296	-0.1822	0.9295	15.4523	4.6990	-2.8698
657	1.2432	1.5506	0.1230	-0.1936	0.9772	16.0242	3.8300	-2.8028
658	1.2430	1.5600	0.1290	-0.1945	1.0163	14.6782	4.5170	-2.8750
659	1.2409	1.5708	0.1189	-0.2033	1.0613	16.8547	4.0500	-2.8944
660	1.2418	1.5772	0.1284	-0.1999	1.0888	16.2162	4.7500	-2.9532
661	1.2292	1.5100	0.1260	-0.2507	0.8203	15.9731	3.7650	-2.6934
662	1.2310	1.5114	0.1290	-0.2440	0.8261	15.8705	3.8950	-2.7770
663	1.2314	1.5146	0.1278	-0.2428	0.8391	15.1412	2.9870	-2.3606
664	1.2340	1.5149	0.1290	-0.2328	0.8407	15.6063	4.0000	-3.1620
665	1.2360	1.5166	0.1296	-0.2252	0.8480	14.6116	1.9590	-2.4982
666	1.2406	1.5160	0.1284	-0.2072	0.8460	15.8960	1.9080	-2.3120
667	1.2445	1.5189	0.1272	-0.1915	0.8583	16.0592	7.1260	-5.8544
668	1.2495	1.5197	0.1260	-0.1717	0.8617	15.9821	1.6710	-2.3914
669	1.2518	1.5230	0.1266	-0.1622	0.8757	16.1698	1.0860	-2.2172
670	1.2531	1.5250	0.1272	-0.1572	0.8843	16.2900	1.3960	-2.2752
671	1.1964	1.4220	0.1160	-0.3850	0.4703	17.1647	0.8550	-2.2178
672	1.1986	1.4250	0.1260	-0.3775	0.4804	16.2859	1.6630	-2.3226
673	1.2010	1.4278	0.1260	-0.3692	0.4898	16.0051	1.8830	-2.5346
674	1.2044	1.4292	0.1266	-0.3567	0.4937	16.2515	2.3440	-2.4708
675	1.2068	1.4334	0.1254	-0.3482	0.5088	16.0544	3.0840	-2.7060
676	1.2102	1.4362	0.1321	-0.3356	0.5184	15.6920	2.9370	-2.4494
677	1.2126	1.4412	0.1254	-0.3270	0.5370	16.0913	3.1880	-2.7804
678	1.2150	1.4456	0.1278	-0.3183	0.5532	16.2410	2.2910	-2.2994
679	1.2188	1.4490	0.1248	-0.3040	0.5656	16.1403	2.7140	-2.4944
680	1.2204	1.4517	0.1248	-0.2983	0.5753	16.4533	1.5780	-2.3004
681	1.2536	1.5414	0.1260	-0.1654	0.9349	16.6266	1.9440	-2.3152
682	1.2510	1.5420	0.1278	-0.1757	0.9382	16.3069	2.0110	-2.5506
683	1.2479	1.5437	0.1254	-0.1880	0.9462	16.3132	1.6430	-2.2862
684	1.2471	1.5446	0.1272	-0.1914	0.9511	16.1156	2.3670	-2.4078
685	1.2465	1.5470	0.1254	-0.1940	0.9618	16.2913	2.8190	-2.7706
686	1.2452	1.5500	0.1166	-0.1991	0.9749	17.5468	2.1890	-2.4190
687	1.2442	1.5519	0.1242	-0.2034	0.9840	16.7726	2.6480	-2.4100
688	1.2426	1.5553	0.1284	-0.2101	0.9989	16.0466	2.5870	-2.5974
689	1.2399	1.5589	0.1266	-0.2209	1.0146	16.1036	2.3230	-2.4646
690	1.2370	1.5633	0.1278	-0.2328	1.0340	16.2120	3.0660	-2.5356
691	1.2320	1.5078	0.1254	-0.2534	0.8121	16.3366	3.1990	-2.8266
692	1.2354	1.5064	0.1254	-0.2402	0.8067	16.5941	2.2840	-2.4568
693	1.2390	1.5048	0.1254	-0.2259	0.8004	16.5533	2.3680	-2.4736
694	1.2441	1.5058	0.1242	-0.2059	0.8046	16.6551	2.2190	-2.4742
695	1.2465	1.5098	0.1260	-0.1962	0.8208	15.5218	1.4770	-2.3022
696	1.2468	1.5140	0.1254	-0.1953	0.8380	16.4904	1.1320	-2.0664
697	1.2476	1.5176	0.1248	-0.1920	0.8527	16.6407	1.7890	-2.4574
698	1.2499	1.5214	0.1296	-0.1830	0.8684	16.1402	1.6700	-2.4624
699	1.2523	1.5253	0.1248	-0.1732	0.8849	16.7380	1.2630	-2.3438
700	1.2545	1.5285	0.1266	-0.1643	0.8984	16.4180	1.0220	-1.9312
701	1.2340	1.5028	0.1254	-0.2467	0.7955	16.5769	1.8680	-2.3736
702	1.2374	1.5041	0.1260	-0.2334	0.8007	16.6431	1.8770	-2.4962
703	1.2406	1.5061	0.1236	-0.2208	0.8091	16.7098	1.1120	-2.2084
704	1.2452	1.5076	0.1284	-0.2025	0.8151	16.1534	1.5080	-2.1876
705	1.2480	1.5080	0.1224	-0.1914	0.8172	16.8899	2.2190	-2.3858
706	1.2478	1.5097	0.1266	-0.1922	0.8242	16.5270	1.7560	-2.3964
707	1.2462	1.5131	0.1254	-0.1987	0.8381	16.9293	1.3740	-2.3888
708	1.2464	1.5151	0.1160	-0.1980	0.8465	17.9534	1.5260	-2.3672
709	1.2468	1.5166	0.1266	-0.1965	0.8526	15.7596	1.5620	-2.1396
710	1.2460	1.5195	0.1278	-0.1998	0.8649	16.8711	1.8320	-2.5252
711	0.0006	1.5288	0.1242	-2.0000	0.9028	16.8965	1.4960	-2.4984
712	0.0020	1.5314	0.1272	-2.0000	0.9139	16.6156	1.3120	-2.3836
713	0.0020	1.5354	0.1230	-2.0000	0.9308	17.1366	0.8950	-2.1790
714	0.0000	1.5396	0.1266	-2.0000	0.9486	16.6662	0.4520	-1.9560
715	0.0000	1.5455	0.1266	-2.0000	0.9732	16.5660	0.7110	-2.1866
716	0.0000	1.5517	0.1260	-2.0000	0.9996	16.7760	1.0770	-2.2154
717	0.0000	1.5606	0.1278	-2.0000	1.0367	16.5784	0.3360	-2.1796
718	0.0000	1.5709	0.1254	-2.0000	1.0796	16.9455	0.3890	-2.0778
719	0.0000	1.5820	0.1278	-2.0000	1.1261	17.0369	0.5530	-2.1106
720	0.0000	1.5924	0.1290	-2.0000	1.1700	16.7245	1.2120	-2.3908
721	1.2690	1.5042	0.1236	-0.1073	0.8172	17.1480	0.5000	-2.1000
722	1.2684	1.5036	0.1272	-0.1093	0.8149	15.6296	0.2810	-2.1718
723	1.2688	1.5028	0.1242	-0.1072	0.8118	17.0551	0.0330	-2.0098
724	1.2682	1.5014	0.1296	-0.1091	0.8063	16.7828	0.2870	-2.0414
725	1.2690	1.4998	0.1183	-0.1055	0.7999	18.1563	0.9070	-2.0658
726	1.2716	1.4996	0.1254	-0.0945	0.7991	17.5694	1.3390	-2.3686
727	1.2740	1.5004	0.1260	-0.0843	0.8024	16.7365	0.8100	-2.3524
728	1.2774	1.5023	0.1308	-0.0700	0.8099	16.8318	-0.0010	-1.9238
729	1.2794	1.5042	0.1236	-0.0613	0.8174	17.1190	-0.2920	-1.8362
730	1.2794	1.5071	0.1254	-0.0606	0.8292	16.9792	0.1790	-2.1375
731	1.2430	1.5438	0.1242	-0.2063	0.9772	16.4937	0.2090	-2.0986
732	1.2420	1.5456	0.1260	-0.2105	0.9856	17.0605	0.2070	-2.1878
733	1.2392	1.5476	0.1230	-0.2220	0.9948	17.3772	-1.0990	-1.7442
734	1.2382	1.5510	0.1260	-0.2263	1.0096	16.3354	-0.8890	-1.7450
735	1.2382	1.5547	0.1126	-0.2266	1.0257	18.4886	-0.9520	-1.6734
736	1.2388	1.5582	0.1260	-0.2245	1.0415	17.2562	-1.3320	-1.4751
737	1.2396	1.5616	0.1272	-0.2215	1.0565	16.8328	-1.2610	-1.5580
738	1.2394	1.5668	0.1296	-0.2226	1.0789	16.9786	-0.6490	-1.8068
739	1.2382	1.5726	0.1266	-0.2277	1.1038	17.5408	-0.7100	-1.8974
740	1.2358	1.5775	0.1183	-0.2377	1.1255	18.6088	-0.9920	-1.8605
741	1.2382	1.5656	0.1260	-0.2284	1.0795	16.4596	-0.9630	-1.8035
742	1.2376	1.5682	0.1284	-0.2311	1.0916	16.9515	-1.1610	-1.4723
743	1.2376	1.5714	0.1284	-0.2314	1.1062	17.2094	-0.4710	-1.7176
744	1.2374	1.5754	0.1260	-0.2325	1.1240	16.1715	0.2460	-1.9334
745	1.2362	1.5790	0.1278	-0.2376	1.1403	17.3801	0.1010	-1.8091
746	1.2352	1.5832	0.1278	-0.2420	1.1592	17.5796	0.4830	-2.1240
747	1.2352	1.5872	0.1166	-0.2424	1.1774	18.4613	0.4250	-2.1211
748	1.2346	1.5910	0.1296	-0.2452	1.1950	17.2166	0.2020	-2.0439
749	1.2338	1.5958	0.1260	-0.2488	1.2167	16.7238	0.3100	-2.1837
750	1.2338	1.6000	0.1242	-0.2492	1.2359	17.9007	0.1250	-1.8319
751	1.2488	1.5364	0.1254	-1.1955	2.0000	16.4802	-0.3970	-1.8097
752	1.2510	1.5394	0.1260	-1.1929	2.0000	17.5393	-0.0330	-1.9050
753	1.2530	1.5439	0.1224	-1.1911	2.0000	17.8076	-0.6460	-1.5940
754	1.2540	1.5495	0.1266	-1.1932	2.0000	16.2223	0.0930	-1.9067
755	1.2540	1.5545	0.1207	-1.1994	2.0000	18.1173	0.0650	-1.7602
756	1.2530	1.5572	0.1278	-1.2095	2.0000	17.5788	-0.1240	-1.7638
757	1.2514	1.5604	0.1260	-1.2221	2.0000	17.7533	-0.0830	-1.8916
758	1.2488	1.5618	0.1254	-1.2388	2.0000	17.4263	-0.0530	-1.6618
759	1.2474	1.5631	0.1290	-1.2507	2.0000	16.4268	-0.1100	-1.8309
760	1.2478	1.5639	0.1278	-1.2553	2.0000	17.6498	-0.3530	-1.5152
761	1.1659	1.5232	0.1248	-0.5850	0.9291	17.5469	0.3650	-2.0203
762	1.1662	1.5187	0.1137	-0.5862	0.9116	19.0132	0.1380	-1.8065
763	1.1634	1.5140	0.1236	-0.5993	0.8932	17.9066	-0.3580	-1.7594
764	1.1597	1.5086	0.1266	-0.6166	0.8720	17.5075	-0.1630	-1.7850
765	1.1549	1.5025	0.1248	-0.6380	0.8477	17.9807	0.0180	-1.7900
766	1.1483	1.4962	0.1260	-0.6668	0.8224	17.6164	-0.0720	-1.8429
767	1.1408	1.4901	0.1248	-0.6998	0.7978	17.7196	0.2690	-1.9336
768	1.1350	1.4842	0.1266	-0.7257	0.7738	17.8816	0.0420	-1.9167
769	1.1295	1.4761	0.1224	-0.7509	0.7408	18.1018	0.0370	-1.8215
770	1.1260	1.4673	0.1272	-0.7679	0.7048	18.1461	0.4790	-2.1382
771	1.1960	1.5016	0.1248	-0.4892	0.8418	17.6098	1.0770	-2.2952
772	1.1960	1.4997	0.1230	-0.4906	0.8342	18.1952	1.3950	-2.3066
773	1.1952	1.4946	0.1272	-0.4951	0.8136	17.8924	1.8540	-2.4628
774	1.1932	1.4896	0.1154	-0.5047	0.7936	19.2612	2.2580	-2.6287
775	1.1897	1.4813	0.1254	-0.5200	0.7598	17.9068	2.4590	-2.6040
776	1.1878	1.4728	0.1302	-0.5291	0.7250	17.4646	2.5790	-2.6614
777	1.1849	1.4648	0.1248	-0.5423	0.6924	18.1347	3.3300	-2.8448
778	1.1811	1.4601	0.1242	-0.5595	0.6723	17.5163	3.2150	-2.8182
779	1.1750	1.4560	0.1143	-0.5858	0.6549	19.2543	3.4550	-2.8738
780	1.1716	1.4551	0.1248	-0.6011	0.6501	17.0692	2.9290	-2.3918
1	1.2790	1.5480	0.0000	0.1167	0.1932	0.0000	-1.2350	0.0000
2	1.2789	1.5478	0.1260	0.1171	0.1935	5.3728	-1.1550	0.2517
3	1.2787	1.5472	0.1272	0.1170	0.1924	4.9576	-1.2250	0.2676
4	1.2782	1.5466	0.1284	0.1155	0.1910	4.9632	-1.3400	0.3168
5	1.2776	1.5457	0.1254	0.1140	0.1887	5.1752	-1.4640	0.3424
6	1.2780	1.5421	0.1201	0.1163	0.1752	6.0251	-1.4620	0.3496
7	1.2783	1.5380	0.1254	0.1181	0.1598	5.2370	-1.4160	0.3306
8	1.2786	1.5325	0.1207	0.1202	0.1386	6.1380	-1.1460	0.2987
9	1.2789	1.5266	0.1272	0.1221	0.1159	5.4449	-1.2590	0.3483
10	1.2790	1.5232	0.1315	0.1231	0.1027	3.9403	-1.2580	0.3557
11	1.2060	1.4360	0.1266	-0.1702	-0.2477	5.7251	-1.2010	0.3303
12	1.2056	1.4362	0.1266	-0.1726	-0.2486	5.4509	-1.0510	0.3228
13	1.2052	1.4362	0.1260	-0.1753	-0.2501	4.6048	-0.9640	0.3131
14	1.2031	1.4352	0.1266	-0.1848	-0.2555	5.2720	-0.9470	0.3214
15	1.2007	1.4345	0.1260	-0.1958	-0.2601	4.5509	-0.8340	0.2969
16	1.1988	1.4325	0.1272	-0.2047	-0.2700	5.5633	-0.5150	0.2351
17	1.1966	1.4293	0.1278	-0.2149	-0.2844	4.4538	-0.3710	0.2283
18	1.1947	1.4256	0.1308	-0.2239	-0.3011	5.3091	-0.5700	0.2903
19	1.1935	1.4222	0.1266	-0.2301	-0.3166	5.6002	-0.5410	0.2947
20	1.1909	1.4171	0.1302	-0.2418	-0.3390	5.4982	-0.3690	0.1991
21	1.2831	1.5700	0.1266	0.1278	0.2742	5.8792	-0.3320	0.2287
22	1.2840	1.5702	0.1278	0.1323	0.2769	5.4018	-0.3760	0.2695
23	1.2852	1.5705	0.1266	0.1377	0.2798	5.6378	-0.5290	0.3050
24	1.2854	1.5709	0.1195	0.1394	0.2833	6.8239	-0.5880	0.3426
25	1.2850	1.5718	0.1290	0.1388	0.2884	5.5299	-0.6560	0.3270
26	1.2846	1.5728	0.1213	0.1383	0.2943	6.4920	-0.7310	0.3659
27	1.2846	1.5741	0.1284	0.1390	0.3015	5.4768	-0.7740	0.3787
28	1.2846	1.5755	0.1290	0.1398	0.3088	5.7367	-0.7610	0.3757
29	1.2847	1.5761	0.1278	0.1411	0.3131	4.8941	-0.9060	0.4362
30	1.2851	1.5764	0.1272	0.1435	0.3162	5.7674	-0.8880	0.4101
31	1.2729	1.5320	0.1266	0.0954	0.1396	5.8458	-0.9220	0.4319
32	1.2725	1.5319	0.1266	0.0941	0.1400	6.0577	-1.1180	0.4780
33	1.2724	1.5319	0.1278	0.0944	0.1408	4.7604	-1.3420	0.5232
34	1.2716	1.5319	0.1296	0.0918	0.1415	5.8112	-1.4650	0.6119
35	1.2699	1.5325	0.1201	0.0855	0.1449	6.8051	-1.4800	0.6262
36	1.2694	1.5326	0.1284	0.0840	0.1458	5.8966	-1.2940	0.5173
37	1.2684	1.5320	0.1195	0.0804	0.1446	6.9971	-1.4310	0.6222
38	1.2677	1.5305	0.1296	0.0780	0.1393	5.7455	-1.4920	0.6375
39	1.2658	1.5286	0.1272	0.0710	0.1322	6.0666	-1.6780	0.6911
40	1.2627	1.5272	0.1272	0.0586	0.1274	6.1580	-1.8310	0.7353
41	1.3265	1.4487	0.1189	0.3159	-0.1879	7.0572	-1.7450	0.7285
42	1.3277	1.4481	0.1278	0.3226	-0.1915	6.2023	-1.6470	0.7731
43	1.3292	1.4467	0.1172	0.3308	-0.1985	7.2077	-1.6450	0.7379
44	1.3300	1.4455	0.1284	0.3360	-0.2048	6.2527	-1.8140	0.8200
45	1.3308	1.4444	0.1189	0.3410	-0.2107	7.0608	-1.7140	0.7931
46	1.3315	1.4434	0.1284	0.3458	-0.2161	6.3751	-1.5920	0.7483
47	1.3320	1.4427	0.1166	0.3500	-0.2203	7.6412	-1.2870	0.7355
48	1.3336	1.4414	0.1284	0.3584	-0.2267	6.3693	-1.6900	1.0305
49	1.3357	1.4388	0.1260	0.3689	-0.2387	6.4474	-0.8520	0.6607
50	1.3383	1.4356	0.1290	0.3817	-0.2531	6.3581	-0.6680	0.6094
51	1.2665	1.5454	0.1266	0.0948	0.1870	6.3707	-0.7620	0.7014
52	1.2698	1.5440	0.1272	0.1084	0.1825	6.3293	-0.8490	0.7316
53	1.2728	1.5432	0.1154	0.1212	0.1807	8.0730	-1.0180	0.7535
54	1.2760	1.5427	0.1278	0.1344	0.1795	6.4389	-1.1920	0.8063
55	1.2786	1.5414	0.1266	0.1457	0.1755	6.5543	-1.7510	1.5920
56	1.2814	1.5398	0.1278	0.1577	0.1699	6.5609	-1.2390	0.8109
57	1.2853	1.5365	0.1260	0.1742	0.1579	6.6877	-1.1870	0.8200
58	1.2908	1.5321	0.1278	0.1970	0.1409	6.4355	-1.1620	0.7988
59	1.2991	1.5256	0.1266	0.2315	0.1154	6.7313	-1.0200	0.7685
60	1.3072	1.5191	0.1278	0.2655	0.0899	6.7382	-1.0190	0.7794
61	1.2798	1.5498	0.1284	0.1564	0.2142	6.3888	-1.0850	0.8494
62	1.2799	1.5477	0.1272	0.1577	0.2071	6.7448	-1.1920	0.8577
63	1.2799	1.5451	0.1266	0.1583	0.1978	6.6679	-1.3510	0.9046
64	1.2805	1.5420	0.1308	0.1616	0.1863	6.4299	-1.6430	1.0053
65	1.2808	1.5399	0.1260	0.1635	0.1789	6.8011	-1.7740	1.0300
66	1.2814	1.5376	0.1296	0.1666	0.1708	6.6978	-1.7610	1.0488
67	1.2822	1.5354	0.1260	0.1707	0.1629	6.8617	-1.6570	1.0412
68	1.2825	1.5339	0.1266	0.1727	0.1575	7.1764	-1.8120	1.0738
69	1.2838	1.5315	0.1272	0.1788	0.1488	6.7133	-1.6800	1.0000
70	1.2851	1.5304	0.1278	0.1847	0.1451	6.9721	-1.5770	1.0400
71	1.3028	1.5362	0.1278	0.2568	0.1694	6.8763	-1.4750	1.0518
72	1.3010	1.5366	0.1290	0.2512	0.1719	5.9914	-1.1830	0.9590
73	1.2998	1.5373	0.1278	0.2473	0.1756	6.8177	-1.0100	0.9609
74	1.2979	1.5386	0.1290	0.2410	0.1816	6.1118	-0.9330	0.9477
75	1.2963	1.5406	0.1290	0.2357	0.1908	7.0965	-0.6000	0.8782
76	1.2944	1.5429	0.1290	0.2292	0.2011	6.1149	-0.5500	0.9064
77	1.2924	1.5454	0.1284	0.2224	0.2119	7.1700	-0.5380	0.8878
78	1.2912	1.5466	0.1290	0.2188	0.2180	6.2875	-0.4780	0.9144
79	1.2906	1.5472	0.1290	0.2171	0.2215	6.9115	-0.4730	0.9052
80	1.2884	1.5505	0.1266	0.2092	0.2362	7.3529	-0.5680	0.8990
81	1.2391	1.5707	0.1266	0.0121	0.3185	7.2576	-0.7480	0.9866
82	1.2394	1.5713	0.1266	0.0130	0.3228	6.7536	-0.7400	0.9708
83	1.2405	1.5726	0.1278	0.0170	0.3298	7.2346	-0.6680	0.9615
84	1.2402	1.5750	0.1284	0.0158	0.3414	6.3641	-0.5020	0.9318
85	1.2390	1.5787	0.1278	0.0106	0.3580	7.3564	-0.4460	0.9009
86	1.2388	1.5805	0.1272	0.0095	0.3672	6.5704	-0.2520	0.8808
87	1.2387	1.5818	0.1272	0.0088	0.3745	7.4301	-0.0630	0.8682
88	1.2395	1.5812	0.1327	0.0118	0.3742	6.9774	0.0570	0.8437
89	1.2409	1.5801	0.1272	0.0173	0.3719	7.5452	-0.0240	0.8671
90	1.2404	1.5768	0.1278	0.0148	0.3605	7.6853	-0.0730	0.8742
91	1.2722	1.5807	0.1284	0.1424	0.3783	7.5162	0.0360	0.8076
92	1.2761	1.5799	0.1302	0.1588	0.3768	6.4368	-0.0440	0.8700
93	1.2829	1.5799	0.1260	0.1871	0.3790	7.6258	-0.2540	0.9293
94	1.2921	1.5817	0.1290	0.2249	0.3881	6.6442	-0.3920	0.9467
95	1.3038	1.5844	0.1248	0.2730	0.4009	8.0717	-0.4080	0.9562
96	1.3201	1.5854	0.1284	0.3399	0.4072	6.7205	-0.3130	0.9265
97	1.3384	1.5824	0.1272	0.4152	0.3971	7.5449	-0.5160	1.0047
98	1.3480	1.5801	0.1290	0.4561	0.3899	7.4655	-0.6290	0.9882
99	1.3644	1.5760	0.1248	0.5247	0.3754	8.1223	-0.6780	1.0134
100	1.3817	1.5701	0.1302	0.5970	0.3537	7.5617	-0.9780	1.0843
101	1.2724	1.5344	0.1272	0.1603	0.2117	7.7689	-0.8800	1.0544
102	1.2719	1.5318	0.1290	0.1591	0.2023	6.8718	-0.9520	1.1069
103	1.2704	1.5267	0.1278	0.1533	0.1825	7.8187	-11.1270	7.1634
104	1.2678	1.5200	0.1272	0.1437	0.1560	7.9820	-0.9340	1.1359
105	1.2652	1.5126	0.1260	0.1336	0.1270	8.0371	-0.9250	1.1439
106	1.2620	1.5058	0.1272	0.1211	0.0999	7.8635	-0.9000	1.1401
107	1.2578	1.4966	0.1284	0.1044	0.0627	7.8699	-0.9350	1.1221
108	1.2533	1.4877	0.1272	0.0864	0.0269	8.1603	-0.9670	1.1465
109	1.2476	1.4773	0.1266	0.0634	-0.0153	8.3849	-0.7770	1.1000
110	1.2421	1.4663	0.1284	0.0414	-0.0600	8.3198	-0.7280	1.1231
111	1.2770	1.5256	0.1272	0.1817	0.1778	8.0713	-0.8380	1.1943
112	1.2742	1.5252	0.1296	0.1709	0.1770	7.9919	-0.7860	1.1782
113	1.2708	1.5233	0.1266	0.1579	0.1697	8.1447	-0.7580	1.1607
114	1.2685	1.5179	0.1296	0.1494	0.1486	7.9928	-0.6940	1.1569
115	1.2662	1.5116	0.1248	0.1405	0.1236	8.3616	-0.7720	1.1970
116	1.2621	1.5055	0.1290	0.1243	0.0994	8.1874	-0.9410	1.2113
117	1.2600	1.4995	0.1260	0.1161	0.0756	8.2133	-0.9090	1.2055
118	1.2556	1.4945	0.1302	0.0986	0.0553	8.0963	-0.8500	1.1991
119	1.2536	1.4895	0.1183	0.0909	0.0349	9.3746	-0.7240	1.2026
120	1.2527	1.4799	0.1296	0.0872	-0.0036	8.4132	-0.6780	1.2053
121	1.3658	1.3887	0.1284	0.5426	-0.3715	8.3404	-0.6310	1.2070
122	1.3676	1.3848	0.1284	0.5528	-0.3899	8.4920	-0.5530	1.2091
123	1.3685	1.3804	0.1195	0.5593	-0.4104	9.2911	-0.2740	1.1386
124	1.3701	1.3734	0.1284	0.5689	-0.4415	8.5540	-0.1880	1.0694
125	1.3734	1.3649	0.1296	0.5850	-0.4791	8.4386	-0.1850	1.1215
126	1.3776	1.3576	0.1284	0.6050	-0.5116	8.6152	0.0000	1.0699
127	1.3848	1.3519	0.1272	0.6373	-0.5384	8.7298	0.0110	1.0983
128	1.3926	1.3473	0.1218	0.6721	-0.5603	9.0971	-0.0780	1.1006
129	1.4054	1.3406	0.1183	0.7271	-0.5911	9.6691	-0.1640	1.1456
130	1.4196	1.3340	0.1296	0.7882	-0.6218	8.7076	-0.1160	1.1128
131	1.2948	1.5300	0.1195	0.2900	0.1629	9.5850	-0.0640	1.1122
132	1.2962	1.5310	0.1260	0.2967	0.1677	8.9558	-0.3190	1.2088
133	1.2966	1.5289	0.1278	0.2995	0.1599	8.6499	-0.4000	1.1811
134	1.2958	1.5257	0.1266	0.2975	0.1479	9.1881	-0.2090	1.0870
135	1.2935	1.5228	0.1272	0.2895	0.1370	8.8439	0.0140	1.0784
136	1.2902	1.5211	0.1290	0.2772	0.1306	8.6566	0.0050	1.0960
137	1.2874	1.5216	0.1278	0.2669	0.1331	8.7729	-0.0470	1.0942
138	1.2843	1.5223	0.1302	0.2552	0.1364	8.7474	-0.2260	1.1748
139	1.2805	1.5242	0.1272	0.2407	0.1445	8.8404	-0.3470	1.1691
140	1.2764	1.5270	0.1284	0.2253	0.1566	9.0881	-0.6050	1.2616
141	1.2902	1.5322	0.1213	0.2813	0.1780	9.7897	-0.5200	1.2151
142	1.2893	1.5286	0.1278	0.2787	0.1646	9.0947	-0.5520	1.2012
143	1.2874	1.5260	0.1260	0.2719	0.1548	9.1611	-0.7240	1.2698
144	1.2844	1.5216	0.1278	0.2608	0.1376	9.0960	-0.5050	1.2290
145	1.2801	1.5167	0.1260	0.2445	0.1185	9.7695	-0.3280	1.2244
146	1.2759	1.5110	0.1189	0.2284	0.0959	10.2248	-0.3600	1.2221
147	1.2711	1.5041	0.1266	0.2098	0.0685	9.2127	-0.3700	1.2078
148	1.2669	1.4980	0.1213	0.1934	0.0441	9.9997	-0.3970	1.2557
149	1.2623	1.4922	0.1290	0.1753	0.0205	9.0924	-0.2730	1.1902
150	1.2558	1.4836	0.1302	0.1495	-0.0142	9.2197	-0.2410	1.1964
151	1.3484	1.3871	0.1284	0.5223	-0.4031	8.4482	-0.2360	1.2229
152	1.3471	1.3868	0.1290	0.5196	-0.4071	8.9980	-0.1620	1.1681
153	1.3461	1.3874	0.1278	0.5180	-0.4074	9.2943	-0.1030	1.1599
154	1.3445	1.3891	0.1278	0.5140	-0.4034	9.2049	-0.0620	1.1751
155	1.3420	1.3900	0.1266	0.5059	-0.4027	9.4408	-0.1350	1.1936
156	1.3403	1.3934	0.1272	0.5016	-0.3918	9.5805	-0.1400	1.1709
157	1.3389	1.3967	0.1272	0.4981	-0.3810	9.6111	0.1860	1.1195
158	1.3365	1.3990	0.1290	0.4909	-0.3745	9.2973	-0.3300	1.2383
159	1.3329	1.4015	0.1272	0.4784	-0.3667	9.6061	-0.2630	1.1911
160	1.3272	1.4044	0.1315	0.4574	-0.3577	9.0658	-0.0590	1.1596
161	1.3576	1.3764	0.1260	0.5818	-0.4727	9.9270	0.1760	1.1315
162	1.3606	1.3761	0.1272	0.5966	-0.4768	9.5117	0.3120	1.0779
163	1.3626	1.3730	0.1266	0.6075	-0.4927	9.7352	0.4410	1.0731
164	1.3646	1.3674	0.1272	0.6184	-0.5182	9.8748	0.6220	1.0140
165	1.3688	1.3639	0.1248	0.6381	-0.5358	9.8322	0.7300	0.9791
166	1.3729	1.3634	0.1308	0.6575	-0.5410	9.5598	0.7990	0.9656
167	1.3768	1.3611	0.1260	0.6763	-0.5539	9.9300	0.8110	0.9720
168	1.3804	1.3585	0.1272	0.6938	-0.5679	10.0461	0.9440	0.8885
169	1.3859	1.3508	0.1278	0.7193	-0.6022	9.8225	1.3000	0.8518
170	1.3913	1.3417	0.1284	0.7444	-0.6428	9.1253	1.0300	0.9252
171	1.2660	1.5804	0.1272	0.2437	0.3141	9.8296	1.1740	0.8484
172	1.2657	1.5758	0.1278	0.2428	0.2978	10.0294	1.3230	0.8324
173	1.2658	1.5663	0.1183	0.2435	0.2614	10.8358	1.2700	0.8547
174	1.2634	1.5551	0.1266	0.2343	0.2179	9.2198	1.3620	0.7532
175	1.2595	1.5367	0.1272	0.2189	0.1451	9.8277	1.3740	0.7859
176	1.2556	1.5167	0.1302	0.2036	0.0655	9.9164	1.3330	0.7728
177	1.2526	1.4967	0.1178	0.1915	-0.0146	11.0827	1.2470	0.7773
178	1.2510	1.4807	0.1278	0.1854	-0.0791	10.3850	1.3630	0.7394
179	1.2505	1.4607	0.1189	0.1835	-0.1600	11.0585	1.5520	0.6455
180	1.2539	1.4409	0.1284	0.1971	-0.2407	10.1909	1.5280	0.6708
181	1.2802	1.5223	0.1189	0.3029	0.0855	11.0540	1.4830	0.6795
182	1.2818	1.5254	0.1290	0.3101	0.0985	10.1676	1.3310	0.6792
183	1.2811	1.5319	0.1272	0.3080	0.1254	10.1143	1.2000	0.7092
184	1.2783	1.5368	0.1290	0.2976	0.1459	10.2286	1.0360	0.7518
185	1.2755	1.5441	0.1278	0.2872	0.1764	10.4048	0.9170	0.7279
186	1.2726	1.5549	0.1296	0.2759	0.2208	10.1562	0.8470	0.7702
187	1.2685	1.5652	0.1327	0.2600	0.2635	8.9285	0.7690	0.7208
188	1.2647	1.5720	0.1296	0.2452	0.2927	9.3789	0.8700	0.7436
189	1.2586	1.5830	0.1284	0.2212	0.3389	9.4970	0.7840	0.7214
190	1.2555	1.5904	0.1284	0.2086	0.3708	10.2920	0.5200	0.9091
191	1.2866	1.5580	0.1278	0.3341	0.2425	8.2598	0.9560	0.6999
192	1.2834	1.5602	0.1213	0.3221	0.2527	11.2675	0.9820	0.6402
193	1.2801	1.5671	0.1254	0.3096	0.2819	10.6200	0.8980	0.6812
194	1.2769	1.5756	0.1290	0.2976	0.3177	10.4577	0.8430	0.6885
195	1.2739	1.5813	0.1254	0.2863	0.3426	10.9226	0.7520	0.6729
196	1.2718	1.5841	0.1296	0.2782	0.3561	10.3858	0.7170	0.7109
197	1.2689	1.5848	0.1278	0.2672	0.3608	10.4546	0.9540	0.6231
198	1.2670	1.5859	0.1302	0.2600	0.3674	10.3022	1.0510	0.5813
199	1.2638	1.5868	0.1260	0.2474	0.3733	10.7811	1.2260	4.5297
200	1.2604	1.5891	0.1302	0.2342	0.3847	10.4244	1.4000	0.4922
201	1.2582	1.5466	0.1272	0.2256	0.2159	10.8132	1.4890	0.4592
202	1.2556	1.5472	0.1278	0.2154	0.2194	9.8252	1.3990	0.5004
203	1.2536	1.5474	0.1272	0.2074	0.2213	10.8760	1.5090	0.4285
204	1.2532	1.5479	0.1284	0.2059	0.2246	9.8148	0.5170	0.8051
205	1.2527	1.5486	0.1278	0.2040	0.2287	10.8055	1.7510	0.2954
206	1.2534	1.5496	0.1266	0.2068	0.2337	10.9206	1.5900	0.4184
207	1.2541	1.5523	0.1272	0.2096	0.2460	11.0599	1.7800	0.2816
208	1.2544	1.5543	0.1278	0.2109	0.2554	10.9513	2.4410	-0.1086
209	1.2553	1.5584	0.1284	0.2147	0.2733	10.7892	1.6060	0.3073
210	1.2573	1.5647	0.1278	0.2230	0.3001	11.0734	1.5360	0.2808
211	1.2781	1.5610	0.1272	0.3067	0.2869	10.8760	1.6730	0.2356
212	1.2802	1.5618	0.1290	0.3162	0.2915	10.8688	1.5800	0.2344
213	1.2822	1.5641	0.1254	0.3248	0.3023	11.1536	1.4240	0.2188
214	1.2832	1.5676	0.1284	0.3298	0.3181	11.0031	1.4180	0.2297
215	1.2860	1.5721	0.1254	0.3419	0.3380	10.3926	1.3900	0.2053
216	1.2872	1.5781	0.1284	0.3475	0.3636	11.1852	1.6030	0.1709
217	1.2878	1.5852	0.1254	0.3507	0.3942	10.6860	1.7450	0.1569
218	1.2885	1.5918	0.1278	0.3548	0.4232	11.2533	1.9460	0.0920
219	1.2901	1.5993	0.1278	0.3621	0.4553	10.3372	2.2390	-0.0016
220	1.2914	1.6057	0.1284	0.3681	0.4836	11.3028	2.3700	-0.0476
221	1.2852	1.5588	0.1284	0.3444	0.2976	11.1465	2.7050	-0.1427
222	1.2851	1.5626	0.1284	0.3447	0.3143	11.5404	2.9830	-0.2600
223	1.2863	1.5674	0.1266	0.3507	0.3352	11.5453	3.2140	-0.3229
224	1.2904	1.5732	0.1218	0.3680	0.3602	12.2682	3.1970	-0.3701
225	1.2962	1.5812	0.1266	0.3922	0.3943	11.5462	3.2260	-0.3781
226	1.3009	1.5905	0.1207	0.4125	0.4336	12.4705	3.0130	-0.3499
227	1.3059	1.6009	0.1260	0.4338	0.4778	11.8610	2.9410	-0.3814
228	1.3093	1.6072	0.1284	0.4490	0.5057	11.4149	2.9370	-0.3842
229	1.3134	1.6143	0.1272	0.4667	0.5372	11.5909	3.0090	-0.4606
230	1.3150	1.6226	0.1272	0.4750	0.5731	11.5618	2.9780	-0.4723
231	1.2667	1.5498	0.1284	0.2821	0.2833	11.6833	2.9560	-0.4995
232	1.2676	1.5504	0.1272	0.2861	0.2870	10.9653	2.9300	-0.5178
233	1.2685	1.5524	0.1266	0.2904	0.2963	11.6604	2.9200	-0.5409
234	1.2684	1.5558	0.1284	0.2902	0.3113	10.7074	2.7670	-0.5379
235	1.2665	1.5589	0.1266	0.2832	0.3252	11.7826	2.4810	-0.5065
236	1.2658	1.5623	0.1266	0.2808	0.3402	12.2374	2.3990	-0.5088
237	1.2644	1.5670	0.1189	0.2756	0.3609	12.5279	2.4280	-0.5744
238	1.2649	1.5718	0.1278	0.2779	0.3817	11.8451	2.5170	-0.5756
239	1.2636	1.5777	0.1172	0.2730	0.4074	12.7928	2.4190	-0.5958
240	1.2609	1.5828	0.1278	0.2624	0.4296	12.0284	2.5080	-0.6471
241	1.2801	1.5516	0.1242	0.3400	0.3063	12.4846	2.4560	-0.5873
242	1.2796	1.5563	0.1296	0.3389	0.3263	11.8045	2.3440	-0.6551
243	1.2776	1.5642	0.1260	0.3313	0.3595	11.9694	2.4320	-0.6731
244	1.2763	1.5720	0.1284	0.3268	0.3926	12.0114	2.2470	-0.6493
245	1.2764	1.5810	0.1260	0.3278	0.4308	11.4409	2.0000	-0.6326
246	1.2755	1.5903	0.1278	0.3249	0.4701	12.0857	1.9810	-0.6589
247	1.2757	1.5982	0.1278	0.3265	0.5042	11.0538	2.2380	-0.7304
248	1.2771	1.6041	0.1284	0.3327	0.5306	12.1292	2.2100	-0.7244
249	1.2792	1.6105	0.1260	0.3419	0.5587	11.5582	2.1040	-0.7380
250	1.2832	1.6214	0.1278	0.3585	0.6055	12.2634	1.8850	-0.7079
251	1.2526	1.5635	0.1248	0.2363	0.3755	12.5877	1.7420	-0.6935
252	1.2540	1.5676	0.1201	0.2420	0.3935	13.2463	1.4960	-0.6328
253	1.2555	1.5727	0.1254	0.2480	0.4158	12.6993	1.5840	-0.6955
254	1.2583	1.5800	0.1296	0.2593	0.4470	11.9217	1.7010	-0.7215
255	1.2616	1.5874	0.1260	0.2731	0.4787	12.3878	1.8650	-0.8090
256	1.2651	1.5966	0.1272	0.2876	0.5179	12.3342	1.8840	-0.8073
257	1.2653	1.6073	0.1266	0.2884	0.5635	12.5575	1.6600	-0.7797
258	1.2660	1.6177	0.1207	0.2917	0.6079	13.4158	1.7430	-0.8061
259	1.2687	1.6326	0.1278	0.3030	0.6707	12.2887	1.9330	-0.8808
260	1.2726	1.6505	0.1302	0.3194	0.7463	12.3292	1.9840	-0.8681
261	1.3106	1.5544	0.1260	0.4725	0.3632	12.6208	1.9650	-0.9149
262	1.3103	1.5534	0.1302	0.4732	0.3605	12.0832	1.7380	-0.8710
263	1.3093	1.5521	0.1260	0.4705	0.3564	12.6827	1.5450	-0.8010
264	1.3077	1.5521	0.1278	0.4656	0.3579	12.7987	1.7370	-0.9438
265	1.3048	1.5543	0.1260	0.4552	0.3683	12.6246	1.8020	-0.8949
266	1.2991	1.5600	0.1296	0.4339	0.3923	12.4606	2.0330	-1.0095
267	1.2918	1.5674	0.1248	0.4054	0.4238	12.8297	2.0450	-1.0153
268	1.2877	1.5729	0.1284	0.3901	0.4474	12.9044	2.1970	-1.1078
269	1.2833	1.5788	0.1201	0.3734	0.4732	13.6320	2.1980	-1.1246
270	1.2807	1.5877	0.1296	0.3639	0.5110	12.8816	2.2270	-1.1014
271	1.2747	1.5403	0.1201	0.3403	0.3221	13.6875	2.2500	-1.1439
272	1.2770	1.5398	0.1266	0.3504	0.3211	12.9900	2.3400	-1.1955
273	1.2791	1.5394	0.1284	0.3592	0.3205	12.6832	2.3030	-0.6318
274	1.2825	1.5375	0.1260	0.3738	0.3140	13.3052	2.2840	-1.2170
275	1.2830	1.5391	0.1272	0.3765	0.3215	12.7101	2.3280	-1.2887
276	1.2812	1.5435	0.1290	0.3703	0.3401	12.8834	2.3380	-1.2684
277	1.2777	1.5489	0.1254	0.3568	0.3629	12.9878	2.2190	-1.2258
278	1.2714	1.5561	0.1284	0.3321	0.3931	13.0183	2.4930	-1.3521
279	1.2639	1.5649	0.1272	0.3027	0.4299	13.2548	2.5160	-1.3786
280	1.2543	1.5742	0.1284	0.2643	0.4691	13.0191	2.6440	-1.4425
281	1.2812	1.5530	0.1272	0.3726	0.3855	13.1952	2.8590	-1.5623
282	1.2835	1.5546	0.1296	0.3826	0.3931	12.6952	2.7650	-1.4981
283	1.2882	1.5552	0.1260	0.4024	0.3971	13.2809	2.8900	-1.5695
284	1.2933	1.5609	0.1260	0.4240	0.4212	12.6603	2.6420	-1.5415
285	1.3022	1.5715	0.1266	0.4607	0.4656	13.0918	2.5130	-1.5512
286	1.3159	1.5872	0.1290	0.5171	0.5303	13.1929	2.5010	-1.5786
287	1.3328	1.6068	0.1172	0.5868	0.6117	14.2258	2.2368	-1.4924
288	1.3481	1.6228	0.1266	0.6505	0.6787	13.5392	2.2510	0.7225
289	1.3669	1.6416	0.1272	0.7287	0.7575	13.3170	2.3070	-1.6049
290	1.3820	1.6565	0.1290	0.7925	0.8208	13.3711	2.2950	-1.6921
291	1.2910	1.5105	0.1260	0.4294	0.2372	13.8180	2.3590	-1.6521
292	1.2920	1.5104	0.1284	0.4345	0.2371	13.4380	2.5240	-1.7574
293	1.2904	1.5101	0.1254	0.4293	0.2362	13.4102	2.5000	-1.7082
294	1.2880	1.5080	0.1272	0.4203	0.2280	13.5242	2.0390	-1.6471
295	1.2868	1.5061	0.1254	0.4166	0.2206	13.5918	2.0110	-1.5879
296	1.2856	1.5055	0.1278	0.4128	0.2180	13.6345	1.9820	-1.7318
297	1.2837	1.5055	0.1248	0.4059	0.2181	12.9028	1.2360	-1.5779
298	1.2825	1.5064	0.1296	0.4018	0.2220	13.5329	1.1760	-1.5192
299	1.2811	1.5068	0.1278	0.3971	0.2239	11.5268	1.2600	4.2725
300	1.2807	1.5086	0.1296	0.3964	0.2314	13.5348	0.2130	-1.4230
301	1.2668	1.5424	0.1260	0.3411	0.3675	12.9871	1.1590	-1.6061
302	1.2670	1.5463	0.1195	0.3423	0.3843	14.5653	1.1140	-1.6427
303	1.2674	1.5540	0.1278	0.3442	0.4166	13.6597	0.7610	-1.4868
304	1.2674	1.5616	0.1278	0.3450	0.4482	13.5705	0.5230	-1.4875
305	1.2669	1.5679	0.1266	0.3433	0.4752	13.9263	0.3080	-1.4223
306	1.2684	1.5743	0.1272	0.3496	0.5029	13.8250	0.1970	-1.4623
307	1.2692	1.5811	0.1272	0.3535	0.5319	13.8558	-0.2760	-1.2871
308	1.2715	1.5858	0.1272	0.3631	0.5528	13.8802	-0.3840	-1.2910
309	1.2737	1.5943	0.1278	0.3725	0.5890	13.9589	-0.5090	-1.3361
310	1.2782	1.6039	0.1284	0.3913	0.6301	13.7362	-0.6230	-1.2662
311	1.2718	1.5840	0.1254	0.3661	0.5527	14.2424	-0.7260	-1.2665
312	1.2732	1.5850	0.1272	0.3721	0.5589	13.8769	-0.5950	-1.2996
313	1.2745	1.5848	0.1260	0.3782	0.5603	14.2327	-0.5140	-1.3226
314	1.2741	1.5846	0.1272	0.3770	0.5615	14.2397	-0.5030	-1.2991
315	1.2730	1.5846	0.1260	0.3733	0.5635	14.2940	-0.2240	-1.3576
316	1.2724	1.5871	0.1296	0.3714	0.5758	13.8901	-0.3580	-1.3029
317	1.2704	1.5906	0.1272	0.3638	0.5919	14.1513	-0.3520	-1.2628
318	1.2690	1.5926	0.1278	0.3589	0.6023	13.9835	-0.1420	-1.3817
319	1.2679	1.5943	0.1284	0.3550	0.6116	14.1820	-0.5290	-1.1802
320	1.2693	1.5948	0.1272	0.3608	0.6159	14.2374	-0.2951	-1.3049
321	1.2764	1.5556	0.1254	0.3900	0.4605	13.6518	-0.4320	-1.2783
322	1.2766	1.5582	0.1272	0.3915	0.4723	14.2935	-0.3100	-1.3391
323	1.2786	1.5598	0.1254	0.4002	0.4802	14.6610	-0.5140	-1.2274
324	1.2820	1.5608	0.1189	0.4146	0.4857	15.2306	-0.6620	-1.1830
325	1.2852	1.5627	0.1266	0.4283	0.4950	14.4590	-0.4420	-1.2895
326	1.2865	1.5652	0.1315	0.4345	0.5064	14.0272	-0.4430	-1.2723
327	1.2875	1.5670	0.1272	0.4394	0.5154	14.5086	-0.5270	-1.2525
328	1.2882	1.5685	0.1278	0.4429	0.5233	14.5214	-0.2250	-1.3160
329	1.2870	1.5710	0.1272	0.4391	0.5349	14.6847	-0.0600	-1.2947
330	1.2848	1.5724	0.1284	0.4312	0.5424	13.9141	-0.0670	-1.3651
331	1.2810	1.5437	0.1266	0.4169	0.4286	14.5728	0.0680	-1.2919
332	1.2820	1.5442	0.1266	0.4217	0.4318	13.7793	-0.0930	-1.2731
333	1.2840	1.5437	0.1254	0.4305	0.4309	14.7196	0.0000	-1.4309
334	1.2862	1.5434	0.1266	0.4402	0.4308	15.0289	0.8360	-1.4972
335	1.2890	1.5421	0.1189	0.4524	0.4267	15.5605	-0.9220	-1.0835
336	1.2928	1.5395	0.1272	0.4687	0.4172	13.8901	-0.7610	-1.1317
337	1.2956	1.5359	0.1272	0.4810	0.4037	14.7476	-1.0330	-1.1008
338	1.2988	1.5336	0.1278	0.4950	0.3953	14.7598	-1.2030	-1.0205
339	1.3046	1.5294	0.1172	0.5196	0.3793	16.0065	-1.2250	-1.0893
340	1.3098	1.5256	0.1260	0.5419	0.3646	15.0389	-1.2320	-0.9444
341	1.2666	1.5058	0.1254	0.3695	0.2856	14.8958	-1.1030	-1.0448
342	1.2674	1.5036	0.1248	0.3730	0.2769	14.9988	-1.2080	-1.1145
343	1.2703	1.5022	0.1248	0.3852	0.2714	14.9116	-1.2130	-1.0101
344	1.2738	1.5017	0.1248	0.3999	0.2692	15.0619	-1.0100	-1.0473
345	1.2784	1.5021	0.1236	0.4187	0.2712	15.2958	-1.1450	-0.9254
346	1.2839	1.5025	0.1254	0.4417	0.2727	15.2329	-1.2580	-0.7686
347	1.2896	1.5044	0.1254	0.4656	0.2804	14.9656	-1.4910	-0.7904
348	1.2952	1.5050	0.1183	0.4890	0.2828	16.5006	-1.8250	-0.6172
349	1.3016	1.5049	0.1254	0.5161	0.2826	15.0814	-1.4636	-0.8733
350	1.3075	1.5062	0.1201	0.5409	0.2878	15.8711	-1.5380	-0.9194
351	1.2841	1.5082	0.1236	0.4481	0.2962	15.5921	-1.7630	-0.8892
352	1.2834	1.5081	0.1272	0.4461	0.2959	14.8352	-2.0370	-0.7593
353	1.2828	1.5082	0.1248	0.4449	0.2967	15.6322	-2.5680	-0.5279
354	1.2834	1.5086	0.1272	0.4478	0.2984	14.2552	-2.4500	-0.4625
355	1.2819	1.5088	0.1272	0.4428	0.2993	15.1665	-2.2050	-0.6030
356	1.2819	1.5075	0.1183	0.4434	0.2945	15.3824	-2.1340	-0.6687
357	1.2832	1.5054	0.1242	0.4497	0.2863	15.7091	-1.4640	-0.6618
358	1.2843	1.5050	0.1272	0.4549	0.2848	15.3745	-1.7020	-0.7078
359	1.2875	1.5054	0.1178	0.4684	0.2865	16.6002	-1.3260	-0.7863
360	1.2880	1.5044	0.1248	0.4716	0.2826	15.4860	-1.7370	-0.6150
361	1.4061	1.2956	0.1254	0.9478	-0.5577	15.4990	-2.0740	-0.4319
362	1.4089	1.2947	0.1284	0.9629	-0.5665	15.2888	-1.2050	-0.8026
363	1.4159	1.2918	0.1254	0.9954	-0.5832	15.7417	-1.7630	-0.4556
364	1.4231	1.2907	0.1266	1.0281	-0.5928	15.8092	-1.9170	-0.4822
365	1.4286	1.2910	0.1272	1.0547	-0.5968	14.4155	-2.8370	-0.3018
366	1.4331	1.2904	0.1266	1.0773	-0.6048	15.5112	-1.9630	-0.5209
367	1.4394	1.2875	0.1248	1.1072	-0.6216	15.8774	-2.6860	-0.2085
368	1.4422	1.2857	0.1254	1.1231	-0.6340	15.5328	-2.0360	-0.5108
369	1.4496	1.2794	0.1230	1.1580	-0.6647	15.9688	-2.1970	-0.2260
370	1.4617	1.2713	0.1183	1.2116	-0.7029	16.6822	-3.2560	-0.0025
371	1.2550	1.5490	0.1218	0.3849	0.4091	16.1735	-4.0460	0.1785
372	1.2470	1.5570	0.1260	0.3528	0.4426	15.5286	-4.4220	0.2266
373	1.2340	1.5700	0.1266	0.3004	0.4963	16.0857	-5.1220	0.4481
374	1.2184	1.5880	0.1278	0.2370	0.5705	15.7312	-5.9520	0.6793
375	1.2017	1.6078	0.1242	0.1690	0.6524	16.1342	-6.8290	0.8514
376	1.1891	1.6238	0.1272	0.1171	0.7195	15.8657	-5.8190	0.6562
377	1.1791	1.6367	0.1254	0.0753	0.7743	16.2935	-5.0050	0.6080
378	1.1678	1.6499	0.1242	0.0282	0.8312	16.5822	-5.1100	0.6525
379	1.1505	1.6696	0.1272	-0.0434	0.9139	16.0125	-6.1290	1.0040
380	1.1371	1.6856	0.1266	-0.1000	0.9825	15.9956	-5.4460	0.7184
381	1.3030	1.4284	0.1266	0.5649	-0.0479	15.7826	-4.6260	0.6904
382	1.3003	1.4294	0.1236	0.5557	-0.0456	16.2918	-5.3610	1.0124
383	1.2967	1.4324	0.1272	0.5423	-0.0351	16.1314	-4.4430	0.6673
384	1.2977	1.4309	0.1260	0.5475	-0.0428	16.1864	-3.4780	0.5674
385	1.2973	1.4292	0.1278	0.5470	-0.0517	16.1809	-3.8493	0.7316
386	1.3007	1.4300	0.1248	0.5617	-0.0501	16.3324	-4.5410	0.9141
387	1.3076	1.4266	0.1248	0.5910	-0.0654	15.3716	-3.4660	0.7373
388	1.3108	1.4256	0.1248	0.6054	-0.0713	16.5089	-3.9560	1.0410
389	1.3179	1.4249	0.1254	0.6352	-0.0763	16.4088	-3.9930	0.8739
390	1.3275	1.4203	0.1224	0.6756	-0.0965	16.9768	-3.5980	0.9427
391	1.2364	1.5466	0.1224	0.3110	0.4098	15.9420	-4.5530	1.0443
392	1.2414	1.5456	0.1260	0.3308	0.4070	16.4848	-3.0760	0.6956
393	1.2454	1.5423	0.1224	0.3467	0.3948	16.5881	-3.4100	1.0563
394	1.2484	1.5424	0.1236	0.3586	0.3964	16.8942	-3.6330	0.9257
395	1.2552	1.5388	0.1236	0.3859	0.3827	16.8056	-3.0330	0.8854
396	1.2594	1.5361	0.1260	0.4030	0.3730	15.9022	-4.3300	1.2480
397	1.2671	1.5325	0.1254	0.4341	0.3592	16.3571	-4.2760	1.2389
398	1.2708	1.5299	0.1224	0.4497	0.3496	16.6737	-5.4490	1.7201
399	1.2788	1.5256	0.1236	0.4821	0.3330	16.7406	-6.0890	1.6876
400	1.2841	1.5223	0.1272	0.5042	0.3203	15.5249	-6.7460	1.9650
401	1.2394	1.4956	0.1254	0.3252	0.2136	16.5827	-9.7130	3.4765
402	1.2428	1.4946	0.1260	0.3387	0.2095	16.7209	-6.5060	1.8877
403	1.2428	1.4923	0.1278	0.3385	0.2000	16.4163	-7.0510	2.2956
404	1.2418	1.4943	0.1254	0.3343	0.2078	16.7955	-8.1570	2.5100
405	1.2446	1.4957	0.1248	0.3453	0.2134	16.8395	-8.0010	2.5804
406	1.2448	1.4998	0.1248	0.3460	0.2298	16.8707	-9.0530	2.8377
407	1.2476	1.5021	0.1242	0.3571	0.2391	15.9838	-8.1640	2.7186
408	1.2496	1.5053	0.1242	0.3651	0.2521	16.8214	-8.5361	2.8889
409	1.2549	1.5085	0.1242	0.3864	0.2650	17.0307	-7.4890	5.3436
410	1.2568	1.5123	0.1230	0.3942	0.2805	17.2047	-7.8000	2.8474
411	1.2164	0.0124	0.1236	2.0000	-2.0000	17.2250	-7.5400	2.8474
412	1.2156	0.0104	0.1284	2.0000	-2.0000	16.6805	-8.8840	3.3331
413	1.2186	0.0074	0.1224	2.0000	-2.0000	17.1337	-8.6110	3.1607
414	1.2206	0.0018	0.1272	2.0000	-2.0000	16.9488	-8.9280	3.5230
415	1.2184	0.0008	0.1213	2.0000	-2.0000	17.4563	-9.8600	3.7925
416	1.2184	0.0000	0.1266	2.0000	-2.0000	16.0889	-9.3100	3.6746
417	1.2210	0.0000	0.1248	2.0000	-2.0000	17.0934	-7.6800	3.5141
418	1.2212	0.0000	0.1260	2.0000	-2.0000	17.0873	-7.7180	3.6051
419	1.2242	0.0000	0.1242	2.0000	-2.0000	17.3338	-7.7750	3.4262
420	1.2298	0.0000	0.1284	2.0000	-2.0000	16.0999	-7.3050	3.4946
421	1.2094	1.5040	0.1242	0.2036	0.2474	17.5697	-7.7070	3.7042
422	1.2096	1.5070	0.1254	0.2034	0.2596	17.3984	-6.3600	3.0852
423	1.2095	1.5091	0.1213	0.2018	0.2681	17.9876	-6.8110	3.4894
424	1.2095	1.5149	0.1242	0.2010	0.2920	17.3669	-7.0130	3.3534
425	1.2126	1.5190	0.1242	0.2123	0.3088	17.5766	-5.8530	3.0242
426	1.2175	1.5189	0.1236	0.2313	0.3087	17.3830	-4.5400	2.8412
427	1.2190	1.5210	0.1236	0.2363	0.3176	16.7187	-5.2700	3.0560
428	1.2208	1.5234	0.1272	0.2429	0.3279	17.2401	-5.6790	3.1654
429	1.2238	1.5275	0.1242	0.2544	0.3449	17.9901	-6.1430	3.2830
430	1.2269	1.5326	0.1260	0.2662	0.3660	17.6862	-5.6180	3.0016
431	1.2306	1.5354	0.1224	0.2804	0.3783	18.1401	-5.5630	3.2366
432	1.2347	1.5423	0.1248	0.2963	0.4069	17.8264	-5.8160	3.0160
433	1.2397	1.5458	0.1242	0.3164	0.4221	17.5724	-5.9890	3.2930
434	1.2433	1.5504	0.1254	0.3302	0.4418	16.7627	-6.5950	3.2446
435	1.2504	1.5527	0.1230	0.3589	0.4522	17.7192	-6.3290	3.2746
436	1.2578	1.5551	0.1248	0.3886	0.4632	18.0124	-7.2320	3.4436
437	1.2690	1.5527	0.1213	0.4337	0.4549	17.9944	-6.3880	3.2532
438	1.2760	1.5504	0.1254	0.4627	0.4469	18.1177	-6.9650	3.4530
439	1.2874	1.5470	0.1154	0.5091	0.4344	18.8066	-5.6330	2.9134
440	1.2978	1.5446	0.1260	0.5518	0.4260	18.0486	-6.0000	3.3144
441	1.2054	1.5160	0.1154	0.1811	0.3121	19.2202	-6.5010	3.4470
442	1.2092	1.5170	0.1236	0.1953	0.3165	18.1522	-5.5230	3.1442
443	1.2116	1.5190	0.1236	0.2040	0.3250	17.7706	-6.1610	3.1766
444	1.2186	1.5200	0.1254	0.2312	0.3295	18.0015	-4.9670	2.8814
445	1.2250	1.5189	0.1218	0.2562	0.3255	17.4109	-5.1290	3.0770
446	1.2340	1.5193	0.1236	0.2918	0.3277	18.1017	-5.1400	2.9272
447	1.2408	1.5182	0.1260	0.3187	0.3237	17.8998	-4.8260	2.9824
448	1.2452	1.5208	0.1154	0.3362	0.3347	19.1388	-5.8230	3.1614
449	1.2480	1.5249	0.1266	0.3474	0.3517	18.1233	-4.5000	2.9000
450	1.2494	1.5341	0.1260	0.3529	0.3895	18.0474	-4.7390	2.8434
451	1.2110	0.3222	0.1248	-0.8079	0.5435	18.4551	-3.7830	2.6662
452	1.2080	0.3236	0.1242	-0.8272	0.5509	17.5578	-3.2460	2.4972
453	1.2076	0.3220	0.1230	-0.8361	0.5463	18.2562	-1.9710	2.3774
454	1.2050	0.3226	0.1248	-0.8539	0.5506	18.4896	-2.9470	2.5114
455	1.2058	0.3210	0.1120	-0.8580	0.5459	19.8751	-2.2870	2.4070
456	1.2040	0.3220	0.1254	-0.8726	0.5517	18.4216	-2.9580	2.6568
457	1.2052	0.3224	0.1236	-0.8752	0.5551	18.8410	-2.6490	2.4382
458	1.2076	0.3224	0.1266	-0.8729	0.5569	18.5140	0.8000	0.7184
459	1.2134	0.3218	0.1248	-0.8569	0.5563	18.4021	-2.0200	2.3996
460	1.2178	0.3214	0.1266	-0.8463	0.5565	18.5160	-3.1830	2.6366
461	1.1778	1.4964	0.1242	-0.0081	0.2564	18.5297	-2.5860	2.5592
462	1.1788	1.4962	0.1218	-0.0059	0.2555	18.9644	-3.3886	2.6412
463	1.1788	1.4946	0.1242	-0.0077	0.2490	18.7714	-0.6250	1.0514
464	1.1798	1.4936	0.1154	-0.0054	0.2448	19.5578	-3.7390	2.6350
465	1.1818	1.4888	0.1248	0.0008	0.2254	18.7039	-3.5140	2.8384
466	1.1812	1.4858	0.1260	-0.0033	0.2131	18.6511	-14.0880	8.5768
467	1.1832	1.4818	0.1260	0.0031	0.1967	17.7963	-5.4810	3.0962
468	1.1852	1.4764	0.1254	0.0094	0.1742	18.8396	-5.6270	3.1826
469	1.1882	1.4735	0.1154	0.0199	0.1620	19.5910	-5.5720	2.9564
470	1.1927	1.4684	0.1189	0.0366	0.1409	19.1489	-5.5670	3.2362
471	1.1786	1.4998	0.1087	-0.0217	0.2665	20.8185	-3.7520	2.6720
472	1.1788	1.4996	0.1218	-0.0227	0.2657	18.8560	-4.0910	2.8182
473	1.1804	1.4966	0.1183	-0.0180	0.2536	18.1104	-2.6410	2.4770
474	1.1786	1.4946	0.1224	-0.0270	0.2455	18.9099	-3.5290	2.6934
475	1.1782	1.4920	0.1207	-0.0304	0.2349	19.3304	-3.0880	2.7768
476	1.1772	1.4908	0.1178	-0.0362	0.2298	19.8902	-2.5940	2.3484
477	1.1776	1.4896	0.1236	-0.0365	0.2248	18.3342	-3.2010	2.7570
478	1.1776	1.4882	0.1260	-0.0383	0.2189	19.0170	-2.3870	2.3186
479	1.1786	1.4851	0.1236	-0.0360	0.2062	19.2753	-3.1190	2.7842
480	1.1806	1.4848	0.1242	-0.0298	0.2045	19.1764	-2.0520	2.3144
481	1.1612	1.4918	0.1236	-0.1096	0.2323	19.3924	-3.1890	2.6698
482	1.1602	1.4892	0.1248	-0.1158	0.2217	19.2212	-2.3880	2.5892
483	1.1566	1.4872	0.1242	-0.1326	0.2133	19.2650	-1.9250	2.2218
484	1.1516	1.4862	0.1266	-0.1550	0.2090	19.1284	-3.0960	2.7400
485	1.1464	1.4846	0.1143	-0.1784	0.2022	20.3390	-2.1050	2.4002
486	1.1398	1.4844	0.1213	-0.2076	0.2010	19.9535	-2.3940	2.2852
487	1.1354	1.4828	0.1254	-0.2281	0.1942	19.1824	-2.6480	2.7144
488	1.1286	1.4800	0.1248	-0.2583	0.1825	19.4638	-2.6510	2.4422
489	1.1216	1.4790	0.1248	-0.2895	0.1780	19.3170	-3.7030	2.8862
490	1.1156	1.4806	0.1230	-0.3169	0.1839	19.9208	-3.5080	2.6372
491	1.1410	1.4704	0.1218	-0.2180	0.1423	19.8481	-3.7280	2.9076
492	1.1379	1.4730	0.1207	-0.2333	0.1521	19.8427	-3.4420	2.5856
493	1.1336	1.4770	0.1207	-0.2534	0.1675	19.6981	-4.2020	2.7852
494	1.1301	1.4840	0.1160	-0.2701	0.1951	20.4052	-3.1040	2.6432
495	1.1261	1.4936	0.1201	-0.2893	0.2333	19.7157	-2.6418	2.4099
496	1.1235	1.5046	0.1260	-0.3029	0.2774	19.5089	-2.1450	2.4290
497	1.1227	1.5146	0.1218	-0.3094	0.3178	19.1555	-1.1160	2.0880
498	1.1187	1.5254	0.1290	-0.3288	0.3616	19.3830	-1.5800	2.4292
499	1.1144	1.5371	0.1224	-0.3490	0.4095	19.7886	-0.4860	2.0868
500	1.1088	1.5504	0.1248	-0.3751	0.4637	19.7136	-0.4790	1.9262
501	1.1226	1.4772	0.1248	-0.3231	0.1705	19.7988	-0.8580	2.4348
502	1.1212	1.4762	0.1230	-0.3319	0.1659	20.2840	0.0850	1.8828
503	1.1172	1.4778	0.1132	-0.3513	0.1717	21.3191	-0.1670	1.7790
504	1.1102	1.4800	0.1248	-0.3828	0.1800	19.7162	-1.3250	2.4442
505	1.1038	1.4832	0.1260	-0.4120	0.1924	19.7824	-0.4180	2.0340
506	1.0958	1.4882	0.1236	-0.4478	0.2121	20.1601	-1.0650	2.1310
507	1.0894	1.4930	0.1260	-0.4773	0.2311	19.8395	-1.2460	2.3948
508	1.0841	1.4990	0.1236	-0.5030	0.2550	20.2764	-0.4480	1.9864
509	1.0793	1.5027	0.1224	-0.5264	0.2702	19.5104	-0.9440	2.2344
510	1.0771	1.5059	0.1260	-0.5394	0.2830	19.8749	-0.2710	2.1010
511	1.1676	1.5214	0.1248	-0.1793	0.3455	19.9250	-0.7870	2.0626
512	1.1714	1.5193	0.1149	-0.1663	0.3376	20.9715	-0.6330	2.2218
513	1.1741	1.5187	0.1230	-0.1573	0.3358	20.3810	-0.5080	1.9928
514	1.1762	1.5168	0.1260	-0.1510	0.3283	20.0485	-1.7070	2.4278
515	1.1803	1.5163	0.1236	-0.1362	0.3269	20.7265	-0.7260	1.9924
516	1.1810	1.5152	0.1160	-0.1349	0.3230	21.1305	-1.3950	2.1906
517	1.1835	1.5148	0.1248	-0.1268	0.3217	20.1020	-1.7300	2.5028
518	1.1856	1.5133	0.1236	-0.1199	0.3159	19.7499	-1.5270	2.3686
519	1.1868	1.5116	0.1236	-0.1169	0.3093	20.2493	-1.8154	2.2492
520	1.1865	1.5093	0.1266	-0.1195	0.3003	20.3991	-5.0000	3.0000
521	1.1420	1.4574	0.1260	-0.3002	0.0918	20.1376	-2.6100	2.4260
522	1.1454	1.4604	0.1254	-0.2892	0.1028	20.3601	-2.7420	2.4564
523	1.1510	1.4628	0.1195	-0.2693	0.1115	20.9814	-2.4210	2.6098
524	1.1557	1.4667	0.1254	-0.2530	0.1263	20.4230	-1.2170	1.9698
525	1.1592	1.4707	0.1248	-0.2410	0.1413	19.7057	-1.3400	2.1420
526	1.1614	1.4784	0.1248	-0.2346	0.1718	20.4979	-1.0720	2.3244
527	1.1608	1.4835	0.1242	-0.2392	0.1918	20.5289	-1.5640	2.3128
528	1.1566	1.4905	0.1248	-0.2582	0.2194	20.7271	-1.4650	2.4486
529	1.1527	1.4976	0.1230	-0.2765	0.2479	20.4981	-0.5370	2.0454
530	1.1489	1.5031	0.1254	-0.2941	0.2700	20.5995	-1.2690	2.0022
1	1.2740	1.5460	0.0000	0.0966	0.1852	0.0000	0.9470	0.0000
2	1.2742	1.5460	0.1296	0.0979	0.1864	4.2776	1.8460	-0.4105
3	1.2746	1.5462	0.1290	0.1001	0.1881	4.9802	1.6440	-0.3542
4	1.2753	1.5463	0.1327	0.1035	0.1900	4.7529	1.6420	-0.3933
5	1.2762	1.5466	0.1296	0.1077	0.1921	4.9071	1.5600	-0.3813
6	1.2774	1.5468	0.1333	0.1133	0.1941	4.7390	1.6740	-0.4278
7	1.2789	1.5470	0.1284	0.1200	0.1961	5.1740	1.7660	-0.4450
8	1.2807	1.5474	0.1224	0.1281	0.1988	6.1044	1.6760	-0.4366
9	1.2827	1.5481	0.1278	0.1369	0.2030	5.3069	1.8160	-0.5122
10	1.2840	1.5484	0.1296	0.1430	0.2053	5.4735	1.8660	-0.5284
11	1.2784	1.5804	0.1302	0.1214	0.3355	5.0576	1.8220	-0.5181
12	1.2801	1.5789	0.1290	0.1289	0.3313	5.2950	1.8280	-0.5691
13	1.2818	1.5774	0.1278	0.1363	0.3271	4.3420	1.8450	-0.5669
14	1.2839	1.5753	0.1296	0.1458	0.3207	5.4052	1.7940	-0.5292
15	1.2865	1.5731	0.1290	0.1569	0.3139	5.4470	1.7610	-0.5950
16	1.2895	1.5708	0.1302	0.1700	0.3061	5.3310	1.8860	-0.6462
17	1.2922	1.5665	0.1327	0.1819	0.2907	4.9454	2.0340	-0.6837
18	1.2944	1.5628	0.1290	0.1918	0.2774	4.5813	2.2690	-0.7681
19	1.2975	1.5583	0.1321	0.2053	0.2612	5.0798	2.2790	-0.7559
20	1.3001	1.5552	0.1296	0.2170	0.2501	5.6413	2.3020	-0.7958
21	1.2874	1.5054	0.1189	0.1673	0.0509	6.8293	2.2430	-0.7959
22	1.2870	1.5061	0.1296	0.1664	0.0539	5.5745	2.1840	-0.8146
23	1.2872	1.5063	0.1302	0.1680	0.0547	5.2892	2.2240	-0.8298
24	1.2873	1.5056	0.1308	0.1694	0.0521	5.6727	2.3260	-0.8671
25	1.2882	1.5048	0.1302	0.1742	0.0490	5.3496	2.3200	-0.8836
26	1.2900	1.5041	0.1308	0.1822	0.0465	5.7327	2.1670	-0.8935
27	1.2919	1.5028	0.1201	0.1908	0.0414	6.6284	2.1140	-0.8988
28	1.2938	1.5010	0.1302	0.1996	0.0342	5.6829	2.0980	-0.9240
29	1.2960	1.4998	0.1201	0.2094	0.0292	6.8708	1.9960	-0.8997
30	1.2981	1.4990	0.1284	0.2193	0.0262	5.9563	1.8150	-0.8910
31	1.2854	1.5170	0.1302	0.1691	0.0986	5.5794	1.8870	-0.9475
32	1.2863	1.5175	0.1278	0.1738	0.1009	6.0832	1.9480	-0.9687
33	1.2873	1.5182	0.1284	0.1787	0.1043	5.8586	1.8920	-0.9616
34	1.2889	1.5182	0.1290	0.1859	0.1046	5.3367	1.7500	-0.9591
35	1.2907	1.5186	0.1290	0.1943	0.1066	5.9072	1.7210	3.0162
36	1.2928	1.5197	0.1296	0.2035	0.1115	5.0297	1.9080	-1.0874
37	1.2941	1.5211	0.1284	0.2101	0.1178	6.1019	2.0150	-1.1590
38	1.2947	1.5234	0.1290	0.2136	0.1274	5.8773	1.8880	-1.0762
39	1.2954	1.5268	0.1284	0.2175	0.1418	6.0411	2.0860	-1.1907
40	1.2955	1.5300	0.1302	0.2188	0.1553	6.1512	2.1600	-1.2307
41	1.2086	1.4638	0.1290	-0.1296	-0.1103	6.0773	2.8800	-1.6410
42	1.2098	1.4631	0.1308	-0.1256	-0.1143	6.1318	2.3300	-1.2962
43	1.2117	1.4623	0.1290	-0.1194	-0.1182	6.0773	2.4580	-1.3486
44	1.2142	1.4607	0.1321	-0.1102	-0.1256	5.9234	2.5330	-1.3593
45	1.2176	1.4582	0.1278	-0.0972	-0.1368	6.2837	2.7200	-1.4351
46	1.2206	1.4558	0.1272	-0.0862	-0.1472	6.5684	2.6360	-1.4179
47	1.2240	1.4532	0.1272	-0.0732	-0.1590	6.4771	2.6870	-1.4821
48	1.2276	1.4499	0.1224	-0.0594	-0.1734	7.1348	2.5620	-1.4574
49	1.2317	1.4455	0.1272	-0.0435	-0.1924	6.5320	2.4760	-1.4708
50	1.2352	1.4425	0.1302	-0.0298	-0.2058	6.3751	2.4580	-1.5059
51	1.2466	1.5542	0.1296	0.0157	0.2424	6.2896	2.6170	-1.5380
52	1.2448	1.5558	0.1302	0.0083	0.2500	6.3682	2.3610	-1.5405
53	1.2419	1.5578	0.1272	-0.0032	0.2598	6.7622	2.4240	-1.5429
54	1.2383	1.5596	0.1302	-0.0181	0.2682	6.4285	2.2950	-1.5457
55	1.2333	1.5624	0.1278	-0.0386	0.2812	6.7501	2.1910	-1.5398
56	1.2241	1.5677	0.1308	-0.0758	0.3038	6.2937	2.1260	-1.5484
57	1.2138	1.5730	0.1302	-0.1181	0.3268	5.6212	2.0210	-1.5665
58	1.2011	1.5797	0.1290	-0.1699	0.3557	6.5735	2.0850	-1.5943
59	1.1892	1.5867	0.1302	-0.2192	0.3858	5.6230	1.9200	-1.5871
60	1.1824	1.5910	0.1302	-0.2481	0.4054	6.7198	1.8862	-1.5916
61	1.3190	1.3292	0.1201	0.3002	-0.6459	7.5979	1.7420	-1.5774
62	1.3171	1.3305	0.1296	0.2941	-0.6452	6.6038	1.8250	-1.6110
63	1.3145	1.3334	0.1302	0.2856	-0.6376	5.7263	1.9370	-1.6674
64	1.3125	1.3372	0.1296	0.2788	-0.6267	6.7251	2.0130	-1.7010
65	1.3102	1.3408	0.1308	0.2711	-0.6161	6.6091	1.8520	-1.6696
66	1.3080	1.3444	0.1290	0.2640	-0.6057	7.1029	1.7750	-1.6601
67	1.3057	1.3490	0.1308	0.2563	-0.5908	6.5482	1.7280	-1.6690
68	1.3039	1.3546	0.1315	0.2503	-0.5721	6.8708	1.5800	-1.6454
69	1.3019	1.3601	0.1302	0.2434	-0.5536	6.6822	1.5050	-1.6608
70	1.2991	1.3651	0.1327	0.2336	-0.5372	5.8731	1.3020	-1.5997
71	1.2506	1.5133	0.1213	0.0395	0.0561	7.9298	1.1670	-1.6225
72	1.2507	1.5142	0.1302	0.0401	0.0601	7.0043	1.0050	-1.5729
73	1.2495	1.5147	0.1321	0.0352	0.0623	5.8550	0.8410	-1.5613
74	1.2468	1.5152	0.1296	0.0245	0.0649	7.0766	0.9930	-1.6154
75	1.2440	1.5154	0.1296	0.0129	0.0659	6.9855	0.9540	-1.6297
76	1.2414	1.5159	0.1290	0.0025	0.0684	7.0884	1.0050	-1.6547
77	1.2381	1.5177	0.1302	-0.0112	0.0761	6.9730	0.8490	-1.6109
78	1.2343	1.5201	0.1308	-0.0266	0.0862	7.2353	0.6980	-1.5767
79	1.2310	1.5231	0.1302	-0.0403	0.0985	7.0338	0.5880	-1.5680
80	1.2292	1.5254	0.1296	-0.0479	0.1087	7.1915	0.4710	-1.5622
81	1.2641	1.5507	0.1201	0.0918	0.2108	8.4832	0.5200	-1.5646
82	1.2654	1.5517	0.1290	0.0976	0.2162	7.5639	0.5000	-1.5733
83	1.2671	1.5530	0.1308	0.1048	0.2227	6.8885	0.4140	-1.5647
84	1.2684	1.5543	0.1302	0.1102	0.2294	7.3564	0.5530	-1.6247
85	1.2696	1.5553	0.1290	0.1157	0.2345	7.1087	0.6250	-1.6153
86	1.2697	1.5554	0.1296	0.1164	0.2365	7.4291	0.6020	-1.6276
87	1.2690	1.5558	0.1284	0.1143	0.2396	7.2420	0.7230	-1.6505
88	1.2683	1.5567	0.1290	0.1117	0.2446	7.5627	0.9210	-1.7181
89	1.2685	1.5577	0.1296	0.1132	0.2499	7.4591	0.9530	-1.7330
90	1.2693	1.5594	0.1327	0.1168	0.2582	7.3602	0.9913	-1.7346
91	1.2743	1.5265	0.1290	0.1374	0.1273	7.5805	1.0590	-1.7397
92	1.2743	1.5277	0.1302	0.1379	0.1328	7.5865	0.9960	-1.7509
93	1.2749	1.5290	0.1284	0.1411	0.1387	7.7134	1.1930	-1.8380
94	1.2743	1.5306	0.1296	0.1394	0.1457	7.5374	1.4180	-1.8668
95	1.2740	1.5317	0.1218	0.1388	0.1512	8.5626	1.7000	-1.9712
96	1.2744	1.5318	0.1284	0.1409	0.1524	7.8050	1.8407	-2.0035
97	1.2744	1.5321	0.1207	0.1413	0.1544	8.6436	1.0000	-1.4779
98	1.2754	1.5314	0.1296	0.1463	0.1524	7.7205	1.9600	-2.0853
99	1.2778	1.5312	0.1308	0.1565	0.1521	7.6046	2.3270	-2.1719
100	1.2795	1.5315	0.1308	0.1639	0.1543	7.8670	2.4720	-2.2054
101	1.2661	1.5231	0.1308	0.1106	0.1211	7.6524	2.6340	-1.9867
102	1.2668	1.5228	0.1302	0.1138	0.1206	7.8779	2.5440	-2.2612
103	1.2691	1.5208	0.1296	0.1235	0.1131	7.7381	2.6480	-2.3251
104	1.2723	1.5193	0.1315	0.1368	0.1074	7.8531	2.6260	-2.3500
105	1.2741	1.5176	0.1308	0.1447	0.1011	7.5315	2.6400	-2.3464
106	1.2761	1.5156	0.1321	0.1534	0.0935	7.7787	2.5440	-2.3447
107	1.2763	1.5144	0.1284	0.1548	0.0890	7.9383	2.5090	-2.3696
108	1.2765	1.5133	0.1302	0.1565	0.0851	7.8710	2.3850	-2.3805
109	1.2773	1.5125	0.1296	0.1604	0.0822	8.0354	2.4610	-2.4373
110	1.2766	1.5135	0.1308	0.1580	0.0866	7.9737	2.4270	-2.4044
111	1.2769	1.5240	0.1308	0.1600	0.1291	8.1199	2.1410	-2.3938
112	1.2799	1.5237	0.1302	0.1728	0.1286	8.1009	2.0860	-2.3894
113	1.2856	1.5247	0.1266	0.1963	0.1332	8.2642	2.2730	-2.4014
114	1.2899	1.5270	0.1302	0.2144	0.1430	8.0398	2.1650	-2.4190
115	1.2942	1.5299	0.1284	0.2329	0.1552	8.4104	2.1310	-2.4102
116	1.3002	1.5354	0.1308	0.2582	0.1781	8.0875	2.0370	-2.3906
117	1.3073	1.5408	0.1290	0.2880	0.2009	8.2156	1.8780	-2.3656
118	1.3190	1.5509	0.1315	0.3367	0.2424	8.2573	2.0140	-2.4020
119	1.3338	1.5620	0.1302	0.3977	0.2884	8.3728	2.0840	-2.4080
120	1.3447	1.5673	0.1315	0.4440	0.3114	8.3110	2.0710	-2.4030
121	1.2638	1.5756	0.1296	0.1205	0.3465	8.3110	1.9370	-2.3558
122	1.2661	1.5802	0.1290	0.1303	0.3669	8.4148	1.8540	-2.4028
123	1.2680	1.5830	0.1266	0.1382	0.3801	8.6743	11.8830	-4.3766
124	1.2693	1.5859	0.1290	0.1437	0.3938	8.3546	1.6930	-2.3762
125	1.2721	1.5861	0.1296	0.1556	0.3970	8.4329	1.6320	-2.3264
126	1.2745	1.5890	0.1296	0.1659	0.4107	8.5236	1.7900	-2.3936
127	1.2752	1.5927	0.1321	0.1694	0.4277	7.9579	1.7540	-2.3556
128	1.2764	1.5970	0.1327	0.1748	0.4474	8.3996	1.9160	-2.3700
129	1.2776	1.6027	0.1327	0.1801	0.4729	8.3071	1.9270	-2.4246
130	1.2787	1.6076	0.1290	0.1855	0.4949	8.7104	1.8310	-2.3870
131	1.2674	1.5340	0.1302	0.1406	0.2017	8.6494	1.7300	-2.2876
132	1.2690	1.5310	0.1290	0.1475	0.1902	8.9481	1.7660	-2.3316
133	1.2698	1.5279	0.1290	0.1513	0.1788	8.5532	1.8090	-2.3526
134	1.2688	1.5243	0.1308	0.1477	0.1650	8.6674	1.6880	-2.3336
135	1.2685	1.5193	0.1284	0.1471	0.1455	8.6269	1.6170	-2.3418
136	1.2680	1.5149	0.1302	0.1452	0.1280	8.8624	1.5600	-2.3036
137	1.2660	1.5107	0.1290	0.1376	0.1117	8.6144	1.6180	-2.3072
138	1.2646	1.5070	0.1296	0.1323	0.0969	8.9959	1.7150	-2.3502
139	1.2637	1.5038	0.1296	0.1291	0.0844	8.9649	1.8240	-2.3884
140	1.2643	1.5025	0.1302	0.1321	0.0789	8.9158	1.8390	-2.3786
141	1.2732	1.5178	0.1315	0.1680	0.1407	8.7992	1.8950	-2.3614
142	1.2727	1.5217	0.1284	0.1667	0.1570	9.0733	1.9000	-2.3904
143	1.2725	1.5254	0.1308	0.1666	0.1725	8.7513	1.6650	-2.3378
144	1.2730	1.5314	0.1284	0.1689	0.1970	9.0736	1.4460	-2.2668
145	1.2733	1.5353	0.1296	0.1709	0.2137	9.0193	1.3720	-2.2508
146	1.2756	1.5386	0.1290	0.1807	0.2275	9.3050	1.4290	-2.3046
147	1.2789	1.5423	0.1296	0.1946	0.2436	9.0800	1.5580	-2.3064
148	1.2825	1.5474	0.1296	0.2097	0.2651	9.1099	1.6260	-2.3104
149	1.2884	1.5509	0.1302	0.2344	0.2804	9.1282	1.6300	-2.3316
150	1.2928	1.5542	0.1290	0.2531	0.2948	9.3591	1.6480	-2.3452
151	1.2511	1.5802	0.1278	0.0862	0.4010	9.2860	1.8420	-2.3700
152	1.2504	1.5791	0.1290	0.0834	0.3986	9.2314	1.9900	-2.4192
153	1.2495	1.5800	0.1302	0.0798	0.4040	8.2253	2.2080	-2.4624
154	1.2489	1.5822	0.1290	0.0775	0.4149	9.2323	1.9870	-2.3862
155	1.2480	1.5850	0.1308	0.0738	0.4282	8.2131	1.8640	-2.4132
156	1.2475	1.5870	0.1321	0.0716	0.4385	9.4760	1.6570	-2.3230
157	1.2463	1.5890	0.1308	0.0670	0.4487	8.3900	1.5290	-2.3242
158	1.2439	1.5926	0.1321	0.0569	0.4655	9.3514	1.4840	-2.2888
159	1.2408	1.5972	0.1290	0.0444	0.4864	8.7279	1.2170	-2.2082
160	1.2382	1.6019	0.1296	0.0339	0.5075	9.5160	1.1460	-2.2056
161	1.3472	1.3644	0.1284	0.4722	-0.4456	9.6251	1.0810	-2.2058
162	1.3504	1.3609	0.1302	0.4874	-0.4630	9.4365	0.7770	-2.1334
163	1.3521	1.3599	0.1260	0.4969	-0.4709	9.1404	0.4070	-2.0706
164	1.3496	1.3604	0.1308	0.4893	-0.4721	9.6069	0.3200	-2.0668
165	1.3483	1.3617	0.1284	0.4864	-0.4704	8.9119	0.3820	-2.1196
166	1.3481	1.3630	0.1308	0.4884	-0.4687	9.6064	0.4750	-2.0986
167	1.3470	1.3649	0.1278	0.4862	-0.4644	9.9404	0.5830	-2.1690
168	1.3461	1.3632	0.1308	0.4850	-0.4747	9.6666	0.9390	-2.2418
169	1.3474	1.3594	0.1278	0.4926	-0.4932	10.1838	1.0350	-2.2242
170	1.3486	1.3587	0.1302	0.5000	-0.4996	9.6666	0.9770	-2.2022
171	1.2629	1.5416	0.1296	0.1576	0.2329	9.6431	0.8710	-2.1874
172	1.2621	1.5428	0.1278	0.1545	0.2389	10.3118	0.5910	-2.1170
173	1.2577	1.5443	0.1278	0.1374	0.2457	8.9691	0.3690	-2.0706
174	1.2513	1.5443	0.1296	0.1115	0.2469	10.0324	0.3050	-2.0414
175	1.2410	1.5470	0.1278	0.0702	0.2589	9.9771	0.3900	-2.0548
176	1.2278	1.5515	0.1302	0.0169	0.2782	10.0201	0.4460	-2.0892
177	1.2108	1.5554	0.1284	-0.0520	0.2952	9.9049	0.7780	-2.1532
178	1.1913	1.5601	0.1296	-0.1316	0.3157	10.0929	1.0000	-2.2140
179	1.1713	1.5678	0.1296	-0.2136	0.3480	9.9409	0.8100	-2.0860
180	1.1593	1.5737	0.1315	-0.2638	0.3735	10.1049	0.9050	-2.2226
181	1.2673	1.5440	0.1278	0.1686	0.2558	10.3896	0.8190	-2.1638
182	1.2632	1.5519	0.1302	0.1526	0.2886	10.0072	0.5550	-2.1350
183	1.2579	1.5614	0.1284	0.1314	0.3282	10.1353	0.5760	-2.1152
184	1.2521	1.5692	0.1321	0.1085	0.3612	7.7032	0.9540	-2.1984
185	1.2445	1.5770	0.1272	0.0778	0.3942	10.3426	1.3230	-2.2814
186	1.2399	1.5859	0.1308	0.0590	0.4321	9.2813	1.4570	-2.3386
187	1.2397	1.5938	0.1278	0.0580	0.4659	10.5134	1.5760	-2.3432
188	1.2428	1.5974	0.1308	0.0704	0.4828	9.1089	1.4940	-2.2516
189	1.2442	1.6035	0.1296	0.0757	0.5097	10.2352	1.1820	-2.1720
190	1.2450	1.6092	0.1284	0.0789	0.5352	10.6422	1.1560	-2.2164
191	1.2612	1.5668	0.1284	0.1440	0.3674	10.3025	1.4520	-2.3324
192	1.2636	1.5651	0.1284	0.1540	0.3624	9.7383	1.5860	-2.2892
193	1.2628	1.5655	0.1284	0.1509	0.3654	10.4244	1.4300	-2.2880
194	1.2625	1.5686	0.1308	0.1502	0.3795	10.3442	1.9580	-2.4616
195	1.2648	1.5705	0.1290	0.1598	0.3887	10.4126	2.0400	-2.4064
196	1.2666	1.5764	0.1278	0.1671	0.4144	10.8308	1.9610	-2.3574
197	1.2688	1.5834	0.1195	0.1766	0.4444	11.5558	2.1990	-2.4446
198	1.2720	1.5899	0.1284	0.1900	0.4727	11.0031	2.0870	-2.3734
199	1.2734	1.5977	0.1201	0.1962	0.5066	11.4866	2.0930	-2.4294
200	1.2760	1.6012	0.1308	0.2071	0.5228	10.5214	2.1090	-2.3986
201	1.2682	1.5630	0.1272	0.1763	0.3715	10.8010	1.9430	-2.3630
202	1.2693	1.5611	0.1302	0.1815	0.3658	10.7101	2.1610	-2.4338
203	1.2707	1.5607	0.1272	0.1874	0.3656	10.7413	2.0690	-2.4138
204	1.2730	1.5585	0.1302	0.1971	0.3581	10.7713	2.1380	-2.3924
205	1.2727	1.5572	0.1290	0.1964	0.3544	10.7049	2.0300	-2.4372
206	1.2760	1.5575	0.1302	0.2103	0.3569	10.8931	1.0230	-1.7986
207	1.2796	1.5589	0.1290	0.2257	0.3641	10.7053	1.9960	-2.7976
208	1.2842	1.5597	0.1284	0.2447	0.3689	11.1113	1.9600	-2.3824
209	1.2875	1.5596	0.1302	0.2590	0.3698	10.6201	1.9020	-2.4112
210	1.2909	1.5581	0.1296	0.2735	0.3653	10.9596	1.7610	-2.2870
211	1.2646	1.5555	0.1290	0.1687	0.3564	11.1176	1.9480	-2.4448
212	1.2676	1.5575	0.1296	0.1812	0.3660	10.8926	1.7990	-2.4086
213	1.2696	1.5609	0.1302	0.1897	0.3810	10.9715	1.6710	-2.2594
214	1.2722	1.5649	0.1290	0.2004	0.3984	11.1476	1.9050	-2.4066
215	1.2761	1.5710	0.1315	0.2169	0.4249	9.8731	1.9280	-2.4440
216	1.2802	1.5785	0.1278	0.2342	0.4569	11.2327	2.0270	-2.3654
217	1.2854	1.5867	0.1296	0.2557	0.4915	10.2709	2.4200	-2.4932
218	1.2891	1.5972	0.1284	0.2717	0.5361	11.4033	2.3270	-2.4810
219	1.2931	1.6092	0.1284	0.2885	0.5869	11.4337	2.1560	-2.4204
220	1.2958	1.6168	0.1308	0.3004	0.6202	10.2033	2.2140	-2.4268
221	1.2724	1.5304	0.1224	0.2075	0.2753	11.0631	2.3970	-2.4794
222	1.2734	1.5304	0.1284	0.2121	0.2761	11.2649	2.3290	-2.4270
223	1.2728	1.5306	0.1272	0.2102	0.2776	11.5617	2.4710	-2.5122
224	1.2725	1.5329	0.1189	0.2094	0.2876	12.7697	2.6930	-2.5894
225	1.2743	1.5358	0.1278	0.2175	0.3003	11.4902	2.8730	-2.6146
226	1.2770	1.5364	0.1224	0.2287	0.3033	12.1658	2.7550	-2.5354
227	1.2821	1.5389	0.1254	0.2502	0.3146	11.6591	3.0690	-2.6278
228	1.2878	1.5442	0.1315	0.2740	0.3369	11.2043	3.5110	-2.7394
229	1.2942	1.5535	0.1266	0.3006	0.3754	11.8782	3.7660	-2.7792
230	1.2986	1.5610	0.1290	0.3195	0.4068	11.4850	3.9580	-2.8820
231	1.2778	1.4130	0.1296	0.2368	-0.1874	11.4364	3.9410	-2.7706
232	1.2772	1.4176	0.1248	0.2351	-0.1710	12.1058	3.5800	-2.7160
233	1.2760	1.4176	0.1272	0.2310	-0.1731	11.7273	3.6580	-2.7316
234	1.2718	1.4157	0.1302	0.2147	-0.1828	11.5154	3.4660	-2.5420
235	1.2678	1.4173	0.1266	0.1992	-0.1786	11.9821	3.2550	-2.6510
236	1.2650	1.4194	0.1201	0.1885	-0.1719	11.7861	4.2610	-2.8522
237	1.2615	1.4194	0.1302	0.1748	-0.1741	11.8522	2.9750	-2.4594
238	1.2618	1.4240	0.1302	0.1763	-0.1578	10.7453	2.9880	-2.6516
239	1.2635	1.4284	0.1308	0.1833	-0.1419	11.5958	2.9610	-2.5686
240	1.2640	1.4338	0.1296	0.1856	-0.1220	12.0714	2.9440	-2.5884
241	1.2940	1.5094	0.1278	0.3067	0.1808	11.9484	3.1340	-2.1352
242	1.2911	1.5092	0.1272	0.2960	0.1802	11.2185	2.0580	-2.3160
243	1.2893	1.5062	0.1284	0.2898	0.1686	11.8168	1.9680	-2.3804
244	1.2870	1.5045	0.1272	0.2818	0.1615	12.4173	1.3540	-2.2548
245	1.2837	1.5005	0.1189	0.2692	0.1456	13.0174	0.3380	-2.0636
246	1.2800	1.4963	0.1284	0.2553	0.1288	12.1502	0.2310	-1.9670
247	1.2762	1.4929	0.1195	0.2405	0.1150	13.0088	0.3840	-2.1500
248	1.2721	1.4877	0.1272	0.2248	0.0938	12.5398	-0.0110	-1.9973
249	1.2684	1.4825	0.1296	0.2104	0.0725	11.7940	-0.2300	-2.0415
250	1.2654	1.4766	0.1302	0.1990	0.0485	12.0472	-0.2700	-1.9904
251	1.2672	1.5522	0.1278	0.2065	0.3521	12.1210	-0.5630	-1.8476
252	1.2670	1.5538	0.1296	0.2061	0.3601	12.1147	-0.5880	-1.8606
253	1.2644	1.5533	0.1278	0.1962	0.3593	12.1221	-0.3700	-1.9433
254	1.2604	1.5524	0.1290	0.1805	0.3568	12.3094	-0.3910	-1.8606
255	1.2567	1.5507	0.1272	0.1655	0.3513	12.3761	-0.6930	-1.7572
256	1.2535	1.5499	0.1302	0.1529	0.3495	12.2851	-0.8800	-1.8238
257	1.2506	1.5489	0.1284	0.1413	0.3468	11.4028	-1.1410	-1.7256
258	1.2485	1.5457	0.1302	0.1329	0.3352	12.4073	-1.0710	-1.7251
259	1.2456	1.5427	0.1296	0.1213	0.3240	11.3181	-1.1310	-1.6559
260	1.2459	1.5409	0.1321	0.1225	0.3178	12.1195	-1.1410	-1.6505
261	1.7510	1.6016	0.1284	2.0000	0.5633	12.5835	-1.0400	-1.6600
262	1.7499	1.6006	0.1296	2.0000	0.5618	12.5294	-0.7000	-1.8250
263	1.7504	1.6026	0.1266	2.0000	0.5724	12.9836	-0.5610	-1.7863
264	1.7529	1.6064	0.1290	2.0000	0.5902	12.3604	-0.4380	-1.7438
265	1.7586	1.6108	0.1266	2.0000	0.6106	12.8016	-0.3140	-1.8652
266	1.7626	1.6149	0.1160	2.0000	0.6298	13.7420	-0.5500	-1.6869
267	1.7641	1.6198	0.1260	2.0000	0.6526	12.6954	-0.6990	-1.6576
268	1.7636	1.6260	0.1183	2.0000	0.6803	13.8270	-0.7530	-1.7233
269	1.7630	1.6323	0.1266	2.0000	0.7089	12.8059	-0.9690	-1.6147
270	1.7614	1.6362	0.1278	2.0000	0.7281	12.8610	-0.8210	-1.6929
271	1.2489	1.5706	0.1284	0.1342	0.4673	12.5115	-1.0370	-1.6399
272	1.2480	1.5720	0.1284	0.1307	0.4749	12.5422	-1.1540	-1.5754
273	1.2475	1.5712	0.1230	0.1287	0.4731	12.9817	-1.2410	-1.4997
274	1.2461	1.5690	0.1272	0.1228	0.4661	11.8103	-1.3680	-1.4602
275	1.2413	1.5662	0.1254	0.1036	0.4567	12.9378	-1.1030	-1.5861
276	1.2341	1.5652	0.1260	0.0745	0.4544	12.9566	-0.8900	-1.6389
277	1.2300	1.5636	0.1236	0.0573	0.4496	13.5148	-0.8350	-1.5843
278	1.2279	1.5634	0.1296	0.0483	0.4504	12.8848	-0.6210	-1.6786
279	1.2255	1.5671	0.1266	0.0384	0.4669	13.0973	-0.6550	-1.6412
280	1.2238	1.5701	0.1333	0.0307	0.4805	12.5592	-0.4090	-1.7156
281	0.0893	1.5610	0.1278	-2.0000	0.4456	13.1222	-0.4730	-1.6184
282	0.0910	1.5608	0.1278	-2.0000	0.4465	13.2137	-0.7750	-1.5762
283	0.0946	1.5597	0.1254	-2.0000	0.4433	13.2912	-0.7180	-1.5624
284	0.1011	1.5560	0.1290	-2.0000	0.4301	13.1296	-0.7000	-1.5873
285	0.1077	1.5531	0.1189	-2.0000	0.4198	14.3121	-0.4270	-1.6485
286	0.1140	1.5516	0.1302	-2.0000	0.4151	13.1058	0.0000	-1.8626
287	0.1186	1.5519	0.1315	-2.0000	0.4176	12.9283	-0.4620	-1.6354
288	0.1213	1.5520	0.1260	-2.0000	0.4193	13.5529	-0.4970	-1.6234
289	0.1227	1.5510	0.1296	-2.0000	0.4165	13.1489	-1.7250	-0.9532
290	0.1235	1.5490	0.1290	-2.0000	0.4098	13.3672	-4.7750	0.8998
291	1.2897	1.5290	0.1189	0.2953	0.3305	14.4224	-0.7860	-1.5647
292	1.2913	1.5282	0.1278	0.3030	0.3280	13.6895	-0.7040	-1.4572
293	1.2940	1.5268	0.1296	0.3147	0.3230	12.4262	-0.7100	-1.5117
294	1.2980	1.5258	0.1278	0.3321	0.3199	13.4471	-0.6910	-1.5209
295	1.3035	1.5255	0.1284	0.3553	0.3192	12.6329	-1.0500	-1.4058
296	1.3100	1.5269	0.1284	0.3826	0.3254	13.8622	-1.0810	-1.3737
297	1.3172	1.5273	0.1296	0.4132	0.3279	13.3204	-1.1330	-1.3526
298	1.3250	1.5275	0.1308	0.4462	0.3291	13.5079	-1.0440	-1.3609
299	1.3337	1.5266	0.1290	0.4833	0.3262	13.5748	-1.0500	-1.3874
300	1.3374	1.5260	0.1224	0.5004	0.3247	14.3774	-1.1760	-1.3480
301	1.3457	1.5233	0.1302	0.5356	0.3144	13.2241	-0.9710	-1.4669
302	1.3574	1.5194	0.1296	0.5854	0.2991	13.5086	-0.9510	-1.4509
303	1.3690	1.5155	0.1272	0.6346	0.2841	12.9972	-1.0360	-1.3282
304	1.3796	1.5099	0.1278	0.6802	0.2617	13.7277	-1.1570	-1.2542
305	1.3907	1.5039	0.1308	0.7284	0.2378	13.5750	-0.9120	-1.3876
306	1.4027	1.4965	0.1284	0.7801	0.2081	13.7160	-1.0470	-1.3553
307	1.4161	1.4881	0.1278	0.8378	0.1742	13.8794	-1.1710	-1.3231
308	1.4285	1.4796	0.1195	0.8920	0.1398	14.8471	-1.5520	-1.2503
309	1.4381	1.4722	0.1272	0.9350	0.1097	13.1164	-1.7050	-1.1658
310	1.4474	1.4621	0.1308	0.9771	0.0680	13.7830	-2.1040	-1.0333
311	1.2682	1.6068	0.1278	0.2607	0.6496	13.9897	-2.1480	-1.0416
312	1.2671	1.6086	0.1302	0.2569	0.6595	13.7891	-2.4710	-0.8921
313	1.2667	1.6106	0.1272	0.2557	0.6703	14.0629	-2.3490	-0.8481
314	1.2661	1.6124	0.1284	0.2537	0.6803	14.0086	-2.5660	-0.8516
315	1.2649	1.6116	0.1278	0.2492	0.6799	14.0519	-2.1030	-1.0547
316	1.2635	1.6102	0.1284	0.2440	0.6771	14.1307	-2.3330	-0.9027
317	1.2619	1.6074	0.1284	0.2379	0.6685	14.0401	-2.7490	-0.7213
318	1.2611	1.6036	0.1308	0.2348	0.6559	13.8995	-2.8780	-0.6815
319	1.2614	1.5992	0.1266	0.2363	0.6409	14.1916	-2.6110	-0.7505
320	1.2636	1.5908	0.1278	0.2453	0.6093	14.1381	-3.5450	-0.4240
321	1.2656	1.5854	0.1296	0.2539	0.5900	13.1741	-3.6220	-0.4538
322	1.2630	1.5864	0.1278	0.2438	0.5962	14.3141	-3.8460	-0.3969
323	1.2618	1.5864	0.1278	0.2393	0.5981	14.2842	-3.7560	-0.4069
324	1.2602	1.5844	0.1290	0.2333	0.5923	14.2903	-3.3940	-0.3941
325	1.2592	1.5860	0.1302	0.2294	0.6010	13.9931	-3.5550	-0.3614
326	1.2596	1.5903	0.1290	0.2312	0.6203	14.4727	-3.6010	-0.4656
327	1.2593	1.5955	0.1278	0.2303	0.6437	14.7096	-3.7180	-0.2515
328	1.2580	1.6010	0.1308	0.2254	0.6680	13.1829	-4.1000	-0.1523
329	1.2566	1.6059	0.1284	0.2199	0.6903	14.5703	-3.6000	-0.2132
330	1.2511	1.6155	0.1308	0.1980	0.7318	13.3543	-4.2030	-0.1992
331	1.2443	1.6282	0.1296	0.1704	0.7856	14.4854	-4.4590	0.0836
332	1.2380	1.6402	0.1296	0.1451	0.8373	14.2135	-4.7750	0.3491
333	1.2319	1.6523	0.1321	0.1202	0.8896	14.1314	-4.3300	0.1058
334	1.2260	1.6680	0.1284	0.0959	0.9563	14.6615	-4.2000	0.0674
335	1.2215	1.6822	0.1284	0.0771	1.0178	14.5714	-4.2520	0.2727
336	1.2155	1.6978	0.1284	0.0526	1.0852	14.9052	-4.1360	0.1737
337	1.2134	1.7133	0.1296	0.0432	1.1523	13.6557	-3.5020	0.0831
338	1.2122	1.7235	0.1308	0.0372	1.1987	13.6446	-3.8920	0.1841
339	1.2068	1.7409	0.1278	0.0148	1.2744	14.6934	-3.5320	0.1779
340	1.2001	1.7585	0.1278	-0.0133	1.3514	14.9051	-2.2850	-0.1073
341	1.1971	1.7717	0.1278	-0.0269	1.4111	14.0362	-3.1240	0.2391
342	1.1902	1.7913	0.1183	-0.0559	1.4968	16.0365	-3.3040	-0.2102
343	1.1783	1.8113	0.1272	-0.1053	1.5846	15.1242	-3.4890	0.2174
344	1.1616	1.8311	0.1284	-0.1744	1.6720	15.0702	-3.1290	0.2225
345	1.1427	1.8497	0.1236	-0.2526	1.7552	14.1424	-2.0280	-0.0895
346	1.1247	1.8639	0.1284	-0.3277	1.8211	14.7102	-1.1860	-0.2039
347	1.1113	1.8734	0.1242	-0.3848	1.8684	14.9484	-0.5280	-0.2866
348	1.1085	1.8751	0.1143	-0.3995	1.8846	16.2623	-0.5890	-0.2084
349	1.0915	1.8866	0.1166	-0.4715	1.9402	15.9001	-0.5290	-0.2019
350	1.0715	1.9031	0.1278	-0.5559	2.0000	15.0643	-1.3930	0.0139
1	1.3730	1.4070	0.0000	0.4951	-0.3743	0.0000	-0.3980	0.0000
2	1.3730	1.4069	0.1278	0.4982	-0.3769	4.9746	0.5250	-0.1065
3	1.3735	1.4067	0.1284	0.5031	-0.3801	5.1143	0.5940	-0.1240
4	1.3740	1.4062	0.1278	0.5083	-0.3845	5.2784	0.6030	-0.1424
5	1.3747	1.4056	0.1284	0.5142	-0.3891	5.1753	0.4440	-0.0822
6	1.3755	1.4052	0.1308	0.5204	-0.3931	4.7923	0.3230	-0.0776
7	1.3763	1.4049	0.1296	0.5271	-0.3970	5.2123	0.2990	-0.0981
8	1.3775	1.4043	0.1290	0.5347	-0.4018	5.3767	0.2390	-0.0861
9	1.3785	1.4039	0.1290	0.5423	-0.4057	5.2238	0.0880	-0.0300
10	1.3787	1.4038	0.1302	0.5464	-0.4085	5.0230	0.0640	-0.0369
11	0.0013	0.0020	0.1290	-2.0000	-2.0000	5.1998	0.1230	-0.0648
12	0.0016	0.0021	0.1284	-2.0000	-2.0000	5.1216	-0.0100	-0.0378
13	0.0020	0.0020	0.1272	-2.0000	-2.0000	5.3579	0.0380	-0.0650
14	0.0035	0.0023	0.1284	-2.0000	-2.0000	5.1830	0.0430	-0.0367
15	0.0052	0.0027	0.1284	-2.0000	-2.0000	5.3952	0.1130	-0.0575
16	0.0070	0.0025	0.1284	-2.0000	-2.0000	5.6631	0.0100	-0.0353
17	0.0095	0.0019	0.1296	-2.0000	-2.0000	5.1825	0.2330	-0.0816
18	0.0117	0.0018	0.1308	-2.0000	-2.0000	4.5295	0.2220	-0.0762
19	0.0139	0.0023	0.1278	-2.0000	-2.0000	5.4016	0.2320	-0.0870
20	0.0144	0.0023	0.1284	-2.0000	-2.0000	5.3954	0.2130	-0.0788
21	0.0173	0.0022	0.1195	-2.0000	-2.0000	6.5502	-0.1340	-0.0026
22	0.0216	0.0024	0.1290	-2.0000	-2.0000	5.3175	-0.0150	-0.0660
23	0.0256	0.0026	0.1290	-2.0000	-2.0000	5.5900	-0.3070	0.0541
24	0.0284	0.0025	0.1284	-2.0000	-2.0000	5.5112	-0.4720	0.0734
25	0.0314	0.0021	0.1296	-2.0000	-2.0000	5.5168	-0.4740	0.0839
26	0.0355	0.0003	0.1290	-2.0000	-2.0000	5.5591	-0.4910	0.0842
27	0.0405	0.0000	0.1284	-2.0000	-2.0000	5.7227	-0.5290	0.0915
28	0.0449	0.0000	0.1290	-2.0000	-2.0000	5.7407	-0.6310	0.1134
29	0.0486	0.0000	0.1284	-2.0000	-2.0000	5.7164	-0.5800	0.0768
30	0.0544	0.0000	0.1308	-2.0000	-2.0000	5.6370	-0.5110	0.0694
31	0.0589	0.0000	0.1278	-2.0000	-2.0000	5.8438	-0.5220	0.0855
32	0.0642	0.0000	0.1201	-2.0000	-2.0000	6.7409	-0.5090	0.1219
33	0.0701	0.0000	0.1278	-2.0000	-2.0000	5.9656	-0.4230	0.0707
34	0.0760	0.0000	0.1302	-2.0000	-2.0000	5.7651	-0.4800	0.0902
35	0.0811	0.0000	0.1284	-2.0000	-2.0000	5.9535	-0.2930	0.0602
36	0.0857	0.0000	0.1327	-2.0000	-2.0000	5.4097	-0.0850	0.0118
37	0.0903	0.0000	0.1284	-2.0000	-2.0000	6.0143	0.1270	-0.0192
38	0.0942	0.0000	0.1296	-2.0000	-2.0000	5.7777	0.2250	-0.0214
39	0.0949	0.0000	0.1278	-2.0000	-2.0000	6.1839	0.1660	0.0065
40	0.0984	0.0000	0.1302	-2.0000	-2.0000	5.8620	-0.1230	0.0564
1	1.1843	1.4249	0.1296	-0.2646	-0.3023	4.9377	-1.1670	0.2601
2	1.1847	1.4259	0.1296	-0.2646	-0.3002	3.8979	-1.2060	0.2666
3	1.1850	1.4264	0.1284	-0.2649	-0.2999	4.9632	-1.2810	0.2996
4	1.1850	1.4268	0.1278	-0.2666	-0.3002	5.1871	-1.2650	0.3025
5	1.1850	1.4271	0.1278	-0.2681	-0.3007	5.0970	-1.2340	0.3213
6	1.1853	1.4279	0.1284	-0.2684	-0.2995	5.4810	-1.3970	0.3708
7	1.1858	1.4286	0.1201	-0.2680	-0.2986	6.2062	-1.4670	0.3852
8	1.1866	1.4291	0.1284	-0.2665	-0.2983	5.2976	-1.4820	0.3922
9	1.1878	1.4296	0.1308	-0.2631	-0.2979	4.9144	-1.6270	0.4532
10	1.1888	1.4298	0.1302	-0.2610	-0.2989	5.1880	-1.6700	0.4650
11	1.2930	1.5051	0.1266	0.1571	0.0024	5.3454	-1.6470	0.4626
12	1.2932	1.5057	0.1272	0.1588	0.0049	5.4245	-1.6740	0.5055
13	1.2936	1.5060	0.1290	0.1616	0.0064	5.1773	-1.7000	0.4911
14	1.2940	1.5059	0.1296	0.1645	0.0061	5.1347	-1.6520	0.5051
15	1.2946	1.5055	0.1296	0.1677	0.0048	5.2861	-1.7660	0.5650
16	1.2951	1.5054	0.1290	0.1710	0.0042	5.4498	-1.0000	0.1811
17	1.2957	1.5049	0.1302	0.1744	0.0024	5.3954	-1.5930	0.5602
18	1.2964	1.5046	0.1290	0.1783	0.0015	5.6936	-1.5020	0.5569
19	1.2971	1.5034	0.1290	0.1825	-0.0035	5.2987	-1.3230	0.4963
20	1.2996	1.5009	0.1296	0.1938	-0.0134	5.5528	-1.2370	0.5166
21	1.3026	1.5119	0.1272	0.2072	0.0309	5.7461	-1.0900	0.5003
22	1.3026	1.5110	0.1302	0.2083	0.0278	5.5342	-1.1740	0.5466
23	1.3029	1.5109	0.1278	0.2107	0.0275	5.7282	-1.1300	0.5436
24	1.3032	1.5114	0.1284	0.2132	0.0300	5.9911	-1.0180	0.5181
25	1.3042	1.5118	0.1201	0.2187	0.0317	6.6554	-0.9510	0.5286
26	1.3049	1.5121	0.1308	0.2230	0.0331	5.5151	-0.8180	0.4721
27	1.3056	1.5126	0.1302	0.2270	0.0355	5.4974	-0.8410	0.5213
28	1.3064	1.5129	0.1290	0.2318	0.0370	6.0393	-0.8090	0.5440
29	1.3077	1.5127	0.1296	0.2383	0.0365	5.6308	-0.7970	0.5260
30	1.3092	1.5122	0.1302	0.2457	0.0350	5.7031	-0.6320	0.4917
31	1.3017	1.5620	0.1296	0.2170	0.2355	5.6792	-0.5020	0.4799
32	1.3009	1.5638	0.1308	0.2150	0.2443	5.5571	-0.2860	0.4129
33	1.3005	1.5663	0.1278	0.2147	0.2563	5.8314	-0.4350	0.4783
34	1.2999	1.5699	0.1327	0.2137	0.2723	5.8241	-0.3400	0.4530
35	1.2989	1.5749	0.1278	0.2108	0.2942	6.0731	-0.4950	0.4770
36	1.2966	1.5801	0.1315	0.2027	0.3171	5.7865	-0.6530	0.5412
37	1.2931	1.5839	0.1302	0.1900	0.3341	5.7820	-0.6910	0.5105
38	1.2909	1.5878	0.1308	0.1821	0.3521	5.9211	-0.6630	0.5537
39	1.2887	1.5920	0.1272	0.1742	0.3712	6.3274	-0.6950	0.5819
40	1.2870	1.5960	0.1290	0.1684	0.3895	6.0125	-0.7550	0.5865
41	1.2779	1.5412	0.1183	0.1327	0.1713	7.1446	-0.6590	0.5530
42	1.2791	1.5411	0.1296	0.1381	0.1720	6.1223	-0.5140	0.5201
43	1.2801	1.5416	0.1284	0.1429	0.1751	5.9962	-0.4680	0.5333
44	1.2818	1.5420	0.1290	0.1507	0.1777	6.3169	-0.2990	0.5042
45	1.2853	1.5408	0.1278	0.1653	0.1739	6.2503	-0.2110	0.4609
46	1.2902	1.5386	0.1290	0.1862	0.1660	6.3171	-0.4000	0.5616
47	1.2953	1.5363	0.1195	0.2076	0.1575	7.1880	-0.5060	0.5548
48	1.2985	1.5355	0.1308	0.2216	0.1554	6.1526	-0.5440	0.5885
49	1.3028	1.5349	0.1278	0.2403	0.1538	5.4772	-0.5660	0.5633
50	1.3059	1.5347	0.1315	0.2538	0.1540	6.2559	-0.3870	0.5145
51	1.2924	1.5413	0.1278	0.2011	0.1816	6.4146	0.4110	0.0316
52	1.2923	1.5421	0.1218	0.2015	0.1855	7.2820	-0.4020	0.5446
53	1.2924	1.5425	0.1296	0.2030	0.1883	6.2574	-0.3180	0.5173
54	1.2927	1.5441	0.1308	0.2054	0.1957	6.2623	-0.0900	0.4875
55	1.2936	1.5462	0.1266	0.2102	0.2053	6.8631	0.0230	0.4691
56	1.2944	1.5477	0.1302	0.2142	0.2124	6.2760	0.1560	0.4472
57	1.2958	1.5490	0.1296	0.2212	0.2190	6.5004	0.3560	0.3910
58	1.2972	1.5504	0.1290	0.2279	0.2260	5.7688	0.3100	0.4013
59	1.2979	1.5520	0.1284	0.2319	0.2334	6.7073	0.2040	0.4313
60	1.2977	1.5541	0.1284	0.2322	0.2435	6.7922	0.0520	0.4728
61	1.3005	1.5239	0.1284	0.2450	0.1232	6.5744	-0.1140	0.5062
62	1.3006	1.5233	0.1284	0.2463	0.1213	6.7865	-0.2900	0.5411
63	1.2998	1.5223	0.1278	0.2447	0.1179	6.7686	-0.2260	0.5107
64	1.2991	1.5213	0.1308	0.2428	0.1142	6.4943	-0.0400	0.4853
65	1.2995	1.5201	0.1290	0.2457	0.1102	5.9701	-0.0370	0.4818
66	1.2973	1.5207	0.1290	0.2382	0.1129	6.7744	-0.1160	0.4995
67	1.2950	1.5225	0.1278	0.2301	0.1208	7.0109	-0.2070	0.5233
68	1.2913	1.5247	0.1284	0.2162	0.1300	7.1511	0.0000	0.3775
69	1.2868	1.5259	0.1284	0.1994	0.1354	6.9988	-0.4120	0.5951
70	1.2823	1.5267	0.1207	0.1818	0.1393	8.1353	-0.5870	0.6089
71	1.3246	1.4380	0.1284	0.3531	-0.2170	7.0476	-0.5600	0.5736
72	1.3243	1.4371	0.1315	0.3538	-0.2220	6.7727	-0.4250	0.5720
73	1.3235	1.4356	0.1266	0.3522	-0.2295	7.1440	-0.3800	0.5620
74	1.3220	1.4338	0.1308	0.3481	-0.2383	6.0707	-0.3720	0.6136
75	1.3209	1.4326	0.1278	0.3457	-0.2450	7.1210	-0.4230	0.5969
76	1.3202	1.4318	0.1296	0.3444	-0.2497	7.2978	-0.5080	0.6292
77	1.3192	1.4326	0.1189	0.3424	-0.2483	8.1889	-0.5260	0.6252
78	1.3187	1.4338	0.1296	0.3420	-0.2453	7.2981	-0.4290	0.5985
79	1.3186	1.4333	0.1290	0.3432	-0.2489	7.0372	-0.3110	0.5762
80	1.3192	1.4328	0.1290	0.3475	-0.2525	7.3644	-0.1840	0.5564
81	1.2940	1.5592	0.1284	0.2477	0.2546	7.3397	-0.1020	0.5466
82	1.2921	1.5592	0.1315	0.2410	0.2562	7.1196	0.0610	0.5022
83	1.2886	1.5585	0.1290	0.2282	0.2547	7.2002	0.1620	0.4983
84	1.2852	1.5569	0.1302	0.2153	0.2495	7.3268	0.1660	0.4758
85	1.2819	1.5539	0.1278	0.2031	0.2389	7.4062	0.1280	0.5225
86	1.2793	1.5520	0.1296	0.1933	0.2329	7.4607	0.2710	0.4627
87	1.2754	1.5507	0.1272	0.1784	0.2287	7.7818	0.4050	0.4484
88	1.2684	1.5490	0.1218	0.1507	0.2234	8.3345	0.5860	0.3838
89	1.2584	1.5482	0.1272	0.1109	0.2212	7.9042	0.6200	0.3761
90	1.2509	1.5483	0.1284	0.0812	0.2230	7.7833	0.5810	-0.5803
91	1.3092	1.5231	0.1272	0.3158	0.1226	7.7097	0.5730	0.4168
92	1.3091	1.5240	0.1302	0.3169	0.1267	6.4270	0.5110	1.3833
93	1.3080	1.5274	0.1278	0.3138	0.1409	7.6381	0.4220	0.4030
94	1.3072	1.5335	0.1284	0.3123	0.1662	8.0220	0.1830	0.4438
95	1.3076	1.5375	0.1189	0.3150	0.1833	8.6455	0.1550	0.4447
96	1.3098	1.5369	0.1308	0.3256	0.1819	7.5464	0.1100	0.4573
97	1.3162	1.5314	0.1278	0.3527	0.1604	7.5795	0.3250	0.4034
98	1.3245	1.5208	0.1290	0.3877	0.1187	7.7660	0.3590	0.4166
99	1.3348	1.5052	0.1284	0.4312	0.0565	7.6281	0.3780	0.3862
100	1.3414	1.4897	0.1308	0.4599	-0.0059	7.8455	0.3110	0.3757
101	1.3083	1.5368	0.1296	0.3290	0.1836	7.7721	0.2550	0.4128
102	1.3063	1.5423	0.1207	0.3223	0.2064	8.9391	0.2770	0.4103
103	1.3071	1.5466	0.1272	0.3269	0.2251	8.0638	0.3670	0.3767
104	1.3043	1.5488	0.1213	0.3171	0.2350	8.8690	0.2700	0.4075
105	1.3007	1.5543	0.1266	0.3038	0.2585	8.0168	0.4690	0.3427
106	1.2965	1.5565	0.1302	0.2884	0.2685	7.7922	0.3380	0.4037
107	1.2917	1.5609	0.1272	0.2701	0.2874	8.3685	0.4560	0.3538
108	1.2847	1.5641	0.1302	0.2428	0.3020	6.9040	0.3370	0.3830
109	1.2774	1.5700	0.1296	0.2145	0.3272	8.0175	0.4820	0.3306
110	1.2726	1.5744	0.1290	0.1960	0.3469	8.0539	0.5810	0.2866
111	1.3012	1.5154	0.1284	0.3116	0.1114	8.2724	0.6760	0.2789
112	1.3005	1.5140	0.1284	0.3101	0.1058	8.1209	0.6390	0.2947
113	1.3005	1.5146	0.1278	0.3111	0.1085	8.3449	0.4880	0.3277
114	1.2970	1.5189	0.1284	0.2982	0.1264	8.1218	0.4010	0.3291
115	1.2931	1.5263	0.1260	0.2840	0.1565	8.5021	0.4450	0.3161
116	1.2903	1.5374	0.1296	0.2736	0.2019	8.0973	0.3280	0.3246
117	1.2882	1.5484	0.1278	0.2661	0.2472	7.5741	0.0651	0.3879
118	1.2861	1.5612	0.1296	0.2587	0.3000	8.3402	0.0000	0.4010
119	1.2838	1.5722	0.1284	0.2504	0.3459	8.4555	-0.1800	0.4542
120	1.2816	1.5791	0.1327	0.2424	0.3753	8.0210	-0.2770	0.4591
121	1.2780	1.5886	0.1272	0.2288	0.4155	7.6330	-0.7140	0.5656
122	1.2745	1.5998	0.1302	0.2153	0.4628	8.2489	-0.8640	0.5894
123	1.2736	1.6133	0.1278	0.2122	0.5195	8.5714	-1.1060	0.6876
124	1.2758	1.6268	0.1296	0.2218	0.5766	8.6269	-1.0690	0.6090
125	1.2783	1.6424	0.1290	0.2325	0.6429	8.4263	-0.8610	0.6182
126	1.2815	1.6575	0.1308	0.2460	0.7070	7.8180	-0.8550	0.6331
127	1.2850	1.6766	0.1272	0.2610	0.7881	8.6448	-0.9340	0.6863
128	1.2883	1.6960	0.1315	0.2752	0.8706	8.5895	-0.9240	0.6828
129	1.2932	1.7119	0.1201	0.2957	0.9393	9.6201	-0.7600	0.6274
130	1.2942	1.7153	0.1302	0.3009	0.9585	7.6353	-0.7930	0.6552
131	1.3004	1.7336	0.1284	0.3267	1.0372	8.7780	-0.3950	0.5517
132	1.3044	1.7479	0.1302	0.3443	1.1007	8.7049	-0.5090	0.6154
133	1.3076	1.7665	0.1302	0.3586	1.1816	8.5529	-0.5040	0.5984
134	1.3106	1.7864	0.1284	0.3722	1.2686	8.8629	-0.5190	0.6378
135	1.3163	1.8063	0.1284	0.3965	1.3558	8.8332	-0.4640	0.5997
136	1.3260	1.8257	0.1327	0.4373	1.4415	8.3500	-0.3980	0.5764
137	1.3378	1.8437	0.1290	0.4864	1.5221	8.9419	-0.1620	0.5473
138	1.3510	1.8615	0.1302	0.5418	1.6023	8.8866	-0.1810	0.5461
139	1.3639	1.8758	0.1290	0.5965	1.6690	8.9958	-0.2340	0.5533
140	1.3812	1.8927	0.1308	0.6688	1.7465	8.9294	-0.3070	0.5941
1	1.3100	1.5380	0.0000	0.2415	0.1529	0.0000	1.4640	0.0000
2	1.3101	1.5381	0.1290	0.2435	0.1542	4.2915	1.3610	-0.2618
3	1.3106	1.5382	0.1296	0.2468	0.1558	4.9072	1.4000	-0.3088
4	1.3113	1.5385	0.1290	0.2512	0.1578	5.0101	1.3590	-0.3146
5	1.3121	1.5387	0.1296	0.2561	0.1597	4.9674	1.3930	-0.3389
6	1.3129	1.5394	0.1296	0.2606	0.1634	5.3646	1.3780	-0.3608
7	1.3130	1.5407	0.1308	0.2628	0.1694	4.9421	1.4130	-0.3472
8	1.3128	1.5417	0.1327	0.2636	0.1748	4.9337	1.4760	-0.4047
9	1.3127	1.5430	0.1230	0.2649	0.1809	6.0015	1.5820	-0.4324
10	1.3127	1.5442	0.1308	0.2664	0.1867	5.2703	1.4410	-0.3916
11	0.0010	0.0001	0.1218	-2.0000	-2.0000	5.9546	1.3170	-0.3898
12	0.0013	0.0003	0.1302	-2.0000	-2.0000	5.3427	1.2280	-0.4217
13	0.0015	0.0006	0.1278	-2.0000	-2.0000	5.2992	11.0900	-6.4203
14	0.0017	0.0008	0.1296	-2.0000	-2.0000	5.4150	1.1390	-0.4784
15	0.0020	0.0010	0.1296	-2.0000	-2.0000	5.3230	1.1580	-0.4820
16	0.0027	0.0006	0.1308	-2.0000	-2.0000	5.2067	1.0190	-1.6873
17	0.0034	0.0000	0.1321	-2.0000	-2.0000	5.1502	1.0770	-0.4975
18	0.0041	0.0000	0.1308	-2.0000	-2.0000	5.3883	1.0690	-0.5120
19	0.0051	0.0000	0.1333	-2.0000	-2.0000	5.0623	1.0260	-0.5102
20	0.0062	0.0000	0.1302	-2.0000	-2.0000	4.8523	1.1210	-0.5249
21	0.0011	1.4931	0.1290	-2.0000	-0.0177	5.6861	1.1210	-0.5350
22	0.0012	1.4939	0.1308	-2.0000	-0.0145	4.4799	1.2200	-0.5719
23	0.0024	1.4948	0.1284	-2.0000	-0.0111	5.8199	1.1680	-0.5821
24	0.0038	1.4958	0.1230	-2.0000	-0.0075	6.2535	1.0410	-0.5380
25	0.0047	1.4967	0.1315	-2.0000	-0.0040	5.5147	0.9470	-0.5142
26	0.0049	1.4979	0.1296	-2.0000	0.0010	5.6427	0.8680	-0.5163
27	0.0052	1.4988	0.1296	-2.0000	0.0043	4.9538	0.7610	-0.5193
28	0.0055	1.4995	0.1302	-2.0000	0.0074	5.8744	0.8520	-0.5612
29	0.0057	1.5001	0.1296	-2.0000	0.0098	5.7939	0.9900	-0.5970
30	0.0055	1.5006	0.1321	-2.0000	0.0118	5.5855	0.9760	-0.5920
31	1.2864	1.5459	0.1302	0.1619	0.1940	2.2093	0.8070	-0.5185
32	1.2871	1.5458	0.1290	0.1657	0.1948	5.7648	0.7180	-0.5213
33	1.2875	1.5460	0.1290	0.1681	0.1968	5.9171	0.0590	-0.4226
34	1.2876	1.5466	0.1308	0.1694	0.2001	6.0335	0.6790	-0.5410
35	1.2872	1.5470	0.1302	0.1688	0.2029	5.9528	0.6630	-0.2855
36	1.2869	1.5461	0.1345	0.1685	0.2005	5.5264	0.8130	-0.6108
37	1.2866	1.5456	0.1290	0.1683	0.1998	6.0364	0.8580	-0.6436
38	1.2863	1.5456	0.1315	0.1682	0.2010	5.9563	0.8910	-0.6240
39	1.2860	1.5471	0.1290	0.1676	0.2080	5.1421	1.0600	-0.6859
40	1.2855	1.5491	0.1302	0.1667	0.2174	6.2189	1.2280	-0.7209
41	1.2827	1.5394	0.1308	0.1561	0.1797	5.7977	1.3920	-0.7579
42	1.2836	1.5387	0.1302	0.1606	0.1777	6.1452	1.4260	-0.7785
43	1.2848	1.5374	0.1224	0.1665	0.1736	6.8080	1.4260	-0.7751
44	1.2862	1.5365	0.1308	0.1729	0.1706	6.2548	1.3910	-0.7874
45	1.2882	1.5355	0.1278	0.1816	0.1676	6.5273	1.4190	-0.8383
46	1.2902	1.5350	0.1308	0.1909	0.1666	5.3516	1.2750	-0.7826
47	1.2921	1.5349	0.1284	0.1994	0.1668	6.5150	1.1490	-0.7679
48	1.2941	1.5353	0.1308	0.2085	0.1694	6.1313	1.2100	-0.7962
49	1.2956	1.5366	0.1302	0.2157	0.1754	6.1139	1.2500	-0.8242
50	1.2968	1.5373	0.1302	0.2215	0.1792	6.1986	1.3240	-0.8651
51	1.3027	1.5302	0.1290	0.2464	0.1518	5.4758	1.2590	-0.8455
52	1.3020	1.5315	0.1284	0.2451	0.1577	6.4727	1.1300	-0.8350
53	1.3016	1.5334	0.1290	0.2449	0.1660	6.4302	1.0580	-0.8389
54	1.3007	1.5351	0.1290	0.2425	0.1738	6.5820	0.7940	-0.7960
55	1.2997	1.5368	0.1308	0.2398	0.1816	6.2716	0.6810	-0.7663
56	1.2980	1.5390	0.1296	0.2341	0.1910	6.5087	0.6934	-0.7891
57	1.2948	1.5417	0.1218	0.2226	0.2031	7.4126	0.6380	-0.7788
58	1.2903	1.5446	0.1296	0.2055	0.2159	5.6740	0.6880	-0.7993
59	1.2855	1.5476	0.1296	0.1871	0.2289	6.6000	0.6290	-0.7964
60	1.2800	1.5509	0.1242	0.1658	0.2433	7.3959	0.6260	-0.7937
61	1.2910	1.5309	0.1290	0.2107	0.1644	6.7212	0.6870	-0.8355
62	1.2928	1.5302	0.1302	0.2190	0.1620	5.8274	0.7778	-0.8400
63	1.2939	1.5292	0.1308	0.2248	0.1588	6.5015	0.8490	-0.8825
64	1.2956	1.5281	0.1315	0.2324	0.1550	6.5796	1.7590	-1.4382
65	1.2966	1.5266	0.1284	0.2379	0.1499	7.0367	0.8410	-0.8770
66	1.2969	1.5272	0.1224	0.2401	0.1531	7.7845	0.7610	-0.8445
67	1.2976	1.5289	0.1296	0.2441	0.1604	7.0126	0.7630	-0.8919
68	1.2987	1.5295	0.1207	0.2498	0.1637	7.9347	0.9040	-0.9286
69	1.2996	1.5302	0.1315	0.2546	0.1671	6.7918	0.9500	-0.9186
70	1.3011	1.5300	0.1290	0.2620	0.1671	6.9871	0.8810	-0.9313
71	1.3133	1.5134	0.1278	0.3122	0.1012	7.0354	0.8530	-0.9350
72	1.3135	1.5129	0.1296	0.3146	0.0993	6.9688	0.8660	-0.9544
73	1.3133	1.5121	0.1302	0.3153	0.0965	6.8655	0.8050	-0.9503
74	1.3123	1.5114	0.1296	0.3130	0.0941	7.0297	0.8780	-0.9652
75	1.3117	1.5101	0.1213	0.3122	0.0892	8.1257	0.9510	-0.9790
76	1.3117	1.5090	0.1321	0.3136	0.0847	6.9182	0.8690	-0.9537
77	1.3112	1.5072	0.1290	0.3132	0.0779	7.1934	0.7330	-0.9392
78	1.3099	1.5046	0.1308	0.3095	0.0674	7.3716	0.6150	-0.9288
79	1.3082	1.5019	0.1284	0.3041	0.0566	7.2053	0.6120	-0.9376
80	1.3068	1.4993	0.1315	0.3001	0.0464	7.1681	0.4710	-0.8898
81	1.3046	1.5387	0.1315	0.2926	0.2051	7.1320	0.5600	-0.9420
82	1.3041	1.5381	0.1333	0.2919	0.2033	6.8791	0.4730	-0.9290
83	1.3037	1.5379	0.1284	0.2917	0.2036	7.4355	0.4590	-0.9483
84	1.3025	1.5371	0.1327	0.2882	0.2013	7.0741	0.5330	-0.9601
85	1.3019	1.5351	0.1284	0.2869	0.1943	7.6172	0.4910	-0.9522
86	1.3021	1.5330	0.1218	0.2893	0.1865	8.3752	0.4660	-0.9494
87	1.3034	1.5302	0.1278	0.2957	0.1761	7.6287	0.6460	-1.0111
88	1.3041	1.5267	0.1302	0.2998	0.1631	7.4283	0.6150	-0.9806
89	1.3046	1.5218	0.1284	0.3034	0.1439	7.8609	0.6000	-0.9848
90	1.3048	1.5188	0.1290	0.3054	0.1324	6.6077	0.5120	-0.9632
91	1.2933	1.5079	0.1218	0.2605	0.0889	8.4475	0.3280	-0.9066
92	1.2927	1.5076	0.1302	0.2593	0.0877	7.5311	0.5380	-0.9867
93	1.2922	1.5062	0.1308	0.2580	0.0823	7.4272	0.6820	-1.0997
94	1.2913	1.5049	0.1302	0.2555	0.0774	7.5917	0.8300	-1.0598
95	1.2905	1.5028	0.1302	0.2535	0.0690	7.5005	0.7440	-0.9261
96	1.2890	1.5015	0.1321	0.2485	0.0639	7.3705	0.6970	-1.0618
97	1.2881	1.5011	0.1218	0.2457	0.0622	8.6286	0.7410	-1.0804
98	1.2857	1.4999	0.1302	0.2370	0.0576	8.0192	0.7480	-1.0676
99	1.2815	1.4987	0.1213	0.2209	0.0525	8.5778	0.6890	-1.0648
100	1.2780	1.4977	0.1302	0.2079	0.0486	7.8224	0.6210	-1.0531
101	1.2799	1.5564	0.1296	0.2159	0.2848	7.8587	0.6590	-1.0747
102	1.2795	1.5564	0.1284	0.2152	0.2861	7.2549	0.5800	-1.0474
103	1.2787	1.5560	0.1290	0.2129	0.2859	7.6897	0.4420	-1.0345
104	1.2778	1.5559	0.1315	0.2099	0.2869	7.8522	0.6210	-1.0933
105	1.2767	1.5565	0.1290	0.2061	0.2910	7.7504	0.6160	-1.0827
106	1.2756	1.5562	0.1308	0.2022	0.2911	7.8032	0.5720	-1.0759
107	1.2736	1.5553	0.1278	0.1949	0.2890	7.9565	0.6680	-1.1256
108	1.2727	1.5539	0.1302	0.1919	0.2844	8.0592	0.8600	-1.1711
109	1.2710	1.5514	0.1290	0.1855	0.2758	7.9317	0.7780	-1.1343
110	1.2693	1.5487	0.1308	0.1793	0.2661	8.0400	0.7940	-1.1625
111	1.2578	1.5765	0.1302	0.1335	0.3793	7.1201	0.7880	-1.1667
112	1.2574	1.5770	0.1308	0.1320	0.3832	8.2177	0.7590	-1.1666
113	1.2589	1.5756	0.1195	0.1383	0.3795	8.5286	0.7890	-1.1757
114	1.2597	1.5746	0.1302	0.1418	0.3773	8.1684	0.8560	-1.1975
115	1.2620	1.5735	0.1278	0.1514	0.3747	8.4290	0.8790	-1.2154
116	1.2627	1.5731	0.1284	0.1543	0.3751	8.3259	0.7220	-1.1684
117	1.2631	1.5722	0.1218	0.1561	0.3735	8.3105	0.7400	-1.1964
118	1.2616	1.5704	0.1296	0.1507	0.3680	8.4241	0.6770	-1.1738
119	1.2594	1.5696	0.1315	0.1418	0.3665	8.1121	0.7470	-1.2103
120	1.2582	1.5690	0.1302	0.1374	0.3658	8.5887	0.6750	-1.1901
121	1.3168	1.5343	0.1290	0.3733	0.2278	8.3317	0.7540	-1.2199
122	1.3176	1.5323	0.1296	0.3785	0.2207	8.7167	0.8510	-1.2607
123	1.3189	1.5299	0.1201	0.3852	0.2119	9.5256	0.7780	-1.2436
124	1.3209	1.5264	0.1290	0.3950	0.1985	8.5441	0.8410	-1.3024
125	1.3229	1.5215	0.1290	0.4047	0.1793	8.5744	0.8050	-1.2877
126	1.3232	1.5162	0.1296	0.4078	0.1584	8.8991	0.5860	-1.2183
127	1.3227	1.5102	0.1290	0.4077	0.1349	8.5135	0.4980	-1.2137
128	1.3212	1.5045	0.1327	0.4033	0.1123	7.5644	0.5000	-1.2137
129	1.3195	1.4975	0.1284	0.3985	0.0840	8.7072	0.7470	-1.3246
130	1.3187	1.4918	0.1308	0.3971	0.0609	8.6217	0.7700	-1.2696
131	1.2991	1.5379	0.1308	0.3198	0.2463	8.6461	0.7990	-1.3346
132	1.3020	1.5375	0.1315	0.3325	0.2459	8.4808	0.6900	-1.2824
133	1.3062	1.5364	0.1278	0.3508	0.2421	8.8276	0.6260	-1.2828
134	1.3095	1.5347	0.1327	0.3656	0.2364	8.4546	0.8340	-1.3498
135	1.3124	1.5305	0.1278	0.3786	0.2204	9.0096	0.9650	-1.3617
136	1.3143	1.5268	0.1321	0.3880	0.2063	8.6497	0.9500	-1.3320
137	1.3132	1.5202	0.1308	0.3851	0.1805	8.6446	1.1040	-1.4281
138	1.3113	1.5114	0.1236	0.3791	0.1455	9.7867	1.2080	-1.4355
139	1.3075	1.5032	0.1302	0.3652	0.1128	9.0841	1.1120	-1.4287
140	1.3014	1.4978	0.1296	0.3423	0.0908	8.9974	0.9750	-1.4151
141	1.2965	1.4915	0.1308	0.3238	0.0654	8.9360	1.1320	-1.4837
142	1.2945	1.4845	0.1201	0.3167	0.0372	10.0752	1.6470	-1.6363
143	1.2929	1.4756	0.1290	0.3116	0.0010	8.9124	1.9840	-1.6811
144	1.2915	1.4641	0.1284	0.3070	-0.0459	9.3802	2.0740	-1.6642
145	1.2901	1.4560	0.1290	0.3022	-0.0794	8.9125	2.0680	-1.7443
146	1.2893	1.4464	0.1321	0.3000	-0.1192	8.9404	1.9590	-1.6940
147	1.2877	1.4388	0.1284	0.2948	-0.1509	9.1063	1.7990	-1.6805
148	1.2848	1.4312	0.1302	0.2840	-0.1833	9.2217	1.6490	-1.6621
149	1.2809	1.4225	0.1284	0.2692	-0.2199	9.1667	1.8430	-1.7754
150	1.2809	1.4225	0.1284	0.2699	-0.2218	9.1667	1.8430	-1.7754
151	1.2776	1.4157	0.1284	0.2576	-0.2511	9.4337	1.7660	-1.7490
152	1.2726	1.4057	0.1284	0.2380	-0.2936	9.4032	1.8420	-1.7690
153	1.2678	1.3938	0.1290	0.2190	-0.3437	9.3608	1.9510	-1.8167
154	1.2639	1.3828	0.1315	0.2040	-0.3906	9.0375	2.1010	-1.8522
155	1.2589	1.3724	0.1296	0.1843	-0.4354	9.2273	2.0270	-1.8686
156	1.2525	1.3622	0.1284	0.1588	-0.4797	9.7693	1.9570	-1.8876
157	1.2457	1.3518	0.1302	0.1313	-0.5250	9.2146	1.8550	-1.8653
158	1.2387	1.3429	0.1327	0.1031	-0.5646	9.3158	1.7520	-1.8626
159	1.2340	1.3371	0.1296	0.0837	-0.5917	9.4080	1.7240	-1.8850
160	1.2340	1.3371	0.1296	0.0833	-0.5958	9.4080	1.7240	-1.8850
1	1.3750	1.3700	0.0000	0.5031	-0.5232	0.0000	-1.3730	0.0000
2	1.3748	1.3698	0.1266	0.5054	-0.5272	5.4225	-0.0020	-0.0074
3	1.3743	1.3693	0.1272	0.5067	-0.5325	4.8972	-0.1160	0.0411
4	1.3736	1.3685	0.1296	0.5069	-0.5390	4.9993	-0.1360	0.0205
5	1.3726	1.3675	0.1290	0.5061	-0.5465	4.8606	-0.0830	0.0283
6	1.3714	1.3662	0.1296	0.5043	-0.5548	5.1212	-0.0970	0.0141
7	1.3698	1.3646	0.1278	0.5007	-0.5645	5.0070	-0.0640	-0.0003
8	1.3676	1.3626	0.1296	0.4948	-0.5761	4.3434	0.0320	-0.0355
9	1.3650	1.3601	0.1272	0.4873	-0.5898	5.4425	0.1110	-0.0395
10	1.3627	1.3578	0.1296	0.4811	-0.6023	5.2980	0.1880	-0.0393
11	1.3229	1.5320	0.1278	0.3238	0.0953	5.4003	0.2160	-0.0514
12	1.3230	1.5302	0.1201	0.3259	0.0889	6.4188	0.6980	-0.1312
13	1.3230	1.5296	0.1278	0.3275	0.0872	4.4827	0.6780	-0.1326
14	1.3226	1.5266	0.1284	0.3277	0.0759	5.5775	0.7020	-0.1350
15	1.3221	1.5231	0.1290	0.3275	0.0622	5.1101	0.5980	-0.1184
16	1.3216	1.5189	0.1308	0.3273	0.0459	5.2243	0.4770	-0.0947
17	1.3214	1.5146	0.1278	0.3286	0.0292	5.3165	0.4110	-0.0984
18	1.3220	1.5108	0.1290	0.3326	0.0143	5.3767	0.5260	-0.1445
19	1.3239	1.5052	0.1272	0.3420	-0.0081	5.4436	0.2840	-0.0685
20	1.3264	1.4990	0.1308	0.3539	-0.0328	4.5009	0.1560	-0.0490
21	1.3079	1.5350	0.1284	0.2816	0.1122	5.6993	0.1600	-0.0730
22	1.3078	1.5347	0.1296	0.2825	0.1118	5.5779	0.2590	-0.1142
23	1.3074	1.5345	0.1218	0.2823	0.1117	6.2990	0.2640	-0.0818
24	1.3066	1.5342	0.1284	0.2806	0.1114	5.6016	0.0860	-0.0765
25	1.3055	1.5336	0.1308	0.2774	0.1099	5.2796	0.0670	-0.0650
26	1.3044	1.5330	0.1302	0.2746	0.1083	5.6881	0.1750	-0.0911
27	1.3028	1.5322	0.1284	0.2695	0.1060	5.5722	0.2510	-0.1131
28	1.3016	1.5314	0.1290	0.2659	0.1036	5.5235	0.3760	-0.1389
29	1.3001	1.5294	0.1284	0.2610	0.0963	5.6267	0.5250	-0.1748
30	1.2983	1.5267	0.1302	0.2551	0.0862	5.6198	0.7330	-0.2359
31	1.2806	1.5384	0.1284	0.1853	0.1338	5.6269	0.9360	-0.2671
32	1.2797	1.5378	0.1290	0.1823	0.1323	5.8266	0.9870	-0.2737
33	1.2767	1.5386	0.1290	0.1708	0.1365	5.5546	1.2380	-0.3908
34	1.2735	1.5389	0.1284	0.1588	0.1388	6.2045	1.3230	-0.3801
35	1.2704	1.5388	0.1266	0.1469	0.1394	6.0261	1.4510	-0.4050
36	1.2666	1.5388	0.1284	0.1320	0.1405	5.0090	1.5990	-0.4572
37	1.2633	1.5383	0.1266	0.1190	0.1394	6.1420	1.6470	-0.4763
38	1.2587	1.5374	0.1284	0.1010	0.1366	6.0766	1.7780	-0.5174
39	1.2535	1.5366	0.1284	0.0803	0.1343	6.0463	1.8880	-0.5597
40	1.2487	1.5361	0.1296	0.0609	0.1332	5.8703	1.8310	-0.5463
41	1.3315	1.5131	0.1290	0.3942	0.0416	5.9736	1.6080	-0.5226
42	1.3331	1.5107	0.1278	0.4027	0.0322	6.0887	1.4350	-0.4957
43	1.3345	1.5083	0.1284	0.4106	0.0229	6.0469	1.2710	-0.5251
44	1.3360	1.5063	0.1302	0.4185	0.0149	5.0278	1.2490	-0.4943
45	1.3370	1.5046	0.1272	0.4248	0.0082	6.2530	1.1790	-0.5078
46	1.3374	1.5021	0.1278	0.4287	-0.0017	6.2713	0.9390	-0.4433
47	1.3378	1.4994	0.1290	0.4326	-0.0124	6.0358	0.6290	-0.4092
48	1.3377	1.4977	0.1296	0.4341	-0.0192	6.1076	0.3652	-0.3315
49	1.3370	1.4958	0.1284	0.4335	-0.0269	5.6272	0.3510	-0.4191
50	1.3357	1.4942	0.1207	0.4307	-0.0337	7.4871	0.4580	-0.3797
51	1.2965	1.5542	0.1278	0.2750	0.2078	6.5327	0.6190	-0.4287
52	1.2964	1.5538	0.1315	0.2758	0.2074	5.9427	0.6790	-0.4535
53	1.2962	1.5526	0.1278	0.2760	0.2042	6.4719	0.7540	-0.4670
54	1.2953	1.5509	0.1284	0.2734	0.1986	6.6117	0.9220	-0.5044
55	1.2939	1.5492	0.1278	0.2691	0.1929	6.3517	0.9470	-0.5320
56	1.2929	1.5480	0.1308	0.2661	0.1893	6.2587	1.1630	-0.5969
57	1.2923	1.5469	0.1260	0.2649	0.1861	5.9192	1.3340	-0.6549
58	1.2927	1.5451	0.1213	0.2675	0.1801	7.4652	1.4320	-0.6490
59	1.2928	1.5428	0.1266	0.2690	0.1718	6.6728	1.4130	-0.6639
60	1.2923	1.5395	0.1308	0.2678	0.1598	6.4362	1.4340	-0.6791
61	1.3077	1.5182	0.1290	0.3308	0.0750	6.6190	1.3800	-0.7093
62	1.3050	1.5171	0.1296	0.3216	0.0709	6.5763	1.3540	-0.6891
63	1.3029	1.5155	0.1266	0.3144	0.0647	6.9695	1.4240	-0.7327
64	1.3010	1.5137	0.1296	0.3082	0.0582	6.8194	1.3060	-0.7080
65	1.2989	1.5118	0.1272	0.3009	0.0509	7.1404	1.1070	-0.6789
66	1.2965	1.5092	0.1213	0.2927	0.0407	7.5812	1.0420	-0.6951
67	1.2941	1.5066	0.1290	0.2839	0.0303	6.8011	0.9840	-0.6776
68	1.2910	1.5040	0.1296	0.2727	0.0201	6.5714	0.9840	-0.7027
69	1.2881	1.5012	0.1290	0.2621	0.0090	6.7900	0.9830	-0.6717
70	1.2849	1.4974	0.1302	0.2502	-0.0064	6.9786	1.0440	-0.7199
71	1.2935	1.5205	0.1207	0.2854	0.0867	7.9074	1.1170	-0.7492
72	1.2938	1.5198	0.1308	0.2880	0.0841	6.7159	1.0960	-0.7474
73	1.2944	1.5189	0.1278	0.2914	0.0810	7.1717	0.9990	-0.7327
74	1.2945	1.5176	0.1284	0.2928	0.0763	7.2512	0.8670	-0.7258
75	1.2914	1.5190	0.1284	0.2817	0.0824	6.9176	0.7980	-0.7340
76	1.2877	1.5209	0.1308	0.2678	0.0904	7.2037	0.7330	-0.7113
77	1.2834	1.5230	0.1183	0.2513	0.0997	8.1275	0.6180	-0.6981
78	1.2791	1.5247	0.1290	0.2350	0.1070	7.4165	0.6730	-0.6970
79	1.2743	1.5267	0.1296	0.2162	0.1158	7.0079	0.8470	-0.7770
80	1.2692	1.5293	0.1284	0.1965	0.1267	7.4882	0.8800	-0.7700
81	1.2683	1.5644	0.1296	0.1931	0.2686	6.9478	0.9210	-0.8317
82	1.2685	1.5641	0.1302	0.1943	0.2690	7.0864	1.1160	-0.8347
83	1.2674	1.5633	0.1266	0.1905	0.2676	7.5528	0.9150	-0.8089
84	1.2644	1.5619	0.1290	0.1790	0.2634	7.3540	0.6240	-0.7565
85	1.2622	1.5605	0.1302	0.1702	0.2596	7.1777	0.6210	-0.7720
86	1.2595	1.5597	0.1272	0.1597	0.2578	7.4509	0.5840	-0.7601
87	1.2560	1.5585	0.1284	0.1460	0.2542	6.5060	0.6990	-0.8231
88	1.2536	1.5572	0.1302	0.1366	0.2506	7.2571	0.6471	-0.8049
89	1.2498	1.5544	0.1302	0.1212	0.2405	7.0459	0.6940	-0.7911
90	1.2456	1.5515	0.1296	0.1042	0.2303	7.5125	0.6900	-0.8124
91	1.3046	1.5320	0.1290	0.3418	0.1533	7.4280	0.6040	-0.7947
92	1.3024	1.5331	0.1284	0.3343	0.1585	7.5918	0.6900	-0.8224
93	1.2997	1.5341	0.1207	0.3248	0.1634	8.3707	0.8160	-0.8661
94	1.2961	1.5351	0.1272	0.3115	0.1680	7.6773	0.9580	-0.8884
95	1.2909	1.5363	0.1290	0.2917	0.1737	7.4302	0.7210	-0.8182
96	1.2861	1.5373	0.1278	0.2731	0.1788	7.6667	0.7310	-0.8583
97	1.2810	1.5380	0.1290	0.2538	0.1826	7.7338	0.7510	-0.8626
98	1.2771	1.5386	0.1308	0.2386	0.1860	7.5384	0.5610	-0.8372
99	1.2720	1.5397	0.1284	0.2189	0.1913	7.9221	0.4640	-0.8182
100	1.2655	1.5415	0.1290	0.1934	0.1997	6.9233	0.3730	-0.8128
101	1.3022	1.5396	0.1296	0.3415	0.1928	7.5884	0.3250	-0.7917
102	1.3026	1.5387	0.1278	0.3444	0.1903	7.8373	0.2110	-0.7757
103	1.3028	1.5380	0.1278	0.3463	0.1885	7.0380	0.2940	-0.7943
104	1.3026	1.5367	0.1207	0.3470	0.1844	9.2445	0.5150	-0.8527
105	1.3023	1.5361	0.1272	0.3472	0.1826	7.9431	0.5690	-0.8801
106	1.3017	1.5357	0.1321	0.3460	0.1819	7.6310	0.6920	-0.9128
107	1.3013	1.5342	0.1272	0.3457	0.1768	8.0638	0.6450	-0.8991
108	1.3011	1.5324	0.1290	0.3462	0.1706	7.9310	0.6420	-0.8842
109	1.3003	1.5299	0.1284	0.3443	0.1610	8.2772	0.6120	-0.9084
110	1.2988	1.5278	0.1308	0.3395	0.1535	7.8935	0.4670	-0.8715
111	1.2988	1.5616	0.1290	0.3406	0.2904	8.0157	0.3630	-0.8490
112	1.2984	1.5613	0.1207	0.3402	0.2904	9.0488	0.4040	-0.8761
113	1.2985	1.5590	0.1284	0.3420	0.2828	7.9695	0.3630	-0.8835
114	1.3000	1.5561	0.1302	0.3493	0.2727	7.0716	0.3620	-0.8596
115	1.3031	1.5536	0.1266	0.3628	0.2641	8.5511	0.2900	-0.8542
116	1.3063	1.5501	0.1302	0.3770	0.2514	8.1453	0.3760	-0.8828
117	1.3094	1.5446	0.1315	0.3907	0.2304	7.9073	0.3040	-0.8715
118	1.3099	1.5393	0.1284	0.3943	0.2102	8.5403	0.1340	-0.8203
119	1.3109	1.5321	0.1284	0.3997	0.1823	8.4486	0.2340	-0.8665
120	1.3128	1.5239	0.1315	0.4092	0.1500	7.9312	0.4180	-0.8962
121	1.3153	1.5407	0.1266	0.4207	0.2180	8.5385	0.4630	-0.9137
122	1.3191	1.5413	0.1290	0.4376	0.2215	8.2789	0.2470	-0.8401
123	1.3233	1.5407	0.1278	0.4564	0.2202	8.5153	0.1970	-0.8438
124	1.3261	1.5403	0.1284	0.4692	0.2198	8.6556	-0.0580	-0.8111
125	1.3289	1.5384	0.1284	0.4825	0.2128	7.5549	-0.2600	-0.7429
126	1.3298	1.5381	0.1315	0.4883	0.2126	8.2902	-0.3650	-0.7449
127	1.3316	1.5352	0.1266	0.4974	0.2020	8.7217	0.0000	-0.9343
128	1.3329	1.5315	0.1296	0.5046	0.1882	8.5593	-0.4030	-0.7176
129	1.3338	1.5260	0.1290	0.5104	0.1665	8.6629	-0.4510	-0.7293
130	1.3355	1.5174	0.1284	0.5192	0.1328	9.0719	-0.4460	-0.7138
131	1.3180	1.5274	0.1290	0.4509	0.1733	8.3011	-0.5760	-2.1647
132	1.3180	1.5276	0.1290	0.4527	0.1748	8.6323	-0.6420	-0.6551
133	1.3178	1.5305	0.1260	0.4537	0.1871	8.9040	-0.5550	-0.6920
134	1.3185	1.5330	0.1284	0.4579	0.1980	8.6995	-0.5300	-0.6671
135	1.3204	1.5337	0.1284	0.4675	0.2016	8.7299	-0.5900	-0.6611
136	1.3253	1.5331	0.1278	0.4889	0.2002	9.1363	-0.5190	-0.6719
137	1.3301	1.5305	0.1284	0.5101	0.1903	8.6700	-0.3940	-0.6509
138	1.3351	1.5275	0.1302	0.5321	0.1791	8.9057	-0.2700	-0.7221
139	1.3411	1.5235	0.1284	0.5587	0.1639	8.9114	-0.0840	-0.7454
140	1.3473	1.5197	0.1290	0.5858	0.1492	8.9296	0.0400	-0.7608
141	1.3138	1.5490	0.1290	0.4534	0.2675	9.0755	0.0920	-0.7820
142	1.3149	1.5428	0.1284	0.4595	0.2436	9.0574	0.0840	-0.7773
143	1.3126	1.5333	0.1260	0.4519	0.2067	9.2562	0.0120	-0.7436
144	1.3079	1.5265	0.1290	0.4346	0.1801	9.1672	-0.0270	-0.7536
145	1.3031	1.5191	0.1290	0.4163	0.1508	9.0153	0.0190	-0.7874
146	1.2988	1.5066	0.1272	0.4005	0.1012	9.3239	0.1200	-0.7907
147	1.2921	1.4943	0.1189	0.3748	0.0517	10.2221	0.0780	-0.7489
148	1.2847	1.4829	0.1302	0.3462	0.0059	9.0699	-0.0740	-0.7368
149	1.2765	1.4660	0.1278	0.3139	-0.0628	8.2051	-0.2340	-0.6969
150	1.2652	1.4510	0.1290	0.2692	-0.1239	9.2774	-0.4080	-0.6778
151	1.3217	1.5444	0.1272	0.4969	0.2508	9.5195	-0.2080	-0.7054
152	1.3231	1.5419	0.1308	0.5044	0.2417	8.2173	-0.4280	-0.6867
153	1.3253	1.5392	0.1284	0.5152	0.2320	9.2539	-0.1620	-0.7085
154	1.3267	1.5345	0.1284	0.5224	0.2140	9.4659	-0.2830	-0.6575
155	1.3278	1.5284	0.1296	0.5288	0.1902	9.1086	0.0780	-0.7744
156	1.3291	1.5214	0.1308	0.5361	0.1629	9.2955	-0.0510	-0.7073
157	1.3295	1.5147	0.1278	0.5395	0.1363	9.5687	-0.0220	-0.7345
158	1.3280	1.5103	0.1195	0.5357	0.1192	10.5297	0.1600	-0.7422
159	1.3247	1.5054	0.1308	0.5242	0.0997	9.3202	0.3090	-0.8240
160	1.3221	1.5018	0.1296	0.5158	0.0855	9.6802	0.1690	-0.7879
161	1.2941	1.5426	0.1278	0.4047	0.2495	9.8004	0.1910	-0.8015
162	1.2929	1.5457	0.1290	0.4009	0.2630	9.6244	0.0300	-0.7393
163	1.2907	1.5482	0.1290	0.3931	0.2743	9.4729	0.1350	-0.8231
164	1.2899	1.5498	0.1308	0.3909	0.2819	9.5873	0.0990	-0.7743
165	1.2929	1.5503	0.1278	0.4040	0.2851	9.8602	0.3440	-0.8568
166	1.2969	1.5486	0.1308	0.4212	0.2794	9.5862	0.3610	-0.8089
167	1.3039	1.5434	0.1284	0.4506	0.2601	9.6659	0.4520	-0.8497
168	1.3055	1.5428	0.1296	0.4584	0.2585	9.5867	0.4440	-0.8458
169	1.3133	1.5397	0.1290	0.4913	0.2470	9.5695	0.5920	-0.8868
170	1.3209	1.5367	0.1308	0.5235	0.2362	9.6223	0.8740	-0.9966
171	1.3277	1.5358	0.1284	0.5527	0.2334	9.8174	0.9670	-0.9900
172	1.3351	1.5333	0.1290	0.5842	0.2242	9.8964	0.9860	-1.0100
173	1.3411	1.5307	0.1266	0.6106	0.2144	9.9144	0.8950	-0.9874
174	1.3448	1.5272	0.1296	0.6278	0.2012	9.9450	0.6910	-0.9433
175	1.3485	1.5227	0.1315	0.6449	0.1839	9.5731	0.8590	-0.9996
176	1.3530	1.5175	0.1284	0.6657	0.1634	9.9690	0.6790	-0.8944
177	1.3585	1.5117	0.1284	0.6904	0.1404	9.9394	0.7120	-0.9783
178	1.3602	1.5102	0.1296	0.6997	0.1349	9.8602	0.6690	-0.9478
179	1.3683	1.5023	0.1290	0.7350	0.1033	10.0242	0.6170	-0.9758
180	1.3756	1.4943	0.1278	0.7674	0.0712	10.1393	0.4860	-0.9253
181	1.3812	1.4893	0.1189	0.7933	0.0509	11.0503	0.6620	-0.9931
182	1.3900	1.4828	0.1278	0.8320	0.0244	10.2551	0.8730	-1.0021
183	1.3964	1.4752	0.1290	0.8612	-0.0065	10.1403	0.9180	-1.0797
184	1.4022	1.4675	0.1315	0.8883	-0.0384	9.8168	0.8880	-1.0805
185	1.4066	1.4622	0.1290	0.9097	-0.0605	10.1398	0.9350	-1.0728
186	1.4073	1.4571	0.1284	0.9162	-0.0818	9.3524	0.7480	-1.0010
187	1.4089	1.4547	0.1278	0.9266	-0.0927	10.0404	1.0440	-1.1747
188	1.4104	1.4520	0.1308	0.9370	-0.1046	10.1893	1.0510	-1.1482
189	1.4119	1.4505	0.1272	0.9469	-0.1117	9.4097	0.9910	-1.1017
190	1.4159	1.4513	0.1218	0.9672	-0.1098	11.3318	1.0820	-1.1500
191	1.3202	1.5238	0.1272	0.5859	0.1809	10.7743	1.1790	-1.2526
192	1.3248	1.5220	0.1296	0.6062	0.1740	10.3312	1.0860	-1.1206
193	1.3292	1.5209	0.1284	0.6259	0.1703	10.2658	1.1260	-1.1773
194	1.3341	1.5184	0.1296	0.6474	0.1607	10.5136	1.2550	-1.2780
195	1.3399	1.5153	0.1278	0.6730	0.1485	10.5193	1.1580	-1.1939
196	1.3444	1.5149	0.1296	0.6932	0.1476	10.4524	1.1070	-1.2152
197	1.3449	1.5159	0.1302	0.6977	0.1519	10.4034	1.0550	-1.1789
198	1.3460	1.5173	0.1302	0.7045	0.1581	10.3740	1.2240	-1.2934
199	1.3474	1.5194	0.1260	0.7125	0.1667	10.8521	1.0950	-1.2459
200	1.3472	1.5214	0.1302	0.7140	0.1755	10.5561	1.2230	-1.2572
201	1.3062	1.5376	0.1302	0.5515	0.2412	10.7084	1.3760	-1.2816
202	1.3028	1.5394	0.1195	0.5393	0.2491	12.0278	1.3560	-1.3244
203	1.2970	1.5401	0.1278	0.5173	0.2530	10.7580	1.4380	-1.4150
204	1.2912	1.5374	0.1321	0.4949	0.2433	10.3976	1.6730	-1.4443
205	1.2852	1.5382	0.1260	0.4718	0.2472	10.9753	1.6830	-1.4426
206	1.2770	1.5439	0.1315	0.4398	0.2712	10.7147	1.3890	-1.3660
207	1.2716	1.5497	0.1296	0.4188	0.2958	10.5886	1.0930	-1.3371
208	1.2637	1.5599	0.1272	0.3874	0.3378	11.0308	1.0080	-1.2912
209	1.2559	1.5709	0.1278	0.3564	0.3839	10.0400	1.3970	-1.4770
210	1.2481	1.5779	0.1284	0.3253	0.4138	11.1294	1.3060	-1.4161
211	0.0000	0.2508	0.1284	-2.0000	-2.0000	11.0927	0.9050	-1.3369
212	0.0000	0.2539	0.1315	-2.0000	-2.0000	10.7570	0.8030	-1.3485
213	0.0000	0.2554	0.1213	-2.0000	-2.0000	12.0734	0.3450	-1.1723
214	0.0000	0.2583	0.1272	-2.0000	-2.0000	11.2076	0.4000	-1.2745
215	0.0000	0.2615	0.1302	-2.0000	-2.0000	10.8746	0.3090	-1.2082
216	0.0000	0.2654	0.1272	-2.0000	-2.0000	11.2081	0.2460	-1.2967
217	0.0000	0.2680	0.1272	-2.0000	-2.0000	11.1721	0.2730	-1.1853
218	0.0000	0.2729	0.1290	-2.0000	-2.0000	11.0465	0.2520	-1.3618
219	0.0000	0.2775	0.1296	-2.0000	-2.0000	11.1251	-0.1310	-1.1439
220	0.0000	0.2849	0.1290	-2.0000	-2.0000	11.0466	-0.2300	-1.1368
221	0.0006	0.3268	0.1272	-2.0000	0.4110	11.2888	-0.2080	-1.1830
222	0.0027	0.3293	0.1278	-2.0000	0.4231	11.4888	-0.0400	-1.2454
223	0.0041	0.3303	0.1290	-2.0000	0.4294	11.3739	0.0210	-1.1576
224	0.0046	0.3312	0.1266	-2.0000	0.4350	11.4522	0.3830	-1.2723
225	0.0049	0.3326	0.1272	-2.0000	0.4423	11.5921	0.3940	-1.2448
226	0.0052	0.3333	0.1284	-2.0000	0.4472	11.2360	0.4690	-1.2820
227	0.0048	0.3334	0.1272	-2.0000	0.4497	11.2796	0.6310	-1.4041
228	0.0056	0.3357	0.1302	-2.0000	0.4611	10.2979	0.7770	-1.6913
229	0.0078	0.3374	0.1195	-2.0000	0.4701	12.5068	0.7230	-1.3770
230	0.0108	0.3372	0.1284	-2.0000	0.4715	11.7711	0.8310	-1.4061
231	1.3112	1.5268	0.1189	0.5791	0.2305	12.6920	0.9730	-1.4709
232	1.3116	1.5257	0.1290	0.5821	0.2267	11.5711	0.9019	-1.4366
233	1.3130	1.5230	0.1296	0.5893	0.2166	11.4684	1.2670	-1.5218
234	1.3153	1.5166	0.1315	0.6001	0.1916	11.3398	1.3380	-1.4742
235	1.3193	1.5098	0.1260	0.6179	0.1646	11.8442	1.3730	-1.5705
236	1.3226	1.5036	0.1302	0.6330	0.1397	11.6693	1.5090	-1.6128
237	1.3257	1.4981	0.1290	0.6474	0.1179	11.7238	1.7120	-1.7045
238	1.3280	1.4941	0.1290	0.6586	0.1015	11.7545	1.6400	-1.6723
239	1.3285	1.4892	0.1327	0.6624	0.0818	10.6859	1.8310	-1.7153
240	1.3260	1.4851	0.1201	0.6542	0.0648	13.0094	1.8210	-1.7752
241	0.0006	1.4982	0.1290	-2.0000	0.1173	10.9468	1.6580	-1.7167
242	0.0031	1.4965	0.1272	-2.0000	0.1104	12.0280	1.8030	-1.8198
243	0.0076	1.4957	0.1272	-2.0000	0.1071	11.9379	1.8530	-1.8002
244	0.0142	1.4963	0.1272	-2.0000	0.1095	12.0892	1.5660	-1.6880
245	0.0210	1.4991	0.1213	-2.0000	0.1207	12.6531	1.6090	-1.8085
246	0.0268	1.5037	0.1278	-2.0000	0.1392	12.0178	1.6160	-1.7718
247	0.0307	1.5095	0.1284	-2.0000	0.1627	11.9098	1.7460	-1.8573
248	0.0354	1.5158	0.1278	-2.0000	0.1881	12.2551	1.6370	-1.8089
249	0.0391	1.5209	0.1302	-2.0000	0.2092	11.9945	1.5400	-1.8360
250	0.0430	1.5292	0.1290	-2.0000	0.2431	11.1584	1.4970	-1.8625
251	0.0004	1.5306	0.1254	-2.0000	0.2494	12.6901	1.3160	-1.8352
252	0.0000	1.5288	0.1278	-2.0000	0.2427	12.2441	1.3380	-1.9303
253	0.0000	1.5265	0.1189	-2.0000	0.2345	13.2816	1.3080	-1.8406
254	0.0000	1.5253	0.1272	-2.0000	0.2302	12.3782	1.2440	-1.8143
255	0.0014	1.5235	0.1302	-2.0000	0.2236	11.9248	1.1990	-1.8617
256	0.0026	1.5232	0.1308	-2.0000	0.2230	11.9415	1.2790	-1.8540
257	0.0030	1.5233	0.1296	-2.0000	0.2241	11.9319	1.3390	-1.9200
258	0.0056	1.5213	0.1339	-2.0000	0.2166	12.0532	1.1690	-1.8445
259	0.0076	1.5171	0.1272	-2.0000	0.2001	12.3431	0.9720	-1.8460
260	0.0096	1.5121	0.1296	-2.0000	0.1805	11.4313	0.7900	1.4538
261	1.3188	1.5382	0.1290	0.6273	0.2857	12.3010	0.5020	-1.7840
262	1.3210	1.5376	0.1302	0.6378	0.2841	12.4888	0.2680	-1.7192
263	1.3226	1.5362	0.1254	0.6460	0.2794	11.7330	0.1200	-1.6904
264	1.3244	1.5357	0.1195	0.6550	0.2787	13.5361	-0.0410	-1.6630
265	1.3255	1.5339	0.1296	0.6614	0.2723	12.4729	-0.1430	-1.6709
266	1.3269	1.5315	0.1284	0.6690	0.2634	12.4079	-0.3060	-1.6413
267	1.3275	1.5318	0.1260	0.6734	0.2655	13.0176	-0.7340	-1.4800
268	1.3262	1.5338	0.1278	0.6698	0.2743	12.7706	-1.0330	-1.4209
269	1.3255	1.5356	0.1284	0.6689	0.2823	12.7887	-0.9680	-1.4854
270	1.3256	1.5344	0.1272	0.6712	0.2781	12.7219	-1.0950	-1.4005
271	1.3128	1.5233	0.1272	0.6217	0.2346	12.8670	-0.9775	-1.4395
272	1.3115	1.5204	0.1207	0.6179	0.2236	13.3817	-1.1880	-1.3906
273	1.3101	1.5173	0.1296	0.6140	0.2116	12.4579	-1.2120	-1.3984
274	1.3081	1.5157	0.1266	0.6076	0.2052	12.7916	-1.3810	-1.3329
275	1.3068	1.5162	0.1290	0.6036	0.2077	12.6529	-1.7390	-1.2029
276	1.3067	1.5158	0.1213	0.6046	0.2065	13.7903	-4.2510	-0.7078
277	1.3057	1.5137	0.1296	0.6020	0.1984	12.6956	-2.1530	-1.0872
278	1.3025	1.5110	0.1290	0.5904	0.1879	12.9198	-2.4890	-1.0234
279	1.3003	1.5089	0.1260	0.5828	0.1799	13.1308	-2.8280	-0.8936
280	1.2987	1.5080	0.1290	0.5779	0.1766	12.9200	-2.8170	-0.9054
281	0.0004	0.2494	0.1272	-2.0000	-2.0000	13.1622	-2.7850	-0.9030
282	0.0009	0.2496	0.1284	-2.0000	-2.0000	12.9271	-2.7920	-0.8699
283	0.0011	0.2504	0.1254	-2.0000	-2.0000	13.2587	-2.8000	-0.8007
284	0.0000	0.2534	0.1290	-2.0000	-2.0000	13.0970	-2.6450	-0.8372
285	0.0000	0.2567	0.1284	-2.0000	-2.0000	13.3826	-2.6480	-0.8018
286	0.0000	0.2631	0.1315	-2.0000	-2.0000	12.8038	-2.2620	-0.8703
287	0.0000	0.2705	0.1302	-2.0000	-2.0000	12.9748	-2.2300	-0.8434
288	0.0001	0.2815	0.1284	-2.0000	-2.0000	13.1031	-1.9650	-0.8927
289	0.0000	0.2922	0.1278	-2.0000	-2.0000	13.3877	-1.7020	-4.9597
290	0.0000	0.3031	0.1315	-2.0000	-2.0000	12.8589	-1.0000	-1.0181
291	1.2986	1.5668	0.1260	0.5786	0.4133	13.5990	-1.7900	-0.8864
292	1.2976	1.5658	0.1290	0.5758	0.4110	13.2674	-1.9030	-0.7830
293	1.2948	1.5646	0.1260	0.5657	0.4078	12.7112	-1.8710	-0.7602
294	1.2922	1.5643	0.1218	0.5562	0.4083	14.2515	-1.7980	-0.7908
295	1.2903	1.5631	0.1266	0.5496	0.4048	13.5301	-1.6730	-0.8236
296	1.2890	1.5606	0.1296	0.5454	0.3963	13.3183	-1.4330	-0.8544
297	1.2881	1.5575	0.1254	0.5428	0.3856	13.6687	-1.4960	-0.8045
298	1.2846	1.5534	0.1284	0.5297	0.3704	13.5797	-1.3100	-0.8684
299	1.2825	1.5475	0.1272	0.5221	0.3479	13.3938	-1.3980	-0.8276
300	1.2822	1.5413	0.1278	0.5217	0.3244	13.8963	-11.2940	5.1576
301	1.3096	1.5320	0.1207	0.6328	0.2879	14.4137	-1.1790	-0.8075
302	1.3099	1.5319	0.1278	0.6356	0.2883	13.6480	-0.9900	-0.8406
303	1.3112	1.5335	0.1272	0.6424	0.2955	13.6907	-1.1270	-0.7535
304	1.3118	1.5341	0.1296	0.6462	0.2986	13.5513	-1.1920	-0.7832
305	1.3116	1.5324	0.1278	0.6469	0.2927	13.7393	-1.2780	-0.7237
306	1.3115	1.5289	0.1284	0.6483	0.2795	12.8089	-1.2410	-0.7164
307	1.3109	1.5253	0.1189	0.6474	0.2659	15.2891	-1.3300	-0.7521
308	1.3107	1.5203	0.1284	0.6480	0.2463	13.8141	-1.4850	-0.7289
309	1.3095	1.5163	0.1296	0.6446	0.2306	13.5782	-1.6090	-0.5419
310	1.3093	1.5111	0.1272	0.6452	0.2101	13.8995	-1.4430	-0.6039
311	0.0000	1.5327	0.1272	-2.0000	0.2972	13.8712	-1.2150	-0.6226
312	0.0000	1.5335	0.1315	-2.0000	0.3015	13.7541	-1.2270	-0.5872
313	0.0000	1.5358	0.1260	-2.0000	0.3115	13.9568	-1.4150	-0.6300
314	0.0017	1.5391	0.1284	-2.0000	0.3255	14.1201	-1.5900	-0.5860
315	0.0066	1.5413	0.1284	-2.0000	0.3356	13.7882	-1.7780	-0.5177
316	0.0140	1.5438	0.1284	-2.0000	0.3466	14.1204	-2.4240	-0.3634
317	0.0232	1.5465	0.1272	-2.0000	0.3587	13.8096	-2.9290	-0.2788
318	0.0357	1.5495	0.1266	-2.0000	0.3719	14.2720	-3.3000	-0.1514
319	0.0461	1.5499	0.1278	-2.0000	0.3747	13.9778	0.0000	-0.7636
320	0.0573	1.5498	0.1266	-2.0000	0.3756	14.5155	-3.7180	0.0714
321	1.2162	1.4208	0.1272	0.2722	-0.1425	14.2860	-4.1060	0.1970
322	1.2166	1.4178	0.1272	0.2727	-0.1566	13.5445	-4.3580	0.1236
323	1.2171	1.4158	0.1178	0.2740	-0.1667	15.3017	-4.8190	0.5761
324	1.2186	1.4157	0.1296	0.2794	-0.1694	14.4531	-5.1830	0.4359
325	1.2192	1.4169	0.1272	0.2808	-0.1663	14.2893	-4.8170	0.3192
326	1.2203	1.4199	0.1284	0.2846	-0.1565	14.4771	-5.0520	0.5497
327	1.2215	1.4223	0.1272	0.2888	-0.1490	14.4644	-5.6160	0.7842
328	1.2241	1.4252	0.1278	0.2983	-0.1390	14.3624	-5.6160	0.6683
329	1.2252	1.4270	0.1266	0.3023	-0.1335	14.7189	-5.4210	0.5989
330	1.2258	1.4283	0.1290	0.3038	-0.1304	13.3922	-5.6190	0.8660
331	1.3010	1.5484	0.1260	0.6060	0.3513	14.5454	-6.3400	1.1685
332	1.2960	1.5491	0.1296	0.5872	0.3554	14.2618	-6.9480	1.2770
333	1.2912	1.5507	0.1296	0.5690	0.3631	14.2924	-6.5280	1.0702
334	1.2862	1.5521	0.1278	0.5499	0.3701	14.5411	-6.5870	1.1866
335	1.2802	1.5534	0.1272	0.5267	0.3764	14.8862	-6.5810	1.4104
336	1.2730	1.5532	0.1178	0.4984	0.3770	15.8093	-7.0330	1.6150
337	1.2658	1.5538	0.1260	0.4700	0.3806	13.9580	-6.9450	1.5645
338	1.2575	1.5533	0.1272	0.4371	0.3802	14.6115	-7.4930	1.8350
339	1.2492	1.5528	0.1266	0.4038	0.3793	14.7150	-7.6020	1.9357
340	1.2419	1.5509	0.1290	0.3744	0.3730	14.6964	-7.8640	2.0777
341	1.2748	0.0000	0.1183	0.5066	-2.0000	15.8824	-7.5810	2.0062
342	1.2728	0.0000	0.1284	0.4993	-2.0000	15.0063	-7.8600	2.1937
343	1.2703	0.0000	0.1272	0.4895	-2.0000	14.9392	-8.0340	2.3565
344	1.2651	0.0000	0.1213	0.4692	-2.0000	15.6842	-7.7630	2.2691
345	1.2609	0.0000	0.1260	0.4528	-2.0000	15.0853	-7.7920	2.2831
346	1.2565	0.0004	0.1284	0.4354	-2.0000	14.7670	-7.4220	2.1063
347	1.2528	0.0014	0.1278	0.4205	-2.0000	13.9159	-7.6240	2.2609
348	1.2473	0.0020	0.1321	0.3986	-2.0000	14.7400	-7.8800	2.5082
349	1.2413	0.0024	0.1254	0.3743	-2.0000	15.3886	-7.9520	2.5581
350	1.2342	0.0018	0.1290	0.3457	-2.0000	14.9852	-8.2560	2.7771
351	0.0000	0.0000	0.1284	-2.0000	-2.0000	15.0823	-8.1720	2.7803
352	0.0008	0.0002	0.1224	-2.0000	-2.0000	16.0737	-8.4190	3.0322
353	0.0040	0.0000	0.1284	-2.0000	-2.0000	15.3863	-8.3160	2.9487
354	0.0088	0.0000	0.1296	-2.0000	-2.0000	15.2706	-8.0930	2.9789
355	0.0139	0.0000	0.1254	-2.0000	-2.0000	15.5042	-8.1940	3.1312
356	0.0188	0.0000	0.1296	-2.0000	-2.0000	15.0278	-8.1700	3.1755
357	0.0235	0.0000	0.1189	-2.0000	-2.0000	16.3379	-8.1460	3.1990
358	0.0287	0.0000	0.1290	-2.0000	-2.0000	15.2170	-7.6460	3.2214
359	0.0338	0.0000	0.1272	-2.0000	-2.0000	15.3445	-7.7520	3.4054
360	0.0391	0.0000	0.1290	-2.0000	-2.0000	15.3385	-7.7490	3.4165
361	0.0008	0.3080	0.1272	-2.0000	-2.0000	15.2791	-7.7080	3.3939
362	0.0022	0.3032	0.1308	-2.0000	-2.0000	15.3563	-7.6340	3.5480
363	0.0042	0.2991	0.1278	-2.0000	-2.0000	15.4475	-7.6230	3.5054
364	0.0064	0.2947	0.1284	-2.0000	-2.0000	15.7086	-7.7450	3.5398
365	0.0092	0.2898	0.1290	-2.0000	-2.0000	15.3024	-7.8190	3.5794
366	0.0123	0.2838	0.1266	-2.0000	-2.0000	15.8652	-7.4820	3.4496
367	0.0148	0.2766	0.1278	-2.0000	-2.0000	14.5074	-7.5840	3.5384
368	0.0167	0.2675	0.1278	-2.0000	-2.0000	15.7830	-7.4980	3.4488
369	0.0175	0.2573	0.1284	-2.0000	-2.0000	15.5590	-7.7050	3.5690
370	0.0154	0.2482	0.1315	-2.0000	-2.0000	15.4050	-7.4530	3.4322
371	0.0147	0.2399	0.1296	-2.0000	-2.0000	15.5886	-7.5680	3.5528
372	0.0164	0.2286	0.1284	-2.0000	-2.0000	15.6435	-7.1680	3.3156
373	0.0178	0.2162	0.1284	-2.0000	-2.0000	15.7344	-7.2980	3.4596
374	0.0195	0.2009	0.1278	-2.0000	-2.0000	16.0810	-7.1200	3.4464
375	0.0230	0.1846	0.1260	-2.0000	-2.0000	14.7900	-7.1580	3.3516
376	0.0274	0.1674	0.1201	-2.0000	-2.0000	16.6470	-7.6820	3.5452
377	0.0300	0.1573	0.1254	-2.0000	-2.0000	16.0871	-7.3110	3.5102
378	0.0359	0.1402	0.1315	-2.0000	-2.0000	15.6330	-7.3180	3.4636
379	0.0408	0.1215	0.1284	-2.0000	-2.0000	15.8471	-6.8760	3.3104
380	0.0472	0.1035	0.1296	-2.0000	-2.0000	15.9743	-6.6700	3.3392
381	0.0545	0.0868	0.1290	-2.0000	-2.0000	15.7749	-6.6920	3.3324
382	0.0617	0.0692	0.1315	-2.0000	-2.0000	15.5725	-6.8480	3.3916
383	0.0700	0.0504	0.1284	-2.0000	-2.0000	16.0898	-6.8040	3.3384
384	0.0792	0.0315	0.1296	-2.0000	-2.0000	15.9741	-6.6180	3.3656
385	0.0871	0.0119	0.1278	-2.0000	-2.0000	16.1620	-6.5760	3.3836
386	0.0930	0.0000	0.1183	-2.0000	-2.0000	17.4450	-6.2850	3.2218
387	0.0991	0.0000	0.1284	-2.0000	-2.0000	15.9643	-6.0750	3.1290
388	0.1050	0.0000	0.1266	-2.0000	-2.0000	16.3927	-6.2200	3.3724
389	0.1102	0.0000	0.1284	-2.0000	-2.0000	16.1456	-5.7310	3.0958
390	0.1149	0.0000	0.1315	-2.0000	-2.0000	15.9311	-5.7370	3.1322
1	1.3490	1.5640	0.0000	0.3985	0.2576	0.0000	0.9730	0.0000
2	1.3488	1.5638	0.1278	0.4003	0.2585	5.0350	-0.6661	0.1261
3	1.3484	1.5634	0.1290	0.4011	0.2582	4.8000	-0.6100	0.1250
4	1.3480	1.5625	0.1272	0.4020	0.2562	5.1691	0.0000	-0.2071
5	1.3477	1.5611	0.1296	0.4029	0.2524	4.7885	-0.5500	0.1305
6	1.3466	1.5593	0.1272	0.4011	0.2466	5.2303	-0.6940	0.2007
7	1.3451	1.5571	0.1284	0.3977	0.2390	4.9956	-0.6850	0.1714
8	1.3433	1.5545	0.1272	0.3928	0.2302	5.2311	-0.7820	0.1987
9	1.3413	1.5519	0.1278	0.3871	0.2212	5.0701	-0.8280	0.2515
10	1.3394	1.5500	0.1272	0.3816	0.2146	5.4084	-0.7820	0.2047
11	1.3549	1.5458	0.1260	0.4461	0.1990	5.3363	-0.6160	0.1702
12	1.3555	1.5450	0.1278	0.4511	0.1970	5.3311	-0.5320	0.1737
13	1.3559	1.5449	0.1254	0.4553	0.1977	5.6384	-0.4980	0.1711
14	1.3559	1.5448	0.1284	0.4582	0.1983	5.3687	-0.3780	0.1222
15	1.3554	1.5442	0.1290	0.4586	0.1971	5.2056	-0.4430	0.1645
16	1.3546	1.5420	0.1278	0.4580	0.1896	5.5629	-0.4610	0.1714
17	1.3527	1.5389	0.1284	0.4531	0.1779	5.4601	-0.3090	0.1146
18	1.3503	1.5344	0.1189	0.4461	0.1609	6.4496	0.0080	0.0475
19	1.3482	1.5294	0.1278	0.4400	0.1415	5.5344	0.1310	0.0562
20	1.3463	1.5254	0.1284	0.4350	0.1262	5.5467	0.2660	0.0096
21	1.3499	1.5340	0.1195	0.4519	0.1612	6.5806	0.6330	-0.0835
22	1.3498	1.5333	0.1278	0.4539	0.1595	5.4937	0.7240	-0.0687
23	1.3494	1.5320	0.1278	0.4548	0.1552	5.4650	0.6960	-0.0617
24	1.3490	1.5307	0.1266	0.4556	0.1508	6.0036	0.5850	-0.0622
25	1.3477	1.5289	0.1278	0.4530	0.1440	5.5265	0.7000	-0.1071
26	1.3459	1.5260	0.1290	0.4482	0.1331	5.7747	0.5810	-0.0511
27	1.3444	1.5228	0.1266	0.4444	0.1211	5.6127	0.7840	-0.1254
28	1.3428	1.5191	0.1260	0.4404	0.1067	5.0671	0.7890	-0.1104
29	1.3415	1.5149	0.1230	0.4375	0.0903	6.0448	0.6970	-0.0857
30	1.3405	1.5113	0.1278	0.4358	0.0761	5.8558	0.6030	-0.1055
31	1.3587	1.5389	0.1183	0.5112	0.1874	6.8966	0.7070	-0.1213
32	1.3586	1.5383	0.1284	0.5135	0.1860	5.8994	0.7350	-0.1437
33	1.3583	1.5386	0.1278	0.5152	0.1882	5.4634	0.6500	-0.1246
34	1.3579	1.5394	0.1284	0.5162	0.1924	5.9620	0.5980	-0.1257
35	1.3577	1.5393	0.1260	0.5182	0.1931	6.0402	0.6520	-0.1486
36	1.3584	1.5385	0.1296	0.5236	0.1905	5.6960	0.7110	-0.1652
37	1.3597	1.5381	0.1278	0.5313	0.1901	6.0656	0.7760	-0.1926
38	1.3605	1.5378	0.1290	0.5374	0.1900	5.0598	0.8650	-0.2270
39	1.3613	1.5366	0.1189	0.5436	0.1859	7.1343	0.8710	-0.2095
40	1.3621	1.5357	0.1166	0.5496	0.1830	7.1311	0.8870	-0.2247
41	1.3626	1.5242	0.1254	0.5543	0.1379	6.2190	0.9390	-0.2389
42	1.3621	1.5240	0.1278	0.5551	0.1376	6.0812	0.8550	-0.2328
43	1.3604	1.5243	0.1278	0.5510	0.1395	6.1121	0.8780	-0.2335
44	1.3582	1.5248	0.1166	0.5450	0.1421	7.2487	0.8940	-0.2583
45	1.3556	1.5250	0.1272	0.5370	0.1436	6.3682	0.7700	-0.2385
46	1.3533	1.5251	0.1284	0.5304	0.1444	6.3748	0.7340	-0.2448
47	1.3509	1.5242	0.1272	0.5234	0.1415	6.3686	0.8230	-0.2651
48	1.3482	1.5217	0.1302	0.5150	0.1319	6.1560	1.0900	-0.3459
49	1.3448	1.5192	0.1189	0.5039	0.1225	7.3642	1.0680	-0.3341
50	1.3421	1.5165	0.1290	0.4953	0.1120	5.5817	1.0620	-0.3471
51	1.3495	1.5501	0.1272	0.5275	0.2479	6.4793	0.9480	-0.3518
52	1.3502	1.5497	0.1201	0.5327	0.2474	7.4863	0.7750	-0.3185
53	1.3505	1.5490	0.1272	0.5367	0.2459	6.6623	0.6750	-0.2865
54	1.3508	1.5482	0.1296	0.5403	0.2438	6.3415	0.5000	-0.2463
55	1.3509	1.5476	0.1284	0.5430	0.2427	6.5176	0.6000	-0.3121
56	1.3515	1.5470	0.1272	0.5481	0.2414	6.7536	0.2830	-0.1838
57	1.3540	1.5448	0.1195	0.5607	0.2336	7.5283	0.0817	-0.1424
58	1.3561	1.5418	0.1278	0.5717	0.2227	6.6219	0.0300	-0.1741
59	1.3583	1.5388	0.1284	0.5831	0.2118	6.5197	-0.0570	-0.1398
60	1.3592	1.5374	0.1284	0.5897	0.2069	5.7157	-0.1010	-0.1511
61	1.3444	1.5398	0.1278	0.5327	0.2176	6.5815	-0.0680	-0.1271
62	1.3447	1.5384	0.1183	0.5363	0.2133	7.8696	-0.0800	-0.1727
63	1.3452	1.5372	0.1272	0.5406	0.2090	6.6560	0.0310	-0.1712
64	1.3465	1.5357	0.1296	0.5484	0.2040	6.5159	0.2580	-0.2488
65	1.3479	1.5335	0.1272	0.5565	0.1961	6.6575	0.4020	-0.2741
66	1.3491	1.5303	0.1278	0.5634	0.1842	6.7354	0.6960	-0.3372
67	1.3494	1.5269	0.1272	0.5672	0.1710	6.8992	0.7630	-0.3212
68	1.3511	1.5223	0.1278	0.5765	0.1534	7.0997	0.9100	-0.3673
69	1.3548	1.5177	0.1248	0.5939	0.1354	6.8901	0.9130	-0.3916
70	1.3574	1.5137	0.1302	0.6073	0.1197	6.7424	0.9520	-0.4147
71	1.1866	1.5204	0.1260	-0.0777	0.1469	7.1602	0.9790	-0.4346
72	1.1868	1.5190	0.1302	-0.0784	0.1420	6.8035	0.6390	-0.3228
73	1.1859	1.5181	0.1284	-0.0837	0.1389	6.9262	0.4910	-0.2974
74	1.1840	1.5174	0.1189	-0.0930	0.1363	8.3998	0.3500	-0.3053
75	1.1805	1.5178	0.1248	-0.1086	0.1385	7.2412	0.3500	-0.3212
76	1.1751	1.5181	0.1284	-0.1320	0.1401	7.4442	0.2760	-0.2930
77	1.1695	1.5176	0.1183	-0.1563	0.1385	8.1398	0.3720	-0.2997
78	1.1669	1.5162	0.1284	-0.1688	0.1332	7.2629	0.3110	-0.3190
79	1.1649	1.5133	0.1272	-0.1789	0.1220	7.1369	0.3910	-0.3453
80	1.1636	1.5094	0.1278	-0.1866	0.1068	7.3302	0.2670	-0.2998
81	1.3932	1.6710	0.1284	0.7353	0.7574	7.2822	0.2310	-0.2928
82	1.3938	1.6698	0.1284	0.7415	0.7570	7.1924	0.2760	-0.3152
83	1.3941	1.6673	0.1284	0.7464	0.7511	7.2833	0.1950	-0.3054
84	1.3919	1.6651	0.1272	0.7410	0.7464	6.6284	0.3000	-0.3272
85	1.3890	1.6633	0.1189	0.7329	0.7432	8.3650	0.3330	-0.3364
86	1.3869	1.6605	0.1242	0.7278	0.7362	7.8205	0.6270	-0.4526
87	1.3850	1.6576	0.1278	0.7238	0.7282	7.2999	0.8420	-0.4493
88	1.3850	1.6537	0.1266	0.7270	0.7166	7.8981	0.6520	-0.4064
89	1.3856	1.6505	0.1284	0.7330	0.7073	7.4687	0.5880	-0.4315
90	1.3848	1.6488	0.1272	0.7332	0.7044	7.6384	0.4450	-0.3812
91	1.3414	1.5647	0.1266	0.5619	0.3697	7.7415	0.6680	-0.1167
92	1.3431	1.5720	0.1284	0.5710	0.4007	6.8412	-0.3490	0.0499
93	1.3473	1.5792	0.1166	0.5900	0.4315	8.7641	0.1240	-0.3314
94	1.3542	1.5870	0.1254	0.6201	0.4650	8.1001	-0.1370	-0.2687
95	1.3637	1.5976	0.1266	0.6610	0.5098	7.6257	-0.3480	-0.2071
96	1.3699	1.6125	0.1278	0.6891	0.5723	7.8128	-0.4090	-0.2131
97	1.3712	1.6319	0.1266	0.6972	0.6529	7.0973	-0.3610	-0.2433
98	1.3724	1.6514	0.1260	0.7052	0.7347	8.0311	-0.1810	-0.2803
99	1.3761	1.6670	0.1296	0.7231	0.8013	7.6873	-0.2010	-0.2407
100	1.3769	1.6773	0.1284	0.7294	0.8470	8.1557	-0.3360	-0.2187
101	1.3559	1.5390	0.1278	0.6480	0.2949	8.0088	-0.1440	-0.2673
102	1.3556	1.5369	0.1290	0.6493	0.2872	7.0008	-0.1690	-0.2428
103	1.3553	1.5349	0.1260	0.6507	0.2800	8.2268	-0.2730	-0.1923
104	1.3555	1.5330	0.1284	0.6542	0.2735	7.9680	-0.2620	-0.2183
105	1.3587	1.5329	0.1296	0.6697	0.2738	7.7924	-0.2650	-0.2430
106	1.3632	1.5334	0.1272	0.6908	0.2765	8.1135	-0.3280	-0.2433
107	1.3662	1.5335	0.1284	0.7055	0.2778	8.1812	-0.5000	-0.1019
108	1.3684	1.5358	0.1266	0.7174	0.2881	8.2473	-0.3010	-0.2168
109	1.3707	1.5388	0.1284	0.7295	0.3010	8.1817	-0.2640	-0.2290
110	1.3715	1.5415	0.1284	0.7358	0.3127	8.4437	-0.2970	-0.2131
111	1.3476	1.5375	0.1266	0.6426	0.2977	8.5022	-0.0820	-0.2780
112	1.3472	1.5372	0.1266	0.6436	0.2973	7.5792	-0.0880	-0.2564
113	1.3458	1.5376	0.1166	0.6403	0.2998	9.5837	-0.1190	-0.1923
114	1.3444	1.5382	0.1254	0.6369	0.3034	8.5583	0.0780	-0.3099
115	1.3430	1.5403	0.1278	0.6336	0.3126	8.0008	0.2190	-0.3242
116	1.3406	1.5425	0.1272	0.6266	0.3227	8.5856	0.0610	-0.2681
117	1.3368	1.5459	0.1254	0.6136	0.3374	8.7110	0.1210	-0.3153
118	1.3340	1.5491	0.1207	0.6045	0.3514	9.1295	0.1070	-0.3155
119	1.3309	1.5544	0.1236	0.5941	0.3738	8.8672	0.3450	-0.3872
120	1.3296	1.5585	0.1302	0.5909	0.3919	8.2125	0.3720	-0.3497
121	1.3492	1.5370	0.1278	0.6715	0.3067	8.5285	0.5060	-0.4045
122	1.3476	1.5300	0.1260	0.6675	0.2795	8.4156	0.6020	-0.4150
123	1.3459	1.5203	0.1218	0.6633	0.2413	8.8865	0.7370	-0.4663
124	1.3418	1.5113	0.1278	0.6492	0.2056	8.5611	0.7950	-0.4498
125	1.3347	1.5047	0.1248	0.6230	0.1791	7.9474	1.1500	-0.5755
126	1.3271	1.4969	0.1201	0.5942	0.1478	9.6109	1.4670	-0.6819
127	1.3203	1.4902	0.1092	0.5691	0.1209	10.6445	1.4290	-0.6192
128	1.3146	1.4819	0.1284	0.5476	0.0870	8.4929	1.5440	-0.6323
129	1.3094	1.4727	0.1278	0.5286	0.0496	8.7165	1.6370	-0.6852
130	1.3040	1.4657	0.1284	0.5082	0.0209	8.7286	1.6970	-0.7265
131	1.3321	1.5452	0.1266	0.6226	0.3400	8.8557	1.8850	-0.7964
132	1.3306	1.5471	0.1266	0.6187	0.3488	9.1288	1.8080	-0.7615
133	1.3293	1.5516	0.1260	0.6155	0.3680	7.7577	2.1200	-0.8891
134	1.3274	1.5578	0.1290	0.6098	0.3941	8.7795	1.9980	-0.8452
135	1.3253	1.5633	0.1254	0.6034	0.4179	9.1235	1.9360	-0.8651
136	1.3235	1.5652	0.1315	0.5979	0.4270	8.5481	1.9300	-0.8682
137	1.3245	1.5639	0.1254	0.6036	0.4236	9.2450	1.9620	-0.8983
138	1.3256	1.5598	0.1302	0.6101	0.4087	8.8778	1.7520	-0.8692
139	1.3282	1.5532	0.1272	0.6222	0.3836	9.2725	1.7710	-0.9121
140	1.3321	1.5493	0.1296	0.6400	0.3691	8.9392	1.5810	-0.8333
141	1.3403	1.5418	0.1290	0.6750	0.3403	8.1496	1.7140	-0.9467
142	1.3486	1.5339	0.1178	0.7106	0.3093	10.5474	1.4390	-0.8166
143	1.3550	1.5304	0.1266	0.7391	0.2964	9.2743	1.4530	-0.9370
144	1.3604	1.5265	0.1284	0.7633	0.2813	9.0272	1.5040	-0.8943
145	1.3658	1.5243	0.1248	0.7878	0.2731	9.2511	1.7360	-1.0605
146	1.3708	1.5231	0.1248	0.8107	0.2690	8.6871	1.8340	-0.9954
147	1.3799	1.5232	0.1195	0.8504	0.2699	10.2443	1.8030	-1.0496
148	1.3900	1.5247	0.1266	0.8943	0.2764	9.5433	1.6190	-0.9805
149	1.4006	1.5261	0.1266	0.9407	0.2829	9.1530	1.8550	-1.1512
150	1.4086	1.5267	0.1296	0.9767	0.2858	9.1757	1.8850	-1.1024
151	1.3594	1.5391	0.1290	0.7825	0.3363	9.0321	1.7600	-1.0803
152	1.3600	1.5416	0.1266	0.7876	0.3474	9.5336	1.9740	-1.1132
153	1.3616	1.5427	0.1266	0.7968	0.3530	9.4445	2.0090	-1.1554
154	1.3630	1.5428	0.1284	0.8052	0.3545	9.6207	2.2290	-1.2091
155	1.3654	1.5450	0.1254	0.8177	0.3641	9.6491	2.4065	-1.2994
156	1.3688	1.5514	0.1321	0.8343	0.3913	8.2276	2.6450	-1.4169
157	1.3730	1.5596	0.1266	0.8540	0.4254	9.3278	2.7330	-1.4156
158	1.3781	1.5702	0.1290	0.8779	0.4697	9.5490	2.7910	-1.4555
159	1.3812	1.5771	0.1266	0.8935	0.4993	9.9183	2.8630	-1.5168
160	1.3873	1.5894	0.1266	0.9213	0.5504	9.9489	3.3160	-1.6658
161	0.0001	0.0012	0.1272	-0.6336	-2.0000	8.8308	3.4154	-1.7023
162	0.0021	0.0040	0.1296	-0.6319	-2.0000	9.5202	3.5000	-1.7443
163	0.0040	0.0083	0.1266	-0.6305	-2.0000	9.7327	3.5200	-1.7263
164	0.0070	0.0131	0.1290	-0.6245	-2.0000	8.5890	3.8850	-1.8876
165	0.0115	0.0199	0.1207	-0.6127	-2.0000	10.6274	3.8890	-1.8724
166	0.0155	0.0295	0.1278	-0.6024	-2.0000	9.8618	4.0530	-2.0015
167	0.0170	0.0399	0.1284	-0.6021	-2.0000	9.8197	4.0140	-2.0034
168	0.0195	0.0511	0.1284	-0.5982	-2.0000	9.8500	3.9120	-1.9868
169	0.0205	0.0577	0.1278	-0.5999	-2.0000	9.5211	4.0840	-2.1148
170	0.0224	0.0680	0.1178	-0.5977	-2.0000	11.0579	4.1000	-2.0518
171	1.3598	1.5288	0.1266	0.7545	0.3090	9.9668	4.0670	-2.1146
172	1.3631	1.5299	0.1266	0.7704	0.3138	10.1782	3.9930	-2.1441
173	1.3681	1.5317	0.1166	0.7936	0.3219	10.9309	3.9760	-2.2285
174	1.3717	1.5333	0.1296	0.8109	0.3292	9.9993	4.0760	-2.2516
175	1.3746	1.5353	0.1260	0.8257	0.3383	10.0964	4.1090	-2.3392
176	1.3789	1.5391	0.1254	0.8460	0.3543	10.3195	4.1480	-3.2269
177	1.3832	1.5409	0.1272	0.8665	0.3627	10.0742	3.9300	-2.2824
178	1.3874	1.5437	0.1290	0.8869	0.3750	10.0677	3.7140	-2.3468
179	1.3923	1.5488	0.1242	0.9100	0.3966	10.3749	3.7810	-2.4339
180	1.3981	1.5521	0.1248	0.9367	0.4110	10.6954	3.7640	-2.4170
181	1.3563	1.5510	0.1272	0.7722	0.4078	10.2508	3.4960	-2.3351
182	1.3566	1.5520	0.1254	0.7760	0.4131	10.6789	3.5860	-2.4811
183	1.3570	1.5548	0.1260	0.7804	0.4257	10.3368	3.4870	-2.4613
184	1.3560	1.5590	0.1284	0.7789	0.4440	10.3195	3.5690	-2.5265
185	1.3530	1.5633	0.1272	0.7698	0.4627	10.4953	3.6780	-2.5952
186	1.3495	1.5678	0.1272	0.7581	0.4823	10.3453	3.9590	-2.6837
187	1.3481	1.5715	0.1290	0.7552	0.4992	10.2788	4.0597	-2.7188
188	1.3472	1.5751	0.1266	0.7539	0.5154	10.5996	4.1900	-2.8478
189	1.3456	1.5800	0.1213	0.7500	0.5368	11.1457	4.1460	-2.8468
190	1.3409	1.5879	0.1272	0.7333	0.5709	10.5833	4.3490	-2.8698
191	1.3473	1.5295	0.1266	0.7615	0.3377	10.5596	4.3160	-2.8428
192	1.3485	1.5299	0.1272	0.7685	0.3402	10.6987	4.4640	-2.9288
193	1.3522	1.5290	0.1266	0.7859	0.3374	10.8015	4.3380	-2.8400
194	1.3571	1.5267	0.1195	0.8081	0.3289	11.5643	4.3090	-2.8406
195	1.3626	1.5198	0.1278	0.8330	0.3018	10.5986	4.4680	-2.9176
196	1.3671	1.5131	0.1284	0.8539	0.2753	10.7382	4.1680	-2.8004
197	1.3714	1.5059	0.1248	0.8742	0.2465	11.0203	4.3440	-2.9084
198	1.3735	1.4984	0.1272	0.8857	0.2164	10.7031	4.2070	-2.8542
199	1.3736	1.4929	0.1284	0.8894	0.1943	10.6432	4.3790	-2.8762
200	1.3755	1.4876	0.1242	0.9000	0.1726	11.2990	4.5270	-2.8830
201	1.3500	1.4844	0.1266	0.8005	0.1597	11.0367	4.6780	-2.9788
202	1.3498	1.4844	0.1284	0.8022	0.1593	10.9114	4.6800	-2.9488
203	1.3506	1.4858	0.1242	0.8079	0.1645	11.3253	4.5680	-2.8320
204	1.3517	1.4871	0.1284	0.8147	0.1695	10.7912	4.5500	-2.9416
205	1.3553	1.4894	0.1236	0.8320	0.1783	10.9799	4.2570	-2.8150
206	1.3604	1.4931	0.1272	0.8549	0.1930	10.1700	4.3760	-2.8860
207	1.3664	1.4954	0.1207	0.8818	0.2019	11.4562	4.5870	-2.9586
208	1.3726	1.5017	0.1266	0.9097	0.2273	11.0739	4.6320	-2.9048
209	1.3766	1.5101	0.1242	0.9289	0.2611	11.2660	4.7000	-2.9644
210	1.3793	1.5239	0.1272	0.9430	0.3169	11.1180	4.8110	-2.9726
211	1.3592	1.5695	0.1266	0.8653	0.5012	11.0949	4.8740	-3.0052
212	1.3570	1.5657	0.1260	0.8592	0.4877	11.0188	4.8510	-3.0222
213	1.3542	1.5578	0.1248	0.8506	0.4572	11.3130	4.7960	-2.9240
214	1.3524	1.5522	0.1272	0.8459	0.4361	11.5391	4.9120	-3.0224
215	1.3504	1.5440	0.1178	0.8405	0.4044	11.9837	4.8010	-2.9470
216	1.3470	1.5336	0.1266	0.8293	0.3637	11.3113	4.6790	-2.9866
217	1.3430	1.5226	0.1254	0.8156	0.3203	11.1292	4.5010	-2.8546
218	1.3385	1.5114	0.1260	0.7998	0.2759	11.3260	4.6770	-2.8870
219	1.3365	1.5031	0.1290	0.7941	0.2428	11.1624	4.2830	-2.7974
220	1.3317	1.4911	0.1242	0.7767	0.1945	11.8912	3.3620	-2.4148
221	1.3257	1.4821	0.1242	0.7549	0.1580	12.1591	3.9330	-2.7330
222	1.3174	1.4712	0.1296	0.7233	0.1139	11.1762	4.0860	-2.7708
223	1.3069	1.4599	0.1224	0.6827	0.0676	11.5353	4.2130	-2.8162
224	1.2974	1.4490	0.1254	0.6459	0.0227	11.8666	3.7340	-2.7468
225	1.2877	1.4379	0.1172	0.6080	-0.0232	12.5251	3.5050	-2.7010
226	1.2760	1.4270	0.1248	0.5620	-0.0687	11.8201	3.3280	-2.6656
227	1.2648	1.4152	0.1266	0.5175	-0.1180	11.5753	3.1730	-2.6346
228	1.2568	1.4050	0.1296	0.4856	-0.1611	11.4783	3.3700	-2.6488
229	1.2472	1.3918	0.1266	0.4469	-0.2169	11.6912	3.0220	-2.5664
230	1.2382	1.3798	0.1296	0.4106	-0.2679	11.6004	3.0740	-2.6244
231	0.0002	1.6074	0.1266	-2.0000	0.6454	7.2017	2.9910	-2.5898
232	0.0004	1.6028	0.1260	-2.0000	0.6295	7.4289	3.1610	-2.6234
233	0.0033	1.5986	0.1278	-2.0000	0.6150	7.0060	3.3480	-2.6844
234	0.0079	1.5963	0.1254	-2.0000	0.6086	7.4498	3.0640	-2.5856
235	0.0132	1.5955	0.1278	-2.0000	0.6077	7.0156	2.9800	-3.4516
236	0.0218	1.5937	0.1278	-2.0000	0.6029	6.9902	2.8830	-2.5754
237	0.0309	1.5922	0.1278	-2.0000	0.5988	6.9647	2.8010	-2.5494
238	0.0382	1.5922	0.1290	-2.0000	0.6012	6.9194	2.7080	-2.5488
239	0.0463	1.5939	0.1272	-2.0000	0.6103	7.0514	2.4940	-2.4924
240	0.0532	1.5953	0.1278	-2.0000	0.6185	6.1810	2.3350	-2.4938
241	1.3484	1.5258	0.1272	0.8540	0.3411	11.5503	2.1380	-2.4436
242	1.3475	1.5279	0.1272	0.8527	0.3504	11.6415	2.0020	-2.3568
243	1.3472	1.5292	0.1272	0.8541	0.3560	11.4911	2.0900	-2.4472
244	1.3479	1.5310	0.1284	0.8595	0.3641	11.6181	2.0500	-2.4016
245	1.3473	1.5331	0.1266	0.8593	0.3733	11.5643	2.0580	-2.4220
246	1.3484	1.5361	0.1290	0.8663	0.3861	11.6065	2.3100	-2.4260
247	1.3489	1.5411	0.1266	0.8709	0.4072	11.9272	2.3830	-2.5570
248	1.3503	1.5443	0.1272	0.8788	0.4213	11.9950	2.0160	-2.3628
249	1.3520	1.5490	0.1278	0.8882	0.4410	11.9534	1.8740	-2.3824
250	1.3531	1.5542	0.1284	0.8953	0.4632	11.6083	1.8660	-2.4100
251	1.3553	1.5574	0.1278	0.9064	0.4776	11.6453	1.9290	-2.3858
252	1.3573	1.5614	0.1260	0.9171	0.4953	12.1339	1.8802	-2.4045
253	1.3559	1.5666	0.1260	0.9143	0.5175	11.8035	1.9340	-2.3868
254	1.3538	1.5715	0.1302	0.9086	0.5390	11.6268	1.8060	-2.2936
255	1.3503	1.5763	0.1254	0.8970	0.5600	11.9966	1.7040	-2.3408
256	1.3449	1.5800	0.1302	0.8777	0.5770	11.5673	1.7800	-2.3596
257	1.3353	1.5848	0.1248	0.8416	0.5981	12.1299	1.7850	-2.2998
258	1.3353	1.5848	0.1248	0.8437	0.6002	12.1299	1.7850	-2.2998
259	1.3239	1.5913	0.1248	0.7998	0.6287	12.1607	1.8650	-2.3522
260	1.3102	1.6009	0.1278	0.7465	0.6694	12.0116	1.7060	-2.2756
261	1.3000	1.6086	0.1260	0.7069	0.7032	12.4350	1.7680	-2.2976
262	1.2877	1.6204	0.1183	0.6588	0.7533	12.9640	1.6950	-2.3062
263	1.2753	1.6336	0.1254	0.6098	0.8095	12.4479	1.8110	-2.3578
264	1.2625	1.6452	0.1189	0.5588	0.8595	13.2573	2.1180	-2.4236
265	1.2479	1.6553	0.1266	0.5006	0.9036	12.5483	2.5740	-2.5448
266	1.2298	1.6638	0.1284	0.4275	0.9419	11.9380	2.9280	-2.6016
267	1.2124	1.6734	0.1260	0.3571	0.9844	12.5595	2.7340	-2.4644
268	1.2016	1.6793	0.1296	0.3127	1.0127	12.5095	2.6200	-2.4672
269	1.1831	1.6864	0.1321	0.2370	1.0457	11.9399	2.5980	-2.5236
270	1.1644	1.6947	0.1278	0.1600	1.0838	12.3003	2.6080	-2.5740
271	1.3376	1.5330	0.1272	0.8550	0.4378	11.7423	2.4400	-2.4880
272	1.3402	1.5378	0.1333	0.8677	0.4578	11.6957	2.2550	-2.3882
273	1.3458	1.5439	0.1248	0.8925	0.4834	12.5661	2.3820	-2.4968
274	1.3512	1.5506	0.1296	0.9166	0.5116	12.2588	2.4640	-2.4872
275	1.3568	1.5588	0.1178	0.9417	0.5458	13.4738	2.1450	-2.4618
276	1.3608	1.5677	0.1296	0.9604	0.5829	13.0518	2.2950	-2.4550
277	1.3661	1.5828	0.1296	0.9847	0.6457	12.3449	2.4060	-2.4832
278	1.3724	1.5986	0.1296	1.0128	0.7113	12.6181	3.0620	-2.5528
279	1.3824	1.6132	0.1278	1.0560	0.7725	12.8056	3.1560	-2.6256
280	1.3932	1.6277	0.1315	1.1030	0.8336	12.4584	3.2490	-2.6518
281	1.4075	1.6456	0.1315	1.1640	0.9087	12.4273	3.8020	-2.8252
282	1.4232	1.6622	0.1254	1.2310	0.9792	13.1840	3.9030	-2.8006
283	1.4406	1.6787	0.1302	1.3056	1.0499	12.6342	3.0000	-2.2800
284	1.4532	1.6910	0.1296	1.3611	1.1038	12.6704	7.2240	-4.7948
285	1.4681	1.7072	0.1290	1.4260	1.1735	13.0796	4.4690	-2.9162
286	1.4824	1.7245	0.1236	1.4889	1.2484	13.5128	4.9660	-3.0648
287	1.4850	1.7283	0.1224	1.5054	1.2694	12.9994	4.8500	-2.9236
288	1.4993	1.7474	0.1308	1.5687	1.3521	12.8653	4.3920	-2.8456
289	1.5155	1.7665	0.1302	1.6401	1.4349	12.6029	4.3330	-2.7878
290	1.5321	1.7858	0.1308	1.7137	1.5193	12.9254	5.1400	-3.3328
291	1.5457	1.8014	0.1278	1.7755	1.5892	12.9487	4.8790	-3.0402
292	1.5645	1.8210	0.1321	1.8587	1.6756	12.8940	4.8380	-2.9844
293	1.5828	1.8391	0.1266	1.9399	1.7566	13.1536	4.9970	-3.0050
294	1.6016	1.8562	0.1327	2.0000	1.8341	11.9743	5.1380	-3.1212
295	1.6207	1.8745	0.1284	2.0000	1.9164	12.9977	4.8590	-3.0798
296	1.6347	1.8901	0.1315	2.0000	1.9885	13.0217	4.8140	-3.0048
297	1.6499	1.9081	0.1230	2.0000	2.0000	12.9829	2.5740	-2.5148
298	1.6650	1.9234	0.1296	2.0000	2.0000	13.0576	4.8290	-3.0646
299	1.6790	1.9376	0.1296	2.0000	2.0000	13.1486	4.4580	-2.9228
300	1.6920	1.9502	0.1308	2.0000	2.0000	13.2155	4.2550	-2.8642
1	1.2960	1.5310	0.0000	0.1852	0.1248	0.0000	1.4960	0.0000
2	1.2958	1.5310	0.1315	0.1857	0.1256	4.8394	0.6410	-0.1549
3	1.2955	1.5310	0.1284	0.1853	0.1263	4.1596	0.6410	-0.1440
4	1.2947	1.5309	0.1302	0.1832	0.1268	4.9860	0.6330	-0.1367
5	1.2936	1.5308	0.1272	0.1802	0.1269	5.3804	0.7880	-0.1831
6	1.2924	1.5310	0.1308	0.1762	0.1288	4.9124	0.8960	-0.1958
7	1.2910	1.5312	0.1272	0.1716	0.1304	5.3797	0.9480	-0.2289
8	1.2892	1.5313	0.1321	0.1654	0.1316	5.0089	0.9700	-0.2528
9	1.2873	1.5317	0.1290	0.1587	0.1337	5.4053	1.0110	-0.6978
10	1.2856	1.5320	0.1321	0.1531	0.1357	4.8793	1.0390	-0.2683
11	1.2970	1.5419	0.1302	0.1996	0.1764	5.0631	1.1560	-0.2963
12	1.2961	1.5418	0.1302	0.1974	0.1770	5.1539	1.2610	-0.3427
13	1.2944	1.5417	0.1290	0.1915	0.1776	5.2698	1.1740	-0.3249
14	1.2922	1.5415	0.1296	0.1838	0.1780	5.2269	1.0270	-0.2924
15	1.2898	1.5414	0.1290	0.1750	0.1787	5.3908	1.0060	-0.3163
16	1.2866	1.5414	0.1308	0.1635	0.1798	5.2016	1.0140	-0.3117
17	1.2829	1.5413	0.1302	0.1494	0.1802	5.3659	1.0700	-0.3491
18	1.2787	1.5410	0.1345	0.1331	0.1800	4.8787	1.0760	-0.3633
19	1.2747	1.5395	0.1302	0.1178	0.1752	5.4873	0.9800	-0.3254
20	1.2712	1.5383	0.1224	0.1046	0.1711	6.3867	0.8890	-0.3475
21	1.2819	1.5687	0.1296	0.1479	0.2944	5.3653	0.9730	-0.3682
22	1.2817	1.5682	0.1201	0.1481	0.2943	6.8453	1.2390	-0.4278
23	1.2813	1.5683	0.1296	0.1471	0.2962	5.6080	1.2950	-0.4480
24	1.2807	1.5680	0.1284	0.1454	0.2968	5.9676	1.1190	-0.3894
25	1.2795	1.5677	0.1290	0.1413	0.2975	4.8438	1.0830	-0.4467
26	1.2775	1.5683	0.1308	0.1343	0.3014	5.6750	0.9860	-0.4219
27	1.2755	1.5695	0.1296	0.1267	0.3080	4.7142	0.8190	-0.4135
28	1.2734	1.5702	0.1308	0.1189	0.3124	5.7964	0.6410	-0.3925
29	1.2714	1.5698	0.1296	0.1116	0.3128	5.7285	0.5820	-0.3850
30	1.2704	1.5690	0.1308	0.1081	0.3113	5.8506	0.6470	-0.3918
31	1.2985	1.5352	0.1302	0.2215	0.1770	5.7645	0.7320	-0.4068
32	1.2997	1.5334	0.1296	0.2278	0.1706	5.9289	0.9850	-0.4840
33	1.3013	1.5315	0.1218	0.2355	0.1638	6.5895	0.9300	-0.4733
34	1.3021	1.5301	0.1302	0.2400	0.1588	6.0389	0.7690	-0.4516
35	1.3024	1.5289	0.1230	0.2424	0.1548	6.7509	0.7130	-0.4508
36	1.3019	1.5280	0.1315	0.2415	0.1520	5.8909	0.8540	-0.4840
37	1.3013	1.5272	0.1315	0.2407	0.1494	5.7985	1.1360	-0.5979
38	1.3018	1.5257	0.1302	0.2437	0.1439	6.1588	1.2210	-0.5888
39	1.3028	1.5219	0.1302	0.2491	0.1296	6.0050	1.2090	-0.5607
40	1.3032	1.5187	0.1308	0.2521	0.1170	5.1166	1.3260	-0.6304
41	1.2837	1.5324	0.1284	0.1749	0.1726	6.0896	1.3220	-0.6187
42	1.2831	1.5322	0.1302	0.1732	0.1727	5.9008	1.3950	-0.6673
43	1.2821	1.5321	0.1290	0.1703	0.1731	6.1985	1.3590	-0.6766
44	1.2818	1.5328	0.1296	0.1698	0.1765	6.3390	1.4590	-0.7031
45	1.2813	1.5328	0.1290	0.1684	0.1773	6.2594	1.5470	-0.7598
46	1.2798	1.5329	0.1308	0.1632	0.1785	6.0090	1.6850	-0.7901
47	1.2773	1.5332	0.1296	0.1540	0.1806	6.3078	1.5270	-0.7416
48	1.2748	1.5329	0.1230	0.1446	0.1805	7.3138	1.6000	-0.8163
49	1.2717	1.5325	0.1296	0.1328	0.1795	6.2464	1.6630	-0.8212
50	1.2690	1.5315	0.1296	0.1226	0.1763	6.3925	1.5600	-0.8251
51	1.2994	1.5768	0.1302	0.2453	0.3594	5.5046	1.3880	-0.8015
52	1.2999	1.5765	0.1308	0.2484	0.3602	6.2394	1.2670	-0.7969
53	1.3002	1.5751	0.1272	0.2512	0.3566	6.7069	1.3470	-0.8009
54	1.3001	1.5733	0.1302	0.2519	0.3511	6.3732	1.2870	-0.7921
55	1.2992	1.5706	0.1278	0.2495	0.3420	6.0349	1.2430	-0.8079
56	1.2973	1.5675	0.1308	0.2432	0.3315	6.4214	1.2440	-0.8468
57	1.2949	1.5649	0.1302	0.2344	0.3226	6.3424	1.2004	-0.8319
58	1.2921	1.5629	0.1321	0.2246	0.3163	6.3951	1.0000	-0.8004
59	1.2882	1.5599	0.1290	0.2099	0.3055	6.8527	1.0330	-0.8211
60	1.2845	1.5572	0.1308	0.1957	0.2963	6.6571	1.0840	-0.8091
61	1.2755	1.5284	0.1213	0.1604	0.1820	7.5281	1.0480	-0.8089
62	1.2740	1.5265	0.1290	0.1552	0.1749	6.7488	0.9680	-0.8074
63	1.2729	1.5251	0.1315	0.1512	0.1700	6.5470	0.8400	-0.8126
64	1.2712	1.5242	0.1296	0.1449	0.1668	6.7364	0.8270	-0.8025
65	1.2694	1.5231	0.1230	0.1381	0.1630	7.5589	0.8180	-0.8247
66	1.2688	1.5219	0.1296	0.1365	0.1588	6.9185	0.7220	-0.8116
67	1.2688	1.5201	0.1218	0.1369	0.1522	7.8220	0.7150	-0.8384
68	1.2690	1.5183	0.1302	0.1380	0.1453	7.0283	0.6430	-0.7944
69	1.2682	1.5175	0.1296	0.1354	0.1428	6.8873	0.5720	-0.7756
70	1.2676	1.5170	0.1296	0.1335	0.1409	7.2172	0.3920	-0.7335
71	1.2879	1.5008	0.1284	0.2156	0.0762	6.9594	0.2810	-0.7555
72	1.2877	1.4992	0.1308	0.2157	0.0700	5.9823	0.1130	-0.7155
73	1.2874	1.4984	0.1290	0.2156	0.0667	7.0084	0.0230	-0.7052
74	1.2868	1.4983	0.1296	0.2138	0.0664	6.3662	-0.0180	-0.6945
75	1.2873	1.4986	0.1302	0.2168	0.0672	6.8017	-0.1060	-0.6776
76	1.2892	1.4977	0.1321	0.2253	0.0637	6.9148	-0.1230	-0.6451
77	1.2924	1.4964	0.1290	0.2393	0.0583	7.0681	-0.2350	-0.6376
78	1.2958	1.4953	0.1302	0.2542	0.0538	7.2564	-0.2830	-0.6288
79	1.2993	1.4946	0.1290	0.2692	0.0510	7.0679	-0.1680	-0.6594
80	1.3012	1.4959	0.1315	0.2783	0.0558	7.1029	-0.0400	-0.6845
81	1.2842	1.5508	0.1302	0.2110	0.2767	7.3349	0.0670	-0.7329
82	1.2821	1.5502	0.1296	0.2034	0.2756	7.3158	0.2370	-0.7419
83	1.2796	1.5486	0.1302	0.1941	0.2705	7.0909	0.1350	-0.7232
84	1.2758	1.5471	0.1308	0.1796	0.2657	7.4135	0.2110	-0.7477
85	1.2709	1.5444	0.1315	0.1605	0.2561	7.2476	0.1990	-0.7398
86	1.2659	1.5393	0.1236	0.1409	0.2365	8.3413	0.0940	-0.7182
87	1.2616	1.5332	0.1308	0.1240	0.2129	7.5651	0.1380	-0.7354
88	1.2589	1.5275	0.1308	0.1132	0.1911	7.2892	0.1990	-0.7437
89	1.2567	1.5220	0.1308	0.1050	0.1696	7.5024	0.2220	-0.7724
90	1.2555	1.5174	0.1339	0.1000	0.1515	7.0350	0.1110	-0.7167
91	1.3603	1.4018	0.1296	0.5222	-0.3132	7.3384	0.0860	-0.7255
92	1.3595	1.4022	0.1327	0.5217	-0.3144	7.4275	-0.1400	-0.6545
93	1.3584	1.4028	0.1302	0.5200	-0.3142	7.4464	-2.1210	0.5123
94	1.3570	1.4036	0.1327	0.5172	-0.3135	7.4261	-0.3800	-0.6232
95	1.3554	1.4061	0.1296	0.5132	-0.3057	7.5794	-0.5840	-0.5529
96	1.3528	1.4094	0.1315	0.5055	-0.2946	7.6335	-0.7910	-0.5064
97	1.3505	1.4142	0.1284	0.4985	-0.2779	8.0905	-0.9820	-0.4474
98	1.3484	1.4193	0.1308	0.4927	-0.2595	7.7056	-0.9920	-0.4914
99	1.3457	1.4241	0.1290	0.4844	-0.2419	6.9376	-0.7920	-0.5239
100	1.3430	1.4272	0.1315	0.4760	-0.2313	7.6194	-0.8800	-0.4692
101	1.3280	1.4488	0.1296	0.4180	-0.1463	6.8546	-0.7980	-0.4971
102	1.3270	1.4493	0.1308	0.4160	-0.1456	7.8145	-0.6170	-0.5204
103	1.3268	1.4492	0.1290	0.4168	-0.1475	8.0032	-0.5990	-0.4937
104	1.3260	1.4488	0.1308	0.4155	-0.1503	7.7529	-0.6120	-0.4905
105	1.3248	1.4484	0.1308	0.4125	-0.1530	7.7834	-0.5290	-0.4962
106	1.3229	1.4480	0.1302	0.4069	-0.1559	7.8871	-0.4870	-0.5277
107	1.3211	1.4481	0.1296	0.4014	-0.1568	7.9297	-0.4570	-0.5384
108	1.3195	1.4479	0.1308	0.3969	-0.1589	7.9290	-0.3630	-0.5539
109	1.3163	1.4469	0.1290	0.3855	-0.1641	8.0507	-0.3270	-0.5393
110	1.3121	1.4459	0.1315	0.3705	-0.1697	8.0930	-0.2540	-0.5743
111	1.3296	1.4474	0.1302	0.4426	-0.1650	7.8375	-0.1610	-0.5826
112	1.3308	1.4466	0.1308	0.4494	-0.1695	8.0984	0.0340	-0.6202
113	1.3337	1.4456	0.1302	0.4630	-0.1749	8.2021	0.0950	-0.6330
114	1.3372	1.4448	0.1315	0.4791	-0.1793	8.0851	0.2010	-0.6346
115	1.3400	1.4449	0.1296	0.4926	-0.1805	8.2135	0.1140	-0.6451
116	1.3420	1.4440	0.1296	0.5027	-0.1855	7.5244	0.1340	-0.6171
117	1.3438	1.4413	0.1296	0.5125	-0.1979	8.2742	0.1360	-0.6329
118	1.3453	1.4387	0.1296	0.5210	-0.2097	7.6443	0.1430	-0.6443
119	1.3474	1.4374	0.1224	0.5315	-0.2165	9.1980	0.1800	-0.6560
120	1.3496	1.4349	0.1296	0.5427	-0.2278	8.3042	0.2490	-0.6715
121	1.3298	1.4484	0.1284	0.4659	-0.1751	8.6566	0.0860	-0.6343
122	1.3303	1.4502	0.1296	0.4697	-0.1695	8.7253	-0.1820	-0.5369
123	1.3296	1.4494	0.1224	0.4690	-0.1736	9.1915	-0.2890	-0.5461
124	1.3297	1.4486	0.1315	0.4714	-0.1782	8.6277	-0.5550	-0.4876
125	1.3294	1.4491	0.1207	0.4723	-0.1777	9.4640	-0.5380	-0.4978
126	1.3285	1.4500	0.1308	0.4706	-0.1753	8.5774	-0.4930	-0.4922
127	1.3286	1.4510	0.1195	0.4730	-0.1725	9.6650	-0.3380	-0.5437
128	1.3282	1.4517	0.1302	0.4733	-0.1711	8.6440	-0.2970	-0.5730
129	1.3314	1.4517	0.1315	0.4881	-0.1719	8.4052	-0.1430	-0.5487
130	1.3353	1.4546	0.1302	0.5055	-0.1615	8.8269	-0.0970	-0.5713
1	1.2522	1.5700	0.1302	0.0089	0.2818	4.8645	-2.0820	0.4309
2	1.2527	1.5700	0.1296	0.0110	0.2836	4.8468	-2.1430	0.4874
3	1.2536	1.5699	0.1296	0.0144	0.2849	4.9377	-2.1750	0.4883
4	1.2546	1.5702	0.1207	0.0189	0.2880	6.2197	-2.0650	0.4784
5	1.2566	1.5701	0.1278	0.0268	0.2893	5.0297	-2.0610	0.5062
6	1.2588	1.5699	0.1296	0.0360	0.2903	5.1446	-2.1820	0.5719
7	1.2615	1.5700	0.1278	0.0470	0.2921	5.0901	-2.1990	0.5750
8	1.2647	1.5691	0.1302	0.0600	0.2905	4.2931	-2.1960	0.5891
9	1.2684	1.5680	0.1290	0.0754	0.2876	5.0054	-2.0620	0.6029
10	1.2718	1.5675	0.1296	0.0895	0.2872	5.0775	-1.8750	0.5322
11	1.2872	1.5230	0.1278	0.1521	0.1101	5.2594	-1.6100	0.5175
12	1.2879	1.5231	0.1278	0.1558	0.1108	5.4108	-1.5670	0.5515
13	1.2888	1.5231	0.1213	0.1605	0.1114	6.1068	-1.4090	0.4878
14	1.2906	1.5201	0.1284	0.1688	0.1000	5.7046	-1.3680	0.5005
15	1.2926	1.5166	0.1308	0.1778	0.0864	5.0768	-1.2680	0.5052
16	1.2951	1.5130	0.1308	0.1889	0.0724	5.2281	-1.2250	0.5283
17	1.2980	1.5096	0.1296	0.2017	0.0589	5.2840	-1.2980	0.5779
18	1.3014	1.5064	0.1296	0.2165	0.0465	5.6797	-1.3120	0.5814
19	1.3053	1.5033	0.1296	0.2333	0.0342	4.6290	-1.3030	0.5992
20	1.3086	1.5006	0.1315	0.2482	0.0232	5.4533	-1.2390	0.5743
21	1.2978	1.5236	0.1290	0.2060	0.1159	5.4719	-1.1230	0.5976
22	1.2989	1.5233	0.1321	0.2116	0.1154	4.4205	-0.8960	0.5454
23	1.3011	1.5230	0.1278	0.2217	0.1148	5.6180	-0.7820	0.5256
24	1.3043	1.5229	0.1308	0.2360	0.1149	4.7462	-0.7320	0.5336
25	1.3072	1.5237	0.1272	0.2491	0.1186	5.7514	-0.8410	0.5791
26	1.3096	1.5244	0.1315	0.2601	0.1221	5.5076	-1.0680	0.6422
27	1.3133	1.5262	0.1290	0.2763	0.1300	5.7090	-0.9620	0.5789
28	1.3178	1.5283	0.1284	0.2963	0.1390	6.2403	-0.7640	0.5291
29	1.3227	1.5302	0.1290	0.3175	0.1471	5.5879	-0.3190	0.4384
30	1.3269	1.5319	0.1302	0.3363	0.1548	5.7080	-0.1670	0.4062
31	1.2890	1.4963	0.1296	0.1857	0.0126	5.9272	0.1740	0.3182
32	1.2908	1.4948	0.1302	0.1941	0.0062	5.8231	0.3540	0.3068
33	1.2922	1.4931	0.1290	0.2007	-0.0006	5.6964	0.4590	0.3488
34	1.2933	1.4908	0.1302	0.2059	-0.0101	5.9446	0.5120	0.2979
35	1.2936	1.4894	0.1290	0.2082	-0.0159	5.8174	0.7030	0.2382
36	1.2938	1.4888	0.1308	0.2104	-0.0188	5.9931	0.7920	0.2646
37	1.2955	1.4877	0.1308	0.2180	-0.0233	5.6584	0.7410	0.2406
38	1.2973	1.4875	0.1302	0.2267	-0.0245	6.0656	0.6710	0.2335
39	1.2999	1.4875	0.1278	0.2381	-0.0249	6.5096	0.7780	0.2307
40	1.3024	1.4874	0.1302	0.2495	-0.0253	5.9980	0.4850	0.3416
41	1.2730	1.5769	0.1284	0.1325	0.3343	5.1708	0.3340	0.2845
42	1.2727	1.5787	0.1218	0.1317	0.3437	6.9996	0.3360	0.2692
43	1.2728	1.5811	0.1308	0.1328	0.3551	6.0710	0.2170	0.3278
44	1.2732	1.5834	0.1308	0.1350	0.3665	6.0400	0.2170	0.2896
45	1.2734	1.5859	0.1296	0.1365	0.3787	6.2169	0.3010	0.2874
46	1.2739	1.5884	0.1302	0.1391	0.3907	6.1740	0.3470	0.2738
47	1.2757	1.5898	0.1290	0.1470	0.3988	6.3504	0.4010	0.2616
48	1.2793	1.5910	0.1296	0.1619	0.4058	5.4707	0.4010	0.2273
49	1.2836	1.5922	0.1290	0.1802	0.4128	6.3502	0.2180	0.2902
50	1.2880	1.5933	0.1290	0.1985	0.4198	6.6181	0.0390	0.3249
51	1.1998	1.4631	0.1284	-0.1555	-0.1022	6.3499	0.2230	0.2848
52	1.2018	1.4624	0.1315	-0.1485	-0.1061	6.3791	0.1570	0.3006
53	1.2044	1.4620	0.1296	-0.1393	-0.1083	6.3246	0.3520	0.2397
54	1.2066	1.4623	0.1308	-0.1317	-0.1082	6.5130	0.3940	0.2486
55	1.2097	1.4630	0.1296	-0.1204	-0.1061	6.3249	0.4820	0.2245
56	1.2125	1.4641	0.1302	-0.1101	-0.1029	6.5245	0.6860	0.1768
57	1.2161	1.4658	0.1284	-0.0964	-0.0969	5.8172	0.7400	0.1668
58	1.2207	1.4679	0.1302	-0.0788	-0.0894	6.4636	0.8086	0.1370
59	1.2257	1.4712	0.1302	-0.0595	-0.0766	6.6154	0.8820	0.1023
60	1.2293	1.4733	0.1284	-0.0454	-0.0690	6.7977	0.7590	0.1538
61	1.2797	1.5347	0.1296	0.1567	0.1774	6.7982	0.5830	0.1620
62	1.2805	1.5348	0.1302	0.1606	0.1788	6.6940	0.3990	0.1831
63	1.2807	1.5347	0.1302	0.1622	0.1792	6.4814	0.2250	0.2268
64	1.2810	1.5344	0.1302	0.1643	0.1789	5.9745	0.1440	0.2511
65	1.2813	1.5337	0.1272	0.1661	0.1770	7.0878	0.3530	0.1909
66	1.2816	1.5331	0.1296	0.1683	0.1755	6.9492	0.3210	0.2140
67	1.2828	1.5320	0.1213	0.1738	0.1719	7.7410	0.4000	0.1610
68	1.2838	1.5306	0.1284	0.1789	0.1667	6.9130	0.4700	0.1406
69	1.2846	1.5296	0.1308	0.1827	0.1636	6.7116	0.5920	0.1354
70	1.2851	1.5293	0.1308	0.1859	0.1630	6.9795	0.5410	0.1395
71	1.3015	1.5454	0.1278	0.2527	0.2288	7.0637	0.4930	0.1357
72	1.3018	1.5474	0.1290	0.2551	0.2378	6.1743	0.6640	0.0960
73	1.3024	1.5485	0.1290	0.2588	0.2435	6.2054	0.6470	0.1203
74	1.3037	1.5508	0.1290	0.2654	0.2540	7.2531	0.5680	0.1029
75	1.3052	1.5543	0.1284	0.2725	0.2692	7.1129	0.6060	0.3159
76	1.3068	1.5586	0.1207	0.2804	0.2881	8.0730	0.6740	0.0668
77	1.3086	1.5627	0.1278	0.2891	0.3059	7.2475	0.9360	0.0027
78	1.3116	1.5661	0.1321	0.3026	0.3212	6.9479	0.9980	-0.0328
79	1.3146	1.5697	0.1290	0.3165	0.3375	7.4060	1.0130	-0.0218
80	1.3173	1.5718	0.1308	0.3288	0.3474	7.2109	1.0310	-0.0321
81	1.3735	1.3726	0.1302	0.5567	-0.4524	7.3695	0.9400	-0.0226
82	1.3736	1.3735	0.1327	0.5602	-0.4519	6.9218	0.9510	0.0033
83	1.3730	1.3744	0.1272	0.5608	-0.4515	7.4286	0.7790	-0.0025
84	1.3725	1.3747	0.1302	0.5619	-0.4534	7.2160	0.8300	-0.0051
85	1.3718	1.3749	0.1266	0.5623	-0.4556	7.5011	0.9550	-0.0633
86	1.3717	1.3757	0.1308	0.5647	-0.4556	7.2640	0.9920	-0.0708
87	1.3714	1.3761	0.1284	0.5666	-0.4574	7.4049	0.9440	-0.0833
88	1.3715	1.3765	0.1302	0.5701	-0.4588	7.3980	0.8320	-0.0564
89	1.3716	1.3774	0.1278	0.5736	-0.4581	7.5982	0.8100	-0.0893
90	1.3713	1.3776	0.1315	0.5753	-0.4603	6.5275	0.8210	-0.0608
91	1.2708	1.5377	0.1218	0.1738	0.1811	8.4234	1.0770	-0.1709
92	1.2706	1.5396	0.1302	0.1736	0.1897	7.5071	1.1830	-0.1587
93	1.2702	1.5427	0.1302	0.1725	0.2031	6.7009	1.2080	-0.1902
94	1.2707	1.5458	0.1302	0.1749	0.2166	7.5073	1.0810	-0.1600
95	1.2722	1.5490	0.1308	0.1815	0.2304	6.6882	1.0520	-0.1601
96	1.2739	1.5523	0.1284	0.1891	0.2449	7.7871	1.0040	-0.1775
97	1.2755	1.5541	0.1290	0.1961	0.2537	7.8054	0.9400	-0.1735
98	1.2766	1.5556	0.1213	0.2009	0.2609	9.0118	0.8610	-0.1493
99	1.2788	1.5568	0.1296	0.2105	0.2673	7.7933	0.9470	-0.1716
100	1.2819	1.5576	0.1302	0.2236	0.2717	7.9272	0.9330	-0.1942
101	1.2741	1.5731	0.1284	0.1933	0.3359	7.8052	0.9520	-0.2118
102	1.2730	1.5746	0.1327	0.1895	0.3436	6.7848	1.2190	-0.2855
103	1.2701	1.5778	0.1278	0.1782	0.3585	7.9382	1.4860	-0.3640
104	1.2681	1.5802	0.1308	0.1708	0.3698	8.0298	1.6200	-0.4013
105	1.2669	1.5839	0.1195	0.1663	0.3866	9.0566	1.6330	-0.3945
106	1.2646	1.5888	0.1302	0.1577	0.4087	8.0416	1.5120	-0.3959
107	1.2636	1.5923	0.1302	0.1540	0.4250	7.7683	1.5850	-0.4495
108	1.2645	1.5940	0.1308	0.1580	0.4339	8.0903	3.2840	-1.3938
109	1.2666	1.5964	0.1189	0.1667	0.4462	9.1875	1.8860	-0.5249
110	1.2666	1.5999	0.1302	0.1672	0.4627	8.0901	1.7550	-0.4916
111	1.2743	1.5313	0.1213	0.1983	0.1890	9.1313	1.6380	-0.4405
112	1.2756	1.5317	0.1290	0.2043	0.1914	8.2908	1.6440	-0.5158
113	1.2792	1.5273	0.1278	0.2192	0.1746	8.3452	1.5470	-0.5112
114	1.2872	1.5180	0.1296	0.2525	0.1376	8.2789	1.5300	-0.5079
115	1.3000	1.5048	0.1284	0.3050	0.0850	8.0917	1.3280	-0.4751
116	1.3165	1.4905	0.1296	0.3726	0.0274	8.3399	1.2260	-0.4971
117	1.3359	1.4734	0.1278	0.4522	-0.0416	8.5274	1.2280	-0.4972
118	1.3558	1.4537	0.1224	0.5344	-0.1213	9.0818	1.2750	-0.5291
119	1.3758	1.4338	0.1308	0.6175	-0.2027	8.4682	1.2720	-0.5184
120	1.3918	1.4178	0.1308	0.6850	-0.2688	8.1866	1.0920	-0.5127
121	1.2914	1.5101	0.1290	0.2844	0.1005	8.5518	0.6440	-0.4046
122	1.2912	1.5035	0.1302	0.2848	0.0745	8.2534	0.1900	-0.3073
123	1.2866	1.4980	0.1284	0.2673	0.0523	8.5025	-0.1940	-0.2365
124	1.2792	1.4966	0.1290	0.2384	0.0466	7.6275	-0.4600	-0.1989
125	1.2746	1.4949	0.1284	0.2206	0.0396	8.5640	-0.3520	-0.2256
126	1.2738	1.4884	0.1302	0.2181	0.0134	8.5575	-0.3710	-0.2180
127	1.2716	1.4832	0.1218	0.2099	-0.0078	9.6562	-0.5260	-0.1671
128	1.2701	1.4798	0.1296	0.2044	-0.0219	8.7531	-0.3850	-0.1934
129	1.2703	1.4730	0.1290	0.2055	-0.0496	8.7342	-0.4570	-0.1875
130	1.2676	1.4701	0.1296	0.1951	-0.0623	8.6245	-0.5760	-0.1839
131	1.2812	1.5536	0.1218	0.2504	0.2731	9.7046	-0.5680	-0.1550
132	1.2804	1.5508	0.1290	0.2480	0.2631	8.7520	-0.7510	-0.1072
133	1.2827	1.5470	0.1278	0.2582	0.2491	8.6865	-0.7400	-0.1197
134	1.2854	1.5409	0.1296	0.2697	0.2258	8.6793	-0.7790	-0.1309
135	1.2882	1.5340	0.1266	0.2817	0.1991	8.2400	-0.8760	-0.0472
136	1.2908	1.5276	0.1302	0.2932	0.1740	8.8492	-0.8130	-0.0545
137	1.2948	1.5185	0.1278	0.3104	0.1381	9.4159	-0.9820	0.0009
138	1.2986	1.5073	0.1224	0.3268	0.0935	9.9070	-1.1420	0.0359
139	1.2996	1.4965	0.1302	0.3321	0.0502	8.8180	-1.1020	0.0273
140	1.2999	1.4868	0.1242	0.3345	0.0111	9.7480	-0.9390	-0.1054
141	1.2915	1.5525	0.1290	0.3019	0.2755	9.1343	-1.0260	0.0259
142	1.2924	1.5533	0.1302	0.3066	0.2799	8.8967	-0.8740	-0.0107
143	1.2959	1.5523	0.1272	0.3218	0.2770	9.4124	-0.9270	-0.0047
144	1.2983	1.5490	0.1308	0.3325	0.2653	8.0492	-0.9760	0.0358
145	1.3012	1.5425	0.1308	0.3455	0.2402	8.9751	-0.7180	-0.0051
146	1.3057	1.5350	0.1296	0.3650	0.2114	9.2125	-0.6500	-0.0264
147	1.3088	1.5266	0.1308	0.3789	0.1782	9.0355	-0.5910	-0.0182
148	1.3091	1.5171	0.1302	0.3815	0.1407	9.1386	-0.5280	-0.1095
149	1.3109	1.5110	0.1315	0.3901	0.1164	9.0826	-0.5990	0.0371
150	1.3128	1.5094	0.1213	0.3992	0.1103	10.2644	-0.5800	0.0062
151	1.3155	1.5080	0.1272	0.4119	0.1051	9.4535	-0.4340	-0.0826
152	1.3198	1.5070	0.1290	0.4306	0.1013	9.3265	-0.5017	-0.0185
153	1.3231	1.5056	0.1290	0.4456	0.0956	8.5812	-0.2930	-0.0977
154	1.3259	1.5046	0.1296	0.4589	0.0916	9.5584	0.0000	-0.1081
155	1.3292	1.5055	0.1296	0.4740	0.0954	9.5884	-0.5090	0.0112
156	1.3312	1.5062	0.1230	0.4839	0.0985	10.2284	-0.4700	0.6264
157	1.3318	1.5069	0.1308	0.4886	0.1013	9.4420	-0.4660	-0.0033
158	1.3310	1.5065	0.1207	0.4873	0.1002	10.7549	-0.5180	0.0214
159	1.3302	1.5063	0.1290	0.4862	0.0993	8.5235	-0.4970	0.0162
160	1.3269	1.5049	0.1321	0.4746	0.0938	9.3188	-0.8400	0.0686
161	1.3253	1.5012	0.1302	0.4702	0.0792	9.4416	1.0160	-0.2822
162	1.3244	1.4975	0.1296	0.4686	0.0644	9.6670	-0.9570	0.1097
163	1.3236	1.4946	0.1284	0.4672	0.0524	9.7820	-1.0010	0.0811
164	1.3211	1.4905	0.1296	0.4588	0.0360	9.6061	-1.0430	0.2302
165	1.3161	1.4852	0.1278	0.4407	0.0142	9.8547	-0.8970	0.1647
166	1.3096	1.4832	0.1290	0.4161	0.0060	9.7397	-1.1790	0.2567
167	1.3010	1.4821	0.1284	0.3831	0.0010	9.7823	-1.2160	0.2510
168	1.2939	1.4788	0.1284	0.3555	-0.0127	10.1167	-1.0900	0.1389
169	1.2863	1.4757	0.1290	0.3262	-0.0257	9.7701	-1.1690	0.1947
170	1.2816	1.4708	0.1284	0.3081	-0.0460	10.1162	-1.1420	0.2340
171	1.2740	0.0134	0.1290	-0.7279	-0.8815	9.8244	-0.9140	0.1732
172	1.2743	0.0084	0.1290	-0.7323	-0.9076	10.1592	-0.5850	0.1074
173	1.2724	0.0027	0.1218	-0.7457	-0.9365	10.5053	-0.4120	0.1186
174	1.2701	0.0000	0.1290	-0.7607	-0.9536	10.2815	-0.3430	0.1029
175	1.2687	0.0000	0.1195	-0.7719	-0.9599	11.2098	-0.3800	0.1581
176	1.2663	0.0000	0.1302	-0.7873	-0.9661	9.8907	-0.2920	0.1310
177	1.2665	0.0000	0.1315	-0.7923	-0.9724	9.7746	-0.0620	0.0679
178	1.2705	0.0000	0.1272	-0.7821	-0.9786	10.3762	0.0970	0.0133
179	1.2770	0.0000	0.1290	-0.7616	-0.9849	10.1886	0.3130	-0.1191
180	1.2845	0.0000	0.1308	-0.7371	-0.9911	9.2211	0.5040	-0.0436
181	1.2906	0.0000	0.1302	-0.7181	-0.9974	10.0360	0.5040	-0.0498
182	1.2985	0.0000	0.1302	-0.6916	-1.0036	10.3098	0.6290	-0.0668
183	1.3074	0.0000	0.1284	-0.6605	-1.0099	10.1334	0.7030	-0.1133
184	1.3157	0.0000	0.1308	-0.6319	-1.0161	10.3584	0.8560	-0.1776
185	1.3240	0.0000	0.1302	-0.6034	-1.0224	10.2785	0.8340	-0.2172
186	1.3335	0.0000	0.1308	-0.5695	-1.0286	10.2352	0.6140	-0.1048
187	1.3418	0.0000	0.1284	-0.5401	-1.0349	9.5430	3.2090	-1.6410
188	1.3494	0.0000	0.1302	-0.5133	-1.0411	10.3635	0.9320	-0.1624
189	1.3565	0.0000	0.1284	-0.4888	-1.0474	9.7736	1.0350	-0.2693
190	1.3616	0.0000	0.1302	-0.4718	-1.0536	10.4854	0.8560	-0.1829
191	1.2710	1.5306	0.1302	0.1664	0.0696	10.2058	0.7110	-0.1231
192	1.2691	1.5294	0.1213	0.1592	0.0653	11.7402	0.4820	-0.1413
193	1.2644	1.5297	0.1272	0.1408	0.0673	10.5101	0.6520	-0.1842
194	1.2591	1.5289	0.1321	0.1198	0.0648	10.1974	0.5270	-0.1777
195	1.2522	1.5284	0.1284	0.0921	0.0638	10.6670	0.1050	-0.0593
196	1.2451	1.5292	0.1290	0.0637	0.0677	9.8487	0.1010	-0.0260
197	1.2397	1.5309	0.1284	0.0418	0.0752	10.6616	0.2730	-0.1354
198	1.2319	1.5324	0.1278	0.0104	0.0818	11.0689	0.1400	-0.0683
199	1.2232	1.5328	0.1296	-0.0253	0.0843	10.4557	0.2470	-0.1199
200	1.2130	1.5316	0.1302	-0.0668	0.0805	10.7769	0.1680	-0.0669
201	1.3164	1.5382	0.1302	0.3483	0.1079	9.8484	0.3820	-0.1719
202	1.3148	1.5384	0.1290	0.3435	0.1097	10.7402	0.4530	-0.1434
203	1.3141	1.5388	0.1278	0.3424	0.1122	11.0372	0.5420	-0.1876
204	1.3137	1.5394	0.1272	0.3422	0.1156	11.2008	0.6630	-0.2559
205	1.3119	1.5406	0.1278	0.3365	0.1214	11.0377	1.0250	-0.4013
206	1.3094	1.5409	0.1290	0.3281	0.1235	11.0381	0.9780	-0.3090
207	1.3081	1.5409	0.1284	0.3245	0.1246	10.7719	0.9990	-0.3062
208	1.3076	1.5399	0.1284	0.3239	0.1215	11.0437	0.9980	-0.3012
209	1.3069	1.5385	0.1296	0.3227	0.1171	10.9286	1.1000	-0.3443
210	1.3058	1.5385	0.1290	0.3193	0.1179	11.0925	1.2300	-0.3993
211	1.2769	1.5195	0.1278	0.2047	0.0422	11.4452	1.3380	-0.3755
212	1.2772	1.5216	0.1284	0.2066	0.0514	11.0982	1.3840	-0.4279
213	1.2751	1.5240	0.1278	0.1986	0.0614	11.0806	1.3630	-0.3953
214	1.2709	1.5269	0.1296	0.1825	0.0739	10.1808	1.3740	-0.4732
215	1.2642	1.5312	0.1254	0.1559	0.0917	11.4305	1.2280	-0.4485
216	1.2564	1.5362	0.1284	0.1251	0.1127	11.7096	0.9070	-0.3957
217	1.2492	1.5423	0.1296	0.0962	0.1383	11.0449	0.8650	-0.4004
218	1.2450	1.5463	0.1302	0.0792	0.1554	11.1109	0.7730	-0.3435
219	1.2368	1.5538	0.1207	0.0461	0.1865	12.3503	0.9320	-0.4265
220	1.2266	1.5628	0.1290	0.0045	0.2242	11.4395	1.0050	-0.4743
221	1.3006	1.5388	0.1296	0.3019	0.1290	11.2691	0.9310	-0.4893
222	1.3020	1.5386	0.1290	0.3088	0.1294	11.4937	0.5800	-1.4761
223	1.3036	1.5385	0.1266	0.3165	0.1298	10.6830	0.3750	-0.2764
224	1.3047	1.5368	0.1302	0.3225	0.1240	11.3482	0.4740	-0.3249
225	1.3053	1.5361	0.1272	0.3260	0.1222	11.8642	0.5990	-0.3500
226	1.3060	1.5358	0.1213	0.3301	0.1218	12.4264	0.6230	-0.3655
227	1.3067	1.5321	0.1290	0.3345	0.1077	11.4644	0.6490	-0.3998
228	1.3090	1.5282	0.1308	0.3452	0.0931	11.7026	0.5170	-0.3952
229	1.3118	1.5228	0.1201	0.3581	0.0720	12.7190	0.5910	-0.4209
230	1.3170	1.5158	0.1302	0.3805	0.0443	11.5308	0.5420	-0.4312
231	1.2668	1.5752	0.1201	0.1800	0.2839	12.5316	0.5480	-0.4299
232	1.2685	1.5786	0.1308	0.1874	0.2992	11.5122	0.0260	-0.2906
233	1.2711	1.5827	0.1266	0.1982	0.3179	11.8701	0.0330	-0.2919
234	1.2719	1.5870	0.1218	0.2021	0.3373	12.7145	-0.1450	-0.2337
235	1.2715	1.5930	0.1290	0.2010	0.3634	11.8837	-0.1580	-0.2587
236	1.2727	1.5992	0.1308	0.2062	0.3907	11.6884	-0.0850	-0.3432
237	1.2750	1.6036	0.1284	0.2159	0.4110	10.9317	0.0210	-0.3066
238	1.2774	1.6077	0.1315	0.2263	0.4300	11.6086	0.0490	-0.3058
239	1.2788	1.6148	0.1278	0.2328	0.4611	11.9556	-0.2110	-0.2841
240	1.2802	1.6194	0.1290	0.2391	0.4825	11.8950	-0.1200	-0.3101
241	1.1888	1.4228	0.1278	-0.1280	-0.3056	11.2887	-0.3140	-0.1445
242	1.1924	1.4211	0.1284	-0.1150	-0.3144	11.3056	-0.5640	-0.1407
243	1.1958	1.4191	0.1266	-0.1030	-0.3243	12.0895	-0.9260	-0.0276
244	1.1989	1.4171	0.1284	-0.0916	-0.3344	12.2059	-0.8700	-0.0828
245	1.1991	1.4138	0.1189	-0.0923	-0.3498	13.1939	-0.6990	-0.0596
246	1.1946	1.4085	0.1290	-0.1115	-0.3732	12.2552	-1.2180	0.0570
247	1.1923	1.4047	0.1189	-0.1221	-0.3910	13.1281	-0.7940	-0.0605
248	1.1877	1.3984	0.1302	-0.1420	-0.4187	12.1033	-0.6690	-0.0834
249	1.1826	1.3915	0.1278	-0.1645	-0.4490	12.3033	-1.1400	0.0065
250	1.1792	1.3876	0.1296	-0.1799	-0.4674	12.0545	-0.8770	-0.0248
251	1.2650	1.5424	0.1296	0.1639	0.1530	11.9582	-1.0150	0.1006
252	1.2636	1.5444	0.1278	0.1586	0.1622	12.4488	-1.0160	0.1184
253	1.2608	1.5447	0.1278	0.1477	0.1641	12.2974	-1.2830	0.1244
254	1.2606	1.5467	0.1201	0.1472	0.1733	13.4368	-0.9130	0.0043
255	1.2618	1.5465	0.1284	0.1522	0.1737	12.5899	-0.7850	-0.0282
256	1.2630	1.5445	0.1290	0.1576	0.1668	12.4251	-0.8070	-0.0021
257	1.2635	1.5424	0.1290	0.1599	0.1595	12.3280	-0.8364	-0.0267
258	1.2669	1.5382	0.1321	0.1737	0.1437	11.2764	-0.9680	0.1596
259	1.2734	1.5354	0.1290	0.2006	0.1334	12.3285	-0.9140	0.0363
260	1.2822	1.5344	0.1321	0.2364	0.1303	11.4548	-1.3120	-0.5509
261	1.2720	1.5338	0.1284	0.1961	0.1288	12.5165	-1.6400	0.3453
262	1.2694	1.5349	0.1278	0.1862	0.1342	12.8627	-1.5280	0.3022
263	1.2658	1.5361	0.1195	0.1722	0.1396	13.4069	-1.8320	0.3551
264	1.2616	1.5373	0.1315	0.1557	0.1456	12.4861	-1.5170	0.3434
265	1.2574	1.5388	0.1284	0.1392	0.1524	12.6387	-1.3670	0.1697
266	1.2524	1.5392	0.1308	0.1191	0.1552	12.6815	-1.7530	0.2025
267	1.2503	1.5391	0.1290	0.1109	0.1556	12.6083	-1.9830	0.5117
268	1.2465	1.5369	0.1315	0.0953	0.1478	12.6500	-2.2960	0.4400
269	1.2405	1.5349	0.1266	0.0712	0.1406	12.7780	-2.2980	0.3614
270	1.2331	1.5339	0.1296	0.0414	0.1375	12.8087	-2.6570	0.4969
271	1.2252	1.5330	0.1201	0.0089	0.1346	13.7360	-2.0000	0.1432
272	1.2142	1.5294	0.1284	-0.0360	0.1209	13.0709	-2.9850	0.7408
273	1.2024	1.5245	0.1290	-0.0842	0.1020	12.9065	-2.7030	0.6546
274	1.1894	1.5174	0.1230	-0.1378	0.0740	13.5352	-2.8940	0.7210
275	1.1734	1.5073	0.1284	-0.2036	0.0339	12.9797	-2.9300	0.8109
276	1.1558	1.4952	0.1213	-0.2766	-0.0146	14.0517	-2.9530	0.8390
277	1.1425	1.4851	0.1302	-0.3325	-0.0555	12.8762	-2.8460	0.7687
278	1.1254	1.4718	0.1201	-0.4038	-0.1096	13.8831	-2.7240	0.7957
279	1.1094	1.4599	0.1278	-0.4715	-0.1578	13.1680	-2.5450	0.7917
280	1.0941	1.4499	0.1296	-0.5364	-0.1991	12.7990	-2.6030	0.7899
281	1.3054	1.5342	0.1266	0.3101	0.1388	13.1924	-2.7850	0.9972
282	1.3050	1.5316	0.1296	0.3098	0.1291	13.1629	-2.4950	0.8337
283	1.3032	1.5266	0.1189	0.3040	0.1100	14.1157	-2.1510	0.8511
284	1.2992	1.5207	0.1302	0.2894	0.0867	13.1509	-2.4870	0.9108
285	1.2968	1.5125	0.1278	0.2809	0.0544	13.2297	-2.5010	1.0301
286	1.2942	1.5042	0.1296	0.2716	0.0211	13.1632	-2.1610	0.8660
287	1.2942	1.5042	0.1296	0.2727	0.0212	13.1632	-2.1610	0.8660
288	1.2916	1.4956	0.1266	0.2633	-0.0131	13.1951	-2.1660	0.8926
289	1.2904	1.4871	0.1260	0.2593	-0.0475	12.5915	-2.1820	0.9368
290	1.2870	1.4787	0.1302	0.2470	-0.0817	13.0612	-2.1670	0.9809
291	1.2815	1.4693	0.1260	0.2256	-0.1198	13.4794	-2.5140	1.0952
292	1.2732	1.4603	0.1272	0.1930	-0.1572	13.6075	-2.0510	0.9909
293	1.2657	1.4540	0.1236	0.1634	-0.1832	13.9483	-1.8050	0.8669
294	1.2580	1.4496	0.1284	0.1328	-0.2021	13.2836	-2.1740	1.1736
295	1.2505	1.4462	0.1254	0.1028	-0.2171	13.6756	-1.8930	0.9392
296	1.2439	1.4433	0.1195	0.0763	-0.2303	14.7110	-2.1980	1.1471
297	1.2368	1.4405	0.1201	0.0475	-0.2430	14.3694	-1.8840	1.7597
298	1.2295	1.4359	0.1284	0.0177	-0.2629	13.7640	-2.6260	1.3520
299	1.2228	1.4313	0.1278	-0.0098	-0.2830	13.6242	-2.3480	1.1166
300	1.2172	1.4253	0.1284	-0.0330	-0.3090	13.7643	-2.8490	1.3626
301	1.2130	1.4205	0.1290	-0.0508	-0.3299	13.4738	-2.5880	1.3147
302	1.2074	1.4144	0.1321	-0.0740	-0.3565	13.1977	-2.9100	1.3717
303	1.2034	1.4091	0.1290	-0.0912	-0.3802	13.5947	-3.0690	1.4335
304	1.2001	1.4031	0.1207	-0.1056	-0.4064	14.9926	9.9900	-6.3470
305	1.1979	1.4000	0.1290	-0.1160	-0.4215	13.5954	-3.1380	1.4574
306	1.1976	1.3995	0.1290	-0.1183	-0.4258	13.7829	-2.6920	1.1952
307	1.1949	1.3952	0.1189	-0.1305	-0.4458	14.7247	-22.5610	5.4536
308	1.1888	1.3910	0.1315	-0.1564	-0.4651	13.8566	-2.9050	1.5678
309	1.1822	1.3875	0.1284	-0.1848	-0.4821	13.6462	-22.9050	5.8192
310	1.1761	1.3827	0.1302	-0.2107	-0.5043	13.8200	-3.3310	1.9366
1	1.2790	1.5730	0.0000	0.1167	0.2938	0.0000	-0.2190	0.0000
2	1.2792	1.5731	0.1248	0.1181	0.2960	5.1550	-0.6580	0.1370
3	1.2796	1.5734	0.1242	0.1205	0.2990	4.9604	-0.6060	0.1219
4	1.2805	1.5738	0.1272	0.1248	0.3024	5.1103	-0.1900	0.0325
5	1.2816	1.5743	0.1166	0.1303	0.3066	5.9367	0.1780	-0.0527
6	1.2832	1.5749	0.1260	0.1375	0.3109	5.1977	0.3430	-0.0683
7	1.2853	1.5757	0.1242	0.1465	0.3156	5.2052	0.4190	-0.0828
8	1.2877	1.5765	0.1254	0.1573	0.3208	5.2723	0.5760	-0.1389
9	1.2905	1.5775	0.1260	0.1696	0.3267	5.1119	0.7340	-0.1796
10	1.2924	1.5781	0.1248	0.1780	0.3312	5.3339	0.7600	-0.1704
11	1.2724	1.5275	0.1254	0.0988	0.1296	5.3472	0.7130	-0.1846
12	1.2706	1.5291	0.1254	0.0921	0.1367	5.1403	0.8804	-0.5464
13	1.2692	1.5314	0.1254	0.0869	0.1465	5.2906	0.7430	-0.1782
14	1.2682	1.5356	0.1242	0.0833	0.1642	4.6449	0.6810	-0.1997
15	1.2689	1.5404	0.1266	0.0865	0.1845	5.1501	0.6590	-0.1683
16	1.2689	1.5462	0.1236	0.0870	0.2089	5.5989	0.5000	-0.1395
17	1.2691	1.5520	0.1260	0.0882	0.2332	5.3439	0.3640	-0.1143
18	1.2699	1.5575	0.1242	0.0919	0.2568	5.8901	0.2260	-0.0634
19	1.2709	1.5630	0.1248	0.0965	0.2803	5.4904	0.1540	-0.0807
20	1.2714	1.5677	0.1183	0.0989	0.3009	6.4712	0.0390	-0.0141
21	1.2888	1.5235	0.1236	0.1694	0.1245	5.9225	0.2320	-0.1234
22	1.2882	1.5250	0.1242	0.1682	0.1312	4.8252	0.1900	-0.0996
23	1.2879	1.5260	0.1242	0.1680	0.1359	5.6753	0.2410	-0.1066
24	1.2880	1.5269	0.1272	0.1692	0.1400	5.4663	0.3070	-0.1197
25	1.2882	1.5282	0.1260	0.1711	0.1460	5.5823	0.2470	-0.0830
26	1.2892	1.5296	0.1254	0.1760	0.1523	5.9847	0.4080	-0.1571
27	1.2905	1.5308	0.1254	0.1824	0.1580	4.8961	0.3230	-0.1317
28	1.2926	1.5312	0.1195	0.1915	0.1603	6.5765	0.3580	-0.1774
29	1.2942	1.5313	0.1236	0.1992	0.1617	5.9345	0.2520	-0.0949
30	1.2956	1.5313	0.1254	0.2061	0.1623	5.1578	-0.0080	-0.0603
31	1.2847	1.5020	0.1242	0.1631	0.0451	6.2791	-0.1910	-0.0438
32	1.2846	1.5022	0.1254	0.1635	0.0459	5.9269	-0.2450	-0.0277
33	1.2846	1.5032	0.1266	0.1645	0.0501	5.6951	-0.2240	-0.0500
34	1.2849	1.5042	0.1254	0.1666	0.0543	6.0493	-0.1880	-0.0512
35	1.2855	1.5055	0.1260	0.1700	0.0597	5.9491	-0.1010	-0.0597
36	1.2854	1.5078	0.1248	0.1705	0.0689	6.3641	-0.0560	-0.0628
37	1.2845	1.5108	0.1248	0.1678	0.0811	6.3952	0.0680	-0.0770
38	1.2830	1.5133	0.1254	0.1624	0.0916	6.0545	0.0530	-0.0739
39	1.2814	1.5159	0.1248	0.1567	0.1025	6.1576	0.1260	-0.1300
40	1.2804	1.5177	0.1254	0.1537	0.1100	6.2304	0.0380	-0.0687
41	1.2614	1.5407	0.1266	0.0779	0.2028	6.1115	0.3970	-0.1487
42	1.2605	1.5404	0.1254	0.0744	0.2029	6.5279	0.5090	-0.1928
43	1.2603	1.5380	0.1260	0.0742	0.1940	6.2464	0.5580	-0.2179
44	1.2634	1.5329	0.1272	0.0866	0.1745	6.1930	0.6800	-0.2605
45	1.2658	1.5282	0.1266	0.0966	0.1564	6.1764	0.6300	-0.2264
46	1.2676	1.5234	0.1272	0.1043	0.1378	6.1949	0.4790	-0.1634
47	1.2692	1.5184	0.1236	0.1114	0.1184	6.4182	0.3300	-0.1655
48	1.2700	1.5151	0.1290	0.1148	0.1053	5.3896	0.1570	-0.1156
49	1.2706	1.5108	0.1230	0.1180	0.0888	6.7905	0.2040	0.4667
50	1.2713	1.5044	0.1278	0.1214	0.0629	6.3013	0.0880	-0.1156
51	1.2687	1.5538	0.1248	0.1114	0.2622	6.6863	0.1790	-0.1594
52	1.2690	1.5542	0.1272	0.1131	0.2652	6.3101	0.1930	-0.1872
53	1.2684	1.5553	0.1230	0.1109	0.2709	6.6055	0.3610	-0.1839
54	1.2673	1.5558	0.1260	0.1071	0.2742	6.5169	0.2520	-0.1616
55	1.2655	1.5565	0.1224	0.1001	0.2784	6.9168	0.3980	-0.2033
56	1.2633	1.5576	0.1059	0.0916	0.2842	8.9328	0.4000	-0.2049
57	1.2602	1.5588	0.1248	0.0795	0.2904	6.5175	0.2780	-0.1583
58	1.2572	1.5601	0.1260	0.0676	0.2971	6.6437	0.0760	-0.1469
59	1.2544	1.5617	0.1254	0.0566	0.3051	6.5618	-0.1610	-0.0731
60	1.2521	1.5625	0.1254	0.0475	0.3101	6.6465	-0.3980	-0.0383
61	1.2552	1.5472	0.1172	0.0601	0.2501	7.7188	-0.6580	0.0601
62	1.2510	1.5492	0.1254	0.0435	0.2592	6.8225	-0.7240	0.0166
63	1.2466	1.5526	0.1260	0.0255	0.2739	6.8417	-0.8220	0.0681
64	1.2425	1.5554	0.1166	0.0091	0.2866	7.8824	-0.8336	0.0601
65	1.2393	1.5579	0.1242	-0.0042	0.2980	7.0005	-0.7720	0.0493
66	1.2366	1.5612	0.1266	-0.0153	0.3129	5.8673	-0.6340	0.0081
67	1.2347	1.5669	0.1248	-0.0232	0.3373	6.9922	-0.4590	-0.0019
68	1.2324	1.5724	0.1248	-0.0330	0.3612	7.1432	-0.3280	-0.0137
69	1.2292	1.5763	0.1272	-0.0461	0.3786	6.7673	-0.2680	-0.0326
70	1.2261	1.5779	0.1260	-0.0591	0.3870	6.5226	-0.2040	-0.0429
71	1.2766	1.5246	0.1248	0.1434	0.1742	7.0458	0.0740	-0.1087
72	1.2748	1.5250	0.1248	0.1371	0.1764	7.3756	0.3100	-0.1466
73	1.2727	1.5247	0.1248	0.1291	0.1761	7.2270	0.3510	-0.1422
74	1.2703	1.5242	0.1230	0.1202	0.1747	7.5920	0.2300	-0.1181
75	1.2679	1.5239	0.1236	0.1111	0.1739	7.2539	0.2500	-0.1656
76	1.2649	1.5229	0.1266	0.0992	0.1705	4.9371	0.4140	-0.1943
77	1.2615	1.5220	0.1160	0.0858	0.1674	8.1698	0.3770	-0.1818
78	1.2580	1.5216	0.1254	0.0723	0.1665	7.4934	0.3350	-0.1472
79	1.2548	1.5209	0.1248	0.0596	0.1641	7.1784	0.3480	-0.1698
80	1.2525	1.5200	0.1260	0.0502	0.1610	7.6590	0.3060	-0.1741
81	1.2617	1.5610	0.1260	0.0875	0.3268	7.2628	0.2750	-0.2056
82	1.2607	1.5607	0.1254	0.0838	0.3269	7.4853	0.2270	-0.1687
83	1.2608	1.5602	0.1242	0.0843	0.3264	7.3624	0.1890	-0.1776
84	1.2612	1.5591	0.1254	0.0863	0.3233	6.0960	0.1470	-0.1726
85	1.2618	1.5574	0.1236	0.0890	0.3183	7.7350	0.1440	-0.1333
86	1.2630	1.5553	0.1284	0.0940	0.3110	7.6126	0.3040	-0.2156
87	1.2625	1.5525	0.1272	0.0926	0.3011	7.4263	0.4860	-0.2451
88	1.2615	1.5483	0.1266	0.0887	0.2857	7.4700	0.5140	-0.2722
89	1.2607	1.5433	0.1266	0.0856	0.2667	6.7370	0.5910	-0.2619
90	1.2592	1.5390	0.1189	0.0799	0.2506	8.4494	0.8830	-0.4525
91	1.2739	1.5259	0.1254	0.1394	0.1988	7.5241	0.5610	-0.2563
92	1.2744	1.5246	0.1266	0.1419	0.1940	6.9415	0.5600	-0.2814
93	1.2762	1.5231	0.1248	0.1500	0.1886	7.5992	0.3530	-0.2016
94	1.2784	1.5219	0.1290	0.1594	0.1847	7.5967	0.2470	-0.2036
95	1.2809	1.5196	0.1248	0.1702	0.1758	7.8338	0.0280	-0.1278
96	1.2836	1.5151	0.1248	0.1819	0.1580	7.8055	-0.2590	-0.0925
97	1.2864	1.5101	0.1242	0.1940	0.1386	7.9679	-0.2190	-0.0993
98	1.2892	1.5041	0.1254	0.2060	0.1146	7.8557	-0.3680	-0.0818
99	1.2922	1.4973	0.1248	0.2190	0.0872	8.1382	-0.3930	-0.0637
100	1.2950	1.4917	0.1172	0.2316	0.0647	9.1388	-0.5020	-0.0675
101	1.2905	1.5402	0.1248	0.2144	0.2598	8.1281	-0.6040	0.0029
102	1.2900	1.5393	0.1278	0.2136	0.2572	7.2073	-0.7850	0.0450
103	1.2906	1.5381	0.1149	0.2169	0.2532	9.3229	-0.7930	0.0568
104	1.2924	1.5357	0.1254	0.2250	0.2444	8.0914	-0.8240	0.0344
105	1.2943	1.5319	0.1230	0.2338	0.2302	8.1115	-0.8720	0.0628
106	1.2958	1.5275	0.1254	0.2411	0.2132	8.1543	-0.8020	0.0265
107	1.2977	1.5217	0.1230	0.2498	0.1904	8.5311	-0.8010	0.0402
108	1.2996	1.5155	0.1272	0.2585	0.1662	7.8816	-0.7350	0.0538
109	1.3022	1.5092	0.1260	0.2704	0.1409	8.2961	-0.7710	0.0777
110	1.3036	1.5054	0.1254	0.2771	0.1258	8.3869	-0.8380	0.0833
111	1.2561	1.5701	0.1254	0.0872	0.3865	8.2323	-0.8130	0.1094
112	1.2537	1.5726	0.1254	0.0778	0.3984	8.1447	-0.7510	0.0819
113	1.2494	1.5768	0.1248	0.0608	0.4171	8.3072	-0.8880	0.1167
114	1.2452	1.5804	0.1236	0.0439	0.4337	8.4221	-0.9320	0.1442
115	1.2420	1.5833	0.1236	0.0309	0.4472	7.8100	-0.9390	0.1432
116	1.2387	1.5860	0.1201	0.0174	0.4601	8.9096	-0.7290	0.0801
117	1.2365	1.5879	0.1278	0.0083	0.4701	8.4929	-0.6030	0.9125
118	1.2355	1.5900	0.1260	0.0040	0.4808	8.6803	-0.6610	0.1413
119	1.2347	1.5914	0.1254	0.0003	0.4886	8.5432	-0.6610	0.1251
120	1.2346	1.5929	0.1272	-0.0005	0.4967	8.5920	-0.5950	0.5570
121	1.2698	1.5542	0.1242	0.1409	0.3434	8.4980	-0.8180	0.1999
122	1.2714	1.5527	0.1248	0.1475	0.3387	8.8161	-0.9070	0.1722
123	1.2727	1.5516	0.1248	0.1534	0.3355	8.5496	-0.8530	0.1802
124	1.2741	1.5490	0.1236	0.1594	0.3264	8.9023	-0.6980	0.1535
125	1.2759	1.5454	0.1242	0.1677	0.3131	8.8028	-0.6340	0.1429
126	1.2765	1.5412	0.1278	0.1704	0.2976	8.9443	-0.5060	0.1270
127	1.2791	1.5380	0.1254	0.1818	0.2854	8.6616	-0.3020	0.0753
128	1.2825	1.5354	0.1284	0.1959	0.2760	7.8609	-0.2520	0.0900
129	1.2831	1.5296	0.1166	0.1991	0.2535	9.7817	-0.1430	0.0790
130	1.2843	1.5249	0.1272	0.2048	0.2354	8.6533	-0.1520	0.0879
131	1.2777	1.5528	0.1178	0.1793	0.3484	9.7528	-0.0250	0.0544
132	1.2823	1.5532	0.1248	0.1985	0.3513	8.9977	-0.1320	0.0860
133	1.2873	1.5543	0.1248	0.2193	0.3571	8.7320	-0.1410	0.0838
134	1.2919	1.5550	0.1254	0.2390	0.3611	8.9226	-0.2610	0.1080
135	1.3007	1.5534	0.1248	0.2752	0.3560	9.0256	-0.2640	0.1060
136	1.3144	1.5487	0.1278	0.3317	0.3383	8.8759	-0.4640	0.1654
137	1.3330	1.5400	0.1242	0.4081	0.3046	9.0996	-0.5620	0.1805
138	1.3518	1.5301	0.1272	0.4859	0.2659	9.1309	-0.7040	0.2347
139	1.3667	1.5227	0.1195	0.5483	0.2370	9.9664	-0.9330	0.2532
140	1.3799	1.5163	0.1272	0.6046	0.2116	9.1265	-0.9620	0.2915
141	1.2853	1.5638	0.1248	0.2268	0.4032	9.0807	-1.2570	0.3547
142	1.2851	1.5656	0.1254	0.2272	0.4122	9.2187	-1.3170	0.3659
143	1.2832	1.5702	0.1248	0.2205	0.4321	9.2029	-1.3850	0.4004
144	1.2825	1.5741	0.1242	0.2183	0.4499	8.6603	1.4180	-1.2762
145	1.2832	1.5770	0.1172	0.2218	0.4633	10.1224	-1.5000	0.4676
146	1.2831	1.5813	0.1272	0.2223	0.4824	9.3690	-1.5000	0.4721
147	1.2841	1.5869	0.1260	0.2271	0.5071	9.1255	-1.3900	0.4236
148	1.2835	1.5938	0.1260	0.2258	0.5371	9.4550	-1.2200	0.4025
149	1.2829	1.5996	0.1248	0.2242	0.5626	9.3906	-1.3170	0.4740
150	1.2823	1.6038	0.1248	0.2224	0.5819	9.5885	-1.2560	0.2622
151	1.3634	1.3766	0.1254	0.5498	-0.3300	9.5418	4.2530	-2.8001
152	1.3619	1.3766	0.1254	0.5467	-0.3330	9.5730	-0.7240	0.3624
153	1.3592	1.3784	0.1236	0.5384	-0.3289	9.7590	-0.8000	0.4240
154	1.3553	1.3821	0.1278	0.5255	-0.3169	8.6387	-0.7640	0.4007
155	1.3548	1.3862	0.1149	0.5262	-0.3032	10.2226	-0.6290	0.3497
156	1.3582	1.3909	0.1260	0.5422	-0.2871	9.6277	-0.5480	0.3683
157	1.3636	1.3982	0.1236	0.5670	-0.2605	9.8258	-0.6160	0.4063
158	1.3702	1.4051	0.1272	0.5961	-0.2356	9.6058	-0.6200	0.4016
159	1.3769	1.4103	0.1224	0.6263	-0.2170	10.2698	-0.7650	0.4498
160	1.3826	1.4156	0.1272	0.6522	-0.1979	9.5422	-0.6720	0.4028
161	1.2741	1.5630	0.1248	0.2190	0.3934	9.9148	-0.8190	0.4432
162	1.2762	1.5560	0.1254	0.2278	0.3668	9.7550	-0.8290	0.5137
163	1.2767	1.5500	0.1224	0.2307	0.3439	10.2031	-0.4530	0.3559
164	1.2759	1.5474	0.1260	0.2281	0.3350	9.6272	0.4080	0.0564
165	1.2739	1.5475	0.1248	0.2206	0.3363	9.9807	-0.5440	0.4415
166	1.2724	1.5497	0.1242	0.2154	0.3463	9.9645	-0.5740	0.1674
167	1.2703	1.5555	0.1248	0.2074	0.3712	10.1634	-0.4410	0.3740
168	1.2703	1.5628	0.1260	0.2078	0.4017	9.7525	-0.3260	0.3817
169	1.2704	1.5684	0.1242	0.2087	0.4258	10.1776	-0.2440	0.3570
170	1.2728	1.5705	0.1260	0.2190	0.4362	10.0476	-0.2220	0.3612
171	1.2640	1.5587	0.1260	0.1841	0.3904	10.3138	-0.2620	0.3506
172	1.2622	1.5608	0.1236	0.1772	0.4002	10.3305	-0.1390	0.3530
173	1.2623	1.5631	0.1254	0.1779	0.4111	10.0879	-0.0800	0.3234
174	1.2608	1.5673	0.1242	0.1724	0.4295	10.3816	0.0580	0.3321
175	1.2604	1.5705	0.1260	0.1710	0.4441	7.8609	0.1680	0.2765
176	1.2595	1.5760	0.1230	0.1676	0.4679	10.7079	0.3540	0.2594
177	1.2597	1.5840	0.1236	0.1685	0.5020	10.4884	0.4590	0.1965
178	1.2613	1.5932	0.1278	0.1753	0.5412	10.0165	0.5840	0.1894
179	1.2636	1.6041	0.1236	0.1847	0.5874	10.3128	0.8440	0.1308
180	1.2635	1.6125	0.1248	0.1845	0.6238	10.6731	1.1560	0.0283
181	1.2804	1.5494	0.1242	0.2531	0.3727	10.4101	1.3360	0.0013
182	1.2798	1.5471	0.1260	0.2513	0.3645	10.4658	1.3820	-0.0119
183	1.2792	1.5449	0.1248	0.2498	0.3569	9.7565	1.4400	-0.0887
184	1.2792	1.5440	0.1260	0.2506	0.3544	10.6495	1.5920	-0.0784
185	1.2811	1.5455	0.1242	0.2587	0.3616	10.7151	1.8650	-0.1925
186	1.2829	1.5492	0.1266	0.2667	0.3777	10.5192	1.8670	-0.1841
187	1.2818	1.5547	0.1242	0.2634	0.4011	10.7774	2.0070	-0.2076
188	1.2806	1.5621	0.1260	0.2594	0.4321	10.7140	2.0210	-0.2631
189	1.2820	1.5698	0.1189	0.2655	0.4646	11.2963	2.3790	-0.3811
190	1.2832	1.5760	0.1254	0.2714	0.4912	10.7818	2.2960	-0.3468
191	1.2823	1.5010	0.1248	0.2684	0.1913	9.8213	2.3930	-0.3884
192	1.2805	1.5050	0.1266	0.2620	0.2076	10.5153	2.4480	-0.3992
193	1.2742	1.5101	0.1254	0.2373	0.2281	10.6903	2.5230	-0.4399
194	1.2649	1.5133	0.1254	0.2006	0.2414	10.7213	2.6820	-0.5453
195	1.2560	1.5187	0.1242	0.1651	0.2635	10.8364	2.4200	-0.4271
196	1.2495	1.5241	0.1284	0.1393	0.2857	10.4166	2.3365	-0.4382
197	1.2431	1.5302	0.1230	0.1133	0.3106	11.0350	2.3380	-0.5136
198	1.2365	1.5384	0.1254	0.0867	0.3446	10.9599	2.1320	-0.4372
199	1.2298	1.5457	0.1260	0.0592	0.3747	10.7403	2.1930	-0.5070
200	1.2235	1.5507	0.1266	0.0335	0.3962	10.8721	2.3140	-0.5775
201	1.2688	1.5263	0.1230	0.2151	0.2990	11.1475	2.2060	-0.5220
202	1.2690	1.5283	0.1201	0.2164	0.3080	12.0127	2.1610	-0.5500
203	1.2697	1.5309	0.1272	0.2197	0.3190	10.7686	2.1360	-0.5890
204	1.2680	1.5315	0.1254	0.2134	0.3222	11.1953	1.9070	-0.5225
205	1.2637	1.5293	0.1236	0.1966	0.3143	11.0836	1.6170	-0.5286
206	1.2552	1.5258	0.1260	0.1627	0.3010	11.1261	1.3330	-0.4435
207	1.2481	1.5219	0.1242	0.1343	0.2857	11.0750	1.4790	-0.5431
208	1.2424	1.5181	0.1284	0.1114	0.2712	11.1404	1.4040	-0.5045
209	1.2362	1.5141	0.1236	0.0858	0.2552	11.2088	1.2170	-0.4670
210	1.2303	1.5111	0.1272	0.0618	0.2439	11.1013	1.1490	-0.4468
211	1.2632	1.5312	0.1254	0.1939	0.3247	11.4024	1.1610	-0.4961
212	1.2671	1.5349	0.1260	0.2100	0.3404	11.1825	1.3219	-0.5582
213	1.2700	1.5382	0.1254	0.2219	0.3546	11.1667	1.0790	0.2601
214	1.2731	1.5419	0.1260	0.2348	0.3705	11.4247	1.5050	-0.5874
215	1.2771	1.5469	0.1236	0.2516	0.3918	11.5629	1.6750	-0.6769
216	1.2841	1.5514	0.1260	0.2803	0.4109	11.2482	1.7920	-0.7355
217	1.2895	1.5544	0.1236	0.3032	0.4242	10.9787	1.5820	-0.6777
218	1.2943	1.5584	0.1172	0.3233	0.4417	12.3707	1.4970	-0.5994
219	1.2998	1.5639	0.1242	0.3466	0.4655	11.6773	1.4440	-0.7018
220	1.3041	1.5692	0.1272	0.3652	0.4885	11.4027	1.4720	-0.7042
221	1.2752	1.5495	0.1242	0.2502	0.4107	11.6083	1.5110	-0.7193
222	1.2754	1.5491	0.1266	0.2516	0.4103	11.2934	1.5250	-0.7333
223	1.2720	1.5472	0.1218	0.2387	0.4042	12.0153	1.2440	-0.6542
224	1.2668	1.5436	0.1248	0.2182	0.3906	12.0511	1.1200	-0.6522
225	1.2631	1.5417	0.1278	0.2036	0.3842	11.5410	0.8890	-0.6167
226	1.2605	1.5361	0.1254	0.1936	0.3625	11.9807	1.0840	-0.7022
227	1.2615	1.5306	0.1254	0.1980	0.3414	11.7717	0.9120	-0.6506
228	1.2631	1.5225	0.1266	0.2048	0.3097	11.5991	0.9710	-0.6939
229	1.2646	1.5109	0.1248	0.2108	0.2633	11.8461	1.4050	-0.8083
230	1.2665	1.5028	0.1213	0.2189	0.2310	12.4172	1.7170	-0.8719
231	1.2431	1.5604	0.1242	0.1252	0.4630	12.0276	1.5890	-0.8412
232	1.2428	1.5602	0.1260	0.1240	0.4637	12.2050	1.7900	-0.8732
233	1.2426	1.5592	0.1266	0.1231	0.4613	11.0965	2.1360	-1.0515
234	1.2424	1.5553	0.1260	0.1219	0.4469	11.9663	1.8640	-0.9130
235	1.2458	1.5534	0.1236	0.1354	0.4405	12.2839	1.8900	-1.0210
236	1.2503	1.5490	0.1272	0.1534	0.4242	11.7650	1.5960	-0.8861
237	1.2550	1.5468	0.1242	0.1722	0.4169	12.2151	1.8510	-1.0923
238	1.2574	1.5436	0.1278	0.1822	0.4052	11.8744	1.9040	-1.0619
239	1.2589	1.5402	0.1195	0.1882	0.3926	12.8430	1.9670	-0.9329
240	1.2592	1.5356	0.1254	0.1898	0.3750	12.0995	2.1140	-1.2758
241	1.2842	1.5541	0.1183	0.2906	0.4501	12.9731	1.9630	-1.1426
242	1.2812	1.5564	0.1254	0.2794	0.4607	12.0967	2.0140	-1.2018
243	1.2752	1.5597	0.1254	0.2560	0.4754	12.2473	2.0120	-1.2335
244	1.2722	1.5628	0.1154	0.2446	0.4893	13.3545	1.8630	-1.1594
245	1.2734	1.5642	0.1248	0.2500	0.4968	12.1451	1.7420	-1.0996
246	1.2764	1.5647	0.1242	0.2626	0.5003	12.2480	1.8250	-1.2270
247	1.2784	1.5623	0.1236	0.2714	0.4921	12.3509	1.8230	-1.1628
248	1.2784	1.5600	0.1242	0.2720	0.4844	12.6086	1.4520	-1.1542
249	1.2783	1.5543	0.1260	0.2725	0.4630	12.2458	1.3350	-1.0619
250	1.2805	1.5492	0.1266	0.2818	0.4438	12.8618	1.6340	-1.2669
251	1.2782	1.5554	0.1254	0.2734	0.4702	12.3076	1.4350	-1.1173
252	1.2776	1.5516	0.1236	0.2717	0.4562	12.7324	0.9560	-1.0418
253	1.2772	1.5452	0.1236	0.2708	0.4318	12.5854	0.5870	-0.9094
254	1.2741	1.5396	0.1242	0.2589	0.4102	12.7839	0.6220	-1.0073
255	1.2726	1.5333	0.1236	0.2537	0.3862	12.7671	0.4090	-0.9471
256	1.2719	1.5289	0.1272	0.2512	0.3692	12.2426	0.4230	-0.9858
257	1.2717	1.5246	0.1248	0.2511	0.3524	12.5625	0.0910	-0.8957
258	1.2756	1.5190	0.1284	0.2674	0.3304	12.3988	0.3960	-1.0064
259	1.2800	1.5103	0.1278	0.2856	0.2962	12.3832	0.1500	-0.9297
260	1.2803	1.5023	0.1178	0.2875	0.2639	14.0354	0.2890	-1.1036
261	1.2523	1.5437	0.1242	0.1757	0.4308	12.3340	0.1050	-0.9848
262	1.2546	1.5418	0.1260	0.1848	0.4242	12.6809	0.1630	-1.0211
263	1.2615	1.5365	0.0989	0.2129	0.4038	16.2716	0.2510	-0.9852
264	1.2714	1.5294	0.1254	0.2531	0.3764	12.1699	0.1100	-0.9473
265	1.2827	1.5262	0.1172	0.2991	0.3641	13.8959	0.0480	-0.9329
266	1.2962	1.5279	0.1266	0.3543	0.3718	12.7363	-0.0370	-0.9303
267	1.3123	1.5304	0.1266	0.4203	0.3824	13.0073	0.3550	-0.9526
268	1.3279	1.5369	0.1284	0.4843	0.4094	12.8212	0.6880	-0.3122
269	1.3447	1.5450	0.1278	0.5542	0.4430	13.1056	0.4620	-0.9764
270	1.3581	1.5530	0.1284	0.6105	0.4762	13.0572	0.5090	-1.0815
271	1.2850	1.5514	0.1236	0.3188	0.4711	13.2960	0.6640	-1.1253
272	1.2884	1.5525	0.1272	0.3333	0.4768	12.7771	0.8140	-1.0971
273	1.2933	1.5522	0.1266	0.3541	0.4769	12.8804	0.8320	-1.1387
274	1.2997	1.5506	0.1242	0.3810	0.4718	13.3773	1.0830	-1.1956
275	1.3080	1.5468	0.1260	0.4154	0.4576	13.3137	1.0890	-1.1974
276	1.3172	1.5416	0.1284	0.4540	0.4382	12.9947	1.1460	-1.2728
277	1.3278	1.5359	0.1266	0.4985	0.4161	12.6500	1.1230	-1.3245
278	1.3403	1.5276	0.1189	0.5504	0.3835	14.3776	1.0410	-1.2261
279	1.3545	1.5175	0.1266	0.6100	0.3436	13.2451	0.8370	-1.1672
280	1.3672	1.5082	0.1296	0.6639	0.3066	13.1476	0.4790	-1.0867
281	1.2658	1.5294	0.1272	0.2586	0.3921	13.3419	0.0000	-0.8900
282	1.2656	1.5262	0.1254	0.2581	0.3800	13.4088	0.3210	-1.1289
283	1.2636	1.5239	0.1248	0.2505	0.3714	13.5715	0.5120	-1.2260
284	1.2606	1.5222	0.1272	0.2388	0.3651	13.3750	0.4080	-1.1255
285	1.2578	1.5195	0.1236	0.2278	0.3547	13.0102	0.3530	-1.1986
286	1.2548	1.5173	0.1284	0.2159	0.3466	13.3524	-0.3710	-0.8870
287	1.2520	1.5142	0.1254	0.2047	0.3344	13.6242	-0.6000	-0.9026
288	1.2498	1.5101	0.1278	0.1959	0.3182	13.4867	-1.1930	-0.8111
289	1.2475	1.5058	0.1278	0.1867	0.3011	13.5776	-1.3550	-0.7433
290	1.2450	1.5024	0.1278	0.1766	0.2875	12.9410	-1.2370	-0.8440
291	1.2888	1.5128	0.1266	0.3526	0.3296	13.5852	-1.1910	-0.7990
292	1.2879	1.5131	0.1272	0.3501	0.3312	13.6644	-1.0790	-0.7928
293	1.2889	1.5137	0.1284	0.3548	0.3339	13.5507	-1.2870	-0.6638
294	1.2900	1.5133	0.1266	0.3604	0.3328	13.7386	-0.8520	-0.9575
295	1.2909	1.5127	0.1278	0.3652	0.3307	13.6850	-1.1040	-0.7601
296	1.2925	1.5107	0.1201	0.3724	0.3228	14.5826	-1.8900	-0.4790
297	1.2926	1.5077	0.1278	0.3740	0.3109	13.8676	-1.5850	-0.7288
298	1.2942	1.5065	0.1278	0.3816	0.3061	13.1830	-1.6990	-0.6034
299	1.2942	1.5055	0.1272	0.3825	0.3025	14.0017	-1.7370	-0.4616
300	1.2940	1.5046	0.1278	0.3829	0.2990	13.8330	-1.8540	-0.4374
301	1.2856	1.5182	0.1207	0.3502	0.3538	14.7147	-1.2690	-0.8191
302	1.2846	1.5156	0.1266	0.3469	0.3438	14.0945	-1.5600	-0.5690
303	1.2855	1.5128	0.1248	0.3517	0.3330	14.1605	-2.2520	-0.3919
304	1.2859	1.5082	0.1284	0.3540	0.3148	13.5798	-3.4980	0.1105
305	1.2869	1.5038	0.1266	0.3589	0.2973	14.0070	-3.7580	0.0533
306	1.2871	1.5003	0.1284	0.3608	0.2832	14.1830	-4.0300	-0.0278
307	1.2872	1.4985	0.1207	0.3620	0.2759	15.0222	-3.6620	-0.0925
308	1.2859	1.4968	0.1284	0.3575	0.2692	14.0630	-3.7250	0.0707
309	1.2842	1.4970	0.1272	0.3517	0.2698	14.0581	-3.5990	0.1527
310	1.2813	1.4989	0.1266	0.3410	0.2774	14.4563	-3.8980	0.3200
311	1.2966	1.5420	0.1260	0.4033	0.4509	14.2516	-3.6330	0.1013
312	1.2959	1.5402	0.1178	0.4018	0.4447	15.3330	-4.5580	0.5255
313	1.2948	1.5394	0.1242	0.3985	0.4425	14.2323	-5.1220	0.7146
314	1.2899	1.5400	0.1242	0.3797	0.4459	14.3822	-4.9090	0.5831
315	1.2835	1.5406	0.1248	0.3551	0.4494	14.2827	-5.4170	0.7309
316	1.2782	1.5403	0.1254	0.3343	0.4489	14.6009	-5.7020	0.8211
317	1.2738	1.5409	0.1272	0.3177	0.4525	14.1168	-5.7500	0.8996
318	1.2676	1.5422	0.1266	0.2930	0.4589	14.3392	-6.1500	1.0489
319	1.2611	1.5439	0.1272	0.2673	0.4667	14.4187	-5.9600	0.9216
320	1.2555	1.5448	0.1260	0.2453	0.4713	14.6482	-6.1700	1.1707
321	1.2606	1.6190	0.1260	0.2658	0.7712	14.3741	-5.7650	0.9763
322	1.2580	1.6180	0.1272	0.2557	0.7701	13.5580	-6.1150	1.1700
323	1.2568	1.6140	0.1224	0.2510	0.7570	14.6878	-6.2700	1.2703
324	1.2554	1.6127	0.1272	0.2455	0.7548	14.4433	-6.4940	1.4856
325	1.2534	1.6116	0.1284	0.2375	0.7531	14.2099	-6.3980	1.5491
326	1.2517	1.6103	0.1278	0.2307	0.7506	14.5524	-6.3820	1.5741
327	1.2505	1.6080	0.1272	0.2260	0.7441	14.7162	-6.2530	1.4918
328	1.2511	1.6071	0.1266	0.2286	0.7431	14.7595	-6.6710	1.7072
329	1.2506	1.6092	0.1272	0.2266	0.7542	14.6580	-6.8950	1.7379
330	1.2503	1.6090	0.1266	0.2253	0.7561	14.8688	-6.6010	1.8935
331	1.2799	1.5598	0.1254	0.3445	0.5609	15.0375	-7.1170	2.0975
332	1.2793	1.5596	0.1290	0.3427	0.5616	13.9227	-7.3190	2.2132
333	1.2774	1.5597	0.1195	0.3359	0.5636	16.1115	-7.1170	2.2392
334	1.2765	1.5617	0.1284	0.3331	0.5729	14.7089	-6.5630	2.0565
335	1.2763	1.5632	0.1284	0.3326	0.5804	14.6797	-6.3760	1.9141
336	1.2778	1.5645	0.1260	0.3394	0.5874	15.0596	-6.5000	2.1258
337	1.2803	1.5652	0.1296	0.3503	0.5920	15.0793	-7.0460	2.3161
338	1.2838	1.5670	0.1224	0.3652	0.6006	15.8511	-7.1850	2.3485
339	1.2867	1.5685	0.1290	0.3778	0.6085	15.1524	-6.9400	2.3224
340	1.2886	1.5693	0.1266	0.3862	0.6132	15.2847	-7.0560	2.6183
341	1.2718	1.5352	0.1248	0.3195	0.4778	15.2847	-7.0360	2.4053
342	1.2696	1.5334	0.1284	0.3112	0.4715	14.9426	-6.8590	2.7378
343	1.2660	1.5318	0.1248	0.2972	0.4658	15.2270	-6.5920	2.6405
344	1.2650	1.5319	0.1260	0.2936	0.4670	15.3539	-6.5240	2.7684
345	1.2670	1.5321	0.1266	0.3020	0.4688	14.5426	-6.7770	2.9665
346	1.2706	1.5334	0.1189	0.3171	0.4745	16.4477	-6.7830	3.0458
347	1.2776	1.5352	0.1260	0.3455	0.4826	15.3869	-6.7130	3.0979
348	1.2879	1.5375	0.1284	0.3876	0.4930	15.2488	-6.3200	3.1227
349	1.3004	1.5418	0.1248	0.4389	0.5111	15.4126	-6.2640	3.1029
350	1.3106	1.5448	0.1272	0.4814	0.5241	15.4494	-6.0120	2.8864
351	1.1918	1.4816	0.1266	0.0047	0.2710	15.4859	-6.7380	3.3657
352	1.1901	1.4778	0.1278	-0.0035	0.2552	15.3720	-6.6370	3.2439
353	1.1887	1.4742	0.1260	-0.0109	0.2402	15.6802	-6.7550	3.4322
354	1.1850	1.4712	0.1278	-0.0272	0.2275	15.4941	-6.4060	3.3940
355	1.1794	1.4636	0.1266	-0.0512	0.1962	15.5489	-6.5120	4.9844
356	1.1722	1.4547	0.1290	-0.0821	0.1594	15.3498	-6.3200	3.3448
357	1.1634	1.4451	0.1254	-0.1196	0.1198	15.8144	-5.9190	3.1490
358	1.1519	1.4334	0.1278	-0.1677	0.0711	14.8451	-5.8680	3.0744
359	1.1381	1.4206	0.1195	-0.2259	0.0181	16.5257	-5.7580	3.1428
360	1.1249	1.4097	0.1272	-0.2817	-0.0279	15.6257	-5.7170	3.1766
361	1.2837	1.5344	0.1189	0.3541	0.4718	16.8262	-5.5620	2.9716
362	1.2827	1.5366	0.1260	0.3511	0.4815	15.7656	-5.0110	2.8278
363	1.2835	1.5402	0.1266	0.3549	0.4969	15.9049	-4.8140	2.9628
364	1.2857	1.5424	0.1189	0.3647	0.5068	16.6778	-4.9560	3.0876
365	1.2873	1.5452	0.1260	0.3721	0.5189	15.8588	-4.6900	3.0204
366	1.2883	1.5453	0.1278	0.3771	0.5207	14.8490	-4.8660	3.0220
367	1.2899	1.5465	0.1260	0.3846	0.5264	15.9815	-4.4060	2.8468
368	1.2939	1.5459	0.1248	0.4017	0.5253	16.3367	-3.8330	2.5734
369	1.2975	1.5455	0.1266	0.4170	0.5250	15.7322	-3.7410	2.6986
370	1.2986	1.5453	0.1266	0.4228	0.5253	15.4615	-3.7600	2.6308
371	1.2516	1.5630	0.1272	0.2348	0.5976	16.0691	-4.0740	2.7500
372	1.2518	1.5636	0.1278	0.2356	0.6017	16.0277	-4.3520	2.8260
373	1.2522	1.5629	0.1248	0.2373	0.6003	16.0000	-3.9270	2.5754
374	1.2512	1.5611	0.1248	0.2333	0.5948	16.4499	-3.8240	2.5888
375	1.2504	1.5580	0.1242	0.2301	0.5836	16.1931	-4.0830	2.9078
376	1.2502	1.5534	0.1266	0.2293	0.5667	15.9375	-4.5480	3.2332
377	1.2474	1.5478	0.1166	0.2181	0.5456	17.2888	-4.6770	2.0454
378	1.2443	1.5433	0.1260	0.2057	0.5285	16.2514	-4.6930	2.9046
379	1.2436	1.5377	0.1266	0.2026	0.5072	15.9129	-4.6340	2.8784
380	1.2426	1.5362	0.1242	0.1984	0.5022	16.5828	-5.4470	3.2178
381	1.2836	1.5679	0.1248	0.3632	0.6306	16.2380	-5.7470	3.1530
382	1.2792	1.5667	0.1254	0.3462	0.6275	16.3764	-5.3330	2.8486
383	1.2755	1.5657	0.1242	0.3323	0.6251	16.4916	-5.0730	2.9986
384	1.2714	1.5661	0.1242	0.3164	0.6283	16.3448	-5.7680	3.3984
385	1.2689	1.5651	0.1236	0.3069	0.6260	16.4477	-5.6700	3.0492
386	1.2654	1.5631	0.1266	0.2932	0.6195	16.5387	-6.0440	3.3412
387	1.2601	1.5597	0.1254	0.2722	0.6074	16.4145	-5.9410	3.1738
388	1.2558	1.5545	0.1236	0.2551	0.5880	16.6009	-5.3120	3.1440
389	1.2507	1.5510	0.1248	0.2348	0.5753	15.8463	-5.6890	2.9830
390	1.2466	1.5476	0.1254	0.2185	0.5627	16.5628	-5.3910	2.9482
391	1.2711	1.5924	0.1224	0.3170	0.7443	16.8849	-5.5790	3.2250
392	1.2709	1.5922	0.1254	0.3164	0.7458	16.7390	-5.6140	2.9700
393	1.2668	1.5914	0.1236	0.3006	0.7449	16.6281	-5.8910	3.3182
394	1.2623	1.5912	0.1260	0.2829	0.7464	16.0216	-5.5220	2.9208
395	1.2575	1.5896	0.1154	0.2640	0.7422	17.7308	-5.6170	3.2746
396	1.2558	1.5890	0.1266	0.2573	0.7421	16.7818	-6.1270	3.3642
397	1.2517	1.5882	0.1230	0.2409	0.7411	16.8849	-4.8150	2.7622
398	1.2455	1.5857	0.1254	0.2159	0.7330	16.8685	-5.1920	3.2032
399	1.2376	1.5818	0.1230	0.1841	0.7197	17.1855	-4.4000	2.7408
400	1.2325	1.5799	0.1290	0.1634	0.7141	15.9593	-3.8260	2.5028
401	1.3486	1.4038	0.1254	0.6301	0.0074	17.0099	-4.0590	2.6902
402	1.3445	1.4086	0.1266	0.6162	0.0240	16.0729	-3.9090	2.8362
403	1.3392	1.4123	0.1272	0.5972	0.0366	16.7374	-3.7550	2.7110
404	1.3349	1.4149	0.1272	0.5821	0.0452	17.0080	-3.1340	2.4612
405	1.3316	1.4162	0.1290	0.5709	0.0483	16.7608	-2.1930	2.0238
406	1.3273	1.4140	0.1266	0.5557	0.0372	17.0215	-1.9770	2.5110
407	1.3228	1.4116	0.1178	0.5395	0.0254	18.2949	-2.0390	2.4078
408	1.3189	1.4098	0.1195	0.5256	0.0159	18.1774	-1.0000	2.0800
409	1.3164	1.4095	0.1260	0.5172	0.0123	17.3679	-0.3650	1.5478
410	1.3138	1.4086	0.1166	0.5082	0.0067	18.5821	-1.3780	2.3599
411	1.2649	1.5930	0.1248	0.3131	0.7465	17.3280	-1.2470	3.1233
412	1.2642	1.5922	0.1272	0.3108	0.7456	17.2514	-1.1710	2.2342
413	1.2626	1.5904	0.1230	0.3045	0.7407	17.1896	-0.9590	2.1918
414	1.2619	1.5864	0.1272	0.3022	0.7268	17.3144	-0.0990	1.7102
415	1.2634	1.5822	0.1230	0.3085	0.7121	17.2530	-0.4460	1.9188
416	1.2645	1.5776	0.1236	0.3130	0.6956	17.6219	-0.5300	1.8916
417	1.2679	1.5718	0.1248	0.3274	0.6741	16.5733	-0.8859	2.2683
418	1.2736	1.5658	0.1201	0.3508	0.6517	18.1098	-0.3510	1.9498
419	1.2839	1.5603	0.1242	0.3928	0.6313	17.5866	-0.6180	2.3156
420	1.2933	1.5586	0.1236	0.4313	0.6259	17.9225	-0.0080	2.0394
421	1.2266	1.6250	0.1248	0.1642	0.8948	17.4461	0.1720	1.8365
422	1.2299	1.6231	0.1254	0.1767	0.8902	17.5843	-0.0430	2.1664
423	1.2357	1.6226	0.1248	0.1997	0.8913	17.2728	-0.3930	2.0730
424	1.2418	1.6223	0.1242	0.2237	0.8932	17.7910	-0.0550	1.7774
425	1.2464	1.6206	0.1218	0.2422	0.8894	17.9285	0.2820	1.9662
426	1.2513	1.6202	0.1248	0.2617	0.8906	17.6641	0.0320	1.9387
427	1.2560	1.6226	0.1260	0.2804	0.9032	17.4925	-0.0420	2.1083
428	1.2600	1.6249	0.1272	0.2969	0.9159	17.6179	0.7120	1.9086
429	1.2671	1.6275	0.1224	0.3255	0.9295	18.2818	0.3590	1.9656
430	1.2732	1.6301	0.1248	0.3506	0.9429	17.7832	0.3260	1.7991
431	1.1996	1.5384	0.1236	0.0550	0.5772	17.7736	0.2640	2.0869
432	1.1982	1.5354	0.1230	0.0481	0.5660	18.0542	0.2760	1.9619
433	1.1954	1.5318	0.1166	0.0356	0.5524	18.8571	0.8270	1.8020
434	1.1924	1.5292	0.1230	0.0221	0.5428	18.1177	0.4900	1.6698
435	1.1895	1.5264	0.1242	0.0088	0.5322	17.2460	0.6200	1.8242
436	1.1842	1.5242	0.1242	-0.0139	0.5240	18.0388	0.6260	1.6733
437	1.1811	1.5222	0.1272	-0.0279	0.5164	17.8902	-0.2240	2.0684
438	1.1754	1.5235	0.1260	-0.0525	0.5225	18.1251	0.0070	1.8539
439	1.1684	1.5243	0.1236	-0.0828	0.5261	18.1443	0.7820	1.9408
440	1.1632	1.5260	0.1242	-0.1058	0.5337	18.3302	1.8460	1.1587
441	1.2076	1.5882	0.1242	0.0709	0.7846	18.2361	1.2780	1.2844
442	1.2046	1.5872	0.1224	0.0578	0.7828	18.5405	1.8970	1.5935
443	1.1990	1.5868	0.1242	0.0341	0.7834	18.4184	1.8550	1.5346
444	1.1936	1.5894	0.1236	0.0111	0.7960	18.5206	0.6000	1.8322
445	1.1862	1.5944	0.1242	-0.0200	0.8182	18.2422	1.2720	1.5947
446	1.1787	1.6003	0.1195	-0.0518	0.8445	19.1379	0.6060	1.6557
447	1.1678	1.6057	0.1254	-0.0974	0.8685	18.4607	0.8280	1.5007
448	1.1575	1.6116	0.1284	-0.1409	0.8951	18.2506	1.3210	1.5952
449	1.1482	1.6181	0.1254	-0.1806	0.9243	18.1053	2.2670	1.4657
450	1.1414	1.6252	0.1284	-0.2108	0.9557	18.2459	1.8120	1.4646
451	1.2086	1.5650	0.1189	0.0570	0.7164	19.2306	2.1530	1.2131
452	1.2092	1.5668	0.1236	0.0584	0.7253	18.5195	2.4870	1.4781
453	1.2085	1.5688	0.1248	0.0547	0.7350	17.4211	2.8710	1.2564
454	1.2069	1.5726	0.1254	0.0469	0.7519	18.5471	3.6840	0.8077
455	1.2094	1.5763	0.1236	0.0561	0.7689	18.9727	3.1770	1.1658
456	1.2129	1.5827	0.1242	0.0692	0.7964	18.6333	2.5350	1.1532
457	1.2114	1.5915	0.1236	0.0624	0.8339	18.7361	3.2000	0.9890
458	1.2094	1.5983	0.1254	0.0531	0.8637	17.7350	2.9690	1.0521
459	1.2071	1.6083	0.1260	0.0430	0.9065	18.5138	1.8880	1.3039
460	1.2031	1.6200	0.1260	0.0259	0.9559	18.8378	1.4910	1.2514
461	1.1580	1.6037	0.1218	-0.1570	0.8935	19.0629	2.1200	1.1575
462	1.1518	1.6078	0.1224	-0.1844	0.9127	18.9646	2.9020	0.8627
463	1.1418	1.6113	0.1224	-0.2270	0.9295	18.9375	2.5360	1.0570
464	1.1268	1.6199	0.1260	-0.2900	0.9666	18.7784	1.9370	1.2322
465	1.1076	1.6334	0.1278	-0.3703	1.0240	19.0149	1.0900	1.1666
466	1.0878	1.6507	0.1224	-0.4536	1.0970	19.9963	1.9770	0.8674
467	1.0698	1.6650	0.1278	-0.5301	1.1584	19.1362	2.5780	0.8635
468	1.0552	1.6775	0.1308	-0.5933	1.2129	18.4990	3.6430	0.5452
469	1.0432	1.6850	0.1218	-0.6465	1.2476	19.1337	4.5590	0.3224
470	1.0348	1.6883	0.1266	-0.6855	1.2651	18.8845	5.0850	0.1878
471	1.1480	1.5890	0.1248	-0.2354	0.8704	18.9465	4.0050	0.5431
472	1.1439	1.5960	0.1248	-0.2545	0.9008	18.8015	2.5280	0.8586
473	1.1387	1.6068	0.1218	-0.2778	0.9466	19.4255	2.9030	0.4823
474	1.1378	1.6142	0.1242	-0.2843	0.9791	19.1727	4.4110	0.1398
475	1.1347	1.6206	0.1224	-0.2996	1.0077	18.5421	4.2550	0.3729
476	1.1278	1.6296	0.1189	-0.3304	1.0469	19.9313	3.8940	0.3452
477	1.1223	1.6396	0.1260	-0.3556	1.0904	19.5332	4.7570	0.0850
478	1.1121	1.6506	0.1308	-0.3996	1.1382	19.0430	4.3400	0.2557
479	1.1002	1.6638	0.1272	-0.4511	1.1951	19.4496	4.0930	0.0397
480	1.0900	1.6734	0.1272	-0.4957	1.2379	19.3532	4.5970	-0.1014
481	1.1164	1.5370	0.1266	-0.3936	0.6931	19.0907	3.6570	0.2002
482	1.1210	1.5400	0.1248	-0.3784	0.7061	19.6965	4.3710	0.0204
483	1.1278	1.5400	0.1272	-0.3543	0.7071	19.2595	5.0477	-0.2067
484	1.1320	1.5370	0.1260	-0.3404	0.6961	19.4944	6.0120	-0.5895
485	1.1344	1.5334	0.1254	-0.3337	0.6825	18.6553	5.8800	-0.3188
486	1.1394	1.5325	0.1236	-0.3165	0.6796	19.9638	5.5980	-0.5327
487	1.1450	1.5292	0.1272	-0.2967	0.6672	19.6250	6.6430	-0.7813
488	1.1460	1.5273	0.1290	-0.2953	0.6603	19.1371	6.5600	-0.7563
489	1.1424	1.5272	0.1266	-0.3124	0.6607	19.5778	5.9130	-0.6497
490	1.1412	1.5274	0.1296	-0.3199	0.6623	19.5967	6.4900	-0.9811
491	1.1110	1.4810	0.1321	-0.4442	0.4760	19.4498	6.9260	-1.0434
492	1.1140	1.4760	0.1389	-0.4356	0.4554	19.5290	6.5000	-0.9166
493	1.1120	1.4740	0.1408	-0.4470	0.4468	19.3279	6.1080	-0.9705
494	1.1110	1.4753	0.1473	-0.4545	0.4512	19.5513	5.4540	-0.9772
495	1.1150	1.4730	0.1546	-0.4419	0.4413	18.2413	5.5880	-1.1453
496	1.1180	1.4692	0.1635	-0.4332	0.4257	18.8725	4.5370	-0.7526
497	1.1188	1.4655	0.1663	-0.4333	0.4098	18.8361	4.3990	-0.7429
498	1.1213	1.4651	0.1642	-0.4264	0.4075	19.1109	3.1020	-0.7063
499	1.1213	1.4694	0.1656	-0.4298	0.4237	19.2464	2.6610	-0.6110
500	1.1209	1.4711	0.1587	-0.4346	0.4298	19.8848	3.4280	-0.6903
501	1.1690	1.5404	0.1649	-0.2442	0.7081	18.3211	1.9200	-0.4624
502	1.1744	1.5405	0.1677	-0.2244	0.7095	18.9045	1.5470	-0.2845
503	1.1794	1.5437	0.1713	-0.2062	0.7233	18.7082	0.1710	-0.0297
504	1.1837	1.5518	0.1663	-0.1908	0.7572	19.3991	0.1520	-0.2141
505	1.1869	1.5618	0.1670	-0.1793	0.7986	19.0513	1.3990	-0.5269
506	1.1936	1.5687	0.1649	-0.1540	0.8281	19.0456	1.4540	-0.3596
507	1.1997	1.5772	0.1635	-0.1309	0.8640	19.1658	1.0700	-0.4675
508	1.2024	1.5863	0.1559	-0.1214	0.9026	19.8883	-0.1470	-0.1259
509	1.2025	1.5936	0.1506	-0.1221	0.9340	18.7534	-1.0330	0.0942
510	1.2061	1.6001	0.1499	-0.1086	0.9625	19.5086	-0.9640	-0.2909
511	1.1690	1.5382	0.1533	-0.2592	0.7159	19.4611	0.3270	-0.2034
512	1.1760	1.5339	0.1546	-0.2331	0.6995	19.7285	1.5510	-0.5883
513	1.1868	1.5250	0.1546	-0.1914	0.6645	19.8198	3.6610	-1.1242
514	1.1942	1.5151	0.1742	-0.1632	0.6253	19.1763	4.8350	-1.3579
515	1.2010	1.5062	0.1809	-0.1373	0.5898	17.5383	7.1750	-1.7967
516	1.2062	1.4977	0.1794	-0.1176	0.5558	18.8112	7.7810	-2.0421
517	1.2140	1.4859	0.1713	-0.0872	0.5083	18.3677	9.2510	-2.2318
518	1.2183	1.4778	0.1642	-0.0708	0.4754	19.3108	8.1300	-2.0067
519	1.2229	1.4687	0.1486	-0.0531	0.4383	20.5216	7.7020	-1.9442
520	1.2289	1.4615	0.1370	-0.0296	0.4082	20.5526	6.8090	-2.0357
521	1.1682	1.5384	0.1377	-0.2743	0.7169	20.3080	6.7220	-1.9560
522	1.1696	1.5386	0.1396	-0.2710	0.7187	20.1085	4.1810	-1.4434
523	1.1727	1.5414	0.1345	-0.2605	0.7309	20.6756	2.7510	-1.2566
524	1.1768	1.5406	0.1440	-0.2458	0.7285	19.2478	2.7340	-1.4408
525	1.1775	1.5374	0.1499	-0.2447	0.7169	19.8524	2.1540	-1.1044
526	1.1737	1.5373	0.1512	-0.2622	0.7174	19.9831	0.5700	-1.0380
527	1.1660	1.5386	0.1553	-0.2950	0.7236	18.8677	1.5490	-1.3923
528	1.1573	1.5433	0.1506	-0.3320	0.7434	20.5829	7.0100	-2.4983
529	1.1524	1.5486	0.1566	-0.3539	0.7658	20.2230	9.1920	-3.0032
530	1.1513	1.5520	0.1539	-0.3608	0.7809	19.8196	8.6720	-2.4606
1	1.2440	1.5400	0.0000	-0.0242	0.1610	0.0000	-1.6930	0.0000
2	1.2442	1.5401	0.1308	-0.0237	0.1623	4.9743	-0.4560	0.1116
3	1.2446	1.5402	0.1302	-0.0221	0.1639	4.6524	-0.4750	0.1117
4	1.2452	1.5405	0.1308	-0.0197	0.1660	4.9733	-0.3130	0.0724
5	1.2461	1.5409	0.1284	-0.0162	0.1685	4.8721	-0.2230	0.0577
6	1.2473	1.5413	0.1290	-0.0117	0.1714	5.1928	-0.3220	0.1020
7	1.2488	1.5420	0.1284	-0.0057	0.1750	5.0531	-0.2430	0.0791
8	1.2504	1.5426	0.1302	0.0008	0.1786	5.2295	-0.2320	0.0710
9	1.2523	1.5432	0.1213	0.0084	0.1819	5.9727	-0.2930	0.0653
10	1.2540	1.5437	0.1315	0.0152	0.1851	5.1986	-0.3020	0.0828
11	1.2381	1.5411	0.1290	-0.0485	0.1756	5.3322	-0.2210	0.0497
12	1.2389	1.5417	0.1308	-0.0457	0.1791	4.4813	-0.3160	0.1176
13	1.2407	1.5433	0.1284	-0.0386	0.1867	5.2831	-0.3360	0.1078
14	1.2427	1.5462	0.1308	-0.0310	0.1995	5.1428	-0.2690	0.1278
15	1.2451	1.5496	0.1278	-0.0213	0.2142	5.5987	-0.3200	0.1481
16	1.2475	1.5523	0.1308	-0.0119	0.2266	5.0823	-0.5270	0.2177
17	1.2489	1.5555	0.1302	-0.0061	0.2405	5.3074	-0.6160	0.1868
18	1.2502	1.5584	0.1308	-0.0011	0.2536	5.2034	-0.6030	0.1727
19	1.2507	1.5616	0.1296	0.0010	0.2681	5.5020	-0.5880	0.1834
20	1.2511	1.5639	0.1302	0.0028	0.2788	5.4526	-0.5450	0.1489
21	1.2408	1.5334	0.1302	-0.0389	0.1577	5.3615	-0.4720	0.1445
22	1.2409	1.5341	0.1236	-0.0386	0.1612	6.3686	-0.5370	0.2326
23	1.2409	1.5347	0.1278	-0.0389	0.1647	5.7133	-0.5900	0.1920
24	1.2406	1.5356	0.1308	-0.0403	0.1691	5.4397	-0.5820	0.1888
25	1.2405	1.5365	0.1284	-0.0410	0.1737	5.7621	-0.5800	0.2070
26	1.2405	1.5378	0.1302	-0.0410	0.1798	5.6956	-0.3990	0.1329
27	1.2412	1.5382	0.1284	-0.0387	0.1824	5.8834	-0.4370	0.2265
28	1.2419	1.5395	0.1308	-0.0359	0.1886	5.6823	-0.4360	0.1841
29	1.2427	1.5410	0.1224	-0.0329	0.1956	6.7166	-0.4660	0.1998
30	1.2430	1.5426	0.1302	-0.0318	0.2029	5.9267	-0.2950	0.1298
31	1.2008	1.5672	0.1172	-0.2019	0.3030	7.2736	-0.1750	0.1652
32	1.1999	1.5685	0.1308	-0.2067	0.3098	5.6633	-0.2270	0.1758
33	1.1990	1.5707	0.1278	-0.2118	0.3206	5.9368	-0.3210	0.1808
34	1.1984	1.5732	0.1302	-0.2155	0.3325	5.9800	-0.1370	0.1409
35	1.1975	1.5760	0.1278	-0.2204	0.3453	6.1187	-0.1080	0.1685
36	1.1958	1.5788	0.1308	-0.2283	0.3587	6.0285	-0.1630	0.1959
37	1.1945	1.5805	0.1302	-0.2350	0.3673	5.7662	-0.0530	0.1439
38	1.1931	1.5824	0.1315	-0.2419	0.3769	5.2294	0.1420	0.0631
39	1.1913	1.5850	0.1284	-0.2507	0.3894	6.2885	0.2040	0.0835
40	1.1896	1.5876	0.1260	-0.2588	0.4021	6.4194	0.0410	0.1271
41	1.2560	1.5490	0.1296	0.0066	0.2489	6.0091	0.0070	0.1105
42	1.2567	1.5480	0.1296	0.0096	0.2464	6.2828	0.1640	0.0567
43	1.2575	1.5481	0.1296	0.0130	0.2479	6.1297	0.0660	0.1255
44	1.2592	1.5485	0.1327	0.0202	0.2506	5.7316	0.1420	0.0873
45	1.2610	1.5494	0.1296	0.0275	0.2556	6.1904	0.0730	0.1290
46	1.2625	1.5515	0.1308	0.0339	0.2653	6.0738	-0.0140	0.1314
47	1.2630	1.5539	0.1302	0.0362	0.2759	6.2996	-0.0100	0.1131
48	1.2632	1.5562	0.1218	0.0373	0.2867	7.5209	-0.1050	0.1440
49	1.2608	1.5600	0.1315	0.0281	0.3035	6.0909	-0.1760	0.1597
50	1.2584	1.5636	0.1302	0.0186	0.3195	6.4389	-0.2750	0.1810
51	1.1803	1.4390	0.1302	-0.2954	-0.1805	6.2797	-0.3140	0.2009
52	1.1781	1.4393	0.1183	-0.3061	-0.1807	7.7387	-0.3100	0.1796
53	1.1765	1.4399	0.1302	-0.3145	-0.1800	6.0987	-0.3480	0.2177
54	1.1761	1.4378	0.1296	-0.3178	-0.1900	6.4445	-0.4000	0.2185
55	1.1755	1.4348	0.1278	-0.3221	-0.2036	6.8149	-0.4080	0.2235
56	1.1743	1.4316	0.1302	-0.3286	-0.2179	6.4926	-0.2500	0.1523
57	1.1730	1.4283	0.1296	-0.3357	-0.2329	5.7574	0.0000	0.1461
58	1.1713	1.4245	0.1302	-0.3447	-0.2499	6.5536	-0.1550	0.1786
59	1.1687	1.4187	0.1315	-0.3571	-0.2752	6.3151	-0.2950	0.2178
60	1.1668	1.4133	0.1308	-0.3668	-0.2990	6.2916	-0.2710	0.2029
61	1.2236	1.5153	0.1201	-0.1403	0.1092	7.6685	-0.4150	0.2666
62	1.2219	1.5158	0.1278	-0.1478	0.1117	6.8323	-0.5900	0.3027
63	1.2199	1.5167	0.1296	-0.1563	0.1155	6.5838	-0.5750	0.2744
64	1.2173	1.5174	0.1278	-0.1675	0.1191	7.1368	-0.5920	0.2873
65	1.2147	1.5185	0.1218	-0.1790	0.1237	7.5787	-0.5610	0.2931
66	1.2123	1.5195	0.1308	-0.1896	0.1282	6.7105	-0.4810	0.2683
67	1.2101	1.5198	0.1224	-0.1994	0.1300	7.6897	-0.3940	0.2637
68	1.2085	1.5199	0.1302	-0.2066	0.1307	6.9664	-0.3030	0.2475
69	1.2076	1.5189	0.1296	-0.2114	0.1275	6.8864	-0.3130	0.2791
70	1.2070	1.5186	0.1296	-0.2150	0.1268	7.0322	-0.2780	0.2402
71	1.2272	1.6049	0.1296	-0.1347	0.4745	6.9953	-0.3210	0.2503
72	1.2267	1.6062	0.1315	-0.1372	0.4823	6.9275	-0.4370	0.3250
73	1.2267	1.6071	0.1272	-0.1377	0.4884	7.1037	-0.4210	0.3031
74	1.2269	1.6087	0.1302	-0.1375	0.4979	6.2920	-0.6390	0.3707
75	1.2272	1.6115	0.1284	-0.1370	0.5117	7.1408	-0.6730	0.3665
76	1.2275	1.6146	0.1315	-0.1363	0.5270	6.2060	-0.7280	0.3926
77	1.2277	1.6177	0.1296	-0.1361	0.5422	7.0553	-0.7640	0.3879
78	1.2272	1.6206	0.1321	-0.1386	0.5568	6.1925	-0.5260	0.3214
79	1.2263	1.6245	0.1284	-0.1429	0.5754	7.5052	-0.4930	0.3291
80	1.2259	1.6268	0.1290	-0.1449	0.5879	7.2675	-0.4780	0.3537
81	1.2519	1.5234	0.1296	-0.0412	0.1750	7.0975	-0.5830	0.3812
82	1.2523	1.5227	0.1296	-0.0395	0.1728	7.0672	-0.4360	0.3490
83	1.2515	1.5233	0.1296	-0.0426	0.1756	7.2796	-0.4800	0.3558
84	1.2506	1.5244	0.1302	-0.0460	0.1808	7.1155	-2.4450	1.6176
85	1.2500	1.5267	0.1290	-0.0486	0.1906	7.4740	-0.4420	0.3984
86	1.2494	1.5294	0.1308	-0.0508	0.2021	7.2845	-0.6830	0.4381
87	1.2496	1.5317	0.1290	-0.0499	0.2123	7.5950	-0.8410	0.0197
88	1.2493	1.5345	0.1321	-0.0515	0.2240	7.0755	-0.8800	0.4846
89	1.2481	1.5392	0.1284	-0.0562	0.2439	7.6668	-0.9350	0.5132
90	1.2453	1.5430	0.1296	-0.0676	0.2603	7.4842	-0.6870	0.4134
91	1.1532	1.6495	0.1308	-0.4385	0.6898	6.6430	-0.6010	0.4500
92	1.1527	1.6505	0.1005	-0.4429	0.6978	11.1619	-0.4760	0.4233
93	1.1528	1.6512	0.1290	-0.4450	0.7043	7.5222	-0.4690	0.4579
94	1.1527	1.6519	0.1315	-0.4477	0.7110	7.4416	-0.4740	0.4508
95	1.1522	1.6531	0.1278	-0.4522	0.7195	7.7885	-0.4950	0.4602
96	1.1514	1.6547	0.1302	-0.4575	0.7297	7.6491	-0.4240	0.4110
97	1.1515	1.6568	0.1284	-0.4596	0.7421	6.9419	-0.5160	0.4822
98	1.1525	1.6583	0.1302	-0.4581	0.7521	7.7713	-0.3570	0.4319
99	1.1544	1.6593	0.1284	-0.4529	0.7600	7.1793	-0.2180	0.3977
100	1.1563	1.6584	0.1302	-0.4477	0.7605	7.1033	-0.2200	0.4270
101	1.2379	1.5820	0.1302	-0.1218	0.4568	7.6676	-0.2030	0.4042
102	1.2393	1.5831	0.1296	-0.1165	0.4634	7.8317	0.0180	0.3557
103	1.2395	1.5863	0.1284	-0.1159	0.4785	8.0080	-0.0370	0.3728
104	1.2388	1.5912	0.1302	-0.1189	0.5001	7.8192	-0.1550	0.4187
105	1.2389	1.5937	0.1302	-0.1187	0.5126	7.8497	-0.1360	0.4088
106	1.2388	1.5988	0.1302	-0.1194	0.5352	7.8798	-0.2700	0.4229
107	1.2397	1.6048	0.1315	-0.1160	0.5618	7.7027	-0.2380	0.4225
108	1.2399	1.6119	0.1278	-0.1157	0.5932	8.2316	-0.2450	0.4232
109	1.2398	1.6186	0.1308	-0.1160	0.6229	7.7758	-0.1900	0.4115
110	1.2401	1.6236	0.1302	-0.1152	0.6460	7.9945	-0.3840	0.6107
111	1.2384	1.5467	0.1278	-0.1223	0.3397	8.3709	-0.5750	0.5163
112	1.2377	1.5474	0.1302	-0.1253	0.3437	7.9879	-0.5010	0.4884
113	1.2370	1.5475	0.1308	-0.1287	0.3454	7.8844	-0.4150	0.4612
114	1.2352	1.5482	0.1284	-0.1363	0.3491	8.6340	-0.3010	0.4590
115	1.2331	1.5486	0.1290	-0.1449	0.3519	8.0434	-0.2490	0.4517
116	1.2307	1.5482	0.1315	-0.1550	0.3516	8.2671	0.0880	0.3703
117	1.2280	1.5477	0.1213	-0.1665	0.3508	9.1562	0.1730	0.3237
118	1.2262	1.5454	0.1296	-0.1740	0.3427	8.3031	0.0760	0.3985
119	1.2256	1.5434	0.1201	-0.1773	0.3358	9.2972	0.3350	0.3050
120	1.2247	1.5420	0.1315	-0.1814	0.3311	8.1988	0.5240	0.2692
121	1.1651	1.6429	0.1284	-0.4218	0.7383	8.5280	0.3600	0.2130
122	1.1660	1.6434	0.1308	-0.4204	0.7441	8.5105	0.1620	0.3907
123	1.1676	1.6442	0.1272	-0.4161	0.7509	8.6728	0.1560	0.3375
124	1.1691	1.6443	0.1315	-0.4122	0.7547	8.5590	0.1530	0.3743
125	1.1701	1.6442	0.1308	-0.4102	0.7580	8.2352	0.0720	0.3970
126	1.1707	1.6443	0.1315	-0.4097	0.7620	7.7719	-0.2610	0.4621
127	1.1706	1.6451	0.1278	-0.4121	0.7687	8.9040	-0.4970	0.4822
128	1.1702	1.6466	0.1308	-0.4158	0.7786	7.7285	-0.5990	0.5246
129	1.1681	1.6491	0.1302	-0.4261	0.7921	8.5512	-0.5160	0.4882
130	1.1666	1.6507	0.1296	-0.4343	0.8025	8.5875	-0.4610	0.4904
131	1.2306	1.5449	0.1290	-0.1788	0.3804	8.6246	-0.3460	0.4614
132	1.2307	1.5443	0.1302	-0.1789	0.3789	7.9112	-0.0240	0.4063
133	1.2292	1.5428	0.1296	-0.1854	0.3742	8.7338	0.0550	0.3868
134	1.2275	1.5408	0.1302	-0.1927	0.3672	7.9126	0.0080	0.4127
135	1.2268	1.5385	0.1296	-0.1959	0.3589	8.8551	0.1120	0.3611
136	1.2273	1.5363	0.1296	-0.1946	0.3511	8.2233	0.1750	0.4031
137	1.2277	1.5338	0.1284	-0.1936	0.3421	8.8790	0.3030	0.3397
138	1.2266	1.5323	0.1315	-0.1987	0.3365	7.8868	0.4000	0.3224
139	1.2230	1.5302	0.1272	-0.2138	0.3292	9.1451	0.5400	0.2594
140	1.2183	1.5274	0.1302	-0.2332	0.3184	8.9271	0.7560	0.2075
141	1.2427	1.5227	0.1278	-0.1358	0.3003	9.3097	0.7600	0.2447
142	1.2440	1.5233	0.1308	-0.1307	0.3031	8.7316	0.6660	0.2516
143	1.2446	1.5244	0.1290	-0.1284	0.3084	8.9812	0.6850	0.2375
144	1.2467	1.5234	0.1308	-0.1201	0.3048	8.9137	0.6380	0.2519
145	1.2493	1.5226	0.1272	-0.1098	0.3021	9.3203	0.5550	-0.1140
146	1.2505	1.5263	0.1302	-0.1049	0.3179	8.9868	-1.0940	1.2434
147	1.2528	1.5331	0.1266	-0.0955	0.3456	9.5140	0.4250	0.2708
148	1.2558	1.5367	0.1308	-0.0836	0.3612	8.9140	0.4020	0.2818
149	1.2611	1.5360	0.1296	-0.0619	0.3591	9.2120	0.4520	0.2552
150	1.2678	1.5319	0.1236	-0.0350	0.3435	10.0188	0.4400	0.2584
151	1.2515	1.5360	0.1296	-0.0998	0.3609	9.2002	0.4880	0.2260
152	1.2533	1.5316	0.1236	-0.0927	0.3439	10.0738	0.6200	0.1834
153	1.2585	1.5222	0.1278	-0.0716	0.3069	9.6626	0.8820	0.1571
154	1.2687	1.5078	0.1236	-0.0306	0.2495	10.0132	0.9360	0.1553
155	1.2814	1.4887	0.1296	0.0213	0.1730	9.3227	0.7690	0.1853
156	1.2912	1.4693	0.1213	0.0613	0.0945	10.2972	0.4870	0.2383
157	1.2965	1.4542	0.1296	0.0839	0.0331	9.4443	0.2080	0.2843
158	1.3008	1.4427	0.1213	0.1020	-0.0146	10.4184	0.2520	0.2244
159	1.3099	1.4276	0.1302	0.1401	-0.0766	9.4317	0.3020	0.2386
160	1.3185	1.4151	0.1290	0.1762	-0.1289	9.4804	0.1130	0.2780
161	1.2624	1.5218	0.1284	-0.0477	0.2986	9.0980	0.1570	0.2568
162	1.2630	1.5199	0.1284	-0.0452	0.2913	9.8510	0.1070	0.2740
163	1.2610	1.5195	0.1290	-0.0530	0.2904	9.5652	-0.2430	0.3622
164	1.2609	1.5157	0.1308	-0.0531	0.2756	9.4368	-0.2960	0.3902
165	1.2587	1.5137	0.1290	-0.0617	0.2681	9.6260	-0.3810	0.3826
166	1.2573	1.5102	0.1284	-0.0672	0.2540	10.0337	-0.4470	0.4262
167	1.2558	1.5079	0.1290	-0.0728	0.2451	9.6262	-0.3870	0.4072
168	1.2541	1.5064	0.1315	-0.0794	0.2395	9.6064	-0.4710	0.3978
169	1.2546	1.5048	0.1290	-0.0776	0.2331	9.9295	-0.3510	0.4093
170	1.2547	1.5048	0.1302	-0.0771	0.2331	9.9300	-0.2150	0.3705
171	1.1438	1.6576	0.1302	-0.5232	0.8483	9.7708	-0.2750	0.3644
172	1.1439	1.6568	0.1296	-0.5256	0.8491	9.9352	-0.2400	0.3773
173	1.1422	1.6567	0.1290	-0.5350	0.8526	9.9773	-0.3370	0.4146
174	1.1404	1.6543	0.1302	-0.5448	0.8466	9.9225	-0.3890	0.4255
175	1.1387	1.6518	0.1284	-0.5545	0.8406	9.5100	-0.3870	0.4193
176	1.1371	1.6504	0.1302	-0.5637	0.8387	9.9830	-0.3800	0.4094
177	1.1361	1.6516	0.1296	-0.5707	0.8473	9.1299	-0.3340	0.3627
178	1.1339	1.6548	0.1302	-0.5822	0.8640	10.1046	-0.0020	0.3498
179	1.1324	1.6580	0.1284	-0.5912	0.8809	9.6308	0.3350	0.2452
180	1.1313	1.6604	0.1290	-0.5987	0.8944	9.3463	0.4390	0.2396
181	1.2380	1.5336	0.1296	-0.1720	0.3880	10.2566	0.8640	0.1754
182	1.2386	1.5317	0.1302	-0.1699	0.3811	9.9704	0.8290	0.1909
183	1.2409	1.5292	0.1284	-0.1611	0.3717	10.3409	1.0040	0.0794
184	1.2436	1.5264	0.1284	-0.1502	0.3613	10.4323	1.1490	0.1048
185	1.2455	1.5241	0.1290	-0.1430	0.3527	10.0808	1.0510	0.1160
186	1.2468	1.5187	0.1296	-0.1379	0.3317	10.3411	0.8070	0.1564
187	1.2502	1.5140	0.1278	-0.1241	0.3131	10.4680	0.8360	0.0983
188	1.2571	1.5092	0.1302	-0.0961	0.2944	10.1463	0.7090	0.1367
189	1.2649	1.5033	0.1296	-0.0646	0.2706	9.5931	0.6580	0.1290
190	1.2730	1.4988	0.1321	-0.0318	0.2527	10.1624	0.3980	0.2164
191	1.2596	1.5321	0.1278	-0.0852	0.3865	10.5161	0.4300	0.1691
192	1.2595	1.5350	0.1290	-0.0851	0.3992	10.7053	0.2170	0.2404
193	1.2603	1.5399	0.1290	-0.0820	0.4198	9.5402	0.2500	0.1992
194	1.2597	1.5456	0.1308	-0.0839	0.4439	10.4245	0.3760	0.1661
195	1.2564	1.5530	0.1278	-0.0971	0.4747	9.7464	0.0740	0.2898
196	1.2538	1.5642	0.1308	-0.1074	0.5210	10.4245	-0.1230	0.3110
197	1.2499	1.5780	0.1284	-0.1230	0.5781	9.7346	-0.4130	0.3452
198	1.2455	1.5936	0.1302	-0.1406	0.6428	10.6804	-0.4930	0.3666
199	1.2419	1.6081	0.1290	-0.1553	0.7035	10.7957	-0.4570	0.3584
200	1.2372	1.6204	0.1224	-0.1745	0.7559	11.7939	-0.5300	0.3601
201	1.2262	1.5386	0.1315	-0.2188	0.4296	10.4295	-0.4610	0.3319
202	1.2270	1.5388	0.1296	-0.2164	0.4314	10.7404	-0.5660	0.4251
203	1.2272	1.5390	0.1272	-0.2159	0.4331	10.2838	-0.7470	0.4976
204	1.2266	1.5380	0.1296	-0.2193	0.4301	10.6803	-0.4690	0.3505
205	1.2245	1.5373	0.1302	-0.2282	0.4282	9.8634	-0.5520	0.4352
206	1.2231	1.5338	0.1284	-0.2345	0.4150	10.9474	-0.6220	0.4660
207	1.2232	1.5279	0.1302	-0.2346	0.3923	10.0415	-0.2900	0.3053
208	1.2233	1.5208	0.1290	-0.2351	0.3643	11.1788	0.1560	0.2163
209	1.2233	1.5134	0.1302	-0.2356	0.3350	10.1018	0.0830	0.2984
210	1.2220	1.5087	0.1236	-0.2416	0.3163	11.8757	0.1290	0.2148
211	1.2388	1.5191	0.1296	-0.1745	0.3583	11.1175	-0.1190	0.2958
212	1.2377	1.5182	0.1278	-0.1792	0.3553	11.3659	-0.2440	0.3618
213	1.2367	1.5149	0.1290	-0.1835	0.3424	10.9477	-0.2690	0.3967
214	1.2350	1.5105	0.1308	-0.1908	0.3251	10.8794	-2.5230	0.8254
215	1.2314	1.5036	0.1290	-0.2055	0.2977	11.0686	-0.3360	0.3315
216	1.2275	1.4980	0.1290	-0.2218	0.2752	11.4646	-0.3770	0.4140
217	1.2244	1.4908	0.1302	-0.2350	0.2461	10.9827	-0.3310	0.4283
218	1.2191	1.4844	0.1321	-0.2569	0.2200	11.0967	-0.1750	0.3315
219	1.2142	1.4761	0.1296	-0.2774	0.1865	10.3423	0.1330	0.2598
220	1.2113	1.4728	0.1302	-0.2900	0.1726	11.2438	0.2970	0.2424
221	1.2442	1.5074	0.1296	-0.1585	0.3113	11.2194	0.8110	0.1657
222	1.2435	1.5076	0.1296	-0.1613	0.3122	11.3713	1.0650	0.0892
223	1.2444	1.5119	0.1284	-0.1578	0.3298	11.4862	0.8320	0.1103
224	1.2474	1.5153	0.1302	-0.1462	0.3436	11.2373	0.6560	0.1587
225	1.2475	1.5137	0.1315	-0.1455	0.3377	10.4624	0.8130	0.1375
226	1.2462	1.5074	0.1290	-0.1509	0.3126	11.5045	0.9450	0.1027
227	1.2449	1.5025	0.1308	-0.1563	0.2930	11.3091	1.1380	0.0140
228	1.2438	1.5009	0.1302	-0.1608	0.2865	11.4731	0.9830	0.0979
229	1.2454	1.5043	0.1272	-0.1547	0.3001	11.6245	0.8700	0.1194
230	1.2464	1.5106	0.1302	-0.1507	0.3256	11.5888	0.9230	0.0181
231	1.2598	1.5216	0.1296	-0.0968	0.3704	11.5034	0.8000	0.0393
232	1.2636	1.5251	0.1302	-0.0813	0.3851	11.2793	0.9100	0.0643
233	1.2696	1.5303	0.1290	-0.0568	0.4064	10.8026	0.9180	0.0360
234	1.2794	1.5373	0.1284	-0.0169	0.4352	11.6197	0.9430	0.0411
235	1.2904	1.5480	0.1284	0.0282	0.4796	10.9367	0.9220	0.0197
236	1.3035	1.5606	0.1284	0.0820	0.5312	11.8626	1.1000	-0.0656
237	1.3172	1.5724	0.1278	0.1382	0.5802	11.0704	11.3940	-2.1424
238	1.3292	1.5792	0.1296	0.1884	0.6096	11.7171	1.6150	-0.1793
239	1.3400	1.5844	0.1290	0.2339	0.6323	11.1622	1.5660	-0.1770
240	1.3476	1.5892	0.1284	0.2665	0.6538	11.9723	1.6670	-0.2548
241	1.2388	1.5370	0.1308	-0.1688	0.4460	11.4021	1.7330	-0.2689
242	1.2348	1.5340	0.1278	-0.1851	0.4348	11.9778	1.4780	-0.2560
243	1.2336	1.5308	0.1284	-0.1902	0.4228	11.0450	1.6420	-0.3033
244	1.2325	1.5267	0.1284	-0.1953	0.4071	12.2098	1.2630	-0.2023
245	1.2330	1.5215	0.1296	-0.1939	0.3869	11.0185	1.2870	-0.1644
246	1.2330	1.5157	0.1315	-0.1939	0.3640	11.9048	1.2360	-0.2931
247	1.2337	1.5083	0.1290	-0.1919	0.3346	11.2104	1.1270	-0.2585
248	1.2339	1.5016	0.1308	-0.1912	0.3078	12.0386	1.2010	-0.2488
249	1.2340	1.4959	0.1284	-0.1912	0.2848	11.2850	1.0740	-0.2939
250	1.2340	1.4908	0.1302	-0.1918	0.2644	12.1666	0.6580	-0.0983
251	1.2463	1.5490	0.1272	-0.1426	0.4984	12.3113	0.7120	-0.1267
252	1.2468	1.5504	0.1290	-0.1408	0.5052	12.2458	0.8350	-0.1533
253	1.2503	1.5509	0.1272	-0.1266	0.5085	11.7160	1.0400	-0.1902
254	1.2533	1.5518	0.1302	-0.1146	0.5133	12.1002	1.3000	-0.3154
255	1.2577	1.5520	0.1308	-0.0969	0.5156	11.3399	1.2410	-0.3143
256	1.2622	1.5532	0.1290	-0.0783	0.5214	12.3679	1.5630	-0.3999
257	1.2662	1.5561	0.1315	-0.0620	0.5345	11.4453	1.7990	-0.4965
258	1.2700	1.5588	0.1284	-0.0464	0.5469	12.4407	2.0750	-0.5363
259	1.2724	1.5617	0.1290	-0.0364	0.5601	12.2772	1.8430	-0.4641
260	1.2736	1.5654	0.1290	-0.0308	0.5766	12.4227	1.9890	-0.5948
261	1.2340	1.5243	0.1302	-0.1897	0.4128	12.1799	2.1280	-0.6324
262	1.2334	1.5243	0.1230	-0.1925	0.4134	13.3798	1.6720	-0.4613
263	1.2326	1.5225	0.1296	-0.1961	0.4068	12.4351	1.7180	-0.4707
264	1.2304	1.5185	0.1308	-0.2054	0.3913	12.5017	1.8720	-0.6603
265	1.2284	1.5157	0.1284	-0.2139	0.3803	12.5204	2.0420	-0.7173
266	1.2282	1.5127	0.1308	-0.2153	0.3686	12.5010	1.6560	-0.5990
267	1.2269	1.5095	0.1284	-0.2211	0.3560	12.5203	1.3560	-0.5734
268	1.2262	1.5042	0.1296	-0.2245	0.3350	12.7077	1.4280	-0.9176
269	1.2268	1.4971	0.1278	-0.2227	0.3067	12.8346	1.5160	-0.6093
270	1.2284	1.4916	0.1302	-0.2166	0.2841	12.6282	1.6880	-0.6838
271	1.2354	1.5222	0.1272	-0.1891	0.4072	12.9615	1.6900	-0.7098
272	1.2354	1.5198	0.1290	-0.1895	0.3981	12.7136	1.4750	-0.6446
273	1.2345	1.5156	0.1302	-0.1933	0.3816	12.5983	-1.5550	0.9780
274	1.2347	1.5113	0.1278	-0.1930	0.3649	12.9806	1.0750	-0.5168
275	1.2345	1.5057	0.1290	-0.1943	0.3425	12.8660	1.2180	-0.6146
276	1.2333	1.5014	0.1278	-0.1996	0.3255	13.0416	1.2790	-0.9396
277	1.2297	1.4972	0.1278	-0.2144	0.3086	13.0118	1.1130	-0.5145
278	1.2256	1.4918	0.1296	-0.2312	0.2868	13.0669	1.1430	-0.6669
279	1.2213	1.4873	0.1284	-0.2493	0.2682	13.1822	0.8170	-0.6150
280	1.2178	1.4835	0.1296	-0.2643	0.2529	12.9389	0.8740	-0.6445
281	1.2538	1.5134	0.1278	-0.1200	0.3727	12.3469	0.5310	-0.5683
282	1.2524	1.5134	0.1224	-0.1256	0.3731	13.7966	0.2470	-0.4947
283	1.2512	1.5155	0.1278	-0.1303	0.3817	13.2427	0.1800	-0.4495
284	1.2512	1.5177	0.1218	-0.1302	0.3913	14.1715	0.1440	-0.4076
285	1.2496	1.5198	0.1278	-0.1367	0.4000	13.3646	0.2380	-0.5050
286	1.2466	1.5231	0.1224	-0.1489	0.4138	13.9792	0.1510	-0.4722
287	1.2410	1.5248	0.1284	-0.1712	0.4211	13.2922	0.2060	-0.4795
288	1.2327	1.5235	0.1302	-0.2050	0.4165	13.2864	0.1740	-0.4094
289	1.2227	1.5244	0.1278	-0.2456	0.4209	13.3044	0.2500	-0.5429
290	1.2157	1.5256	0.1302	-0.2747	0.4263	13.2129	-0.0190	-0.4345
291	1.2416	1.5318	0.1302	-0.1712	0.4518	13.3591	0.4180	-0.5978
292	1.2410	1.5272	0.1321	-0.1738	0.4341	12.9858	0.4820	-0.5326
293	1.2400	1.5218	0.1266	-0.1780	0.4130	13.5519	0.3710	-0.4682
294	1.2381	1.5146	0.1308	-0.1859	0.3846	13.3155	0.6130	-0.5849
295	1.2352	1.5082	0.1272	-0.1979	0.3592	13.6611	0.3020	-0.5454
296	1.2318	1.5028	0.1315	-0.2119	0.3376	13.1809	0.2620	-0.4654
297	1.2282	1.4960	0.1302	-0.2269	0.3102	12.9966	0.0430	-0.4681
298	1.2251	1.4877	0.1308	-0.2399	0.2770	13.4369	-0.0240	-0.4163
299	1.2219	1.4780	0.1278	-0.2534	0.2374	13.5288	0.1240	-0.4640
300	1.2189	1.4705	0.1290	-0.2662	0.2066	13.5289	0.4220	-0.6342
301	1.2578	1.5348	0.1290	-0.1105	0.4648	13.5532	0.2710	-0.5528
302	1.2588	1.5346	0.1302	-0.1062	0.4649	12.7807	0.3020	-0.5624
303	1.2600	1.5320	0.1290	-0.1012	0.4551	13.7960	0.3650	-0.5239
304	1.2618	1.5286	0.1296	-0.0937	0.4424	13.0916	0.2350	-0.4874
305	1.2646	1.5247	0.1296	-0.0821	0.4274	13.6619	0.1990	-0.4986
306	1.2676	1.5198	0.1290	-0.0697	0.4085	12.9303	0.1430	-0.5362
307	1.2704	1.5168	0.1284	-0.0580	0.3967	13.8080	0.1850	-0.4863
308	1.2734	1.5140	0.1302	-0.0454	0.3857	13.0808	0.1720	-0.4711
309	1.2754	1.5101	0.1290	-0.0368	0.3706	13.6753	0.2090	-0.6047
310	1.2773	1.5078	0.1308	-0.0287	0.3617	13.7222	0.2660	-0.5824
311	1.2254	1.5722	0.1254	-0.2368	0.6210	14.5832	-0.2090	-0.4124
312	1.2238	1.5740	0.1284	-0.2437	0.6300	13.2913	-0.1130	-0.5218
313	1.2221	1.5772	0.1284	-0.2514	0.6447	13.9183	-0.2770	-0.2965
314	1.2205	1.5802	0.1272	-0.2583	0.6587	14.3977	-0.2070	-0.4608
315	1.2200	1.5822	0.1272	-0.2612	0.6688	14.0041	-0.5400	-0.3232
316	1.2180	1.5852	0.1296	-0.2698	0.6829	14.2291	-3.2380	1.2368
317	1.2163	1.5870	0.1260	-0.2777	0.6922	14.0893	-0.8570	-0.2000
318	1.2147	1.5893	0.1302	-0.2847	0.7038	14.2168	-0.9090	-0.2715
319	1.2139	1.5893	0.1266	-0.2889	0.7059	13.1980	0.7090	-1.2564
320	1.2148	1.5867	0.1296	-0.2863	0.6977	14.2837	-1.6480	0.1018
321	1.2676	1.5136	0.1278	-0.0746	0.4057	14.4041	-2.0840	0.0564
322	1.2655	1.5128	0.1290	-0.0827	0.4027	14.4110	-2.2370	-0.0069
323	1.2619	1.5117	0.1213	-0.0966	0.3988	15.0694	-2.3450	0.0898
324	1.2605	1.5093	0.1290	-0.1021	0.3895	14.4110	-2.8580	0.3667
325	1.2594	1.5061	0.1183	-0.1062	0.3768	15.3007	-3.0650	0.2561
326	1.2575	1.5047	0.1296	-0.1135	0.3714	14.3994	-3.1490	0.2643
327	1.2541	1.5035	0.1201	-0.1273	0.3666	15.4536	-3.4840	0.5621
328	1.2503	1.5053	0.1290	-0.1423	0.3740	14.4724	-3.9890	0.6899
329	1.2488	1.5085	0.1230	-0.1485	0.3870	15.2221	-4.3480	0.8306
330	1.2489	1.5106	0.1207	-0.1482	0.3956	15.5843	-4.0850	0.6943
331	1.2373	1.5598	0.1278	-0.1948	0.5938	14.5697	-4.7800	0.7266
332	1.2375	1.5584	0.1290	-0.1944	0.5897	14.5156	-4.7170	0.8582
333	1.2366	1.5569	0.1296	-0.1980	0.5849	14.3521	-5.1200	1.1194
334	1.2340	1.5557	0.1302	-0.2088	0.5819	14.3698	-5.6460	1.3289
335	1.2309	1.5544	0.1302	-0.2219	0.5780	14.3398	-5.7760	1.3094
336	1.2265	1.5521	0.1284	-0.2399	0.5700	14.8929	-5.9760	1.2484
337	1.2230	1.5499	0.1290	-0.2546	0.5622	14.4870	-6.0290	1.3028
338	1.2205	1.5486	0.1272	-0.2654	0.5583	14.9772	-5.8600	1.3295
339	1.2170	1.5471	0.1266	-0.2802	0.5535	14.6585	-6.3940	1.5340
340	1.2112	1.5457	0.1254	-0.3043	0.5492	15.3099	-6.8730	1.6887
341	1.2280	1.5632	0.1272	-0.2378	0.6207	14.6951	-6.9830	1.7233
342	1.2262	1.5622	0.1272	-0.2456	0.6182	14.7864	-7.1980	2.0936
343	1.2214	1.5635	0.1272	-0.2654	0.6250	14.8773	-7.7460	2.2406
344	1.2172	1.5656	0.1272	-0.2829	0.6352	15.0288	-7.9160	2.3202
345	1.2136	1.5703	0.1260	-0.2985	0.6557	15.0832	-8.1100	2.3256
346	1.2077	1.5763	0.1284	-0.3230	0.6815	15.1280	-7.8480	2.2498
347	1.2004	1.5814	0.1254	-0.3533	0.7041	15.2169	-8.3360	2.7023
348	1.1906	1.5868	0.1201	-0.3942	0.7277	15.7666	-8.3800	2.7808
349	1.1781	1.5923	0.1254	-0.4459	0.7522	15.2193	-8.1730	2.7413
350	1.1685	1.5953	0.1290	-0.4865	0.7662	15.2952	-8.1210	2.7925
351	1.2332	1.5538	0.1254	-0.2280	0.6018	15.5162	-7.4170	2.5666
352	1.2340	1.5520	0.1254	-0.2252	0.5957	15.3657	-7.4730	2.7885
353	1.2350	1.5508	0.1242	-0.2215	0.5924	15.4200	-7.5390	2.9228
354	1.2356	1.5515	0.1290	-0.2195	0.5963	14.8739	-8.0290	3.1292
355	1.2340	1.5523	0.1224	-0.2266	0.6010	15.8154	-7.8830	3.1023
356	1.2293	1.5524	0.1296	-0.2457	0.6025	15.0431	-7.8000	3.1158
357	1.2256	1.5547	0.1230	-0.2610	0.6134	15.6860	-6.9490	2.9272
358	1.2215	1.5573	0.1201	-0.2781	0.6251	16.3714	0.0000	1.7194
359	1.2179	1.5601	0.1236	-0.2936	0.6377	15.7970	-7.3410	3.1968
360	1.2147	1.5614	0.1278	-0.3071	0.6446	15.1925	-7.8390	3.5501
361	1.2404	1.5976	0.1290	-0.2045	0.7917	15.3124	-7.5401	9.5916
362	1.2390	1.5967	0.1296	-0.2104	0.7906	15.3303	-7.7930	3.5577
363	1.2366	1.5936	0.1260	-0.2204	0.7807	15.5547	-7.5350	3.5302
364	1.2337	1.5876	0.1296	-0.2324	0.7585	15.2708	-7.2180	3.4044
365	1.2300	1.5789	0.1260	-0.2475	0.7258	15.7971	-7.0480	3.3396
366	1.2239	1.5680	0.1302	-0.2726	0.6840	15.3801	-7.1540	3.3704
367	1.2191	1.5577	0.1296	-0.2928	0.6444	15.3021	-7.1130	3.5454
368	1.2141	1.5473	0.1315	-0.3134	0.6037	15.3549	-7.1230	3.5734
369	1.2086	1.5370	0.1278	-0.3366	0.5636	15.7020	-6.9100	3.2756
370	1.2042	1.5276	0.1290	-0.3555	0.5266	15.9468	-6.8950	3.1118
371	1.2260	1.5228	0.1290	-0.2688	0.5080	15.4849	-6.9760	3.4336
372	1.2250	1.5238	0.1260	-0.2734	0.5126	15.2242	-7.2420	3.3604
373	1.2240	1.5246	0.1272	-0.2779	0.5164	15.6442	-7.1780	3.3728
374	1.2234	1.5264	0.1260	-0.2810	0.5242	15.3449	-7.5050	3.6582
375	1.2236	1.5308	0.1278	-0.2808	0.5426	15.7542	-7.6070	3.6606
376	1.2240	1.5338	0.1278	-0.2798	0.5554	16.0875	-7.1300	3.3828
377	1.2244	1.5346	0.1284	-0.2789	0.5595	15.8027	-7.2840	3.4384
378	1.2243	1.5356	0.1296	-0.2802	0.5644	15.8689	4.0000	-3.3020
379	1.2222	1.5356	0.1284	-0.2890	0.5653	15.8033	-7.4750	3.4950
380	1.2205	1.5356	0.1195	-0.2969	0.5662	16.9521	-7.4670	3.7065
381	1.2260	1.5230	0.1254	-0.2753	0.5164	16.0281	-7.5610	3.5810
382	1.2267	1.5235	0.1266	-0.2731	0.5189	16.1555	-7.6770	3.4058
383	1.2267	1.5246	0.1248	-0.2736	0.5241	15.9832	-8.1220	3.6244
384	1.2270	1.5284	0.1260	-0.2732	0.5398	16.2294	-9.4010	4.0522
385	1.2262	1.5343	0.1260	-0.2768	0.5644	16.0805	-10.0550	4.0450
386	1.2227	1.5408	0.1266	-0.2914	0.5914	15.5076	-10.2580	4.0428
387	1.2195	1.5463	0.1260	-0.3052	0.6146	16.3830	-10.1270	4.0102
388	1.2164	1.5524	0.1266	-0.3183	0.6404	16.2818	-10.5750	4.1218
389	1.2143	1.5580	0.1284	-0.3274	0.6640	15.9753	-10.6360	4.1892
390	1.2113	1.5612	0.1272	-0.3405	0.6784	16.1450	-10.1430	4.0138
391	1.2197	1.5288	0.1272	-0.3078	0.5495	16.1163	-9.6790	3.8866
392	1.2197	1.5268	0.1266	-0.3086	0.5422	16.3995	-9.5610	3.8722
393	1.2171	1.5226	0.1272	-0.3196	0.5259	16.0596	-9.5720	3.8912
394	1.2142	1.5166	0.1278	-0.3322	0.5024	16.3773	-9.1650	3.8770
395	1.2123	1.5109	0.1284	-0.3408	0.4798	15.2734	-8.7280	3.6008
396	1.2114	1.5045	0.1248	-0.3455	0.4543	16.6791	-8.7380	3.8628
397	1.2078	1.4963	0.1260	-0.3606	0.4213	15.6826	-7.7540	3.4100
398	1.2041	1.4883	0.1296	-0.3767	0.3890	16.3439	-8.0580	3.5736
399	1.1986	1.4784	0.1254	-0.4001	0.3492	15.9325	-7.6260	3.5716
400	1.1924	1.4698	0.1248	-0.4262	0.3138	16.8577	-7.8090	3.6950
401	1.2094	1.5822	0.1254	-0.3594	0.7657	16.7508	-7.5920	3.5112
402	1.2127	1.5831	0.1254	-0.3472	0.7711	16.5427	-7.4400	3.3840
403	1.2149	1.5832	0.1260	-0.3392	0.7736	16.8015	-6.9800	3.6116
404	1.2163	1.5843	0.1254	-0.3343	0.7801	16.7844	-7.2830	3.4566
405	1.2164	1.5844	0.1248	-0.3349	0.7826	16.7679	-7.6250	3.5554
406	1.2134	1.5843	0.1272	-0.3477	0.7843	16.8110	-7.0150	3.1914
407	1.2139	1.5840	0.1266	-0.3468	0.7852	16.7338	-7.8110	3.5574
408	1.2149	1.5839	0.1290	-0.3435	0.7870	16.4746	-8.5000	3.9480
409	1.2137	1.5824	0.1248	-0.3490	0.7831	16.8917	-7.9730	3.4962
410	1.2106	1.5823	0.1207	-0.3626	0.7849	17.5332	-7.4390	3.5042
411	1.1832	1.5772	0.1278	-0.4740	0.7662	16.5819	-0.2930	-0.7414
412	1.1818	1.5770	0.1266	-0.4811	0.7676	16.8774	-7.6900	3.7500
413	1.1798	1.5788	0.1236	-0.4907	0.7766	17.0879	-7.4090	3.3630
414	1.1745	1.5788	0.1189	-0.5140	0.7785	18.0427	-7.3220	3.5324
415	1.1653	1.5762	0.1260	-0.5528	0.7699	16.9831	-6.8160	3.2944
416	1.1568	1.5726	0.1195	-0.5893	0.7572	17.7949	-7.1520	3.6152
417	1.1488	1.5697	0.1248	-0.6237	0.7477	17.1293	-7.3900	3.5336
418	1.1367	1.5660	0.1278	-0.6751	0.7344	17.1000	-6.6840	3.2876
419	1.1235	1.5641	0.1242	-0.7309	0.7283	17.4425	-6.7330	3.4962
420	1.1155	1.5623	0.1248	-0.7665	0.7227	17.2164	-6.5670	3.3022
421	1.1594	1.5720	0.1260	-0.5930	0.7634	17.1577	-6.6100	3.4064
422	1.1624	1.5730	0.1266	-0.5832	0.7692	17.0570	-6.7000	3.1212
423	1.1636	1.5758	0.1242	-0.5805	0.7823	17.3157	-6.8950	3.4734
424	1.1654	1.5788	0.1260	-0.5754	0.7963	17.0137	-6.4970	3.1610
425	1.1674	1.5836	0.1266	-0.5695	0.8175	17.1511	-7.2840	3.6308
426	1.1694	1.5886	0.1260	-0.5634	0.8396	16.7823	-6.9260	3.2016
427	1.1694	1.5945	0.1254	-0.5654	0.8658	17.2388	-6.9870	3.3758
428	1.1692	1.6007	0.1266	-0.5682	0.8930	16.6562	-6.8560	3.3544
429	1.1664	1.6083	0.1242	-0.5815	0.9260	17.3854	-6.1850	3.0270
430	1.1627	1.6122	0.1284	-0.5988	0.9447	16.5476	-5.9010	3.2074
431	1.1850	1.5222	0.1242	-0.5111	0.5851	17.6138	-4.6400	2.6852
432	1.1822	1.5234	0.1254	-0.5239	0.5905	17.8018	-4.4890	2.9974
433	1.1772	1.5268	0.1236	-0.5458	0.6048	17.5693	-4.2220	2.6924
434	1.1712	1.5284	0.1284	-0.5717	0.6119	17.3764	-3.8400	2.7327
435	1.1616	1.5303	0.1242	-0.6123	0.6202	17.7922	-3.3810	2.7542
436	1.1534	1.5329	0.1290	-0.6476	0.6315	17.1272	-2.6660	2.6008
437	1.1445	1.5362	0.1242	-0.6859	0.6457	17.7949	-1.8120	2.4148
438	1.1375	1.5409	0.1254	-0.7165	0.6654	17.9766	-0.6400	1.7648
439	1.1295	1.5483	0.1254	-0.7517	0.6964	17.6483	-0.1090	2.0078
440	1.1212	1.5582	0.1278	-0.7880	0.7372	17.8105	1.8740	1.4902
441	1.1564	1.5882	0.1242	-0.6496	0.8595	17.9661	1.4930	1.7522
442	1.1558	1.5872	0.1260	-0.6543	0.8576	18.0829	2.7390	1.2881
443	1.1574	1.5852	0.1178	-0.6503	0.8518	18.8036	2.0430	1.4577
444	1.1580	1.5829	0.1248	-0.6502	0.8448	18.1084	1.6190	1.7070
445	1.1580	1.5809	0.1183	-0.6525	0.8385	18.9764	1.4650	1.7753
446	1.1562	1.5790	0.1284	-0.6620	0.8331	17.9182	2.0030	1.4495
447	1.1542	1.5778	0.1183	-0.6724	0.8300	19.0980	1.2460	1.6487
448	1.1512	1.5737	0.1242	-0.6869	0.8155	18.2438	2.2190	1.3973
449	1.1492	1.5697	0.1183	-0.6974	0.8016	18.9206	1.8190	1.3239
450	1.1464	1.5672	0.1260	-0.7112	0.7931	18.0192	0.8790	1.9033
451	1.1590	1.5159	0.1236	-0.6630	0.5882	18.2113	1.3710	1.3814
452	1.1532	1.5168	0.1248	-0.6887	0.5922	18.2192	2.6300	1.3182
453	1.1472	1.5192	0.1248	-0.7152	0.6022	18.1314	1.9760	1.3545
454	1.1414	1.5189	0.1260	-0.7412	0.6017	18.3184	2.6800	1.2013
455	1.1370	1.5189	0.1278	-0.7616	0.6021	18.1926	1.4950	1.2081
456	1.1281	1.5218	0.1266	-0.8002	0.6143	18.4285	0.8110	2.7064
457	1.1168	1.5217	0.1266	-0.8487	0.6142	15.5050	1.9800	2.5463
458	1.1081	1.5229	0.1284	-0.8871	0.6198	18.0335	1.1330	1.5026
459	1.1020	1.5255	0.1230	-0.9153	0.6310	18.4139	0.4080	1.6292
460	1.0994	1.5277	0.1254	-0.9293	0.6401	18.5712	-0.0790	1.8855
461	1.1877	1.5308	0.1266	-0.5779	0.6535	18.2723	0.2580	1.6783
462	1.1886	1.5310	0.1278	-0.5756	0.6550	18.3382	0.7210	1.6572
463	1.1877	1.5310	0.1321	-0.5806	0.6558	18.2205	1.6110	1.1663
464	1.1867	1.5316	0.1308	-0.5865	0.6590	18.1539	1.3070	1.3000
465	1.1838	1.5304	0.1284	-0.5998	0.6550	18.7808	2.0932	1.1156
466	1.1772	1.5282	0.1308	-0.6280	0.6469	18.2744	2.9000	0.7633
467	1.1727	1.5258	0.1242	-0.6476	0.6379	18.8599	2.9130	0.9830
468	1.1706	1.5244	0.1230	-0.6583	0.6329	18.9135	2.7040	0.9756
469	1.1691	1.5184	0.1242	-0.6662	0.6094	18.7428	3.8980	0.7158
470	1.1667	1.5130	0.1278	-0.6781	0.5879	18.5093	3.3490	0.7884
471	1.1880	1.5399	0.1248	-0.5943	0.6967	18.7148	2.7582	1.0812
472	1.1818	1.5370	0.1266	-0.6208	0.6862	18.6501	2.5220	1.0764
473	1.1722	1.5340	0.1248	-0.6611	0.6748	18.8371	1.7770	1.1126
474	1.1608	1.5331	0.1248	-0.7089	0.6722	18.8684	1.8340	1.0323
475	1.1480	1.5349	0.1248	-0.7627	0.6801	18.8402	1.7140	0.9691
476	1.1362	1.5364	0.1248	-0.8127	0.6872	19.2924	1.7800	0.9823
477	1.1242	1.5382	0.1364	-0.8639	0.6951	18.5435	2.1410	0.9000
478	1.1124	1.5382	0.1370	-0.9145	0.6960	19.1266	2.2140	0.9180
479	1.1000	1.5371	0.1447	-0.9679	0.6929	18.5567	2.2880	0.7033
480	1.0876	1.5354	0.1421	-1.0215	0.6866	19.4098	2.9050	0.4140
481	1.2778	1.5154	0.1546	-0.2600	0.6072	18.4712	3.0410	0.6599
482	1.2790	1.5166	0.1580	-0.2545	0.6124	18.3589	3.7300	0.2664
483	1.2812	1.5184	0.1512	-0.2449	0.6201	18.4519	3.9810	0.2170
484	1.2872	1.5180	0.1499	-0.2200	0.6189	18.9699	3.0720	0.5053
485	1.2926	1.5170	0.1479	-0.1973	0.6153	18.5690	1.2750	0.8507
486	1.2962	1.5174	0.1408	-0.1818	0.6174	18.3619	-1.1720	1.5544
487	1.3004	1.5180	0.1389	-0.1636	0.6202	18.8699	-3.1890	1.9233
488	1.3041	1.5188	0.1460	-0.1475	0.6239	17.7364	-4.4560	2.1185
489	1.3076	1.5194	0.1479	-0.1320	0.6268	18.8089	-4.9160	2.2306
490	1.3091	1.5212	0.1573	-0.1247	0.6345	18.3665	-5.1080	2.2494
491	1.3642	1.3358	0.1764	0.0986	-0.1112	17.4086	-5.2770	2.2988
492	1.3673	1.3342	0.1786	0.1138	-0.1218	17.4477	-4.9830	2.2964
493	1.3713	1.3307	0.1809	0.1332	-0.1400	18.0022	-4.0000	2.1574
494	1.3760	1.3258	0.1772	0.1550	-0.1639	18.3915	-4.1330	2.2603
495	1.3797	1.3195	0.1587	0.1729	-0.1935	19.1183	-2.5060	1.6709
496	1.3840	1.3134	0.1493	0.1934	-0.2225	18.9786	-0.7760	1.5257
497	1.3868	1.3051	0.1242	0.2083	-0.2606	20.4713	1.6550	0.9291
498	1.3899	1.2997	0.1284	0.2242	-0.2875	19.4433	2.3230	0.8966
499	1.3921	1.2976	0.1166	0.2363	-0.3007	20.5298	3.6920	0.6247
500	1.3914	1.2993	0.1284	0.2370	-0.2992	19.4384	5.0800	0.0501
501	1.3372	1.5266	0.1248	0.0225	0.6108	19.5346	5.7060	0.1401
502	1.3336	1.5240	0.1327	0.0100	0.6010	19.4091	5.3230	0.2151
503	1.3308	1.5220	0.1339	0.0009	0.5936	19.6629	3.8390	0.5733
504	1.3290	1.5202	0.1539	-0.0044	0.5869	19.1786	3.3200	0.7610
505	1.3278	1.5193	0.1628	-0.0072	0.5839	19.2413	2.5710	0.6285
506	1.3240	1.5161	0.1963	-0.0206	0.5713	18.0871	2.7430	0.4636
507	1.3228	1.5134	0.2204	-0.0236	0.5610	17.3479	2.8780	0.5893
508	1.3218	1.5137	0.2328	-0.0258	0.5623	17.5402	2.3430	0.6832
509	1.3198	1.5146	0.2186	-0.0320	0.5663	18.5275	2.9910	0.4261
510	1.3181	1.5163	0.1987	-0.0368	0.5737	17.9074	2.9120	0.3242
1	1.2410	1.5360	0.1266	-0.0362	0.1447	5.3012	1.2840	-0.2497
2	1.2411	1.5355	0.1218	-0.0362	0.1438	5.7818	1.1290	-0.2390
3	1.2413	1.5348	0.1284	-0.0354	0.1418	4.8436	1.0180	-0.2304
4	1.2419	1.5343	0.1302	-0.0334	0.1408	4.8361	0.8560	-0.2121
5	1.2426	1.5334	0.1266	-0.0306	0.1381	5.3635	0.9470	-0.2236
6	1.2441	1.5318	0.1302	-0.0248	0.1325	4.8369	0.8300	-0.2124
7	1.2460	1.5309	0.1272	-0.0172	0.1296	5.2916	0.7840	-0.2279
8	1.2479	1.5293	0.1290	-0.0097	0.1239	5.1043	0.6870	-0.1865
9	1.2504	1.5274	0.1290	0.0004	0.1169	5.0139	0.6870	-0.2277
10	1.2530	1.5258	0.1272	0.0107	0.1113	5.2560	0.6600	-0.2103
11	1.2368	1.5561	0.1266	-0.0544	0.2339	5.5342	0.6720	-0.2505
12	1.2352	1.5563	0.1296	-0.0610	0.2359	5.1412	0.6870	-0.2234
13	1.2338	1.5555	0.1260	-0.0673	0.2342	5.6067	0.6870	-0.2520
14	1.2328	1.5557	0.1296	-0.0715	0.2363	5.0819	0.6950	-0.2671
15	1.2323	1.5562	0.1284	-0.0742	0.2399	5.3183	0.8920	-0.3325
16	1.2329	1.5559	0.1290	-0.0723	0.2399	5.2160	1.1370	-0.3611
17	1.2328	1.5561	0.1284	-0.0728	0.2423	5.5004	1.1830	-0.3811
18	1.2322	1.5568	0.1284	-0.0759	0.2465	4.6959	1.0300	-0.3514
19	1.2315	1.5577	0.1278	-0.0789	0.2516	5.5133	0.9630	-0.3680
20	1.2310	1.5584	0.1278	-0.0815	0.2559	5.5375	0.8520	-0.3296
21	1.2521	1.5117	0.1266	0.0028	0.0693	5.8274	0.8380	-0.3541
22	1.2517	1.5114	0.1296	0.0015	0.0683	5.3738	1.0650	-0.4342
23	1.2508	1.5103	0.1272	-0.0023	0.0641	5.6956	1.1770	-0.4434
24	1.2490	1.5096	0.1278	-0.0095	0.0615	5.9572	1.1320	-0.4217
25	1.2468	1.5094	0.1207	-0.0184	0.0610	6.6013	1.0860	-0.4260
26	1.2444	1.5100	0.1284	-0.0279	0.0637	5.8845	1.0630	-0.4442
27	1.2430	1.5104	0.1266	-0.0337	0.0655	5.8292	0.8910	-0.4066
28	1.2421	1.5112	0.1296	-0.0375	0.0690	5.6178	0.9820	-0.4381
29	1.2410	1.5122	0.1260	-0.0423	0.0734	5.9026	0.8540	-0.4206
30	1.2404	1.5128	0.1278	-0.0450	0.0761	5.2347	0.8160	-0.4364
31	1.2623	1.5261	0.1213	0.0430	0.1297	6.6422	0.9440	-0.4580
32	1.2626	1.5263	0.1284	0.0447	0.1314	5.8140	0.8310	-0.4541
33	1.2628	1.5263	0.1266	0.0457	0.1320	5.3481	0.7990	-0.4410
34	1.2624	1.5267	0.1296	0.0445	0.1341	5.7900	0.7330	-0.4561
35	1.2613	1.5273	0.1266	0.0401	0.1372	6.3656	0.7700	-0.4852
36	1.2598	1.5285	0.1296	0.0344	0.1427	5.7904	0.8100	-0.4974
37	1.2592	1.5294	0.1284	0.0322	0.1473	6.0876	0.8040	-0.4946
38	1.2587	1.5308	0.1278	0.0306	0.1535	6.0091	0.0000	0.8615
39	1.2577	1.5324	0.1278	0.0267	0.1609	6.2211	0.3580	-0.4082
40	1.2577	1.5333	0.1290	0.0269	0.1650	6.1546	0.2170	-0.3802
41	1.2537	1.5097	0.1272	0.0112	0.0710	6.0346	0.1700	-0.3741
42	1.2509	1.5105	0.1207	0.0000	0.0745	7.2728	0.2050	-0.3816
43	1.2474	1.5122	0.1284	-0.0141	0.0814	6.1313	0.3100	-0.4052
44	1.2444	1.5131	0.1315	-0.0264	0.0855	6.1000	0.0690	-0.3192
45	1.2414	1.5144	0.1272	-0.0386	0.0913	6.3372	0.1370	-0.3756
46	1.2380	1.5158	0.1321	-0.0526	0.0970	5.2463	0.1490	-0.3646
47	1.2351	1.5159	0.1266	-0.0644	0.0978	6.4103	-0.0050	-0.3329
48	1.2332	1.5157	0.1296	-0.0726	0.0973	5.5419	0.0310	-0.3677
49	1.2307	1.5154	0.1260	-0.0831	0.0966	6.6038	-0.1130	-0.2930
50	1.2290	1.5144	0.1290	-0.0902	0.0931	6.3872	0.1070	-0.3999
51	1.2367	1.5208	0.1296	-0.0596	0.1191	6.2175	0.1650	-0.3991
52	1.2358	1.5191	0.1290	-0.0636	0.1128	6.5635	0.2490	-0.4042
53	1.2360	1.5173	0.1260	-0.0633	0.1062	6.5932	0.0700	-0.3314
54	1.2385	1.5147	0.1290	-0.0537	0.0960	6.5639	-0.0230	-0.3449
55	1.2422	1.5115	0.1183	-0.0391	0.0837	7.5150	0.0710	-0.3863
56	1.2462	1.5075	0.1278	-0.0231	0.0679	6.7104	0.0140	-0.3350
57	1.2512	1.5031	0.1189	-0.0029	0.0503	7.4471	0.0310	-0.3712
58	1.2550	1.4991	0.1284	0.0121	0.0343	6.8150	-0.0200	-0.3507
59	1.2599	1.4939	0.1278	0.0322	0.0131	6.4949	-0.0200	-0.3481
60	1.2638	1.4897	0.1272	0.0483	-0.0039	6.7120	0.0270	-0.3858
61	1.2140	1.5499	0.1207	-0.1518	0.2382	7.5211	0.1930	-0.4311
62	1.2133	1.5511	0.1272	-0.1557	0.2443	6.8277	0.2040	-0.3978
63	1.2132	1.5522	0.1284	-0.1569	0.2501	6.6530	0.2860	-0.4269
64	1.2134	1.5536	0.1272	-0.1570	0.2570	6.8887	0.2870	-0.4210
65	1.2124	1.5551	0.1278	-0.1619	0.2643	6.8469	0.4070	-0.4931
66	1.2113	1.5572	0.1278	-0.1676	0.2743	7.0594	0.4500	-0.4543
67	1.2121	1.5595	0.1284	-0.1652	0.2849	6.9566	0.5290	-0.4963
68	1.2138	1.5617	0.1207	-0.1592	0.2954	7.8562	0.6260	-0.5189
69	1.2159	1.5630	0.1278	-0.1519	0.3019	7.0301	0.6850	-0.5436
70	1.2179	1.5629	0.1284	-0.1444	0.3032	7.2862	0.5060	-0.4717
71	1.2029	1.5249	0.1266	-0.2056	0.1519	7.1627	0.4270	-0.4705
72	1.2030	1.5241	0.1290	-0.2064	0.1490	7.0848	0.2300	-0.4318
73	1.2039	1.5223	0.1278	-0.2042	0.1425	7.0793	0.0980	-0.4238
74	1.2049	1.5200	0.1284	-0.2011	0.1338	7.1581	-0.0100	-0.3903
75	1.2064	1.5173	0.1207	-0.1965	0.1234	7.9976	-0.1180	-0.3548
76	1.2087	1.5144	0.1302	-0.1882	0.1120	7.1835	0.0090	-0.4312
77	1.2114	1.5113	0.1290	-0.1785	0.1000	6.9357	0.0140	-0.4217
78	1.2138	1.5085	0.1302	-0.1695	0.0890	7.1226	-0.1820	-0.3376
79	1.2164	1.5058	0.1284	-0.1600	0.0786	7.0097	-0.2660	-0.3204
80	1.2182	1.5042	0.1302	-0.1537	0.0721	7.1773	-0.3110	-0.3431
81	1.2226	1.5416	0.1213	-0.1368	0.2227	8.1582	-0.3080	-0.3372
82	1.2216	1.5425	0.1284	-0.1414	0.2276	7.3904	-0.3920	-0.2978
83	1.2193	1.5442	0.1284	-0.1514	0.2355	7.1193	-0.3560	-0.3248
84	1.2160	1.5475	0.1284	-0.1654	0.2498	7.4514	-0.5090	-0.1874
85	1.2126	1.5513	0.1266	-0.1801	0.2661	7.5176	-0.4330	-0.3086
86	1.2102	1.5548	0.1284	-0.1905	0.2815	7.4521	-0.2920	-0.3450
87	1.2078	1.5586	0.1290	-0.2011	0.2982	7.4098	-0.1740	-0.3404
88	1.2064	1.5620	0.1284	-0.2080	0.3134	7.4524	-0.1430	-0.3402
89	1.2061	1.5660	0.1284	-0.2102	0.3312	7.4832	-0.0400	-0.3738
90	1.2063	1.5697	0.1278	-0.2104	0.3476	7.7011	0.0080	-0.3808
91	1.2392	1.4048	0.1272	-0.0794	-0.3145	7.8590	0.1640	-0.4291
92	1.2393	1.4045	0.1290	-0.0792	-0.3179	7.4899	0.2320	-0.4125
93	1.2396	1.4039	0.1272	-0.0780	-0.3226	7.7986	0.2420	-0.4390
94	1.2401	1.4036	0.1284	-0.0764	-0.3265	7.5036	0.4950	-0.5063
95	1.2401	1.4039	0.1272	-0.0768	-0.3275	7.7394	0.6400	-0.5206
96	1.2398	1.4053	0.1272	-0.0782	-0.3243	7.2340	0.8220	-0.5713
97	1.2386	1.4074	0.1266	-0.0832	-0.3182	7.8734	0.9930	-0.6217
98	1.2366	1.4099	0.1302	-0.0913	-0.3105	7.5884	1.1730	-0.6380
99	1.2341	1.4124	0.1278	-0.1017	-0.3026	7.9107	1.5130	-0.7336
100	1.2316	1.4141	0.1218	-0.1125	-0.2981	8.8942	1.5210	-0.7311
101	1.2397	1.5091	0.1272	-0.0800	0.0823	8.1531	1.5190	-0.7573
102	1.2385	1.5106	0.1302	-0.0855	0.0886	7.9419	1.5270	-0.7706
103	1.2372	1.5117	0.1278	-0.0910	0.0931	7.7795	1.7080	-0.8256
104	1.2363	1.5125	0.1296	-0.0946	0.0968	7.8329	1.7630	-0.8577
105	1.2369	1.5128	0.1266	-0.0927	0.0983	7.9261	1.8170	-0.8681
106	1.2383	1.5138	0.1284	-0.0875	0.1024	7.9797	1.8220	-0.9146
107	1.2381	1.5145	0.1260	-0.0883	0.1058	7.4110	1.9990	-0.9521
108	1.2376	1.5157	0.1296	-0.0909	0.1109	8.0165	2.1690	-1.0246
109	1.2377	1.5154	0.1266	-0.0908	0.1102	8.4098	2.3000	-1.0479
110	1.2390	1.5152	0.1290	-0.0856	0.1095	8.2658	2.3350	-1.0814
111	1.2221	1.5525	0.1278	-0.1541	0.2600	7.4207	2.3670	-1.1011
112	1.2235	1.5516	0.1284	-0.1491	0.2580	8.0306	2.1690	-1.0895
113	1.2240	1.5521	0.1278	-0.1478	0.2612	8.1940	1.9030	-1.0398
114	1.2232	1.5531	0.1284	-0.1515	0.2666	8.0919	1.8926	-1.0599
115	1.2232	1.5537	0.1278	-0.1522	0.2703	8.3761	1.7720	-1.0675
116	1.2225	1.5538	0.1284	-0.1556	0.2721	8.2135	1.8200	-1.1129
117	1.2213	1.5535	0.1278	-0.1612	0.2719	8.4375	1.8220	-1.1086
118	1.2212	1.5520	0.1207	-0.1623	0.2673	9.2648	1.8380	-1.1279
119	1.2230	1.5500	0.1284	-0.1557	0.2606	8.4871	0.7830	-0.4817
120	1.2245	1.5495	0.1284	-0.1503	0.2598	8.6329	1.7550	-1.1297
121	1.2250	1.5136	0.1296	-0.1490	0.1167	8.1487	1.6210	-1.1454
122	1.2275	1.5137	0.1272	-0.1399	0.1173	8.5901	1.6830	-1.1893
123	1.2306	1.5130	0.1207	-0.1277	0.1148	9.4058	1.7330	-1.2186
124	1.2345	1.5107	0.1302	-0.1128	0.1058	8.5921	1.8340	-1.2620
125	1.2373	1.5098	0.1284	-0.1018	0.1027	8.4773	1.7020	-1.1995
126	1.2375	1.5111	0.1308	-0.1013	0.1081	8.4579	1.6670	-1.2017
127	1.2379	1.5109	0.1278	-0.0998	0.1074	8.5511	1.5660	-1.2006
128	1.2384	1.5106	0.1296	-0.0982	0.1065	8.6652	1.3340	-1.1560
129	1.2395	1.5094	0.1272	-0.0939	0.1019	8.0909	1.2950	-1.1789
130	1.2394	1.5089	0.1284	-0.0949	0.1003	8.9268	1.0490	-1.1151
131	1.2380	1.5075	0.1290	-0.1008	0.0947	8.5755	1.0110	-1.1400
132	1.2338	1.5062	0.1207	-0.1180	0.0898	9.6686	1.0320	-1.1502
133	1.2246	1.5000	0.1278	-0.1555	0.0649	8.9639	1.1010	-1.1989
134	1.2126	1.4891	0.1290	-0.2042	0.0212	8.7277	1.2820	-1.2704
135	1.2025	1.4760	0.1278	-0.2457	-0.0318	8.9640	1.7340	-1.4176
136	1.1920	1.4653	0.1290	-0.2891	-0.0754	8.8492	1.7630	-1.3769
137	1.1818	1.4587	0.1290	-0.3319	-0.1028	8.8796	2.1820	-1.5416
138	1.1716	1.4515	0.1296	-0.3747	-0.1328	8.1217	2.4520	-1.6136
139	1.1631	1.4453	0.1284	-0.4105	-0.1592	9.0139	2.4410	-1.6054
140	1.1558	1.4401	0.1272	-0.4422	-0.1815	9.1830	2.7320	-1.6530
141	1.2333	1.5168	0.1207	-0.1328	0.1258	9.8179	3.0060	-1.7921
142	1.2347	1.5192	0.1296	-0.1275	0.1358	9.0148	2.7160	-1.6922
143	1.2371	1.5226	0.1195	-0.1181	0.1502	9.8999	2.6550	-1.6937
144	1.2409	1.5259	0.1284	-0.1033	0.1638	9.2833	2.5330	-1.6377
145	1.2466	1.5287	0.1278	-0.0807	0.1758	9.0242	2.5290	-1.7118
146	1.2546	1.5321	0.1284	-0.0483	0.1903	9.2836	2.5250	-1.7740
147	1.2639	1.5357	0.1266	-0.0107	0.2054	9.3504	2.4920	-1.7766
148	1.2753	1.5389	0.1284	0.0354	0.2192	9.4058	2.6700	-1.8875
149	1.2879	1.5431	0.1284	0.0866	0.2370	9.1340	2.6790	-1.8826
150	1.2946	1.5457	0.1284	0.1146	0.2486	9.2727	2.0000	-1.4899
151	1.2720	1.3621	0.1284	0.0248	-0.4891	9.2972	2.5820	-1.8743
152	1.2732	1.3630	0.1207	0.0302	-0.4889	10.3182	2.4400	-1.8718
153	1.2782	1.3643	0.1284	0.0508	-0.4872	9.2385	2.6310	-1.9783
154	1.2842	1.3657	0.1224	0.0759	-0.4851	10.1678	2.6970	-2.0329
155	1.2926	1.3648	0.1266	0.1103	-0.4921	9.8197	2.8350	-2.1492
156	1.3018	1.3642	0.1308	0.1484	-0.4977	9.3406	2.7950	-2.0558
157	1.3138	1.3633	0.1290	0.1981	-0.5049	9.5295	2.5620	-2.0438
158	1.3287	1.3609	0.1290	0.2598	-0.5180	8.7256	2.4060	-2.0296
159	1.3429	1.3567	0.1272	0.3188	-0.5381	9.6876	2.4020	-2.0639
160	1.3521	1.3554	0.1302	0.3583	-0.5469	9.3420	2.4010	-2.0953
161	1.2464	1.5234	0.1266	-0.0647	0.1256	9.7422	2.6480	-2.1951
162	1.2498	1.5237	0.1272	-0.0511	0.1275	10.0035	2.5850	-2.1990
163	1.2544	1.5233	0.1195	-0.0326	0.1262	10.6561	2.7220	-2.2216
164	1.2613	1.5198	0.1284	-0.0050	0.1130	9.7985	2.8410	-2.2767
165	1.2687	1.5171	0.1290	0.0253	0.1025	9.6956	2.9620	-2.3059
166	1.2763	1.5144	0.1296	0.0565	0.0919	9.6531	2.9320	-2.3613
167	1.2825	1.5119	0.1290	0.0820	0.0825	9.6363	3.1440	-2.4720
168	1.2886	1.5089	0.1302	0.1073	0.0704	9.8844	3.2710	-2.4905
169	1.2955	1.5071	0.1272	0.1359	0.0633	9.1444	3.2560	-2.5317
170	1.3017	1.5032	0.1308	0.1623	0.0479	9.6895	3.4700	-2.6195
171	1.2477	1.5232	0.1278	-0.0541	0.1286	9.9579	3.5090	-2.6323
172	1.2479	1.5219	0.1296	-0.0533	0.1241	9.8912	3.6030	-2.6739
173	1.2465	1.5194	0.1218	-0.0590	0.1145	10.7956	4.0040	-2.8298
174	1.2491	1.5164	0.1284	-0.0486	0.1028	10.0983	4.1860	-2.8172
175	1.2563	1.5122	0.1296	-0.0196	0.0865	9.9223	4.2840	-2.8660
176	1.2619	1.5079	0.1278	0.0033	0.0692	10.2924	4.1690	-2.8194
177	1.2662	1.5046	0.1290	0.0209	0.0560	9.9961	4.0660	-2.7544
178	1.2676	1.5044	0.1296	0.0269	0.0557	10.0139	4.0200	-2.8260
179	1.2663	1.5064	0.1201	0.0222	0.0636	10.9968	4.0660	-2.8224
180	1.2616	1.5073	0.1272	0.0036	0.0677	10.3536	3.9890	-2.7362
181	1.2456	1.5234	0.1284	-0.0606	0.1325	9.9923	3.9400	-2.8300
182	1.2459	1.5220	0.1266	-0.0593	0.1274	10.4204	3.7640	-2.7068
183	1.2452	1.5228	0.1278	-0.0624	0.1312	10.1860	3.6430	-2.7362
184	1.2405	1.5275	0.1278	-0.0813	0.1507	10.5191	3.7390	-2.7534
185	1.2369	1.5346	0.1278	-0.0961	0.1798	10.3077	3.8400	-2.7288
186	1.2354	1.5416	0.1308	-0.1024	0.2092	10.0334	4.3070	-2.9050
187	1.2338	1.5489	0.1272	-0.1095	0.2394	10.5620	3.7300	-2.5548
188	1.2314	1.5551	0.1224	-0.1193	0.2655	11.0927	3.7710	-2.7370
189	1.2294	1.5646	0.1278	-0.1278	0.3052	10.4123	4.0290	-2.7902
190	1.2278	1.5760	0.1290	-0.1350	0.3529	9.7618	4.1220	-2.8688
1	1.2200	1.5310	0.0000	-0.1207	0.1248	0.0000	0.5210	0.0000
2	1.2197	1.5308	0.1278	-0.1225	0.1247	5.2778	0.3400	-0.0776
3	1.2190	1.5302	0.1284	-0.1261	0.1232	4.9323	0.3280	-0.0755
4	1.2171	1.5297	0.1278	-0.1348	0.1217	5.3389	0.4860	-0.1277
5	1.2149	1.5289	0.1284	-0.1442	0.1195	4.8729	0.4810	-0.1148
6	1.2122	1.5274	0.1302	-0.1563	0.1142	4.9864	0.4540	-0.1187
7	1.2089	1.5255	0.1272	-0.1705	0.1072	5.1387	0.5370	-0.1392
8	1.2057	1.5236	0.1230	-0.1841	0.1002	5.9128	0.4940	-0.1115
9	1.2020	1.5216	0.1278	-0.2001	0.0927	5.2479	0.6040	-0.1585
10	1.1987	1.5197	0.1284	-0.2149	0.0855	5.5657	0.9260	-0.2615
11	1.2290	1.5688	0.1284	-0.0943	0.2838	4.5087	0.9670	-0.2340
12	1.2295	1.5683	0.1218	-0.0925	0.2832	6.1650	1.1550	-0.2928
13	1.2297	1.5668	0.1284	-0.0923	0.2789	5.2857	1.1600	-0.3244
14	1.2294	1.5639	0.1166	-0.0940	0.2689	6.9165	0.9470	-0.2534
15	1.2287	1.5616	0.1296	-0.0975	0.2613	5.4447	0.8110	-0.2443
16	1.2285	1.5582	0.1296	-0.0987	0.2493	5.2319	0.5450	-0.1915
17	1.2289	1.5541	0.1296	-0.0975	0.2342	5.2622	0.4250	-0.1519
18	1.2299	1.5492	0.1284	-0.0942	0.2157	5.4384	0.5320	-0.2494
19	1.2309	1.5444	0.1290	-0.0905	0.1977	5.5174	0.4240	-0.2177
20	1.2311	1.5420	0.1236	-0.0901	0.1892	5.4060	0.3560	-0.1942
21	1.3736	1.4785	0.1290	0.4827	-0.0652	5.3786	0.3800	-0.2160
22	1.3723	1.4797	0.1284	0.4807	-0.0609	5.7853	0.1440	-0.1372
23	1.3702	1.4805	0.1290	0.4755	-0.0583	4.8428	0.0000	-0.0442
24	1.3679	1.4813	0.1308	0.4692	-0.0556	5.6149	0.1700	-0.1225
25	1.3646	1.4821	0.1278	0.4585	-0.0527	4.9900	0.0760	-0.1124
26	1.3609	1.4823	0.1308	0.4468	-0.0527	5.4925	0.0140	-0.1268
27	1.3568	1.4823	0.1272	0.4331	-0.0530	4.9479	-0.0160	-0.1159
28	1.3515	1.4812	0.1296	0.4144	-0.0579	5.7001	0.1110	-0.1471
29	1.3465	1.4782	0.1272	0.3966	-0.0706	6.0215	0.1120	-0.1307
30	1.3418	1.4748	0.1315	0.3803	-0.0846	5.5350	0.2910	-0.2069
31	1.2320	1.5113	0.1302	-0.0596	0.0618	5.6452	0.2350	-0.1789
32	1.2311	1.5108	0.1308	-0.0634	0.0600	5.7240	0.3810	-0.2358
33	1.2303	1.5098	0.1284	-0.0674	0.0561	5.7439	0.4910	-0.2494
34	1.2285	1.5083	0.1290	-0.0749	0.0504	6.0048	0.6530	-0.2911
35	1.2264	1.5060	0.1272	-0.0838	0.0412	6.1317	0.8110	-0.3287
36	1.2246	1.5033	0.1290	-0.0917	0.0306	6.0054	1.0050	-0.3935
37	1.2215	1.5014	0.1278	-0.1050	0.0232	5.8790	1.1690	-0.4076
38	1.2181	1.4995	0.1290	-0.1194	0.0156	6.0668	1.4040	-0.4713
39	1.2140	1.4970	0.1290	-0.1368	0.0054	6.1584	1.5500	-0.5319
40	1.2100	1.4947	0.1290	-0.1537	-0.0039	6.1218	1.6940	-0.5735
41	1.2513	1.5248	0.1284	0.0117	0.1169	6.1582	1.6250	-0.5291
42	1.2503	1.5235	0.1296	0.0076	0.1124	5.9822	1.4350	-0.5241
43	1.2491	1.5216	0.1302	0.0029	0.1053	5.8789	1.3500	-0.5138
44	1.2472	1.5194	0.1278	-0.0048	0.0971	6.2614	1.2340	-0.4991
45	1.2448	1.5167	0.1201	-0.0145	0.0866	7.0986	1.1900	-0.5147
46	1.2423	1.5138	0.1278	-0.0247	0.0752	6.3838	1.1090	-0.5327
47	1.2401	1.5111	0.1213	-0.0338	0.0648	7.1403	1.1250	-0.5238
48	1.2375	1.5078	0.1308	-0.0444	0.0517	6.0800	1.1890	-0.5484
49	1.2354	1.5039	0.1302	-0.0533	0.0363	6.1236	1.0370	-0.4951
50	1.2342	1.5014	0.1302	-0.0583	0.0265	6.3850	0.9070	-0.4960
51	1.2356	1.5411	0.1290	-0.0532	0.1864	6.1977	0.8040	-0.4274
52	1.2367	1.5396	0.1290	-0.0494	0.1814	6.5923	0.8480	-0.5053
53	1.2387	1.5384	0.1266	-0.0414	0.1774	6.3686	0.9160	-0.5379
54	1.2414	1.5377	0.1284	-0.0307	0.1754	6.6041	0.9430	-0.5717
55	1.2419	1.5361	0.1284	-0.0290	0.1699	6.5131	0.9250	-0.5464
56	1.2427	1.5339	0.1290	-0.0261	0.1619	6.6530	1.0120	-0.5811
57	1.2433	1.5315	0.1266	-0.0237	0.1532	6.9063	1.0400	-0.5896
58	1.2433	1.5295	0.1290	-0.0239	0.1460	6.6469	1.0980	-0.6236
59	1.2430	1.5274	0.1284	-0.0254	0.1385	6.6893	1.1112	-0.6535
60	1.2422	1.5254	0.1296	-0.0288	0.1308	6.6893	1.1840	-0.6869
61	1.2460	1.5344	0.1296	-0.0136	0.1679	6.5918	0.9490	-0.5807
62	1.2435	1.5341	0.1296	-0.0238	0.1674	6.7438	0.6360	-0.5340
63	1.2398	1.5337	0.1201	-0.0390	0.1669	7.4966	0.3510	-0.4962
64	1.2356	1.5341	0.1284	-0.0559	0.1691	6.8289	0.2010	-0.4759
65	1.2306	1.5343	0.1290	-0.0764	0.1709	6.7259	0.0500	-0.4545
66	1.2251	1.5348	0.1284	-0.0992	0.1735	6.8293	0.0270	-0.4360
67	1.2188	1.5347	0.1302	-0.1252	0.1742	6.7014	-0.0310	-0.4362
68	1.2117	1.5340	0.1290	-0.1544	0.1723	6.9386	-0.2040	-0.3757
69	1.2047	1.5328	0.1302	-0.1836	0.1681	6.7621	-0.3700	-0.3467
70	1.1986	1.5316	0.1290	-0.2093	0.1642	7.1149	-0.4020	-0.3568
71	1.2645	1.5030	0.1272	0.0548	0.0499	6.9929	-0.4390	-0.3293
72	1.2628	1.5040	0.1284	0.0480	0.0540	6.9992	-0.4260	-0.3463
73	1.2606	1.5040	0.1290	0.0398	0.0541	6.9574	-0.4730	-0.3353
74	1.2584	1.5034	0.1284	0.0311	0.0517	7.3040	-0.3640	-0.3593
75	1.2553	1.5031	0.1290	0.0187	0.0507	6.8980	-0.2200	-0.3765
76	1.2516	1.5020	0.1308	0.0039	0.0462	7.0122	3.0000	-1.0350
77	1.2470	1.5019	0.1284	-0.0146	0.0459	7.0920	-0.2360	-0.3781
78	1.2411	1.5015	0.1302	-0.0381	0.0444	7.0244	-0.1940	-0.4098
79	1.2348	1.5020	0.1266	-0.0638	0.0465	7.3094	-0.2110	-0.3930
80	1.2276	1.5032	0.1308	-0.0930	0.0513	7.0664	-0.2550	-0.3783
81	1.2391	1.5018	0.1266	-0.0476	0.0457	7.3639	-0.1980	-0.3815
82	1.2381	1.4992	0.1290	-0.0516	0.0352	7.1648	-0.1790	-0.4031
83	1.2369	1.4965	0.1207	-0.0568	0.0243	8.1314	-0.2080	-0.3679
84	1.2352	1.4899	0.1278	-0.0642	-0.0024	7.6083	-0.2560	-0.3787
85	1.2339	1.4825	0.1290	-0.0697	-0.0322	7.1905	-0.3430	-0.3435
86	1.2328	1.4753	0.1278	-0.0747	-0.0615	7.7306	-0.3950	-0.3397
87	1.2311	1.4681	0.1290	-0.0817	-0.0914	7.1919	-0.3100	-0.3316
88	1.2296	1.4599	0.1302	-0.0884	-0.1250	7.5010	-0.2350	-0.3781
89	1.2283	1.4521	0.1308	-0.0939	-0.1576	7.0941	-0.1670	-0.3553
90	1.2268	1.4456	0.1284	-0.1005	-0.1849	7.8358	-0.1240	-0.3850
91	1.2471	1.5283	0.1290	-0.0197	0.1466	7.3622	-0.0630	-0.4006
92	1.2463	1.5283	0.1284	-0.0228	0.1476	7.5257	-0.0220	-0.3995
93	1.2433	1.5291	0.1296	-0.0350	0.1514	6.5804	0.0590	-0.4290
94	1.2390	1.5296	0.1278	-0.0523	0.1541	7.6600	0.1340	-0.4404
95	1.2347	1.5299	0.1284	-0.0702	0.1558	6.8458	0.1620	-0.4574
96	1.2308	1.5302	0.1284	-0.0861	0.1580	7.8302	-0.0400	-0.3833
97	1.2271	1.5308	0.1296	-0.1013	0.1613	6.8782	1.3380	-1.2571
98	1.2243	1.5315	0.1278	-0.1133	0.1648	8.0857	0.0990	-0.4545
99	1.2207	1.5339	0.1290	-0.1286	0.1750	7.7274	0.1060	-0.4253
100	1.2182	1.5357	0.1296	-0.1394	0.1833	7.5582	0.1310	-0.4253
101	1.2259	1.5143	0.1272	-0.1090	0.0980	7.8192	0.3140	-0.5323
102	1.2229	1.5130	0.1213	-0.1216	0.0933	8.8054	0.3770	-0.4937
103	1.2192	1.5113	0.1266	-0.1372	0.0866	8.1336	0.1810	-0.4651
104	1.2155	1.5094	0.1224	-0.1529	0.0793	8.7863	0.1150	-0.4146
105	1.2124	1.5080	0.1278	-0.1661	0.0738	7.9838	0.1570	-0.4797
106	1.2087	1.5051	0.1284	-0.1823	0.0623	8.1840	0.1290	-0.4604
107	1.2045	1.5020	0.1290	-0.2000	0.0500	7.3029	0.2510	-0.4901
108	1.1997	1.4979	0.1302	-0.2207	0.0334	7.8436	0.2340	-0.4716
109	1.1944	1.4933	0.1290	-0.2430	0.0149	8.0811	0.2720	-0.4807
110	1.1895	1.4888	0.1207	-0.2642	-0.0033	9.2297	0.3070	-0.5077
111	1.2435	1.4945	0.1278	-0.0485	0.0192	8.3365	0.2960	-0.4917
112	1.2410	1.4947	0.1218	-0.0587	0.0201	9.0220	0.1080	-0.4688
113	1.2385	1.4944	0.1284	-0.0689	0.0186	8.1431	-0.0110	-0.4290
114	1.2363	1.4939	0.1315	-0.0781	0.0165	7.9895	-0.2280	-0.3855
115	1.2352	1.4935	0.1278	-0.0829	0.0148	8.5192	-0.3890	-0.3762
116	1.2333	1.4922	0.1315	-0.0909	0.0095	7.9289	-0.4680	-0.3038
117	1.2303	1.4896	0.1296	-0.1034	-0.0011	8.3008	-0.5490	-0.3305
118	1.2272	1.4862	0.1308	-0.1162	-0.0150	8.0634	-0.6310	-0.2738
119	1.2241	1.4821	0.1284	-0.1293	-0.0321	8.3870	-0.4420	-0.3593
120	1.2205	1.4786	0.1278	-0.1445	-0.0466	8.4842	-0.4680	-0.3035
121	1.2303	1.5066	0.1284	-0.1059	0.0657	8.4421	-0.3740	-0.3476
122	1.2305	1.5067	0.1278	-0.1055	0.0660	7.9474	-0.3590	-0.3323
123	1.2308	1.5071	0.1278	-0.1048	0.0681	8.3951	-0.3450	-0.3338
124	1.2317	1.5074	0.1308	-0.1016	0.0695	7.6439	-0.3630	-0.3460
125	1.2318	1.5081	0.1266	-0.1015	0.0724	8.6011	-0.3670	-0.3351
126	1.2317	1.5120	0.1290	-0.1025	0.0882	8.7046	-0.3300	-0.3065
127	1.2310	1.5158	0.1260	-0.1059	0.1039	8.7944	-0.3160	-0.3252
128	1.2277	1.5194	0.1284	-0.1196	0.1188	8.7716	-0.2810	-0.3268
129	1.2221	1.5259	0.1278	-0.1425	0.1454	8.6331	-0.1520	-0.3834
130	1.2168	1.5313	0.1302	-0.1645	0.1677	8.6079	-0.0600	-0.4013
131	1.1714	1.4068	0.1290	-0.3481	-0.3327	8.6569	0.2310	-0.5037
132	1.1712	1.4074	0.1290	-0.3509	-0.3326	8.6871	0.3650	-0.4708
133	1.1712	1.4090	0.1266	-0.3531	-0.3284	8.8272	0.3800	-0.4878
134	1.1706	1.4114	0.1296	-0.3574	-0.3210	8.7362	0.4510	-0.5136
135	1.1693	1.4143	0.1278	-0.3647	-0.3117	8.7434	0.7480	-0.5509
136	1.1667	1.4189	0.1302	-0.3772	-0.2953	8.9065	0.6650	-0.5741
137	1.1642	1.4232	0.1290	-0.3891	-0.2799	8.8393	0.5300	-0.5411
138	1.1620	1.4262	0.1296	-0.4004	-0.2697	8.9792	0.3350	-0.4854
139	1.1598	1.4291	0.1278	-0.4114	-0.2599	9.1669	0.3200	-0.5019
140	1.1580	1.4318	0.1290	-0.4207	-0.2506	9.1066	-0.0200	-0.3167
141	1.2274	1.5219	0.1207	-0.1438	0.1103	9.7704	0.0150	-0.4154
142	1.2303	1.5210	0.1290	-0.1327	0.1069	8.9197	-0.0750	-0.3915
143	1.2322	1.5214	0.1296	-0.1255	0.1094	8.8776	-0.0560	-0.4406
144	1.2323	1.5220	0.1290	-0.1255	0.1123	9.1626	-0.1820	-0.3612
145	1.2303	1.5220	0.1296	-0.1340	0.1128	8.9989	0.0890	-0.4567
146	1.2317	1.5212	0.1284	-0.1287	0.1101	9.1746	-0.0160	-0.3940
147	1.2293	1.5201	0.1290	-0.1388	0.1062	8.2997	-0.0980	-0.3846
148	1.2230	1.5190	0.1302	-0.1650	0.1023	9.0167	-0.2142	-0.3328
149	1.2146	1.5211	0.1296	-0.1994	0.1112	8.4053	-0.3730	-0.3499
150	1.2058	1.5245	0.1278	-0.2357	0.1252	9.6071	-0.7580	-0.2098
151	1.2254	1.5410	0.1278	-0.1580	0.1924	9.3276	-0.9770	-0.1889
152	1.2230	1.5442	0.1290	-0.1681	0.2062	9.3943	-1.0000	-0.2649
153	1.2225	1.5499	0.1278	-0.1709	0.2305	9.4486	-0.7120	-0.2784
154	1.2246	1.5561	0.1224	-0.1632	0.2566	10.3067	-0.4680	0.0767
155	1.2272	1.5610	0.1278	-0.1533	0.2778	9.4493	-0.4100	-0.3086
156	1.2289	1.5695	0.1284	-0.1468	0.3134	9.7108	-0.7550	-0.2321
157	1.2312	1.5772	0.1284	-0.1384	0.3462	9.2573	-0.6800	-0.2529
158	1.2340	1.5849	0.1284	-0.1273	0.3792	9.5288	-1.1570	-0.0828
159	1.2365	1.5935	0.1272	-0.1179	0.4156	9.5236	-1.1210	-0.1218
160	1.2384	1.6013	0.1308	-0.1102	0.4495	9.4131	-1.6560	0.0201
161	1.2494	1.5324	0.1284	-0.0664	0.1747	9.6687	-1.5030	-0.0414
162	1.2499	1.5305	0.1302	-0.0645	0.1680	9.4801	-1.5270	-0.0302
163	1.2513	1.5275	0.1278	-0.0587	0.1564	9.6208	-1.6490	0.0576
164	1.2540	1.5252	0.1296	-0.0478	0.1480	9.6754	-1.4090	-0.0225
165	1.2591	1.5242	0.1266	-0.0271	0.1446	9.9472	-1.3130	-0.0364
166	1.2625	1.5243	0.1290	-0.0134	0.1458	9.5673	-1.2090	-0.1062
167	1.2657	1.5237	0.1284	-0.0003	0.1437	9.7308	-1.0270	-0.1040
168	1.2685	1.5224	0.1284	0.0113	0.1390	8.9307	-0.7770	-0.1233
169	1.2727	1.5184	0.1278	0.0287	0.1236	9.8646	-0.3750	-0.1918
170	1.2756	1.5152	0.1308	0.0410	0.1114	9.6451	-0.2800	-0.1887
171	1.2382	1.5378	0.1213	-0.1088	0.2027	10.7058	-0.1100	-0.1997
172	1.2322	1.5415	0.1315	-0.1331	0.2186	9.7542	-0.1090	-0.1917
173	1.2276	1.5490	0.1195	-0.1522	0.2494	10.9172	-0.2020	-0.1800
174	1.2213	1.5610	0.1290	-0.1780	0.2991	10.0476	-0.0880	-0.2131
175	1.2165	1.5779	0.1272	-0.1982	0.3688	10.0537	0.0210	-0.2293
176	1.2098	1.5967	0.1290	-0.2260	0.4464	10.0481	0.0740	-0.2572
177	1.2019	1.6135	0.1278	-0.2588	0.5164	10.1032	0.3650	-0.3212
178	1.1978	1.6261	0.1290	-0.2766	0.5699	10.1700	0.5140	-0.3491
179	1.1986	1.6356	0.1290	-0.2744	0.6113	9.1301	0.6580	-0.3810
180	1.2004	1.6412	0.1308	-0.2688	0.6372	9.9390	0.4220	-0.2854
181	1.2292	1.5178	0.1218	-0.1538	0.1441	10.9833	0.2440	-0.3176
182	1.2272	1.5166	0.1290	-0.1625	0.1397	10.2136	0.4830	-0.3772
183	1.2280	1.5157	0.1260	-0.1599	0.1366	9.7716	0.6720	-0.3721
184	1.2276	1.5134	0.1290	-0.1622	0.1274	10.2144	0.2190	-0.2650
185	1.2267	1.5113	0.1284	-0.1660	0.1193	9.4850	-0.2270	-0.1617
186	1.2297	1.5070	0.1284	-0.1547	0.1025	10.4697	-0.1380	-0.2398
187	1.2327	1.5046	0.1260	-0.1432	0.0929	10.9113	-0.6020	-0.1049
188	1.2372	1.5035	0.1284	-0.1255	0.0887	10.5913	-0.5680	-0.1684
189	1.2449	1.5024	0.1296	-0.0947	0.0844	10.3543	-0.2910	-0.1604
190	1.2517	1.5006	0.1296	-0.0676	0.0772	10.4393	-0.3740	-0.1466
191	1.2473	1.5217	0.1290	-0.0853	0.1623	10.2343	-0.3370	-0.1579
192	1.2479	1.5199	0.1308	-0.0829	0.1553	10.2869	-0.3050	-0.1546
193	1.2467	1.5192	0.1284	-0.0877	0.1531	10.6096	-0.4560	-0.1241
194	1.2493	1.5166	0.1290	-0.0772	0.1430	10.6890	-0.1560	-0.1726
195	1.2526	1.5125	0.1284	-0.0642	0.1269	10.4892	-0.2480	-0.2168
196	1.2565	1.5087	0.1284	-0.0484	0.1119	10.6951	-0.1110	-0.2517
197	1.2608	1.5021	0.1278	-0.0310	0.0857	10.6775	-0.5390	-0.0602
198	1.2664	1.4946	0.1290	-0.0082	0.0554	10.5626	-0.0950	-0.2615
199	1.2722	1.4872	0.1296	0.0157	0.0257	10.5809	0.0320	-0.2097
200	1.2759	1.4820	0.1284	0.0311	0.0043	10.9940	0.4640	-0.3157
201	1.2224	1.5213	0.1272	-0.1836	0.1621	10.8659	0.6800	-0.3916
202	1.2231	1.5212	0.1290	-0.1813	0.1622	10.8603	0.5370	-0.3406
203	1.2209	1.5213	0.1195	-0.1911	0.1630	11.7917	0.7080	-0.3740
204	1.2185	1.5212	0.1284	-0.2012	0.1631	10.9947	1.0140	-0.4308
205	1.2155	1.5191	0.1266	-0.2141	0.1553	11.0606	1.2570	-0.5858
206	1.2145	1.5163	0.1278	-0.2190	0.1446	10.1683	1.3600	-0.4967
207	1.2123	1.5131	0.1201	-0.2288	0.1322	11.7183	1.7660	-0.6301
208	1.2092	1.5104	0.1296	-0.2422	0.1216	11.0877	1.8440	-0.7281
209	1.2062	1.5099	0.1290	-0.2553	0.1198	10.8268	1.8640	-0.6859
210	1.2048	1.5116	0.1302	-0.2620	0.1268	10.9471	2.0090	-0.7081
211	1.2471	1.5248	0.1284	-0.0930	0.1803	11.0688	2.3149	-0.8189
212	1.2455	1.5221	0.1290	-0.0994	0.1701	11.1477	2.4540	-0.9032
213	1.2427	1.5171	0.1266	-0.1109	0.1504	11.2869	2.5960	-0.9406
214	1.2384	1.5129	0.1284	-0.1281	0.1339	11.1003	2.7390	-0.9774
215	1.2339	1.5084	0.1296	-0.1466	0.1161	10.2135	2.9560	-1.0771
216	1.2296	1.5024	0.1278	-0.1642	0.0923	11.2950	2.9190	-1.0930
217	1.2266	1.4961	0.1278	-0.1772	0.0668	10.5515	2.7610	-1.0143
218	1.2245	1.4896	0.1278	-0.1859	0.0408	11.2961	2.4980	-0.9741
219	1.2210	1.4847	0.1284	-0.2009	0.0208	11.4357	2.3630	-1.0538
220	1.2145	1.4799	0.1290	-0.2277	0.0011	11.2661	2.2300	-1.0483
221	1.2246	1.5388	0.1290	-0.1879	0.2376	10.5163	2.1860	-0.9679
222	1.2239	1.5397	0.1230	-0.1912	0.2422	11.9197	2.0230	-0.9731
223	1.2224	1.5396	0.1272	-0.1980	0.2428	11.5096	1.9290	-1.0260
224	1.2219	1.5367	0.1296	-0.2006	0.2322	11.4919	1.7940	-1.0854
225	1.2185	1.5310	0.1278	-0.2152	0.2101	11.4983	1.6700	-1.0165
226	1.2148	1.5257	0.1308	-0.2308	0.1897	11.2854	1.8320	-1.0963
227	1.2111	1.5223	0.1272	-0.2467	0.1764	11.6319	1.3860	-0.8970
228	1.2056	1.5218	0.1302	-0.2695	0.1751	10.7021	0.7280	-0.8048
229	1.2002	1.5223	0.1266	-0.2925	0.1777	11.7650	0.0000	-0.5322
230	1.1944	1.5239	0.1302	-0.3172	0.1845	11.5958	-0.1240	-0.6556
231	1.2602	1.5308	0.1290	-0.0537	0.2130	11.6444	-0.4100	-0.6523
232	1.2592	1.5339	0.1296	-0.0574	0.2261	10.8846	-0.5870	-0.6036
233	1.2547	1.5398	0.1195	-0.0753	0.2509	12.6069	-1.3380	-0.3830
234	1.2529	1.5502	0.1290	-0.0824	0.2937	11.6762	-1.2080	-0.4915
235	1.2517	1.5623	0.1302	-0.0871	0.3435	11.5609	-1.1630	-0.4001
236	1.2496	1.5702	0.1296	-0.0955	0.3768	10.8323	-0.9000	-0.4368
237	1.2453	1.5779	0.1284	-0.1130	0.4097	11.7812	-0.8540	-0.5365
238	1.2407	1.5842	0.1284	-0.1317	0.4371	11.9932	-0.8650	-0.4530
239	1.2338	1.5923	0.1254	-0.1594	0.4719	11.4896	-1.1220	-0.4177
240	1.2293	1.5991	0.1296	-0.1782	0.5013	12.0249	-0.8680	-0.4567
241	1.2500	1.5315	0.1272	-0.0953	0.2319	11.3874	-1.2370	-0.4032
242	1.2500	1.5316	0.1272	-0.0953	0.2330	12.1335	-0.8100	-0.5350
243	1.2490	1.5327	0.1260	-0.0993	0.2382	12.2482	-0.7060	-0.5752
244	1.2490	1.5336	0.1218	-0.0993	0.2425	12.8990	-0.7880	-0.3847
245	1.2486	1.5355	0.1266	-0.1009	0.2513	12.1172	-0.8260	-0.4000
246	1.2471	1.5370	0.1236	-0.1070	0.2581	12.6266	-1.1220	-0.3123
247	1.2455	1.5387	0.1266	-0.1134	0.2658	12.2389	-0.8670	-0.3741
248	1.2434	1.5394	0.1308	-0.1222	0.2698	11.9412	-0.7120	-0.4819
249	1.2413	1.5410	0.1266	-0.1309	0.2772	12.2996	-0.6770	-0.4305
250	1.2399	1.5435	0.1296	-0.1368	0.2883	12.2644	-0.8810	-0.3942
251	1.3055	1.5550	0.1296	0.1272	0.3355	12.0460	-0.9550	-0.3415
252	1.3037	1.5544	0.1296	0.1213	0.3344	12.0764	-0.8420	-0.3947
253	1.3014	1.5548	0.1260	0.1136	0.3374	12.3621	-1.0210	-0.3540
254	1.2966	1.5561	0.1290	0.0954	0.3441	11.4979	-1.1070	-0.2866
255	1.2891	1.5579	0.1266	0.0662	0.3526	12.3521	-1.1880	-0.2183
256	1.2813	1.5599	0.1308	0.0358	0.3620	12.1080	-1.0590	-0.3233
257	1.2723	1.5625	0.1278	0.0006	0.3742	12.4431	-1.0560	-0.3102
258	1.2628	1.5638	0.1290	-0.0372	0.3809	11.9092	-1.1710	-0.2167
259	1.2531	1.5629	0.1278	-0.0760	0.3788	12.5042	-1.1730	-0.2327
260	1.2441	1.5598	0.1296	-0.1121	0.3680	12.3706	-1.0020	-0.2865
261	1.2119	1.5356	0.1218	-0.2420	0.2721	13.0884	-1.1090	-0.1706
262	1.2139	1.5350	0.1278	-0.2347	0.2706	12.6443	-0.9540	-0.2658
263	1.2138	1.5350	0.1290	-0.2362	0.2713	12.3488	-0.8600	-0.2435
264	1.2110	1.5319	0.1278	-0.2481	0.2599	12.6452	-0.8520	-0.1847
265	1.2061	1.5278	0.1302	-0.2690	0.2440	12.3243	-0.8970	-0.2145
266	1.1989	1.5222	0.1278	-0.2989	0.2221	12.8273	-0.9010	-0.2060
267	1.1916	1.5150	0.1260	-0.3297	0.1940	12.9535	-1.3210	-0.0477
268	1.1813	1.5085	0.1278	-0.3724	0.1680	13.0099	-1.3770	-0.0992
269	1.1686	1.5013	0.1284	-0.4254	0.1393	12.9067	-1.3630	-0.0940
270	1.1591	1.4944	0.1278	-0.4657	0.1117	12.7618	-1.4680	-0.0370
271	1.2297	1.5458	0.1278	-0.1836	0.3185	11.8998	-1.4120	-0.0440
272	1.2273	1.5455	0.1302	-0.1939	0.3181	12.7070	-1.4330	0.0132
273	1.2250	1.5441	0.1266	-0.2039	0.3137	12.8726	-1.1650	-0.1229
274	1.2244	1.5403	0.1302	-0.2067	0.2994	12.7684	-1.3030	0.0271
275	1.2229	1.5351	0.1272	-0.2136	0.2797	12.9817	-1.3330	0.0199
276	1.2191	1.5282	0.1302	-0.2294	0.2527	12.7694	-1.2380	0.0295
277	1.2151	1.5198	0.1266	-0.2463	0.2198	13.2358	-0.9620	-0.0632
278	1.2095	1.5121	0.1296	-0.2697	0.1892	12.2466	-0.8150	-0.0400
279	1.2033	1.5047	0.1272	-0.2956	0.1596	12.8048	-0.7790	-0.0689
280	1.2002	1.4993	0.1290	-0.3093	0.1379	13.0254	-0.5440	-0.1886
281	1.2516	1.5348	0.1201	-0.1037	0.2809	14.0686	-0.5500	-0.1708
282	1.2492	1.5327	0.1266	-0.1133	0.2733	13.3168	-0.5880	-0.1578
283	1.2450	1.5319	0.1201	-0.1302	0.2710	13.8304	-0.7560	-0.1874
284	1.2415	1.5299	0.1272	-0.1445	0.2639	13.2464	-0.7400	-0.1500
285	1.2373	1.5279	0.1290	-0.1615	0.2562	13.0594	-1.1650	0.1412
286	1.2340	1.5242	0.1272	-0.1753	0.2421	13.6105	-1.0060	0.0809
287	1.2329	1.5207	0.1284	-0.1800	0.2287	12.1914	-0.8680	0.0366
288	1.2321	1.5162	0.1290	-0.1838	0.2111	13.2119	-1.0020	0.0289
289	1.2324	1.5115	0.1284	-0.1830	0.1927	13.1953	-0.9670	0.0292
290	1.2337	1.5079	0.1272	-0.1780	0.1782	13.7281	-0.7720	-0.1038
291	1.3158	1.5290	0.1272	0.1519	0.2634	13.3296	-1.3500	0.1984
292	1.3163	1.5255	0.1278	0.1555	0.2501	13.5288	-1.3550	0.1961
293	1.3158	1.5210	0.1272	0.1551	0.2327	12.8579	-0.7440	0.0285
294	1.3168	1.5143	0.1272	0.1609	0.2062	13.4219	-1.3930	0.1860
295	1.3174	1.5090	0.1266	0.1650	0.1853	13.7658	-1.0230	0.0366
296	1.3174	1.5035	0.1201	0.1667	0.1634	14.7002	-1.8820	0.4178
297	1.3176	1.5014	0.1272	0.1694	0.1551	13.6341	-1.7220	0.2318
298	1.3161	1.4978	0.1315	0.1648	0.1404	13.3958	-1.9570	0.3129
299	1.3132	1.4968	0.1260	0.1546	0.1365	13.8393	-2.0200	0.3160
300	1.3118	1.4934	0.1296	0.1509	0.1228	13.5494	-1.9200	0.3730
301	1.2378	1.5248	0.1254	-0.1454	0.2490	14.1475	-2.3620	0.4365
302	1.2374	1.5267	0.1296	-0.1474	0.2573	13.4299	-2.1170	0.4399
303	1.2351	1.5268	0.1254	-0.1570	0.2583	13.7225	-1.8980	0.4714
304	1.2325	1.5289	0.1302	-0.1678	0.2673	12.9959	-2.3170	0.5135
305	1.2317	1.5348	0.1266	-0.1716	0.2917	14.0606	-1.3000	0.2344
306	1.2304	1.5389	0.1296	-0.1772	0.3091	13.9103	-1.1140	0.3211
307	1.2291	1.5428	0.1195	-0.1828	0.3257	14.7935	-1.2440	0.2966
308	1.2310	1.5476	0.1296	-0.1757	0.3464	14.0333	-0.1000	0.0874
309	1.2327	1.5511	0.1266	-0.1693	0.3616	14.1228	-0.3350	0.1870
310	1.2346	1.5560	0.1302	-0.1623	0.3825	13.8929	-0.4090	0.1681
311	1.2424	1.5240	0.1284	-0.1312	0.2551	13.4234	-0.4980	0.2088
312	1.2380	1.5219	0.1284	-0.1491	0.2474	14.2337	-0.8190	0.2874
313	1.2315	1.5208	0.1296	-0.1757	0.2434	13.0454	-0.4690	0.2092
314	1.2251	1.5146	0.1290	-0.2018	0.2191	14.1008	-0.5450	0.2828
315	1.2197	1.5059	0.1266	-0.2243	0.1843	14.2400	-1.2200	0.4891
316	1.2134	1.4991	0.1207	-0.2504	0.1572	15.1641	-1.2600	0.3978
317	1.2099	1.4897	0.1266	-0.2652	0.1193	14.3013	-1.0000	0.5140
318	1.2058	1.4753	0.1302	-0.2826	0.0611	13.9564	0.3890	-0.2084
319	1.2008	1.4620	0.1260	-0.3041	0.0069	14.3745	-1.2020	0.1825
320	1.1970	1.4530	0.1290	-0.3204	-0.0304	14.2784	-1.8020	0.5932
321	1.2238	1.5080	0.1278	-0.2140	0.1899	13.7370	-1.9290	0.5816
322	1.2227	1.5109	0.1296	-0.2190	0.2018	14.2062	-1.2630	0.4456
323	1.2258	1.5116	0.1266	-0.2071	0.2047	14.2988	-0.8340	0.3836
324	1.2304	1.5098	0.1266	-0.1895	0.1981	13.9150	-0.7880	0.4061
325	1.2347	1.5058	0.1254	-0.1726	0.1819	14.7447	-1.0890	0.5558
326	1.2392	1.4991	0.1266	-0.1546	0.1551	13.9767	-1.7290	0.6662
327	1.2438	1.4914	0.1278	-0.1368	0.1242	14.4578	-2.3100	0.7862
328	1.2466	1.4880	0.1278	-0.1255	0.1101	14.6090	-2.7570	0.9018
329	1.2476	1.4847	0.1242	-0.1214	0.0967	15.0714	-2.8060	0.9016
330	1.2483	1.4815	0.1284	-0.1186	0.0834	13.8115	-2.5970	0.8520
331	1.2164	1.5410	0.1272	-0.2472	0.3225	14.6351	-2.4370	0.8382
332	1.2176	1.5376	0.1284	-0.2433	0.3098	14.6417	-2.5040	0.9496
333	1.2181	1.5328	0.1272	-0.2420	0.2914	14.8173	-2.4790	0.9293
334	1.2200	1.5282	0.1272	-0.2350	0.2737	14.7873	-2.4000	0.8485
335	1.2226	1.5234	0.1266	-0.2256	0.2551	14.7098	-1.6820	0.7733
336	1.2261	1.5193	0.1272	-0.2120	0.2393	14.6084	-1.0973	0.6818
337	1.2298	1.5123	0.1278	-0.1976	0.2115	14.0354	0.0000	0.1383
338	1.2339	1.5015	0.1272	-0.1816	0.1682	15.0317	-0.6490	0.6140
339	1.2398	1.4870	0.1272	-0.1582	0.1099	14.2864	-1.1390	0.7650
340	1.2455	1.4744	0.1278	-0.1356	0.0590	14.8338	-1.7910	1.0187
341	1.2228	1.5760	0.1272	-0.2272	0.4673	14.8706	-2.1790	0.9851
342	1.2250	1.5774	0.1278	-0.2190	0.4748	14.8286	-1.6650	0.8481
343	1.2282	1.5766	0.1266	-0.2068	0.4735	15.1246	-1.2350	0.7544
344	1.2312	1.5756	0.1189	-0.1952	0.4714	16.2596	-1.4300	0.8939
345	1.2340	1.5748	0.1272	-0.1844	0.4701	15.1141	-1.6180	0.9850
346	1.2362	1.5762	0.1284	-0.1760	0.4776	15.1207	-1.5740	0.8551
347	1.2402	1.5782	0.1254	-0.1602	0.4875	15.2114	-1.5110	1.0271
348	1.2432	1.5782	0.1290	-0.1484	0.4897	14.9891	-2.7900	1.2666
349	1.2472	1.5761	0.1284	-0.1325	0.4830	15.1527	-3.4020	1.4599
350	1.2500	1.5744	0.1272	-0.1213	0.4781	15.5596	-4.0310	1.6566
351	1.2202	1.5184	0.1266	-0.2413	0.2545	15.3531	-4.0100	1.5703
352	1.2204	1.5196	0.1284	-0.2412	0.2598	15.1666	-4.4710	1.7048
353	1.2216	1.5205	0.1284	-0.2371	0.2638	15.0771	-4.4020	1.6420
354	1.2246	1.5195	0.1272	-0.2256	0.2606	15.3732	-4.1540	1.7942
355	1.2278	1.5184	0.1266	-0.2133	0.2565	15.4158	-3.8060	1.5835
356	1.2311	1.5147	0.1272	-0.2009	0.2419	15.2545	-4.3150	1.8327
357	1.2353	1.5095	0.1266	-0.1843	0.2216	15.4176	-4.2890	1.9331
358	1.2389	1.5045	0.1290	-0.1701	0.2018	15.0981	-4.0270	1.8515
359	1.2448	1.4991	0.1266	-0.1469	0.1802	15.5993	-3.7740	1.7748
360	1.2480	1.4954	0.1296	-0.1339	0.1650	15.4364	-4.2240	2.0100
361	1.1956	1.5964	0.1195	-0.3449	0.5715	16.3744	-4.6480	2.1855
362	1.1994	1.5930	0.1272	-0.3310	0.5602	15.5406	-4.3470	3.7842
363	1.2058	1.5886	0.1266	-0.3065	0.5448	14.6996	-4.3490	1.9667
364	1.2144	1.5828	0.1272	-0.2730	0.5237	15.4831	-4.5710	2.1814
365	1.2224	1.5768	0.1266	-0.2417	0.5016	15.5265	-4.5380	2.0923
366	1.2314	1.5698	0.1278	-0.2061	0.4754	15.5328	-4.3990	2.2202
367	1.2430	1.5606	0.1266	-0.1599	0.4401	15.6484	-3.9830	2.1784
368	1.2572	1.5486	0.1224	-0.1029	0.3933	16.6027	-3.8420	2.1125
369	1.2720	1.5336	0.1272	-0.0432	0.3341	15.6985	-3.5570	2.2278
370	1.2848	1.5234	0.1272	0.0089	0.2937	15.9644	-3.4990	2.1133
371	1.2330	1.5792	0.1290	-0.1989	0.5191	15.7106	-3.9020	2.3564
372	1.2334	1.5813	0.1284	-0.1974	0.5293	15.6931	-3.9640	2.4915
373	1.2341	1.5830	0.1242	-0.1951	0.5386	15.8696	-4.1400	2.5257
374	1.2350	1.5845	0.1272	-0.1919	0.5464	15.2467	-3.8560	2.5671
375	1.2373	1.5830	0.1242	-0.1831	0.5427	15.9319	-3.8930	2.6055
376	1.2394	1.5816	0.1284	-0.1750	0.5390	15.2226	-3.4760	2.2976
377	1.2408	1.5812	0.1260	-0.1693	0.5396	16.0773	-3.5940	2.3223
378	1.2421	1.5806	0.1278	-0.1644	0.5391	16.3156	-3.4100	2.5584
379	1.2436	1.5818	0.1178	-0.1586	0.5459	17.2491	-3.1900	2.6635
380	1.2451	1.5832	0.1290	-0.1527	0.5536	15.2084	-3.1640	2.6084
381	1.1768	1.5984	0.1254	-0.4278	0.6169	16.3204	-2.5510	2.2484
382	1.1770	1.5973	0.1272	-0.4289	0.6150	16.1958	-2.4750	2.2958
383	1.1770	1.5967	0.1290	-0.4307	0.6149	15.8884	-3.0260	2.4661
384	1.1782	1.5962	0.1290	-0.4277	0.6151	15.9130	-3.3860	2.6896
385	1.1808	1.5960	0.1266	-0.4190	0.6170	16.1137	-2.7860	2.6869
386	1.1833	1.5961	0.1254	-0.4106	0.6197	16.3489	-2.9800	2.6144
387	1.1864	1.5964	0.1242	-0.3998	0.6232	16.2256	-3.9000	2.7332
388	1.1907	1.5968	0.1260	-0.3842	0.6273	16.2201	-4.3510	2.8422
389	1.1960	1.5989	0.1260	-0.3645	0.6383	15.6050	-4.3840	3.0172
390	1.2018	1.6005	0.1248	-0.3422	0.6472	16.5464	-4.0770	2.8154
391	1.2132	1.6286	0.1236	-0.2976	0.7627	15.7745	-3.7840	2.8848
392	1.2137	1.6286	0.1284	-0.2965	0.7661	16.1104	-3.1440	2.7376
393	1.2119	1.6297	0.1224	-0.3046	0.7735	16.6218	-3.7870	3.0152
394	1.2099	1.6296	0.1266	-0.3135	0.7763	16.3313	-3.9820	2.7288
395	1.2098	1.6267	0.1218	-0.3153	0.7681	16.8149	-5.0000	3.0000
396	1.2112	1.6218	0.1266	-0.3103	0.7514	16.5738	-5.5520	4.1312
397	1.2135	1.6178	0.1248	-0.3021	0.7385	16.5220	-6.1750	3.2350
398	1.2184	1.6130	0.1260	-0.2835	0.7220	15.8818	-7.0510	3.6366
399	1.2250	1.6069	0.1236	-0.2574	0.7005	16.7875	-8.0580	3.7388
400	1.2304	1.6032	0.1248	-0.2366	0.6882	16.6635	-7.9570	3.8586
401	1.2090	1.4639	0.1172	-0.3231	0.1300	17.6106	-7.2340	3.2376
402	1.2146	1.4628	0.1236	-0.3016	0.1246	16.8100	-8.1550	3.8478
403	1.2182	1.4615	0.1230	-0.2880	0.1184	16.8471	-7.9840	3.7156
404	1.2244	1.4582	0.1260	-0.2638	0.1041	16.7589	-7.8770	3.4454
405	1.2328	1.4530	0.1143	-0.2307	0.0825	17.8978	-7.3400	3.2332
406	1.2430	1.4477	0.1242	-0.1900	0.0599	17.1575	-7.7390	3.6434
407	1.2518	1.4438	0.1149	-0.1548	0.0428	17.9514	-8.4060	3.6812
408	1.2606	1.4417	0.1260	-0.1193	0.0328	16.8867	-8.5300	3.5460
409	1.2681	1.4386	0.1266	-0.0891	0.0188	16.8462	-8.5740	3.5652
410	1.2748	1.4361	0.1242	-0.0613	0.0072	17.2178	-8.9760	3.9760
411	1.2903	1.5688	0.1242	0.0016	0.5400	16.8272	-8.5920	3.8976
412	1.2890	1.5681	0.1254	-0.0027	0.5387	16.9525	-7.5070	3.4950
413	1.2867	1.5684	0.1236	-0.0110	0.5415	17.3179	-7.1200	3.4964
414	1.2823	1.5720	0.1126	-0.0279	0.5580	18.6715	-6.7300	3.4024
415	1.2763	1.5739	0.1236	-0.0513	0.5673	17.3215	-5.4830	2.8890
416	1.2697	1.5747	0.1260	-0.0772	0.5726	17.1264	-5.5570	3.1114
417	1.2612	1.5762	0.1260	-0.1105	0.5804	17.2179	-5.3270	3.0722
418	1.2510	1.5783	0.1195	-0.1516	0.5906	17.7912	-5.5970	3.1194
419	1.2410	1.5814	0.1230	-0.1916	0.6052	17.2225	-6.6680	3.3336
420	1.2363	1.5841	0.1266	-0.2109	0.6179	16.9366	-7.6200	3.5596
421	1.2270	1.5296	0.1260	-0.2486	0.4008	17.2717	-8.7610	4.0542
422	1.2272	1.5269	0.1254	-0.2484	0.3908	16.5529	-8.6920	3.5976
423	1.2276	1.5221	0.1236	-0.2474	0.3718	17.1484	-9.0430	3.8322
424	1.2290	1.5150	0.1254	-0.2423	0.3439	16.7903	-10.2260	4.2016
425	1.2322	1.5084	0.1230	-0.2299	0.3179	17.4592	-10.6970	4.3270
426	1.2352	1.4998	0.1254	-0.2183	0.2834	17.7422	-10.7120	4.1892
427	1.2414	1.4922	0.1230	-0.1936	0.2527	17.7590	-9.8780	3.8692
428	1.2475	1.4849	0.1254	-0.1693	0.2230	17.6843	-9.3730	3.8666
429	1.2525	1.4774	0.1160	-0.1492	0.1924	18.4838	-8.3310	3.7798
430	1.2575	1.4704	0.1248	-0.1290	0.1639	17.4552	-7.5690	3.5650
431	1.1769	1.5362	0.1224	-0.4533	0.4280	17.8841	-6.0200	3.1608
432	1.1758	1.5386	0.1236	-0.4597	0.4385	17.6485	-5.3200	2.8516
433	1.1730	1.5412	0.1230	-0.4729	0.4500	17.8698	-5.1940	3.7668
434	1.1723	1.5414	0.1266	-0.4773	0.4517	17.7711	0.0000	2.0000
435	1.1739	1.5437	0.1254	-0.4729	0.4623	16.8291	-4.6940	2.7964
436	1.1735	1.5444	0.1260	-0.4764	0.4660	17.9063	-4.2810	2.6938
437	1.1715	1.5453	0.1160	-0.4866	0.4706	18.9552	-4.4690	2.8938
438	1.1652	1.5463	0.1266	-0.5137	0.4760	17.9574	-4.8540	3.0756
439	1.1540	1.5464	0.1278	-0.5611	0.4773	17.4845	-4.4920	2.8688
440	1.1451	1.5455	0.1266	-0.5992	0.4748	17.8931	-4.8690	3.0778
441	1.1553	1.5722	0.1218	-0.5610	0.5836	18.3695	-4.2800	2.7392
442	1.1542	1.5724	0.1266	-0.5677	0.5862	17.7103	-3.8720	2.6456
443	1.1532	1.5720	0.1224	-0.5741	0.5864	18.0647	-3.9417	2.7365
444	1.1532	1.5726	0.1272	-0.5766	0.5906	16.9408	-4.4590	2.8918
445	1.1553	1.5746	0.1218	-0.5703	0.6005	18.1401	-5.1670	3.0466
446	1.1561	1.5776	0.1254	-0.5696	0.6144	17.3358	-5.2960	3.0228
447	1.1594	1.5823	0.1248	-0.5584	0.6355	18.2640	-4.9310	3.0910
448	1.1677	1.5873	0.1278	-0.5273	0.6573	18.2361	-3.6390	2.5234
449	1.1787	1.5896	0.1248	-0.4854	0.6688	18.2661	-4.0030	2.7258
450	1.1885	1.5919	0.1254	-0.4476	0.6804	18.1598	-4.4550	3.1070
451	1.1432	1.5782	0.1236	-0.6314	0.6276	18.3403	-4.5370	2.9770
452	1.1459	1.5792	0.1248	-0.6234	0.6335	18.3486	-5.2280	2.9476
453	1.1470	1.5824	0.1218	-0.6214	0.6484	18.6761	-4.1640	2.6932
454	1.1455	1.5830	0.1260	-0.6298	0.6529	18.0899	-4.6080	3.0284
455	1.1451	1.5830	0.1242	-0.6343	0.6550	18.3364	-6.7130	3.4730
456	1.1432	1.5836	0.1248	-0.6444	0.6596	18.4152	-6.6230	3.1850
457	1.1364	1.5839	0.1236	-0.6746	0.6626	17.7116	-5.6750	3.0418
458	1.1289	1.5823	0.1242	-0.7075	0.6583	18.3716	-4.7730	2.9738
459	1.1245	1.5781	0.1236	-0.7285	0.6435	17.8900	-5.5940	3.1384
460	1.1226	1.5745	0.1154	-0.7392	0.6309	19.6584	-6.3510	3.4202
461	1.1675	1.5334	0.1242	-0.5617	0.4674	18.6921	-5.9970	3.1310
462	1.1706	1.5304	0.1183	-0.5512	0.4562	19.1320	-5.3900	2.9952
463	1.1787	1.5280	0.1230	-0.5206	0.4473	18.8982	-6.7090	3.5270
464	1.1894	1.5270	0.1172	-0.4791	0.4440	19.7512	-6.3010	3.1778
465	1.2029	1.5261	0.1242	-0.4263	0.4412	18.7594	-5.6980	3.1304
466	1.2184	1.5246	0.1278	-0.3653	0.4357	18.6587	-6.4510	3.2610
467	1.2337	1.5209	0.1213	-0.3042	0.4213	18.2422	-7.3590	3.6878
468	1.2527	1.5218	0.1260	-0.2284	0.4254	18.5798	-8.7690	3.8322
469	1.2723	1.5261	0.1230	-0.1494	0.4432	18.7322	-8.0850	3.7362
470	1.2859	1.5296	0.1230	-0.0939	0.4580	18.8167	-8.4360	6.9372
471	1.0954	1.5280	0.1248	-0.8600	0.4524	18.7468	-6.4390	3.1494
472	1.0964	1.5310	0.1266	-0.8598	0.4652	18.8008	-5.5650	3.0778
473	1.0976	1.5326	0.1224	-0.8588	0.4724	19.2732	-0.7100	0.9420
474	1.1018	1.5304	0.1272	-0.8457	0.4645	18.7918	-2.3700	2.4740
475	1.1078	1.5263	0.1207	-0.8253	0.4485	19.7280	-1.6800	2.4328
476	1.1160	1.5243	0.1272	-0.7958	0.4413	18.9142	-1.3150	2.2592
477	1.1268	1.5201	0.1272	-0.7557	0.4251	18.8252	-0.5030	2.1358
478	1.1398	1.5142	0.1260	-0.7065	0.4018	18.4105	0.6810	1.7738
479	1.1509	1.5070	0.1254	-0.6645	0.3732	19.1637	0.4190	1.9095
480	1.1622	1.4997	0.1272	-0.6214	0.3438	19.1523	0.2610	2.2106
481	1.1585	1.5860	0.1201	-0.6388	0.6912	20.0925	1.7460	1.5174
482	1.1620	1.5838	0.1364	-0.6268	0.6845	18.6513	1.7900	1.5168
483	1.1666	1.5798	0.1396	-0.6106	0.6705	18.9274	0.5080	2.1382
484	1.1715	1.5768	0.1453	-0.5930	0.6604	18.8383	0.5510	1.8708
485	1.1788	1.5752	0.1499	-0.5654	0.6560	18.6400	0.4350	2.0767
486	1.1844	1.5717	0.1539	-0.5448	0.6436	18.6494	0.0700	1.8910
487	1.1907	1.5683	0.1539	-0.5211	0.6318	18.6068	0.7220	1.5519
488	1.2016	1.5655	0.1533	-0.4786	0.6224	19.1834	0.4090	1.7883
489	1.2135	1.5636	0.1519	-0.4319	0.6163	18.8289	-1.0370	2.3874
490	1.2226	1.5622	0.1546	-0.3961	0.6124	18.5265	-1.9100	2.4488
491	1.3056	1.5542	0.1553	-0.0628	0.5816	18.6658	-3.8150	2.8182
492	1.3042	1.5567	0.1607	-0.0670	0.5929	18.4395	-5.8360	3.1824
493	1.3022	1.5597	0.1656	-0.0737	0.6066	18.3588	-6.0590	3.3570
494	1.3008	1.5622	0.1764	-0.0781	0.6180	18.4426	-5.5110	3.1022
495	1.2980	1.5670	0.1779	-0.0881	0.6387	18.7283	-5.1260	2.9384
496	1.2935	1.5722	0.1816	-0.1052	0.6613	17.2730	-5.2682	3.1641
497	1.2880	1.5771	0.1670	-0.1259	0.6832	19.0425	4.6160	-2.4916
498	1.2805	1.5806	0.1642	-0.1551	0.6991	18.8333	-3.4410	2.5822
499	1.2752	1.5838	0.1473	-0.1758	0.7139	19.3893	-3.3680	2.6736
500	1.2736	1.5834	0.1402	-0.1816	0.7146	19.2894	-0.7030	2.0590
501	1.4000	1.5402	0.1315	0.3277	0.5426	19.5490	1.7770	1.3628
502	1.3930	1.5404	0.1242	0.3033	0.5444	19.7826	4.6410	0.8894
503	1.3834	1.5404	0.1160	0.2682	0.5454	20.7369	5.9440	0.7726
504	1.3740	1.5374	0.1248	0.2337	0.5344	19.5961	7.3220	0.2518
505	1.3628	1.5314	0.1260	0.1917	0.5111	19.4841	7.6300	0.3146
506	1.3534	1.5257	0.1284	0.1567	0.4889	19.5843	6.0500	0.4735
507	1.3438	1.5197	0.1383	0.1207	0.4653	18.9145	4.0510	0.9559
508	1.3336	1.5118	0.1486	0.0820	0.4343	19.5551	2.2430	1.4032
509	1.3256	1.5032	0.1749	0.0519	0.3997	16.9520	-0.2780	1.6422
510	1.3212	1.4984	0.1900	0.0360	0.3808	18.4833	-1.4280	1.8689
511	1.1320	1.5382	0.2239	-0.7237	0.5408	17.5400	-3.0310	2.3830
512	1.1340	1.5359	0.2459	-0.7186	0.5324	16.9783	-3.7560	2.4360
513	1.1347	1.5304	0.2507	-0.7187	0.5110	17.2587	-3.7190	2.3914
514	1.1391	1.5217	0.2402	-0.7040	0.4770	18.1339	-3.6270	2.4550
515	1.1468	1.5160	0.2178	-0.6755	0.4545	18.1075	-3.1600	2.3159
516	1.1540	1.5096	0.1526	-0.6492	0.4294	21.7991	-2.5038	2.0590
517	1.1610	1.5039	0.1415	-0.6236	0.4065	19.7180	-2.6700	2.3751
518	1.1673	1.4988	0.1278	-0.6002	0.3859	20.4426	0.6260	1.4016
519	1.1712	1.4942	0.1266	-0.5868	0.3676	19.2381	11.1070	-1.7315
520	1.1712	1.4926	0.1260	-0.5885	0.3609	19.8657	4.3390	0.5849
521	1.2036	1.4220	0.1254	-0.4604	0.0766	20.1421	4.9030	0.7191
522	1.2094	1.4190	0.1415	-0.4379	0.0626	19.3491	6.4150	0.4353
523	1.2147	1.4123	0.1473	-0.4178	0.0336	19.7711	5.5000	0.5910
524	1.2218	1.4026	0.1677	-0.3902	-0.0075	17.8713	5.1202	0.5132
525	1.2302	1.3931	0.1706	-0.3568	-0.0481	20.3166	4.1400	0.8522
526	1.2405	1.3835	0.2076	-0.3160	-0.0898	17.5913	2.4390	0.9895
527	1.2514	1.3716	0.2274	-0.2725	-0.1405	17.5697	1.0290	1.4580
528	1.2636	1.3557	0.2459	-0.2231	-0.2077	17.4488	0.3790	1.4696
529	1.2745	1.3360	0.2576	-0.1790	-0.2907	17.4004	0.3500	1.3958
530	1.2809	1.3242	0.2576	-0.1528	-0.3423	17.7989	-0.8740	1.9389
531	1.2008	1.5410	0.2347	-0.4742	0.5261	20.1509	-1.1040	1.9010
532	1.1998	1.5448	0.2043	-0.4795	0.5424	20.0004	-1.9550	2.2192
533	1.1998	1.5524	0.1955	-0.4808	0.5741	18.6030	-3.8940	2.5385
534	1.1984	1.5587	0.1916	-0.4876	0.6009	19.0102	-5.6900	2.8103
535	1.1980	1.5638	0.1971	-0.4905	0.6228	18.7573	-6.6600	2.8626
536	1.1978	1.5684	0.2135	-0.4927	0.6429	17.1990	-6.7240	3.1257
537	1.1952	1.5736	0.2186	-0.5045	0.6655	18.1754	-5.5860	2.8009
538	1.1918	1.5770	0.1971	-0.5193	0.6809	19.0306	-4.7620	2.7623
539	1.1887	1.5783	0.1939	-0.5333	0.6883	18.8675	-3.1530	2.3564
540	1.1874	1.5797	0.1706	-0.5400	0.6957	20.8258	-1.5360	2.0556
541	1.3040	1.4676	0.1553	-0.0724	0.2466	20.5651	0.7940	1.5031
542	1.2970	1.4694	0.1493	-0.0992	0.2530	19.8152	3.9530	0.8940
543	1.2910	1.4685	0.1327	-0.1222	0.2487	20.4230	4.7660	0.7977
544	1.2896	1.4626	0.1321	-0.1268	0.2242	19.9120	3.6520	1.3173
545	1.2884	1.4554	0.1272	-0.1307	0.1943	20.3452	1.2008	1.7990
546	1.2859	1.4478	0.1358	-0.1399	0.1626	19.9544	-10.0980	7.7953
547	1.2856	1.4404	0.1486	-0.1403	0.1315	19.1969	-1.2130	1.8859
548	1.2874	1.4340	0.1656	-0.1318	0.1042	19.7974	-0.6690	2.0147
549	1.2919	1.4270	0.1971	-0.1129	0.0744	17.9520	-0.5410	0.5559
550	1.2969	1.4200	0.2319	-0.0919	0.0443	16.5120	-0.4850	1.8689
551	1.2014	1.4668	0.2586	-0.4749	0.2307	17.6204	-0.6210	2.0117
552	1.2017	1.4678	0.2698	-0.4748	0.2339	17.1788	-1.0100	1.9875
553	1.2023	1.4658	0.2497	-0.4739	0.2250	19.1774	-9.9930	7.3716
554	1.2026	1.4608	0.2248	-0.4738	0.2040	18.5819	-0.5530	1.8954
555	1.2015	1.4568	0.1931	-0.4793	0.1870	19.6144	0.1650	1.4664
556	1.1994	1.4550	0.1735	-0.4889	0.1786	19.7676	1.2780	1.6356
557	1.1976	1.4530	0.1526	-0.4975	0.1695	19.6578	2.2190	1.2661
558	1.1947	1.4519	0.1428	-0.5106	0.1637	20.4710	3.0870	0.9727
559	1.1904	1.4527	0.1415	-0.5294	0.1660	20.2656	4.8460	0.4294
560	1.1856	1.4529	0.1339	-0.5500	0.1656	21.1939	8.3370	-0.2827
561	0.6532	1.5510	0.1447	-2.0000	0.5593	19.9290	9.7370	-0.3643
562	0.6528	1.5431	0.1421	-2.0000	0.5285	21.0432	10.2410	-0.6421
563	0.6528	1.5321	0.1573	-2.0000	0.4855	19.6434	10.5170	-0.7174
564	0.6551	1.5170	0.1772	-2.0000	0.4253	19.4519	8.2490	-0.2964
565	0.6567	1.5042	0.1971	-2.0000	0.3744	17.8908	7.1870	-0.2822
566	0.6591	1.4872	0.2265	-2.0000	0.3063	18.5277	5.6530	0.0478
567	0.6581	1.4707	0.2709	-2.0000	0.2393	17.8166	3.4760	0.3824
568	0.6568	1.4529	0.3005	-2.0000	0.1672	16.6401	-0.3550	1.4727
569	0.6557	1.4336	0.3076	-2.0000	0.0881	16.7061	-1.5620	1.3958
570	0.6534	1.4182	0.2925	-2.0000	0.0245	17.2385	-3.3570	1.7740
1	1.2480	1.5470	0.0000	-0.0080	0.1892	0.0000	-0.9960	0.0000
2	1.2479	1.5469	0.1248	-0.0085	0.1901	5.2751	-1.7090	0.3882
3	1.2475	1.5468	0.1254	-0.0100	0.1905	4.8171	-1.8130	0.4003
4	1.2469	1.5454	0.1266	-0.0125	0.1862	5.0020	-1.8000	0.4174
5	1.2461	1.5428	0.1236	-0.0158	0.1771	5.0354	-1.7320	0.4260
6	1.2453	1.5396	0.1260	-0.0193	0.1652	5.1371	-1.5770	0.3973
7	1.2440	1.5365	0.1242	-0.0247	0.1537	4.3290	-1.5710	0.4102
8	1.2424	1.5334	0.1260	-0.0311	0.1421	5.2000	-1.5510	0.4264
9	1.2405	1.5307	0.1242	-0.0391	0.1319	5.4461	-1.5860	0.4429
10	1.2386	1.5282	0.1242	-0.0470	0.1229	5.5314	-1.5710	0.4557
11	1.2551	1.5327	0.1266	0.0192	0.1416	5.0896	-1.7170	0.5409
12	1.2540	1.5323	0.1183	0.0149	0.1409	6.1737	-1.9220	0.5638
13	1.2521	1.5326	0.1242	0.0074	0.1426	5.5598	-2.1000	0.6501
14	1.2499	1.5344	0.1189	-0.0013	0.1510	6.1071	-2.0041	0.5737
15	1.2482	1.5364	0.1254	-0.0082	0.1596	5.3603	-1.7400	0.5718
16	1.2462	1.5384	0.1189	-0.0164	0.1687	5.4660	-11.6210	2.6172
17	1.2434	1.5397	0.1172	-0.0276	0.1751	6.2925	-1.5290	0.5818
18	1.2397	1.5407	0.1242	-0.0430	0.1801	5.7180	-1.1680	0.5000
19	1.2355	1.5419	0.1254	-0.0598	0.1857	5.4271	-1.1600	0.5642
20	1.2330	1.5432	0.1272	-0.0704	0.1920	4.8756	-1.0360	0.5187
21	1.2490	1.5566	0.1236	-0.0063	0.2469	5.7455	-0.8350	0.7653
22	1.2487	1.5578	0.1242	-0.0075	0.2534	5.0006	-0.9230	0.5401
23	1.2481	1.5589	0.1248	-0.0101	0.2593	5.9051	-1.0720	0.5870
24	1.2472	1.5598	0.1260	-0.0138	0.2643	4.8481	-1.0000	0.5646
25	1.2455	1.5602	0.1272	-0.0205	0.2675	5.4406	-1.0240	0.5828
26	1.2433	1.5605	0.1248	-0.0298	0.2701	5.8189	-1.0500	0.6194
27	1.2402	1.5597	0.1172	-0.0422	0.2684	6.7066	-1.1600	0.6514
28	1.2363	1.5582	0.1254	-0.0581	0.2640	6.1109	-1.1770	0.6730
29	1.2313	1.5569	0.1183	-0.0787	0.2599	6.5113	-1.2130	0.6798
30	1.2267	1.5556	0.1278	-0.0979	0.2564	5.0462	1.1520	-0.7248
31	1.2294	1.5324	0.1248	-0.0875	0.1644	5.9635	-1.3310	0.7332
32	1.2281	1.5327	0.1260	-0.0932	0.1663	5.9113	-1.2090	0.7144
33	1.2267	1.5328	0.1224	-0.0995	0.1676	6.0146	-1.1340	0.6933
34	1.2241	1.5337	0.1254	-0.1104	0.1719	5.9864	-0.9840	0.6756
35	1.2213	1.5351	0.1230	-0.1222	0.1785	5.4812	-0.9453	0.6924
36	1.2175	1.5369	0.1248	-0.1383	0.1864	6.0616	-1.0420	1.1040
37	1.2134	1.5386	0.1248	-0.1557	0.1944	5.9740	-1.2580	0.7647
38	1.2090	1.5401	0.1254	-0.1741	0.2012	6.0530	-1.4110	0.8116
39	1.2038	1.5423	0.1242	-0.1963	0.2110	6.5877	-1.5340	0.8415
40	1.1998	1.5440	0.1242	-0.2136	0.2192	6.3119	-1.6430	0.8802
41	1.2459	1.5149	0.1266	-0.0290	0.1032	6.2902	-1.5170	0.8459
42	1.2447	1.5148	0.1254	-0.0339	0.1029	5.9877	-1.5270	0.8595
43	1.2427	1.5128	0.1230	-0.0422	0.0952	5.7206	-1.6360	0.9379
44	1.2391	1.5089	0.1248	-0.0568	0.0801	6.1824	-1.7290	0.9563
45	1.2346	1.5049	0.1254	-0.0752	0.0642	6.4407	-1.8900	0.9981
46	1.2278	1.5013	0.1266	-0.1031	0.0496	5.9700	-2.0060	1.0905
47	1.2205	1.4975	0.1248	-0.1331	0.0346	6.4550	-2.0030	1.0445
48	1.2127	1.4942	0.1260	-0.1652	0.0212	6.5221	-2.1040	1.1204
49	1.2037	1.4912	0.1272	-0.2024	0.0091	6.2294	-2.1940	1.1724
50	1.1970	1.4883	0.1248	-0.2305	-0.0029	6.9029	-2.0820	1.1207
51	1.3216	1.5578	0.1266	0.2699	0.2764	6.6512	-1.8800	1.1172
52	1.3229	1.5550	0.1290	0.2767	0.2664	6.5134	-1.6900	1.0887
53	1.3242	1.5518	0.1272	0.2839	0.2551	6.2803	-1.4870	1.0468
54	1.3255	1.5484	0.1260	0.2910	0.2429	6.5755	-1.3050	1.0534
55	1.3266	1.5444	0.1236	0.2971	0.2279	6.5367	-1.1210	1.0069
56	1.3274	1.5405	0.1266	0.3025	0.2133	6.6263	-1.1280	1.0285
57	1.3285	1.5359	0.1248	0.3087	0.1959	6.8134	-1.2370	1.0697
58	1.3306	1.5300	0.1260	0.3190	0.1728	6.7609	-0.9290	0.9958
59	1.3323	1.5239	0.1254	0.3278	0.1489	5.8641	-0.7720	0.9886
60	1.3337	1.5189	0.1248	0.3357	0.1297	6.8414	-0.5800	0.9493
61	1.2416	1.5211	0.1254	-0.0331	0.1391	6.7352	-0.6180	0.9969
62	1.2404	1.5207	0.1278	-0.0378	0.1377	6.5379	-0.5620	0.9698
63	1.2410	1.5171	0.1260	-0.0357	0.1239	7.0863	-0.6410	0.9879
64	1.2414	1.5135	0.1266	-0.0343	0.1096	6.6849	-0.6830	1.0047
65	1.2414	1.5099	0.1260	-0.0347	0.0958	6.7886	-0.3320	0.7936
66	1.2413	1.5062	0.1260	-0.0352	0.0810	6.8798	-0.6420	0.9871
67	1.2408	1.5025	0.1248	-0.0374	0.0663	7.0544	-0.4190	0.9072
68	1.2412	1.4998	0.1248	-0.0360	0.0552	6.4949	-0.2210	0.9336
69	1.2419	1.5000	0.1254	-0.0335	0.0560	6.9257	-0.1700	0.8510
70	1.2407	1.5010	0.1284	-0.0385	0.0604	6.8885	-0.0560	0.8657
71	1.2636	1.5483	0.1254	0.0534	0.2506	7.1543	0.1030	0.8587
72	1.2625	1.5486	0.1266	0.0493	0.2529	7.0957	0.1290	0.8486
73	1.2617	1.5480	0.1166	0.0465	0.2519	7.9701	-0.0380	0.9223
74	1.2609	1.5470	0.1254	0.0436	0.2489	7.2429	-0.0220	0.9123
75	1.2591	1.5460	0.1242	0.0367	0.2463	7.4177	-0.0500	0.9278
76	1.2561	1.5454	0.1260	0.0248	0.2451	7.2938	-0.0100	0.9212
77	1.2527	1.5448	0.1266	0.0113	0.2436	6.8948	0.0080	0.9194
78	1.2500	1.5430	0.1272	0.0004	0.2374	7.0859	0.0230	0.9079
79	1.2464	1.5386	0.1260	-0.0141	0.2209	7.1420	-0.3040	0.9727
80	1.2434	1.5349	0.1266	-0.0264	0.2068	7.3940	-0.4950	1.0360
81	1.2457	1.5317	0.1248	-0.0172	0.1950	6.8647	-0.6040	1.0439
82	1.2431	1.5302	0.1201	-0.0276	0.1895	8.2946	-0.6420	1.0521
83	1.2388	1.5291	0.1230	-0.0453	0.1862	7.5540	-0.5690	1.0752
84	1.2352	1.5267	0.1272	-0.0602	0.1773	7.2623	-0.6250	1.0532
85	1.2324	1.5238	0.1230	-0.0715	0.1662	7.8555	-0.7100	1.0879
86	1.2282	1.5209	0.1266	-0.0889	0.1550	7.2782	-0.6920	1.0864
87	1.2241	1.5149	0.1254	-0.1061	0.1316	7.5126	-0.6700	1.1053
88	1.2220	1.5110	0.1254	-0.1152	0.1159	6.7241	-0.5320	1.0612
89	1.2192	1.5105	0.1242	-0.1271	0.1141	7.7190	-0.4270	1.0242
90	1.2140	1.5085	0.1266	-0.1487	0.1064	7.4568	-0.4360	1.0619
91	1.2575	1.5720	0.1260	0.0253	0.3623	7.7333	-0.3630	1.0547
92	1.2624	1.5666	0.1242	0.0453	0.3425	7.6810	-0.4350	1.0716
93	1.2695	1.5611	0.1160	0.0740	0.3219	8.7546	-0.4520	1.0740
94	1.2797	1.5545	0.1242	0.1158	0.2968	7.9828	-0.3640	1.0635
95	1.2917	1.5461	0.1242	0.1647	0.2645	7.8351	-0.4240	1.0838
96	1.3012	1.5370	0.1272	0.2040	0.2289	7.7463	-0.7960	1.1752
97	1.3070	1.5299	0.1242	0.2287	0.2012	7.9572	-0.9740	1.2055
98	1.3149	1.5236	0.1242	0.2620	0.1766	8.2278	-0.7580	1.1742
99	1.3217	1.5153	0.1236	0.2908	0.1441	7.0986	-0.8510	1.2100
100	1.3278	1.5096	0.1284	0.3174	0.1213	7.7203	-0.8810	1.2252
101	1.2526	1.5319	0.1272	0.0165	0.2112	7.9502	-0.1030	1.0636
102	1.2524	1.5301	0.1260	0.0157	0.2049	7.8858	-1.2430	1.3320
103	1.2523	1.5290	0.1230	0.0154	0.2010	8.2152	-1.2580	1.3348
104	1.2508	1.5286	0.1213	0.0095	0.2004	8.8183	-1.2400	1.2909
105	1.2481	1.5281	0.1230	-0.0014	0.1991	8.3373	-1.4040	1.3539
106	1.2467	1.5266	0.1272	-0.0072	0.1938	8.2267	-1.3650	1.3527
107	1.2438	1.5254	0.1260	-0.0190	0.1896	7.9820	-1.2380	1.3562
108	1.2390	1.5250	0.1266	-0.0382	0.1884	8.0607	-1.0460	1.3559
109	1.2333	1.5243	0.1236	-0.0618	0.1864	8.5101	-0.7850	1.2971
110	1.2280	1.5231	0.1266	-0.0834	0.1820	8.8448	-0.5700	1.2692
111	1.2728	1.5484	0.1248	0.0966	0.2847	8.2375	-0.5960	1.2961
112	1.2722	1.5483	0.1278	0.0947	0.2852	8.1475	-0.5200	1.2921
113	1.2706	1.5480	0.1154	0.0889	0.2855	9.6022	-0.6850	1.3217
114	1.2699	1.5469	0.1266	0.0864	0.2820	8.2950	-0.6550	1.2856
115	1.2680	1.5453	0.1272	0.0794	0.2770	8.1341	-0.5770	1.2762
116	1.2676	1.5404	0.1248	0.0780	0.2582	8.5124	-0.5780	1.2903
117	1.2661	1.5370	0.1254	0.0725	0.2456	8.3531	-2.0000	2.1722
118	1.2643	1.5329	0.1248	0.0656	0.2301	8.5154	-0.4730	1.3090
119	1.2636	1.5247	0.1278	0.0634	0.1980	8.3660	-0.8400	1.3632
120	1.2628	1.5146	0.1236	0.0603	0.1578	8.0674	-0.1880	1.3100
121	1.2545	1.5561	0.1236	0.0272	0.3253	8.6272	-0.1390	1.2142
122	1.2553	1.5568	0.1207	0.0307	0.3296	9.3108	0.0610	1.2018
123	1.2551	1.5600	0.1236	0.0301	0.3436	8.7493	0.2160	1.1536
124	1.2557	1.5600	0.1272	0.0324	0.3450	8.5888	0.3170	1.0884
125	1.2563	1.5602	0.1242	0.0348	0.3477	8.6807	0.4420	1.0640
126	1.2566	1.5612	0.1207	0.0362	0.3530	8.6677	0.5360	1.0797
127	1.2557	1.5608	0.1230	0.0328	0.3531	9.1249	0.6020	1.0416
128	1.2557	1.5571	0.1248	0.0330	0.3396	9.0624	0.6550	1.0426
129	1.2535	1.5543	0.1254	0.0244	0.3296	8.5450	0.5770	1.0538
130	1.2519	1.5519	0.1272	0.0180	0.3214	8.6510	0.4810	1.0384
131	1.2563	1.5646	0.1254	0.0356	0.3740	8.8324	0.6160	1.0197
132	1.2560	1.5654	0.1260	0.0346	0.3788	9.0314	0.4810	1.0579
133	1.2570	1.5669	0.1160	0.0389	0.3863	10.1401	0.5580	1.0219
134	1.2562	1.5693	0.1284	0.0358	0.3977	8.9261	0.5420	1.0093
135	1.2551	1.5734	0.1266	0.0317	0.4161	8.5767	0.4540	1.0516
136	1.2543	1.5787	0.1254	0.0284	0.4390	9.0489	0.3860	1.0453
137	1.2521	1.5854	0.1236	0.0197	0.4680	8.4729	0.3500	1.0834
138	1.2498	1.5934	0.1248	0.0107	0.5023	9.0648	0.4790	1.0186
139	1.2474	1.6022	0.1260	0.0008	0.5402	9.3723	0.3370	1.0707
140	1.2457	1.6070	0.1272	-0.0059	0.5621	8.3557	0.2380	1.0948
141	1.2529	1.5309	0.1248	0.0230	0.2584	8.3215	0.1710	1.1213
142	1.2498	1.5325	0.1260	0.0105	0.2654	9.0280	0.0350	1.1396
143	1.2472	1.5314	0.1242	-0.0002	0.2619	9.3343	0.0230	1.1003
144	1.2455	1.5271	0.1254	-0.0069	0.2454	9.1629	-0.0180	1.1008
145	1.2450	1.5205	0.1236	-0.0091	0.2194	9.4684	0.0580	1.1217
146	1.2451	1.5144	0.1160	-0.0089	0.1956	9.5332	0.0550	1.1147
147	1.2446	1.5085	0.1242	-0.0111	0.1721	9.4609	-0.1050	1.1910
148	1.2427	1.5016	0.1248	-0.0186	0.1446	9.4205	-0.0820	1.1667
149	1.2402	1.4938	0.1236	-0.0289	0.1131	9.8348	-0.1440	1.1731
150	1.2369	1.4877	0.1272	-0.0426	0.0885	9.4290	-0.1140	1.1579
151	1.2616	1.5325	0.1254	0.0566	0.2685	9.7910	-0.1380	1.1431
152	1.2637	1.5280	0.1290	0.0652	0.2514	9.2677	-0.0930	1.1173
153	1.2659	1.5235	0.1224	0.0745	0.2338	9.6714	-0.1980	1.1557
154	1.2676	1.5185	0.1254	0.0817	0.2142	9.5242	-0.2480	1.2226
155	1.2696	1.5125	0.1230	0.0902	0.1906	8.9635	-0.1710	1.1567
156	1.2709	1.5061	0.1254	0.0961	0.1653	9.6469	-0.2030	1.1412
157	1.2712	1.5006	0.1230	0.0979	0.1434	10.0237	-0.1560	1.2137
158	1.2710	1.4942	0.1183	0.0976	0.1176	10.5581	0.0710	1.0832
159	1.2707	1.4883	0.1248	0.0968	0.0934	9.6936	0.2100	1.1009
160	1.2706	1.4833	0.1260	0.0968	0.0733	9.8141	0.3660	1.0441
161	1.2598	1.5182	0.1248	0.0539	0.2132	9.7440	2.0030	0.7262
162	1.2614	1.5175	0.1254	0.0605	0.2108	9.6441	0.8600	0.9074
163	1.2631	1.5156	0.1236	0.0677	0.2038	9.9493	1.1240	0.8469
164	1.2635	1.5134	0.1248	0.0695	0.1953	10.0766	1.1480	0.8821
165	1.2621	1.5087	0.1242	0.0644	0.1767	10.0004	1.3760	0.8387
166	1.2606	1.5023	0.1272	0.0588	0.1510	9.6127	1.2260	0.8593
167	1.2579	1.4963	0.1242	0.0479	0.1267	10.0629	1.0930	0.8388
168	1.2543	1.4898	0.1248	0.0339	0.1007	10.5045	1.1190	0.8531
169	1.2503	1.4824	0.1284	0.0177	0.0704	9.7410	1.1200	0.8122
170	1.2464	1.4760	0.1266	0.0020	0.0446	9.9231	1.2400	0.7495
171	1.2418	1.5393	0.1278	-0.0166	0.2985	9.6839	1.0570	0.8233
172	1.2424	1.5397	0.1189	-0.0145	0.3013	10.9615	0.9990	0.8161
173	1.2423	1.5391	0.1230	-0.0148	0.2997	10.4399	1.1420	0.7517
174	1.2414	1.5378	0.1266	-0.0188	0.2957	10.1015	0.9490	0.8224
175	1.2410	1.5358	0.1236	-0.0207	0.2882	10.5514	0.9120	0.8282
176	1.2410	1.5337	0.1266	-0.0206	0.2807	9.9850	0.9820	0.7934
177	1.2413	1.5301	0.1254	-0.0200	0.2673	10.2197	0.8960	0.7942
178	1.2425	1.5260	0.1260	-0.0152	0.2514	9.4746	0.8660	0.7763
179	1.2411	1.5230	0.1266	-0.0209	0.2398	10.1984	0.8100	0.7790
180	1.2394	1.5216	0.1272	-0.0280	0.2351	10.3912	0.8960	0.7287
181	1.2485	1.5394	0.1183	0.0083	0.3070	11.2467	1.1560	0.6374
182	1.2457	1.5381	0.1242	-0.0032	0.3030	10.6925	1.2170	0.6540
183	1.2437	1.5358	0.1254	-0.0113	0.2945	10.2821	1.2210	0.7262
184	1.2425	1.5324	0.1266	-0.0161	0.2820	10.4680	1.0920	0.6834
185	1.2396	1.5276	0.1242	-0.0281	0.2634	10.5478	1.0290	0.7315
186	1.2368	1.5226	0.1236	-0.0394	0.2439	10.8897	0.9860	0.7108
187	1.2339	1.5187	0.1266	-0.0515	0.2288	9.7363	0.7940	0.0410
188	1.2316	1.5165	0.1266	-0.0612	0.2204	10.6482	0.5640	0.7211
189	1.2281	1.5146	0.1266	-0.0758	0.2131	9.6770	0.5100	0.7107
190	1.2259	1.5125	0.1248	-0.0851	0.2050	10.9201	0.7000	0.6650
191	1.2394	1.5369	0.1242	-0.0316	0.3034	10.2462	0.7480	1.1471
192	1.2393	1.5357	0.1230	-0.0321	0.2998	11.0699	0.7280	0.7418
193	1.2394	1.5345	0.1242	-0.0319	0.2957	10.5437	0.8510	0.6507
194	1.2398	1.5327	0.1260	-0.0308	0.2893	10.7160	0.8160	0.6503
195	1.2411	1.5299	0.1230	-0.0257	0.2788	10.8079	0.6860	0.6595
196	1.2420	1.5261	0.1254	-0.0222	0.2644	10.2022	0.7020	0.6603
197	1.2454	1.5237	0.1230	-0.0087	0.2552	11.4684	0.7170	0.6659
198	1.2513	1.5199	0.1266	0.0149	0.2405	11.0096	0.7210	0.6674
199	1.2559	1.5172	0.1189	0.0333	0.2303	11.5443	0.5280	0.7221
200	1.2578	1.5154	0.1195	0.0412	0.2234	11.6124	0.4550	0.6655
201	1.2613	1.5572	0.1248	0.0556	0.3921	11.0601	0.5890	0.7063
202	1.2625	1.5566	0.1248	0.0607	0.3911	11.0913	0.5117	0.6822
203	1.2647	1.5541	0.1230	0.0700	0.3824	10.2846	0.7110	0.5861
204	1.2679	1.5521	0.1248	0.0829	0.3758	11.0950	0.7030	0.6438
205	1.2697	1.5528	0.1242	0.0906	0.3798	11.0134	0.5930	0.7088
206	1.2704	1.5538	0.1266	0.0941	0.3852	10.9363	0.8130	0.5261
207	1.2711	1.5534	0.1230	0.0972	0.3849	11.6364	0.7430	0.5825
208	1.2732	1.5532	0.1189	0.1065	0.3855	12.2207	0.5700	0.6765
209	1.2738	1.5546	0.1248	0.1094	0.3926	11.1854	0.6110	0.5636
210	1.2756	1.5549	0.1266	0.1170	0.3950	11.1739	0.5140	0.6354
211	1.2346	1.5214	0.1260	-0.0472	0.2615	11.4516	0.6420	0.6307
212	1.2308	1.5217	0.1242	-0.0629	0.2632	11.3981	0.8180	0.4835
213	1.2268	1.5232	0.1236	-0.0795	0.2698	11.4416	0.6410	0.5896
214	1.2214	1.5256	0.1284	-0.1016	0.2801	11.0759	0.7360	0.5553
215	1.2141	1.5295	0.1260	-0.1321	0.2964	11.2768	0.5490	0.5781
216	1.2061	1.5310	0.1272	-0.1651	0.3032	11.5845	0.4400	0.6478
217	1.1953	1.5340	0.1272	-0.2096	0.3160	11.3140	0.7580	0.4871
218	1.1819	1.5372	0.1260	-0.2649	0.3297	11.4292	0.6630	0.5179
219	1.1699	1.5407	0.1254	-0.3148	0.3446	10.8255	0.4330	0.6749
220	1.1601	1.5460	0.1284	-0.3563	0.3672	11.3759	0.4180	0.5355
221	1.2538	1.5290	0.1272	0.0187	0.2999	10.7174	0.0810	0.6911
222	1.2559	1.5280	0.1189	0.0273	0.2966	12.3327	0.8130	0.4816
223	1.2575	1.5262	0.1254	0.0335	0.2899	11.7049	0.5930	0.4526
224	1.2604	1.5218	0.1278	0.0455	0.2730	11.5675	0.8580	0.4637
225	1.2607	1.5191	0.1254	0.0470	0.2626	11.7671	1.1660	0.3322
226	1.2624	1.5140	0.1284	0.0542	0.2424	11.6176	0.8150	0.5641
227	1.2635	1.5063	0.1278	0.0590	0.2120	11.4807	1.3220	0.3398
228	1.2656	1.4976	0.1284	0.0679	0.1771	10.9658	1.2130	0.3907
229	1.2684	1.4895	0.1154	0.0792	0.1444	13.0864	1.8000	-0.4979
230	1.2705	1.4814	0.1254	0.0881	0.1116	11.3838	1.3870	0.3007
231	1.2450	1.5321	0.1260	-0.0139	0.3150	11.9303	1.7090	0.1862
232	1.2464	1.5294	0.1254	-0.0084	0.3051	11.7945	1.0720	0.3006
233	1.2504	1.5285	0.1260	0.0076	0.3023	11.6352	1.5220	0.1976
234	1.2534	1.5275	0.1260	0.0197	0.2988	11.9639	0.7870	0.3763
235	1.2526	1.5244	0.1272	0.0166	0.2873	11.1426	1.2110	0.1774
236	1.2544	1.5167	0.1266	0.0239	0.2569	12.2558	1.1200	0.2895
237	1.2530	1.5065	0.1248	0.0182	0.2162	12.2006	1.1280	0.1925
238	1.2514	1.4950	0.1189	0.0120	0.1699	13.0589	1.5480	0.1266
239	1.2516	1.4851	0.1272	0.0128	0.1299	12.1558	1.0900	0.2956
240	1.2499	1.4803	0.1272	0.0062	0.1105	12.3559	1.4030	-0.0099
241	1.2348	1.5500	0.1278	-0.0547	0.3902	11.7672	2.0460	0.0444
242	1.2318	1.5519	0.1272	-0.0671	0.3993	11.9899	1.7380	-0.0163
243	1.2282	1.5580	0.1266	-0.0823	0.4252	12.0932	2.0160	-0.0051
244	1.2225	1.5663	0.1260	-0.1055	0.4599	11.8991	1.3670	0.1493
245	1.2139	1.5735	0.1236	-0.1408	0.4905	12.4540	1.5400	0.0440
246	1.2081	1.5816	0.1290	-0.1651	0.5252	12.3183	1.0740	0.2379
247	1.1989	1.5933	0.1189	-0.2033	0.5744	13.1995	0.6720	0.1806
248	1.1871	1.6041	0.1260	-0.2522	0.6201	12.4398	1.3380	-0.0132
249	1.1792	1.6139	0.1266	-0.2853	0.6620	12.3990	1.2520	0.1040
250	1.1710	1.6242	0.1284	-0.3201	0.7065	12.5085	0.7530	0.1422
251	1.2334	1.5785	0.1260	-0.0710	0.5256	11.8684	1.3890	-0.0803
252	1.2384	1.5783	0.1201	-0.0513	0.5268	13.2618	1.2150	0.0970
253	1.2424	1.5755	0.1272	-0.0355	0.5175	12.4387	0.6810	0.1548
254	1.2418	1.5737	0.1254	-0.0381	0.5120	12.9274	0.6650	0.0567
255	1.2430	1.5708	0.1278	-0.0335	0.5021	12.3085	1.1870	-0.0324
256	1.2476	1.5679	0.1290	-0.0151	0.4921	11.6620	1.1990	0.0652
257	1.2555	1.5678	0.1254	0.0168	0.4936	12.6588	1.0240	0.0903
258	1.2637	1.5698	0.1272	0.0496	0.5032	12.8954	0.6010	0.1856
259	1.2672	1.5717	0.1189	0.0641	0.5126	13.4394	0.4050	0.1590
260	1.2668	1.5722	0.1183	0.0630	0.5167	13.5942	0.6940	-0.0161
261	1.2360	1.5632	0.1183	-0.0605	0.4821	13.7997	1.1770	-0.0603
262	1.2407	1.5664	0.1296	-0.0419	0.4965	12.5294	1.0390	0.0202
263	1.2435	1.5721	0.1266	-0.0309	0.5212	12.5045	0.4200	0.1687
264	1.2416	1.5773	0.1290	-0.0386	0.5440	12.7244	0.3070	0.1147
265	1.2412	1.5797	0.1266	-0.0407	0.5556	12.5657	0.7950	-0.0668
266	1.2437	1.5828	0.1183	-0.0307	0.5699	13.8877	0.5840	0.0331
267	1.2432	1.5875	0.1242	-0.0327	0.5909	13.3338	-0.0910	0.1953
268	1.2378	1.5904	0.1290	-0.0549	0.6049	12.7877	-0.2380	0.2040
269	1.2313	1.5908	0.1230	-0.0812	0.6085	13.3578	0.0010	0.1980
270	1.2297	1.5907	0.1284	-0.0880	0.6106	12.8560	-0.0440	0.3074
271	1.2410	1.5456	0.1266	-0.0432	0.4311	13.0440	-0.8910	0.4178
272	1.2350	1.5500	0.1284	-0.0676	0.4500	13.1596	-0.9830	0.3895
273	1.2263	1.5522	0.1284	-0.1028	0.4603	12.6491	-0.3610	0.1710
274	1.2215	1.5541	0.1284	-0.1229	0.4693	13.1606	-0.1500	0.2392
275	1.2192	1.5563	0.1278	-0.1329	0.4795	12.9027	-0.4000	0.2834
276	1.2131	1.5603	0.1260	-0.1582	0.4968	13.1501	-0.6310	0.2800
277	1.2067	1.5636	0.1248	-0.1850	0.5116	13.4382	-0.7430	0.3633
278	1.1985	1.5674	0.1266	-0.2189	0.5284	13.2534	0.1560	0.1493
279	1.1933	1.5736	0.1266	-0.2410	0.5550	13.4652	0.1010	0.2260
280	1.1913	1.5788	0.1266	-0.2506	0.5781	13.4296	-0.3910	0.4696
281	1.2470	1.6358	0.1236	-0.0279	0.8092	13.8127	-0.4420	0.2891
282	1.2424	1.6370	0.1302	-0.0465	0.8176	12.9887	0.4250	0.0677
283	1.2424	1.6396	0.1242	-0.0467	0.8316	13.5627	0.7440	0.0558
284	1.2442	1.6461	0.1290	-0.0396	0.8609	13.1968	0.2590	0.2023
285	1.2422	1.6525	0.1254	-0.0478	0.8906	13.4816	-0.1730	0.2448
286	1.2356	1.6585	0.1284	-0.0746	0.9186	13.3311	-0.6490	0.3899
287	1.2292	1.6671	0.1230	-0.1007	0.9571	14.0092	-0.8320	0.3903
288	1.2182	1.6771	0.1284	-0.1455	1.0015	13.5142	-0.7680	0.4019
289	1.2026	1.6860	0.1272	-0.2091	1.0419	13.4489	-0.2630	0.1888
290	1.1900	1.6920	0.1278	-0.2609	1.0705	13.5815	0.5900	0.0200
291	1.2516	1.5358	0.1266	-0.0145	0.4467	12.9265	1.2830	-0.0616
292	1.2552	1.5352	0.1260	-0.0000	0.4453	13.7997	1.6170	-0.1147
293	1.2612	1.5356	0.1260	0.0244	0.4475	13.9515	1.6080	-0.1510
294	1.2642	1.5335	0.1218	0.0365	0.4400	14.3606	1.7570	-0.2351
295	1.2694	1.5322	0.1266	0.0578	0.4355	13.6406	2.2020	-0.2869
296	1.2755	1.5323	0.1290	0.0828	0.4370	13.7365	1.6860	-0.1657
297	1.2815	1.5352	0.1272	0.1077	0.4492	13.6834	2.0690	-0.3568
298	1.2921	1.5379	0.1213	0.1512	0.4613	14.6086	1.4080	-0.1105
299	1.3037	1.5401	0.1248	0.1990	0.4710	14.2136	1.1590	-0.1083
300	1.3142	1.5420	0.1302	0.2426	0.4796	13.8352	1.5900	-0.2465
301	1.2394	1.5852	0.1284	-0.0569	0.6547	13.5953	0.8560	-0.1328
302	1.2428	1.5847	0.1296	-0.0435	0.6546	13.9021	1.0480	-0.0819
303	1.2504	1.5840	0.1272	-0.0131	0.6538	13.8617	1.1160	-0.1704
304	1.2603	1.5853	0.1290	0.0266	0.6613	14.0979	1.1370	-0.1886
305	1.2673	1.5879	0.1260	0.0553	0.6740	13.9482	1.2670	-0.1932
306	1.2716	1.5920	0.1278	0.0728	0.6923	14.0623	1.1500	-0.1398
307	1.2741	1.5956	0.1272	0.0835	0.7093	14.0452	1.4450	-0.2684
308	1.2775	1.5996	0.1248	0.0977	0.7278	14.5450	2.0210	-0.4912
309	1.2838	1.6025	0.1284	0.1237	0.7420	14.0765	2.0410	-0.4754
310	1.2905	1.6077	0.1278	0.1518	0.7656	14.3552	2.1300	-0.4755
311	1.2132	1.5761	0.1266	-0.1584	0.6409	14.4700	1.8540	-0.4042
312	1.2124	1.5741	0.1290	-0.1626	0.6348	13.9093	1.9890	-0.4947
313	1.2118	1.5719	0.1278	-0.1659	0.6277	14.1453	2.2120	-0.6186
314	1.2114	1.5708	0.1236	-0.1685	0.6253	13.9690	2.1200	-0.5768
315	1.2095	1.5702	0.1230	-0.1772	0.6245	14.5371	1.9390	-0.4350
316	1.2040	1.5695	0.1296	-0.2001	0.6234	13.3630	2.3120	-0.6815
317	1.1953	1.5683	0.1242	-0.2364	0.6202	14.2797	2.3860	-0.7064
318	1.1871	1.5681	0.1278	-0.2707	0.6214	13.5859	2.6880	-0.8953
319	1.1762	1.5677	0.1260	-0.3162	0.6213	14.6639	2.8280	-0.8212
320	1.1682	1.5678	0.1254	-0.3503	0.6234	14.5798	2.8800	-0.8787
321	1.2447	1.5630	0.1230	-0.0445	0.6060	14.8904	3.6110	-1.0828
322	1.2442	1.5569	0.1242	-0.0467	0.5827	14.6003	3.5240	-1.0456
323	1.2429	1.5497	0.1248	-0.0521	0.5552	14.8589	3.7560	-1.2462
324	1.2411	1.5432	0.1160	-0.0593	0.5303	15.8245	3.7840	-1.1321
325	1.2360	1.5345	0.1266	-0.0802	0.4963	14.4074	3.7560	-1.2232
326	1.2306	1.5272	0.1284	-0.1021	0.4678	14.1617	4.0300	-1.2477
327	1.2248	1.5213	0.1266	-0.1260	0.4450	14.7688	4.1630	-1.3535
328	1.2207	1.5131	0.1278	-0.1431	0.4126	14.8367	4.0030	-1.3604
329	1.2169	1.5044	0.1272	-0.1590	0.3779	14.6983	4.3330	-1.5497
330	1.2145	1.4970	0.1272	-0.1695	0.3480	14.4836	4.0070	-1.4349
331	1.3243	1.4388	0.1260	0.2714	0.1138	15.0727	3.9460	-1.5097
332	1.3248	1.4399	0.1290	0.2752	0.1166	14.8626	3.8230	-1.5123
333	1.3251	1.4405	0.1178	0.2782	0.1175	15.8233	4.0930	-1.6510
334	1.3269	1.4415	0.1272	0.2875	0.1201	14.8941	3.9670	-1.5411
335	1.3310	1.4431	0.1266	0.3061	0.1251	14.9370	3.8880	-1.7508
336	1.3345	1.4440	0.1266	0.3219	0.1272	15.1484	3.7430	-1.5469
337	1.3376	1.4455	0.1272	0.3364	0.1318	14.0419	6.5250	-3.2217
338	1.3403	1.4449	0.1290	0.3498	0.1282	15.0418	4.0520	-1.7616
339	1.3437	1.4462	0.1266	0.3656	0.1319	15.0000	3.9820	-1.8112
340	1.3461	1.4496	0.1266	0.3775	0.1442	15.3263	3.7790	-1.7788
341	1.2310	1.5570	0.1278	-0.0833	0.5753	15.1457	3.6450	-1.8644
342	1.2304	1.5576	0.1284	-0.0862	0.5792	14.9226	3.2170	-1.6693
343	1.2284	1.5598	0.1260	-0.0947	0.5893	15.2428	3.2420	-1.9131
344	1.2256	1.5621	0.1272	-0.1067	0.6003	15.2495	3.0710	-1.6929
345	1.2228	1.5647	0.1266	-0.1186	0.6121	15.2326	3.1270	-1.9031
346	1.2181	1.5676	0.1278	-0.1378	0.6253	15.0586	2.8730	-1.7258
347	1.2147	1.5693	0.1272	-0.1525	0.6339	15.2759	2.6730	-1.7265
348	1.2111	1.5732	0.1284	-0.1679	0.6514	15.4645	3.0140	-1.9424
349	1.2084	1.5783	0.1207	-0.1796	0.6737	15.8821	2.5270	-1.6790
350	1.2056	1.5805	0.1266	-0.1919	0.6846	14.9576	2.1650	-1.5855
351	1.2422	1.5475	0.1266	-0.0458	0.5540	14.6373	0.0000	-0.8574
352	1.2430	1.5459	0.1278	-0.0428	0.5485	15.4730	2.4300	-1.6919
353	1.2433	1.5436	0.1248	-0.0419	0.5406	15.3254	2.5520	-1.8775
354	1.2430	1.5421	0.1248	-0.0433	0.5354	15.6478	2.7800	-1.8114
355	1.2420	1.5404	0.1272	-0.0471	0.5298	15.4517	2.4700	-1.7691
356	1.2397	1.5405	0.1254	-0.0566	0.5312	15.4009	2.4910	-1.8619
357	1.2352	1.5427	0.1266	-0.0750	0.5410	15.5867	2.9709	-2.0945
358	1.2273	1.5447	0.1266	-0.1072	0.5501	15.6774	2.3960	-2.1260
359	1.2184	1.5460	0.1272	-0.1436	0.5565	15.4560	2.2720	-1.9762
360	1.2129	1.5470	0.1254	-0.1667	0.5615	15.9973	2.4750	-1.7816
361	1.2234	1.5548	0.1278	-0.1253	0.5942	15.7334	3.3350	-2.4070
362	1.2212	1.5590	0.1260	-0.1348	0.6125	15.9204	2.6730	-2.0544
363	1.2164	1.5638	0.1236	-0.1549	0.6333	15.8188	4.0900	-2.5693
364	1.2139	1.5706	0.1260	-0.1659	0.6623	15.9824	3.4970	-2.2499
365	1.2100	1.5806	0.1236	-0.1823	0.7042	15.7040	2.5230	-2.1256
366	1.2017	1.5955	0.1266	-0.2168	0.7664	15.8529	2.3180	-2.2180
367	1.1908	1.6111	0.1242	-0.2620	0.8314	15.8727	3.3390	-2.5911
368	1.1845	1.6220	0.1254	-0.2889	0.8783	15.8802	3.9200	-2.6154
369	1.1827	1.6284	0.1260	-0.2975	0.9069	15.7805	4.3760	-2.7248
370	1.1831	1.6308	0.1278	-0.2975	0.9197	15.9420	4.9210	-2.8485
371	1.2290	1.5612	0.1236	-0.1146	0.6429	16.1106	4.2440	-2.6258
372	1.2334	1.5582	0.1260	-0.0972	0.6323	15.3265	3.5590	-2.5804
373	1.2426	1.5502	0.1260	-0.0608	0.6016	15.7687	3.5870	-2.6641
374	1.2555	1.5372	0.1254	-0.0089	0.5505	15.2876	2.7670	-2.4825
375	1.2727	1.5192	0.1248	0.0603	0.4790	16.1538	2.9140	-2.6432
376	1.2927	1.4992	0.1242	0.1414	0.3990	16.4961	3.1610	-2.6750
377	1.3107	1.4804	0.1183	0.2149	0.3233	17.0527	2.8700	-2.5088
378	1.3237	1.4664	0.1242	0.2687	0.2665	16.5589	2.1600	-2.2712
379	1.3345	1.4566	0.1254	0.3140	0.2262	16.2079	1.1010	-2.1806
380	1.3461	1.4503	0.1236	0.3628	0.1996	16.5668	0.0770	-1.9714
381	1.2373	1.5900	0.1224	-0.0726	0.7608	16.3773	0.2160	-2.0432
382	1.2391	1.5842	0.1178	-0.0656	0.7397	17.2675	-0.0860	-1.8530
383	1.2400	1.5814	0.1230	-0.0625	0.7305	16.6666	-1.2030	-1.6789
384	1.2454	1.5764	0.1266	-0.0409	0.7124	16.2684	-0.7930	-1.8288
385	1.2482	1.5704	0.1242	-0.0297	0.6902	16.3491	-1.7700	-1.5047
386	1.2509	1.5688	0.1183	-0.0190	0.6855	17.3777	-1.7150	-1.6886
387	1.2563	1.5686	0.1254	0.0029	0.6864	16.5009	-1.2190	-1.6970
388	1.2631	1.5702	0.1272	0.0306	0.6946	16.1375	-2.2270	-1.5372
389	1.2726	1.5696	0.1242	0.0688	0.6939	16.6474	-1.8050	-1.4489
390	1.2780	1.5704	0.1260	0.0914	0.6989	16.5173	-2.5984	-1.4673
391	1.2626	1.5680	0.1254	0.0300	0.6910	16.4356	-1.7050	-1.6058
392	1.2640	1.5646	0.1236	0.0359	0.6790	16.6816	-2.3450	0.3481
393	1.2660	1.5590	0.1218	0.0443	0.6579	16.6899	-2.0660	-1.3329
394	1.2670	1.5567	0.1284	0.0487	0.6502	16.2880	-2.8390	-1.2934
395	1.2674	1.5526	0.1248	0.0508	0.6351	16.2211	-3.2690	-0.9776
396	1.2680	1.5455	0.1260	0.0536	0.6078	16.6991	-2.7070	-1.2152
397	1.2664	1.5390	0.1236	0.0476	0.5828	17.0167	-3.3450	-1.0719
398	1.2654	1.5323	0.1248	0.0440	0.5568	16.8455	-2.7100	-1.1564
399	1.2634	1.5278	0.1242	0.0363	0.5396	16.9484	-2.9880	-1.1699
400	1.2633	1.5221	0.1195	0.0364	0.5174	17.7185	-3.4950	-0.6729
401	1.2418	1.5060	0.1236	-0.0499	0.4531	16.8329	-2.2000	-1.1475
402	1.2428	1.5038	0.1242	-0.0461	0.4444	16.1526	-3.0640	-1.0867
403	1.2464	1.4990	0.1266	-0.0318	0.4252	16.8350	-3.5970	-0.7334
404	1.2522	1.4940	0.1242	-0.0085	0.4050	17.6358	-3.0460	-0.9399
405	1.2566	1.4888	0.1195	0.0092	0.3840	17.8101	-3.9910	-0.8382
406	1.2600	1.4822	0.1248	0.0231	0.3571	17.2039	-4.5240	-0.5364
407	1.2656	1.4762	0.1260	0.0459	0.3325	16.8533	-3.9620	-0.6233
408	1.2710	1.4700	0.1266	0.0680	0.3070	17.1707	-4.3210	-0.5480
409	1.2750	1.4624	0.1272	0.0846	0.2756	16.0701	-4.4170	-0.2694
410	1.2782	1.4572	0.1278	0.0981	0.2538	17.2639	-3.9030	-0.5874
411	1.1852	1.5341	0.1272	-0.2755	0.5621	17.3609	-4.3920	-0.4019
412	1.1826	1.5385	0.1266	-0.2876	0.5807	17.2828	-4.5790	-0.1948
413	1.1802	1.5423	0.1230	-0.2989	0.5970	17.2665	-4.5260	0.1184
414	1.1768	1.5451	0.1254	-0.3144	0.6094	17.4287	-4.1200	-0.2775
415	1.1700	1.5493	0.1260	-0.3436	0.6275	17.2686	-4.0440	-0.3914
416	1.1614	1.5557	0.1272	-0.3802	0.6545	16.3330	-4.9060	-0.0842
417	1.1518	1.5623	0.1248	-0.4210	0.6825	17.2365	-5.0410	0.0984
418	1.1436	1.5672	0.1266	-0.4565	0.7034	17.6511	-3.5248	-0.2338
419	1.1344	1.5722	0.1172	-0.4962	0.7253	18.4520	-5.4440	0.7039
420	1.1272	1.5754	0.1266	-0.5280	0.7401	17.3994	-3.7880	-0.1142
421	1.2246	1.5200	0.1242	-0.1391	0.5190	17.7113	-4.3560	0.2056
422	1.2244	1.5242	0.1242	-0.1405	0.5364	17.6827	-3.7950	-0.8584
423	1.2252	1.5282	0.1278	-0.1379	0.5531	17.1037	-3.7580	-0.0019
424	1.2250	1.5324	0.1242	-0.1394	0.5707	17.8650	-4.4910	0.1881
425	1.2234	1.5400	0.1272	-0.1464	0.6021	17.4769	-4.4260	0.2423
426	1.2204	1.5462	0.1254	-0.1592	0.6281	17.9039	-4.0730	0.3876
427	1.2160	1.5539	0.1278	-0.1776	0.6602	17.4663	-3.3880	0.2174
428	1.2094	1.5637	0.1260	-0.2050	0.7010	17.8339	-3.0530	0.0066
429	1.2074	1.5725	0.1260	-0.2141	0.7381	17.6849	-3.2820	-0.0203
430	1.2066	1.5764	0.1266	-0.2184	0.7557	17.6913	-4.1490	0.6413
431	1.2056	1.5534	0.1260	-0.2235	0.6649	17.7283	-3.3400	0.2413
432	1.2054	1.5556	0.1296	-0.2254	0.6751	16.6756	-4.0070	0.5816
433	1.2050	1.5600	0.1254	-0.2281	0.6941	17.8626	-3.6330	0.3493
434	1.2036	1.5650	0.1272	-0.2349	0.7160	17.9782	-4.3170	0.4424
435	1.2000	1.5699	0.1254	-0.2505	0.7372	17.9846	-5.2400	0.9633
436	1.1950	1.5760	0.1278	-0.2719	0.7635	17.7276	-4.9280	0.7822
437	1.1882	1.5801	0.1218	-0.3006	0.7819	18.2368	-4.6650	0.7448
438	1.1812	1.5856	0.1284	-0.3303	0.8060	17.8985	-4.3240	0.5967
439	1.1720	1.5913	0.1248	-0.3691	0.8310	17.1275	-5.6400	1.1035
440	1.1659	1.5967	0.1272	-0.3955	0.8552	18.0400	-5.2930	1.0464
441	1.1874	1.5058	0.1254	-0.3112	0.4916	17.2213	-5.9610	1.0550
442	1.1868	1.5052	0.1278	-0.3152	0.4894	18.0243	-5.6910	1.1748
443	1.1884	1.5056	0.1218	-0.3103	0.4911	18.4130	-5.7430	0.9865
444	1.1886	1.5082	0.1272	-0.3111	0.5017	17.8010	-6.0840	1.3414
445	1.1870	1.5102	0.1230	-0.3190	0.5100	18.4532	-6.0680	1.5783
446	1.1856	1.5096	0.1260	-0.3262	0.5078	18.0676	-5.5820	1.3656
447	1.1824	1.5088	0.1213	-0.3407	0.5048	18.7289	-5.9390	1.7960
448	1.1782	1.5082	0.1248	-0.3593	0.5026	18.3339	-5.4780	1.4419
449	1.1726	1.5078	0.1248	-0.3837	0.5012	18.3654	-5.1780	1.2915
450	1.1694	1.5078	0.1248	-0.3985	0.5016	17.5700	-4.4130	1.3949
451	1.0384	1.4046	0.1195	-0.9278	0.0862	19.0528	-3.7340	-0.5391
452	1.0402	1.4056	0.1242	-0.9258	0.0879	18.3995	-3.0980	1.1941
453	1.0414	1.4092	0.1242	-0.9262	0.1000	17.7297	-3.0940	1.0947
454	1.0440	1.4130	0.1236	-0.9210	0.1130	18.8924	-2.7370	1.2554
455	1.0476	1.4154	0.1236	-0.9116	0.1205	18.6838	-1.1980	0.8988
456	1.0498	1.4192	0.1248	-0.9078	0.1337	18.6913	-0.4360	0.5624
457	1.0534	1.4238	0.1278	-0.8984	0.1503	18.4226	-0.5710	0.3823
458	1.0568	1.4270	0.1260	-0.8896	0.1613	18.6701	-1.1410	0.6127
459	1.0612	1.4336	0.1254	-0.8767	0.1861	18.6534	-1.9910	1.1026
460	1.0636	1.4378	0.1284	-0.8718	0.2013	18.2512	-1.8560	1.2816
461	1.0536	1.5556	0.1236	-0.9167	0.6739	18.9708	-2.2030	1.0890
462	1.0516	1.5555	0.1266	-0.9296	0.6746	18.6374	-2.4450	1.1063
463	1.0505	1.5528	0.1195	-0.9390	0.6652	19.5214	-15.2440	8.6448
464	1.0491	1.5529	0.1236	-0.9495	0.6671	18.9983	-4.0600	1.7158
465	1.0492	1.5543	0.1248	-0.9543	0.6739	18.5903	-3.9200	1.9451
466	1.0538	1.5530	0.1248	-0.9406	0.6703	19.5236	-3.3760	1.6486
467	1.0623	1.5518	0.1242	-0.9115	0.6666	18.7248	-3.9170	1.7119
468	1.0681	1.5500	0.1218	-0.8927	0.6605	19.0407	-3.8480	1.4947
469	1.0726	1.5463	0.1207	-0.8793	0.6471	18.9206	-3.7890	1.6693
470	1.0760	1.5437	0.1236	-0.8701	0.6375	19.1762	-3.4520	1.8072
471	1.1036	1.4917	0.1236	-0.7633	0.4294	19.0230	-3.9470	2.0757
472	1.1034	1.4904	0.1218	-0.7677	0.4239	19.2086	-4.5110	2.2053
473	1.1042	1.4884	0.1230	-0.7682	0.4159	19.0395	-3.0760	1.7358
474	1.1042	1.4891	0.1236	-0.7717	0.4182	18.3594	-3.0570	1.5430
475	1.1055	1.4895	0.1230	-0.7702	0.4196	18.9855	-2.6890	1.4628
476	1.1070	1.4901	0.1218	-0.7678	0.4218	19.1591	-1.7540	1.3187
477	1.1067	1.4909	0.1166	-0.7726	0.4248	19.9380	-2.4730	1.6788
478	1.1054	1.4912	0.1218	-0.7815	0.4255	19.2819	-2.6400	1.9306
479	1.1055	1.4912	0.1224	-0.7848	0.4253	19.1843	-3.3650	2.2310
480	1.1057	1.4926	0.1248	-0.7875	0.4310	19.1015	-3.2160	1.9913
481	1.1212	1.5154	0.1248	-0.7286	0.5225	18.2558	-3.7900	2.2724
482	1.1182	1.5144	0.1236	-0.7439	0.5188	19.3613	-2.7140	1.9084
483	1.1142	1.5153	0.1224	-0.7633	0.5230	19.1240	-2.4320	1.8058
484	1.1084	1.5180	0.1236	-0.7901	0.5342	19.4847	-2.9650	1.9287
485	1.1008	1.5225	0.1201	-0.8242	0.5528	19.9410	-2.6090	1.7621
486	1.0902	1.5272	0.1224	-0.8706	0.5723	18.8152	-2.4490	1.7848
487	1.0806	1.5333	0.1207	-0.9132	0.5975	19.5824	-2.2360	1.9219
488	1.0712	1.5412	0.1230	-0.9553	0.6301	19.8050	-2.0390	1.9363
489	1.0588	1.5497	0.1098	-1.0098	0.6651	21.3665	-1.8160	2.0550
490	1.0486	1.5547	0.1236	-1.0553	0.6867	18.7400	-0.9720	1.7046
491	1.0849	1.4922	0.1224	-0.9144	0.4364	19.4869	-1.1130	1.8151
492	1.0831	1.4920	0.1213	-0.9260	0.4354	19.7190	-0.1400	1.3952
493	1.0810	1.4912	0.1230	-0.9385	0.4320	18.6743	-0.7780	1.6515
494	1.0771	1.4907	0.1236	-0.9583	0.4296	19.6769	-1.4740	2.0178
495	1.0714	1.4931	0.1278	-0.9854	0.4394	19.6229	-1.1440	1.9419
496	1.0660	1.4966	0.1178	-1.0119	0.4532	20.5020	-0.1710	1.6870
497	1.0603	1.4984	0.1254	-1.0393	0.4604	19.6753	-0.4840	1.5959
498	1.0540	1.5013	0.1266	-1.0693	0.4719	19.6218	-1.1540	1.8837
499	1.0450	1.5036	0.1236	-1.1105	0.4810	20.0711	-1.9010	2.0071
500	1.0366	1.5074	0.1242	-1.1493	0.4964	20.1449	-1.6010	1.9977
501	1.1090	1.5314	0.1254	-0.8634	0.5933	20.0275	-2.0550	2.3576
502	1.1088	1.5312	0.1248	-0.8678	0.5933	19.9509	-3.2840	2.6927
503	1.1084	1.5280	0.1143	-0.8729	0.5812	21.0648	-3.4030	2.6060
504	1.1070	1.5232	0.1242	-0.8821	0.5627	20.1460	-3.4630	2.7101
505	1.1030	1.5209	0.1236	-0.9018	0.5537	20.1296	-3.6560	2.7820
506	1.0988	1.5194	0.1254	-0.9223	0.5485	20.0658	-2.7560	2.3514
507	1.0932	1.5186	0.1248	-0.9487	0.5457	19.9905	-3.1900	2.2082
508	1.0866	1.5148	0.1230	-0.9792	0.5308	20.8973	-3.9990	2.8428
509	1.0818	1.5099	0.1321	-1.0026	0.5115	19.8963	-3.6200	2.6421
510	1.0742	1.5032	0.1383	-1.0374	0.4849	19.4799	-3.9230	2.8698
1	1.1060	1.5290	0.0000	-0.5796	0.1167	0.0000	-0.6600	0.0000
2	1.1059	1.5289	0.1284	-0.5838	0.1170	4.1882	-1.9480	0.4200
3	1.1055	1.5287	0.1242	-0.5888	0.1168	5.1376	-2.1310	0.4788
4	1.1051	1.5285	0.1272	-0.5942	0.1168	5.1092	-1.9970	0.4394
5	1.1046	1.5280	0.1172	-0.5996	0.1154	6.1634	-1.9920	0.4879
6	1.1038	1.5275	0.1272	-0.6066	0.1144	5.1115	-2.0520	0.5320
7	1.1026	1.5274	0.1254	-0.6148	0.1145	5.1190	-2.1380	0.5526
8	1.1015	1.5271	0.1284	-0.6231	0.1139	5.0886	-2.3080	0.5986
9	1.1005	1.5263	0.1272	-0.6309	0.1115	4.2534	-2.5380	0.6920
10	1.0989	1.5248	0.1284	-0.6409	0.1060	5.1442	-2.7860	0.7672
11	1.0990	1.5729	0.1278	-0.6444	0.3003	5.1209	-2.5790	0.7111
12	1.0992	1.5722	0.1195	-0.6473	0.2994	6.2093	-2.4900	0.7323
13	1.0993	1.5722	0.1242	-0.6509	0.3011	5.7956	-22.3710	4.8944
14	1.0991	1.5728	0.1266	-0.6551	0.3054	5.2986	-22.3710	5.1181
15	1.0994	1.5732	0.1266	-0.6580	0.3086	5.3896	-22.3710	5.3418
16	1.0997	1.5712	0.1278	-0.6605	0.3027	5.2765	-22.3710	5.5655
17	1.0993	1.5686	0.1284	-0.6659	0.2940	5.0552	-22.3710	5.7892
18	1.0988	1.5654	0.1272	-0.6716	0.2826	5.5911	-22.3710	6.0129
19	1.0984	1.5627	0.1272	-0.6772	0.2734	4.6670	-22.3710	6.1919
20	1.0982	1.5589	0.1272	-0.6816	0.2599	5.5865	-22.3710	6.4156
21	1.0981	1.4646	0.1254	-0.6857	-0.1184	5.5870	-22.3710	6.4742
22	1.0984	1.4634	0.1260	-0.6883	-0.1241	5.7866	-22.3710	6.4742
23	1.0988	1.4616	0.1272	-0.6907	-0.1322	5.4930	-22.3710	6.4742
24	1.0990	1.4594	0.1260	-0.6937	-0.1419	5.7277	-22.3710	6.4742
25	1.0994	1.4567	0.1272	-0.6959	-0.1540	4.8461	-22.3710	6.4742
26	1.1001	1.4527	0.1260	-0.6966	-0.1710	6.0315	-22.3710	6.4742
27	1.1012	1.4479	0.1272	-0.6960	-0.1915	5.7368	-22.3710	6.4742
28	1.1026	1.4424	0.1218	-0.6941	-0.2150	6.5315	-22.3710	6.4742
29	1.1039	1.4375	0.1272	-0.6924	-0.2360	5.6121	-22.3710	6.4742
30	1.1058	1.4311	0.1290	-0.6886	-0.2636	5.7257	-22.3710	6.4742
31	1.1179	1.5340	0.1272	-0.6436	0.1491	5.9079	-22.3710	6.4742
32	1.1168	1.5342	0.1278	-0.6510	0.1506	5.9873	-22.3710	6.4742
33	1.1155	1.5341	0.1172	-0.6595	0.1511	7.1131	-22.3710	6.4742
34	1.1143	1.5338	0.1278	-0.6681	0.1505	5.8682	-22.3710	6.4742
35	1.1130	1.5332	0.1284	-0.6763	0.1490	5.7063	-22.3710	6.4742
36	1.1116	1.5313	0.1266	-0.6857	0.1423	6.0747	-22.3710	6.4742
37	1.1096	1.5288	0.1284	-0.6971	0.1329	5.0602	-22.3710	6.4742
38	1.1070	1.5254	0.1260	-0.7111	0.1202	6.2088	-22.3710	6.4742
39	1.1052	1.5227	0.1254	-0.7219	0.1097	6.3656	-0.6240	-1.2256
40	1.1028	1.5190	0.1266	-0.7351	0.0954	6.1925	-0.6470	2.1294
41	1.1159	1.4962	0.1254	-0.6860	0.0041	5.4748	-0.5220	2.0916
42	1.1160	1.4962	0.1266	-0.6890	0.0040	6.0687	-0.3140	2.0288
43	1.1166	1.4954	0.1272	-0.6899	0.0009	6.0877	-0.1970	2.0322
44	1.1177	1.4946	0.1266	-0.6890	-0.0024	6.1312	-0.1630	2.0402
45	1.1185	1.4945	0.1260	-0.6891	-0.0029	6.2941	-0.0350	2.0046
46	1.1188	1.4931	0.1266	-0.6911	-0.0087	5.8370	-0.1180	2.0444
47	1.1193	1.4896	0.1183	-0.6922	-0.0233	7.2768	-0.1660	2.0344
48	1.1203	1.4847	0.1284	-0.6914	-0.0433	6.2785	-0.1630	2.0242
49	1.1223	1.4802	0.1278	-0.6869	-0.0617	6.3154	-0.2690	2.0702
50	1.1248	1.4740	0.1290	-0.6798	-0.0872	6.4425	-0.2250	2.0270
51	1.0993	1.5451	0.1248	-0.7856	0.1983	6.6104	-0.2790	2.0782
52	1.0986	1.5449	0.1266	-0.7923	0.1990	6.6665	-0.3300	2.0744
53	1.0971	1.5441	0.1260	-0.8019	0.1965	6.5287	-0.5150	2.1046
54	1.0954	1.5427	0.1201	-0.8128	0.1922	7.3305	-0.5250	2.1090
55	1.0934	1.5417	0.1248	-0.8247	0.1891	6.7350	-0.5530	2.1158
56	1.0920	1.5405	0.1302	-0.8342	0.1854	6.2944	-0.4380	2.0600
57	1.0907	1.5391	0.1254	-0.8434	0.1807	6.7246	-0.5490	2.1278
58	1.0897	1.5363	0.1290	-0.8514	0.1704	5.7886	-0.4580	2.0792
59	1.0881	1.5341	0.1207	-0.8620	0.1625	7.4691	-0.5570	2.1282
60	1.0864	1.5305	0.1266	-0.8727	0.1490	6.7877	-0.5970	2.0922
61	1.1373	1.5114	0.1266	-0.6721	0.0727	6.7526	-0.8120	2.1796
62	1.1376	1.5117	0.1272	-0.6735	0.0745	6.5921	-0.7270	2.1214
63	1.1374	1.5120	0.1236	-0.6773	0.0757	7.1736	-0.5300	2.0340
64	1.1368	1.5113	0.1272	-0.6823	0.0731	6.6540	-0.8350	2.2190
65	1.1358	1.5104	0.1272	-0.6894	0.0698	6.2702	-0.9190	2.1710
66	1.1335	1.5101	0.1195	-0.7013	0.0690	7.7607	-0.9900	2.2020
67	1.1308	1.5093	0.1278	-0.7150	0.0662	6.9149	-1.0810	2.2042
68	1.1283	1.5080	0.1284	-0.7281	0.0612	6.7525	-1.2590	2.3038
69	1.1257	1.5074	0.1260	-0.7418	0.0589	7.0663	-1.2210	2.2442
70	1.1209	1.5076	0.1272	-0.7640	0.0598	6.8932	-1.2890	2.2218
71	1.1237	1.5104	0.1254	-0.7561	0.0714	6.9555	-1.4330	2.2802
72	1.1230	1.5084	0.1260	-0.7621	0.0636	7.2740	-1.7380	2.3968
73	1.1226	1.5061	0.1189	-0.7669	0.0542	8.0355	-1.8170	2.3834
74	1.1215	1.5032	0.1272	-0.7745	0.0430	7.1919	-1.8550	2.3654
75	1.1204	1.5008	0.1284	-0.7822	0.0333	6.9573	-1.9210	2.3598
76	1.1196	1.4967	0.1284	-0.7887	0.0169	7.1686	-1.9380	2.3772
77	1.1198	1.4918	0.1266	-0.7909	-0.0030	6.3518	-1.6450	2.3098
78	1.1201	1.4878	0.1284	-0.7932	-0.0194	7.2310	-1.5510	2.2982
79	1.1198	1.4842	0.1272	-0.7976	-0.0340	7.1597	-1.3750	2.2706
80	1.1183	1.4808	0.1260	-0.8068	-0.0480	7.4552	-1.3170	2.6626
81	1.1262	1.4774	0.1266	-0.7783	-0.0622	7.2816	-1.0970	2.1942
82	1.1279	1.4764	0.1278	-0.7745	-0.0670	7.2278	-0.8770	2.1554
83	1.1292	1.4752	0.1248	-0.7725	-0.0723	7.4394	-0.8910	2.1658
84	1.1294	1.4725	0.1266	-0.7747	-0.0839	6.7826	-0.8420	2.1740
85	1.1282	1.4687	0.1248	-0.7825	-0.0999	7.5017	-0.9680	2.1892
86	1.1236	1.4627	0.1272	-0.8040	-0.1246	7.6052	-0.8900	2.1804
87	1.1212	1.4565	0.1284	-0.8168	-0.1504	7.1306	-0.8830	2.1766
88	1.1228	1.4501	0.1266	-0.8137	-0.1776	7.6788	-0.8400	2.1520
89	1.1244	1.4442	0.1284	-0.8103	-0.2023	7.3062	-1.0250	2.6150
90	1.1289	1.4349	0.1278	-0.7952	-0.2414	7.5898	-1.1180	2.2256
91	1.1358	1.4649	0.1272	-0.7705	-0.1221	6.6245	-1.2700	2.2544
92	1.1316	1.4664	0.1248	-0.7903	-0.1170	7.7659	-1.4370	2.2874
93	1.1271	1.4663	0.1266	-0.8113	-0.1181	7.5814	-1.4890	2.2978
94	1.1256	1.4631	0.1254	-0.8205	-0.1318	7.8760	-1.7570	2.3726
95	1.1270	1.4622	0.1260	-0.8180	-0.1366	7.7753	-1.8660	2.3732
96	1.1299	1.4657	0.1278	-0.8096	-0.1233	7.7095	-2.0380	2.4076
97	1.1342	1.4733	0.1195	-0.7950	-0.0936	8.6177	-2.0370	2.4030
98	1.1386	1.4853	0.1260	-0.7804	-0.0458	8.2302	-2.0380	2.4044
99	1.1433	1.4951	0.1260	-0.7641	-0.0070	7.7731	-1.8550	2.3666
100	1.1533	1.5035	0.1272	-0.7265	0.0267	8.0201	-1.5960	2.2692
101	1.1158	1.5232	0.1248	-0.8800	0.1061	8.2721	-1.8060	2.4264
102	1.1130	1.5198	0.1260	-0.8945	0.0931	8.2804	-2.0590	2.4542
103	1.1099	1.5192	0.1266	-0.9106	0.0912	7.9978	-2.1210	2.4342
104	1.1089	1.5157	0.1218	-0.9181	0.0777	8.6604	-2.2910	2.4754
105	1.1060	1.5119	0.1248	-0.9332	0.0625	8.1562	-2.3590	2.4962
106	1.1051	1.5076	0.1290	-0.9403	0.0455	7.9825	-2.5890	2.5334
107	1.1042	1.5023	0.1248	-0.9478	0.0244	8.4582	-2.4420	2.4620
108	1.1048	1.4944	0.1278	-0.9489	-0.0072	7.4738	-2.3330	2.4550
109	1.1051	1.4885	0.1207	-0.9514	-0.0313	8.8903	-2.2750	2.4642
110	1.1039	1.4808	0.1266	-0.9597	-0.0625	8.2695	-2.2610	2.4474
111	1.1006	1.5222	0.1266	-0.9768	0.1036	8.2341	-2.1370	2.4206
112	1.0981	1.5207	0.1278	-0.9906	0.0984	8.1805	-1.8570	2.3714
113	1.0952	1.5185	0.1242	-1.0061	0.0899	7.8732	-1.5410	2.2814
114	1.0925	1.5150	0.1278	-1.0206	0.0762	8.2428	-1.1000	2.1360
115	1.0894	1.5104	0.1266	-1.0372	0.0579	7.8235	6.0000	-2.0700
116	1.0859	1.5042	0.1290	-1.0554	0.0336	8.0391	-0.8490	2.1565
117	1.0821	1.4986	0.1266	-1.0748	0.0112	8.4199	-0.7220	2.1044
118	1.0789	1.4923	0.1266	-1.0919	-0.0144	8.3911	-0.6420	2.2504
119	1.0757	1.4876	0.1254	-1.1089	-0.0336	8.6198	-0.5680	2.0872
120	1.0708	1.4815	0.1266	-1.1328	-0.0585	8.4466	-0.6037	2.1102
121	1.1112	1.4740	0.1254	-0.9748	-0.0890	8.8560	-0.3850	2.0558
122	1.1113	1.4753	0.1272	-0.9779	-0.0846	8.6708	-0.2660	2.0496
123	1.1122	1.4766	0.1266	-0.9779	-0.0798	8.4732	-0.2990	2.0666
124	1.1125	1.4789	0.1290	-0.9800	-0.0710	8.3938	-0.2690	2.0538
125	1.1115	1.4817	0.1242	-0.9875	-0.0605	9.0017	-0.2390	2.0478
126	1.1091	1.4832	0.1207	-1.0007	-0.0546	9.4578	-0.0160	1.9755
127	1.1061	1.4837	0.1242	-1.0161	-0.0532	9.0035	0.0540	1.9887
128	1.1035	1.4836	0.1290	-1.0302	-0.0540	8.5175	-0.0070	1.9886
129	1.1018	1.4839	0.1248	-1.0407	-0.0531	8.8677	-0.0010	1.9680
130	1.1010	1.4837	0.1290	-1.0476	-0.0546	8.6337	-0.2430	2.0743
131	1.0912	1.5255	0.1254	-1.0909	0.1134	8.9182	-0.3300	2.0572
132	1.0912	1.5229	0.1278	-1.0949	0.1036	8.7807	-0.2830	2.0642
133	1.0907	1.5182	0.1260	-1.1008	0.0851	9.0884	-0.2820	2.0268
134	1.0889	1.5149	0.1278	-1.1122	0.0724	8.7226	-0.3220	2.0756
135	1.0865	1.5101	0.1260	-1.1257	0.0535	8.1462	-0.0790	1.9758
136	1.0843	1.5007	0.1254	-1.1386	0.0160	9.0141	0.0500	1.9706
137	1.0839	1.4866	0.1260	-1.1444	-0.0410	9.1533	-0.0340	2.0448
138	1.0837	1.4714	0.1272	-1.1493	-0.1026	9.0397	-0.3100	2.0668
139	1.0845	1.4578	0.1272	-1.1502	-0.1579	9.0042	-0.5430	2.0942
140	1.0867	1.4408	0.1272	-1.1455	-0.2273	8.3250	-0.7100	2.1712
141	1.1181	1.4731	0.1260	-1.0231	-0.0988	9.1444	-0.7500	2.1228
142	1.1190	1.4666	0.1266	-1.0228	-0.1257	8.4530	-0.9770	2.1958
143	1.1175	1.4592	0.1183	-1.0324	-0.1561	10.1273	-1.1430	2.2858
144	1.1165	1.4547	0.1254	-1.0396	-0.1753	9.6112	-1.9950	2.7970
145	1.1161	1.4470	0.1254	-1.0444	-0.2075	9.2213	-1.0750	2.2150
146	1.1146	1.4409	0.1278	-1.0539	-0.2333	9.2032	-0.7890	2.1214
147	1.1125	1.4366	0.1266	-1.0657	-0.2523	9.1990	-0.7150	2.1294
148	1.1081	1.4353	0.1254	-1.0870	-0.2589	9.7353	-0.6220	2.1244
149	1.1047	1.4353	0.1284	-1.1040	-0.2606	9.1575	-0.6550	2.0914
150	1.1044	1.4322	0.1189	-1.1091	-0.2747	10.3885	-0.3670	2.0198
151	1.1227	1.5644	0.1254	-1.0388	0.2556	9.7555	-0.3430	2.0558
152	1.1224	1.5624	0.1284	-1.0432	0.2493	9.3043	-0.2420	2.0692
153	1.1215	1.5617	0.1248	-1.0500	0.2480	9.5285	-0.0890	2.0162
154	1.1206	1.5608	0.1272	-1.0570	0.2458	9.6926	0.0180	2.0296
155	1.1198	1.5613	0.1172	-1.0635	0.2493	10.5659	0.0370	2.0048
156	1.1189	1.5623	0.1278	-1.0702	0.2552	9.6218	0.2270	1.9638
157	1.1175	1.5633	0.1290	-1.0794	0.2605	9.1467	0.4440	1.9092
158	1.1162	1.5631	0.1284	-1.0879	0.2614	9.5502	0.4720	1.8951
159	1.1157	1.5637	0.1278	-1.0931	0.2653	9.5268	0.6170	1.8177
160	1.1152	1.5643	0.1272	-1.0984	0.2695	9.6302	0.7360	1.8182
161	1.1446	1.5131	0.1260	-0.9834	0.0649	9.7994	1.0430	1.7174
162	1.1424	1.5120	0.1266	-0.9951	0.0607	9.9995	1.0420	1.7673
163	1.1397	1.5130	0.1266	-1.0085	0.0652	9.7888	1.0020	1.7669
164	1.1349	1.5175	0.1284	-1.0308	0.0838	8.8921	1.2180	1.6848
165	1.1298	1.5192	0.1195	-1.0541	0.0908	10.7037	1.3970	1.6370
166	1.1232	1.5189	0.1266	-1.0836	0.0899	9.9421	1.4280	1.6493
167	1.1186	1.5178	0.1278	-1.1054	0.0861	9.7083	1.4960	1.6025
168	1.1164	1.5188	0.1272	-1.1176	0.0905	10.1734	1.4850	1.5919
169	1.1158	1.5195	0.1278	-1.1231	0.0941	9.8176	1.5030	1.5693
170	1.1160	1.5207	0.1272	-1.1259	0.0991	9.8606	1.4630	1.5664
171	1.1187	1.4788	0.1260	-1.1184	-0.0689	10.0958	1.2600	1.5594
172	1.1189	1.4826	0.1284	-1.1209	-0.0543	9.9576	1.1970	1.6060
173	1.1192	1.4880	0.1248	-1.1226	-0.0326	10.0621	1.1040	1.6015
174	1.1211	1.4938	0.1260	-1.1183	-0.0097	9.4790	1.0450	1.6030
175	1.1261	1.4967	0.1242	-1.1017	0.0018	10.4955	1.2450	1.4184
176	1.1297	1.4999	0.1272	-1.0901	0.0146	10.2275	1.1310	1.5639
177	1.1322	1.5030	0.1266	-1.0832	0.0269	10.3243	1.2880	1.4982
178	1.1347	1.5077	0.1296	-1.0758	0.0459	10.1130	1.1220	1.5479
179	1.1369	1.5102	0.1195	-1.0698	0.0561	11.1718	1.2030	1.5147
180	1.1400	1.5108	0.1290	-1.0602	0.0590	10.0606	1.4200	1.4496
181	1.0928	1.4921	0.1284	-1.2529	-0.0159	10.0977	1.5160	1.4212
182	1.0918	1.4934	0.1266	-1.2608	-0.0108	10.2858	1.6820	1.3596
183	1.0909	1.4923	0.1266	-1.2685	-0.0155	10.2570	1.8250	1.3326
184	1.0895	1.4910	0.1284	-1.2782	-0.0210	10.1906	1.6420	1.3869
185	1.0884	1.4900	0.1242	-1.2867	-0.0254	10.7262	1.7080	1.3061
186	1.0883	1.4891	0.1278	-1.2913	-0.0291	9.4995	1.9030	1.2324
187	1.0857	1.4878	0.1266	-1.3056	-0.0346	10.6824	1.8460	1.2822
188	1.0839	1.4868	0.1284	-1.3170	-0.0391	10.4958	1.7580	1.2661
189	1.0815	1.4842	0.1266	-1.3309	-0.0497	10.3775	1.6240	1.3167
190	1.0786	1.4836	0.1272	-1.3465	-0.0525	10.6965	1.5940	1.2224
191	1.1074	1.5320	0.1178	-1.2349	0.1419	11.5547	1.4100	1.3027
192	1.1058	1.5316	0.1254	-1.2448	0.1410	10.7876	1.3760	1.3027
193	1.1039	1.5327	0.1254	-1.2562	0.1461	9.9344	1.2920	1.1672
194	1.1028	1.5329	0.1254	-1.2644	0.1480	10.8502	1.0000	1.3327
195	1.1010	1.5328	0.1266	-1.2753	0.1483	10.7978	1.4104	5.1620
196	1.1001	1.5329	0.1296	-1.2826	0.1493	10.4056	0.3280	1.4199
197	1.0996	1.5359	0.1266	-1.2882	0.1622	10.8594	1.2920	1.2040
198	1.0994	1.5403	0.1272	-1.2931	0.1809	10.8181	1.2540	1.2024
199	1.0978	1.5454	0.1266	-1.3033	0.2027	10.8548	1.2520	1.1927
200	1.0959	1.5508	0.1266	-1.3146	0.2254	11.0662	1.2650	1.1902
201	1.0999	1.5314	0.1248	-1.3025	0.1486	11.2460	1.3710	1.1129
202	1.1008	1.5309	0.1278	-1.3025	0.1472	10.9166	1.3680	1.1192
203	1.1018	1.5293	0.1260	-1.3023	0.1418	10.8052	1.5850	1.0176
204	1.1033	1.5276	0.1272	-1.2998	0.1357	11.0513	1.4800	1.0846
205	1.1065	1.5236	0.1254	-1.2905	0.1203	10.9388	1.5600	1.0631
206	1.1112	1.5197	0.1278	-1.2754	0.1050	11.1010	1.6830	1.0227
207	1.1148	1.5170	0.1260	-1.2641	0.0945	11.2882	1.9880	0.8697
208	1.1187	1.5113	0.1272	-1.2522	0.0722	11.1747	1.7980	0.9453
209	1.1223	1.5067	0.1254	-1.2410	0.0539	11.4758	1.5710	1.0006
210	1.1267	1.5018	0.1278	-1.2263	0.0342	10.4439	1.8550	0.8784
211	1.1044	1.5902	0.1284	-1.3190	0.3901	10.9294	1.7830	0.9303
212	1.1043	1.5885	0.1254	-1.3230	0.3858	11.3214	1.9860	0.8622
213	1.1051	1.5858	0.1260	-1.3238	0.3771	11.1615	2.0400	0.8473
214	1.1064	1.5841	0.1254	-1.3219	0.3724	11.5039	2.1400	0.7633
215	1.1076	1.5820	0.1260	-1.3208	0.3660	11.2831	2.1850	0.7933
216	1.1080	1.5784	0.1254	-1.3227	0.3534	11.4456	2.1380	0.7396
217	1.1073	1.5771	0.1260	-1.3290	0.3502	11.4053	2.0670	0.7408
218	1.1052	1.5745	0.1254	-1.3409	0.3415	11.6883	1.6030	0.8315
219	1.1041	1.5725	0.1254	-1.3489	0.3355	10.7022	1.5460	0.7830
220	1.1043	1.5690	0.1284	-1.3519	0.3233	11.1367	1.6520	0.7361
221	1.0910	1.5122	0.1254	-1.4091	0.0962	11.7631	1.7610	0.6902
222	1.0905	1.5145	0.1284	-1.4150	0.1057	11.2522	1.8450	0.6942
223	1.0899	1.5197	0.1183	-1.4213	0.1270	12.4930	1.9630	0.6433
224	1.0884	1.5229	0.1260	-1.4316	0.1405	11.8445	2.0330	0.5987
225	1.0853	1.5252	0.1260	-1.4483	0.1505	10.8686	1.9610	0.5696
226	1.0832	1.5291	0.1260	-1.4605	0.1666	11.9069	1.8140	0.5857
227	1.0822	1.5325	0.1266	-1.4689	0.1812	11.7451	1.7590	0.5679
228	1.0828	1.5367	0.1230	-1.4705	0.1988	12.2655	1.6090	0.6448
229	1.0836	1.5413	0.1272	-1.4714	0.2184	10.9000	1.7050	0.6003
230	1.0848	1.5488	0.1302	-1.4710	0.2494	11.2753	1.6930	0.5722
231	1.1270	1.4865	0.1266	-1.3052	-0.0001	11.8568	1.7030	0.5170
232	1.1261	1.4854	0.1278	-1.3120	-0.0047	11.6230	1.8020	0.4942
233	1.1255	1.4844	0.1236	-1.3174	-0.0090	12.0972	1.8430	0.5305
234	1.1240	1.4829	0.1278	-1.3265	-0.0156	11.8055	1.8880	0.5139
235	1.1211	1.4816	0.1278	-1.3415	-0.0212	11.6562	1.6580	0.5039
236	1.1187	1.4794	0.1284	-1.3544	-0.0307	11.8546	1.7720	0.4720
237	1.1176	1.4767	0.1272	-1.3619	-0.0419	12.2121	2.0100	0.3754
238	1.1172	1.4741	0.1201	-1.3668	-0.0531	12.7355	2.1000	0.3274
239	1.1172	1.4707	0.1254	-1.3700	-0.0672	12.1817	2.0000	0.3993
240	1.1171	1.4678	0.1290	-1.3740	-0.0799	11.8990	2.2670	0.2373
241	1.1206	1.5216	0.1266	-1.3631	0.1360	11.8542	2.1990	0.2472
242	1.1179	1.5245	0.1260	-1.3774	0.1481	12.1365	2.3780	0.2098
243	1.1157	1.5277	0.1189	-1.3895	0.1618	13.1386	2.6320	0.1165
244	1.1126	1.5320	0.1284	-1.4051	0.1796	12.2109	2.3590	0.1671
245	1.1123	1.5379	0.1284	-1.4100	0.2042	12.0602	2.4000	0.1652
246	1.1109	1.5457	0.1266	-1.4191	0.2366	12.3083	2.7250	0.0436
247	1.1106	1.5545	0.1272	-1.4238	0.2732	11.6136	0.7750	1.2099
248	1.1116	1.5629	0.1266	-1.4229	0.3085	12.5513	3.0170	-0.1334
249	1.1121	1.5684	0.1272	-1.4247	0.3320	12.3161	2.9640	-0.0739
250	1.1127	1.5787	0.1260	-1.4255	0.3751	12.3714	2.9220	-0.0803
251	1.1327	1.4969	0.1278	-1.3487	0.0479	12.1198	3.0230	-0.1372
252	1.1326	1.4975	0.1272	-1.3518	0.0503	11.8083	2.9680	-0.1862
253	1.1320	1.4971	0.1260	-1.3572	0.0487	12.3389	2.8280	-0.1714
254	1.1337	1.4961	0.1284	-1.3533	0.0446	12.4407	2.7180	-0.1395
255	1.1361	1.4951	0.1178	-1.3467	0.0402	13.3310	2.5170	-0.1844
256	1.1385	1.4934	0.1266	-1.3396	0.0334	12.7201	2.3110	-0.0794
257	1.1401	1.4917	0.1254	-1.3361	0.0265	12.6544	2.5650	-0.1854
258	1.1420	1.4914	0.1260	-1.3311	0.0248	12.7337	2.8130	-0.2906
259	1.1435	1.4897	0.1254	-1.3278	0.0180	12.8302	2.6510	-0.1945
260	1.1476	1.4877	0.1242	-1.3142	0.0097	12.8840	2.6050	-0.3096
261	1.1154	1.4889	0.1254	-1.4462	0.0143	12.7657	2.7210	-0.4100
262	1.1162	1.4922	0.1266	-1.4463	0.0270	12.7729	2.6770	-0.3650
263	1.1178	1.4972	0.1248	-1.4432	0.0470	13.0194	2.8670	-0.3961
264	1.1195	1.5026	0.1266	-1.4398	0.0688	12.0646	3.1550	-0.5157
265	1.1209	1.5082	0.1195	-1.4372	0.0912	13.5986	3.1520	-0.5105
266	1.1230	1.5136	0.1254	-1.4319	0.1132	13.0411	3.4220	-0.5944
267	1.1243	1.5194	0.1278	-1.4300	0.1368	12.7234	3.3560	-0.6430
268	1.1250	1.5252	0.1266	-1.4303	0.1610	12.9588	3.3370	-0.6950
269	1.1274	1.5288	0.1284	-1.4237	0.1757	12.7062	3.2270	-0.6244
270	1.1305	1.5366	0.1260	-1.4144	0.2079	13.0261	3.2790	-0.6929
271	1.1033	1.5399	0.1254	-1.5271	0.2223	12.3546	3.2310	-0.7488
272	1.1004	1.5423	0.1296	-1.5421	0.2327	12.5875	2.7590	-0.6098
273	1.0989	1.5462	0.1266	-1.5518	0.2495	13.0417	2.7610	-0.6504
274	1.0996	1.5503	0.1266	-1.5529	0.2673	12.5379	2.5900	-0.6452
275	1.1031	1.5549	0.1266	-1.5425	0.2871	13.0444	2.4270	-0.6764
276	1.1068	1.5613	0.1290	-1.5313	0.3141	12.9655	2.4630	-0.2554
277	1.1120	1.5704	0.1266	-1.5142	0.3522	13.0461	2.5230	-0.7540
278	1.1164	1.5800	0.1296	-1.4999	0.3926	13.0145	2.5280	-0.7821
279	1.1206	1.5870	0.1260	-1.4863	0.4229	13.2935	2.3360	-0.7165
280	1.1265	1.5935	0.1260	-1.4656	0.4514	13.4445	2.1420	-0.6935
281	1.1470	1.5044	0.1290	-1.3864	0.0950	13.0468	2.2170	-0.7838
282	1.1470	1.5082	0.1201	-1.3891	0.1104	14.1499	1.7350	-0.6255
283	1.1470	1.5162	0.1236	-1.3914	0.1428	13.6971	1.8120	-0.7060
284	1.1485	1.5292	0.1290	-1.3881	0.1955	13.2003	1.9420	-0.8224
285	1.1509	1.5468	0.1272	-1.3807	0.2671	13.2085	2.3110	-0.9273
286	1.1559	1.5618	0.1278	-1.3632	0.3286	13.3469	2.6370	-0.9567
287	1.1600	1.5730	0.1242	-1.3491	0.3753	13.9305	2.3450	-0.9309
288	1.1663	1.5867	0.1278	-1.3258	0.4323	13.3491	2.7060	-1.0572
289	1.1709	1.5962	0.1266	-1.3095	0.4728	13.4584	2.1990	-0.9146
290	1.1782	1.6081	0.1284	-1.2820	0.5230	13.5132	2.2980	-0.9951
291	1.1109	1.4676	0.1266	-1.5548	-0.0399	13.5141	2.2550	-1.0540
292	1.1108	1.4686	0.1218	-1.5587	-0.0367	14.1763	2.2020	-1.1409
293	1.1111	1.4690	0.1278	-1.5610	-0.0359	13.5515	0.7700	-0.3430
294	1.1125	1.4692	0.1278	-1.5588	-0.0358	13.4620	2.8300	-1.1803
295	1.1138	1.4684	0.1254	-1.5572	-0.0398	13.7815	1.9064	-1.0174
296	1.1160	1.4666	0.1266	-1.5515	-0.0479	13.1352	4.0000	-1.4630
297	1.1211	1.4646	0.1201	-1.5344	-0.0566	14.7836	1.8080	-1.0183
298	1.1269	1.4633	0.1272	-1.5141	-0.0629	13.6585	1.7920	-1.1059
299	1.1311	1.4622	0.1278	-1.5005	-0.0682	13.7912	1.8630	-1.0959
300	1.1347	1.4606	0.1272	-1.4889	-0.0754	13.8337	1.7620	-1.0342
301	1.1284	1.4868	0.1278	-1.5171	0.0289	13.5462	1.5230	-1.0930
302	1.1291	1.4870	0.1260	-1.5174	0.0294	14.1539	1.3510	-0.9874
303	1.1267	1.4877	0.1266	-1.5302	0.0317	13.9920	1.4770	-1.1236
304	1.1211	1.4895	0.1201	-1.5557	0.0389	14.8657	1.3190	-1.0169
305	1.1153	1.4932	0.1260	-1.5823	0.0535	13.8868	1.2510	-1.0095
306	1.1133	1.4979	0.1284	-1.5939	0.0721	13.8083	1.2930	-1.0392
307	1.1117	1.5040	0.1248	-1.6036	0.0965	14.0925	1.1740	-1.0689
308	1.1125	1.5114	0.1278	-1.6038	0.1267	14.1841	1.1130	-1.1029
309	1.1134	1.5180	0.1254	-1.6036	0.1533	14.1960	0.9100	-0.9927
310	1.1152	1.5287	0.1278	-1.5996	0.1971	14.1791	1.2850	-1.2117
311	1.1092	1.5290	0.1213	-1.6273	0.1988	14.8695	1.3830	-1.1301
312	1.1091	1.5288	0.1272	-1.6310	0.1988	14.2467	1.9540	-1.3221
313	1.1090	1.5274	0.1248	-1.6349	0.1937	14.2653	2.1260	-1.4374
314	1.1079	1.5251	0.1266	-1.6429	0.1851	14.2608	1.9540	-1.2405
315	1.1090	1.5229	0.1254	-1.6420	0.1771	14.4961	2.2160	-1.4281
316	1.1104	1.5210	0.1272	-1.6402	0.1699	14.1903	2.3560	-1.4768
317	1.1097	1.5156	0.1272	-1.6464	0.1489	14.2211	2.0960	-1.3433
318	1.1096	1.5139	0.1266	-1.6503	0.1424	14.4443	2.3690	-1.5279
319	1.1105	1.5150	0.1201	-1.6500	0.1470	15.2516	2.5140	-1.5448
320	1.1110	1.5147	0.1266	-1.6516	0.1461	14.8028	2.5340	-1.5359
321	1.1372	1.4779	0.1242	-1.5497	-0.0014	14.6918	2.7100	-1.5943
322	1.1389	1.4792	0.1260	-1.5456	0.0032	14.6277	3.1570	-1.8413
323	1.1403	1.4818	0.1272	-1.5429	0.0131	13.5124	3.0620	-1.7632
324	1.1426	1.4832	0.1290	-1.5362	0.0183	14.3281	2.9900	-1.7308
325	1.1438	1.4838	0.1260	-1.5343	0.0202	14.7817	2.8640	-1.7230
326	1.1455	1.4862	0.1278	-1.5299	0.0294	14.4751	2.8580	-1.7780
327	1.1469	1.4907	0.1260	-1.5270	0.0473	14.7228	2.9140	-1.8554
328	1.1489	1.4955	0.1302	-1.5213	0.0665	13.7111	2.9270	-1.8368
329	1.1507	1.5001	0.1266	-1.5169	0.0850	14.8873	2.7860	-1.8481
330	1.1533	1.5060	0.1296	-1.5087	0.1084	14.7370	2.5920	-1.7976
331	1.1284	1.4958	0.1266	-1.6114	0.0677	14.7612	2.0000	-1.6089
332	1.1251	1.4976	0.1278	-1.6278	0.0748	14.7680	2.5840	-1.9246
333	1.1211	1.4996	0.1254	-1.6469	0.0828	14.7875	2.6880	-1.9458
334	1.1153	1.5018	0.1278	-1.6734	0.0916	14.7094	3.0960	-2.1390
335	1.1098	1.5038	0.1242	-1.6991	0.0997	14.9925	2.9410	-2.0164
336	1.1027	1.5064	0.1201	-1.7311	0.1103	15.6391	2.8860	-2.0185
337	1.0954	1.5084	0.1254	-1.7640	0.1185	14.9721	2.9680	-2.0997
338	1.0872	1.5086	0.1278	-1.8012	0.1195	14.8949	3.1780	-2.1654
339	1.0821	1.5088	0.1284	-1.8255	0.1205	14.7210	3.3460	-2.3785
340	1.0744	1.5101	0.1284	-1.8608	0.1260	14.9321	3.3660	-2.4289
341	1.1340	1.5505	0.1272	-1.6253	0.2887	15.0414	2.9880	-2.2978
342	1.1346	1.5501	0.1272	-1.6258	0.2883	14.8923	2.5500	-2.0329
343	1.1376	1.5494	0.1260	-1.6167	0.2867	15.0676	2.5970	-2.2095
344	1.1427	1.5472	0.1230	-1.5989	0.2795	15.3964	2.6990	-3.1700
345	1.1468	1.5433	0.1266	-1.5851	0.2650	14.4097	22.6990	-6.4786
346	1.1523	1.5374	0.1183	-1.5656	0.2423	16.0222	1.8850	-2.3770
347	1.1582	1.5327	0.1266	-1.5440	0.2240	14.6474	1.1300	-2.3884
348	1.1641	1.5281	0.1166	-1.5227	0.2063	16.4721	1.2010	-2.2402
349	1.1684	1.5238	0.1242	-1.5076	0.1897	15.4044	0.5250	-1.9482
350	1.1742	1.5182	0.1254	-1.4861	0.1677	14.5303	0.2020	-1.9192
351	1.1212	1.5350	0.1248	-1.7015	0.2360	15.4497	0.3400	-2.0840
352	1.1210	1.5355	0.1284	-1.7055	0.2387	14.9885	0.1180	-2.0884
353	1.1218	1.5345	0.1248	-1.7055	0.2358	15.2742	0.0830	-1.9058
354	1.1208	1.5362	0.1260	-1.7128	0.2434	15.5198	-0.1060	-2.0498
355	1.1188	1.5381	0.1278	-1.7241	0.2518	14.5081	0.4440	-2.0480
356	1.1174	1.5405	0.1296	-1.7330	0.2627	15.3282	-0.6180	-1.8834
357	1.1130	1.5432	0.1260	-1.7540	0.2744	15.7337	-0.2800	-1.9530
358	1.1116	1.5440	0.1207	-1.7631	0.2790	16.4046	-1.2280	-1.6083
359	1.1088	1.5470	0.1236	-1.7778	0.2919	15.0132	-1.8190	-1.6031
360	1.1016	1.5536	0.1284	-1.8103	0.3199	15.6524	-2.8950	-1.1728
361	1.1306	1.5052	0.1278	-1.6973	0.1262	15.5688	-3.9520	-1.0224
362	1.1356	1.5064	0.1248	-1.6801	0.1313	15.7802	-4.2860	-1.0233
363	1.1452	1.5031	0.1160	-1.6444	0.1179	16.5690	-2.9710	-1.3444
364	1.1522	1.5007	0.1218	-1.6188	0.1085	16.0807	-2.6500	-1.2547
365	1.1542	1.5025	0.1230	-1.6132	0.1159	15.5582	-2.2700	-1.3895
366	1.1512	1.5082	0.1242	-1.6277	0.1386	15.7416	-2.3400	-1.3502
367	1.1432	1.5152	0.1242	-1.6623	0.1671	15.8322	-2.1690	-1.2858
368	1.1302	1.5244	0.1236	-1.7173	0.2047	15.9946	-2.2130	-1.2881
369	1.1200	1.5302	0.1166	-1.7614	0.2286	16.8559	-2.2230	-1.2348
370	1.1002	1.5415	0.1189	-1.8443	0.2745	16.7291	-3.1820	-0.8487
371	1.1485	1.5844	0.1230	-1.6537	0.4484	15.9656	-3.8810	-0.8575
372	1.1520	1.5858	0.1248	-1.6422	0.4562	15.1428	-3.9880	-0.8294
373	1.1525	1.5907	0.1242	-1.6427	0.4779	15.7694	-4.4000	-0.6114
374	1.1559	1.5924	0.1224	-1.6311	0.4872	16.3100	-3.5240	-0.8795
375	1.1632	1.5925	0.1178	-1.6042	0.4899	16.8436	-3.0040	-1.0103
376	1.1751	1.5891	0.1236	-1.5585	0.4784	16.1720	-1.4960	-1.2179
377	1.1844	1.5874	0.1272	-1.5230	0.4740	15.7733	-2.1810	-0.9826
378	1.1887	1.5890	0.1290	-1.5074	0.4826	15.8246	-3.0270	-0.7193
379	1.1925	1.5927	0.1248	-1.4936	0.4997	16.2356	-3.6140	-0.6123
380	1.2018	1.5937	0.1201	-1.4576	0.5060	16.7740	-2.5900	-0.9759
381	1.1340	1.5220	0.1272	-1.7317	0.2197	16.1835	-0.9830	-1.3100
382	1.1366	1.5162	0.1236	-1.7241	0.1970	16.5251	0.1790	-1.4276
383	1.1346	1.5120	0.1236	-1.7350	0.1803	16.2009	-0.1720	-1.2873
384	1.1276	1.5126	0.1266	-1.7660	0.1831	15.5233	-1.1950	-1.0608
385	1.1216	1.5146	0.1149	-1.7933	0.1914	17.4908	-1.9910	-0.8571
386	1.1206	1.5148	0.1254	-1.8005	0.1926	16.4380	-0.5170	-1.3777
387	1.1218	1.5104	0.1254	-1.7989	0.1752	16.2314	1.1580	-1.6443
388	1.1216	1.5010	0.1260	-1.8029	0.1376	16.4885	1.9080	-1.7625
389	1.1240	1.4898	0.1126	-1.7965	0.0929	17.7653	2.4470	-1.9137
390	1.1240	1.4774	0.1178	-1.7996	0.0427	17.4755	0.8060	-1.6042
391	1.1778	1.4940	0.1230	-1.5862	0.1088	16.7493	-0.1660	-1.2596
392	1.1788	1.5000	0.1242	-1.5840	0.1327	16.5790	-1.2520	-1.0489
393	1.1796	1.5096	0.1242	-1.5825	0.1712	16.6699	-2.2330	-0.8104
394	1.1826	1.5200	0.1248	-1.5722	0.2137	15.8114	-1.8380	-1.1041
395	1.1894	1.5255	0.1160	-1.5465	0.2363	17.7755	-0.3280	-1.3252
396	1.1924	1.5306	0.1230	-1.5360	0.2573	16.8478	-1.3500	-0.8146
397	1.1944	1.5391	0.1242	-1.5294	0.2923	16.8561	-1.7230	-0.9579
398	1.2014	1.5438	0.1254	-1.5026	0.3122	16.5658	-0.3860	-1.3010
399	1.2066	1.5463	0.1236	-1.4829	0.3233	16.8649	-0.1790	-1.1787
400	1.2086	1.5538	0.1266	-1.4759	0.3549	16.6574	-1.1150	-1.0614
401	1.1670	1.5874	0.1236	-1.6444	0.4913	15.9916	-1.3900	-0.9501
402	1.1722	1.5854	0.1248	-1.6255	0.4854	16.9838	-0.3910	-1.3332
403	1.1792	1.5800	0.1224	-1.5993	0.4659	17.1222	0.7840	-1.5027
404	1.1812	1.5787	0.1272	-1.5930	0.4625	16.6401	-0.6100	-1.0580
405	1.1782	1.5820	0.1248	-1.6068	0.4780	17.0188	-1.5960	-0.8898
406	1.1730	1.5890	0.1254	-1.6295	0.5083	17.0976	-2.2810	-0.7769
407	1.1720	1.5988	0.1166	-1.6355	0.5499	17.8882	-1.7800	-0.9366
408	1.1732	1.6047	0.1260	-1.6326	0.5761	17.2090	-0.8780	-1.1095
409	1.1702	1.6096	0.1248	-1.6466	0.5985	17.1442	-1.3600	-0.8287
410	1.1630	1.6195	0.1242	-1.6776	0.6411	17.1281	-3.0370	-0.2765
411	1.1482	1.4960	0.1278	-1.7393	0.1468	17.0201	-4.1150	-0.1363
412	1.1512	1.4998	0.1201	-1.7298	0.1620	17.7994	-3.7040	-0.4756
413	1.1588	1.5010	0.1242	-1.7017	0.1669	17.5752	-2.5640	-0.5766
414	1.1638	1.5020	0.1260	-1.6838	0.1710	17.1517	-2.6450	-0.4365
415	1.1650	1.5072	0.1224	-1.6812	0.1920	17.6115	-3.7990	-0.2050
416	1.1699	1.5135	0.1260	-1.6635	0.2173	16.4519	-4.3170	-0.0380
417	1.1786	1.5233	0.1178	-1.6304	0.2571	18.2366	-5.0800	0.1578
418	1.1892	1.5381	0.1254	-1.5898	0.3171	17.2905	-5.8600	0.3143
419	1.1987	1.5532	0.1272	-1.5528	0.3792	16.6281	-6.3480	0.5810
420	1.2075	1.5720	0.1278	-1.5187	0.4562	17.2968	-5.4230	0.1964
421	1.1802	1.5054	0.1272	-1.6298	0.1896	17.2144	-4.5490	0.1243
422	1.1852	1.5054	0.1254	-1.6114	0.1900	17.8224	-5.4660	0.4297
423	1.1892	1.5101	0.1272	-1.5969	0.2089	17.4564	-6.2820	0.6461
424	1.1883	1.5121	0.1272	-1.6022	0.2174	17.4869	-5.0330	0.4287
425	1.1864	1.5117	0.1266	-1.6112	0.2161	17.4708	-4.5480	0.3712
426	1.1871	1.5135	0.1266	-1.6098	0.2236	16.8533	-4.9410	0.5549
427	1.1901	1.5187	0.1260	-1.5995	0.2449	17.5454	-5.3400	0.6378
428	1.1952	1.5273	0.1248	-1.5803	0.2799	18.0803	-5.5850	0.7496
429	1.2017	1.5368	0.1154	-1.5555	0.3186	18.5718	-6.1530	0.9524
430	1.2059	1.5516	0.1284	-1.5400	0.3791	17.7043	-6.1470	0.9347
431	1.0290	1.4786	0.1195	-2.0000	0.0867	18.6784	-4.9710	0.5397
432	1.0223	1.4776	0.1278	-2.0000	0.0822	17.7723	-3.7110	0.4042
433	1.0139	1.4728	0.1254	-2.0000	0.0623	17.7917	-4.0620	0.7960
434	1.0070	1.4702	0.1254	-2.0000	0.0511	17.8827	-3.8170	0.5576
435	0.9956	1.4682	0.1242	-2.0000	0.0423	18.1167	-3.6110	0.6037
436	0.9848	1.4616	0.1296	-2.0000	0.0150	17.6779	-3.3970	0.7068
437	0.9715	1.4568	0.1254	-2.0000	-0.0053	18.2758	-3.7670	0.8018
438	0.9543	1.4522	0.1254	-2.0000	-0.0249	17.1839	-3.0500	0.5747
439	0.9433	1.4470	0.1248	-2.0000	-0.0470	18.0439	-1.9280	0.3656
440	0.9295	1.4430	0.1242	-2.0000	-0.0644	18.2065	-2.8910	0.7724
441	1.1094	1.4710	0.1172	-1.9295	0.0468	19.1357	-2.9930	0.7367
442	1.1116	1.4780	0.1260	-1.9241	0.0743	18.2882	-4.0920	1.0859
443	1.1159	1.4900	0.1230	-1.9105	0.1220	18.1398	-4.4110	1.0796
444	1.1197	1.5067	0.1254	-1.8985	0.1890	18.3026	-4.1400	0.9042
445	1.1271	1.5255	0.1236	-1.8718	0.2649	18.1317	-3.4490	0.9749
446	1.1327	1.5451	0.1260	-1.8525	0.3445	18.1738	-2.5830	0.6850
447	1.1380	1.5611	0.1230	-1.8339	0.4100	18.5626	-1.7340	0.6489
448	1.1412	1.5725	0.1248	-1.8241	0.4575	17.6157	-0.3990	0.2918
449	1.1407	1.5806	0.1224	-1.8285	0.4915	18.3937	-0.5660	0.4476
450	1.1369	1.5951	0.1242	-1.8468	0.5520	18.5685	-2.9560	1.0734
451	1.1782	1.5386	0.1248	-1.6832	0.3271	18.4026	-3.0610	0.9487
452	1.1832	1.5376	0.1248	-1.6649	0.3240	18.5539	-1.3590	0.5450
453	1.1872	1.5345	0.1248	-1.6505	0.3126	18.1693	-0.7680	0.6611
454	1.1890	1.5337	0.1236	-1.6448	0.3101	18.4617	-0.9170	0.4546
455	1.1906	1.5302	0.1224	-1.6399	0.2970	18.0514	-0.7980	0.7919
456	1.1896	1.5306	0.1248	-1.6454	0.2992	18.5607	-2.1740	0.9087
457	1.1892	1.5319	0.1242	-1.6485	0.3054	18.4265	-1.3230	0.6672
458	1.1898	1.5311	0.1254	-1.6476	0.3027	18.3739	-1.5130	0.6009
459	1.1902	1.5302	0.1218	-1.6475	0.2998	18.3579	-1.9550	1.0028
460	1.1862	1.5319	0.1266	-1.6651	0.3076	18.3465	-1.0940	0.8658
461	1.2371	1.5270	0.1230	-1.4617	0.2886	18.8017	-0.3460	0.6251
462	1.2391	1.5276	0.1242	-1.4542	0.2917	18.6314	-0.6510	0.3612
463	1.2388	1.5272	0.1224	-1.4555	0.2908	18.8765	-0.9180	0.5112
464	1.2352	1.5274	0.1248	-1.4705	0.2923	18.5050	-1.1570	1.0076
465	1.2265	1.5290	0.1236	-1.5057	0.2994	18.5624	-0.4520	0.6280
466	1.2172	1.5310	0.1248	-1.5438	0.3082	18.9786	-2.1000	0.9982
467	1.2055	1.5324	0.1254	-1.5917	0.3146	18.7594	-1.8540	0.9528
468	1.1900	1.5360	0.1230	-1.6552	0.3299	19.0170	-3.4800	1.2341
469	1.1779	1.5388	0.1242	-1.7056	0.3421	19.1383	-2.9600	1.2487
470	1.1606	1.5426	0.1183	-1.7770	0.3583	19.6957	-3.2760	1.2168
471	1.2516	1.5606	0.1260	-1.4128	0.4319	18.9798	-2.2400	1.1140
472	1.2478	1.5604	0.1266	-1.4280	0.4326	18.8194	-3.6480	1.3680
473	1.2418	1.5588	0.1218	-1.4522	0.4276	19.0671	-4.8690	1.8984
474	1.2344	1.5562	0.1254	-1.4822	0.4186	19.0860	-3.6520	1.5509
475	1.2236	1.5550	0.1154	-1.5261	0.4152	20.1336	-5.0710	1.7409
476	1.2106	1.5525	0.1248	-1.5791	0.4066	19.2811	-6.1130	2.3912
477	1.1982	1.5521	0.1224	-1.6300	0.4064	19.3594	-5.1430	1.8857
478	1.1844	1.5547	0.1254	-1.6868	0.4181	19.2128	-6.1480	2.2412
479	1.1748	1.5576	0.1260	-1.7271	0.4310	19.0466	-4.4690	1.8525
480	1.1628	1.5612	0.1178	-1.7773	0.4469	20.0682	-4.6390	1.8814
481	1.3700	1.5110	0.1242	-0.9455	0.2464	19.2594	-5.5670	2.4670
482	1.3662	1.5124	0.1266	-0.9578	0.2524	19.0040	-4.3280	2.1174
483	1.3606	1.5140	0.1242	-0.9774	0.2591	19.4409	-3.4490	1.7240
484	1.3536	1.5150	0.1248	-1.0028	0.2635	18.4085	-2.8310	1.9886
485	1.3452	1.5186	0.1160	-1.0340	0.2783	20.4280	-2.2960	1.7591
486	1.3366	1.5236	0.1278	-1.0663	0.2989	19.0451	-2.9020	1.8997
487	1.3294	1.5285	0.1254	-1.0929	0.3192	19.1220	-1.9370	1.8259
488	1.3172	1.5338	0.1272	-1.1402	0.3414	19.7147	-2.3340	1.5502
489	1.3075	1.5363	0.1266	-1.1777	0.3522	19.7506	-2.4210	2.0963
490	1.2944	1.5390	0.1248	-1.2288	0.3641	19.9968	-2.0150	1.8561
491	1.0254	1.5490	0.1266	-2.0000	0.4052	19.5107	-2.9000	2.0059
492	1.0242	1.5494	0.1248	-2.0000	0.4080	19.6379	-2.6590	1.9873
493	1.0212	1.5524	0.1207	-2.0000	0.4213	19.9293	-3.8250	2.2160
494	1.0196	1.5544	0.1248	-2.0000	0.4307	19.5830	-1.7690	1.6496
495	1.0158	1.5570	0.1201	-2.0000	0.4425	20.3005	-2.0730	1.7407
496	1.0134	1.5590	0.1236	-2.0000	0.4520	19.0878	-0.6890	1.8252
497	1.0108	1.5614	0.1242	-2.0000	0.4631	19.5139	0.9750	1.1567
498	1.0092	1.5648	0.1230	-2.0000	0.4783	20.1625	1.9610	0.9494
499	1.0084	1.5670	0.1260	-2.0000	0.4890	19.6449	3.6320	0.2655
500	1.0052	1.5715	0.1254	-2.0000	0.5085	19.1610	5.4942	-0.1676
501	1.1800	1.5280	0.1189	-1.6882	0.3353	20.6119	4.8530	0.6104
502	1.1770	1.5318	0.1266	-1.7020	0.3513	20.0206	5.6490	0.1730
503	1.1752	1.5346	0.1266	-1.7111	0.3634	18.8170	5.3980	0.4610
504	1.1733	1.5389	0.1260	-1.7208	0.3817	20.0953	5.4250	0.2739
505	1.1710	1.5398	0.1224	-1.7320	0.3863	20.3154	4.4620	0.4417
506	1.1676	1.5409	0.1183	-1.7473	0.3916	20.9585	2.9220	0.9442
507	1.1621	1.5446	0.1218	-1.7716	0.4075	20.5096	2.0080	0.7509
508	1.1528	1.5497	0.1266	-1.8114	0.4291	19.8507	0.7180	1.5806
509	1.1425	1.5558	0.1224	-1.8551	0.4550	20.3763	0.9480	0.8688
510	1.1262	1.5635	0.1260	-1.9235	0.4874	20.0388	-1.1870	1.5548
511	1.0980	1.5154	0.1183	-2.0000	0.2953	20.9906	-2.0320	1.7757
512	1.0948	1.5166	0.1296	-2.0000	0.3003	20.3929	-2.4370	1.5861
513	1.0912	1.5154	0.1308	-2.0000	0.2959	20.2090	-2.5540	1.7003
514	1.0826	1.5128	0.1434	-2.0000	0.2861	19.8603	-3.0790	1.5946
515	1.0726	1.5099	0.1573	-2.0000	0.2745	19.3323	-0.5780	1.1974
516	1.0588	1.5088	0.1628	-2.0000	0.2704	19.5132	-0.8490	1.4373
517	1.0464	1.5067	0.1670	-2.0000	0.2621	18.5475	0.2750	1.1046
518	1.0314	1.5008	0.1566	-2.0000	0.2385	20.6489	0.9990	0.9762
519	1.0160	1.4987	0.1614	-2.0000	0.2302	19.6018	-0.2200	1.4053
520	0.9974	1.4982	0.1499	-2.0000	0.2281	21.0744	0.0110	1.0821
521	1.2043	1.5814	0.1533	-1.6121	0.5630	19.8807	1.3900	0.9530
522	1.2018	1.5838	0.1559	-1.6234	0.5747	19.1119	3.5110	0.0340
523	1.1995	1.5862	0.1533	-1.6338	0.5865	19.7913	8.4250	-0.8354
524	1.1971	1.5864	0.1526	-1.6449	0.5894	20.0298	12.6200	-1.9015
525	1.1944	1.5839	0.1345	-1.6570	0.5813	21.1078	13.1850	-1.7212
526	1.1891	1.5783	0.1315	-1.6796	0.5610	20.8118	12.9510	-1.6030
527	1.1848	1.5733	0.1254	-1.6985	0.5429	20.2376	12.6070	-1.6738
528	1.1786	1.5657	0.1254	-1.7252	0.5143	20.6844	12.7560	-1.8428
529	1.1719	1.5570	0.1230	-1.7541	0.4809	20.8760	12.7300	-2.1433
530	1.1667	1.5437	0.1266	-1.7766	0.4285	20.6573	11.0960	-1.9564
531	1.4552	1.5765	0.1236	-0.6176	0.5619	21.1069	9.3960	-1.4647
532	1.4540	1.5813	0.1254	-0.6173	0.5831	20.3880	7.9200	-1.6354
533	1.4522	1.5843	0.1230	-0.6195	0.5971	20.8236	8.6450	-1.9146
534	1.4502	1.5869	0.0925	-0.6225	0.6099	24.3976	7.6310	-1.4134
535	1.4478	1.5883	0.1207	-0.6271	0.6175	20.9300	7.2150	-1.2242
536	1.4429	1.5908	0.1213	-0.6419	0.6299	20.5425	6.4440	-1.1751
537	1.4385	1.5912	0.1248	-0.6548	0.6335	21.0306	6.7290	-1.5106
538	1.4339	1.5881	0.1254	-0.6685	0.6234	20.7518	6.1090	-1.5392
539	1.4294	1.5848	0.1183	-0.6822	0.6126	21.6256	4.8940	-1.5290
540	1.4226	1.5816	0.1242	-0.7050	0.6015	21.0712	5.4420	-1.8015
541	1.3134	1.6436	0.1149	-1.1402	0.8532	21.9205	8.5160	-2.6480
542	1.3130	1.6458	0.1236	-1.1402	0.8657	21.2592	12.4480	-3.2949
543	1.3109	1.6502	0.1213	-1.1471	0.8870	21.1011	11.8980	-2.7724
544	1.3066	1.6592	0.1154	-1.1631	0.9270	22.2434	9.3690	-2.5790
545	1.3024	1.6692	0.1236	-1.1784	0.9712	21.1764	7.9770	-2.3513
546	1.2972	1.6820	0.1266	-1.1978	1.0271	21.0278	7.8050	-2.4438
547	1.2907	1.6988	0.1224	-1.2230	1.0990	21.2041	8.2020	-2.5644
548	1.2799	1.7169	0.1254	-1.2653	1.1769	20.3555	8.0780	-2.6645
549	1.2693	1.7306	0.1160	-1.3072	1.2375	21.7383	8.1610	-2.5427
550	1.2555	1.7469	0.1230	-1.3625	1.3090	21.2817	7.5180	-2.5480
1	1.2486	1.5488	0.1260	-0.0057	0.1963	5.0646	0.5970	-0.1140
2	1.2492	1.5485	0.1272	-0.0031	0.1964	5.0113	0.5650	-0.1035
3	1.2499	1.5483	0.1266	-0.0003	0.1968	5.1746	0.4890	-0.1133
4	1.2505	1.5482	0.1272	0.0021	0.1977	5.3151	0.4590	-0.1141
5	1.2513	1.5482	0.1272	0.0052	0.1990	4.9240	0.2610	-0.0486
6	1.2522	1.5486	0.1207	0.0088	0.2016	6.0402	0.0400	-0.0262
7	1.2532	1.5491	0.1260	0.0131	0.2047	5.2499	0.1560	-0.0672
8	1.2543	1.5494	0.1308	0.0176	0.2074	4.9403	0.0460	-0.0331
9	1.2555	1.5503	0.1266	0.0225	0.2121	5.4199	0.0210	-0.0453
10	1.2567	1.5514	0.1290	0.0275	0.2177	5.2149	-0.0200	-0.0283
11	1.0622	1.5605	0.1290	-0.7554	0.2557	5.1181	-0.0850	-0.0192
12	1.0603	1.5613	0.1284	-0.7676	0.2606	5.2818	-0.2050	0.0375
13	1.0579	1.5629	0.1272	-0.7819	0.2685	5.3968	-0.3750	0.0686
14	1.0568	1.5652	0.1284	-0.7914	0.2793	5.2832	-0.1000	-0.1615
15	1.0565	1.5668	0.1272	-0.7974	0.2874	5.5196	-0.8000	0.1922
16	1.0564	1.5677	0.1272	-0.8024	0.2925	5.4836	-0.9110	0.1791
17	1.0565	1.5689	0.1278	-0.8071	0.2993	5.3215	-0.6870	0.1310
18	1.0568	1.5705	0.1302	-0.8108	0.3075	5.3630	-0.6190	0.1070
19	1.0572	1.5723	0.1272	-0.8140	0.3164	5.4549	-0.4840	0.0876
20	1.0577	1.5735	0.1290	-0.8168	0.3231	5.3822	-0.4340	0.0787
21	1.2388	1.5541	0.1236	-0.0928	0.2467	5.7615	-0.2330	0.0599
22	1.2382	1.5543	0.1290	-0.0954	0.2490	5.4438	-0.3990	0.1309
23	1.2366	1.5545	0.1254	-0.1020	0.2510	5.6686	-0.1930	0.0431
24	1.2354	1.5542	0.1290	-0.1070	0.2514	5.5058	-0.0420	-0.0180
25	1.2343	1.5543	0.1254	-0.1118	0.2529	5.7301	0.0493	0.0024
26	1.2326	1.5548	0.1284	-0.1191	0.2564	4.8683	0.1700	-0.0524
27	1.2313	1.5554	0.1260	-0.1247	0.2603	6.0150	0.0480	0.0225
28	1.2301	1.5563	0.1284	-0.1301	0.2650	5.6957	-0.0650	0.0692
29	1.2285	1.5572	0.1266	-0.1371	0.2702	5.7631	-0.2540	0.1032
30	1.2271	1.5582	0.1284	-0.1434	0.2756	5.8718	-0.3540	0.1096
31	1.2440	1.5234	0.1266	-0.0758	0.1371	5.9924	-0.2730	0.0779
32	1.2438	1.5242	0.1278	-0.0766	0.1408	5.9995	-0.0880	0.0552
33	1.2436	1.5242	0.1195	-0.0777	0.1413	6.6666	-0.0950	0.0539
34	1.2437	1.5237	0.1278	-0.0776	0.1399	6.0010	-0.2580	0.0980
35	1.2433	1.5232	0.1278	-0.0793	0.1387	5.9109	-0.3490	0.1124
36	1.2435	1.5232	0.1284	-0.0787	0.1392	5.9298	-0.2830	0.0986
37	1.2441	1.5234	0.1284	-0.0765	0.1407	5.9603	-0.1960	0.0561
38	1.2447	1.5238	0.1290	-0.0743	0.1429	5.9785	-0.1600	0.0728
39	1.2449	1.5243	0.1284	-0.0736	0.1453	5.1912	-0.1150	0.0542
40	1.2449	1.5246	0.1272	-0.0734	0.1470	6.1311	-0.1260	0.0836
41	1.2571	1.5868	0.1260	-0.0245	0.3983	6.1800	-0.2420	0.1116
42	1.2573	1.5870	0.1236	-0.0235	0.4011	6.3780	-0.2880	0.1325
43	1.2577	1.5868	0.1266	-0.0218	0.4026	6.3506	-0.4290	0.1474
44	1.2582	1.5868	0.1195	-0.0195	0.4045	7.2344	-0.4251	0.1360
45	1.2582	1.5867	0.1278	-0.0195	0.4063	6.3833	-0.3940	0.1541
46	1.2582	1.5865	0.1290	-0.0194	0.4078	6.0869	-0.2510	0.0877
47	1.2590	1.5891	0.1272	-0.0158	0.4204	6.4564	-0.0970	0.0941
48	1.2585	1.5918	0.1284	-0.0175	0.4337	6.4024	-0.0680	0.0604
49	1.2578	1.5937	0.1272	-0.0200	0.4433	6.3365	-0.1350	0.1117
50	1.2572	1.5951	0.1284	-0.0224	0.4514	6.3968	0.8050	-0.4144
51	1.2231	1.5281	0.1284	-0.1595	0.1841	6.4822	-0.0160	0.0703
52	1.2234	1.5286	0.1290	-0.1589	0.1869	6.2585	0.1880	0.0188
53	1.2241	1.5292	0.1254	-0.1569	0.1899	6.6035	0.3680	-0.0177
54	1.2248	1.5301	0.1290	-0.1544	0.1943	6.4411	0.4960	-0.0559
55	1.2261	1.5310	0.1260	-0.1500	0.1988	6.6530	0.6750	-0.1002
56	1.2273	1.5323	0.1290	-0.1456	0.2048	6.5028	0.8390	-0.1054
57	1.2287	1.5347	0.1260	-0.1408	0.2150	6.7746	0.9310	-0.1438
58	1.2298	1.5369	0.1290	-0.1368	0.2251	6.5638	0.9920	-0.1642
59	1.2306	1.5392	0.1260	-0.1342	0.2351	6.7155	1.0860	-0.1866
60	1.2318	1.5409	0.1296	-0.1296	0.2427	6.5460	1.1410	-0.2404
61	1.2345	1.5787	0.1284	-0.1195	0.3961	6.5354	1.1020	-0.2069
62	1.2341	1.5786	0.1189	-0.1212	0.3976	7.7059	1.1480	-0.2295
63	1.2336	1.5777	0.1272	-0.1237	0.3961	6.8627	1.1680	-0.2501
64	1.2336	1.5769	0.1290	-0.1240	0.3947	6.9179	1.1060	-0.2564
65	1.2341	1.5764	0.1284	-0.1226	0.3945	6.7724	1.0930	-0.2629
66	1.2354	1.5754	0.1284	-0.1177	0.3926	6.9239	1.0420	-0.2493
67	1.2365	1.5743	0.1272	-0.1137	0.3899	6.9184	0.9120	-0.2360
68	1.2374	1.5732	0.1278	-0.1104	0.3874	6.8167	0.9440	-0.2721
69	1.2379	1.5723	0.1260	-0.1087	0.3854	7.1848	1.0640	-0.2899
70	1.2389	1.5709	0.1296	-0.1051	0.3817	6.7743	0.9500	-0.2706
71	1.2232	1.5525	0.1260	-0.1683	0.3095	7.0537	0.7260	-0.2147
72	1.2222	1.5525	0.1290	-0.1731	0.3107	6.9028	0.6210	-0.2206
73	1.2212	1.5522	0.1201	-0.1777	0.3108	7.8859	0.4320	-0.1624
74	1.2207	1.5515	0.1266	-0.1806	0.3093	7.4368	0.3920	-0.1709
75	1.2200	1.5510	0.1278	-0.1841	0.3085	6.9009	0.3670	-0.1922
76	1.2188	1.5503	0.1266	-0.1898	0.3072	7.4982	0.6890	-0.2726
77	1.2174	1.5498	0.1266	-0.1961	0.3062	7.0478	0.6850	-0.2586
78	1.2165	1.5499	0.1290	-0.2006	0.3078	7.1488	0.8350	-0.2925
79	1.2150	1.5498	0.1260	-0.2073	0.3089	7.2406	0.7990	-0.2879
80	1.2139	1.5493	0.1201	-0.2127	0.3082	8.2770	0.7260	-0.2837
81	1.2496	1.5818	0.1201	-0.0701	0.4401	7.1791	0.8000	-0.3068
82	1.2497	1.5803	0.1278	-0.0696	0.4362	7.3468	0.7080	-0.2773
83	1.2503	1.5798	0.1254	-0.0671	0.4363	7.3662	0.6330	-0.3106
84	1.2513	1.5797	0.1278	-0.0630	0.4377	7.4085	0.6730	-0.3377
85	1.2514	1.5794	0.1260	-0.0626	0.4386	7.4757	0.6620	-0.3046
86	1.2513	1.5793	0.1296	-0.0632	0.4401	6.5973	0.7510	-0.3038
87	1.2506	1.5797	0.1260	-0.0658	0.4435	7.7179	0.4520	-0.2684
88	1.2500	1.5807	0.1284	-0.0684	0.4496	6.7457	0.2420	-0.2035
89	1.2504	1.5814	0.1278	-0.0666	0.4546	7.5028	-0.0080	-0.1629
90	1.2512	1.5823	0.1272	-0.0633	0.4602	7.6539	-0.0790	-0.1644
91	1.2774	1.5256	0.1254	0.0420	0.2342	7.7142	-0.2790	-0.1235
92	1.2769	1.5273	0.1272	0.0408	0.2416	7.8913	-0.3850	-0.1238
93	1.2766	1.5300	0.1278	0.0401	0.2529	7.6075	-0.3040	-0.1296
94	1.2757	1.5331	0.1296	0.0372	0.2664	7.4195	-0.3740	-0.1031
95	1.2727	1.5383	0.1278	0.0259	0.2881	7.0152	-0.3750	-0.1034
96	1.2699	1.5437	0.1278	0.0151	0.3106	7.7593	-0.4360	-0.0826
97	1.2666	1.5491	0.1272	0.0025	0.3336	7.5627	-0.5150	-0.0660
98	1.2627	1.5548	0.1207	-0.0129	0.3579	8.7988	0.5190	-0.6970
99	1.2590	1.5596	0.1272	-0.0273	0.3786	7.8038	-0.5900	-0.0180
100	1.2549	1.5642	0.1308	-0.0436	0.3986	6.8565	-0.6040	-0.0515
101	1.2261	1.5505	0.1290	-0.1594	0.3450	7.8766	-0.4930	-0.0546
102	1.2276	1.5496	0.1296	-0.1541	0.3426	7.6530	-0.2390	-0.1269
103	1.2317	1.5489	0.1260	-0.1380	0.3409	8.0585	-0.2000	-0.0896
104	1.2326	1.5497	0.1296	-0.1352	0.3453	7.1196	-0.4230	-0.0298
105	1.2313	1.5528	0.1254	-0.1409	0.3591	8.3126	-0.5330	-0.0214
106	1.2278	1.5570	0.1284	-0.1552	0.3774	7.9821	-0.5630	-0.0347
107	1.2224	1.5619	0.1230	-0.1774	0.3985	8.7199	-0.5110	-0.0248
108	1.2150	1.5682	0.1290	-0.2079	0.4253	7.9712	-0.5320	-0.0229
109	1.2056	1.5764	0.1254	-0.2467	0.4599	8.4961	-0.3800	-0.0548
110	1.1984	1.5830	0.1296	-0.2769	0.4885	7.8870	-0.2310	-0.0930
111	1.2403	1.5668	0.1272	-0.1095	0.4254	8.1421	-0.1100	-0.0687
112	1.2381	1.5699	0.1284	-0.1185	0.4395	8.0281	0.3970	-0.2399
113	1.2404	1.5701	0.1266	-0.1097	0.4423	8.4569	0.6430	-0.2874
114	1.2429	1.5676	0.1189	-0.0997	0.4338	9.2293	0.4720	-0.2073
115	1.2415	1.5685	0.1266	-0.1057	0.4393	8.4581	0.4680	-0.2341
116	1.2407	1.5706	0.1272	-0.1088	0.4495	8.4165	0.9070	-0.3577
117	1.2406	1.5698	0.1266	-0.1094	0.4478	8.3993	0.8930	-0.3120
118	1.2377	1.5713	0.1296	-0.1216	0.4558	7.2991	1.0970	-0.3826
119	1.2350	1.5713	0.1272	-0.1328	0.4576	8.5097	1.2500	-0.4237
120	1.2315	1.5726	0.1284	-0.1470	0.4644	8.5039	1.3580	-0.4765
121	1.2457	1.5305	0.1278	-0.0903	0.2968	8.2994	1.3970	-0.4463
122	1.2456	1.5300	0.1272	-0.0909	0.2957	8.7037	1.2980	3.5257
123	1.2464	1.5293	0.1195	-0.0877	0.2937	9.4780	1.0000	-0.2868
124	1.2475	1.5295	0.1272	-0.0837	0.2950	8.8869	1.2600	-0.4973
125	1.2482	1.5311	0.1272	-0.0808	0.3022	8.4348	1.2610	-0.5278
126	1.2493	1.5327	0.1278	-0.0763	0.3093	8.3936	1.1490	-0.4995
127	1.2506	1.5357	0.1183	-0.0712	0.3222	8.7972	1.2470	-0.5311
128	1.2503	1.5383	0.1284	-0.0725	0.3339	8.6842	1.5180	-0.6111
129	1.2482	1.5408	0.1266	-0.0807	0.3448	8.8714	1.6830	-0.6720
130	1.2444	1.5435	0.1290	-0.0964	0.3566	8.7273	1.7690	-0.7029
131	1.2488	1.5446	0.1266	-0.0786	0.3621	8.7408	1.9770	-0.7308
132	1.2510	1.5459	0.1272	-0.0698	0.3683	8.9400	1.9860	-0.7574
133	1.2558	1.5474	0.1272	-0.0503	0.3756	8.8500	1.8400	-0.7293
134	1.2589	1.5479	0.1290	-0.0376	0.3789	7.7761	1.8640	-1.1141
135	1.2595	1.5482	0.1248	-0.0352	0.3811	8.9600	2.0299	-0.8195
136	1.2575	1.5483	0.1272	-0.0430	0.3827	8.1141	2.2640	-0.9417
137	1.2564	1.5463	0.1278	-0.0474	0.3762	8.9013	2.4370	-0.9498
138	1.2555	1.5433	0.1272	-0.0507	0.3652	9.3075	2.5630	-0.9970
139	1.2543	1.5421	0.1284	-0.0552	0.3613	8.7701	2.8670	-1.1091
140	1.2534	1.5412	0.1296	-0.0590	0.3587	8.9502	2.9450	-1.1200
141	1.2383	1.5300	0.1302	-0.1197	0.3147	8.7803	3.0410	-1.1686
142	1.2402	1.5308	0.1278	-0.1123	0.3189	9.1626	3.0550	-1.1846
143	1.2421	1.5322	0.1242	-0.1048	0.3250	9.0863	3.0260	-1.1911
144	1.2425	1.5330	0.1278	-0.1033	0.3293	9.2245	3.1560	-1.2932
145	1.2454	1.5331	0.1254	-0.0920	0.3305	9.4230	3.0340	-1.2837
146	1.2507	1.5323	0.1278	-0.0707	0.3282	9.2859	2.9170	-1.2749
147	1.2556	1.5320	0.1272	-0.0512	0.3276	9.0886	2.9430	-1.3399
148	1.2602	1.5308	0.1284	-0.0323	0.3236	9.2751	2.9830	-1.3693
149	1.2653	1.5290	0.1266	-0.0117	0.3170	9.3419	3.1500	-1.4537
150	1.2683	1.5277	0.1272	0.0010	0.3126	9.4085	3.1500	-1.4519
151	1.2422	1.5408	0.1260	-0.1037	0.3660	9.6378	3.1980	-1.5128
152	1.2433	1.5388	0.1266	-0.0995	0.3591	9.5358	3.0830	-1.4965
153	1.2455	1.5382	0.1272	-0.0907	0.3574	9.3141	3.0860	-1.5588
154	1.2470	1.5378	0.1260	-0.0850	0.3567	9.7300	2.8750	-1.4870
155	1.2496	1.5348	0.1272	-0.0743	0.3457	9.3762	2.9550	-1.5795
156	1.2532	1.5326	0.1284	-0.0600	0.3376	9.3218	2.8160	-1.6010
157	1.2574	1.5278	0.1242	-0.0432	0.3192	9.7971	2.9480	-1.6244
158	1.2642	1.5207	0.1189	-0.0155	0.2915	10.8261	2.7510	-1.6058
159	1.2717	1.5144	0.1278	0.0150	0.2666	9.6684	2.6980	-1.5999
160	1.2760	1.5087	0.1207	0.0328	0.2439	10.4892	2.7330	-1.6315
161	1.2648	1.5666	0.1278	-0.0116	0.4770	9.8388	2.8750	-1.7342
162	1.2672	1.5655	0.1296	-0.0016	0.4745	9.5901	2.8870	-1.7183
163	1.2685	1.5606	0.1248	0.0042	0.4562	9.8379	0.9490	-1.3651
164	1.2725	1.5585	0.1290	0.0209	0.4493	8.8898	3.4140	-1.9093
165	1.2786	1.5577	0.1172	0.0460	0.4475	10.8159	3.3200	-1.8799
166	1.2822	1.5602	0.1284	0.0613	0.4592	9.7995	3.3380	-1.9468
167	1.2864	1.5627	0.1254	0.0789	0.4708	9.8905	3.4590	-2.0051
168	1.2900	1.5678	0.1290	0.0942	0.4928	9.8489	3.6610	-2.0736
169	1.2901	1.5726	0.1284	0.0954	0.5140	9.6507	4.1300	-2.2585
170	1.2919	1.5772	0.1201	0.1037	0.5341	11.0373	4.1570	-2.2563
171	1.2568	1.5325	0.1284	-0.0363	0.3560	9.8804	4.1980	-2.3213
172	1.2574	1.5323	0.1272	-0.0340	0.3562	9.9961	4.0010	-2.2864
173	1.2593	1.5318	0.1248	-0.0260	0.3550	10.4356	3.8980	-2.3220
174	1.2630	1.5325	0.1207	-0.0107	0.3586	10.6626	3.9770	-2.3758
175	1.2686	1.5373	0.1266	0.0119	0.3787	10.1014	4.0160	-2.4472
176	1.2742	1.5432	0.1302	0.0351	0.4033	9.8707	3.9270	-2.4301
177	1.2819	1.5511	0.1266	0.0665	0.4361	10.3980	4.2020	-2.5456
178	1.2881	1.5597	0.1302	0.0924	0.4723	10.0532	4.2330	-2.4886
179	1.2937	1.5673	0.1266	0.1160	0.5043	10.4589	4.0040	-2.5571
180	1.3000	1.5773	0.1278	0.1422	0.5463	10.3446	4.0270	-2.5993
181	1.2020	1.5792	0.1254	-0.2509	0.5558	10.5365	4.0160	-2.6840
182	1.2003	1.5818	0.1266	-0.2590	0.5682	10.1832	4.1810	-2.7701
183	1.1954	1.5823	0.1272	-0.2797	0.5723	10.2018	3.9360	-2.6886
184	1.1910	1.5835	0.1296	-0.2991	0.5790	10.0617	3.8940	-2.7426
185	1.1879	1.5806	0.1272	-0.3129	0.5694	9.5548	3.9020	-2.7804
186	1.1823	1.5731	0.1296	-0.3370	0.5413	10.2442	3.4550	-2.6526
187	1.1792	1.5662	0.1278	-0.3513	0.5154	10.4326	3.6610	-2.8078
188	1.1775	1.5576	0.1207	-0.3599	0.4826	11.4411	3.4200	-2.6496
189	1.1742	1.5494	0.1266	-0.3750	0.4510	10.5789	3.0000	-2.4640
190	1.1725	1.5444	0.1290	-0.3837	0.4322	10.4948	3.5910	-2.5826
191	1.2946	1.5460	0.1272	0.1059	0.4396	10.4957	3.3830	-2.7066
192	1.2936	1.5500	0.1284	0.1030	0.4567	10.6838	3.4500	-2.6328
193	1.2896	1.5556	0.1272	0.0880	0.4808	10.6177	3.8870	-2.7774
194	1.2858	1.5595	0.1272	0.0737	0.4978	10.6483	3.7604	-2.8590
195	1.2822	1.5628	0.1308	0.0601	0.5124	10.3020	3.7800	-2.8414
196	1.2790	1.5663	0.1254	0.0480	0.5283	10.0909	3.6000	-2.7422
197	1.2723	1.5711	0.1183	0.0217	0.5493	11.6790	3.7030	-2.7438
198	1.2636	1.5749	0.1290	-0.0126	0.5664	10.7289	3.4400	-2.7000
199	1.2548	1.5782	0.1278	-0.0480	0.5812	10.6032	3.4290	-2.7658
200	1.2493	1.5795	0.1272	-0.0696	0.5884	9.9923	3.3130	-2.7458
201	1.2539	1.5693	0.1284	-0.0514	0.5495	10.7008	3.1210	-2.6498
202	1.2508	1.5710	0.1254	-0.0637	0.5579	11.1535	3.0260	-2.5984
203	1.2457	1.5720	0.1260	-0.0840	0.5639	10.8723	2.9550	-2.5418
204	1.2389	1.5740	0.1254	-0.1117	0.5738	10.9752	2.6710	-2.4722
205	1.2326	1.5756	0.1272	-0.1372	0.5821	10.9103	2.8830	-2.6186
206	1.2263	1.5768	0.1260	-0.1630	0.5889	11.2660	2.9090	-2.6126
207	1.2218	1.5771	0.1266	-0.1819	0.5917	10.9241	3.1340	-2.6652
208	1.2185	1.5775	0.1284	-0.1957	0.5953	10.2057	3.1940	-2.6864
209	1.2153	1.5754	0.1266	-0.2093	0.5887	11.2262	3.2340	-2.6128
210	1.2122	1.5734	0.1266	-0.2228	0.5826	11.3716	3.3900	-2.7224
211	1.2328	1.5352	0.1260	-0.1408	0.4308	11.2868	3.2940	-2.6992
212	1.2339	1.5347	0.1266	-0.1368	0.4296	11.4274	3.2100	-2.6500
213	1.2335	1.5332	0.1183	-0.1389	0.4246	12.0299	3.2040	-2.6408
214	1.2318	1.5320	0.1284	-0.1460	0.4203	11.2117	2.7660	-2.4868
215	1.2293	1.5284	0.1260	-0.1567	0.4068	11.3507	2.7720	-2.5292
216	1.2257	1.5230	0.1290	-0.1717	0.3857	11.2009	2.9910	-2.6654
217	1.2247	1.5162	0.1266	-0.1764	0.3588	11.1612	2.8520	-2.6160
218	1.2232	1.5095	0.1218	-0.1830	0.3323	12.1235	2.9260	-2.6024
219	1.2203	1.5010	0.1254	-0.1953	0.2986	11.7274	2.8380	-2.6004
220	1.2174	1.4939	0.1296	-0.2078	0.2698	11.3056	2.9540	-2.5968
221	1.2450	1.5316	0.1272	-0.0974	0.4214	11.4395	3.1010	-2.6674
222	1.2436	1.5304	0.1278	-0.1032	0.4176	10.6277	3.2120	-2.6056
223	1.2408	1.5293	0.1242	-0.1146	0.4139	11.9214	2.9670	-2.5446
224	1.2374	1.5289	0.1290	-0.1285	0.4129	11.4355	2.8530	-2.5530
225	1.2343	1.5272	0.1189	-0.1414	0.4069	12.6789	3.0910	-2.6254
226	1.2315	1.5250	0.1284	-0.1530	0.3985	11.3897	3.1660	-2.6936
227	1.2284	1.5247	0.1284	-0.1660	0.3981	11.4805	3.2690	-2.6822
228	1.2250	1.5260	0.1266	-0.1799	0.4037	11.6679	3.4890	-2.6698
229	1.2237	1.5269	0.1260	-0.1858	0.4081	11.1193	3.5710	-2.7926
230	1.2228	1.5272	0.1278	-0.1901	0.4102	11.7599	3.4630	-2.7346
231	1.2394	1.5498	0.1248	-0.1241	0.5016	11.6716	3.2520	-2.6716
232	1.2412	1.5507	0.1272	-0.1172	0.5065	11.9546	3.2110	-2.6394
233	1.2478	1.5513	0.1166	-0.0910	0.5102	12.7184	3.2820	-2.7412
234	1.2541	1.5527	0.1272	-0.0654	0.5170	11.9558	2.8290	-2.5082
235	1.2563	1.5547	0.1284	-0.0564	0.5265	11.7812	2.9020	-2.6564
236	1.2570	1.5565	0.1266	-0.0535	0.5350	12.2106	2.4330	-2.4050
237	1.2602	1.5581	0.1254	-0.0405	0.5429	11.9637	2.4250	-2.4902
238	1.2643	1.5574	0.1266	-0.0237	0.5416	11.9105	2.1350	-2.3734
239	1.2658	1.5573	0.1260	-0.0173	0.5426	12.0134	2.0520	-2.4124
240	1.2656	1.5589	0.1272	-0.0179	0.5504	11.4131	2.0100	-2.4324
241	1.2616	1.5412	0.1266	-0.0335	0.4806	12.1047	2.1770	-2.4014
242	1.2602	1.5421	0.1195	-0.0388	0.4855	13.0490	2.1330	-2.3906
243	1.2610	1.5457	0.1266	-0.0353	0.5009	12.2278	2.0240	-2.4060
244	1.2616	1.5500	0.1278	-0.0327	0.5193	12.1744	2.1090	-2.3842
245	1.2632	1.5532	0.1242	-0.0259	0.5335	12.3363	2.1610	-2.4130
246	1.2682	1.5554	0.1290	-0.0055	0.5438	11.2003	2.2330	-2.4802
247	1.2766	1.5571	0.1242	0.0288	0.5518	12.3990	2.0420	-2.4428
248	1.2840	1.5598	0.1290	0.0592	0.5641	12.1534	1.8950	-2.3454
249	1.2896	1.5605	0.1172	0.0826	0.5686	13.4249	1.8850	-2.3306
250	1.2920	1.5616	0.1272	0.0933	0.5745	12.4817	1.9140	-2.3328
251	1.2546	1.5630	0.1195	-0.0562	0.5815	13.1897	1.8520	-2.3528
252	1.2532	1.5652	0.1260	-0.0617	0.5922	12.2613	1.8700	-2.3256
253	1.2524	1.5664	0.1248	-0.0649	0.5986	12.1986	1.9480	-2.3176
254	1.2522	1.5686	0.1272	-0.0656	0.6090	12.3586	1.9600	-2.4344
255	1.2526	1.5729	0.1260	-0.0641	0.6282	12.7751	1.8730	-2.4050
256	1.2535	1.5788	0.1207	-0.0602	0.6536	13.1446	2.1580	-2.4644
257	1.2551	1.5857	0.1272	-0.0538	0.6835	12.4512	2.0180	-2.3428
258	1.2552	1.5930	0.1266	-0.0530	0.7150	12.7958	2.0990	-2.4198
259	1.2516	1.6012	0.1266	-0.0675	0.7501	12.5850	1.9730	-2.3778
260	1.2480	1.6089	0.1272	-0.0821	0.7835	12.6578	1.8240	-2.2864
261	1.2506	1.5708	0.1272	-0.0716	0.6331	12.6225	2.0900	-2.4592
262	1.2492	1.5722	0.1266	-0.0772	0.6405	12.6052	2.3460	-2.5080
263	1.2484	1.5718	0.1266	-0.0805	0.6408	12.6960	2.3580	-2.4716
264	1.2470	1.5736	0.1296	-0.0863	0.6499	12.4242	2.3700	-2.4740
265	1.2479	1.5793	0.1278	-0.0827	0.6746	12.6732	2.7810	-2.6010
266	1.2466	1.5853	0.1266	-0.0880	0.7008	13.0904	2.8800	-2.6112
267	1.2439	1.5907	0.1278	-0.0987	0.7246	11.7900	2.9760	-2.6916
268	1.2407	1.5955	0.1290	-0.1118	0.7463	12.8017	2.9530	-2.5626
269	1.2381	1.6013	0.1260	-0.1227	0.7719	13.0130	2.7800	-2.5980
270	1.2352	1.6063	0.1272	-0.1344	0.7946	12.8932	2.5760	-2.4476
271	1.2524	1.5606	0.1290	-0.0657	0.6132	12.8207	2.6430	-2.5286
272	1.2490	1.5644	0.1296	-0.0793	0.6302	12.0042	2.4210	-2.4442
273	1.2462	1.5664	0.1254	-0.0906	0.6396	13.3159	2.3100	-2.3780
274	1.2437	1.5671	0.1290	-0.1008	0.6441	13.0338	2.4020	-2.5304
275	1.2411	1.5678	0.1201	-0.1113	0.6485	14.0159	2.2410	-2.4490
276	1.2372	1.5689	0.1266	-0.1274	0.6549	13.1435	2.0410	-2.2578
277	1.2346	1.5700	0.1278	-0.1380	0.6608	12.9095	2.1780	-2.4908
278	1.2311	1.5711	0.1266	-0.1527	0.6673	13.2051	2.2730	-2.5518
279	1.2276	1.5719	0.1189	-0.1673	0.6723	14.0927	2.2840	-2.5248
280	1.2238	1.5719	0.1272	-0.1829	0.6741	12.7061	1.9010	-2.3606
281	1.2728	1.5319	0.1284	0.0136	0.5149	13.0628	1.8920	-2.3488
282	1.2710	1.5333	0.1272	0.0069	0.5213	13.2390	1.7320	-2.3464
283	1.2674	1.5345	0.1278	-0.0070	0.5269	13.1973	1.4520	-2.2328
284	1.2632	1.5343	0.1248	-0.0235	0.5268	13.4681	1.5610	-2.2854
285	1.2600	1.5331	0.1260	-0.0360	0.5228	13.2365	1.1860	-2.2372
286	1.2570	1.5329	0.1266	-0.0479	0.5227	13.3748	1.0000	-2.2000
287	1.2558	1.5316	0.1254	-0.0525	0.5187	13.4901	1.1090	-2.2218
288	1.2540	1.5322	0.1260	-0.0596	0.5218	12.7989	0.9080	-2.1816
289	1.2512	1.5338	0.1272	-0.0708	0.5290	13.4560	0.4080	-1.9184
290	1.2507	1.5348	0.1296	-0.0726	0.5336	13.3047	0.3000	-1.9756
291	1.2596	1.5627	0.1260	-0.0369	0.6472	13.5233	-0.1880	-1.8688
292	1.2594	1.5662	0.1260	-0.0375	0.6628	13.6143	0.0750	-2.0893
293	1.2585	1.5687	0.1272	-0.0409	0.6745	13.4411	-0.2220	-1.8878
294	1.2574	1.5695	0.1272	-0.0451	0.6791	13.7127	0.1580	-2.1751
295	1.2565	1.5709	0.1266	-0.0485	0.6865	12.7507	0.1860	-2.0099
296	1.2578	1.5729	0.1284	-0.0430	0.6963	13.6301	0.1690	-2.1439
297	1.2613	1.5754	0.1266	-0.0287	0.7082	13.6973	0.0530	-2.0274
298	1.2650	1.5781	0.1302	-0.0135	0.7210	13.4121	-0.2090	-1.8333
299	1.2689	1.5798	0.1254	0.0026	0.7299	13.8426	-0.0280	-2.0791
300	1.2722	1.5810	0.1230	0.0160	0.7367	14.4547	0.1670	-2.1272
301	1.2712	1.5620	0.1254	0.0127	0.6623	14.0131	-0.3710	-1.8045
302	1.2710	1.5608	0.1290	0.0124	0.6589	12.9570	-0.6150	-1.9663
303	1.2723	1.5592	0.1160	0.0182	0.6542	14.7247	-0.6950	-1.8613
304	1.2730	1.5581	0.1290	0.0215	0.6512	13.9700	-0.3100	-2.0098
305	1.2746	1.5551	0.1178	0.0285	0.6404	14.8697	-0.7110	-1.6776
306	1.2768	1.5527	0.1284	0.0380	0.6322	13.8622	-0.5340	-1.8633
307	1.2798	1.5521	0.1260	0.0506	0.6312	14.1223	-0.4040	-2.0035
308	1.2840	1.5517	0.1254	0.0686	0.6309	14.4061	-0.2390	-2.0713
309	1.2903	1.5515	0.1266	0.0946	0.6315	13.2251	-0.7760	-1.6319
310	1.2945	1.5502	0.1284	0.1127	0.6273	14.1620	-1.1090	-1.6023
311	1.2149	1.5430	0.1260	-0.2067	0.5997	13.3473	-1.1390	-1.7356
312	1.2172	1.5448	0.1272	-0.1982	0.6080	14.3020	-0.9820	-1.8388
313	1.2237	1.5464	0.1260	-0.1730	0.6155	14.1756	-1.0580	-1.7030
314	1.2305	1.5470	0.1178	-0.1463	0.6191	15.1367	-0.9640	-1.7119
315	1.2367	1.5470	0.1254	-0.1219	0.6203	14.2501	-0.9040	-1.7214
316	1.2435	1.5476	0.1290	-0.0949	0.6239	14.0271	0.0000	-2.2177
317	1.2521	1.5458	0.1248	-0.0604	0.6177	14.4431	-0.6880	-1.6336
318	1.2633	1.5450	0.1260	-0.0153	0.6159	14.5111	-0.9340	-1.6826
319	1.2713	1.5461	0.1266	0.0175	0.6213	14.2234	1.0160	-2.7151
320	1.2787	1.5499	0.1278	0.0478	0.6377	14.4100	-1.3330	-1.4636
321	1.2126	1.5436	0.1254	-0.2177	0.6136	14.7292	-0.9130	-1.7862
322	1.2110	1.5428	0.1260	-0.2251	0.6115	13.9729	-0.9100	-1.8092
323	1.2088	1.5406	0.1248	-0.2349	0.6037	14.6821	-0.7580	-1.7013
324	1.2064	1.5402	0.1266	-0.2456	0.6031	14.3716	-0.5890	-1.6877
325	1.2023	1.5398	0.1254	-0.2632	0.6025	14.5469	-0.8750	-1.6086
326	1.1955	1.5416	0.1296	-0.2919	0.6107	14.3112	-0.9540	-1.7279
327	1.1884	1.5408	0.1260	-0.3217	0.6087	14.5968	-1.1110	-1.6640
328	1.1808	1.5402	0.1284	-0.3540	0.6071	14.6405	-1.3930	-1.3984
329	1.1693	1.5413	0.1266	-0.4018	0.6126	14.5273	-1.0870	-1.5536
330	1.1591	1.5445	0.1278	-0.4448	0.6264	14.6475	-1.8380	-1.4015
331	1.2700	1.6098	0.1248	-0.0008	0.8905	13.9123	-1.5330	-1.4299
332	1.2718	1.6124	0.1178	0.0069	0.9037	15.6705	-2.6560	-1.1812
333	1.2710	1.6160	0.1230	0.0043	0.9210	15.1893	-1.6980	-1.4438
334	1.2732	1.6166	0.1278	0.0136	0.9263	14.6462	-1.8550	-1.2482
335	1.2752	1.6178	0.1248	0.0223	0.9341	15.0382	-2.5130	-1.1962
336	1.2722	1.6225	0.1278	0.0108	0.9561	13.9408	-2.3740	-1.1949
337	1.2666	1.6260	0.1260	-0.0112	0.9730	15.0177	-1.3810	-1.4941
338	1.2656	1.6249	0.1284	-0.0148	0.9716	14.6989	-1.5760	-1.2154
339	1.2684	1.6263	0.1272	-0.0031	0.9806	14.9952	-2.8480	-1.0337
340	1.2684	1.6311	0.1242	-0.0027	1.0030	15.3790	-3.1380	-0.9876
341	1.2330	1.5742	0.1183	-0.1447	0.7775	15.9887	-2.0000	-1.1699
342	1.2400	1.5708	0.1254	-0.1169	0.7655	15.2917	-1.8400	-1.1818
343	1.2504	1.5686	0.1260	-0.0753	0.7585	14.9510	-2.4210	-0.8942
344	1.2594	1.5714	0.1284	-0.0391	0.7715	14.9324	-3.8360	-0.6633
345	1.2634	1.5793	0.1236	-0.0228	0.8048	15.2400	-4.7680	-0.3776
346	1.2624	1.5921	0.1272	-0.0264	0.8584	15.0796	-6.0000	-0.0652
347	1.2581	1.6099	0.1254	-0.0435	0.9325	15.2670	-6.7030	0.0429
348	1.2491	1.6299	0.1296	-0.0793	1.0157	14.7922	-7.2910	0.2523
349	1.2400	1.6495	0.1278	-0.1160	1.0978	14.9812	-7.8670	0.4033
350	1.2301	1.6655	0.1236	-0.1563	1.1660	15.8095	-8.4380	0.6028
351	1.2514	1.6180	0.1248	-0.0710	0.9789	15.1533	-9.0250	0.7635
352	1.2492	1.6250	0.1260	-0.0798	1.0100	15.1603	-10.0090	1.1479
353	1.2432	1.6370	0.1260	-0.1040	1.0614	15.1913	-10.1880	1.1664
354	1.2322	1.6540	0.1248	-0.1484	1.1333	15.1291	-8.9880	0.9268
355	1.2162	1.6738	0.1254	-0.2132	1.2168	14.6225	-7.5160	0.8001
356	1.1964	1.6938	0.1242	-0.2938	1.3016	15.6792	-6.7070	0.6069
357	1.1776	1.7118	0.1248	-0.3708	1.3789	15.5792	-4.8010	0.2511
358	1.1624	1.7252	0.1183	-0.4338	1.4382	16.3871	-3.4790	0.1245
359	1.1436	1.7392	0.1248	-0.5116	1.5001	15.6424	-2.6790	0.0113
360	1.1282	1.7528	0.1260	-0.5763	1.5609	15.5836	-2.1530	-0.1143
361	1.2410	1.5610	0.1236	-0.1253	0.7952	15.7160	-2.1470	-0.0256
362	1.2480	1.5540	0.1236	-0.0974	0.7685	14.8146	-2.0340	0.0073
363	1.2600	1.5420	0.1236	-0.0491	0.7216	15.6609	-1.7460	-0.0134
364	1.2770	1.5270	0.1242	0.0196	0.6623	15.6801	-2.8750	0.4432
365	1.2970	1.5122	0.1166	0.1007	0.6034	16.5663	-4.6650	0.7485
366	1.3164	1.5012	0.1254	0.1802	0.5594	15.8389	-6.0900	1.0941
367	1.3348	1.4945	0.1272	0.2557	0.5325	15.3563	-7.4830	1.2650
368	1.3499	1.4894	0.1296	0.3186	0.5117	15.5142	-7.6340	1.4053
369	1.3672	1.4809	0.1260	0.3907	0.4772	15.6808	-6.9470	1.4248
370	1.3830	1.4761	0.1166	0.4571	0.4574	16.3636	-8.4370	1.7968
371	1.2570	1.5340	0.1284	-0.0466	0.6900	15.6812	-8.6630	1.7597
372	1.2516	1.5386	0.1248	-0.0681	0.7093	15.9060	-7.1090	1.4207
373	1.2496	1.5386	0.1260	-0.0761	0.7103	15.9727	-6.7200	1.5599
374	1.2506	1.5360	0.1254	-0.0721	0.7007	16.0155	-7.2910	1.7638
375	1.2557	1.5311	0.1224	-0.0515	0.6818	16.1656	-8.2430	2.0957
376	1.2646	1.5245	0.1266	-0.0154	0.6560	15.2856	-9.5730	2.4887
377	1.2732	1.5220	0.1230	0.0195	0.6469	16.1576	-10.7400	2.8154
378	1.2838	1.5218	0.1260	0.0627	0.6466	16.1892	-11.5870	3.0866
379	1.2963	1.5234	0.1160	0.1137	0.6535	17.3582	-12.7990	3.4123
380	1.3033	1.5283	0.1248	0.1430	0.6737	16.3894	-13.0650	3.4111
381	1.2752	1.5486	0.1260	0.0313	0.7562	15.8544	-12.0960	3.1641
382	1.2782	1.5440	0.1254	0.0440	0.7389	16.1356	-10.6170	3.2107
383	1.2845	1.5406	0.1254	0.0700	0.7262	15.4637	-11.6000	3.6058
384	1.2901	1.5408	0.1172	0.0935	0.7283	17.1270	-12.5490	3.9205
385	1.2919	1.5461	0.1242	0.1019	0.7506	16.4930	-12.7210	3.9622
386	1.2923	1.5549	0.1266	0.1044	0.7871	16.3566	-11.1670	3.7673
387	1.2975	1.5610	0.1236	0.1264	0.8129	16.6269	-11.2270	3.9882
388	1.3069	1.5641	0.1266	0.1656	0.8269	16.1215	-11.6070	4.1047
389	1.3182	1.5650	0.1236	0.2124	0.8320	16.6900	-12.3520	4.5561
390	1.3269	1.5661	0.1242	0.2491	0.8381	16.4652	-13.2700	4.7620
391	1.2490	1.5690	0.1242	-0.0626	0.8516	16.3725	-13.3050	4.5154
392	1.2478	1.5708	0.1248	-0.0674	0.8606	16.5040	-12.7800	4.5684
393	1.2466	1.5750	0.1242	-0.0724	0.8790	16.6664	-13.5000	4.5948
394	1.2463	1.5805	0.1242	-0.0735	0.9032	16.7576	-14.8030	5.0086
395	1.2455	1.5866	0.1248	-0.0768	0.9299	16.5988	-14.2750	4.9250
396	1.2438	1.5941	0.1248	-0.0840	0.9621	16.6894	-14.4280	4.9820
397	1.2419	1.5998	0.1242	-0.0918	0.9875	15.9149	-14.8220	5.0852
398	1.2382	1.6070	0.1242	-0.1069	1.0187	16.9442	-13.9370	4.7018
399	1.2331	1.6115	0.1236	-0.1277	1.0397	16.8088	-13.7210	4.5442
400	1.2281	1.6134	0.1260	-0.1481	1.0500	16.6069	-13.8870	4.9390
401	1.2360	1.6042	0.1218	-0.1169	1.0160	16.8360	-13.3300	4.7532
402	1.2334	1.6048	0.1248	-0.1277	1.0210	16.1044	-13.5480	4.7680
403	1.2276	1.6044	0.1224	-0.1515	1.0220	17.0649	-13.8960	4.6688
404	1.2211	1.6042	0.1254	-0.1782	1.0238	17.0382	-13.8080	4.6276
405	1.2128	1.6039	0.1154	-0.2122	1.0251	18.0254	-13.8710	4.6890
406	1.2041	1.6046	0.1218	-0.2484	1.0307	17.2310	-13.7780	4.7196
407	1.1961	1.6062	0.1260	-0.2816	1.0395	16.7043	-13.7740	4.8632
408	1.1895	1.6079	0.1230	-0.3095	1.0491	17.1524	-13.9840	4.9088
409	1.1836	1.6086	0.1242	-0.3349	1.0547	16.2827	-14.0270	4.8850
410	1.1783	1.6089	0.1224	-0.3576	1.0585	17.4591	-13.2100	4.6840
411	1.2592	1.5506	0.1242	-0.0340	0.8265	17.0331	-12.6920	4.5468
412	1.2596	1.5494	0.1160	-0.0319	0.8231	18.2851	-12.7980	4.6724
413	1.2618	1.5496	0.1236	-0.0230	0.8253	17.2270	-13.1200	4.6840
414	1.2640	1.5465	0.1242	-0.0137	0.8138	17.1278	-13.3060	4.8720
415	1.2657	1.5447	0.1242	-0.0069	0.8079	17.2783	-13.8270	4.9474
416	1.2679	1.5452	0.1236	0.0024	0.8108	16.5055	-13.6000	4.7200
417	1.2731	1.5446	0.1236	0.0239	0.8097	17.2950	-13.6590	4.7318
418	1.2812	1.5462	0.1230	0.0570	0.8174	17.5759	-13.5020	4.5780
419	1.2873	1.5499	0.1207	0.0825	0.8332	17.3599	-13.2610	4.6522
420	1.2926	1.5556	0.1242	0.1046	0.8576	17.4312	-13.6790	4.8030
421	1.2340	1.5322	0.1172	-0.1301	0.7647	18.0644	-13.3030	4.5390
422	1.2311	1.5338	0.1224	-0.1421	0.7719	17.6427	-13.0790	4.5122
423	1.2277	1.5376	0.1230	-0.1564	0.7881	17.6628	-12.7370	4.4710
424	1.2268	1.5408	0.1260	-0.1604	0.8019	17.4563	-12.7470	4.6382
425	1.2255	1.5430	0.1218	-0.1662	0.8118	17.6900	-12.3910	4.2966
426	1.2232	1.5450	0.1248	-0.1760	0.8209	17.6031	-12.6600	4.6520
427	1.2211	1.5452	0.1201	-0.1853	0.8229	17.9056	-12.3250	4.5226
428	1.2199	1.5446	0.1248	-0.1907	0.8215	16.8465	-11.5730	4.2570
429	1.2188	1.5433	0.1218	-0.1960	0.8175	18.0543	-10.7080	3.9860
430	1.2154	1.5421	0.1260	-0.2106	0.8136	17.7595	-9.9530	3.7626
431	1.2066	1.5414	0.1172	-0.2468	0.8119	18.4863	-10.7210	4.1722
432	1.2076	1.5400	0.1224	-0.2438	0.8073	18.3052	-9.9810	3.8946
433	1.2088	1.5376	0.1248	-0.2401	0.7988	17.8121	-9.8240	4.0372
434	1.2098	1.5348	0.1218	-0.2371	0.7884	18.2589	-9.9830	3.9202
435	1.2142	1.5326	0.1260	-0.2204	0.7803	17.4944	-10.2740	4.0900
436	1.2212	1.5287	0.1224	-0.1931	0.7653	18.2515	-10.3430	4.2186
437	1.2260	1.5251	0.1230	-0.1745	0.7517	17.8500	-9.4300	3.8592
438	1.2350	1.5222	0.1242	-0.1387	0.7405	17.7981	-10.0370	3.9442
439	1.2428	1.5192	0.1248	-0.1077	0.7291	17.8767	-8.7520	3.6320
440	1.2486	1.5158	0.1278	-0.0847	0.7159	17.7204	-8.7240	3.8624
441	1.2122	1.5822	0.1260	-0.2312	0.9835	17.7834	-7.2420	3.4580
442	1.2121	1.5872	0.1224	-0.2327	1.0057	17.4844	-6.3770	3.1410
443	1.2124	1.5944	0.1207	-0.2323	1.0369	18.3695	-4.4250	2.7590
444	1.2160	1.6010	0.1230	-0.2189	1.0658	18.1777	-4.5700	3.1420
445	1.2185	1.6063	0.1143	-0.2095	1.0896	19.0792	-5.0980	3.1040
446	1.2197	1.6117	0.1242	-0.2056	1.1140	18.2776	-4.5335	2.9067
447	1.2190	1.6173	0.1230	-0.2089	1.1393	18.4516	-4.4270	3.6294
448	1.2170	1.6185	0.1254	-0.2179	1.1469	18.1380	9.2490	0.1132
449	1.2159	1.6194	0.1195	-0.2230	1.1535	18.0603	-5.0610	2.9678
450	1.2160	1.6210	0.1260	-0.2234	1.1630	18.1172	-4.8440	2.8869
451	1.2110	1.5426	0.1260	-0.2446	0.8506	18.0829	-4.5990	2.5510
452	1.2084	1.5456	0.1160	-0.2560	0.8638	19.3715	-4.7340	2.8196
453	1.2036	1.5486	0.1213	-0.2764	0.8770	18.6569	-4.7230	2.9638
454	1.1950	1.5535	0.1254	-0.3121	0.8979	18.1907	-3.5440	2.5464
455	1.1882	1.5554	0.1236	-0.3409	0.9068	18.6746	-3.3270	2.7766
456	1.1832	1.5555	0.1230	-0.3626	0.9085	18.5990	-2.4110	2.4842
457	1.1792	1.5549	0.1242	-0.3803	0.9078	18.4881	-2.0460	2.2148
458	1.1758	1.5550	0.1254	-0.3958	0.9095	18.4952	-2.8470	2.6478
459	1.1734	1.5569	0.1172	-0.4073	0.9184	19.3952	-2.4680	2.5872
460	1.1722	1.5606	0.1248	-0.4140	0.9346	18.5640	-0.8150	1.9246
461	1.1598	1.4888	0.1230	-0.4659	0.6473	18.6255	-1.2660	2.3396
462	1.1568	1.4910	0.1236	-0.4802	0.6559	18.7641	-0.8390	2.0602
463	1.1528	1.4890	0.1248	-0.4987	0.6476	18.5346	0.3430	1.9335
464	1.1538	1.4832	0.1260	-0.4971	0.6240	18.7801	-0.1390	2.0253
465	1.1570	1.4764	0.1266	-0.4866	0.5962	17.9127	-0.7850	2.2522
466	1.1572	1.4710	0.1166	-0.4881	0.5738	19.7918	0.1030	1.9144
467	1.1568	1.4630	0.1242	-0.4920	0.5409	18.9101	-0.5100	2.2525
468	1.1530	1.4528	0.1284	-0.5097	0.4990	18.5565	0.6300	1.7719
469	1.1530	1.4382	0.1248	-0.5121	0.4389	18.7233	11.6270	-0.4917
470	1.1566	1.4233	0.1230	-0.5000	0.3773	19.2604	1.4470	1.8482
471	1.1170	1.5079	0.1248	-0.6618	0.7160	18.9525	0.6840	1.6112
472	1.1132	1.5075	0.1272	-0.6804	0.7146	17.9912	-0.1810	2.0359
473	1.1052	1.5077	0.1242	-0.7160	0.7157	18.9679	0.1350	1.9176
474	1.0946	1.5053	0.1236	-0.7624	0.7062	19.2494	0.4180	1.9691
475	1.0824	1.5045	0.1143	-0.8151	0.7033	19.9840	0.3540	1.7519
476	1.0709	1.5035	0.1207	-0.8658	0.6990	19.3114	-0.4080	2.0782
477	1.0567	1.5022	0.1224	-0.9273	0.6940	18.8973	0.7730	1.5931
478	1.0412	1.4975	0.1248	-0.9947	0.6752	19.1747	2.6120	1.2267
479	1.0298	1.4882	0.1242	-1.0459	0.6378	18.2287	3.1540	1.3107
480	1.0241	1.4797	0.1248	-1.0740	0.6032	19.3518	1.9511	1.6790
481	1.1599	1.5444	0.1236	-0.5332	0.8629	19.2287	0.8460	1.6184
482	1.1632	1.5465	0.1213	-0.5223	0.8726	19.7816	0.0150	2.0813
483	1.1639	1.5496	0.1224	-0.5217	0.8863	19.2578	-0.4740	2.0164
484	1.1659	1.5541	0.1272	-0.5155	0.9058	18.9527	-2.4330	2.4887
485	1.1641	1.5601	0.1272	-0.5249	0.9310	19.1030	-2.8640	2.4308
486	1.1614	1.5686	0.1302	-0.5378	0.9668	18.8892	-3.2520	2.5073
487	1.1568	1.5749	0.1302	-0.5588	0.9940	19.9595	-3.3050	2.6078
488	1.1543	1.5819	0.1447	-0.5710	1.0238	19.1443	-2.8720	2.4424
489	1.1497	1.5887	0.1440	-0.5921	1.0532	19.5089	-3.4960	2.6328
490	1.1436	1.5917	0.1566	-0.6190	1.0677	19.0899	-3.8190	2.8630
491	1.2166	1.5654	0.1553	-0.3279	0.9641	19.2756	-4.6530	3.1006
492	1.2186	1.5634	0.1539	-0.3207	0.9577	19.0532	-4.9260	3.0288
493	1.2192	1.5604	0.1402	-0.3191	0.9472	19.3500	-4.5640	2.8680
494	1.2208	1.5592	0.1383	-0.3134	0.9439	19.3521	-4.9270	2.8502
495	1.2224	1.5580	0.1339	-0.3077	0.9405	19.5247	-5.1360	3.1348
496	1.2233	1.5598	0.1260	-0.3048	0.9492	19.7117	-4.2110	2.5974
497	1.2256	1.5602	0.1242	-0.2963	0.9523	19.7787	-3.3680	2.7052
498	1.2281	1.5612	0.1166	-0.2869	0.9579	20.6045	-3.1200	2.5512
499	1.2268	1.5648	0.1266	-0.2927	0.9741	19.7945	-1.9830	2.3430
500	1.2246	1.5702	0.1260	-0.3020	0.9974	19.2381	-1.5740	2.2444
501	1.2206	1.4870	0.1230	-0.3187	0.6641	19.9162	-1.0500	2.1532
502	1.2172	1.4908	0.1266	-0.3331	0.6791	19.7565	-0.2190	2.0726
503	1.2148	1.4951	0.1302	-0.3436	0.6961	19.4114	-0.6120	2.1268
504	1.2098	1.4988	0.1389	-0.3647	0.7109	19.5662	-1.7060	2.5096
505	1.2053	1.5010	0.1499	-0.3838	0.7199	19.0423	-1.3040	2.2400
506	1.1977	1.5031	0.1706	-0.4152	0.7282	17.7841	-1.4960	2.1880
507	1.1904	1.5053	0.1846	-0.4460	0.7373	18.7069	-1.3380	2.3144
508	1.1847	1.5078	0.2076	-0.4706	0.7473	17.7610	-1.5820	2.4108
509	1.1771	1.5105	0.2135	-0.5026	0.7586	16.9864	-1.9220	2.2124
510	1.1715	1.5116	0.1947	-0.5270	0.7633	19.1723	-1.7520	2.3036
511	1.0738	1.5144	0.1794	-0.9221	0.7747	17.8424	-1.4570	2.1090
512	1.0743	1.5170	0.1453	-0.9247	0.7855	21.3158	-2.6020	2.4948
513	1.0766	1.5183	0.1486	-0.9200	0.7912	19.5315	-2.8280	2.5976
514	1.0782	1.5210	0.1460	-0.9177	0.8023	19.2245	-3.5710	2.7590
515	1.0769	1.5266	0.1466	-0.9274	0.8256	19.7546	-2.9540	2.5392
516	1.0713	1.5329	0.1519	-0.9541	0.8514	19.1462	-0.4580	1.8460
517	1.0684	1.5369	0.1600	-0.9704	0.8685	19.4010	0.4640	1.9178
518	1.0665	1.5431	0.1749	-0.9823	0.8946	18.8290	-0.2940	2.0549
519	1.0601	1.5500	0.1677	-1.0127	0.9232	20.2223	1.2260	1.7947
520	1.0514	1.5555	0.1772	-1.0526	0.9465	19.4779	11.2430	-4.3871
521	1.0614	1.4760	0.1649	-1.0173	0.6280	20.1543	2.4880	1.3924
522	1.0640	1.4733	0.1692	-1.0115	0.6166	19.9542	3.3030	1.0477
523	1.0640	1.4725	0.1533	-1.0162	0.6126	19.6497	3.1130	1.2605
524	1.0646	1.4723	0.1594	-1.0184	0.6110	20.0322	3.7710	1.0649
525	1.0656	1.4704	0.1600	-1.0191	0.6027	20.0421	3.3200	1.0560
526	1.0631	1.4691	0.1559	-1.0335	0.5967	20.4169	3.0710	1.0513
527	1.0621	1.4656	0.1642	-1.0424	0.5819	19.5162	4.1690	0.7255
528	1.0597	1.4599	0.1706	-1.0566	0.5581	19.1935	3.1200	1.0962
529	1.0573	1.4556	0.1713	-1.0711	0.5398	19.6298	3.2590	1.0463
530	1.0561	1.4511	0.1862	-1.0809	0.5206	19.2017	3.9300	0.7132
531	1.2590	1.4942	0.1947	-0.2690	0.6929	18.7295	2.6720	1.1816
532	1.2536	1.4940	0.1869	-0.2905	0.6920	19.8340	1.7980	1.2990
533	1.2472	1.4933	0.1816	-0.3162	0.6890	20.2520	1.3930	1.3009
534	1.2417	1.4923	0.1908	-0.3383	0.6848	20.4393	1.0370	1.4399
535	1.2356	1.4907	0.1900	-0.3633	0.6782	18.9637	1.1520	1.1862
536	1.2284	1.4876	0.1749	-0.3924	0.6654	20.1798	1.1970	1.4076
537	1.2203	1.4851	0.1677	-0.4258	0.6552	19.8916	0.4690	1.5324
538	1.2115	1.4813	0.1614	-0.4617	0.6394	19.8946	0.9070	1.3323
539	1.2022	1.4792	0.1621	-0.5002	0.6303	19.5529	0.5370	1.3300
540	1.1908	1.4775	0.1794	-0.5471	0.6231	18.9877	0.6120	1.4738
541	1.4382	1.6926	0.1908	0.4470	1.4884	19.6004	1.5850	1.0617
542	1.4400	1.6964	0.2076	0.4590	1.5085	18.0666	1.4850	1.0240
543	1.4393	1.6980	0.1995	0.4609	1.5198	20.0378	1.6710	0.9901
544	1.4358	1.7010	0.2265	0.4516	1.5368	19.5077	1.3940	1.0103
545	1.4329	1.7014	0.2152	0.4447	1.5435	18.6675	1.4860	1.2263
546	1.4338	1.7044	0.2035	0.4529	1.5606	19.0829	1.7330	1.0438
547	1.4314	1.7073	0.1908	0.4475	1.5775	19.5080	2.9540	0.6647
548	1.4291	1.7084	0.1809	0.4429	1.5872	19.8673	3.9970	0.5997
549	1.4240	1.7091	0.1764	0.4268	1.5950	19.4500	3.7460	0.5296
550	1.4131	1.7144	0.1713	0.3874	1.6216	20.1534	3.2100	0.7731
551	1.4410	1.6922	0.1685	0.5038	1.5376	19.6515	2.7320	0.7920
552	1.4480	1.6944	0.1656	0.5367	1.5514	19.7322	-0.8970	2.2939
553	1.4546	1.6979	0.1614	0.5680	1.5702	20.1873	-5.6340	2.8916
554	1.4597	1.7020	0.1764	0.5940	1.5915	18.1328	-8.3200	2.9880
555	1.4635	1.7050	0.1862	0.6145	1.6089	19.5922	11.2700	-8.5221
556	1.4678	1.7048	0.1869	0.6371	1.6130	19.6697	11.8770	-1.0507
557	1.4707	1.7020	0.1692	0.6543	1.6070	19.8245	11.8770	-1.1694
558	1.4695	1.6954	0.1254	0.6549	1.5855	22.5393	11.8770	-1.2882
559	1.4673	1.6901	0.1218	0.6514	1.5689	20.8541	10.8650	-0.7978
560	1.4653	1.6837	0.1248	0.6487	1.5480	20.9374	10.8650	-1.2895
1	1.2970	1.5670	0.0000	0.1892	0.2697	0.0000	-0.6640	0.0000
2	1.2970	1.5671	0.1207	0.1904	0.2716	5.7713	-0.6770	0.1452
3	1.2971	1.5672	0.1266	0.1919	0.2740	5.0303	-0.6380	0.1340
4	1.2972	1.5676	0.1266	0.1936	0.2770	4.9422	-0.6310	0.1547
5	1.2975	1.5679	0.1266	0.1959	0.2799	5.0331	-0.9730	0.2405
6	1.2980	1.5682	0.1260	0.1989	0.2830	4.3122	-0.9810	0.2337
7	1.2985	1.5686	0.1254	0.2024	0.2862	5.1800	-1.0370	0.2547
8	1.2990	1.5695	0.1272	0.2055	0.2914	5.4166	-0.9920	0.2236
9	1.2995	1.5706	0.1189	0.2088	0.2979	6.1405	-0.8550	0.2109
10	1.3000	1.5720	0.1284	0.2120	0.3050	5.0915	-2.2590	1.4288
11	0.5189	0.3288	0.1254	-2.0000	0.3342	5.2973	-1.1890	0.3494
12	0.5188	0.3280	0.1254	-2.0000	0.3332	5.3882	-1.1660	0.2922
13	0.5192	0.3286	0.1272	-2.0000	0.3373	5.0836	-1.1620	0.3285
14	0.5193	0.3287	0.1254	-2.0000	0.3396	5.3908	-1.0870	0.3256
15	0.5190	0.3285	0.1260	-2.0000	0.3409	5.4699	-1.0830	0.3223
16	0.5196	0.3279	0.1278	-2.0000	0.3406	5.2840	-1.1330	0.3693
17	0.5215	0.3273	0.1272	-2.0000	0.3399	5.3877	-1.2550	0.4080
18	0.5233	0.3270	0.1302	-2.0000	0.3408	5.0547	-1.3460	0.4567
19	0.5249	0.3274	0.1266	-2.0000	0.3441	5.5816	-1.8050	0.5953
20	0.5264	0.3281	0.1272	-2.0000	0.3490	4.7114	-1.9300	0.5881
21	1.2953	1.5380	0.1248	0.1944	0.1897	5.9734	-2.1570	0.6786
22	1.2958	1.5389	0.1284	0.1973	0.1941	5.5110	-2.2580	0.7183
23	1.2960	1.5407	0.1172	0.1995	0.2025	6.5310	-2.1470	0.6646
24	1.2951	1.5420	0.1278	0.1972	0.2085	5.7064	-1.8930	0.6457
25	1.2938	1.5427	0.1266	0.1931	0.2124	5.7610	-1.8080	0.6502
26	1.2924	1.5439	0.1272	0.1884	0.2186	5.7797	-1.5210	0.5918
27	1.2910	1.5462	0.1260	0.1838	0.2287	4.8926	-1.3720	0.5979
28	1.2891	1.5478	0.1278	0.1770	0.2363	5.8302	-1.2340	0.6058
29	1.2867	1.5495	0.1260	0.1685	0.2444	6.1380	-1.0220	0.5515
30	1.2839	1.5516	0.1284	0.1581	0.2543	5.6988	-0.9520	0.5540
31	1.2857	1.5543	0.1266	0.1662	0.2662	5.1705	-0.9300	0.5624
32	1.2858	1.5539	0.1266	0.1674	0.2659	5.7917	-0.9180	0.5623
33	1.2854	1.5540	0.1260	0.1667	0.2678	5.8948	-0.7900	0.5343
34	1.2849	1.5550	0.1290	0.1655	0.2733	5.1488	-0.7460	0.5396
35	1.2842	1.5567	0.1260	0.1636	0.2813	5.9570	-0.7170	0.5356
36	1.2825	1.5584	0.1296	0.1579	0.2896	5.9140	-0.9280	0.5989
37	1.2809	1.5603	0.1189	0.1520	0.2987	6.8688	-0.9140	0.5943
38	1.2784	1.5616	0.1284	0.1426	0.3054	6.1216	-0.8340	0.5971
39	1.2748	1.5633	0.1260	0.1291	0.3139	6.2602	-0.5410	0.5282
40	1.2712	1.5645	0.1278	0.1151	0.3201	6.1948	-0.3260	0.5114
41	1.3560	1.4760	0.1254	0.4571	-0.0342	6.0820	-0.2460	0.5167
42	1.3555	1.4766	0.1260	0.4576	-0.0327	6.3407	-0.1340	0.4698
43	1.3549	1.4773	0.1266	0.4578	-0.0303	5.2396	-0.1390	0.4821
44	1.3542	1.4777	0.1266	0.4576	-0.0292	6.2711	-0.2770	0.5023
45	1.3545	1.4773	0.1248	0.4613	-0.0313	6.5778	-0.4010	-0.2560
46	1.3551	1.4760	0.1284	0.4663	-0.0371	6.1162	-0.3910	0.5218
47	1.3557	1.4736	0.1242	0.4714	-0.0475	6.6514	-0.4810	0.5588
48	1.3559	1.4712	0.1278	0.4751	-0.0577	6.0716	-0.5450	0.5502
49	1.3559	1.4699	0.1272	0.4776	-0.0638	6.4146	-0.6450	0.6384
50	1.3549	1.4672	0.1266	0.4764	-0.0756	6.3375	-0.6690	0.5956
51	1.3375	1.6738	0.1266	0.4087	0.7551	6.3623	-0.7770	0.6424
52	1.3365	1.6747	0.1248	0.4070	0.7634	6.6088	-0.6260	0.6297
53	1.3360	1.6761	0.1260	0.4071	0.7735	6.4368	-0.7810	0.6725
54	1.3360	1.6773	0.1248	0.4093	0.7824	6.9116	-0.7250	0.6643
55	1.3361	1.6785	0.1260	0.4118	0.7918	6.5589	-0.7650	0.7097
56	1.3363	1.6801	0.1260	0.4148	0.8026	6.6495	-0.7200	0.6750
57	1.3362	1.6815	0.1260	0.4167	0.8130	6.6212	-0.8700	0.7151
58	1.3361	1.6834	0.1260	0.4183	0.8252	7.0131	-1.1000	0.7649
59	1.3360	1.6853	0.1260	0.4201	0.8374	6.5636	-1.2490	0.8377
60	1.3357	1.6871	0.1284	0.4210	0.8490	6.7251	-1.2340	0.8038
61	1.3000	1.5282	0.1260	0.2796	0.2143	6.8581	-1.2330	0.8151
62	1.3001	1.5282	0.1278	0.2811	0.2149	6.7927	-1.0620	0.7773
63	1.2996	1.5277	0.1172	0.2803	0.2135	7.7403	-0.9870	0.7839
64	1.2985	1.5270	0.1278	0.2774	0.2116	6.8553	-1.0290	0.8244
65	1.2975	1.5255	0.1260	0.2743	0.2061	6.7433	-1.0000	0.8152
66	1.2960	1.5240	0.1278	0.2697	0.2008	6.9773	-0.9030	0.8009
67	1.2958	1.5214	0.1260	0.2698	0.1908	6.2755	-0.8480	0.8116
68	1.2956	1.5190	0.1278	0.2701	0.1819	7.0395	-0.9780	0.8516
69	1.2943	1.5174	0.1272	0.2661	0.1760	6.9017	-0.8610	0.8364
70	1.2929	1.5157	0.1284	0.2616	0.1695	6.9077	-0.4300	0.5777
71	1.2919	1.5325	0.1278	0.2587	0.2375	6.8848	-0.6270	0.7629
72	1.2911	1.5328	0.1260	0.2564	0.2394	7.0131	-0.6070	0.7881
73	1.2880	1.5333	0.1260	0.2450	0.2423	7.2237	-0.5480	0.7654
74	1.2838	1.5353	0.1272	0.2290	0.2513	7.4731	-0.0400	0.5032
75	1.2789	1.5376	0.1189	0.2103	0.2613	8.1360	-0.4500	0.7599
76	1.2740	1.5396	0.1290	0.1911	0.2704	7.0750	-0.3200	0.7608
77	1.2696	1.5408	0.1183	0.1741	0.2762	8.2678	-0.4000	0.7720
78	1.2654	1.5419	0.1260	0.1575	0.2817	7.6197	-0.7670	0.8688
79	1.2601	1.5439	0.1266	0.1365	0.2908	6.3951	-0.7760	0.8810
80	1.2552	1.5463	0.1284	0.1171	0.3014	7.2719	-0.8160	0.8772
81	1.3070	1.5207	0.1254	0.3258	0.1997	7.4772	-0.8720	0.9279
82	1.3073	1.5225	0.1266	0.3285	0.2073	7.4843	-0.7580	0.8907
83	1.3077	1.5234	0.1260	0.3315	0.2114	7.5273	-0.7910	0.8942
84	1.3078	1.5213	0.1308	0.3332	0.2037	7.0969	-0.7250	0.8875
85	1.3094	1.5193	0.1248	0.3413	0.1960	7.6721	-0.7580	0.9011
86	1.3089	1.5199	0.1290	0.3407	0.1989	7.3780	-0.6730	0.8843
87	1.3050	1.5251	0.1242	0.3264	0.2206	7.8054	-0.7110	0.9179
88	1.2995	1.5354	0.1278	0.3056	0.2624	7.5248	-0.8050	0.9283
89	1.2944	1.5503	0.1266	0.2864	0.3234	7.4610	-0.9440	0.9676
90	1.2934	1.5683	0.1278	0.2837	0.3972	7.5870	-0.8100	0.9453
91	1.3140	1.5350	0.1272	0.3675	0.2647	7.4445	-0.9140	1.0085
92	1.3106	1.5318	0.1278	0.3556	0.2527	7.7034	-0.9790	0.9679
93	1.3094	1.5311	0.1284	0.3520	0.2506	7.3615	-0.9570	0.9955
94	1.3081	1.5280	0.1272	0.3483	0.2392	7.1237	-1.2490	1.1092
95	1.3101	1.5265	0.1248	0.3580	0.2336	7.3257	-1.2860	1.0981
96	1.3137	1.5249	0.1272	0.3740	0.2279	7.8397	-1.4620	1.1722
97	1.3186	1.5226	0.1266	0.3953	0.2193	8.0030	-1.3690	2.0859
98	1.3234	1.5207	0.1266	0.4164	0.2124	7.7936	0.4080	0.7893
99	1.3291	1.5183	0.1266	0.4410	0.2031	7.1765	-1.3840	1.1275
100	1.3361	1.5151	0.1272	0.4712	0.1907	7.9038	-1.3860	1.1738
101	1.2942	1.5347	0.1260	0.3048	0.2698	7.8871	-1.2880	1.1334
102	1.2947	1.5359	0.1290	0.3077	0.2755	7.6154	-1.3580	1.3340
103	1.2957	1.5366	0.1254	0.3131	0.2795	8.1404	-1.3860	1.2130
104	1.2968	1.5353	0.1266	0.3185	0.2749	8.3288	-1.4650	1.2401
105	1.2978	1.5348	0.1278	0.3237	0.2737	7.7942	-1.3710	1.8438
106	1.2983	1.5337	0.1272	0.3270	0.2704	8.1373	-1.2690	1.2281
107	1.2985	1.5329	0.1254	0.3290	0.2678	8.0857	-1.1800	1.2446
108	1.2973	1.5322	0.1278	0.3252	0.2660	8.1875	-1.1520	1.2190
109	1.2972	1.5284	0.1254	0.3262	0.2515	7.5022	-1.2490	1.2483
110	1.2961	1.5268	0.1266	0.3227	0.2458	8.3946	-1.1030	1.2301
111	1.3047	1.5306	0.1254	0.3587	0.2617	8.5030	-1.0290	1.1954
112	1.3073	1.5301	0.1284	0.3704	0.2603	7.9332	-1.0740	1.2803
113	1.3117	1.5291	0.1248	0.3895	0.2570	8.6370	-1.1380	1.3035
114	1.3151	1.5300	0.1278	0.4047	0.2613	8.1879	-1.3320	1.3473
115	1.3170	1.5322	0.1272	0.4143	0.2712	8.2314	-1.3650	1.3473
116	1.3196	1.5335	0.1254	0.4263	0.2770	8.7186	-1.2670	1.3513
117	1.3231	1.5342	0.1183	0.4420	0.2808	9.3579	-1.0210	1.3058
118	1.3265	1.5361	0.1254	0.4574	0.2892	8.7211	-0.8810	1.2836
119	1.3298	1.5368	0.1272	0.4728	0.2928	8.3561	-0.7860	1.2569
120	1.3329	1.5368	0.1266	0.4872	0.2940	8.8810	-0.4840	1.1664
121	1.2844	1.5331	0.1272	0.2940	0.2799	8.5312	-0.3690	1.1818
122	1.2864	1.5296	0.1266	0.3028	0.2666	8.5741	-0.2090	1.1661
123	1.2900	1.5232	0.1266	0.3182	0.2416	8.5454	-0.1620	1.1331
124	1.2931	1.5164	0.1266	0.3317	0.2148	8.9378	0.0930	1.0977
125	1.2963	1.5088	0.1266	0.3460	0.1845	8.5478	0.3960	1.0160
126	1.2994	1.5010	0.1284	0.3596	0.1534	8.6009	0.5040	1.0283
127	1.3027	1.4925	0.1248	0.3741	0.1193	8.7655	0.7630	0.9673
128	1.3067	1.4835	0.1272	0.3912	0.0829	8.0377	0.9210	0.8839
129	1.3122	1.4728	0.1248	0.4150	0.0396	9.0066	0.8880	0.9282
130	1.3177	1.4617	0.1284	0.4386	-0.0059	8.9060	0.9600	0.8834
131	1.2820	1.5236	0.1260	0.2965	0.2423	8.9722	0.8770	0.8978
132	1.2787	1.5216	0.1296	0.2840	0.2348	8.6887	0.9770	0.8775
133	1.2757	1.5177	0.1201	0.2729	0.2195	9.6191	0.9170	0.8872
134	1.2715	1.5135	0.1290	0.2567	0.2031	8.8785	1.0180	0.8276
135	1.2672	1.5088	0.1248	0.2396	0.1845	9.0546	1.1190	0.8209
136	1.2629	1.5024	0.1272	0.2227	0.1592	8.9772	0.9680	0.8301
137	1.2566	1.4966	0.1218	0.1979	0.1357	8.7097	0.9830	0.8225
138	1.2506	1.4903	0.1272	0.1737	0.1105	9.0398	0.9320	0.8422
139	1.2449	1.4816	0.1248	0.1508	0.0751	9.3585	0.8830	0.8287
140	1.2404	1.4722	0.1218	0.1327	0.0368	9.8052	0.8390	0.8056
141	1.2888	1.5433	0.1254	0.3273	0.3223	9.2167	0.7760	0.9002
142	1.2899	1.5413	0.1284	0.3326	0.3155	9.0664	0.7850	0.8413
143	1.2893	1.5380	0.1254	0.3311	0.3032	9.5190	0.9220	0.7846
144	1.2873	1.5334	0.1272	0.3241	0.2857	9.0338	0.7750	0.8151
145	1.2840	1.5289	0.1266	0.3120	0.2682	9.1972	0.7880	0.8149
146	1.2790	1.5259	0.1254	0.2925	0.2570	9.3720	0.8770	0.7516
147	1.2745	1.5220	0.1254	0.2750	0.2419	9.4031	0.6830	0.8369
148	1.2709	1.5168	0.1254	0.2614	0.2214	9.4943	0.7350	0.7466
149	1.2674	1.5114	0.1260	0.2478	0.2003	9.4538	0.5190	0.8800
150	1.2635	1.5069	0.1284	0.2325	0.1825	9.3152	0.4030	0.8435
151	1.2990	1.5410	0.1266	0.3757	0.3197	9.3174	0.4350	0.8241
152	1.2988	1.5410	0.1189	0.3761	0.3209	10.3910	0.2490	0.8809
153	1.2996	1.5409	0.1254	0.3805	0.3213	9.7037	0.2730	0.8614
154	1.2998	1.5405	0.1266	0.3827	0.3209	9.7115	0.2910	0.8344
155	1.2998	1.5404	0.1260	0.3840	0.3213	9.5146	0.2350	0.8635
156	1.2990	1.5390	0.1213	0.3818	0.3166	9.5271	0.2240	0.8638
157	1.2968	1.5365	0.1242	0.3740	0.3078	9.7927	0.2990	0.8855
158	1.2934	1.5359	0.1284	0.3616	0.3061	9.8010	0.3600	0.8132
159	1.2890	1.5353	0.1260	0.3451	0.3048	9.9391	0.4840	0.8011
160	1.2828	1.5367	0.1278	0.3210	0.3110	9.8139	0.4850	0.7968
161	1.3044	1.5560	0.1230	0.4089	0.3898	10.3521	0.4210	0.8695
162	1.3044	1.5578	0.1278	0.4101	0.3983	9.8088	0.5150	0.7600
163	1.3050	1.5596	0.1248	0.4139	0.4070	9.0226	0.8960	0.6713
164	1.3062	1.5600	0.1266	0.4201	0.4102	9.9564	0.7430	0.7531
165	1.3060	1.5582	0.1242	0.4207	0.4044	10.2745	1.0100	0.6328
166	1.3047	1.5559	0.1195	0.4172	0.3968	10.8110	1.0180	0.6151
167	1.3033	1.5526	0.1278	0.4126	0.3848	9.7852	1.0680	0.6379
168	1.2997	1.5495	0.1260	0.3996	0.3738	10.0927	1.2100	0.5710
169	1.2965	1.5458	0.1272	0.3878	0.3600	9.9192	0.9750	0.6311
170	1.2936	1.5402	0.1260	0.3774	0.3385	9.4443	0.8680	0.6557
171	1.3064	1.5692	0.1278	0.4300	0.4562	9.9032	1.0660	0.5053
172	1.3034	1.5685	0.1248	0.4193	0.4551	10.4143	0.9890	0.5751
173	1.2978	1.5654	0.1183	0.3983	0.4443	10.9827	0.9070	0.6396
174	1.2929	1.5638	0.1254	0.3795	0.4398	10.2850	0.7410	0.6355
175	1.2869	1.5633	0.1266	0.3566	0.4392	10.1722	0.9390	0.5764
176	1.2799	1.5622	0.1266	0.3295	0.4362	10.2628	0.9890	0.5501
177	1.2720	1.5597	0.1272	0.2982	0.4278	9.5698	0.9440	0.5840
178	1.2643	1.5584	0.1189	0.2678	0.4240	11.4891	0.5410	0.6648
179	1.2556	1.5558	0.1266	0.2332	0.4152	10.2961	0.4940	0.6326
180	1.2479	1.5552	0.1308	0.2024	0.4141	10.1190	0.3890	0.6512
181	1.2998	1.5656	0.1254	0.4112	0.4573	10.4354	0.5640	0.5678
182	1.3017	1.5653	0.1284	0.4202	0.4576	9.4571	0.6550	0.5882
183	1.3002	1.5639	0.1248	0.4152	0.4539	10.5098	0.4070	0.6263
184	1.3020	1.5580	0.1278	0.4238	0.4316	10.5408	0.5160	0.5898
185	1.3062	1.5522	0.1172	0.4419	0.4099	11.6668	0.2170	0.7051
186	1.3062	1.5469	0.1278	0.4436	0.3896	10.6027	0.2450	0.6043
187	1.3089	1.5373	0.1266	0.4557	0.3521	10.5371	0.4610	0.6000
188	1.3142	1.5298	0.1278	0.4783	0.3231	10.6645	0.0340	0.7381
189	1.3148	1.5246	0.1272	0.4826	0.3027	9.7028	-0.2380	0.7419
190	1.3145	1.5147	0.1278	0.4829	0.2636	10.6664	-0.1080	0.7163
191	1.2771	1.5711	0.1260	0.3341	0.4911	10.7811	-1.1460	1.3936
192	1.2776	1.5713	0.1266	0.3367	0.4934	10.5012	-0.2140	0.7675
193	1.2743	1.5694	0.1224	0.3240	0.4876	11.1524	-0.2460	0.7412
194	1.2748	1.5649	0.1260	0.3266	0.4713	10.6959	-0.0810	0.7315
195	1.2798	1.5622	0.1260	0.3476	0.4621	10.7868	-0.5030	0.8875
196	1.2823	1.5637	0.1260	0.3583	0.4698	10.1111	-1.2660	1.0256
197	1.2798	1.5669	0.1248	0.3490	0.4842	11.1129	-1.4420	1.0365
198	1.2739	1.5659	0.1266	0.3259	0.4818	10.8083	-1.0010	0.9305
199	1.2713	1.5599	0.1254	0.3162	0.4592	11.1032	-0.8390	0.8969
200	1.2738	1.5531	0.1260	0.3266	0.4333	11.2432	-0.7180	0.8922
201	1.2800	1.5395	0.1248	0.3523	0.3799	10.3463	-0.7900	0.9593
202	1.2870	1.5433	0.1266	0.3812	0.3962	11.0467	-1.1610	1.0263
203	1.2970	1.5521	0.1230	0.4224	0.4328	11.6278	-1.5020	1.0946
204	1.3120	1.5659	0.1195	0.4839	0.4897	11.9017	-1.5690	1.1398
205	1.3314	1.5843	0.1266	0.5635	0.5652	10.9607	-1.6040	1.1423
206	1.3514	1.6037	0.1278	0.6461	0.6454	11.0270	-1.4460	1.1234
207	1.3714	1.6215	0.1248	0.7291	0.7198	11.4782	-0.9750	1.0306
208	1.3912	1.6349	0.1284	0.8118	0.7767	11.0161	-0.9510	1.0671
209	1.4072	1.6436	0.1266	0.8799	0.8150	11.4454	-1.2600	1.1968
210	1.4183	1.6524	0.1278	0.9282	0.8540	11.0906	-2.2070	1.4156
211	1.3080	1.5456	0.1260	0.4886	0.4280	11.3920	-0.4580	0.2007
212	1.3110	1.5446	0.1266	0.5022	0.4252	11.1123	-2.1270	1.3634
213	1.3102	1.5426	0.1278	0.5005	0.4182	10.8211	-2.5240	1.4704
214	1.3132	1.5444	0.1260	0.5140	0.4265	11.4255	-2.8040	1.5048
215	1.3152	1.5428	0.1266	0.5237	0.4214	11.3844	-2.7460	1.5766
216	1.3134	1.5439	0.1183	0.5181	0.4265	12.5283	-3.2050	1.6610
217	1.3132	1.5465	0.1266	0.5188	0.4383	11.6277	-2.8920	1.6111
218	1.3089	1.5468	0.1302	0.5032	0.4405	11.1016	-3.4200	1.8972
219	1.3069	1.5482	0.1266	0.4963	0.4472	11.5685	-3.2440	1.7544
220	1.3022	1.5486	0.1266	0.4790	0.4504	10.7152	-3.4750	1.8939
221	1.3756	1.3863	0.1266	0.7758	-0.2020	11.7454	-3.0820	1.7152
222	1.3750	1.3845	0.1278	0.7765	-0.2121	11.6920	-3.4270	1.9026
223	1.3751	1.3802	0.1178	0.7799	-0.2321	12.4503	-3.0350	1.8605
224	1.3745	1.3768	0.1284	0.7808	-0.2489	11.7362	-3.5390	2.0419
225	1.3759	1.3698	0.1207	0.7895	-0.2798	12.4552	-3.2480	2.0148
226	1.3767	1.3641	0.1266	0.7959	-0.3063	12.0760	-3.2180	1.9476
227	1.3765	1.3559	0.1272	0.7982	-0.3426	11.7327	-3.1550	2.0613
228	1.3761	1.3493	0.1260	0.7997	-0.3730	11.9677	-2.9980	1.9966
229	1.3724	1.3420	0.1266	0.7879	-0.4059	11.9871	0.0000	0.1515
230	1.3689	1.3349	0.1183	0.7771	-0.4386	12.9503	-3.0490	2.0105
231	1.2878	1.5532	0.1272	0.4536	0.4361	11.7845	-3.3950	2.2315
232	1.2838	1.5556	0.1266	0.4384	0.4472	11.1791	-3.3230	2.2633
233	1.2776	1.5589	0.1266	0.4143	0.4617	11.9789	-3.1970	2.1757
234	1.2700	1.5640	0.1266	0.3844	0.4839	12.1300	-3.4070	2.1886
235	1.2622	1.5689	0.1290	0.3535	0.5052	11.7504	-3.3410	2.2815
236	1.2542	1.5733	0.1272	0.3216	0.5245	12.0592	-3.3710	2.3781
237	1.2460	1.5774	0.1272	0.2887	0.5427	11.9703	-3.3910	2.3701
238	1.2380	1.5813	0.1290	0.2564	0.5604	12.0786	-3.5980	2.3466
239	1.2272	1.5851	0.1266	0.2126	0.5780	11.9187	-3.7720	2.4780
240	1.2165	1.5880	0.1260	0.1689	0.5916	12.2006	-3.8190	2.5364
241	1.2084	1.4400	0.1260	0.1355	-0.0019	12.1656	-4.1310	2.6508
242	1.2066	1.4396	0.1254	0.1273	-0.0050	12.5086	-4.3200	2.7169
243	1.2038	1.4416	0.1254	0.1149	0.0014	12.1807	-4.3140	2.7616
244	1.1992	1.4449	0.1284	0.0952	0.0134	11.3215	-4.4030	2.8086
245	1.1936	1.4491	0.1242	0.0714	0.0289	12.3865	0.0000	0.1996
246	1.1870	1.4530	0.1272	0.0435	0.0435	11.5872	-4.0000	2.6400
247	1.1808	1.4552	0.1172	0.0169	0.0509	13.2338	-4.3240	2.9000
248	1.1744	1.4571	0.1248	-0.0108	0.0576	12.5279	-4.2730	2.8546
249	1.1669	1.4593	0.1284	-0.0426	0.0652	12.1270	-3.9880	2.7184
250	1.1585	1.4612	0.1254	-0.0786	0.0719	12.4592	-3.8150	2.7630
251	1.2662	1.5296	0.1254	0.3527	0.3463	11.4920	-3.5000	2.6660
252	1.2649	1.5282	0.1266	0.3477	0.3414	12.6115	-3.3510	2.6306
253	1.2637	1.5270	0.1224	0.3432	0.3372	13.2636	-3.2190	2.5802
254	1.2623	1.5256	0.1195	0.3380	0.3323	13.5266	-3.1720	2.5928
255	1.2597	1.5236	0.1266	0.3280	0.3249	12.2873	-3.1800	2.6872
256	1.2564	1.5210	0.1272	0.3150	0.3150	12.4838	-3.3100	2.7328
257	1.2527	1.5182	0.1218	0.3002	0.3042	13.0990	-3.1390	2.6722
258	1.2484	1.5145	0.1260	0.2828	0.2896	11.8112	-3.0370	2.5630
259	1.2438	1.5103	0.1224	0.2646	0.2733	13.3311	-3.1120	2.6380
260	1.2381	1.5052	0.1266	0.2411	0.2530	12.7415	-3.1040	2.5868
261	1.1786	1.4146	0.1272	0.0015	-0.1115	12.6283	-3.0210	2.6010
262	1.1751	1.4142	0.1266	-0.0142	-0.1153	12.7321	-2.6090	2.3990
263	1.1680	1.4140	0.1254	-0.0448	-0.1182	12.6694	-2.8450	2.5222
264	1.1624	1.4130	0.1272	-0.0693	-0.1244	13.0104	-2.9940	2.5992
265	1.1516	1.4102	0.1260	-0.1152	-0.1379	13.0646	-3.2850	2.6130
266	1.1391	1.4072	0.1272	-0.1679	-0.1521	12.8309	-3.1350	2.5606
267	1.1248	1.4041	0.1272	-0.2281	-0.1671	12.3286	-3.5540	2.6644
268	1.1097	1.4011	0.1183	-0.2922	-0.1814	13.9579	-3.5020	2.6688
269	1.0929	1.3992	0.1266	-0.3632	-0.1918	13.1772	-3.6970	2.7150
270	1.0740	1.3974	0.1272	-0.4434	-0.2014	12.9553	-3.9910	2.8298
271	1.2970	1.5392	0.1266	0.4500	0.3668	12.9330	-4.0050	2.7902
272	1.2980	1.5390	0.1284	0.4552	0.3670	13.0465	-3.8700	2.7932
273	1.2981	1.5370	0.1254	0.4569	0.3599	13.3780	-3.5100	2.6404
274	1.2971	1.5344	0.1278	0.4538	0.3504	13.1809	-3.7120	2.8044
275	1.2944	1.5342	0.1254	0.4443	0.3506	13.2002	-3.6010	2.6474
276	1.2888	1.5333	0.1272	0.4227	0.3476	13.3149	-3.6380	2.7260
277	1.2813	1.5337	0.1254	0.3936	0.3502	12.8482	-3.6810	2.7262
278	1.2717	1.5361	0.1272	0.3556	0.3605	13.3168	-3.3740	2.6240
279	1.2610	1.5376	0.1254	0.3132	0.3674	13.6845	-3.5440	2.6956
280	1.2501	1.5381	0.1296	0.2698	0.3706	13.0274	-3.6100	2.7536
281	1.2590	1.5698	0.1248	0.3054	0.4991	13.6907	-3.5230	2.6954
282	1.2580	1.5723	0.1278	0.3016	0.5110	13.2412	-3.1530	2.6122
283	1.2556	1.5743	0.1272	0.2922	0.5206	13.3445	-3.2170	2.6874
284	1.2501	1.5768	0.1260	0.2701	0.5327	13.4003	-3.0340	2.5564
285	1.2440	1.5794	0.1178	0.2456	0.5449	14.4814	-2.9730	2.5506
286	1.2369	1.5813	0.1254	0.2170	0.5547	13.8954	-2.6660	2.5140
287	1.2284	1.5835	0.1266	0.1825	0.5655	13.4819	-1.6620	2.2936
288	1.2174	1.5854	0.1260	0.1374	0.5754	13.7045	-0.7250	2.0214
289	1.2048	1.5872	0.1266	0.0860	0.5847	12.8375	-0.7790	2.1602
290	1.1921	1.5892	0.1260	0.0338	0.5947	13.8877	-0.8820	2.2300
291	1.2858	1.5538	0.1254	0.4095	0.4547	13.7379	-0.5830	2.1282
292	1.2858	1.5526	0.1260	0.4104	0.4512	13.6973	-0.2760	2.0036
293	1.2848	1.5518	0.1284	0.4072	0.4491	13.6194	-0.4330	2.4654
294	1.2828	1.5506	0.1266	0.4001	0.4455	13.6275	-0.5810	2.1162
295	1.2765	1.5492	0.1254	0.3757	0.4415	13.8026	-0.6830	2.0494
296	1.2689	1.5441	0.1260	0.3458	0.4222	13.3480	-0.0750	1.8994
297	1.2574	1.5388	0.1260	0.2997	0.4019	13.7930	-0.1410	2.1122
298	1.2414	1.5337	0.1290	0.2355	0.3822	13.8827	0.1270	1.9020
299	1.2221	1.5284	0.1189	0.1576	0.3617	14.7648	0.3670	1.8503
300	1.2023	1.5231	0.1290	0.0772	0.3412	13.8842	0.5370	1.8822
301	1.2566	1.5778	0.1260	0.2946	0.5619	14.1504	0.6990	1.8154
302	1.2528	1.5779	0.1266	0.2795	0.5643	13.9297	1.2460	1.7292
303	1.2452	1.5796	0.1254	0.2490	0.5731	13.8672	1.8750	1.5857
304	1.2342	1.5823	0.1224	0.2046	0.5860	14.3144	1.6170	1.7018
305	1.2202	1.5884	0.1242	0.1478	0.6126	14.0736	1.3580	1.6489
306	1.2087	1.5919	0.1183	0.1008	0.6287	14.8042	1.1740	1.6208
307	1.1932	1.5970	0.1213	0.0375	0.6516	14.4856	1.1230	1.6842
308	1.1764	1.6035	0.1254	-0.0316	0.6802	14.1973	1.4670	1.5419
309	1.1567	1.6084	0.1224	-0.1129	0.7026	14.2892	2.0480	1.4694
310	1.1385	1.6133	0.1260	-0.1885	0.7250	14.1885	0.7450	1.8188
311	1.2550	1.5162	0.1236	0.2778	0.3370	14.4403	1.3030	1.5702
312	1.2492	1.5192	0.1260	0.2545	0.3494	14.0668	0.7920	1.7986
313	1.2444	1.5208	0.1242	0.2352	0.3565	13.6143	0.3430	1.8425
314	1.2406	1.5218	0.1213	0.2198	0.3608	14.7596	-0.0750	1.9230
315	1.2394	1.5225	0.1236	0.2147	0.3643	14.4486	-0.2390	1.9234
316	1.2364	1.5231	0.1278	0.2024	0.3673	14.1551	-0.0670	1.8261
317	1.2336	1.5214	0.1224	0.1907	0.3609	14.6539	0.9310	1.5900
318	1.2322	1.5194	0.1272	0.1847	0.3537	14.3507	2.4260	1.2260
319	1.2290	1.5145	0.1224	0.1714	0.3343	14.7762	2.8710	1.2529
320	1.2254	1.5070	0.1278	0.1563	0.3043	14.7023	3.2010	1.0833
321	1.2135	1.5634	0.1201	0.1078	0.5316	15.3526	3.0960	1.1311
322	1.2137	1.5630	0.1272	0.1079	0.5316	13.6986	3.2920	1.0217
323	1.2145	1.5604	0.1189	0.1099	0.5227	15.4898	3.5400	1.0301
324	1.2156	1.5580	0.1230	0.1135	0.5145	15.0882	4.1460	0.7601
325	1.2180	1.5539	0.1242	0.1225	0.4993	14.6797	4.6190	0.5514
326	1.2215	1.5500	0.1266	0.1355	0.4853	14.9019	4.9280	0.4660
327	1.2247	1.5456	0.1236	0.1478	0.4688	13.9993	5.5300	0.3268
328	1.2261	1.5410	0.1242	0.1530	0.4514	14.8928	5.7770	0.2931
329	1.2254	1.5374	0.1201	0.1493	0.4379	15.1244	6.2420	0.1835
330	1.2248	1.5344	0.1242	0.1464	0.4267	14.8375	6.6610	-0.0988
331	1.2458	1.5154	0.1213	0.2303	0.3511	14.2832	6.6400	0.0113
332	1.2422	1.5166	0.1207	0.2157	0.3563	14.1039	6.9310	-0.2239
333	1.2388	1.5168	0.1213	0.2018	0.3575	15.1008	7.4290	-0.3637
334	1.2340	1.5180	0.1230	0.1823	0.3628	14.9793	7.2700	-0.4167
335	1.2303	1.5182	0.1248	0.1671	0.3640	14.8560	7.6670	-0.5579
336	1.2243	1.5170	0.1236	0.1423	0.3596	15.0898	7.6670	-0.6333
337	1.2153	1.5120	0.1260	0.1054	0.3399	14.9539	7.6400	-0.6737
338	1.2045	1.5060	0.1242	0.0610	0.3161	15.4390	7.9910	-0.8162
339	1.1902	1.4976	0.1248	0.0024	0.2824	15.3389	7.5700	-0.8018
340	1.1775	1.4892	0.1166	-0.0503	0.2487	16.1170	8.0950	-1.1190
341	1.2090	1.4754	0.1230	0.0747	0.1928	15.3122	7.9850	-1.0085
342	1.2060	1.4739	0.1254	0.0616	0.1862	15.2959	7.6540	-1.0711
343	1.2020	1.4692	0.1254	0.0446	0.1665	15.2083	7.3120	-0.9831
344	1.1963	1.4611	0.1254	0.0202	0.1330	14.8854	7.6290	-1.2358
345	1.1883	1.4543	0.1242	-0.0131	0.1048	15.4145	7.8520	-1.3156
346	1.1762	1.4472	0.1254	-0.0636	0.0752	15.7827	7.8470	-1.4330
347	1.1662	1.4395	0.1248	-0.1055	0.0426	15.1684	8.6150	-1.7814
348	1.1559	1.4280	0.1248	-0.1491	-0.0052	15.7957	8.7490	-1.7816
349	1.1443	1.4182	0.1266	-0.1980	-0.0464	15.3115	8.4061	-1.7947
350	1.1355	1.4110	0.1248	-0.2360	-0.0773	15.9187	8.3130	-1.8592
351	1.2142	1.5153	0.1266	0.0777	0.3405	15.5408	8.7960	-2.0136
352	1.2162	1.5130	0.1266	0.0848	0.3314	15.5718	9.1090	-2.1073
353	1.2144	1.5061	0.1242	0.0767	0.3038	15.5913	8.7810	-2.1317
354	1.2096	1.4985	0.1272	0.0565	0.2736	15.6821	8.1940	-2.0714
355	1.2062	1.4952	0.1254	0.0418	0.2601	15.9289	7.9010	-2.1423
356	1.2035	1.4960	0.1284	0.0298	0.2634	14.8850	7.5570	-2.1930
357	1.2001	1.4978	0.1260	0.0151	0.2705	15.8586	6.7790	-2.0203
358	1.1952	1.5006	0.1266	-0.0060	0.2817	15.8777	6.8460	-2.1929
359	1.1865	1.5025	0.1201	-0.0422	0.2893	16.5707	7.0890	-2.3835
360	1.1745	1.5009	0.1236	-0.0923	0.2831	15.9388	6.9970	-2.3742
361	1.2114	1.4840	0.1218	0.0544	0.2150	16.1706	7.1580	-2.4406
362	1.2110	1.4872	0.1242	0.0518	0.2274	16.0368	7.5450	-2.5263
363	1.2116	1.4918	0.1266	0.0533	0.2456	15.9611	7.7370	-2.7603
364	1.2112	1.4954	0.1224	0.0507	0.2598	16.5525	8.1120	-2.9277
365	1.2122	1.4994	0.1254	0.0538	0.2757	15.8085	8.5110	-3.0634
366	1.2146	1.5038	0.1302	0.0625	0.2934	15.6785	8.4430	-3.1159
367	1.2158	1.5054	0.1254	0.0664	0.3000	16.3434	8.5330	-3.2211
368	1.2168	1.5063	0.1272	0.0696	0.3038	15.9171	8.4920	-3.3629
369	1.2184	1.5076	0.1254	0.0752	0.3093	16.3445	8.9200	-3.3852
370	1.2194	1.5076	0.1260	0.0784	0.3093	16.4854	8.9691	-3.5128
371	1.2103	1.4848	0.1254	0.0412	0.2179	15.9811	9.0560	-3.5914
372	1.2087	1.4863	0.1272	0.0336	0.2236	16.1550	10.5730	-4.5114
373	1.2073	1.4858	0.1242	0.0268	0.2213	16.3062	9.5298	-3.8999
374	1.2052	1.4866	0.1272	0.0176	0.2242	16.2175	9.5670	-3.9134
375	1.2022	1.4883	0.1248	0.0042	0.2305	16.5363	6.2060	-1.9832
376	1.1982	1.4899	0.1195	-0.0132	0.2367	17.0843	9.1410	-3.7670
377	1.1935	1.4893	0.1242	-0.0332	0.2340	16.4901	9.0270	-3.8934
378	1.1895	1.4863	0.1284	-0.0508	0.2219	16.1967	8.7970	-3.7558
379	1.1841	1.4844	0.1236	-0.0742	0.2136	16.8638	8.2230	-3.6386
380	1.1773	1.4840	0.1284	-0.1032	0.2116	16.1394	8.1950	-3.6598
381	1.0236	1.4962	0.1296	-0.7235	0.2604	15.0152	8.1150	-3.5566
382	1.0236	1.4998	0.1272	-0.7292	0.2748	16.1553	7.7380	-3.5564
383	1.0218	1.5039	0.1248	-0.7421	0.2914	16.4152	7.0310	-3.2906
384	1.0206	1.5072	0.1236	-0.7526	0.3048	16.8276	6.8770	-3.3894
385	1.0196	1.5108	0.1290	-0.7624	0.3192	16.0907	6.7950	-3.3562
386	1.0184	1.5144	0.1266	-0.7730	0.3342	16.4115	6.6400	-3.2424
387	1.0174	1.5186	0.1242	-0.7828	0.3515	15.9669	6.6260	-3.3548
388	1.0166	1.5226	0.1254	-0.7918	0.3678	17.0389	6.2850	-3.2126
389	1.0156	1.5251	0.1266	-0.8017	0.3785	16.7445	6.1760	-3.2684
390	1.0151	1.5251	0.1278	-0.8096	0.3793	16.5704	5.8030	-3.1138
391	1.0240	1.4938	0.1260	-0.7796	0.2538	16.6260	6.0850	-3.2306
392	1.0259	1.4898	0.1266	-0.7776	0.2376	16.1127	5.9410	-3.2650
393	1.0298	1.4848	0.1248	-0.7676	0.2172	16.8915	4.9970	-2.9386
394	1.0320	1.4792	0.1260	-0.7641	0.1943	17.1340	5.8230	-2.5778
395	1.0359	1.4724	0.1266	-0.7538	0.1664	16.6721	5.4160	-3.0832
396	1.0416	1.4658	0.1284	-0.7364	0.1391	16.8460	5.5270	-3.1054
397	1.0449	1.4623	0.1260	-0.7283	0.1241	16.8059	5.6000	-3.2880
398	1.0492	1.4597	0.1272	-0.7160	0.1130	17.0528	5.1700	-3.8416
399	1.0509	1.4566	0.1254	-0.7141	0.0994	16.8207	4.9040	-3.2056
400	1.0564	1.4493	0.1266	-0.6969	0.0688	17.1871	5.3450	-3.0022
401	1.2368	1.4932	0.1260	0.0242	0.2443	17.0369	3.9590	-2.6418
402	1.2332	1.4932	0.1284	0.0094	0.2441	17.1406	3.8670	-2.7038
403	1.2330	1.4918	0.1266	0.0081	0.2383	17.0862	2.2250	-2.3370
404	1.2302	1.4906	0.1290	-0.0036	0.2333	16.1750	2.1930	-2.5314
405	1.2272	1.4916	0.1183	-0.0161	0.2370	18.2010	1.2870	-2.1834
406	1.2204	1.4972	0.1272	-0.0441	0.2593	17.3484	2.2390	-2.5170
407	1.2167	1.5001	0.1272	-0.0595	0.2711	16.8987	2.5820	-2.4916
408	1.2137	1.5023	0.1284	-0.0726	0.2797	17.3261	0.8560	-2.1380
409	1.2060	1.5078	0.1266	-0.1043	0.3022	16.4455	1.0770	-2.3166
410	1.1982	1.5108	0.1272	-0.1370	0.3143	17.2910	0.9100	-2.1820
411	1.1928	1.5538	0.1254	-0.1600	0.4876	17.3455	0.2650	-2.1002
412	1.1908	1.5525	0.1254	-0.1695	0.4839	17.6169	0.5540	-1.9728
413	1.1924	1.5519	0.1254	-0.1646	0.4828	17.3480	-0.1710	-1.7635
414	1.1939	1.5559	0.1278	-0.1598	0.5002	17.4508	-1.2670	-1.6854
415	1.1910	1.5619	0.1254	-0.1728	0.5257	17.3506	-0.9160	-1.8479
416	1.1900	1.5651	0.1260	-0.1787	0.5400	17.4888	-1.4520	-1.5012
417	1.1894	1.5669	0.1242	-0.1824	0.5488	17.4966	-2.0430	-1.5564
418	1.1884	1.5637	0.1272	-0.1881	0.5375	17.7082	-0.9970	-1.6828
419	1.1906	1.5610	0.1183	-0.1808	0.5286	18.4423	-2.5880	-1.1983
420	1.1922	1.5632	0.1278	-0.1757	0.5389	17.6981	-5.2390	-0.5557
421	1.2360	1.5028	0.1260	-0.0009	0.2973	17.6917	-7.0340	-0.1315
422	1.2340	1.5036	0.1254	-0.0091	0.3006	17.6752	-8.0650	-0.1943
423	1.2331	1.5026	0.1248	-0.0132	0.2966	16.6695	-6.6240	-0.5410
424	1.2364	1.4977	0.1248	-0.0004	0.2770	17.7509	-7.6110	0.0091
425	1.2395	1.4945	0.1224	0.0116	0.2640	18.2467	-8.4010	0.1545
426	1.2376	1.4963	0.1189	0.0036	0.2711	18.5805	-8.1080	0.1382
427	1.2324	1.4991	0.1224	-0.0174	0.2822	18.1905	-6.7636	-0.0910
428	1.2268	1.4968	0.1266	-0.0406	0.2732	17.4243	-6.0000	-0.1552
429	1.2241	1.4937	0.1242	-0.0518	0.2605	17.9210	-7.1240	0.6281
430	1.2221	1.4956	0.1248	-0.0607	0.2679	17.0631	-8.6600	0.5927
431	1.1718	1.5032	0.1254	-0.2637	0.2985	17.8293	-8.1870	0.5046
432	1.1718	1.4992	0.1242	-0.2657	0.2825	18.0035	-6.5400	0.2493
433	1.1728	1.4938	0.1236	-0.2636	0.2608	18.1063	-5.0690	-0.1097
434	1.1705	1.4881	0.1236	-0.2747	0.2374	18.2573	-3.0060	-0.4876
435	1.1664	1.4828	0.1224	-0.2932	0.2160	18.1931	-2.2600	-0.6068
436	1.1573	1.4807	0.1242	-0.3320	0.2072	17.9520	-2.0560	-0.3672
437	1.1437	1.4823	0.1230	-0.3890	0.2130	17.6008	-3.8650	0.0984
438	1.1311	1.4831	0.1166	-0.4424	0.2157	18.9880	-4.2280	-0.0415
439	1.1215	1.4805	0.1230	-0.4839	0.2049	18.4269	-3.6000	-0.1527
440	1.1092	1.4767	0.1242	-0.5368	0.1892	18.3754	-4.3990	0.1601
441	1.1342	1.5720	0.1242	-0.4396	0.5721	18.1564	-4.9890	0.2367
442	1.1326	1.5737	0.1260	-0.4490	0.5808	18.2705	-6.7140	0.8561
443	1.1312	1.5741	0.1218	-0.4576	0.5841	18.5038	-7.5790	1.0237
444	1.1322	1.5728	0.1278	-0.4564	0.5808	18.2373	-7.5640	1.0750
445	1.1324	1.5713	0.1266	-0.4585	0.5768	18.2265	-7.9000	1.1720
446	1.1308	1.5691	0.1278	-0.4680	0.5694	17.6979	8.8910	-5.5950
447	1.1258	1.5671	0.1207	-0.4912	0.5631	19.2414	-8.8820	1.4814
448	1.1201	1.5653	0.1254	-0.5170	0.5579	18.7646	-9.8710	1.7249
449	1.1120	1.5641	0.1296	-0.5531	0.5546	18.1083	-7.8820	1.0930
450	1.1055	1.5602	0.1302	-0.5824	0.5403	18.3684	-7.7490	1.4639
451	1.1738	1.5300	0.1290	-0.3113	0.4204	18.2305	-8.7430	1.7268
452	1.1690	1.5311	0.1308	-0.3327	0.4254	18.4046	-10.2210	2.1324
453	1.1603	1.5359	0.1266	-0.3696	0.4458	19.0670	-11.0220	2.3749
454	1.1495	1.5438	0.1266	-0.4155	0.4783	17.7862	0.7130	-4.8520
455	1.1424	1.5479	0.1272	-0.4464	0.4958	18.6920	-10.0000	2.0846
456	1.1388	1.5493	0.1284	-0.4638	0.5027	18.6987	-10.2080	3.6151
457	1.1353	1.5529	0.1201	-0.4805	0.5183	19.4876	-11.1250	2.8637
458	1.1320	1.5599	0.1302	-0.4964	0.5478	18.1200	-11.8290	3.1902
459	1.1302	1.5719	0.1290	-0.5068	0.5975	18.6567	-29.3180	6.7626
460	1.1261	1.5876	0.1302	-0.5262	0.6629	18.7227	-11.7700	3.2395
461	1.1418	1.5222	0.1302	-0.4662	0.4017	18.4381	-11.6400	3.3515
462	1.1382	1.5258	0.1290	-0.4834	0.4167	18.7959	-9.4440	2.7905
463	1.1328	1.5288	0.1266	-0.5079	0.4295	17.9905	-7.5880	2.5975
464	1.1252	1.5364	0.1327	-0.5414	0.4606	18.6603	-7.6320	2.9779
465	1.1218	1.5433	0.1296	-0.5583	0.4896	18.8745	-7.4660	3.0088
466	1.1178	1.5469	0.1321	-0.5776	0.5050	18.7946	-5.2980	2.0734
467	1.1088	1.5499	0.1315	-0.6171	0.5182	18.6544	-6.5740	2.8959
468	1.0956	1.5574	0.1308	-0.6737	0.5499	18.9407	-7.3670	3.1774
469	1.0786	1.5700	0.1195	-0.7460	0.6019	20.2115	-8.0850	3.4402
470	1.0601	1.5864	0.1290	-0.8246	0.6695	19.1604	-9.2030	3.7198
471	1.0252	1.4506	0.1266	-0.9700	0.1253	19.1119	-10.3680	4.1557
472	1.0262	1.4490	0.1290	-0.9716	0.1176	19.1548	-10.1600	3.9800
473	1.0222	1.4488	0.1302	-0.9933	0.1154	18.7973	-9.6180	3.8296
474	1.0132	1.4484	0.1260	-1.0352	0.1124	19.1561	-7.7270	3.2562
475	0.9992	1.4494	0.1218	-1.0975	0.1151	19.2136	-7.1710	3.5818
476	0.9862	1.4509	0.1195	-1.1561	0.1202	19.4107	-5.9140	2.9468
477	0.9722	1.4491	0.1224	-1.2190	0.1116	19.2664	-5.2840	3.1680
478	0.9588	1.4475	0.1207	-1.2799	0.1038	19.6869	-3.4070	2.5954
479	0.9440	1.4479	0.1201	-1.3467	0.1043	19.5544	-4.0900	2.9152
480	0.9326	1.4474	0.1266	-1.4003	0.1007	19.0984	-2.8020	2.4384
481	1.0258	1.5154	0.1207	-1.0331	0.3730	19.6520	-2.4230	2.3658
482	1.0209	1.5109	0.1284	-1.0582	0.3556	18.6360	-2.3680	2.6504
483	1.0171	1.5093	0.1248	-1.0795	0.3492	19.5735	-3.8610	2.7722
484	1.0177	1.5066	0.1230	-1.0827	0.3388	19.6995	-2.9790	2.5958
485	1.0186	1.5030	0.1213	-1.0849	0.3242	19.5314	-3.8020	2.6804
486	1.0217	1.4995	0.1230	-1.0783	0.3104	19.5860	-2.8480	2.7328
487	1.0246	1.4979	0.1213	-1.0724	0.3037	18.9610	-3.4250	2.6850
488	1.0281	1.4948	0.1254	-1.0641	0.2914	19.4826	-1.8960	2.3956
489	1.0290	1.4940	0.1260	-1.0659	0.2880	19.5012	-2.6350	2.5546
490	1.0305	1.4932	0.1302	-1.0652	0.2846	19.5052	-1.6080	2.3216
491	1.0810	1.4842	0.1272	-0.8676	0.2483	19.8873	-2.3570	2.3826
492	1.0842	1.4862	0.1302	-0.8589	0.2559	19.4932	-1.1620	2.1508
493	1.0852	1.4873	0.1272	-0.8590	0.2599	19.6471	-1.7060	2.4540
494	1.0872	1.4916	0.1345	-0.8551	0.2771	19.4035	-0.6780	1.9780
495	1.0918	1.4947	0.1302	-0.8406	0.2894	19.5242	0.5480	1.7840
496	1.0918	1.4977	0.1339	-0.8446	0.3011	19.5375	0.1400	1.9687
497	1.0872	1.5000	0.1327	-0.8671	0.3103	19.9005	-0.8260	2.2524
498	1.0852	1.5034	0.1358	-0.8792	0.3241	19.3108	-2.5770	2.7206
499	1.0874	1.5052	0.1327	-0.8745	0.3313	19.7735	-1.7700	2.2424
500	1.0910	1.5039	0.1339	-0.8640	0.3264	19.7163	-0.6830	2.1098
501	1.0902	1.4210	0.1296	-0.8712	-0.0073	19.8832	-1.7360	2.5316
502	1.0918	1.4198	0.1302	-0.8688	-0.0141	19.7793	-0.2240	1.8988
503	1.0932	1.4175	0.1296	-0.8671	-0.0253	19.2261	-0.3610	1.9254
504	1.0968	1.4142	0.1302	-0.8565	-0.0405	20.3286	0.7820	1.9233
505	1.1014	1.4120	0.1345	-0.8418	-0.0517	20.0896	2.1520	1.4558
506	1.1047	1.4081	0.1352	-0.8324	-0.0695	20.4199	2.1170	1.4287
507	1.1067	1.4041	0.1421	-0.8278	-0.0881	19.8690	3.3760	1.3109
508	1.1078	1.4022	0.1327	-0.8271	-0.0981	20.8366	2.9380	1.3100
509	1.1114	1.3989	0.1339	-0.8160	-0.1137	19.3582	3.0410	1.6477
510	1.1161	1.3978	0.1315	-0.8007	-0.1205	19.6238	3.2660	1.1276
511	1.1418	1.3672	0.1266	-0.7005	-0.2464	20.4054	3.1980	1.3357
512	1.1398	1.3668	0.1248	-0.7113	-0.2514	19.7051	1.4510	1.6545
513	1.1416	1.3618	0.1218	-0.7068	-0.2748	20.5025	2.2770	1.1835
514	1.1408	1.3558	0.1254	-0.7127	-0.3024	20.3446	0.6920	1.9316
515	1.1438	1.3516	0.1260	-0.7034	-0.3229	20.3643	0.4880	1.5565
516	1.1518	1.3446	0.1402	-0.6738	-0.3547	19.9156	0.0820	1.8488
517	1.1647	1.3364	0.1479	-0.6244	-0.3918	19.4564	-1.1980	2.0809
518	1.1798	1.3259	0.1764	-0.5659	-0.4379	18.4834	-3.1070	2.4861
519	1.1934	1.3161	0.1939	-0.5126	-0.4819	18.9234	-1.8320	1.9911
520	1.2105	1.3050	0.2135	-0.4454	-0.5310	19.2032	-2.4370	2.2612
521	1.1500	1.4030	0.2497	-0.6898	-0.1415	16.8215	-0.6330	1.5491
522	1.1540	1.4014	0.2478	-0.6762	-0.1504	17.9958	-1.0220	2.0988
523	1.1626	1.4026	0.2356	-0.6440	-0.1480	18.2472	-1.5080	2.2297
524	1.1741	1.4041	0.2003	-0.5997	-0.1443	19.3787	-0.0790	1.8236
525	1.1906	1.4008	0.1713	-0.5355	-0.1601	20.4551	-0.8180	2.1004
526	1.2104	1.3973	0.1553	-0.4571	-0.1768	21.0973	-1.2600	2.1908
527	1.2290	1.3974	0.1466	-0.3832	-0.1788	19.7370	-1.7320	2.1909
528	1.2488	1.3985	0.1352	-0.3041	-0.1769	20.6973	0.2580	1.7162
529	1.2648	1.4007	0.1315	-0.2397	-0.1708	20.3679	-0.6070	2.2191
530	1.2814	1.4043	0.1333	-0.1725	-0.1587	20.4821	0.2230	1.7305
531	1.0788	1.4534	0.1321	-0.9873	0.0366	20.5245	1.0040	1.6028
532	1.0749	1.4570	0.1383	-1.0072	0.0499	20.2387	0.5980	1.8020
533	1.0754	1.4640	0.1553	-1.0096	0.0770	19.5751	-0.2430	1.9588
534	1.0757	1.4739	0.1663	-1.0127	0.1158	20.9115	-1.4310	2.2552
535	1.0738	1.4831	0.2135	-1.0247	0.1523	17.4831	-1.3970	2.1963
536	1.0709	1.4901	0.2449	-1.0407	0.1803	18.3275	-3.2380	2.8786
537	1.0670	1.4966	0.2709	-1.0609	0.2059	17.1800	-4.9170	2.9496
538	1.0641	1.5028	0.2848	-1.0771	0.2307	16.0185	-6.5240	3.3216
539	1.0590	1.5063	0.2761	-1.1023	0.2451	17.8895	-8.0820	3.8668
540	1.0536	1.5097	0.2677	-1.1289	0.2587	18.0478	-8.4520	3.7024
541	1.1718	1.4197	0.2365	-0.6581	-0.1034	22.0036	-8.4700	3.7512
542	1.1686	1.4218	0.2161	-0.6729	-0.0967	18.8134	-6.6190	2.9894
543	1.1656	1.4262	0.1877	-0.6870	-0.0811	19.7969	-5.1580	2.7228
544	1.1632	1.4308	0.1854	-0.6988	-0.0642	19.6277	-1.2110	1.9866
545	1.1622	1.4358	0.2003	-0.7050	-0.0458	18.3174	1.5410	1.3572
546	1.1607	1.4382	0.2144	-0.7132	-0.0378	19.1594	1.0700	2.0279
547	1.1584	1.4377	0.2430	-0.7248	-0.0412	17.5756	0.4690	1.8589
548	1.1561	1.4349	0.2527	-0.7362	-0.0544	19.4097	-0.7530	2.3720
549	1.1531	1.4310	0.2751	-0.7509	-0.0716	18.0709	-1.2860	2.3208
550	1.1506	1.4261	0.2815	-0.7631	-0.0929	17.1856	-1.0180	2.2895
551	1.1744	1.7630	0.2719	-0.6699	1.2612	18.4399	-1.2300	2.4508
552	1.1744	1.7642	0.2384	-0.6718	1.2726	18.4886	-0.4530	1.8146
553	1.1730	1.7655	0.2085	-0.6793	1.2843	19.4390	1.4890	1.5338
554	1.1738	1.7672	0.1995	-0.6780	1.2978	19.1398	1.9060	1.5872
555	1.1728	1.7715	0.1892	-0.6839	1.3218	19.6774	3.4740	1.3427
556	1.1668	1.7800	0.1900	-0.7100	1.3627	19.5995	4.5420	0.8059
557	1.1606	1.7898	0.1877	-0.7370	1.4095	19.7382	4.7540	0.9834
558	1.1526	1.8043	0.1854	-0.7717	1.4751	20.2613	5.1800	0.6117
559	1.1445	1.8218	0.1816	-0.8065	1.5531	19.8906	5.9180	0.6966
560	1.1402	1.8412	0.1749	-0.8263	1.6391	20.4830	6.2850	0.4290
561	1.2480	1.3172	0.1642	-0.3953	-0.4613	20.1279	6.0800	0.2742
562	1.2434	1.3126	0.1486	-0.4139	-0.4846	21.6087	6.7110	0.2575
563	1.2414	1.3086	0.1473	-0.4221	-0.5055	20.7813	6.0750	0.4320
564	1.2380	1.3089	0.1512	-0.4360	-0.5089	20.3318	5.9430	0.2924
565	1.2320	1.3121	0.1512	-0.4604	-0.5007	20.6220	5.9850	0.3712
566	1.2278	1.3143	0.1720	-0.4778	-0.4966	19.3091	6.0180	0.1224
567	1.2242	1.3155	0.1892	-0.4928	-0.4965	20.0678	5.3670	0.3549
568	1.2210	1.3156	0.2152	-0.5065	-0.5005	19.0692	4.3950	0.5148
569	1.2129	1.3174	0.2517	-0.5396	-0.4979	18.5962	6.6320	-0.5776
570	1.2041	1.3188	0.2667	-0.5761	-0.4970	18.2927	10.3980	-1.2654
571	1.2516	1.3200	0.2667	-0.3860	-0.4967	18.5994	10.1680	-0.9224
572	1.2518	1.3210	0.2347	-0.3852	-0.4971	20.4374	9.7840	-1.0318
573	1.2528	1.3214	0.1971	-0.3810	-0.5000	19.7709	9.1420	-1.0214
574	1.2560	1.3184	0.1656	-0.3680	-0.5165	21.7132	9.5980	-1.2104
575	1.2603	1.3112	0.1628	-0.3508	-0.5501	19.3927	10.5520	-1.5105
576	1.2595	1.3046	0.1573	-0.3537	-0.5813	20.4138	11.0390	-1.6269
577	1.2565	1.3006	0.1628	-0.3653	-0.6024	20.6714	10.7530	-1.8062
578	1.2582	1.2950	0.1801	-0.3585	-0.6299	19.8384	12.7150	-2.3906
579	1.2588	1.2874	0.1947	-0.3557	-0.6654	19.7017	12.4630	-2.3218
580	1.2568	1.2840	0.2019	-0.3635	-0.6845	19.6416	11.4920	-2.0848
1	1.3049	1.5131	0.1272	0.2211	0.0526	3.9213	1.3570	-0.3036
2	1.3046	1.5133	0.1183	0.2211	0.0537	5.8972	1.0080	-0.1953
3	1.3038	1.5133	0.1254	0.2192	0.0543	5.0805	0.7820	-0.1515
4	1.3023	1.5139	0.1278	0.2147	0.0568	4.8825	0.5643	-0.1184
5	1.3006	1.5145	0.1266	0.2089	0.0596	5.1781	0.3125	-0.0804
6	1.2990	1.5148	0.1278	0.2038	0.0614	5.1848	0.2340	-0.0900
7	1.2975	1.5153	0.1260	0.1992	0.0637	5.3117	0.3060	-0.1130
8	1.2962	1.5158	0.1272	0.1950	0.0662	5.1979	0.2000	-0.0923
9	1.2953	1.5160	0.1248	0.1927	0.0674	5.4566	0.1100	-0.0696
10	1.2951	1.5144	0.1278	0.1930	0.0611	5.1812	0.0910	-0.0648
11	1.3123	1.5099	0.1248	0.2634	0.0436	5.6263	0.1470	-0.0900
12	1.3131	1.5109	0.1278	0.2678	0.0477	5.1769	0.1030	-0.1053
13	1.3140	1.5115	0.1248	0.2732	0.0502	5.3886	0.1560	-0.0962
14	1.3143	1.5119	0.1284	0.2761	0.0524	5.2865	0.1870	-0.1016
15	1.3139	1.5140	0.1248	0.2760	0.0611	4.6875	0.1290	-0.0883
16	1.3133	1.5172	0.1284	0.2754	0.0744	5.3483	0.1720	-0.1004
17	1.3125	1.5215	0.1254	0.2735	0.0920	5.6799	0.0920	-0.0905
18	1.3114	1.5262	0.1207	0.2707	0.1113	6.3999	0.2500	-0.1245
19	1.3101	1.5307	0.1278	0.2671	0.1301	5.2736	0.2380	-0.1228
20	1.3090	1.5342	0.1284	0.2640	0.1453	5.3455	0.3830	-0.1491
21	1.2606	1.5324	0.1248	0.0707	0.1387	5.5645	0.0810	-0.0241
22	1.2597	1.5331	0.1272	0.0673	0.1423	4.6047	0.0500	-0.0838
23	1.2583	1.5339	0.1266	0.0621	0.1464	5.7708	0.0360	-0.0688
24	1.2565	1.5348	0.1266	0.0548	0.1507	5.7412	0.1100	-0.0996
25	1.2539	1.5363	0.1189	0.0448	0.1578	6.5747	-0.0340	-0.0642
26	1.2512	1.5380	0.1260	0.0338	0.1655	5.8156	-0.0960	-0.0510
27	1.2487	1.5388	0.1266	0.0241	0.1698	5.7144	-0.1590	-0.0451
28	1.2456	1.5408	0.1254	0.0112	0.1789	6.1299	-0.0320	-0.0730
29	1.2423	1.5429	0.1260	-0.0019	0.1882	4.9089	0.2010	-0.1339
30	1.2394	1.5437	0.1272	-0.0138	0.1925	5.7897	0.2590	-0.1327
31	1.2042	1.4129	0.1260	-0.1559	-0.3329	5.8987	0.3630	-0.1642
32	1.2049	1.4145	0.1195	-0.1542	-0.3288	6.6508	0.7302	-0.2587
33	1.2054	1.4153	0.1260	-0.1532	-0.3277	5.9613	0.8560	-0.2642
34	1.2051	1.4158	0.1172	-0.1557	-0.3275	7.2924	0.7760	-0.2590
35	1.2053	1.4171	0.1260	-0.1558	-0.3247	5.8445	0.7570	-0.2450
36	1.2056	1.4176	0.1278	-0.1558	-0.3245	5.1878	0.7850	-0.2758
37	1.2058	1.4171	0.1248	-0.1562	-0.3285	6.0503	0.7920	-0.2852
38	1.2061	1.4164	0.1272	-0.1559	-0.3336	6.2133	0.6320	-0.2343
39	1.2069	1.4159	0.1160	-0.1541	-0.3378	7.1662	0.6710	-0.2849
40	1.2076	1.4156	0.1272	-0.1522	-0.3410	6.2028	0.6110	-0.2618
41	1.2894	1.5376	0.1178	0.1758	0.1479	7.3015	0.4380	-0.2383
42	1.2891	1.5396	0.1266	0.1759	0.1568	6.3310	0.2750	-0.1691
43	1.2887	1.5419	0.1260	0.1751	0.1672	6.0749	0.2210	-0.1873
44	1.2894	1.5438	0.1272	0.1791	0.1758	6.3211	0.3270	-0.2437
45	1.2897	1.5453	0.1260	0.1813	0.1831	6.1962	0.3880	-0.2591
46	1.2902	1.5462	0.1195	0.1840	0.1876	7.3686	0.4050	-0.2223
47	1.2906	1.5470	0.1254	0.1866	0.1920	6.6909	0.3750	-0.2567
48	1.2899	1.5481	0.1284	0.1849	0.1977	6.1196	0.1650	-0.1658
49	1.2885	1.5496	0.1272	0.1805	0.2052	6.4763	0.1900	-0.2149
50	1.2866	1.5518	0.1260	0.1736	0.2150	6.4650	-0.0020	-0.1292
51	1.1980	1.3858	0.1272	-0.1821	-0.4518	6.2865	-0.0370	-0.1504
52	1.1997	1.3843	0.1260	-0.1767	-0.4606	6.6415	0.0260	-0.2039
53	1.2013	1.3828	0.1189	-0.1714	-0.4698	7.4030	0.0050	-0.1890
54	1.2036	1.3826	0.1278	-0.1635	-0.4731	6.7293	0.1030	-0.1933
55	1.2051	1.3841	0.1278	-0.1582	-0.4704	6.3380	0.0670	-0.2168
56	1.2060	1.3850	0.1290	-0.1558	-0.4694	6.4635	0.0470	-0.1759
57	1.2071	1.3859	0.1254	-0.1526	-0.4688	5.9235	-0.0470	-0.1629
58	1.2079	1.3876	0.1195	-0.1505	-0.4648	7.6687	-0.0840	-0.1664
59	1.2087	1.3877	0.1254	-0.1483	-0.4672	7.0514	-0.1730	-0.1404
60	1.2087	1.3889	0.1272	-0.1491	-0.4652	6.7993	-0.1680	-0.1427
61	1.2731	1.5174	0.1254	0.1086	0.0494	6.8600	-0.1170	-0.1637
62	1.2738	1.5167	0.1284	0.1123	0.0469	6.7100	-0.3160	-0.0955
63	1.2726	1.5164	0.1266	0.1081	0.0462	6.9578	-0.0330	-0.1698
64	1.2702	1.5162	0.1278	0.0990	0.0456	6.0138	0.0290	-0.1591
65	1.2668	1.5175	0.1254	0.0858	0.0513	6.8643	0.0100	-0.1640
66	1.2630	1.5185	0.1272	0.0707	0.0557	6.9188	-0.0450	-0.1554
67	1.2594	1.5192	0.1284	0.0567	0.0593	6.6783	-0.0100	-0.2035
68	1.2549	1.5213	0.1260	0.0390	0.0681	7.2394	0.0260	-0.2171
69	1.2505	1.5228	0.1266	0.0214	0.0748	6.1910	0.0350	-0.1888
70	1.2474	1.5248	0.1296	0.0090	0.0832	6.9213	0.0980	-0.2172
71	1.2751	1.5668	0.1254	0.1202	0.2527	7.2050	0.2300	-0.2448
72	1.2749	1.5660	0.1266	0.1202	0.2513	7.0320	0.4990	-0.3562
73	1.2748	1.5661	0.1266	0.1202	0.2535	7.0031	0.5890	-0.3243
74	1.2741	1.5645	0.1254	0.1182	0.2485	7.3578	0.7950	-0.3954
75	1.2734	1.5629	0.1172	0.1156	0.2437	8.1369	0.6220	-0.3190
76	1.2726	1.5611	0.1248	0.1131	0.2380	7.5524	0.7520	-0.4209
77	1.2723	1.5582	0.1272	0.1125	0.2281	6.9959	0.7800	-0.4126
78	1.2726	1.5566	0.1278	0.1145	0.2229	7.0141	0.7360	-0.4039
79	1.2723	1.5549	0.1242	0.1138	0.2177	7.4109	0.7560	-0.3814
80	1.2717	1.5541	0.1284	0.1120	0.2157	7.2313	0.4720	-0.3343
81	1.2758	1.5687	0.1260	0.1289	0.2758	7.3048	0.3390	-0.3027
82	1.2750	1.5680	0.1178	0.1264	0.2747	8.3858	0.2170	-0.3008
83	1.2747	1.5680	0.1260	0.1258	0.2764	7.4873	0.2840	-0.3549
84	1.2748	1.5670	0.1254	0.1266	0.2739	7.7103	0.2320	-0.3157
85	1.2762	1.5646	0.1254	0.1331	0.2660	7.4415	0.1880	-0.3335
86	1.2771	1.5623	0.1284	0.1371	0.2585	7.2912	0.1260	-0.2783
87	1.2772	1.5583	0.1260	0.1385	0.2440	7.4917	0.0600	-0.2851
88	1.2772	1.5549	0.1296	0.1389	0.2317	7.3880	0.2320	-0.3213
89	1.2772	1.5506	0.1172	0.1397	0.2157	8.6722	0.2640	-0.3088
90	1.2771	1.5475	0.1284	0.1399	0.2046	7.5289	0.2620	-0.3381
91	1.2373	1.5564	0.1183	-0.0196	0.2417	8.7028	0.0270	-0.2518
92	1.2367	1.5564	0.1272	-0.0222	0.2429	7.6693	0.0230	-0.2937
93	1.2355	1.5569	0.1178	-0.0273	0.2465	7.8322	-0.0460	-0.2719
94	1.2339	1.5571	0.1266	-0.0344	0.2487	7.6845	0.0590	-0.2749
95	1.2325	1.5576	0.1236	-0.0404	0.2521	8.2544	0.1580	-0.3314
96	1.2317	1.5574	0.1290	-0.0441	0.2528	7.3965	0.1110	-0.2925
97	1.2314	1.5574	0.1266	-0.0455	0.2542	7.8372	0.2070	-0.3737
98	1.2308	1.5572	0.1278	-0.0487	0.2549	7.6640	0.2870	-0.3542
99	1.2297	1.5577	0.1260	-0.0534	0.2583	7.9716	0.3160	-0.3901
100	1.2285	1.5577	0.1266	-0.0588	0.2598	7.9240	0.2250	-0.3203
101	1.2990	1.5279	0.1254	0.2245	0.1410	8.0326	0.1440	-0.2912
102	1.2988	1.5277	0.1266	0.2251	0.1412	7.8597	0.0420	-0.3101
103	1.2982	1.5284	0.1254	0.2236	0.1447	8.0347	0.0250	-0.3059
104	1.2969	1.5292	0.1260	0.2195	0.1487	8.2947	0.0590	-0.3161
105	1.2950	1.5300	0.1272	0.2131	0.1523	7.0589	0.0900	-0.3346
106	1.2923	1.5304	0.1260	0.2035	0.1549	8.1162	0.1270	-0.3345
107	1.2893	1.5308	0.1266	0.1926	0.1571	8.1954	0.0490	-0.3036
108	1.2860	1.5315	0.1195	0.1802	0.1608	9.2604	0.1270	-0.3441
109	1.2814	1.5327	0.1272	0.1624	0.1664	8.0655	0.1800	-0.3597
110	1.2774	1.5340	0.1302	0.1471	0.1725	7.1344	0.1680	-0.3264
111	1.2764	1.5029	0.1254	0.1440	0.0482	8.5114	0.1730	-0.3252
112	1.2749	1.5035	0.1278	0.1383	0.0507	8.3140	0.1260	-0.3449
113	1.2733	1.5037	0.1178	0.1327	0.0513	9.1915	-0.0710	-0.3036
114	1.2713	1.5039	0.1278	0.1253	0.0524	8.3161	-0.1060	-0.2789
115	1.2687	1.5036	0.1260	0.1153	0.0513	8.5032	-0.1790	-0.2490
116	1.2653	1.5030	0.1278	0.1019	0.0491	8.2571	-0.2050	-0.2590
117	1.2613	1.5023	0.1284	0.0862	0.0462	7.3889	-0.1540	-0.2583
118	1.2559	1.5012	0.1266	0.0650	0.0420	8.4640	-0.1190	-0.2791
119	1.2479	1.5028	0.1266	0.0330	0.0485	8.6151	-0.0220	-0.2995
120	1.2422	1.5052	0.1195	0.0100	0.0579	8.6619	-0.1310	-0.2841
121	1.2607	1.5313	0.1278	0.0841	0.1633	7.6318	0.0320	-0.3563
122	1.2600	1.5305	0.1260	0.0814	0.1607	8.5281	0.0630	-0.3411
123	1.2575	1.5305	0.1272	0.0717	0.1617	8.4747	0.1350	-0.3408
124	1.2546	1.5313	0.1248	0.0602	0.1653	7.9114	0.3710	-0.4144
125	1.2515	1.5337	0.1266	0.0479	0.1760	8.4899	0.6220	-0.4411
126	1.2500	1.5370	0.1254	0.0421	0.1902	8.8443	0.6800	-0.4567
127	1.2497	1.5406	0.1183	0.0406	0.2055	9.6040	0.6410	-0.4462
128	1.2517	1.5450	0.1254	0.0486	0.2242	8.9666	0.7000	-0.5068
129	1.2535	1.5504	0.1278	0.0559	0.2471	8.6495	0.8480	-0.4940
130	1.2546	1.5538	0.1260	0.0604	0.2620	9.0654	0.7450	-0.4483
131	1.2557	1.5615	0.1248	0.0650	0.2942	8.8733	0.7660	-0.4982
132	1.2546	1.5630	0.1254	0.0606	0.3021	8.8922	0.7730	-0.4732
133	1.2528	1.5664	0.1260	0.0536	0.3172	8.9115	1.2070	-0.6231
134	1.2497	1.5710	0.1266	0.0413	0.3372	9.0506	1.3160	-0.6522
135	1.2450	1.5761	0.1254	0.0225	0.3597	8.9262	1.1740	-0.6400
136	1.2414	1.5806	0.1290	0.0076	0.3799	7.4172	1.0560	-0.6207
137	1.2381	1.5854	0.1254	-0.0058	0.4012	9.0486	1.1210	-0.6349
138	1.2354	1.5880	0.1284	-0.0167	0.4136	8.8380	1.1370	-0.6469
139	1.2364	1.5877	0.1172	-0.0131	0.4144	10.3986	0.8350	-0.5203
140	1.2361	1.5867	0.1284	-0.0149	0.4126	9.0083	0.8730	-0.5830
141	1.2693	1.5172	0.1260	0.1185	0.1354	9.1417	0.9610	-0.6617
142	1.2730	1.5170	0.1272	0.1337	0.1350	9.0885	1.0920	-0.6793
143	1.2767	1.5143	0.1272	0.1492	0.1245	8.0621	1.1850	-0.7423
144	1.2823	1.5141	0.1272	0.1724	0.1241	9.2113	1.3660	-0.7972
145	1.2861	1.5181	0.1254	0.1886	0.1405	9.6396	1.4350	-0.7555
146	1.2884	1.5239	0.1166	0.1989	0.1640	10.4857	1.5200	-0.8207
147	1.2937	1.5339	0.1278	0.2211	0.2049	9.2322	1.4300	-0.8175
148	1.3001	1.5470	0.1290	0.2481	0.2584	8.9977	1.2850	-0.7714
149	1.3047	1.5557	0.1272	0.2675	0.2950	9.3062	1.4510	-0.8537
150	1.3080	1.5628	0.1290	0.2821	0.3247	9.1130	1.1910	-0.7927
151	1.2978	1.4872	0.1260	0.2427	0.0222	9.4397	1.2320	-0.8530
152	1.2996	1.4834	0.1254	0.2512	0.0064	9.4827	1.2830	-0.8602
153	1.3016	1.4772	0.1254	0.2605	-0.0188	9.5736	1.4240	-0.9151
154	1.3025	1.4716	0.1266	0.2653	-0.0420	9.5810	1.4250	-0.8952
155	1.3032	1.4646	0.1266	0.2696	-0.0710	9.4918	1.6340	-0.9727
156	1.3039	1.4603	0.1296	0.2737	-0.0892	9.1594	2.0480	-1.0578
157	1.3061	1.4591	0.1272	0.2839	-0.0947	9.7219	2.1630	-1.1311
158	1.3086	1.4593	0.1183	0.2952	-0.0952	10.8777	2.3010	-1.1814
159	1.3114	1.4597	0.1272	0.3079	-0.0947	9.4829	2.5860	-1.2712
160	1.3145	1.4600	0.1260	0.3220	-0.0944	9.8318	2.8250	-1.3334
161	1.2762	1.5380	0.1260	0.1694	0.2186	9.7968	2.9040	-1.3608
162	1.2766	1.5362	0.1195	0.1719	0.2122	9.8401	2.8470	-1.3674
163	1.2743	1.5361	0.1242	0.1631	0.2127	9.7759	2.8100	-1.4210
164	1.2706	1.5381	0.1272	0.1488	0.2217	9.9271	2.8880	-1.4516
165	1.2671	1.5400	0.1160	0.1355	0.2303	10.9992	3.5700	-1.6004
166	1.2639	1.5409	0.1272	0.1229	0.2350	9.8688	3.2260	-1.5634
167	1.2591	1.5412	0.1254	0.1038	0.2374	9.0563	3.1060	-0.9996
168	1.2528	1.5419	0.1272	0.0786	0.2409	9.9314	3.1550	-1.6148
169	1.2468	1.5441	0.1254	0.0545	0.2511	10.0583	3.3620	-1.7081
170	1.2448	1.5448	0.1260	0.0467	0.2547	10.0712	3.3150	-1.6513
171	1.2938	1.5296	0.1266	0.2437	0.1948	10.1445	3.1330	-1.6812
172	1.2894	1.5306	0.1278	0.2271	0.1997	9.9703	3.3170	-1.7774
173	1.2860	1.5311	0.1248	0.2143	0.2023	10.2414	3.5310	-1.8427
174	1.2843	1.5285	0.1266	0.2086	0.1927	9.2329	3.3870	-1.8369
175	1.2823	1.5277	0.1236	0.2012	0.1903	10.3871	3.2300	-1.8391
176	1.2808	1.5279	0.1254	0.1959	0.1918	10.3235	3.1810	-1.8666
177	1.2834	1.5276	0.1183	0.2072	0.1910	11.0833	3.5970	-2.0407
178	1.2850	1.5269	0.1254	0.2146	0.1890	10.3858	3.5010	-1.9550
179	1.2851	1.5290	0.1272	0.2159	0.1981	10.0813	3.5710	-2.0840
180	1.2848	1.5312	0.1266	0.2155	0.2076	10.1781	3.6100	-2.0830
181	1.2746	1.5283	0.1272	0.1753	0.1967	10.2505	3.6600	-2.0876
182	1.2772	1.5259	0.1278	0.1862	0.1880	10.2087	3.6030	-2.1444
183	1.2799	1.5257	0.1248	0.1980	0.1876	10.6604	3.7020	-2.2111
184	1.2833	1.5263	0.1284	0.2123	0.1907	9.4305	3.4840	-2.1919
185	1.2882	1.5254	0.1272	0.2327	0.1880	10.1954	3.5110	-2.2250
186	1.2924	1.5223	0.1278	0.2507	0.1761	10.6355	3.2390	-2.1862
187	1.2926	1.5219	0.1166	0.2525	0.1749	11.6493	3.0700	-2.2192
188	1.2922	1.5239	0.1266	0.2519	0.1837	10.7209	3.2730	-2.3322
189	1.2923	1.5242	0.1266	0.2537	0.1854	10.6311	3.0270	-2.2621
190	1.2907	1.5236	0.1266	0.2483	0.1834	10.4759	2.7520	-2.2102
191	1.2788	1.5510	0.1272	0.2012	0.2944	10.3689	2.7580	-2.3008
192	1.2826	1.5524	0.1272	0.2173	0.3013	10.5794	2.5570	-2.2229
193	1.2859	1.5530	0.1278	0.2312	0.3052	10.4779	2.3440	-2.2410
194	1.2883	1.5548	0.1272	0.2421	0.3138	10.7011	2.2210	-2.2736
195	1.2925	1.5536	0.1272	0.2600	0.3102	10.6722	2.1810	-2.2412
196	1.2963	1.5514	0.1260	0.2760	0.3027	11.0284	1.9810	-2.2539
197	1.2994	1.5498	0.1266	0.2898	0.2974	10.8665	2.0530	-2.2621
198	1.3044	1.5476	0.1284	0.3112	0.2898	10.6798	2.1500	-2.3020
199	1.3085	1.5455	0.1178	0.3288	0.2826	11.9302	2.3970	-2.4533
200	1.3122	1.5443	0.1260	0.3454	0.2789	11.3893	2.8220	-2.5548
201	1.2044	1.6641	0.1266	-0.0870	0.7624	10.7978	2.9150	-2.5170
202	1.2024	1.6659	0.1272	-0.0962	0.7737	10.8699	2.8890	-2.5226
203	1.1990	1.6677	0.1272	-0.1111	0.7849	10.0750	2.7820	-2.5431
204	1.1946	1.6690	0.1260	-0.1302	0.7945	11.3788	3.0080	-2.6252
205	1.1912	1.6710	0.1272	-0.1452	0.8068	11.0232	3.0240	-2.6116
206	1.1858	1.6721	0.1213	-0.1682	0.8153	11.7679	2.7870	-2.5442
207	1.1781	1.6743	0.1242	-0.2010	0.8287	11.2646	3.2170	-2.6750
208	1.1682	1.6776	0.1284	-0.2428	0.8463	10.9715	3.0690	-2.5966
209	1.1584	1.6828	0.1236	-0.2841	0.8714	11.5779	3.0450	-2.5790
210	1.1499	1.6886	0.1278	-0.3206	0.8993	10.9795	3.0160	-2.6280
211	1.2869	1.5239	0.1266	0.2285	0.2412	11.1488	2.9500	-2.5468
212	1.2877	1.5261	0.1272	0.2326	0.2506	11.1675	3.1000	-2.6272
213	1.2875	1.5281	0.1254	0.2327	0.2594	11.2350	3.1130	-2.6162
214	1.2883	1.5329	0.1272	0.2369	0.2795	11.2294	3.1200	-2.5528
215	1.2877	1.5380	0.1242	0.2355	0.3006	10.7933	3.3610	-2.7114
216	1.2901	1.5410	0.1260	0.2460	0.3138	11.1971	3.5720	-2.7936
217	1.2914	1.5461	0.1266	0.2521	0.3354	11.3953	3.3260	-2.6096
218	1.2924	1.5475	0.1189	0.2572	0.3423	12.2290	3.2450	-2.6482
219	1.2917	1.5459	0.1254	0.2554	0.3367	11.6015	3.3600	-2.6800
220	1.2924	1.5428	0.1296	0.2595	0.3254	11.0535	3.3860	-2.6772
221	1.2018	1.4180	0.1260	-0.1043	-0.1757	11.4537	3.6170	-2.6946
222	1.2006	1.4130	0.1178	-0.1101	-0.1979	12.5343	3.6260	-2.7252
223	1.1962	1.4082	0.1254	-0.1291	-0.2194	11.7077	3.0546	-2.5344
224	1.1916	1.4072	0.1272	-0.1490	-0.2257	11.5227	2.7780	-2.5320
225	1.1900	1.4111	0.1254	-0.1569	-0.2125	11.6501	2.9780	-2.5740
226	1.1932	1.4199	0.1260	-0.1456	-0.1791	11.8492	3.0030	-2.6006
227	1.1999	1.4333	0.1260	-0.1199	-0.1271	10.8178	2.9670	-4.8638
228	1.2067	1.4492	0.1207	-0.0939	-0.0649	12.5521	2.9690	-2.5938
229	1.2125	1.4616	0.1254	-0.0717	-0.0161	11.7749	2.6870	-2.5374
230	1.2155	1.4711	0.1290	-0.0604	0.0209	11.6059	2.2670	-2.4214
231	1.2904	1.5356	0.1272	0.2401	0.2800	11.6678	2.2920	-2.4348
232	1.2884	1.5346	0.1290	0.2329	0.2768	11.4808	1.9990	-2.3918
233	1.2849	1.5314	0.1242	0.2199	0.2648	11.9096	1.2760	-2.2612
234	1.2822	1.5284	0.1284	0.2097	0.2535	11.9773	1.3820	-2.2720
235	1.2790	1.5248	0.1154	0.1978	0.2397	13.3824	0.7930	-2.1550
236	1.2764	1.5222	0.1266	0.1880	0.2299	12.1960	0.7790	-2.1010
237	1.2706	1.5222	0.1284	0.1656	0.2304	11.7681	0.4920	-2.1236
238	1.2641	1.5216	0.1266	0.1399	0.2286	12.3791	0.3320	-1.9904
239	1.2538	1.5204	0.1284	0.0985	0.2243	11.8900	0.5140	-2.1620
240	1.2456	1.5192	0.1266	0.0659	0.2200	11.2392	0.3380	-2.0612
241	1.2938	1.5319	0.1272	0.2596	0.2715	11.1922	0.1670	-1.9470
242	1.2916	1.5302	0.1266	0.2519	0.2654	12.2422	-0.0530	-1.9840
243	1.2888	1.5279	0.1266	0.2417	0.2569	12.1526	-0.0460	-2.0967
244	1.2842	1.5271	0.1284	0.2241	0.2546	11.1396	-0.1900	-1.8458
245	1.2774	1.5257	0.1178	0.1976	0.2497	13.1573	-0.1180	-1.9654
246	1.2684	1.5214	0.1254	0.1620	0.2328	12.6924	-0.6960	-1.7652
247	1.2605	1.5144	0.1272	0.1307	0.2053	11.9067	-1.0340	-1.6775
248	1.2550	1.5081	0.1278	0.1087	0.1804	12.1575	-0.9710	-1.7402
249	1.2472	1.4999	0.1172	0.0775	0.1473	13.5847	-1.3840	-1.6132
250	1.2390	1.4920	0.1284	0.0443	0.1156	12.3213	-1.6110	-1.5553
251	1.2770	1.5410	0.1242	0.1972	0.3127	12.6694	-1.3970	-1.7102
252	1.2716	1.5436	0.1172	0.1761	0.3242	13.7270	-1.6060	-1.5650
253	1.2664	1.5482	0.1260	0.1557	0.3436	12.3985	-1.4220	-1.6675
254	1.2594	1.5532	0.1266	0.1280	0.3650	12.4174	-1.3890	-1.6553
255	1.2488	1.5578	0.1254	0.0854	0.3849	12.4733	-1.1920	-1.6332
256	1.2373	1.5614	0.1254	0.0394	0.4008	12.3857	-1.0220	-1.7635
257	1.2262	1.5632	0.1236	-0.0056	0.4096	12.6316	-1.1840	-1.6054
258	1.2135	1.5677	0.1278	-0.0575	0.4294	12.6994	-0.9940	-1.6505
259	1.1985	1.5723	0.1172	-0.1187	0.4494	13.7048	-0.9220	-1.6756
260	1.1890	1.5755	0.1278	-0.1582	0.4641	12.3282	-0.9240	-1.7075
261	1.1422	1.5590	0.1254	-0.3482	0.3997	12.5821	-1.1100	-1.5579
262	1.1398	1.5601	0.1296	-0.3605	0.4056	12.4053	-1.1520	-1.5793
263	1.1366	1.5613	0.1230	-0.3760	0.4119	11.9397	-1.2890	-1.5119
264	1.1316	1.5612	0.1183	-0.3993	0.4131	13.7039	-1.3070	-1.5123
265	1.1251	1.5592	0.1236	-0.4284	0.4067	13.2217	-1.4190	-1.4710
266	1.1163	1.5579	0.1278	-0.4666	0.4028	12.5699	-1.5600	-1.4033
267	1.1067	1.5552	0.1272	-0.5087	0.3933	12.7333	-1.7250	-1.3574
268	1.0961	1.5538	0.1260	-0.5551	0.3893	12.1426	-1.9370	-1.2957
269	1.0849	1.5536	0.1260	-0.6041	0.3895	13.0008	-1.9450	-1.3420
270	1.0768	1.5511	0.1236	-0.6406	0.3811	13.1920	-1.9430	-1.3542
271	1.2790	1.5336	0.1224	0.1688	0.3118	13.0620	-1.9230	-1.3872
272	1.2789	1.5350	0.1254	0.1691	0.3183	13.2139	-2.0490	-1.1920
273	1.2786	1.5342	0.1242	0.1686	0.3159	13.2083	-2.1150	-1.1969
274	1.2745	1.5301	0.1272	0.1529	0.3004	12.8798	-2.2620	-1.0940
275	1.2707	1.5244	0.1254	0.1381	0.2780	13.2470	2.1730	-3.7728
276	1.2663	1.5170	0.1149	0.1208	0.2490	14.3024	2.5400	-3.9899
277	1.2592	1.5080	0.1242	0.0926	0.2131	13.1547	-2.6460	-1.0774
278	1.2506	1.4972	0.1201	0.0586	0.1697	14.0397	-2.6750	-1.0155
279	1.2403	1.4860	0.1248	0.0171	0.1247	13.4440	-3.0280	-0.8019
280	1.2337	1.4797	0.1272	-0.0099	0.0990	13.5382	-2.9060	-0.9739
281	1.2805	1.5201	0.1254	0.1781	0.2610	13.5366	-3.2090	-0.7425
282	1.2793	1.5199	0.1248	0.1740	0.2609	13.5187	-2.8470	-0.9161
283	1.2765	1.5219	0.1272	0.1636	0.2691	13.0230	-3.0670	-0.8087
284	1.2737	1.5261	0.1272	0.1528	0.2867	13.3534	-3.1250	-0.7658
285	1.2686	1.5331	0.1248	0.1331	0.3154	13.5520	-3.3190	-0.6358
286	1.2614	1.5401	0.1272	0.1044	0.3445	13.2954	-3.0430	-0.7657
287	1.2561	1.5449	0.1272	0.0836	0.3648	13.3801	-2.7900	-0.7848
288	1.2489	1.5501	0.1254	0.0548	0.3869	13.9290	-2.8130	-0.7145
289	1.2399	1.5577	0.1266	0.0185	0.4188	13.2754	-2.7890	-0.6606
290	1.2304	1.5642	0.1266	-0.0201	0.4464	13.6596	-2.7000	-0.6613
291	1.2757	1.5320	0.1254	0.1617	0.3184	13.4695	-2.4120	-0.7463
292	1.2761	1.5333	0.1266	0.1641	0.3244	12.4814	-2.4570	-0.6804
293	1.2784	1.5310	0.1260	0.1737	0.3162	13.5201	-2.3270	-0.6890
294	1.2804	1.5278	0.1248	0.1825	0.3038	13.8741	-2.2900	-0.7271
295	1.2798	1.5231	0.1178	0.1810	0.2858	14.5722	-2.6220	-0.5979
296	1.2772	1.5184	0.1248	0.1714	0.2674	14.1183	-2.7520	-0.5330
297	1.2739	1.5152	0.1266	0.1586	0.2550	13.6331	-2.8780	-0.4089
298	1.2683	1.5107	0.1254	0.1366	0.2373	13.9277	-2.6680	-0.4945
299	1.2619	1.5047	0.1178	0.1114	0.2133	14.8769	-2.8100	-0.4374
300	1.2574	1.5026	0.1278	0.0936	0.2050	13.0374	-3.2450	-0.3173
301	1.2834	1.5399	0.1254	0.1986	0.3553	12.9455	-3.1880	-0.2967
302	1.2843	1.5394	0.1236	0.2030	0.3540	14.3092	-3.0670	-0.3698
303	1.2871	1.5410	0.1248	0.2151	0.3618	13.8391	-3.6040	-0.0723
304	1.2920	1.5421	0.1260	0.2358	0.3671	13.1409	-3.2280	-0.2111
305	1.2955	1.5438	0.1242	0.2510	0.3749	14.0922	-2.9410	-0.3312
306	1.3006	1.5469	0.1278	0.2723	0.3885	14.1122	-3.1840	-0.0769
307	1.3069	1.5492	0.1166	0.2990	0.3988	15.1270	-3.0330	-0.1428
308	1.3137	1.5509	0.1284	0.3277	0.4070	13.9810	-3.3760	-0.1174
309	1.3209	1.5533	0.1266	0.3586	0.4178	13.9291	-3.1750	-0.0103
310	1.3267	1.5523	0.1278	0.3835	0.4151	14.1091	-3.7860	0.0775
311	1.2894	1.5456	0.1248	0.2354	0.3896	14.1942	-3.3380	0.0466
312	1.2864	1.5476	0.1183	0.2243	0.3989	15.1829	-3.4430	0.0652
313	1.2828	1.5477	0.1260	0.2107	0.4004	14.3540	-4.3700	0.3611
314	1.2782	1.5498	0.1296	0.1930	0.4099	13.8298	-4.2230	0.3469
315	1.2710	1.5504	0.1278	0.1647	0.4136	14.2597	-4.6210	0.4284
316	1.2620	1.5508	0.1272	0.1290	0.4166	14.1829	-5.1990	0.6598
317	1.2514	1.5526	0.1260	0.0868	0.4251	14.4178	-4.7980	0.6299
318	1.2402	1.5530	0.1272	0.0416	0.4282	14.3644	-4.6810	0.5391
319	1.2272	1.5517	0.1183	-0.0111	0.4242	15.3403	-4.7270	0.6921
320	1.2160	1.5517	0.1278	-0.0565	0.4254	13.4618	-4.9150	0.7713
321	1.2775	1.5398	0.1242	0.1902	0.3788	14.4467	-5.4200	0.9014
322	1.2763	1.5364	0.1266	0.1857	0.3661	14.6699	-5.8140	1.0668
323	1.2734	1.5350	0.1266	0.1749	0.3612	13.5785	-5.6780	0.9810
324	1.2699	1.5333	0.1284	0.1615	0.3554	14.4554	-5.8900	1.0800
325	1.2666	1.5313	0.1242	0.1488	0.3480	14.8102	-6.4330	1.4293
326	1.2636	1.5306	0.1278	0.1371	0.3463	14.5835	-6.4670	1.3263
327	1.2610	1.5287	0.1266	0.1267	0.3393	14.7592	-6.7000	1.4808
328	1.2589	1.5275	0.1183	0.1186	0.3351	15.9033	-6.7040	1.6293
329	1.2558	1.5281	0.1254	0.1065	0.3383	14.8450	-6.6760	1.6702
330	1.2525	1.5287	0.1254	0.0931	0.3414	15.0445	-7.0500	1.7983
331	1.2628	1.5562	0.1224	0.1350	0.4528	14.9465	-7.3990	1.9102
332	1.2620	1.5571	0.1242	0.1320	0.4577	14.6466	-7.4360	1.9906
333	1.2598	1.5571	0.1236	0.1233	0.4592	14.8679	-7.2180	1.9262
334	1.2567	1.5549	0.1236	0.1111	0.4520	14.8400	-7.2670	1.9380
335	1.2538	1.5506	0.1236	0.0997	0.4358	14.1149	-7.4210	2.0957
336	1.2500	1.5492	0.1266	0.0842	0.4315	14.6645	-8.1280	2.3328
337	1.2443	1.5488	0.1248	0.0613	0.4313	14.9116	-8.2990	2.5569
338	1.2380	1.5487	0.1149	0.0359	0.4319	15.9574	-8.6310	2.6906
339	1.2323	1.5495	0.1236	0.0128	0.4365	15.0586	-8.6400	2.6675
340	1.2279	1.5486	0.1166	-0.0055	0.4339	16.1647	-8.9480	2.9707
341	1.2764	1.5386	0.1242	0.1892	0.3950	15.0383	-9.1110	2.9533
342	1.2754	1.5386	0.1266	0.1859	0.3958	14.1386	-9.3320	3.0979
343	1.2736	1.5368	0.1248	0.1792	0.3898	15.2080	-9.4920	3.3012
344	1.2709	1.5333	0.1260	0.1690	0.3765	15.4567	-9.3160	3.1933
345	1.2684	1.5284	0.1172	0.1596	0.3575	16.1262	-9.2360	3.2767
346	1.2653	1.5226	0.1272	0.1474	0.3348	14.9542	-8.9750	3.3188
347	1.2603	1.5183	0.1266	0.1278	0.3184	15.1171	-9.0310	3.3768
348	1.2544	1.5155	0.1254	0.1042	0.3073	15.4117	-9.0970	3.6135
349	1.2489	1.5135	0.1254	0.0822	0.2997	14.5008	-9.0170	3.6188
350	1.2434	1.5113	0.1248	0.0601	0.2910	15.6003	-9.0760	3.6716
351	1.2920	1.5361	0.1248	0.2554	0.3911	14.7387	-9.2590	3.8474
352	1.2906	1.5386	0.1278	0.2509	0.4022	15.2361	-9.2530	3.8506
353	1.2858	1.5445	0.1242	0.2325	0.4270	15.5198	-9.3290	3.9526
354	1.2812	1.5518	0.1278	0.2149	0.4576	15.2391	-9.5260	3.9532
355	1.2752	1.5591	0.1248	0.1916	0.4881	15.4511	1.0000	-2.3604
356	1.2674	1.5683	0.1272	0.1608	0.5265	15.6141	-8.0580	3.0208
357	1.2582	1.5772	0.1149	0.1242	0.5643	16.5863	-9.7300	3.9584
358	1.2472	1.5840	0.1260	0.0801	0.5935	15.5805	-9.9520	4.1704
359	1.2356	1.5863	0.1230	0.0334	0.6048	15.4361	-9.6450	3.8058
360	1.2268	1.5878	0.1284	-0.0024	0.6132	15.2878	-9.5650	3.9310
361	1.2792	1.5695	0.1242	0.2080	0.5417	15.4614	-9.4890	3.9406
362	1.2787	1.5688	0.1224	0.2067	0.5403	15.8250	-8.7870	3.5938
363	1.2795	1.5684	0.1236	0.2107	0.5405	15.8332	-8.7710	3.7534
364	1.2793	1.5679	0.1236	0.2107	0.5402	15.8057	-8.7650	3.8034
365	1.2789	1.5680	0.1230	0.2098	0.5425	15.6140	-8.4080	3.6988
366	1.2804	1.5667	0.1213	0.2162	0.5388	15.8584	-8.0280	3.5428
367	1.2832	1.5659	0.1201	0.2283	0.5375	16.0899	-8.3400	3.7292
368	1.2849	1.5654	0.1224	0.2359	0.5369	15.4322	-8.2180	3.6864
369	1.2870	1.5661	0.1195	0.2454	0.5415	16.1662	-8.2190	3.5062
370	1.2894	1.5656	0.1189	0.2561	0.5410	16.2618	-7.9720	3.5952
371	1.2114	1.4441	0.1218	-0.0570	0.0537	16.2309	-7.6940	3.4160
372	1.2104	1.4428	0.1248	-0.0620	0.0470	15.9076	-7.8130	3.4790
373	1.2104	1.4397	0.1236	-0.0629	0.0331	16.0230	-7.8850	3.6434
374	1.2103	1.4360	0.1242	-0.0642	0.0166	16.4613	-7.3450	3.3914
375	1.2086	1.4328	0.1260	-0.0721	0.0021	15.0998	-7.3370	3.4494
376	1.2075	1.4309	0.1183	-0.0777	-0.0072	17.0493	-6.5890	3.2258
377	1.2062	1.4278	0.1260	-0.0841	-0.0214	15.9222	-6.8110	3.2722
378	1.2030	1.4245	0.1272	-0.0977	-0.0365	15.9875	-6.7460	3.4084
379	1.1985	1.4221	0.1248	-0.1171	-0.0481	16.1283	-6.4970	3.2162
380	1.1927	1.4201	0.1266	-0.1420	-0.0579	16.2967	-6.5780	3.3536
381	1.2782	1.5558	0.1272	0.2009	0.4863	16.1295	-6.8450	3.4450
382	1.2752	1.5579	0.1272	0.1895	0.4961	16.3408	-6.5670	3.3134
383	1.2708	1.5601	0.1160	0.1724	0.5066	17.3547	0.0500	-0.8141
384	1.2654	1.5598	0.1260	0.1512	0.5067	16.4276	-6.7970	3.2910
385	1.2602	1.5604	0.1224	0.1307	0.5108	16.7675	-6.7680	3.3536
386	1.2516	1.5609	0.1254	0.0963	0.5141	16.4421	-6.7490	3.4414
387	1.2417	1.5591	0.1260	0.0563	0.5086	15.5792	-6.9350	3.4982
388	1.2308	1.5555	0.1254	0.0124	0.4955	16.3268	-6.7590	3.3430
389	1.2189	1.5520	0.1254	-0.0359	0.4825	16.6566	-6.9430	3.3102
390	1.2094	1.5490	0.1160	-0.0749	0.4719	17.6874	-7.1770	3.4882
391	1.3146	1.4992	0.1236	0.3474	0.2727	15.5220	-7.0000	3.4000
392	1.3160	1.4994	0.1236	0.3547	0.2735	16.5366	-6.6800	3.2848
393	1.3164	1.5006	0.1230	0.3580	0.2783	16.6396	-6.3520	3.2508
394	1.3154	1.5016	0.1242	0.3556	0.2824	16.1191	-6.5320	3.1976
395	1.3114	1.5036	0.1230	0.3411	0.2904	16.7626	-6.7050	3.4358
396	1.3053	1.5066	0.1248	0.3179	0.3026	16.7581	-6.1420	3.2772
397	1.2983	1.5106	0.1254	0.2915	0.3189	16.4809	-5.6000	3.0104
398	1.2928	1.5159	0.1224	0.2704	0.3405	16.9877	-5.4010	3.1834
399	1.2891	1.5218	0.1242	0.2565	0.3647	16.8066	-4.6990	2.9686
400	1.2861	1.5284	0.1248	0.2455	0.3917	16.7010	-5.2020	3.1676
401	1.2518	1.5732	0.1230	0.1083	0.5728	17.0589	-5.3350	3.1298
402	1.2488	1.5734	0.1248	0.0963	0.5754	16.8768	-5.9190	2.9598
403	1.2420	1.5726	0.1224	0.0689	0.5740	17.0158	-6.4570	3.4130
404	1.2348	1.5712	0.1242	0.0397	0.5702	16.9523	-6.0170	3.2034
405	1.2278	1.5674	0.1213	0.0112	0.5569	17.1027	-5.2720	2.9004
406	1.2206	1.5616	0.1236	-0.0183	0.5352	16.3286	-5.0650	3.0130
407	1.2152	1.5552	0.1236	-0.0407	0.5110	16.8247	-4.7330	3.0430
408	1.2112	1.5486	0.1242	-0.0576	0.4854	17.3183	-4.9930	2.9986
409	1.2055	1.5417	0.1218	-0.0819	0.4591	17.2776	-5.0690	3.0138
410	1.1989	1.5337	0.1242	-0.1093	0.4281	16.9598	-4.3710	7.8153
411	1.2330	1.5508	0.1137	0.0266	0.4976	18.3016	-4.6610	3.0770
412	1.2360	1.5518	0.1224	0.0382	0.5029	17.4083	-4.0370	2.7014
413	1.2408	1.5542	0.1207	0.0572	0.5138	17.6524	-4.2610	2.9974
414	1.2458	1.5564	0.1224	0.0771	0.5240	17.2952	-3.2470	2.4910
415	1.2510	1.5588	0.1236	0.0979	0.5351	17.1262	-2.8780	2.6416
416	1.2576	1.5590	0.1195	0.1243	0.5374	17.5359	-2.6360	2.4348
417	1.2646	1.5574	0.1201	0.1528	0.5324	17.4400	-2.7710	2.6594
418	1.2746	1.5544	0.1218	0.1936	0.5218	17.4951	-2.9010	2.4922
419	1.2846	1.5512	0.1218	0.2345	0.5102	17.4098	-2.6620	2.3768
420	1.2913	1.5492	0.1213	0.2622	0.5035	17.5646	-3.1480	2.6384
421	1.2368	1.5862	0.1195	0.0438	0.6536	17.7431	-3.1450	2.4918
422	1.2378	1.5844	0.1224	0.0475	0.6484	17.9563	-3.7010	2.6150
423	1.2370	1.5814	0.1137	0.0440	0.6387	18.6170	-3.6540	2.8228
424	1.2360	1.5777	0.1236	0.0397	0.6258	17.6408	-3.2280	2.5364
425	1.2384	1.5730	0.1236	0.0490	0.6088	17.4955	-2.5220	2.3552
426	1.2405	1.5661	0.1218	0.0571	0.5829	17.9767	-2.5280	2.5808
427	1.2424	1.5598	0.1236	0.0644	0.5592	17.6184	-2.1400	2.3484
428	1.2428	1.5537	0.1260	0.0661	0.5361	17.5412	-2.0070	2.3930
429	1.2419	1.5498	0.1149	0.0621	0.5218	18.7896	-2.1450	2.4290
430	1.2411	1.5495	0.1230	0.0586	0.5219	18.0751	-1.5250	2.1210
431	1.2130	1.5572	0.1230	-0.0546	0.5540	18.0407	-0.6590	1.9562
432	1.2116	1.5566	0.1224	-0.0611	0.5530	17.7298	-0.5970	2.1154
433	1.2096	1.5566	0.1207	-0.0702	0.5544	18.3277	-0.3290	2.1070
434	1.2046	1.5556	0.1143	-0.0913	0.5518	18.2477	0.1010	1.9794
435	1.1982	1.5508	0.1224	-0.1182	0.5338	18.0031	-0.0600	1.9815
436	1.1900	1.5454	0.1260	-0.1525	0.5134	18.0232	-0.0570	1.9749
437	1.1825	1.5409	0.1166	-0.1841	0.4962	19.0631	0.1770	1.9610
438	1.1759	1.5357	0.1230	-0.2125	0.4764	18.2044	0.1350	2.2291
439	1.1698	1.5295	0.1236	-0.2387	0.4524	18.0467	0.3600	2.1080
440	1.1647	1.5237	0.1254	-0.2615	0.4300	16.7591	0.7960	1.7493
441	1.1477	1.5358	0.1254	-0.3318	0.4791	17.1263	0.1990	2.0302
442	1.1470	1.5384	0.1189	-0.3371	0.4905	18.9314	1.0850	1.6645
443	1.1470	1.5405	0.1207	-0.3400	0.4999	18.6342	1.8350	1.4737
444	1.1463	1.5438	0.1248	-0.3454	0.5140	18.1103	2.0970	1.3423
445	1.1486	1.5455	0.1213	-0.3386	0.5220	18.3911	2.1420	1.4826
446	1.1539	1.5470	0.1230	-0.3198	0.5291	17.7441	2.7302	1.4712
447	1.1602	1.5504	0.1230	-0.2968	0.5440	18.3017	3.1590	1.0788
448	1.1649	1.5548	0.1254	-0.2801	0.5630	18.4044	3.0740	1.2095
449	1.1697	1.5606	0.1143	-0.2631	0.5878	19.3528	2.8500	1.5171
450	1.1718	1.5645	0.1260	-0.2565	0.6050	18.1455	4.1530	0.5217
451	1.1834	1.5850	0.1137	-0.2118	0.6892	19.5250	3.6000	1.1001
452	1.1816	1.5862	0.1213	-0.2206	0.6962	18.4200	4.7610	0.7214
453	1.1812	1.5848	0.1224	-0.2241	0.6928	18.7234	3.9640	1.0501
454	1.1783	1.5839	0.1224	-0.2376	0.6912	18.6367	3.6490	0.8901
455	1.1752	1.5843	0.1260	-0.2519	0.6947	18.1811	0.1380	1.5746
456	1.1682	1.5892	0.1254	-0.2816	0.7167	18.3432	3.7260	0.6901
457	1.1611	1.5939	0.1224	-0.3122	0.7380	18.7320	3.3030	1.0321
458	1.1490	1.6013	0.1260	-0.3632	0.7698	18.8136	2.5490	1.1033
459	1.1331	1.6136	0.1224	-0.4298	0.8220	18.9734	2.4840	0.9484
460	1.1217	1.6234	0.1248	-0.4787	0.8643	18.4702	2.2230	2.4346
461	1.1508	1.5342	0.1213	-0.3647	0.5083	18.9287	3.5560	0.5807
462	1.1488	1.5354	0.1230	-0.3752	0.5140	18.6893	3.6570	0.7601
463	1.1472	1.5390	0.1213	-0.3842	0.5294	18.6928	2.5750	0.9552
464	1.1462	1.5454	0.1260	-0.3908	0.5563	18.6258	1.9700	0.9289
465	1.1490	1.5547	0.1230	-0.3821	0.5948	18.8960	1.2360	1.0214
466	1.1520	1.5679	0.1224	-0.3726	0.6491	19.2365	1.3810	1.0206
467	1.1520	1.5818	0.1218	-0.3750	0.7067	18.9831	1.1230	0.9193
468	1.1518	1.5949	0.1254	-0.3783	0.7616	18.7645	1.0130	1.0303
469	1.1522	1.6066	0.1218	-0.3791	0.8109	18.1793	2.1620	0.7924
470	1.1534	1.6143	0.1230	-0.3767	0.8447	19.2867	2.0420	0.8739
471	1.2118	1.5190	0.1218	-0.1441	0.4640	19.2164	2.5810	0.5301
472	1.2096	1.5235	0.1160	-0.1539	0.4826	19.9472	9.9360	-3.8897
473	1.2060	1.5254	0.1224	-0.1694	0.4910	19.0336	3.5550	0.4024
474	1.2070	1.5282	0.1242	-0.1665	0.5029	19.1476	4.1200	0.2291
475	1.2129	1.5334	0.1213	-0.1438	0.5246	19.5937	4.5580	-0.3111
476	1.2225	1.5363	0.1266	-0.1061	0.5371	18.2207	4.5730	0.2054
477	1.2307	1.5425	0.1236	-0.0737	0.5626	19.5526	4.8740	-0.1148
478	1.2431	1.5499	0.1302	-0.0242	0.5935	19.1520	4.2380	0.0853
479	1.2542	1.5583	0.1248	0.0202	0.6288	19.8948	3.5830	0.3514
480	1.2627	1.5636	0.1327	0.0544	0.6513	18.9728	3.5950	0.1192
481	1.2706	1.5618	0.1408	0.0866	0.6458	18.0232	2.5810	0.4390
482	1.2675	1.5647	0.1460	0.0745	0.6589	18.7514	1.7960	0.4499
483	1.2631	1.5656	0.1493	0.0574	0.6642	18.9718	1.9300	0.3141
484	1.2602	1.5646	0.1559	0.0459	0.6620	18.7909	1.3200	0.6056
485	1.2550	1.5611	0.1649	0.0254	0.6494	18.2853	0.2380	0.7659
486	1.2473	1.5596	0.1656	-0.0057	0.6449	18.2919	-0.0760	0.6992
487	1.2377	1.5571	0.1614	-0.0443	0.6364	18.7476	-0.5650	1.0161
488	1.2275	1.5536	0.1635	-0.0855	0.6237	18.6573	-0.7490	0.7855
489	1.2150	1.5519	0.1546	-0.1366	0.6182	18.7945	-0.3590	0.9179
490	1.2013	1.5504	0.1453	-0.1924	0.6135	18.9459	0.1690	0.6208
491	1.2704	1.5592	0.1415	0.0844	0.6501	18.8588	0.9350	0.5995
492	1.2714	1.5582	0.1308	0.0890	0.6475	19.2984	2.3870	0.1746
493	1.2760	1.5570	0.1236	0.1080	0.6442	20.0153	2.0450	0.2719
494	1.2780	1.5576	0.1149	0.1166	0.6480	20.6782	3.1650	-0.1124
495	1.2805	1.5576	0.1213	0.1276	0.6494	19.7683	2.8090	0.1511
496	1.2802	1.5586	0.1236	0.1272	0.6549	19.6345	1.8340	0.3470
497	1.2756	1.5634	0.1321	0.1091	0.6757	19.4303	2.5170	0.0603
498	1.2683	1.5644	0.1364	0.0805	0.6813	19.0002	3.6470	-0.2907
499	1.2653	1.5620	0.1396	0.0691	0.6733	19.2021	3.4200	-0.0877
500	1.2616	1.5616	0.1526	0.0543	0.6732	19.1488	1.9260	0.0359
501	1.4132	1.4068	0.1649	0.6649	0.0517	18.4297	1.9140	0.1483
502	1.4122	1.4086	0.1816	0.6649	0.0566	18.3668	-0.0360	0.5453
503	1.4114	1.4102	0.1955	0.6658	0.0607	17.6217	-0.5600	0.4671
504	1.4084	1.4140	0.2093	0.6577	0.0738	18.6337	-1.3350	0.9009
505	1.4044	1.4183	0.2093	0.6456	0.0889	18.7276	-1.5190	0.7396
506	1.3994	1.4255	0.2019	0.6293	0.1160	18.3813	-1.7130	0.9710
507	1.3926	1.4350	0.1824	0.6057	0.1522	19.2435	-1.6190	0.8501
508	1.3848	1.4458	0.1670	0.5779	0.1942	19.1133	-0.9410	0.6799
509	1.3748	1.4613	0.1396	0.5409	0.2550	20.3953	-0.8310	0.7411
510	1.3683	1.4721	0.1377	0.5178	0.2978	19.8684	1.2370	0.0953
511	1.3552	1.5614	0.1242	0.4682	0.6564	19.9181	-1.5670	1.3501
512	1.3554	1.5644	0.1254	0.4716	0.6700	19.9251	-6.1951	1.8479
513	1.3530	1.5660	0.1143	0.4646	0.6780	21.5278	-2.0880	-0.1582
514	1.3496	1.5673	0.1333	0.4535	0.6847	20.0100	4.0210	-0.5974
515	1.3492	1.5674	0.1421	0.4543	0.6872	19.6718	6.7500	-0.7612
516	1.3478	1.5644	0.1440	0.4512	0.6764	19.8528	8.6100	-1.4199
517	1.3429	1.5610	0.1352	0.4338	0.6645	20.3070	8.4410	-1.3147
518	1.3403	1.5583	0.1278	0.4259	0.6550	19.9306	9.8430	-1.7561
519	1.3340	1.5561	0.1236	0.4026	0.6478	19.2989	7.8470	-1.3399
520	1.3278	1.5562	0.1272	0.3798	0.6498	20.3542	6.0310	-0.6819
521	1.3548	1.5620	0.1218	0.4904	0.6743	20.6624	3.8950	-0.4982
522	1.3518	1.5690	0.1183	0.4810	0.7041	21.2343	1.7790	-0.1016
523	1.3438	1.5794	0.1364	0.4513	0.7477	19.9480	0.9060	-0.0365
524	1.3308	1.5944	0.1421	0.4013	0.8100	19.8572	-0.1010	0.0926
525	1.3136	1.6136	0.1573	0.3341	0.8897	19.1638	-0.6020	0.2238
526	1.2940	1.6332	0.1757	0.2568	0.9714	19.2768	-0.6560	0.3211
527	1.2744	1.6494	0.1885	0.1790	1.0399	19.1845	0.0760	0.1841
528	1.2550	1.6642	0.2195	0.1016	1.1034	17.3043	-0.2640	-0.0354
529	1.2354	1.6801	0.2301	0.0228	1.1712	18.3685	-1.4000	0.5829
530	1.2210	1.6937	0.2488	-0.0355	1.2305	17.8051	-2.4400	0.9092
531	1.1664	1.5693	0.2365	-0.2560	0.7348	18.3377	-3.1100	1.0003
532	1.1646	1.5729	0.2118	-0.2654	0.7510	19.7771	-3.6660	0.9196
533	1.1610	1.5767	0.1900	-0.2820	0.7682	18.7364	-5.6990	1.8349
534	1.1612	1.5815	0.1594	-0.2834	0.7894	20.6687	-7.9750	1.9228
535	1.1624	1.5912	0.1377	-0.2808	0.8302	19.4254	-7.6170	1.6022
536	1.1650	1.6019	0.1236	-0.2725	0.8755	20.3083	-6.1730	1.5180
537	1.1702	1.6151	0.1178	-0.2539	0.9316	20.9855	-3.4845	1.2880
538	1.1759	1.6318	0.1143	-0.2329	1.0016	22.0234	-0.4400	0.5192
539	1.1815	1.6474	0.1278	-0.2119	1.0675	19.4313	0.2170	0.4689
540	1.1905	1.6634	0.1370	-0.1777	1.1356	20.6422	2.8670	-0.2210
1	1.2640	1.5270	0.0000	0.0564	0.1087	0.0000	-0.0780	0.0000
2	1.2639	1.5270	0.1266	0.0564	0.1094	4.9390	-1.0020	0.2125
3	1.2638	1.5271	0.1278	0.0564	0.1104	4.7062	-0.9090	0.2018
4	1.2637	1.5271	0.1260	0.0561	0.1113	5.1334	-0.9800	0.2416
5	1.2634	1.5273	0.1272	0.0554	0.1125	4.9604	-0.9530	0.2332
6	1.2631	1.5275	0.1254	0.0543	0.1139	5.2674	-0.9360	0.2183
7	1.2626	1.5277	0.1272	0.0529	0.1155	4.9624	-0.8440	0.2340
8	1.2621	1.5280	0.1260	0.0510	0.1173	5.5594	-0.9660	0.2631
9	1.2614	1.5283	0.1272	0.0487	0.1193	5.0240	-1.0270	0.2810
10	1.2609	1.5286	0.1284	0.0466	0.1214	5.1439	-0.9730	0.2794
11	1.2648	1.5060	0.1183	0.0629	0.0312	6.0782	-0.9350	0.2783
12	1.2644	1.5061	0.1254	0.0617	0.0317	5.6218	-0.8730	0.2813
13	1.2639	1.5063	0.1266	0.0600	0.0327	5.0891	-0.9740	0.3076
14	1.2631	1.5066	0.1284	0.0569	0.0341	5.2022	-0.9600	0.2959
15	1.2616	1.5072	0.1254	0.0513	0.0367	5.3547	-0.8840	0.2890
16	1.2594	1.5078	0.1201	0.0428	0.0390	6.3849	-0.7290	0.2950
17	1.2572	1.5081	0.1260	0.0340	0.0405	5.5245	-0.6910	0.2595
18	1.2545	1.5092	0.1201	0.0236	0.0451	6.3861	-0.7180	0.3068
19	1.2515	1.5105	0.1248	0.0115	0.0506	5.9105	-0.8340	0.3464
20	1.2487	1.5110	0.1290	0.0004	0.0529	5.3691	-0.9840	0.3822
21	1.2559	1.5250	0.1260	0.0291	0.1096	5.7557	-1.0590	0.3899
22	1.2562	1.5246	0.1284	0.0304	0.1085	5.3168	-1.0530	0.3724
23	1.2579	1.5246	0.1266	0.0376	0.1089	5.5054	-0.9200	0.3636
24	1.2599	1.5250	0.1189	0.0459	0.1112	6.6393	-0.8190	0.3590
25	1.2622	1.5250	0.1260	0.0553	0.1121	5.6997	-0.7940	0.3622
26	1.2647	1.5253	0.1290	0.0658	0.1137	4.7771	-0.8350	0.3824
27	1.2668	1.5264	0.1248	0.0743	0.1188	6.1461	-0.9720	0.4247
28	1.2684	1.5270	0.1272	0.0813	0.1219	4.8818	-0.9420	0.4124
29	1.2697	1.5275	0.1260	0.0870	0.1244	5.8241	-0.9390	0.4372
30	1.2703	1.5280	0.1290	0.0898	0.1273	5.6671	-1.0020	0.4911
31	1.2540	1.5131	0.1178	0.0250	0.0679	6.9296	-1.1000	0.5107
32	1.2539	1.5134	0.1242	0.0246	0.0695	6.0003	-1.1560	0.9205
33	1.2537	1.5146	0.1266	0.0240	0.0749	5.9843	-1.2060	0.5697
34	1.2537	1.5159	0.1278	0.0238	0.0805	5.8102	-1.1240	0.5315
35	1.2534	1.5175	0.1266	0.0227	0.0870	6.0458	-0.9800	0.5204
36	1.2541	1.5187	0.1278	0.0255	0.0923	5.8716	-1.0600	0.5471
37	1.2546	1.5195	0.1260	0.0277	0.0963	6.1192	-1.0100	0.5450
38	1.2556	1.5209	0.1260	0.0318	0.1022	6.3312	-1.0330	0.5616
39	1.2579	1.5210	0.1260	0.0412	0.1033	6.0021	-0.9690	0.5414
40	1.2591	1.5211	0.1278	0.0463	0.1041	6.1039	-0.8060	0.4846
41	1.2550	1.5405	0.1195	0.0303	0.1829	6.9455	-0.5110	0.4390
42	1.2536	1.5418	0.1284	0.0247	0.1889	6.0869	-0.2750	0.4243
43	1.2523	1.5423	0.1248	0.0194	0.1918	5.7784	-0.0350	0.3466
44	1.2506	1.5436	0.1284	0.0125	0.1984	6.0283	-0.1800	0.4235
45	1.2483	1.5461	0.1278	0.0034	0.2096	6.3125	-0.3300	0.4614
46	1.2459	1.5498	0.1183	-0.0062	0.2255	7.2394	-0.4610	0.4756
47	1.2429	1.5536	0.1278	-0.0184	0.2422	6.2537	-0.4940	0.4810
48	1.2395	1.5565	0.1272	-0.0323	0.2550	6.2366	-0.2950	0.4479
49	1.2360	1.5603	0.1266	-0.0467	0.2718	6.4599	-0.2880	0.4621
50	1.2329	1.5632	0.1284	-0.0593	0.2851	6.4425	-0.3940	0.5074
51	1.2634	1.5305	0.1272	0.0629	0.1551	6.4369	-0.4800	0.5075
52	1.2623	1.5318	0.1272	0.0587	0.1610	6.3478	-0.3220	0.4454
53	1.2611	1.5339	0.1260	0.0544	0.1700	6.5831	0.0590	0.3807
54	1.2603	1.5352	0.1242	0.0515	0.1764	6.1778	0.1610	0.3820
55	1.2597	1.5367	0.1266	0.0493	0.1831	6.4543	0.2950	0.3194
56	1.2580	1.5387	0.1172	0.0425	0.1921	7.9778	0.2940	0.3370
57	1.2547	1.5417	0.1172	0.0294	0.2051	7.5293	0.5191	0.2569
58	1.2508	1.5445	0.1290	0.0139	0.2174	6.5590	0.5340	0.2880
59	1.2474	1.5469	0.1248	0.0004	0.2283	6.7350	0.4688	0.2876
60	1.2445	1.5488	0.1260	-0.0115	0.2370	6.3200	0.5570	0.2354
61	1.3286	1.5349	0.1254	0.3269	0.1822	6.7726	0.3740	0.3306
62	1.3280	1.5348	0.1266	0.3264	0.1827	7.0815	0.4730	0.2826
63	1.3269	1.5349	0.1278	0.3241	0.1842	6.4266	0.2770	0.3217
64	1.3256	1.5344	0.1272	0.3208	0.1829	6.8893	0.1380	0.3301
65	1.3236	1.5344	0.1230	0.3146	0.1837	6.7670	0.0600	0.3748
66	1.3216	1.5348	0.1266	0.3084	0.1862	6.9634	-0.0500	0.3835
67	1.3187	1.5356	0.1260	0.2982	0.1905	7.0667	-0.1740	0.4008
68	1.3150	1.5369	0.1272	0.2854	0.1967	7.0136	-0.3040	0.4412
69	1.3117	1.5377	0.1254	0.2736	0.2008	7.0201	-0.2900	0.4318
70	1.3090	1.5381	0.1278	0.2642	0.2033	7.1181	-0.1410	0.4036
71	1.2591	1.5512	0.1266	0.0649	0.2567	6.2777	-0.0530	0.3465
72	1.2594	1.5518	0.1166	0.0664	0.2605	8.1585	0.0990	0.3346
73	1.2601	1.5520	0.1248	0.0695	0.2627	7.5054	0.1370	0.3250
74	1.2609	1.5525	0.1284	0.0726	0.2659	6.8624	0.2630	0.3173
75	1.2604	1.5545	0.1272	0.0709	0.2753	7.2800	0.2080	0.3350
76	1.2592	1.5562	0.1278	0.0665	0.2835	6.9979	0.3140	0.2977
77	1.2580	1.5572	0.1242	0.0620	0.2891	7.5205	0.0280	0.4100
78	1.2572	1.5574	0.1272	0.0590	0.2912	6.3081	0.0000	0.3071
79	1.2574	1.5570	0.1272	0.0598	0.2909	7.2842	-0.2490	0.4140
80	1.2573	1.5566	0.1296	0.0594	0.2907	6.8380	-0.3050	0.4395
81	1.2479	1.5270	0.1254	0.0220	0.1733	7.6701	-0.3030	0.4134
82	1.2483	1.5280	0.1266	0.0233	0.1777	7.4361	-0.1780	0.3881
83	1.2499	1.5289	0.1178	0.0300	0.1821	8.4094	-0.1580	0.4139
84	1.2517	1.5288	0.1266	0.0372	0.1823	7.4384	-0.0600	0.3630
85	1.2527	1.5285	0.1260	0.0413	0.1820	7.5415	-0.0250	0.3847
86	1.2531	1.5289	0.1266	0.0427	0.1842	7.6817	0.1280	0.3317
87	1.2534	1.5296	0.1254	0.0442	0.1878	7.0242	0.2330	0.3053
88	1.2528	1.5312	0.1290	0.0417	0.1952	7.3331	0.4650	0.2756
89	1.2522	1.5330	0.1254	0.0395	0.2032	6.7956	0.6000	0.2113
90	1.2511	1.5348	0.1284	0.0351	0.2109	7.4617	0.6030	0.2333
91	1.2559	1.5062	0.1278	0.0546	0.0969	7.4987	0.6390	0.2257
92	1.2572	1.5045	0.1195	0.0597	0.0901	8.6473	1.0750	0.1212
93	1.2581	1.5026	0.1242	0.0637	0.0826	8.1731	1.0260	0.1229
94	1.2590	1.5005	0.1290	0.0677	0.0744	7.3861	0.9800	0.1294
95	1.2593	1.4978	0.1224	0.0688	0.0634	8.4483	0.8180	0.1605
96	1.2590	1.4954	0.1284	0.0681	0.0536	7.4613	0.6380	0.1980
97	1.2582	1.4933	0.1272	0.0649	0.0453	7.8174	0.6550	0.1555
98	1.2579	1.4912	0.1278	0.0639	0.0367	7.7160	0.6690	0.1616
99	1.2581	1.4910	0.1272	0.0652	0.0354	7.8793	0.7540	0.1119
100	1.2574	1.4907	0.1284	0.0625	0.0340	7.8794	0.7350	0.1490
101	1.2578	1.5222	0.1254	0.0643	0.1605	7.9047	0.6170	0.1593
102	1.2575	1.5215	0.1266	0.0630	0.1584	8.0317	0.5870	0.1461
103	1.2569	1.5204	0.1178	0.0608	0.1545	8.9448	0.7110	0.1199
104	1.2566	1.5188	0.1260	0.0601	0.1485	8.1661	1.1000	-0.0233
105	1.2567	1.5178	0.1266	0.0606	0.1448	8.0049	1.0960	0.0270
106	1.2575	1.5163	0.1266	0.0638	0.1393	8.0362	1.1130	0.0038
107	1.2579	1.5151	0.1272	0.0657	0.1348	7.9361	1.1200	-0.0070
108	1.2585	1.5145	0.1236	0.0681	0.1328	8.2783	1.1320	-0.0144
109	1.2588	1.5143	0.1195	0.0695	0.1325	8.1587	1.0180	-0.0052
110	1.2589	1.5137	0.1266	0.0701	0.1304	8.2156	0.6030	0.0984
111	1.2499	1.5418	0.1266	0.0343	0.2440	7.2986	0.3330	0.1266
112	1.2510	1.5394	0.1248	0.0388	0.2350	8.6687	0.0800	0.1937
113	1.2526	1.5383	0.1236	0.0453	0.2320	8.1274	-0.1540	0.2338
114	1.2533	1.5396	0.1272	0.0482	0.2381	8.3228	-0.3570	0.2681
115	1.2539	1.5388	0.1248	0.0506	0.2356	8.2835	-0.4120	0.2908
116	1.2552	1.5352	0.1266	0.0559	0.2222	8.3973	-0.4070	0.2957
117	1.2592	1.5316	0.1248	0.0722	0.2086	8.4049	-0.4140	0.2895
118	1.2623	1.5314	0.1278	0.0850	0.2085	7.6045	-0.5190	0.3302
119	1.2609	1.5352	0.1260	0.0795	0.2248	8.5025	-0.8130	0.4077
120	1.2580	1.5411	0.1284	0.0679	0.2492	8.3582	-0.9310	0.4367
121	1.2652	1.5348	0.1260	0.0975	0.2250	8.6720	-1.1560	0.4771
122	1.2625	1.5411	0.1272	0.0868	0.2512	8.6190	-1.2870	0.4991
123	1.2554	1.5522	0.1183	0.0584	0.2971	9.3550	-1.4010	0.5543
124	1.2466	1.5673	0.1248	0.0233	0.3592	8.6101	-1.2370	0.4915
125	1.2408	1.5854	0.1230	-0.0000	0.4334	9.0943	-0.7740	0.4097
126	1.2389	1.6007	0.1260	-0.0082	0.4972	8.5882	-0.7787	0.4416
127	1.2367	1.6122	0.1290	-0.0170	0.5459	8.6178	-0.9920	0.8881
128	1.2318	1.6261	0.1272	-0.0374	0.6048	8.7453	-1.0630	0.5238
129	1.2288	1.6411	0.1284	-0.0498	0.6685	8.5709	-0.9030	0.4558
130	1.2253	1.6517	0.1290	-0.0644	0.7147	8.8252	-0.9600	0.5083
131	1.2386	1.5456	0.1248	-0.0115	0.2913	8.0535	-0.8780	0.5031
132	1.2395	1.5480	0.1242	-0.0081	0.3020	8.9170	-1.1010	0.5713
133	1.2418	1.5517	0.1260	0.0009	0.3181	8.9727	-1.1740	0.5879
134	1.2422	1.5540	0.1272	0.0022	0.3288	8.5615	-1.1420	0.5766
135	1.2414	1.5569	0.1260	-0.0011	0.3418	9.0954	-1.1860	0.6295
136	1.2406	1.5601	0.1278	-0.0047	0.3562	8.7897	-1.3830	0.6917
137	1.2396	1.5645	0.1266	-0.0090	0.3754	8.8460	-1.3870	0.6801
138	1.2390	1.5685	0.1272	-0.0114	0.3931	8.9839	-1.2590	0.6552
139	1.2371	1.5725	0.1248	-0.0196	0.4108	9.2431	-1.4030	0.6962
140	1.2348	1.5754	0.1266	-0.0292	0.4242	9.2325	-1.3380	0.7115
141	1.2626	1.5422	0.1278	0.0827	0.2925	8.9923	-1.0510	0.6520
142	1.2627	1.5413	0.1278	0.0834	0.2899	9.1439	-1.0690	0.6639
143	1.2646	1.5397	0.1242	0.0913	0.2845	8.6602	-1.1410	0.6697
144	1.2673	1.5372	0.1278	0.1023	0.2754	9.1463	-1.0550	0.6531
145	1.2692	1.5350	0.1272	0.1106	0.2674	9.1895	-0.9370	0.6718
146	1.2729	1.5318	0.1284	0.1260	0.2555	9.0752	-0.9850	0.7035
147	1.2750	1.5307	0.1278	0.1350	0.2520	9.2990	-0.8170	0.6527
148	1.2777	1.5300	0.1290	0.1463	0.2499	9.0040	-0.9170	0.6971
149	1.2840	1.5281	0.1266	0.1724	0.2429	9.5052	-0.9830	0.7523
150	1.2888	1.5262	0.1254	0.1925	0.2359	9.7283	-0.9240	0.7287
151	1.2674	1.5286	0.1260	0.1074	0.2463	9.5067	-0.9320	0.7165
152	1.2684	1.5268	0.1260	0.1117	0.2399	9.6581	-0.7540	0.6562
153	1.2690	1.5264	0.1248	0.1149	0.2390	9.6528	-0.6920	0.6921
154	1.2686	1.5274	0.1266	0.1135	0.2434	9.7092	-0.4200	0.6160
155	1.2684	1.5273	0.1218	0.1133	0.2439	10.0108	-0.3050	0.6229
156	1.2679	1.5286	0.1278	0.1116	0.2496	9.2074	-0.1670	0.5521
157	1.2658	1.5298	0.1248	0.1037	0.2552	9.6581	-0.0950	0.5893
158	1.2646	1.5316	0.1266	0.0993	0.2633	9.8883	-0.0840	0.6123
159	1.2605	1.5380	0.1272	0.0832	0.2899	9.5455	0.1970	0.4938
160	1.2549	1.5439	0.1272	0.0609	0.3147	9.8715	0.4940	0.4379
161	1.3728	1.4780	0.1272	0.5355	0.0504	9.7751	0.4790	0.4769
162	1.3774	1.4710	0.1278	0.5571	0.0217	9.4336	0.3490	0.4750
163	1.3834	1.4595	0.1248	0.5845	-0.0253	9.8846	0.1890	0.5306
164	1.3915	1.4504	0.1160	0.6203	-0.0631	10.9700	0.0970	0.5517
165	1.4001	1.4418	0.1248	0.6585	-0.0987	9.9474	0.0100	0.5310
166	1.4108	1.4312	0.1284	0.7055	-0.1430	9.7857	0.1780	0.4667
167	1.4210	1.4205	0.1266	0.7503	-0.1876	9.8532	0.2730	0.4918
168	1.4311	1.4122	0.1254	0.7955	-0.2232	9.4366	0.4000	0.4680
169	1.4436	1.4060	0.1224	0.8504	-0.2501	10.0594	0.5750	0.4168
170	1.4547	1.4038	0.1278	0.8997	-0.2613	10.0370	0.6670	0.3870
171	1.2568	1.4942	0.1260	0.1083	0.0998	9.9776	2.0970	-0.5307
172	1.2543	1.4969	0.1260	0.0985	0.1105	9.8897	0.5010	0.4248
173	1.2519	1.4994	0.1195	0.0888	0.1206	10.8806	0.7000	0.3665
174	1.2483	1.5034	0.1254	0.0745	0.1366	10.0241	0.8600	0.3218
175	1.2434	1.5087	0.1296	0.0546	0.1582	9.7874	0.8110	0.3559
176	1.2372	1.5128	0.1242	0.0294	0.1749	10.2884	0.9040	0.3249
177	1.2304	1.5207	0.1272	0.0018	0.2069	10.1400	0.9830	0.2881
178	1.2225	1.5284	0.1260	-0.0304	0.2383	10.3153	1.0120	0.2770
179	1.2141	1.5360	0.1266	-0.0648	0.2697	9.9760	0.9940	0.2147
180	1.2079	1.5402	0.1278	-0.0907	0.2876	10.2748	0.8860	0.3140
181	1.2274	1.5424	0.1242	-0.0135	0.2975	9.7265	1.0110	0.1969
182	1.2275	1.5427	0.1260	-0.0134	0.2998	10.0694	1.2660	0.1486
183	1.2282	1.5428	0.1248	-0.0114	0.3010	10.8981	1.4620	0.1296
184	1.2299	1.5437	0.1284	-0.0049	0.3057	10.1338	1.4890	0.0886
185	1.2339	1.5465	0.1266	0.0106	0.3183	10.5019	1.4630	0.0833
186	1.2374	1.5507	0.1278	0.0243	0.3364	10.2678	1.4820	0.1156
187	1.2414	1.5552	0.1236	0.0400	0.3555	10.8020	1.6150	-0.0026
188	1.2436	1.5606	0.1260	0.0485	0.3787	10.6669	1.7110	0.0059
189	1.2460	1.5659	0.1236	0.0583	0.4017	10.9248	1.8240	-0.0550
190	1.2486	1.5710	0.1266	0.0688	0.4239	10.5313	1.7350	-0.0751
191	1.2488	1.5290	0.1189	0.0694	0.2566	11.5390	1.9240	-0.0806
192	1.2497	1.5301	0.1284	0.0730	0.2618	10.4914	1.9970	-0.1245
193	1.2532	1.5316	0.1278	0.0872	0.2684	10.8367	1.9790	-0.0996
194	1.2552	1.5351	0.1172	0.0952	0.2835	11.8415	2.0970	-0.2261
195	1.2571	1.5401	0.1278	0.1028	0.3044	10.7170	2.0110	-0.1641
196	1.2598	1.5468	0.1272	0.1139	0.3322	10.7595	2.3330	-0.3461
197	1.2622	1.5525	0.1272	0.1237	0.3565	10.7241	2.3070	-0.3057
198	1.2648	1.5601	0.1278	0.1348	0.3883	10.7427	2.3270	-0.3150
199	1.2671	1.5687	0.1248	0.1444	0.4244	11.0740	2.6910	-0.4140
200	1.2678	1.5753	0.1278	0.1476	0.4529	10.6786	2.5500	-0.3930
201	1.2441	1.5058	0.1272	0.0524	0.1749	10.7765	2.6200	-0.4854
202	1.2416	1.5061	0.1260	0.0423	0.1764	10.9516	2.5850	-0.4596
203	1.2407	1.5080	0.1260	0.0384	0.1841	11.1031	2.4770	-0.4258
204	1.2424	1.5106	0.1272	0.0450	0.1949	10.6905	2.1690	-0.3930
205	1.2435	1.5129	0.1272	0.0493	0.2041	10.9005	1.6980	-0.3096
206	1.2440	1.5153	0.1266	0.0511	0.2142	11.0034	1.6570	-0.3610
207	1.2441	1.5176	0.1272	0.0514	0.2237	10.0805	1.6251	-0.3668
208	1.2439	1.5195	0.1260	0.0504	0.2320	10.8997	1.7080	-0.3994
209	1.2437	1.5207	0.1248	0.0494	0.2372	10.3731	1.7658	-0.4291
210	1.2427	1.5220	0.1284	0.0456	0.2432	11.1459	1.6430	-0.3581
211	1.2570	1.5648	0.1260	0.1028	0.4159	11.2788	2.1440	-0.5261
212	1.2552	1.5674	0.1278	0.0957	0.4279	11.0328	2.2790	-0.6024
213	1.2535	1.5714	0.1236	0.0891	0.4457	11.2106	2.3250	-0.6653
214	1.2525	1.5740	0.1296	0.0852	0.4580	10.9976	2.1560	-0.5491
215	1.2518	1.5747	0.1242	0.0823	0.4625	11.4388	2.0440	-0.5896
216	1.2527	1.5772	0.1260	0.0859	0.4746	11.3742	2.0990	-0.6903
217	1.2533	1.5797	0.1137	0.0886	0.4866	12.8186	2.1000	-0.6089
218	1.2526	1.5807	0.1278	0.0858	0.4925	11.1611	2.1980	-0.6808
219	1.2509	1.5826	0.1266	0.0789	0.5024	11.3964	2.1110	-0.7210
220	1.2490	1.5831	0.1266	0.0715	0.5064	10.4814	1.9120	-0.6399
221	1.2483	1.5070	0.1266	0.0683	0.2021	11.2675	1.7990	-0.6688
222	1.2511	1.5096	0.1266	0.0798	0.2127	11.6579	1.5220	-0.6247
223	1.2572	1.5112	0.1254	0.1043	0.2194	11.4731	1.4550	-0.6417
224	1.2650	1.5126	0.1272	0.1357	0.2253	11.7084	1.2890	-0.6082
225	1.2741	1.5126	0.1284	0.1730	0.2256	11.3533	1.1420	-0.5825
226	1.2817	1.5121	0.1260	0.2041	0.2238	11.6734	0.9100	-0.5529
227	1.2902	1.5131	0.1254	0.2390	0.2281	11.8367	0.7220	-0.5050
228	1.3011	1.5125	0.1230	0.2839	0.2261	11.8549	0.5750	-0.4523
229	1.3143	1.5110	0.1272	0.3383	0.2205	11.3845	0.7290	-0.5345
230	1.3227	1.5119	0.1272	0.3738	0.2243	11.7676	0.7560	-0.5703
231	1.2571	1.5102	0.1254	0.1116	0.2178	11.8883	0.6650	-0.5225
232	1.2574	1.5136	0.1284	0.1128	0.2318	11.7385	0.8270	-0.6030
233	1.2589	1.5156	0.1284	0.1191	0.2401	11.5289	0.6460	-0.5577
234	1.2641	1.5146	0.1284	0.1404	0.2365	10.9695	0.6700	-0.5463
235	1.2688	1.5102	0.1248	0.1595	0.2192	12.1976	0.7200	-0.5905
236	1.2764	1.5028	0.1266	0.1906	0.1896	11.9534	0.8050	-0.6075
237	1.2851	1.4950	0.1266	0.2265	0.1584	11.9844	0.9470	-0.5904
238	1.2928	1.4877	0.1266	0.2580	0.1288	12.0151	1.1020	-0.6941
239	1.2985	1.4806	0.1242	0.2824	0.0998	11.5652	1.1540	-0.7110
240	1.3039	1.4751	0.1207	0.3053	0.0774	12.9652	1.0300	-0.6872
241	1.2490	1.5005	0.1278	0.0855	0.1789	12.0188	0.9040	-0.6406
242	1.2480	1.5011	0.1278	0.0814	0.1812	12.1102	-0.0710	-0.0884
243	1.2460	1.5010	0.1248	0.0732	0.1811	12.4409	0.5720	-0.5782
244	1.2410	1.5000	0.1272	0.0530	0.1768	12.1239	0.6640	-0.6256
245	1.2346	1.4999	0.1178	0.0272	0.1767	12.9915	0.6990	-0.6358
246	1.2260	1.5031	0.1260	-0.0080	0.1894	12.3313	0.6810	-0.6574
247	1.2152	1.5100	0.1254	-0.0521	0.2175	12.3144	0.6370	-0.6715
248	1.2026	1.5188	0.1266	-0.1037	0.2530	12.4419	0.7990	-0.6528
249	1.1882	1.5282	0.1248	-0.1628	0.2912	12.5084	1.1770	-0.8229
250	1.1773	1.5390	0.1248	-0.2079	0.3354	12.5332	1.5850	-0.8499
251	1.2555	1.5270	0.1278	0.1050	0.2882	12.1380	1.4900	-0.8233
252	1.2536	1.5235	0.1248	0.0975	0.2748	12.2916	1.4550	-0.8749
253	1.2530	1.5154	0.1266	0.0952	0.2427	12.5253	1.4600	-0.8398
254	1.2533	1.5079	0.1230	0.0962	0.2129	12.6868	1.4320	-0.8698
255	1.2549	1.5013	0.1236	0.1028	0.1865	12.5879	1.7060	-0.9919
256	1.2576	1.4921	0.1278	0.1138	0.1494	12.3547	1.3460	-0.8831
257	1.2585	1.4842	0.1236	0.1177	0.1177	12.6505	1.1890	-0.8554
258	1.2604	1.4770	0.1254	0.1255	0.0882	12.5266	1.2560	-0.8678
259	1.2613	1.4687	0.1242	0.1296	0.0544	12.5828	1.1000	-0.8703
260	1.2627	1.4626	0.1296	0.1355	0.0289	12.6176	1.6120	-0.9832
261	1.2510	1.5354	0.1149	0.0885	0.3209	13.8719	1.2170	-0.9021
262	1.2509	1.5380	0.1230	0.0883	0.3323	13.3460	1.0680	-0.8695
263	1.2497	1.5412	0.1242	0.0832	0.3461	12.5201	1.3040	-0.9589
264	1.2474	1.5426	0.1254	0.0740	0.3528	12.7634	1.2860	-0.8998
265	1.2443	1.5430	0.1254	0.0613	0.3554	11.9752	1.5260	-1.0674
266	1.2396	1.5457	0.1248	0.0425	0.3674	13.1989	1.5660	-1.0983
267	1.2319	1.5493	0.1224	0.0114	0.3830	13.2152	1.3350	-0.9788
268	1.2224	1.5547	0.1201	-0.0276	0.4060	13.5884	1.4670	-1.0927
269	1.2115	1.5605	0.1230	-0.0719	0.4309	13.2672	1.4450	-1.0626
270	1.2044	1.5647	0.1284	-0.1017	0.4492	12.6392	1.4030	-1.0158
271	1.2504	1.5232	0.1248	0.0824	0.2838	12.1600	1.1050	-0.8556
272	1.2527	1.5222	0.1248	0.0916	0.2804	12.1920	1.5970	-1.1831
273	1.2541	1.5209	0.1224	0.0974	0.2755	13.0316	1.5270	-1.0844
274	1.2544	1.5173	0.1248	0.0986	0.2615	13.3126	1.6420	-1.1282
275	1.2522	1.5131	0.1143	0.0900	0.2450	14.3652	1.8030	-1.2241
276	1.2475	1.5095	0.1236	0.0713	0.2309	13.2796	1.9460	-1.3017
277	1.2417	1.5077	0.1266	0.0477	0.2239	12.8932	2.1160	-1.3664
278	1.2348	1.5052	0.1242	0.0199	0.2140	13.3303	1.8310	-1.2213
279	1.2270	1.5021	0.1242	-0.0120	0.2016	13.3025	1.8050	-1.3220
280	1.2202	1.4999	0.1236	-0.0398	0.1929	13.3396	1.4100	-1.2426
281	1.2734	1.5173	0.1236	0.1734	0.2631	12.4342	1.2000	-1.2632
282	1.2725	1.5163	0.1224	0.1703	0.2593	13.5979	0.9900	-1.1497
283	1.2713	1.5133	0.1230	0.1662	0.2477	13.5591	0.7990	-1.1224
284	1.2710	1.5115	0.1224	0.1656	0.2406	13.4839	0.7120	-1.1572
285	1.2713	1.5094	0.1230	0.1673	0.2327	13.5037	0.3520	-1.0745
286	1.2710	1.5060	0.1260	0.1666	0.2192	12.5930	0.0680	-0.9888
287	1.2702	1.5025	0.1224	0.1636	0.2054	13.5786	-0.2050	-0.9586
288	1.2695	1.5005	0.1296	0.1614	0.1972	13.2835	-0.2850	-0.9450
289	1.2706	1.5022	0.1242	0.1663	0.2043	13.7241	-0.3370	-0.9734
290	1.2708	1.5047	0.1278	0.1679	0.2142	13.6180	-0.7140	-0.8603
291	1.2754	1.5187	0.1254	0.1869	0.2708	13.6905	-0.8680	-0.8377
292	1.2745	1.5193	0.1266	0.1839	0.2736	13.6374	-0.8330	-0.8032
293	1.2723	1.5203	0.1218	0.1755	0.2780	13.1257	-1.0470	-0.8114
294	1.2690	1.5207	0.1266	0.1629	0.2801	13.7611	-0.9270	-0.7439
295	1.2675	1.5198	0.1254	0.1574	0.2770	13.9962	-1.0890	-0.7476
296	1.2655	1.5200	0.1166	0.1494	0.2782	14.7844	-1.4770	-0.5940
297	1.2620	1.5183	0.1260	0.1358	0.2719	13.6874	-1.1540	-0.7456
298	1.2559	1.5152	0.1260	0.1116	0.2599	13.7188	-1.6020	-0.4654
299	1.2484	1.5119	0.1224	0.0816	0.2471	14.4784	-1.5510	-0.6055
300	1.2418	1.5085	0.1143	0.0549	0.2337	15.0013	-1.6890	-0.5090
301	1.2250	1.5396	0.1213	-0.0128	0.3591	14.3715	-1.9910	-0.4917
302	1.2208	1.5418	0.1248	-0.0303	0.3690	14.2769	-2.0150	-0.4628
303	1.2156	1.5450	0.1254	-0.0520	0.3829	13.8176	-2.2210	-0.3077
304	1.2114	1.5479	0.1242	-0.0698	0.3958	14.1107	-1.8870	-0.5332
305	1.2074	1.5519	0.1236	-0.0868	0.4129	13.3359	-2.0460	-0.3786
306	1.2016	1.5560	0.1248	-0.1112	0.4308	14.1623	-2.8050	0.0160
307	1.1936	1.5617	0.1224	-0.1447	0.4551	14.4189	-2.8470	-0.1133
308	1.1859	1.5668	0.1178	-0.1772	0.4772	15.0119	-2.8800	-0.1654
309	1.1772	1.5725	0.1254	-0.2136	0.5017	13.8886	-2.9870	-0.1039
310	1.1724	1.5764	0.1098	-0.2346	0.5194	15.3728	-3.2600	0.0233
311	1.2704	1.5424	0.1236	0.1577	0.3844	14.4453	-3.7740	0.1827
312	1.2674	1.5394	0.1272	0.1461	0.3734	14.1061	-4.4990	0.3442
313	1.2654	1.5362	0.1236	0.1385	0.3615	14.5017	-4.4080	0.2776
314	1.2606	1.5314	0.1278	0.1196	0.3431	14.1495	-4.9270	0.5890
315	1.2520	1.5245	0.1248	0.0852	0.3159	14.7218	-5.2060	0.5703
316	1.2404	1.5154	0.1266	0.0386	0.2801	14.2367	-5.1820	0.6077
317	1.2282	1.5073	0.1272	-0.0108	0.2480	14.0170	-5.4750	0.7638
318	1.2126	1.4979	0.1272	-0.0741	0.2102	14.2861	-5.8430	0.9614
319	1.1972	1.4881	0.1224	-0.1370	0.1706	13.9502	-6.3290	1.1230
320	1.1842	1.4792	0.1272	-0.1905	0.1347	14.0450	-6.6460	1.3170
321	1.2360	1.5638	0.1224	0.0162	0.4746	13.7144	-7.0830	1.3292
322	1.2362	1.5628	0.1149	0.0166	0.4721	15.7005	-7.1040	1.4924
323	1.2366	1.5623	0.1260	0.0179	0.4717	14.5163	-7.3650	1.5074
324	1.2380	1.5620	0.1272	0.0232	0.4721	14.2841	-7.2640	1.4572
325	1.2412	1.5607	0.1236	0.0358	0.4685	14.8057	-7.5630	1.6166
326	1.2423	1.5597	0.1230	0.0399	0.4657	15.1481	-8.0440	1.9692
327	1.2430	1.5588	0.1230	0.0427	0.4637	14.6439	-8.4030	2.1423
328	1.2428	1.5602	0.1254	0.0415	0.4708	14.7457	-8.7180	2.2953
329	1.2397	1.5617	0.1143	0.0292	0.4784	15.6947	-8.5490	2.1529
330	1.2377	1.5634	0.1224	0.0208	0.4868	14.2220	-8.1370	2.0438
331	1.2816	1.5732	0.1160	0.1971	0.5278	15.9543	-8.2980	2.2262
332	1.2799	1.5722	0.1248	0.1909	0.5256	14.8131	-8.3710	2.4984
333	1.2777	1.5722	0.1224	0.1828	0.5274	14.1398	-8.3230	2.5389
334	1.2713	1.5724	0.1236	0.1580	0.5300	15.0196	-8.7430	2.7571
335	1.2622	1.5715	0.1218	0.1218	0.5282	15.2640	-8.8450	2.6381
336	1.2532	1.5690	0.1189	0.0860	0.5200	15.8859	-8.6990	2.8006
337	1.2446	1.5663	0.1272	0.0514	0.5110	14.8029	-9.0790	3.0601
338	1.2361	1.5611	0.1284	0.0170	0.4914	14.8689	-9.2320	3.1962
339	1.2258	1.5544	0.1248	-0.0249	0.4660	15.3327	-8.9900	3.0770
340	1.2182	1.5492	0.1242	-0.0562	0.4465	14.1975	-8.7480	2.9742
341	1.2398	1.5838	0.1254	0.0301	0.5870	14.9539	-8.6330	3.1367
342	1.2376	1.5852	0.1260	0.0210	0.5947	15.2720	-9.2100	3.5037
343	1.2360	1.5852	0.1218	0.0142	0.5969	15.5032	-9.2770	3.5267
344	1.2326	1.5850	0.1272	0.0002	0.5982	14.2458	-6.3670	1.9169
345	1.2284	1.5822	0.1260	-0.0170	0.5890	15.2457	-8.6040	3.5633
346	1.2221	1.5768	0.1236	-0.0432	0.5694	15.3837	-8.4530	3.5310
347	1.2143	1.5708	0.1266	-0.0753	0.5471	15.1762	-8.2400	3.4960
348	1.2094	1.5650	0.1254	-0.0957	0.5256	15.4111	-7.9100	3.3812
349	1.2069	1.5590	0.1272	-0.1069	0.5030	15.1662	-8.3050	3.6546
350	1.2055	1.5546	0.1260	-0.1135	0.4868	15.6363	-7.9590	3.4310
351	1.2634	1.5110	0.1230	0.1184	0.3127	14.8956	-8.1350	3.6530
352	1.2620	1.5104	0.1290	0.1131	0.3107	15.0298	-8.3480	3.7572
353	1.2608	1.5085	0.1266	0.1086	0.3032	15.4710	-8.1620	3.5284
354	1.2603	1.5064	0.1248	0.1067	0.2950	15.5977	-8.3660	3.6340
355	1.2611	1.5037	0.1260	0.1104	0.2842	15.5452	-9.0650	4.0470
356	1.2606	1.5008	0.1272	0.1087	0.2726	14.9573	-8.5990	3.6454
357	1.2599	1.4965	0.1166	0.1062	0.2553	16.6170	-8.2930	3.5722
358	1.2594	1.4880	0.1284	0.1044	0.2209	15.5303	-8.6920	3.8412
359	1.2576	1.4781	0.1266	0.0971	0.1807	15.4187	-8.4390	3.6078
360	1.2548	1.4713	0.1272	0.0864	0.1531	15.7307	-8.3250	3.6342
361	1.2500	1.5944	0.1260	0.0670	0.6477	15.7193	-8.3450	3.8330
362	1.2534	1.5964	0.1266	0.0806	0.6581	15.6782	-7.7870	3.4870
363	1.2562	1.5993	0.1236	0.0920	0.6723	16.2480	-7.9180	3.5836
364	1.2599	1.6016	0.1183	0.1072	0.6839	16.8533	-7.9750	3.5450
365	1.2643	1.6033	0.1218	0.1248	0.6933	16.2241	-8.1590	3.7578
366	1.2700	1.6032	0.1254	0.1482	0.6955	15.6502	-7.9150	3.4722
367	1.2747	1.6029	0.1213	0.1677	0.6969	16.2392	-7.9760	3.6964
368	1.2776	1.6017	0.1260	0.1801	0.6948	15.7610	-7.1240	3.2580
369	1.2805	1.6012	0.1236	0.1924	0.6951	16.0195	-7.1250	6.3618
370	1.2830	1.5989	0.1248	0.2031	0.6884	15.8427	-6.9980	3.3896
371	1.2381	1.5843	0.1236	0.0234	0.6320	15.9517	-7.3320	3.6384
372	1.2345	1.5870	0.1224	0.0083	0.6451	16.2438	-6.8000	3.2260
373	1.2314	1.5911	0.1224	-0.0044	0.6639	16.2163	-6.7610	3.3598
374	1.2261	1.5947	0.1236	-0.0260	0.6806	16.2243	-6.9700	3.4968
375	1.2203	1.5969	0.1224	-0.0502	0.6919	15.4654	-6.7050	3.1814
376	1.2178	1.5998	0.1254	-0.0608	0.7057	15.8369	-6.2380	3.1304
377	1.2168	1.6020	0.1224	-0.0659	0.7172	16.4027	-6.5860	3.3968
378	1.2171	1.6052	0.1149	-0.0654	0.7327	17.6996	-6.9200	3.3688
379	1.2158	1.6070	0.1248	-0.0715	0.7427	16.0634	-6.8180	3.3348
380	1.2138	1.6088	0.1242	-0.0804	0.7526	16.4570	-6.9330	3.4802
381	1.2296	1.5972	0.1224	-0.0176	0.7085	16.4578	-6.7960	3.2916
382	1.2278	1.5942	0.1236	-0.0254	0.6988	15.2490	-6.6490	3.2530
383	1.2270	1.5910	0.1213	-0.0291	0.6883	16.6042	-6.1790	3.1894
384	1.2276	1.5888	0.1248	-0.0273	0.6817	16.5063	-6.3660	3.4468
385	1.2300	1.5856	0.1126	-0.0180	0.6711	17.5302	-6.2810	3.1682
386	1.2326	1.5821	0.1242	-0.0084	0.6593	16.6420	-5.6730	3.0222
387	1.2349	1.5780	0.1236	0.0005	0.6448	16.4476	-5.0100	2.9640
388	1.2390	1.5741	0.1242	0.0166	0.6309	16.6451	-5.1060	3.1444
389	1.2437	1.5704	0.1242	0.0353	0.6178	15.6276	-4.9380	2.9248
390	1.2482	1.5681	0.1172	0.0532	0.6102	17.5472	-4.9140	2.8736
391	1.2000	1.5502	0.1236	-0.1408	0.5400	16.7463	-4.9790	3.1826
392	1.1988	1.5502	0.1154	-0.1468	0.5413	17.4038	-4.1630	2.7438
393	1.1955	1.5497	0.1254	-0.1615	0.5404	16.7749	-3.9140	2.7316
394	1.1893	1.5509	0.1260	-0.1875	0.5465	16.9750	-3.9800	2.9100
395	1.1815	1.5525	0.1254	-0.2208	0.5542	16.8370	-3.2930	2.5966
396	1.1755	1.5531	0.1278	-0.2463	0.5580	16.5795	-2.6990	2.3334
397	1.1694	1.5539	0.1172	-0.2731	0.5625	17.8274	-3.1880	2.6808
398	1.1632	1.5537	0.1242	-0.2999	0.5631	17.4363	-3.2680	2.6536
399	1.1565	1.5533	0.1284	-0.3292	0.5628	16.6008	-3.0515	2.6993
400	1.1516	1.5518	0.1260	-0.3510	0.5581	16.9745	-3.0760	2.4968
401	1.2030	1.5496	0.1166	-0.1466	0.5506	17.8890	-2.8890	2.5218
402	1.2076	1.5478	0.1278	-0.1293	0.5446	17.0555	-3.0510	2.7178
403	1.2128	1.5467	0.1254	-0.1094	0.5414	16.8349	-2.4880	2.3688
404	1.2178	1.5457	0.1272	-0.0901	0.5384	16.8289	-1.6190	2.1334
405	1.2208	1.5449	0.1242	-0.0791	0.5365	16.9814	-2.3460	2.5880
406	1.2238	1.5423	0.1266	-0.0675	0.5272	17.1432	-2.3330	2.4354
407	1.2267	1.5395	0.1242	-0.0567	0.5170	17.2817	-1.6950	2.2766
408	1.2278	1.5377	0.1272	-0.0530	0.5107	17.1334	-2.1550	2.5022
409	1.2282	1.5361	0.1242	-0.0516	0.5053	17.2839	-2.5570	2.4922
410	1.2291	1.5348	0.1254	-0.0485	0.5007	17.3389	-2.7130	2.4778
411	1.2072	1.6484	0.1160	-0.1373	0.9589	18.5563	-3.2150	2.7782
412	1.2100	1.6516	0.1266	-0.1271	0.9755	17.1977	-2.9880	2.5212
413	1.2122	1.6521	0.1284	-0.1192	0.9814	16.8324	-2.5670	2.4002
414	1.2142	1.6504	0.1248	-0.1121	0.9782	17.3561	-2.8000	2.7000
415	1.2148	1.6480	0.1284	-0.1106	0.9725	15.8489	-2.5780	2.3920
416	1.2136	1.6467	0.1248	-0.1163	0.9706	17.5930	-2.2830	2.3718
417	1.2136	1.6465	0.1213	-0.1172	0.9737	17.5162	-1.8620	2.2528
418	1.2141	1.6466	0.1248	-0.1161	0.9776	17.3579	-1.4720	2.0348
419	1.2139	1.6464	0.1189	-0.1178	0.9807	18.3351	-2.0240	2.4048
420	1.2138	1.6465	0.1230	-0.1191	0.9846	17.6291	-2.0640	2.3020
421	1.0980	1.5884	0.1207	-0.5861	0.7545	17.7014	-3.0900	2.8308
422	1.1006	1.5834	0.1230	-0.5795	0.7366	17.5093	-3.3270	2.6654
423	1.1026	1.5754	0.1218	-0.5752	0.7065	17.9198	-3.7280	2.9232
424	1.1008	1.5660	0.1224	-0.5861	0.6705	17.7620	-3.5490	2.6362
425	1.0999	1.5560	0.1213	-0.5935	0.6319	17.8177	-4.1380	2.9432
426	1.0983	1.5454	0.1230	-0.6036	0.5906	17.8143	-3.9410	2.9314
427	1.0965	1.5362	0.1236	-0.6146	0.5548	17.8343	-4.6420	3.0828
428	1.0965	1.5280	0.1248	-0.6183	0.5227	17.6045	-4.4750	2.7582
429	1.0954	1.5184	0.1254	-0.6270	0.4847	17.5646	-4.0550	2.8550
430	1.0958	1.5122	0.1248	-0.6292	0.4601	17.7206	-3.7360	2.8852
431	1.2816	1.5432	0.1230	0.1150	0.5853	17.9598	-3.9220	2.9344
432	1.2798	1.5414	0.1236	0.1086	0.5791	18.0991	-4.0800	2.9360
433	1.2779	1.5394	0.1224	0.1017	0.5721	17.9761	-4.0430	2.6702
434	1.2758	1.5364	0.1172	0.0939	0.5610	18.8165	-4.3030	2.8962
435	1.2699	1.5334	0.1213	0.0707	0.5498	18.1817	-5.4250	3.2262
436	1.2590	1.5314	0.1266	0.0273	0.5426	17.7490	-4.9120	2.8096
437	1.2463	1.5284	0.1218	-0.0237	0.5312	18.1151	-5.1100	3.0044
438	1.2334	1.5264	0.1254	-0.0757	0.5238	17.2533	-5.9070	3.2358
439	1.2214	1.5237	0.1218	-0.1241	0.5140	18.1792	-5.8440	3.2784
440	1.2119	1.5229	0.1248	-0.1632	0.5113	18.0856	-4.9880	2.8452
441	1.1668	1.5290	0.1230	-0.3455	0.5363	18.2655	-4.5840	2.8768
442	1.1658	1.5291	0.1236	-0.3518	0.5375	18.2794	-3.2200	2.4920
443	1.1674	1.5291	0.1213	-0.3475	0.5382	18.7737	-3.3050	0.9474
444	1.1728	1.5277	0.1236	-0.3279	0.5333	18.5815	-2.9700	2.6776
445	1.1784	1.5265	0.1242	-0.3073	0.5292	18.0665	-1.6660	2.2900
446	1.1846	1.5272	0.1248	-0.2841	0.5327	18.6227	-0.6160	2.0256
447	1.1890	1.5264	0.1236	-0.2681	0.5300	18.4373	-0.4930	2.1614
448	1.1936	1.5249	0.1242	-0.2511	0.5249	18.5769	-0.0250	1.9190
449	1.1969	1.5218	0.1248	-0.2393	0.5126	18.2984	-0.2900	1.9044
450	1.1997	1.5207	0.1260	-0.2293	0.5089	18.2989	-1.1200	2.1396
451	1.1560	1.5610	0.1224	-0.4061	0.6717	18.4633	0.0000	1.6000
452	1.1574	1.5601	0.1242	-0.4032	0.6694	18.5781	-0.4620	2.2772
453	1.1573	1.5599	0.1213	-0.4059	0.6703	18.6098	-0.1710	2.0253
454	1.1586	1.5559	0.1224	-0.4029	0.6558	17.9780	-0.4120	2.1268
455	1.1596	1.5504	0.1230	-0.4010	0.6348	18.4556	-0.7860	2.2574
456	1.1619	1.5414	0.1218	-0.3939	0.5999	18.8656	0.2150	1.8749
457	1.1662	1.5317	0.1236	-0.3789	0.5618	18.6847	-0.4560	2.1673
458	1.1707	1.5213	0.1236	-0.3629	0.5210	19.0145	-0.3050	2.2376
459	1.1766	1.5096	0.1236	-0.3412	0.4743	17.7605	0.1810	1.9125
460	1.1826	1.4970	0.1254	-0.3189	0.4239	17.9155	-0.1120	2.2885
461	1.1978	1.5514	0.1224	-0.2594	0.6427	18.0109	-0.1510	1.9484
462	1.2000	1.5524	0.1160	-0.2518	0.6480	19.6248	-0.1950	2.0999
463	1.2028	1.5576	0.1207	-0.2418	0.6703	18.9237	-0.7430	2.0798
464	1.2038	1.5618	0.1230	-0.2390	0.6886	18.7316	-1.0500	2.3124
465	1.2022	1.5682	0.1266	-0.2466	0.7159	18.3926	0.4250	1.6753
466	1.1980	1.5719	0.1248	-0.2647	0.7327	18.1733	1.7070	1.4804
467	1.1942	1.5728	0.1230	-0.2811	0.7379	19.1817	1.2840	1.8036
468	1.1887	1.5750	0.1254	-0.3049	0.7487	19.1071	1.6790	1.5330
469	1.1865	1.5748	0.1160	-0.3152	0.7496	20.0254	1.1280	1.8628
470	1.1831	1.5722	0.1195	-0.3306	0.7410	18.5871	1.8440	1.4642
471	1.1950	1.5362	0.1149	-0.2842	0.5980	19.9198	2.1560	1.5133
472	1.1980	1.5372	0.1242	-0.2735	0.6029	19.1274	0.9660	1.8105
473	1.1960	1.5402	0.1284	-0.2829	0.6160	18.1250	1.9790	1.3258
474	1.1902	1.5409	0.1327	-0.3076	0.6199	19.0185	3.1780	1.0708
475	1.1842	1.5394	0.1370	-0.3332	0.6149	18.8975	3.2560	1.0463
476	1.1768	1.5341	0.1284	-0.3646	0.5945	20.3399	3.9360	1.0127
477	1.1672	1.5294	0.1383	-0.4051	0.5764	19.1815	3.7900	0.9002
478	1.1586	1.5261	0.1428	-0.4418	0.5638	18.4211	2.6220	1.2106
479	1.1526	1.5222	0.1358	-0.4682	0.5486	19.1598	2.7720	1.2124
480	1.1514	1.5204	0.1339	-0.4755	0.5420	19.2764	3.1910	0.6707
481	1.2590	1.5549	0.1284	-0.0449	0.6815	19.7147	2.0000	1.2627
482	1.2600	1.5530	0.1260	-0.0406	0.6753	19.3662	1.7020	1.4573
483	1.2620	1.5498	0.1242	-0.0323	0.6635	19.5529	0.8370	1.4858
484	1.2604	1.5475	0.1321	-0.0385	0.6557	19.1846	0.1820	1.5511
485	1.2585	1.5447	0.1447	-0.0458	0.6455	18.3810	-1.6810	2.1071
486	1.2558	1.5401	0.1519	-0.0566	0.6279	18.7644	-2.4110	2.2284
487	1.2531	1.5357	0.1512	-0.0673	0.6114	19.6702	-3.0570	2.3094
488	1.2495	1.5309	0.1742	-0.0818	0.5928	18.4109	-2.3380	2.0464
489	1.2453	1.5257	0.1816	-0.0986	0.5728	18.1248	-2.4490	2.1662
490	1.2414	1.5206	0.1786	-0.1142	0.5530	19.3289	-2.2680	2.1543
491	1.2588	1.5540	0.1809	-0.0445	0.6879	18.3975	-1.9560	2.3394
492	1.2560	1.5512	0.1699	-0.0556	0.6780	19.3635	-1.4080	1.9284
493	1.2548	1.5478	0.1580	-0.0601	0.6656	18.9699	-1.0420	1.9675
494	1.2572	1.5446	0.1447	-0.0503	0.6539	19.1323	-0.5890	1.8033
495	1.2597	1.5400	0.1308	-0.0404	0.6365	19.6896	-0.5940	2.0073
496	1.2602	1.5356	0.1224	-0.0379	0.6199	20.0034	-0.5960	1.9972
497	1.2586	1.5347	0.1115	-0.0441	0.6169	20.8795	-1.3050	2.2248
498	1.2564	1.5331	0.1254	-0.0527	0.6114	19.5331	-0.7120	2.0688
499	1.2559	1.5315	0.1290	-0.0548	0.6059	19.5420	-0.8650	2.3776
500	1.2539	1.5285	0.1415	-0.0627	0.5947	19.1855	-0.2340	2.0275
501	1.2582	1.5562	0.1493	-0.0452	0.7068	18.9107	0.0330	1.9385
502	1.2600	1.5576	0.1749	-0.0377	0.7138	18.0840	0.6510	1.8286
503	1.2611	1.5581	0.1720	-0.0331	0.7174	18.7382	1.3870	1.4302
504	1.2599	1.5557	0.1728	-0.0376	0.7089	19.3233	1.8300	1.4981
505	1.2557	1.5530	0.1713	-0.0542	0.6996	18.8631	1.5330	1.5019
506	1.2487	1.5488	0.1635	-0.0825	0.6842	19.7487	1.6200	1.5211
507	1.2390	1.5453	0.1566	-0.1212	0.6711	18.8073	1.7610	1.5563
508	1.2324	1.5439	0.1519	-0.1481	0.6668	19.1987	2.3440	1.2800
509	1.2276	1.5428	0.1370	-0.1679	0.6632	20.2316	2.2270	1.3713
510	1.2235	1.5405	0.1364	-0.1849	0.6551	19.8234	2.1600	1.3913
511	1.4346	1.4896	0.1327	0.6642	0.4512	20.2945	0.6980	1.6849
512	1.4350	1.4922	0.1364	0.6702	0.4614	18.9555	-1.8620	2.3647
513	1.4343	1.4954	0.1377	0.6721	0.4741	19.6302	-3.1100	2.6030
514	1.4327	1.4980	0.1499	0.6701	0.4845	19.7940	-3.8280	2.6084
515	1.4280	1.4992	0.1649	0.6559	0.4893	19.1738	-4.0990	2.4338
516	1.4224	1.4997	0.1892	0.6376	0.4915	19.0700	-4.5720	2.9201
517	1.4173	1.4989	0.2169	0.6216	0.4880	17.3620	-4.3270	2.8297
518	1.4109	1.4994	0.2319	0.5998	0.4902	18.0787	-4.5150	2.7323
519	1.4056	1.4994	0.2365	0.5826	0.4900	17.8074	-3.7540	2.7006
520	1.4002	1.4986	0.2274	0.5647	0.4869	18.5368	-3.5930	2.5896
521	1.4738	1.3828	0.2052	0.8648	0.0206	20.1506	-3.0020	2.3676
522	1.4764	1.3810	0.1877	0.8809	0.0105	18.9154	-3.2420	2.5780
523	1.4772	1.3827	0.1526	0.8897	0.0144	20.6695	-1.6260	2.3252
524	1.4778	1.3878	0.1383	0.8978	0.0320	19.9019	-0.5120	1.9272
525	1.4745	1.3955	0.1260	0.8901	0.0602	20.6056	0.2580	1.9252
526	1.4741	1.4044	0.1242	0.8943	0.0932	20.6101	1.2980	1.7275
527	1.4776	1.4099	0.1137	0.9139	0.1131	21.3650	4.9460	0.7798
528	1.4832	1.4193	0.1260	0.9423	0.1485	20.6400	5.6080	0.5971
529	1.4904	1.4276	0.1383	0.9771	0.1800	19.3763	7.5110	0.3103
530	1.4928	1.4326	0.1473	0.9927	0.1984	19.6936	8.1530	0.0633
531	1.3820	1.3878	0.1415	0.5527	0.0163	20.8691	8.0380	0.1027
532	1.3790	1.3860	0.1499	0.5440	0.0063	20.2780	6.7710	0.3970
533	1.3790	1.3820	0.1447	0.5472	-0.0127	20.0136	6.4750	0.3132
534	1.3796	1.3744	0.1486	0.5528	-0.0461	19.6987	3.6410	0.9888
535	1.3794	1.3643	0.1486	0.5551	-0.0900	19.2759	2.4500	1.0368
536	1.3786	1.3531	0.1692	0.5555	-0.1384	18.9537	0.9630	1.5166
537	1.3785	1.3418	0.1862	0.5581	-0.1878	19.4818	0.0370	1.3317
538	1.3778	1.3274	0.2068	0.5584	-0.2494	18.6756	-1.4140	1.8371
539	1.3800	1.3113	0.2319	0.5707	-0.3186	18.9655	-2.0900	2.1167
540	1.3842	1.2988	0.2507	0.5906	-0.3735	18.0359	-2.5680	2.0175
541	1.4344	1.3882	0.2393	0.7961	-0.0189	18.3626	0.0000	1.8301
542	1.4346	1.3904	0.2337	0.8015	-0.0128	18.5677	-7.1030	3.1896
543	1.4340	1.3932	0.2060	0.8038	-0.0043	20.2187	-7.3370	3.2053
544	1.4321	1.3954	0.1862	0.8007	0.0019	19.9903	-6.3050	2.7774
545	1.4280	1.3946	0.1764	0.7888	-0.0039	19.5891	-6.4630	3.1215
546	1.4233	1.3964	0.1720	0.7743	0.0007	19.5533	-5.4510	2.7395
547	1.4220	1.3964	0.1720	0.7733	-0.0019	18.7292	-4.0880	2.6975
548	1.4241	1.3970	0.1757	0.7861	-0.0021	19.8832	-2.9930	2.2886
549	1.4312	1.3950	0.1742	0.8190	-0.0127	19.9301	-1.0940	1.9595
550	1.4375	1.3914	0.1699	0.8491	-0.0298	19.4563	0.3380	1.6966
551	1.1266	1.4234	0.1706	-0.3978	0.0963	19.7410	1.9030	1.5001
552	1.1216	1.4252	0.1757	-0.4210	0.1016	19.4382	2.7120	1.2340
553	1.1120	1.4280	0.1706	-0.4628	0.1110	20.1397	4.3190	0.7875
554	1.0990	1.4294	0.1801	-0.5186	0.1148	18.2324	4.9980	0.8559
555	1.0834	1.4314	0.1824	-0.5852	0.1211	19.5747	5.4410	0.7270
556	1.0684	1.4324	0.1854	-0.6497	0.1234	19.5290	5.6320	0.4724
557	1.0512	1.4296	0.1713	-0.7234	0.1105	21.3112	6.1470	0.5272
558	1.0329	1.4286	0.1846	-0.8023	0.1048	19.8829	6.6170	0.0857
559	1.0149	1.4258	0.1923	-0.8802	0.0918	19.2040	6.6380	0.3144
560	1.0032	1.4239	0.2019	-0.9330	0.0819	18.9296	6.3310	0.2402
561	1.1872	1.4676	0.2027	-0.1985	0.2561	19.4867	6.2570	-0.0486
562	1.1898	1.4686	0.2144	-0.1896	0.2593	18.6768	5.7000	0.2996
563	1.1938	1.4686	0.2356	-0.1750	0.2585	17.2447	5.6050	0.1166
564	1.2024	1.4692	0.2274	-0.1418	0.2602	19.2024	5.1480	0.3695
565	1.2104	1.4684	0.2230	-0.1108	0.2562	19.2929	4.8150	0.1809
566	1.2163	1.4686	0.2052	-0.0880	0.2562	20.5694	3.8320	0.7275
567	1.2214	1.4674	0.1939	-0.0683	0.2506	19.5537	-0.5710	1.5919
568	1.2259	1.4676	0.1900	-0.0508	0.2506	19.8024	-8.5820	3.8023
569	1.2296	1.4684	0.1916	-0.0365	0.2530	19.7836	-13.2380	4.0655
570	1.2360	1.4720	0.1772	-0.0115	0.2667	19.6444	-17.1860	4.8960
571	1.1852	1.4644	0.1559	-0.2162	0.2356	20.1831	-15.7200	4.3841
572	1.1882	1.4638	0.1224	-0.2058	0.2320	21.6902	-12.0150	3.2098
573	1.1922	1.4645	0.1201	-0.1912	0.2339	21.2908	-7.9320	3.0282
574	1.1960	1.4662	0.1236	-0.1774	0.2399	21.2527	-4.9690	2.8694
575	1.2020	1.4684	0.1207	-0.1546	0.2478	21.2263	-1.9320	2.0042
576	1.2108	1.4672	0.1218	-0.1203	0.2425	21.0596	0.6825	1.6272
577	1.2147	1.4667	0.1224	-0.1057	0.2397	20.8986	1.3160	1.6768
578	1.2182	1.4671	0.1278	-0.0926	0.2401	21.1054	2.9110	1.0374
579	1.2221	1.4687	0.1327	-0.0775	0.2458	21.4060	3.5080	1.1068
580	1.2215	1.4704	0.1460	-0.0808	0.2518	20.4688	2.8030	1.2726
1	1.2331	1.5430	0.1248	-0.0679	0.1732	5.2081	0.8100	-0.1671
2	1.2334	1.5434	0.1290	-0.0673	0.1758	5.0960	0.7020	-0.1598
3	1.2341	1.5442	0.1284	-0.0650	0.1801	4.8961	0.7630	-0.2038
4	1.2350	1.5452	0.1302	-0.0615	0.1850	4.1128	0.7010	-0.1570
5	1.2363	1.5463	0.1266	-0.0567	0.1908	5.1147	0.7520	-0.1760
6	1.2378	1.5476	0.1315	-0.0510	0.1971	5.0475	0.8050	-0.2096
7	1.2394	1.5490	0.1189	-0.0448	0.2041	6.1586	0.9120	-0.2466
8	1.2412	1.5507	0.1302	-0.0379	0.2122	5.1950	1.0490	-0.2833
9	1.2432	1.5528	0.1284	-0.0302	0.2216	5.3828	1.1670	-0.3116
10	1.2449	1.5547	0.1302	-0.0235	0.2307	4.4082	1.0870	-0.2754
11	1.2809	1.3771	0.1308	0.1212	-0.4827	4.2416	0.9250	-0.2601
12	1.2807	1.3771	0.1302	0.1212	-0.4860	5.1822	0.9500	-0.2884
13	1.2805	1.3775	0.1272	0.1211	-0.4873	5.2747	0.9280	-0.3126
14	1.2803	1.3779	0.1284	0.1211	-0.4887	5.4016	0.9150	-0.2996
15	1.2793	1.3783	0.1272	0.1181	-0.4902	5.5164	0.8200	-0.2922
16	1.2791	1.3774	0.1290	0.1177	-0.4969	4.5550	0.9520	-0.2970
17	1.2796	1.3752	0.1272	0.1208	-0.5089	5.3967	0.9970	-0.3497
18	1.2806	1.3727	0.1302	0.1254	-0.5220	5.5487	0.9940	-0.3545
19	1.2820	1.3705	0.1172	0.1317	-0.5341	6.7814	0.9920	-0.3748
20	1.2830	1.3689	0.1308	0.1367	-0.5437	5.5305	1.0710	-0.4085
21	1.2643	1.5357	0.1284	0.0623	0.1246	5.6029	1.0920	-0.3994
22	1.2648	1.5357	0.1296	0.0646	0.1253	5.4880	1.3420	-0.4670
23	1.2653	1.5362	0.1308	0.0669	0.1282	5.3111	1.3900	-0.4770
24	1.2662	1.5378	0.1284	0.0711	0.1357	5.6940	1.2890	-0.4627
25	1.2676	1.5396	0.1302	0.0769	0.1437	4.5546	1.3350	-0.5239
26	1.2690	1.5414	0.1284	0.0830	0.1518	5.6948	1.3930	-0.5186
27	1.2702	1.5431	0.1290	0.0884	0.1598	5.7737	1.3050	-0.4959
28	1.2713	1.5452	0.1207	0.0932	0.1694	6.9897	1.3990	-0.5568
29	1.2725	1.5474	0.1290	0.0987	0.1793	5.8347	1.3220	-0.5492
30	1.2735	1.5490	0.1315	0.1034	0.1870	5.9275	1.4320	-0.6003
31	1.2230	1.5030	0.1290	-0.0996	0.0029	5.9986	1.3800	-0.5880
32	1.2234	1.5025	0.1290	-0.0986	0.0012	5.7249	1.3150	-0.5917
33	1.2245	1.5032	0.1272	-0.0949	0.0039	5.9734	1.1670	-0.5650
34	1.2258	1.5039	0.1278	-0.0903	0.0069	6.2962	0.2330	0.0096
35	1.2276	1.5040	0.1272	-0.0833	0.0075	5.9139	1.0000	-0.4629
36	1.2298	1.5043	0.1308	-0.0752	0.0088	5.6880	1.2360	-0.5858
37	1.2326	1.5046	0.1266	-0.0644	0.0100	6.1072	1.2610	-0.6358
38	1.2355	1.5044	0.1296	-0.0530	0.0092	5.9564	1.2610	-0.6446
39	1.2376	1.5054	0.1266	-0.0453	0.0135	6.1085	1.3760	-0.6988
40	1.2382	1.5074	0.1308	-0.0431	0.0216	5.8649	1.3810	-0.6764
41	1.2707	1.4917	0.1302	0.0875	-0.0412	6.0900	1.4140	-0.6880
42	1.2697	1.4922	0.1189	0.0839	-0.0395	7.1765	1.4700	-0.7506
43	1.2690	1.4929	0.1272	0.0816	-0.0369	6.1526	1.3390	-0.6940
44	1.2678	1.4939	0.1290	0.0774	-0.0330	6.0254	1.1770	-0.6473
45	1.2659	1.4949	0.1272	0.0701	-0.0293	6.3946	1.0360	-0.6879
46	1.2647	1.4966	0.1290	0.0658	-0.0226	6.1412	0.8730	-1.3866
47	1.2640	1.4981	0.1272	0.0632	-0.0165	6.3296	0.8340	-0.6775
48	1.2633	1.5001	0.1308	0.0606	-0.0087	5.2110	0.6190	-0.5937
49	1.2628	1.5020	0.1302	0.0589	-0.0008	6.2687	0.6620	-0.6652
50	1.2620	1.5042	0.1321	0.0561	0.0082	6.0113	0.7290	-0.6531
51	1.2628	1.5257	0.1272	0.0598	0.0945	6.4388	0.5100	-0.5880
52	1.2617	1.5258	0.1278	0.0555	0.0959	6.7004	0.4610	-0.5854
53	1.2607	1.5258	0.1284	0.0518	0.0962	6.4156	0.3430	-0.5811
54	1.2600	1.5261	0.1272	0.0491	0.0983	6.7123	0.2110	-0.5345
55	1.2595	1.5269	0.1284	0.0476	0.1019	6.4171	0.2760	-0.5938
56	1.2592	1.5278	0.1290	0.0466	0.1065	6.5558	0.3010	-0.6010
57	1.2594	1.5287	0.1296	0.0477	0.1106	5.7373	0.2280	-0.6333
58	1.2601	1.5298	0.1224	0.0507	0.1160	7.6514	0.2790	-0.5867
59	1.2602	1.5311	0.1278	0.0514	0.1219	6.7929	0.3380	-0.6143
60	1.2600	1.5327	0.1284	0.0509	0.1291	6.9883	0.3420	-0.6466
61	1.2424	1.5417	0.1290	-0.0196	0.1661	6.5205	0.2670	-0.6211
62	1.2431	1.5425	0.1296	-0.0170	0.1703	5.7666	0.2430	-0.5684
63	1.2446	1.5431	0.1260	-0.0113	0.1739	7.1255	0.2660	-0.6130
64	1.2461	1.5442	0.1290	-0.0055	0.1795	6.9155	0.2530	-0.5877
65	1.2481	1.5466	0.1195	0.0025	0.1899	8.0280	0.1260	-0.5629
66	1.2503	1.5494	0.1302	0.0112	0.2024	6.7697	0.0710	-0.5686
67	1.2517	1.5533	0.1315	0.0168	0.2195	6.5317	-0.0490	-0.5497
68	1.2526	1.5580	0.1284	0.0205	0.2395	6.9276	0.0821	-0.6410
69	1.2533	1.5624	0.1296	0.0233	0.2589	5.9801	0.1970	-0.5968
70	1.2539	1.5653	0.1290	0.0261	0.2721	6.9646	0.3320	-0.6305
71	1.2567	1.5531	0.1284	0.0374	0.2248	6.8803	0.1400	-0.5400
72	1.2581	1.5539	0.1248	0.0430	0.2290	7.1643	0.0740	-0.5857
73	1.2598	1.5549	0.1284	0.0502	0.2346	7.0024	0.0620	-0.5588
74	1.2617	1.5573	0.1284	0.0580	0.2456	7.0930	0.0500	-0.5746
75	1.2633	1.5601	0.1290	0.0651	0.2582	7.1116	0.1230	-0.5862
76	1.2647	1.5633	0.1302	0.0707	0.2728	7.1783	0.2270	-0.6380
77	1.2657	1.5674	0.1290	0.0754	0.2908	7.2326	0.3990	-0.6698
78	1.2670	1.5717	0.1302	0.0810	0.3099	6.2800	0.6290	-0.7312
79	1.2683	1.5761	0.1266	0.0866	0.3293	7.2818	0.7550	-0.7608
80	1.2692	1.5801	0.1290	0.0906	0.3473	7.3794	0.6240	-0.6927
81	1.2286	1.5392	0.1201	-0.0722	0.1847	8.2941	0.7330	-0.7576
82	1.2288	1.5396	0.1302	-0.0720	0.1872	7.3496	0.8500	-0.7573
83	1.2298	1.5401	0.1284	-0.0685	0.1902	7.1151	0.8000	-0.7687
84	1.2306	1.5417	0.1296	-0.0658	0.1978	7.3619	0.8490	-0.7897
85	1.2323	1.5434	0.1272	-0.0597	0.2055	7.5618	0.9610	-0.8612
86	1.2342	1.5461	0.1207	-0.0524	0.2176	8.4985	1.0340	-0.8417
87	1.2368	1.5495	0.1272	-0.0424	0.2324	7.7446	1.0480	-0.8492
88	1.2393	1.5537	0.1308	-0.0326	0.2504	7.3379	1.1040	-0.8574
89	1.2416	1.5581	0.1290	-0.0237	0.2694	7.2858	1.3880	-0.9484
90	1.2432	1.5627	0.1290	-0.0175	0.2894	7.4914	1.4340	-0.9481
91	1.2429	1.5476	0.1284	-0.0189	0.2302	7.6496	1.4540	-0.9635
92	1.2417	1.5493	0.1302	-0.0237	0.2383	7.5219	1.4440	-0.9979
93	1.2392	1.5513	0.1254	-0.0338	0.2475	7.9505	1.5940	-1.0411
94	1.2364	1.5528	0.1296	-0.0455	0.2551	7.4139	1.7300	-1.0923
95	1.2329	1.5548	0.1272	-0.0601	0.2641	7.9771	1.5580	-1.0308
96	1.2292	1.5572	0.1296	-0.0752	0.2755	7.5353	1.4960	-1.0924
97	1.2251	1.5613	0.1278	-0.0924	0.2934	6.9536	1.4740	-1.0844
98	1.2204	1.5661	0.1284	-0.1118	0.3143	7.8024	1.6930	-1.1762
99	1.2158	1.5717	0.1278	-0.1309	0.3384	8.0268	1.7960	-1.1869
100	1.2120	1.5762	0.1201	-0.1472	0.3582	8.8569	1.7350	-1.1664
101	1.2302	1.5291	0.1284	-0.0750	0.1706	6.9908	1.7670	-1.2028
102	1.2263	1.5315	0.1290	-0.0910	0.1807	8.0219	1.7940	-1.2253
103	1.2209	1.5344	0.1284	-0.1134	0.1934	7.9428	1.6070	-1.1875
104	1.2168	1.5381	0.1290	-0.1305	0.2090	7.9612	1.5610	-1.2136
105	1.2126	1.5418	0.1284	-0.1482	0.2250	8.0645	1.5350	-1.2141
106	1.2073	1.5472	0.1290	-0.1708	0.2476	8.3885	1.5350	-1.2551
107	1.2017	1.5533	0.1213	-0.1942	0.2733	8.8627	1.7530	-1.3117
108	1.1969	1.5605	0.1308	-0.2149	0.3038	7.9852	1.6540	-1.2887
109	1.1928	1.5689	0.1284	-0.2328	0.3392	7.9450	1.7670	-1.3396
110	1.1891	1.5758	0.1207	-0.2489	0.3688	9.0798	1.7980	-1.3483
111	1.2641	1.5085	0.1302	0.0516	0.0995	7.9561	1.7950	-1.3948
112	1.2661	1.5098	0.1296	0.0598	0.1051	8.1205	1.5400	-1.3116
113	1.2688	1.5108	0.1272	0.0709	0.1095	8.6243	1.4500	-1.3582
114	1.2715	1.5132	0.1315	0.0824	0.1193	8.2049	1.2900	-1.2702
115	1.2743	1.5147	0.1302	0.0941	0.1256	8.0171	1.2350	-1.3246
116	1.2764	1.5170	0.1290	0.1031	0.1351	8.4366	1.2306	-1.2277
117	1.2797	1.5194	0.1272	0.1171	0.1454	8.6238	1.2330	-1.3536
118	1.2839	1.5222	0.1296	0.1349	0.1570	8.3026	1.2380	-2.1629
119	1.2884	1.5256	0.1213	0.1537	0.1713	9.2776	2.8600	-2.3146
120	1.2911	1.5276	0.1290	0.1658	0.1801	8.4855	1.4440	-1.4344
121	1.2490	1.5229	0.1284	-0.0028	0.1619	8.4673	1.5140	-1.4444
122	1.2467	1.5234	0.1284	-0.0119	0.1642	8.8576	1.6421	-1.4921
123	1.2450	1.5240	0.1296	-0.0189	0.1676	7.5315	1.6530	-3.8862
124	1.2418	1.5264	0.1284	-0.0321	0.1777	8.6013	1.7110	-1.4977
125	1.2430	1.5297	0.1296	-0.0274	0.1917	8.4254	1.8030	-1.5675
126	1.2446	1.5353	0.1278	-0.0212	0.2149	8.4929	1.8510	-1.5825
127	1.2433	1.5395	0.1290	-0.0265	0.2325	8.4388	1.8370	-1.5928
128	1.2416	1.5394	0.1278	-0.0337	0.2331	8.9784	1.7940	-1.5954
129	1.2383	1.5370	0.1284	-0.0469	0.2244	8.5121	1.5830	-1.5752
130	1.2354	1.5333	0.1302	-0.0587	0.2108	8.7417	1.4090	-1.5543
131	1.2580	1.5340	0.1302	0.0317	0.2143	8.6438	1.4300	-1.5950
132	1.2556	1.5408	0.1284	0.0221	0.2424	9.1373	1.1630	-1.5139
133	1.2529	1.5459	0.1201	0.0115	0.2640	9.6808	1.4250	-1.6130
134	1.2494	1.5517	0.1308	-0.0024	0.2884	8.7227	1.5380	-1.6714
135	1.2479	1.5569	0.1260	-0.0085	0.3107	8.9715	1.8410	-1.7171
136	1.2471	1.5626	0.1266	-0.0120	0.3350	8.9900	1.9360	-1.7955
137	1.2473	1.5685	0.1266	-0.0112	0.3603	9.2627	2.0520	-1.8175
138	1.2493	1.5748	0.1201	-0.0032	0.3875	10.0156	2.0800	-1.7784
139	1.2515	1.5810	0.1278	0.0056	0.4142	8.9979	2.3730	-1.9039
140	1.2523	1.5847	0.1308	0.0090	0.4314	8.8941	2.3890	-1.9132
141	1.2468	1.5225	0.1296	-0.0131	0.1829	9.1257	2.5180	-1.9657
142	1.2479	1.5236	0.1302	-0.0089	0.1881	8.1243	2.6630	-2.0259
143	1.2492	1.5247	0.1272	-0.0037	0.1929	9.1133	1.1600	-1.1517
144	1.2482	1.5264	0.1302	-0.0075	0.2003	9.1440	2.4500	-1.9892
145	1.2432	1.5280	0.1172	-0.0277	0.2076	10.6202	2.1610	-1.9287
146	1.2364	1.5300	0.1290	-0.0555	0.2165	9.0484	2.0100	-1.9732
147	1.2283	1.5333	0.1290	-0.0885	0.2302	9.0788	2.0630	-2.0078
148	1.2200	1.5394	0.1284	-0.1223	0.2559	9.1818	2.0350	-2.0278
149	1.2124	1.5451	0.1278	-0.1536	0.2795	8.5127	1.9320	-2.0131
150	1.2073	1.5499	0.1302	-0.1750	0.3002	9.0783	1.9820	-2.0372
151	1.2302	1.5347	0.1195	-0.0840	0.2404	9.4424	2.0300	-2.0698
152	1.2306	1.5348	0.1201	-0.0830	0.2416	10.2922	2.2860	-2.1705
153	1.2311	1.5363	0.1278	-0.0813	0.2485	9.5168	2.4340	-2.2057
154	1.2324	1.5375	0.1290	-0.0766	0.2542	9.5233	2.5460	-2.2545
155	1.2345	1.5366	0.1278	-0.0686	0.2513	9.5169	2.6240	-2.2872
156	1.2377	1.5355	0.1308	-0.0559	0.2481	9.1821	2.7360	-2.3336
157	1.2389	1.5342	0.1195	-0.0517	0.2436	10.6359	2.8280	-2.4132
158	1.2418	1.5315	0.1296	-0.0402	0.2334	9.7560	2.8610	-2.4428
159	1.2460	1.5275	0.1308	-0.0234	0.2182	9.1530	3.0570	-2.5059
160	1.2492	1.5263	0.1284	-0.0108	0.2140	9.7113	2.9170	-2.4634
161	1.2242	1.5357	0.1315	-0.1113	0.2528	9.3699	2.8160	-2.4876
162	1.2269	1.5340	0.1296	-0.1012	0.2468	9.6807	2.8579	-2.5102
163	1.2304	1.5334	0.1284	-0.0875	0.2451	8.7252	2.8640	-2.5736
164	1.2360	1.5303	0.1207	-0.0654	0.2333	10.8167	7.0000	-5.0896
165	1.2433	1.5275	0.1272	-0.0365	0.2230	9.8805	2.5080	-2.5016
166	1.2524	1.5247	0.1296	0.0002	0.2125	9.8024	2.5480	-2.5276
167	1.2619	1.5245	0.1272	0.0384	0.2122	10.0625	2.5370	-2.5050
168	1.2736	1.5230	0.1218	0.0856	0.2067	10.8582	2.5970	-2.5194
169	1.2883	1.5218	0.1195	0.1454	0.2024	10.8066	2.6000	-2.5276
170	1.2968	1.5206	0.1296	0.1804	0.1981	9.9125	2.8860	-2.6444
171	1.2381	1.5198	0.1290	-0.0546	0.1955	9.7066	3.1900	-2.6740
172	1.2378	1.5188	0.1290	-0.0561	0.1921	10.0399	3.1600	-2.6164
173	1.2395	1.5159	0.1278	-0.0496	0.1807	10.0946	3.2170	-2.6574
174	1.2456	1.5164	0.1290	-0.0253	0.1830	9.8588	3.0900	-2.6268
175	1.2524	1.5179	0.1296	0.0022	0.1895	9.8164	2.8790	-2.5510
176	1.2567	1.5175	0.1272	0.0196	0.1886	10.1985	3.0460	-2.6300
177	1.2610	1.5148	0.1284	0.0370	0.1778	10.0240	3.1650	-2.6174
178	1.2670	1.5134	0.1284	0.0613	0.1728	10.4193	3.2340	-2.6268
179	1.2711	1.5130	0.1284	0.0782	0.1716	10.1451	3.2760	-2.6652
180	1.2739	1.5126	0.1284	0.0900	0.1700	10.4124	3.1310	-2.6162
181	1.2546	1.4844	0.1272	0.0128	0.0570	10.5214	2.8920	-2.5700
182	1.2518	1.4838	0.1321	0.0017	0.0542	9.9063	2.8770	-2.6110
183	1.2443	1.4824	0.1207	-0.0282	0.0480	11.1843	3.0330	-2.6254
184	1.2362	1.4763	0.1278	-0.0609	0.0231	10.6012	3.2070	-2.6350
185	1.2294	1.4662	0.1260	-0.0889	-0.0182	10.3647	3.2190	-2.6438
186	1.2242	1.4537	0.1296	-0.1101	-0.0692	10.2617	3.2460	-2.6508
187	1.2232	1.4395	0.1266	-0.1149	-0.1277	10.5342	3.1740	-2.6480
188	1.2257	1.4243	0.1218	-0.1056	-0.1901	11.3788	3.0480	-2.6084
189	1.2271	1.4102	0.1278	-0.1005	-0.2488	10.1521	3.0110	-2.6330
190	1.2273	1.4038	0.1296	-0.1004	-0.2768	10.3126	3.1880	-2.6416
191	1.2538	1.4838	0.1290	0.0061	0.0426	10.5920	3.0750	-2.6130
192	1.2531	1.4841	0.1284	0.0031	0.0436	9.5055	2.8080	-2.5608
193	1.2521	1.4869	0.1260	-0.0006	0.0544	10.7725	2.4810	-2.4766
194	1.2496	1.4940	0.1296	-0.0110	0.0827	10.6107	2.2020	-2.4312
195	1.2468	1.5026	0.1201	-0.0220	0.1169	11.3634	2.2340	-2.4748
196	1.2446	1.5095	0.1296	-0.0309	0.1449	10.6112	2.3540	-2.4980
197	1.2431	1.5166	0.1260	-0.0371	0.1737	11.0769	2.4660	-2.5116
198	1.2436	1.5243	0.1296	-0.0352	0.2053	10.5510	2.5630	-2.5218
199	1.2465	1.5350	0.1296	-0.0238	0.2488	10.7026	2.6880	-2.5452
200	1.2516	1.5433	0.1290	-0.0033	0.2831	10.9220	2.7740	-2.5432
201	1.0627	1.5958	0.1278	-0.7638	0.4955	10.9088	3.0700	-2.6420
202	1.0660	1.5941	0.1284	-0.7550	0.4910	10.8664	3.4380	-2.6948
203	1.0720	1.5914	0.1278	-0.7356	0.4827	10.9089	3.4320	-2.6872
204	1.0797	1.5883	0.1321	-0.7089	0.4724	9.8294	3.4360	-2.7164
205	1.0897	1.5860	0.1195	-0.6730	0.4654	11.8469	3.3020	-2.6672
206	1.0993	1.5848	0.1321	-0.6385	0.4628	10.6711	3.1140	-2.6192
207	1.1081	1.5836	0.1290	-0.6068	0.4597	10.8252	3.1950	-2.6462
208	1.1179	1.5803	0.1302	-0.5708	0.4485	10.8910	3.2460	-2.6412
209	1.1284	1.5794	0.1272	-0.5319	0.4472	10.3902	3.3060	-2.6308
210	1.1369	1.5808	0.1302	-0.5008	0.4546	11.0073	3.2880	-2.6476
211	1.2514	1.5107	0.1248	-0.0427	0.1746	11.3202	3.4620	-2.7120
212	1.2508	1.5101	0.1272	-0.0450	0.1725	10.6460	3.5910	-2.7182
213	1.2509	1.5080	0.1284	-0.0447	0.1642	11.0695	3.5130	-2.7026
214	1.2511	1.5023	0.1315	-0.0438	0.1415	10.9766	3.8760	-2.8084
215	1.2538	1.4948	0.1260	-0.0327	0.1114	11.1195	3.7640	-2.7528
216	1.2564	1.4851	0.1308	-0.0225	0.0722	11.1724	3.5559	-2.7112
217	1.2579	1.4765	0.1278	-0.0162	0.0371	11.2037	3.6810	-2.7414
218	1.2588	1.4677	0.1296	-0.0123	0.0010	11.3186	3.6530	-2.7086
219	1.2570	1.4570	0.1278	-0.0194	-0.0428	11.3849	3.6400	-2.3468
220	1.2523	1.4485	0.1284	-0.0379	-0.0780	11.4584	3.5020	-2.6264
221	1.2438	1.5296	0.1290	-0.0722	0.2473	11.2350	3.4580	-2.6916
222	1.2426	1.5291	0.1284	-0.0771	0.2459	11.3926	3.0980	-2.5924
223	1.2381	1.5296	0.1242	-0.0956	0.2486	11.6268	3.3110	-2.7058
224	1.2342	1.5299	0.1278	-0.1116	0.2507	11.5264	3.4160	-2.6872
225	1.2277	1.5290	0.1284	-0.1381	0.2477	11.4845	3.3410	-2.6574
226	1.2206	1.5271	0.1296	-0.1672	0.2408	10.5366	3.2880	-2.6576
227	1.2142	1.5242	0.1272	-0.1937	0.2296	11.6305	3.1880	-2.6340
228	1.2082	1.5190	0.1278	-0.2189	0.2094	11.7705	3.2250	-2.6566
229	1.2000	1.5131	0.1272	-0.2527	0.1863	11.6315	3.3050	-2.6690
230	1.1965	1.5117	0.1302	-0.2682	0.1808	10.7035	2.9920	-2.5348
231	1.1954	1.5113	0.1278	-0.2738	0.1795	11.7290	2.6190	-2.4866
232	1.1929	1.5069	0.1178	-0.2853	0.1620	12.6062	2.9380	-2.6128
233	1.1926	1.4975	0.1266	-0.2880	0.1243	11.6952	3.8000	-2.9483
234	1.1912	1.4847	0.1266	-0.2951	0.0727	11.8462	3.5557	-2.7538
235	1.1906	1.4674	0.1266	-0.2991	0.0031	11.9378	3.7330	-2.7586
236	1.1935	1.4476	0.1290	-0.2886	-0.0777	10.8481	4.3380	-2.9232
237	1.1945	1.4294	0.1296	-0.2863	-0.1523	11.6968	4.0320	-2.7448
238	1.1981	1.4150	0.1296	-0.2729	-0.2120	11.6665	3.9250	-2.8018
239	1.2015	1.4068	0.1272	-0.2606	-0.2471	11.7951	3.8540	-2.7396
240	1.2059	1.3898	0.1290	-0.2439	-0.3177	11.9093	3.9120	-2.8068
241	1.2446	1.5304	0.1183	-0.0896	0.2454	12.9747	3.4880	-2.6544
242	1.2466	1.5342	0.1266	-0.0814	0.2614	12.3761	3.4920	-2.6524
243	1.2489	1.5363	0.1278	-0.0723	0.2708	11.1309	3.6080	-2.6932
244	1.2486	1.5388	0.1230	-0.0734	0.2817	12.8676	3.4460	-2.7068
245	1.2466	1.5391	0.1260	-0.0818	0.2837	12.1780	3.4060	-2.6408
246	1.2443	1.5401	0.1308	-0.0909	0.2887	11.9902	3.4170	-2.6566
247	1.2431	1.5407	0.1266	-0.0962	0.2924	12.3479	3.2050	-2.6438
248	1.2443	1.5410	0.1278	-0.0913	0.2947	11.3433	3.2180	-2.5912
249	1.2452	1.5410	0.1260	-0.0879	0.2955	11.9967	3.0990	-2.6682
250	1.2463	1.5419	0.1272	-0.0836	0.3001	12.3024	2.7670	-2.5986
1	1.3350	1.5480	0.0000	0.3421	0.1932	0.0000	1.5270	0.0000
2	1.3353	1.5483	0.1272	0.3454	0.1956	4.8666	1.8310	-0.3816
3	1.3360	1.5491	0.1278	0.3505	0.2001	4.8251	1.6860	-0.3720
4	1.3371	1.5506	0.1260	0.3570	0.2073	5.0730	1.5990	-0.3930
5	1.3384	1.5522	0.1266	0.3642	0.2149	5.0919	1.6560	-0.4105
6	1.3399	1.5541	0.1266	0.3728	0.2238	5.0626	1.6060	-0.4128
7	1.3421	1.5563	0.1254	0.3836	0.2343	5.2376	1.5250	-0.4049
8	1.3447	1.5590	0.1278	0.3964	0.2466	4.0406	1.5410	-0.4241
9	1.3480	1.5622	0.1260	0.4120	0.2609	5.2885	1.6260	-0.4689
10	1.3511	1.5650	0.1358	0.4270	0.2736	4.3190	1.6420	-0.4638
11	1.4283	1.2872	0.1254	0.7405	-0.8430	5.3495	1.5750	-0.4508
12	1.4290	1.2869	0.1260	0.7475	-0.8492	5.6104	1.5440	-0.4684
13	1.4301	1.2869	0.1278	0.7565	-0.8546	5.0037	1.5830	-0.4883
14	1.4318	1.2879	0.1290	0.7677	-0.8559	5.1890	1.5220	-0.5072
15	1.4338	1.2897	0.1254	0.7806	-0.8540	4.4765	1.4240	-0.4711
16	1.4367	1.2914	0.1284	0.7967	-0.8525	5.2040	1.4720	-0.5282
17	1.4404	1.2917	0.1172	0.8163	-0.8564	6.7644	1.4470	-0.5378
18	1.4455	1.2905	0.1201	0.8416	-0.8664	6.3863	1.5720	-0.5878
19	1.4517	1.2897	0.1242	0.8713	-0.8750	5.6821	1.8038	-0.6674
20	1.4577	1.2886	0.1296	0.9008	-0.8848	5.2976	1.8860	-0.6812
21	1.2243	1.5624	0.1266	-0.0336	0.2120	5.6850	1.8640	-0.6716
22	1.2234	1.5640	0.1284	-0.0377	0.2199	5.3787	2.0770	-0.7695
23	1.2227	1.5658	0.1266	-0.0415	0.2290	5.4472	2.2200	-0.8003
24	1.2226	1.5684	0.1278	-0.0424	0.2410	5.5131	2.5740	-0.9266
25	1.2227	1.5716	0.1236	-0.0427	0.2555	6.0470	2.6650	-0.9418
26	1.2226	1.5760	0.1278	-0.0437	0.2750	5.4555	2.8350	-1.0092
27	1.2234	1.5815	0.1266	-0.0414	0.2993	5.6909	3.0550	-1.0639
28	1.2243	1.5880	0.1260	-0.0382	0.3273	5.7340	3.0240	-1.0941
29	1.2257	1.5952	0.1260	-0.0335	0.3587	5.0585	3.1940	-1.1781
30	1.2267	1.5999	0.1272	-0.0301	0.3799	5.7594	3.1620	-1.1794
31	1.2209	1.5063	0.1260	-0.0538	0.0055	5.7490	3.2090	-1.2003
32	1.2210	1.5072	0.1272	-0.0541	0.0093	5.8155	3.2440	-1.2472
33	1.2208	1.5085	0.1260	-0.0555	0.0147	5.9911	3.0910	-1.2257
34	1.2207	1.5104	0.1290	-0.0569	0.0225	5.1256	2.8650	-1.1980
35	1.2209	1.5128	0.1260	-0.0569	0.0327	6.0533	2.6940	-1.2140
36	1.2212	1.5159	0.1266	-0.0564	0.0455	6.3140	2.7640	-1.2790
37	1.2219	1.5194	0.1178	-0.0543	0.0599	6.9256	2.7100	-1.2767
38	1.2228	1.5241	0.1290	-0.0514	0.0793	6.0865	2.6360	-1.3135
39	1.2240	1.5294	0.1266	-0.0473	0.1012	5.9851	2.6240	-1.3226
40	1.2259	1.5341	0.1260	-0.0400	0.1209	5.5499	2.5740	-1.3412
41	1.2378	1.5490	0.1172	0.0073	0.1815	7.4064	2.5960	-1.3764
42	1.2376	1.5497	0.1284	0.0059	0.1855	6.0230	2.6590	-1.3985
43	1.2380	1.5505	0.1278	0.0074	0.1900	6.0662	2.7050	-1.4164
44	1.2392	1.5508	0.1284	0.0120	0.1927	6.0243	2.6880	-1.4391
45	1.2400	1.5527	0.1266	0.0149	0.2017	6.1527	2.6400	-1.4816
46	1.2409	1.5565	0.1260	0.0182	0.2182	6.5561	2.4910	-1.4111
47	1.2422	1.5600	0.1260	0.0231	0.2335	6.4066	2.5680	-1.5411
48	1.2443	1.5641	0.1284	0.0315	0.2515	6.2082	2.6000	-1.5391
49	1.2479	1.5684	0.1266	0.0460	0.2706	6.2762	2.6550	-1.5906
50	1.2509	1.5720	0.1278	0.0577	0.2866	6.4568	2.7990	-1.6598
51	1.2151	1.5397	0.1266	-0.0863	0.1586	6.3851	2.5720	-1.5673
52	1.2138	1.5405	0.1266	-0.0922	0.1627	6.4761	2.6820	-1.6569
53	1.2129	1.5414	0.1272	-0.0969	0.1672	6.2558	2.6030	-1.6450
54	1.2131	1.5423	0.1248	-0.0970	0.1721	6.6344	2.7060	-1.7223
55	1.2135	1.5438	0.1260	-0.0962	0.1791	6.5221	2.8080	-1.7611
56	1.2143	1.5453	0.1248	-0.0938	0.1862	6.6970	3.1620	-1.8918
57	1.2152	1.5471	0.1254	-0.0911	0.1948	6.5977	3.3020	-1.9532
58	1.2162	1.5488	0.1260	-0.0881	0.2028	6.9171	3.3150	-1.9541
59	1.2173	1.5514	0.1266	-0.0846	0.2143	6.7552	3.4250	-2.0170
60	1.2183	1.5528	0.1315	-0.0812	0.2214	6.4387	3.5040	-2.0583
61	1.2625	1.5487	0.1248	0.0959	0.2061	6.8994	3.5280	-2.0886
62	1.2638	1.5505	0.1272	0.1014	0.2145	7.0046	3.5790	-2.1510
63	1.2653	1.5530	0.1178	0.1078	0.2257	7.6287	3.5390	-2.1275
64	1.2674	1.5560	0.1284	0.1167	0.2393	6.7406	3.4840	-2.1831
65	1.2696	1.5597	0.1248	0.1257	0.2558	5.9698	3.4290	-2.1989
66	1.2720	1.5637	0.1266	0.1358	0.2732	6.9003	3.4790	-2.2576
67	1.2750	1.5678	0.1254	0.1486	0.2913	7.0151	3.4870	-2.2704
68	1.2782	1.5720	0.1201	0.1623	0.3099	7.8655	3.6910	-2.3754
69	1.2817	1.5768	0.1278	0.1767	0.3309	6.7892	3.6560	-2.3794
70	1.2844	1.5812	0.1290	0.1885	0.3507	6.1353	3.6910	-2.4498
71	1.2236	1.5526	0.1272	-0.0552	0.2373	7.0915	3.6500	-2.4233
72	1.2255	1.5528	0.1189	-0.0482	0.2398	7.0547	3.7540	-2.5063
73	1.2274	1.5510	0.1260	-0.0414	0.2339	6.9388	3.8490	-2.5384
74	1.2288	1.5497	0.1272	-0.0364	0.2296	7.1248	3.7380	-2.5539
75	1.2304	1.5485	0.1236	-0.0302	0.2261	7.5262	3.5380	-2.5600
76	1.2320	1.5485	0.1278	-0.0245	0.2272	7.0545	3.2880	-2.5452
77	1.2336	1.5488	0.1242	-0.0185	0.2297	7.6375	3.1300	-2.5370
78	1.2344	1.5501	0.1284	-0.0154	0.2363	6.9834	2.8910	-2.5265
79	1.2355	1.5521	0.1278	-0.0113	0.2457	7.2672	2.6620	-2.4936
80	1.2363	1.5543	0.1260	-0.0088	0.2557	7.4482	2.5230	-2.4842
81	1.2126	1.5333	0.1254	-0.1044	0.1727	7.7261	2.4730	-2.5014
82	1.2118	1.5341	0.1272	-0.1086	0.1768	6.4730	2.5300	-2.5244
83	1.2112	1.5357	0.1236	-0.1120	0.1841	7.1687	0.5370	-1.3074
84	1.2108	1.5378	0.1278	-0.1145	0.1932	6.6383	2.4000	-2.4283
85	1.2107	1.5405	0.1284	-0.1159	0.2049	7.0689	2.5610	-2.5062
86	1.2112	1.5431	0.1284	-0.1149	0.2164	7.4601	3.1450	-2.6290
87	1.2123	1.5439	0.1260	-0.1113	0.2207	7.4802	2.3640	-2.4360
88	1.2152	1.5452	0.1278	-0.1006	0.2271	7.4743	2.3100	-2.4680
89	1.2193	1.5465	0.1266	-0.0849	0.2337	7.8309	2.3560	-2.5020
90	1.2220	1.5474	0.1272	-0.0747	0.2383	6.8256	2.3670	-2.4970
91	1.2491	1.5273	0.1266	0.0336	0.1586	7.4535	2.4800	-2.5236
92	1.2488	1.5286	0.1178	0.0321	0.1643	8.9611	2.3750	-2.5102
93	1.2483	1.5297	0.1248	0.0303	0.1698	7.9049	2.1680	-2.4204
94	1.2479	1.5309	0.1284	0.0287	0.1752	6.7347	2.2600	-2.4588
95	1.2465	1.5322	0.1266	0.0227	0.1813	7.5718	2.0740	-2.3820
96	1.2456	1.5339	0.1284	0.0191	0.1890	7.8670	2.0050	-2.4062
97	1.2447	1.5359	0.1178	0.0155	0.1978	8.9950	1.9380	-2.3836
98	1.2433	1.5385	0.1266	0.0097	0.2090	7.9640	2.0000	-2.4000
99	1.2429	1.5407	0.1284	0.0081	0.2188	7.7779	2.2410	-2.4702
100	1.2427	1.5432	0.1266	0.0070	0.2301	8.0799	2.4200	-2.5172
101	1.2460	1.5420	0.1242	0.0201	0.2264	8.0973	2.4850	-2.5214
102	1.2470	1.5435	0.1278	0.0238	0.2334	7.7565	2.5260	-2.5100
103	1.2474	1.5446	0.1236	0.0256	0.2390	8.2907	2.5900	-2.5152
104	1.2481	1.5453	0.1272	0.0282	0.2428	7.9515	2.4530	-2.4670
105	1.2500	1.5459	0.1248	0.0356	0.2462	8.0908	2.4340	-2.5052
106	1.2517	1.5465	0.1272	0.0426	0.2497	7.9474	2.4270	-2.5054
107	1.2534	1.5476	0.1260	0.0496	0.2557	8.0633	2.4680	-2.4984
108	1.2563	1.5486	0.1266	0.0615	0.2609	8.2020	2.6610	-2.5730
109	1.2606	1.5507	0.1266	0.0787	0.2705	7.9342	2.8920	-2.6056
110	1.2637	1.5523	0.1284	0.0915	0.2782	7.2125	2.7640	-2.5392
111	1.2377	1.5544	0.1278	-0.0127	0.2879	8.0184	2.5340	-2.5172
112	1.2385	1.5541	0.1266	-0.0098	0.2880	8.1346	2.4370	-2.4874
113	1.2382	1.5551	0.1266	-0.0115	0.2932	8.2859	2.3530	-2.4666
114	1.2370	1.5570	0.1272	-0.0164	0.3026	8.1846	2.4310	-2.4862
115	1.2337	1.5588	0.1260	-0.0302	0.3112	8.3598	2.4590	-2.4798
116	1.2313	1.5599	0.1266	-0.0403	0.3168	8.2592	2.2790	-2.3938
117	1.2287	1.5625	0.1260	-0.0512	0.3288	8.4825	2.2490	-2.4162
118	1.2257	1.5662	0.1266	-0.0639	0.3454	8.8041	2.1270	-2.3730
119	1.2228	1.5696	0.1272	-0.0760	0.3609	8.3396	2.1890	-2.4306
120	1.2212	1.5716	0.1278	-0.0833	0.3706	8.4660	2.1180	-2.4168
121	1.1944	1.4525	0.1160	-0.1915	-0.1070	9.6055	2.1550	-2.4278
122	1.1948	1.4526	0.1266	-0.1915	-0.1079	8.4267	2.3100	-2.4992
123	1.1977	1.4552	0.1254	-0.1813	-0.0987	8.5421	2.2750	-2.4378
124	1.2021	1.4571	0.1254	-0.1648	-0.0921	8.6929	2.2080	-2.4292
125	1.2082	1.4604	0.1272	-0.1416	-0.0797	8.3887	2.0360	-2.4088
126	1.2157	1.4664	0.1290	-0.1124	-0.0567	8.5016	1.9210	-2.3590
127	1.2221	1.4718	0.1254	-0.0874	-0.0357	8.7259	1.9060	-2.3876
128	1.2289	1.4756	0.1266	-0.0606	-0.0211	8.1395	1.7700	-2.3504
129	1.2339	1.4820	0.1160	-0.0412	0.0041	9.8542	1.4080	-2.2488
130	1.2384	1.4889	0.1272	-0.0236	0.0315	8.7169	1.2240	-2.2348
131	1.3314	1.4249	0.1272	0.3508	-0.2267	8.6821	1.2670	-2.2742
132	1.3331	1.4287	0.1272	0.3595	-0.2133	8.8331	1.2670	-2.2394
133	1.3361	1.4349	0.1260	0.3735	-0.1902	8.8226	1.2460	-2.2228
134	1.3368	1.4469	0.1278	0.3786	-0.1433	8.9373	1.1590	-2.2150
135	1.3375	1.4640	0.1272	0.3835	-0.0759	9.1620	1.1290	-2.2258
136	1.3402	1.4800	0.1278	0.3966	-0.0122	8.9384	1.1980	-2.2440
137	1.3420	1.4915	0.1284	0.4062	0.0334	8.6567	1.2840	-2.2628
138	1.3451	1.5055	0.1284	0.4207	0.0897	8.9277	1.2980	-2.2524
139	1.3491	1.5185	0.1248	0.4393	0.1422	9.0913	1.1380	-2.2188
140	1.3514	1.5287	0.1195	0.4509	0.1837	9.8728	0.9730	-2.2054
141	1.2463	1.4091	0.1254	0.0305	-0.2972	9.0697	1.2990	-2.2982
142	1.2448	1.4102	0.1254	0.0244	-0.2949	9.2807	1.1660	-2.2300
143	1.2432	1.4115	0.1266	0.0180	-0.2918	9.0479	1.1220	-2.2188
144	1.2421	1.4133	0.1260	0.0132	-0.2870	9.4514	1.0900	-2.2056
145	1.2411	1.4149	0.1254	0.0092	-0.2827	8.5470	0.8230	-2.1566
146	1.2398	1.4152	0.1178	0.0037	-0.2836	10.2033	0.6530	-2.1310
147	1.2399	1.4149	0.1254	0.0039	-0.2870	9.3765	0.6840	-2.1248
148	1.2381	1.4149	0.1266	-0.0037	-0.2889	9.2635	0.4330	-2.0518
149	1.2357	1.4133	0.1254	-0.0137	-0.2975	9.4385	0.6680	-2.1424
150	1.2350	1.4117	0.1260	-0.0168	-0.3062	9.5722	0.6030	-2.0934
151	1.2136	1.4992	0.1272	-0.1035	0.0438	9.1531	0.7500	-2.1472
152	1.2147	1.5001	0.1290	-0.0998	0.0475	9.1458	0.9000	-2.2072
153	1.2160	1.5005	0.1236	-0.0956	0.0490	9.6457	1.2050	-2.2670
154	1.2170	1.4979	0.1272	-0.0921	0.0384	9.4860	1.3220	-2.2536
155	1.2175	1.4968	0.1242	-0.0910	0.0340	8.7589	1.2480	-2.2112
156	1.2187	1.4952	0.1272	-0.0871	0.0276	9.4883	1.2430	-2.2242
157	1.2202	1.4922	0.1230	-0.0818	0.0154	10.2018	1.1800	-2.2332
158	1.2207	1.4895	0.1189	-0.0806	0.0044	10.6052	1.1610	-2.2590
159	1.2196	1.4883	0.1272	-0.0856	-0.0009	9.4018	1.1610	-2.2350
160	1.2181	1.4888	0.1290	-0.0925	0.0008	9.4484	1.4200	-2.2958
161	1.2517	1.5570	0.1266	0.0420	0.2751	9.5835	1.6170	-2.3154
162	1.2504	1.5557	0.1278	0.0369	0.2712	8.8212	1.5710	-2.3118
163	1.2515	1.5532	0.1195	0.0412	0.2625	10.6782	1.7580	-2.3824
164	1.2548	1.5501	0.1278	0.0544	0.2517	9.5921	1.7140	-2.3392
165	1.2607	1.5477	0.1284	0.0783	0.2432	9.4910	1.7890	-2.3866
166	1.2691	1.5453	0.1260	0.1124	0.2345	9.8708	1.6280	-2.3020
167	1.2780	1.5428	0.1260	0.1488	0.2256	9.0774	1.4620	-2.2712
168	1.2879	1.5392	0.1166	0.1894	0.2125	11.0621	1.4830	-2.3078
169	1.2953	1.5370	0.1266	0.2201	0.2044	10.0129	1.5640	-2.3376
170	1.3008	1.5349	0.1278	0.2433	0.1971	9.7726	1.7650	-2.3942
171	1.2496	1.4926	0.1260	0.0385	0.0275	10.0742	2.0580	-2.3324
172	1.2509	1.4894	0.1278	0.0439	0.0144	9.0618	2.2580	-2.4436
173	1.2510	1.4843	0.1260	0.0440	-0.0065	10.0767	2.3040	-2.4872
174	1.2492	1.4801	0.1266	0.0369	-0.0236	10.4583	2.4150	-2.4926
175	1.2477	1.4748	0.1272	0.0310	-0.0453	9.9339	2.3910	-2.4610
176	1.2462	1.4682	0.1284	0.0246	-0.0726	10.0603	2.3830	-2.4882
177	1.2459	1.4598	0.1254	0.0236	-0.1071	9.2176	2.4550	-2.5114
178	1.2454	1.4493	0.1272	0.0215	-0.1505	10.2684	2.5830	-2.5310
179	1.2440	1.4398	0.1254	0.0155	-0.1900	10.1560	2.7870	-2.5778
180	1.2429	1.4340	0.1278	0.0112	-0.2150	10.3667	2.7600	-2.5580
181	1.2410	1.5264	0.1284	0.0032	0.1555	10.2580	2.9780	-2.6456
182	1.2445	1.5244	0.1195	0.0169	0.1480	11.1115	3.1530	-2.6422
183	1.2502	1.5209	0.1266	0.0399	0.1345	10.4708	3.2610	-2.6790
184	1.2580	1.5183	0.1278	0.0714	0.1245	9.8785	3.5730	-2.7306
185	1.2661	1.5154	0.1260	0.1042	0.1132	10.3044	3.6630	-2.7478
186	1.2743	1.5125	0.1284	0.1376	0.1022	10.5885	3.8770	-2.8002
187	1.2823	1.5089	0.1183	0.1704	0.0880	11.2268	3.8510	-2.7738
188	1.2893	1.5077	0.1290	0.1993	0.0833	10.2751	3.8310	-2.7902
189	1.2944	1.5084	0.1254	0.2208	0.0865	10.4412	3.6900	-2.7644
190	1.2983	1.5099	0.1278	0.2377	0.0923	10.5973	3.4260	-2.6520
191	1.2714	1.5309	0.1260	0.1305	0.1774	10.6576	3.6000	-2.7216
192	1.2713	1.5300	0.1266	0.1306	0.1744	9.8481	3.9070	-2.7822
193	1.2709	1.5270	0.1248	0.1296	0.1632	10.6243	3.9630	-2.8018
194	1.2687	1.5225	0.1260	0.1213	0.1457	10.8713	3.7550	-2.7282
195	1.2693	1.5197	0.1248	0.1240	0.1348	10.9253	3.7840	-2.7772
196	1.2696	1.5163	0.1266	0.1258	0.1218	10.8009	3.6960	-2.7072
197	1.2706	1.5105	0.1272	0.1302	0.0990	10.4016	3.4390	-2.6138
198	1.2738	1.5049	0.1272	0.1438	0.0764	10.7929	3.3140	-2.6644
199	1.2777	1.4997	0.1254	0.1601	0.0557	10.8002	3.1250	-2.6018
200	1.2806	1.4949	0.1230	0.1724	0.0364	10.5219	3.0040	-2.5912
201	1.2507	1.5034	0.1254	0.0530	0.0705	11.0902	2.6960	-2.5368
202	1.2535	1.5049	0.1284	0.0642	0.0768	9.8156	2.4330	-2.5430
203	1.2569	1.5061	0.1272	0.0777	0.0817	10.8762	2.5020	-2.5004
204	1.2597	1.5067	0.1149	0.0895	0.0844	12.3868	2.5960	-2.5252
205	1.2616	1.5058	0.1178	0.0970	0.0805	11.9530	3.1220	-2.6468
206	1.2644	1.5043	0.1254	0.1086	0.0748	11.2464	3.1600	-2.6364
207	1.2662	1.5014	0.1266	0.1163	0.0634	10.9536	3.0510	-2.5550
208	1.2675	1.5008	0.1266	0.1222	0.0608	11.4672	2.7890	-2.5338
209	1.2644	1.5005	0.1260	0.1098	0.0596	11.3877	2.6840	-2.5152
210	1.2615	1.4997	0.1272	0.0985	0.0566	11.3896	2.8000	-2.5768
211	1.2306	1.5754	0.1254	-0.0254	0.3611	11.3883	2.9450	-2.6290
212	1.2321	1.5806	0.1266	-0.0200	0.3838	11.3957	3.1000	-2.6092
213	1.2365	1.5868	0.1248	-0.0026	0.4109	11.2223	3.0740	-2.6528
214	1.2429	1.5888	0.1290	0.0227	0.4212	11.1675	3.0670	-2.5866
215	1.2523	1.5869	0.1154	0.0603	0.4156	12.4076	2.9780	-2.5536
216	1.2613	1.5828	0.1272	0.0968	0.4012	11.3880	2.6850	-2.5142
217	1.2682	1.5787	0.1260	0.1246	0.3868	11.2632	2.2650	-2.4438
218	1.2738	1.5788	0.1278	0.1479	0.3894	11.3772	2.1880	-2.4068
219	1.2797	1.5804	0.1260	0.1722	0.3978	10.6778	2.1380	-2.4688
220	1.2824	1.5796	0.1266	0.1837	0.3965	10.6247	1.9140	-2.3340
221	1.2816	1.5502	0.1284	0.1812	0.2800	10.3747	1.7330	-2.3630
222	1.2824	1.5511	0.1254	0.1852	0.2851	11.5856	1.8470	-2.4330
223	1.2833	1.5547	0.1260	0.1897	0.3008	11.5449	1.4990	-2.2846
224	1.2844	1.5602	0.1272	0.1949	0.3242	11.7327	1.6610	-2.3758
225	1.2848	1.5663	0.1254	0.1976	0.3505	11.6183	1.4070	-2.2758
226	1.2859	1.5719	0.1296	0.2026	0.3745	10.5524	1.5460	-2.3300
227	1.2835	1.5789	0.1178	0.1940	0.4047	12.5396	1.1260	-2.2264
228	1.2813	1.5818	0.1278	0.1859	0.4183	11.7851	1.6370	-2.3834
229	1.2772	1.5827	0.1260	0.1705	0.4240	11.6115	1.9550	-2.4178
230	1.2743	1.5850	0.1284	0.1591	0.4353	11.5866	2.1270	-2.4398
231	1.2396	1.5976	0.1266	0.0202	0.4879	11.5890	2.2660	-2.4620
232	1.2382	1.5977	0.1172	0.0142	0.4910	12.7513	2.3390	-2.4522
233	1.2368	1.5941	0.1248	0.0085	0.4788	11.5709	2.3170	-2.4366
234	1.2343	1.5870	0.1278	-0.0021	0.4528	10.7181	2.5910	-2.6358
235	1.2312	1.5762	0.1248	-0.0150	0.4113	11.9899	2.4620	-2.4304
236	1.2253	1.5653	0.1254	-0.0391	0.3693	12.3105	2.2630	-2.4262
237	1.2200	1.5538	0.1284	-0.0610	0.3249	11.4999	2.0840	-2.4240
238	1.2141	1.5399	0.1254	-0.0856	0.2701	12.3122	1.6330	-2.3274
239	1.2115	1.5272	0.1242	-0.0970	0.2199	11.9485	1.6450	-2.2598
240	1.2106	1.5183	0.1260	-0.1013	0.1847	11.9901	1.4650	-2.1710
241	1.2656	1.5389	0.1254	0.1190	0.2684	11.6722	1.6330	-2.3754
242	1.2643	1.5397	0.1166	0.1142	0.2723	12.9973	1.2140	-2.2596
243	1.2631	1.5432	0.1236	0.1095	0.2873	12.1872	1.0660	-2.1136
244	1.2612	1.5483	0.1266	0.1022	0.3091	11.8601	1.3610	-2.2702
245	1.2579	1.5521	0.1242	0.0892	0.3254	12.1785	1.1890	-2.2730
246	1.2559	1.5550	0.1278	0.0816	0.3388	11.9566	0.9590	-2.1162
247	1.2549	1.5596	0.1172	0.0776	0.3586	13.2045	1.2970	-2.2970
248	1.2536	1.5660	0.1248	0.0725	0.3858	12.7409	1.1920	-2.2544
249	1.2535	1.5719	0.1230	0.0722	0.4113	12.5054	0.8880	-2.1748
250	1.2536	1.5740	0.1189	0.0726	0.4214	12.9581	0.7810	-2.0802
251	1.2584	1.5439	0.1236	0.0920	0.3020	12.3600	0.5840	-2.1212
252	1.2594	1.5448	0.1260	0.0963	0.3068	12.3430	0.4000	-2.1244
253	1.2589	1.5455	0.1236	0.0945	0.3108	12.3643	-0.0160	-1.9132
254	1.2579	1.5436	0.1248	0.0909	0.3043	12.5498	0.0530	-2.0860
255	1.2546	1.5403	0.1242	0.0777	0.2921	12.4737	-0.0210	-2.0869
256	1.2499	1.5378	0.1236	0.0589	0.2831	12.8749	-0.1320	-2.0088
257	1.2434	1.5364	0.1154	0.0326	0.2781	13.5882	-0.1550	-2.0086
258	1.2388	1.5355	0.1236	0.0140	0.2754	12.8181	-0.1610	-2.0321
259	1.2340	1.5344	0.1278	-0.0055	0.2719	12.2275	-0.1470	-1.9165
260	1.2307	1.5337	0.1195	-0.0194	0.2702	13.3029	0.0420	-2.0865
261	1.2726	1.5368	0.1213	0.1490	0.2834	12.8215	0.4470	-2.0884
262	1.2695	1.5396	0.1172	0.1370	0.2957	13.8189	0.3200	-2.0404
263	1.2681	1.5413	0.1224	0.1319	0.3033	12.7901	0.0330	-2.0023
264	1.2653	1.5452	0.1254	0.1211	0.3199	12.4650	0.1190	-2.0193
265	1.2597	1.5499	0.1272	0.0988	0.3401	12.8172	-0.0990	-1.9623
266	1.2535	1.5536	0.1254	0.0741	0.3564	12.5862	0.1150	-2.0780
267	1.2479	1.5588	0.1242	0.0515	0.3785	12.9985	-0.0750	-1.9904
268	1.2408	1.5665	0.1248	0.0231	0.4112	12.7201	-0.1740	-1.8764
269	1.2352	1.5745	0.1236	0.0004	0.4451	13.0134	0.1650	-2.1149
270	1.2297	1.5803	0.1272	-0.0223	0.4703	12.7933	0.1480	-2.0860
271	1.2532	1.5632	0.1266	0.0718	0.4034	12.8307	0.1530	-2.1451
272	1.2542	1.5654	0.1242	0.0759	0.4136	13.0297	0.0630	-2.0828
273	1.2550	1.5661	0.1230	0.0792	0.4184	13.2034	-0.0260	-1.9888
274	1.2562	1.5675	0.1284	0.0842	0.4256	12.7672	0.2200	-2.1248
275	1.2579	1.5687	0.1242	0.0912	0.4320	13.4828	-0.0580	-1.9760
276	1.2576	1.5685	0.1248	0.0904	0.4329	12.9057	-0.0500	-1.9469
277	1.2587	1.5657	0.1224	0.0949	0.4235	13.4001	-0.3000	-1.7280
278	1.2597	1.5658	0.1242	0.0991	0.4255	13.0997	-0.9000	-1.4705
279	1.2609	1.5639	0.1242	0.1042	0.4193	13.1905	-0.2850	-1.9358
280	1.2637	1.5604	0.1236	0.1158	0.4070	13.2278	-0.0870	-1.9424
281	1.2550	1.5650	0.1149	0.0810	0.4269	14.3024	-0.4890	-1.8271
282	1.2560	1.5648	0.1230	0.0850	0.4278	13.2975	-0.1900	-1.9903
283	1.2582	1.5620	0.1224	0.0941	0.4181	13.5187	-0.2830	-1.8247
284	1.2598	1.5581	0.1195	0.1009	0.4040	13.8432	0.1550	-2.0111
285	1.2588	1.5514	0.1230	0.0970	0.3786	13.5114	-0.0190	-1.9432
286	1.2571	1.5469	0.1230	0.0906	0.3618	13.4250	0.3290	-2.1368
287	1.2553	1.5407	0.1236	0.0834	0.3376	13.5633	0.3510	-1.9834
288	1.2529	1.5344	0.1236	0.0738	0.3134	13.9540	0.1320	-2.0067
289	1.2547	1.5271	0.1154	0.0811	0.2849	14.3702	0.7270	-2.0794
290	1.2572	1.5201	0.1230	0.0912	0.2576	12.9052	0.4300	-2.0248
291	1.2520	1.5966	0.1143	0.0705	0.5659	14.7954	0.1780	-2.0008
292	1.2526	1.5956	0.1248	0.0730	0.5643	13.5669	0.6060	-2.1904
293	1.2498	1.5932	0.1224	0.0618	0.5570	12.8937	0.2610	-2.0954
294	1.2482	1.5906	0.1166	0.0555	0.5489	14.6757	0.9690	-2.2050
295	1.2470	1.5854	0.1230	0.0506	0.5302	13.6996	0.7670	-2.1842
296	1.2448	1.5800	0.1260	0.0417	0.5106	13.6108	1.2540	-2.2800
297	1.2418	1.5732	0.1213	0.0292	0.4852	14.0931	0.8880	-2.0464
298	1.2415	1.5670	0.1248	0.0279	0.4621	12.9971	1.0630	-2.2686
299	1.2412	1.5590	0.1143	0.0265	0.4316	14.8729	0.2490	-1.9682
300	1.2394	1.5530	0.1266	0.0189	0.4091	13.8995	0.3350	-2.0774
301	1.2231	1.5402	0.1230	-0.0470	0.3587	14.2338	0.0020	-2.0120
302	1.2179	1.5408	0.1248	-0.0683	0.3621	13.6943	0.2000	-1.9648
303	1.2127	1.5396	0.1260	-0.0900	0.3583	13.7598	-0.4330	-1.8459
304	1.2076	1.5358	0.1254	-0.1116	0.3440	13.8631	-2.2440	-1.2618
305	1.2031	1.5326	0.1242	-0.1308	0.3320	13.9782	-0.6380	-1.9008
306	1.2006	1.5283	0.1236	-0.1421	0.3157	14.0809	-0.4300	-1.8722
307	1.1971	1.5282	0.1236	-0.1574	0.3159	14.0530	-0.1900	-1.9549
308	1.1926	1.5299	0.1230	-0.1769	0.3233	13.6291	-0.7850	-1.7634
309	1.1899	1.5313	0.1230	-0.1892	0.3299	14.4254	-0.3400	-1.9083
310	1.1878	1.5317	0.1242	-0.1991	0.3321	14.1293	-0.4660	-1.9013
311	1.2094	1.5693	0.1213	-0.1137	0.4842	14.3911	0.4770	-2.1292
312	1.2064	1.5671	0.1278	-0.1267	0.4773	13.9331	0.0640	-2.0236
313	1.2035	1.5651	0.1260	-0.1395	0.4708	13.3017	0.6560	-2.2098
314	1.2012	1.5634	0.1248	-0.1498	0.4655	14.5363	0.0010	-1.9277
315	1.1981	1.5625	0.1248	-0.1635	0.4635	14.5073	0.1070	-2.0007
316	1.1952	1.5598	0.1302	-0.1764	0.4542	13.8864	-0.0420	-1.9546
317	1.1902	1.5587	0.1218	-0.1983	0.4513	14.6862	0.1610	-2.0974
318	1.1865	1.5574	0.1278	-0.2146	0.4476	14.2410	0.4970	-2.0242
319	1.1806	1.5569	0.1207	-0.2399	0.4470	14.8901	0.2330	-2.0473
320	1.1744	1.5572	0.1260	-0.2664	0.4498	14.1563	0.6270	-2.1216
321	1.2458	1.5520	0.1278	0.0190	0.4301	14.2622	0.4260	-2.1268
322	1.2492	1.5510	0.1266	0.0327	0.4274	14.5583	0.7120	-2.2072
323	1.2528	1.5490	0.1278	0.0472	0.4206	14.1454	0.0900	-1.9732
324	1.2564	1.5476	0.1242	0.0617	0.4162	14.6677	0.0430	-2.0584
325	1.2644	1.5444	0.1154	0.0941	0.4045	15.9901	0.2390	-2.0478
326	1.2734	1.5414	0.1178	0.1307	0.3935	15.5057	-0.1210	-2.1091
327	1.2811	1.5362	0.1242	0.1619	0.3736	15.0022	0.4090	-2.0846
328	1.2889	1.5300	0.1260	0.1941	0.3496	14.3414	0.0580	-1.9316
329	1.2959	1.5260	0.1224	0.2236	0.3342	15.3383	0.0820	-2.0770
330	1.3024	1.5224	0.1149	0.2507	0.3204	15.7330	0.1140	-2.0228
331	1.2560	1.5400	0.1248	0.0653	0.3918	15.0436	-0.5530	-1.7467
332	1.2571	1.5402	0.1278	0.0698	0.3936	14.6542	-1.3670	-1.7119
333	1.2583	1.5410	0.1236	0.0748	0.3978	14.3044	-1.1280	-1.7350
334	1.2585	1.5392	0.1266	0.0759	0.3916	14.8617	-1.8780	-1.5727
335	1.2569	1.5372	0.1266	0.0697	0.3845	14.7727	-1.8260	-1.4724
336	1.2543	1.5364	0.1284	0.0594	0.3821	14.7664	-2.4700	-1.3812
337	1.2527	1.5342	0.1242	0.0531	0.3743	15.3623	-2.1100	-1.5275
338	1.2501	1.5318	0.1248	0.0427	0.3657	13.9730	-2.9810	-1.2679
339	1.2473	1.5297	0.1272	0.0315	0.3580	14.8263	-3.3470	-1.0276
340	1.2448	1.5270	0.1254	0.0215	0.3479	14.8291	-4.0099	-0.9256
341	1.2412	1.5323	0.1254	0.0067	0.3699	15.2119	-4.4500	-0.8525
342	1.2395	1.5306	0.1260	-0.0003	0.3638	15.0512	-4.2620	-0.8331
343	1.2377	1.5291	0.1272	-0.0081	0.3585	14.3483	-4.1650	-0.8542
344	1.2349	1.5262	0.1242	-0.0195	0.3475	15.5691	-4.8000	-0.5118
345	1.2313	1.5235	0.1260	-0.0346	0.3372	15.3857	-4.4550	-0.7138
346	1.2277	1.5215	0.1183	-0.0492	0.3296	16.0966	-5.3930	-0.3991
347	1.2216	1.5181	0.1248	-0.0744	0.3167	15.3518	-5.3970	-0.3099
348	1.2181	1.5128	0.1248	-0.0892	0.2959	15.5626	-5.7130	-0.3053
349	1.2128	1.5072	0.1254	-0.1115	0.2735	15.4619	-5.5410	-0.0528
350	1.2073	1.5030	0.1284	-0.1344	0.2568	15.0056	-5.5450	-0.2532
351	1.2660	1.5572	0.1242	0.1008	0.4749	15.7749	-5.4700	-0.0911
352	1.2642	1.5579	0.1272	0.0939	0.4794	15.3260	-5.2180	-0.1782
353	1.2606	1.5601	0.1207	0.0798	0.4896	15.9027	-5.3470	-0.2103
354	1.2576	1.5638	0.1254	0.0680	0.5059	15.4848	-6.3280	0.2142
355	1.2520	1.5640	0.1195	0.0456	0.5085	15.1730	-5.1440	-0.1164
356	1.2502	1.5651	0.1224	0.0384	0.5146	15.6082	-6.7020	0.4764
357	1.2462	1.5693	0.1207	0.0223	0.5331	15.6754	-6.3060	0.1783
358	1.2432	1.5709	0.1272	0.0102	0.5412	15.1581	-6.2660	0.4258
359	1.2448	1.5735	0.1260	0.0164	0.5533	15.5116	-6.9300	0.6326
360	1.2444	1.5791	0.1236	0.0147	0.5779	16.1839	-7.7810	0.8579
361	1.2380	1.4826	0.1230	-0.0112	0.1913	15.8013	-7.7720	0.7659
362	1.2367	1.4816	0.1254	-0.0169	0.1869	15.6066	-6.6660	0.7041
363	1.2394	1.4780	0.1248	-0.0063	0.1719	15.5319	-7.3860	0.9560
364	1.2403	1.4746	0.1218	-0.0028	0.1577	15.9788	-6.2600	0.6314
365	1.2417	1.4666	0.1242	0.0027	0.1248	15.6679	-5.8870	0.6513
366	1.2470	1.4536	0.1213	0.0235	0.0717	16.0543	-5.1600	0.5827
367	1.2560	1.4356	0.1230	0.0598	-0.0019	15.9921	-4.6640	0.5793
368	1.2684	1.4156	0.1160	0.1099	-0.0840	16.9230	-4.0480	0.4846
369	1.2850	1.3956	0.1236	0.1773	-0.1666	16.0440	-4.0040	0.5366
370	1.2986	1.3796	0.1236	0.2326	-0.2337	16.1290	-3.4760	0.3931
371	1.2646	1.4730	0.1218	0.0971	0.1393	16.0711	-3.1480	0.4608
372	1.2656	1.4700	0.1218	0.1015	0.1265	15.5214	-2.7380	0.3783
373	1.2616	1.4700	0.1132	0.0858	0.1258	17.1772	-2.9650	0.5655
374	1.2530	1.4750	0.1218	0.0515	0.1451	16.4047	-3.1510	0.5347
375	1.2411	1.4831	0.1236	0.0036	0.1770	16.0460	-3.8090	0.7642
376	1.2243	1.4941	0.1254	-0.0642	0.2211	16.0409	-4.4460	0.9363
377	1.2048	1.5102	0.1224	-0.1432	0.2857	15.3828	-5.1600	1.0463
378	1.1852	1.5296	0.1248	-0.2235	0.3641	15.9997	-5.4320	1.1949
379	1.1656	1.5494	0.1224	-0.3040	0.4445	16.1400	-5.0650	1.0983
380	1.1496	1.5654	0.1236	-0.3705	0.5102	16.3180	-4.7500	1.1108
381	1.2680	1.5380	0.1224	0.1037	0.4014	16.6641	-4.3920	1.0749
382	1.2658	1.5402	0.1224	0.0953	0.4112	15.5867	-3.4310	0.8492
383	1.2614	1.5444	0.1213	0.0780	0.4292	16.4548	-3.1430	0.8734
384	1.2548	1.5481	0.1230	0.0517	0.4449	16.6294	-2.6120	0.7480
385	1.2452	1.5499	0.1160	0.0132	0.4535	17.1464	-2.1220	0.6546
386	1.2362	1.5483	0.1242	-0.0231	0.4484	16.5510	-1.6150	0.7364
387	1.2310	1.5440	0.1230	-0.0444	0.4321	16.6658	-3.5520	1.2211
388	1.2300	1.5404	0.1242	-0.0489	0.4189	16.4362	-5.5680	1.5840
389	1.2340	1.5380	0.1248	-0.0333	0.4100	16.4555	-7.6840	2.1106
390	1.2368	1.5383	0.1242	-0.0224	0.4124	16.2579	-9.5000	2.5825
391	1.2610	1.5030	0.1213	0.0746	0.2713	16.6969	-10.0390	2.7502
392	1.2668	1.5004	0.1230	0.0982	0.2609	15.9363	-12.5180	3.2937
393	1.2688	1.5000	0.1213	0.1067	0.2593	16.5855	-12.0210	3.1734
394	1.2706	1.4982	0.1224	0.1144	0.2520	16.8880	-13.5410	4.0103
395	1.2734	1.4990	0.1236	0.1262	0.2552	16.4246	-13.9260	3.7945
396	1.2780	1.4964	0.1236	0.1453	0.2447	16.8692	-14.5910	4.3862
397	1.2832	1.4956	0.1224	0.1669	0.2414	16.6893	-14.2780	4.1235
398	1.2883	1.4950	0.1230	0.1882	0.2389	16.9456	-15.1930	4.7750
399	1.2931	1.4958	0.1218	0.2087	0.2420	17.1190	-13.7670	4.1425
400	1.2965	1.4974	0.1172	0.2232	0.2483	17.8833	-14.4560	4.5851
401	1.1700	1.4764	0.1218	-0.2846	0.1637	17.4686	-12.6850	4.2596
402	1.1728	1.4718	0.1236	-0.2755	0.1446	16.6942	-12.7660	4.7828
403	1.1765	1.4666	0.1230	-0.2624	0.1230	16.9147	-12.5590	4.5114
404	1.1821	1.4576	0.1224	-0.2419	0.0859	17.0765	-10.9710	4.1654
405	1.1912	1.4460	0.1149	-0.2066	0.0382	18.0154	-12.4270	4.5754
406	1.2007	1.4354	0.1224	-0.1702	-0.0059	17.1409	-12.0110	4.3050
407	1.2099	1.4238	0.1242	-0.1344	-0.0542	17.0780	-14.0730	5.1598
408	1.2180	1.4108	0.1230	-0.1027	-0.1084	17.1927	-13.1200	4.5920
409	1.2272	1.3952	0.1230	-0.0666	-0.1734	17.3432	-14.2860	4.8572
410	1.2365	1.3808	0.1260	-0.0295	-0.2340	17.0707	-12.7730	4.3326
411	1.1922	1.5186	0.1213	-0.2082	0.3177	16.5027	-13.3940	4.5964
412	1.1960	1.5176	0.1236	-0.1944	0.3141	17.1773	-13.1180	4.7616
413	1.2012	1.5152	0.1218	-0.1748	0.3049	17.4815	-12.9970	4.4230
414	1.2094	1.5114	0.1218	-0.1430	0.2900	16.8141	-14.0580	4.7316
415	1.2198	1.5067	0.1224	-0.1021	0.2715	17.4163	-13.3730	4.8094
416	1.2324	1.5035	0.1272	-0.0522	0.2588	17.2918	-13.7840	4.6104
417	1.2457	1.4992	0.1137	0.0009	0.2414	18.5233	-14.5530	5.0634
418	1.2596	1.4947	0.1242	0.0568	0.2232	17.4166	-14.6690	5.2338
419	1.2741	1.4879	0.1201	0.1154	0.1959	16.8996	-14.6670	4.6622
420	1.2856	1.4821	0.1230	0.1621	0.1723	17.6763	-15.1160	5.1656
421	1.2018	1.5091	0.1236	-0.1742	0.2803	17.5119	-17.3540	5.5072
422	1.2064	1.5076	0.1143	-0.1569	0.2744	18.6023	-18.5450	6.0470
423	1.2144	1.5039	0.1213	-0.1257	0.2597	17.6827	-18.8660	5.8980
424	1.2254	1.4967	0.1254	-0.0824	0.2311	17.4527	-18.2310	5.6442
425	1.2410	1.4874	0.1230	-0.0202	0.1936	17.5927	-18.4550	5.6622
426	1.2581	1.4778	0.1254	0.0483	0.1546	17.3388	-20.6300	6.1768
427	1.2762	1.4701	0.1236	0.1214	0.1229	17.8221	-20.7910	6.0114
428	1.2948	1.4622	0.1242	0.1972	0.0902	17.6047	-20.1510	6.1902
429	1.3088	1.4555	0.1218	0.2546	0.0624	17.9143	-19.0840	5.7908
430	1.3282	1.4477	0.1230	0.3342	0.0301	17.8043	-17.9820	5.7220
431	1.2018	1.5094	0.1224	-0.1728	0.2770	17.1457	-18.2970	5.6594
432	1.2012	1.5096	0.1242	-0.1764	0.2781	17.7194	-18.3370	5.5650
433	1.2040	1.5084	0.1201	-0.1664	0.2735	18.1296	-17.1330	5.1690
434	1.2098	1.5058	0.1254	-0.1442	0.2631	16.9431	-16.3410	4.8982
435	1.2194	1.5010	0.1189	-0.1065	0.2441	18.4517	-17.0200	5.5960
436	1.2308	1.4968	0.1230	-0.0614	0.2273	18.1089	-17.3140	5.4964
437	1.2444	1.4933	0.1207	-0.0071	0.2128	18.3053	-18.9970	5.9426
438	1.2582	1.4867	0.1236	0.0483	0.1862	17.8660	-18.9670	5.8206
439	1.2718	1.4775	0.1207	0.1032	0.1489	18.3696	-18.8960	5.8284
440	1.2838	1.4678	0.1242	0.1521	0.1095	18.3266	-18.3080	5.7204
441	1.1970	1.4842	0.1236	-0.1965	0.1745	17.9488	-14.1700	4.4244
442	1.1992	1.4836	0.1137	-0.1889	0.1717	19.1665	-12.5490	4.1402
443	1.2016	1.4844	0.1230	-0.1806	0.1745	18.3203	-8.1840	3.1552
444	1.2050	1.4834	0.1266	-0.1681	0.1701	18.2205	-3.9330	2.6230
445	1.2118	1.4782	0.1218	-0.1418	0.1487	18.4655	-1.9770	2.0810
446	1.2196	1.4720	0.1278	-0.1114	0.1232	17.8998	1.6860	1.2748
447	1.2296	1.4630	0.1248	-0.0718	0.0863	18.5303	6.4090	0.2685
448	1.2410	1.4492	0.1260	-0.0265	0.0299	18.5986	10.4340	-0.2239
449	1.2530	1.4337	0.1236	0.0215	-0.0340	18.2008	12.8080	-1.1179
450	1.2616	1.4236	0.1254	0.0563	-0.0761	18.6601	16.5490	-2.2734
451	1.1862	1.5732	0.1189	-0.2470	0.5241	18.9856	19.0160	-2.6622
452	1.1880	1.5702	0.1248	-0.2413	0.5139	18.7881	23.1930	-3.8617
453	1.1920	1.5678	0.1207	-0.2268	0.5059	18.7790	23.7530	-3.4192
454	1.1946	1.5679	0.1160	-0.2177	0.5080	19.4865	23.2660	-4.2028
455	1.1978	1.5710	0.1218	-0.2062	0.5223	18.6429	25.5280	-4.7339
456	1.2016	1.5763	0.1284	-0.1923	0.5455	18.3615	29.0540	-5.9004
457	1.2036	1.5775	0.1230	-0.1854	0.5519	18.9194	32.8530	-6.7344
458	1.2058	1.5740	0.1236	-0.1777	0.5398	17.8852	34.3950	-7.3361
459	1.2094	1.5715	0.1207	-0.1643	0.5317	19.0287	34.0380	-7.3105
460	1.2118	1.5710	0.1230	-0.1557	0.5313	18.7651	34.2730	-7.8740
461	1.2060	1.6210	0.1213	-0.1800	0.7345	18.9438	34.2020	-7.9040
462	1.2122	1.6256	0.1230	-0.1561	0.7560	19.0010	33.3290	-7.9763
463	1.2198	1.6312	0.1230	-0.1265	0.7817	17.9836	30.6220	-7.7925
464	1.2308	1.6346	0.1236	-0.0830	0.7987	18.7568	28.7270	-7.6578
465	1.2444	1.6374	0.1254	-0.0287	0.8133	18.5154	25.8810	-6.9046
466	1.2594	1.6407	0.1207	0.0315	0.8301	19.2338	21.9710	-6.1554
467	1.2786	1.6490	0.1230	0.1090	0.8670	18.9243	18.5920	-5.4328
468	1.2970	1.6603	0.1224	0.1838	0.9162	19.0860	16.9280	-5.2820
469	1.3168	1.6694	0.1248	0.2647	0.9569	18.8921	16.2890	-5.2242
470	1.3282	1.6756	0.1254	0.3122	0.9860	18.8987	13.9340	-4.4540
471	1.1974	1.5756	0.1242	-0.2123	0.5879	19.1861	12.2500	-4.3608
472	1.1976	1.5758	0.1224	-0.2128	0.5906	19.4308	10.2700	-6.5620
473	1.1999	1.5758	0.1132	-0.2049	0.5925	20.2779	9.3830	-3.8766
474	1.2027	1.5752	0.1284	-0.1946	0.5920	18.5395	8.8670	-3.6318
475	1.2026	1.5748	0.1236	-0.1964	0.5922	19.0885	7.3590	-3.4870
476	1.1993	1.5732	0.1218	-0.2109	0.5877	19.5113	7.6370	-9.2074
477	1.1970	1.5740	0.1230	-0.2214	0.5925	19.2240	5.0700	-2.9684
478	1.1985	1.5739	0.1149	-0.2167	0.5943	20.4112	3.9550	-2.4570
479	1.2038	1.5697	0.1207	-0.1965	0.5791	19.3942	4.5000	-3.0676
480	1.2081	1.5651	0.1154	-0.1805	0.5624	20.2226	2.5950	-2.2046
481	1.0592	1.4828	0.1218	-0.7809	0.2327	19.7183	1.4890	-2.2978
482	1.0598	1.4854	0.1248	-0.7832	0.2427	18.4590	-0.0440	-2.0749
483	1.0582	1.4881	0.1207	-0.7944	0.2533	19.5684	-1.0380	-1.7722
484	1.0572	1.4898	0.1218	-0.8032	0.2598	19.6361	1.2770	-2.2438
485	1.0584	1.4885	0.1248	-0.8032	0.2544	19.0766	4.2290	-3.0966
486	1.0630	1.4848	0.1236	-0.7895	0.2391	19.3691	7.1450	-3.6694
487	1.0690	1.4784	0.1224	-0.7700	0.2130	18.7903	10.6800	-4.3604
488	1.0736	1.4698	0.1242	-0.7560	0.1779	19.4802	10.9770	-4.2834
489	1.0768	1.4626	0.1242	-0.7476	0.1483	19.2181	12.2250	-4.2218
490	1.0804	1.4579	0.1172	-0.7374	0.1284	20.3233	12.8170	-4.6334
491	0.9302	1.4698	0.1230	-1.3462	0.1751	18.9493	15.2340	-5.1988
492	0.9332	1.4668	0.1248	-1.3421	0.1623	19.2884	17.4000	-5.4684
493	0.9360	1.4628	0.1248	-1.3388	0.1453	19.7340	15.9220	-4.6936
494	0.9429	1.4586	0.1236	-1.3189	0.1275	19.6715	13.6640	-4.5864
495	0.9507	1.4534	0.1242	-1.2952	0.1055	19.7507	12.6960	-4.4860
496	0.9575	1.4468	0.1230	-1.2754	0.0778	19.8655	12.7280	-4.7928
497	0.9649	1.4400	0.1224	-1.2529	0.0491	19.7915	11.0980	-4.2196
498	0.9721	1.4347	0.1242	-1.2311	0.0263	19.7280	9.0000	-3.8000
499	0.9798	1.4308	0.1242	-1.2067	0.0091	19.8786	8.0960	-3.3956
500	0.9863	1.4290	0.1218	-1.1873	-0.0002	20.3068	7.8350	-3.2714
501	0.8628	1.4464	0.1230	-1.6911	0.0682	19.7183	8.2270	-3.5174
502	0.8628	1.4452	0.1236	-1.7008	0.0620	20.0855	7.9310	-3.7450
503	0.8642	1.4461	0.1242	-1.7049	0.0644	19.8091	6.7320	-3.6004
504	0.8662	1.4465	0.1213	-1.7065	0.0644	20.1367	6.0860	-3.1936
505	0.8688	1.4474	0.1230	-1.7056	0.0668	20.1340	4.5390	-2.7690
506	0.8716	1.4489	0.1230	-1.7038	0.0716	20.1067	4.5500	-2.9512
507	0.8762	1.4481	0.1218	-1.6948	0.0672	20.1626	4.3190	-2.9118
508	0.8794	1.4472	0.1213	-1.6913	0.0622	19.8575	3.6770	-3.1822
509	0.8820	1.4469	0.1154	-1.6901	0.0597	21.2302	3.6260	-2.6756
510	0.8860	1.4463	0.1248	-1.6832	0.0561	20.4912	2.4630	-1.7326
511	0.9236	1.4824	0.1207	-1.5409	0.1998	19.7305	1.7370	-2.0138
512	0.9228	1.4844	0.1218	-1.5523	0.2075	20.3166	0.3160	-1.7400
513	0.9254	1.4854	0.1213	-1.5500	0.2111	20.7146	0.5120	-2.2815
514	0.9293	1.4862	0.1149	-1.5423	0.2139	21.2164	-0.4020	-1.9040
515	0.9346	1.4863	0.1218	-1.5291	0.2141	20.5309	-2.9760	-1.1611
516	0.9409	1.4879	0.1230	-1.5117	0.2200	20.4214	-4.2840	-0.7982
517	0.9478	1.4913	0.1218	-1.4918	0.2335	20.5362	-3.3410	-1.0714
518	0.9561	1.4953	0.1242	-1.4659	0.2494	20.7531	-3.5910	-1.0634
519	0.9679	1.5013	0.1218	-1.4255	0.2736	20.7116	-4.5370	-0.7965
520	0.9786	1.5082	0.1224	-1.3895	0.3011	20.6661	-4.6960	-0.8293
521	1.0000	1.5156	0.1126	-1.3102	0.3312	21.8716	-4.6260	-0.6705
522	0.9982	1.5190	0.1224	-1.3237	0.3453	20.7237	-4.7130	-0.7898
523	0.9946	1.5242	0.1242	-1.3445	0.3667	20.1321	-22.8890	3.0044
524	0.9912	1.5270	0.1236	-1.3646	0.3784	20.5867	-2.0000	-2.5601
525	0.9880	1.5271	0.1224	-1.3839	0.3796	20.5259	-5.7250	-0.7465
526	0.9846	1.5267	0.1224	-1.4042	0.3785	20.9703	-8.2420	0.3217
527	0.9790	1.5300	0.1230	-1.4335	0.3926	20.8129	-6.9230	4.1091
528	0.9754	1.5339	0.1266	-1.4546	0.4093	20.5335	-8.8340	0.4523
529	0.9712	1.5349	0.1218	-1.4783	0.4139	20.8998	-9.2950	0.4711
530	0.9663	1.5348	0.1236	-1.5052	0.4143	21.1280	-9.1470	0.7067
531	1.0136	1.4938	0.1213	-1.3217	0.2503	20.9623	-8.5240	0.9910
532	1.0137	1.4931	0.1248	-1.3273	0.2474	21.0423	-8.2630	0.9293
533	1.0147	1.4902	0.1224	-1.3290	0.2356	21.0021	-9.2730	1.4295
534	1.0174	1.4844	0.1230	-1.3241	0.2119	21.0812	-10.8720	1.9861
535	1.0239	1.4763	0.1218	-1.3038	0.1789	20.2107	-10.5650	1.8982
536	1.0302	1.4676	0.1242	-1.2842	0.1434	21.0625	-11.0380	2.0118
537	1.0387	1.4579	0.1213	-1.2555	0.1036	21.3896	-9.3890	1.5323
538	1.0470	1.4464	0.1248	-1.2275	0.0562	20.9949	-8.3840	1.4160
539	1.0562	1.4352	0.1230	-1.1952	0.0095	21.3004	-8.9960	1.6601
540	1.0628	1.4288	0.1242	-1.1737	-0.0179	21.1242	-8.2660	0.6577
541	0.9816	1.4478	0.1230	-1.5050	0.0570	21.2328	-10.8620	2.3276
542	0.9789	1.4458	0.1242	-1.5228	0.0476	20.9388	-9.2880	1.7574
543	0.9769	1.4429	0.1207	-1.5375	0.0345	21.3372	-9.2230	2.1515
544	0.9740	1.4393	0.1230	-1.5562	0.0187	20.6798	-9.2780	2.1591
545	0.9688	1.4366	0.1132	-1.5838	0.0061	22.5375	-8.9110	2.0818
546	0.9655	1.4333	0.1236	-1.6043	-0.0084	21.4937	-8.9230	2.1799
547	0.9603	1.4295	0.1213	-1.6321	-0.0254	21.3952	-8.4800	2.2083
548	0.9558	1.4241	0.1266	-1.6577	-0.0488	21.0801	-9.8020	2.4768
549	0.9518	1.4169	0.1224	-1.6810	-0.0798	20.7390	-10.5840	2.6720
550	0.9501	1.4109	0.1115	-1.6954	-0.1060	23.0731	-11.9690	3.2208
551	0.9935	1.4876	0.1207	-1.5283	0.2003	21.5297	-11.6660	2.9484
552	0.9888	1.4876	0.1248	-1.5535	0.2000	21.2411	-11.1630	3.2111
553	0.9831	1.4874	0.1201	-1.5828	0.1989	21.6642	-10.2740	2.8683
554	0.9773	1.4867	0.1236	-1.6131	0.1958	21.4479	-9.3700	2.9907
555	0.9704	1.4868	0.1201	-1.6476	0.1958	21.6120	-9.3650	3.1058
556	0.9629	1.4879	0.1272	-1.6846	0.1998	21.2595	-7.2920	2.5803
557	0.9561	1.4881	0.1254	-1.7194	0.2006	21.5068	-7.2670	2.6995
558	0.9498	1.4886	0.1266	-1.7520	0.2022	21.6326	-7.5340	2.9655
559	0.9428	1.4928	0.1213	-1.7876	0.2187	20.9662	-8.0000	3.3218
560	0.9402	1.4962	0.1218	-1.8060	0.2323	21.8388	-6.5520	2.8121
561	1.1140	1.5310	0.1224	-1.1140	0.3724	21.8527	-5.5420	2.3808
562	1.1194	1.5298	0.1166	-1.0957	0.3684	23.0018	-5.4580	2.6889
563	1.1270	1.5277	0.1248	-1.0683	0.3603	21.9887	-5.1610	2.4719
564	1.1344	1.5285	0.1260	-1.0416	0.3643	21.9362	-4.5700	2.2845
565	1.1416	1.5287	0.1230	-1.0155	0.3658	22.2650	-3.7520	2.3729
566	1.1494	1.5266	0.1272	-0.9869	0.3583	20.7975	-2.2490	2.4014
567	1.1606	1.5203	0.1272	-0.9443	0.3333	21.7665	-0.6470	2.0801
568	1.1732	1.5101	0.1248	-0.8958	0.2930	22.2051	1.7220	1.4008
569	1.1824	1.5025	0.1272	-0.8607	0.2627	21.8823	1.7200	1.1655
570	1.1980	1.4935	0.1230	-0.7996	0.2266	22.2362	2.2830	0.9019
571	1.1124	1.5316	0.1236	-1.1454	0.3797	21.3151	2.0240	0.9135
572	1.1118	1.5322	0.1213	-1.1513	0.3829	22.2109	1.1110	1.6103
573	1.1122	1.5314	0.1189	-1.1531	0.3804	22.5240	-0.1350	1.8261
574	1.1112	1.5320	0.1213	-1.1606	0.3836	21.2418	-0.3720	1.9598
575	1.1060	1.5328	0.1213	-1.1850	0.3877	22.6046	0.0770	1.6834
576	1.1006	1.5338	0.1266	-1.2103	0.3925	22.2931	1.9330	1.4171
577	1.0958	1.5362	0.1248	-1.2334	0.4030	21.9453	2.9800	1.3140
578	1.0940	1.5356	0.1272	-1.2445	0.4015	22.3440	5.1730	0.5876
579	1.0956	1.5328	0.1195	-1.2420	0.3911	21.9512	7.6401	0.0505
580	1.0968	1.5316	0.1224	-1.2410	0.3871	22.6084	7.5000	-0.0736
581	0.9974	1.4864	0.1189	-1.6449	0.2060	21.7895	8.1140	-0.9498
582	1.0003	1.4860	0.1195	-1.6394	0.2040	21.9724	3.8320	1.2290
583	1.0050	1.4864	0.1207	-1.6268	0.2053	21.7514	2.8090	1.2618
584	1.0087	1.4890	0.1218	-1.6181	0.2154	22.8033	1.7450	1.2567
585	1.0114	1.4938	0.1272	-1.6134	0.2345	22.5508	0.6530	1.1144
586	1.0118	1.4987	0.1352	-1.6177	0.2540	22.1743	0.1850	1.4172
587	1.0079	1.5018	0.1460	-1.6393	0.2666	22.1062	0.6470	1.3153
588	0.9998	1.5014	0.1587	-1.6779	0.2648	20.6078	0.6240	1.4527
589	0.9927	1.4994	0.1656	-1.7127	0.2570	21.7541	1.8684	1.0441
590	0.9868	1.4974	0.1699	-1.7429	0.2489	22.1164	2.0000	-0.1737
591	1.1098	1.5314	0.1685	-1.2545	0.3856	21.8046	-0.7300	1.6264
592	1.1070	1.5326	0.1699	-1.2692	0.3912	22.2255	-1.1180	1.8803
593	1.1046	1.5362	0.1772	-1.2825	0.4064	21.2997	-8.0760	5.3453
594	1.1008	1.5411	0.1831	-1.3014	0.4270	21.6389	-4.1580	2.7255
595	1.0996	1.5461	0.1916	-1.3100	0.4482	21.4098	-3.4970	2.2019
596	1.0950	1.5481	0.2035	-1.3322	0.4574	21.1831	-4.8780	2.5115
597	1.0890	1.5483	0.2248	-1.3603	0.4594	20.4158	-5.1290	2.9202
598	1.0840	1.5499	0.2393	-1.3844	0.4671	19.1170	-6.0300	2.8030
599	1.0795	1.5509	0.2488	-1.4067	0.4724	20.2926	-6.3160	3.1829
600	1.0742	1.5553	0.2556	-1.4323	0.4913	20.1547	-8.2070	3.3595
601	1.3956	1.5012	0.2626	-0.1430	0.2750	19.8102	-8.4260	3.6006
602	1.3946	1.5034	0.2626	-0.1434	0.2839	20.8336	-9.2910	3.4171
603	1.3962	1.5038	0.2626	-0.1334	0.2856	19.7051	-6.4000	3.2300
604	1.3980	1.5036	0.2517	-0.1225	0.2849	20.9159	-4.2990	2.5310
605	1.3988	1.5008	0.2356	-0.1155	0.2737	20.2743	-3.7630	2.7526
606	1.3970	1.5005	0.1979	-0.1191	0.2724	23.3880	-0.5890	2.1178
607	1.3918	1.5017	0.1692	-0.1363	0.2774	21.8308	2.3310	1.0303
608	1.3847	1.5027	0.1339	-0.1612	0.2816	23.9693	2.6800	1.2487
609	1.3776	1.5040	0.1230	-0.1865	0.2867	23.1786	1.9960	1.8603
610	1.3691	1.5057	0.1183	-0.2176	0.2937	23.2335	4.2780	0.8321
1	1.2820	1.5420	0.0000	0.1288	0.1691	0.0000	0.7790	0.0000
2	1.2820	1.5420	0.1230	0.1294	0.1700	4.9533	0.6020	-0.1164
3	1.2818	1.5418	0.1242	0.1295	0.1702	5.0794	0.6760	-0.1615
4	1.2815	1.5416	0.1254	0.1293	0.1708	4.9675	0.6290	-0.1351
5	1.2812	1.5416	0.1224	0.1289	0.1718	5.6547	0.5570	-0.1469
6	1.2809	1.5412	0.1172	0.1285	0.1711	6.3168	0.5510	-0.1158
7	1.2807	1.5409	0.1230	0.1285	0.1708	5.2289	0.7080	-0.1824
8	1.2807	1.5404	0.1296	0.1289	0.1698	4.8865	0.8170	-0.2149
9	1.2810	1.5394	0.1218	0.1309	0.1669	5.3750	0.8200	-0.2104
10	1.2809	1.5391	0.1266	0.1314	0.1665	5.0600	0.8980	-0.2838
11	1.2596	1.5191	0.1242	0.0465	0.0871	5.5519	1.1590	-0.3065
12	1.2593	1.5180	0.1236	0.0455	0.0831	5.2904	1.3100	-0.3337
13	1.2587	1.5168	0.1254	0.0435	0.0788	5.2859	1.4180	-0.3590
14	1.2586	1.5152	0.1254	0.0432	0.0727	5.2574	1.5120	-0.4087
15	1.2584	1.5138	0.1272	0.0425	0.0674	5.1324	1.5940	-0.4019
16	1.2582	1.5124	0.1218	0.0420	0.0621	5.9268	1.7810	-0.5062
17	1.2582	1.5110	0.1266	0.0420	0.0570	5.1492	2.1010	-0.6041
18	1.2580	1.5097	0.1254	0.0415	0.0518	5.4431	2.2600	-0.6397
19	1.2580	1.5080	0.1248	0.0417	0.0454	5.4868	2.5630	-0.7503
20	1.2582	1.5065	0.1260	0.0428	0.0394	5.7881	2.7200	-0.7720
21	1.2522	1.5206	0.1254	0.0189	0.0965	5.6500	2.7240	-0.8047
22	1.2520	1.5195	0.1224	0.0181	0.0924	4.9263	2.7330	-0.8187
23	1.2522	1.5173	0.1010	0.0189	0.0841	8.2280	2.6180	-0.8316
24	1.2517	1.5161	0.1242	0.0172	0.0799	5.8302	2.4570	-0.8270
25	1.2515	1.5147	0.1260	0.0160	0.0744	5.5273	2.3530	-0.8313
26	1.2508	1.5129	0.1236	0.0135	0.0678	5.7265	2.3200	-0.8529
27	1.2503	1.5104	0.1260	0.0116	0.0577	4.8878	2.4430	-0.9071
28	1.2505	1.5074	0.1248	0.0124	0.0461	5.8850	2.5040	-0.9310
29	1.2511	1.5035	0.1260	0.0148	0.0305	5.8328	2.5160	-0.9490
30	1.2522	1.5001	0.1224	0.0192	0.0168	5.9884	2.6880	-1.0286
31	1.2469	1.5494	0.1242	-0.0023	0.2155	5.0435	2.8590	-1.0892
32	1.2469	1.5505	0.1254	-0.0023	0.2210	5.7485	2.8420	-1.0854
33	1.2479	1.5509	0.1218	0.0017	0.2240	5.6795	2.9930	-1.1600
34	1.2498	1.5514	0.1266	0.0092	0.2272	5.1398	2.9580	-1.1717
35	1.2521	1.5506	0.1160	0.0186	0.2255	6.8507	2.9090	-1.1659
36	1.2550	1.5507	0.1260	0.0303	0.2271	6.1016	2.7400	-1.1839
37	1.2569	1.5511	0.1242	0.0382	0.2299	6.2753	2.7200	-1.2006
38	1.2603	1.5517	0.1236	0.0521	0.2336	6.1989	2.6740	-1.2044
39	1.2630	1.5528	0.1266	0.0629	0.2394	5.8125	2.4560	-1.2056
40	1.2668	1.5524	0.1242	0.0785	0.2390	6.0711	2.2910	-1.1480
41	1.2533	1.5555	0.1224	0.0246	0.2527	6.3099	2.3030	-1.2067
42	1.2535	1.5550	0.1272	0.0256	0.2521	6.0666	2.3100	-1.2356
43	1.2520	1.5540	0.1236	0.0198	0.2495	6.5287	2.4260	-1.2386
44	1.2508	1.5526	0.1242	0.0149	0.2453	6.1915	2.2060	-1.2593
45	1.2495	1.5510	0.1236	0.0097	0.2401	6.4129	2.3170	-1.3048
46	1.2472	1.5498	0.1278	0.0002	0.2366	6.2404	2.1700	-1.2661
47	1.2451	1.5483	0.1189	-0.0082	0.2316	7.2189	2.1890	-1.3337
48	1.2432	1.5465	0.1236	-0.0158	0.2256	6.5074	2.1170	-1.3256
49	1.2410	1.5446	0.1272	-0.0249	0.2191	6.2872	2.1160	-1.3447
50	1.2398	1.5434	0.1254	-0.0298	0.2153	6.2834	1.9370	-1.2830
51	1.1692	1.4296	0.1254	-0.3146	-0.2414	6.3085	2.0010	-1.3763
52	1.1687	1.4291	0.1172	-0.3184	-0.2453	7.3875	2.0070	-1.3876
53	1.1686	1.4283	0.1248	-0.3208	-0.2501	6.6229	2.1900	-1.4711
54	1.1681	1.4272	0.1272	-0.3248	-0.2565	6.3659	2.3600	-1.5019
55	1.1667	1.4259	0.1254	-0.3325	-0.2634	6.6737	2.2030	-1.3923
56	1.1651	1.4251	0.1242	-0.3409	-0.2684	6.7883	2.2000	-1.5304
57	1.1633	1.4244	0.1230	-0.3504	-0.2732	6.6653	2.0690	-1.4901
58	1.1609	1.4233	0.1290	-0.3625	-0.2794	6.3940	1.8880	-1.4785
59	1.1581	1.4220	0.1236	-0.3759	-0.2866	6.5389	1.8660	-1.4885
60	1.1562	1.4216	0.1242	-0.3857	-0.2903	6.7225	1.7360	-1.4707
61	1.2720	1.5596	0.1160	0.0781	0.2634	8.0287	1.7540	-1.5128
62	1.2724	1.5609	0.1260	0.0802	0.2697	6.5580	1.6130	-1.4325
63	1.2727	1.5625	0.1230	0.0818	0.2779	6.8284	1.5330	-1.4834
64	1.2726	1.5636	0.1254	0.0821	0.2838	6.9306	1.4130	-1.4503
65	1.2713	1.5655	0.1236	0.0775	0.2930	6.9973	1.4550	-1.4643
66	1.2703	1.5668	0.1178	0.0740	0.3000	7.8518	1.4170	-1.4912
67	1.2693	1.5678	0.1236	0.0704	0.3058	7.0016	1.4840	-1.5506
68	1.2680	1.5694	0.1236	0.0658	0.3137	7.5122	1.4580	-1.5073
69	1.2668	1.5707	0.1218	0.0611	0.3206	7.1002	1.4250	-1.5466
70	1.2656	1.5715	0.1254	0.0569	0.3257	6.8163	1.5080	-1.5838
71	1.2305	1.5254	0.1248	-0.0841	0.1419	7.1575	0.5510	-1.0222
72	1.2298	1.5262	0.1218	-0.0872	0.1460	7.3660	1.4180	-1.5913
73	1.2273	1.5267	0.1254	-0.0980	0.1484	6.4424	1.5480	-1.6388
74	1.2242	1.5268	0.1224	-0.1107	0.1497	7.5910	1.9460	-1.7222
75	1.2212	1.5259	0.1248	-0.1235	0.1466	6.8043	1.7780	-1.6817
76	1.2190	1.5244	0.1236	-0.1331	0.1411	7.5724	1.4690	-1.6353
77	1.2163	1.5226	0.1236	-0.1449	0.1347	7.4841	1.5460	-1.8098
78	1.2133	1.5204	0.1254	-0.1579	0.1262	7.2411	1.4461	-1.6791
79	1.2097	1.5179	0.1254	-0.1731	0.1168	7.2727	1.4950	-1.7153
80	1.2062	1.5161	0.1254	-0.1881	0.1101	7.6579	1.5820	-1.7614
81	1.2662	1.5014	0.1218	0.0521	0.0511	7.3948	1.5020	-1.7226
82	1.2668	1.5021	0.1278	0.0551	0.0541	7.2452	1.1070	-1.6590
83	1.2675	1.5028	0.1248	0.0582	0.0569	7.3385	1.1310	-1.7037
84	1.2682	1.5031	0.1266	0.0615	0.0583	7.4524	1.0890	-1.6709
85	1.2693	1.5028	0.1242	0.0663	0.0571	7.4129	1.2510	-1.7388
86	1.2691	1.5026	0.1260	0.0661	0.0563	7.3480	1.1700	-1.7463
87	1.2687	1.5015	0.1248	0.0648	0.0520	7.7023	1.1850	-1.7422
88	1.2671	1.5000	0.1236	0.0588	0.0460	7.6973	1.1350	-1.7419
89	1.2664	1.4980	0.1218	0.0564	0.0380	7.6464	1.9600	-2.3064
90	1.2663	1.4963	0.1254	0.0564	0.0311	7.4803	1.0350	-1.7615
91	1.2514	1.5158	0.1149	-0.0032	0.1093	8.7689	0.6970	-1.6207
92	1.2512	1.5148	0.1278	-0.0037	0.1059	7.3081	0.5700	-1.6584
93	1.2506	1.5142	0.1242	-0.0063	0.1036	7.8304	0.4230	-1.6300
94	1.2496	1.5140	0.1154	-0.0100	0.1032	8.8540	0.2050	-1.5628
95	1.2488	1.5138	0.1224	-0.0133	0.1027	8.1675	0.0040	-1.5704
96	1.2477	1.5136	0.1278	-0.0179	0.1023	7.4939	-0.0780	-1.5297
97	1.2467	1.5149	0.1242	-0.0219	0.1080	7.6603	-0.1600	-1.5024
98	1.2455	1.5174	0.1254	-0.0269	0.1185	7.3144	0.0720	-1.5776
99	1.2449	1.5192	0.1154	-0.0294	0.1262	9.1914	-0.0470	-1.5560
100	1.2449	1.5204	0.1254	-0.0294	0.1314	7.9024	-0.0800	-1.5379
101	1.2474	1.5617	0.1260	-0.0196	0.2980	7.9755	-0.1940	-1.5056
102	1.2493	1.5601	0.1266	-0.0120	0.2931	7.8750	-0.1310	-1.5575
103	1.2514	1.5584	0.1254	-0.0038	0.2877	7.1128	-0.2350	-1.5060
104	1.2532	1.5566	0.1254	0.0038	0.2820	8.1421	-0.0170	-1.5561
105	1.2553	1.5548	0.1236	0.0120	0.2762	8.2088	-0.0630	-1.5214
106	1.2580	1.5519	0.1224	0.0234	0.2661	8.5012	-0.2160	-1.4830
107	1.2620	1.5468	0.1254	0.0396	0.2466	8.1163	-0.0600	-1.5588
108	1.2654	1.5407	0.1242	0.0534	0.2233	7.5280	-0.0690	-1.5257
109	1.2688	1.5353	0.1230	0.0678	0.2027	8.2278	-0.2190	-1.4898
110	1.2722	1.5316	0.1272	0.0816	0.1886	8.1677	-0.1710	-1.5139
111	1.2477	1.5420	0.1218	-0.0164	0.2314	8.7763	-0.0640	-1.5440
112	1.2480	1.5407	0.1254	-0.0153	0.2272	8.3140	-0.0800	-1.5017
113	1.2472	1.5398	0.1260	-0.0183	0.2246	8.4530	-0.0610	-1.5227
114	1.2457	1.5390	0.1272	-0.0246	0.2225	8.2803	-0.0420	-1.5678
115	1.2432	1.5388	0.1272	-0.0345	0.2224	7.3693	0.0110	-1.5373
116	1.2416	1.5385	0.1224	-0.0415	0.2222	8.5578	0.0100	-1.5095
117	1.2408	1.5375	0.1260	-0.0448	0.2192	8.6388	-0.2290	-1.4524
118	1.2401	1.5365	0.1166	-0.0479	0.2159	6.9046	-0.1700	-1.5179
119	1.2367	1.5379	0.1254	-0.0616	0.2227	8.2972	-0.3020	-1.4829
120	1.2316	1.5372	0.1272	-0.0828	0.2207	8.5238	-0.3010	-1.4586
121	1.2390	1.5120	0.1149	-0.0531	0.1202	9.5575	-0.1630	-1.5257
122	1.2341	1.5040	0.1266	-0.0733	0.0885	8.5992	0.0200	-1.5422
123	1.2304	1.4911	0.1242	-0.0885	0.0364	8.6785	0.1790	-1.5594
124	1.2226	1.4731	0.1266	-0.1206	-0.0361	8.5418	0.5350	-1.6672
125	1.2150	1.4532	0.1236	-0.1517	-0.1169	8.7531	0.8210	-1.7497
126	1.2104	1.4349	0.1166	-0.1710	-0.1919	9.7465	0.8470	-1.7276
127	1.2044	1.4205	0.1248	-0.1961	-0.2514	8.6156	0.8740	-1.7410
128	1.1993	1.4072	0.1260	-0.2180	-0.3071	8.6814	1.3390	-1.8627
129	1.1953	1.3915	0.1260	-0.2351	-0.3722	8.8323	1.4700	-1.8690
130	1.1906	1.3821	0.1284	-0.2555	-0.4127	8.5077	1.6000	-1.9499
131	1.2635	1.5210	0.1236	0.0365	0.1432	8.8112	1.8920	-2.0402
132	1.2651	1.5192	0.1254	0.0433	0.1365	9.1051	2.0380	-2.0496
133	1.2697	1.5147	0.1236	0.0622	0.1190	8.9926	2.4800	-2.2160
134	1.2779	1.5084	0.1224	0.0954	0.0938	8.9890	2.8100	-2.2946
135	1.2872	1.5005	0.1236	0.1335	0.0624	8.4125	2.9440	-2.2967
136	1.2968	1.4948	0.1172	0.1732	0.0392	10.1591	3.1310	-2.3653
137	1.3073	1.4898	0.1248	0.2167	0.0192	9.0953	3.1000	-2.4193
138	1.3180	1.4845	0.1201	0.2613	-0.0025	9.8131	2.8570	-2.3717
139	1.3300	1.4794	0.1218	0.3110	-0.0236	9.5733	2.5200	-2.1401
140	1.3410	1.4754	0.1266	0.3573	-0.0398	8.9676	2.8480	-2.3908
141	1.2671	1.5536	0.1248	0.0621	0.2740	9.4480	2.7200	-2.4045
142	1.2674	1.5543	0.1266	0.0640	0.2781	9.1434	2.6710	-2.3717
143	1.2682	1.5551	0.1201	0.0674	0.2829	9.4826	2.5780	-2.4235
144	1.2684	1.5569	0.1266	0.0688	0.2914	9.2066	2.7600	-2.5375
145	1.2696	1.5599	0.1236	0.0742	0.3051	9.7162	2.8460	-2.5779
146	1.2713	1.5651	0.1272	0.0815	0.3274	9.3167	2.7940	-2.5648
147	1.2712	1.5706	0.1224	0.0817	0.3512	9.5027	2.7890	-2.5646
148	1.2712	1.5762	0.1201	0.0821	0.3754	9.9945	2.6130	-2.5030
149	1.2736	1.5820	0.1218	0.0923	0.4005	9.8747	2.5060	-2.4868
150	1.2765	1.5884	0.1236	0.1045	0.4285	9.5085	2.4540	-2.4696
151	1.2566	1.5614	0.1260	0.0250	0.3222	9.1888	2.3690	-2.4706
152	1.2570	1.5613	0.1284	0.0270	0.3233	9.2219	2.5270	-2.5070
153	1.2583	1.5604	0.1236	0.0322	0.3210	9.5908	2.5920	-2.5084
154	1.2593	1.5601	0.1236	0.0365	0.3213	10.0409	2.4990	-2.4986
155	1.2636	1.5608	0.1230	0.0541	0.3256	9.7243	2.3390	-2.4662
156	1.2690	1.5631	0.1260	0.0761	0.3363	9.3983	2.1290	-2.3790
157	1.2737	1.5656	0.1248	0.0955	0.3480	9.3372	2.1960	-2.4544
158	1.2809	1.5677	0.1266	0.1250	0.3581	9.7479	2.1980	-2.4420
159	1.2908	1.5686	0.1218	0.1655	0.3637	10.0512	2.2510	-2.4958
160	1.2978	1.5709	0.1266	0.1948	0.3745	9.5644	2.1610	-2.4062
161	1.2356	1.5502	0.1248	-0.0543	0.2930	9.8645	2.2000	-2.4224
162	1.2316	1.5518	0.1236	-0.0709	0.3008	10.0984	2.0170	-2.4034
163	1.2262	1.5533	0.1178	-0.0927	0.3079	10.5954	1.9030	-2.3674
164	1.2201	1.5551	0.1213	-0.1181	0.3167	10.6260	2.0210	-2.4206
165	1.2125	1.5579	0.1236	-0.1494	0.3292	9.6023	2.0990	-2.4302
166	1.2030	1.5613	0.1230	-0.1885	0.3442	10.2968	2.0160	-2.3980
167	1.1906	1.5650	0.1242	-0.2395	0.3609	9.9473	1.9800	-2.3808
168	1.1835	1.5657	0.1242	-0.2699	0.3653	9.9727	1.9430	-2.3886
169	1.1762	1.5647	0.1266	-0.3007	0.3627	9.1890	1.8930	-2.3962
170	1.1689	1.5616	0.1248	-0.3321	0.3520	9.3206	1.9430	-2.3930
171	1.2276	1.5560	0.1224	-0.0979	0.3312	10.5735	1.8300	-2.3660
172	1.2310	1.5602	0.1254	-0.0847	0.3492	9.4803	1.6090	-2.3062
173	1.2350	1.5633	0.1207	-0.0691	0.3633	10.4913	1.5760	-2.2924
174	1.2367	1.5683	0.1236	-0.0624	0.3848	10.2878	1.4590	-2.2546
175	1.2384	1.5733	0.1213	-0.0561	0.4066	10.5437	1.4870	-2.2878
176	1.2401	1.5774	0.1242	-0.0494	0.4250	10.1614	1.5290	-2.3230
177	1.2416	1.5841	0.1254	-0.0436	0.4540	9.5814	1.6160	-2.3368
178	1.2422	1.5920	0.1230	-0.0415	0.4881	10.4271	1.7860	-2.3828
179	1.2431	1.6020	0.1266	-0.0381	0.5303	10.3274	1.7540	-2.3436
180	1.2445	1.6099	0.1260	-0.0325	0.5648	10.1851	1.7550	-2.3622
181	1.2638	1.5388	0.1248	0.0449	0.2814	10.5330	1.7910	-2.3862
182	1.2652	1.5390	0.1224	0.0508	0.2832	9.7944	1.7360	-2.3472
183	1.2677	1.5387	0.1248	0.0612	0.2831	10.4772	1.5700	-2.3032
184	1.2703	1.5383	0.1230	0.0725	0.2825	10.5441	1.7000	-2.3400
185	1.2766	1.5358	0.1266	0.0981	0.2730	10.1464	1.6390	-2.3350
186	1.2865	1.5323	0.1260	0.1386	0.2601	10.5473	1.6090	-2.3534
187	1.2967	1.5280	0.1242	0.1805	0.2435	9.7398	1.6630	-2.3326
188	1.3079	1.5262	0.1254	0.2268	0.2369	10.9841	1.6480	-2.3248
189	1.3193	1.5243	0.1260	0.2741	0.2299	10.5823	1.5090	-2.2862
190	1.3259	1.5219	0.1272	0.3025	0.2209	10.5164	1.4070	-2.2762
191	1.2404	1.5809	0.1266	-0.0397	0.4589	10.4942	1.5000	-2.3208
192	1.2429	1.5829	0.1260	-0.0299	0.4689	10.6574	1.4610	-2.2846
193	1.2465	1.5859	0.1236	-0.0158	0.4830	10.6192	1.3290	-2.2526
194	1.2503	1.5881	0.1272	-0.0004	0.4942	10.6356	1.0250	-2.1566
195	1.2546	1.5899	0.1218	0.0170	0.5034	11.4905	0.9900	-2.2148
196	1.2597	1.5911	0.1248	0.0377	0.5109	10.8664	1.2490	-2.3130
197	1.2653	1.5891	0.1266	0.0602	0.5048	10.6821	1.3610	-2.2990
198	1.2691	1.5861	0.1242	0.0760	0.4949	11.1799	1.3170	-2.2646
199	1.2725	1.5805	0.1213	0.0903	0.4747	11.3866	1.3300	-2.2484
200	1.2746	1.5777	0.1236	0.0993	0.4652	10.2504	1.4130	-2.2978
201	1.2380	1.5053	0.1266	-0.0475	0.1759	10.7357	1.5790	-2.3246
202	1.2393	1.5053	0.1266	-0.0426	0.1762	10.5304	1.6930	-2.3802
203	1.2412	1.5024	0.1236	-0.0352	0.1646	11.0385	1.6240	-2.3220
204	1.2449	1.5002	0.1260	-0.0205	0.1557	10.8431	1.9370	-2.4230
205	1.2506	1.4977	0.1183	0.0022	0.1455	11.9736	2.2650	-2.4690
206	1.2550	1.4919	0.1224	0.0199	0.1224	11.2759	2.6090	-2.5386
207	1.2583	1.4873	0.1260	0.0336	0.1034	11.0579	2.6180	-2.5168
208	1.2644	1.4796	0.1230	0.0582	0.0723	11.5064	2.5290	-2.4674
209	1.2707	1.4736	0.1189	0.0839	0.0475	12.1507	2.5440	-2.5088
210	1.2763	1.4690	0.1254	0.1070	0.0286	11.4510	2.7380	-2.5448
211	1.0717	1.5648	0.1218	-0.7161	0.4132	10.6147	2.8510	-2.6078
212	1.0718	1.5657	0.1224	-0.7200	0.4183	11.5657	3.0300	-2.6112
213	1.0729	1.5654	0.1218	-0.7199	0.4188	11.4319	3.4090	-2.6818
214	1.0752	1.5673	0.1230	-0.7150	0.4282	12.0389	3.2240	-2.6292
215	1.0798	1.5646	0.1149	-0.7011	0.4190	12.2725	3.4130	-2.7322
216	1.0861	1.5585	0.1272	-0.6798	0.3962	11.1799	4.0040	-2.8560
217	1.0969	1.5478	0.1230	-0.6406	0.3546	11.3580	4.3660	-2.9272
218	1.1104	1.5333	0.1272	-0.5901	0.2975	11.5423	4.6900	-2.9016
219	1.1229	1.5191	0.1218	-0.5434	0.2408	11.5032	4.1200	-2.8012
220	1.1291	1.5127	0.1166	-0.5212	0.2155	11.7452	4.0210	-2.7942
221	1.1750	1.7026	0.1236	-0.3397	0.9804	11.1607	3.9200	-2.7524
222	1.1740	1.7032	0.1230	-0.3456	0.9878	12.0318	4.0710	-2.8378
223	1.1712	1.7045	0.1254	-0.3588	0.9980	11.3607	4.3100	-2.8732
224	1.1685	1.7076	0.1230	-0.3715	1.0158	11.9750	4.4120	-2.9244
225	1.1656	1.7104	0.1137	-0.3852	1.0324	13.0023	4.3170	-2.8534
226	1.1645	1.7119	0.1242	-0.3917	1.0435	11.7177	4.6670	-2.9514
227	1.1635	1.7131	0.1254	-0.3980	1.0538	11.5469	4.7190	-2.9758
228	1.1635	1.7142	0.1218	-0.4002	1.0633	12.0058	4.6870	-2.9818
229	1.1645	1.7169	0.1230	-0.3985	1.0796	11.7779	4.6520	-2.8604
230	1.1638	1.7201	0.1230	-0.4033	1.0981	11.8626	4.5490	-2.8726
231	1.2442	1.5336	0.1248	-0.0818	0.3528	11.0909	4.4070	-2.8766
232	1.2463	1.5344	0.1266	-0.0733	0.3568	11.6674	4.1970	-2.7786
233	1.2491	1.5345	0.1272	-0.0622	0.3581	11.9254	3.8960	-2.7792
234	1.2527	1.5336	0.1254	-0.0479	0.3553	11.5193	3.8070	-2.7614
235	1.2588	1.5345	0.1254	-0.0230	0.3597	12.0844	3.6220	-2.7312
236	1.2640	1.5332	0.1236	-0.0021	0.3552	12.1510	3.5531	-2.7106
237	1.2714	1.5308	0.1242	0.0279	0.3468	12.2304	3.8210	-2.0042
238	1.2805	1.5275	0.1224	0.0653	0.3342	12.2965	3.0690	-2.2418
239	1.2909	1.5232	0.1183	0.1080	0.3175	12.0042	4.2510	-2.8502
240	1.3008	1.5203	0.1178	0.1488	0.3065	12.3299	4.2360	-2.7940
241	1.2646	1.5348	0.1236	0.0043	0.3652	11.5365	4.1010	-2.8386
242	1.2620	1.5378	0.1290	-0.0057	0.3782	11.8598	4.1670	-2.8758
243	1.2594	1.5405	0.1236	-0.0159	0.3900	12.1241	4.2050	-2.8230
244	1.2590	1.5425	0.1272	-0.0172	0.3991	11.3163	4.3150	-2.8746
245	1.2607	1.5451	0.1207	-0.0103	0.4107	13.0171	4.5910	-2.8630
246	1.2645	1.5493	0.1236	0.0054	0.4285	12.5152	4.8630	-2.9938
247	1.2719	1.5534	0.1242	0.0353	0.4463	12.2381	4.9310	-2.9850
248	1.2801	1.5605	0.1236	0.0689	0.4764	12.4595	5.1310	-2.9938
249	1.2899	1.5667	0.1201	0.1093	0.5025	12.3877	5.0630	-3.0698
250	1.2958	1.5697	0.1230	0.1341	0.5164	12.4046	5.0170	-2.9950
251	1.2438	1.5263	0.1236	-0.0742	0.3436	11.5489	4.8030	-2.9178
252	1.2460	1.5274	0.1230	-0.0656	0.3488	12.4031	4.8230	-2.9562
253	1.2479	1.5260	0.1224	-0.0578	0.3435	12.7422	4.5700	-2.8672
254	1.2477	1.5224	0.1248	-0.0589	0.3299	12.7272	4.6220	-2.9520
255	1.2486	1.5184	0.1224	-0.0552	0.3141	12.9247	4.3290	-2.8158
256	1.2521	1.5157	0.1254	-0.0413	0.3039	12.4807	4.1830	-2.8754
257	1.2561	1.5136	0.1248	-0.0250	0.2958	12.7030	3.9470	-2.7526
258	1.2594	1.5135	0.1248	-0.0116	0.2959	13.0341	3.9770	-2.7834
259	1.2633	1.5144	0.1218	0.0042	0.2998	12.3012	4.0700	-2.7800
260	1.2662	1.5141	0.1230	0.0164	0.2989	13.0649	4.0870	-2.8174
261	1.2693	1.5151	0.1230	0.0293	0.3032	12.0382	4.0760	-1.2456
262	1.2716	1.5183	0.1254	0.0390	0.3165	12.5987	4.2300	-2.8364
263	1.2746	1.5242	0.1207	0.0514	0.3408	13.0806	4.0300	-2.7980
264	1.2777	1.5304	0.1248	0.0646	0.3661	13.0314	3.9650	-2.7822
265	1.2798	1.5371	0.1218	0.0739	0.3939	13.2995	3.9720	-2.7648
266	1.2812	1.5424	0.1236	0.0802	0.4164	13.0584	4.0470	-2.7694
267	1.2810	1.5486	0.1260	0.0801	0.4422	12.7442	4.3390	-2.9062
268	1.2822	1.5543	0.1260	0.0857	0.4664	12.7761	4.4280	-2.8328
269	1.2829	1.5614	0.1218	0.0895	0.4964	12.5477	4.4650	-2.9474
270	1.2831	1.5684	0.1195	0.0910	0.5259	13.7328	4.5440	-2.8768
271	1.2539	1.5460	0.1260	-0.0258	0.4376	12.8585	4.1920	-2.8316
272	1.2548	1.5502	0.1272	-0.0219	0.4557	12.8054	4.0030	-2.7642
273	1.2571	1.5538	0.1248	-0.0127	0.4713	13.4237	3.6610	-2.6934
274	1.2619	1.5583	0.1284	0.0067	0.4909	11.9051	3.7310	-2.7974
275	1.2690	1.5610	0.1248	0.0359	0.5034	13.0100	3.6680	-2.7220
276	1.2769	1.5623	0.1248	0.0681	0.5099	13.3982	3.8520	-2.8056
277	1.2834	1.5637	0.1178	0.0949	0.5171	14.1563	3.8890	-2.8574
278	1.2861	1.5625	0.1254	0.1065	0.5139	13.0331	3.8680	-2.8176
279	1.2894	1.5593	0.1236	0.1207	0.5025	13.2207	3.7520	-2.7548
280	1.2926	1.5546	0.1278	0.1348	0.4852	13.3994	3.6990	-2.6322
281	1.4358	1.1930	0.1266	0.7121	-0.9689	12.3883	3.8003	-2.6002
282	1.4354	1.1876	0.1242	0.7151	-0.9983	13.7669	3.7840	-2.6644
283	1.4369	1.1844	0.1224	0.7259	-1.0190	13.3591	3.8640	-2.7872
284	1.4400	1.1846	0.1242	0.7429	-1.0259	13.5315	3.9350	-2.9254
285	1.4459	1.1841	0.1224	0.7715	-1.0362	13.3639	3.7960	-2.7388
286	1.4522	1.1821	0.1266	0.8015	-1.0518	13.6673	3.7400	-2.8268
287	1.4592	1.1796	0.1132	0.8348	-1.0699	14.4809	4.0090	-2.8030
288	1.4639	1.1745	0.1254	0.8590	-1.0986	13.6343	3.7390	-2.6914
289	1.4676	1.1715	0.1260	0.8794	-1.1185	13.4152	3.1700	-2.5696
290	1.4713	1.1718	0.1260	0.8997	-1.1256	13.7385	3.2200	-2.7252
291	1.2674	1.5186	0.1236	0.0843	0.2620	13.7514	3.5080	-2.7352
292	1.2699	1.5164	0.1230	0.0950	0.2537	13.8541	3.7080	-2.7632
293	1.2751	1.5102	0.1266	0.1162	0.2292	13.6346	3.1890	-2.6598
294	1.2796	1.5055	0.1178	0.1351	0.2102	14.7280	2.6230	-2.5246
295	1.2870	1.4982	0.1230	0.1655	0.1811	13.8892	3.1110	-2.6986
296	1.2918	1.4894	0.1266	0.1859	0.1455	13.8489	2.7940	-2.4708
297	1.2924	1.4812	0.1224	0.1895	0.1124	14.2547	2.6160	-2.5208
298	1.2953	1.4722	0.1278	0.2019	0.0758	13.7010	3.1460	-2.6640
299	1.2959	1.4617	0.1236	0.2055	0.0327	14.0571	2.5900	-2.4100
300	1.2939	1.4517	0.1272	0.1989	-0.0084	13.9506	2.4860	-2.4772
301	1.2118	1.5422	0.1266	-0.1306	0.3546	13.9275	2.7070	-2.5414
302	1.2093	1.5408	0.1224	-0.1415	0.3498	14.0441	3.0900	-2.6256
303	1.2024	1.5422	0.1242	-0.1704	0.3567	14.2779	3.0950	-2.6358
304	1.1964	1.5457	0.1166	-0.1956	0.3716	15.1629	3.9840	-2.8924
305	1.1922	1.5446	0.1248	-0.2138	0.3686	13.8542	4.0650	-2.7330
306	1.1859	1.5436	0.1260	-0.2410	0.3655	13.9198	3.5790	-2.6494
307	1.1801	1.5464	0.1242	-0.2658	0.3782	14.2851	3.7400	-2.8108
308	1.1769	1.5486	0.1260	-0.2804	0.3878	14.4009	3.9370	-2.7514
309	1.1751	1.5497	0.1248	-0.2894	0.3935	14.3360	3.4590	-2.6398
310	1.1740	1.5525	0.1172	-0.2956	0.4061	15.0919	3.2810	-2.5958
311	1.2434	1.5414	0.1189	-0.0183	0.3628	15.2671	3.8910	-2.8846
312	1.2404	1.5398	0.1254	-0.0306	0.3575	14.2804	3.5080	-2.7168
313	1.2360	1.5365	0.1224	-0.0485	0.3449	14.6684	2.8470	-2.5374
314	1.2334	1.5342	0.1183	-0.0593	0.3365	15.1916	3.0920	-2.6504
315	1.2329	1.5298	0.1254	-0.0619	0.3200	14.3152	3.3520	-2.6400
316	1.2321	1.5249	0.1284	-0.0655	0.3008	14.1644	2.5860	-2.4304
317	1.2327	1.5197	0.1248	-0.0634	0.2808	14.6883	2.6730	-2.5338
318	1.2336	1.5104	0.1272	-0.0604	0.2437	14.3714	2.1150	-2.3314
319	1.2330	1.5017	0.1266	-0.0631	0.2088	14.5951	1.8240	-2.3524
320	1.2331	1.4935	0.1278	-0.0631	0.1758	14.3550	2.0140	-2.4044
321	1.2539	1.5432	0.1230	0.0204	0.3758	14.5973	1.7280	-2.3044
322	1.2555	1.5459	0.1236	0.0266	0.3878	14.7291	2.0800	-2.5116
323	1.2584	1.5488	0.1248	0.0384	0.4006	14.4397	2.4000	-2.4708
324	1.2603	1.5538	0.1230	0.0463	0.4219	14.9230	2.1910	-2.4150
325	1.2633	1.5578	0.1248	0.0589	0.4392	13.7485	2.8910	-2.6150
326	1.2656	1.5587	0.1254	0.0683	0.4446	14.8207	2.3490	-2.3594
327	1.2668	1.5591	0.1248	0.0737	0.4476	14.5078	2.5560	-2.5800
328	1.2663	1.5621	0.1254	0.0719	0.4610	14.9432	1.9900	-2.3316
329	1.2663	1.5653	0.1248	0.0725	0.4754	14.9862	2.5680	-2.6404
330	1.2667	1.5669	0.1284	0.0743	0.4834	14.6921	1.9430	-2.3746
331	1.2725	1.5350	0.1230	0.0980	0.3568	15.0051	1.4390	-2.0866
332	1.2720	1.5348	0.1230	0.0968	0.3569	15.3349	0.8950	-2.2498
333	1.2721	1.5368	0.1254	0.0978	0.3658	14.8419	0.2860	-1.9544
334	1.2724	1.5401	0.1266	0.0995	0.3802	14.9682	0.5680	-2.0808
335	1.2741	1.5429	0.1242	0.1070	0.3922	14.1148	0.6220	-2.2072
336	1.2776	1.5456	0.1254	0.1216	0.4041	15.2356	0.1090	-1.9254
337	1.2819	1.5469	0.1236	0.1395	0.4107	15.1227	0.4080	-2.0832
338	1.2856	1.5469	0.1272	0.1551	0.4117	15.0217	0.2520	-2.1524
339	1.2882	1.5448	0.1213	0.1667	0.4046	15.5282	0.5120	-2.0812
340	1.2898	1.5437	0.1266	0.1738	0.4010	15.3317	0.7650	-2.3810
341	1.2784	1.5256	0.1260	0.1290	0.3293	15.1881	-0.2570	-1.7901
342	1.2774	1.5268	0.1248	0.1257	0.3348	15.4832	-0.6930	-1.8864
343	1.2780	1.5294	0.1254	0.1288	0.3459	14.9069	-0.8430	-1.8198
344	1.2770	1.5320	0.1266	0.1255	0.3573	15.5724	-0.9220	-1.7943
345	1.2743	1.5340	0.1236	0.1151	0.3660	15.4801	-1.6750	-1.6412
346	1.2690	1.5353	0.1236	0.0947	0.3723	15.3924	-3.1100	-1.3160
347	1.2652	1.5356	0.1266	0.0796	0.3742	15.2441	-3.5740	-0.9626
348	1.2615	1.5352	0.1242	0.0652	0.3736	15.5624	0.0000	-3.2796
349	1.2564	1.5323	0.1266	0.0450	0.3626	15.4263	-3.9120	-1.0634
350	1.2527	1.5312	0.1260	0.0301	0.3590	15.2250	-5.1910	-0.7926
351	1.2670	1.5132	0.1224	0.0879	0.2875	15.3841	-5.2550	-0.4942
352	1.2728	1.5110	0.1213	0.1116	0.2791	15.2085	-6.0710	-0.4663
353	1.2768	1.5101	0.1213	0.1282	0.2755	15.4731	-6.9610	-0.1337
354	1.2790	1.5073	0.1272	0.1377	0.2644	15.4407	-7.2030	-0.1152
355	1.2802	1.5048	0.1242	0.1433	0.2548	15.5338	-7.1760	-0.0833
356	1.2812	1.5014	0.1224	0.1483	0.2410	15.7199	-8.0760	0.0428
357	1.2830	1.4972	0.1236	0.1562	0.2243	14.7410	-8.9460	0.4531
358	1.2860	1.4925	0.1224	0.1693	0.2054	16.1410	-9.0020	0.6608
359	1.2884	1.4908	0.1230	0.1796	0.1984	15.7451	-9.5130	0.9046
360	1.2878	1.4907	0.1132	0.1781	0.1975	17.1912	-9.1170	0.9054
361	1.2746	1.5230	0.1213	0.1260	0.3274	16.1869	-10.0970	0.9640
362	1.2738	1.5254	0.1183	0.1234	0.3376	16.6820	-9.6250	0.9507
363	1.2734	1.5284	0.1236	0.1224	0.3503	16.1396	-9.8130	1.4622
364	1.2720	1.5292	0.1236	0.1176	0.3543	15.9920	-9.2590	1.1032
365	1.2685	1.5274	0.1242	0.1038	0.3477	16.1312	-9.1860	0.9875
366	1.2640	1.5274	0.1290	0.0863	0.3484	15.4656	-9.4870	1.3374
367	1.2598	1.5300	0.1178	0.0695	0.3596	16.9088	-10.0770	1.5056
368	1.2585	1.5316	0.1218	0.0646	0.3668	16.8106	-10.0140	1.5763
369	1.2547	1.5334	0.1236	0.0496	0.3748	15.8536	-10.0470	1.6341
370	1.2510	1.5360	0.1254	0.0347	0.3860	15.3147	-10.8020	2.0461
371	1.2453	1.4994	0.1236	0.0120	0.2397	15.4393	-10.8360	2.1820
372	1.2476	1.4956	0.1236	0.0212	0.2244	15.9362	-10.5480	2.2555
373	1.2515	1.4940	0.1236	0.0365	0.2177	16.0859	-10.2490	2.2663
374	1.2549	1.4941	0.1248	0.0506	0.2182	15.7978	-10.0810	2.1796
375	1.2590	1.4945	0.1143	0.0671	0.2195	17.0322	-10.0880	2.2154
376	1.2646	1.4950	0.1272	0.0898	0.2216	16.3488	-11.0280	2.7960
377	1.2722	1.4970	0.1248	0.1206	0.2293	15.8946	-11.3200	2.9333
378	1.2807	1.4988	0.1254	0.1556	0.2363	16.0308	-10.9250	3.0537
379	1.2925	1.5022	0.1201	0.2036	0.2503	16.8790	-11.0410	3.1241
380	1.3002	1.5058	0.1242	0.2356	0.2647	15.4189	-11.0590	2.9621
381	1.2603	1.5482	0.1242	0.0763	0.4355	15.4446	-11.7430	3.2143
382	1.2613	1.5515	0.1236	0.0807	0.4498	16.3013	-1.2110	-3.1118
383	1.2635	1.5529	0.1218	0.0899	0.4569	16.7231	-14.0040	3.9725
384	1.2664	1.5529	0.1236	0.1017	0.4584	16.4241	-15.8760	5.9518
385	1.2686	1.5544	0.1218	0.1112	0.4658	16.4337	-13.1260	4.1552
386	1.2703	1.5538	0.1248	0.1183	0.4644	16.4041	-13.1560	4.0573
387	1.2713	1.5517	0.1213	0.1230	0.4574	16.9811	-13.1820	4.1850
388	1.2738	1.5498	0.1236	0.1334	0.4511	16.5521	-14.1270	4.8750
389	1.2773	1.5467	0.1213	0.1481	0.4398	16.8615	-14.3230	4.9442
390	1.2824	1.5421	0.1160	0.1693	0.4225	17.6402	-14.6510	4.8390
391	1.2600	1.5472	0.1213	0.0803	0.4441	16.9199	-14.2290	4.8098
392	1.2617	1.5481	0.1236	0.0874	0.4487	15.9133	-14.1640	4.7268
393	1.2641	1.5482	0.1230	0.0970	0.4504	16.7128	-14.0470	4.6654
394	1.2658	1.5469	0.1236	0.1042	0.4464	16.8507	-14.1600	4.9316
395	1.2693	1.5454	0.1143	0.1188	0.4416	17.9408	-14.6080	5.0460
396	1.2734	1.5445	0.1224	0.1358	0.4392	17.0570	-15.0920	5.2524
397	1.2769	1.5426	0.1236	0.1506	0.4328	16.7108	-15.0610	4.9838
398	1.2798	1.5394	0.1224	0.1630	0.4206	17.2396	-14.8260	4.8200
399	1.2834	1.5375	0.1224	0.1779	0.4140	17.0931	-15.3000	5.1796
400	1.2863	1.5371	0.1230	0.1904	0.4133	17.0412	-15.7290	5.3122
401	1.1952	1.5108	0.1213	-0.1752	0.3085	16.2941	-14.9870	4.7954
402	1.1952	1.5108	0.1242	-0.1765	0.3088	17.0687	-15.7190	5.2418
403	1.1947	1.5118	0.1213	-0.1800	0.3131	17.5749	-16.1390	5.2162
404	1.1932	1.5126	0.1248	-0.1875	0.3166	16.8834	-15.8280	5.1000
405	1.1950	1.5138	0.1236	-0.1813	0.3218	17.1174	-15.6860	5.1076
406	1.1971	1.5152	0.1224	-0.1743	0.3277	16.5343	-16.2060	5.1616
407	1.1974	1.5164	0.1213	-0.1745	0.3328	17.4654	-16.0670	5.1338
408	1.1988	1.5177	0.1230	-0.1704	0.3387	17.7024	-15.8550	5.1006
409	1.2006	1.5193	0.1260	-0.1641	0.3455	17.1367	-15.1860	5.0320
410	1.2042	1.5214	0.1230	-0.1509	0.3543	17.3412	-15.0290	5.0742
411	1.4030	1.5365	0.1195	0.6480	0.4158	18.0342	-16.4710	6.0610
412	1.4046	1.5375	0.1160	0.6583	0.4205	18.1272	-14.2790	4.8674
413	1.4084	1.5382	0.1224	0.6774	0.4244	17.5676	-14.5810	5.1022
414	1.4113	1.5388	0.1160	0.6929	0.4276	18.1914	-14.6980	4.9396
415	1.4120	1.5395	0.1224	0.7000	0.4315	17.5134	-14.1430	4.8878
416	1.4102	1.5380	0.1195	0.6967	0.4266	17.8388	-13.7750	4.7398
417	1.4062	1.5376	0.1207	0.6845	0.4257	17.7311	-14.8120	5.2180
418	1.3999	1.5373	0.1224	0.6633	0.4256	17.4927	-14.4520	4.7920
419	1.3943	1.5389	0.1213	0.6444	0.4327	17.7251	-15.1430	5.1634
420	1.3921	1.5409	0.1236	0.6392	0.4418	17.5265	-14.8900	4.8684
421	1.2168	1.5420	0.1149	-0.0629	0.4474	18.4247	-14.7290	4.9710
422	1.2146	1.5422	0.1230	-0.0726	0.4493	17.6562	-13.3120	4.6144
423	1.2098	1.5434	0.1218	-0.0928	0.4551	17.9483	-13.6840	4.8084
424	1.2012	1.5436	0.1218	-0.1284	0.4570	17.9800	-12.4300	4.3116
425	1.1948	1.5436	0.1213	-0.1553	0.4581	17.9057	-12.4900	4.5732
426	1.1895	1.5439	0.1166	-0.1781	0.4604	18.6081	-12.8350	4.7258
427	1.1801	1.5434	0.1213	-0.2176	0.4594	18.0229	-12.0180	4.1948
428	1.1728	1.5427	0.1236	-0.2487	0.4576	17.8897	-11.2970	4.1622
429	1.1675	1.5417	0.1260	-0.2718	0.4550	17.6945	-10.8120	4.0568
430	1.1634	1.5413	0.1248	-0.2903	0.4544	18.2223	3.0000	-3.8404
431	1.2206	1.5484	0.1260	-0.0623	0.4839	17.7443	-9.1590	3.8734
432	1.2236	1.5486	0.1254	-0.0510	0.4859	17.9665	-8.8190	3.7222
433	1.2272	1.5502	0.1248	-0.0370	0.4935	17.0744	-8.1250	3.4934
434	1.2307	1.5508	0.1260	-0.0237	0.4972	18.0774	-7.7600	3.5520
435	1.2359	1.5508	0.1254	-0.0031	0.4985	17.7637	-7.1393	4.8700
436	1.2402	1.5510	0.1242	0.0136	0.5005	18.2951	-0.2100	2.0405
437	1.2460	1.5508	0.1236	0.0367	0.5009	18.3981	-6.5480	3.3096
438	1.2501	1.5465	0.1242	0.0533	0.4849	18.4180	-5.3610	2.9730
439	1.2553	1.5428	0.1260	0.0741	0.4712	18.0547	-4.3420	2.6944
440	1.2583	1.5382	0.1260	0.0863	0.4536	18.1992	-3.2970	2.3714
441	1.2566	1.6338	0.1242	0.0798	0.8395	18.1418	-3.2650	2.6530
442	1.2594	1.6354	0.1224	0.0912	0.8493	17.9699	-3.0950	2.7154
443	1.2644	1.6352	0.1132	0.1115	0.8519	19.3483	-2.4260	2.5252
444	1.2716	1.6352	0.1242	0.1409	0.8553	18.2909	-2.8540	2.5708
445	1.2806	1.6354	0.1236	0.1776	0.8595	18.1580	-3.0100	2.7429
446	1.2902	1.6394	0.1260	0.2171	0.8790	18.3182	-3.7380	2.7148
447	1.2990	1.6428	0.1242	0.2537	0.8961	17.3424	-3.2660	2.6532
448	1.3071	1.6436	0.1230	0.2874	0.9030	18.4435	-2.6700	2.5340
449	1.3155	1.6437	0.1230	0.3226	0.9068	18.7126	-2.8070	2.5614
450	1.3228	1.6437	0.1189	0.3535	0.9106	19.4703	-2.5130	2.4902
451	1.1902	1.5584	0.1213	-0.1783	0.5708	18.6269	-2.2640	2.5732
452	1.1915	1.5600	0.1236	-0.1745	0.5787	18.4276	-1.8960	2.5336
453	1.1948	1.5612	0.1218	-0.1627	0.5850	18.8497	-1.0690	2.2686
454	1.1988	1.5646	0.1236	-0.1479	0.6002	18.6093	-0.6930	2.1778
455	1.2035	1.5675	0.1207	-0.1305	0.6136	18.8778	0.3430	1.9594
456	1.2093	1.5695	0.1207	-0.1083	0.6231	18.9096	1.1830	1.8306
457	1.2139	1.5731	0.1207	-0.0907	0.6393	18.8244	2.3900	1.4898
458	1.2175	1.5749	0.1230	-0.0771	0.6484	18.9275	2.0640	1.4977
459	1.2191	1.5772	0.1213	-0.0715	0.6598	18.1820	2.4920	1.5257
460	1.2184	1.5814	0.1172	-0.0752	0.6787	19.5687	2.8140	1.4630
461	1.1872	1.5858	0.1236	-0.2015	0.6982	17.9502	3.2470	1.1022
462	1.1878	1.5872	0.1248	-0.2006	0.7060	18.6517	2.5830	1.7328
463	1.1894	1.5898	0.1172	-0.1957	0.7186	19.5407	2.7030	1.3518
464	1.1912	1.5916	0.1207	-0.1900	0.7281	18.9196	2.0590	1.4807
465	1.1936	1.5940	0.1213	-0.1818	0.7402	19.1755	2.3050	1.2439
466	1.1994	1.5938	0.1236	-0.1599	0.7418	18.8064	0.7870	1.6277
467	1.2038	1.5923	0.1230	-0.1434	0.7378	19.1459	2.1620	1.2191
468	1.2116	1.5921	0.1236	-0.1132	0.7394	18.9886	1.1370	1.4699
469	1.2156	1.5969	0.1218	-0.0981	0.7611	19.2924	0.6930	1.5934
470	1.2172	1.6018	0.1236	-0.0925	0.7832	19.1577	1.4880	1.2475
471	1.2028	1.4090	0.1260	-0.1511	0.0098	18.7785	0.3880	1.7061
472	1.2057	1.4144	0.1207	-0.1406	0.0293	19.4501	1.7880	1.2331
473	1.2083	1.4194	0.1213	-0.1313	0.0470	19.4118	0.5160	1.5884
474	1.2118	1.4262	0.1149	-0.1185	0.0726	20.2090	1.0150	1.6269
475	1.2143	1.4315	0.1248	-0.1092	0.0922	19.2870	1.9700	1.3055
476	1.2151	1.4371	0.1248	-0.1070	0.1130	19.4380	3.0170	0.8973
477	1.2145	1.4411	0.1213	-0.1104	0.1273	19.3624	3.7150	0.9317
478	1.2156	1.4472	0.1254	-0.1066	0.1504	19.3097	4.0180	0.5737
479	1.2146	1.4519	0.1143	-0.1116	0.1681	20.3189	5.4780	0.2985
480	1.2123	1.4543	0.1248	-0.1218	0.1766	19.3202	6.6330	-0.0938
481	1.1968	1.5924	0.1201	-0.1850	0.7312	19.9191	7.1930	0.0177
482	1.1963	1.5891	0.1254	-0.1883	0.7202	19.4248	6.4530	0.1008
483	1.1967	1.5835	0.1149	-0.1881	0.6998	20.3651	6.5390	-0.3263
484	1.2001	1.5748	0.1224	-0.1757	0.6671	19.7858	7.4230	-0.4426
485	1.2085	1.5632	0.1236	-0.1432	0.6222	19.4390	8.0230	-0.7685
486	1.2175	1.5526	0.1254	-0.1080	0.5809	19.3740	7.7570	-0.4682
487	1.2221	1.5457	0.1218	-0.0903	0.5547	19.1337	7.4390	-0.5720
488	1.2250	1.5395	0.1149	-0.0791	0.5307	20.8799	6.2360	-0.3032
489	1.2326	1.5334	0.1230	-0.0494	0.5074	19.5208	6.0360	-0.3825
490	1.2391	1.5281	0.1132	-0.0236	0.4866	20.6647	6.7260	-0.6025
491	1.1762	1.5800	0.1236	-0.2771	0.6964	19.7959	6.2880	-0.4657
492	1.1722	1.5860	0.1278	-0.2950	0.7223	19.8031	5.6630	-0.4398
493	1.1638	1.5965	0.1266	-0.3309	0.7668	20.4671	4.6860	-0.3953
494	1.1563	1.6065	0.1358	-0.3630	0.8098	19.8925	5.2360	-0.4342
495	1.1535	1.6148	0.1408	-0.3768	0.8458	19.3782	5.4060	-0.6323
496	1.1540	1.6225	0.1408	-0.3770	0.8796	19.6597	3.9270	-0.1431
497	1.1538	1.6322	0.1396	-0.3805	0.9218	19.6438	2.6720	0.0067
498	1.1509	1.6477	0.1377	-0.3943	0.9874	19.5215	1.9690	0.1081
499	1.1455	1.6658	0.1358	-0.4187	1.0639	18.7978	2.1500	-0.1617
500	1.1420	1.6783	0.1358	-0.4353	1.1185	19.8618	3.4990	-0.4247
501	1.1740	1.6166	0.1296	-0.3092	0.8745	19.2865	3.3600	-0.2462
502	1.1710	1.6184	0.1315	-0.3232	0.8846	19.8172	4.5950	-0.8041
503	1.1690	1.6176	0.1308	-0.3332	0.8844	19.7995	5.7810	-0.8888
504	1.1625	1.6186	0.1315	-0.3614	0.8913	20.1846	4.9800	-0.8968
505	1.1587	1.6210	0.1296	-0.3788	0.9040	19.8853	6.2360	-1.2205
506	1.1576	1.6204	0.1315	-0.3857	0.9046	19.9993	5.4140	-0.6628
507	1.1530	1.6224	0.1278	-0.4064	0.9156	20.1042	3.6470	-0.6707
508	1.1494	1.6234	0.1333	-0.4232	0.9227	20.2077	4.0790	-0.8106
509	1.1417	1.6214	0.1408	-0.4569	0.9177	19.3327	8.6650	-3.8916
510	1.1362	1.6194	0.1473	-0.4816	0.9127	19.4590	3.8360	-0.7339
511	1.2068	1.5244	0.1559	-0.2004	0.5333	19.8991	1.9240	-0.4678
512	1.2082	1.5239	0.1713	-0.1958	0.5319	19.4080	-13.0360	8.5666
513	1.2126	1.5233	0.1831	-0.1792	0.5301	18.8152	0.8660	-0.2258
514	1.2196	1.5217	0.1779	-0.1519	0.5243	20.1378	0.7680	-0.3472
515	1.2280	1.5191	0.1885	-0.1189	0.5145	19.5814	0.1590	0.1332
516	1.2362	1.5164	0.1908	-0.0864	0.5037	18.6975	-0.4140	-0.0240
517	1.2458	1.5154	0.1801	-0.0481	0.5002	19.2392	-1.4060	0.1770
518	1.2530	1.5131	0.1628	-0.0193	0.4916	19.9567	-0.4170	-0.0761
519	1.2660	1.5064	0.1600	0.0331	0.4646	19.7541	0.8120	-0.2147
520	1.2840	1.4950	0.1512	0.1060	0.4190	19.8215	0.5970	-0.1408
521	1.2080	1.5258	0.1370	-0.1991	0.5430	20.7673	-1.0820	0.3328
522	1.2128	1.5303	0.1352	-0.1806	0.5618	20.4451	-2.5660	0.5434
523	1.2221	1.5362	0.1254	-0.1443	0.5863	20.7863	-2.5560	0.5614
524	1.2347	1.5375	0.1236	-0.0942	0.5923	20.0274	-0.9960	0.1544
525	1.2440	1.5398	0.1296	-0.0574	0.6025	19.7462	-2.3230	0.5661
526	1.2522	1.5462	0.1383	-0.0244	0.6295	20.4426	-2.2520	0.5109
527	1.2630	1.5571	0.1479	0.0193	0.6743	20.2787	-2.5100	0.5642
528	1.2709	1.5708	0.1546	0.0515	0.7309	20.5115	-2.9280	0.7552
529	1.2777	1.5869	0.1692	0.0792	0.7976	19.9765	-2.0200	0.5062
530	1.2848	1.5982	0.1846	0.1083	0.8451	19.0865	-1.5800	0.3977
531	1.1720	1.3949	0.1971	-0.3447	0.0295	18.5203	-1.4910	0.4595
532	1.1796	1.3901	0.2019	-0.3161	0.0073	19.5472	-1.6490	0.6151
533	1.1846	1.3874	0.2085	-0.2977	-0.0061	19.5185	-2.0510	0.5922
534	1.1886	1.3814	0.2052	-0.2832	-0.0333	18.6881	-1.9420	0.6873
535	1.1964	1.3763	0.1749	-0.2534	-0.0566	20.4638	-2.6460	0.7366
536	1.2004	1.3747	0.1607	-0.2386	-0.0664	20.0334	-2.4430	0.7598
537	1.2018	1.3774	0.1434	-0.2342	-0.0584	20.2823	-3.0500	0.7761
538	1.2066	1.3801	0.1358	-0.2161	-0.0509	20.5299	-0.8570	0.4090
539	1.2082	1.3829	0.1333	-0.2107	-0.0424	20.7216	-1.6030	0.7156
540	1.2118	1.3895	0.1358	-0.1973	-0.0189	20.7007	-0.1660	0.3632
541	1.1710	1.3968	0.1345	-0.3625	0.0078	20.6868	-0.3860	0.2368
542	1.1756	1.3938	0.1453	-0.3461	-0.0069	19.7312	0.0890	0.3114
543	1.1755	1.3898	0.1408	-0.3482	-0.0256	20.6784	-1.8180	0.8589
544	1.1728	1.3908	0.1533	-0.3607	-0.0243	19.0871	-3.2720	1.0654
545	1.1748	1.3940	0.1642	-0.3548	-0.0142	20.1897	-3.6110	1.1257
546	1.1793	1.3949	0.2060	-0.3384	-0.0132	17.9190	-4.7150	1.5587
547	1.1833	1.3978	0.2186	-0.3243	-0.0042	20.0736	-5.5930	1.8447
548	1.1895	1.3997	0.2657	-0.3010	0.0009	17.4462	-6.0970	1.8634
549	1.1911	1.3996	0.2837	-0.2962	-0.0022	18.0002	-6.0570	1.9462
550	1.1943	1.4014	0.2783	-0.2846	0.0029	18.3146	-6.0300	1.7381
551	1.1706	1.3948	0.2478	-0.3814	-0.0263	20.6934	-6.5440	2.1100
552	1.1708	1.3938	0.2076	-0.3826	-0.0329	21.2954	-6.6090	2.0698
553	1.1698	1.3938	0.1816	-0.3886	-0.0356	18.6970	-5.6940	1.9455
554	1.1700	1.3923	0.1573	-0.3899	-0.0443	20.3773	-3.7970	1.5397
555	1.1665	1.3948	0.1284	-0.4059	-0.0369	21.6027	-4.8630	1.9659
556	1.1636	1.4015	0.1195	-0.4195	-0.0126	22.0917	-3.8140	1.4235
557	1.1614	1.4072	0.1370	-0.4308	0.0078	20.5661	-2.8010	1.5146
558	1.1581	1.4127	0.1546	-0.4462	0.0276	20.5468	-0.4990	0.8413
559	1.1555	1.4147	0.1742	-0.4589	0.0335	20.0931	0.3080	1.0149
560	1.1518	1.4192	0.2068	-0.4763	0.0495	17.8423	0.4650	0.8073
1	1.2680	1.5440	0.0000	0.0725	0.1771	0.0000	-1.0010	0.0000
2	1.2679	1.5441	0.1284	0.0725	0.1785	4.0134	0.5600	-0.1101
3	1.2675	1.5444	0.1248	0.0715	0.1809	5.3661	-0.4010	0.0848
4	1.2667	1.5447	0.1284	0.0687	0.1834	4.7842	-0.2900	0.0485
5	1.2653	1.5449	0.1278	0.0632	0.1852	5.0077	-0.0600	0.0225
6	1.2641	1.5451	0.1284	0.0589	0.1869	4.8462	-0.0950	0.0362
7	1.2629	1.5451	0.1260	0.0543	0.1884	5.2864	-0.1260	0.0354
8	1.2615	1.5452	0.1278	0.0490	0.1896	4.9802	-0.0280	0.0039
9	1.2599	1.5453	0.1266	0.0429	0.1912	5.3361	-0.0670	0.0395
10	1.2589	1.5453	0.1284	0.0392	0.1926	5.0168	0.0090	-0.0163
11	1.2769	1.5250	0.1260	0.1117	0.1119	5.2109	0.0810	-0.0135
12	1.2765	1.5252	0.1189	0.1109	0.1133	6.1521	0.1650	-0.0027
13	1.2757	1.5255	0.1260	0.1082	0.1151	5.4531	0.3150	-0.0754
14	1.2743	1.5261	0.1195	0.1035	0.1183	6.1443	0.4020	-0.0689
15	1.2727	1.5266	0.1272	0.0976	0.1208	5.4311	0.5890	-0.1161
16	1.2718	1.5271	0.1183	0.0945	0.1235	6.7081	0.5450	-0.1236
17	1.2711	1.5273	0.1272	0.0920	0.1251	5.4324	0.4680	-0.0950
18	1.2697	1.5255	0.1296	0.0872	0.1183	5.3538	0.4220	-0.0795
19	1.2686	1.5233	0.1260	0.0830	0.1101	5.5778	0.1180	-0.0204
20	1.2675	1.5216	0.1218	0.0791	0.1041	6.2829	0.1450	-0.0690
21	1.2846	1.5534	0.1272	0.1486	0.2324	5.6641	0.0170	0.0042
22	1.2832	1.5540	0.1272	0.1437	0.2362	5.6347	-0.0500	-0.0099
23	1.2806	1.5553	0.1248	0.1340	0.2427	6.0742	-0.1320	0.0248
24	1.2775	1.5560	0.1278	0.1222	0.2471	5.5037	0.0271	-0.0287
25	1.2744	1.5568	0.1272	0.1105	0.2518	4.7225	0.0120	-0.0218
26	1.2710	1.5581	0.1284	0.0976	0.2584	5.7346	0.0500	-0.0637
27	1.2677	1.5593	0.1266	0.0846	0.2645	5.6808	0.0740	-0.0572
28	1.2642	1.5603	0.1284	0.0709	0.2699	5.8564	0.3020	-0.1206
29	1.2604	1.5620	0.1172	0.0562	0.2784	6.2236	0.2560	-0.0705
30	1.2571	1.5639	0.1213	0.0431	0.2876	6.2905	0.2000	-0.0646
31	1.2307	1.5697	0.1278	-0.0629	0.3124	5.7084	0.4900	-0.2175
32	1.2296	1.5697	0.1254	-0.0679	0.3141	5.9684	0.4790	-0.1210
33	1.2288	1.5690	0.1272	-0.0717	0.3134	5.7833	0.5980	-0.1410
34	1.2285	1.5684	0.1266	-0.0732	0.3126	6.2483	0.6180	-0.1430
35	1.2285	1.5680	0.1284	-0.0738	0.3125	5.7596	0.7350	-0.2035
36	1.2286	1.5674	0.1278	-0.0741	0.3119	5.9830	0.8940	-0.2501
37	1.2284	1.5667	0.1302	-0.0754	0.3106	5.8432	0.9160	-0.2479
38	1.2274	1.5654	0.1266	-0.0799	0.3072	6.3703	1.1890	-0.3432
39	1.2270	1.5646	0.1278	-0.0822	0.3058	5.9542	1.1530	-0.3077
40	1.2267	1.5637	0.1296	-0.0841	0.3036	5.8808	1.1860	-0.3718
41	1.2721	1.5577	0.1278	0.0984	0.2810	6.0031	0.9530	-0.2914
42	1.2717	1.5565	0.1189	0.0972	0.2777	7.1612	1.0710	-0.3678
43	1.2714	1.5554	0.1278	0.0963	0.2746	6.2457	1.1000	-0.3527
44	1.2709	1.5537	0.1272	0.0951	0.2693	6.1076	0.1460	-0.1603
45	1.2698	1.5521	0.1278	0.0910	0.2641	6.3069	1.2050	-0.3843
46	1.2684	1.5504	0.1290	0.0859	0.2584	6.1313	1.0820	-0.3553
47	1.2666	1.5479	0.1272	0.0792	0.2497	6.3195	1.1850	-0.4238
48	1.2652	1.5439	0.1266	0.0739	0.2348	6.4222	2.9990	-1.5077
49	1.2627	1.5387	0.1272	0.0642	0.2151	6.2010	1.1870	-0.3991
50	1.2605	1.5342	0.1260	0.0559	0.1978	6.7310	1.2510	-0.4768
51	1.2642	1.5498	0.1254	0.0709	0.2617	5.8182	1.2820	-0.4743
52	1.2650	1.5507	0.1260	0.0746	0.2663	6.7876	1.2780	-0.4851
53	1.2654	1.5514	0.1272	0.0763	0.2704	6.3129	1.1680	-0.4702
54	1.2661	1.5516	0.1290	0.0795	0.2725	6.3665	1.1190	-0.4738
55	1.2661	1.5518	0.1254	0.0802	0.2748	6.5908	1.0260	-0.4603
56	1.2656	1.5527	0.1278	0.0786	0.2794	6.5737	0.8670	-0.4471
57	1.2657	1.5530	0.1248	0.0794	0.2820	6.7843	0.8520	-0.4533
58	1.2652	1.5532	0.1183	0.0778	0.2841	7.7126	0.8710	-0.4659
59	1.2639	1.5534	0.1278	0.0730	0.2865	6.5464	0.7540	-0.4405
60	1.2623	1.5535	0.1296	0.0666	0.2883	6.5945	0.8210	-0.4698
61	1.1853	1.4288	0.1260	-0.2430	-0.2126	7.1208	1.1370	-0.5689
62	1.1839	1.4291	0.1266	-0.2500	-0.2131	6.8310	1.1400	-0.5526
63	1.1811	1.4289	0.1260	-0.2629	-0.2158	5.9896	1.0030	-0.5112
64	1.1784	1.4291	0.1290	-0.2757	-0.2168	6.6030	0.7610	-0.4801
65	1.1763	1.4301	0.1248	-0.2858	-0.2145	6.1951	0.5190	-0.4028
66	1.1741	1.4307	0.1284	-0.2966	-0.2136	6.6777	0.4510	-0.4571
67	1.1713	1.4320	0.1272	-0.3099	-0.2102	6.8534	0.4660	-0.4632
68	1.1667	1.4328	0.1284	-0.3303	-0.2087	6.8597	0.4590	-0.4568
69	1.1619	1.4346	0.1254	-0.3518	-0.2029	7.4332	0.4080	-0.4435
70	1.1586	1.4355	0.1183	-0.3672	-0.2009	8.0041	0.2890	-0.4044
71	1.2565	1.5105	0.1266	0.0248	0.0993	6.1524	0.1470	-0.3947
72	1.2536	1.5128	0.1189	0.0130	0.1086	7.9305	0.0490	-0.3930
73	1.2475	1.5157	0.1260	-0.0112	0.1207	7.2314	-0.1450	-0.3467
74	1.2406	1.5196	0.1207	-0.0392	0.1367	7.7823	-0.3430	-0.2720
75	1.2334	1.5246	0.1254	-0.0685	0.1572	7.4256	-0.4440	-0.2595
76	1.2263	1.5296	0.1189	-0.0972	0.1782	8.1747	-0.4160	-0.2969
77	1.2187	1.5347	0.1266	-0.1284	0.1993	7.2232	-0.2410	-0.3294
78	1.2099	1.5395	0.1302	-0.1649	0.2195	6.9381	-0.2410	-0.3036
79	1.2016	1.5433	0.1260	-0.1990	0.2357	7.1708	-0.2430	-0.3215
80	1.1911	1.5469	0.1302	-0.2427	0.2514	6.1046	-0.3270	-0.2782
81	1.2565	1.5096	0.1272	0.0190	0.1023	7.3819	-0.3480	-0.2631
82	1.2556	1.5091	0.1278	0.0158	0.1005	7.4613	-0.2910	-0.2862
83	1.2543	1.5089	0.1172	0.0104	0.1003	8.3471	-0.3740	-0.2530
84	1.2524	1.5084	0.1284	0.0028	0.0985	7.5114	-0.5790	-0.2095
85	1.2494	1.5073	0.1178	-0.0092	0.0941	8.5792	-0.7240	-0.1850
86	1.2447	1.5057	0.1272	-0.0278	0.0879	7.4762	-0.7890	-0.1456
87	1.2391	1.5034	0.1207	-0.0505	0.0787	8.2315	-0.8700	-0.1161
88	1.2333	1.5013	0.1266	-0.0741	0.0704	7.6102	-0.8890	-0.1311
89	1.2298	1.5002	0.1254	-0.0888	0.0661	7.5926	-0.8010	-0.1534
90	1.2245	1.4990	0.1290	-0.1105	0.0611	6.7161	-0.8740	-0.1092
91	1.2575	1.5102	0.1272	0.0216	0.1063	7.5520	-0.9480	-0.0993
92	1.2580	1.5095	0.1302	0.0239	0.1038	7.3935	-0.9970	-0.0802
93	1.2591	1.5083	0.1266	0.0286	0.0992	7.6192	-1.0470	-0.0546
94	1.2615	1.5066	0.1284	0.0382	0.0925	7.6131	-1.0910	-0.0533
95	1.2632	1.5051	0.1248	0.0456	0.0866	7.8364	-1.1570	-0.0284
96	1.2642	1.5033	0.1284	0.0497	0.0792	7.6747	-1.2440	0.0015
97	1.2637	1.5013	0.1248	0.0483	0.0713	8.1382	-1.3320	0.0583
98	1.2629	1.4992	0.1284	0.0454	0.0631	7.6162	-1.3090	0.0657
99	1.2621	1.4970	0.1266	0.0425	0.0541	7.9180	-1.3470	0.0597
100	1.2602	1.4945	0.1272	0.0351	0.0441	7.8161	-1.1260	0.0096
1	1.2590	1.5040	0.0000	0.0362	0.0161	0.0000	0.3400	0.0000
2	1.2589	1.5041	0.1284	0.0359	0.0164	4.0133	-1.0550	0.2124
3	1.2585	1.5042	0.1272	0.0347	0.0173	5.0781	-1.1670	0.2368
4	1.2581	1.5043	0.1284	0.0333	0.0176	4.9637	-1.2460	0.3018
5	1.2576	1.5044	0.1195	0.0313	0.0181	5.9443	-1.3880	0.3407
6	1.2571	1.5046	0.1266	0.0297	0.0191	5.1827	-1.4520	0.3503
7	1.2564	1.5051	0.1272	0.0272	0.0212	4.9613	-1.4830	0.3536
8	1.2552	1.5056	0.1266	0.0224	0.0234	5.3653	-1.3770	0.3481
9	1.2540	1.5064	0.1272	0.0174	0.0268	5.1434	-1.3050	0.3623
10	1.2532	1.5070	0.1278	0.0144	0.0294	5.2703	-1.3560	0.3730
11	1.2539	1.5860	0.1260	0.0172	0.3472	5.2110	-1.5010	0.4462
12	1.2526	1.5862	0.1195	0.0124	0.3503	6.1430	-1.3680	0.3905
13	1.2511	1.5866	0.1272	0.0064	0.3542	5.3095	-1.0000	0.3500
14	1.2507	1.5862	0.1272	0.0047	0.3547	5.5218	-1.0259	1.1633
15	1.2502	1.5870	0.1260	0.0028	0.3600	5.2170	-0.9510	1.1379
16	1.2502	1.5869	0.1284	0.0027	0.3618	5.3179	-0.7700	0.2945
17	1.2500	1.5867	0.1254	0.0018	0.3631	5.4099	-0.5880	0.2604
18	1.2493	1.5860	0.1278	-0.0008	0.3624	4.6801	-0.5450	0.2880
19	1.2476	1.5858	0.1248	-0.0076	0.3639	5.5435	-0.6280	0.3212
20	1.2460	1.5860	0.1284	-0.0142	0.3669	5.4898	-0.6970	0.3549
21	1.2612	1.4767	0.1278	0.0467	-0.0711	5.5263	0.0000	0.1897
22	1.2611	1.4770	0.1278	0.0466	-0.0704	5.6175	-0.8640	0.3592
23	1.2605	1.4776	0.1284	0.0445	-0.0685	5.2152	-0.8780	0.3627
24	1.2594	1.4784	0.1278	0.0402	-0.0657	5.6790	-0.8190	0.3827
25	1.2579	1.4790	0.1266	0.0347	-0.0639	4.8990	-0.7120	0.3553
26	1.2562	1.4802	0.1278	0.0278	-0.0598	5.7346	-0.7130	0.3675
27	1.2538	1.4816	0.1254	0.0183	-0.0544	5.8728	-0.8010	0.3946
28	1.2514	1.4840	0.1195	0.0088	-0.0452	6.7334	-0.8670	0.4106
29	1.2484	1.4868	0.1254	-0.0032	-0.0343	6.1161	-0.9260	0.4404
30	1.2456	1.4891	0.1201	-0.0147	-0.0255	6.7189	-0.8880	0.4241
31	1.2607	1.5310	0.1272	0.0463	0.1430	5.9495	-0.7500	0.3818
32	1.2599	1.5317	0.1272	0.0434	0.1463	5.7391	-0.5730	0.3792
33	1.2592	1.5325	0.1272	0.0405	0.1506	5.8899	-0.5530	0.4055
34	1.2595	1.5316	0.1278	0.0421	0.1477	5.3121	-0.4760	0.3811
35	1.2605	1.5305	0.1260	0.0462	0.1442	6.0359	-0.4430	0.3259
36	1.2601	1.5306	0.1278	0.0450	0.1451	5.9703	-0.2290	0.3381
37	1.2580	1.5311	0.1266	0.0370	0.1480	6.0257	-0.2650	0.3479
38	1.2563	1.5314	0.1266	0.0300	0.1500	6.0567	-0.2130	0.3369
39	1.2536	1.5320	0.1266	0.0196	0.1530	6.0878	-0.2210	0.3436
40	1.2508	1.5326	0.1284	0.0081	0.1565	6.0155	-0.3880	0.4168
41	1.2399	1.6084	0.1290	-0.0354	0.4622	5.9672	-0.5540	0.4118
42	1.2409	1.6071	0.1290	-0.0316	0.4596	5.9378	-0.4910	0.4096
43	1.2418	1.6056	0.1242	-0.0285	0.4564	6.4256	-0.4360	0.3825
44	1.2434	1.6041	0.1290	-0.0220	0.4531	5.8794	-0.3160	0.3428
45	1.2452	1.6024	0.1236	-0.0151	0.4488	6.7391	-0.4090	0.4061
46	1.2468	1.6000	0.1284	-0.0088	0.4418	6.0744	-0.3780	0.4434
47	1.2478	1.5970	0.1236	-0.0047	0.4320	6.5014	-0.5230	0.4664
48	1.2502	1.5938	0.1278	0.0046	0.4215	6.2090	-0.4480	0.4054
49	1.2521	1.5904	0.1248	0.0124	0.4101	6.7210	-0.5880	0.4920
50	1.2537	1.5876	0.1296	0.0189	0.4014	5.3365	-0.4420	0.4207
51	1.2755	1.5909	0.1272	0.1068	0.4167	6.3622	-0.5560	0.4746
52	1.2757	1.5909	0.1278	0.1084	0.4191	6.5018	-0.4130	0.4291
53	1.2763	1.5908	0.1260	0.1114	0.4211	6.6887	-0.4980	0.4771
54	1.2775	1.5908	0.1272	0.1168	0.4230	6.3948	-0.5820	0.4674
55	1.2792	1.5911	0.1278	0.1242	0.4266	5.5873	-0.6950	0.4978
56	1.2812	1.5911	0.1260	0.1332	0.4288	6.6019	-0.5890	0.5063
57	1.2824	1.5910	0.1272	0.1386	0.4307	6.6087	-0.6450	0.5233
58	1.2833	1.5905	0.1189	0.1431	0.4309	7.5740	-0.7710	0.5451
59	1.2834	1.5898	0.1272	0.1445	0.4307	6.7310	-0.7730	0.5631
60	1.2831	1.5897	0.1278	0.1438	0.4324	6.8039	-0.8730	0.5946
61	1.3729	1.3110	0.1260	0.5062	-0.6873	6.8639	-1.0270	0.6504
62	1.3733	1.3107	0.1284	0.5107	-0.6930	6.5450	-1.0030	0.6063
63	1.3735	1.3101	0.1260	0.5146	-0.7002	6.8062	-1.0660	0.6469
64	1.3741	1.3086	0.1260	0.5205	-0.7109	7.1384	-0.8950	0.6213
65	1.3752	1.3067	0.1254	0.5279	-0.7237	6.7608	-0.7300	0.5972
66	1.3765	1.3043	0.1290	0.5363	-0.7378	6.7780	-0.8770	0.6187
67	1.3784	1.3020	0.1260	0.5471	-0.7520	6.8107	-0.8530	0.9373
68	1.3794	1.2998	0.1284	0.5541	-0.7659	6.9730	-0.8410	0.6221
69	1.3805	1.2977	0.1260	0.5621	-0.7794	7.0514	-0.7940	0.6234
70	1.3807	1.2966	0.1272	0.5660	-0.7888	6.9857	-0.6300	0.5851
71	1.2688	1.5210	0.1290	0.1190	0.1094	6.9133	-0.4700	0.5540
72	1.2685	1.5208	0.1266	0.1180	0.1089	7.1738	-0.4520	0.5967
73	1.2675	1.5209	0.1242	0.1144	0.1098	7.3718	-0.3350	0.5692
74	1.2658	1.5216	0.1266	0.1082	0.1134	7.1759	-0.1540	0.5015
75	1.2639	1.5232	0.1254	0.1008	0.1200	7.1108	0.0250	0.5040
76	1.2611	1.5250	0.1278	0.0900	0.1282	6.2645	0.0700	0.4797
77	1.2585	1.5267	0.1260	0.0796	0.1353	7.4614	0.1920	0.4390
78	1.2555	1.5293	0.1284	0.0681	0.1465	7.2028	0.1510	0.4767
79	1.2520	1.5323	0.1201	0.0541	0.1595	8.1126	0.2930	0.4442
80	1.2503	1.5346	0.1284	0.0473	0.1694	7.2583	0.4310	0.4183
81	1.2573	1.5690	0.1284	0.0752	0.3087	7.1687	0.5460	0.3692
82	1.2554	1.5697	0.1260	0.0679	0.3135	7.6092	0.5940	0.3697
83	1.2537	1.5712	0.1272	0.0612	0.3210	6.5470	0.7190	0.3210
84	1.2535	1.5720	0.1290	0.0605	0.3262	7.1287	0.8360	0.2941
85	1.2514	1.5729	0.1266	0.0521	0.3316	7.5096	0.8490	0.2714
86	1.2486	1.5737	0.1189	0.0410	0.3366	8.4629	0.7710	0.3040
87	1.2464	1.5736	0.1272	0.0321	0.3381	7.5599	0.7440	0.3159
88	1.2432	1.5736	0.1284	0.0192	0.3400	7.6270	0.8250	0.2461
89	1.2393	1.5734	0.1272	0.0030	0.3409	7.4405	0.8480	0.2769
90	1.2349	1.5733	0.1278	-0.0147	0.3422	7.5729	0.7630	0.2797
91	1.2599	1.5563	0.1272	0.0853	0.2756	7.5498	0.8790	0.2510
92	1.2588	1.5569	0.1290	0.0811	0.2798	7.4770	0.7950	0.2446
93	1.2574	1.5576	0.1278	0.0760	0.2838	7.5326	0.7660	0.2366
94	1.2554	1.5588	0.1266	0.0680	0.2901	7.8282	0.8530	0.2185
95	1.2541	1.5595	0.1183	0.0629	0.2946	8.7314	0.9690	0.1799
96	1.2527	1.5600	0.1272	0.0575	0.2978	7.8187	0.8900	0.2035
97	1.2518	1.5593	0.1284	0.0540	0.2965	7.6441	1.2440	0.0759
98	1.2507	1.5588	0.1272	0.0494	0.2960	7.8802	1.3580	0.0748
99	1.2499	1.5591	0.1160	0.0463	0.2988	8.3062	1.5170	0.0383
100	1.2488	1.5599	0.1266	0.0417	0.3032	8.6200	1.3750	0.0776
101	1.2572	1.5155	0.1266	0.0754	0.1264	8.0997	1.3820	0.0583
102	1.2557	1.5171	0.1272	0.0699	0.1331	7.7581	1.5260	-0.0271
103	1.2546	1.5180	0.1266	0.0655	0.1370	7.9211	1.5830	-0.0302
104	1.2537	1.5182	0.1266	0.0620	0.1385	7.8922	1.7520	-0.1025
105	1.2532	1.5187	0.1260	0.0599	0.1408	8.0556	1.7110	-0.0992
106	1.2531	1.5176	0.1266	0.0598	0.1370	8.2551	1.5880	-0.0454
107	1.2524	1.5168	0.1260	0.0570	0.1339	8.1771	1.5670	-0.1106
108	1.2516	1.5164	0.1272	0.0539	0.1328	8.0632	1.5700	-0.1391
109	1.2497	1.5169	0.1272	0.0462	0.1353	7.2678	1.7750	-0.1902
110	1.2476	1.5169	0.1266	0.0377	0.1356	8.1912	1.8340	-0.1897
111	1.2814	1.5459	0.1266	0.1736	0.2529	8.0364	1.9070	-0.2314
112	1.2802	1.5470	0.1183	0.1696	0.2583	9.1795	1.8400	-0.2306
113	1.2788	1.5479	0.1260	0.1649	0.2634	8.4108	1.8500	-0.2677
114	1.2763	1.5505	0.1266	0.1555	0.2748	8.4900	1.8800	-0.2816
115	1.2724	1.5549	0.1266	0.1404	0.2940	8.2202	1.9330	-0.2867
116	1.2684	1.5593	0.1296	0.1247	0.3129	7.3566	1.7550	-0.2832
117	1.2636	1.5635	0.1260	0.1060	0.3313	8.4141	1.6880	-0.2840
118	1.2595	1.5680	0.1302	0.0899	0.3511	8.3596	1.7610	-0.3406
119	1.2567	1.5727	0.1172	0.0787	0.3718	9.5348	1.7500	-0.3188
120	1.2533	1.5769	0.1260	0.0653	0.3904	8.6205	1.7870	-0.3588
121	1.2687	1.5919	0.1260	0.1272	0.4527	8.6513	1.8580	-0.3941
122	1.2679	1.5936	0.1272	0.1244	0.4617	8.5379	1.8420	-0.4067
123	1.2674	1.5941	0.1254	0.1230	0.4663	7.9570	1.7540	-0.4068
124	1.2680	1.5946	0.1272	0.1258	0.4704	8.6006	1.6810	-0.4079
125	1.2672	1.5941	0.1290	0.1231	0.4708	8.4737	1.5440	-0.3978
126	1.2639	1.5928	0.1284	0.1103	0.4681	8.5167	1.5720	-0.4272
127	1.2622	1.5929	0.1272	0.1036	0.4708	8.6928	1.4770	-0.4162
128	1.2643	1.5923	0.1278	0.1126	0.4706	8.6513	1.5520	-0.4448
129	1.2677	1.5918	0.1266	0.1265	0.4711	8.7066	1.6090	-0.4937
130	1.2691	1.5914	0.1302	0.1327	0.4717	8.5905	1.6990	-0.5459
131	1.1854	1.4392	0.1260	-0.2036	-0.1389	8.8222	1.7830	-0.5344
132	1.1885	1.4324	0.1254	-0.1927	-0.1678	9.2870	1.8250	-0.5520
133	1.1935	1.4205	0.1195	-0.1745	-0.2170	9.7246	1.8460	-0.5693
134	1.2014	1.4041	0.1272	-0.1441	-0.2850	8.9509	2.0020	-0.6197
135	1.2081	1.3851	0.1278	-0.1182	-0.3642	8.7894	2.0090	-0.6363
136	1.2118	1.3653	0.1266	-0.1044	-0.4465	9.2060	1.8330	-0.6299
137	1.2125	1.3457	0.1278	-0.1024	-0.5287	8.7309	1.7810	-0.6571
138	1.2100	1.3260	0.1290	-0.1135	-0.6122	8.8567	1.7640	-0.6536
139	1.2053	1.3063	0.1254	-0.1336	-0.6955	9.1409	1.9640	-0.7245
140	1.2013	1.2903	0.1278	-0.1507	-0.7647	9.2392	1.9860	-0.7144
141	1.2627	1.5620	0.1272	0.0953	0.3233	9.0940	1.9090	-0.7148
142	1.2637	1.5662	0.1278	0.0994	0.3417	9.0523	1.9610	-0.7862
143	1.2685	1.5704	0.1254	0.1194	0.3605	9.1917	2.0460	-0.8524
144	1.2762	1.5750	0.1284	0.1506	0.3809	8.3880	2.0000	-0.8228
145	1.2882	1.5799	0.1166	0.1996	0.4022	10.3104	2.0750	-0.8694
146	1.3022	1.5841	0.1278	0.2572	0.4212	9.2969	0.4130	0.1632
147	1.3194	1.5872	0.1272	0.3274	0.4356	9.0396	2.0540	-0.8931
148	1.3374	1.5909	0.1272	0.4018	0.4528	9.4309	1.6730	-0.7689
149	1.3516	1.5991	0.1254	0.4611	0.4883	8.7868	1.6790	-0.8684
150	1.3642	1.6067	0.1290	0.5141	0.5214	9.2083	1.8740	-0.9151
151	1.3938	1.2738	0.1189	0.6362	-0.8160	10.3252	1.8390	-0.9048
152	1.3922	1.2714	0.1201	0.6335	-0.8313	10.0968	1.7180	-0.8698
153	1.3933	1.2715	0.1278	0.6413	-0.8366	9.4410	2.1610	-1.0524
154	1.3969	1.2712	0.1278	0.6596	-0.8434	9.2913	2.1920	-1.0162
155	1.3981	1.2673	0.1254	0.6681	-0.8649	9.6707	2.0960	-1.0315
156	1.3986	1.2628	0.1266	0.6737	-0.8890	9.4979	1.9190	-1.0178
157	1.4003	1.2552	0.1254	0.6845	-0.9253	9.6730	1.7400	-0.9625
158	1.4002	1.2495	0.1272	0.6876	-0.9547	9.5416	1.3090	-0.9166
159	1.3991	1.2408	0.1266	0.6868	-0.9959	9.6451	1.2090	-0.9469
160	1.4003	1.2335	0.1278	0.6957	-1.0316	8.7567	1.1850	-0.8998
161	1.2669	1.5099	0.1248	0.1624	0.0742	9.6713	1.0090	-0.8523
162	1.2655	1.5115	0.1266	0.1570	0.0811	9.7857	0.6280	-0.8135
163	1.2651	1.5142	0.1272	0.1558	0.0920	8.7423	0.7030	-0.8473
164	1.2677	1.5137	0.1260	0.1667	0.0906	10.1011	0.6290	-0.8340
165	1.2673	1.5147	0.1272	0.1657	0.0949	9.7463	0.6060	-0.8377
166	1.2639	1.5188	0.1218	0.1525	0.1117	10.6012	0.8490	-0.9277
167	1.2634	1.5215	0.1254	0.1506	0.1228	9.8450	0.8750	-0.8879
168	1.2627	1.5267	0.1284	0.1481	0.1446	9.8149	0.7120	-0.8733
169	1.2628	1.5325	0.1248	0.1490	0.1685	10.2784	0.7010	-0.8702
170	1.2619	1.5350	0.1260	0.1457	0.1792	10.1533	0.6640	-0.8853
171	1.2862	1.5292	0.1284	0.2437	0.1569	9.8288	0.6950	-0.8973
172	1.2851	1.5254	0.1284	0.2401	0.1423	10.0408	0.4640	-0.8612
173	1.2836	1.5206	0.1266	0.2349	0.1236	9.8676	0.2730	-0.8220
174	1.2828	1.5156	0.1290	0.2329	0.1040	9.9687	0.0310	-0.7452
175	1.2808	1.5120	0.1272	0.2255	0.0901	10.2175	0.1400	-0.8538
176	1.2803	1.5059	0.1278	0.2240	0.0657	9.9948	-0.2690	-0.7055
177	1.2804	1.4996	0.1284	0.2253	0.0403	9.2428	-0.3320	-0.6781
178	1.2783	1.4944	0.1189	0.2175	0.0194	11.1242	-0.5450	-0.6637
179	1.2753	1.4902	0.1278	0.2064	0.0024	10.0881	-0.3720	-0.6759
180	1.2731	1.4853	0.1260	0.1981	-0.0176	10.3292	-0.2110	-0.7341
181	1.3398	1.5173	0.1272	0.4671	0.1110	10.2699	-0.4540	-0.6621
182	1.3398	1.5152	0.1189	0.4693	0.1030	11.5313	-0.4630	-0.6206
183	1.3391	1.5107	0.1260	0.4689	0.0852	10.6512	-0.1960	-0.7246
184	1.3391	1.5068	0.1296	0.4709	0.0696	9.3538	-0.2190	-0.7199
185	1.3391	1.5009	0.1254	0.4733	0.0462	10.4233	-0.0230	-0.7429
186	1.3406	1.4951	0.1284	0.4814	0.0228	10.3938	0.2440	-0.8571
187	1.3414	1.4891	0.1166	0.4871	-0.0014	11.8425	0.4620	-0.8719
188	1.3437	1.4822	0.1278	0.4984	-0.0293	10.4075	0.5970	-0.8359
189	1.3440	1.4767	0.1284	0.5022	-0.0519	10.4259	0.7480	-0.9451
190	1.3442	1.4721	0.1284	0.5051	-0.0710	10.6320	0.6940	-0.9084
191	1.1793	1.4647	0.1266	-0.1562	-0.1017	10.4579	0.8190	-0.9512
192	1.1798	1.4636	0.1278	-0.1557	-0.1071	10.6447	0.8520	-0.9928
193	1.1813	1.4607	0.1248	-0.1514	-0.1197	10.9756	1.0800	-1.0023
194	1.1793	1.4584	0.1278	-0.1614	-0.1300	10.6461	0.7320	-0.9504
195	1.1758	1.4574	0.1254	-0.1772	-0.1349	11.0803	0.8130	-1.0003
196	1.1728	1.4556	0.1296	-0.1911	-0.1430	10.2429	0.8700	-1.0050
197	1.1680	1.4534	0.1260	-0.2126	-0.1530	10.8289	0.7960	-0.9956
198	1.1601	1.4535	0.1248	-0.2464	-0.1540	10.2931	0.8850	-1.0323
199	1.1488	1.4522	0.1254	-0.2941	-0.1603	10.7840	1.3780	-1.1569
200	1.1410	1.4518	0.1278	-0.3280	-0.1631	10.7597	1.6240	-1.1916
201	1.2513	1.5793	0.1189	0.1134	0.3489	11.8517	1.8680	-1.2507
202	1.2563	1.5793	0.1284	0.1333	0.3510	10.6228	1.7180	-1.2283
203	1.2636	1.5820	0.1278	0.1629	0.3639	10.1344	1.5820	-1.2222
204	1.2727	1.5836	0.1183	0.2000	0.3721	11.8349	1.3880	-1.2069
205	1.2820	1.5881	0.1266	0.2379	0.3923	10.9937	1.3160	-1.1880
206	1.2924	1.5955	0.1290	0.2806	0.4244	10.6144	1.3420	-1.2228
207	1.3023	1.6044	0.1260	0.3214	0.4627	11.1873	1.2540	-1.2045
208	1.3111	1.6144	0.1272	0.3581	0.5053	11.1344	1.2080	-1.2067
209	1.3182	1.6249	0.1266	0.3883	0.5505	11.1170	1.2020	-1.2582
210	1.3218	1.6325	0.1272	0.4046	0.5843	11.2501	1.0920	-1.2251
211	1.2720	1.5774	0.1254	0.2059	0.3659	11.1901	0.9500	-1.1528
212	1.2654	1.5758	0.1266	0.1799	0.3614	11.1368	0.9550	-1.2143
213	1.2553	1.5741	0.1254	0.1398	0.3565	11.2520	1.2590	-1.2888
214	1.2436	1.5728	0.1260	0.0926	0.3530	11.5116	1.4400	-1.3603
215	1.2305	1.5710	0.1266	0.0397	0.3476	10.3476	1.2470	-1.2958
216	1.2192	1.5714	0.1266	-0.0061	0.3508	11.5623	0.9660	-1.2358
217	1.2062	1.5737	0.1260	-0.0593	0.3621	11.4839	0.8890	-1.2510
218	1.1930	1.5769	0.1224	-0.1137	0.3769	12.0033	0.9890	-1.2493
219	1.1777	1.5800	0.1254	-0.1766	0.3913	11.5577	0.8925	-1.2628
220	1.1647	1.5831	0.1296	-0.2305	0.4057	11.2561	0.8470	-1.3058
221	1.2699	1.4412	0.1278	0.1907	-0.1633	11.3180	0.8150	-1.2764
222	1.2701	1.4427	0.1266	0.1921	-0.1588	11.6077	0.6260	-1.2516
223	1.2701	1.4447	0.1260	0.1926	-0.1522	11.5306	0.5230	-1.2508
224	1.2677	1.4468	0.1266	0.1833	-0.1454	10.7229	0.2380	-1.1893
225	1.2625	1.4500	0.1266	0.1627	-0.1335	11.5205	0.0780	-1.0954
226	1.2566	1.4527	0.1278	0.1395	-0.1239	11.7080	-0.1170	-1.0008
227	1.2502	1.4556	0.1272	0.1137	-0.1135	11.4500	-0.0150	-1.1404
228	1.2439	1.4583	0.1284	0.0885	-0.1038	11.6363	0.0320	-1.1736
229	1.2358	1.4625	0.1260	0.0558	-0.0881	11.5962	-0.2010	-0.9981
230	1.2279	1.4680	0.1284	0.0234	-0.0667	10.9181	-0.1460	-1.1144
231	1.2662	1.5036	0.1266	0.1771	0.0758	11.8201	-0.4380	-1.0460
232	1.2638	1.5040	0.1266	0.1679	0.0776	11.9715	-0.3040	-1.0048
233	1.2608	1.5058	0.1260	0.1561	0.0847	11.7141	-0.2660	-1.1188
234	1.2568	1.5050	0.1290	0.1403	0.0816	10.6785	0.3670	-1.1603
235	1.2507	1.5076	0.1254	0.1158	0.0922	11.9084	0.4340	-1.2388
236	1.2415	1.5088	0.1248	0.0788	0.0972	12.3116	0.5380	-1.1972
237	1.2319	1.5124	0.1242	0.0400	0.1119	12.1670	0.3190	-1.2319
238	1.2176	1.5177	0.1278	-0.0178	0.1335	10.9998	0.4220	-1.1838
239	1.2002	1.5270	0.1284	-0.0887	0.1716	11.7846	-0.0330	-1.1186
240	1.1887	1.5357	0.1272	-0.1363	0.2073	12.1348	0.4130	-1.2960
241	1.2872	1.5282	0.1260	0.2584	0.1780	12.0628	0.4190	-1.2107
242	1.2850	1.5272	0.1278	0.2505	0.1747	12.0579	0.8400	-1.3013
243	1.2838	1.5213	0.1260	0.2465	0.1516	11.9462	1.2210	-1.3889
244	1.2799	1.5146	0.1266	0.2321	0.1252	12.2646	1.0340	-1.4150
245	1.2790	1.5089	0.1242	0.2292	0.1027	12.1642	1.5730	-1.4840
246	1.2744	1.5015	0.1284	0.2112	0.0728	11.3376	1.6703	-1.5062
247	1.2708	1.4966	0.1278	0.1972	0.0533	12.0328	1.5980	-1.6008
248	1.2708	1.4880	0.1290	0.1978	0.0185	12.2803	0.8940	-1.3935
249	1.2682	1.4801	0.1172	0.1881	-0.0133	13.3102	1.9300	-1.5481
250	1.2653	1.4766	0.1278	0.1765	-0.0280	11.4689	1.4820	-1.5167
251	1.2740	1.5569	0.1266	0.2122	0.2944	12.2287	1.6830	-1.5914
252	1.2757	1.5627	0.1278	0.2195	0.3193	12.2950	2.0020	-1.7317
253	1.2822	1.5679	0.1248	0.2464	0.3420	11.6844	2.4270	-1.8549
254	1.2905	1.5695	0.1284	0.2806	0.3500	12.2249	2.5700	-1.8474
255	1.2950	1.5684	0.1260	0.2998	0.3471	12.7259	2.9350	-1.9247
256	1.2946	1.5706	0.1201	0.2990	0.3579	13.3465	2.3140	-1.8226
257	1.2891	1.5698	0.1272	0.2781	0.3565	12.5231	1.9800	-1.7297
258	1.2800	1.5660	0.1284	0.2424	0.3427	12.2288	1.7050	-1.7486
259	1.2662	1.5629	0.1254	0.1879	0.3322	12.8008	1.5810	-1.7460
260	1.2516	1.5614	0.1272	0.1295	0.3277	12.5490	1.3240	-1.6697
261	1.2655	1.5241	0.1260	0.1852	0.1790	12.7179	1.2080	-1.7229
262	1.2625	1.5195	0.1290	0.1737	0.1611	11.6705	1.1980	-1.6877
263	1.2553	1.5168	0.1272	0.1448	0.1507	12.3907	0.2310	-1.4478
264	1.2475	1.5191	0.1278	0.1136	0.1602	12.7691	0.2670	-1.5618
265	1.2439	1.5240	0.1266	0.0992	0.1807	12.7636	0.9270	-1.7020
266	1.2387	1.5259	0.1278	0.0780	0.1889	12.7102	0.9780	-1.6309
267	1.2348	1.5299	0.1266	0.0622	0.2053	11.7110	0.9600	-1.6872
268	1.2306	1.5322	0.1260	0.0449	0.2156	12.7496	0.1750	-1.4888
269	1.2282	1.5358	0.1266	0.0348	0.2310	12.8280	1.0330	-1.7159
270	1.2236	1.5360	0.1254	0.0157	0.2326	12.7054	0.9140	-1.6028
271	1.2561	1.5978	0.1230	0.1458	0.4822	13.1354	0.9440	-1.6828
272	1.2560	1.5993	0.1254	0.1456	0.4908	12.1205	0.3750	-1.6291
273	1.2565	1.5999	0.1213	0.1477	0.4954	13.1162	-0.0980	-1.4204
274	1.2559	1.6006	0.1248	0.1454	0.5007	13.3161	0.0390	-1.4928
275	1.2566	1.6014	0.1224	0.1482	0.5068	13.1552	0.5410	-1.7864
276	1.2558	1.6009	0.1248	0.1455	0.5073	13.1993	0.1410	-1.5977
277	1.2521	1.5990	0.1260	0.1306	0.5021	12.9684	0.1150	-1.6011
278	1.2460	1.5964	0.1242	0.1062	0.4942	13.2743	-0.3660	-1.4037
279	1.2380	1.5967	0.1260	0.0738	0.4977	12.2702	-0.9820	-1.3059
280	1.2327	1.5962	0.1278	0.0520	0.4980	13.1995	-0.7520	-1.3853
281	1.2668	1.5232	0.1230	0.1890	0.2066	13.2613	-0.7100	-1.3309
282	1.2672	1.5214	0.1160	0.1911	0.2001	14.3108	-1.2600	-1.2683
283	1.2670	1.5186	0.1254	0.1908	0.1894	13.2766	-1.4470	-1.1186
284	1.2640	1.5185	0.1284	0.1789	0.1895	13.0663	-1.8340	-1.1698
285	1.2612	1.5182	0.1172	0.1680	0.1887	14.2670	-1.7780	-1.1606
286	1.2586	1.5169	0.1278	0.1578	0.1840	13.3821	-1.9220	-1.0869
287	1.2558	1.5169	0.1201	0.1467	0.1841	14.2136	-2.3820	-0.9732
288	1.2529	1.5158	0.1260	0.1352	0.1803	13.5341	-2.7470	-0.7897
289	1.2523	1.5161	0.1254	0.1331	0.1819	13.5172	-2.4990	-0.9224
290	1.2486	1.5157	0.1254	0.1182	0.1807	13.9639	-2.5900	-0.7711
291	1.2576	1.5440	0.1260	0.1544	0.2949	12.6729	-3.0110	-0.6440
292	1.2586	1.5482	0.1272	0.1584	0.3127	13.5021	-3.6190	-0.6125
293	1.2616	1.5527	0.1266	0.1709	0.3324	13.6052	-3.0770	-0.6711
294	1.2628	1.5555	0.1272	0.1759	0.3447	12.6801	-3.3030	-0.5907
295	1.2628	1.5548	0.1248	0.1762	0.3433	14.0038	-3.6500	-0.4396
296	1.2616	1.5547	0.1266	0.1718	0.3444	13.8796	-3.7630	-0.4097
297	1.2630	1.5556	0.1201	0.1778	0.3492	14.3924	-3.1430	-0.5281
298	1.2643	1.5528	0.1242	0.1830	0.3394	14.1085	-2.7810	-0.5112
299	1.2641	1.5478	0.1266	0.1827	0.3206	13.6729	-2.9970	-0.4293
300	1.2636	1.5460	0.1120	0.1811	0.3147	15.3866	-3.2480	-0.3373
301	1.2650	1.5291	0.1266	0.1871	0.2476	13.6041	-3.1990	-0.4525
302	1.2698	1.5221	0.1248	0.2069	0.2204	14.2102	-2.7150	-0.4283
303	1.2708	1.5147	0.1260	0.2114	0.1912	13.8575	-2.7180	-0.4266
304	1.2712	1.5099	0.1266	0.2135	0.1723	13.9962	-3.0800	-0.3234
305	1.2719	1.5018	0.1260	0.2168	0.1397	13.9197	-2.9970	-0.2715
306	1.2720	1.4922	0.1254	0.2176	0.1012	13.4322	-2.0000	-0.4885
307	1.2702	1.4808	0.1254	0.2111	0.0552	14.0538	-2.3750	-0.4317
308	1.2643	1.4718	0.1284	0.1879	0.0185	14.0849	-2.7630	-0.2723
309	1.2615	1.4633	0.1248	0.1770	-0.0168	13.8315	-2.7070	-0.2889
310	1.2601	1.4568	0.1260	0.1715	-0.0436	14.4301	-2.7130	-0.1849
311	1.2562	1.5838	0.1166	0.1561	0.4664	15.2226	-2.8940	-0.2766
312	1.2556	1.5812	0.1284	0.1538	0.4581	13.9558	-2.3400	-0.2966
313	1.2556	1.5790	0.1248	0.1540	0.4512	13.4778	-2.6430	-0.2185
314	1.2580	1.5767	0.1260	0.1638	0.4441	14.4890	-2.4600	-0.2861
315	1.2605	1.5743	0.1236	0.1742	0.4361	14.7458	-2.5230	-0.0873
316	1.2621	1.5724	0.1278	0.1807	0.4304	14.0932	-3.0060	-0.0360
317	1.2638	1.5696	0.1230	0.1880	0.4209	14.5793	-2.4820	-0.1663
318	1.2654	1.5648	0.1248	0.1945	0.4034	13.4620	-3.3070	0.1710
319	1.2679	1.5614	0.1218	0.2051	0.3913	14.9640	-3.0660	-0.0225
320	1.2705	1.5580	0.1272	0.2160	0.3794	14.2855	-3.3940	0.2419
321	1.2648	1.5229	0.1236	0.1936	0.2393	14.4437	-3.8490	0.2612
322	1.2666	1.5195	0.1266	0.2012	0.2264	14.4147	-4.0940	0.4343
323	1.2694	1.5159	0.1272	0.2129	0.2122	14.3137	-4.2760	0.3801
324	1.2724	1.5092	0.1224	0.2255	0.1855	14.5615	-4.2970	0.5297
325	1.2756	1.5011	0.1260	0.2389	0.1534	13.4691	-4.5640	0.5052
326	1.2795	1.4913	0.1248	0.2551	0.1138	14.4588	-4.6490	0.7545
327	1.2835	1.4804	0.1242	0.2722	0.0699	14.7399	-4.7790	0.6442
328	1.2874	1.4694	0.1296	0.2886	0.0250	14.1805	-4.4800	0.6483
329	1.2895	1.4567	0.1230	0.2978	-0.0267	14.8260	-4.9150	0.8289
330	1.2919	1.4457	0.1254	0.3087	-0.0724	15.1665	-4.6050	0.8001
331	1.2564	1.5375	0.1254	0.1668	0.2958	14.7097	-5.2830	1.0835
332	1.2542	1.5383	0.1254	0.1583	0.3002	14.9802	-5.0160	0.9194
333	1.2503	1.5406	0.1248	0.1424	0.3102	14.9036	-5.8100	1.3046
334	1.2465	1.5439	0.1266	0.1273	0.3247	14.8989	-6.0610	1.3206
335	1.2430	1.5491	0.1248	0.1130	0.3465	14.8465	-6.2670	1.3952
336	1.2382	1.5516	0.1260	0.0937	0.3580	14.9129	-6.6590	1.5644
337	1.2341	1.5527	0.1242	0.0768	0.3637	14.1045	-6.9370	1.7969
338	1.2310	1.5522	0.1266	0.0638	0.3627	14.9634	-7.0440	1.6799
339	1.2280	1.5493	0.1248	0.0515	0.3527	15.2100	-7.6970	2.1100
340	1.2269	1.5451	0.1278	0.0463	0.3368	15.0555	-8.0600	2.2267
341	1.2658	1.5042	0.1266	0.2024	0.1734	14.9839	-8.1680	2.1420
342	1.2700	1.5036	0.1278	0.2197	0.1711	14.8702	-8.2090	2.1670
343	1.2741	1.5029	0.1266	0.2368	0.1684	14.9858	-8.6330	2.4871
344	1.2778	1.5003	0.1284	0.2521	0.1580	14.1516	-8.9400	2.5281
345	1.2824	1.4954	0.1236	0.2715	0.1381	15.2282	-9.2720	2.8433
346	1.2881	1.4890	0.1272	0.2950	0.1126	15.2477	-9.4770	2.9561
347	1.2919	1.4829	0.1272	0.3115	0.0876	15.0383	-9.4170	2.9984
348	1.2948	1.4766	0.1254	0.3240	0.0617	15.4056	-9.6400	3.1302
349	1.2985	1.4701	0.1272	0.3400	0.0349	15.0416	-9.7000	3.1279
350	1.3012	1.4642	0.1254	0.3522	0.0106	16.0086	-10.0050	3.3272
351	1.2476	1.5188	0.1260	0.1377	0.2294	15.2353	-10.2790	3.4546
352	1.2474	1.5162	0.1242	0.1369	0.2195	15.8420	-10.5890	3.6722
353	1.2474	1.5108	0.1248	0.1368	0.1982	15.3822	-10.4180	3.7682
354	1.2490	1.5051	0.1260	0.1432	0.1755	15.3292	-10.2470	3.7412
355	1.2515	1.4996	0.1248	0.1534	0.1534	15.4451	-10.5930	3.9851
356	1.2531	1.4927	0.1242	0.1596	0.1256	14.7872	-10.7060	4.0455
357	1.2536	1.4848	0.1254	0.1619	0.0936	15.3180	-10.9820	4.4592
358	1.2556	1.4777	0.1236	0.1701	0.0645	16.1628	-11.3670	4.2734
359	1.2570	1.4719	0.1183	0.1759	0.0408	16.3476	-10.6950	4.1486
360	1.2578	1.4682	0.1260	0.1790	0.0253	15.6913	-10.6640	3.9896
361	1.2506	1.5054	0.1236	0.1503	0.1741	15.7638	-10.9580	4.1620
362	1.2516	1.5056	0.1278	0.1543	0.1750	15.5309	-10.9210	4.2422
363	1.2528	1.5048	0.1248	0.1592	0.1720	14.8087	-10.9260	4.0900
364	1.2534	1.5026	0.1260	0.1618	0.1632	15.7517	-10.6490	4.0198
365	1.2527	1.4994	0.1230	0.1588	0.1504	16.0209	-11.0860	4.2312
366	1.2517	1.4944	0.1178	0.1550	0.1303	16.7443	-11.1530	4.2914
367	1.2518	1.4892	0.1224	0.1556	0.1093	16.0955	-10.5860	4.1784
368	1.2514	1.4854	0.1278	0.1538	0.0935	15.6611	-10.3300	4.0488
369	1.2523	1.4821	0.1254	0.1576	0.0800	15.8016	-10.3400	3.9308
370	1.2522	1.4798	0.1302	0.1570	0.0704	15.2998	-10.6030	4.1610
371	1.2374	1.4746	0.1260	0.0977	0.0488	15.9521	-10.3070	4.1126
372	1.2360	1.4748	0.1290	0.0917	0.0488	15.8016	-9.7500	3.9220
373	1.2356	1.4747	0.1266	0.0898	0.0481	15.7034	-10.2660	4.0416
374	1.2338	1.4738	0.1266	0.0822	0.0436	16.0931	-9.7290	3.8866
375	1.2336	1.4711	0.1254	0.0810	0.0323	15.1512	-9.9990	4.0126
376	1.2354	1.4693	0.1248	0.0876	0.0242	16.4924	-9.8810	4.0594
377	1.2385	1.4686	0.1248	0.0999	0.0205	16.2827	-10.2270	4.0822
378	1.2411	1.4652	0.1260	0.1099	0.0062	16.1105	-9.7540	3.9508
379	1.2418	1.4597	0.1254	0.1127	-0.0167	16.2140	-10.0300	3.9524
380	1.2407	1.4557	0.1266	0.1079	-0.0341	16.3897	-9.8320	4.0136
381	1.2296	1.5216	0.1242	0.0631	0.2302	16.4607	-9.9450	3.9918
382	1.2284	1.5254	0.1254	0.0577	0.2460	16.1695	-9.5300	3.8240
383	1.2264	1.5300	0.1236	0.0493	0.2651	16.4751	-9.0570	4.9582
384	1.2247	1.5360	0.1254	0.0417	0.2901	16.5916	-8.8220	3.7552
385	1.2235	1.5411	0.1242	0.0364	0.3114	16.4661	-7.9710	3.4878
386	1.2228	1.5445	0.1278	0.0328	0.3264	16.4261	-8.4720	3.6744
387	1.2242	1.5462	0.1248	0.0379	0.3342	16.3382	-8.1950	3.7434
388	1.2274	1.5460	0.1284	0.0502	0.3347	16.1746	-7.9160	3.5468
389	1.2309	1.5449	0.1242	0.0634	0.3313	15.8279	-8.2440	3.5980
390	1.2316	1.5430	0.1260	0.0659	0.3249	16.7006	-8.3750	3.7534
391	1.2552	1.5044	0.1272	0.1604	0.1705	15.5186	-7.0000	3.4000
392	1.2530	1.5006	0.1272	0.1517	0.1553	16.2531	-6.9620	3.3360
393	1.2522	1.4966	0.1260	0.1485	0.1392	16.3691	-7.4380	3.4952
394	1.2528	1.4917	0.1242	0.1509	0.1195	15.9725	-7.2700	3.5044
395	1.2543	1.4861	0.1207	0.1573	0.0965	17.0144	-7.1550	3.3082
396	1.2551	1.4806	0.1213	0.1604	0.0741	16.9759	-7.5430	3.5378
397	1.2574	1.4749	0.1160	0.1697	0.0509	17.6361	-7.9060	3.6940
398	1.2614	1.4675	0.1207	0.1863	0.0202	16.9347	-7.6010	3.4206
399	1.2657	1.4586	0.1248	0.2038	-0.0163	16.6471	-7.3460	3.3116
400	1.2671	1.4536	0.1260	0.2097	-0.0375	16.5224	-7.2720	3.3048
401	1.2450	1.5528	0.1166	0.1212	0.3606	17.7356	-7.2230	3.3370
402	1.2443	1.5506	0.1213	0.1181	0.3531	17.0315	-7.4050	3.4666
403	1.2451	1.5469	0.1224	0.1213	0.3396	16.9811	-7.1570	3.5742
404	1.2469	1.5423	0.1126	0.1285	0.3221	18.1341	-6.8060	3.3676
405	1.2469	1.5386	0.1213	0.1285	0.3084	17.0104	-8.1570	3.6314
406	1.2448	1.5332	0.1213	0.1197	0.2874	17.4564	-6.2920	3.3340
407	1.2432	1.5246	0.1218	0.1132	0.2537	17.1216	-5.6070	3.0234
408	1.2438	1.5143	0.1242	0.1155	0.2128	16.1728	-5.1250	2.9730
409	1.2450	1.5022	0.1230	0.1203	0.1644	17.0438	-4.9420	2.9772
410	1.2465	1.4917	0.1254	0.1261	0.1222	17.0796	-4.6340	3.0112
411	1.2244	1.5534	0.1236	0.0371	0.3705	17.0821	-4.0310	2.8738
412	1.2238	1.5512	0.1248	0.0340	0.3630	17.0897	-2.9470	2.5026
413	1.2210	1.5476	0.1236	0.0221	0.3497	16.6203	-23.1540	6.6308
414	1.2172	1.5462	0.1218	0.0061	0.3453	17.4501	-23.1540	6.6308
415	1.2145	1.5466	0.1260	-0.0055	0.3482	16.3407	-23.1540	6.6308
416	1.2108	1.5475	0.1248	-0.0214	0.3527	17.4490	-23.1540	6.6308
417	1.2073	1.5478	0.1242	-0.0366	0.3551	17.4321	-23.1540	6.6308
418	1.2043	1.5466	0.1189	-0.0495	0.3518	18.3985	-23.1540	6.6308
419	1.1996	1.5457	0.1248	-0.0697	0.3493	17.4231	-23.1540	6.6308
420	1.1959	1.5448	0.1260	-0.0860	0.3466	17.4245	-23.1540	6.6308
421	1.2406	1.5604	0.1224	0.0928	0.4106	17.4628	-23.1540	6.6308
422	1.2404	1.5613	0.1218	0.0917	0.4159	17.9213	-23.1540	6.6308
423	1.2392	1.5598	0.1149	0.0866	0.4114	18.4336	-23.1540	6.6308
424	1.2374	1.5593	0.1218	0.0791	0.4109	17.7476	-23.1540	6.6308
425	1.2358	1.5582	0.1242	0.0724	0.4079	17.4366	-23.1540	6.6308
426	1.2340	1.5537	0.1260	0.0648	0.3913	17.6697	-23.1540	6.6308
427	1.2340	1.5475	0.1254	0.0644	0.3673	17.9539	-23.1540	6.6308
428	1.2330	1.5410	0.1172	0.0600	0.3423	18.9726	-23.1540	6.6308
429	1.2322	1.5315	0.1254	0.0563	0.3051	17.6562	-23.1540	6.6308
430	1.2330	1.5224	0.1254	0.0591	0.2695	17.1505	-23.1540	6.6308
431	1.2122	1.5938	0.1266	-0.0251	0.5574	17.5623	-23.1540	6.6308
432	1.2116	1.5944	0.1254	-0.0284	0.5622	17.8569	-23.1540	6.6308
433	1.2092	1.5932	0.1236	-0.0390	0.5597	17.8056	-23.1540	6.6308
434	1.2070	1.5898	0.1278	-0.0489	0.5483	17.6315	-23.1540	6.6308
435	1.2054	1.5854	0.1213	-0.0564	0.5329	18.0343	-23.1540	6.6308
436	1.2044	1.5800	0.1260	-0.0616	0.5133	17.6735	-23.1540	6.6308
437	1.2028	1.5740	0.1236	-0.0692	0.4911	17.9319	-23.1540	6.6308
438	1.2026	1.5694	0.1272	-0.0711	0.4745	17.7111	-23.1540	6.6308
439	1.2022	1.5650	0.1207	-0.0739	0.4585	18.5269	-23.1540	6.6308
440	1.1997	1.5608	0.1236	-0.0851	0.4430	17.9611	-23.1540	6.6308
441	1.2082	1.5738	0.1248	-0.0522	0.4971	18.1469	-23.1540	6.6308
442	1.2074	1.5702	0.1149	-0.0565	0.4844	18.9552	-23.1540	6.6308
443	1.2048	1.5656	0.1213	-0.0680	0.4677	18.2814	-23.1540	6.6308
444	1.2009	1.5596	0.1160	-0.0848	0.4453	19.2372	-23.1540	6.6308
445	1.1961	1.5514	0.1213	-0.1054	0.4136	18.4632	-23.1540	6.6308
446	1.1911	1.5420	0.1242	-0.1269	0.3770	17.9630	-23.1540	6.6308
447	1.1851	1.5340	0.1218	-0.1525	0.3459	18.4564	-23.1540	6.6308
448	1.1769	1.5234	0.1224	-0.1872	0.3040	18.5357	-23.1540	6.6308
449	1.1701	1.5118	0.1218	-0.2163	0.2579	18.4606	-23.1540	6.6308
450	1.1648	1.5053	0.1172	-0.2395	0.2320	19.3368	-23.1540	6.6308
451	1.2138	1.5752	0.1201	-0.0446	0.5136	18.5988	-23.1540	6.6308
452	1.2156	1.5738	0.1224	-0.0382	0.5098	18.5851	-23.1540	6.6308
453	1.2180	1.5719	0.1213	-0.0295	0.5038	16.6061	-23.1540	6.6308
454	1.2195	1.5671	0.1266	-0.0240	0.4866	18.0902	-23.1540	6.6308
455	1.2208	1.5614	0.1242	-0.0197	0.4652	18.7065	-23.1540	6.6308
456	1.2257	1.5570	0.1201	-0.0006	0.4493	19.4738	-23.1540	6.6308
457	1.2295	1.5517	0.1266	0.0139	0.4292	18.6014	-23.1540	6.6308
458	1.2334	1.5442	0.1272	0.0293	0.4002	18.4400	-23.1540	6.6308
459	1.2374	1.5372	0.1236	0.0449	0.3733	18.7227	-23.1540	6.6308
460	1.2422	1.5293	0.1236	0.0638	0.3423	18.1609	-23.1540	6.6308
461	1.1728	1.5082	0.1230	-0.2157	0.2581	18.6090	-23.1540	6.6308
462	1.1718	1.5092	0.1242	-0.2216	0.2624	18.7947	-23.1540	6.6308
463	1.1658	1.5103	0.1160	-0.2477	0.2670	19.9286	-23.1540	6.6308
464	1.1588	1.5128	0.1272	-0.2780	0.2774	18.6179	-23.1540	6.6308
465	1.1565	1.5160	0.1284	-0.2896	0.2904	18.3249	-23.1540	6.6308
466	1.1547	1.5181	0.1230	-0.2991	0.2994	18.8848	-23.1540	6.6308
467	1.1531	1.5195	0.1254	-0.3078	0.3054	17.9319	-23.1540	6.6308
468	1.1534	1.5206	0.1266	-0.3093	0.3104	18.7586	-23.1540	6.6308
469	1.1530	1.5215	0.1302	-0.3132	0.3146	18.8971	-23.1540	6.6308
470	1.1524	1.5216	0.1333	-0.3181	0.3153	18.7982	-23.1540	6.6308
471	1.2104	1.5430	0.1302	-0.0870	0.4022	18.5808	-23.1540	6.6308
472	1.2114	1.5388	0.1327	-0.0840	0.3863	19.0495	-23.1540	6.6308
473	1.2106	1.5320	0.1327	-0.0882	0.3599	18.9553	-23.1540	6.6308
474	1.2116	1.5226	0.1377	-0.0851	0.3229	19.2020	-23.1540	6.6308
475	1.2116	1.5142	0.1415	-0.0861	0.2896	18.5823	-23.1540	6.6308
476	1.2114	1.5044	0.1352	-0.0879	0.2506	18.5571	-23.1540	6.6308
477	1.2122	1.4944	0.1358	-0.0856	0.2104	18.8196	-23.1540	6.6308
478	1.2144	1.4842	0.1377	-0.0777	0.1692	18.9348	-23.1540	6.6308
479	1.2176	1.4750	0.1266	-0.0657	0.1318	19.8557	-23.1540	6.6308
480	1.2212	1.4654	0.1408	-0.0520	0.0925	18.2944	-23.1540	6.6308
481	1.2328	1.5048	0.1396	-0.0061	0.2503	19.2899	-23.1540	6.6308
482	1.2350	1.5026	0.1466	0.0022	0.2415	18.7908	-23.1540	6.6308
483	1.2361	1.4982	0.1566	0.0065	0.2239	18.5452	-23.1540	6.6308
484	1.2355	1.4914	0.1656	0.0036	0.1964	18.5938	-23.1540	6.6308
485	1.2347	1.4835	0.1706	-0.0001	0.1644	18.1584	-23.1540	6.6308
486	1.2316	1.4742	0.1670	-0.0127	0.1266	19.4731	-23.1540	6.6308
487	1.2284	1.4623	0.1728	-0.0261	0.0781	18.5123	-23.1540	6.6308
488	1.2257	1.4506	0.1713	-0.0375	0.0301	18.5600	-23.1540	6.6308
489	1.2235	1.4395	0.1692	-0.0470	-0.0157	17.9161	-23.1540	6.6308
490	1.2234	1.4319	0.1699	-0.0480	-0.0481	17.5696	-23.1540	6.6308
491	1.2654	1.4334	0.1692	0.1203	-0.0437	18.7281	-23.1540	6.6308
492	1.2665	1.4332	0.1720	0.1250	-0.0461	18.4754	-23.1540	6.6308
493	1.2677	1.4306	0.1587	0.1302	-0.0582	19.8141	-23.1540	6.6308
494	1.2678	1.4259	0.1685	0.1314	-0.0791	18.6609	-23.1540	6.6308
495	1.2682	1.4199	0.1692	0.1334	-0.1050	18.6670	-23.1540	6.6308
496	1.2684	1.4121	0.1621	0.1346	-0.1381	19.1784	-23.1540	6.6308
497	1.2712	1.4050	0.1663	0.1463	-0.1690	17.5940	-23.1540	6.6308
498	1.2746	1.3986	0.1621	0.1605	-0.1970	18.5966	-23.1540	6.6308
499	1.2762	1.3921	0.1358	0.1675	-0.2260	20.3163	-23.1540	6.6308
500	1.2776	1.3889	0.1230	0.1739	-0.2414	20.3658	-23.1540	6.6308
501	1.0670	1.4912	0.1137	-0.6732	0.1675	19.9749	-23.1540	6.6308
502	1.0626	1.4912	0.1213	-0.6954	0.1673	19.9110	-23.1540	6.6308
503	1.0580	1.4914	0.1260	-0.7186	0.1678	19.4914	-23.1540	6.6308
504	1.0548	1.4902	0.1137	-0.7363	0.1628	20.9955	-23.1540	6.6308
505	1.0493	1.4876	0.1230	-0.7633	0.1521	19.9132	-23.1540	6.6308
506	1.0432	1.4848	0.1132	-0.7929	0.1405	20.0272	-23.1540	6.6308
507	1.0364	1.4818	0.1278	-0.8252	0.1282	19.7622	-23.1540	6.6308
508	1.0281	1.4813	0.1415	-0.8641	0.1258	19.1344	-23.1540	6.6308
509	1.0188	1.4791	0.1466	-0.9072	0.1161	20.3643	-23.1540	6.6308
510	1.0112	1.4774	0.1839	-0.9436	0.1089	17.0876	-23.1540	6.6308
1	1.2600	1.5710	0.0000	0.0402	0.2858	0.0000	0.1780	0.0000
2	1.2601	1.5711	0.1260	0.0408	0.2878	4.8913	0.2930	-0.0565
3	1.2602	1.5713	0.1248	0.0415	0.2904	5.1261	0.3730	-0.0991
4	1.2603	1.5716	0.1260	0.0422	0.2934	4.8948	0.4330	-0.1100
5	1.2603	1.5721	0.1248	0.0427	0.2973	5.1888	0.5100	-0.1521
6	1.2600	1.5727	0.1172	0.0416	0.3017	5.2558	0.8460	-0.1911
7	1.2593	1.5734	0.1248	0.0388	0.3064	5.3122	0.8960	-0.2184
8	1.2591	1.5746	0.1266	0.0383	0.3127	5.1874	1.1370	-0.3104
9	1.2594	1.5755	0.1260	0.0400	0.3185	5.1109	1.1500	-0.2744
10	1.2602	1.5763	0.1278	0.0431	0.3233	5.2188	1.0790	-0.2541
11	1.2401	1.6261	0.1160	-0.0376	0.5257	6.2983	0.9160	-0.2342
12	1.2406	1.6263	0.1278	-0.0357	0.5296	5.0944	0.8800	-0.2537
13	1.2414	1.6261	0.1230	-0.0325	0.5321	4.6453	0.8690	-0.2594
14	1.2416	1.6259	0.1266	-0.0320	0.5344	5.3019	0.9190	-0.2873
15	1.2416	1.6256	0.1230	-0.0324	0.5364	5.5836	0.9330	-0.2946
16	1.2430	1.6253	0.1201	-0.0269	0.5382	6.3272	0.9680	-0.3200
17	1.2444	1.6231	0.1242	-0.0214	0.5327	5.8025	0.9370	-0.3110
18	1.2461	1.6210	0.1290	-0.0145	0.5274	5.3166	0.8860	-0.3124
19	1.2482	1.6187	0.1278	-0.0061	0.5209	5.2522	1.2540	-0.4089
20	1.2502	1.6167	0.1284	0.0015	0.5159	5.2645	1.3970	-0.4300
21	1.2521	1.5474	0.1260	0.0095	0.2400	5.5191	1.3770	-0.4458
22	1.2520	1.5460	0.1266	0.0092	0.2352	5.7183	1.4750	-0.4618
23	1.2516	1.5446	0.1149	0.0075	0.2311	7.0368	1.4890	-0.4963
24	1.2505	1.5443	0.1266	0.0031	0.2308	5.6008	1.4480	-0.4957
25	1.2494	1.5451	0.1290	-0.0012	0.2353	5.4017	1.5360	-0.5528
26	1.2480	1.5465	0.1266	-0.0072	0.2421	5.7830	1.5740	-0.5461
27	1.2472	1.5482	0.1272	-0.0102	0.2499	5.6218	1.4710	-0.5451
28	1.2474	1.5491	0.1260	-0.0093	0.2546	5.8568	1.1370	-0.4700
29	1.2481	1.5492	0.1266	-0.0069	0.2564	4.9893	1.1570	-0.5209
30	1.2486	1.5495	0.1284	-0.0047	0.2590	5.7377	1.2440	-0.5809
31	1.2901	1.5048	0.1248	0.1621	0.0803	4.9601	1.2530	-0.5629
32	1.2901	1.5053	0.1278	0.1633	0.0821	5.5663	1.1970	-0.5376
33	1.2903	1.5059	0.1248	0.1649	0.0848	6.3059	1.2110	-0.5855
34	1.2904	1.5068	0.1290	0.1666	0.0885	5.7103	1.3520	-0.6073
35	1.2905	1.5081	0.1278	0.1678	0.0941	5.8869	1.5270	-0.6816
36	1.2911	1.5099	0.1272	0.1714	0.1014	5.8703	1.5850	-0.7029
37	1.2922	1.5116	0.1266	0.1767	0.1085	6.2747	1.6770	-0.7239
38	1.2934	1.5132	0.1266	0.1827	0.1154	5.2955	1.8280	-0.7612
39	1.2947	1.5151	0.1254	0.1888	0.1233	6.2394	1.8110	-0.7713
40	1.2949	1.5170	0.1284	0.1907	0.1313	6.0837	1.8160	-0.8192
41	1.3756	1.2720	0.1183	0.5169	-0.8542	7.0776	2.0000	-0.8496
42	1.3744	1.2710	0.1260	0.5149	-0.8640	6.2485	1.9160	-0.8654
43	1.3725	1.2703	0.1242	0.5105	-0.8726	6.4350	1.8330	-0.8328
44	1.3706	1.2691	0.1266	0.5059	-0.8834	6.2996	1.7970	-0.9060
45	1.3688	1.2683	0.1272	0.5019	-0.8922	6.0782	1.5240	-0.8085
46	1.3678	1.2678	0.1195	0.5008	-0.8999	6.3276	1.5850	-0.8080
47	1.3665	1.2665	0.1242	0.4985	-0.9110	6.6804	1.4760	-0.8407
48	1.3649	1.2654	0.1278	0.4947	-0.9212	6.2800	1.1180	-0.7727
49	1.3625	1.2650	0.1248	0.4882	-0.9288	6.6110	1.1410	-0.7882
50	1.3614	1.2643	0.1272	0.4865	-0.9376	6.4081	1.1700	-0.8108
51	1.2638	1.5379	0.1254	0.0963	0.1579	6.5297	1.3150	-0.8407
52	1.2637	1.5382	0.1254	0.0963	0.1601	6.5607	1.4460	-0.8978
53	1.2636	1.5386	0.1183	0.0961	0.1626	7.3806	1.5750	-0.9335
54	1.2640	1.5387	0.1254	0.0984	0.1640	6.6236	1.7240	-0.9915
55	1.2645	1.5384	0.1266	0.1004	0.1638	6.5108	1.6830	-0.9799
56	1.2652	1.5379	0.1278	0.1037	0.1628	6.3968	1.7240	-1.0189
57	1.2657	1.5375	0.1260	0.1063	0.1622	5.8782	1.6220	-0.9758
58	1.2660	1.5383	0.1260	0.1076	0.1662	6.8564	1.4990	-0.9997
59	1.2655	1.5401	0.1260	0.1060	0.1744	6.7070	1.3970	-0.9602
60	1.2639	1.5414	0.1183	0.1001	0.1806	7.7121	1.4920	-1.0525
61	1.2735	1.5608	0.1260	0.1390	0.2597	5.8747	1.3610	-0.9787
62	1.2736	1.5603	0.1248	0.1402	0.2591	7.0523	1.1920	-0.9880
63	1.2721	1.5594	0.1248	0.1346	0.2572	6.8440	1.4190	-1.0729
64	1.2670	1.5591	0.1290	0.1148	0.2574	6.4888	1.3320	-1.0305
65	1.2612	1.5584	0.1236	0.0916	0.2559	7.0488	1.3900	-1.0804
66	1.2546	1.5573	0.1278	0.0654	0.2529	6.8163	1.4450	-1.0873
67	1.2475	1.5570	0.1248	0.0369	0.2533	6.9676	1.3330	-1.0655
68	1.2402	1.5563	0.1272	0.0077	0.2519	6.9508	1.1670	-1.0600
69	1.2329	1.5563	0.1242	-0.0221	0.2533	7.3410	1.1380	-1.0600
70	1.2266	1.5569	0.1272	-0.0478	0.2571	7.0065	1.1480	-1.0835
71	1.2904	1.5634	0.1278	0.2084	0.2847	6.7789	1.1640	-1.0996
72	1.2898	1.5636	0.1272	0.2067	0.2870	7.0632	1.5560	-1.2241
73	1.2887	1.5638	0.1248	0.2034	0.2897	7.5025	1.5320	-1.1832
74	1.2871	1.5635	0.1201	0.1979	0.2900	7.9797	1.4320	-1.1999
75	1.2852	1.5639	0.1278	0.1911	0.2931	7.0839	1.5720	-1.2534
76	1.2828	1.5649	0.1272	0.1827	0.2987	7.1273	1.3850	-1.1950
77	1.2805	1.5654	0.1260	0.1740	0.3023	7.2424	1.4160	-1.2298
78	1.2777	1.5664	0.1260	0.1635	0.3081	7.3932	1.3980	-1.2603
79	1.2745	1.5676	0.1178	0.1516	0.3146	8.2945	1.0970	-1.1628
80	1.2722	1.5680	0.1260	0.1427	0.3178	7.3895	0.9280	-1.1405
81	1.3787	1.3116	0.1254	0.5721	-0.7125	7.3067	0.9860	-1.1877
82	1.3766	1.3140	0.1242	0.5666	-0.7077	7.8416	1.0060	-1.1966
83	1.3741	1.3167	0.1272	0.5598	-0.7013	7.2728	0.9000	-1.2428
84	1.3722	1.3202	0.1260	0.5551	-0.6919	7.5082	0.9350	-1.2112
85	1.3700	1.3243	0.1272	0.5493	-0.6798	7.3350	0.7410	-1.1728
86	1.3680	1.3277	0.1248	0.5444	-0.6705	7.7138	0.5900	-1.1412
87	1.3657	1.3310	0.1260	0.5383	-0.6615	7.4822	0.4640	-1.1348
88	1.3618	1.3353	0.1254	0.5255	-0.6484	7.8855	0.4150	-1.1179
89	1.3569	1.3397	0.1260	0.5083	-0.6349	7.3659	0.5730	-1.1825
90	1.3519	1.3447	0.1272	0.4908	-0.6189	7.4849	0.7470	-1.2211
91	1.2696	1.5409	0.1248	0.1621	0.1671	7.9783	0.8350	-1.2299
92	1.2701	1.5410	0.1266	0.1649	0.1683	7.8540	0.9480	-1.2554
93	1.2702	1.5411	0.1154	0.1656	0.1699	8.7443	1.0490	-1.2914
94	1.2709	1.5416	0.1266	0.1691	0.1727	7.8558	1.0030	-1.2734
95	1.2724	1.5422	0.1260	0.1756	0.1765	7.7186	1.0650	-1.3298
96	1.2756	1.5426	0.1266	0.1889	0.1790	7.7973	1.1640	-1.3387
97	1.2799	1.5434	0.1248	0.2071	0.1831	6.9871	1.2040	-1.3460
98	1.2836	1.5436	0.1266	0.2224	0.1854	7.8603	1.1220	-1.3435
99	1.2867	1.5444	0.1254	0.2360	0.1896	7.8556	1.0060	-1.3373
100	1.2893	1.5450	0.1201	0.2472	0.1932	7.8725	1.0050	-1.3913
101	1.2696	1.5538	0.1266	0.1690	0.2298	7.1154	1.2260	-1.4558
102	1.2696	1.5532	0.1284	0.1693	0.2285	7.6358	1.2250	-1.4021
103	1.2696	1.5520	0.1272	0.1701	0.2251	7.8715	1.3590	-1.4931
104	1.2694	1.5512	0.1260	0.1696	0.2232	7.2223	1.4700	-1.4574
105	1.2692	1.5507	0.1248	0.1694	0.2224	8.1620	1.6400	-1.5529
106	1.2690	1.5487	0.1254	0.1691	0.2158	8.1812	1.7490	-1.6138
107	1.2695	1.5478	0.1266	0.1713	0.2132	8.0086	1.7350	-1.6144
108	1.2675	1.5495	0.1266	0.1639	0.2213	8.0997	1.9450	-1.6635
109	1.2648	1.5533	0.1266	0.1533	0.2377	8.0713	1.8598	-1.6657
110	1.2634	1.5553	0.1302	0.1480	0.2471	7.8940	2.0270	-1.7240
111	1.3334	1.5023	0.1260	0.4302	0.0352	8.1868	2.0110	-1.7363
112	1.3363	1.5027	0.1178	0.4440	0.0368	9.1483	1.9980	-1.7411
113	1.3405	1.5018	0.1248	0.4632	0.0333	8.5131	1.8650	-1.7323
114	1.3470	1.4994	0.1266	0.4917	0.0239	8.3885	1.6890	-1.6737
115	1.3541	1.4964	0.1248	0.5225	0.0117	8.3958	1.5710	-1.7204
116	1.3608	1.4917	0.1278	0.5523	-0.0073	8.3066	1.6160	-1.7513
117	1.3658	1.4839	0.1248	0.5749	-0.0390	8.4583	1.4760	-1.7054
118	1.3676	1.4787	0.1290	0.5851	-0.0603	8.1630	1.2980	-1.6686
119	1.3664	1.4768	0.1248	0.5832	-0.0686	8.5801	1.1260	-1.6581
120	1.3648	1.4742	0.1272	0.5799	-0.0797	7.7268	1.2060	-1.7176
121	1.2934	1.5710	0.1272	0.2953	0.3094	8.4019	1.2790	-1.7221
122	1.2922	1.5667	0.1272	0.2916	0.2941	8.4931	0.9210	-1.6480
123	1.2933	1.5626	0.1278	0.2967	0.2793	7.5094	0.8270	-1.6396
124	1.2932	1.5580	0.1266	0.2976	0.2619	8.7482	0.6880	-1.6593
125	1.2927	1.5546	0.1248	0.2965	0.2500	8.9946	0.6840	-1.5986
126	1.2916	1.5525	0.1284	0.2932	0.2429	8.4121	0.5310	-1.6355
127	1.2910	1.5482	0.1272	0.2920	0.2266	8.7084	0.3010	-1.5698
128	1.2890	1.5430	0.1284	0.2847	0.2069	7.1918	0.2930	-1.5585
129	1.2875	1.5372	0.1278	0.2798	0.1847	8.6385	0.3560	-1.5651
130	1.2861	1.5322	0.1266	0.2752	0.1657	8.8075	0.4860	-1.5989
131	1.2961	1.5481	0.1266	0.3162	0.2302	8.8323	0.5400	-1.6638
132	1.2966	1.5469	0.1236	0.3194	0.2266	9.2816	0.5890	-1.6562
133	1.2953	1.5469	0.1272	0.3156	0.2280	8.8217	0.4980	-1.6419
134	1.2928	1.5454	0.1260	0.3065	0.2229	9.0569	0.5590	-1.6709
135	1.2880	1.5445	0.1260	0.2882	0.2206	8.9084	0.5970	-1.7255
136	1.2841	1.5422	0.1254	0.2736	0.2125	9.0709	0.4580	-1.6395
137	1.2826	1.5377	0.1266	0.2684	0.1955	9.0181	0.4310	-1.6872
138	1.2844	1.5293	0.1278	0.2765	0.1624	8.9046	0.4310	-1.6301
139	1.2841	1.5229	0.1266	0.2760	0.1374	8.9607	0.4050	-1.6623
140	1.2828	1.5189	0.1284	0.2715	0.1218	8.8879	0.4020	-1.6084
141	1.2448	1.5097	0.1254	0.1195	0.0854	9.4546	0.4780	-1.6737
142	1.2463	1.5078	0.1272	0.1255	0.0779	8.6126	0.4530	-1.6317
143	1.2485	1.5053	0.1242	0.1340	0.0680	9.1214	0.4660	-1.6806
144	1.2500	1.5029	0.1260	0.1402	0.0587	9.4156	0.6290	-1.7464
145	1.2518	1.5009	0.1254	0.1474	0.0506	9.0996	0.7420	-1.7383
146	1.2540	1.4988	0.1260	0.1564	0.0423	9.3574	0.7660	-1.7663
147	1.2553	1.4958	0.1254	0.1615	0.0303	9.2217	0.8690	-1.7957
148	1.2566	1.4918	0.1272	0.1669	0.0138	9.3359	0.8450	-1.7954
149	1.2611	1.4866	0.1248	0.1852	-0.0074	9.6544	0.6970	-1.7400
150	1.2654	1.4828	0.1201	0.2028	-0.0229	9.5347	0.7500	-1.7998
151	1.2639	1.5624	0.1260	0.1973	0.2972	8.6748	0.6200	-1.7546
152	1.2648	1.5667	0.1278	0.2012	0.3159	9.3758	0.7150	-1.8210
153	1.2647	1.5727	0.1242	0.2012	0.3419	8.7786	0.6310	-1.7618
154	1.2636	1.5802	0.1266	0.1971	0.3738	8.5231	0.6080	-1.7839
155	1.2623	1.5864	0.1248	0.1923	0.4006	9.6505	0.6000	-1.7762
156	1.2625	1.5913	0.1254	0.1935	0.4227	8.7878	0.6500	-1.7755
157	1.2632	1.5961	0.1272	0.1966	0.4443	9.5450	0.7040	-1.8223
158	1.2633	1.6016	0.1266	0.1974	0.4689	9.7085	0.6570	-1.8196
159	1.2652	1.6071	0.1278	0.2050	0.4934	9.5951	0.7030	-1.8298
160	1.2668	1.6090	0.1266	0.2122	0.5036	9.7642	0.7880	-1.8874
161	1.2586	1.5119	0.1266	0.1795	0.1155	8.9666	0.8100	-1.8529
162	1.2583	1.5099	0.1178	0.1786	0.1079	10.9486	0.9710	-1.9708
163	1.2591	1.5067	0.1248	0.1819	0.0954	9.8337	0.8500	-1.8965
164	1.2604	1.5029	0.1290	0.1872	0.0802	9.5996	0.7960	-1.9224
165	1.2597	1.5005	0.1242	0.1847	0.0706	9.9085	0.8860	-1.9495
166	1.2571	1.4989	0.1266	0.1744	0.0642	10.0061	1.3830	-2.0872
167	1.2549	1.4963	0.1254	0.1658	0.0537	9.8811	1.3450	-2.0227
168	1.2541	1.4933	0.1296	0.1628	0.0416	9.7049	1.2440	-1.9840
169	1.2551	1.4887	0.1236	0.1667	0.0228	10.2169	0.9940	-1.9365
170	1.2574	1.4833	0.1278	0.1761	0.0008	9.9789	0.7710	-1.9272
171	1.1742	1.6636	0.1183	-0.1584	0.7259	10.9004	0.8250	-1.9742
172	1.1769	1.6646	0.1260	-0.1497	0.7342	10.0711	0.8600	-2.0212
173	1.1787	1.6647	0.1230	-0.1439	0.7389	9.6356	0.5650	-1.9149
174	1.1806	1.6651	0.1189	-0.1381	0.7446	11.1649	0.7230	-1.9521
175	1.1833	1.6642	0.1242	-0.1289	0.7450	10.5606	0.4730	-1.9205
176	1.1864	1.6615	0.1290	-0.1184	0.7380	10.0143	0.8360	-2.0102
177	1.1890	1.6586	0.1248	-0.1095	0.7304	10.4903	0.7500	-2.0008
178	1.1927	1.6562	0.1278	-0.0960	0.7250	10.0412	0.7370	-2.0587
179	1.1979	1.6550	0.1272	-0.0763	0.7237	10.1449	0.8830	-2.0554
180	1.2018	1.6525	0.1272	-0.0620	0.7177	10.2897	0.0200	-1.4497
181	1.2782	1.5592	0.1260	0.2442	0.3461	10.2789	1.0990	-2.1307
182	1.2809	1.5578	0.1248	0.2558	0.3417	10.9300	0.8950	-2.0609
183	1.2843	1.5564	0.1172	0.2703	0.3377	11.2748	0.8170	-2.0906
184	1.2860	1.5558	0.1272	0.2778	0.3365	10.4620	0.7660	-2.0225
185	1.2883	1.5552	0.1260	0.2881	0.3356	10.4568	1.0600	-2.1458
186	1.2901	1.5545	0.1278	0.2965	0.3341	10.5120	1.2550	-2.2184
187	1.2923	1.5539	0.1254	0.3061	0.3332	10.6503	1.1140	-2.1419
188	1.2940	1.5526	0.1296	0.3139	0.3292	10.4768	1.0120	-2.0944
189	1.2967	1.5492	0.1278	0.3261	0.3169	10.3636	1.1250	-2.2057
190	1.2989	1.5455	0.1201	0.3362	0.3034	11.2556	1.1830	-2.2038
191	1.2612	1.5775	0.1236	0.1855	0.4333	11.2185	1.2540	-2.2801
192	1.2610	1.5804	0.1272	0.1850	0.4468	10.6375	1.1720	-2.2413
193	1.2602	1.5834	0.1160	0.1820	0.4607	11.5928	1.0680	-2.1999
194	1.2602	1.5851	0.1260	0.1823	0.4700	10.9051	1.1940	-2.2736
195	1.2584	1.5877	0.1254	0.1752	0.4823	10.5895	1.2510	-2.2526
196	1.2578	1.5882	0.1266	0.1731	0.4867	10.8353	1.3240	-2.2772
197	1.2566	1.5888	0.1248	0.1685	0.4912	10.7232	1.3220	-2.2604
198	1.2559	1.5904	0.1272	0.1657	0.4999	10.8858	1.5480	-2.3324
199	1.2549	1.5917	0.1260	0.1619	0.5075	10.6420	1.5530	-2.3178
200	1.2542	1.5934	0.1266	0.1594	0.5164	10.8333	1.6180	-2.3232
201	1.2716	1.5308	0.1254	0.2293	0.2667	11.1227	1.5690	-2.2862
202	1.2723	1.5300	0.1254	0.2326	0.2645	10.2095	1.5200	-2.2632
203	1.2722	1.5308	0.1236	0.2329	0.2684	11.2799	1.6820	-2.3788
204	1.2720	1.5301	0.1266	0.2328	0.2663	10.9525	1.9890	-2.3814
205	1.2729	1.5296	0.1189	0.2367	0.2650	11.8465	2.0130	-2.4098
206	1.2724	1.5285	0.1260	0.2352	0.2612	11.2074	2.0650	-2.4174
207	1.2726	1.5282	0.1266	0.2367	0.2608	10.2223	2.3340	-2.4668
208	1.2747	1.5310	0.1254	0.2457	0.2729	11.2815	2.6220	-2.6048
209	1.2786	1.5351	0.1260	0.2622	0.2902	11.2407	2.0000	-2.2440
210	1.2805	1.5396	0.1272	0.2705	0.3092	10.4049	2.6270	-3.5762
211	1.2617	1.5668	0.1236	0.1954	0.4196	10.5136	2.6360	-2.5120
212	1.2613	1.5689	0.1166	0.1942	0.4297	12.3247	2.7070	-2.5414
213	1.2603	1.5730	0.1254	0.1905	0.4481	11.2997	2.7880	-2.5812
214	1.2597	1.5782	0.1290	0.1882	0.4707	11.2577	2.5920	-2.5212
215	1.2555	1.5829	0.1266	0.1715	0.4918	11.2180	2.5740	-2.5148
216	1.2475	1.5867	0.1290	0.1394	0.5088	11.2595	2.4590	-2.5122
217	1.2367	1.5896	0.1260	0.0961	0.5229	11.2919	2.2780	-2.3984
218	1.2222	1.5920	0.1272	0.0374	0.5347	11.4783	2.1880	-2.4284
219	1.2061	1.5932	0.1248	-0.0281	0.5416	10.7927	2.1970	-2.4682
220	1.1964	1.5944	0.1266	-0.0684	0.5491	11.3010	2.1810	-2.4942
221	1.2718	1.5334	0.1242	0.2339	0.3058	11.7325	2.0970	-2.4398
222	1.2708	1.5306	0.1266	0.2304	0.2954	11.4103	2.2290	-2.4582
223	1.2698	1.5259	0.1266	0.2269	0.2773	11.6214	2.4030	-2.4906
224	1.2678	1.5206	0.1178	0.2195	0.2564	12.6544	2.2960	-2.4536
225	1.2649	1.5165	0.1248	0.2079	0.2406	11.8394	2.2700	-2.4540
226	1.2621	1.5078	0.1260	0.1971	0.2060	11.8475	2.4130	-2.4826
227	1.2603	1.4994	0.1254	0.1903	0.1722	11.6505	1.9020	-2.3552
228	1.2579	1.4917	0.1296	0.1809	0.1413	11.5349	1.8670	-2.3734
229	1.2595	1.4882	0.1160	0.1874	0.1269	12.7788	1.9120	-2.3812
230	1.2598	1.4878	0.1248	0.1889	0.1252	11.9889	1.7940	-2.3960
231	1.3168	1.4371	0.1266	0.4186	-0.0793	11.5593	2.1100	-2.4532
232	1.3190	1.4326	0.1254	0.4291	-0.0991	11.8535	2.2080	-2.4720
233	1.3230	1.4296	0.1248	0.4470	-0.1126	12.0162	1.9060	-2.3580
234	1.3280	1.4279	0.1260	0.4689	-0.1213	12.0236	2.0430	-2.3978
235	1.3347	1.4301	0.1254	0.4978	-0.1143	12.0073	2.0000	-2.3500
236	1.3421	1.4314	0.1266	0.5299	-0.1109	12.0750	2.1800	-2.4696
237	1.3494	1.4308	0.1254	0.5613	-0.1151	11.8905	2.4625	-2.4663
238	1.3571	1.4263	0.1254	0.5947	-0.1346	12.4020	3.9550	-2.7910
239	1.3616	1.4232	0.1248	0.6155	-0.1491	12.0776	3.1680	-2.7108
240	1.3640	1.4233	0.1284	0.6280	-0.1508	11.6697	3.4050	-2.6922
241	1.3750	1.5386	0.1160	0.6752	0.3117	13.1816	3.6820	-2.7388
242	1.3820	1.5413	0.1284	0.7065	0.3233	12.0258	3.6950	-2.7042
243	1.3916	1.5488	0.1248	0.7485	0.3546	11.3694	3.6770	-2.7226
244	1.4019	1.5587	0.1284	0.7935	0.3956	11.9681	3.3640	-2.6584
245	1.4126	1.5643	0.1242	0.8402	0.4198	12.3237	3.2710	-2.5926
246	1.4232	1.5714	0.1272	0.8870	0.4500	12.1149	2.7530	-2.5106
247	1.4346	1.5804	0.1236	0.9371	0.4878	12.3979	2.8560	-2.5684
248	1.4437	1.5871	0.1266	0.9786	0.5170	11.4838	2.5070	-2.4298
249	1.4543	1.5965	0.1230	1.0260	0.5567	12.5916	2.6570	-2.5350
250	1.4631	1.6023	0.1266	1.0666	0.5825	12.1275	2.7470	-2.6454
251	1.2654	1.5366	0.1266	0.2762	0.3208	12.3914	2.3630	-2.4122
252	1.2636	1.5384	0.1260	0.2693	0.3289	12.6148	2.4500	-2.5228
253	1.2612	1.5388	0.1254	0.2600	0.3315	12.5973	2.2390	-2.3738
254	1.2588	1.5398	0.1260	0.2506	0.3365	12.4367	1.8950	-2.3270
255	1.2562	1.5402	0.1254	0.2403	0.3390	12.4800	1.3730	-2.1878
256	1.2525	1.5415	0.1242	0.2258	0.3453	12.7741	1.5320	-2.2600
257	1.2483	1.5406	0.1254	0.2086	0.3427	12.5426	1.3050	-2.2122
258	1.2437	1.5395	0.1254	0.1904	0.3393	12.9340	1.5680	-2.2604
259	1.2404	1.5390	0.1230	0.1766	0.3383	12.5941	1.2560	-2.2584
260	1.2381	1.5385	0.1266	0.1674	0.3375	12.4798	0.7620	-2.0892
261	1.2610	1.5484	0.1242	0.2592	0.3781	12.9113	0.3940	-1.9972
262	1.2607	1.5466	0.1254	0.2584	0.3721	12.5610	0.5210	-2.1042
263	1.2625	1.5430	0.1242	0.2656	0.3587	12.6764	0.2880	-1.9472
264	1.2660	1.5432	0.1230	0.2801	0.3606	13.2078	0.3310	-1.9686
265	1.2697	1.5436	0.1236	0.2955	0.3633	11.8257	0.5160	-2.0384
266	1.2739	1.5442	0.1272	0.3127	0.3668	12.9503	0.5100	-2.0472
267	1.2776	1.5446	0.1254	0.3285	0.3695	12.8967	-0.0160	-1.9484
268	1.2820	1.5436	0.1195	0.3469	0.3666	13.7567	-0.0790	-1.9056
269	1.2870	1.5413	0.1248	0.3678	0.3584	12.9123	0.1040	-1.9316
270	1.2897	1.5395	0.1278	0.3793	0.3522	12.9306	0.2160	-2.1844
271	1.2828	1.5488	0.1254	0.3526	0.3907	13.0635	0.3520	-2.0344
272	1.2793	1.5486	0.1272	0.3394	0.3911	13.1193	0.5740	-2.0704
273	1.2759	1.5462	0.1154	0.3265	0.3826	14.3803	0.6800	-2.1384
274	1.2707	1.5448	0.1260	0.3062	0.3781	13.0258	0.9220	-2.2344
275	1.2657	1.5440	0.1254	0.2867	0.3760	13.0692	0.6450	-2.0606
276	1.2604	1.5441	0.1236	0.2655	0.3775	13.2552	1.0640	-2.3096
277	1.2549	1.5452	0.1248	0.2437	0.3832	13.3229	0.5160	-2.1080
278	1.2504	1.5476	0.1160	0.2258	0.3938	14.4686	0.9610	-2.1410
279	1.2462	1.5513	0.1266	0.2087	0.4100	13.2307	0.9560	-2.2476
280	1.2452	1.5529	0.1278	0.2047	0.4178	13.4676	1.5130	-2.4326
281	1.2774	1.5516	0.1248	0.3344	0.4138	13.3700	1.0770	-2.1574
282	1.2779	1.5470	0.1272	0.3371	0.3965	12.3487	1.2930	-2.1782
283	1.2782	1.5426	0.1236	0.3390	0.3800	13.4566	1.3260	-2.3488
284	1.2800	1.5346	0.1248	0.3466	0.3489	13.4045	1.4810	-2.3006
285	1.2808	1.5269	0.1260	0.3509	0.3187	13.2328	0.9870	-2.2274
286	1.2827	1.5156	0.1266	0.3591	0.2739	13.4313	1.4520	-2.2788
287	1.2839	1.5033	0.1248	0.3646	0.2248	12.6209	1.1150	-2.2502
288	1.2894	1.4880	0.1290	0.3879	0.1633	13.1440	1.3940	-2.2452
289	1.2938	1.4717	0.1236	0.4065	0.0974	13.7635	0.7300	-2.0832
290	1.2969	1.4619	0.1189	0.4201	0.0574	14.4063	1.0900	-2.2180
291	1.2526	1.5541	0.1242	0.2429	0.4275	13.7963	1.6350	-2.3450
292	1.2512	1.5541	0.1272	0.2374	0.4288	13.4680	1.4920	-2.3260
293	1.2490	1.5555	0.1242	0.2286	0.4358	13.8584	0.9000	-2.1800
294	1.2460	1.5593	0.1260	0.2162	0.4526	13.6744	0.8740	-2.2108
295	1.2455	1.5606	0.1254	0.2145	0.4589	13.5921	1.2290	-2.2802
296	1.2432	1.5589	0.1272	0.2050	0.4537	13.8268	1.2290	-2.1570
297	1.2396	1.5606	0.1183	0.1903	0.4621	14.3840	0.6800	-2.0840
298	1.2359	1.5601	0.1284	0.1753	0.4616	13.6239	1.3560	-2.3568
299	1.2313	1.5551	0.1260	0.1562	0.4430	13.5264	1.2050	-2.1550
300	1.2272	1.5522	0.1278	0.1394	0.4325	13.8732	1.2540	-2.2492
301	1.2872	1.5613	0.1254	0.3802	0.4705	13.8262	1.5250	-2.3198
302	1.2822	1.5651	0.1254	0.3609	0.4877	13.8572	0.9760	-2.2228
303	1.2782	1.5689	0.1242	0.3459	0.5044	14.0317	1.1100	-2.1848
304	1.2761	1.5741	0.1266	0.3378	0.5269	12.8985	0.3970	-2.0790
305	1.2746	1.5826	0.1254	0.3326	0.5631	14.0713	1.1690	-2.3122
306	1.2702	1.5904	0.1248	0.3153	0.5967	14.4753	1.3190	-2.2126
307	1.2645	1.6001	0.1172	0.2932	0.6378	15.0610	0.7040	-2.1068
308	1.2601	1.6127	0.1278	0.2756	0.6911	13.9364	0.8850	-2.1858
309	1.2566	1.6226	0.1266	0.2619	0.7338	13.9927	1.6340	-2.3828
310	1.2549	1.6277	0.1278	0.2551	0.7575	14.1130	1.7450	-2.3146
311	1.2398	1.5876	0.1272	0.1944	0.5991	13.8506	1.2720	-2.2524
312	1.2409	1.5871	0.1272	0.1986	0.5991	14.1746	1.8490	-2.4910
313	1.2424	1.5847	0.1272	0.2043	0.5917	14.1455	2.4500	-2.4936
314	1.2413	1.5826	0.1172	0.2000	0.5855	15.2009	2.0330	-2.3486
315	1.2401	1.5839	0.1248	0.1949	0.5929	14.4362	2.0800	-2.3600
316	1.2413	1.5858	0.1260	0.1993	0.6026	14.5645	2.0670	-2.4242
317	1.2435	1.5899	0.1248	0.2080	0.6211	14.4383	1.8340	-2.3904
318	1.2463	1.5955	0.1290	0.2192	0.6459	13.1412	1.8260	-2.3836
319	1.2481	1.6033	0.1254	0.2265	0.6797	14.4294	1.3330	-2.2322
320	1.2499	1.6107	0.1278	0.2336	0.7123	13.5755	0.9480	-2.1484
321	1.2782	1.5652	0.1248	0.3474	0.5318	14.5510	0.5470	-2.0550
322	1.2796	1.5645	0.1248	0.3538	0.5307	14.4036	0.4560	-2.0852
323	1.2823	1.5657	0.1260	0.3652	0.5369	14.5298	-0.1660	-1.8953
324	1.2856	1.5684	0.1242	0.3794	0.5495	14.5376	-0.8200	-1.7965
325	1.2866	1.5713	0.1254	0.3844	0.5630	14.6049	-0.8760	-1.7970
326	1.2873	1.5749	0.1260	0.3881	0.5790	14.5047	-1.1810	-1.7508
327	1.2897	1.5786	0.1260	0.3987	0.5960	14.5359	-1.3110	-1.5903
328	1.2939	1.5835	0.1260	0.4165	0.6176	14.0362	-1.2490	-1.7289
329	1.2982	1.5898	0.1178	0.4352	0.6449	15.7084	-1.6430	-1.6010
330	1.3001	1.5947	0.1284	0.4438	0.6672	14.5681	-1.7060	-1.5815
331	1.2172	1.4768	0.1254	0.1115	0.1949	14.7144	-1.0000	-2.0860
332	1.2196	1.4781	0.1272	0.1203	0.1994	14.7690	-2.2310	-1.4144
333	1.2206	1.4807	0.1242	0.1236	0.2095	13.9278	-2.0580	-1.4994
334	1.2206	1.4857	0.1266	0.1228	0.2291	14.6652	-2.6280	-1.2339
335	1.2204	1.4897	0.1230	0.1213	0.2449	15.0072	-2.9210	-1.1997
336	1.2204	1.4917	0.1284	0.1205	0.2527	14.6899	-2.9150	-1.1529
337	1.2222	1.4902	0.1236	0.1270	0.2465	14.9983	-2.8560	-1.2389
338	1.2258	1.4865	0.1266	0.1408	0.2312	14.2017	-3.2120	-1.0086
339	1.2306	1.4794	0.1260	0.1595	0.2021	14.8342	-3.3130	-1.0509
340	1.2335	1.4712	0.1272	0.1706	0.1689	14.8341	-3.6700	-0.9272
341	1.2752	1.5568	0.1183	0.3382	0.5126	15.9298	-3.9860	-0.8678
342	1.2776	1.5544	0.1260	0.3485	0.5045	14.9222	-3.7060	-0.9097
343	1.2814	1.5499	0.1266	0.3644	0.4876	14.8222	-4.3820	-0.6124
344	1.2862	1.5447	0.1242	0.3846	0.4681	15.2594	-5.0360	-0.4796
345	1.2932	1.5374	0.1260	0.4136	0.4397	15.3152	-5.1830	-0.3946
346	1.3000	1.5286	0.1172	0.4421	0.4052	16.5266	-5.6050	-0.2182
347	1.3062	1.5192	0.1260	0.4683	0.3681	15.2577	-5.9790	-0.1515
348	1.3130	1.5052	0.1254	0.4971	0.3123	15.0629	-6.2040	-0.0046
349	1.3192	1.4874	0.1248	0.5236	0.2408	15.2847	-6.9340	0.2357
350	1.3236	1.4714	0.1236	0.5430	0.1761	15.2161	-6.8860	0.1784
351	1.2598	1.5242	0.1242	0.2881	0.3878	15.4139	-7.5530	0.4317
352	1.2602	1.5250	0.1266	0.2899	0.3916	15.3308	-7.8330	0.4724
353	1.2622	1.5234	0.1242	0.2984	0.3858	15.5896	-7.9820	0.7274
354	1.2651	1.5208	0.1278	0.3102	0.3759	15.3089	-8.3760	0.8477
355	1.2693	1.5156	0.1189	0.3277	0.3555	16.2873	-8.5530	0.9637
356	1.2751	1.5082	0.1248	0.3512	0.3261	15.6716	-8.5570	1.0167
357	1.2789	1.5029	0.1266	0.3672	0.3048	15.3681	-9.5090	1.4399
358	1.2807	1.4970	0.1248	0.3752	0.2814	15.9146	-9.4580	1.4717
359	1.2819	1.4886	0.1260	0.3809	0.2474	15.5023	-9.5220	1.3332
360	1.2829	1.4813	0.1266	0.3856	0.2177	15.6346	-9.5000	1.4654
361	1.1782	1.5756	0.1236	-0.0350	0.5968	15.6667	-9.1750	1.5429
362	1.1798	1.5756	0.1254	-0.0303	0.5987	15.7220	-9.1200	1.6220
363	1.1808	1.5750	0.1236	-0.0280	0.5982	15.9081	-9.3940	1.9411
364	1.1844	1.5734	0.1260	-0.0153	0.5936	15.6531	-9.1130	1.9675
365	1.1910	1.5708	0.1236	0.0096	0.5850	15.6745	-9.1220	2.0129
366	1.1984	1.5656	0.1248	0.0381	0.5659	15.8597	-9.4370	2.1854
367	1.2055	1.5590	0.1242	0.0651	0.5409	15.9037	-8.9690	2.0325
368	1.2119	1.5527	0.1248	0.0897	0.5170	15.8632	-9.2720	2.1151
369	1.2192	1.5466	0.1248	0.1185	0.4937	15.9541	-9.0990	2.1958
370	1.2255	1.5426	0.1260	0.1428	0.4787	15.2986	-8.9130	2.6041
371	1.3058	1.4952	0.1260	0.4655	0.2891	14.9771	-8.8170	2.5129
372	1.3068	1.4934	0.1248	0.4709	0.2819	15.9704	-8.9650	2.6046
373	1.3084	1.4919	0.1236	0.4788	0.2754	16.1446	-8.9880	2.6795
374	1.3086	1.4921	0.1236	0.4810	0.2761	15.5306	-8.5610	2.6090
375	1.3122	1.4912	0.1242	0.4970	0.2722	16.0770	-8.0800	2.6729
376	1.3168	1.4911	0.1248	0.5171	0.2718	16.3350	-7.5070	2.6164
377	1.3219	1.4919	0.1178	0.5392	0.2747	17.0332	-0.7610	-1.5170
378	1.3298	1.4935	0.1242	0.5730	0.2809	16.7713	-7.8020	2.8491
379	1.3384	1.4969	0.1242	0.6094	0.2944	16.1429	-8.0000	3.0557
380	1.3451	1.5006	0.1248	0.6385	0.3091	16.3343	-7.9100	2.9531
381	1.2926	1.5249	0.1242	0.4297	0.4072	16.2523	-8.4440	2.9964
382	1.2920	1.5273	0.1248	0.4284	0.4174	16.3911	-9.1180	3.4381
383	1.2948	1.5288	0.1230	0.4407	0.4240	16.4579	-8.6640	3.2726
384	1.2988	1.5304	0.1260	0.4579	0.4314	16.4301	-9.0930	3.6234
385	1.3034	1.5323	0.1242	0.4777	0.4397	16.2594	-9.2100	3.7160
386	1.3074	1.5322	0.1260	0.4952	0.4401	15.7840	-9.2610	3.8115
387	1.3140	1.5323	0.1230	0.5231	0.4414	16.5254	-9.1150	3.8291
388	1.3215	1.5294	0.1260	0.5548	0.4306	16.5570	-8.5100	3.7628
389	1.3284	1.5267	0.1154	0.5842	0.4205	17.7350	-8.2910	3.6262
390	1.3357	1.5233	0.1213	0.6157	0.4073	17.0041	-9.2470	3.9794
391	1.2361	1.5160	0.1218	0.2172	0.3785	16.6628	-9.0920	3.9416
392	1.2363	1.5136	0.1266	0.2175	0.3692	16.1760	-9.3500	3.8476
393	1.2356	1.5111	0.1230	0.2143	0.3594	16.7559	-9.7440	3.9956
394	1.2319	1.5114	0.1266	0.1991	0.3611	16.5363	-9.6380	4.0404
395	1.2292	1.5136	0.1213	0.1877	0.3701	16.0435	-9.8440	4.0952
396	1.2279	1.5151	0.1230	0.1820	0.3767	16.7913	-9.6570	4.1338
397	1.2280	1.5169	0.1230	0.1818	0.3842	16.6464	-9.7440	4.1072
398	1.2284	1.5177	0.1248	0.1829	0.3876	16.6410	-10.0630	4.1654
399	1.2294	1.5182	0.1218	0.1863	0.3903	16.7928	-10.3930	4.2242
400	1.2294	1.5177	0.1224	0.1857	0.3887	16.8652	-10.6420	4.2660
401	1.2740	1.3850	0.1149	0.3649	-0.1450	17.9751	-10.5240	4.0204
402	1.2750	1.3860	0.1230	0.3695	-0.1438	17.0293	-10.9000	4.3612
403	1.2782	1.3872	0.1230	0.3830	-0.1419	16.9428	-11.9140	4.5424
404	1.2812	1.3882	0.1218	0.3958	-0.1407	17.0579	-12.0350	4.2986
405	1.2844	1.3878	0.1213	0.4094	-0.1451	17.1019	-12.2520	4.3804
406	1.2874	1.3856	0.1230	0.4224	-0.1567	16.8629	-12.6300	4.5388
407	1.2902	1.3816	0.1213	0.4346	-0.1757	17.2248	-13.0230	4.7806
408	1.2920	1.3754	0.1230	0.4428	-0.2036	16.3484	-12.8680	4.5628
409	1.2940	1.3686	0.1224	0.4519	-0.2341	16.8554	-13.4220	4.7452
410	1.2950	1.3642	0.1236	0.4569	-0.2551	17.0313	-13.1960	4.7128
411	1.2858	1.4940	0.1207	0.4211	0.2640	17.3527	-12.9700	4.4368
412	1.2886	1.4950	0.1224	0.4333	0.2678	17.3499	-13.7140	4.9676
413	1.2903	1.4930	0.1230	0.4412	0.2597	17.2520	-13.2760	4.6368
414	1.2926	1.4888	0.1218	0.4515	0.2426	17.4844	-13.3330	4.6494
415	1.2941	1.4836	0.1189	0.4584	0.2214	16.6572	-14.3400	5.1596
416	1.2933	1.4774	0.1160	0.4564	0.1960	18.4266	-13.4490	4.5894
417	1.2888	1.4714	0.1224	0.4392	0.1713	17.3933	-12.6780	4.5356
418	1.2840	1.4652	0.1260	0.4211	0.1456	17.1149	-12.5970	4.7582
419	1.2809	1.4564	0.1201	0.4096	0.1093	17.6225	-12.2540	4.2456
420	1.2804	1.4500	0.1242	0.4080	0.0825	17.6861	-11.4710	4.1842
421	1.2120	1.5270	0.1218	0.1336	0.3912	17.8170	-11.0390	4.2642
422	1.2140	1.5272	0.1230	0.1409	0.3926	17.5293	-11.3100	4.3388
423	1.2181	1.5272	0.1195	0.1562	0.3933	17.8080	-10.3540	3.9880
424	1.2222	1.5265	0.1213	0.1722	0.3912	17.0441	-9.2950	3.7390
425	1.2296	1.5245	0.1137	0.2013	0.3837	18.7347	-8.6270	3.6950
426	1.2368	1.5238	0.1224	0.2296	0.3818	17.9006	-8.3630	3.7334
427	1.2457	1.5224	0.1236	0.2650	0.3765	17.5537	-7.2510	3.3790
428	1.2535	1.5191	0.1218	0.2964	0.3639	18.0944	-6.2540	2.8540
429	1.2600	1.5144	0.1236	0.3224	0.3455	16.6936	-6.3690	3.2182
430	1.2649	1.5108	0.1236	0.3427	0.3314	17.8798	-5.8710	2.8770
431	1.2170	1.5588	0.1254	0.1501	0.5246	17.6908	-5.4260	3.1660
432	1.2210	1.5602	0.1230	0.1654	0.5319	17.8829	-5.2820	3.1692
433	1.2248	1.5625	0.1213	0.1801	0.5426	17.8921	-4.0220	2.5676
434	1.2263	1.5654	0.1224	0.1855	0.5558	17.9594	-3.5150	2.3806
435	1.2288	1.5697	0.1201	0.1950	0.5746	18.0970	-3.3980	2.6952
436	1.2303	1.5778	0.1224	0.2005	0.6089	17.6136	-3.0200	2.5788
437	1.2296	1.5860	0.1120	0.1972	0.6442	19.0106	-3.4880	2.9180
438	1.2263	1.5945	0.1224	0.1834	0.6806	18.2067	-3.4970	2.8354
439	1.2216	1.6028	0.1218	0.1639	0.7163	18.2503	-2.9390	2.4146
440	1.2203	1.6094	0.1218	0.1576	0.7455	18.3944	-2.9540	2.3564
441	1.2300	1.5760	0.1248	0.1961	0.6136	18.1236	-2.9770	2.6174
442	1.2298	1.5750	0.1160	0.1948	0.6115	19.1501	0.6170	0.8286
443	1.2302	1.5738	0.1213	0.1959	0.6086	18.1419	-2.1230	2.3786
444	1.2312	1.5724	0.1254	0.1994	0.6048	17.9107	-1.5070	2.3362
445	1.2312	1.5708	0.1207	0.1990	0.6001	18.3347	9.0410	0.1556
446	1.2326	1.5698	0.1236	0.2041	0.5979	17.3208	0.5400	1.5664
447	1.2373	1.5658	0.1166	0.2226	0.5835	18.5979	-0.6930	2.1834
448	1.2393	1.5624	0.1207	0.2305	0.5715	18.6099	0.0080	1.8727
449	1.2444	1.5572	0.1132	0.2505	0.5521	19.3657	-0.1660	2.0141
450	1.2486	1.5546	0.1230	0.2675	0.5432	18.6822	-0.2520	1.9413
451	1.2373	1.5350	0.1109	0.2219	0.4656	19.7474	-1.2430	2.4480
452	1.2359	1.5386	0.1224	0.2158	0.4809	18.6921	-0.1990	1.9036
453	1.2350	1.5405	0.1218	0.2119	0.4895	18.2661	-0.1500	2.0523
454	1.2315	1.5427	0.1218	0.1976	0.4992	18.6499	0.6330	1.7788
455	1.2271	1.5407	0.1207	0.1792	0.4922	18.7643	1.4520	1.6298
456	1.2248	1.5375	0.1230	0.1696	0.4807	18.4553	0.5900	1.9325
457	1.2256	1.5342	0.1242	0.1719	0.4683	18.4041	0.3750	1.9451
458	1.2289	1.5302	0.1242	0.1847	0.4529	18.4946	0.5070	1.7914
459	1.2323	1.5295	0.1224	0.1978	0.4511	18.7398	0.8320	1.7307
460	1.2319	1.5315	0.1224	0.1958	0.4599	19.0557	0.5380	1.8850
461	1.1890	1.5130	0.1224	0.0227	0.3860	18.7841	0.7330	1.7816
462	1.1868	1.5200	0.1213	0.0123	0.4145	19.1352	0.0070	1.9924
463	1.1820	1.5308	0.1109	-0.0086	0.4585	19.9386	1.0370	1.6682
464	1.1732	1.5444	0.1236	-0.0458	0.5141	18.6802	1.7560	1.5492
465	1.1604	1.5580	0.1207	-0.0993	0.5698	18.9494	2.0110	1.4480
466	1.1427	1.5714	0.1195	-0.1728	0.6251	19.3571	3.0500	1.1482
467	1.1227	1.5837	0.1224	-0.2559	0.6767	18.9778	15.6930	-5.9245
468	1.1027	1.5935	0.1154	-0.3396	0.7181	20.1446	6.4790	0.2679
469	1.0827	1.5991	0.1236	-0.4238	0.7428	18.9586	8.0400	0.0734
470	1.0667	1.6007	0.1178	-0.4924	0.7520	19.8062	9.2370	-0.3376
471	1.1680	1.4916	0.1218	-0.0891	0.3153	19.4605	10.3710	-0.5634
472	1.1622	1.4889	0.1230	-0.1145	0.3042	18.9946	11.0580	-0.7296
473	1.1602	1.4899	0.1218	-0.1247	0.3078	19.2270	11.1230	-0.8171
474	1.1599	1.4923	0.1266	-0.1282	0.3172	18.9840	10.1540	-0.6803
475	1.1610	1.4987	0.1195	-0.1260	0.3428	19.3956	9.8820	-0.8476
476	1.1633	1.5061	0.1236	-0.1189	0.3728	19.1098	11.3390	-1.4578
477	1.1654	1.5102	0.1207	-0.1128	0.3895	19.3778	12.1510	-1.6172
478	1.1699	1.5122	0.1242	-0.0967	0.3974	19.1617	11.2930	-1.5208
479	1.1750	1.5139	0.1207	-0.0780	0.4046	20.0365	10.8300	-1.3642
480	1.1782	1.5149	0.1154	-0.0672	0.4092	20.2703	10.1280	-1.5489
481	1.1420	1.4472	0.1218	-0.2147	0.1370	18.4309	10.6940	-1.6541
482	1.1425	1.4500	0.1154	-0.2153	0.1469	20.0351	9.8760	-1.5682
483	1.1437	1.4564	0.1248	-0.2131	0.1716	19.4166	9.8360	-1.6477
484	1.1416	1.4619	0.1302	-0.2245	0.1924	19.0957	9.0610	-1.3608
485	1.1388	1.4699	0.1315	-0.2384	0.2238	19.3438	7.8040	-1.4838
486	1.1338	1.4797	0.1333	-0.2612	0.2626	18.4274	8.3490	-1.4465
487	1.1298	1.4894	0.1327	-0.2802	0.3009	19.4401	8.7050	-1.7726
488	1.1248	1.5000	0.1296	-0.3032	0.3435	19.8368	8.5900	-1.9781
489	1.1217	1.5129	0.1195	-0.3190	0.3952	20.4733	7.9550	-1.7908
490	1.1217	1.5242	0.1224	-0.3223	0.4412	19.4927	9.1130	-2.2450
491	1.3230	1.5104	0.1201	0.4849	0.3862	19.8592	8.8660	-2.0660
492	1.3188	1.5081	0.1242	0.4698	0.3772	19.6320	8.7700	-2.1160
493	1.3140	1.5012	0.1230	0.4522	0.3496	18.8188	9.2820	-2.5088
494	1.3074	1.4913	0.1352	0.4272	0.3098	18.9810	9.9400	-2.6204
495	1.3030	1.4830	0.1377	0.4109	0.2764	19.4507	9.6820	-2.6708
496	1.2996	1.4758	0.1453	0.3986	0.2469	19.7132	15.2780	-5.9582
497	1.2952	1.4684	0.1614	0.3821	0.2165	19.3663	11.2940	-5.3760
498	1.2920	1.4620	0.1816	0.3702	0.1900	17.8188	12.2150	-3.4956
499	1.2914	1.4574	0.1794	0.3688	0.1706	18.3240	12.1930	-3.6892
500	1.2905	1.4547	0.1699	0.3665	0.1586	18.9716	11.4620	-3.7534
501	1.4256	1.3202	0.1600	0.9112	-0.3841	19.8838	11.2680	-3.4529
502	1.4274	1.3192	0.1499	0.9228	-0.3926	19.9465	13.5700	-4.3944
503	1.4270	1.3168	0.1339	0.9257	-0.4068	20.3226	14.0120	-4.2752
504	1.4280	1.3186	0.1339	0.9341	-0.4041	20.2875	14.8450	-5.0179
505	1.4320	1.3186	0.1290	0.9546	-0.4086	19.9757	15.8610	-5.1612
506	1.4340	1.3178	0.1284	0.9673	-0.4162	19.9577	15.0410	-5.0602
507	1.4402	1.3161	0.1207	0.9970	-0.4279	20.2034	15.6220	-5.0948
508	1.4479	1.3153	0.1218	1.0325	-0.4356	20.0364	14.2440	-4.7620
509	1.4589	1.3135	0.1201	1.0818	-0.4473	20.2802	13.6790	-4.6286
510	1.4653	1.3121	0.1248	1.1127	-0.4578	19.5575	12.4860	-4.4852
511	1.3970	1.3440	0.1248	0.8432	-0.3341	20.0529	11.5350	-4.1994
512	1.4036	1.3510	0.1278	0.8735	-0.3098	20.2636	8.1750	-3.4054
513	1.4136	1.3618	0.1321	0.9176	-0.2700	20.0872	5.5380	-2.8620
514	1.4262	1.3756	0.1370	0.9724	-0.2179	19.1538	4.0110	-2.6670
515	1.4382	1.3856	0.1421	1.0251	-0.1808	19.6251	3.4660	-2.6932
516	1.4552	1.3906	0.1440	1.0982	-0.1635	20.1912	4.4990	-2.8998
517	1.4750	1.3910	0.1473	1.1830	-0.1647	19.6976	4.8530	-2.7818
518	1.4910	1.3932	0.1486	1.2531	-0.1585	19.7618	4.6324	-2.6854
519	1.5030	1.3970	0.1345	1.3074	-0.1460	21.0818	3.8020	-2.6916
520	1.5174	1.3993	0.1434	1.3717	-0.1391	20.0405	4.8090	-3.1946
1	1.2320	1.5520	0.0000	-0.0725	0.2093	0.0000	-0.1360	0.0000
2	1.2322	1.5521	0.1272	-0.0719	0.2109	4.9869	-1.5240	0.3257
3	1.2327	1.5518	0.1154	-0.0704	0.2111	6.1296	-1.6620	0.3526
4	1.2334	1.5509	0.1242	-0.0680	0.2089	5.2888	-1.6810	0.3714
5	1.2343	1.5505	0.1195	-0.0648	0.2084	5.8259	-1.8190	0.4731
6	1.2357	1.5504	0.1248	-0.0599	0.2091	5.2203	-1.9650	0.4991
7	1.2380	1.5493	0.1254	-0.0506	0.2061	5.1799	-1.9920	0.4956
8	1.2417	1.5489	0.1272	-0.0363	0.2059	5.1143	-1.8580	0.4880
9	1.2461	1.5490	0.1260	-0.0187	0.2074	5.2300	-1.7890	0.4981
10	1.2501	1.5487	0.1266	-0.0027	0.2075	5.3630	-1.7820	0.5028
11	1.2571	1.5860	0.1266	0.0254	0.3586	5.0879	-0.9500	0.0306
12	1.2577	1.5874	0.1254	0.0279	0.3665	5.5027	-1.7070	0.5173
13	1.2591	1.5887	0.1242	0.0340	0.3738	5.5570	-1.6200	0.5136
14	1.2611	1.5900	0.1195	0.0424	0.3814	6.2137	-1.4350	0.4818
15	1.2635	1.5913	0.1242	0.0520	0.3890	5.5598	-1.5000	0.5108
16	1.2662	1.5924	0.1207	0.0633	0.3957	6.1359	-1.4530	0.5389
17	1.2695	1.5935	0.1242	0.0768	0.4023	5.6222	-1.4960	0.5345
18	1.2738	1.5937	0.1296	0.0946	0.4054	5.2433	-1.3270	0.5398
19	1.2795	1.5938	0.1254	0.1182	0.4082	5.5407	-1.2800	0.5319
20	1.2848	1.5938	0.1284	0.1405	0.4106	5.5053	-1.0760	0.4921
21	1.2564	1.5372	0.1278	0.0268	0.1850	5.3616	-0.9660	0.4645
22	1.2571	1.5359	0.1266	0.0299	0.1808	4.7707	-0.8360	0.4918
23	1.2585	1.5352	0.1236	0.0357	0.1789	5.6886	-0.8610	0.4953
24	1.2610	1.5345	0.1272	0.0459	0.1770	5.7683	-1.0450	0.5377
25	1.2637	1.5341	0.1160	0.0572	0.1763	6.7217	-1.0750	0.3098
26	1.2665	1.5339	0.1272	0.0686	0.1763	5.8311	-3.1940	1.8265
27	1.2694	1.5335	0.1284	0.0810	0.1754	5.5360	-1.1500	0.6415
28	1.2729	1.5332	0.1242	0.0954	0.1753	5.8921	-1.2480	-3.2919
29	1.2773	1.5327	0.1195	0.1138	0.1737	6.6086	-1.4300	0.7432
30	1.2802	1.5319	0.1278	0.1262	0.1716	5.6899	-1.5670	0.8307
31	1.2317	1.4671	0.1266	-0.0682	-0.0886	5.7395	-1.5660	0.7919
32	1.2313	1.4670	0.1248	-0.0703	-0.0896	6.0459	-1.4630	0.7696
33	1.2310	1.4666	0.1254	-0.0723	-0.0920	5.8139	-1.4450	0.8013
34	1.2308	1.4662	0.1272	-0.0734	-0.0948	5.9278	-1.5820	0.8606
35	1.2312	1.4661	0.1248	-0.0723	-0.0958	5.4181	-1.7150	0.8880
36	1.2326	1.4659	0.1195	-0.0669	-0.0977	6.7953	-1.9520	0.9504
37	1.2350	1.4648	0.1254	-0.0578	-0.1030	6.4191	-2.1070	1.0160
38	1.2386	1.4645	0.1201	-0.0437	-0.1050	6.9074	-1.9740	0.9708
39	1.2439	1.4643	0.1284	-0.0229	-0.1066	5.9390	-1.7280	0.9566
40	1.2490	1.4641	0.1272	-0.0023	-0.1082	6.1085	-1.7240	0.9633
41	1.2549	1.5226	0.1272	0.0215	0.1264	6.0134	-1.7020	0.9803
42	1.2548	1.5222	0.1272	0.0211	0.1252	6.2852	-1.6210	0.9869
43	1.2550	1.5220	0.1236	0.0222	0.1248	6.2676	-1.4210	0.9597
44	1.2544	1.5233	0.1278	0.0198	0.1307	6.2148	-1.3890	0.9652
45	1.2527	1.5260	0.1166	0.0131	0.1423	7.1722	-1.4440	0.9782
46	1.2510	1.5299	0.1272	0.0062	0.1585	6.3499	-1.3940	1.0043
47	1.2495	1.5342	0.1254	0.0003	0.1766	6.2375	-1.3440	0.9856
48	1.2485	1.5388	0.1272	-0.0039	0.1962	6.3515	-1.6070	1.1366
49	1.2462	1.5436	0.1260	-0.0129	0.2164	5.5248	-1.6760	1.0794
50	1.2441	1.5473	0.1260	-0.0215	0.2322	6.4258	-1.5660	1.0344
51	1.2053	1.5878	0.1266	-0.1779	0.3966	6.3188	-1.6450	1.1092
52	1.2047	1.5891	0.1183	-0.1814	0.4038	7.2826	-1.2900	1.0509
53	1.2034	1.5910	0.1260	-0.1877	0.4138	6.5133	-1.3440	1.0749
54	1.2019	1.5928	0.1266	-0.1952	0.4232	6.3527	-1.1940	1.0558
55	1.1998	1.5948	0.1272	-0.2046	0.4337	6.4312	-1.0730	1.0493
56	1.1973	1.5963	0.1266	-0.2162	0.4419	5.8264	-1.0120	1.0429
57	1.1954	1.5983	0.1254	-0.2249	0.4524	6.7699	-0.7020	0.9886
58	1.1938	1.6001	0.1266	-0.2327	0.4624	5.8885	-0.4720	0.9087
59	1.1921	1.6019	0.1260	-0.2409	0.4720	6.7605	-0.5230	0.9745
60	1.1917	1.6029	0.1290	-0.2440	0.4785	6.4771	-0.5040	0.9772
61	1.2265	1.6007	0.1242	-0.1057	0.4722	6.8392	-0.4570	0.9633
62	1.2268	1.5998	0.1278	-0.1050	0.4713	6.3794	-0.5600	0.9837
63	1.2266	1.5989	0.1242	-0.1064	0.4700	6.9020	-0.6820	1.0304
64	1.2273	1.5972	0.1248	-0.1040	0.4655	7.1011	-0.6020	0.9928
65	1.2294	1.5945	0.1254	-0.0961	0.4570	6.0584	-0.4280	0.9577
66	1.2311	1.5916	0.1284	-0.0900	0.4480	6.6107	-0.4970	1.0011
67	1.2325	1.5892	0.1260	-0.0847	0.4405	7.0511	-0.4820	0.9818
68	1.2345	1.5864	0.1201	-0.0771	0.4314	7.8527	-0.4000	0.9691
69	1.2367	1.5841	0.1242	-0.0686	0.4245	7.1480	-0.3460	1.0009
70	1.2388	1.5824	0.1183	-0.0606	0.4197	7.9381	-0.4840	1.0398
71	1.2493	1.4932	0.1254	-0.0184	0.0627	7.1748	-0.5130	1.0081
72	1.2518	1.4929	0.1272	-0.0084	0.0611	6.1633	-0.4750	1.0104
73	1.2553	1.4929	0.1236	0.0058	0.0613	7.1533	-0.5350	1.0210
74	1.2595	1.4933	0.1284	0.0229	0.0626	7.0276	-0.5320	1.0787
75	1.2645	1.4928	0.1160	0.0430	0.0604	8.5456	-0.5040	1.0274
76	1.2687	1.4929	0.1296	0.0603	0.0605	6.9440	-0.6700	1.0712
77	1.2733	1.4940	0.1290	0.0795	0.0647	7.0476	-0.9920	1.1814
78	1.2789	1.4942	0.1266	0.1024	0.0653	7.2481	-1.2171	1.2194
79	1.2850	1.4947	0.1266	0.1279	0.0672	6.2222	1.3680	-0.4026
80	1.2893	1.4946	0.1266	0.1458	0.0669	7.4855	-1.4940	1.3045
81	1.2529	1.5558	0.1272	0.0003	0.3129	6.9589	-1.4920	1.2880
82	1.2534	1.5566	0.1172	0.0024	0.3176	8.4319	-1.4370	2.4100
83	1.2548	1.5570	0.1266	0.0082	0.3206	6.4504	-2.2200	1.7068
84	1.2569	1.5546	0.1290	0.0168	0.3126	7.0734	-1.5400	1.3336
85	1.2591	1.5527	0.1266	0.0259	0.3060	7.4544	-1.5480	1.3458
86	1.2597	1.5505	0.1266	0.0286	0.2986	7.6663	-1.2780	1.2596
87	1.2586	1.5484	0.1266	0.0244	0.2913	7.3367	-1.1230	1.2923
88	1.2572	1.5479	0.1284	0.0190	0.2905	6.7366	-0.9920	1.2677
89	1.2542	1.5467	0.1160	0.0069	0.2869	8.6096	-1.2450	1.3528
90	1.2523	1.5463	0.1284	-0.0006	0.2865	6.6707	-1.0230	1.2757
91	1.2552	1.5724	0.1242	0.0112	0.3927	7.8500	-1.0160	1.3145
92	1.2566	1.5711	0.1272	0.0168	0.3894	7.6419	-0.9930	1.3334
93	1.2581	1.5655	0.1266	0.0232	0.3686	7.3867	-0.9170	1.2990
94	1.2615	1.5570	0.1266	0.0370	0.3361	7.7763	-0.8710	1.3005
95	1.2637	1.5509	0.1248	0.0460	0.3128	7.6643	-0.8630	1.2993
96	1.2656	1.5492	0.1266	0.0543	0.3073	7.8391	-0.9020	1.3504
97	1.2702	1.5494	0.1236	0.0732	0.3095	8.1686	-0.8460	1.3026
98	1.2787	1.5462	0.1260	0.1079	0.2978	7.8534	-0.5620	1.2675
99	1.2888	1.5380	0.1248	0.1491	0.2660	7.9088	-0.5540	1.2984
100	1.2939	1.5318	0.1284	0.1708	0.2420	7.5009	-0.6950	1.3122
101	1.2223	1.6486	0.1254	-0.1165	0.7128	8.1265	-0.5390	1.2386
102	1.2239	1.6486	0.1278	-0.1106	0.7164	6.9824	-0.6020	1.3269
103	1.2244	1.6507	0.1254	-0.1092	0.7288	8.1887	-0.5180	1.7515
104	1.2249	1.6510	0.1260	-0.1082	0.7336	8.0277	-0.4930	1.2845
105	1.2260	1.6512	0.1284	-0.1040	0.7382	7.7096	-0.4570	1.2718
106	1.2272	1.6513	0.1260	-0.0998	0.7423	7.3234	-0.3240	1.2156
107	1.2277	1.6489	0.1260	-0.0984	0.7365	8.0617	-0.3590	1.3068
108	1.2292	1.6441	0.1260	-0.0929	0.7208	8.1529	-0.2370	1.2577
109	1.2325	1.6361	0.1260	-0.0803	0.6924	7.4177	-0.1880	1.2736
110	1.2353	1.6312	0.1284	-0.0694	0.6760	8.1545	-0.1090	1.2617
111	1.2434	1.5722	0.1266	-0.0372	0.4417	8.1021	-0.1500	1.2441
112	1.2443	1.5745	0.1278	-0.0336	0.4527	8.1620	-0.2470	1.2781
113	1.2473	1.5782	0.1242	-0.0217	0.4697	8.6849	-0.5310	1.3551
114	1.2490	1.5818	0.1189	-0.0151	0.4861	9.1113	-0.5990	1.3414
115	1.2505	1.5858	0.1242	-0.0091	0.5042	8.7477	-0.1600	1.2607
116	1.2515	1.5912	0.1290	-0.0048	0.5280	7.9611	-0.3100	1.2868
117	1.2528	1.5964	0.1254	0.0001	0.5512	8.4860	-0.2170	1.3286
118	1.2524	1.6006	0.1266	-0.0011	0.5708	8.3727	-0.2150	1.2301
119	1.2513	1.6050	0.1254	-0.0055	0.5906	8.5486	-0.1950	1.2833
120	1.2510	1.6088	0.1260	-0.0068	0.6088	8.8029	-0.1160	1.2557
121	1.2568	1.5270	0.1254	0.0165	0.2822	8.6581	-0.3390	1.3375
122	1.2616	1.5209	0.1272	0.0359	0.2584	8.4727	-0.3640	1.3247
123	1.2678	1.5124	0.1236	0.0611	0.2248	7.9347	-0.4160	1.3249
124	1.2719	1.5081	0.1278	0.0783	0.2077	8.5229	-0.5400	1.3844
125	1.2774	1.5048	0.1266	0.1007	0.1945	8.3397	-0.5500	1.3707
126	1.2846	1.4996	0.1195	0.1305	0.1738	9.6425	-0.6550	1.3932
127	1.2939	1.4938	0.1248	0.1687	0.1505	8.7963	-0.7530	1.4280
128	1.3058	1.4850	0.1278	0.2178	0.1150	8.4671	-0.7840	1.4396
129	1.3168	1.4750	0.1272	0.2634	0.0741	8.6302	-0.8600	1.8036
130	1.3236	1.4694	0.1260	0.2925	0.0509	8.7934	-0.8860	1.4777
131	1.2306	1.6244	0.1266	-0.0800	0.6742	7.9804	-0.7140	1.3942
132	1.2317	1.6221	0.1248	-0.0758	0.6681	8.1630	-0.8400	1.6150
133	1.2327	1.6174	0.1248	-0.0725	0.6523	8.8992	-0.5460	1.4346
134	1.2331	1.6110	0.1248	-0.0714	0.6293	9.1097	-0.4180	1.4012
135	1.2332	1.6048	0.1166	-0.0710	0.6070	9.8868	-0.4780	1.4282
136	1.2332	1.5983	0.1266	-0.0716	0.5838	9.0771	-0.2280	1.3394
137	1.2320	1.5922	0.1266	-0.0768	0.5616	8.4532	-0.2330	1.3882
138	1.2291	1.5880	0.1272	-0.0891	0.5471	8.8866	-0.2070	1.3758
139	1.2236	1.5822	0.1272	-0.1117	0.5257	9.0377	0.0060	1.3084
140	1.2192	1.5767	0.1254	-0.1299	0.5057	9.3990	0.0390	1.3353
141	1.2578	1.4266	0.1254	0.0244	-0.0965	9.1296	0.1170	1.3133
142	1.2588	1.4272	0.1278	0.0289	-0.0961	8.2239	0.1470	1.3031
143	1.2576	1.4269	0.1242	0.0242	-0.0991	9.2162	0.1510	1.2589
144	1.2557	1.4256	0.1260	0.0165	-0.1060	9.4521	0.0280	1.3338
145	1.2514	1.4242	0.1154	-0.0007	-0.1137	10.2705	-0.1050	1.3652
146	1.2468	1.4219	0.1236	-0.0190	-0.1247	9.6205	-0.2450	1.3972
147	1.2395	1.4183	0.1242	-0.0486	-0.1410	9.2228	-0.3630	1.4105
148	1.2321	1.4141	0.1266	-0.0783	-0.1600	9.3849	-0.3090	1.3832
149	1.2251	1.4084	0.1254	-0.1072	-0.1854	9.5596	-0.1980	1.3829
150	1.2190	1.4037	0.1278	-0.1323	-0.2063	9.4169	-0.1600	1.3800
151	1.2377	1.5830	0.1254	-0.0578	0.5129	9.4893	-0.0380	1.3282
152	1.2351	1.5847	0.1260	-0.0685	0.5220	9.5686	0.2690	1.2557
153	1.2311	1.5872	0.1254	-0.0849	0.5340	9.6718	0.3820	1.2750
154	1.2287	1.5895	0.1272	-0.0953	0.5452	9.2470	1.3690	0.7235
155	1.2258	1.5889	0.1260	-0.1072	0.5454	9.4821	0.6570	1.1715
156	1.2214	1.5887	0.1236	-0.1256	0.5468	9.5614	0.8070	1.1622
157	1.2159	1.5902	0.1172	-0.1483	0.5549	10.6642	0.9540	2.1034
158	1.2090	1.5918	0.1260	-0.1772	0.5637	9.6960	0.7650	1.1406
159	1.1999	1.5921	0.1278	-0.2149	0.5671	9.5103	0.9600	1.0508
160	1.1928	1.5918	0.1278	-0.2448	0.5681	8.4776	1.0110	1.0808
161	1.2310	1.5611	0.1183	-0.0923	0.4468	10.5779	1.1580	0.9851
162	1.2318	1.5561	0.1254	-0.0894	0.4282	10.0013	1.1840	1.0290
163	1.2317	1.5492	0.1254	-0.0905	0.4020	9.7325	1.4550	0.9057
164	1.2304	1.5417	0.1183	-0.0960	0.3732	10.9124	1.2830	1.0024
165	1.2308	1.5345	0.1224	-0.0949	0.3450	9.3254	1.3230	0.9586
166	1.2303	1.5246	0.1172	-0.0973	0.3060	10.9276	1.2830	0.9386
167	1.2279	1.5130	0.1272	-0.1078	0.2599	9.8155	1.2310	0.9697
168	1.2242	1.4994	0.1272	-0.1231	0.2054	9.7861	4.0010	-1.2282
169	1.2191	1.4856	0.1260	-0.1444	0.1502	10.0212	1.1540	0.9506
170	1.2145	1.4754	0.1272	-0.1636	0.1086	9.9015	0.8410	1.0963
171	1.2328	1.5744	0.1272	-0.0908	0.5064	9.9863	0.8520	0.9330
172	1.2330	1.5741	0.1248	-0.0904	0.5072	9.9472	0.7910	0.9722
173	1.2342	1.5738	0.1236	-0.0860	0.5076	10.4197	1.0050	0.9307
174	1.2362	1.5720	0.1272	-0.0783	0.5023	10.0201	1.1220	0.9056
175	1.2387	1.5669	0.1248	-0.0686	0.4838	9.2817	1.1180	0.8930
176	1.2395	1.5616	0.1266	-0.0656	0.4639	10.1549	1.1360	0.8400
177	1.2392	1.5581	0.1248	-0.0672	0.4515	10.2816	1.0920	0.8777
178	1.2392	1.5531	0.1284	-0.0673	0.4326	10.0598	1.1900	0.7786
179	1.2387	1.5446	0.1248	-0.0697	0.4000	10.5837	1.2350	0.3640
180	1.2364	1.5383	0.1290	-0.0793	0.3755	9.9823	1.2670	0.7803
181	1.2578	1.5692	0.1266	0.0065	0.5010	10.0583	1.2230	0.7910
182	1.2584	1.5682	0.1254	0.0093	0.4987	10.3525	1.1400	0.7966
183	1.2600	1.5654	0.1178	0.0158	0.4891	11.2421	1.0230	0.8020
184	1.2637	1.5611	0.1248	0.0312	0.4734	10.5469	1.0640	0.7870
185	1.2653	1.5575	0.1266	0.0377	0.4603	10.1835	0.9850	0.7689
186	1.2694	1.5519	0.1248	0.0548	0.4395	10.7894	1.4960	0.6461
187	1.2726	1.5454	0.1260	0.0680	0.4146	9.6144	1.2040	0.7330
188	1.2768	1.5399	0.1278	0.0853	0.3936	10.3114	1.4570	0.6453
189	1.2815	1.5336	0.1266	0.1051	0.3690	10.6071	1.2730	0.6886
190	1.2820	1.5320	0.1278	0.1078	0.3635	10.6622	1.0510	0.7085
191	1.2230	1.5680	0.1248	-0.1288	0.5092	10.8659	1.5610	0.5729
192	1.2276	1.5621	0.1272	-0.1110	0.4871	9.7226	1.1620	0.7252
193	1.2276	1.5597	0.1248	-0.1115	0.4789	10.5700	0.4210	0.8876
194	1.2226	1.5622	0.1266	-0.1322	0.4908	10.8042	0.0670	0.8701
195	1.2126	1.5668	0.1154	-0.1730	0.5107	11.6962	0.3690	0.7797
196	1.2029	1.5693	0.1266	-0.2130	0.5222	10.8677	0.9560	0.6173
197	1.1978	1.5670	0.1260	-0.2350	0.5148	10.9102	1.3910	0.5611
198	1.1976	1.5597	0.1248	-0.2370	0.4871	11.1449	1.9890	0.4003
199	1.2017	1.5474	0.1254	-0.2217	0.4391	10.6853	2.3200	0.3524
200	1.2059	1.5376	0.1266	-0.2059	0.4010	10.0322	2.4690	0.2897
201	1.2557	1.5410	0.1266	-0.0066	0.4156	10.7639	2.9820	0.1552
202	1.2580	1.5340	0.1260	0.0026	0.3884	10.9869	3.0200	0.1824
203	1.2597	1.5220	0.1224	0.0096	0.3410	11.0888	3.3340	0.0315
204	1.2617	1.5050	0.1260	0.0181	0.2731	10.2232	3.4460	0.0029
205	1.2617	1.4851	0.1236	0.0184	0.1930	11.3674	3.6440	-0.1019
206	1.2587	1.4651	0.1284	0.0066	0.1121	10.9431	3.6690	-0.1296
207	1.2558	1.4451	0.1195	-0.0047	0.0307	11.9237	3.7980	-0.1759
208	1.2556	1.4253	0.1266	-0.0057	-0.0503	11.1626	3.7180	-0.1732
209	1.2507	1.4068	0.1290	-0.0252	-0.1264	10.8433	3.5390	-0.1544
210	1.2432	1.3911	0.1183	-0.0554	-0.1920	12.5133	3.2890	-0.1349
211	1.2528	1.5778	0.1254	-0.0169	0.5566	11.0877	3.0000	-0.1447
212	1.2479	1.5757	0.1242	-0.0364	0.5502	11.3816	3.4780	-0.2791
213	1.2380	1.5711	0.1254	-0.0763	0.5337	11.3296	3.3870	-0.2718
214	1.2232	1.5707	0.1272	-0.1364	0.5337	11.0844	2.8740	-0.1560
215	1.2045	1.5753	0.1260	-0.2122	0.5539	11.4402	1.8520	0.0567
216	1.1878	1.5841	0.1266	-0.2807	0.5912	11.5199	1.0430	0.1633
217	1.1753	1.5941	0.1248	-0.3326	0.6337	11.4061	1.1010	0.0607
218	1.1677	1.5995	0.1290	-0.3648	0.6579	11.3522	1.3720	-0.0184
219	1.1617	1.6003	0.1166	-0.3913	0.6635	12.4526	1.6850	-0.0717
220	1.1534	1.6017	0.1254	-0.4266	0.6715	10.7742	1.6030	-0.0268
221	1.2533	1.5550	0.1103	-0.0272	0.4862	13.4937	1.1560	0.0780
222	1.2502	1.5602	0.1272	-0.0393	0.5085	11.5558	0.6850	0.1361
223	1.2498	1.5672	0.1266	-0.0412	0.5382	11.4785	0.7930	0.0399
224	1.2539	1.5692	0.1266	-0.0246	0.5479	11.5093	1.2120	0.0097
225	1.2563	1.5693	0.1266	-0.0149	0.5501	10.7739	1.4790	-0.0677
226	1.2537	1.5740	0.1272	-0.0252	0.5707	11.5595	0.8230	0.1092
227	1.2521	1.5822	0.1266	-0.0315	0.6054	11.7228	0.4790	0.0980
228	1.2551	1.5892	0.1278	-0.0193	0.6357	11.7900	0.9380	-0.0622
229	1.2557	1.5912	0.1254	-0.0169	0.6461	11.6889	1.3370	-0.1101
230	1.2525	1.5933	0.1189	-0.0294	0.6566	12.7321	1.2110	-0.0096
231	1.2370	1.5658	0.1254	-0.0918	0.5484	11.7987	0.7890	-0.0005
232	1.2406	1.5632	0.1224	-0.0777	0.5396	11.8900	1.5000	-0.1860
233	1.2393	1.5609	0.1242	-0.0830	0.5320	11.9454	1.1680	-0.0066
234	1.2369	1.5619	0.1260	-0.0930	0.5375	11.8808	0.7370	-0.3102
235	1.2391	1.5606	0.1254	-0.0844	0.5340	12.0439	0.8090	-0.0375
236	1.2402	1.5545	0.1172	-0.0802	0.5107	12.9424	1.2710	-0.1542
237	1.2368	1.5464	0.1224	-0.0945	0.4796	12.1650	1.0610	-0.0984
238	1.2359	1.5418	0.1266	-0.0984	0.4622	12.1748	0.7660	-0.0770
239	1.2395	1.5336	0.1230	-0.0839	0.4302	11.9789	1.3180	-0.2208
240	1.2408	1.5257	0.1254	-0.0794	0.3991	12.0742	1.5740	-0.2065
241	1.2434	1.5379	0.1242	-0.0689	0.4488	12.0044	1.1960	-0.1513
242	1.2484	1.5350	0.1278	-0.0490	0.4383	12.0819	1.3490	-0.1943
243	1.2527	1.5279	0.1254	-0.0317	0.4105	12.0421	1.5630	-0.3339
244	1.2532	1.5234	0.1284	-0.0296	0.3931	12.0115	0.8980	-0.1192
245	1.2575	1.5163	0.1248	-0.0122	0.3651	12.1171	1.0620	-0.2375
246	1.2616	1.5042	0.1272	0.0045	0.3168	12.2789	1.1630	-0.2264
247	1.2613	1.4915	0.1254	0.0037	0.2659	12.6468	1.0820	-0.1797
248	1.2632	1.4794	0.1183	0.0114	0.2170	13.2847	1.2480	-0.2997
249	1.2674	1.4623	0.1266	0.0287	0.1477	12.1443	1.7340	-0.4144
250	1.2674	1.4490	0.1230	0.0293	0.0933	12.8384	1.6570	-0.3848
251	1.2070	1.6170	0.1254	-0.2134	0.7680	12.5177	0.8070	-0.1673
252	1.2090	1.6193	0.1230	-0.2066	0.7803	11.7772	0.9600	-0.3079
253	1.2091	1.6168	0.1166	-0.2071	0.7732	13.5180	1.5070	-0.4065
254	1.2042	1.6128	0.1260	-0.2278	0.7600	12.6610	1.3150	-0.3363
255	1.1984	1.6134	0.1284	-0.2526	0.7653	12.1624	1.2360	-0.4138
256	1.1975	1.6130	0.1254	-0.2574	0.7665	12.6140	1.6700	-0.4573
257	1.1956	1.6117	0.1272	-0.2663	0.7641	12.3098	1.7690	-0.4890
258	1.1899	1.6132	0.1230	-0.2904	0.7728	13.2032	1.6090	-0.4434
259	1.1856	1.6143	0.1260	-0.3094	0.7799	12.5764	1.7240	-0.5669
260	1.1857	1.6162	0.1260	-0.3105	0.7905	12.8413	2.3670	-0.4358
261	1.2300	1.5705	0.1266	-0.1339	0.6096	12.3161	2.4860	-0.7246
262	1.2248	1.5708	0.1178	-0.1553	0.6125	13.5216	2.6135	-0.7085
263	1.2169	1.5733	0.1248	-0.1879	0.6245	12.5300	2.7600	-0.7686
264	1.2081	1.5779	0.1266	-0.2241	0.6448	12.5828	2.9150	-0.8656
265	1.1959	1.5832	0.1213	-0.2742	0.6680	13.5558	2.5740	-0.7360
266	1.1809	1.5884	0.1260	-0.3357	0.6911	12.5990	2.6510	-0.8244
267	1.1642	1.5951	0.1160	-0.4048	0.7201	13.7692	2.6180	-0.8863
268	1.1473	1.6047	0.1236	-0.4751	0.7614	12.7723	2.8700	-1.0181
269	1.1285	1.6146	0.1230	-0.5531	0.8037	12.9933	3.0460	-1.0662
270	1.1127	1.6233	0.1254	-0.6197	0.8415	13.2108	3.4250	-1.1574
271	1.2194	1.6018	0.1236	-0.1938	0.7580	13.0375	4.5039	-1.4841
272	1.2234	1.6032	0.1254	-0.1785	0.7662	12.2685	0.8160	0.8997
273	1.2320	1.6051	0.1230	-0.1446	0.7767	13.0533	4.8747	-1.5776
274	1.2440	1.6095	0.1248	-0.0967	0.7970	13.0484	4.7720	-1.5659
275	1.2564	1.6182	0.1160	-0.0470	0.8344	14.0155	9.5520	-4.6836
276	1.2642	1.6280	0.1213	-0.0155	0.8769	12.8352	4.4980	-1.6081
277	1.2693	1.6373	0.1230	0.0054	0.9176	13.2334	4.9790	-1.7806
278	1.2753	1.6473	0.1230	0.0300	0.9614	13.5624	5.6660	-1.9602
279	1.2844	1.6541	0.1266	0.0673	0.9925	12.1674	5.8890	-2.0406
280	1.2943	1.6578	0.1224	0.1081	1.0110	13.9917	5.6830	-2.0545
281	1.2624	1.5386	0.1242	-0.0192	0.5353	12.6195	5.3450	-2.0763
282	1.2610	1.5348	0.1296	-0.0245	0.5208	12.9431	5.3500	-2.0620
283	1.2574	1.5298	0.1242	-0.0387	0.5018	13.3849	5.4450	-2.1659
284	1.2548	1.5225	0.1278	-0.0490	0.4732	12.3973	5.1980	-2.1309
285	1.2536	1.5142	0.1230	-0.0537	0.4400	13.6501	5.0600	-2.1501
286	1.2535	1.5070	0.1272	-0.0541	0.4117	13.4793	5.1300	-2.2604
287	1.2549	1.4989	0.1160	-0.0485	0.3792	14.5523	4.7790	-2.1979
288	1.2573	1.4909	0.1278	-0.0386	0.3469	13.4094	4.8120	-2.2963
289	1.2605	1.4831	0.1230	-0.0255	0.3152	13.4791	4.8350	-2.3630
290	1.2622	1.4790	0.1272	-0.0184	0.2985	13.0554	4.8690	-2.3258
291	1.2070	1.5426	0.1248	-0.2402	0.5538	13.4865	4.9000	-2.3983
292	1.2096	1.5432	0.1183	-0.2309	0.5573	14.4735	4.7180	-2.3900
293	1.2091	1.5461	0.1254	-0.2339	0.5700	13.5379	4.5880	-2.4559
294	1.2085	1.5470	0.1183	-0.2374	0.5747	14.8917	4.6620	-2.5178
295	1.2074	1.5463	0.1248	-0.2428	0.5733	13.7854	4.7690	-2.5462
296	1.2073	1.5440	0.1272	-0.2442	0.5650	13.4692	5.0100	-2.7294
297	1.2073	1.5401	0.1213	-0.2453	0.5506	14.2150	5.0440	-2.7407
298	1.2068	1.5366	0.1272	-0.2483	0.5372	12.7698	4.4000	-2.4228
299	1.2065	1.5324	0.1160	-0.2505	0.5213	14.6691	4.1580	-2.5581
300	1.2069	1.5290	0.1248	-0.2500	0.5084	13.2891	4.5340	-2.7882
301	1.2250	1.5712	0.1236	-0.1784	0.6790	13.7508	4.5080	-2.7790
302	1.2214	1.5734	0.1242	-0.1935	0.6899	14.1209	4.5270	-2.7476
303	1.2176	1.5773	0.1224	-0.2095	0.7072	13.3685	4.6160	-2.8827
304	1.2132	1.5817	0.1230	-0.2280	0.7270	14.1476	4.3160	-2.8372
305	1.2102	1.5836	0.1242	-0.2410	0.7365	14.0368	4.3710	-2.8322
306	1.2102	1.5844	0.1242	-0.2420	0.7421	14.0093	4.5660	-3.0028
307	1.2100	1.5847	0.1254	-0.2437	0.7452	14.1362	4.5150	-2.8938
308	1.2090	1.5847	0.1236	-0.2490	0.7474	13.7317	4.9390	-3.0398
309	1.2074	1.5852	0.1230	-0.2564	0.7517	14.1871	4.9500	-3.0684
310	1.2053	1.5842	0.1242	-0.2658	0.7498	14.3080	4.7650	-3.0794
311	1.2302	1.5235	0.1248	-0.1667	0.5075	13.9117	4.4790	-2.9890
312	1.2302	1.5247	0.1272	-0.1672	0.5129	13.9518	4.8840	-3.0084
313	1.2307	1.5246	0.1236	-0.1659	0.5129	13.9413	4.6950	-3.0322
314	1.2302	1.5245	0.1183	-0.1684	0.5134	14.8422	4.6100	-3.0064
315	1.2297	1.5243	0.1266	-0.1705	0.5129	14.2382	4.0710	-2.7210
316	1.2315	1.5250	0.1266	-0.1638	0.5165	14.1497	3.6480	-2.6536
317	1.2343	1.5271	0.1248	-0.1530	0.5257	14.3965	3.7240	-2.8596
318	1.2373	1.5295	0.1260	-0.1413	0.5357	13.6375	3.4420	-2.7260
319	1.2431	1.5313	0.1254	-0.1183	0.5438	14.5070	2.9450	-2.5150
320	1.2469	1.5320	0.1272	-0.1035	0.5475	14.4898	2.6530	-2.4158
321	1.3226	1.5352	0.1248	0.2013	0.5612	14.5028	2.1830	-2.2806
322	1.3248	1.5350	0.1254	0.2120	0.5612	14.8229	2.1580	-2.4316
323	1.3272	1.5334	0.1236	0.2234	0.5557	14.4716	1.9390	-2.4502
324	1.3303	1.5301	0.1242	0.2377	0.5433	14.6689	1.8420	-2.3684
325	1.3343	1.5237	0.1254	0.2562	0.5184	14.4976	-1.0020	-0.8452
326	1.3379	1.5162	0.1224	0.2726	0.4884	14.7672	0.2950	-1.9094
327	1.3420	1.5084	0.1254	0.2915	0.4575	14.6209	0.1960	-1.9244
328	1.3456	1.4996	0.1266	0.3080	0.4223	14.8685	-0.1850	-1.9173
329	1.3501	1.4914	0.1266	0.3286	0.3894	14.5393	-0.3810	-2.0141
330	1.3526	1.4864	0.1284	0.3412	0.3689	14.5802	-0.6800	-1.9381
331	1.2024	1.6238	0.1278	-0.2608	0.9218	14.4975	-1.3830	-1.7082
332	1.2019	1.6256	0.1230	-0.2641	0.9321	15.0431	-1.4230	-1.7839
333	1.2014	1.6288	0.1224	-0.2671	0.9481	14.7324	-1.9360	-1.6504
334	1.2036	1.6326	0.1266	-0.2597	0.9666	14.9770	-2.6300	-1.2740
335	1.2042	1.6366	0.1224	-0.2583	0.9860	15.2094	-2.5910	-1.3399
336	1.2030	1.6417	0.1266	-0.2641	1.0100	14.9801	-3.4340	-1.1668
337	1.2013	1.6480	0.1248	-0.2724	1.0387	14.8679	-4.1640	-0.8748
338	1.1985	1.6557	0.1290	-0.2847	1.0735	14.8125	-4.1330	-0.8893
339	1.1968	1.6627	0.1242	-0.2931	1.1058	15.2404	-4.1270	-1.0133
340	1.1952	1.6694	0.1266	-0.3008	1.1368	14.7995	-4.8050	-0.6968
341	1.2479	1.4905	0.1242	-0.0901	0.4210	15.0524	-4.7450	-0.6330
342	1.2466	1.4915	0.1272	-0.0954	0.4245	14.8369	-5.3300	-0.6520
343	1.2445	1.4914	0.1230	-0.1038	0.4238	15.0151	-5.9430	-0.4067
344	1.2418	1.4946	0.1278	-0.1146	0.4368	15.0066	-7.0660	-0.0747
345	1.2382	1.4969	0.1213	-0.1296	0.4458	15.2901	-7.4630	-0.0490
346	1.2315	1.4990	0.1248	-0.1567	0.4541	15.4301	-7.3370	0.0615
347	1.2223	1.4997	0.1218	-0.1944	0.4568	15.6975	-7.6530	0.3777
348	1.2132	1.5005	0.1260	-0.2316	0.4603	15.2300	-7.7000	0.4578
349	1.2039	1.5016	0.1230	-0.2698	0.4647	14.6816	-7.5140	0.3718
350	1.1976	1.5033	0.1278	-0.2963	0.4714	15.1899	-7.7840	0.4214
351	1.2614	1.5129	0.1248	-0.0410	0.5103	15.3422	-7.7163	0.3711
352	1.2606	1.5165	0.1260	-0.0439	0.5251	14.3543	-8.6490	4.3669
353	1.2596	1.5197	0.1126	-0.0476	0.5383	16.5757	-8.4110	-0.5744
354	1.2594	1.5236	0.1248	-0.0483	0.5546	15.3724	-9.4600	2.8813
355	1.2581	1.5272	0.1230	-0.0531	0.5696	15.4408	-9.5820	1.3215
356	1.2562	1.5322	0.1254	-0.0605	0.5904	15.6621	-9.8190	1.3909
357	1.2542	1.5370	0.1248	-0.0686	0.6104	15.4074	-10.0200	1.5152
358	1.2527	1.5400	0.1236	-0.0744	0.6234	15.9396	-10.4450	1.5700
359	1.2534	1.5439	0.1236	-0.0714	0.6402	14.7421	-10.3610	1.7078
360	1.2552	1.5474	0.1248	-0.0641	0.6553	15.7342	-10.7750	1.9544
361	1.3466	1.5218	0.1272	0.3037	0.5536	15.4716	-10.3660	1.9660
362	1.3464	1.5204	0.1242	0.3054	0.5485	15.6838	-10.3630	1.9777
363	1.3456	1.5200	0.1207	0.3045	0.5474	15.8461	-10.7120	2.2294
364	1.3469	1.5210	0.1242	0.3122	0.5519	15.7474	-10.8380	2.3766
365	1.3496	1.5230	0.1132	0.3256	0.5605	17.1645	-10.6240	2.3522
366	1.3536	1.5244	0.1248	0.3442	0.5667	15.7995	-10.9000	2.6475
367	1.3566	1.5276	0.1248	0.3586	0.5802	15.7123	-11.0040	2.8503
368	1.3613	1.5301	0.1236	0.3803	0.5911	15.9457	-10.7100	2.8088
369	1.3682	1.5324	0.1236	0.4110	0.6011	15.1610	-10.6470	2.9348
370	1.3729	1.5352	0.1160	0.4327	0.6128	16.7961	-10.6490	3.0597
371	1.2610	1.5310	0.1230	-0.0146	0.5970	15.9817	-10.6340	3.1309
372	1.2604	1.5252	0.1230	-0.0167	0.5745	16.0725	-11.0321	3.1868
373	1.2616	1.5193	0.1218	-0.0116	0.5511	16.1285	-1.0000	1.6883
374	1.2626	1.5143	0.1236	-0.0073	0.5316	15.1374	10.8850	-1.1968
375	1.2618	1.5079	0.1236	-0.0104	0.5063	16.0980	-11.1580	3.4537
376	1.2603	1.5025	0.1248	-0.0159	0.4849	16.1051	-10.6190	3.2735
377	1.2592	1.4970	0.1160	-0.0202	0.4626	17.0723	-10.8560	3.4456
378	1.2556	1.4903	0.1236	-0.0346	0.4354	16.6109	-11.0020	3.6682
379	1.2498	1.4819	0.1236	-0.0574	0.4017	16.0478	-10.7550	3.6033
380	1.2450	1.4737	0.1218	-0.0771	0.3680	16.5222	-11.0480	3.6571
381	1.2482	1.4708	0.1254	-0.0642	0.3558	16.1202	-10.8760	3.7877
382	1.2492	1.4718	0.1260	-0.0602	0.3591	16.0803	-11.0910	4.0401
383	1.2504	1.4730	0.1207	-0.0554	0.3632	16.3407	-12.0380	4.4918
384	1.2526	1.4740	0.1236	-0.0467	0.3665	16.4897	-11.7850	4.3046
385	1.2549	1.4732	0.1213	-0.0371	0.3627	16.7454	-11.5110	4.1786
386	1.2547	1.4730	0.1242	-0.0380	0.3612	15.6634	-11.7860	4.3476
387	1.2554	1.4722	0.1207	-0.0348	0.3573	16.6435	-11.8030	4.4178
388	1.2576	1.4724	0.1236	-0.0260	0.3574	16.6766	-11.6480	4.1392
389	1.2599	1.4724	0.1242	-0.0163	0.3567	16.4588	-12.0930	4.4442
390	1.2631	1.4724	0.1230	-0.0033	0.3560	16.8048	-12.0390	4.5762
391	1.2118	1.4778	0.1260	-0.2095	0.3771	16.2944	-10.9210	3.9210
392	1.2128	1.4776	0.1254	-0.2065	0.3757	16.5760	-11.5730	4.3358
393	1.2140	1.4764	0.1284	-0.2026	0.3703	16.1867	-11.0990	4.2198
394	1.2162	1.4742	0.1230	-0.1946	0.3609	15.9898	-11.0770	4.1601
395	1.2194	1.4700	0.1154	-0.1826	0.3433	17.7478	-11.0420	4.0108
396	1.2212	1.4658	0.1266	-0.1761	0.3255	16.4410	-11.0020	4.2004
397	1.2212	1.4605	0.1284	-0.1768	0.3035	16.4340	-11.3500	4.2700
398	1.2210	1.4551	0.1260	-0.1784	0.2806	16.8140	0.0000	-2.6380
399	1.2202	1.4518	0.1166	-0.1823	0.2663	16.7480	-11.5580	4.3116
400	1.2222	1.4500	0.1254	-0.1750	0.2579	16.6454	-11.1470	4.1158
401	1.2506	1.5228	0.1266	-0.0614	0.5497	16.7048	-11.2860	4.2860
402	1.2520	1.5234	0.1154	-0.0557	0.5527	18.3142	-10.9520	4.0716
403	1.2512	1.5246	0.1224	-0.0589	0.5581	17.0906	-11.1570	4.3742
404	1.2502	1.5256	0.1218	-0.0629	0.5627	17.1929	-10.7500	4.0100
405	1.2474	1.5276	0.1230	-0.0742	0.5714	17.0237	-10.6020	4.3072
406	1.2444	1.5298	0.1218	-0.0863	0.5809	16.4418	-11.0820	4.1624
407	1.2411	1.5321	0.1218	-0.0999	0.5911	17.5261	-11.5150	4.4894
408	1.2395	1.5352	0.1224	-0.1063	0.6041	17.5468	-11.9650	4.4558
409	1.2378	1.5400	0.1242	-0.1136	0.6245	16.8908	-11.5510	4.1458
410	1.2371	1.5425	0.1149	-0.1165	0.6355	18.3257	-11.3470	4.1518
411	1.2822	1.5138	0.1230	0.0646	0.5210	17.1368	-11.6980	4.4900
412	1.2792	1.5140	0.1248	0.0533	0.5222	17.1318	-11.5590	4.4382
413	1.2752	1.5140	0.1230	0.0380	0.5225	17.2003	-11.1760	4.1464
414	1.2710	1.5142	0.1242	0.0217	0.5237	17.3859	-10.5430	4.1802
415	1.2658	1.5162	0.1218	0.0013	0.5321	17.5832	-10.8950	4.0478
416	1.2648	1.5184	0.1260	-0.0024	0.5414	17.2343	-10.6760	4.1592
417	1.2648	1.5224	0.1236	-0.0020	0.5579	17.2558	-10.6110	3.9726
418	1.2666	1.5285	0.1248	0.0056	0.5829	16.6787	-10.9990	4.2478
419	1.2682	1.5341	0.1120	0.0125	0.6063	18.8281	-10.3730	4.0878
420	1.2674	1.5376	0.1242	0.0097	0.6214	16.4641	-9.9330	4.0802
421	1.2528	1.5242	0.1254	-0.0486	0.5682	17.2752	-9.0710	3.6050
422	1.2530	1.5240	0.1236	-0.0477	0.5680	17.5212	-9.0000	3.6892
423	1.2526	1.5232	0.1236	-0.0493	0.5654	16.8537	-12.5030	5.4922
424	1.2480	1.5202	0.1224	-0.0677	0.5539	17.7278	-9.3630	3.8726
425	1.2412	1.5170	0.1224	-0.0950	0.5415	17.8188	-8.9880	3.8816
426	1.2331	1.5128	0.1242	-0.1279	0.5251	17.7560	-8.5920	3.5884
427	1.2250	1.5096	0.1218	-0.1608	0.5125	17.8352	-8.3540	3.6708
428	1.2200	1.5070	0.1230	-0.1819	0.5023	16.8564	-8.7830	3.9266
429	1.2173	1.5078	0.1218	-0.1932	0.5057	17.8936	9.1350	-7.0593
430	1.2151	1.5078	0.1236	-0.2030	0.5059	17.6471	-8.8510	3.6406
431	1.2456	1.5286	0.1230	-0.0813	0.5898	17.7436	-8.6300	3.7260
432	1.2452	1.5264	0.1224	-0.0830	0.5816	17.8466	-9.5100	3.8216
433	1.2422	1.5240	0.1218	-0.0952	0.5726	18.0085	-8.7250	3.5958
434	1.2382	1.5202	0.1224	-0.1115	0.5579	18.2065	-8.9390	3.9198
435	1.2351	1.5166	0.1224	-0.1239	0.5440	17.1322	-8.5750	3.6326
436	1.2331	1.5144	0.1254	-0.1324	0.5355	17.7360	-7.9520	3.4192
437	1.2309	1.5132	0.1207	-0.1417	0.5310	18.3364	-8.0640	3.7328
438	1.2297	1.5112	0.1260	-0.1470	0.5232	17.7278	-7.8360	3.4132
439	1.2308	1.5091	0.1201	-0.1430	0.5151	18.2933	-7.8260	3.6132
440	1.2323	1.5069	0.1178	-0.1377	0.5066	19.0133	-7.5510	3.5102
441	1.2070	1.5498	0.1248	-0.2399	0.6794	17.8370	-7.1510	3.4690
442	1.2092	1.5460	0.1242	-0.2321	0.6653	18.1173	-7.0450	3.5254
443	1.2108	1.5412	0.1207	-0.2267	0.6471	18.2799	-6.5260	3.3704
444	1.2114	1.5358	0.1236	-0.2252	0.6264	18.2530	-6.4660	3.3448
445	1.2111	1.5306	0.1207	-0.2273	0.6064	18.6385	-6.4990	3.2998
446	1.2091	1.5272	0.1242	-0.2367	0.5935	17.4862	-6.3120	2.9672
447	1.2040	1.5252	0.1224	-0.2582	0.5861	18.4312	-5.4320	2.6544
448	1.2006	1.5230	0.1154	-0.2729	0.5779	19.3008	-5.8950	3.2382
449	1.1960	1.5246	0.1230	-0.2926	0.5849	18.6024	-4.6900	4.6788
450	1.1891	1.5262	0.1248	-0.3216	0.5920	18.3540	-3.4680	2.6108
451	1.1816	1.5140	0.1236	-0.3534	0.5435	18.2856	-3.3950	2.8918
452	1.1766	1.5146	0.1242	-0.3753	0.5465	18.2458	-2.7550	2.4102
453	1.1706	1.5151	0.1201	-0.4013	0.5486	18.6555	-2.1290	2.4266
454	1.1680	1.5141	0.1230	-0.4137	0.5452	18.9875	-3.3910	2.7418
455	1.1664	1.5158	0.1137	-0.4224	0.5521	19.5986	-2.8020	2.4688
456	1.1668	1.5154	0.1242	-0.4225	0.5509	18.6099	-3.3600	2.7112
457	1.1675	1.5174	0.1236	-0.4218	0.5595	18.5352	-3.4090	2.7042
458	1.1678	1.5201	0.1207	-0.4228	0.5705	18.9207	-1.9920	2.4128
459	1.1684	1.5229	0.1218	-0.4226	0.5825	18.8120	-2.7930	2.6022
460	1.1669	1.5269	0.1218	-0.4306	0.5993	19.1942	-1.5070	1.9330
461	1.1764	1.5234	0.1132	-0.3944	0.5858	19.1495	-1.5640	2.3128
462	1.1761	1.5268	0.1230	-0.3975	0.6000	18.5777	-0.7570	1.9706
463	1.1760	1.5268	0.1213	-0.3997	0.6007	18.8225	1.3020	1.6356
464	1.1781	1.5218	0.1201	-0.3931	0.5812	19.0541	2.2610	1.5200
465	1.1840	1.5162	0.1201	-0.3711	0.5592	19.2040	2.0580	1.6678
466	1.1945	1.5144	0.1218	-0.3304	0.5524	19.2621	1.4960	1.7939
467	1.2056	1.5148	0.1103	-0.2871	0.5544	19.9693	0.4070	1.9539
468	1.2153	1.5194	0.1230	-0.2492	0.5733	19.1255	-0.7980	2.1764
469	1.2206	1.5254	0.1242	-0.2287	0.5979	18.8306	-0.8710	2.0439
470	1.2228	1.5338	0.1230	-0.2206	0.6323	19.3551	-0.4530	1.9178
471	1.2041	1.5376	0.1230	-0.2964	0.6485	18.9647	-0.2960	2.0642
472	1.2041	1.5398	0.1236	-0.2978	0.6583	19.0438	0.1430	1.9041
473	1.2022	1.5418	0.1207	-0.3065	0.6673	19.5482	0.1320	1.7050
474	1.2050	1.5400	0.1120	-0.2967	0.6611	20.1454	0.1480	2.0024
475	1.2073	1.5396	0.1230	-0.2885	0.6605	19.1521	1.2950	1.5845
476	1.2087	1.5406	0.1230	-0.2837	0.6654	19.1249	0.2510	1.7947
477	1.2059	1.5437	0.1242	-0.2962	0.6790	19.1919	1.4940	1.4663
478	1.2036	1.5450	0.1242	-0.3063	0.6854	19.1644	1.8950	1.6605
479	1.1996	1.5466	0.1254	-0.3238	0.6927	19.1716	2.2900	1.1843
480	1.1977	1.5457	0.1284	-0.3326	0.6904	18.9543	2.7000	1.3154
481	1.1432	1.5502	0.1236	-0.5533	0.7097	19.4951	2.7170	1.3538
482	1.1382	1.5532	0.1242	-0.5760	0.7230	19.2180	4.3640	0.8669
483	1.1295	1.5583	0.1218	-0.6139	0.7449	19.4753	5.2850	0.6132
484	1.1178	1.5610	0.1224	-0.6641	0.7574	19.3775	7.0320	0.1394
485	1.1049	1.5596	0.1213	-0.7192	0.7531	19.0282	8.0220	-0.0453
486	1.0964	1.5556	0.1224	-0.7570	0.7386	19.7367	7.1220	0.1803
487	1.0873	1.5526	0.1224	-0.7975	0.7276	19.7688	5.7930	0.2216
488	1.0748	1.5473	0.1183	-0.8519	0.7078	20.2922	5.7860	0.1757
489	1.0629	1.5378	0.1230	-0.9041	0.6708	19.5837	6.3260	0.1690
490	1.0560	1.5311	0.1242	-0.9366	0.6447	19.4603	5.8870	0.2877
491	1.0996	1.5844	0.1248	-0.7660	0.8600	19.7111	5.9420	0.1225
492	1.1007	1.5854	0.1254	-0.7653	0.8662	19.6111	4.7850	0.2568
493	1.0981	1.5895	0.1236	-0.7796	0.8846	19.7978	5.5310	-0.1165
494	1.0909	1.5938	0.1284	-0.8125	0.9044	19.6729	5.9410	-0.0381
495	1.0832	1.6016	0.1166	-0.8471	0.9381	20.7014	5.0900	0.0370
496	1.0766	1.6122	0.1242	-0.8779	0.9833	20.2396	4.0290	0.0689
497	1.0750	1.6251	0.1248	-0.8887	1.0381	19.4838	3.6410	0.2465
498	1.0772	1.6372	0.1248	-0.8843	1.0896	19.9302	4.2570	0.0859
499	1.0756	1.6483	0.1218	-0.8951	1.1378	19.4375	4.1410	0.1422
500	1.0731	1.6579	0.1266	-0.9095	1.1804	19.8318	2.2270	0.5735
501	1.0606	1.5520	0.1296	-0.9642	0.7580	19.7344	2.7930	0.1697
502	1.0600	1.5498	0.1296	-0.9714	0.7504	20.3766	3.0530	0.2485
503	1.0616	1.5442	0.1486	-0.9697	0.7291	19.8631	4.3800	-0.1011
504	1.0622	1.5380	0.1670	-0.9720	0.7053	18.4871	4.0730	0.0973
505	1.0641	1.5332	0.1735	-0.9690	0.6868	19.2224	2.5180	0.3338
506	1.0698	1.5290	0.1862	-0.9507	0.6709	17.5747	1.5250	0.3134
507	1.0773	1.5231	0.1846	-0.9250	0.6477	18.9639	0.1800	0.8939
508	1.0839	1.5183	0.1757	-0.9029	0.6292	20.2073	-0.7660	0.8009
509	1.0897	1.5141	0.1685	-0.8834	0.6126	20.1160	-1.6790	1.1076
510	1.0928	1.5104	0.1614	-0.8753	0.5982	18.5862	-0.3360	0.6113
511	0.9206	1.4446	0.1421	-1.5722	0.3335	21.3295	0.6410	0.4509
512	0.9156	1.4452	0.1587	-1.6005	0.3346	19.7082	0.5410	0.6475
513	0.9056	1.4484	0.1566	-1.6492	0.3462	19.4304	1.6340	0.1866
514	0.8914	1.4517	0.1594	-1.7149	0.3581	19.7415	1.1890	0.4145
515	0.8770	1.4593	0.1539	-1.7818	0.3874	19.5330	0.9700	0.4330
516	0.8610	1.4707	0.1566	-1.8557	0.4323	20.1160	1.0550	0.3925
517	0.8495	1.4823	0.1453	-1.9115	0.4782	19.9520	0.7660	0.4860
518	0.8419	1.4929	0.1428	-1.9523	0.5205	19.1445	2.4940	-0.0163
519	0.8332	1.5017	0.1370	-1.9974	0.5558	19.6109	3.4950	-0.0746
520	0.8243	1.5114	0.1327	-2.0000	0.5948	19.3114	2.6240	0.1402
521	0.9670	1.4270	0.1296	-1.4693	0.2554	20.1824	3.0020	-0.1004
522	0.9612	1.4304	0.1284	-1.4997	0.2672	20.1776	3.9630	-0.2877
523	0.9592	1.4324	0.1272	-1.5150	0.2736	20.1738	5.3420	-0.6660
524	0.9622	1.4294	0.1278	-1.5102	0.2598	20.5537	4.8380	-0.4058
525	0.9678	1.4238	0.1254	-1.4948	0.2355	20.5123	3.4080	-0.1751
526	0.9746	1.4196	0.1290	-1.4744	0.2167	20.3494	2.3950	-0.3184
527	0.9827	1.4120	0.1333	-1.4488	0.1841	19.3276	2.1650	0.0770
528	0.9918	1.4014	0.1453	-1.4190	0.1392	20.0080	2.4890	-0.0387
529	1.0022	1.3918	0.1720	-1.3833	0.0981	18.7678	-0.0180	0.4144
530	1.0089	1.3872	0.1846	-1.3625	0.0769	20.3791	-0.5700	0.3283
531	1.0222	1.5224	0.2239	-1.3152	0.6182	18.4990	-0.1720	0.4079
532	1.0232	1.5202	0.2657	-1.3168	0.6099	18.0424	-1.4670	0.7146
533	1.0264	1.5174	0.2837	-1.3096	0.5992	17.1442	-2.0710	0.9305
534	1.0294	1.5144	0.2881	-1.3031	0.5875	17.5947	-3.0100	0.8615
535	1.0330	1.5112	0.2497	-1.2942	0.5750	21.4169	-4.1100	1.2858
536	1.0368	1.5088	0.2301	-1.2843	0.5657	18.8896	-4.6590	1.1982
537	1.0428	1.5026	0.1816	-1.2655	0.5408	20.4264	-2.9720	0.8926
538	1.0537	1.4913	0.1621	-1.2266	0.4957	19.9198	-1.0670	0.5812
539	1.0666	1.4751	0.1327	-1.1797	0.4301	20.5366	0.7590	0.2744
540	1.0736	1.4650	0.1266	-1.1561	0.3887	21.1616	-0.8700	0.7598
541	1.3790	1.5128	0.1218	0.0687	0.5803	20.5625	-0.4520	0.3310
542	1.3802	1.5120	0.1224	0.0767	0.5774	20.7524	1.2780	0.1031
543	1.3784	1.5150	0.1266	0.0727	0.5898	19.9331	0.3200	0.5561
544	1.3780	1.5202	0.1302	0.0743	0.6111	21.2726	1.2670	0.1781
545	1.3734	1.5272	0.1546	0.0590	0.6398	20.1211	0.8840	0.4057
546	1.3708	1.5392	0.1892	0.0514	0.6888	18.0808	0.2420	0.4814
547	1.3682	1.5526	0.2248	0.0441	0.7437	18.7942	1.3230	-0.0548
548	1.3645	1.5654	0.2536	0.0324	0.7966	15.6878	1.5720	-0.0865
549	1.3610	1.5767	0.2636	0.0209	0.8435	18.2085	1.5810	-0.0600
550	1.3589	1.5831	0.2719	0.0153	0.8712	18.2538	1.0830	0.1713
551	1.1198	1.4448	0.2688	-0.9442	0.3167	17.5841	0.1600	0.4532
552	1.1193	1.4428	0.2186	-0.9495	0.3073	18.7443	-0.7790	0.6224
553	1.1196	1.4388	0.1706	-0.9518	0.2898	19.9081	0.3060	0.3328
554	1.1239	1.4302	0.1364	-0.9376	0.2536	21.8423	1.2590	0.0742
555	1.1268	1.4218	0.1236	-0.9290	0.2181	20.6223	0.2660	0.2736
556	1.1331	1.4132	0.1224	-0.9066	0.1815	21.2087	0.5960	0.2519
557	1.1429	1.4069	0.1236	-0.8704	0.1540	21.0391	1.2485	0.0858
558	1.1535	1.3985	0.1321	-0.8301	0.1179	20.4746	1.2610	0.0970
559	1.1596	1.3930	0.1396	-0.8081	0.0931	20.5278	0.5880	0.0530
560	1.1628	1.3885	0.1479	-0.7975	0.0722	21.0295	0.6750	0.0994
561	1.1078	1.4594	0.1779	-1.0211	0.3549	19.1066	2.1800	-0.1508
562	1.1092	1.4584	0.2118	-1.0190	0.3499	16.9723	2.0590	-0.1212
563	1.1148	1.4568	0.2319	-1.0000	0.3424	18.6285	1.9130	-0.0914
564	1.1219	1.4598	0.2478	-0.9749	0.3534	18.5760	0.2910	0.2791
565	1.1285	1.4658	0.2527	-0.9514	0.3766	18.3798	-0.7110	0.3872
566	1.1378	1.4720	0.2230	-0.9171	0.4007	20.8000	-2.3190	0.9367
567	1.1456	1.4792	0.2101	-0.8883	0.4289	19.2713	0.0000	-0.3029
568	1.1541	1.4822	0.1831	-0.8569	0.4405	20.9932	-0.5600	0.3907
569	1.1663	1.4826	0.1628	-0.8100	0.4417	20.9108	-0.5710	0.4404
570	1.1739	1.4830	0.1656	-0.7816	0.4428	19.4129	-1.6320	0.9035
571	0.8650	1.3106	0.1735	-2.0000	-0.2515	20.3841	-1.4020	0.6274
572	0.8695	1.3060	0.1947	-2.0000	-0.2747	19.9884	-2.4130	1.0286
573	0.8776	1.3018	0.2060	-1.9762	-0.2964	19.6164	-2.4410	0.9676
574	0.8869	1.3018	0.2384	-1.9480	-0.3013	18.6979	-1.8090	0.6316
575	0.8919	1.3025	0.2421	-1.9368	-0.3037	18.3439	-0.5510	0.4358
576	0.8975	1.3034	0.2497	-1.9235	-0.3048	17.7066	-1.4890	0.6023
577	0.9048	1.3028	0.2468	-1.9028	-0.3122	18.8103	-1.7500	0.8140
578	0.9123	1.3008	0.2347	-1.8811	-0.3254	19.2403	-2.3090	0.9340
579	0.9205	1.2961	0.1979	-1.8568	-0.3490	22.0504	-1.9990	0.9094
580	0.9303	1.2900	0.2011	-1.8256	-0.3787	19.5039	-3.1600	1.3419
581	1.1270	1.5392	0.1786	-1.0418	0.6192	21.1127	-3.7280	1.3658
582	1.1322	1.5412	0.1735	-1.0239	0.6279	20.8387	-3.8790	1.2835
583	1.1432	1.5408	0.1735	-0.9826	0.6273	20.3434	-1.6700	0.7142
584	1.1544	1.5394	0.1824	-0.9402	0.6227	19.7365	-2.0680	1.1438
585	1.1675	1.5410	0.1900	-0.8897	0.6302	19.2839	-3.1860	1.3432
586	1.1768	1.5426	0.1987	-0.8546	0.6379	19.8873	-2.6060	1.1453
587	1.1850	1.5409	0.2068	-0.8232	0.6320	19.8189	-1.5120	1.0026
588	1.1955	1.5390	0.2085	-0.7828	0.6253	20.6435	-1.9570	0.9564
589	1.2077	1.5373	0.2239	-0.7349	0.6193	20.0353	-1.8660	1.1134
590	1.2171	1.5361	0.2319	-0.6981	0.6155	18.8045	-0.0190	0.1531
591	1.3996	1.3596	0.2337	0.0356	-0.0939	19.2230	3.3390	-0.1946
592	1.3996	1.3552	0.2292	0.0394	-0.1152	19.1392	3.6770	-0.1674
593	1.3956	1.3484	0.1987	0.0270	-0.1462	20.7529	5.6430	-0.8926
594	1.3934	1.3376	0.1831	0.0219	-0.1934	20.1902	5.6630	-0.5624
595	1.3878	1.3261	0.1573	0.0030	-0.2438	21.5637	4.2750	-1.9744
596	1.3794	1.3158	0.1519	-0.0276	-0.2897	20.8017	3.6330	3.7496
597	1.3707	1.3085	0.1370	-0.0592	-0.3234	21.7607	3.2030	-0.1727
598	1.3602	1.3040	0.1473	-0.0985	-0.3466	21.1399	1.8160	0.1336
599	1.3495	1.2984	0.1479	-0.1389	-0.3738	19.9971	2.9800	-0.2303
600	1.3391	1.2916	0.1663	-0.1782	-0.4064	20.1798	3.0510	-0.3144
601	1.5063	1.3206	0.1809	0.4968	-0.2948	20.3881	3.5630	-0.4707
602	1.5039	1.3196	0.2169	0.4937	-0.3033	18.1713	4.2910	-0.4768
603	1.5030	1.3184	0.2319	0.4963	-0.3126	19.8265	3.4810	-0.5445
604	1.5058	1.3146	0.2698	0.5141	-0.3325	16.0266	0.4750	0.3775
605	1.5101	1.3106	0.2815	0.5377	-0.3532	18.4639	-0.7940	0.4865
606	1.5150	1.3060	0.2892	0.5638	-0.3765	17.2091	-2.5060	0.8213
607	1.5200	1.3013	0.2667	0.5907	-0.4001	20.2216	-4.4320	1.2764
608	1.5293	1.2958	0.2517	0.6348	-0.4271	20.3370	-4.8010	1.3956
609	1.5419	1.2893	0.2347	0.6927	-0.4584	19.2909	-3.5130	0.9058
610	1.5541	1.2839	0.1877	0.7491	-0.4855	20.4859	-3.7690	1.2856
1	1.2390	1.5280	0.0000	-0.0443	0.1127	0.0000	0.3790	0.0000
2	1.2389	1.5283	0.1224	-0.0449	0.1144	5.1422	0.0060	0.0152
3	1.2389	1.5289	0.1242	-0.0451	0.1177	4.9603	0.0440	-0.0301
4	1.2385	1.5298	0.1224	-0.0471	0.1222	5.4433	-0.0110	0.0018
5	1.2379	1.5301	0.1236	-0.0500	0.1239	5.0359	0.0740	-0.0216
6	1.2366	1.5298	0.1260	-0.0555	0.1237	4.8992	0.0620	-0.0181
7	1.2347	1.5303	0.1236	-0.0634	0.1262	5.0988	0.0910	-0.0207
8	1.2317	1.5307	0.1230	-0.0759	0.1288	4.4465	0.2580	-0.0464
9	1.2284	1.5316	0.1236	-0.0897	0.1331	5.2222	0.3300	-0.0946
10	1.2262	1.5325	0.1260	-0.0990	0.1374	5.3787	0.2600	-0.0338
11	1.2371	1.4784	0.1218	-0.0556	-0.0795	5.6039	0.2960	-0.0712
12	1.2370	1.4789	0.1278	-0.0562	-0.0779	5.2124	0.5180	-0.1271
13	1.2361	1.4821	0.1248	-0.0603	-0.0655	5.4834	0.6210	-0.1458
14	1.2343	1.4863	0.1236	-0.0678	-0.0492	5.3599	0.6190	-0.1514
15	1.2329	1.4902	0.1236	-0.0739	-0.0336	4.5777	0.6880	-0.1952
16	1.2312	1.4940	0.1230	-0.0810	-0.0188	5.6727	0.7460	-0.7118
17	1.2294	1.4974	0.1224	-0.0887	-0.0051	5.7755	0.7250	-0.1884
18	1.2274	1.5025	0.1189	-0.0974	0.0154	6.3483	1.0220	-0.2915
19	1.2258	1.5092	0.1230	-0.1044	0.0424	5.7081	1.0460	-0.2723
20	1.2243	1.5152	0.1272	-0.1110	0.0668	5.5907	0.9800	-0.2332
21	1.2523	1.5270	0.1236	0.0008	0.1147	5.6871	0.9170	-0.2952
22	1.2527	1.5272	0.1272	0.0028	0.1162	5.6476	0.6850	-0.2018
23	1.2534	1.5283	0.1224	0.0056	0.1212	5.8325	0.5540	-0.2102
24	1.2540	1.5299	0.1236	0.0080	0.1284	5.6042	0.5110	-0.1918
25	1.2549	1.5321	0.1242	0.0115	0.1379	4.6960	0.5220	-0.2132
26	1.2556	1.5340	0.1248	0.0145	0.1462	5.7630	0.5980	-0.2542
27	1.2563	1.5364	0.1260	0.0174	0.1570	5.8305	0.8700	-0.3273
28	1.2567	1.5394	0.1189	0.0193	0.1697	6.6521	1.0190	-0.3523
29	1.2579	1.5421	0.1236	0.0243	0.1815	6.2400	1.0762	-0.3492
30	1.2589	1.5446	0.1278	0.0287	0.1926	5.1672	1.1910	-0.7896
31	1.2288	1.4430	0.1242	-0.0924	-0.2150	5.8011	1.3990	-0.4333
32	1.2283	1.4439	0.1254	-0.0951	-0.2127	5.9871	1.5770	-0.4839
33	1.2268	1.4461	0.1218	-0.1013	-0.2054	6.0899	1.7500	-0.5357
34	1.2252	1.4485	0.1224	-0.1084	-0.1970	5.9918	1.8630	-0.5768
35	1.2238	1.4517	0.1218	-0.1146	-0.1854	6.1535	1.8490	-0.5753
36	1.2231	1.4553	0.1230	-0.1183	-0.1724	6.2805	1.8880	-0.6118
37	1.2224	1.4586	0.1230	-0.1217	-0.1599	5.2060	1.8940	-0.6192
38	1.2212	1.4619	0.1248	-0.1274	-0.1480	6.1302	1.8790	-0.6340
39	1.2207	1.4645	0.1218	-0.1299	-0.1383	6.3986	1.9920	-0.7005
40	1.2205	1.4676	0.1242	-0.1315	-0.1267	6.5584	2.2420	-0.8102
41	1.2241	1.5650	0.1236	-0.1177	0.2644	6.2954	2.4600	-0.8126
42	1.2244	1.5648	0.1272	-0.1172	0.2652	5.1931	2.3910	-0.8087
43	1.2253	1.5633	0.1207	-0.1144	0.2608	6.6529	2.3500	-0.8657
44	1.2257	1.5615	0.1242	-0.1134	0.2552	6.4380	2.3300	-0.8640
45	1.2257	1.5604	0.1154	-0.1138	0.2523	7.1064	2.4380	-0.9213
46	1.2258	1.5585	0.1254	-0.1140	0.2464	6.3588	2.7420	-1.0242
47	1.2252	1.5578	0.1230	-0.1171	0.2450	6.6160	2.7980	-1.0549
48	1.2244	1.5579	0.1254	-0.1209	0.2469	6.3022	2.6990	-1.0193
49	1.2235	1.5583	0.1254	-0.1250	0.2498	5.6881	2.6270	-1.0360
50	1.2222	1.5597	0.1236	-0.1309	0.2571	6.5735	2.3790	-0.9637
51	1.2400	1.5117	0.1218	-0.0602	0.0653	6.8710	2.2000	-0.9774
52	1.2421	1.5108	0.1266	-0.0519	0.0619	6.3907	2.3900	-1.1131
53	1.2446	1.5099	0.1218	-0.0421	0.0584	6.6380	2.3520	-1.0716
54	1.2483	1.5095	0.1248	-0.0271	0.0569	6.5506	2.2430	-1.1229
55	1.2526	1.5094	0.1224	-0.0102	0.0572	6.6304	2.0240	-1.0328
56	1.2573	1.5096	0.1248	0.0090	0.0582	6.4949	1.8480	-1.0723
57	1.2616	1.5105	0.1242	0.0265	0.0620	5.9557	1.7890	-1.0262
58	1.2662	1.5110	0.1272	0.0452	0.0642	6.2702	1.8150	-1.1004
59	1.2706	1.5117	0.1230	0.0632	0.0671	6.9815	1.7620	-1.0926
60	1.2740	1.5123	0.1189	0.0774	0.0701	7.3217	1.8020	-1.1055
61	1.2367	1.5252	0.1218	-0.0720	0.1222	6.0106	3.2810	-2.0104
62	1.2370	1.5255	0.1230	-0.0711	0.1240	6.8270	1.7640	-1.1416
63	1.2375	1.5257	0.1224	-0.0696	0.1255	6.9298	1.7170	-1.1509
64	1.2388	1.5257	0.1230	-0.0646	0.1261	7.1872	1.5820	-1.1170
65	1.2404	1.5257	0.1154	-0.0583	0.1267	7.8907	1.5280	-1.1240
66	1.2420	1.5262	0.1254	-0.0522	0.1295	6.7873	1.4990	-1.1603
67	1.2443	1.5275	0.1272	-0.0429	0.1351	6.7815	1.5940	-1.2154
68	1.2467	1.5291	0.1230	-0.0335	0.1425	7.0765	1.5780	-1.1887
69	1.2502	1.5299	0.1242	-0.0196	0.1465	7.0186	1.6600	-1.2304
70	1.2530	1.5309	0.1248	-0.0082	0.1511	6.3801	1.5510	-1.2149
71	1.2412	1.5609	0.1248	-0.0559	0.2726	6.0610	1.5020	-1.1920
72	1.2406	1.5638	0.1266	-0.0582	0.2859	6.8079	1.4770	-1.6467
73	1.2403	1.5673	0.1213	-0.0599	0.3016	7.2459	1.4060	-1.2115
74	1.2397	1.5715	0.1248	-0.0626	0.3203	6.3290	1.2370	-1.2188
75	1.2394	1.5770	0.1213	-0.0640	0.3442	7.2517	1.3090	-1.2184
76	1.2396	1.5819	0.1254	-0.0635	0.3656	7.2589	1.2810	-1.2351
77	1.2388	1.5854	0.1224	-0.0667	0.3819	7.4686	1.3110	-1.2349
78	1.2374	1.5901	0.1242	-0.0728	0.4028	7.7053	1.2250	-1.2508
79	1.2338	1.5950	0.1224	-0.0874	0.4247	6.5439	1.3090	-1.2835
80	1.2320	1.5979	0.1260	-0.0951	0.4391	7.0631	1.2610	-1.2822
81	1.2429	1.5912	0.1236	-0.0518	0.4145	7.4340	1.1970	-1.2569
82	1.2425	1.5912	0.1230	-0.0537	0.4168	7.8352	1.0160	-1.2394
83	1.2425	1.5910	0.1236	-0.0536	0.4180	7.4385	1.0450	-1.2481
84	1.2435	1.5904	0.1242	-0.0499	0.4179	7.3986	0.9340	-1.2367
85	1.2449	1.5891	0.1242	-0.0444	0.4149	7.3710	0.7130	-1.2365
86	1.2462	1.5882	0.1236	-0.0393	0.4135	6.8909	0.4900	-1.1133
87	1.2477	1.5873	0.1166	-0.0335	0.4122	8.4664	0.5260	-1.2154
88	1.2489	1.5866	0.1266	-0.0285	0.4117	7.6560	0.4850	-1.1829
89	1.2502	1.5863	0.1248	-0.0233	0.4126	7.4851	0.3900	-1.1762
90	1.2510	1.5868	0.1260	-0.0201	0.4167	7.4258	0.5420	-1.2347
91	1.2510	1.5323	0.1224	-0.0201	0.1994	7.7023	0.7360	-1.2611
92	1.2509	1.5326	0.1149	-0.0205	0.2016	8.7003	0.9160	-1.2949
93	1.2503	1.5331	0.1248	-0.0229	0.2043	7.9574	1.0570	-1.3340
94	1.2515	1.5312	0.1278	-0.0180	0.1975	7.5681	1.2320	-1.3818
95	1.2531	1.5296	0.1248	-0.0114	0.1919	7.7803	1.2270	-1.3921
96	1.2547	1.5284	0.1242	-0.0050	0.1880	7.2961	1.2200	-1.4189
97	1.2569	1.5273	0.1236	0.0041	0.1840	7.8683	1.1900	-1.4250
98	1.2598	1.5266	0.1248	0.0156	0.1819	7.9947	1.1500	-1.4170
99	1.2624	1.5263	0.1230	0.0264	0.1812	7.8255	1.3050	-1.4926
100	1.2642	1.5259	0.1266	0.0340	0.1805	7.6511	1.4080	-1.6452
101	1.2426	1.5666	0.1178	-0.0527	0.3450	9.0966	1.6780	-1.6151
102	1.2417	1.5660	0.1236	-0.0566	0.3441	8.2985	1.8140	-1.5782
103	1.2415	1.5648	0.1272	-0.0574	0.3410	7.1330	1.9780	-1.6644
104	1.2412	1.5640	0.1248	-0.0589	0.3393	8.0990	2.2780	-1.7550
105	1.2396	1.5647	0.1242	-0.0656	0.3439	8.2618	2.4400	-1.7922
106	1.2378	1.5662	0.1166	-0.0731	0.3516	9.3263	2.4570	-1.8140
107	1.2347	1.5705	0.1260	-0.0857	0.3706	7.3453	2.3440	-1.7966
108	1.2301	1.5767	0.1230	-0.1046	0.3971	7.6766	2.3500	-1.8535
109	1.2256	1.5848	0.1260	-0.1233	0.4318	8.0542	2.2670	-1.8401
110	1.2202	1.5930	0.1230	-0.1457	0.4669	8.4962	2.5100	-1.9073
111	1.2252	1.6173	0.1254	-0.1261	0.5667	8.1765	2.5110	-1.9285
112	1.2242	1.6186	0.1230	-0.1307	0.5752	8.5528	2.4360	-1.9066
113	1.2234	1.6202	0.1236	-0.1347	0.5847	7.6356	2.2080	-1.9072
114	1.2233	1.6221	0.1149	-0.1359	0.5951	9.3570	2.2320	-1.9665
115	1.2228	1.6243	0.1230	-0.1386	0.6069	8.5890	1.8510	-1.8345
116	1.2230	1.6272	0.1248	-0.1386	0.6218	8.5256	1.7770	-1.9075
117	1.2225	1.6303	0.1224	-0.1409	0.6374	8.6044	1.6660	-1.8965
118	1.2223	1.6328	0.1254	-0.1424	0.6506	7.4651	1.7620	-1.9662
119	1.2217	1.6356	0.1154	-0.1456	0.6652	9.5063	1.6990	-1.9013
120	1.2213	1.6362	0.1266	-0.1479	0.6711	8.5444	1.7070	-1.9532
121	1.2334	1.5756	0.1137	-0.0999	0.4305	9.8156	1.6710	-1.9657
122	1.2323	1.5757	0.1248	-0.1049	0.4329	8.6375	1.4750	-1.9303
123	1.2311	1.5764	0.1218	-0.1102	0.4378	8.1468	1.2000	-1.8897
124	1.2314	1.5766	0.1183	-0.1094	0.4402	9.7175	1.0930	-1.8820
125	1.2326	1.5759	0.1230	-0.1048	0.4395	8.7093	1.0400	-1.8652
126	1.2372	1.5747	0.1278	-0.0871	0.4364	8.5234	1.0110	-1.8678
127	1.2412	1.5729	0.1218	-0.0713	0.4313	8.8549	0.8530	-1.8157
128	1.2454	1.5707	0.1254	-0.0546	0.4241	8.9354	0.6960	-1.8236
129	1.2496	1.5686	0.1132	-0.0377	0.4176	10.2561	0.7460	-1.8740
130	1.2524	1.5670	0.1260	-0.0263	0.4129	8.8007	0.8500	-1.9059
131	1.2416	1.5660	0.1260	-0.0698	0.4104	8.7069	0.7900	-1.8910
132	1.2394	1.5644	0.1230	-0.0789	0.4055	9.0362	0.9240	-1.8721
133	1.2357	1.5634	0.1248	-0.0941	0.4031	7.9806	1.1110	-1.9789
134	1.2346	1.5659	0.1224	-0.0989	0.4149	9.1116	1.3290	-2.0084
135	1.2361	1.5678	0.1266	-0.0934	0.4240	9.0605	1.2900	-2.0030
136	1.2342	1.5681	0.1154	-0.1011	0.4271	10.3102	1.2640	-1.9701
137	1.2274	1.5642	0.1254	-0.1290	0.4131	9.0880	1.3520	-2.0400
138	1.2181	1.5553	0.1248	-0.1669	0.3788	8.1963	1.6070	-2.1537
139	1.2054	1.5414	0.1230	-0.2189	0.3243	9.1402	1.8320	-2.1790
140	1.1969	1.5308	0.1183	-0.2544	0.2828	9.9594	1.9080	-2.2358
141	1.2406	1.5237	0.1218	-0.0796	0.2549	9.3264	1.9540	-2.2432
142	1.2431	1.5290	0.1236	-0.0698	0.2768	9.5619	1.9910	-2.2327
143	1.2453	1.5384	0.1230	-0.0611	0.3153	9.1306	2.2000	-2.3560
144	1.2482	1.5469	0.1248	-0.0495	0.3504	9.6030	2.3640	-2.4000
145	1.2526	1.5542	0.1248	-0.0319	0.3810	9.2154	2.4520	-2.3871
146	1.2571	1.5645	0.1242	-0.0139	0.4239	9.4373	2.4910	-2.4585
147	1.2616	1.5733	0.1224	0.0047	0.4610	9.3276	2.4660	-2.4631
148	1.2666	1.5792	0.1266	0.0251	0.4867	9.3930	2.5070	-2.4508
149	1.2718	1.5886	0.1242	0.0463	0.5262	9.2354	2.4930	-2.4878
150	1.2771	1.5959	0.1254	0.0680	0.5577	9.4136	2.7510	-2.5990
151	1.2309	1.5906	0.1236	-0.1171	0.5388	9.5344	2.8150	-2.5926
152	1.2300	1.5922	0.1272	-0.1210	0.5476	9.5550	3.2120	-2.6935
153	1.2286	1.5956	0.1248	-0.1273	0.5638	9.5143	3.4547	-2.7344
154	1.2264	1.6000	0.1242	-0.1366	0.5836	9.4391	3.0000	-2.4176
155	1.2238	1.6061	0.1260	-0.1477	0.6109	9.4334	3.5190	-2.7262
156	1.2205	1.6131	0.1143	-0.1618	0.6416	10.6914	3.2800	-2.6760
157	1.2179	1.6193	0.1236	-0.1728	0.6695	9.6060	3.2610	-2.6522
158	1.2169	1.6261	0.1236	-0.1779	0.6996	9.6381	3.2010	-2.6418
159	1.2149	1.6345	0.1236	-0.1865	0.7365	9.8475	2.8150	-2.5522
160	1.2126	1.6423	0.1207	-0.1967	0.7713	10.4053	2.9390	-2.5818
161	1.2470	1.3884	0.1218	-0.0592	-0.2469	10.1700	2.8030	-2.5566
162	1.2420	1.3927	0.1248	-0.0794	-0.2324	9.8461	2.5700	-2.4792
163	1.2360	1.3952	0.1230	-0.1038	-0.2250	8.9856	22.5880	-6.5176
164	1.2303	1.3980	0.1266	-0.1270	-0.2163	9.8741	22.5880	-6.5176
165	1.2234	1.3971	0.1242	-0.1551	-0.2227	9.7756	22.5880	-6.5176
166	1.2161	1.3985	0.1248	-0.1853	-0.2194	9.9133	22.5880	-6.5176
167	1.2070	1.3993	0.1218	-0.2229	-0.2189	10.3008	22.5880	-6.5176
168	1.1962	1.3984	0.1166	-0.2675	-0.2250	10.0863	22.5880	-6.5176
169	1.1877	1.4008	0.1236	-0.3031	-0.2178	10.5715	22.5880	-6.5176
170	1.1822	1.4054	0.1248	-0.3267	-0.2020	9.9744	22.5880	-6.5176
171	1.2720	1.5580	0.1236	0.0332	0.4101	10.2613	22.5880	-6.5176
172	1.2764	1.5603	0.1242	0.0514	0.4207	10.2813	22.5880	-6.5176
173	1.2799	1.5604	0.1248	0.0660	0.4225	10.0627	22.5880	-6.5176
174	1.2821	1.5578	0.1236	0.0759	0.4138	10.0598	22.5880	-6.5176
175	1.2822	1.5536	0.1236	0.0770	0.3982	9.4524	22.5880	-6.5176
176	1.2817	1.5499	0.1149	0.0758	0.3845	11.1724	22.5880	-6.5176
177	1.2806	1.5499	0.1224	0.0720	0.3859	10.4749	22.5880	-6.5176
178	1.2806	1.5517	0.1254	0.0728	0.3945	10.0905	22.5880	-6.5176
179	1.2800	1.5581	0.1230	0.0713	0.4217	10.5265	22.5880	-6.5176
180	1.2805	1.5629	0.1242	0.0739	0.4422	10.3500	22.5880	-6.5176
181	1.2193	1.5194	0.1224	-0.1715	0.2689	10.5299	2.7630	-2.5586
182	1.2137	1.5131	0.1254	-0.1951	0.2440	10.3829	3.2380	-2.6736
183	1.2076	1.5027	0.1230	-0.2204	0.2024	10.4041	3.5100	-2.7220
184	1.2034	1.4873	0.1260	-0.2383	0.1404	10.6742	3.5700	-2.7256
185	1.1989	1.4683	0.1236	-0.2575	0.0637	9.5857	3.6550	-2.7254
186	1.1929	1.4493	0.1266	-0.2831	-0.0136	10.3061	3.9400	-2.8672
187	1.1889	1.4293	0.1218	-0.3005	-0.0954	10.7900	4.1370	-2.8274
188	1.1826	1.4107	0.1266	-0.3276	-0.1720	10.6679	4.1660	-2.8472
189	1.1713	1.3919	0.1224	-0.3747	-0.2499	11.0198	3.6760	-2.7148
190	1.1633	1.3819	0.1254	-0.4088	-0.2929	10.5034	3.4290	-2.6770
191	1.2284	1.5408	0.1236	-0.1489	0.3437	10.6837	3.2660	-2.6504
192	1.2278	1.5454	0.1236	-0.1519	0.3633	10.6568	3.4470	-2.7110
193	1.2258	1.5490	0.1224	-0.1604	0.3790	10.7716	3.3846	-2.6438
194	1.2236	1.5529	0.1230	-0.1698	0.3959	10.8505	3.5400	-3.6708
195	1.2220	1.5586	0.1236	-0.1769	0.4201	10.0541	2.9760	-2.5608
196	1.2199	1.5679	0.1230	-0.1863	0.4588	10.7961	3.0960	-2.5868
197	1.2152	1.5737	0.1230	-0.2059	0.4841	11.0651	3.0930	-2.5814
198	1.2099	1.5802	0.1224	-0.2280	0.5119	11.1672	2.8110	-2.5622
199	1.2060	1.5873	0.1224	-0.2447	0.5428	11.0146	3.1050	-2.5874
200	1.2033	1.5949	0.1242	-0.2567	0.5754	11.3034	3.0030	-2.5458
201	1.2412	1.6120	0.1236	-0.1054	0.6466	10.9229	3.0360	-2.6040
202	1.2387	1.6138	0.1224	-0.1158	0.6566	11.4533	2.8980	-2.5928
203	1.2380	1.6158	0.1230	-0.1187	0.6675	10.9396	2.4920	-2.5588
204	1.2399	1.6174	0.1260	-0.1115	0.6770	10.9692	2.6400	-2.5828
205	1.2435	1.6202	0.1230	-0.0973	0.6911	10.0823	2.5420	-2.6236
206	1.2481	1.6208	0.1242	-0.0790	0.6964	11.2482	2.2320	-2.3856
207	1.2520	1.6214	0.1248	-0.0630	0.7019	11.2678	1.9990	-2.4182
208	1.2574	1.6232	0.1260	-0.0415	0.7122	11.1551	1.8590	-2.3450
209	1.2645	1.6250	0.1254	-0.0126	0.7224	11.3187	1.8640	-2.3956
210	1.2693	1.6247	0.1260	0.0072	0.7246	11.4524	1.3340	-2.2120
211	1.2394	1.5842	0.1272	-0.1128	0.5646	11.2135	1.3590	-2.2554
212	1.2385	1.5828	0.1230	-0.1167	0.5610	11.8065	1.2130	-2.3078
213	1.2381	1.5796	0.1160	-0.1186	0.5502	12.2603	1.0000	-2.2024
214	1.2402	1.5785	0.1254	-0.1106	0.5477	11.5839	1.1250	-2.2342
215	1.2449	1.5765	0.1266	-0.0916	0.5419	11.1719	0.7490	-2.1338
216	1.2489	1.5768	0.1266	-0.0758	0.5447	11.8049	0.8580	-2.1404
217	1.2478	1.5744	0.1172	-0.0801	0.5370	12.6041	0.5860	-2.1172
218	1.2462	1.5693	0.1272	-0.0869	0.5184	11.4321	0.6530	-2.0848
219	1.2451	1.5629	0.1272	-0.0912	0.4943	11.2244	0.9220	-2.2768
220	1.2447	1.5565	0.1242	-0.0931	0.4701	11.9679	0.8620	-2.1812
221	1.2440	1.5430	0.1248	-0.0959	0.4174	11.6218	1.0530	-2.2498
222	1.2470	1.5437	0.1242	-0.0840	0.4213	12.0847	1.2740	-2.2956
223	1.2513	1.5440	0.1254	-0.0668	0.4233	11.6719	1.2130	-2.2426
224	1.2581	1.5442	0.1272	-0.0396	0.4254	10.7802	1.2060	-2.1324
225	1.2619	1.5449	0.1272	-0.0237	0.4292	11.2211	1.3850	-2.2594
226	1.2650	1.5440	0.1272	-0.0111	0.4266	11.7890	1.7620	-2.3592
227	1.2696	1.5421	0.1266	0.0077	0.4201	10.9454	1.7720	-2.3992
228	1.2737	1.5396	0.0905	0.0248	0.4114	16.3829	1.7080	-2.3700
229	1.2783	1.5374	0.1266	0.0439	0.4032	11.8362	1.6920	-2.3672
230	1.2830	1.5340	0.1290	0.0637	0.3907	11.6310	2.0880	-2.4884
231	1.2620	1.6070	0.1254	-0.0202	0.6853	11.9694	1.9100	-2.3460
232	1.2610	1.6076	0.1278	-0.0239	0.6904	10.8875	2.2140	-2.5492
233	1.2609	1.6080	0.1230	-0.0239	0.6946	12.0198	2.1500	-2.4216
234	1.2622	1.6085	0.1266	-0.0186	0.6992	12.0997	2.4430	-2.4870
235	1.2664	1.6084	0.1166	-0.0012	0.7017	13.1510	2.2170	-2.4766
236	1.2741	1.6090	0.1278	0.0301	0.7066	11.8975	2.2230	-2.3670
237	1.2839	1.6103	0.1242	0.0701	0.7148	11.3035	2.4170	-2.5230
238	1.2960	1.6104	0.1266	0.1199	0.7180	12.0452	2.5100	-2.4452
239	1.3094	1.6123	0.1230	0.1748	0.7284	12.4459	2.4000	-2.4264
240	1.3214	1.6133	0.1284	0.2247	0.7352	11.8840	2.5320	-2.5416
241	1.2402	1.5770	0.1248	-0.1005	0.5919	12.2883	2.3570	-2.4506
242	1.2450	1.5747	0.1260	-0.0814	0.5847	12.1165	2.3680	-2.4612
243	1.2512	1.5737	0.1248	-0.0566	0.5824	12.2914	2.1940	-2.4200
244	1.2571	1.5736	0.1260	-0.0327	0.5840	12.4185	2.1840	-2.3832
245	1.2656	1.5742	0.1254	0.0017	0.5880	12.2818	2.2090	-2.4506
246	1.2741	1.5751	0.1266	0.0361	0.5936	12.2289	2.1630	-2.4258
247	1.2828	1.5750	0.1260	0.0718	0.5951	12.4519	2.2290	-2.4458
248	1.2926	1.5741	0.1260	0.1122	0.5935	12.3627	2.0000	-2.3968
249	1.3032	1.5732	0.1254	0.1558	0.5917	12.6457	2.0170	-2.3634
250	1.3114	1.5734	0.1178	0.1902	0.5942	13.5886	4.3590	-3.7570
251	1.2366	1.5741	0.1230	-0.1094	0.5988	12.7482	2.2980	-2.4596
252	1.2335	1.5744	0.1284	-0.1220	0.6020	12.2526	2.0000	-2.4000
253	1.2336	1.5743	0.1236	-0.1221	0.6032	12.6209	2.2980	-2.4760
254	1.2355	1.5719	0.1278	-0.1149	0.5954	12.3874	2.2700	-2.4540
255	1.2364	1.5696	0.1254	-0.1116	0.5879	12.5811	2.3310	-2.4426
256	1.2385	1.5678	0.1254	-0.1038	0.5825	11.9653	2.3960	-2.4700
257	1.2435	1.5646	0.1178	-0.0839	0.5713	13.6812	2.4720	-2.4664
258	1.2499	1.5604	0.1248	-0.0582	0.5561	12.9861	2.6150	-2.5230
259	1.2563	1.5544	0.1266	-0.0323	0.5336	12.6816	2.7410	-2.5262
260	1.2630	1.5481	0.1278	-0.0054	0.5096	12.8026	2.6250	-2.5382
261	1.2680	1.5566	0.1248	0.0152	0.5449	11.9495	2.6110	-2.5202
262	1.2720	1.5559	0.1189	0.0317	0.5437	13.8057	3.1160	-2.7016
263	1.2760	1.5547	0.1248	0.0483	0.5399	13.2509	3.2560	-2.6388
264	1.2799	1.5544	0.1284	0.0647	0.5401	12.7888	3.3160	-2.6708
265	1.2838	1.5555	0.1272	0.0812	0.5459	12.9645	3.5010	-2.6982
266	1.2883	1.5570	0.1278	0.1001	0.5533	12.8625	3.6110	-2.7010
267	1.2949	1.5615	0.1183	0.1275	0.5730	13.7912	3.6860	-2.7760
268	1.3033	1.5659	0.1254	0.1626	0.5920	13.1539	3.9360	-2.7568
269	1.3143	1.5664	0.1272	0.2083	0.5959	12.9089	3.7690	-2.7354
270	1.3227	1.5654	0.1278	0.2435	0.5935	12.8012	3.7700	-2.7584
271	1.2546	1.5536	0.1248	-0.0286	0.5476	13.0078	3.7200	-2.7696
272	1.2554	1.5553	0.1284	-0.0254	0.5557	12.9582	3.6440	-2.7104
273	1.2582	1.5568	0.1248	-0.0138	0.5633	13.4820	3.4940	-2.6756
274	1.2613	1.5596	0.1189	-0.0014	0.5760	14.1600	3.2370	-2.6602
275	1.2649	1.5628	0.1248	0.0136	0.5902	13.6654	3.3220	-2.6636
276	1.2696	1.5669	0.1278	0.0327	0.6084	13.0345	3.2030	-2.6338
277	1.2756	1.5716	0.1260	0.0576	0.6290	13.2821	2.8400	-2.4920
278	1.2833	1.5774	0.1260	0.0891	0.6540	12.4310	2.9080	-2.5728
279	1.2904	1.5850	0.1254	0.1184	0.6864	13.3570	2.7830	-2.5478
280	1.2970	1.5918	0.1266	0.1460	0.7162	12.5314	2.3990	-2.3766
281	1.2292	1.5105	0.1166	-0.1257	0.3911	14.2915	2.1900	-2.4380
282	1.2316	1.5134	0.1254	-0.1165	0.4033	13.5648	1.8310	-2.2886
283	1.2354	1.5150	0.1272	-0.1017	0.4099	12.9630	1.8040	-2.3188
284	1.2402	1.5152	0.1266	-0.0827	0.4109	13.4232	1.5650	-2.2834
285	1.2460	1.5132	0.1248	-0.0596	0.4033	13.7302	1.4520	-2.3576
286	1.2532	1.5114	0.1266	-0.0308	0.3965	13.3068	0.8830	-2.1242
287	1.2622	1.5082	0.1272	0.0055	0.3839	13.3253	1.0340	-2.1612
288	1.2710	1.5035	0.1254	0.0413	0.3650	13.7517	1.0230	-2.2238
289	1.2808	1.4983	0.1172	0.0812	0.3445	14.6510	1.1100	-2.2324
290	1.2876	1.4936	0.1272	0.1094	0.3253	13.7127	1.3000	-2.3252
291	1.2710	1.5750	0.1254	0.0435	0.6528	13.7736	1.3090	-2.1962
292	1.2716	1.5752	0.1254	0.0465	0.6555	13.7443	1.3070	-2.2790
293	1.2722	1.5770	0.1248	0.0494	0.6647	13.0832	1.2290	-2.2102
294	1.2740	1.5782	0.1242	0.0573	0.6714	13.9508	1.5550	-2.3826
295	1.2782	1.5786	0.1260	0.0749	0.6751	13.8269	1.4610	-2.2926
296	1.2827	1.5804	0.1284	0.0933	0.6842	13.4489	1.3380	-2.1700
297	1.2865	1.5820	0.1260	0.1095	0.6926	13.8295	1.3000	-2.3256
298	1.2913	1.5858	0.1254	0.1297	0.7098	13.2842	1.5480	-2.4196
299	1.2943	1.5905	0.1248	0.1429	0.7312	13.9168	0.9950	-2.0370
300	1.2977	1.5930	0.1284	0.1576	0.7433	13.9287	1.0170	-2.0774
301	1.2578	1.5625	0.1224	-0.0016	0.6229	14.0733	1.2100	-2.3640
302	1.2604	1.5644	0.1272	0.0090	0.6321	13.9490	1.2450	-2.2326
303	1.2646	1.5677	0.1201	0.0263	0.6469	14.4778	0.9660	-2.0928
304	1.2681	1.5720	0.1278	0.0408	0.6659	13.8795	0.8800	-2.1760
305	1.2725	1.5772	0.1236	0.0587	0.6888	14.3537	-0.0490	-2.0019
306	1.2731	1.5811	0.1183	0.0619	0.7062	15.1387	-0.4460	-1.9433
307	1.2712	1.5841	0.1230	0.0546	0.7204	14.4875	-0.6540	-1.9059
308	1.2678	1.5885	0.1284	0.0417	0.7403	13.9918	-0.8400	-1.8007
309	1.2639	1.5938	0.1266	0.0262	0.7639	14.0010	-1.0450	-1.7308
310	1.2613	1.5970	0.1260	0.0163	0.7789	13.9208	-1.4600	-1.5996
311	1.2458	1.5616	0.1236	-0.0459	0.6390	14.3509	-1.5120	-1.7357
312	1.2450	1.5620	0.1248	-0.0492	0.6422	13.5321	-1.6590	-1.6776
313	1.2424	1.5633	0.1260	-0.0598	0.6491	14.1220	-2.2700	-1.4590
314	1.2388	1.5648	0.1272	-0.0745	0.6565	14.5490	-2.7590	-1.1922
315	1.2342	1.5664	0.1236	-0.0933	0.6647	14.4114	-2.8050	-1.3020
316	1.2309	1.5642	0.1278	-0.1071	0.6576	14.2975	-3.4570	-1.1407
317	1.2265	1.5628	0.1242	-0.1251	0.6535	14.4025	-3.7310	-1.0238
318	1.2212	1.5630	0.1266	-0.1471	0.6556	14.5050	-3.9460	-0.7147
319	1.2177	1.5630	0.1218	-0.1621	0.6574	14.5728	-4.0330	-0.8501
320	1.2142	1.5626	0.1266	-0.1769	0.6572	14.2630	-4.4080	-0.5537
321	1.2375	1.5266	0.1236	-0.0838	0.5141	14.6528	-4.9630	-0.5471
322	1.2374	1.5238	0.1230	-0.0847	0.5035	15.1137	-4.6970	-0.6622
323	1.2354	1.5221	0.1126	-0.0929	0.4970	15.7437	-4.9150	-0.5260
324	1.2313	1.5205	0.1272	-0.1100	0.4912	14.6768	-5.0610	-0.5635
325	1.2257	1.5207	0.1218	-0.1328	0.4926	14.6986	-5.3360	-0.3894
326	1.2204	1.5223	0.1230	-0.1549	0.4996	15.0023	-5.2440	-0.2374
327	1.2157	1.5250	0.1207	-0.1744	0.5108	15.0795	-5.0040	-0.2576
328	1.2123	1.5286	0.1254	-0.1890	0.5259	14.9533	-5.7920	-0.1240
329	1.2086	1.5351	0.1242	-0.2047	0.5528	14.0707	-5.9820	0.0685
330	1.2048	1.5411	0.1230	-0.2211	0.5781	15.4165	-5.8160	0.0801
331	1.3172	1.4686	0.1248	0.2301	0.2872	15.2275	-5.6470	-0.0695
332	1.3181	1.4682	0.1230	0.2356	0.2849	14.5258	-6.1040	0.0249
333	1.3171	1.4718	0.1207	0.2330	0.2986	15.2507	-7.0230	0.3904
334	1.3130	1.4764	0.1254	0.2183	0.3164	14.7142	-7.4500	0.6117
335	1.3040	1.4802	0.1137	0.1834	0.3310	16.2056	-8.2000	0.9151
336	1.2915	1.4848	0.1242	0.1346	0.3491	14.9213	-8.5410	0.8878
337	1.2760	1.4891	0.1284	0.0734	0.3660	14.8056	-8.9540	1.1806
338	1.2588	1.4946	0.1236	0.0046	0.3880	15.1738	-9.4550	1.3193
339	1.2425	1.5008	0.1236	-0.0607	0.4125	15.0871	-9.7360	1.3897
340	1.2311	1.5056	0.1224	-0.1068	0.4321	15.7251	-9.9010	1.6400
341	1.2268	1.5354	0.1218	-0.1245	0.5520	15.3443	-9.7098	1.8474
342	1.2298	1.5372	0.1213	-0.1130	0.5602	15.3876	-10.0340	1.6137
343	1.2323	1.5380	0.1213	-0.1034	0.5643	15.3611	-10.1800	1.7998
344	1.2338	1.5401	0.1224	-0.0981	0.5739	15.8461	-10.9990	2.1123
345	1.2366	1.5429	0.1143	-0.0869	0.5859	16.1417	-10.6290	1.9986
346	1.2389	1.5450	0.1230	-0.0780	0.5956	15.5400	-11.0490	2.3518
347	1.2427	1.5473	0.1236	-0.0630	0.6059	15.2639	-11.3480	2.4130
348	1.2462	1.5513	0.1266	-0.0493	0.6233	15.4727	-11.3370	2.5413
349	1.2510	1.5552	0.1213	-0.0298	0.6400	15.0860	-11.4340	2.7276
350	1.2562	1.5582	0.1160	-0.0090	0.6537	16.5602	-11.6480	2.8188
351	1.1946	1.4924	0.1242	-0.2568	0.3902	14.6681	-12.5760	3.2305
352	1.1977	1.4936	0.1218	-0.2457	0.3949	15.6170	-12.5780	3.3392
353	1.2009	1.4934	0.1224	-0.2343	0.3939	15.8151	-12.4560	3.2908
354	1.2042	1.4922	0.1236	-0.2220	0.3890	15.7640	-12.0570	3.2945
355	1.2090	1.4900	0.1218	-0.2040	0.3800	15.7716	-12.0470	3.4129
356	1.2147	1.4880	0.1248	-0.1819	0.3718	15.7446	-11.9550	3.6993
357	1.2199	1.4863	0.1236	-0.1621	0.3643	15.5632	-12.2910	4.0124
358	1.2232	1.4855	0.1266	-0.1493	0.3608	15.4730	-12.6810	4.1811
359	1.2264	1.4845	0.1207	-0.1373	0.3564	15.9803	-12.7350	4.1787
360	1.2294	1.4829	0.1266	-0.1258	0.3497	15.7091	-12.5280	4.1311
1	1.2750	1.5460	0.0000	0.1006	0.1852	0.0000	1.2000	0.0000
2	1.2748	1.5462	0.1236	0.1006	0.1871	5.5988	0.6850	-0.1423
3	1.2743	1.5469	0.1230	0.0992	0.1909	4.2306	0.6060	-0.1351
4	1.2737	1.5482	0.1260	0.0972	0.1973	5.0140	0.5470	-0.1305
5	1.2726	1.5499	0.1260	0.0933	0.2057	4.2230	0.4930	-0.0956
6	1.2708	1.5521	0.1278	0.0867	0.2157	4.9198	0.4520	-0.1100
7	1.2689	1.5548	0.1266	0.0795	0.2277	4.5033	0.4910	-0.1362
8	1.2668	1.5578	0.1260	0.0715	0.2414	5.4996	0.5190	-0.1672
9	1.2644	1.5615	0.1242	0.0624	0.2575	4.3896	0.5180	-0.1602
10	1.2624	1.5646	0.1242	0.0545	0.2714	5.2844	0.5370	-0.1444
11	1.3829	1.3011	0.1183	0.5402	-0.7875	5.9961	0.5590	-0.1691
12	1.3817	1.3021	0.1236	0.5383	-0.7885	5.3346	0.9730	-0.2418
13	1.3800	1.3044	0.1248	0.5350	-0.7841	5.4020	1.0960	-0.3018
14	1.3791	1.3077	0.1143	0.5345	-0.7756	6.5748	1.0900	-0.2957
15	1.3783	1.3115	0.1254	0.5347	-0.7650	5.5136	1.0380	-0.2959
16	1.3773	1.3159	0.1195	0.5336	-0.7520	6.0743	0.8170	-0.2593
17	1.3761	1.3195	0.1248	0.5323	-0.7424	5.3436	0.7290	-0.2632
18	1.3745	1.3250	0.1284	0.5287	-0.7246	5.0609	0.6620	-0.2509
19	1.3731	1.3297	0.1178	0.5265	-0.7101	6.6648	0.7050	-0.2519
20	1.3721	1.3354	0.1284	0.5254	-0.6913	5.2367	0.5200	-0.2260
21	1.2799	1.5311	0.1213	0.1575	0.0922	6.3429	0.4880	-0.2077
22	1.2796	1.5321	0.1248	0.1569	0.0968	5.4689	0.7390	-0.3154
23	1.2791	1.5330	0.1248	0.1554	0.1014	5.5598	0.7940	-0.2973
24	1.2784	1.5342	0.1260	0.1535	0.1073	5.4480	0.9370	-0.3708
25	1.2771	1.5358	0.1266	0.1489	0.1144	5.5863	1.0470	-0.3789
26	1.2754	1.5377	0.1260	0.1429	0.1230	5.5105	1.1130	-0.3933
27	1.2734	1.5399	0.1236	0.1355	0.1327	5.8281	1.2630	-0.4466
28	1.2715	1.5422	0.1248	0.1283	0.1429	5.8960	1.3210	-0.4561
29	1.2697	1.5448	0.1230	0.1217	0.1544	6.1354	1.3670	-0.4626
30	1.2669	1.5490	0.1272	0.1109	0.1725	5.4857	1.2740	-0.4494
31	1.2870	1.5560	0.1230	0.1921	0.2020	6.2930	1.1770	-0.4144
32	1.2866	1.5564	0.1266	0.1916	0.2048	5.8883	0.9270	-0.4007
33	1.2859	1.5567	0.1172	0.1897	0.2075	6.8109	0.8100	-0.3782
34	1.2854	1.5573	0.1248	0.1887	0.2112	5.9866	0.8420	-0.4111
35	1.2839	1.5596	0.1178	0.1833	0.2221	6.8047	0.7500	-0.4165
36	1.2816	1.5621	0.1242	0.1749	0.2335	6.2416	0.6040	-0.3549
37	1.2781	1.5649	0.1278	0.1618	0.2462	5.6019	0.6170	-0.3888
38	1.2751	1.5668	0.1272	0.1503	0.2555	5.7051	0.7860	-0.4300
39	1.2722	1.5691	0.1230	0.1390	0.2664	6.1792	0.9520	-0.5256
40	1.2681	1.5725	0.1278	0.1232	0.2822	5.8749	0.8370	-0.4653
41	1.2814	1.5096	0.1242	0.1773	0.0308	6.2185	0.0000	0.0260
42	1.2816	1.5092	0.1272	0.1787	0.0292	5.7122	0.8980	-0.4824
43	1.2810	1.5098	0.1224	0.1770	0.0320	6.4947	0.8180	-0.4509
44	1.2802	1.5109	0.1242	0.1747	0.0365	6.1937	0.7540	-0.4524
45	1.2794	1.5127	0.1230	0.1721	0.0443	6.3091	0.8090	-0.4877
46	1.2775	1.5150	0.1266	0.1655	0.0536	6.0891	0.7490	-0.4650
47	1.2748	1.5175	0.1218	0.1551	0.0640	6.4552	0.8910	-0.5504
48	1.2721	1.5199	0.1254	0.1450	0.0742	5.7598	0.9590	-0.5608
49	1.2675	1.5238	0.1242	0.1268	0.0903	6.4060	0.9900	-0.5607
50	1.2621	1.5282	0.1278	0.1057	0.1086	5.3600	0.9960	-0.5932
51	1.2896	1.4173	0.1248	0.2168	-0.3368	6.4503	0.7940	-0.5045
52	1.2880	1.4182	0.1278	0.2114	-0.3354	6.3008	0.7480	-0.5236
53	1.2863	1.4199	0.1149	0.2053	-0.3306	7.4672	0.6780	-0.5477
54	1.2834	1.4222	0.1248	0.1946	-0.3233	6.7239	0.6230	-0.5056
55	1.2806	1.4248	0.1149	0.1840	-0.3147	7.7078	0.8060	-0.5502
56	1.2776	1.4279	0.1248	0.1727	-0.3042	6.7274	0.9990	-0.6411
57	1.2739	1.4318	0.1254	0.1588	-0.2904	6.3301	1.0630	-0.6579
58	1.2709	1.4352	0.1260	0.1470	-0.2782	5.6430	0.8530	-0.5870
59	1.2665	1.4401	0.1242	0.1299	-0.2601	6.8869	0.8070	-0.6303
60	1.2615	1.4456	0.1260	0.1104	-0.2395	6.6436	0.8210	-0.6265
61	1.2739	1.5491	0.1218	0.1602	0.1756	7.1082	0.6610	-0.5377
62	1.2714	1.5496	0.1254	0.1509	0.1789	6.7721	0.5410	-0.5681
63	1.2689	1.5508	0.1242	0.1412	0.1848	6.8275	0.5860	-0.5782
64	1.2665	1.5525	0.1242	0.1324	0.1930	6.9187	0.5770	-0.5741
65	1.2655	1.5543	0.1260	0.1287	0.2018	6.9145	0.4470	-0.5631
66	1.2644	1.5569	0.1172	0.1245	0.2133	7.8852	0.2740	-0.5045
67	1.2622	1.5604	0.1248	0.1161	0.2289	6.8223	0.1570	-0.4976
68	1.2598	1.5636	0.1183	0.1069	0.2435	7.8627	0.1260	-0.5066
69	1.2562	1.5687	0.1236	0.0925	0.2655	7.0813	0.1340	-0.5046
70	1.2528	1.5742	0.1189	0.0788	0.2892	7.8558	0.1820	-0.5081
71	1.4019	1.3181	0.1254	0.6791	-0.7398	6.2780	0.3850	-0.5898
72	1.4030	1.3177	0.1266	0.6875	-0.7457	6.9302	0.4710	-0.5799
73	1.4042	1.3170	0.1224	0.6960	-0.7533	7.4026	0.4260	-0.5679
74	1.4038	1.3176	0.1260	0.6981	-0.7555	6.9460	0.3450	-0.5656
75	1.4031	1.3193	0.1254	0.6992	-0.7532	6.8125	0.2410	-0.5370
76	1.4017	1.3224	0.1236	0.6977	-0.7452	6.7078	-0.0540	-0.4482
77	1.4003	1.3260	0.1266	0.6958	-0.7352	7.1474	0.0000	-0.3743
78	1.3988	1.3291	0.1242	0.6936	-0.7270	7.3398	0.2110	-0.6045
79	1.3966	1.3327	0.1248	0.6882	-0.7166	7.2408	0.4030	-0.6128
80	1.3942	1.3365	0.1266	0.6821	-0.7056	7.2353	0.5330	-0.6236
81	1.2857	1.5284	0.1242	0.2493	0.0629	7.3684	0.6210	-0.6572
82	1.2856	1.5291	0.1272	0.2498	0.0664	7.1532	0.7020	-0.6933
83	1.2850	1.5307	0.1248	0.2480	0.0734	7.2343	0.7000	-0.6613
84	1.2838	1.5329	0.1260	0.2441	0.0831	6.5955	0.7800	-0.6924
85	1.2816	1.5359	0.1248	0.2360	0.0960	7.5352	0.8200	-0.7287
86	1.2775	1.5396	0.1260	0.2205	0.1116	7.3632	0.9790	-0.8120
87	1.2731	1.5433	0.1172	0.2035	0.1278	8.6335	1.1900	-0.8833
88	1.2699	1.5464	0.1248	0.1912	0.1413	7.5043	1.5150	-0.9654
89	1.2653	1.5509	0.1172	0.1732	0.1606	8.5111	1.5840	-0.9234
90	1.2602	1.5560	0.1272	0.1531	0.1821	7.5788	1.6330	-0.9421
91	1.2648	1.6065	0.1154	0.1719	0.3870	8.5967	1.8260	-0.9977
92	1.2639	1.6082	0.1248	0.1683	0.3963	7.6836	1.9180	-1.0256
93	1.2611	1.6104	0.1224	0.1576	0.4082	6.9511	1.9910	-1.0756
94	1.2572	1.6134	0.1248	0.1422	0.4230	7.8072	2.0850	-1.1118
95	1.2527	1.6171	0.1248	0.1244	0.4404	7.0741	2.1850	-1.1444
96	1.2489	1.6200	0.1248	0.1090	0.4551	7.8110	2.1980	-1.1891
97	1.2459	1.6232	0.1230	0.0971	0.4710	8.1159	2.1010	-1.1606
98	1.2440	1.6255	0.1254	0.0890	0.4833	7.7961	2.0690	-1.1883
99	1.2421	1.6279	0.1254	0.0815	0.4962	7.8211	2.1450	-1.2481
100	1.2372	1.6310	0.1254	0.0613	0.5118	7.9123	2.3480	-1.2764
101	1.2805	1.5825	0.1248	0.2354	0.3200	7.2446	2.3100	-1.2473
102	1.2786	1.5843	0.1242	0.2285	0.3291	7.8154	2.3260	-1.3250
103	1.2765	1.5868	0.1230	0.2207	0.3412	8.1673	2.3500	-1.3424
104	1.2750	1.5900	0.1266	0.2155	0.3564	7.8291	2.3340	-1.3464
105	1.2745	1.5933	0.1230	0.2142	0.3718	8.1713	-0.4050	-0.8272
106	1.2746	1.5951	0.1160	0.2148	0.3815	8.9841	2.1510	-1.3599
107	1.2763	1.5962	0.1242	0.2224	0.3882	8.2116	2.4020	-1.4494
108	1.2788	1.5973	0.1254	0.2330	0.3953	8.2728	2.5050	-1.4665
109	1.2802	1.6002	0.1242	0.2395	0.4094	8.2088	2.3810	-1.4793
110	1.2824	1.6038	0.1272	0.2491	0.4263	8.1798	2.2750	-1.4966
111	1.2595	1.5945	0.1218	0.1576	0.3914	8.4894	2.4780	-1.5683
112	1.2605	1.5955	0.1254	0.1622	0.3977	8.4519	2.6570	-1.6117
113	1.2626	1.5978	0.1160	0.1706	0.4093	9.1325	2.5810	-1.5688
114	1.2635	1.5986	0.1266	0.1745	0.4150	8.1914	2.7700	-1.7150
115	1.2636	1.5990	0.1254	0.1752	0.4191	8.1288	2.7490	-1.6757
116	1.2652	1.6006	0.1284	0.1821	0.4281	8.2170	2.7140	-1.7183
117	1.2643	1.5994	0.1248	0.1790	0.4257	8.2633	2.8180	-1.7799
118	1.2634	1.6007	0.1278	0.1759	0.4337	8.3459	2.6960	-1.7613
119	1.2652	1.6031	0.1160	0.1833	0.4457	9.6051	2.6530	-1.7906
120	1.2659	1.6047	0.1230	0.1865	0.4549	8.7366	2.3600	-1.6952
121	1.2773	1.5350	0.1183	0.2328	0.1768	9.2652	2.2320	-1.7450
122	1.2739	1.5286	0.1272	0.2198	0.1518	8.2915	2.1650	-1.7388
123	1.2728	1.5218	0.1242	0.2158	0.1252	8.3269	2.3890	-1.8436
124	1.2701	1.5184	0.1172	0.2055	0.1120	9.6776	2.4590	-1.8692
125	1.2698	1.5153	0.1260	0.2047	0.1001	8.6497	2.6810	-1.9248
126	1.2705	1.5117	0.1183	0.2081	0.0858	9.7211	2.3620	-1.8771
127	1.2731	1.5090	0.1266	0.2190	0.0755	8.4026	2.0000	-1.6532
128	1.2749	1.5084	0.1272	0.2268	0.0732	8.5877	2.2890	-2.6706
129	1.2788	1.5074	0.1236	0.2433	0.0696	9.1093	2.4440	-1.9762
130	1.2849	1.5071	0.1183	0.2688	0.0684	9.6543	2.5630	-1.9934
131	1.2992	1.5532	0.1236	0.3269	0.2541	8.8672	2.5620	-1.9995
132	1.3002	1.5552	0.1260	0.3325	0.2635	8.8443	2.6010	-2.0478
133	1.3041	1.5582	0.1230	0.3492	0.2770	9.1738	2.4410	-2.0560
134	1.3084	1.5621	0.1272	0.3681	0.2942	8.7037	2.6020	-2.1298
135	1.3140	1.5662	0.1260	0.3918	0.3120	8.9389	2.5050	-2.0793
136	1.3203	1.5701	0.1266	0.4187	0.3297	8.0158	2.5570	-2.1301
137	1.3242	1.5747	0.1260	0.4363	0.3497	8.8820	2.6090	-2.1806
138	1.3263	1.5783	0.1260	0.4468	0.3660	8.9069	2.6680	-2.2293
139	1.3288	1.5837	0.1160	0.4586	0.3898	10.0768	2.7780	-2.2742
140	1.3307	1.5880	0.1236	0.4681	0.4091	9.4965	2.7940	-2.3157
141	1.2680	1.4800	0.1172	0.2179	-0.0233	9.9955	2.7940	-2.2808
142	1.2671	1.4862	0.1248	0.2147	0.0012	9.2308	2.9840	-2.3864
143	1.2692	1.4915	0.1230	0.2235	0.0223	8.3675	3.0570	-2.4494
144	1.2733	1.4978	0.1260	0.2407	0.0473	9.1509	3.1870	-2.4874
145	1.2747	1.5045	0.1230	0.2468	0.0744	8.7753	3.1890	-2.5058
146	1.2747	1.5109	0.1278	0.2475	0.1002	9.2983	2.9980	-2.4905
147	1.2759	1.5164	0.1248	0.2530	0.1227	9.4485	2.9720	-2.5140
148	1.2781	1.5196	0.1242	0.2623	0.1358	8.5990	2.9570	-2.5528
149	1.2834	1.5249	0.1224	0.2845	0.1576	9.6052	2.9030	-2.5660
150	1.2906	1.5298	0.1290	0.3140	0.1778	8.9652	2.7720	-2.5100
151	1.2995	1.5240	0.1272	0.3509	0.1553	8.6177	2.9190	-2.5874
152	1.3054	1.5245	0.1178	0.3762	0.1579	10.1359	3.0640	-2.6128
153	1.3140	1.5261	0.1242	0.4120	0.1652	9.5709	2.9630	-2.5678
154	1.3214	1.5268	0.1248	0.4434	0.1685	8.4814	2.9530	-2.5918
155	1.3252	1.5303	0.1230	0.4606	0.1833	9.9562	2.9430	-2.5886
156	1.3305	1.5336	0.1242	0.4838	0.1973	9.7849	3.0250	-2.5802
157	1.3382	1.5361	0.1242	0.5169	0.2084	9.8767	3.0400	-2.6056
158	1.3446	1.5384	0.1242	0.5448	0.2184	9.0177	2.8120	-2.5484
159	1.3496	1.5433	0.1236	0.5674	0.2391	9.7662	2.8560	-2.5696
160	1.3570	1.5455	0.1242	0.5994	0.2492	9.9056	3.0250	-2.6170
161	1.2760	1.5872	0.1224	0.2760	0.4179	9.9059	2.9300	-2.5764
162	1.2775	1.5868	0.1242	0.2829	0.4186	9.9630	3.0870	-2.6410
163	1.2793	1.5857	0.1236	0.2906	0.4162	9.7091	3.0120	-2.6012
164	1.2795	1.5860	0.1260	0.2924	0.4197	9.7509	2.9240	-2.6228
165	1.2789	1.5865	0.1242	0.2906	0.4239	9.8190	2.9820	-2.5836
166	1.2760	1.5882	0.1260	0.2796	0.4330	9.8735	3.0460	-2.6468
167	1.2736	1.5909	0.1236	0.2707	0.4457	9.2514	2.8280	-2.5840
168	1.2689	1.5939	0.1254	0.2524	0.4601	10.0025	2.8770	-2.5962
169	1.2621	1.5978	0.1254	0.2252	0.4783	9.7953	2.8070	-2.5218
170	1.2526	1.6053	0.1183	0.1874	0.5108	11.0336	3.1350	-2.6458
171	1.2892	1.4980	0.1230	0.3348	0.0816	10.3760	2.9510	-2.5666
172	1.2858	1.4962	0.1166	0.3221	0.0744	11.1783	3.0040	-2.6008
173	1.2782	1.4970	0.1242	0.2924	0.0775	10.1773	2.6920	-2.5564
174	1.2692	1.4984	0.1242	0.2569	0.0830	10.3879	2.6050	-2.5390
175	1.2588	1.5010	0.1230	0.2155	0.0935	10.2637	2.6850	-2.5374
176	1.2462	1.5049	0.1284	0.1650	0.1092	10.0067	2.4610	-2.4926
177	1.2350	1.5079	0.1213	0.1197	0.1213	10.4201	2.4890	-2.5078
178	1.2262	1.5123	0.1242	0.0842	0.1394	10.3281	2.6560	-2.5776
179	1.2162	1.5182	0.1166	0.0432	0.1633	11.2141	2.7020	-2.5824
180	1.2076	1.5258	0.1236	0.0076	0.1942	10.5226	2.5200	-2.4484
181	1.1947	1.4188	0.1266	-0.0452	-0.2356	10.0108	2.4060	-2.4704
182	1.1969	1.4172	0.1254	-0.0375	-0.2440	10.3646	2.1020	-2.3808
183	1.2004	1.4132	0.1248	-0.0251	-0.2623	9.4155	1.8810	-2.3126
184	1.2026	1.4102	0.1254	-0.0172	-0.2765	10.4281	1.7780	-2.3932
185	1.2035	1.4064	0.1230	-0.0150	-0.2940	10.6854	1.3680	-2.2468
186	1.2057	1.4052	0.1160	-0.0073	-0.3011	11.5571	1.4290	-2.2550
187	1.2066	1.4051	0.1236	-0.0046	-0.3040	10.7370	1.2040	-2.2356
188	1.2077	1.4038	0.1160	-0.0014	-0.3117	11.6138	1.0000	-2.0700
189	1.2086	1.4042	0.1236	0.0012	-0.3122	10.5564	0.9660	-2.1916
190	1.2095	1.4051	0.1266	0.0036	-0.3113	10.4083	1.0150	-2.1878
191	1.2614	1.5116	0.1248	0.2117	0.1151	10.5301	1.2300	-2.3072
192	1.2604	1.5138	0.1242	0.2079	0.1243	10.2213	1.2430	-2.2154
193	1.2576	1.5150	0.1236	0.1969	0.1294	10.7957	1.4120	-2.2548
194	1.2550	1.5177	0.1260	0.1866	0.1405	10.7201	-3.2870	0.3788
195	1.2542	1.5192	0.1154	0.1835	0.1473	11.7802	1.2590	-2.2626
196	1.2524	1.5214	0.1248	0.1764	0.1565	10.7480	1.5120	-2.3512
197	1.2490	1.5251	0.1224	0.1627	0.1721	10.9394	1.3190	-2.2830
198	1.2463	1.5298	0.1242	0.1520	0.1913	10.8699	1.3740	-2.2512
199	1.2415	1.5334	0.1172	0.1323	0.2066	11.6863	1.3600	-2.2480
200	1.2360	1.5375	0.1254	0.1103	0.2239	10.8497	1.3400	-2.2740
201	1.2762	1.4810	0.1248	0.2716	-0.0024	10.8274	1.0640	-2.2128
202	1.2767	1.4812	0.1260	0.2742	-0.0021	10.8938	0.9640	-2.2128
203	1.2753	1.4797	0.1260	0.2694	-0.0087	10.5694	1.1750	-2.2710
204	1.2735	1.4764	0.1236	0.2626	-0.0226	11.2433	1.4780	-2.3076
205	1.2693	1.4722	0.1230	0.2462	-0.0399	11.2863	1.3730	-2.3082
206	1.2646	1.4664	0.1254	0.2281	-0.0640	11.0916	1.5130	-2.3294
207	1.2602	1.4611	0.1254	0.2107	-0.0861	10.8264	1.3470	-2.2630
208	1.2587	1.4566	0.1166	0.2049	-0.1050	12.4456	1.4050	-2.2414
209	1.2558	1.4510	0.1236	0.1935	-0.1288	11.2755	1.4370	-2.2886
210	1.2511	1.4471	0.1195	0.1747	-0.1457	11.9801	1.1322	-2.2264
211	1.2804	1.5310	0.1242	0.2925	0.1906	11.3203	1.2090	-2.2546
212	1.2818	1.5310	0.1260	0.2989	0.1912	10.2589	1.1000	-2.1864
213	1.2842	1.5293	0.1254	0.3094	0.1855	11.4801	1.3230	-2.2614
214	1.2900	1.5311	0.1242	0.3336	0.1935	11.4745	1.1320	-2.1588
215	1.2944	1.5326	0.1160	0.3523	0.2000	12.3693	1.3030	-2.2694
216	1.2974	1.5311	0.1242	0.3655	0.1947	11.4187	1.5130	-2.2962
217	1.2989	1.5298	0.1260	0.3727	0.1905	11.2351	1.6040	-2.3728
218	1.2988	1.5293	0.1224	0.3735	0.1891	11.5702	1.5410	-2.2974
219	1.2974	1.5287	0.1248	0.3692	0.1874	11.4355	1.3950	-2.3326
220	1.2964	1.5281	0.1242	0.3663	0.1857	11.4787	1.2940	-2.2536
221	1.2944	1.5488	0.1254	0.3595	0.2698	11.3607	1.2460	-2.2788
222	1.2911	1.5475	0.1236	0.3473	0.2658	11.6068	1.2220	-2.2420
223	1.2883	1.5473	0.1224	0.3371	0.2663	11.8400	0.9430	-2.2370
224	1.2852	1.5506	0.1143	0.3256	0.2807	12.8470	1.2940	-2.3200
225	1.2809	1.5516	0.1224	0.3091	0.2861	11.7262	1.4260	-2.2880
226	1.2768	1.5529	0.1272	0.2931	0.2923	11.3034	1.1770	-2.2602
227	1.2734	1.5557	0.1213	0.2801	0.3050	11.9308	1.3070	-2.2810
228	1.2715	1.5578	0.1254	0.2734	0.3151	11.5706	1.2160	-2.2228
229	1.2665	1.5655	0.1272	0.2537	0.3472	10.3982	1.1550	-2.2310
230	1.2612	1.5735	0.1284	0.2327	0.3811	11.5045	1.0500	-2.1988
231	1.2864	1.5385	0.1284	0.3345	0.2422	11.5296	1.2230	-2.2794
232	1.2864	1.5380	0.1248	0.3355	0.2409	12.1137	1.4250	-2.3314
233	1.2885	1.5371	0.1236	0.3447	0.2386	12.2276	1.1980	-2.1000
234	1.2908	1.5377	0.1266	0.3548	0.2418	11.9003	1.0920	-2.1948
235	1.2932	1.5399	0.1248	0.3657	0.2515	12.1468	0.9730	-2.1906
236	1.2946	1.5414	0.1254	0.3722	0.2587	11.9868	0.6880	-2.0968
237	1.2981	1.5424	0.1272	0.3876	0.2638	11.8617	0.6050	-2.0454
238	1.3009	1.5438	0.1284	0.3999	0.2703	11.1495	0.2030	-2.0402
239	1.3030	1.5457	0.1260	0.4097	0.2789	11.3535	-0.1478	-1.9579
240	1.3051	1.5483	0.1284	0.4195	0.2907	11.9839	-0.3850	-1.7602
241	1.2548	1.5540	0.1278	0.2184	0.3148	11.7218	-0.3860	-1.8231
242	1.2530	1.5539	0.1166	0.2113	0.3159	13.2172	-0.9100	-1.6921
243	1.2514	1.5559	0.1254	0.2049	0.3254	12.1924	-0.8900	-1.8137
244	1.2500	1.5598	0.1290	0.1992	0.3421	12.0295	0.7300	-2.4096
245	1.2487	1.5629	0.1260	0.1942	0.3561	12.1825	-1.2620	-1.6667
246	1.2444	1.5645	0.1308	0.1769	0.3645	11.9324	-1.1170	-1.6715
247	1.2400	1.5685	0.1290	0.1591	0.3821	12.2428	-0.8440	-1.7619
248	1.2355	1.5726	0.1230	0.1407	0.4003	12.9259	-1.2170	-1.5887
249	1.2295	1.5769	0.1178	0.1162	0.4194	13.2890	-1.1950	2.2994
250	1.2237	1.5810	0.1321	0.0922	0.4379	12.2066	-1.2840	-1.5931
251	1.2910	1.5890	0.1284	0.3624	0.4720	12.1249	-1.2290	-1.7588
252	1.2948	1.5888	0.1236	0.3787	0.4734	13.1543	-1.0690	-1.6924
253	1.3014	1.5868	0.1248	0.4064	0.4676	12.3215	-0.7310	-1.7764
254	1.3083	1.5830	0.1266	0.4353	0.4544	12.5546	-0.9190	-1.6868
255	1.3149	1.5786	0.1248	0.4635	0.4388	12.7414	-0.8310	-1.7094
256	1.3201	1.5740	0.1272	0.4861	0.4223	12.6050	-1.0420	-1.6179
257	1.3251	1.5684	0.1254	0.5080	0.4015	12.6116	-0.9050	-1.7080
258	1.3275	1.5652	0.1284	0.5192	0.3905	12.5159	-0.8890	-1.6341
259	1.3293	1.5593	0.1248	0.5287	0.3685	12.7986	-0.8570	-1.6627
260	1.3286	1.5518	0.1278	0.5277	0.3396	12.6498	-0.8400	-1.6778
261	1.2813	1.5256	0.1278	0.3392	0.2356	11.7276	-0.7200	-1.7031
262	1.2809	1.5271	0.1254	0.3386	0.2422	12.9877	-0.7050	-1.6845
263	1.2766	1.5276	0.1260	0.3221	0.2448	12.7667	-0.8580	-1.6131
264	1.2705	1.5271	0.1236	0.2982	0.2434	13.3247	-0.9980	-1.5324
265	1.2614	1.5269	0.1236	0.2620	0.2434	13.1151	-1.1070	-1.5557
266	1.2517	1.5291	0.1290	0.2233	0.2529	12.6181	-1.2860	-1.4789
267	1.2438	1.5326	0.1242	0.1915	0.2678	13.2862	-1.3240	-1.4758
268	1.2363	1.5365	0.1278	0.1610	0.2842	12.9400	-1.3460	-1.4905
269	1.2251	1.5434	0.1272	0.1155	0.3130	12.6826	-1.3010	-1.5748
270	1.2152	1.5518	0.1260	0.0752	0.3480	13.1576	-1.3600	-1.4207
271	1.2856	1.5423	0.1272	0.3577	0.3108	12.8041	-1.1580	-1.4634
272	1.2860	1.5421	0.1272	0.3602	0.3110	13.1355	-1.4980	-1.3961
273	1.2874	1.5415	0.1260	0.3666	0.3097	12.1306	-1.7000	-1.3534
274	1.2909	1.5393	0.1278	0.3818	0.3018	12.8850	-1.6090	-1.5396
275	1.2951	1.5383	0.1248	0.3999	0.2990	13.0379	-2.0070	-1.2332
276	1.3003	1.5356	0.1272	0.4217	0.2889	13.2007	-1.7890	-1.2843
277	1.3080	1.5290	0.1242	0.4541	0.2633	13.3507	-1.8200	-1.2905
278	1.3139	1.5248	0.1213	0.4791	0.2469	14.0249	-1.7850	-1.2198
279	1.3240	1.5167	0.1266	0.5216	0.2151	13.4144	-1.7810	-1.2061
280	1.3348	1.5117	0.1260	0.5667	0.1956	13.3967	-2.0200	-1.1728
281	1.2776	1.5483	0.1272	0.3387	0.3431	13.1575	-1.9570	-1.2060
282	1.2790	1.5478	0.1278	0.3450	0.3421	13.3570	-2.1560	-0.9902
283	1.2809	1.5466	0.1248	0.3533	0.3387	13.3282	-1.9220	-1.1329
284	1.2841	1.5441	0.1278	0.3669	0.3296	13.1782	-2.0020	-1.0722
285	1.2866	1.5405	0.1242	0.3781	0.3162	13.5814	-2.2540	-1.0162
286	1.2894	1.5373	0.1278	0.3902	0.3044	13.6635	-2.2050	-1.0544
287	1.2924	1.5327	0.1189	0.4032	0.2870	14.5187	-2.2920	-1.0463
288	1.2946	1.5291	0.1260	0.4133	0.2732	13.7533	-2.4230	-0.8725
289	1.2990	1.5236	0.1254	0.4320	0.2517	13.5554	-2.7530	-0.7990
290	1.3036	1.5183	0.1260	0.4517	0.2309	13.6342	-2.8210	-0.7556
291	1.3992	1.2878	0.1189	0.8378	-0.6963	14.2115	-2.9470	-0.7845
292	1.4012	1.2868	0.1248	0.8496	-0.7056	13.6548	-2.9300	-0.7383
293	1.4021	1.2860	0.1172	0.8569	-0.7142	14.9623	-2.8670	-0.7063
294	1.4027	1.2854	0.1172	0.8634	-0.7219	14.8730	-3.0020	-0.5717
295	1.4032	1.2846	0.1266	0.8691	-0.7305	13.7729	-3.1357	-0.5071
296	1.4047	1.2828	0.1284	0.8788	-0.7432	13.4660	-3.2190	-0.5455
297	1.4070	1.2807	0.1266	0.8920	-0.7571	13.7746	-0.2790	-2.3339
298	1.4100	1.2794	0.1284	0.9080	-0.7677	13.8845	-3.0890	-0.6121
299	1.4162	1.2763	0.1248	0.9371	-0.7858	13.8070	-3.1840	-0.4928
300	1.4240	1.2754	0.1284	0.9725	-0.7950	10.1871	-3.0670	-0.5381
301	1.1680	1.5660	0.1254	-0.0535	0.3690	13.0327	-3.5410	-0.2986
302	1.1696	1.5652	0.1272	-0.0491	0.3676	13.8415	-3.4790	-0.2906
303	1.1738	1.5641	0.1278	-0.0342	0.3647	13.7400	-3.3990	-0.2997
304	1.1802	1.5636	0.1272	-0.0104	0.3641	13.1349	-3.0430	-0.4468
305	1.1844	1.5612	0.1178	0.0048	0.3564	15.0093	-2.8360	-0.3767
306	1.1872	1.5575	0.1278	0.0144	0.3429	13.8937	-2.9380	-0.3483
307	1.1895	1.5512	0.1278	0.0220	0.3189	13.9848	-3.1370	-0.1651
308	1.1923	1.5445	0.1272	0.0320	0.2933	13.1956	-2.7040	-0.5518
309	1.1941	1.5372	0.1254	0.0376	0.2649	14.0307	-2.5330	-0.3709
310	1.1948	1.5302	0.1248	0.0393	0.2376	14.1335	-2.7480	-0.3381
311	1.3728	1.6750	0.1272	0.7541	0.8213	13.9967	-2.5840	-0.2940
312	1.3716	1.6742	0.1248	0.7524	0.8225	14.3154	-2.7960	-0.1772
313	1.3706	1.6732	0.1254	0.7514	0.8228	14.2752	-2.8420	-0.1850
314	1.3698	1.6723	0.1260	0.7512	0.8236	14.1746	-2.5370	-0.3220
315	1.3688	1.6730	0.1260	0.7502	0.8305	14.2058	-2.6180	-0.1374
316	1.3668	1.6746	0.1272	0.7451	0.8414	13.3300	-2.7880	0.0110
317	1.3646	1.6780	0.1248	0.7392	0.8596	14.3524	-3.3100	0.2057
318	1.3634	1.6805	0.1260	0.7372	0.8741	14.4127	-3.5840	0.1855
319	1.3618	1.6830	0.1278	0.7336	0.8884	14.4076	-3.8660	0.2135
320	1.3616	1.6856	0.1266	0.7356	0.9036	14.6429	-4.4880	0.5638
321	1.2836	1.4992	0.1236	0.4244	0.1580	14.6657	-4.6520	0.5317
322	1.2850	1.4977	0.1254	0.4309	0.1521	14.8424	-4.9677	0.4798
323	1.2870	1.4938	0.1260	0.4398	0.1360	13.4494	-5.0720	0.5908
324	1.2888	1.4884	0.1272	0.4480	0.1142	14.5685	-5.4500	0.9405
325	1.2917	1.4826	0.1248	0.4606	0.0905	13.7704	-5.3600	0.7849
326	1.2960	1.4748	0.1278	0.4788	0.0589	14.5593	-5.3520	0.8366
327	1.2994	1.4665	0.1242	0.4938	0.0246	14.1934	-5.3950	0.8973
328	1.3017	1.4610	0.1284	0.5043	0.0017	14.3628	-5.8410	4.9310
329	1.3039	1.4565	0.1254	0.5142	-0.0173	14.7552	-5.6860	1.0367
330	1.3044	1.4520	0.1284	0.5178	-0.0365	14.6652	-5.5950	1.0440
331	1.2870	1.4958	0.1260	0.4491	0.1386	14.0324	-0.3480	0.1640
332	1.2868	1.4956	0.1278	0.4493	0.1377	14.5536	-5.9540	1.3564
333	1.2852	1.4948	0.1230	0.4437	0.1344	15.0403	-6.0790	1.2093
334	1.2842	1.4950	0.1278	0.4406	0.1350	14.7964	-6.1490	1.3565
335	1.2850	1.4962	0.1242	0.4446	0.1397	15.3197	-6.6580	1.6474
336	1.2878	1.4983	0.1254	0.4567	0.1479	14.9672	-7.3490	1.8173
337	1.2900	1.5004	0.1266	0.4665	0.1566	14.7948	-7.6160	1.8322
338	1.2928	1.5029	0.1272	0.4788	0.1665	14.8668	-8.3720	2.2339
339	1.2944	1.5066	0.1266	0.4865	0.1817	14.9101	-8.8050	2.3848
340	1.2964	1.5082	0.1272	0.4956	0.1881	14.9291	-9.5750	2.6487
341	1.2766	1.5252	0.1189	0.4170	0.2568	15.7698	-9.8230	2.7861
342	1.2750	1.5254	0.1278	0.4112	0.2581	15.0874	-10.2730	2.7778
343	1.2744	1.5260	0.1254	0.4094	0.2614	14.9879	-10.2030	2.7584
344	1.2761	1.5277	0.1266	0.4168	0.2687	15.2341	-10.3200	3.1086
345	1.2790	1.5307	0.1254	0.4294	0.2817	15.1097	-10.2880	3.1840
346	1.2826	1.5332	0.1272	0.4445	0.2923	15.2243	-10.1420	3.1510
347	1.2872	1.5358	0.1242	0.4637	0.3038	15.4945	-10.3700	3.3809
348	1.2937	1.5367	0.1290	0.4908	0.3081	14.8888	-10.5750	3.4609
349	1.3022	1.5365	0.1242	0.5261	0.3085	15.4965	-10.1670	3.4019
350	1.3088	1.5382	0.1195	0.5541	0.3160	16.5152	-10.4880	3.6661
351	1.2600	1.5800	0.1172	0.3591	0.4852	16.4034	-10.2380	3.5617
352	1.2600	1.5792	0.1272	0.3593	0.4840	15.5322	-10.5830	4.0590
353	1.2599	1.5774	0.1248	0.3594	0.4787	15.3716	-10.9030	3.9785
354	1.2573	1.5762	0.1266	0.3491	0.4757	15.6064	-10.8510	4.1643
355	1.2529	1.5742	0.1236	0.3315	0.4698	15.8159	-10.7900	4.2068
356	1.2499	1.5717	0.1236	0.3193	0.4617	15.7810	-10.5280	4.0072
357	1.2472	1.5684	0.1272	0.3086	0.4501	15.3818	-10.6280	4.1980
358	1.2464	1.5647	0.1272	0.3051	0.4369	14.7003	-10.4650	4.1738
359	1.2468	1.5601	0.1248	0.3070	0.4201	15.9059	-10.7990	4.0446
360	1.2459	1.5555	0.1266	0.3032	0.4030	15.6015	-11.2180	4.3352
361	1.3108	1.5430	0.1266	0.5642	0.3540	14.8604	-11.3160	4.2320
362	1.3126	1.5412	0.1260	0.5730	0.3478	15.4323	-11.2490	4.1058
363	1.3158	1.5392	0.1254	0.5874	0.3408	15.6545	-11.7080	4.2992
364	1.3214	1.5382	0.1218	0.6116	0.3378	16.2323	-11.7790	4.4374
365	1.3260	1.5374	0.1224	0.6318	0.3355	15.8375	-11.8970	4.3818
366	1.3305	1.5380	0.1236	0.6520	0.3388	15.0881	-12.0900	4.3836
367	1.3346	1.5372	0.1248	0.6703	0.3366	15.8529	-12.5320	4.3864
368	1.3387	1.5359	0.1218	0.6892	0.3321	16.4728	-12.9600	4.7048
369	1.3422	1.5361	0.1166	0.7053	0.3338	16.7763	-12.9940	4.6748
370	1.3450	1.5373	0.1236	0.7190	0.3397	16.3234	-12.7920	4.6420
371	1.2718	1.5642	0.1224	0.4267	0.4489	16.0740	-12.6300	4.4960
372	1.2740	1.5620	0.1236	0.4361	0.4417	16.3202	-13.2170	4.6434
373	1.2763	1.5592	0.1236	0.4460	0.4319	15.8779	-13.2330	4.5642
374	1.2781	1.5554	0.1248	0.4537	0.4181	16.0621	-13.3200	4.6640
375	1.2788	1.5506	0.1218	0.4575	0.4002	16.3309	-12.7737	4.5547
376	1.2782	1.5444	0.1166	0.4556	0.3765	17.1104	-12.3210	4.4262
377	1.2802	1.5369	0.1230	0.4642	0.3473	16.1941	-12.1210	4.5122
378	1.2828	1.5309	0.1248	0.4755	0.3242	16.2427	-11.9200	4.2972
379	1.2845	1.5260	0.1218	0.4834	0.3051	15.4671	-12.0890	4.3618
380	1.2865	1.5208	0.1266	0.4922	0.2851	16.0911	-12.2420	4.4764
381	1.2566	1.5674	0.1236	0.3728	0.4730	16.0612	-12.4250	4.5062
382	1.2562	1.5678	0.1266	0.3713	0.4763	16.0822	-12.3360	4.4280
383	1.2548	1.5672	0.1230	0.3659	0.4756	16.0728	-12.1120	4.4152
384	1.2544	1.5652	0.1242	0.3644	0.4693	15.7302	-11.8950	4.4662
385	1.2554	1.5622	0.1137	0.3685	0.4588	17.6636	-11.8960	4.5420
386	1.2574	1.5589	0.1236	0.3767	0.4471	16.3914	-11.8850	4.5010
387	1.2596	1.5568	0.1236	0.3857	0.4401	16.6604	-11.7640	4.4104
388	1.2624	1.5558	0.1248	0.3972	0.4374	15.7802	-12.1420	4.3836
389	1.2656	1.5547	0.1242	0.4106	0.4343	15.8264	-12.3720	4.3652
390	1.2687	1.5534	0.1230	0.4232	0.4305	16.9403	-12.8470	4.5322
391	1.2424	1.4946	0.1218	0.3179	0.1953	16.7568	-13.0440	4.5056
392	1.2412	1.4945	0.1254	0.3129	0.1946	16.5391	-12.1970	5.2490
393	1.2416	1.4930	0.1224	0.3143	0.1886	16.1605	-11.7790	4.3566
394	1.2446	1.4895	0.1126	0.3261	0.1743	17.6625	-11.9400	4.4620
395	1.2490	1.4854	0.1218	0.3437	0.1574	16.8795	-11.4190	4.2366
396	1.2524	1.4810	0.1236	0.3573	0.1396	16.9954	-10.5910	3.9646
397	1.2562	1.4760	0.1236	0.3729	0.1189	16.6713	-10.3740	4.1836
398	1.2596	1.4721	0.1230	0.3864	0.1024	17.0641	-9.7600	3.9196
399	1.2636	1.4648	0.1213	0.4029	0.0726	17.3085	-8.8050	3.6534
400	1.2664	1.4582	0.1254	0.4147	0.0449	16.7825	-8.9590	3.9302
401	1.2408	1.5396	0.1242	0.3119	0.3716	16.8322	-7.9140	3.3776
402	1.2446	1.5382	0.1248	0.3270	0.3670	16.9114	-7.0350	3.4494
403	1.2498	1.5382	0.1248	0.3477	0.3679	16.9430	-6.5730	3.2574
404	1.2568	1.5400	0.1218	0.3759	0.3761	17.0345	-6.1370	3.2938
405	1.2656	1.5420	0.1218	0.4115	0.3852	16.7748	-5.3360	2.9264
406	1.2782	1.5458	0.1230	0.4626	0.4015	17.0744	-5.2200	3.1208
407	1.2926	1.5506	0.1224	0.5213	0.4220	17.3547	-4.7480	2.8428
408	1.3006	1.5530	0.1266	0.5545	0.4329	17.1721	-4.4200	2.7328
409	1.3126	1.5566	0.1248	0.6041	0.4487	17.4190	-3.5930	2.6250
410	1.3256	1.5584	0.1172	0.6580	0.4574	18.0076	-3.3810	2.6286
411	1.1516	1.5810	0.1213	-0.0405	0.5498	17.5435	-2.9140	2.6076
412	1.1554	1.5792	0.1254	-0.0276	0.5446	16.3764	-2.6760	2.4152
413	1.1574	1.5732	0.1230	-0.0219	0.5224	17.3953	-2.6000	4.6199
414	1.1576	1.5650	0.1284	-0.0235	0.4912	16.9587	-1.1000	2.2200
415	1.1596	1.5570	0.1166	-0.0177	0.4607	18.2886	-0.7130	2.0234
416	1.1598	1.5492	0.1242	-0.0192	0.4307	17.5263	-0.4940	2.1120
417	1.1594	1.5424	0.1224	-0.0230	0.4046	17.5333	-0.6550	2.1310
418	1.1558	1.5368	0.1236	-0.0398	0.3831	17.6543	-0.4070	1.9946
419	1.1507	1.5297	0.1260	-0.0626	0.3555	17.3400	0.0490	1.8029
420	1.1453	1.5234	0.1266	-0.0867	0.3308	17.2988	0.4880	1.7330
421	1.2134	1.5480	0.1236	0.1846	0.4304	17.4449	3.2310	0.1293
422	1.2134	1.5448	0.1230	0.1837	0.4187	17.8387	0.3350	1.9203
423	1.2140	1.5402	0.1230	0.1852	0.4013	17.3973	1.2710	1.8515
424	1.2146	1.5342	0.1254	0.1868	0.3782	17.4975	1.6800	1.6272
425	1.2170	1.5272	0.1236	0.1955	0.3509	17.5659	1.3180	1.9166
426	1.2180	1.5184	0.1178	0.1986	0.3161	18.5386	1.3910	1.6260
427	1.2176	1.5082	0.1218	0.1961	0.2755	18.1392	1.1700	1.6430
428	1.2173	1.4966	0.1230	0.1944	0.2289	17.7915	1.7150	1.4310
429	1.2173	1.4848	0.1242	0.1935	0.1816	17.6217	1.9400	1.4177
430	1.2158	1.4751	0.1230	0.1866	0.1419	18.0927	1.5920	1.6995
431	1.2370	1.6002	0.1149	0.2710	0.6449	18.8649	1.6890	1.6382
432	1.2394	1.6030	0.1218	0.2804	0.6587	18.4186	1.8980	1.4254
433	1.2428	1.6040	0.1242	0.2936	0.6653	17.6319	1.8160	1.4707
434	1.2458	1.6060	0.1242	0.3056	0.6760	17.7225	2.1230	1.4160
435	1.2497	1.6074	0.1218	0.3214	0.6843	17.9804	2.1060	1.5170
436	1.2559	1.6078	0.1242	0.3460	0.6886	18.0234	1.6130	1.5237
437	1.2600	1.6076	0.1218	0.3630	0.6904	17.9848	2.2440	1.1806
438	1.2620	1.6058	0.1242	0.3712	0.6859	17.2557	2.3260	1.4121
439	1.2644	1.6000	0.1218	0.3811	0.6652	17.5721	2.8190	1.2593
440	1.2704	1.5932	0.1201	0.4058	0.6403	18.3977	2.8670	1.1771
441	1.3420	1.6140	0.1201	0.6944	0.7264	17.8418	3.1130	1.1045
442	1.3410	1.6130	0.1236	0.6926	0.7252	18.2682	2.1680	1.1762
443	1.3398	1.6118	0.1213	0.6901	0.7232	18.5839	1.7450	1.3240
444	1.3404	1.6100	0.1154	0.6947	0.7187	19.2537	0.6860	1.4419
445	1.3388	1.6064	0.1207	0.6906	0.7070	18.3646	0.7050	1.5198
446	1.3410	1.6034	0.1248	0.7016	0.6976	17.4930	1.3760	1.2506
447	1.3440	1.6034	0.1230	0.7158	0.7002	18.5000	0.3560	1.4245
448	1.3435	1.6050	0.1260	0.7165	0.7092	18.0491	0.5340	1.6115
449	1.3407	1.6064	0.1160	0.7075	0.7175	19.2193	0.8920	1.3717
450	1.3390	1.6100	0.1230	0.7027	0.7346	18.5301	0.2390	1.4534
451	1.2440	1.5584	0.1132	0.3227	0.5297	19.6204	0.4170	1.4915
452	1.2470	1.5582	0.1224	0.3346	0.5303	18.4816	-0.1110	1.4941
453	1.2504	1.5562	0.1230	0.3483	0.5237	17.6328	-0.4040	1.6684
454	1.2525	1.5568	0.1230	0.3565	0.5275	18.8309	-0.9620	1.6599
455	1.2536	1.5548	0.1230	0.3612	0.5209	18.9223	0.5730	1.3158
456	1.2569	1.5490	0.1178	0.3744	0.4989	19.2883	-0.1000	1.6561
457	1.2607	1.5470	0.1224	0.3901	0.4921	18.9968	-0.9470	1.8094
458	1.2655	1.5490	0.1236	0.4095	0.5013	18.7013	-1.0950	1.7817
459	1.2699	1.5560	0.1207	0.4279	0.5307	18.7338	-1.8220	1.9959
460	1.2698	1.5680	0.1260	0.4278	0.5804	18.4785	-1.3230	1.7717
461	1.2110	1.5452	0.1207	0.1916	0.4904	18.9145	0.3710	1.3513
462	1.2062	1.5452	0.1218	0.1712	0.4915	18.6882	2.7160	0.8868
463	1.1997	1.5420	0.1207	0.1442	0.4797	19.3338	4.6610	0.4797
464	1.1887	1.5375	0.1266	0.0985	0.4627	18.8324	4.7020	0.4857
465	1.1727	1.5353	0.1248	0.0324	0.4546	18.5447	5.5590	0.2499
466	1.1530	1.5317	0.1242	-0.0488	0.4410	19.0030	6.4720	0.0134
467	1.1346	1.5235	0.1201	-0.1253	0.4088	19.4705	7.7040	-0.2440
468	1.1218	1.5137	0.1248	-0.1797	0.3701	19.2283	8.0440	-0.3839
469	1.1080	1.5017	0.1236	-0.2384	0.3221	18.1706	7.1840	-0.2041
470	1.0920	1.4935	0.1224	-0.3064	0.2892	19.0998	5.6380	0.2222
471	1.1470	1.5874	0.1248	-0.0888	0.6670	18.7816	5.6450	-0.0045
472	1.1416	1.5904	0.1242	-0.1131	0.6812	19.1216	5.7050	-0.1266
473	1.1324	1.5951	0.1242	-0.1529	0.7022	19.1529	4.0250	0.7533
474	1.1206	1.6013	0.1236	-0.2033	0.7298	19.5544	6.2950	-0.6444
475	1.1046	1.6105	0.1248	-0.2709	0.7691	19.3228	6.8230	-0.5253
476	1.0848	1.6224	0.1308	-0.3543	0.8201	18.5693	8.5330	-1.0264
477	1.0648	1.6333	0.1248	-0.4389	0.8669	19.2658	9.3420	-1.3527
478	1.0528	1.6382	0.1242	-0.4918	0.8897	19.4759	10.1780	-1.6055
479	1.0346	1.6438	0.1254	-0.5700	0.9160	19.2444	10.3610	-1.5450
480	1.0154	1.6505	0.1218	-0.6527	0.9464	18.8252	9.5800	-1.4897
481	1.1224	1.6590	0.1230	-0.2279	0.9845	19.5281	8.3690	-0.9698
482	1.1240	1.6635	0.1242	-0.2244	1.0066	19.6565	9.2290	-1.7432
483	1.1251	1.6692	0.1230	-0.2234	1.0337	19.1789	10.4060	-2.0588
484	1.1275	1.6732	0.1224	-0.2166	1.0538	19.7545	11.7980	-2.2394
485	1.1342	1.6785	0.1248	-0.1929	1.0795	19.3826	10.4680	-2.1163
486	1.1426	1.6844	0.1254	-0.1618	1.1079	19.7007	10.9970	-2.5476
487	1.1486	1.6896	0.1183	-0.1405	1.1335	20.6344	12.1520	-2.7879
488	1.1546	1.6953	0.1248	-0.1190	1.1609	19.4642	11.3660	-2.6977
489	1.1625	1.7042	0.1224	-0.0894	1.2017	19.4862	10.9880	-2.6807
490	1.1723	1.7097	0.1230	-0.0523	1.2290	19.8610	10.9290	-2.7128
491	1.1893	1.5446	0.1266	0.0144	0.5697	18.7519	11.1180	-2.9533
492	1.1868	1.5396	0.1230	0.0026	0.5507	19.7399	11.4040	-3.1197
493	1.1808	1.5344	0.1213	-0.0230	0.5307	19.9253	10.3530	-2.9857
494	1.1779	1.5291	0.1321	-0.0366	0.5101	19.4988	11.2930	-3.4087
495	1.1787	1.5249	0.1479	-0.0351	0.4939	18.4296	10.6350	-3.2777
496	1.1833	1.5239	0.1573	-0.0182	0.4906	18.3644	10.0100	-3.2366
497	1.1894	1.5267	0.1885	0.0045	0.5027	17.5076	9.3190	-3.1358
498	1.1952	1.5268	0.2011	0.0266	0.5037	18.2415	8.1310	-2.5344
499	1.2071	1.5243	0.2068	0.0729	0.4944	18.0546	8.4550	-3.0807
500	1.2203	1.5216	0.2027	0.1251	0.4841	18.2316	6.8980	-2.9058
501	1.2199	1.5454	0.1862	0.1227	0.5803	18.8096	5.9910	-2.6839
502	1.2240	1.5480	0.1628	0.1383	0.5919	19.5650	5.0920	-2.7096
503	1.2240	1.5500	0.1453	0.1376	0.6011	19.9768	4.7220	-2.8078
504	1.2245	1.5510	0.1358	0.1391	0.6064	19.6742	6.2510	-3.1440
505	1.2245	1.5490	0.1230	0.1385	0.5996	19.5542	7.5620	-3.5424
506	1.2239	1.5492	0.1218	0.1356	0.6017	20.3155	8.3150	-3.6862
507	1.2260	1.5484	0.1236	0.1431	0.5997	19.9567	9.4070	-3.7238
508	1.2260	1.5496	0.1248	0.1428	0.6057	20.0702	8.5890	-3.5554
509	1.2287	1.5497	0.1272	0.1529	0.6075	19.9335	11.0770	-4.4426
510	1.2316	1.5472	0.1321	0.1639	0.5987	19.7416	10.0380	-3.9280
511	1.1658	1.4126	0.1345	-0.1013	0.0580	20.2096	0.2220	1.8668
512	1.1698	1.4088	0.1396	-0.0875	0.0405	19.0773	10.1700	-3.8548
513	1.1710	1.4088	0.1440	-0.0847	0.0382	19.3142	7.4710	-3.2686
514	1.1747	1.4126	0.1499	-0.0714	0.0512	19.8000	7.6020	-3.5580
515	1.1835	1.4138	0.1434	-0.0379	0.0539	20.8084	7.7170	-3.5818
516	1.1953	1.4137	0.1642	0.0079	0.0514	19.3561	7.3240	-3.4752
517	1.2077	1.4107	0.1846	0.0564	0.0369	17.7037	5.4230	-2.9370
518	1.2164	1.4086	0.1931	0.0901	0.0264	17.5009	5.4030	-3.0094
519	1.2254	1.4059	0.1877	0.1257	0.0133	20.0888	5.2020	-3.0396
520	1.2404	1.4021	0.2003	0.1854	-0.0044	18.4322	2.7000	-2.3028
521	1.2540	1.4250	0.1908	0.2400	0.0853	18.6484	1.6880	-2.2652
522	1.2470	1.4320	0.1692	0.2119	0.1116	19.4851	0.0000	-1.8580
523	1.2390	1.4436	0.1553	0.1796	0.1566	18.9879	0.1440	-2.1892
524	1.2320	1.4530	0.1358	0.1512	0.1930	20.9631	1.3290	-2.2658
525	1.2248	1.4604	0.1266	0.1217	0.2218	20.5362	3.1350	-2.7602
526	1.2194	1.4669	0.1260	0.0994	0.2469	20.1613	6.2830	-4.2350
527	1.2126	1.4740	0.1201	0.0712	0.2746	20.7269	6.2790	-3.2558
528	1.2082	1.4778	0.1213	0.0526	0.2893	20.5541	8.5400	-3.6696
529	1.2028	1.4815	0.1218	0.0298	0.3036	20.5745	8.6490	-3.4682
530	1.1956	1.4842	0.1224	-0.0003	0.3139	19.7849	8.4010	-3.5862
531	1.3770	1.3130	0.1189	0.7284	-0.3755	20.5775	6.5980	-3.3196
532	1.3836	1.3120	0.1201	0.7582	-0.3842	21.1731	4.8400	-2.8028
533	1.3898	1.3112	0.1109	0.7865	-0.3921	21.7781	2.4590	-2.4558
534	1.3971	1.3082	0.1230	0.8192	-0.4089	20.9449	2.0610	-2.1262
535	1.4002	1.3062	0.1272	0.8357	-0.4218	20.8350	-0.2970	-1.8236
536	1.4005	1.3090	0.1333	0.8406	-0.4154	20.6222	-1.2980	-1.6963
537	1.3978	1.3109	0.1415	0.8333	-0.4125	20.1069	3.1530	-2.7638
538	1.3939	1.3113	0.1460	0.8214	-0.4156	20.4834	6.8880	-3.5424
539	1.3862	1.3110	0.1428	0.7938	-0.4215	19.5031	8.4210	-3.9394
540	1.3786	1.3100	0.1284	0.7668	-0.4301	21.3767	6.6790	-3.3490
541	1.4156	1.4530	0.1260	0.9189	0.1406	20.7195	6.1510	-2.9958
542	1.4150	1.4545	0.1218	0.9206	0.1454	21.0729	5.6490	-3.2370
543	1.4166	1.4550	0.1224	0.9312	0.1464	21.0932	4.7080	-3.0024
544	1.4180	1.4549	0.1296	0.9410	0.1448	20.3203	4.2670	-2.6882
545	1.4183	1.4591	0.1260	0.9465	0.1607	20.9652	4.5350	-2.8466
546	1.4205	1.4680	0.1218	0.9595	0.1953	21.5555	5.4660	-2.9408
547	1.4221	1.4742	0.1242	0.9702	0.2196	20.8872	6.0140	-3.2644
548	1.4220	1.4779	0.1254	0.9743	0.2338	20.9468	5.5100	-2.9916
549	1.4225	1.4813	0.1242	0.9805	0.2470	21.3000	6.3470	-2.8806
550	1.4244	1.4836	0.1254	0.9923	0.2555	20.1940	8.8920	-3.4744
1	1.3110	1.5330	0.0000	0.2455	0.1328	0.0000	-0.5340	0.0000
2	1.3109	1.5329	0.1260	0.2467	0.1334	5.0715	-0.0680	0.0201
3	1.3107	1.5326	0.1236	0.2474	0.1330	5.3289	-0.1670	0.0311
4	1.3104	1.5321	0.1260	0.2478	0.1319	5.0138	-0.2350	0.0674
5	1.3099	1.5313	0.1266	0.2471	0.1293	5.0327	-0.3530	0.1129
6	1.3089	1.5302	0.1248	0.2447	0.1256	5.2196	-0.3710	0.0822
7	1.3074	1.5285	0.1260	0.2401	0.1196	5.1071	-0.4770	0.1102
8	1.3056	1.5262	0.1254	0.2343	0.1108	5.2697	-0.3610	0.0910
9	1.3034	1.5239	0.1266	0.2266	0.1026	5.2167	-0.3890	0.1019
10	1.3019	1.5224	0.1266	0.2223	0.0971	5.5982	-0.4340	0.1186
11	1.2941	1.5549	0.1254	0.1918	0.2283	4.5194	-0.3150	0.0804
12	1.2940	1.5547	0.1278	0.1928	0.2289	5.0265	-0.2140	0.0542
13	1.2939	1.5546	0.1260	0.1933	0.2298	5.1552	-0.2200	0.0750
14	1.2936	1.5541	0.1266	0.1933	0.2293	5.2340	-0.0870	0.0470
15	1.2931	1.5536	0.1254	0.1925	0.2287	5.4092	-0.0240	0.0392
16	1.2928	1.5527	0.1272	0.1924	0.2262	5.5246	-0.0790	0.0567
17	1.2909	1.5511	0.1254	0.1856	0.2212	5.4114	-0.1610	0.0832
18	1.2889	1.5488	0.1302	0.1787	0.2129	5.1625	-0.2670	0.1001
19	1.2870	1.5467	0.1254	0.1721	0.2057	5.5330	-0.3730	0.1259
20	1.2855	1.5450	0.1284	0.1670	0.2004	5.4371	-0.2740	0.0994
21	1.2611	1.5692	0.1230	0.0695	0.2988	5.8090	-0.0050	-0.0415
22	1.2613	1.5691	0.1278	0.0706	0.3000	4.0460	0.3430	-0.0379
23	1.2610	1.5674	0.1236	0.0696	0.2951	5.7412	0.4940	-0.0776
24	1.2610	1.5639	0.1272	0.0700	0.2826	4.7544	0.7080	-0.1186
25	1.2610	1.5602	0.1260	0.0702	0.2691	5.5172	0.7910	-0.1514
26	1.2616	1.5557	0.1284	0.0730	0.2526	4.9048	0.8030	-0.1483
27	1.2621	1.5511	0.1248	0.0754	0.2355	5.9622	0.7680	-0.1465
28	1.2626	1.5462	0.1284	0.0777	0.2171	5.6204	0.6740	-0.1390
29	1.2630	1.5409	0.1260	0.0796	0.1969	6.0012	0.8150	-0.2226
30	1.2634	1.5366	0.1266	0.0814	0.1805	5.7135	0.9720	-0.2433
31	1.2718	1.6060	0.1248	0.1155	0.4607	6.1339	1.0640	-0.2356
32	1.2709	1.6063	0.1266	0.1124	0.4647	5.7098	1.3760	-0.3354
33	1.2703	1.6074	0.1260	0.1106	0.4716	5.8727	1.4200	-0.3488
34	1.2702	1.6078	0.1254	0.1106	0.4761	5.9163	1.5400	-0.3738
35	1.2703	1.6074	0.1266	0.1117	0.4774	5.9829	1.4410	-0.7522
36	1.2700	1.6074	0.1266	0.1108	0.4799	6.0742	1.5180	-0.4025
37	1.2695	1.6078	0.1278	0.1093	0.4842	5.9007	1.4010	-0.3762
38	1.2685	1.6085	0.1290	0.1058	0.4895	5.9062	1.2810	-0.3594
39	1.2675	1.6090	0.1266	0.1025	0.4943	4.4262	1.1140	-0.3552
40	1.2668	1.6092	0.1302	0.0998	0.4978	5.7503	1.0920	-0.3602
41	1.2614	1.5971	0.1201	0.0787	0.4521	6.6945	0.9590	-0.3260
42	1.2605	1.5966	0.1266	0.0754	0.4526	6.2422	1.1280	-0.4232
43	1.2599	1.5958	0.1266	0.0729	0.4518	5.2710	1.0810	-0.3808
44	1.2594	1.5946	0.1284	0.0714	0.4491	6.1473	1.0160	-0.3773
45	1.2593	1.5938	0.1254	0.0710	0.4482	6.0021	0.9250	-0.3627
46	1.2604	1.5933	0.1278	0.0760	0.4487	6.2820	0.9410	-0.4012
47	1.2607	1.5919	0.1254	0.0774	0.4452	6.4809	0.6660	-0.2877
48	1.2620	1.5897	0.1195	0.0826	0.4386	7.3409	0.6890	-0.3260
49	1.2643	1.5866	0.1272	0.0924	0.4286	6.2067	0.5260	-0.2974
50	1.2667	1.5838	0.1272	0.1025	0.4194	6.4114	0.3700	-0.2642
51	1.2623	1.5747	0.1254	0.0851	0.3848	6.4133	0.2940	-0.2691
52	1.2595	1.5744	0.1266	0.0741	0.3855	6.4201	0.1980	-0.2693
53	1.2572	1.5723	0.1189	0.0651	0.3790	7.4942	0.0310	-0.2253
54	1.2557	1.5687	0.1260	0.0594	0.3664	6.5546	-0.1490	-0.1807
55	1.2548	1.5640	0.1201	0.0556	0.3492	7.2963	0.0330	-0.2672
56	1.2536	1.5594	0.1260	0.0509	0.3321	6.6171	0.1260	-0.2476
57	1.2522	1.5547	0.1272	0.0454	0.3149	6.5038	0.0400	-0.2090
58	1.2504	1.5496	0.1254	0.0382	0.2957	6.8107	-0.0690	-0.2151
59	1.2489	1.5434	0.1218	0.0322	0.2717	7.0903	-0.0260	-0.2157
60	1.2484	1.5376	0.1260	0.0303	0.2497	6.6762	0.0070	-0.2229
61	1.2788	1.5620	0.1178	0.1524	0.3486	7.5719	0.1090	-0.2566
62	1.2773	1.5620	0.1254	0.1471	0.3505	6.7446	0.1220	-0.2587
63	1.2757	1.5610	0.1254	0.1415	0.3480	6.2455	0.1480	-0.2577
64	1.2739	1.5605	0.1254	0.1349	0.3472	7.1071	0.1120	-0.2594
65	1.2716	1.5601	0.1254	0.1260	0.3473	6.8385	0.0880	-0.2554
66	1.2693	1.5599	0.1201	0.1175	0.3478	7.6877	-0.0220	-0.2086
67	1.2679	1.5582	0.1230	0.1124	0.3426	7.1866	0.0400	-0.2493
68	1.2659	1.5566	0.1183	0.1048	0.3375	8.1347	0.0270	-0.2258
69	1.2628	1.5543	0.1260	0.0927	0.3299	6.9449	0.1570	-0.2703
70	1.2601	1.5533	0.1284	0.0822	0.3270	6.9205	0.2930	-0.3154
71	1.2824	1.5671	0.1278	0.1721	0.3839	6.7775	0.2230	-0.2807
72	1.2833	1.5662	0.1284	0.1767	0.3819	6.0875	0.2380	-0.2936
73	1.2846	1.5636	0.1266	0.1826	0.3733	6.9245	0.3130	-0.2985
74	1.2867	1.5601	0.1278	0.1920	0.3609	6.2804	0.3410	-0.3172
75	1.2888	1.5572	0.1242	0.2015	0.3504	7.5139	0.5520	-0.3996
76	1.2900	1.5534	0.1278	0.2070	0.3369	7.2943	0.7370	-0.4100
77	1.2897	1.5495	0.1195	0.2068	0.3225	8.0214	0.7220	-0.3966
78	1.2876	1.5460	0.1260	0.1994	0.3096	7.3921	0.7540	-0.4144
79	1.2852	1.5420	0.1195	0.1907	0.2946	8.0835	0.9300	-0.4766
80	1.2824	1.5392	0.1260	0.1803	0.2845	7.3877	1.0160	-0.4851
81	1.2952	1.5188	0.1260	0.2325	0.2031	7.2331	1.2450	-0.5612
82	1.2953	1.5169	0.1254	0.2343	0.1959	7.5162	1.3090	-0.5834
83	1.2937	1.5149	0.1272	0.2289	0.1883	7.2115	1.4040	-0.5714
84	1.2910	1.5127	0.1254	0.2191	0.1800	7.8197	1.3010	-0.5991
85	1.2886	1.5109	0.1272	0.2104	0.1729	7.3334	1.2470	-0.5850
86	1.2869	1.5083	0.1278	0.2047	0.1626	7.3517	1.1720	-0.5682
87	1.2858	1.5044	0.1266	0.2013	0.1474	7.4076	1.2280	-0.6431
88	1.2840	1.5005	0.1254	0.1948	0.1318	7.8835	1.1000	-0.6032
89	1.2803	1.4965	0.1189	0.1808	0.1158	8.2734	1.0080	-0.5962
90	1.2772	1.4942	0.1248	0.1691	0.1063	7.5853	1.0160	-0.5987
91	1.2803	1.5719	0.1266	0.1821	0.4189	6.7494	0.9040	-0.5797
92	1.2796	1.5738	0.1278	0.1800	0.4282	7.5804	0.9280	-0.6029
93	1.2792	1.5764	0.1254	0.1791	0.4406	7.6605	0.8580	-0.6488
94	1.2786	1.5797	0.1278	0.1774	0.4559	7.7026	0.8910	-0.6168
95	1.2782	1.5825	0.1230	0.1766	0.4692	8.1272	0.8420	-0.6119
96	1.2776	1.5827	0.1278	0.1750	0.4719	6.9349	0.7610	-0.5771
97	1.2764	1.5808	0.1272	0.1707	0.4664	7.5693	0.7120	-0.5973
98	1.2747	1.5778	0.1278	0.1648	0.4562	7.8880	0.7350	-0.6120
99	1.2724	1.5747	0.1218	0.1558	0.4458	8.2748	0.7780	-0.6419
100	1.2715	1.5726	0.1248	0.1527	0.4391	7.7596	0.9200	-0.6756
101	1.3009	1.5393	0.1266	0.2716	0.3070	7.9267	0.9490	-0.6757
102	1.3005	1.5383	0.1266	0.2713	0.3039	7.4168	0.7930	-0.6336
103	1.3023	1.5348	0.1248	0.2799	0.2908	8.0784	0.7660	-0.6500
104	1.3046	1.5296	0.1284	0.2906	0.2709	7.8568	0.7010	-0.6356
105	1.3061	1.5233	0.1242	0.2980	0.2461	8.1523	0.7541	-0.6656
106	1.3065	1.5171	0.1278	0.3010	0.2216	7.9915	3.1310	-2.4034
107	1.3052	1.5103	0.1218	0.2971	0.1949	8.2614	0.9690	-0.7292
108	1.3048	1.5035	0.1272	0.2967	0.1677	8.1260	1.0960	-0.7943
109	1.3054	1.4970	0.1278	0.3006	0.1417	7.8447	1.1890	-0.8165
110	1.3064	1.4916	0.1183	0.3061	0.1196	9.4274	1.1570	-0.8093
111	1.2506	1.5843	0.1266	0.0831	0.4929	8.2848	1.3580	-0.8609
112	1.2501	1.5826	0.1272	0.0810	0.4880	8.3640	1.1470	-0.7436
113	1.2486	1.5810	0.1254	0.0749	0.4836	8.3108	1.0710	-0.8083
114	1.2463	1.5786	0.1290	0.0654	0.4759	8.0280	1.0310	-0.7940
115	1.2446	1.5763	0.1230	0.0586	0.4686	8.5397	0.9700	-0.8178
116	1.2435	1.5735	0.1260	0.0542	0.4594	8.4466	1.1220	-0.8575
117	1.2435	1.5713	0.1266	0.0540	0.4523	8.2862	1.2900	-0.9260
118	1.2423	1.5685	0.1260	0.0489	0.4428	7.9156	1.1780	-0.8626
119	1.2406	1.5665	0.1266	0.0420	0.4364	8.3486	0.9470	-0.8331
120	1.2396	1.5653	0.1260	0.0375	0.4332	8.6854	0.9230	-0.8617
121	1.2941	1.5155	0.1248	0.2566	0.2347	8.7933	0.7300	-0.8102
122	1.2972	1.5151	0.1278	0.2703	0.2334	8.5247	0.7010	-0.8262
123	1.3013	1.5127	0.1278	0.2880	0.2238	8.1964	0.6780	-0.8499
124	1.3018	1.5083	0.1266	0.2913	0.2065	8.6716	0.4790	-0.7899
125	1.3011	1.5033	0.1242	0.2896	0.1866	8.8100	0.6560	-0.8287
126	1.2989	1.5005	0.1272	0.2820	0.1753	8.7219	0.7640	-0.8406
127	1.2993	1.4972	0.1248	0.2850	0.1623	8.2101	0.9450	-0.9115
128	1.3021	1.4923	0.1272	0.2973	0.1425	8.6640	1.1370	-0.9804
129	1.3036	1.4876	0.1284	0.3049	0.1233	8.7306	1.1410	-0.9704
130	1.3037	1.4848	0.1284	0.3067	0.1117	8.7490	1.2400	-1.0131
131	1.2932	1.5518	0.1272	0.2655	0.3810	7.9695	1.1880	-0.9879
132	1.2904	1.5506	0.1183	0.2553	0.3774	9.7137	1.3110	-1.0302
133	1.2864	1.5491	0.1254	0.2405	0.3729	8.8969	1.2850	-1.0443
134	1.2819	1.5477	0.1260	0.2234	0.3682	8.7964	1.1010	-1.0015
135	1.2767	1.5457	0.1260	0.2032	0.3616	8.9470	1.2240	-1.0500
136	1.2707	1.5456	0.1248	0.1795	0.3623	8.3554	1.3270	-1.0786
137	1.2625	1.5460	0.1260	0.1472	0.3650	8.8902	1.1610	-1.0492
138	1.2527	1.5470	0.1260	0.1078	0.3699	9.2209	1.1200	-1.0399
139	1.2416	1.5505	0.1149	0.0633	0.3856	10.4070	1.1250	-1.0923
140	1.2308	1.5570	0.1284	0.0198	0.4129	8.9276	1.0170	-1.0939
141	1.2929	1.5450	0.1254	0.2691	0.3659	9.1337	0.8510	-1.0383
142	1.2933	1.5480	0.1278	0.2717	0.3791	9.1163	0.9322	-1.1161
143	1.2950	1.5483	0.1260	0.2799	0.3816	9.0045	2.0470	-1.7239
144	1.2967	1.5481	0.1272	0.2878	0.3821	9.2506	0.9920	-1.0800
145	1.2963	1.5517	0.1248	0.2874	0.3977	9.1510	0.8510	-1.0211
146	1.2962	1.5559	0.1278	0.2878	0.4158	9.2407	0.8550	-1.0921
147	1.2962	1.5595	0.1260	0.2890	0.4318	9.6091	0.9900	-1.1374
148	1.2944	1.5616	0.1201	0.2829	0.4416	10.2902	1.0040	-1.1274
149	1.2881	1.5601	0.1260	0.2587	0.4372	9.1908	1.2220	-1.2337
150	1.2844	1.5573	0.1272	0.2449	0.4275	9.2442	1.2877	-1.2025
151	1.2472	1.5500	0.1260	0.0960	0.3995	9.6541	1.0920	-1.1871
152	1.2476	1.5551	0.1272	0.0977	0.4213	9.2998	1.2240	-1.2364
153	1.2473	1.5587	0.1236	0.0963	0.4373	9.8218	1.2530	-1.2330
154	1.2488	1.5625	0.1272	0.1024	0.4538	9.3031	1.5520	-1.3498
155	1.2506	1.5662	0.1260	0.1093	0.4704	9.5982	1.6070	-1.3389
156	1.2515	1.5697	0.1272	0.1130	0.4862	8.6006	1.8040	-1.4130
157	1.2502	1.5729	0.1266	0.1079	0.5007	9.4690	1.8230	-1.4388
158	1.2459	1.5767	0.1260	0.0907	0.5176	9.6917	1.7390	-1.4076
159	1.2401	1.5813	0.1183	0.0672	0.5383	10.6430	2.0650	-1.5325
160	1.2365	1.5844	0.1284	0.0526	0.5529	9.3921	2.0890	-1.5861
161	1.3290	1.4286	0.1254	0.4244	-0.0722	9.7185	2.1530	-1.5911
162	1.3269	1.4312	0.1272	0.4179	-0.0637	9.4736	2.2810	-1.5837
163	1.3241	1.4344	0.1242	0.4087	-0.0524	9.1598	2.4080	-1.6529
164	1.3210	1.4393	0.1248	0.3980	-0.0345	10.0641	2.3440	-1.6777
165	1.3164	1.4443	0.1248	0.3811	-0.0155	9.9154	2.4010	-1.6824
166	1.3111	1.4500	0.1207	0.3617	0.0059	10.5631	2.6650	-1.7730
167	1.3021	1.4574	0.1236	0.3269	0.0344	10.0609	2.8830	-1.8328
168	1.2933	1.4650	0.1278	0.2926	0.0640	9.8887	3.2160	-1.9478
169	1.2881	1.4722	0.1242	0.2729	0.0920	10.1110	3.4010	-2.0659
170	1.2847	1.4769	0.1278	0.2601	0.1102	9.8779	3.3840	-2.0360
171	1.2777	1.5896	0.1254	0.2327	0.5633	9.9578	3.3927	-2.0566
172	1.2791	1.5892	0.1242	0.2390	0.5637	10.0134	3.4120	-2.0705
173	1.2819	1.5896	0.1236	0.2511	0.5678	10.2355	3.4230	-2.1167
174	1.2843	1.5905	0.1272	0.2615	0.5736	9.9556	3.3170	-2.1564
175	1.2874	1.5892	0.1242	0.2750	0.5705	10.4061	3.3310	-2.1870
176	1.2928	1.5904	0.1278	0.2975	0.5776	10.0056	3.3810	-2.2227
177	1.2974	1.5927	0.1302	0.3171	0.5892	9.7448	3.3170	-2.2253
178	1.3025	1.5952	0.1266	0.3390	0.6017	10.2716	3.5140	-2.4115
179	1.3062	1.5978	0.1290	0.3553	0.6143	9.8927	3.3990	-2.3174
180	1.3076	1.5993	0.1278	0.3621	0.6228	10.1164	3.5130	-2.3537
181	1.2803	1.5190	0.1189	0.2539	0.3022	11.1486	3.3230	-2.3120
182	1.2791	1.5250	0.1248	0.2499	0.3266	10.4133	3.3300	-2.4302
183	1.2782	1.5332	0.1254	0.2467	0.3605	10.5527	3.1670	-2.3786
184	1.2787	1.5425	0.1178	0.2495	0.3989	11.3815	3.0680	-2.4033
185	1.2791	1.5528	0.1266	0.2516	0.4412	10.4709	3.0240	-2.4523
186	1.2797	1.5633	0.1302	0.2549	0.4848	9.9454	2.9080	-2.4145
187	1.2829	1.5744	0.1260	0.2687	0.5310	10.5444	2.6880	-2.4889
188	1.2873	1.5850	0.1266	0.2872	0.5757	10.0277	2.9490	-2.5711
189	1.2938	1.5983	0.1266	0.3142	0.6310	10.5346	3.0280	-2.5647
190	1.2995	1.6080	0.1266	0.3382	0.6729	9.7328	2.5770	-2.4580
191	1.2820	1.5059	0.1242	0.2690	0.2645	11.0527	2.6060	-2.5203
192	1.2812	1.5047	0.1278	0.2666	0.2599	10.5250	2.7920	-2.5720
193	1.2794	1.5033	0.1272	0.2602	0.2544	10.5689	2.8050	-2.5802
194	1.2796	1.5057	0.1266	0.2617	0.2642	10.7320	3.0370	-2.5894
195	1.2834	1.5119	0.1189	0.2776	0.2891	11.5654	3.3810	-2.7586
196	1.2856	1.5175	0.1272	0.2875	0.3120	10.7823	3.4410	-2.6762
197	1.2867	1.5241	0.1254	0.2928	0.3390	10.9088	3.7550	-2.7502
198	1.2884	1.5337	0.1266	0.3005	0.3783	10.7956	3.9730	-2.8486
199	1.2884	1.5455	0.1260	0.3016	0.4267	10.1309	3.9570	-2.8238
200	1.2892	1.5526	0.1195	0.3055	0.4563	11.6990	4.2480	-2.8200
201	1.2865	1.5230	0.1266	0.2959	0.3384	10.8778	4.3780	-2.9368
202	1.2854	1.5261	0.1260	0.2922	0.3514	10.8013	4.7100	-2.9820
203	1.2845	1.5306	0.1266	0.2896	0.3703	10.6414	4.8130	-2.8774
204	1.2843	1.5352	0.1260	0.2894	0.3897	10.9231	5.1060	-3.1112
205	1.2822	1.5396	0.1254	0.2820	0.4081	11.0858	4.9240	-3.0376
206	1.2791	1.5444	0.1260	0.2704	0.4282	11.4069	4.9940	-3.0652
207	1.2747	1.5499	0.1178	0.2532	0.4516	12.0661	5.0110	-3.0506
208	1.2683	1.5537	0.1254	0.2282	0.4683	11.2991	5.3040	-3.1160
209	1.2627	1.5551	0.1260	0.2061	0.4753	11.1320	5.5380	-3.2108
210	1.2575	1.5566	0.1278	0.1856	0.4827	11.0602	5.3970	-3.0082
211	1.2951	1.5524	0.1172	0.3370	0.4671	12.0619	5.3660	-3.0632
212	1.2977	1.5522	0.1272	0.3486	0.4676	11.0086	5.4910	-3.1042
213	1.3006	1.5515	0.1260	0.3616	0.4663	10.4201	5.6410	-3.0926
214	1.3017	1.5496	0.1254	0.3671	0.4599	11.4074	5.7670	-3.0966
215	1.3029	1.5490	0.1236	0.3732	0.4585	11.4737	6.1840	-3.3016
216	1.3035	1.5469	0.1207	0.3770	0.4514	12.1590	6.2180	-3.2884
217	1.3052	1.5450	0.1254	0.3850	0.4450	11.4413	6.1680	-3.3032
218	1.3064	1.5439	0.1296	0.3916	0.4416	11.0253	6.4320	-3.3456
219	1.3063	1.5400	0.1236	0.3926	0.4270	10.7777	6.6170	-3.3818
220	1.3042	1.5377	0.1284	0.3856	0.4189	11.2275	6.5730	-3.5438
221	1.2694	1.5501	0.1242	0.2468	0.4695	11.8166	6.7480	-3.3892
222	1.2699	1.5524	0.1272	0.2490	0.4802	11.3683	6.8040	-3.3916
223	1.2708	1.5575	0.1230	0.2534	0.5020	11.7821	6.8280	-3.3656
224	1.2716	1.5632	0.1278	0.2571	0.5262	11.4186	6.4430	-3.2770
225	1.2719	1.5722	0.1248	0.2588	0.5640	11.5707	6.4220	-3.2808
226	1.2748	1.5823	0.1272	0.2708	0.6064	11.6136	6.1800	-3.2192
227	1.2768	1.5927	0.1236	0.2798	0.6506	12.0750	5.9520	-3.2176
228	1.2771	1.6030	0.1278	0.2817	0.6942	11.5428	5.4670	-3.0270
229	1.2771	1.6135	0.1272	0.2821	0.7389	10.7622	5.4570	-3.0514
230	1.2762	1.6213	0.1224	0.2791	0.7732	12.1245	5.3500	-3.0552
231	1.2643	1.5490	0.1266	0.2321	0.4854	11.5895	5.5350	-3.1358
232	1.2592	1.5516	0.1178	0.2117	0.4971	12.7425	5.4660	-3.0704
233	1.2528	1.5565	0.1266	0.1863	0.5181	11.8917	5.4440	-3.0404
234	1.2470	1.5651	0.1278	0.1631	0.5542	11.5382	5.5540	-3.1124
235	1.2423	1.5764	0.1266	0.1438	0.6012	11.8937	5.8590	-3.2574
236	1.2389	1.5869	0.1266	0.1301	0.6455	12.0453	5.6490	-3.1106
237	1.2352	1.5990	0.1260	0.1151	0.6962	12.0883	5.6610	-3.1490
238	1.2294	1.6109	0.1272	0.0914	0.7466	11.1463	5.5450	-3.1642
239	1.2222	1.6239	0.1254	0.0619	0.8019	12.0428	5.5390	-3.1118
240	1.2191	1.6320	0.1278	0.0485	0.8374	11.9528	5.4570	-3.1006
241	1.3126	1.5403	0.1272	0.4240	0.4717	11.8699	5.3700	-3.0932
242	1.3137	1.5398	0.1272	0.4300	0.4707	12.2624	5.0390	-2.9914
243	1.3177	1.5379	0.1266	0.4478	0.4639	11.7665	4.8790	-2.9662
244	1.3235	1.5374	0.1272	0.4729	0.4628	12.1432	5.2580	-3.0912
245	1.3311	1.5362	0.1242	0.5053	0.4592	12.1156	5.0000	-2.6800
246	1.3353	1.5341	0.1260	0.5244	0.4516	12.2897	4.9670	-2.9490
247	1.3367	1.5322	0.1242	0.5320	0.4447	12.2373	4.9920	-3.7576
248	1.3402	1.5277	0.1260	0.5485	0.4273	12.3523	5.1680	-3.0336
249	1.3436	1.5198	0.1242	0.5642	0.3961	12.2415	5.2660	-3.0712
250	1.3455	1.5142	0.1178	0.5741	0.3740	13.7016	4.9490	-2.9166
251	1.2808	1.4986	0.1260	0.3162	0.3119	12.4946	5.1700	-3.0740
252	1.2766	1.4988	0.1260	0.3000	0.3126	11.6391	5.1560	-3.0600
253	1.2722	1.4999	0.1236	0.2830	0.3171	12.7832	4.9200	-2.9936
254	1.2676	1.5020	0.1272	0.2650	0.3253	12.5041	4.8850	-3.0198
255	1.2619	1.5043	0.1183	0.2426	0.3347	13.3595	4.5760	-2.8536
256	1.2568	1.5090	0.1248	0.2224	0.3535	12.6141	4.5830	-2.8994
257	1.2539	1.5134	0.1266	0.2110	0.3718	12.4894	4.4380	-2.8560
258	1.2511	1.5206	0.1254	0.1995	0.4009	12.8448	4.6810	-2.9814
259	1.2485	1.5267	0.1266	0.1892	0.4262	11.7275	4.4860	-2.9488
260	1.2453	1.5303	0.1272	0.1764	0.4413	12.6850	4.4450	-2.8578
261	1.2708	1.5714	0.1248	0.2788	0.6074	12.1670	4.2220	-2.8452
262	1.2702	1.5701	0.1260	0.2769	0.6039	12.9456	3.6780	-2.7232
263	1.2702	1.5708	0.1254	0.2774	0.6086	12.8076	3.2250	-2.6242
264	1.2700	1.5721	0.1218	0.2771	0.6155	13.1463	2.8420	-2.5196
265	1.2700	1.5744	0.1260	0.2776	0.6265	12.8584	2.6930	-2.4618
266	1.2698	1.5769	0.1266	0.2773	0.6384	12.9375	2.3890	-2.4294
267	1.2670	1.5820	0.1260	0.2665	0.6608	12.8003	2.2560	-2.4512
268	1.2676	1.5880	0.1284	0.2694	0.6873	12.0105	2.3620	-2.4116
269	1.2684	1.5935	0.1248	0.2730	0.7116	12.9472	2.2241	-2.4448
270	1.2689	1.5966	0.1266	0.2754	0.7261	12.9359	2.3320	-2.2992
271	1.2718	1.5698	0.1260	0.2876	0.6208	13.1530	2.2750	-2.4222
272	1.2704	1.5711	0.1272	0.2825	0.6278	12.8591	2.6580	-2.5316
273	1.2704	1.5729	0.1207	0.2830	0.6370	13.7953	9.9760	-3.9952
274	1.2702	1.5752	0.1272	0.2827	0.6479	13.1023	2.1600	-2.2880
275	1.2690	1.5799	0.1248	0.2783	0.6685	12.2435	2.0790	-2.3750
276	1.2652	1.5846	0.1266	0.2634	0.6898	13.1166	2.3080	-2.5660
277	1.2643	1.5892	0.1236	0.2603	0.7104	13.6265	1.9290	-2.3430
278	1.2624	1.5951	0.1189	0.2532	0.7363	13.9218	2.0430	-2.3182
279	1.2592	1.6020	0.1266	0.2403	0.7664	13.3909	1.7230	-2.3122
280	1.2551	1.6077	0.1254	0.2243	0.7917	13.3185	1.5410	-2.2786
281	1.3028	1.5065	0.1260	0.4164	0.3874	13.4519	1.3980	-2.1816
282	1.3030	1.5070	0.1266	0.4185	0.3894	13.4107	1.5100	-2.3400
283	1.3022	1.5081	0.1254	0.4166	0.3939	13.4054	1.2820	-2.1704
284	1.3006	1.5084	0.1278	0.4113	0.3955	12.9093	1.4350	-2.3206
285	1.2983	1.5097	0.1248	0.4034	0.4008	13.4202	1.2660	-2.2768
286	1.2954	1.5113	0.1248	0.3931	0.4077	13.7512	0.7890	-2.0834
287	1.2916	1.5120	0.1260	0.3787	0.4107	13.1607	0.9960	-2.2664
288	1.2883	1.5149	0.1278	0.3666	0.4225	13.4531	0.8260	-2.0868
289	1.2852	1.5179	0.1260	0.3552	0.4351	12.6386	1.4350	-2.3726
290	1.2834	1.5207	0.1260	0.3487	0.4469	13.5997	-13.5240	6.7122
291	1.3088	1.5362	0.1248	0.4518	0.5097	13.9550	1.6330	-2.3307
292	1.3068	1.5370	0.1284	0.4452	0.5138	13.2525	1.1660	-2.2204
293	1.3046	1.5372	0.1236	0.4378	0.5156	13.9191	1.5800	-2.3816
294	1.3006	1.5380	0.1272	0.4230	0.5197	13.4003	1.5200	-2.2552
295	1.2968	1.5378	0.1278	0.4089	0.5199	13.3589	1.7560	-2.3632
296	1.2922	1.5370	0.1260	0.3915	0.5176	12.9018	1.1400	-2.1316
297	1.2870	1.5368	0.1248	0.3717	0.5177	13.7820	1.1610	-2.3302
298	1.2824	1.5360	0.1266	0.3541	0.5153	13.8971	0.4570	-1.9818
299	1.2780	1.5367	0.1213	0.3372	0.5192	14.6304	0.5330	-2.2370
300	1.2765	1.5379	0.1266	0.3321	0.5250	13.9466	0.2880	-2.1232
301	1.3350	1.5030	0.1242	0.5681	0.3853	14.0780	-0.2530	-1.8562
302	1.3344	1.5025	0.1242	0.5678	0.3833	13.2847	-0.4380	-1.9556
303	1.3352	1.5027	0.1260	0.5731	0.3841	12.9859	-1.1150	-1.5930
304	1.3342	1.5046	0.1254	0.5713	0.3921	13.9097	-1.1870	-1.8085
305	1.3352	1.5056	0.1248	0.5774	0.3961	13.1925	-1.4150	-1.7074
306	1.3332	1.5068	0.1178	0.5715	0.4010	14.8907	1.8410	-3.5026
307	1.3302	1.5077	0.1236	0.5616	0.4051	13.9817	2.4420	-4.2405
308	1.3254	1.5085	0.1302	0.5443	0.4084	13.6354	-2.6070	-1.3917
309	1.3212	1.5087	0.1260	0.5293	0.4093	13.9353	-2.8280	-1.3335
310	1.3183	1.5085	0.1218	0.5190	0.4086	14.7524	-3.1450	-1.2790
311	1.3278	1.4898	0.1248	0.5592	0.3337	14.4826	-3.5840	-1.0759
312	1.3283	1.4908	0.1254	0.5630	0.3374	14.4420	-3.4270	-1.2143
313	1.3306	1.4908	0.1154	0.5743	0.3372	15.4281	-4.0260	-0.9373
314	1.3320	1.4898	0.1272	0.5819	0.3330	14.2888	-4.2190	-0.8291
315	1.3324	1.4858	0.1248	0.5856	0.3166	14.1888	-4.3770	-0.8999
316	1.3343	1.4808	0.1272	0.5952	0.2961	14.2907	-4.1600	-0.8683
317	1.3367	1.4760	0.1266	0.6073	0.2763	14.2141	-4.5050	-0.5692
318	1.3378	1.4714	0.1272	0.6139	0.2572	14.3528	-4.9650	-0.5850
319	1.3391	1.4666	0.1248	0.6213	0.2372	14.6113	-4.6680	-0.7010
320	1.3406	1.4634	0.1260	0.6292	0.2235	14.6672	-4.7180	-0.6735
321	1.3429	1.5080	0.1248	0.6410	0.4021	13.7126	-4.9640	-0.4771
322	1.3439	1.5072	0.1272	0.6471	0.3990	14.2722	-5.7780	-0.0684
323	1.3455	1.5062	0.1236	0.6561	0.3952	14.8538	-6.3280	-0.0467
324	1.3463	1.5070	0.1278	0.6616	0.3986	14.3817	-6.1970	-0.1662
325	1.3460	1.5080	0.1207	0.6630	0.4028	15.2700	-6.5640	0.1645
326	1.3446	1.5092	0.1290	0.6596	0.4078	14.2989	-6.9950	0.3182
327	1.3435	1.5105	0.1248	0.6575	0.4135	14.7155	-7.3710	0.3718
328	1.3412	1.5131	0.1254	0.6508	0.4239	14.6748	-7.4230	0.3717
329	1.3408	1.5158	0.1242	0.6514	0.4352	14.7897	-7.5680	0.6510
330	1.3404	1.5187	0.1272	0.6520	0.4471	14.5687	-8.1420	0.8806
331	1.3152	1.5582	0.1260	0.5528	0.6067	14.3286	-7.8350	0.7179
332	1.3178	1.5611	0.1278	0.5649	0.6197	14.6187	-7.7920	0.7359
333	1.3222	1.5651	0.1236	0.5842	0.6373	14.7363	-7.8820	0.8639
334	1.3285	1.5693	0.1183	0.6114	0.6558	15.8187	-8.0930	1.0847
335	1.3350	1.5747	0.1236	0.6397	0.6795	14.9771	-11.4600	7.5275
336	1.3406	1.5807	0.1266	0.6645	0.7055	14.8827	-9.0070	4.9894
337	1.3474	1.5893	0.1254	0.6938	0.7422	15.1181	-8.8430	1.2863
338	1.3540	1.5953	0.1302	0.7230	0.7686	14.6291	-8.8830	1.4750
339	1.3619	1.6023	0.1242	0.7575	0.7992	14.9049	-8.9840	1.5877
340	1.3670	1.6080	0.1266	0.7805	0.8244	15.1816	-9.0780	1.7402
341	1.2851	1.5860	0.1260	0.4541	0.7387	15.0374	-8.8280	1.6033
342	1.2839	1.5862	0.1272	0.4499	0.7417	14.8646	-9.1100	1.9614
343	1.2836	1.5882	0.1236	0.4498	0.7519	15.2071	-9.2570	2.0007
344	1.2822	1.5896	0.1260	0.4448	0.7597	15.0121	-9.1090	2.0494
345	1.2812	1.5924	0.1248	0.4416	0.7732	15.3663	-9.4920	2.1762
346	1.2796	1.5958	0.1278	0.4358	0.7892	15.0371	-9.5730	2.2458
347	1.2786	1.6003	0.1284	0.4325	0.8096	14.2853	-9.4740	2.3595
348	1.2786	1.6060	0.1266	0.4331	0.8350	15.2439	-9.8830	2.6797
349	1.2795	1.6121	0.1254	0.4378	0.8624	15.4788	-10.0670	2.7504
350	1.2805	1.6167	0.1266	0.4424	0.8837	15.4803	-9.9380	2.7669
351	1.3042	1.4814	0.1254	0.5386	0.3420	15.2292	-10.5470	3.0705
352	1.3008	1.4784	0.1266	0.5263	0.3295	15.1163	-10.5290	3.0321
353	1.2968	1.4724	0.1242	0.5114	0.3048	15.5538	-10.3920	3.0879
354	1.2922	1.4654	0.1266	0.4941	0.2759	14.8248	-10.9110	3.3941
355	1.2849	1.4586	0.1254	0.4658	0.2477	15.5332	-10.9050	3.5278
356	1.2783	1.4516	0.1266	0.4401	0.2185	15.5402	-10.4890	3.3895
357	1.2721	1.4444	0.1189	0.4158	0.1883	16.3147	-10.5010	3.4443
358	1.2663	1.4354	0.1266	0.3930	0.1507	15.7846	-10.1270	3.5616
359	1.2622	1.4274	0.1266	0.3769	0.1169	15.2762	-9.9890	3.7082
360	1.2604	1.4226	0.1189	0.3699	0.0957	16.5761	-10.1010	3.6677
361	1.1660	1.5470	0.1172	-0.0097	0.5945	16.5705	-10.6320	4.1559
362	1.1688	1.5472	0.1260	-0.0005	0.5966	15.6562	-11.2990	4.3187
363	1.1714	1.5467	0.1236	0.0079	0.5958	15.0916	-11.3250	4.4170
364	1.1718	1.5452	0.1260	0.0075	0.5909	15.8391	-11.2840	4.1652
365	1.1720	1.5415	0.1260	0.0064	0.5771	15.9306	-11.2950	4.2426
366	1.1712	1.5380	0.1166	0.0012	0.5641	16.6121	-11.3870	4.4170
367	1.1702	1.5343	0.1260	-0.0048	0.5501	15.5750	-11.0800	4.0896
368	1.1682	1.5324	0.1218	-0.0148	0.5433	16.2839	-11.1270	4.2254
369	1.1628	1.5307	0.1248	-0.0386	0.5373	15.9002	-11.3810	4.3054
370	1.1584	1.5282	0.1254	-0.0585	0.5278	15.9131	-11.1840	4.3040
371	1.2782	1.5158	0.1172	0.4214	0.4787	16.5763	-10.6560	4.0504
372	1.2774	1.5158	0.1236	0.4189	0.4791	16.3112	-10.6040	4.1892
373	1.2756	1.5144	0.1284	0.4123	0.4740	15.5872	-10.4850	4.0726
374	1.2748	1.5130	0.1248	0.4098	0.4686	16.1704	-9.8950	3.9638
375	1.2748	1.5132	0.1248	0.4105	0.4698	16.1421	-9.9060	4.0012
376	1.2786	1.5139	0.1248	0.4262	0.4730	16.2928	-10.0470	3.8682
377	1.2842	1.5153	0.1248	0.4494	0.4787	16.0260	-10.2990	4.1974
378	1.2888	1.5158	0.1260	0.4688	0.4811	16.3865	-9.9190	3.9130
379	1.2945	1.5149	0.1236	0.4930	0.4780	16.2250	-9.8070	4.0962
380	1.2988	1.5130	0.1166	0.5111	0.4707	16.9742	-9.1710	3.6858
381	1.3092	1.4952	0.1224	0.5543	0.3994	16.3594	-9.5290	3.9966
382	1.3090	1.4947	0.1230	0.5550	0.3973	15.7357	0.7010	-2.3024
383	1.3082	1.4969	0.1230	0.5533	0.4062	16.5303	-9.7710	3.8574
384	1.3072	1.4998	0.1254	0.5507	0.4176	15.3983	-0.0150	-1.8834
385	1.3072	1.5029	0.1218	0.5520	0.4299	16.4987	-9.7200	3.9440
386	1.3059	1.5069	0.1254	0.5483	0.4463	16.4001	-10.5700	4.5352
387	1.3036	1.5092	0.1224	0.5406	0.4556	16.6691	-9.7560	3.9752
388	1.2984	1.5140	0.1242	0.5207	0.4753	16.6663	-9.7300	3.9460
389	1.2930	1.5199	0.1242	0.5002	0.4993	15.9322	-9.5670	3.9346
390	1.2884	1.5251	0.1266	0.4828	0.5209	16.3769	-9.1400	3.7956
391	1.2926	1.5566	0.1278	0.5008	0.6482	16.3170	-9.4740	4.0144
392	1.2929	1.5578	0.1266	0.5030	0.6545	16.5525	-9.1570	3.8574
393	1.2903	1.5600	0.1230	0.4937	0.6647	16.5966	-8.5780	3.6668
394	1.2881	1.5636	0.1207	0.4859	0.6806	17.0887	-8.6350	3.6010
395	1.2865	1.5661	0.1224	0.4804	0.6925	16.7896	-8.3250	3.7430
396	1.2853	1.5685	0.1260	0.4764	0.7037	16.7505	-7.7860	3.4072
397	1.2836	1.5719	0.1242	0.4704	0.7189	16.9967	-7.9630	3.6398
398	1.2821	1.5766	0.1254	0.4651	0.7399	16.1163	-7.6390	3.4510
399	1.2800	1.5820	0.1218	0.4574	0.7634	17.1053	-7.4550	3.4454
400	1.2797	1.5865	0.1195	0.4572	0.7834	17.5910	-7.3770	3.4754
401	1.2348	1.5072	0.1236	0.2772	0.4666	17.0024	-6.7980	3.1828
402	1.2378	1.5042	0.1254	0.2889	0.4547	16.8791	-6.4220	3.1032
403	1.2390	1.5022	0.1272	0.2934	0.4467	16.7543	-6.6600	3.4232
404	1.2392	1.4999	0.1266	0.2939	0.4377	16.8573	-5.5730	3.0518
405	1.2388	1.4998	0.1178	0.2920	0.4370	17.2421	-6.4980	3.2996
406	1.2378	1.5007	0.1248	0.2877	0.4407	17.1959	-6.4700	3.4096
407	1.2350	1.5021	0.1230	0.2761	0.4465	17.1427	-6.1400	3.0692
408	1.2320	1.5033	0.1143	0.2637	0.4515	18.3989	-6.4430	3.2886
409	1.2300	1.5064	0.1248	0.2552	0.4638	17.0518	-6.5610	3.3766
410	1.2295	1.5081	0.1260	0.2525	0.4709	17.2266	-6.6970	3.4766
411	1.2818	1.5224	0.1272	0.4627	0.5286	17.1075	-6.6640	3.4460
412	1.2816	1.5198	0.1272	0.4627	0.5189	16.3100	-6.2330	3.2566
413	1.2796	1.5146	0.1236	0.4554	0.4982	17.1237	-6.3820	3.1316
414	1.2766	1.5091	0.1266	0.4441	0.4767	17.3337	-5.9960	3.0760
415	1.2726	1.5067	0.1137	0.4286	0.4670	18.0792	-6.7130	3.4542
416	1.2684	1.5048	0.1254	0.4123	0.4597	17.1819	-6.3510	3.2890
417	1.2619	1.5013	0.1236	0.3864	0.4458	17.2504	-4.9660	2.7276
418	1.2550	1.4969	0.1224	0.3590	0.4281	17.6019	-5.0320	3.0672
419	1.2483	1.4922	0.1213	0.3323	0.4090	17.5385	-4.4200	2.7164
420	1.2435	1.4901	0.1254	0.3129	0.4003	16.5933	-3.8490	2.5546
421	1.2988	1.4812	0.1248	0.5353	0.3642	17.5127	-3.6740	2.7924
422	1.2978	1.4822	0.1260	0.5325	0.3678	17.4002	-3.2230	2.7726
423	1.2986	1.4850	0.1266	0.5369	0.3786	17.3000	-3.1130	2.4974
424	1.2980	1.4868	0.1242	0.5357	0.3855	17.5586	-3.1780	2.5592
425	1.2980	1.4868	0.1230	0.5369	0.3851	17.6730	-3.3330	2.7974
426	1.2970	1.4850	0.1242	0.5341	0.3776	16.8607	-2.9890	2.4666
427	1.2966	1.4838	0.1254	0.5337	0.3724	17.5695	-3.4050	2.8594
428	1.2964	1.4820	0.1230	0.5340	0.3647	18.0657	-3.2100	2.6084
429	1.2948	1.4799	0.1236	0.5287	0.3558	17.7214	-3.3820	2.7512
430	1.2932	1.4774	0.1230	0.5234	0.3452	17.8771	-2.8350	2.4502
431	1.2449	1.5420	0.1178	0.3301	0.6047	18.8340	-3.3060	2.6508
432	1.2442	1.5416	0.1224	0.3271	0.6042	17.8867	-2.5550	2.5110
433	1.2433	1.5414	0.1230	0.3233	0.6044	17.7893	-2.7340	2.6448
434	1.2398	1.5418	0.1248	0.3092	0.6069	17.6070	-2.4570	2.4338
435	1.2339	1.5423	0.1230	0.2851	0.6103	18.0902	-1.5870	2.1934
436	1.2274	1.5419	0.1143	0.2584	0.6096	19.0496	-0.6010	1.9478
437	1.2190	1.5417	0.1242	0.2244	0.6098	17.8930	-0.9480	2.3164
438	1.2117	1.5409	0.1242	0.1941	0.6075	18.1030	-0.6320	2.1380
439	1.2050	1.5399	0.1230	0.1661	0.6044	18.0397	-0.1840	1.9424
440	1.1991	1.5374	0.1178	0.1414	0.5956	19.1757	-0.0160	2.0550
441	1.2693	1.5460	0.1224	0.4225	0.6311	18.4002	0.2380	1.8541
442	1.2720	1.5478	0.1236	0.4338	0.6395	17.9928	0.2650	1.7471
443	1.2754	1.5490	0.1218	0.4482	0.6455	18.2377	0.3300	1.8824
444	1.2774	1.5520	0.1260	0.4566	0.6588	18.1267	0.3490	1.9223
445	1.2772	1.5566	0.1207	0.4567	0.6785	18.9182	-0.2130	2.2322
446	1.2749	1.5633	0.1272	0.4480	0.7070	18.1054	0.3170	1.7985
447	1.2711	1.5699	0.1260	0.4336	0.7351	17.8638	0.5760	1.7869
448	1.2664	1.5770	0.1278	0.4150	0.7653	17.9158	0.6030	1.7847
449	1.2615	1.5861	0.1248	0.3955	0.8042	17.7764	0.0870	1.9059
450	1.2585	1.5916	0.1272	0.3839	0.8282	17.1031	-0.2790	2.2268
451	1.2490	1.5550	0.1242	0.3459	0.6833	17.2601	-0.0300	2.1196
452	1.2480	1.5568	0.1166	0.3419	0.6919	19.1318	-0.7470	2.2331
453	1.2496	1.5592	0.1218	0.3483	0.7030	18.4761	-1.3430	2.3879
454	1.2498	1.5630	0.1213	0.3490	0.7197	18.4614	-1.8770	2.4674
455	1.2491	1.5666	0.1224	0.3461	0.7358	18.5289	-2.3460	2.5812
456	1.2481	1.5688	0.1201	0.3421	0.7463	18.4332	-2.8150	2.7070
457	1.2462	1.5744	0.1160	0.3343	0.7705	19.3041	-2.7480	2.7668
458	1.2424	1.5795	0.1230	0.3193	0.7930	18.8517	0.7810	1.0898
459	1.2361	1.5844	0.1242	0.2936	0.8148	18.3856	-0.3400	1.9438
460	1.2340	1.5858	0.1242	0.2848	0.8224	18.6416	0.4730	1.7929
461	1.2168	1.6026	0.1224	0.2151	0.8922	18.6437	0.7780	1.8120
462	1.2154	1.6026	0.1213	0.2087	0.8947	18.8167	0.4650	2.0436
463	1.2136	1.6022	0.1248	0.2004	0.8958	17.7841	1.3330	1.6111
464	1.2107	1.6030	0.1236	0.1881	0.9016	19.0731	1.5750	1.5418
465	1.2061	1.6025	0.1254	0.1684	0.9019	18.5917	1.0230	1.8048
466	1.1965	1.6025	0.1236	0.1288	0.9045	18.7787	1.2100	1.5204
467	1.1859	1.5991	0.1230	0.0847	0.8935	18.8226	0.6940	1.8106
468	1.1727	1.5971	0.1266	0.0299	0.8880	18.9614	1.0050	1.7766
469	1.1600	1.5941	0.1224	-0.0229	0.8784	18.8383	0.8920	1.7228
470	1.1498	1.5905	0.1248	-0.0665	0.8663	18.8743	0.5720	1.5598
471	1.2398	1.5472	0.1272	0.2934	0.6942	18.7907	-0.2500	2.0400
472	1.2428	1.5489	0.1224	0.3052	0.7021	18.4548	0.5090	1.8529
473	1.2468	1.5524	0.1126	0.3211	0.7173	20.0153	0.9000	1.7406
474	1.2522	1.5569	0.1254	0.3428	0.7367	18.9235	0.5130	1.7114
475	1.2542	1.5619	0.1137	0.3509	0.7586	20.2964	1.0540	1.5163
476	1.2544	1.5660	0.1248	0.3518	0.7766	18.9406	0.5660	1.8311
477	1.2584	1.5687	0.1254	0.3680	0.7890	18.9601	1.7370	1.4284
478	1.2674	1.5665	0.1236	0.4044	0.7818	19.0877	2.5560	1.1079
479	1.2814	1.5593	0.1242	0.4612	0.7546	19.2853	3.5530	0.9901
480	1.2910	1.5526	0.1236	0.5006	0.7292	18.5551	3.4330	1.1481
481	1.1624	1.5468	0.1230	-0.0159	0.7072	19.0588	2.8050	1.2209
482	1.1634	1.5474	0.1149	-0.0141	0.7107	20.1863	0.6800	1.9961
483	1.1598	1.5510	0.1213	-0.0308	0.7263	19.4536	-0.4520	1.9090
484	1.1548	1.5596	0.1236	-0.0531	0.7621	19.5577	-2.1470	2.2543
485	1.1460	1.5728	0.1224	-0.0909	0.8166	19.5528	-2.6430	2.2389
486	1.1370	1.5893	0.1260	-0.1298	0.8852	19.1561	-3.4510	2.4838
487	1.1318	1.6064	0.1236	-0.1535	0.9562	19.8323	-4.0320	2.7348
488	1.1228	1.6262	0.1236	-0.1927	1.0386	18.6314	-3.6540	2.4838
489	1.1112	1.6454	0.1248	-0.2426	1.1190	19.5732	-2.5580	2.2791
490	1.1040	1.6614	0.1260	-0.2750	1.1871	18.8642	-2.5270	2.4545
491	1.1790	1.5996	0.1242	0.0232	0.9422	19.4568	-1.3910	2.1239
492	1.1738	1.6016	0.1248	0.0005	0.9527	19.7686	-0.7400	2.0898
493	1.1628	1.6055	0.1166	-0.0457	0.9708	20.3096	-1.3230	2.2998
494	1.1468	1.6136	0.1242	-0.1123	1.0061	19.6054	-1.6580	2.2927
495	1.1270	1.6266	0.1242	-0.1945	1.0615	19.6372	-1.7630	2.3346
496	1.1072	1.6405	0.1254	-0.2773	1.1206	20.0046	-0.5870	1.8949
497	1.0908	1.6550	0.1290	-0.3469	1.1824	18.7106	-0.4460	2.0953
498	1.0751	1.6734	0.1308	-0.4142	1.2604	19.5946	0.2510	1.7961
499	1.0560	1.6893	0.1333	-0.4955	1.3285	19.6361	2.3480	1.4397
500	1.0390	1.7024	0.1345	-0.5688	1.3860	19.5783	3.0730	3.1086
501	1.0292	1.7099	0.1321	-0.6135	1.4215	19.6462	3.1620	1.2615
502	1.0130	1.7217	0.1308	-0.6842	1.4743	18.8620	4.1427	1.0897
503	1.0003	1.7353	0.1224	-0.7412	1.5346	20.2586	4.0000	1.0350
504	0.9911	1.7538	0.1254	-0.7843	1.6148	19.6365	3.9650	0.9828
505	0.9794	1.7738	0.1166	-0.8380	1.7017	20.6664	3.6670	1.0310
506	0.9686	1.7938	0.1236	-0.8880	1.7890	19.9153	4.3640	0.8194
507	0.9629	1.8108	0.1254	-0.9182	1.8648	19.6735	6.7980	0.1651
508	0.9622	1.8244	0.1236	-0.9283	1.9273	20.2756	7.4990	0.0069
509	0.9660	1.8402	0.1236	-0.9200	1.9990	20.0694	6.1800	0.3948
510	0.9674	1.8519	0.1242	-0.9214	2.0000	20.2611	5.2890	0.5281
511	1.1010	1.5560	0.1143	-0.3908	0.8635	21.0608	9.0860	-2.1565
512	1.1000	1.5622	0.1339	-0.3986	0.8899	19.4528	3.1540	0.8115
513	1.1024	1.5686	0.1428	-0.3927	0.9172	19.9198	2.2050	0.8540
514	1.1074	1.5740	0.1587	-0.3762	0.9406	19.4925	2.4680	0.8224
515	1.1149	1.5799	0.1877	-0.3496	0.9661	18.9981	2.4210	0.7382
516	1.1233	1.5869	0.2085	-0.3193	0.9963	18.3458	1.7540	1.0892
517	1.1301	1.5939	0.2101	-0.2949	1.0266	18.3214	1.4020	1.1021
518	1.1348	1.6011	0.1947	-0.2792	1.0580	19.8559	0.7740	1.2328
519	1.1386	1.6072	0.1764	-0.2665	1.0852	19.0541	0.7790	0.9963
520	1.1437	1.6105	0.1434	-0.2488	1.1012	20.9379	1.0310	1.1181
521	1.1796	1.6720	0.1308	-0.1070	1.3514	20.2883	-0.2040	1.5081
522	1.1806	1.6766	0.1242	-0.1048	1.3742	20.5703	-0.2520	1.0828
523	1.1836	1.6781	0.1132	-0.0946	1.3846	21.3945	2.7060	0.3943
524	1.1893	1.6781	0.1236	-0.0733	1.3893	20.5270	3.5020	0.4949
525	1.1946	1.6797	0.1278	-0.0532	1.4001	20.1686	5.0850	0.0335
526	1.2001	1.6803	0.1302	-0.0324	1.4068	20.3907	5.5680	-0.0786
527	1.2062	1.6762	0.1321	-0.0091	1.3950	20.1393	6.0240	-0.2141
528	1.2114	1.6672	0.1333	0.0104	1.3631	20.6371	6.6250	-0.4555
529	1.2151	1.6547	0.1389	0.0243	1.3172	19.9286	6.6080	-0.3406
530	1.2138	1.6425	0.1460	0.0182	1.2718	20.2555	5.3280	-0.1445
531	1.1760	1.5780	0.1533	-0.1347	1.0157	19.2737	4.2260	0.0350
532	1.1706	1.5741	0.1621	-0.1583	1.0018	19.6343	2.9060	0.3837
533	1.1638	1.5729	0.1699	-0.1875	0.9991	19.4213	2.3690	0.3333
534	1.1555	1.5725	0.1749	-0.2233	0.9991	19.6223	1.5240	0.4137
535	1.1478	1.5703	0.1862	-0.2564	0.9923	18.9595	0.5170	0.6615
536	1.1376	1.5708	0.1947	-0.3002	0.9958	18.4027	-0.1220	0.8466
537	1.1275	1.5734	0.2035	-0.3435	1.0083	19.1687	-0.7680	1.0573
538	1.1165	1.5787	0.2052	-0.3910	1.0313	19.3944	-0.6290	0.6693
539	1.1052	1.5853	0.1987	-0.4396	1.0600	20.3503	-1.5380	1.1555
540	1.0965	1.5935	0.2027	-0.4784	1.0952	18.4143	-1.5040	1.0490
541	1.1189	1.5640	0.1801	-0.3919	0.9786	20.9013	-0.3760	0.5190
542	1.1240	1.5610	0.1713	-0.3747	0.9681	20.1629	-0.6080	1.0569
543	1.1282	1.5610	0.1519	-0.3611	0.9696	19.8880	-0.9590	0.9853
544	1.1325	1.5604	0.1466	-0.3466	0.9689	20.4156	0.3410	0.4540
545	1.1339	1.5593	0.1333	-0.3442	0.9659	21.3991	1.5030	0.3882
546	1.1322	1.5594	0.1248	-0.3538	0.9676	21.6969	2.5310	-0.1503
547	1.1300	1.5584	0.1224	-0.3658	0.9652	21.5849	3.2020	0.1494
548	1.1296	1.5600	0.1248	-0.3702	0.9732	20.9116	4.5500	-0.3616
549	1.1299	1.5627	0.1218	-0.3723	0.9853	21.0035	2.5260	0.3168
550	1.1308	1.5653	0.1213	-0.3716	0.9973	21.3363	1.9430	0.0692
551	1.0330	1.3774	0.1248	-0.7681	0.2428	21.2338	-0.2300	0.8455
552	1.0308	1.3804	0.1383	-0.7824	0.2518	21.0033	-2.7960	1.4103
553	1.0248	1.3836	0.1663	-0.8120	0.2617	18.7696	-2.4030	1.0298
554	1.0142	1.3890	0.1931	-0.8603	0.2805	19.6799	-3.4230	1.5178
555	1.0062	1.3934	0.2356	-0.8984	0.2954	15.6322	-3.7260	1.4517
556	0.9973	1.3995	0.2859	-0.9403	0.3172	18.0200	-3.9780	1.4975
557	0.9872	1.4053	0.2903	-0.9874	0.3380	17.4780	-4.7490	1.9972
558	0.9775	1.4105	0.2730	-1.0327	0.3567	19.4400	-4.5390	1.8655
559	0.9668	1.4147	0.2576	-1.0829	0.3714	19.9856	-4.0840	1.8234
560	0.9576	1.4177	0.2292	-1.1268	0.3815	18.9300	-4.2320	1.8957
561	0.7830	1.2940	0.1931	-1.8369	-0.1186	19.6741	-3.9000	1.6901
562	0.7860	1.2878	0.1663	-1.8365	-0.1487	19.9576	-1.1840	1.1465
563	0.7864	1.2834	0.1546	-1.8465	-0.1717	20.9053	-0.3590	0.7965
564	0.7858	1.2792	0.1594	-1.8605	-0.1940	20.4251	0.6320	0.6933
565	0.7854	1.2756	0.1607	-1.8738	-0.2140	20.9064	1.8050	0.6032
566	0.7827	1.2766	0.1642	-1.8961	-0.2156	20.3010	1.8670	0.5765
567	0.7820	1.2826	0.1559	-1.9107	-0.1971	20.6290	1.9340	0.5733
568	0.7859	1.2896	0.1383	-1.9067	-0.1743	21.7774	3.2420	0.2183
569	0.7876	1.2956	0.1296	-1.9115	-0.1554	21.2116	1.7670	0.9785
570	0.7906	1.3010	0.1248	-1.9109	-0.1388	21.3923	1.0490	1.0625
571	0.9346	1.3482	0.1154	-1.3429	0.0462	22.2439	-0.7930	1.2014
572	0.9356	1.3476	0.1327	-1.3467	0.0400	20.9254	-1.8900	1.3592
573	0.9316	1.3506	0.1519	-1.3707	0.0481	20.8735	-3.2350	1.6564
574	0.9258	1.3547	0.2011	-1.4020	0.0610	18.1868	-4.2470	1.9680
575	0.9226	1.3591	0.2440	-1.4230	0.0751	19.2461	-5.0300	2.2090
576	0.9196	1.3621	0.2925	-1.4432	0.0837	17.4095	-5.0070	1.8685
577	0.9168	1.3649	0.3335	-1.4628	0.0916	17.3694	-6.3270	2.3620
578	0.9150	1.3679	0.3550	-1.4783	0.1003	16.1018	-7.5110	2.6194
579	0.9134	1.3715	0.3388	-1.4932	0.1115	17.2195	-8.4180	3.0905
580	0.9122	1.3739	0.3017	-1.5064	0.1180	20.3647	-8.8110	3.1112
581	1.1722	1.6636	0.2292	-0.4683	1.2807	21.1274	-0.1450	-2.2500
582	1.1704	1.6650	0.1621	-0.4775	1.2904	22.5012	-7.5830	2.9817
583	1.1681	1.6702	0.1308	-0.4888	1.3155	22.0238	-7.6670	3.0692
584	1.1646	1.6768	0.1278	-0.5049	1.3463	21.5516	-7.6040	3.1649
585	1.1565	1.6843	0.1327	-0.5397	1.3808	21.3020	-7.7010	3.1670
586	1.1450	1.6919	0.1566	-0.5883	1.4163	20.1786	-7.1730	3.1570
587	1.1286	1.7002	0.1824	-0.6569	1.4543	20.0554	-5.9800	2.9825
588	1.1113	1.7063	0.2449	-0.7295	1.4838	16.5681	-6.2020	3.1435
589	1.0956	1.7128	0.2914	-0.7963	1.5152	16.4367	-6.6640	3.3943
590	1.0798	1.7177	0.3271	-0.8638	1.5404	15.9702	-6.9710	3.2803
591	1.3956	1.3188	0.3677	0.4031	-0.0599	16.9084	-8.4420	3.6884
592	1.3986	1.3198	0.3441	0.4189	-0.0604	17.6052	-10.9730	4.3898
593	1.4066	1.3180	0.2994	0.4548	-0.0723	17.8269	-11.9930	4.4018
594	1.4160	1.3142	0.2310	0.4964	-0.0920	21.1776	-12.2120	4.4424
595	1.4232	1.3090	0.1939	0.5298	-0.1175	22.1009	-11.3430	4.2686
596	1.4272	1.3052	0.1600	0.5500	-0.1375	20.0062	-9.8030	3.6794
597	1.4261	1.3041	0.1408	0.5501	-0.1471	21.6779	-8.3910	3.6782
598	1.4234	1.3051	0.1428	0.5435	-0.1478	21.2154	-5.4340	2.8176
599	1.4180	1.3079	0.1402	0.5264	-0.1413	21.5491	-4.1050	2.5670
600	1.4144	1.3092	0.1447	0.5160	-0.1409	21.9440	-2.8510	2.6962
601	1.3548	1.3267	0.1742	0.2801	-0.0754	20.2181	-0.1760	1.8760
602	1.3542	1.3288	0.1931	0.2804	-0.0712	20.0615	-0.0110	1.9642
603	1.3582	1.3263	0.2035	0.2991	-0.0856	19.5371	2.0550	1.1647
604	1.3636	1.3188	0.2019	0.3235	-0.1201	21.3120	3.5570	1.2509
605	1.3716	1.3063	0.1892	0.3585	-0.1749	21.6799	1.6470	2.0587
606	1.3834	1.2904	0.1685	0.4091	-0.2438	21.8566	-2.3030	2.3279
607	1.3950	1.2755	0.1699	0.4591	-0.3090	20.7553	-3.2430	2.8527
608	1.4024	1.2592	0.1614	0.4925	-0.3802	20.7390	-3.5960	2.5480
609	1.4096	1.2404	0.1327	0.5255	-0.4619	22.0466	-2.3630	2.3674
610	1.4141	1.2246	0.1321	0.5475	-0.5319	21.3401	0.4070	1.6774
