1	0.0000	0.0000	0.0000	0.0000	0.0000	0.0000
2	0.0000	0.0000	0.1345	0.0000	0.0000	0.0000
3	0.0000	0.0000	0.1440	0.0000	0.0000	0.0000
4	0.0000	0.0000	0.1440	0.0000	0.0000	0.0000
5	0.0000	0.0000	0.1434	0.0000	0.0000	0.0000
6	0.0000	0.0000	0.1434	0.0000	0.0000	0.0000
7	0.0000	0.0000	0.1447	0.0000	0.0000	0.0000
8	0.0000	0.0000	0.1428	0.0000	0.0000	0.0000
9	0.0000	0.0000	0.1434	0.0000	0.0000	0.0000
10	0.0000	0.0000	0.1453	0.0000	0.0000	0.0000
11	1.2545	1.4769	0.1428	0.0000	0.0000	4.0094
12	1.2531	1.4765	0.1453	0.0000	0.0000	4.0876
13	1.2509	1.4758	0.1447	0.0000	0.0000	4.0522
14	1.2479	1.4748	0.1453	0.0000	0.0000	4.0492
15	1.2440	1.4734	0.1440	0.0000	0.0000	3.2174
16	1.2397	1.4721	0.1428	0.0000	0.0000	4.4514
17	1.2338	1.4701	0.1428	0.0000	0.0000	3.3381
18	1.2268	1.4679	0.1339	0.0000	0.0000	5.7793
19	1.2189	1.4653	0.1408	0.0000	0.0000	4.8016
20	1.2119	1.4630	0.1447	0.0000	0.0000	4.6396
21	1.2546	1.4849	0.1428	0.0000	0.0000	4.8150
22	1.2533	1.4846	0.1453	0.0000	0.0000	4.6989
23	1.2512	1.4841	0.1421	0.0000	0.0000	4.9228
24	1.2483	1.4834	0.1453	0.0000	0.0000	4.8551
25	1.2446	1.4824	0.1415	0.0000	0.0000	5.3519
26	1.2400	1.4811	0.1460	0.0000	0.0000	4.8011
27	1.2349	1.4796	0.1434	0.0000	0.0000	5.2033
28	1.2286	1.4779	0.1408	0.0000	0.0000	5.5378
29	1.2223	1.4775	0.1327	0.0000	0.0000	6.6370
30	1.2155	1.4776	0.1447	0.0000	0.0000	4.1941
31	1.2673	1.4828	0.1447	0.0000	0.0000	5.5381
32	1.2654	1.4842	0.1453	0.0000	0.0000	5.4061
33	1.2627	1.4837	0.1440	0.0000	0.0000	5.7117
34	1.2597	1.4812	0.1440	0.0000	0.0000	5.9188
35	1.2552	1.4758	0.1447	0.0000	0.0000	5.7221
36	1.2477	1.4699	0.1440	0.0000	0.0000	5.8158
37	1.2410	1.4631	0.1333	0.0000	0.0000	7.3019
38	1.2355	1.4559	0.1466	0.0000	0.0000	5.8416
39	1.2306	1.4463	0.1434	0.0000	0.0000	6.1323
40	1.2265	1.4400	0.1345	0.0000	0.0000	7.6116
41	1.2639	1.5202	0.1327	0.0000	0.0000	7.6001
42	1.2626	1.5199	0.1453	0.0000	0.0000	6.2902
43	1.2619	1.5178	0.1434	0.0000	0.0000	6.3528
44	1.2603	1.5190	0.1447	0.0000	0.0000	6.4624
45	1.2576	1.5195	0.1415	0.0000	0.0000	6.8139
46	1.2549	1.5182	0.1466	0.0000	0.0000	6.3747
47	1.2531	1.5162	0.1415	0.0000	0.0000	7.0344
48	1.2512	1.5146	0.1453	0.0000	0.0000	6.6937
49	1.2523	1.5144	0.1434	0.0000	0.0000	6.8863
50	1.2542	1.5134	0.1447	0.0000	0.0000	6.7715
51	1.2612	1.5042	0.1421	0.0000	0.0000	6.1640
52	1.2647	1.5029	0.1327	0.0000	0.0000	8.4308
53	1.2687	1.5022	0.1428	0.0000	0.0000	7.2510
54	1.2725	1.4964	0.1453	0.0000	0.0000	7.0059
55	1.2771	1.4906	0.1434	0.0000	0.0000	7.3912
56	1.2812	1.4856	0.1440	0.0000	0.0000	7.3239
57	1.2858	1.4759	0.1434	0.0000	0.0000	7.5474
58	1.2916	1.4640	0.1460	0.0000	0.0000	7.3009
59	1.2986	1.4540	0.1440	0.0000	0.0000	7.8164
60	1.3028	1.4436	0.1460	0.0000	0.0000	7.5545
61	1.2761	1.5141	0.1447	0.0000	0.0000	7.7302
62	1.2707	1.5184	0.1434	0.0000	0.0000	7.0189
63	1.2713	1.5231	0.1296	0.0000	0.0000	9.4526
64	1.2653	1.5403	0.1421	0.0000	0.0000	8.3570
65	1.2666	1.5588	0.1434	0.0000	0.0000	7.9539
66	1.2718	1.5712	0.1453	0.0000	0.0000	8.1114
67	1.2697	1.5657	0.1428	0.0000	0.0000	8.3188
68	1.2669	1.5605	0.1453	0.0000	0.0000	8.3321
69	1.2703	1.5701	0.1428	0.0000	0.0000	8.4741
70	1.2607	1.5802	0.1460	0.0000	0.0000	8.4559
71	1.2716	1.5332	0.1440	0.0000	0.0000	8.5019
72	1.2858	1.5355	0.1421	0.0000	0.0000	8.9506
73	1.2953	1.5189	0.1447	0.0000	0.0000	8.2573
74	1.2912	1.4938	0.1434	0.0000	0.0000	8.8821
75	1.2829	1.4655	0.1421	0.0000	0.0000	8.8002
76	1.2696	1.4198	0.1447	0.0000	0.0000	8.9424
77	1.2511	1.3755	0.1428	0.0000	0.0000	9.0041
78	1.2382	1.3287	0.1358	0.0000	0.0000	9.2576
79	1.2488	1.2657	0.1321	0.0000	0.0000	10.5621
80	1.2600	1.2126	0.1466	0.0000	0.0000	7.9809
81	1.2479	1.5450	0.1440	0.0000	0.0000	9.4658
82	1.2126	1.5597	0.1440	0.0000	0.0000	9.4137
83	1.1864	1.5712	0.1434	0.0000	0.0000	9.2516
84	1.1651	1.5788	0.1434	0.0000	0.0000	9.7807
85	1.1453	1.5698	0.1308	0.0000	0.0000	10.9147
86	1.1286	1.5606	0.1447	0.0000	0.0000	9.7773
87	1.1047	1.5419	0.1440	0.0000	0.0000	9.5500
88	1.0800	1.5211	0.1453	0.0000	0.0000	9.7890
89	1.0556	1.5060	0.1428	0.0000	0.0000	9.9319
90	1.0349	1.4953	0.1428	0.0000	0.0000	10.2522
91	1.2644	1.4975	0.1421	0.0000	0.0000	10.0247
92	1.2637	1.4899	0.1440	0.0000	0.0000	10.3132
93	1.2718	1.4737	0.1428	0.0000	0.0000	10.0377
94	1.2733	1.4672	0.1434	0.0000	0.0000	10.4211
95	1.2625	1.4781	0.1421	0.0000	0.0000	10.4511
96	1.2308	1.5056	0.1447	0.0000	0.0000	10.2710
97	1.1836	1.5429	0.1428	0.0000	0.0000	10.6562
98	1.1287	1.5576	0.1447	0.0000	0.0000	10.3630
99	1.0632	1.5809	0.1415	0.0000	0.0000	10.8442
100	0.9982	1.6078	0.1434	0.0000	0.0000	10.8746
101	1.2496	1.5023	0.1440	0.0000	0.0000	9.6743
102	1.2553	1.5021	0.1434	0.0000	0.0000	10.9539
103	1.2670	1.4922	0.1408	0.0000	0.0000	9.9737
104	1.2951	1.4723	0.1327	0.0000	0.0000	12.4524
105	1.3330	1.4357	0.1428	0.0000	0.0000	11.2083
106	1.3869	1.3866	0.1460	0.0000	0.0000	10.9462
107	1.4386	1.3329	0.1434	0.0000	0.0000	11.2193
108	1.4856	1.2580	0.1453	0.0000	0.0000	11.3127
109	1.5322	1.1730	0.1440	0.0000	0.0000	11.4231
110	1.5774	1.0965	0.1453	0.0000	0.0000	11.3879
111	1.2604	1.5218	0.1415	0.0000	0.0000	11.7578
112	1.2547	1.5121	0.1453	0.0000	0.0000	10.3480
113	1.2552	1.5129	0.1230	0.0000	0.0000	14.0978
114	1.2540	1.5248	0.1453	0.0000	0.0000	11.5144
115	1.2701	1.5351	0.1408	0.0000	0.0000	12.0921
116	1.2861	1.5421	0.1447	0.0000	0.0000	11.9459
117	1.3189	1.5508	0.1421	0.0000	0.0000	12.2173
118	1.3515	1.5524	0.1460	0.0000	0.0000	11.7466
119	1.3900	1.5510	0.1415	0.0000	0.0000	12.4538
120	1.4128	1.5334	0.1440	0.0000	0.0000	12.1795
121	1.2622	1.5495	0.1440	0.0000	0.0000	12.1946
122	1.2807	1.5438	0.1440	0.0000	0.0000	12.3370
123	1.2918	1.5491	0.1415	0.0000	0.0000	12.8016
124	1.3051	1.5587	0.1447	0.0000	0.0000	12.4128
125	1.3261	1.5731	0.1434	0.0000	0.0000	12.7821
126	1.3503	1.5825	0.1333	0.0000	0.0000	14.0590
127	1.3950	1.5889	0.1428	0.0000	0.0000	12.8281
128	1.4514	1.5986	0.1440	0.0000	0.0000	12.8103
129	1.5074	1.6090	0.1402	0.0000	0.0000	11.9943
130	1.5421	1.6226	0.1333	0.0000	0.0000	14.4258
131	1.2520	1.5336	0.1434	0.0000	0.0000	12.1510
132	1.2572	1.5409	0.1321	0.0000	0.0000	14.5294
133	1.2440	1.5498	0.1440	0.0000	0.0000	13.2404
134	1.2364	1.5537	0.1440	0.0000	0.0000	12.2465
135	1.2169	1.5377	0.1327	0.0000	0.0000	14.7560
136	1.1757	1.4884	0.1434	0.0000	0.0000	13.7550
137	1.1022	1.4566	0.1428	0.0000	0.0000	12.4024
138	1.0316	1.4052	0.1440	0.0000	0.0000	13.7695
139	0.9603	1.3759	0.1421	0.0000	0.0000	13.6397
140	0.9165	1.3637	0.1440	0.0000	0.0000	13.7816
141	1.2255	1.5524	0.1421	0.0000	0.0000	13.8293
142	1.2156	1.5528	0.1447	0.0000	0.0000	14.0369
143	1.1889	1.5301	0.1434	0.0000	0.0000	13.8253
144	1.1829	1.5170	0.1440	0.0000	0.0000	14.0156
145	1.1752	1.5162	0.1421	0.0000	0.0000	14.2704
146	1.1596	1.5099	0.1460	0.0000	0.0000	13.9929
147	1.1430	1.4813	0.1447	0.0000	0.0000	14.2328
148	1.1006	1.4329	0.1434	0.0000	0.0000	13.2764
149	1.0482	1.3940	0.1345	0.0000	0.0000	15.6595
150	0.9949	1.3629	0.1447	0.0000	0.0000	13.3189
151	1.2233	1.5970	0.1434	0.0000	0.0000	14.8234
152	1.2333	1.5972	0.1506	0.0000	0.0000	14.1963
153	1.2364	1.6076	0.1453	0.0000	0.0000	14.7989
154	1.2387	1.6105	0.1479	0.0000	0.0000	14.9422
155	1.2237	1.5946	0.1473	0.0000	0.0000	14.7720
156	1.1947	1.6098	0.1473	0.0000	0.0000	14.9804
157	1.1714	1.6279	0.1440	0.0000	0.0000	14.1878
158	1.1530	1.6237	0.1460	0.0000	0.0000	15.0897
159	1.0949	1.6174	0.1466	0.0000	0.0000	15.2158
160	1.0445	1.6223	0.1370	0.0000	0.0000	16.4137
161	1.2068	1.5027	0.1352	0.0000	0.0000	16.6614
162	1.1605	1.4857	0.1466	0.0000	0.0000	15.3689
163	1.1185	1.4847	0.1358	0.0000	0.0000	16.7383
164	1.1000	1.4521	0.1453	0.0000	0.0000	15.6867
165	1.0829	1.4389	0.1447	0.0000	0.0000	15.8299
166	1.0744	1.4350	0.1460	0.0000	0.0000	15.8093
167	1.0836	1.4129	0.1440	0.0000	0.0000	15.9993
168	1.0780	1.3617	0.1486	0.0000	0.0000	15.5055
169	1.0511	1.3328	0.1428	0.0000	0.0000	16.1202
170	1.0429	1.3201	0.1479	0.0000	0.0000	15.7920
171	1.2229	1.5095	0.1440	0.0000	0.0000	16.1472
172	1.2131	1.5231	0.1460	0.0000	0.0000	15.9813
173	1.1946	1.5469	0.1466	0.0000	0.0000	16.2218
174	1.2062	1.5465	0.1493	0.0000	0.0000	15.8393
175	1.2450	1.5075	0.1447	0.0000	0.0000	16.4246
176	1.2851	1.4831	0.1453	0.0000	0.0000	16.4202
177	1.3586	1.4460	0.1339	0.0000	0.0000	17.7313
178	1.4464	1.3882	0.1453	0.0000	0.0000	16.7055
179	1.4919	1.3640	0.1453	0.0000	0.0000	16.7034
180	1.5601	1.3045	0.1460	0.0000	0.0000	16.6987
181	1.2277	1.5369	0.1473	0.0000	0.0000	16.4838
182	1.2777	1.5414	0.1473	0.0000	0.0000	15.5481
183	1.3430	1.5364	0.1440	0.0000	0.0000	17.1124
184	1.3950	1.5570	0.1486	0.0000	0.0000	16.6846
185	1.4319	1.5477	0.1453	0.0000	0.0000	16.9617
186	1.4768	1.5593	0.1479	0.0000	0.0000	17.0384
187	1.5468	1.5641	0.1493	0.0000	0.0000	15.8635
188	1.6397	1.5419	0.1466	0.0000	0.0000	17.4876
189	1.7485	1.5115	0.1473	0.0000	0.0000	17.3521
190	1.8622	1.4826	0.1506	0.0000	0.0000	17.2797
191	1.1965	1.5190	0.1493	0.0000	0.0000	17.4400
192	1.1752	1.5197	0.1370	0.0000	0.0000	19.0460
193	1.1622	1.5068	0.1466	0.0000	0.0000	17.7254
194	1.1541	1.5015	0.1506	0.0000	0.0000	17.4390
195	1.1584	1.4962	0.1460	0.0000	0.0000	18.0245
196	1.1628	1.5006	0.1493	0.0000	0.0000	17.7565
197	1.1697	1.4989	0.1486	0.0000	0.0000	17.7837
198	1.1867	1.5107	0.1466	0.0000	0.0000	18.2216
199	1.2177	1.5330	0.1512	0.0000	0.0000	17.9184
200	1.2490	1.5586	0.1499	0.0000	0.0000	18.2249
201	0.0020	0.0060	0.1533	0.0000	0.0000	18.1373
202	0.0065	0.0110	0.1553	0.0000	0.0000	18.2955
203	0.0106	0.0000	0.1559	0.0000	0.0000	17.6780
204	0.0163	0.0000	0.1607	0.0000	0.0000	18.0986
205	0.0283	0.0000	0.1656	0.0000	0.0000	17.8341
206	0.0198	0.0000	0.1713	0.0000	0.0000	17.9676
207	0.0000	0.0095	0.1735	0.0000	0.0000	17.9045
208	0.0000	0.0071	0.1779	0.0000	0.0000	17.7691
209	0.0000	0.0066	0.1794	0.0000	0.0000	17.7191
210	0.0000	0.0162	0.1809	0.0000	0.0000	17.8905
211	0.0000	0.0096	0.1764	0.0000	0.0000	17.9065
212	0.0000	0.0273	0.1735	0.0000	0.0000	17.1955
213	0.0096	0.0250	0.1614	0.0000	0.0000	19.6904
214	0.0125	0.0370	0.1728	0.0000	0.0000	18.1221
215	0.0098	0.0293	0.1764	0.0000	0.0000	18.3103
216	0.0000	0.0264	0.1786	0.0000	0.0000	18.0950
217	0.0000	0.0176	0.1831	0.0000	0.0000	18.2621
218	0.0000	0.0313	0.1877	0.0000	0.0000	17.8880
219	0.0000	0.0335	0.1923	0.0000	0.0000	18.3658
220	0.0000	0.0347	0.2011	0.0000	0.0000	16.7019
221	0.0000	0.0102	0.2093	0.0000	0.0000	17.6343
222	0.0000	0.0204	0.2221	0.0000	0.0000	17.3429
223	0.0000	0.0325	0.2274	0.0000	0.0000	17.6881
224	0.0000	0.0392	0.2356	0.0000	0.0000	16.8760
225	0.0000	0.0466	0.2274	0.0000	0.0000	17.3944
226	0.0000	0.0575	0.2161	0.0000	0.0000	18.2411
227	0.0000	0.0808	0.2019	0.0000	0.0000	18.1355
228	0.0000	0.1328	0.1908	0.0000	0.0000	19.0978
229	0.0000	0.1941	0.1831	0.0000	0.0000	18.8755
230	0.0000	0.2381	0.1854	0.0000	0.0000	18.4875
231	1.1890	1.5633	0.1900	0.0000	0.0000	18.7313
232	1.1494	1.6114	0.2085	0.0000	0.0000	16.2451
233	1.1185	1.6179	0.2265	0.0000	0.0000	18.1671
234	1.0658	1.6259	0.2546	0.0000	0.0000	16.4402
235	1.0260	1.6326	0.2657	0.0000	0.0000	16.9542
236	1.0054	1.6361	0.2709	0.0000	0.0000	16.5280
237	0.9728	1.6164	0.2688	0.0000	0.0000	16.9069
238	0.9146	1.5904	0.2586	0.0000	0.0000	17.8889
239	0.8666	1.5700	0.2337	0.0000	0.0000	19.2358
240	0.8023	1.5250	0.2135	0.0000	0.0000	19.3315
241	1.2019	1.5718	0.1955	0.0000	0.0000	19.4493
242	1.2314	1.5547	0.1916	0.0000	0.0000	19.0437
243	1.2527	1.5303	0.1939	0.0000	0.0000	18.5725
244	1.2836	1.5043	0.1900	0.0000	0.0000	20.1237
245	1.3175	1.4747	0.2178	0.0000	0.0000	18.6069
246	1.3233	1.4401	0.2507	0.0000	0.0000	16.7655
247	1.3168	1.4031	0.2730	0.0000	0.0000	17.1714
248	1.3016	1.3622	0.2994	0.0000	0.0000	16.1640
249	1.2788	1.3317	0.3064	0.0000	0.0000	16.0934
250	1.2457	1.3087	0.2959	0.0000	0.0000	17.2807
251	1.1700	1.5503	0.2761	0.0000	0.0000	17.1027
252	1.1660	1.5668	0.2283	0.0000	0.0000	20.8635
253	1.1490	1.5846	0.2043	0.0000	0.0000	20.1553
254	1.1445	1.5619	0.1939	0.0000	0.0000	19.8572
255	1.1296	1.5420	0.1869	0.0000	0.0000	18.5628
256	1.0877	1.5085	0.1854	0.0000	0.0000	20.6378
257	1.0167	1.4463	0.2152	0.0000	0.0000	19.0948
258	0.9224	1.3716	0.2468	0.0000	0.0000	17.2159
259	0.8378	1.3296	0.2657	0.0000	0.0000	17.0880
260	0.7559	1.2589	0.2848	0.0000	0.0000	17.0040
261	1.3956	1.6808	0.2903	0.0000	0.0000	14.8429
262	1.4018	1.6998	0.2870	0.0000	0.0000	17.7371
263	1.3902	1.7253	0.2772	0.0000	0.0000	17.6547
264	1.3697	1.7328	0.2698	0.0000	0.0000	18.0588
265	1.3459	1.7442	0.2517	0.0000	0.0000	18.2190
266	1.3281	1.7571	0.2374	0.0000	0.0000	19.3544
267	1.3029	1.7600	0.2221	0.0000	0.0000	18.7612
268	1.2719	1.7748	0.2085	0.0000	0.0000	19.8268
269	1.2484	1.7957	0.2101	0.0000	0.0000	18.9875
270	1.2002	1.8504	0.2292	0.0000	0.0000	18.9636
271	1.1993	1.5495	0.2586	0.0000	0.0000	16.9869
272	1.1816	1.6039	0.2719	0.0000	0.0000	18.1512
273	1.1686	1.6465	0.2994	0.0000	0.0000	17.0270
274	1.1475	1.6823	0.3160	0.0000	0.0000	16.7140
275	1.1295	1.7234	0.3160	0.0000	0.0000	16.9502
276	1.1064	1.7687	0.3064	0.0000	0.0000	17.2999
277	1.0768	1.7934	0.2751	0.0000	0.0000	18.1716
278	1.0441	1.8041	0.2488	0.0000	0.0000	19.8122
279	1.0159	1.8043	0.2204	0.0000	0.0000	20.9691
280	0.9804	1.8015	0.2068	0.0000	0.0000	20.4007
281	1.1786	1.5180	0.1979	0.0000	0.0000	20.0009
282	1.2142	1.5071	0.2101	0.0000	0.0000	19.5784
283	1.2431	1.4962	0.2230	0.0000	0.0000	19.5495
284	1.2852	1.4960	0.2688	0.0000	0.0000	15.1203
285	1.3620	1.4900	0.2971	0.0000	0.0000	17.5546
286	1.4482	1.4688	0.3310	0.0000	0.0000	16.0632
287	1.5447	1.4210	0.3414	0.0000	0.0000	16.2853
288	1.6342	1.3843	0.3310	0.0000	0.0000	17.0464
289	1.7090	1.3504	0.2959	0.0000	0.0000	20.3972
290	1.7853	1.3018	0.2815	0.0000	0.0000	19.1080
291	1.1469	1.5230	0.2365	0.0000	0.0000	20.6557
292	1.1304	1.5147	0.2169	0.0000	0.0000	19.2263
293	1.0800	1.5089	0.1971	0.0000	0.0000	20.5142
294	1.0304	1.4714	0.2011	0.0000	0.0000	19.8914
295	0.9580	1.4086	0.2118	0.0000	0.0000	19.4970
296	0.9257	1.3179	0.2412	0.0000	0.0000	18.3935
297	0.9374	1.1799	0.2647	0.0000	0.0000	18.4672
298	0.9682	1.0061	0.3064	0.0000	0.0000	16.1470
299	0.9821	0.8650	0.2994	0.0000	0.0000	19.3618
300	1.0135	0.6679	0.3209	0.0000	0.0000	17.1541
301	1.1732	1.5079	0.3148	0.0000	0.0000	17.0605
302	1.1674	1.5016	0.2937	0.0000	0.0000	18.5137
303	1.1600	1.4934	0.2793	0.0000	0.0000	18.0854
304	1.1505	1.4673	0.2556	0.0000	0.0000	19.8105
305	1.1170	1.4667	0.2430	0.0000	0.0000	18.9555
306	1.1221	1.4554	0.2365	0.0000	0.0000	19.5239
307	1.1390	1.4143	0.2412	0.0000	0.0000	19.2533
308	1.1724	1.3646	0.2556	0.0000	0.0000	18.4266
309	1.1763	1.3495	0.2688	0.0000	0.0000	18.1910
310	1.2079	1.3156	0.2982	0.0000	0.0000	16.9683
311	1.2041	1.5036	0.3099	0.0000	0.0000	17.6970
312	1.2127	1.5170	0.3234	0.0000	0.0000	17.4820
313	1.2166	1.5274	0.2925	0.0000	0.0000	19.8555
314	1.2212	1.5320	0.2892	0.0000	0.0000	19.5626
315	1.2364	1.5441	0.2677	0.0000	0.0000	18.7315
316	1.2701	1.5506	0.2507	0.0000	0.0000	19.6642
317	1.2673	1.5406	0.2365	0.0000	0.0000	19.4596
318	1.2634	1.5125	0.2337	0.0000	0.0000	19.5615
319	1.2785	1.4848	0.2402	0.0000	0.0000	19.0468
320	1.3315	1.3987	0.2606	0.0000	0.0000	17.1781
321	0.6472	1.3768	0.2761	0.0000	0.0000	18.5612
322	0.6426	1.3605	0.3005	0.0000	0.0000	17.8377
323	0.6520	1.3165	0.3123	0.0000	0.0000	17.8968
324	0.6630	1.2626	0.3172	0.0000	0.0000	17.7700
325	0.6639	1.1885	0.3123	0.0000	0.0000	17.6397
326	0.6619	1.1228	0.3005	0.0000	0.0000	18.7519
327	0.6525	1.0681	0.2859	0.0000	0.0000	18.3005
328	0.6199	1.0349	0.2719	0.0000	0.0000	19.2964
329	0.5974	1.0170	0.2616	0.0000	0.0000	19.1309
330	0.5463	0.9753	0.2616	0.0000	0.0000	18.9479
331	1.1506	1.4610	0.2586	0.0000	0.0000	19.2442
332	1.0763	1.4112	0.2730	0.0000	0.0000	16.3817
333	0.9919	1.3532	0.2647	0.0000	0.0000	20.7145
334	0.9166	1.2750	0.2937	0.0000	0.0000	18.6557
335	0.8290	1.2111	0.3076	0.0000	0.0000	17.4997
336	0.7695	1.1430	0.3111	0.0000	0.0000	17.6399
337	0.6693	1.0762	0.3064	0.0000	0.0000	17.5239
338	0.5776	1.0228	0.2837	0.0000	0.0000	20.1286
339	0.4866	0.9850	0.2881	0.0000	0.0000	18.5594
340	0.3727	0.9390	0.2848	0.0000	0.0000	18.5360
341	1.1768	1.5263	0.2815	0.0000	0.0000	18.3041
342	1.1593	1.5081	0.2783	0.0000	0.0000	18.7180
343	1.1401	1.4820	0.2804	0.0000	0.0000	18.6752
344	1.1406	1.4800	0.2837	0.0000	0.0000	18.2750
345	1.1431	1.5005	0.2826	0.0000	0.0000	18.7464
346	1.1526	1.5121	0.2870	0.0000	0.0000	18.3167
347	1.1544	1.5293	0.2892	0.0000	0.0000	18.7120
348	1.1536	1.5332	0.3005	0.0000	0.0000	17.8632
349	1.1546	1.5220	0.2948	0.0000	0.0000	18.5813
350	1.1699	1.5138	0.2925	0.0000	0.0000	18.0741
351	1.2173	1.6080	0.2859	0.0000	0.0000	19.0258
352	1.2071	1.6099	0.2903	0.0000	0.0000	18.2535
353	1.2146	1.5945	0.2837	0.0000	0.0000	18.6468
354	1.2128	1.5805	0.2848	0.0000	0.0000	18.5169
355	1.1980	1.5802	0.2881	0.0000	0.0000	18.3296
356	1.1976	1.5769	0.2892	0.0000	0.0000	18.4204
357	1.1936	1.5975	0.2937	0.0000	0.0000	16.0361
358	1.1842	1.6355	0.2751	0.0000	0.0000	20.5369
359	1.1996	1.6577	0.2892	0.0000	0.0000	18.5527
360	1.2209	1.6997	0.3005	0.0000	0.0000	18.0423
361	1.2029	1.4768	0.3029	0.0000	0.0000	18.1011
362	1.2116	1.4484	0.3017	0.0000	0.0000	18.3643
363	1.2436	1.4180	0.2793	0.0000	0.0000	20.4676
364	1.2604	1.3906	0.3076	0.0000	0.0000	17.7513
365	1.2974	1.3597	0.3040	0.0000	0.0000	16.2607
366	1.3452	1.3407	0.3064	0.0000	0.0000	17.4334
367	1.4030	1.3331	0.3064	0.0000	0.0000	18.1345
368	1.4857	1.3359	0.3123	0.0000	0.0000	15.6617
369	1.5651	1.3376	0.2881	0.0000	0.0000	20.1852
370	1.6564	1.3218	0.3064	0.0000	0.0000	18.2488
371	1.2260	1.5430	0.3087	0.0000	0.0000	16.1059
372	1.2760	1.5631	0.2859	0.0000	0.0000	20.6907
373	1.3122	1.5884	0.3052	0.0000	0.0000	17.9206
374	1.3438	1.6152	0.3064	0.0000	0.0000	16.1771
375	1.3791	1.6291	0.3029	0.0000	0.0000	18.4449
376	1.4145	1.6266	0.3111	0.0000	0.0000	17.7621
377	1.4119	1.6482	0.3017	0.0000	0.0000	17.8845
378	1.4129	1.6719	0.3040	0.0000	0.0000	17.9392
379	1.4235	1.6773	0.2959	0.0000	0.0000	18.4872
380	1.4229	1.7058	0.2925	0.0000	0.0000	18.5720
381	1.1757	1.5123	0.2870	0.0000	0.0000	18.3834
382	1.1725	1.5030	0.2848	0.0000	0.0000	18.5566
383	1.1541	1.5100	0.2657	0.0000	0.0000	20.7338
384	1.1235	1.5269	0.2870	0.0000	0.0000	18.1900
385	1.1007	1.5653	0.2903	0.0000	0.0000	16.7112
386	1.0740	1.5930	0.2740	0.0000	0.0000	20.7130
387	1.0521	1.6181	0.2914	0.0000	0.0000	18.5431
388	1.0161	1.6586	0.2783	0.0000	0.0000	20.7586
389	0.9801	1.7124	0.2982	0.0000	0.0000	18.1523
390	0.9468	1.7722	0.2925	0.0000	0.0000	19.0940
391	1.2037	1.5290	0.2971	0.0000	0.0000	18.0714
392	1.1975	1.5450	0.2903	0.0000	0.0000	18.6959
393	1.1854	1.5766	0.2914	0.0000	0.0000	17.8937
394	1.1651	1.5994	0.2982	0.0000	0.0000	18.3954
395	1.1346	1.6260	0.2948	0.0000	0.0000	18.5959
396	1.1021	1.6443	0.2994	0.0000	0.0000	18.0255
397	1.0808	1.6572	0.2971	0.0000	0.0000	18.2024
398	1.0482	1.6714	0.2925	0.0000	0.0000	18.4330
399	1.0295	1.7009	0.2925	0.0000	0.0000	18.1007
400	0.9901	1.7585	0.2925	0.0000	0.0000	18.5525
401	1.3820	1.6451	0.2870	0.0000	0.0000	19.1430
402	1.3997	1.6561	0.2677	0.0000	0.0000	20.9959
403	1.4151	1.6807	0.2870	0.0000	0.0000	18.4922
404	1.4274	1.6939	0.2903	0.0000	0.0000	16.5846
405	1.4440	1.6754	0.2698	0.0000	0.0000	21.0978
406	1.4743	1.6533	0.2959	0.0000	0.0000	18.7439
407	1.5018	1.6458	0.2994	0.0000	0.0000	16.3136
408	1.5210	1.6253	0.3087	0.0000	0.0000	17.9624
409	1.5453	1.6240	0.2994	0.0000	0.0000	18.7795
410	1.5660	1.6289	0.3040	0.0000	0.0000	17.8487
411	1.2023	1.5406	0.2959	0.0000	0.0000	18.9767
412	1.1885	1.5278	0.2948	0.0000	0.0000	18.6596
413	1.1594	1.5028	0.2914	0.0000	0.0000	18.4079
414	1.1181	1.4897	0.2903	0.0000	0.0000	18.6637
415	1.0750	1.4705	0.2914	0.0000	0.0000	18.6405
416	1.0410	1.4171	0.2959	0.0000	0.0000	18.0793
417	1.0320	1.3373	0.2914	0.0000	0.0000	18.4248
418	1.0355	1.2551	0.2903	0.0000	0.0000	19.1317
419	1.0406	1.1752	0.2783	0.0000	0.0000	20.5258
420	1.0211	1.0907	0.2982	0.0000	0.0000	18.2610
421	1.2191	1.5090	0.2959	0.0000	0.0000	16.3496
422	1.2325	1.5050	0.2783	0.0000	0.0000	20.5382
423	1.2364	1.4900	0.2959	0.0000	0.0000	18.2176
424	1.2361	1.4768	0.2793	0.0000	0.0000	20.8672
425	1.2316	1.4776	0.2994	0.0000	0.0000	18.4817
426	1.2346	1.4811	0.3064	0.0000	0.0000	15.7044
427	1.2441	1.5068	0.2859	0.0000	0.0000	20.5219
428	1.2303	1.5575	0.3076	0.0000	0.0000	18.5174
429	1.1994	1.6159	0.3064	0.0000	0.0000	18.4229
430	1.1487	1.6869	0.3017	0.0000	0.0000	18.1861
431	1.2056	1.5520	0.2971	0.0000	0.0000	18.1912
432	1.1916	1.5752	0.2892	0.0000	0.0000	18.6213
433	1.1859	1.6022	0.2826	0.0000	0.0000	18.5784
434	1.1757	1.6613	0.2815	0.0000	0.0000	18.7231
435	1.1641	1.7195	0.2793	0.0000	0.0000	18.7889
436	1.1438	1.8090	0.2826	0.0000	0.0000	18.6082
437	1.1415	1.8988	0.2848	0.0000	0.0000	18.9984
438	1.1387	1.9712	0.2994	0.0000	0.0000	17.7340
439	1.1406	2.0019	0.2783	0.0000	0.0000	21.2908
440	1.1323	2.0416	0.3076	0.0000	0.0000	16.2663
441	1.2010	1.5001	0.3111	0.0000	0.0000	18.0042
442	1.1847	1.4884	0.3017	0.0000	0.0000	19.4196
443	1.1686	1.4716	0.3005	0.0000	0.0000	18.2674
444	1.1287	1.4568	0.2982	0.0000	0.0000	18.4409
445	1.0781	1.4557	0.2892	0.0000	0.0000	18.8938
446	1.0408	1.4268	0.2914	0.0000	0.0000	16.7758
447	1.0003	1.3810	0.2698	0.0000	0.0000	21.1076
448	0.9351	1.2891	0.3005	0.0000	0.0000	18.1764
449	0.8715	1.2037	0.3040	0.0000	0.0000	18.3210
450	0.8044	1.0899	0.3111	0.0000	0.0000	18.1386
451	1.2120	1.5641	0.3087	0.0000	0.0000	18.3137
452	1.2222	1.5687	0.3087	0.0000	0.0000	18.4276
453	1.2515	1.5794	0.3005	0.0000	0.0000	18.9783
454	1.2818	1.5921	0.2982	0.0000	0.0000	16.5666
455	1.3178	1.5917	0.2626	0.0000	0.0000	21.5708
456	1.3606	1.5768	0.2815	0.0000	0.0000	18.8951
457	1.4110	1.5924	0.2848	0.0000	0.0000	16.9188
458	1.4895	1.6019	0.3005	0.0000	0.0000	18.4355
459	1.5764	1.6206	0.3087	0.0000	0.0000	18.1093
460	1.6763	1.6569	0.3221	0.0000	0.0000	15.1551
461	1.2590	1.5877	0.3221	0.0000	0.0000	18.0043
462	1.2483	1.5936	0.3259	0.0000	0.0000	17.8990
463	1.2110	1.5883	0.2994	0.0000	0.0000	20.0873
464	1.1662	1.5772	0.3148	0.0000	0.0000	18.0352
465	1.1053	1.5584	0.3017	0.0000	0.0000	17.3345
466	1.0290	1.5661	0.2870	0.0000	0.0000	20.3205
467	0.9686	1.5692	0.2937	0.0000	0.0000	18.7948
468	0.9001	1.5533	0.2925	0.0000	0.0000	16.5450
469	0.8295	1.5480	0.2914	0.0000	0.0000	18.5315
470	0.7400	1.5492	0.3017	0.0000	0.0000	18.6227
471	1.2175	1.4721	0.3052	0.0000	0.0000	16.1503
472	1.2249	1.4384	0.2859	0.0000	0.0000	21.0747
473	1.2108	1.3872	0.3040	0.0000	0.0000	18.3331
474	1.1937	1.3440	0.3064	0.0000	0.0000	18.5072
475	1.1850	1.2768	0.2994	0.0000	0.0000	18.9080
476	1.1700	1.2054	0.3017	0.0000	0.0000	18.5008
477	1.1449	1.1418	0.2937	0.0000	0.0000	18.7008
478	1.1241	1.0732	0.2948	0.0000	0.0000	18.3356
479	1.1039	1.0210	0.2982	0.0000	0.0000	18.0218
480	1.0717	0.9768	0.2959	0.0000	0.0000	18.4220
481	1.2144	1.5100	0.2982	0.0000	0.0000	18.3652
482	1.2242	1.4899	0.3040	0.0000	0.0000	17.9851
483	1.2310	1.4702	0.2982	0.0000	0.0000	18.7117
484	1.2179	1.4532	0.3040	0.0000	0.0000	17.8729
485	1.2191	1.4579	0.2994	0.0000	0.0000	15.7125
486	1.2429	1.4582	0.3052	0.0000	0.0000	18.0794
487	1.2710	1.4615	0.3017	0.0000	0.0000	18.9856
488	1.3085	1.4746	0.3064	0.0000	0.0000	18.0441
489	1.3414	1.4735	0.3076	0.0000	0.0000	18.0121
490	1.3992	1.4787	0.3017	0.0000	0.0000	16.5937
491	1.1978	1.4992	0.2948	0.0000	0.0000	18.4573
492	1.1914	1.4715	0.2959	0.0000	0.0000	18.5436
493	1.1759	1.4495	0.2903	0.0000	0.0000	19.1390
494	1.1459	1.4309	0.2937	0.0000	0.0000	18.3835
495	1.1057	1.4253	0.2903	0.0000	0.0000	18.6979
496	1.0775	1.4169	0.3017	0.0000	0.0000	15.8612
497	1.0593	1.3910	0.2751	0.0000	0.0000	20.9499
498	1.0671	1.3817	0.3076	0.0000	0.0000	17.9257
499	1.0727	1.3670	0.3135	0.0000	0.0000	17.7672
500	1.0723	1.3419	0.3135	0.0000	0.0000	18.6071
501	1.2054	1.5331	0.3135	0.0000	0.0000	18.3546
502	1.1973	1.5218	0.3087	0.0000	0.0000	18.4647
503	1.1790	1.4986	0.2982	0.0000	0.0000	18.8338
504	1.1493	1.4694	0.2925	0.0000	0.0000	19.0855
505	1.1182	1.4542	0.2881	0.0000	0.0000	18.4204
506	1.0785	1.4335	0.2925	0.0000	0.0000	17.9775
507	1.0121	1.4219	0.2751	0.0000	0.0000	20.8354
508	0.9423	1.4203	0.2804	0.0000	0.0000	20.7393
509	0.8884	1.3950	0.3017	0.0000	0.0000	18.4278
510	0.8557	1.3804	0.3099	0.0000	0.0000	17.9830
511	1.1929	1.5430	0.2925	0.0000	0.0000	20.3944
512	1.1527	1.6080	0.3135	0.0000	0.0000	17.8848
513	1.1119	1.7039	0.3099	0.0000	0.0000	18.0942
514	1.0936	1.7887	0.3123	0.0000	0.0000	17.7902
515	1.0611	1.9073	0.3087	0.0000	0.0000	18.2341
516	1.0423	2.0323	0.3040	0.0000	0.0000	18.8197
517	1.0271	2.1695	0.3040	0.0000	0.0000	18.2289
518	1.0104	2.3350	0.2959	0.0000	0.0000	17.3223
519	0.9999	2.4351	0.2903	0.0000	0.0000	18.6924
520	0.9658	2.5788	0.2859	0.0000	0.0000	19.4763
521	1.2380	1.6164	0.2837	0.0000	0.0000	19.0886
522	1.2549	1.6293	0.2914	0.0000	0.0000	18.6810
523	1.2801	1.6728	0.2959	0.0000	0.0000	18.2327
524	1.2988	1.7186	0.3029	0.0000	0.0000	17.9374
525	1.3324	1.7476	0.3029	0.0000	0.0000	18.0521
526	1.3756	1.7863	0.3076	0.0000	0.0000	18.5172
527	1.3950	1.8217	0.3064	0.0000	0.0000	17.9538
528	1.4030	1.8591	0.3029	0.0000	0.0000	18.5081
529	1.4172	1.8787	0.2948	0.0000	0.0000	19.0502
530	1.4341	1.9386	0.2925	0.0000	0.0000	18.5389
531	1.2104	1.5128	0.2903	0.0000	0.0000	19.1620
532	1.2016	1.4781	0.2719	0.0000	0.0000	19.2865
533	1.1870	1.4757	0.2761	0.0000	0.0000	20.9505
534	1.1574	1.5131	0.2937	0.0000	0.0000	18.9900
535	1.1610	1.5646	0.3005	0.0000	0.0000	16.3632
536	1.1787	1.5851	0.3005	0.0000	0.0000	18.3665
537	1.1879	1.5960	0.3005	0.0000	0.0000	16.5799
538	1.1926	1.6155	0.2881	0.0000	0.0000	20.6255
539	1.1961	1.6238	0.2859	0.0000	0.0000	18.6332
540	1.1739	1.6293	0.3111	0.0000	0.0000	16.3597
541	1.2259	1.5460	0.3135	0.0000	0.0000	17.3193
542	1.2279	1.5447	0.3111	0.0000	0.0000	18.3295
543	1.2424	1.5419	0.3064	0.0000	0.0000	17.8567
544	1.2669	1.5303	0.3029	0.0000	0.0000	18.5270
545	1.2892	1.5063	0.2994	0.0000	0.0000	18.7296
546	1.3021	1.4718	0.3040	0.0000	0.0000	18.0317
547	1.3403	1.4494	0.3017	0.0000	0.0000	18.2074
548	1.3814	1.4357	0.2971	0.0000	0.0000	18.8990
549	1.4029	1.4074	0.2971	0.0000	0.0000	18.5578
550	1.4148	1.3911	0.2959	0.0000	0.0000	18.4739
551	1.4497	1.3409	0.2925	0.0000	0.0000	18.7882
552	1.4573	1.2830	0.2994	0.0000	0.0000	18.0492
553	1.4431	1.2359	0.2925	0.0000	0.0000	18.7935
554	1.4278	1.1712	0.2982	0.0000	0.0000	18.0848
555	1.4039	1.1060	0.2959	0.0000	0.0000	18.6018
556	1.4005	1.0331	0.2948	0.0000	0.0000	18.6344
557	1.4326	0.9395	0.2959	0.0000	0.0000	16.9494
558	1.4897	0.8549	0.2772	0.0000	0.0000	20.9567
559	1.5358	0.7838	0.3017	0.0000	0.0000	17.8955
560	1.5990	0.7119	0.2994	0.0000	0.0000	18.7616
561	1.6478	0.6394	0.3005	0.0000	0.0000	18.3868
562	1.6812	0.5507	0.2959	0.0000	0.0000	18.5054
563	1.7259	0.4534	0.2948	0.0000	0.0000	18.7637
564	1.7894	0.3407	0.2959	0.0000	0.0000	18.8509
565	1.8377	0.2050	0.2971	0.0000	0.0000	18.5956
566	1.8881	0.0599	0.2994	0.0000	0.0000	18.4241
567	1.9515	0.0000	0.2948	0.0000	0.0000	18.6549
568	2.0097	0.0000	0.3017	0.0000	0.0000	16.6812
569	2.0716	0.0000	0.2783	0.0000	0.0000	21.0695
570	2.1433	0.0000	0.3064	0.0000	0.0000	18.4852
1	0.0000	0.0000	0.0000	0.0000	0.0000	0.0000
2	0.0000	0.0000	0.1428	0.0000	0.0000	0.0000
3	0.0000	0.0000	0.1415	0.0000	0.0000	0.0000
4	0.0000	0.0000	0.1434	0.0000	0.0000	0.0000
5	0.0000	0.0000	0.1428	0.0000	0.0000	0.0000
6	0.0000	0.0000	0.1415	0.0000	0.0000	0.0000
7	0.0000	0.0000	0.1296	0.0000	0.0000	0.0000
8	0.0000	0.0000	0.1421	0.0000	0.0000	0.0000
9	0.0000	0.0000	0.1415	0.0000	0.0000	0.0000
10	0.0000	0.0000	0.1428	0.0000	0.0000	0.0000
11	1.2466	1.4880	0.1389	0.0000	0.0000	4.1707
12	1.2457	1.4879	0.1434	0.0000	0.0000	4.0739
13	1.2442	1.4877	0.1408	0.0000	0.0000	4.1541
14	1.2423	1.4874	0.1434	0.0000	0.0000	3.0394
15	1.2400	1.4872	0.1383	0.0000	0.0000	4.5675
16	1.2383	1.4873	0.1428	0.0000	0.0000	4.0738
17	1.2357	1.4873	0.1415	0.0000	0.0000	4.6323
18	1.2325	1.4873	0.1421	0.0000	0.0000	4.8248
19	1.2289	1.4873	0.1415	0.0000	0.0000	4.7908
20	1.2254	1.4873	0.1428	0.0000	0.0000	4.7580
21	1.2466	1.5380	0.1428	0.0000	0.0000	4.7083
22	1.2457	1.5300	0.1402	0.0000	0.0000	4.9155
23	1.2442	1.5217	0.1428	0.0000	0.0000	4.6757
24	1.2422	1.5135	0.1408	0.0000	0.0000	3.9992
25	1.2395	1.5052	0.1396	0.0000	0.0000	5.4905
26	1.2361	1.4971	0.1428	0.0000	0.0000	5.2361
27	1.2321	1.4889	0.1408	0.0000	0.0000	5.3631
28	1.2264	1.4806	0.1408	0.0000	0.0000	5.2517
29	1.2203	1.4728	0.1421	0.0000	0.0000	5.4903
30	1.2147	1.4671	0.1402	0.0000	0.0000	5.5382
31	1.2489	1.5597	0.1428	0.0000	0.0000	5.4899
32	1.2476	1.5594	0.1447	0.0000	0.0000	5.5188
33	1.2484	1.5592	0.1408	0.0000	0.0000	5.8229
34	1.2473	1.5596	0.1440	0.0000	0.0000	5.8865
35	1.2445	1.5635	0.1302	0.0000	0.0000	7.0534
36	1.2416	1.5674	0.1415	0.0000	0.0000	4.9044
37	1.2402	1.5709	0.1315	0.0000	0.0000	7.3646
38	1.2421	1.5729	0.1396	0.0000	0.0000	6.4306
39	1.2420	1.5759	0.1428	0.0000	0.0000	6.0473
40	1.2422	1.5757	0.1333	0.0000	0.0000	7.4375
41	1.2378	1.5116	0.1415	0.0000	0.0000	6.2407
42	1.2398	1.5136	0.1453	0.0000	0.0000	6.2212
43	1.2424	1.5131	0.1415	0.0000	0.0000	6.5267
44	1.2445	1.5124	0.1447	0.0000	0.0000	6.4602
45	1.2471	1.5116	0.1415	0.0000	0.0000	6.8120
46	1.2495	1.5103	0.1428	0.0000	0.0000	6.6673
47	1.2509	1.5103	0.1421	0.0000	0.0000	5.7620
48	1.2502	1.5003	0.1284	0.0000	0.0000	8.6844
49	1.2499	1.4903	0.1402	0.0000	0.0000	7.0986
50	1.2505	1.4833	0.1447	0.0000	0.0000	6.8566
51	1.2242	1.4903	0.1428	0.0000	0.0000	7.1778
52	1.2237	1.5045	0.1428	0.0000	0.0000	7.2561
53	1.2217	1.5221	0.1428	0.0000	0.0000	7.3359
54	1.2179	1.5438	0.1408	0.0000	0.0000	7.4624
55	1.2174	1.5638	0.1421	0.0000	0.0000	7.3184
56	1.2177	1.5834	0.1440	0.0000	0.0000	7.4758
57	1.2198	1.5996	0.1415	0.0000	0.0000	7.7473
58	1.2203	1.6084	0.1339	0.0000	0.0000	8.8986
59	1.2213	1.6163	0.1402	0.0000	0.0000	7.7469
60	1.2217	1.6158	0.1428	0.0000	0.0000	7.7308
61	1.2344	1.5214	0.1415	0.0000	0.0000	8.0340
62	1.2088	1.5471	0.1440	0.0000	0.0000	7.7272
63	1.2008	1.5676	0.1447	0.0000	0.0000	7.6612
64	1.2242	1.5732	0.1421	0.0000	0.0000	8.0636
65	1.2573	1.5736	0.1396	0.0000	0.0000	7.2795
66	1.2854	1.5708	0.1434	0.0000	0.0000	8.1930
67	1.3088	1.5725	0.1402	0.0000	0.0000	8.5442
68	1.3460	1.5785	0.1447	0.0000	0.0000	7.9346
69	1.3840	1.6022	0.1434	0.0000	0.0000	8.4947
70	1.4303	1.6443	0.1408	0.0000	0.0000	9.0077
71	1.2570	1.5316	0.1321	0.0000	0.0000	10.0560
72	1.2601	1.5549	0.1421	0.0000	0.0000	8.5611
73	1.2538	1.5804	0.1428	0.0000	0.0000	8.7513
74	1.2414	1.5779	0.1421	0.0000	0.0000	8.8462
75	1.2246	1.5682	0.1421	0.0000	0.0000	8.6557
76	1.1991	1.5606	0.1440	0.0000	0.0000	9.0688
77	1.1716	1.5576	0.1415	0.0000	0.0000	8.9567
78	1.1459	1.5518	0.1352	0.0000	0.0000	10.2733
79	1.1103	1.5515	0.1415	0.0000	0.0000	9.1804
80	1.0942	1.5273	0.1421	0.0000	0.0000	8.6777
81	1.2528	1.5430	0.1402	0.0000	0.0000	9.4370
82	1.2532	1.5387	0.1434	0.0000	0.0000	9.5639
83	1.2500	1.5254	0.1408	0.0000	0.0000	9.4537
84	1.2602	1.4930	0.1428	0.0000	0.0000	9.7405
85	1.2846	1.4590	0.1408	0.0000	0.0000	9.6778
86	1.3023	1.4309	0.1434	0.0000	0.0000	9.8839
87	1.3141	1.3947	0.1383	0.0000	0.0000	10.1531
88	1.3083	1.3588	0.1440	0.0000	0.0000	10.0263
89	1.3008	1.3179	0.1339	0.0000	0.0000	11.1775
90	1.2884	1.3000	0.1434	0.0000	0.0000	10.2335
91	1.2257	1.4683	0.1440	0.0000	0.0000	10.1020
92	1.2107	1.4696	0.1396	0.0000	0.0000	10.4211
93	1.2024	1.4641	0.1383	0.0000	0.0000	10.7227
94	1.2050	1.4405	0.1434	0.0000	0.0000	10.3559
95	1.2179	1.4105	0.1415	0.0000	0.0000	10.2940
96	1.2394	1.3766	0.1396	0.0000	0.0000	9.6214
97	1.2537	1.3477	0.1327	0.0000	0.0000	11.9998
98	1.2748	1.3245	0.1447	0.0000	0.0000	10.8376
99	1.2994	1.3052	0.1421	0.0000	0.0000	10.8511
100	1.3093	1.3022	0.1453	0.0000	0.0000	10.7521
101	1.2886	1.4849	0.1415	0.0000	0.0000	10.9292
102	1.2891	1.4785	0.1447	0.0000	0.0000	10.7974
103	1.2851	1.4732	0.1377	0.0000	0.0000	11.7555
104	1.2879	1.4638	0.1434	0.0000	0.0000	11.1840
105	1.2957	1.4477	0.1421	0.0000	0.0000	11.1684
106	1.3198	1.4160	0.1440	0.0000	0.0000	11.3267
107	1.3451	1.4000	0.1421	0.0000	0.0000	11.3898
108	1.3757	1.3814	0.1447	0.0000	0.0000	11.4672
109	1.4188	1.3392	0.1415	0.0000	0.0000	11.8841
110	1.4407	1.3004	0.1339	0.0000	0.0000	12.3807
111	1.2502	1.4869	0.1421	0.0000	0.0000	10.6739
112	1.2717	1.4827	0.1440	0.0000	0.0000	11.7050
113	1.2920	1.4765	0.1402	0.0000	0.0000	11.9461
114	1.3124	1.4586	0.1428	0.0000	0.0000	10.8950
115	1.3479	1.4442	0.1421	0.0000	0.0000	11.8671
116	1.3954	1.4317	0.1440	0.0000	0.0000	12.1533
117	1.4292	1.4123	0.1428	0.0000	0.0000	12.0715
118	1.4417	1.3990	0.1440	0.0000	0.0000	12.1012
119	1.4577	1.3628	0.1434	0.0000	0.0000	11.3779
120	1.4764	1.3342	0.1327	0.0000	0.0000	13.6634
121	1.2577	1.5379	0.1428	0.0000	0.0000	12.2925
122	1.2744	1.5456	0.1434	0.0000	0.0000	12.4184
123	1.2882	1.5565	0.1421	0.0000	0.0000	12.5319
124	1.2980	1.5735	0.1428	0.0000	0.0000	11.7007
125	1.2984	1.6077	0.1302	0.0000	0.0000	14.2885
126	1.2968	1.6378	0.1428	0.0000	0.0000	12.8023
127	1.2911	1.6656	0.1434	0.0000	0.0000	12.7369
128	1.2981	1.6856	0.1408	0.0000	0.0000	13.2645
129	1.3170	1.6893	0.1428	0.0000	0.0000	13.1676
130	1.3413	1.6965	0.1434	0.0000	0.0000	13.0369
131	1.2490	1.5313	0.1296	0.0000	0.0000	14.7114
132	1.2492	1.5200	0.1440	0.0000	0.0000	13.1004
133	1.2702	1.5072	0.1415	0.0000	0.0000	13.4367
134	1.2988	1.4970	0.1415	0.0000	0.0000	13.5795
135	1.3259	1.4720	0.1434	0.0000	0.0000	13.4816
136	1.3553	1.4400	0.1315	0.0000	0.0000	14.9896
137	1.3900	1.4334	0.1421	0.0000	0.0000	13.7378
138	1.4213	1.4276	0.1440	0.0000	0.0000	12.5105
139	1.4682	1.4290	0.1421	0.0000	0.0000	13.7688
140	1.5156	1.4465	0.1421	0.0000	0.0000	14.0402
141	1.2501	1.5161	0.1408	0.0000	0.0000	14.2158
142	1.2455	1.5042	0.1428	0.0000	0.0000	12.9294
143	1.2415	1.4856	0.1428	0.0000	0.0000	14.1993
144	1.2420	1.4934	0.1428	0.0000	0.0000	14.2780
145	1.2373	1.4970	0.1453	0.0000	0.0000	13.8421
146	1.2228	1.4989	0.1428	0.0000	0.0000	14.4197
147	1.2065	1.4861	0.1408	0.0000	0.0000	14.5475
148	1.1788	1.4694	0.1460	0.0000	0.0000	14.3522
149	1.1399	1.4559	0.1377	0.0000	0.0000	14.0278
150	1.1109	1.4132	0.1473	0.0000	0.0000	14.6081
151	0.0046	0.0167	0.1402	0.0000	0.0000	14.9936
152	0.0344	0.0126	0.1440	0.0000	0.0000	15.1071
153	0.0511	0.0154	0.1421	0.0000	0.0000	14.7834
154	0.0800	0.0451	0.1434	0.0000	0.0000	15.0203
155	0.1257	0.0535	0.1408	0.0000	0.0000	14.0453
156	0.1629	0.0690	0.1339	0.0000	0.0000	16.6255
157	0.2067	0.0837	0.1428	0.0000	0.0000	15.1489
158	0.2392	0.0730	0.1434	0.0000	0.0000	15.5665
159	0.2736	0.0746	0.1428	0.0000	0.0000	15.5307
160	0.3103	0.0781	0.1460	0.0000	0.0000	15.0766
161	0.0003	0.0000	0.1440	0.0000	0.0000	15.5119
162	0.0003	0.0119	0.1466	0.0000	0.0000	15.3295
163	0.0007	0.0325	0.1440	0.0000	0.0000	15.4749
164	0.0000	0.0420	0.1460	0.0000	0.0000	15.5666
165	0.0000	0.0763	0.1421	0.0000	0.0000	16.0647
166	0.0010	0.1299	0.1352	0.0000	0.0000	17.0763
167	0.0000	0.1406	0.1408	0.0000	0.0000	16.1886
168	0.0000	0.1391	0.1440	0.0000	0.0000	15.9641
169	0.0007	0.1527	0.1421	0.0000	0.0000	16.2196
170	0.0245	0.1383	0.1453	0.0000	0.0000	16.2823
171	0.0175	0.0277	0.1421	0.0000	0.0000	16.5038
172	0.0456	0.0600	0.1440	0.0000	0.0000	16.4049
173	0.0691	0.0822	0.1440	0.0000	0.0000	16.6124
174	0.0820	0.1453	0.1339	0.0000	0.0000	17.8259
175	0.0939	0.1950	0.1447	0.0000	0.0000	16.6229
176	0.1094	0.2315	0.1466	0.0000	0.0000	16.3923
177	0.1175	0.2798	0.1408	0.0000	0.0000	17.0034
178	0.1205	0.3002	0.1447	0.0000	0.0000	16.9563
179	0.1210	0.3386	0.1327	0.0000	0.0000	18.2771
180	0.1237	0.3828	0.1453	0.0000	0.0000	16.9031
181	0.0132	0.0100	0.1440	0.0000	0.0000	15.9411
182	0.0568	0.0356	0.1352	0.0000	0.0000	18.3970
183	0.1046	0.0536	0.1434	0.0000	0.0000	17.3173
184	0.1567	0.0947	0.1466	0.0000	0.0000	16.1000
185	0.2100	0.1240	0.1428	0.0000	0.0000	17.2334
186	0.2681	0.1547	0.1473	0.0000	0.0000	16.0515
187	0.3346	0.1984	0.1466	0.0000	0.0000	17.2245
188	0.3870	0.2294	0.1466	0.0000	0.0000	17.4158
189	0.4303	0.2713	0.1473	0.0000	0.0000	17.5263
190	0.4687	0.3195	0.1473	0.0000	0.0000	17.5370
191	1.3227	1.5009	0.1466	0.0000	0.0000	17.8926
192	1.3027	1.5055	0.1473	0.0000	0.0000	17.6910
193	1.2861	1.5012	0.1479	0.0000	0.0000	17.8162
194	1.2784	1.4970	0.1519	0.0000	0.0000	17.7252
195	1.2687	1.5083	0.1408	0.0000	0.0000	19.1206
196	1.2565	1.5251	0.1506	0.0000	0.0000	18.0433
197	1.2361	1.5346	0.1546	0.0000	0.0000	17.7504
198	1.2066	1.5407	0.1546	0.0000	0.0000	17.9575
199	1.1728	1.5448	0.1566	0.0000	0.0000	17.9788
200	1.1379	1.5485	0.1486	0.0000	0.0000	19.3815
201	1.2478	1.4982	0.1649	0.0000	0.0000	17.8263
202	1.2417	1.4792	0.1677	0.0000	0.0000	16.9194
203	1.2457	1.4586	0.1566	0.0000	0.0000	19.3492
204	1.2595	1.4348	0.1735	0.0000	0.0000	17.9504
205	1.2888	1.4115	0.1742	0.0000	0.0000	17.7784
206	1.3400	1.3757	0.1749	0.0000	0.0000	18.2602
207	1.4044	1.3259	0.1742	0.0000	0.0000	18.2668
208	1.4769	1.2621	0.1749	0.0000	0.0000	18.3845
209	1.5421	1.2081	0.1735	0.0000	0.0000	18.1912
210	1.6062	1.1422	0.1801	0.0000	0.0000	17.7775
211	1.2202	1.6254	0.1786	0.0000	0.0000	18.0981
212	1.1778	1.6477	0.1869	0.0000	0.0000	18.1732
213	1.1272	1.6752	0.1846	0.0000	0.0000	18.2870
214	1.0976	1.6975	0.1869	0.0000	0.0000	18.1343
215	1.0552	1.7279	0.1885	0.0000	0.0000	18.4604
216	1.0173	1.7454	0.1786	0.0000	0.0000	19.8241
217	0.9647	1.7460	0.1923	0.0000	0.0000	16.8625
218	0.9019	1.7368	0.1846	0.0000	0.0000	19.5641
219	0.8240	1.7268	0.1923	0.0000	0.0000	18.3404
220	0.7562	1.7064	0.1971	0.0000	0.0000	18.1056
221	1.2374	1.5466	0.1971	0.0000	0.0000	18.1591
222	1.2110	1.5693	0.1987	0.0000	0.0000	18.0896
223	1.1933	1.6025	0.1854	0.0000	0.0000	19.7934
224	1.1762	1.6214	0.2011	0.0000	0.0000	18.2847
225	1.1546	1.6606	0.2035	0.0000	0.0000	18.5995
226	1.1413	1.6925	0.2118	0.0000	0.0000	17.9398
227	1.1317	1.7290	0.2135	0.0000	0.0000	16.7907
228	1.1485	1.7551	0.2221	0.0000	0.0000	16.4891
229	1.1714	1.7878	0.2274	0.0000	0.0000	18.1032
230	1.1942	1.8451	0.2301	0.0000	0.0000	17.7125
231	1.2501	1.5121	0.2292	0.0000	0.0000	17.9511
232	1.2589	1.4800	0.2239	0.0000	0.0000	17.0862
233	1.2555	1.4384	0.2186	0.0000	0.0000	18.2939
234	1.2399	1.4004	0.2135	0.0000	0.0000	19.1509
235	1.2146	1.3297	0.2101	0.0000	0.0000	18.2609
236	1.1964	1.2607	0.2035	0.0000	0.0000	19.2170
237	1.1793	1.1594	0.2035	0.0000	0.0000	18.7722
238	1.1568	1.0641	0.2052	0.0000	0.0000	18.7796
239	1.1618	1.0033	0.1939	0.0000	0.0000	20.4628
240	1.1718	0.9046	0.2043	0.0000	0.0000	20.2135
241	1.6709	2.1485	0.2085	0.0000	0.0000	21.1486
242	1.6144	2.1570	0.2440	0.0000	0.0000	17.8468
243	1.5381	2.1785	0.2586	0.0000	0.0000	17.2981
244	1.4855	2.1797	0.2636	0.0000	0.0000	17.8944
245	1.4466	2.1910	0.2688	0.0000	0.0000	17.3727
246	1.3982	2.1904	0.2657	0.0000	0.0000	17.6719
247	1.3690	2.1845	0.2517	0.0000	0.0000	18.9284
248	1.3177	2.1792	0.2256	0.0000	0.0000	19.9808
249	1.2491	2.1828	0.2178	0.0000	0.0000	19.5499
250	1.2018	2.1702	0.2135	0.0000	0.0000	18.6574
251	1.2617	1.5913	0.2076	0.0000	0.0000	19.1049
252	1.2938	1.5570	0.2085	0.0000	0.0000	19.0472
253	1.3284	1.5029	0.2212	0.0000	0.0000	18.0790
254	1.3300	1.4606	0.2212	0.0000	0.0000	20.3177
255	1.3512	1.4264	0.2527	0.0000	0.0000	17.9281
256	1.3736	1.3680	0.2783	0.0000	0.0000	17.1725
257	1.3951	1.3242	0.2971	0.0000	0.0000	16.6788
258	1.4198	1.2783	0.3017	0.0000	0.0000	17.0168
259	1.4364	1.2510	0.2971	0.0000	0.0000	17.1324
260	1.4623	1.1901	0.2783	0.0000	0.0000	18.0415
261	1.2159	1.5760	0.2449	0.0000	0.0000	18.5631
262	1.1841	1.5411	0.2152	0.0000	0.0000	20.2032
263	1.1904	1.4667	0.1947	0.0000	0.0000	19.9683
264	1.2075	1.3480	0.1931	0.0000	0.0000	20.1386
265	1.1950	1.1931	0.2035	0.0000	0.0000	19.3684
266	1.1677	1.0354	0.2221	0.0000	0.0000	18.4107
267	1.1136	0.9068	0.2488	0.0000	0.0000	18.5410
268	1.0482	0.8038	0.2870	0.0000	0.0000	16.5083
269	1.0000	0.7249	0.3135	0.0000	0.0000	13.6157
270	0.9591	0.6292	0.3271	0.0000	0.0000	16.4359
271	1.1887	1.5048	0.3348	0.0000	0.0000	16.2247
272	1.1852	1.5120	0.3184	0.0000	0.0000	17.6276
273	1.1885	1.5111	0.2793	0.0000	0.0000	20.6783
274	1.1777	1.5008	0.2730	0.0000	0.0000	18.3405
275	1.1491	1.4942	0.2356	0.0000	0.0000	19.7309
276	1.1058	1.5256	0.2085	0.0000	0.0000	19.6217
277	1.0605	1.6070	0.1885	0.0000	0.0000	20.4911
278	1.0337	1.7143	0.1900	0.0000	0.0000	20.0443
279	1.0200	1.7868	0.2019	0.0000	0.0000	19.2227
280	0.9961	1.8564	0.2248	0.0000	0.0000	17.9498
281	1.2490	1.4404	0.2459	0.0000	0.0000	19.5765
282	1.1838	1.4164	0.3052	0.0000	0.0000	17.8762
283	1.1136	1.3971	0.3563	0.0000	0.0000	14.3349
284	1.0545	1.3750	0.3750	0.0000	0.0000	15.7241
285	1.0110	1.3409	0.3720	0.0000	0.0000	16.7990
286	0.9815	1.3025	0.3605	0.0000	0.0000	15.5915
287	0.9328	1.2555	0.2971	0.0000	0.0000	19.7227
288	0.8775	1.2027	0.2507	0.0000	0.0000	18.7654
289	0.8392	1.1630	0.1757	0.0000	0.0000	23.8742
290	0.7800	1.0715	0.1628	0.0000	0.0000	21.2045
1	0.0000	0.0000	0.0000	0.0000	0.0000	0.0000
2	0.0001	0.0001	0.1447	0.0000	0.0000	0.0000
3	0.0003	0.0004	0.1396	0.0000	0.0000	0.0000
4	0.0006	0.0008	0.1453	0.0000	0.0000	0.0000
5	0.0008	0.0014	0.1421	0.0000	0.0000	0.0000
6	0.0000	0.0021	0.1453	0.0000	0.0000	0.0000
7	0.0000	0.0030	0.1434	0.0000	0.0000	0.0000
8	0.0000	0.0042	0.1440	0.0000	0.0000	0.0000
9	0.0000	0.0055	0.1415	0.0000	0.0000	0.0000
10	0.0000	0.0067	0.1333	0.0000	0.0000	0.0000
11	1.2570	1.5121	0.1315	0.0000	0.0000	4.3728
12	1.2570	1.5123	0.1447	0.0000	0.0000	3.0562
13	1.2570	1.5129	0.1440	0.0000	0.0000	3.4054
14	1.2571	1.5137	0.1434	0.0000	0.0000	3.4320
15	1.2571	1.5146	0.1453	0.0000	0.0000	1.9018
16	1.2573	1.5158	0.1428	0.0000	0.0000	3.6024
17	1.2574	1.5173	0.1434	0.0000	0.0000	2.4757
18	1.2575	1.5191	0.1428	0.0000	0.0000	4.0186
19	1.2575	1.5210	0.1440	0.0000	0.0000	3.7483
20	1.2575	1.5223	0.1440	0.0000	0.0000	3.0348
21	1.2539	1.5051	0.1428	0.0000	0.0000	4.0940
22	1.2538	1.5054	0.1345	0.0000	0.0000	5.2225
23	1.2536	1.5058	0.1421	0.0000	0.0000	4.2006
24	1.2537	1.5060	0.1421	0.0000	0.0000	4.2632
25	1.2537	1.5066	0.1434	0.0000	0.0000	4.1874
26	1.2537	1.5074	0.1421	0.0000	0.0000	4.1660
27	1.2540	1.5085	0.1408	0.0000	0.0000	4.5897
28	1.2542	1.5099	0.1402	0.0000	0.0000	4.7449
29	1.2543	1.5115	0.1428	0.0000	0.0000	4.5811
30	1.2543	1.5131	0.1440	0.0000	0.0000	4.9422
31	1.2610	1.5132	0.1447	0.0000	0.0000	4.7468
32	1.2609	1.5139	0.1460	0.0000	0.0000	4.6064
33	1.2607	1.5150	0.1447	0.0000	0.0000	4.7112
34	1.2500	1.5164	0.1408	0.0000	0.0000	5.3810
35	1.2391	1.5183	0.1327	0.0000	0.0000	6.2460
36	1.2271	1.5203	0.1428	0.0000	0.0000	5.2448
37	1.2154	1.5227	0.1308	0.0000	0.0000	6.3695
38	1.2039	1.5263	0.1415	0.0000	0.0000	5.4937
39	1.1928	1.5299	0.1447	0.0000	0.0000	5.0582
40	1.1860	1.5334	0.1421	0.0000	0.0000	5.8171
41	1.2757	1.5365	0.1453	0.0000	0.0000	5.1691
42	1.2800	1.5371	0.1434	0.0000	0.0000	5.6088
43	1.2832	1.5386	0.1447	0.0000	0.0000	5.4691
44	1.2865	1.5409	0.1428	0.0000	0.0000	5.7148
45	1.2894	1.5450	0.1434	0.0000	0.0000	4.4062
46	1.2914	1.5494	0.1428	0.0000	0.0000	6.1329
47	1.2959	1.5532	0.1315	0.0000	0.0000	6.1815
48	1.3013	1.5582	0.1440	0.0000	0.0000	6.2020
49	1.3069	1.5655	0.1421	0.0000	0.0000	6.2533
50	1.3116	1.5746	0.1440	0.0000	0.0000	6.0195
51	1.2590	1.5074	0.1453	0.0000	0.0000	6.0072
52	1.2636	1.5057	0.1466	0.0000	0.0000	6.1224
53	1.2678	1.5043	0.1421	0.0000	0.0000	6.7447
54	1.2689	1.5019	0.1460	0.0000	0.0000	6.1653
55	1.2675	1.4997	0.1447	0.0000	0.0000	6.2070
56	1.2636	1.5017	0.1434	0.0000	0.0000	5.6240
57	1.2616	1.5083	0.1434	0.0000	0.0000	6.7127
58	1.2587	1.5178	0.1447	0.0000	0.0000	5.6888
59	1.2578	1.5261	0.1440	0.0000	0.0000	6.9053
60	1.2569	1.5348	0.1440	0.0000	0.0000	7.3109
61	1.2585	1.5059	0.1460	0.0000	0.0000	5.6926
62	1.2583	1.5000	0.1428	0.0000	0.0000	7.1683
63	1.2595	1.4970	0.1440	0.0000	0.0000	7.1567
64	1.2596	1.4985	0.1428	0.0000	0.0000	7.3261
65	1.2640	1.4969	0.1434	0.0000	0.0000	7.2631
66	1.2672	1.4929	0.1434	0.0000	0.0000	7.3410
67	1.2731	1.4935	0.1447	0.0000	0.0000	7.2662
68	1.2814	1.4875	0.1434	0.0000	0.0000	7.6921
69	1.2948	1.4798	0.1415	0.0000	0.0000	7.6814
70	1.3104	1.4762	0.1453	0.0000	0.0000	7.7155
71	1.2936	1.4902	0.1440	0.0000	0.0000	7.5620
72	1.3119	1.4711	0.1447	0.0000	0.0000	6.8062
73	1.3311	1.4589	0.1408	0.0000	0.0000	7.9768
74	1.3603	1.4632	0.1434	0.0000	0.0000	8.1975
75	1.3851	1.4775	0.1415	0.0000	0.0000	7.9778
76	1.4092	1.4851	0.1440	0.0000	0.0000	8.0674
77	1.4210	1.5060	0.1434	0.0000	0.0000	8.3526
78	1.4242	1.5136	0.1447	0.0000	0.0000	8.1460
79	1.4296	1.5404	0.1428	0.0000	0.0000	8.6515
80	1.4546	1.5816	0.1473	0.0000	0.0000	8.3645
81	1.2729	1.4988	0.1440	0.0000	0.0000	8.6366
82	1.2648	1.4862	0.1447	0.0000	0.0000	8.6376
83	1.2618	1.4667	0.1434	0.0000	0.0000	9.0005
84	1.2421	1.4478	0.1333	0.0000	0.0000	10.0312
85	1.2176	1.4183	0.1453	0.0000	0.0000	8.6493
86	1.1875	1.3833	0.1473	0.0000	0.0000	8.6862
87	1.1628	1.3511	0.1428	0.0000	0.0000	9.1139
88	1.1305	1.3101	0.1370	0.0000	0.0000	10.1374
89	1.0822	1.2681	0.1408	0.0000	0.0000	9.4358
90	1.0388	1.2263	0.1440	0.0000	0.0000	8.9208
91	1.2799	1.5235	0.1447	0.0000	0.0000	9.2286
92	1.2657	1.5428	0.1447	0.0000	0.0000	9.1771
93	1.2541	1.5609	0.1434	0.0000	0.0000	9.5394
94	1.2374	1.5897	0.1440	0.0000	0.0000	9.6044
95	1.2192	1.6098	0.1434	0.0000	0.0000	9.6317
96	1.1967	1.6338	0.1466	0.0000	0.0000	9.6450
97	1.1731	1.6653	0.1460	0.0000	0.0000	9.6055
98	1.1400	1.7026	0.1453	0.0000	0.0000	9.9565
99	1.1017	1.7281	0.1453	0.0000	0.0000	9.6947
100	1.0396	1.7528	0.1460	0.0000	0.0000	10.0182
101	1.5496	1.3835	0.1440	0.0000	0.0000	9.9402
102	1.5436	1.3743	0.1327	0.0000	0.0000	11.3181
103	1.5419	1.3611	0.1434	0.0000	0.0000	10.3044
104	1.5347	1.3495	0.1460	0.0000	0.0000	10.0065
105	1.5203	1.3338	0.1440	0.0000	0.0000	10.3827
106	1.5151	1.3129	0.1466	0.0000	0.0000	10.0846
107	1.5090	1.3016	0.1415	0.0000	0.0000	10.9125
108	1.5070	1.2827	0.1460	0.0000	0.0000	10.5130
109	1.4910	1.2782	0.1440	0.0000	0.0000	10.6153
110	1.4611	1.2878	0.1473	0.0000	0.0000	10.4325
111	1.2443	1.5356	0.1453	0.0000	0.0000	9.7286
112	1.2201	1.5411	0.1440	0.0000	0.0000	10.6564
113	1.1930	1.5563	0.1447	0.0000	0.0000	10.7215
114	1.1598	1.5849	0.1352	0.0000	0.0000	12.1372
115	1.1175	1.6301	0.1453	0.0000	0.0000	10.9299
116	1.0879	1.6717	0.1460	0.0000	0.0000	11.1232
117	1.0649	1.6882	0.1447	0.0000	0.0000	11.2283
118	1.0478	1.6870	0.1453	0.0000	0.0000	11.2283
119	1.0327	1.6886	0.1440	0.0000	0.0000	11.2042
120	1.0016	1.7002	0.1460	0.0000	0.0000	11.0974
121	1.2875	1.5299	0.1440	0.0000	0.0000	11.4596
122	1.2916	1.5129	0.1440	0.0000	0.0000	11.7311
123	1.2996	1.5008	0.1440	0.0000	0.0000	11.5526
124	1.3067	1.4966	0.1460	0.0000	0.0000	11.5898
125	1.3158	1.5081	0.1415	0.0000	0.0000	12.0811
126	1.3185	1.5256	0.1453	0.0000	0.0000	11.9545
127	1.3177	1.5436	0.1428	0.0000	0.0000	12.1484
128	1.3078	1.5695	0.1466	0.0000	0.0000	11.8889
129	1.2925	1.6053	0.1428	0.0000	0.0000	11.1692
130	1.2808	1.6328	0.1460	0.0000	0.0000	12.1083
131	1.2476	1.5259	0.1447	0.0000	0.0000	12.4067
132	1.2168	1.5205	0.1453	0.0000	0.0000	12.1476
133	1.1767	1.5131	0.1440	0.0000	0.0000	12.5100
134	1.1384	1.5088	0.1460	0.0000	0.0000	12.2260
135	1.1011	1.5158	0.1440	0.0000	0.0000	12.6668
136	1.0661	1.5173	0.1460	0.0000	0.0000	12.5103
137	1.0357	1.5246	0.1447	0.0000	0.0000	12.6006
138	1.0093	1.5422	0.1447	0.0000	0.0000	12.8720
139	0.9843	1.5578	0.1434	0.0000	0.0000	12.8468
140	0.9556	1.5633	0.1460	0.0000	0.0000	12.9862
141	1.2596	1.5405	0.1421	0.0000	0.0000	13.2710
142	1.2627	1.5189	0.1453	0.0000	0.0000	13.1559
143	1.2587	1.4649	0.1434	0.0000	0.0000	13.1448
144	1.2518	1.4214	0.1453	0.0000	0.0000	13.3787
145	1.2281	1.4021	0.1421	0.0000	0.0000	13.7785
146	1.1899	1.4140	0.1352	0.0000	0.0000	14.6903
147	1.1385	1.4562	0.1421	0.0000	0.0000	13.5483
148	1.1063	1.5294	0.1479	0.0000	0.0000	13.1833
149	1.0798	1.6295	0.1421	0.0000	0.0000	13.8970
150	1.0650	1.7023	0.1466	0.0000	0.0000	13.5461
151	1.2677	1.5689	0.1473	0.0000	0.0000	13.4165
152	1.2736	1.5558	0.1447	0.0000	0.0000	14.0010
153	1.2708	1.5579	0.1345	0.0000	0.0000	15.1682
154	1.2627	1.5391	0.1447	0.0000	0.0000	14.0930
155	1.2580	1.5296	0.1466	0.0000	0.0000	13.8070
156	1.2529	1.5221	0.1428	0.0000	0.0000	14.6113
157	1.2547	1.5212	0.1440	0.0000	0.0000	13.1419
158	1.2476	1.5124	0.1421	0.0000	0.0000	14.5868
159	1.2327	1.5156	0.1440	0.0000	0.0000	14.4982
160	1.2213	1.5156	0.1440	0.0000	0.0000	14.4960
161	1.2504	1.5534	0.1447	0.0000	0.0000	13.3461
162	1.2564	1.5649	0.1339	0.0000	0.0000	16.1762
163	1.2534	1.5648	0.1453	0.0000	0.0000	14.6242
164	1.2676	1.5982	0.1479	0.0000	0.0000	14.5170
165	1.3171	1.6229	0.1453	0.0000	0.0000	14.6496
166	1.3538	1.6711	0.1479	0.0000	0.0000	13.7789
167	1.3812	1.7054	0.1460	0.0000	0.0000	14.8567
168	1.4082	1.7033	0.1486	0.0000	0.0000	14.9447
169	1.4405	1.7142	0.1339	0.0000	0.0000	16.3948
170	1.4784	1.7107	0.1473	0.0000	0.0000	15.2420
171	1.2814	1.5546	0.1479	0.0000	0.0000	15.0439
172	1.2965	1.5565	0.1493	0.0000	0.0000	15.2601
173	1.3276	1.5304	0.1473	0.0000	0.0000	15.4414
174	1.3395	1.4908	0.1479	0.0000	0.0000	15.2429
175	1.3539	1.4412	0.1460	0.0000	0.0000	15.6861
176	1.3604	1.3607	0.1453	0.0000	0.0000	15.8403
177	1.3627	1.2825	0.1479	0.0000	0.0000	15.6693
178	1.3725	1.2220	0.1460	0.0000	0.0000	16.0486
179	1.3762	1.1154	0.1453	0.0000	0.0000	15.8772
180	1.3735	0.9978	0.1473	0.0000	0.0000	16.1110
181	1.2724	1.5384	0.1466	0.0000	0.0000	14.7335
182	1.3155	1.5467	0.1486	0.0000	0.0000	16.1735
183	1.3580	1.5725	0.1466	0.0000	0.0000	16.1576
184	1.4149	1.5832	0.1377	0.0000	0.0000	17.5084
185	1.4628	1.5677	0.1453	0.0000	0.0000	16.2738
186	1.4922	1.5872	0.1486	0.0000	0.0000	16.2180
187	1.5327	1.5965	0.1447	0.0000	0.0000	16.5705
188	1.5731	1.5929	0.1479	0.0000	0.0000	15.4281
189	1.5981	1.6042	0.1479	0.0000	0.0000	16.3039
190	1.6339	1.6028	0.1506	0.0000	0.0000	15.2967
191	1.2814	1.5593	0.1506	0.0000	0.0000	16.5980
192	1.3036	1.5651	0.1466	0.0000	0.0000	16.8852
193	1.3275	1.5687	0.1473	0.0000	0.0000	16.8201
194	1.3508	1.5777	0.1493	0.0000	0.0000	17.0537
195	1.3470	1.6026	0.1479	0.0000	0.0000	15.9971
196	1.3075	1.6151	0.1383	0.0000	0.0000	18.5239
197	1.2537	1.6231	0.1479	0.0000	0.0000	17.1783
198	1.2000	1.6488	0.1389	0.0000	0.0000	18.6003
199	1.1492	1.6594	0.1486	0.0000	0.0000	16.3353
200	1.0963	1.6950	0.1519	0.0000	0.0000	17.2445
201	1.3756	1.3901	0.1486	0.0000	0.0000	17.5188
202	1.3919	1.3908	0.1460	0.0000	0.0000	17.7780
203	1.4018	1.4012	0.1493	0.0000	0.0000	17.5268
204	1.3941	1.4093	0.1506	0.0000	0.0000	17.5089
205	1.3944	1.4080	0.1506	0.0000	0.0000	16.4257
206	1.3728	1.4324	0.1559	0.0000	0.0000	17.2805
207	1.3586	1.4529	0.1546	0.0000	0.0000	17.9190
208	1.3216	1.5155	0.1499	0.0000	0.0000	19.0309
209	1.2805	1.5602	0.1594	0.0000	0.0000	17.8857
210	1.2417	1.6346	0.1670	0.0000	0.0000	17.6602
211	1.2456	1.5257	0.1656	0.0000	0.0000	17.7566
212	1.2227	1.5228	0.1699	0.0000	0.0000	17.6658
213	1.1834	1.5186	0.1663	0.0000	0.0000	18.1598
214	1.1480	1.5274	0.1742	0.0000	0.0000	17.2075
215	1.1200	1.5378	0.1742	0.0000	0.0000	17.7013
216	1.0831	1.5441	0.1735	0.0000	0.0000	17.8537
217	1.0336	1.5323	0.1757	0.0000	0.0000	18.1653
218	0.9683	1.5335	0.1742	0.0000	0.0000	18.4760
219	0.9097	1.5441	0.1794	0.0000	0.0000	17.9805
220	0.8377	1.5807	0.1824	0.0000	0.0000	17.9686
221	1.2474	1.5240	0.1869	0.0000	0.0000	18.0876
222	1.2387	1.4960	0.1764	0.0000	0.0000	19.1003
223	1.2217	1.4984	0.1916	0.0000	0.0000	17.9551
224	1.2199	1.4891	0.1955	0.0000	0.0000	17.8495
225	1.2182	1.4769	0.1971	0.0000	0.0000	18.0284
226	1.1961	1.4685	0.2035	0.0000	0.0000	16.5205
227	1.1775	1.4581	0.1877	0.0000	0.0000	19.7401
228	1.1739	1.4302	0.2068	0.0000	0.0000	17.9012
229	1.1585	1.4125	0.1900	0.0000	0.0000	19.5493
230	1.1165	1.4033	0.2060	0.0000	0.0000	18.0876
231	1.2321	1.5066	0.1995	0.0000	0.0000	18.1870
232	1.2062	1.4945	0.2011	0.0000	0.0000	18.2844
233	1.1664	1.4890	0.1995	0.0000	0.0000	18.1272
234	1.1649	1.4700	0.2043	0.0000	0.0000	18.0762
235	1.1849	1.4604	0.2003	0.0000	0.0000	18.1310
236	1.2284	1.4351	0.2110	0.0000	0.0000	18.0335
237	1.2958	1.3876	0.2161	0.0000	0.0000	18.6598
238	1.3494	1.3116	0.2256	0.0000	0.0000	17.5498
239	1.3636	1.2671	0.2274	0.0000	0.0000	18.1527
240	1.3735	1.1901	0.2347	0.0000	0.0000	17.7696
241	1.2680	1.5290	0.2204	0.0000	0.0000	19.7013
242	1.2689	1.5543	0.2292	0.0000	0.0000	18.2205
243	1.2869	1.5595	0.2204	0.0000	0.0000	18.4331
244	1.3009	1.5736	0.2186	0.0000	0.0000	18.6809
245	1.2922	1.6046	0.2221	0.0000	0.0000	16.9455
246	1.2639	1.6693	0.2328	0.0000	0.0000	18.0334
247	1.2171	1.7416	0.2421	0.0000	0.0000	17.8737
248	1.1822	1.8076	0.2347	0.0000	0.0000	19.8423
249	1.1530	1.8678	0.2507	0.0000	0.0000	16.4256
250	1.0954	1.9472	0.2566	0.0000	0.0000	17.4487
251	1.2306	1.5242	0.2576	0.0000	0.0000	17.7449
252	1.2160	1.4878	0.2556	0.0000	0.0000	16.3670
253	1.1872	1.4507	0.2497	0.0000	0.0000	17.9537
254	1.1534	1.4036	0.2497	0.0000	0.0000	18.2697
255	1.1335	1.3752	0.2478	0.0000	0.0000	18.0441
256	1.0987	1.3631	0.2459	0.0000	0.0000	18.2067
257	1.0519	1.3429	0.2488	0.0000	0.0000	16.8591
258	1.0172	1.3506	0.2507	0.0000	0.0000	17.9721
259	0.9913	1.3428	0.2497	0.0000	0.0000	18.2002
260	0.9282	1.3554	0.2328	0.0000	0.0000	20.2562
261	1.2447	1.5430	0.2488	0.0000	0.0000	18.2734
262	1.2309	1.5270	0.2517	0.0000	0.0000	16.7241
263	1.2118	1.5346	0.2566	0.0000	0.0000	18.0674
264	1.1819	1.5462	0.2677	0.0000	0.0000	18.2721
265	1.1365	1.5569	0.2478	0.0000	0.0000	20.5773
266	1.0809	1.5576	0.2698	0.0000	0.0000	17.9536
267	1.0393	1.5369	0.2636	0.0000	0.0000	17.8930
268	1.0117	1.5221	0.2616	0.0000	0.0000	18.0544
269	0.9767	1.5069	0.2546	0.0000	0.0000	18.7104
270	0.9011	1.4939	0.2556	0.0000	0.0000	18.2170
271	1.2890	1.6950	0.2616	0.0000	0.0000	16.3568
272	1.2879	1.6930	0.2459	0.0000	0.0000	20.3236
273	1.3051	1.6713	0.2606	0.0000	0.0000	18.2747
274	1.3174	1.6355	0.2719	0.0000	0.0000	17.7523
275	1.3256	1.6075	0.2626	0.0000	0.0000	18.6773
276	1.3196	1.5580	0.2709	0.0000	0.0000	17.9131
277	1.3226	1.5030	0.2647	0.0000	0.0000	18.7784
278	1.3300	1.4299	0.2698	0.0000	0.0000	18.1753
279	1.3389	1.3647	0.2636	0.0000	0.0000	18.6192
280	1.3498	1.2874	0.2698	0.0000	0.0000	18.2051
281	1.2456	1.6075	0.2677	0.0000	0.0000	16.5619
282	1.2314	1.6183	0.2730	0.0000	0.0000	17.7582
283	1.2400	1.6364	0.2730	0.0000	0.0000	18.2957
284	1.2543	1.6501	0.2793	0.0000	0.0000	18.0712
285	1.2779	1.6632	0.2761	0.0000	0.0000	17.9365
286	1.2922	1.6749	0.2740	0.0000	0.0000	18.3114
287	1.3096	1.6784	0.2677	0.0000	0.0000	18.2436
288	1.3100	1.6649	0.2677	0.0000	0.0000	18.7786
289	1.2977	1.6491	0.2719	0.0000	0.0000	18.0853
290	1.2771	1.6151	0.2740	0.0000	0.0000	18.4766
291	1.2392	1.5101	0.2783	0.0000	0.0000	17.6631
292	1.2536	1.4959	0.2740	0.0000	0.0000	18.2930
293	1.2497	1.5137	0.2709	0.0000	0.0000	18.5783
294	1.2449	1.5408	0.2740	0.0000	0.0000	18.8507
295	1.2499	1.5626	0.2793	0.0000	0.0000	18.0086
296	1.2555	1.5624	0.2772	0.0000	0.0000	18.3835
297	1.2641	1.5469	0.2740	0.0000	0.0000	16.4169
298	1.2934	1.5310	0.2730	0.0000	0.0000	18.0775
299	1.3440	1.4716	0.2740	0.0000	0.0000	18.4886
300	1.3980	1.3749	0.2783	0.0000	0.0000	16.3463
301	1.2364	1.5223	0.2826	0.0000	0.0000	17.9128
302	1.2320	1.5679	0.2772	0.0000	0.0000	19.0028
303	1.1995	1.6348	0.2606	0.0000	0.0000	20.2521
304	1.1317	1.7179	0.2751	0.0000	0.0000	18.7421
305	1.0365	1.8220	0.2783	0.0000	0.0000	18.0505
306	0.9497	1.9316	0.2698	0.0000	0.0000	19.0767
307	0.8786	2.0375	0.2719	0.0000	0.0000	18.3158
308	0.8190	2.1561	0.2677	0.0000	0.0000	19.0399
309	0.7620	2.2483	0.2677	0.0000	0.0000	18.6336
310	0.6588	2.3880	0.2576	0.0000	0.0000	20.2840
311	1.2366	1.4857	0.2677	0.0000	0.0000	19.0787
312	1.2691	1.4365	0.2793	0.0000	0.0000	18.1212
313	1.2584	1.4029	0.2837	0.0000	0.0000	18.0392
314	1.2446	1.3583	0.2903	0.0000	0.0000	16.7167
315	1.2140	1.3195	0.2903	0.0000	0.0000	17.9139
316	1.1804	1.2658	0.2903	0.0000	0.0000	18.3638
317	1.1367	1.2257	0.2914	0.0000	0.0000	17.9008
318	1.1017	1.1858	0.2859	0.0000	0.0000	18.3525
319	1.0768	1.1724	0.2837	0.0000	0.0000	16.6075
320	1.0538	1.1590	0.2914	0.0000	0.0000	18.3710
321	1.2250	1.5189	0.2892	0.0000	0.0000	16.4769
322	1.2220	1.5040	0.2751	0.0000	0.0000	20.1228
323	1.2143	1.4948	0.2859	0.0000	0.0000	18.7214
324	1.2129	1.4882	0.2881	0.0000	0.0000	18.2410
325	1.2044	1.4763	0.2793	0.0000	0.0000	18.4295
326	1.2173	1.4763	0.2826	0.0000	0.0000	18.2649
327	1.2318	1.4781	0.2730	0.0000	0.0000	18.7935
328	1.2339	1.4919	0.2783	0.0000	0.0000	18.2742
329	1.2319	1.4820	0.2783	0.0000	0.0000	18.7103
330	1.2183	1.4915	0.2793	0.0000	0.0000	18.6988
331	1.2083	1.5460	0.2815	0.0000	0.0000	17.2865
332	1.1860	1.5999	0.2657	0.0000	0.0000	19.1965
333	1.1218	1.6695	0.2903	0.0000	0.0000	18.0690
334	1.0519	1.7183	0.2971	0.0000	0.0000	18.0418
335	1.0002	1.7277	0.2914	0.0000	0.0000	18.6121
336	0.9545	1.7204	0.2937	0.0000	0.0000	18.4599
337	0.9043	1.7182	0.2925	0.0000	0.0000	18.9399
338	0.8525	1.7035	0.2948	0.0000	0.0000	18.4415
339	0.8223	1.6907	0.2959	0.0000	0.0000	16.8639
340	0.7763	1.6569	0.2948	0.0000	0.0000	18.6754
341	1.2195	1.4500	0.2881	0.0000	0.0000	18.6943
342	1.2425	1.4220	0.2892	0.0000	0.0000	17.1497
343	1.2844	1.3420	0.2925	0.0000	0.0000	18.1684
344	1.3123	1.2206	0.2881	0.0000	0.0000	18.7092
345	1.3392	1.0799	0.2892	0.0000	0.0000	16.7440
346	1.3664	0.9669	0.2903	0.0000	0.0000	18.5678
347	1.3802	0.8562	0.2948	0.0000	0.0000	18.1436
348	1.4088	0.7442	0.2948	0.0000	0.0000	18.4860
349	1.4274	0.6421	0.2925	0.0000	0.0000	18.7600
350	1.4803	0.5244	0.2994	0.0000	0.0000	16.8249
351	1.2032	1.4913	0.2815	0.0000	0.0000	20.4355
352	1.1884	1.4724	0.3017	0.0000	0.0000	17.8975
353	1.1698	1.4732	0.2994	0.0000	0.0000	18.2905
354	1.1528	1.4645	0.2971	0.0000	0.0000	18.4518
355	1.1727	1.4409	0.2982	0.0000	0.0000	16.5379
356	1.2214	1.3977	0.2783	0.0000	0.0000	20.7173
357	1.2647	1.3738	0.3005	0.0000	0.0000	16.0515
358	1.3167	1.3348	0.2959	0.0000	0.0000	18.5999
359	1.3506	1.3046	0.2971	0.0000	0.0000	18.4642
360	1.3802	1.2742	0.2994	0.0000	0.0000	16.5173
361	1.1950	1.4743	0.2971	0.0000	0.0000	18.8144
362	1.1890	1.4636	0.3017	0.0000	0.0000	16.4604
363	1.1781	1.4683	0.3029	0.0000	0.0000	18.1235
364	1.1794	1.4623	0.3064	0.0000	0.0000	18.4035
365	1.1955	1.4611	0.3087	0.0000	0.0000	18.1153
366	1.2109	1.4606	0.3076	0.0000	0.0000	18.1347
367	1.2115	1.4457	0.3029	0.0000	0.0000	16.8628
368	1.2155	1.4338	0.3052	0.0000	0.0000	18.0633
369	1.2132	1.4268	0.3076	0.0000	0.0000	17.6616
370	1.1849	1.4350	0.3123	0.0000	0.0000	17.7909
371	1.1823	1.5176	0.3017	0.0000	0.0000	18.9457
372	1.1759	1.5242	0.3052	0.0000	0.0000	16.2387
373	1.1628	1.5258	0.2982	0.0000	0.0000	18.6590
374	1.1261	1.5712	0.3111	0.0000	0.0000	17.8115
375	1.0973	1.6396	0.2859	0.0000	0.0000	20.7240
376	1.0782	1.6959	0.3087	0.0000	0.0000	15.9181
377	1.0485	1.7691	0.3087	0.0000	0.0000	18.0945
378	1.0226	1.8560	0.3052	0.0000	0.0000	18.1642
379	0.9999	1.9214	0.2994	0.0000	0.0000	18.5133
380	0.9674	1.9886	0.3029	0.0000	0.0000	18.5618
381	1.1915	1.4677	0.3040	0.0000	0.0000	16.3713
382	1.1697	1.4628	0.3064	0.0000	0.0000	17.4393
383	1.1232	1.4829	0.2982	0.0000	0.0000	18.6493
384	1.0859	1.4898	0.2971	0.0000	0.0000	18.2149
385	1.0483	1.4870	0.2971	0.0000	0.0000	18.6754
386	0.9922	1.5024	0.2994	0.0000	0.0000	18.1698
387	0.9280	1.5227	0.2971	0.0000	0.0000	18.4465
388	0.8728	1.5416	0.2971	0.0000	0.0000	18.6792
389	0.8384	1.5509	0.2982	0.0000	0.0000	18.3123
390	0.7992	1.5720	0.3005	0.0000	0.0000	18.0356
391	1.1014	1.5120	0.2948	0.0000	0.0000	18.6106
392	1.1106	1.5139	0.3017	0.0000	0.0000	17.6702
393	1.1042	1.5271	0.2937	0.0000	0.0000	18.6351
394	1.1125	1.5478	0.3005	0.0000	0.0000	17.9282
395	1.1542	1.5651	0.2948	0.0000	0.0000	18.5025
396	1.1767	1.5783	0.3005	0.0000	0.0000	18.3901
397	1.1989	1.6154	0.2959	0.0000	0.0000	18.3690
398	1.2178	1.6407	0.3052	0.0000	0.0000	18.4175
399	1.2281	1.6498	0.3087	0.0000	0.0000	17.9897
400	1.2396	1.6495	0.3005	0.0000	0.0000	18.7363
401	0.6467	1.4097	0.3017	0.0000	0.0000	16.6644
402	0.6683	1.3861	0.3005	0.0000	0.0000	18.7376
403	0.7067	1.3311	0.3017	0.0000	0.0000	17.9015
404	0.7299	1.2847	0.3029	0.0000	0.0000	18.3417
405	0.7599	1.2414	0.3052	0.0000	0.0000	18.0582
406	0.7759	1.1715	0.3064	0.0000	0.0000	18.3856
407	0.7886	1.1119	0.3017	0.0000	0.0000	18.3554
408	0.7994	1.0636	0.3052	0.0000	0.0000	16.1262
409	0.8085	1.0159	0.3040	0.0000	0.0000	18.3088
410	0.8285	0.9571	0.3029	0.0000	0.0000	18.5651
411	1.0933	1.4750	0.3040	0.0000	0.0000	16.0471
412	1.0938	1.4586	0.3029	0.0000	0.0000	18.2130
413	1.0884	1.4405	0.2982	0.0000	0.0000	17.9646
414	1.0847	1.4406	0.2848	0.0000	0.0000	20.1542
415	1.0731	1.4337	0.3005	0.0000	0.0000	16.4688
416	1.0435	1.4496	0.2837	0.0000	0.0000	20.2875
417	1.0418	1.4609	0.3029	0.0000	0.0000	18.3340
418	1.0794	1.4404	0.3064	0.0000	0.0000	18.1455
419	1.1160	1.4175	0.3076	0.0000	0.0000	18.9595
420	1.1880	1.3987	0.3111	0.0000	0.0000	16.0708
421	1.2027	1.5559	0.3052	0.0000	0.0000	18.3938
422	1.2158	1.5468	0.2994	0.0000	0.0000	18.7354
423	1.2259	1.5361	0.3005	0.0000	0.0000	16.4560
424	1.2082	1.5587	0.2994	0.0000	0.0000	18.2740
425	1.1925	1.5793	0.2925	0.0000	0.0000	19.2108
426	1.2011	1.5689	0.3017	0.0000	0.0000	17.9976
427	1.2013	1.5536	0.2903	0.0000	0.0000	18.6854
428	1.1943	1.5592	0.2982	0.0000	0.0000	18.0776
429	1.1796	1.5559	0.2925	0.0000	0.0000	18.7624
430	1.1611	1.5187	0.2982	0.0000	0.0000	18.5413
431	1.1925	1.5090	0.3017	0.0000	0.0000	17.7813
432	1.1884	1.5310	0.2959	0.0000	0.0000	18.5890
433	1.1862	1.5374	0.2804	0.0000	0.0000	20.3424
434	1.1814	1.5311	0.2925	0.0000	0.0000	19.3489
435	1.1794	1.5373	0.2937	0.0000	0.0000	18.0782
436	1.1630	1.5667	0.2948	0.0000	0.0000	18.3952
437	1.1505	1.5890	0.2925	0.0000	0.0000	16.5926
438	1.1265	1.6260	0.2772	0.0000	0.0000	20.2924
439	1.1236	1.6481	0.2982	0.0000	0.0000	17.6583
440	1.1209	1.6683	0.2994	0.0000	0.0000	18.2041
441	1.1985	1.5930	0.2772	0.0000	0.0000	20.7564
442	1.1909	1.6130	0.3005	0.0000	0.0000	18.1861
443	1.1866	1.6035	0.2982	0.0000	0.0000	18.6942
444	1.1804	1.6086	0.2994	0.0000	0.0000	18.0945
445	1.1881	1.6125	0.2892	0.0000	0.0000	17.7629
446	1.1796	1.5908	0.2948	0.0000	0.0000	18.4217
447	1.1692	1.5594	0.2892	0.0000	0.0000	18.6502
448	1.1641	1.5301	0.2971	0.0000	0.0000	18.0429
449	1.1814	1.4961	0.2914	0.0000	0.0000	18.5007
450	1.2029	1.4340	0.2959	0.0000	0.0000	18.0756
451	1.1574	1.5178	0.2925	0.0000	0.0000	18.4886
452	1.1407	1.5394	0.2937	0.0000	0.0000	18.2441
453	1.1460	1.5327	0.2937	0.0000	0.0000	18.2475
454	1.1594	1.5116	0.2892	0.0000	0.0000	18.5681
455	1.1557	1.5136	0.2959	0.0000	0.0000	18.3239
456	1.1390	1.5090	0.2937	0.0000	0.0000	18.5987
457	1.1010	1.4799	0.2925	0.0000	0.0000	18.5118
458	1.0599	1.4373	0.2982	0.0000	0.0000	18.1708
459	1.0323	1.4226	0.2959	0.0000	0.0000	17.9950
460	0.9757	1.4102	0.2959	0.0000	0.0000	18.6761
461	1.1721	1.5110	0.2914	0.0000	0.0000	18.3185
462	1.1502	1.5303	0.2994	0.0000	0.0000	18.1551
463	1.1304	1.5646	0.2793	0.0000	0.0000	20.2225
464	1.1220	1.5863	0.3040	0.0000	0.0000	18.1794
465	1.1311	1.6172	0.2848	0.0000	0.0000	20.8429
466	1.1607	1.6582	0.3087	0.0000	0.0000	18.0795
467	1.2086	1.6658	0.3111	0.0000	0.0000	18.1456
468	1.2717	1.6660	0.2903	0.0000	0.0000	20.4037
469	1.3146	1.6609	0.3052	0.0000	0.0000	18.2588
470	1.3792	1.6398	0.3029	0.0000	0.0000	16.4985
471	1.1556	1.5080	0.3017	0.0000	0.0000	18.4481
472	1.1232	1.5415	0.3017	0.0000	0.0000	18.3299
473	1.0669	1.5848	0.2793	0.0000	0.0000	20.6691
474	1.0087	1.6356	0.2971	0.0000	0.0000	18.4278
475	0.9783	1.6879	0.2971	0.0000	0.0000	18.3171
476	0.9552	1.7662	0.2959	0.0000	0.0000	18.7985
477	0.9496	1.8203	0.2937	0.0000	0.0000	18.3914
478	0.9534	1.8536	0.2948	0.0000	0.0000	18.2578
479	0.9850	1.8898	0.2870	0.0000	0.0000	19.0923
480	1.0123	1.9021	0.2730	0.0000	0.0000	20.5571
481	1.0447	1.9148	0.2903	0.0000	0.0000	18.4798
482	1.0836	1.9611	0.2903	0.0000	0.0000	17.5006
483	1.1104	2.0192	0.2937	0.0000	0.0000	18.1965
484	1.1485	2.0883	0.2994	0.0000	0.0000	18.4200
485	1.2021	2.1533	0.2959	0.0000	0.0000	18.0391
486	1.2977	2.1957	0.2971	0.0000	0.0000	16.9129
487	1.3950	2.2247	0.3005	0.0000	0.0000	18.1734
488	1.4882	2.2758	0.3040	0.0000	0.0000	18.2163
489	1.5846	2.3547	0.3064	0.0000	0.0000	18.1655
490	1.6844	2.4386	0.3076	0.0000	0.0000	18.2560
491	1.7581	2.5373	0.3064	0.0000	0.0000	18.3964
492	1.8189	2.6335	0.3087	0.0000	0.0000	18.2268
493	1.8809	2.7233	0.3052	0.0000	0.0000	18.6486
494	1.9611	2.8038	0.3017	0.0000	0.0000	18.4776
495	2.0587	2.8649	0.3029	0.0000	0.0000	18.3369
496	2.1621	2.9201	0.3029	0.0000	0.0000	18.4518
497	2.2336	2.9730	0.3017	0.0000	0.0000	18.1283
498	2.3282	3.0000	0.3064	0.0000	0.0000	17.9139
499	2.4265	3.0000	0.2994	0.0000	0.0000	18.5215
500	2.5109	3.0000	0.3005	0.0000	0.0000	18.1517
1	0.0000	0.0000	0.1466	0.0000	0.0000	0.0000
2	0.0000	0.0002	0.1466	0.0000	0.0000	0.0000
3	0.0000	0.0006	0.1460	0.0000	0.0000	0.0000
4	0.0000	0.0011	0.1466	0.0000	0.0000	0.0000
5	0.0000	0.0016	0.1453	0.0000	0.0000	0.0000
6	0.0000	0.0021	0.1460	0.0000	0.0000	0.0000
7	0.0000	0.0027	0.1339	0.0000	0.0000	0.0000
8	0.0000	0.0034	0.1473	0.0000	0.0000	0.0000
9	0.0000	0.0041	0.1453	0.0000	0.0000	0.0000
10	0.0000	0.0048	0.1473	0.0000	0.0000	0.0000
11	1.2339	1.5161	0.1453	0.0000	0.0000	2.9127
12	1.2336	1.5164	0.1460	0.0000	0.0000	3.3663
13	1.2332	1.5167	0.1447	0.0000	0.0000	2.4982
14	1.2326	1.5171	0.1466	0.0000	0.0000	3.3634
15	1.2319	1.5176	0.1460	0.0000	0.0000	3.5842
16	1.2312	1.5182	0.1345	0.0000	0.0000	5.0360
17	1.2303	1.5189	0.1447	0.0000	0.0000	3.7007
18	1.2294	1.5198	0.1466	0.0000	0.0000	3.6733
19	1.2284	1.5207	0.1447	0.0000	0.0000	3.8558
20	1.2275	1.5215	0.1466	0.0000	0.0000	3.8784
21	1.2480	1.5083	0.1460	0.0000	0.0000	4.0191
22	1.2401	1.5093	0.1479	0.0000	0.0000	3.7950
23	1.2302	1.5104	0.1453	0.0000	0.0000	3.8615
24	1.2163	1.5113	0.1479	0.0000	0.0000	3.9503
25	1.1962	1.5127	0.1434	0.0000	0.0000	4.3140
26	1.1759	1.5142	0.1473	0.0000	0.0000	3.0368
27	1.1555	1.5155	0.1434	0.0000	0.0000	4.6638
28	1.1351	1.5165	0.1479	0.0000	0.0000	4.0002
29	1.1142	1.5176	0.1453	0.0000	0.0000	4.3922
30	1.0971	1.5188	0.1479	0.0000	0.0000	4.3347
31	1.2339	1.5049	0.1358	0.0000	0.0000	6.0025
32	1.2235	1.5050	0.1453	0.0000	0.0000	4.9344
33	1.2131	1.5052	0.1460	0.0000	0.0000	4.5448
34	1.2024	1.5057	0.1434	0.0000	0.0000	5.0631
35	1.1917	1.5064	0.1453	0.0000	0.0000	4.8447
36	1.1829	1.5072	0.1466	0.0000	0.0000	5.2058
37	1.1714	1.5080	0.1453	0.0000	0.0000	5.1125
38	1.1596	1.5082	0.1473	0.0000	0.0000	3.9395
39	1.1482	1.5088	0.1473	0.0000	0.0000	5.0983
40	1.1374	1.5094	0.1479	0.0000	0.0000	5.1635
41	1.2631	1.5132	0.1453	0.0000	0.0000	5.4889
42	1.2628	1.5121	0.1352	0.0000	0.0000	6.7232
43	1.2652	1.5099	0.1434	0.0000	0.0000	5.8132
44	1.2670	1.5065	0.1358	0.0000	0.0000	6.6753
45	1.2698	1.5031	0.1440	0.0000	0.0000	5.8920
46	1.2732	1.5024	0.1479	0.0000	0.0000	5.5008
47	1.2748	1.5038	0.1460	0.0000	0.0000	5.8781
48	1.2757	1.5057	0.1466	0.0000	0.0000	5.7479
49	1.2774	1.5053	0.1460	0.0000	0.0000	6.0980
50	1.2780	1.5040	0.1453	0.0000	0.0000	6.2883
51	1.2586	1.4876	0.1453	0.0000	0.0000	6.3000
52	1.2595	1.4855	0.1453	0.0000	0.0000	6.3119
53	1.2613	1.4815	0.1447	0.0000	0.0000	6.3389
54	1.2636	1.4790	0.1453	0.0000	0.0000	6.4679
55	1.2672	1.4781	0.1440	0.0000	0.0000	6.5714
56	1.2709	1.4773	0.1460	0.0000	0.0000	6.6750
57	1.2755	1.4787	0.1486	0.0000	0.0000	6.3073
58	1.2837	1.4790	0.1453	0.0000	0.0000	6.9728
59	1.2889	1.4802	0.1473	0.0000	0.0000	6.4261
60	1.2932	1.4821	0.1453	0.0000	0.0000	6.7869
61	1.2653	1.5324	0.1447	0.0000	0.0000	5.8051
62	1.2663	1.5305	0.1460	0.0000	0.0000	7.1098
63	1.2713	1.5291	0.1453	0.0000	0.0000	6.9403
64	1.2790	1.5279	0.1447	0.0000	0.0000	7.1601
65	1.2883	1.5236	0.1453	0.0000	0.0000	6.1475
66	1.2960	1.5167	0.1453	0.0000	0.0000	7.4993
67	1.3020	1.4981	0.1453	0.0000	0.0000	6.4274
68	1.3013	1.4769	0.1460	0.0000	0.0000	7.4471
69	1.3043	1.4549	0.1447	0.0000	0.0000	7.6156
70	1.3078	1.4383	0.1460	0.0000	0.0000	7.8474
71	1.2390	1.5417	0.1453	0.0000	0.0000	7.6760
72	1.2465	1.5503	0.1440	0.0000	0.0000	6.7070
73	1.2580	1.5418	0.1447	0.0000	0.0000	7.7809
74	1.2700	1.5223	0.1428	0.0000	0.0000	7.2664
75	1.2654	1.5156	0.1447	0.0000	0.0000	8.1163
76	1.2769	1.4764	0.1473	0.0000	0.0000	7.8805
77	1.2899	1.4344	0.1434	0.0000	0.0000	8.2315
78	1.3266	1.4043	0.1473	0.0000	0.0000	8.0355
79	1.3548	1.3700	0.1434	0.0000	0.0000	8.5174
80	1.3782	1.3487	0.1460	0.0000	0.0000	8.5950
81	1.2593	1.5042	0.1466	0.0000	0.0000	7.1274
82	1.2496	1.5442	0.1460	0.0000	0.0000	8.4888
83	1.2447	1.5915	0.1440	0.0000	0.0000	8.4770
84	1.2463	1.6215	0.1466	0.0000	0.0000	8.6982
85	1.2491	1.6462	0.1466	0.0000	0.0000	8.4996
86	1.2537	1.6707	0.1460	0.0000	0.0000	8.7197
87	1.2551	1.6832	0.1453	0.0000	0.0000	8.8112
88	1.2618	1.6843	0.1440	0.0000	0.0000	9.1088
89	1.2694	1.6804	0.1460	0.0000	0.0000	9.0186
90	1.2812	1.6599	0.1473	0.0000	0.0000	8.7937
91	1.2272	1.5467	0.1460	0.0000	0.0000	9.1421
92	1.2113	1.5767	0.1473	0.0000	0.0000	8.9975
93	1.2032	1.5985	0.1428	0.0000	0.0000	9.4263
94	1.1820	1.6346	0.1479	0.0000	0.0000	9.1390
95	1.1414	1.6894	0.1447	0.0000	0.0000	9.4145
96	1.0949	1.7543	0.1370	0.0000	0.0000	10.8006
97	1.0329	1.8304	0.1447	0.0000	0.0000	9.6354
98	0.9581	1.9111	0.1460	0.0000	0.0000	9.7518
99	0.8888	1.9993	0.1447	0.0000	0.0000	9.7900
100	0.8340	2.0759	0.1453	0.0000	0.0000	8.2693
101	1.2298	1.4971	0.1447	0.0000	0.0000	8.9178
102	1.2140	1.4852	0.1440	0.0000	0.0000	10.2168
103	1.1687	1.4881	0.1466	0.0000	0.0000	9.0262
104	1.1140	1.4983	0.1345	0.0000	0.0000	11.6442
105	1.0618	1.4961	0.1440	0.0000	0.0000	10.1285
106	1.0068	1.5066	0.1370	0.0000	0.0000	11.4998
107	0.9443	1.5136	0.1447	0.0000	0.0000	10.4649
108	0.8933	1.5170	0.1308	0.0000	0.0000	12.3997
109	0.8460	1.5036	0.1440	0.0000	0.0000	10.6334
110	0.8132	1.4870	0.1466	0.0000	0.0000	10.6292
111	1.2309	1.4536	0.1421	0.0000	0.0000	10.9911
112	1.2247	1.4606	0.1466	0.0000	0.0000	10.7850
113	1.2117	1.4526	0.1327	0.0000	0.0000	12.2139
114	1.2064	1.4422	0.1479	0.0000	0.0000	10.6383
115	1.2043	1.4184	0.1460	0.0000	0.0000	10.9508
116	1.2071	1.3851	0.1453	0.0000	0.0000	11.1706
117	1.2005	1.3530	0.1339	0.0000	0.0000	12.5551
118	1.1886	1.3388	0.1447	0.0000	0.0000	11.3399
119	1.1815	1.3212	0.1453	0.0000	0.0000	11.0809
120	1.1767	1.3209	0.1453	0.0000	0.0000	10.1961
121	1.2482	1.4911	0.1460	0.0000	0.0000	11.3373
122	1.2607	1.4813	0.1447	0.0000	0.0000	11.4422
123	1.2737	1.4677	0.1460	0.0000	0.0000	11.5581
124	1.2816	1.4748	0.1453	0.0000	0.0000	11.8434
125	1.2679	1.4737	0.1466	0.0000	0.0000	11.7001
126	1.2597	1.4937	0.1453	0.0000	0.0000	11.8680
127	1.2550	1.5129	0.1447	0.0000	0.0000	11.9588
128	1.2551	1.5177	0.1447	0.0000	0.0000	11.2070
129	1.2600	1.5231	0.1447	0.0000	0.0000	12.1145
130	1.2740	1.5293	0.1453	0.0000	0.0000	12.1632
131	1.2365	1.4793	0.1434	0.0000	0.0000	12.2641
132	1.2363	1.4570	0.1453	0.0000	0.0000	12.4332
133	1.2461	1.4460	0.1345	0.0000	0.0000	13.6118
134	1.2499	1.4494	0.1466	0.0000	0.0000	12.4334
135	1.2485	1.4563	0.1466	0.0000	0.0000	12.3154
136	1.2352	1.4492	0.1453	0.0000	0.0000	12.7436
137	1.2130	1.4405	0.1453	0.0000	0.0000	11.3019
138	1.1926	1.4318	0.1460	0.0000	0.0000	12.6273
139	1.1500	1.4151	0.1434	0.0000	0.0000	12.9512
140	1.1233	1.3930	0.1466	0.0000	0.0000	12.8840
141	1.1974	1.5342	0.1440	0.0000	0.0000	13.1434
142	1.1869	1.5341	0.1486	0.0000	0.0000	12.3509
143	1.1737	1.5177	0.1447	0.0000	0.0000	13.1566
144	1.1199	1.5402	0.1447	0.0000	0.0000	12.2177
145	1.0654	1.5578	0.1447	0.0000	0.0000	13.3782
146	1.0088	1.5607	0.1460	0.0000	0.0000	13.3490
147	0.8967	1.5988	0.1447	0.0000	0.0000	13.3232
148	0.7667	1.6826	0.1466	0.0000	0.0000	12.3417
149	0.6641	1.7600	0.1434	0.0000	0.0000	13.5699
150	0.6033	1.7865	0.1486	0.0000	0.0000	13.3958
151	1.2438	1.5547	0.1434	0.0000	0.0000	14.0992
152	1.2034	1.5874	0.1352	0.0000	0.0000	15.0359
153	1.1335	1.6572	0.1440	0.0000	0.0000	13.8538
154	1.0459	1.7765	0.1486	0.0000	0.0000	13.6428
155	0.9414	1.9441	0.1428	0.0000	0.0000	14.1643
156	0.8424	2.1316	0.1466	0.0000	0.0000	13.9061
157	0.7368	2.3663	0.1434	0.0000	0.0000	14.3729
158	0.6457	2.6502	0.1473	0.0000	0.0000	12.7806
159	0.5733	2.9831	0.1447	0.0000	0.0000	14.2456
160	0.5276	3.0000	0.1453	0.0000	0.0000	14.2142
161	1.2320	1.5488	0.1453	0.0000	0.0000	14.4210
162	1.2399	1.5440	0.1440	0.0000	0.0000	14.3326
163	1.2627	1.4917	0.1440	0.0000	0.0000	14.6682
164	1.2853	1.4396	0.1434	0.0000	0.0000	14.8226
165	1.2828	1.4201	0.1428	0.0000	0.0000	13.9026
166	1.2628	1.4282	0.1447	0.0000	0.0000	15.0187
167	1.2425	1.4261	0.1440	0.0000	0.0000	15.1092
168	1.2362	1.3929	0.1327	0.0000	0.0000	16.8112
169	1.2077	1.3712	0.1453	0.0000	0.0000	15.1743
170	1.1886	1.3583	0.1460	0.0000	0.0000	15.2731
171	1.2778	1.5659	0.1466	0.0000	0.0000	14.9473
172	1.2697	1.5661	0.1466	0.0000	0.0000	15.2849
173	1.2374	1.5783	0.1447	0.0000	0.0000	15.4011
174	1.2076	1.5960	0.1493	0.0000	0.0000	15.2549
175	1.1742	1.6156	0.1315	0.0000	0.0000	16.6949
176	1.1277	1.6449	0.1479	0.0000	0.0000	15.3085
177	1.0893	1.6406	0.1493	0.0000	0.0000	15.1619
178	1.0301	1.6601	0.1499	0.0000	0.0000	15.4866
179	0.9413	1.6803	0.1466	0.0000	0.0000	15.8273
180	0.8695	1.6649	0.1466	0.0000	0.0000	16.1513
181	1.2520	1.5602	0.1473	0.0000	0.0000	14.8619
182	1.2167	1.5926	0.1486	0.0000	0.0000	15.5469
183	1.1957	1.5998	0.1460	0.0000	0.0000	16.1329
184	1.1515	1.6232	0.1352	0.0000	0.0000	17.3793
185	1.1180	1.6080	0.1466	0.0000	0.0000	16.2105
186	1.0967	1.6044	0.1460	0.0000	0.0000	14.4084
187	1.0840	1.6087	0.1466	0.0000	0.0000	16.3355
188	1.0759	1.5874	0.1512	0.0000	0.0000	15.9885
189	1.0522	1.6082	0.1460	0.0000	0.0000	16.4380
190	1.0269	1.6222	0.1389	0.0000	0.0000	17.8048
191	1.2249	1.5221	0.1364	0.0000	0.0000	17.7757
192	1.2160	1.5274	0.1460	0.0000	0.0000	16.8996
193	1.2228	1.5104	0.1370	0.0000	0.0000	17.9201
194	1.1993	1.5270	0.1460	0.0000	0.0000	16.7942
195	1.1797	1.5164	0.1466	0.0000	0.0000	16.8582
196	1.1710	1.5336	0.1453	0.0000	0.0000	17.0260
197	1.1417	1.5652	0.1479	0.0000	0.0000	15.8371
198	1.1349	1.5666	0.1466	0.0000	0.0000	17.1551
199	1.1262	1.5670	0.1466	0.0000	0.0000	17.4944
200	1.0867	1.5823	0.1486	0.0000	0.0000	17.1885
201	1.2216	1.4900	0.1460	0.0000	0.0000	17.6459
202	1.2474	1.4356	0.1479	0.0000	0.0000	17.3571
203	1.2595	1.3470	0.1447	0.0000	0.0000	17.4361
204	1.2551	1.2483	0.1473	0.0000	0.0000	16.6285
205	1.2571	1.1628	0.1466	0.0000	0.0000	17.8125
206	1.2619	1.1060	0.1479	0.0000	0.0000	17.6012
207	1.2648	1.0629	0.1466	0.0000	0.0000	18.0310
208	1.2632	1.0175	0.1466	0.0000	0.0000	17.9121
209	1.2564	0.9740	0.1499	0.0000	0.0000	17.9081
210	1.2851	0.8796	0.1479	0.0000	0.0000	17.8922
211	1.2635	1.4992	0.1479	0.0000	0.0000	17.1348
212	1.2936	1.4735	0.1479	0.0000	0.0000	18.2425
213	1.3208	1.4806	0.1453	0.0000	0.0000	18.6980
214	1.3340	1.5132	0.1499	0.0000	0.0000	18.0913
215	1.3471	1.5481	0.1473	0.0000	0.0000	18.6162
216	1.3624	1.5718	0.1493	0.0000	0.0000	18.2589
217	1.3937	1.5562	0.1479	0.0000	0.0000	18.7562
218	1.4153	1.5179	0.1506	0.0000	0.0000	18.6464
219	1.4120	1.5117	0.1506	0.0000	0.0000	18.5898
220	1.4071	1.5013	0.1559	0.0000	0.0000	18.1892
221	1.1670	1.5580	0.1533	0.0000	0.0000	18.8542
222	1.1000	1.6380	0.1600	0.0000	0.0000	18.4503
223	1.0306	1.7518	0.1573	0.0000	0.0000	18.9875
224	0.9329	1.8793	0.1635	0.0000	0.0000	18.7965
225	0.8062	1.9879	0.1628	0.0000	0.0000	17.9878
226	0.7009	2.1373	0.1706	0.0000	0.0000	18.6485
227	0.6029	2.2682	0.1713	0.0000	0.0000	18.6988
228	0.4717	2.4034	0.1656	0.0000	0.0000	19.6636
229	0.3352	2.5741	0.1706	0.0000	0.0000	19.0589
230	0.2036	2.7320	0.1735	0.0000	0.0000	18.4757
231	1.1647	1.5488	0.1713	0.0000	0.0000	18.9326
232	1.1151	1.5518	0.1706	0.0000	0.0000	19.1552
233	1.0306	1.5672	0.1628	0.0000	0.0000	20.3721
234	0.9565	1.5771	0.1801	0.0000	0.0000	18.6498
235	0.9313	1.5396	0.1839	0.0000	0.0000	18.8539
236	0.9561	1.4570	0.1877	0.0000	0.0000	19.1385
237	0.9725	1.3319	0.1947	0.0000	0.0000	17.5178
238	0.9584	1.2178	0.1979	0.0000	0.0000	18.8885
239	0.9640	1.1445	0.1955	0.0000	0.0000	18.9094
240	1.0009	1.0756	0.1987	0.0000	0.0000	18.9652
241	1.1876	1.5081	0.1971	0.0000	0.0000	18.9585
242	1.1428	1.4656	0.2060	0.0000	0.0000	18.5808
243	1.1141	1.4388	0.2043	0.0000	0.0000	19.0716
244	1.1273	1.3708	0.2110	0.0000	0.0000	17.5150
245	1.1276	1.2529	0.2135	0.0000	0.0000	18.7295
246	1.1470	1.0849	0.2186	0.0000	0.0000	18.9237
247	1.1761	0.8670	0.2035	0.0000	0.0000	20.6939
248	1.1975	0.6087	0.2256	0.0000	0.0000	18.6915
249	1.1689	0.3669	0.2274	0.0000	0.0000	18.6060
250	1.1500	0.1846	0.2221	0.0000	0.0000	18.8338
251	1.2432	1.5635	0.2230	0.0000	0.0000	18.7599
252	1.2256	1.5442	0.2265	0.0000	0.0000	18.7266
253	1.1621	1.5645	0.2265	0.0000	0.0000	18.5877
254	1.0626	1.6329	0.2256	0.0000	0.0000	19.0847
255	0.9314	1.7384	0.2256	0.0000	0.0000	19.0330
256	0.7625	1.8935	0.2230	0.0000	0.0000	18.9506
257	0.5549	2.0977	0.2230	0.0000	0.0000	19.0767
258	0.3286	2.3381	0.2248	0.0000	0.0000	17.8740
259	0.0662	2.5744	0.2292	0.0000	0.0000	18.7597
260	0.0000	2.7333	0.2328	0.0000	0.0000	19.2542
261	1.1696	1.4666	0.2356	0.0000	0.0000	19.1342
262	1.1843	1.4083	0.2412	0.0000	0.0000	19.3378
263	1.2296	1.3001	0.2393	0.0000	0.0000	18.9345
264	1.2678	1.1506	0.2459	0.0000	0.0000	18.9237
265	1.2650	1.0326	0.2430	0.0000	0.0000	19.0038
266	1.2457	0.9029	0.2449	0.0000	0.0000	19.0884
267	1.2099	0.7371	0.2430	0.0000	0.0000	19.5353
268	1.1576	0.5227	0.2292	0.0000	0.0000	20.7468
269	1.0863	0.3058	0.2440	0.0000	0.0000	19.2877
270	1.0048	0.1647	0.2292	0.0000	0.0000	21.2753
271	1.1429	1.5444	0.2421	0.0000	0.0000	19.0876
272	1.1250	1.6052	0.2517	0.0000	0.0000	17.3154
273	1.0685	1.6831	0.2507	0.0000	0.0000	19.1593
274	1.0054	1.7807	0.2566	0.0000	0.0000	19.0660
275	0.9874	1.8440	0.2556	0.0000	0.0000	19.5066
276	0.9454	1.8731	0.2606	0.0000	0.0000	18.9292
277	0.8888	1.9270	0.2546	0.0000	0.0000	17.9130
278	0.8539	2.0039	0.2566	0.0000	0.0000	18.9546
279	0.8168	2.1131	0.2497	0.0000	0.0000	18.2636
280	0.7752	2.1881	0.2586	0.0000	0.0000	18.5564
281	1.1455	1.5098	0.2536	0.0000	0.0000	17.6428
282	1.1790	1.5474	0.2556	0.0000	0.0000	19.1538
283	1.2449	1.5751	0.2507	0.0000	0.0000	19.2766
284	1.3421	1.5589	0.2586	0.0000	0.0000	18.8441
285	1.4548	1.4928	0.2606	0.0000	0.0000	19.1246
286	1.5638	1.3918	0.2626	0.0000	0.0000	19.0016
287	1.6719	1.3005	0.2636	0.0000	0.0000	18.7982
288	1.8049	1.2408	0.2688	0.0000	0.0000	19.0166
289	1.9713	1.2244	0.2677	0.0000	0.0000	18.7504
290	2.0893	1.2315	0.2688	0.0000	0.0000	19.2549
291	1.1560	1.4991	0.2688	0.0000	0.0000	18.6487
292	1.0994	1.5585	0.2688	0.0000	0.0000	18.9744
293	1.0374	1.6386	0.2657	0.0000	0.0000	19.1563
294	0.9658	1.7140	0.2709	0.0000	0.0000	19.0673
295	0.8586	1.7552	0.2647	0.0000	0.0000	19.4149
296	0.7472	1.7636	0.2688	0.0000	0.0000	19.1452
297	0.6529	1.7956	0.2667	0.0000	0.0000	19.2026
298	0.5467	1.8674	0.2688	0.0000	0.0000	19.2806
299	0.4158	1.9349	0.2497	0.0000	0.0000	21.3767
300	0.2770	2.0074	0.2688	0.0000	0.0000	19.3125
301	1.1735	1.5254	0.2740	0.0000	0.0000	19.0126
302	1.1898	1.5853	0.2783	0.0000	0.0000	18.9364
303	1.1902	1.6283	0.2772	0.0000	0.0000	17.2191
304	1.1459	1.6525	0.2576	0.0000	0.0000	21.5512
305	1.0866	1.7058	0.2709	0.0000	0.0000	19.5479
306	1.0185	1.7361	0.2783	0.0000	0.0000	18.7772
307	0.9341	1.7187	0.2751	0.0000	0.0000	19.2795
308	0.8189	1.6660	0.2859	0.0000	0.0000	16.9522
309	0.7222	1.5917	0.2804	0.0000	0.0000	19.0880
310	0.6754	1.4992	0.2848	0.0000	0.0000	19.0064
311	1.2101	1.5513	0.2793	0.0000	0.0000	19.4481
312	1.1502	1.5857	0.2804	0.0000	0.0000	19.5457
313	1.0519	1.6145	0.2815	0.0000	0.0000	18.5623
314	0.9463	1.6365	0.2815	0.0000	0.0000	19.4350
315	0.8088	1.6452	0.2804	0.0000	0.0000	19.0336
316	0.6414	1.6358	0.2793	0.0000	0.0000	19.6056
317	0.4960	1.5933	0.2793	0.0000	0.0000	19.0747
318	0.3965	1.5030	0.2837	0.0000	0.0000	19.1067
319	0.3329	1.3636	0.2804	0.0000	0.0000	19.3978
320	0.2618	1.2448	0.2859	0.0000	0.0000	18.7508
321	1.1543	1.5680	0.2783	0.0000	0.0000	19.0300
322	1.1140	1.6250	0.2740	0.0000	0.0000	18.1024
323	1.0447	1.6412	0.2576	0.0000	0.0000	21.5367
324	0.9498	1.6677	0.2772	0.0000	0.0000	19.0910
325	0.8570	1.6761	0.2730	0.0000	0.0000	19.5078
326	0.8000	1.6591	0.2772	0.0000	0.0000	19.3300
327	0.7707	1.6492	0.2709	0.0000	0.0000	19.3669
328	0.7604	1.5969	0.2793	0.0000	0.0000	18.9964
329	0.7945	1.4960	0.2740	0.0000	0.0000	19.5415
330	0.8258	1.3901	0.2804	0.0000	0.0000	18.7819
331	1.1994	1.5479	0.2804	0.0000	0.0000	19.4367
332	1.1390	1.6025	0.2826	0.0000	0.0000	19.2936
333	1.1140	1.6379	0.2793	0.0000	0.0000	19.0481
334	1.0793	1.6652	0.2804	0.0000	0.0000	17.7833
335	1.0164	1.7216	0.2804	0.0000	0.0000	19.1553
336	0.9269	1.7830	0.2870	0.0000	0.0000	19.4682
337	0.8603	1.7962	0.2848	0.0000	0.0000	19.2962
338	0.7843	1.7676	0.2903	0.0000	0.0000	19.1906
339	0.7356	1.6945	0.2719	0.0000	0.0000	21.4063
340	0.7326	1.6001	0.2959	0.0000	0.0000	18.9745
341	1.2128	1.5283	0.2925	0.0000	0.0000	19.8424
342	1.1885	1.5433	0.2709	0.0000	0.0000	21.5439
343	1.1695	1.5301	0.2848	0.0000	0.0000	19.3286
344	1.1630	1.4805	0.2657	0.0000	0.0000	21.4091
345	1.1977	1.3809	0.2837	0.0000	0.0000	19.8077
346	1.2240	1.2394	0.2903	0.0000	0.0000	19.0182
347	1.2083	1.1198	0.2925	0.0000	0.0000	19.4274
348	1.1573	1.0287	0.3029	0.0000	0.0000	18.7629
349	1.0592	0.9614	0.2925	0.0000	0.0000	19.4298
350	0.9852	0.9432	0.2783	0.0000	0.0000	21.1463
351	1.1540	1.5022	0.2959	0.0000	0.0000	19.0292
352	1.1049	1.4814	0.3052	0.0000	0.0000	18.4910
353	1.0826	1.4331	0.3087	0.0000	0.0000	18.4118
354	1.0976	1.3384	0.2948	0.0000	0.0000	21.0320
355	1.1072	1.2606	0.3040	0.0000	0.0000	19.0872
356	1.1038	1.2005	0.3064	0.0000	0.0000	18.5684
357	1.0655	1.1675	0.2948	0.0000	0.0000	19.4957
358	1.0143	1.1558	0.2870	0.0000	0.0000	19.6474
359	0.9105	1.1456	0.2859	0.0000	0.0000	19.1266
360	0.7926	1.1190	0.2903	0.0000	0.0000	19.2614
361	1.1992	1.5162	0.2709	0.0000	0.0000	21.4896
362	1.2638	1.5519	0.2925	0.0000	0.0000	19.3425
363	1.2999	1.6166	0.2982	0.0000	0.0000	19.1203
364	1.2893	1.7041	0.3005	0.0000	0.0000	18.8446
365	1.2972	1.7893	0.3005	0.0000	0.0000	16.9580
366	1.3434	1.8246	0.2982	0.0000	0.0000	19.2408
367	1.4302	1.8159	0.2937	0.0000	0.0000	19.3325
368	1.5670	1.7572	0.2914	0.0000	0.0000	19.1567
369	1.7255	1.6486	0.2870	0.0000	0.0000	19.1438
370	1.8835	1.5452	0.2892	0.0000	0.0000	19.6606
371	1.1878	1.5511	0.2892	0.0000	0.0000	19.2213
372	1.2368	1.5649	0.2870	0.0000	0.0000	19.8268
373	1.2859	1.5422	0.2667	0.0000	0.0000	21.0585
374	1.3031	1.4958	0.2914	0.0000	0.0000	18.6451
375	1.2708	1.4598	0.2870	0.0000	0.0000	19.1861
376	1.2089	1.4251	0.2971	0.0000	0.0000	19.0923
377	1.1388	1.3891	0.2948	0.0000	0.0000	19.1416
378	1.1152	1.3155	0.2937	0.0000	0.0000	19.3946
379	1.1371	1.2085	0.3017	0.0000	0.0000	16.6754
380	1.1637	1.0881	0.3005	0.0000	0.0000	19.1499
381	1.1588	1.5013	0.3005	0.0000	0.0000	16.9256
382	1.2004	1.4749	0.3064	0.0000	0.0000	18.6814
383	1.2397	1.4444	0.2982	0.0000	0.0000	19.4266
384	1.2489	1.4374	0.3005	0.0000	0.0000	17.1416
385	1.2538	1.4708	0.2971	0.0000	0.0000	18.9980
386	1.2705	1.4814	0.3005	0.0000	0.0000	19.3892
387	1.2476	1.4546	0.2959	0.0000	0.0000	19.9423
388	1.2023	1.4045	0.3017	0.0000	0.0000	19.1374
389	1.2024	1.3110	0.2971	0.0000	0.0000	19.2326
390	1.2382	1.2002	0.2994	0.0000	0.0000	19.3027
391	1.1955	1.4770	0.3017	0.0000	0.0000	19.3740
392	1.2175	1.4088	0.3040	0.0000	0.0000	18.9754
393	1.2508	1.3164	0.3017	0.0000	0.0000	19.3732
394	1.3325	1.1755	0.3029	0.0000	0.0000	19.1170
395	1.4099	1.0501	0.3040	0.0000	0.0000	19.2100
396	1.4864	0.9359	0.3017	0.0000	0.0000	18.9089
397	1.5640	0.8544	0.2948	0.0000	0.0000	19.7367
398	1.6227	0.7704	0.3005	0.0000	0.0000	17.2653
399	1.6422	0.6777	0.2948	0.0000	0.0000	19.4005
400	1.6363	0.6260	0.2815	0.0000	0.0000	21.0001
401	1.1688	1.5107	0.2937	0.0000	0.0000	19.3148
402	1.1318	1.5399	0.2892	0.0000	0.0000	19.1878
403	1.0638	1.5727	0.2870	0.0000	0.0000	17.8519
404	1.0079	1.5735	0.2751	0.0000	0.0000	21.9076
405	0.9537	1.5652	0.2937	0.0000	0.0000	19.3382
406	0.8751	1.5492	0.3017	0.0000	0.0000	18.8321
407	0.7577	1.5749	0.2937	0.0000	0.0000	19.4540
408	0.6480	1.6208	0.3017	0.0000	0.0000	18.8358
409	0.5175	1.6384	0.2971	0.0000	0.0000	19.0480
410	0.3805	1.6587	0.3017	0.0000	0.0000	18.8364
411	1.1158	1.4289	0.2959	0.0000	0.0000	19.4156
412	1.1001	1.4364	0.2994	0.0000	0.0000	17.2333
413	1.0940	1.4735	0.2937	0.0000	0.0000	19.6944
414	1.0962	1.4898	0.2982	0.0000	0.0000	19.4932
415	1.0589	1.4801	0.2994	0.0000	0.0000	17.4538
416	0.9882	1.4604	0.2859	0.0000	0.0000	20.8665
417	0.8740	1.4395	0.3005	0.0000	0.0000	19.4533
418	0.7688	1.4336	0.3052	0.0000	0.0000	18.7759
419	0.7019	1.4030	0.3017	0.0000	0.0000	19.3118
420	0.6335	1.3562	0.3017	0.0000	0.0000	19.3126
421	0.8918	1.5860	0.2837	0.0000	0.0000	21.4784
422	0.8483	1.6058	0.2994	0.0000	0.0000	19.4765
423	0.7869	1.6695	0.2971	0.0000	0.0000	18.7277
424	0.7400	1.7559	0.2925	0.0000	0.0000	19.8405
425	0.6468	1.8296	0.2892	0.0000	0.0000	17.6277
426	0.5075	1.8994	0.2914	0.0000	0.0000	19.5340
427	0.3843	1.9257	0.2870	0.0000	0.0000	19.4067
428	0.3111	1.9020	0.2925	0.0000	0.0000	19.1855
429	0.2660	1.8282	0.2870	0.0000	0.0000	19.3064
430	0.2396	1.7375	0.2903	0.0000	0.0000	19.6900
431	1.1624	1.5390	0.2881	0.0000	0.0000	19.6264
432	1.1961	1.6177	0.2959	0.0000	0.0000	19.4757
433	1.2475	1.7144	0.2688	0.0000	0.0000	22.1743
434	1.2597	1.7770	0.2892	0.0000	0.0000	17.4680
435	1.2724	1.8203	0.2730	0.0000	0.0000	21.4634
436	1.3296	1.8220	0.2914	0.0000	0.0000	19.5898
437	1.3966	1.8013	0.2870	0.0000	0.0000	19.7938
438	1.4372	1.7981	0.2937	0.0000	0.0000	19.5538
439	1.4334	1.7935	0.2971	0.0000	0.0000	17.0726
440	1.4419	1.7684	0.3005	0.0000	0.0000	19.0822
441	1.1268	1.5006	0.3017	0.0000	0.0000	19.2907
442	1.1635	1.4658	0.3052	0.0000	0.0000	19.1016
443	1.1959	1.3845	0.2982	0.0000	0.0000	19.4724
444	1.2424	1.2702	0.2959	0.0000	0.0000	19.7477
445	1.3177	1.1354	0.2914	0.0000	0.0000	19.2786
446	1.4115	1.0201	0.2848	0.0000	0.0000	19.8615
447	1.5030	0.9223	0.2837	0.0000	0.0000	19.8901
448	1.6396	0.7884	0.2667	0.0000	0.0000	21.8265
449	1.8070	0.6045	0.2925	0.0000	0.0000	19.6245
450	1.8923	0.4776	0.2859	0.0000	0.0000	21.4622
451	1.0982	1.5174	0.3111	0.0000	0.0000	19.4985
452	1.0751	1.5274	0.3148	0.0000	0.0000	17.5206
453	1.0291	1.5213	0.3135	0.0000	0.0000	19.3214
454	0.9414	1.5380	0.3160	0.0000	0.0000	19.2649
455	0.8384	1.5412	0.2937	0.0000	0.0000	21.2073
456	0.7068	1.5300	0.3052	0.0000	0.0000	19.4619
457	0.6028	1.5002	0.3029	0.0000	0.0000	19.2708
458	0.4752	1.4247	0.2937	0.0000	0.0000	17.3862
459	0.3733	1.3051	0.2881	0.0000	0.0000	19.9097
460	0.3179	1.2259	0.2709	0.0000	0.0000	22.0953
461	0.0057	0.0071	0.2914	0.0000	0.0000	16.9492
462	0.0129	0.0000	0.3017	0.0000	0.0000	18.8573
463	0.0000	0.0000	0.3017	0.0000	0.0000	18.9730
464	0.0000	0.0000	0.3040	0.0000	0.0000	19.3897
465	0.0000	0.0000	0.2994	0.0000	0.0000	19.5981
466	0.0000	0.0000	0.3017	0.0000	0.0000	19.5522
467	0.0000	0.0000	0.2804	0.0000	0.0000	21.7575
468	0.0000	0.0000	0.2982	0.0000	0.0000	19.3918
469	0.0000	0.0000	0.3005	0.0000	0.0000	17.5536
470	0.0000	0.0000	0.3005	0.0000	0.0000	19.4638
471	1.1852	1.4860	0.2982	0.0000	0.0000	19.7418
472	1.2016	1.4413	0.3005	0.0000	0.0000	19.0043
473	1.2190	1.4033	0.2982	0.0000	0.0000	19.2841
474	1.2383	1.3585	0.2994	0.0000	0.0000	19.1487
475	1.2157	1.3269	0.2959	0.0000	0.0000	19.4491
476	1.1522	1.3331	0.2982	0.0000	0.0000	19.7497
477	1.0961	1.3485	0.2793	0.0000	0.0000	21.3323
478	1.0802	1.3289	0.2994	0.0000	0.0000	17.4907
479	1.0565	1.2837	0.2982	0.0000	0.0000	19.1839
480	1.0096	1.2790	0.2948	0.0000	0.0000	20.0547
481	1.1622	1.4560	0.2730	0.0000	0.0000	21.7690
482	1.1556	1.4219	0.2937	0.0000	0.0000	19.2862
483	1.1501	1.3406	0.2982	0.0000	0.0000	19.4220
484	1.1633	1.2561	0.2870	0.0000	0.0000	21.4701
485	1.1886	1.1738	0.3064	0.0000	0.0000	19.0223
486	1.2161	1.0483	0.3111	0.0000	0.0000	18.7998
487	1.2583	0.8940	0.3040	0.0000	0.0000	19.1811
488	1.3299	0.6905	0.3052	0.0000	0.0000	19.0374
489	1.3601	0.4771	0.2994	0.0000	0.0000	19.5048
490	1.3776	0.3173	0.3005	0.0000	0.0000	19.3663
491	1.1546	1.4405	0.2937	0.0000	0.0000	19.5052
492	1.1433	1.3808	0.3005	0.0000	0.0000	17.4698
493	1.0993	1.3166	0.2959	0.0000	0.0000	19.3537
494	1.0053	1.2531	0.2982	0.0000	0.0000	19.3081
495	0.8653	1.1652	0.2937	0.0000	0.0000	19.8566
496	0.6926	1.0764	0.2793	0.0000	0.0000	21.6944
497	0.5571	0.9679	0.2994	0.0000	0.0000	19.1780
498	0.4667	0.8313	0.3052	0.0000	0.0000	19.0593
499	0.3879	0.7294	0.3076	0.0000	0.0000	19.1247
500	0.3012	0.6720	0.3148	0.0000	0.0000	16.9877
501	1.1613	1.4865	0.3123	0.0000	0.0000	19.2607
502	1.1912	1.4891	0.3052	0.0000	0.0000	19.3979
503	1.1962	1.4417	0.3076	0.0000	0.0000	18.8792
504	1.2307	1.3450	0.3076	0.0000	0.0000	19.2288
505	1.3115	1.2007	0.3052	0.0000	0.0000	17.3424
506	1.3936	1.0565	0.2859	0.0000	0.0000	21.7142
507	1.4663	0.9033	0.3064	0.0000	0.0000	19.1325
508	1.5337	0.7383	0.3123	0.0000	0.0000	18.7668
509	1.6407	0.5352	0.3005	0.0000	0.0000	19.2452
510	1.6999	0.3965	0.2859	0.0000	0.0000	21.8256
511	0.0083	0.0115	0.2959	0.0000	0.0000	19.4560
512	0.0581	0.0000	0.2994	0.0000	0.0000	19.3880
513	0.1163	0.0000	0.2815	0.0000	0.0000	21.5358
514	0.1576	0.0000	0.3017	0.0000	0.0000	17.3255
515	0.1715	0.0000	0.2826	0.0000	0.0000	21.4104
516	0.2023	0.0000	0.3005	0.0000	0.0000	19.2583
517	0.2435	0.0000	0.3005	0.0000	0.0000	19.1449
518	0.2731	0.0000	0.2948	0.0000	0.0000	19.4927
519	0.3189	0.0000	0.2925	0.0000	0.0000	19.7671
520	0.3726	0.0000	0.2740	0.0000	0.0000	20.7766
521	1.0406	1.5160	0.2870	0.0000	0.0000	19.5562
522	1.0405	1.4360	0.2881	0.0000	0.0000	17.8266
523	1.0689	1.3478	0.2914	0.0000	0.0000	19.3665
524	1.0671	1.2893	0.2937	0.0000	0.0000	19.5483
525	1.0689	1.2428	0.2937	0.0000	0.0000	19.3267
526	1.1096	1.1524	0.2925	0.0000	0.0000	19.6899
527	1.1661	1.0578	0.2772	0.0000	0.0000	21.7635
528	1.2199	0.9481	0.2971	0.0000	0.0000	19.6089
529	1.2710	0.8456	0.3029	0.0000	0.0000	19.1469
530	1.3412	0.7214	0.3099	0.0000	0.0000	17.4964
531	1.1568	1.5053	0.3135	0.0000	0.0000	17.4009
532	1.1280	1.5239	0.3184	0.0000	0.0000	18.5677
533	1.1348	1.5225	0.3148	0.0000	0.0000	19.0023
534	1.1299	1.5105	0.3172	0.0000	0.0000	19.0683
535	1.1174	1.5093	0.3087	0.0000	0.0000	19.1140
536	1.0747	1.4694	0.3135	0.0000	0.0000	18.8897
537	0.9831	1.4505	0.3087	0.0000	0.0000	19.2241
538	0.8543	1.4813	0.3111	0.0000	0.0000	19.0521
539	0.6770	1.5616	0.3064	0.0000	0.0000	17.4350
540	0.5105	1.6394	0.3029	0.0000	0.0000	19.2177
541	1.1434	1.5358	0.3005	0.0000	0.0000	19.0358
542	1.1474	1.5549	0.2772	0.0000	0.0000	21.1620
543	1.1817	1.5579	0.2937	0.0000	0.0000	17.5608
544	1.2127	1.5448	0.2677	0.0000	0.0000	22.4217
545	1.2221	1.4933	0.2881	0.0000	0.0000	19.6538
546	1.2132	1.4569	0.2948	0.0000	0.0000	18.9608
547	1.2039	1.3907	0.2892	0.0000	0.0000	19.7515
548	1.1934	1.3036	0.2994	0.0000	0.0000	17.2233
549	1.1589	1.2413	0.2959	0.0000	0.0000	19.2853
550	1.1614	1.1750	0.2971	0.0000	0.0000	17.8256
551	1.1666	1.5040	0.2959	0.0000	0.0000	17.6445
552	1.1795	1.5330	0.2959	0.0000	0.0000	19.6346
553	1.2378	1.5290	0.2881	0.0000	0.0000	19.9058
554	1.3099	1.4944	0.2903	0.0000	0.0000	19.8663
555	1.4285	1.5010	0.2859	0.0000	0.0000	19.8477
556	1.5917	1.5241	0.2914	0.0000	0.0000	19.5220
557	1.7991	1.5035	0.2870	0.0000	0.0000	19.7293
558	2.0518	1.4353	0.2914	0.0000	0.0000	20.0954
559	2.2842	1.3509	0.2740	0.0000	0.0000	21.2957
560	2.4741	1.2492	0.2925	0.0000	0.0000	19.8587
561	1.2242	1.5923	0.2881	0.0000	0.0000	20.1725
562	1.2797	1.6083	0.2881	0.0000	0.0000	19.8442
563	1.3802	1.5883	0.2914	0.0000	0.0000	19.6737
564	1.4867	1.5777	0.2948	0.0000	0.0000	19.4960
565	1.5813	1.5405	0.2925	0.0000	0.0000	19.4337
566	1.6534	1.4887	0.2892	0.0000	0.0000	20.2936
567	1.7216	1.4644	0.2870	0.0000	0.0000	19.7841
568	1.8268	1.4267	0.2892	0.0000	0.0000	19.5239
569	1.9809	1.3604	0.2914	0.0000	0.0000	19.5950
570	2.1034	1.2977	0.2881	0.0000	0.0000	19.8890
571	1.1761	1.5232	0.2903	0.0000	0.0000	19.8488
572	1.2181	1.5116	0.2925	0.0000	0.0000	19.6961
573	1.2707	1.4501	0.2959	0.0000	0.0000	19.1794
574	1.2756	1.3727	0.2903	0.0000	0.0000	19.8606
575	1.2491	1.2998	0.3005	0.0000	0.0000	19.3173
576	1.1762	1.2125	0.3017	0.0000	0.0000	19.8748
577	1.0936	1.1177	0.2994	0.0000	0.0000	19.8018
578	1.0476	0.9819	0.2848	0.0000	0.0000	21.4396
579	1.0293	0.8036	0.3017	0.0000	0.0000	19.6423
580	1.0369	0.6268	0.3064	0.0000	0.0000	19.4295
581	1.2020	1.4803	0.3040	0.0000	0.0000	19.3570
582	1.2632	1.4105	0.3111	0.0000	0.0000	19.5669
583	1.3445	1.3324	0.2903	0.0000	0.0000	21.7030
584	1.4652	1.2504	0.3148	0.0000	0.0000	19.3665
585	1.6255	1.1344	0.3111	0.0000	0.0000	19.0724
586	1.7571	0.9821	0.3148	0.0000	0.0000	19.1116
587	1.8630	0.8536	0.3111	0.0000	0.0000	17.4419
588	1.9758	0.7284	0.2925	0.0000	0.0000	21.4107
589	2.0780	0.5557	0.3029	0.0000	0.0000	20.4076
590	2.1492	0.4280	0.3017	0.0000	0.0000	20.0678
591	1.2918	1.5759	0.3017	0.0000	0.0000	17.6806
592	1.2753	1.5688	0.3005	0.0000	0.0000	19.2757
593	1.2933	1.5277	0.2948	0.0000	0.0000	19.7359
594	1.3531	1.4650	0.3005	0.0000	0.0000	19.1659
595	1.4137	1.4037	0.2925	0.0000	0.0000	20.3579
596	1.4541	1.3085	0.2982	0.0000	0.0000	19.3350
597	1.4765	1.1935	0.2948	0.0000	0.0000	19.8617
598	1.5202	1.0587	0.2971	0.0000	0.0000	19.2490
599	1.6138	0.8738	0.2971	0.0000	0.0000	17.8193
600	1.7218	0.6900	0.2783	0.0000	0.0000	21.7408
601	1.1329	1.4653	0.2948	0.0000	0.0000	19.7588
602	1.0778	1.4249	0.3029	0.0000	0.0000	19.2507
603	1.0087	1.3807	0.3052	0.0000	0.0000	19.3162
604	0.9667	1.3076	0.3135	0.0000	0.0000	19.1405
605	0.9643	1.1845	0.3029	0.0000	0.0000	19.5905
606	0.9324	1.0454	0.3099	0.0000	0.0000	19.2103
607	0.9243	0.9177	0.3005	0.0000	0.0000	19.9819
608	0.9317	0.7924	0.3064	0.0000	0.0000	19.5130
609	0.9107	0.6546	0.3017	0.0000	0.0000	17.6865
610	0.9149	0.5527	0.3087	0.0000	0.0000	18.9905
611	1.2071	1.4620	0.3064	0.0000	0.0000	19.3899
612	1.2245	1.4015	0.3005	0.0000	0.0000	19.1597
613	1.2719	1.2911	0.2914	0.0000	0.0000	20.2551
614	1.2969	1.1306	0.2948	0.0000	0.0000	19.7391
615	1.3480	0.9368	0.2925	0.0000	0.0000	19.6753
616	1.4428	0.7055	0.2982	0.0000	0.0000	19.2210
617	1.5384	0.4772	0.2971	0.0000	0.0000	19.5879
618	1.6024	0.2511	0.3017	0.0000	0.0000	19.2665
619	1.6642	0.0551	0.3087	0.0000	0.0000	18.8827
620	1.7499	0.0000	0.3111	0.0000	0.0000	19.0631
621	1.8438	0.0000	0.3111	0.0000	0.0000	17.2155
622	1.9146	0.0000	0.2870	0.0000	0.0000	21.7234
623	2.0139	0.0000	0.3005	0.0000	0.0000	19.5106
624	2.1583	0.0000	0.3040	0.0000	0.0000	19.3224
625	2.3027	0.0000	0.3005	0.0000	0.0000	19.5083
626	2.4403	0.0000	0.3040	0.0000	0.0000	17.4057
627	2.6157	0.0000	0.2982	0.0000	0.0000	19.9029
628	2.7732	0.0000	0.3040	0.0000	0.0000	19.3221
629	2.9502	0.0000	0.2837	0.0000	0.0000	21.4175
630	3.0000	0.0000	0.3064	0.0000	0.0000	19.1578
631	3.0000	0.0000	0.3017	0.0000	0.0000	19.2546
632	3.0000	0.0000	0.3005	0.0000	0.0000	19.7410
633	3.0000	0.0000	0.2971	0.0000	0.0000	17.6978
634	3.0000	0.0000	0.2793	0.0000	0.0000	21.4863
635	3.0000	0.0000	0.2948	0.0000	0.0000	19.8614
636	3.0000	0.0000	0.2937	0.0000	0.0000	19.8852
637	3.0000	0.0000	0.2948	0.0000	0.0000	19.6375
638	3.0000	0.0000	0.2971	0.0000	0.0000	17.7131
639	3.0000	0.0000	0.2994	0.0000	0.0000	19.0932
640	3.0000	0.0000	0.2971	0.0000	0.0000	20.0580
1	0.0000	0.0000	0.0000	0.0000	0.0000	0.0000
2	0.0000	0.0001	0.1428	0.0000	0.0000	0.0000
3	0.0000	0.0004	0.1434	0.0000	0.0000	0.0000
4	0.0000	0.0008	0.1421	0.0000	0.0000	0.0000
5	0.0000	0.0012	0.1434	0.0000	0.0000	0.0000
6	0.0000	0.0017	0.1434	0.0000	0.0000	0.0000
7	0.0000	0.0019	0.1453	0.0000	0.0000	0.0000
8	0.0000	0.0000	0.1434	0.0000	0.0000	0.0000
9	0.0000	0.0000	0.1434	0.0000	0.0000	0.0000
10	0.0000	0.0000	0.1447	0.0000	0.0000	0.0000
11	1.2378	1.5060	0.1396	0.0000	0.0000	3.7846
12	1.2375	1.5062	0.1428	0.0000	0.0000	2.2194
13	1.2370	1.5064	0.1327	0.0000	0.0000	4.5770
14	1.2363	1.5068	0.1428	0.0000	0.0000	3.7062
15	1.2353	1.5073	0.1434	0.0000	0.0000	2.2609
16	1.2342	1.5079	0.1364	0.0000	0.0000	4.4972
17	1.2328	1.5086	0.1428	0.0000	0.0000	3.6862
18	1.2311	1.5095	0.1453	0.0000	0.0000	3.5826
19	1.2293	1.5104	0.1415	0.0000	0.0000	3.8684
20	1.2277	1.5113	0.1453	0.0000	0.0000	3.7239
21	1.2530	1.5121	0.1421	0.0000	0.0000	4.0452
22	1.2528	1.5123	0.1434	0.0000	0.0000	4.0335
23	1.2524	1.5126	0.1402	0.0000	0.0000	4.4321
24	1.2519	1.5130	0.1460	0.0000	0.0000	3.8799
25	1.2510	1.5136	0.1408	0.0000	0.0000	4.5126
26	1.2499	1.5143	0.1447	0.0000	0.0000	4.1928
27	1.2485	1.5152	0.1408	0.0000	0.0000	4.6057
28	1.2471	1.5162	0.1447	0.0000	0.0000	3.9679
29	1.2455	1.5171	0.1421	0.0000	0.0000	3.6692
30	1.2442	1.5180	0.1434	0.0000	0.0000	4.5047
31	1.2135	1.5151	0.1434	0.0000	0.0000	4.7140
32	1.2123	1.5145	0.1447	0.0000	0.0000	3.7536
33	1.2101	1.5143	0.1308	0.0000	0.0000	6.1889
34	1.2082	1.5100	0.1440	0.0000	0.0000	5.0705
35	1.2060	1.5052	0.1415	0.0000	0.0000	4.0108
36	1.2050	1.5029	0.1339	0.0000	0.0000	6.2521
37	1.2035	1.5013	0.1383	0.0000	0.0000	5.7422
38	1.2035	1.4989	0.1440	0.0000	0.0000	5.1326
39	1.2041	1.4959	0.1421	0.0000	0.0000	5.3149
40	1.2044	1.4935	0.1447	0.0000	0.0000	5.3252
41	1.2266	1.5319	0.1415	0.0000	0.0000	5.4738
42	1.2252	1.5324	0.1440	0.0000	0.0000	5.5002
43	1.2238	1.5363	0.1415	0.0000	0.0000	5.9519
44	1.2219	1.5479	0.1453	0.0000	0.0000	5.3098
45	1.2211	1.5672	0.1421	0.0000	0.0000	5.8397
46	1.2270	1.5902	0.1428	0.0000	0.0000	5.7776
47	1.2298	1.6177	0.1421	0.0000	0.0000	5.9983
48	1.2311	1.6376	0.1421	0.0000	0.0000	5.9493
49	1.2279	1.6526	0.1421	0.0000	0.0000	5.1528
50	1.2236	1.6666	0.1434	0.0000	0.0000	5.1697
51	1.2523	1.4878	0.1440	0.0000	0.0000	6.2937
52	1.2690	1.4737	0.1428	0.0000	0.0000	6.3332
53	1.2914	1.4559	0.1421	0.0000	0.0000	6.4248
54	1.3168	1.4416	0.1415	0.0000	0.0000	6.7730
55	1.3443	1.4466	0.1421	0.0000	0.0000	6.5821
56	1.3763	1.4680	0.1415	0.0000	0.0000	6.8659
57	1.4053	1.4989	0.1428	0.0000	0.0000	6.7269
58	1.4370	1.5177	0.1321	0.0000	0.0000	8.0242
59	1.4736	1.5326	0.1415	0.0000	0.0000	6.9117
60	1.4961	1.5440	0.1428	0.0000	0.0000	6.9333
61	1.2233	1.5090	0.1327	0.0000	0.0000	8.2537
62	1.2336	1.4841	0.1434	0.0000	0.0000	7.1757
63	1.2436	1.4560	0.1415	0.0000	0.0000	7.0381
64	1.2569	1.4299	0.1434	0.0000	0.0000	7.2708
65	1.2710	1.4071	0.1402	0.0000	0.0000	7.1612
66	1.2778	1.3822	0.1428	0.0000	0.0000	6.3728
67	1.2822	1.3528	0.1402	0.0000	0.0000	7.5102
68	1.2888	1.3201	0.1428	0.0000	0.0000	7.6665
69	1.2997	1.2867	0.1415	0.0000	0.0000	7.4519
70	1.3059	1.2540	0.1440	0.0000	0.0000	7.5899
71	1.2276	1.5292	0.1428	0.0000	0.0000	7.8240
72	1.2277	1.5243	0.1421	0.0000	0.0000	7.9151
73	1.2253	1.5243	0.1415	0.0000	0.0000	8.0705
74	1.2242	1.5299	0.1402	0.0000	0.0000	8.5601
75	1.2297	1.5420	0.1440	0.0000	0.0000	7.9193
76	1.2383	1.5609	0.1428	0.0000	0.0000	8.1522
77	1.2516	1.5735	0.1421	0.0000	0.0000	8.2286
78	1.2619	1.5875	0.1434	0.0000	0.0000	8.2811
79	1.2727	1.5954	0.1408	0.0000	0.0000	8.5394
80	1.2873	1.6027	0.1434	0.0000	0.0000	8.5521
81	1.2519	1.5241	0.1440	0.0000	0.0000	8.2319
82	1.2722	1.5327	0.1434	0.0000	0.0000	8.6441
83	1.3029	1.5392	0.1421	0.0000	0.0000	8.8137
84	1.3391	1.5269	0.1345	0.0000	0.0000	9.8021
85	1.3794	1.5251	0.1408	0.0000	0.0000	8.8075
86	1.4300	1.5027	0.1447	0.0000	0.0000	7.7975
87	1.4902	1.4759	0.1315	0.0000	0.0000	10.2211
88	1.5402	1.4566	0.1447	0.0000	0.0000	9.0989
89	1.5843	1.4486	0.1421	0.0000	0.0000	8.1008
90	1.6206	1.4430	0.1434	0.0000	0.0000	9.0111
91	1.2320	1.5107	0.1415	0.0000	0.0000	9.6432
92	1.2151	1.4991	0.1453	0.0000	0.0000	9.0003
93	1.1937	1.4847	0.1440	0.0000	0.0000	9.2344
94	1.1686	1.4707	0.1415	0.0000	0.0000	9.6866
95	1.1480	1.4509	0.1434	0.0000	0.0000	9.5342
96	1.1282	1.4184	0.1428	0.0000	0.0000	9.6897
97	1.1112	1.3908	0.1434	0.0000	0.0000	9.7555
98	1.0905	1.3526	0.1447	0.0000	0.0000	9.7428
99	1.0637	1.3171	0.1428	0.0000	0.0000	10.1826
100	1.0307	1.2917	0.1327	0.0000	0.0000	11.3245
101	1.2281	1.4951	0.1421	0.0000	0.0000	10.1438
102	1.2190	1.4786	0.1408	0.0000	0.0000	10.3766
103	1.2270	1.4380	0.1408	0.0000	0.0000	9.2055
104	1.2110	1.4073	0.1352	0.0000	0.0000	11.4103
105	1.2016	1.3798	0.1396	0.0000	0.0000	10.5769
106	1.1858	1.3274	0.1440	0.0000	0.0000	10.3745
107	1.1495	1.3164	0.1402	0.0000	0.0000	11.1091
108	1.1332	1.2911	0.1447	0.0000	0.0000	10.5839
109	1.1061	1.2339	0.1408	0.0000	0.0000	10.7402
110	1.0756	1.2168	0.1473	0.0000	0.0000	10.2039
111	1.2361	1.5077	0.1440	0.0000	0.0000	10.8024
112	1.2612	1.4869	0.1421	0.0000	0.0000	10.7922
113	1.2442	1.4405	0.1408	0.0000	0.0000	11.0888
114	1.1913	1.4212	0.1421	0.0000	0.0000	11.2713
115	1.1214	1.4509	0.1434	0.0000	0.0000	10.8752
116	1.0252	1.5306	0.1428	0.0000	0.0000	11.0940
117	0.9041	1.6592	0.1447	0.0000	0.0000	11.1325
118	0.8021	1.8338	0.1460	0.0000	0.0000	10.9900
119	0.7299	2.0584	0.1428	0.0000	0.0000	11.4568
120	0.6921	2.2172	0.1466	0.0000	0.0000	11.3599
121	1.2323	1.5360	0.1434	0.0000	0.0000	11.5683
122	1.1959	1.6160	0.1428	0.0000	0.0000	11.5958
123	1.1478	1.7411	0.1421	0.0000	0.0000	12.0087
124	1.0985	1.9136	0.1473	0.0000	0.0000	11.4000
125	1.0258	2.1322	0.1428	0.0000	0.0000	11.9586
126	0.9128	2.3340	0.1466	0.0000	0.0000	11.5701
127	0.7598	2.4920	0.1447	0.0000	0.0000	12.0755
128	0.5985	2.6007	0.1453	0.0000	0.0000	11.8180
129	0.4731	2.6977	0.1440	0.0000	0.0000	11.2937
130	0.3884	2.7777	0.1453	0.0000	0.0000	12.1370
131	1.2090	1.4950	0.1447	0.0000	0.0000	12.2926
132	1.2290	1.4550	0.1447	0.0000	0.0000	12.3703
133	1.2175	1.4315	0.1434	0.0000	0.0000	12.4749
134	1.2220	1.3996	0.1447	0.0000	0.0000	12.5267
135	1.2061	1.3777	0.1447	0.0000	0.0000	12.5402
136	1.2008	1.3619	0.1440	0.0000	0.0000	12.7597
137	1.1708	1.3239	0.1460	0.0000	0.0000	12.7989
138	1.1371	1.2993	0.1447	0.0000	0.0000	13.0316
139	1.1107	1.2594	0.1447	0.0000	0.0000	12.7857
140	1.0761	1.2358	0.1434	0.0000	0.0000	13.1963
141	1.2560	1.5242	0.1440	0.0000	0.0000	12.9386
142	1.2768	1.5353	0.1453	0.0000	0.0000	13.1850
143	1.3231	1.5605	0.1402	0.0000	0.0000	12.3079
144	1.3711	1.5718	0.1421	0.0000	0.0000	13.3941
145	1.4121	1.5829	0.1415	0.0000	0.0000	14.0037
146	1.4464	1.5915	0.1460	0.0000	0.0000	13.2146
147	1.4861	1.5788	0.1434	0.0000	0.0000	13.6691
148	1.5105	1.5881	0.1421	0.0000	0.0000	12.8254
149	1.5168	1.5959	0.1321	0.0000	0.0000	14.8013
150	1.5019	1.6034	0.1421	0.0000	0.0000	12.6002
151	1.2350	1.4880	0.1447	0.0000	0.0000	13.8143
152	1.2190	1.4862	0.1447	0.0000	0.0000	13.6992
153	1.1994	1.4832	0.1434	0.0000	0.0000	13.8684
154	1.1956	1.4822	0.1421	0.0000	0.0000	14.4231
155	1.1989	1.4792	0.1447	0.0000	0.0000	13.9337
156	1.2015	1.4782	0.1402	0.0000	0.0000	14.7444
157	1.2020	1.4790	0.1440	0.0000	0.0000	14.3469
158	1.1994	1.4680	0.1460	0.0000	0.0000	14.2565
159	1.1839	1.4648	0.1428	0.0000	0.0000	14.5929
160	1.1609	1.4568	0.1460	0.0000	0.0000	14.2181
161	1.2510	1.4990	0.1440	0.0000	0.0000	14.4656
162	1.2471	1.4910	0.1434	0.0000	0.0000	15.0089
163	1.2519	1.4930	0.1453	0.0000	0.0000	14.3382
164	1.2477	1.4937	0.1466	0.0000	0.0000	14.6454
165	1.2413	1.5002	0.1428	0.0000	0.0000	14.8038
166	1.2289	1.5133	0.1473	0.0000	0.0000	14.7874
167	1.2243	1.5302	0.1428	0.0000	0.0000	15.2804
168	1.2260	1.5490	0.1460	0.0000	0.0000	15.1644
169	1.2251	1.5699	0.1327	0.0000	0.0000	16.5156
170	1.2166	1.5810	0.1460	0.0000	0.0000	15.3058
171	1.3160	1.6090	0.1434	0.0000	0.0000	14.4859
172	1.3315	1.5970	0.1345	0.0000	0.0000	16.6429
173	1.3410	1.5870	0.1428	0.0000	0.0000	15.8015
174	1.3444	1.5590	0.1453	0.0000	0.0000	14.3681
175	1.3586	1.5370	0.1440	0.0000	0.0000	15.6762
176	1.3779	1.5073	0.1447	0.0000	0.0000	15.8707
177	1.3872	1.4665	0.1453	0.0000	0.0000	15.6760
178	1.3945	1.4358	0.1440	0.0000	0.0000	15.9093
179	1.3991	1.4110	0.1440	0.0000	0.0000	16.1815
180	1.4016	1.3987	0.1447	0.0000	0.0000	16.1502
181	1.2561	1.5387	0.1440	0.0000	0.0000	16.3057
182	1.2458	1.5379	0.1447	0.0000	0.0000	16.3703
183	1.2496	1.5352	0.1460	0.0000	0.0000	16.0327
184	1.2574	1.5104	0.1440	0.0000	0.0000	16.6038
185	1.2712	1.4797	0.1428	0.0000	0.0000	15.3821
186	1.2667	1.4469	0.1352	0.0000	0.0000	17.7637
187	1.2773	1.3962	0.1415	0.0000	0.0000	16.8275
188	1.3055	1.3434	0.1460	0.0000	0.0000	16.6229
189	1.3306	1.3005	0.1421	0.0000	0.0000	16.7805
190	1.3606	1.2578	0.1453	0.0000	0.0000	15.6998
1	0.0001	0.0001	0.1421	0.0000	0.0000	0.0000
2	0.0006	0.0004	0.1421	0.0000	0.0000	0.0000
3	0.0013	0.0012	0.1402	0.0000	0.0000	0.0000
4	0.0023	0.0023	0.1428	0.0000	0.0000	0.0000
5	0.0034	0.0036	0.1447	0.0000	0.0000	0.0000
6	0.0047	0.0053	0.1428	0.0000	0.0000	0.0000
7	0.0062	0.0072	0.1434	0.0000	0.0000	0.0000
8	0.0080	0.0095	0.1408	0.0000	0.0000	0.0000
9	0.0100	0.0121	0.1408	0.0000	0.0000	0.0000
10	0.0117	0.0143	0.1408	0.0000	0.0000	0.0000
11	1.2421	1.5291	0.1428	0.0000	0.0000	2.9526
12	1.2422	1.5296	0.1440	0.0000	0.0000	3.0050
13	1.2426	1.5304	0.1428	0.0000	0.0000	2.3009
14	1.2432	1.5315	0.1308	0.0000	0.0000	5.0722
15	1.2441	1.5331	0.1421	0.0000	0.0000	3.4151
16	1.2452	1.5350	0.1453	0.0000	0.0000	3.4926
17	1.2465	1.5373	0.1396	0.0000	0.0000	3.7525
18	1.2480	1.5399	0.1428	0.0000	0.0000	3.8315
19	1.2498	1.5428	0.1408	0.0000	0.0000	3.7581
20	1.2513	1.5454	0.1421	0.0000	0.0000	4.1156
21	1.2652	1.5022	0.1421	0.0000	0.0000	3.9391
22	1.2659	1.5027	0.1421	0.0000	0.0000	3.3254
23	1.2669	1.5036	0.1421	0.0000	0.0000	4.1614
24	1.2680	1.5048	0.1447	0.0000	0.0000	4.0585
25	1.2692	1.5060	0.1421	0.0000	0.0000	4.2387
26	1.2687	1.5075	0.1440	0.0000	0.0000	4.2790
27	1.2673	1.5096	0.1408	0.0000	0.0000	4.4233
28	1.2659	1.5118	0.1434	0.0000	0.0000	4.4500
29	1.2649	1.5143	0.1396	0.0000	0.0000	4.8613
30	1.2643	1.5167	0.1421	0.0000	0.0000	4.6823
31	1.2702	1.5072	0.1408	0.0000	0.0000	4.8991
32	1.2708	1.5076	0.1421	0.0000	0.0000	5.1474
33	1.2713	1.5086	0.1421	0.0000	0.0000	3.8407
34	1.2713	1.5106	0.1345	0.0000	0.0000	6.2818
35	1.2717	1.5127	0.1428	0.0000	0.0000	4.9239
36	1.2714	1.5158	0.1339	0.0000	0.0000	6.1931
37	1.2717	1.5197	0.1396	0.0000	0.0000	5.3406
38	1.2731	1.5231	0.1440	0.0000	0.0000	5.2657
39	1.2750	1.5272	0.1402	0.0000	0.0000	5.4222
40	1.2769	1.5308	0.1440	0.0000	0.0000	5.4726
41	1.2310	1.4896	0.1440	0.0000	0.0000	5.4220
42	1.2294	1.4879	0.1428	0.0000	0.0000	5.4637
43	1.2261	1.4856	0.1415	0.0000	0.0000	5.7605
44	1.2217	1.4851	0.1421	0.0000	0.0000	5.8265
45	1.2211	1.4808	0.1402	0.0000	0.0000	5.9276
46	1.2194	1.4769	0.1434	0.0000	0.0000	5.8155
47	1.2166	1.4723	0.1402	0.0000	0.0000	5.2729
48	1.2159	1.4683	0.1327	0.0000	0.0000	6.3181
49	1.2183	1.4611	0.1408	0.0000	0.0000	6.4298
50	1.2205	1.4567	0.1428	0.0000	0.0000	6.3122
51	1.2701	1.5148	0.1408	0.0000	0.0000	6.2217
52	1.2670	1.5170	0.1415	0.0000	0.0000	6.4804
53	1.2540	1.5275	0.1428	0.0000	0.0000	6.2777
54	1.2457	1.5401	0.1434	0.0000	0.0000	6.3438
55	1.2392	1.5550	0.1415	0.0000	0.0000	6.6543
56	1.2287	1.5713	0.1421	0.0000	0.0000	6.7842
57	1.2232	1.5909	0.1415	0.0000	0.0000	6.6205
58	1.2233	1.6061	0.1447	0.0000	0.0000	6.6971
59	1.2197	1.6212	0.1415	0.0000	0.0000	6.8418
60	1.2114	1.6271	0.1421	0.0000	0.0000	7.0840
61	1.2556	1.5247	0.1440	0.0000	0.0000	6.7386
62	1.2410	1.5332	0.1447	0.0000	0.0000	6.9322
63	1.2221	1.5466	0.1402	0.0000	0.0000	7.5501
64	1.1899	1.5738	0.1421	0.0000	0.0000	7.2707
65	1.1485	1.6104	0.1428	0.0000	0.0000	7.1450
66	1.1076	1.6536	0.1415	0.0000	0.0000	7.3780
67	1.0760	1.6933	0.1434	0.0000	0.0000	7.4177
68	1.0454	1.7322	0.1434	0.0000	0.0000	7.3679
69	1.0086	1.7779	0.1421	0.0000	0.0000	7.6649
70	0.9756	1.8240	0.1428	0.0000	0.0000	7.0811
71	1.3014	1.5005	0.1440	0.0000	0.0000	7.5762
72	1.3289	1.4702	0.1415	0.0000	0.0000	7.7730
73	1.3551	1.4358	0.1415	0.0000	0.0000	6.9793
74	1.3780	1.4087	0.1302	0.0000	0.0000	9.2829
75	1.4143	1.3846	0.1408	0.0000	0.0000	8.2194
76	1.4542	1.3555	0.1408	0.0000	0.0000	7.4219
77	1.5051	1.3231	0.1302	0.0000	0.0000	9.4004
78	1.5626	1.2901	0.1447	0.0000	0.0000	8.2566
79	1.6250	1.2563	0.1421	0.0000	0.0000	8.1983
80	1.6605	1.2412	0.1428	0.0000	0.0000	7.4819
81	1.2638	1.4945	0.1440	0.0000	0.0000	8.5261
82	1.2596	1.5101	0.1421	0.0000	0.0000	8.7078
83	1.2489	1.5199	0.1389	0.0000	0.0000	8.7872
84	1.2297	1.5328	0.1421	0.0000	0.0000	8.9310
85	1.2160	1.5374	0.1415	0.0000	0.0000	8.6407
86	1.1981	1.5446	0.1415	0.0000	0.0000	9.0383
87	1.1648	1.5663	0.1402	0.0000	0.0000	8.8895
88	1.1175	1.5958	0.1421	0.0000	0.0000	9.1844
89	1.0661	1.6244	0.1377	0.0000	0.0000	9.8611
90	1.0261	1.6442	0.1440	0.0000	0.0000	9.1590
91	1.2742	1.5223	0.1333	0.0000	0.0000	10.1917
92	1.2682	1.5026	0.1408	0.0000	0.0000	9.6867
93	1.2490	1.4923	0.1434	0.0000	0.0000	9.1386
94	1.2235	1.4829	0.1434	0.0000	0.0000	9.6012
95	1.2003	1.4777	0.1402	0.0000	0.0000	9.6802
96	1.1768	1.4660	0.1440	0.0000	0.0000	9.7461
97	1.1495	1.4585	0.1421	0.0000	0.0000	9.6715
98	1.1273	1.4573	0.1440	0.0000	0.0000	9.9035
99	1.1063	1.4547	0.1434	0.0000	0.0000	9.6106
100	1.0895	1.4473	0.1447	0.0000	0.0000	9.9671
101	1.2738	1.5318	0.1428	0.0000	0.0000	10.0841
102	1.2693	1.5446	0.1434	0.0000	0.0000	10.2143
103	1.2690	1.5580	0.1440	0.0000	0.0000	9.9585
104	1.2726	1.5692	0.1415	0.0000	0.0000	10.2816
105	1.2837	1.5759	0.1421	0.0000	0.0000	10.2836
106	1.2940	1.5808	0.1428	0.0000	0.0000	10.4769
107	1.2983	1.5934	0.1428	0.0000	0.0000	10.5557
108	1.2983	1.5947	0.1440	0.0000	0.0000	10.8671
109	1.3015	1.5985	0.1473	0.0000	0.0000	10.2956
110	1.3054	1.6038	0.1473	0.0000	0.0000	10.3419
111	1.2904	1.4904	0.1447	0.0000	0.0000	10.3961
112	1.2887	1.4989	0.1428	0.0000	0.0000	10.7698
113	1.2862	1.5038	0.1453	0.0000	0.0000	10.8598
114	1.2883	1.5057	0.1453	0.0000	0.0000	11.0672
115	1.2863	1.5187	0.1440	0.0000	0.0000	10.7865
116	1.2771	1.5349	0.1473	0.0000	0.0000	11.1188
117	1.2675	1.5485	0.1440	0.0000	0.0000	11.1977
118	1.2531	1.5683	0.1460	0.0000	0.0000	11.3650
119	1.2237	1.5913	0.1440	0.0000	0.0000	11.5459
120	1.2171	1.5993	0.1460	0.0000	0.0000	11.3739
121	1.2735	1.5243	0.1428	0.0000	0.0000	11.7746
122	1.2717	1.5125	0.1466	0.0000	0.0000	11.7770
123	1.2600	1.5169	0.1447	0.0000	0.0000	11.7616
124	1.2583	1.5029	0.1466	0.0000	0.0000	11.4109
125	1.2278	1.5088	0.1453	0.0000	0.0000	12.0336
126	1.1897	1.4940	0.1473	0.0000	0.0000	11.6802
127	1.1130	1.5027	0.1453	0.0000	0.0000	12.1873
128	1.0564	1.4882	0.1453	0.0000	0.0000	12.2641
129	0.9897	1.4580	0.1473	0.0000	0.0000	11.9759
130	0.9153	1.4611	0.1479	0.0000	0.0000	11.9588
131	1.3364	1.4717	0.1396	0.0000	0.0000	11.9000
132	1.3750	1.4245	0.1389	0.0000	0.0000	13.2636
133	1.3677	1.3649	0.1447	0.0000	0.0000	12.5204
134	1.3103	1.3068	0.1493	0.0000	0.0000	12.3096
135	1.2054	1.2901	0.1473	0.0000	0.0000	12.4282
136	1.0703	1.3233	0.1499	0.0000	0.0000	12.4506
137	0.9028	1.4065	0.1453	0.0000	0.0000	11.7972
138	0.6881	1.5264	0.1377	0.0000	0.0000	14.0756
139	0.4261	1.6573	0.1453	0.0000	0.0000	12.7764
140	0.2663	1.7180	0.1479	0.0000	0.0000	12.8352
141	1.3060	1.4850	0.1447	0.0000	0.0000	13.1740
142	1.3738	1.4287	0.1479	0.0000	0.0000	12.9256
143	1.4215	1.4149	0.1460	0.0000	0.0000	13.1075
144	1.4233	1.4342	0.1493	0.0000	0.0000	13.1170
145	1.4042	1.4308	0.1466	0.0000	0.0000	13.5740
146	1.4263	1.4185	0.1506	0.0000	0.0000	13.0446
147	1.4224	1.4485	0.1479	0.0000	0.0000	13.5029
148	1.3925	1.4548	0.1473	0.0000	0.0000	13.7233
149	1.3686	1.4720	0.1479	0.0000	0.0000	13.5236
150	1.3255	1.4848	0.1447	0.0000	0.0000	13.9759
151	1.2480	1.5460	0.1473	0.0000	0.0000	13.8056
152	1.2200	1.5860	0.1479	0.0000	0.0000	13.6723
153	1.2010	1.6314	0.1473	0.0000	0.0000	13.8277
154	1.1598	1.6886	0.1493	0.0000	0.0000	13.9949
155	1.1315	1.7603	0.1370	0.0000	0.0000	15.2120
156	1.0984	1.8181	0.1479	0.0000	0.0000	14.1106
157	1.0632	1.9051	0.1479	0.0000	0.0000	13.0359
158	1.0443	1.9882	0.1352	0.0000	0.0000	15.8671
159	1.0019	2.0661	0.1466	0.0000	0.0000	14.2418
160	0.9813	2.1189	0.1479	0.0000	0.0000	14.4580
161	1.2690	1.4870	0.1321	0.0000	0.0000	15.6659
162	1.2866	1.4819	0.1447	0.0000	0.0000	14.8747
163	1.3127	1.4690	0.1428	0.0000	0.0000	15.0383
164	1.3496	1.4618	0.1486	0.0000	0.0000	14.6740
165	1.3725	1.4807	0.1453	0.0000	0.0000	14.9465
166	1.3733	1.5159	0.1345	0.0000	0.0000	16.3207
167	1.3602	1.5479	0.1440	0.0000	0.0000	15.0644
168	1.3398	1.5780	0.1460	0.0000	0.0000	13.8957
169	1.3203	1.6061	0.1321	0.0000	0.0000	16.4674
170	1.2918	1.6168	0.1453	0.0000	0.0000	14.1173
171	1.2480	1.5090	0.1434	0.0000	0.0000	15.4427
172	1.2559	1.5250	0.1434	0.0000	0.0000	15.4561
173	1.2510	1.5492	0.1447	0.0000	0.0000	15.3144
174	1.2404	1.5686	0.1440	0.0000	0.0000	15.7935
175	1.2199	1.5980	0.1339	0.0000	0.0000	16.8915
176	1.1950	1.6255	0.1460	0.0000	0.0000	15.6507
177	1.1797	1.6429	0.1453	0.0000	0.0000	15.6137
178	1.1583	1.6670	0.1440	0.0000	0.0000	16.0419
179	1.1281	1.6730	0.1440	0.0000	0.0000	15.9266
180	1.1048	1.6743	0.1460	0.0000	0.0000	15.9338
181	1.3330	1.5383	0.1327	0.0000	0.0000	17.0943
182	1.3148	1.5300	0.1453	0.0000	0.0000	16.2336
183	1.3012	1.5292	0.1434	0.0000	0.0000	16.0923
184	1.2862	1.5194	0.1453	0.0000	0.0000	16.3241
185	1.2870	1.4996	0.1428	0.0000	0.0000	16.6472
186	1.2864	1.4698	0.1466	0.0000	0.0000	16.2579
187	1.3042	1.4340	0.1447	0.0000	0.0000	16.3759
188	1.3195	1.3922	0.1453	0.0000	0.0000	16.7648
189	1.3356	1.3507	0.1440	0.0000	0.0000	16.6729
190	1.3463	1.3164	0.1466	0.0000	0.0000	16.6175
191	1.2361	1.5270	0.1453	0.0000	0.0000	17.0470
192	1.2230	1.5390	0.1460	0.0000	0.0000	16.6561
193	1.2069	1.5490	0.1447	0.0000	0.0000	16.8895
194	1.1840	1.5490	0.1447	0.0000	0.0000	17.2262
195	1.1722	1.5453	0.1434	0.0000	0.0000	17.1993
196	1.1504	1.5272	0.1453	0.0000	0.0000	17.1083
197	1.1079	1.5230	0.1447	0.0000	0.0000	16.2506
198	1.0698	1.5209	0.1460	0.0000	0.0000	17.2524
199	1.0281	1.5008	0.1421	0.0000	0.0000	17.7968
200	0.9947	1.4831	0.1453	0.0000	0.0000	17.4076
201	1.4141	1.5370	0.1453	0.0000	0.0000	17.3572
202	1.4293	1.5210	0.1460	0.0000	0.0000	16.3945
203	1.4595	1.4748	0.1327	0.0000	0.0000	19.0169
204	1.5188	1.4275	0.1466	0.0000	0.0000	17.8102
205	1.5822	1.3820	0.1434	0.0000	0.0000	16.7576
206	1.6439	1.3345	0.1453	0.0000	0.0000	17.7999
207	1.7188	1.2850	0.1453	0.0000	0.0000	18.0083
208	1.8145	1.2374	0.1466	0.0000	0.0000	16.8520
209	1.9167	1.1919	0.1447	0.0000	0.0000	18.1801
210	2.0273	1.1539	0.1473	0.0000	0.0000	16.8536
211	1.3491	1.5370	0.1428	0.0000	0.0000	18.6174
212	1.3337	1.5338	0.1473	0.0000	0.0000	18.0855
213	1.3097	1.5278	0.1434	0.0000	0.0000	18.6310
214	1.2654	1.5084	0.1466	0.0000	0.0000	18.3206
215	1.2161	1.4920	0.1428	0.0000	0.0000	18.7370
216	1.1666	1.4935	0.1460	0.0000	0.0000	18.4280
217	1.1272	1.4971	0.1440	0.0000	0.0000	17.6081
218	1.0893	1.4999	0.1460	0.0000	0.0000	18.8944
219	1.0358	1.5099	0.1447	0.0000	0.0000	19.0628
220	1.0019	1.5166	0.1479	0.0000	0.0000	18.7983
1	0.0000	0.0000	0.0000	0.0000	0.0000	0.0000
2	0.0000	0.0000	0.1447	0.0000	0.0000	0.0000
3	0.0001	0.0000	0.1453	0.0000	0.0000	0.0000
4	0.0002	0.0000	0.1428	0.0000	0.0000	0.0000
5	0.0005	0.0000	0.1315	0.0000	0.0000	0.0000
6	0.0009	0.0000	0.1428	0.0000	0.0000	0.0000
7	0.0013	0.0000	0.1434	0.0000	0.0000	0.0000
8	0.0018	0.0000	0.1327	0.0000	0.0000	0.0000
9	0.0023	0.0000	0.1434	0.0000	0.0000	0.0000
10	0.0028	0.0000	0.1440	0.0000	0.0000	0.0000
11	1.2581	1.5130	0.1453	0.0000	0.0000	3.0417
12	1.2581	1.5129	0.1447	0.0000	0.0000	3.1971
13	1.2581	1.5128	0.1434	0.0000	0.0000	3.4951
14	1.2580	1.5127	0.1345	0.0000	0.0000	4.5069
15	1.2581	1.5124	0.1428	0.0000	0.0000	3.5361
16	1.2581	1.5121	0.1434	0.0000	0.0000	3.9902
17	1.2583	1.5118	0.1447	0.0000	0.0000	3.3332
18	1.2583	1.5114	0.1453	0.0000	0.0000	3.6557
19	1.2584	1.5111	0.1434	0.0000	0.0000	2.7687
20	1.2584	1.5108	0.1453	0.0000	0.0000	4.0581
21	1.2630	1.5360	0.1447	0.0000	0.0000	2.7388
22	1.2630	1.5359	0.1428	0.0000	0.0000	4.3788
23	1.2629	1.5360	0.1434	0.0000	0.0000	3.9289
24	1.2627	1.5360	0.1434	0.0000	0.0000	4.3931
25	1.2626	1.5359	0.1428	0.0000	0.0000	4.0988
26	1.2624	1.5357	0.1440	0.0000	0.0000	4.4078
27	1.2621	1.5354	0.1415	0.0000	0.0000	4.5373
28	1.2619	1.5351	0.1440	0.0000	0.0000	4.5001
29	1.2614	1.5347	0.1440	0.0000	0.0000	4.3212
30	1.2612	1.5345	0.1447	0.0000	0.0000	4.6767
31	1.2530	1.4989	0.1466	0.0000	0.0000	4.2620
32	1.2530	1.4988	0.1428	0.0000	0.0000	4.8705
33	1.2529	1.4984	0.1428	0.0000	0.0000	4.8204
34	1.2528	1.4980	0.1421	0.0000	0.0000	5.0411
35	1.2524	1.4978	0.1428	0.0000	0.0000	5.0429
36	1.2518	1.4972	0.1428	0.0000	0.0000	4.1154
37	1.2513	1.4969	0.1321	0.0000	0.0000	6.4848
38	1.2507	1.4970	0.1434	0.0000	0.0000	5.3333
39	1.2498	1.4972	0.1440	0.0000	0.0000	4.2012
40	1.2490	1.4975	0.1434	0.0000	0.0000	5.6068
41	1.2519	1.5254	0.1428	0.0000	0.0000	4.4211
42	1.2522	1.5244	0.1428	0.0000	0.0000	5.5031
43	1.2519	1.5230	0.1415	0.0000	0.0000	5.8001
44	1.2480	1.5199	0.1428	0.0000	0.0000	5.7243
45	1.2392	1.5152	0.1434	0.0000	0.0000	5.6621
46	1.2351	1.5073	0.1421	0.0000	0.0000	6.0874
47	1.2348	1.5010	0.1434	0.0000	0.0000	5.8193
48	1.2294	1.4900	0.1473	0.0000	0.0000	5.5577
49	1.2224	1.4742	0.1408	0.0000	0.0000	6.2834
50	1.2143	1.4628	0.1440	0.0000	0.0000	6.0903
51	1.2562	1.5123	0.1460	0.0000	0.0000	5.8064
52	1.2578	1.5033	0.1434	0.0000	0.0000	6.3239
53	1.2643	1.4816	0.1408	0.0000	0.0000	6.9686
54	1.2689	1.4513	0.1352	0.0000	0.0000	7.4059
55	1.2826	1.4054	0.1434	0.0000	0.0000	6.7546
56	1.3026	1.3609	0.1453	0.0000	0.0000	6.2786
57	1.3228	1.3065	0.1440	0.0000	0.0000	6.7062
58	1.3443	1.2496	0.1440	0.0000	0.0000	6.7204
59	1.3586	1.1904	0.1434	0.0000	0.0000	5.8061
60	1.3729	1.1424	0.1440	0.0000	0.0000	6.9264
61	1.2706	1.5005	0.1428	0.0000	0.0000	7.1594
62	1.2670	1.4882	0.1428	0.0000	0.0000	7.0449
63	1.2654	1.4719	0.1421	0.0000	0.0000	7.2652
64	1.2656	1.4633	0.1440	0.0000	0.0000	7.1114
65	1.2588	1.4550	0.1440	0.0000	0.0000	7.2543
66	1.2494	1.4442	0.1440	0.0000	0.0000	7.5907
67	1.2499	1.4254	0.1440	0.0000	0.0000	7.4743
68	1.2436	1.4216	0.1453	0.0000	0.0000	7.5908
69	1.2388	1.4162	0.1440	0.0000	0.0000	7.5014
70	1.2362	1.4143	0.1440	0.0000	0.0000	7.8061
71	1.2379	1.5291	0.1447	0.0000	0.0000	7.4203
72	1.2311	1.5510	0.1434	0.0000	0.0000	7.9106
73	1.2200	1.5659	0.1408	0.0000	0.0000	8.4260
74	1.2097	1.5903	0.1453	0.0000	0.0000	7.6413
75	1.1955	1.6177	0.1447	0.0000	0.0000	7.9901
76	1.1795	1.6405	0.1453	0.0000	0.0000	8.1192
77	1.1682	1.6671	0.1453	0.0000	0.0000	8.0030
78	1.1595	1.6923	0.1434	0.0000	0.0000	8.3779
79	1.1549	1.7227	0.1447	0.0000	0.0000	8.4301
80	1.1579	1.7429	0.1453	0.0000	0.0000	7.3825
81	1.2860	1.4908	0.1428	0.0000	0.0000	8.5954
82	1.2958	1.4657	0.1421	0.0000	0.0000	7.5588
83	1.2931	1.4570	0.1315	0.0000	0.0000	9.9842
84	1.2715	1.4749	0.1421	0.0000	0.0000	8.8491
85	1.2444	1.5077	0.1440	0.0000	0.0000	8.6334
86	1.2296	1.5256	0.1434	0.0000	0.0000	9.2409
87	1.2159	1.5357	0.1421	0.0000	0.0000	9.1504
88	1.2101	1.5386	0.1473	0.0000	0.0000	8.7351
89	1.2152	1.5344	0.1421	0.0000	0.0000	9.1775
90	1.2202	1.5277	0.1421	0.0000	0.0000	9.3684
91	1.2626	1.5132	0.1428	0.0000	0.0000	9.1617
92	1.2418	1.5237	0.1440	0.0000	0.0000	9.4712
93	1.2263	1.5288	0.1421	0.0000	0.0000	9.3950
94	1.2230	1.5192	0.1460	0.0000	0.0000	9.4599
95	1.2149	1.5079	0.1428	0.0000	0.0000	9.5398
96	1.2040	1.4943	0.1453	0.0000	0.0000	8.6135
97	1.2073	1.4777	0.1345	0.0000	0.0000	10.8108
98	1.2094	1.4586	0.1466	0.0000	0.0000	9.8258
99	1.2102	1.4424	0.1434	0.0000	0.0000	9.8388
100	1.2097	1.4292	0.1352	0.0000	0.0000	11.2142
101	1.2689	1.5066	0.1447	0.0000	0.0000	9.9559
102	1.2745	1.4864	0.1440	0.0000	0.0000	8.8544
103	1.2784	1.4853	0.1321	0.0000	0.0000	11.5642
104	1.2754	1.5051	0.1434	0.0000	0.0000	10.5416
105	1.2704	1.5283	0.1447	0.0000	0.0000	10.3349
106	1.2592	1.5649	0.1440	0.0000	0.0000	10.4253
107	1.2481	1.5885	0.1428	0.0000	0.0000	9.4010
108	1.2299	1.6278	0.1440	0.0000	0.0000	10.5825
109	1.2245	1.6739	0.1428	0.0000	0.0000	10.6870
110	1.2093	1.7017	0.1440	0.0000	0.0000	10.7235
111	1.2723	1.5213	0.1434	0.0000	0.0000	10.7356
112	1.2788	1.5515	0.1434	0.0000	0.0000	10.8789
113	1.2767	1.5414	0.1440	0.0000	0.0000	9.8727
114	1.2344	1.5556	0.1345	0.0000	0.0000	12.2306
115	1.1938	1.6071	0.1440	0.0000	0.0000	11.1702
116	1.1929	1.6956	0.1447	0.0000	0.0000	11.3003
117	1.2258	1.7564	0.1434	0.0000	0.0000	11.2117
118	1.2853	1.7673	0.1447	0.0000	0.0000	11.2642
119	1.3557	1.7289	0.1408	0.0000	0.0000	11.6764
120	1.3876	1.6630	0.1370	0.0000	0.0000	12.7793
121	1.2791	1.4970	0.1421	0.0000	0.0000	11.7936
122	1.2382	1.4170	0.1466	0.0000	0.0000	10.1949
123	1.2391	1.2970	0.1428	0.0000	0.0000	11.8761
124	1.2901	1.1713	0.1479	0.0000	0.0000	11.5247
125	1.3745	1.0930	0.1440	0.0000	0.0000	12.0705
126	1.4637	1.0646	0.1440	0.0000	0.0000	11.8895
127	1.5096	1.0262	0.1453	0.0000	0.0000	11.9409
128	1.5478	0.9378	0.1453	0.0000	0.0000	11.7611
129	1.6311	0.8591	0.1434	0.0000	0.0000	12.3299
130	1.6889	0.8194	0.1440	0.0000	0.0000	12.3146
131	1.3359	1.3423	0.1440	0.0000	0.0000	12.3126
132	1.3290	1.3530	0.1440	0.0000	0.0000	12.7172
133	1.3187	1.3401	0.1447	0.0000	0.0000	11.4444
134	1.2909	1.3263	0.1333	0.0000	0.0000	13.8402
135	1.2651	1.3088	0.1440	0.0000	0.0000	12.6306
136	1.2334	1.2767	0.1440	0.0000	0.0000	11.8225
137	1.2261	1.2677	0.1434	0.0000	0.0000	12.8014
138	1.2314	1.2608	0.1447	0.0000	0.0000	12.8530
139	1.2215	1.2678	0.1447	0.0000	0.0000	12.8668
140	1.2065	1.2863	0.1440	0.0000	0.0000	13.2007
141	1.2740	1.5060	0.1434	0.0000	0.0000	13.0344
142	1.2947	1.4930	0.1473	0.0000	0.0000	12.9024
143	1.3047	1.4908	0.1421	0.0000	0.0000	13.3441
144	1.2940	1.4786	0.1453	0.0000	0.0000	13.4229
145	1.2729	1.4564	0.1447	0.0000	0.0000	13.1256
146	1.2483	1.4464	0.1447	0.0000	0.0000	13.5259
147	1.2176	1.4423	0.1421	0.0000	0.0000	13.8482
148	1.1786	1.4522	0.1453	0.0000	0.0000	13.4100
149	1.1507	1.4721	0.1447	0.0000	0.0000	13.5658
150	1.1363	1.4929	0.1447	0.0000	0.0000	13.9518
151	1.3180	1.5000	0.1453	0.0000	0.0000	13.6122
152	1.3440	1.4820	0.1460	0.0000	0.0000	13.9358
153	1.3536	1.4540	0.1428	0.0000	0.0000	14.1433
154	1.3871	1.4212	0.1434	0.0000	0.0000	14.2099
155	1.4361	1.3888	0.1434	0.0000	0.0000	14.1598
156	1.4874	1.3457	0.1415	0.0000	0.0000	14.4688
157	1.5424	1.2974	0.1434	0.0000	0.0000	14.3161
158	1.5910	1.2443	0.1428	0.0000	0.0000	14.6651
159	1.6462	1.1812	0.1460	0.0000	0.0000	14.1614
160	1.6870	1.1323	0.1447	0.0000	0.0000	14.6381
161	1.2900	1.5280	0.1440	0.0000	0.0000	13.6344
162	1.2654	1.5700	0.1473	0.0000	0.0000	14.3358
163	1.2385	1.6100	0.1440	0.0000	0.0000	14.8041
164	1.2267	1.6480	0.1447	0.0000	0.0000	14.9986
165	1.2060	1.6880	0.1460	0.0000	0.0000	14.4684
166	1.1789	1.7300	0.1466	0.0000	0.0000	14.8558
167	1.1560	1.7674	0.1440	0.0000	0.0000	14.9235
168	1.1280	1.8042	0.1345	0.0000	0.0000	16.3366
169	1.1002	1.8429	0.1402	0.0000	0.0000	15.6085
170	1.0826	1.8683	0.1440	0.0000	0.0000	15.3397
171	1.2401	1.5640	0.1352	0.0000	0.0000	16.5493
172	1.2243	1.5740	0.1460	0.0000	0.0000	15.4270
173	1.2016	1.5849	0.1453	0.0000	0.0000	15.4527
174	1.1817	1.5940	0.1473	0.0000	0.0000	15.2323
175	1.1649	1.5881	0.1447	0.0000	0.0000	15.8172
176	1.1506	1.5789	0.1377	0.0000	0.0000	16.6071
177	1.1463	1.5556	0.1447	0.0000	0.0000	15.8421
178	1.1440	1.5263	0.1479	0.0000	0.0000	15.7892
179	1.1285	1.4751	0.1434	0.0000	0.0000	16.0880
180	1.1074	1.4276	0.1493	0.0000	0.0000	14.7442
181	1.1210	1.4422	0.1479	0.0000	0.0000	16.0723
182	1.1210	1.4462	0.1486	0.0000	0.0000	16.0035
183	1.1190	1.4546	0.1460	0.0000	0.0000	16.2637
184	1.1096	1.4763	0.1493	0.0000	0.0000	16.2084
185	1.0967	1.5001	0.1486	0.0000	0.0000	15.9068
186	1.0697	1.5406	0.1486	0.0000	0.0000	16.3751
187	1.0586	1.5841	0.1460	0.0000	0.0000	16.4898
188	1.0633	1.6398	0.1519	0.0000	0.0000	15.9846
189	1.0739	1.6922	0.1493	0.0000	0.0000	16.7587
190	1.0941	1.7646	0.1486	0.0000	0.0000	17.1137
191	1.1170	1.4392	0.1473	0.0000	0.0000	16.8821
192	1.1194	1.4397	0.1506	0.0000	0.0000	16.5623
193	1.1296	1.4400	0.1473	0.0000	0.0000	16.9524
194	1.1321	1.4352	0.1499	0.0000	0.0000	17.0441
195	1.1131	1.4283	0.1493	0.0000	0.0000	15.7803
196	1.0844	1.4234	0.1493	0.0000	0.0000	17.1449
197	1.0635	1.4085	0.1493	0.0000	0.0000	17.1547
198	1.0420	1.3916	0.1493	0.0000	0.0000	17.3619
199	1.0217	1.3797	0.1479	0.0000	0.0000	17.5142
200	1.0068	1.3648	0.1506	0.0000	0.0000	17.5380
201	1.1396	1.4510	0.1486	0.0000	0.0000	17.7848
202	1.1634	1.4630	0.1499	0.0000	0.0000	17.5683
203	1.1859	1.4650	0.1486	0.0000	0.0000	17.5390
204	1.1962	1.4650	0.1506	0.0000	0.0000	17.7057
205	1.1939	1.4810	0.1499	0.0000	0.0000	17.5321
206	1.1681	1.4902	0.1506	0.0000	0.0000	17.7922
207	1.1405	1.5041	0.1486	0.0000	0.0000	16.7531
208	1.1113	1.5099	0.1408	0.0000	0.0000	19.2499
209	1.0996	1.5118	0.1370	0.0000	0.0000	19.6846
210	1.0734	1.5284	0.1499	0.0000	0.0000	17.8845
211	0.0120	0.0000	0.1053	0.0000	0.0000	23.4444
212	0.0600	0.0000	0.1493	0.0000	0.0000	18.3164
213	0.1286	0.0000	0.1473	0.0000	0.0000	18.4310
214	0.1809	0.0049	0.1499	0.0000	0.0000	18.2563
215	0.2347	0.0000	0.1479	0.0000	0.0000	18.8333
216	0.3012	0.0010	0.1396	0.0000	0.0000	19.5852
217	0.3766	0.0078	0.1499	0.0000	0.0000	18.6808
218	0.4703	0.0047	0.1512	0.0000	0.0000	18.7299
219	0.5885	0.0039	0.1506	0.0000	0.0000	18.6191
220	0.6808	0.0158	0.1486	0.0000	0.0000	18.8512
221	0.0000	0.0000	0.1383	0.0000	0.0000	20.2818
222	0.0000	0.0066	0.1466	0.0000	0.0000	19.1599
223	0.0000	0.0028	0.1486	0.0000	0.0000	19.0005
224	0.0000	0.0000	0.1460	0.0000	0.0000	19.3915
225	0.0000	0.0000	0.1473	0.0000	0.0000	19.1155
226	0.0000	0.0000	0.1460	0.0000	0.0000	19.7420
227	0.0000	0.0000	0.1493	0.0000	0.0000	19.0970
228	0.0000	0.0000	0.1506	0.0000	0.0000	19.4085
229	0.0000	0.0000	0.1466	0.0000	0.0000	19.4993
230	0.0000	0.0000	0.1466	0.0000	0.0000	19.8367
231	0.0000	0.0000	0.1440	0.0000	0.0000	19.8352
232	0.0000	0.0000	0.1460	0.0000	0.0000	19.9081
233	0.0000	0.0000	0.1453	0.0000	0.0000	19.9339
234	0.0000	0.0000	0.1453	0.0000	0.0000	19.9459
235	0.0000	0.0000	0.1479	0.0000	0.0000	19.7099
236	0.0000	0.0000	0.1466	0.0000	0.0000	20.2695
237	0.0000	0.0000	0.1453	0.0000	0.0000	20.3065
238	0.0000	0.0000	0.1466	0.0000	0.0000	20.1619
239	0.0000	0.0000	0.1447	0.0000	0.0000	20.3437
240	0.0000	0.0012	0.1486	0.0000	0.0000	20.3262
241	0.0000	0.0020	0.1466	0.0000	0.0000	20.4271
242	0.0001	0.0000	0.1453	0.0000	0.0000	20.4673
243	0.0000	0.0000	0.1421	0.0000	0.0000	19.8563
244	0.0058	0.0000	0.1345	0.0000	0.0000	21.9212
245	0.0085	0.0000	0.1453	0.0000	0.0000	20.9643
246	0.0045	0.0000	0.1460	0.0000	0.0000	19.4442
247	0.0261	0.0000	0.1345	0.0000	0.0000	22.3531
248	0.0636	0.0000	0.1479	0.0000	0.0000	20.8877
249	0.1186	0.0000	0.1460	0.0000	0.0000	21.1356
250	0.1720	0.0000	0.1453	0.0000	0.0000	20.7740
1	0.0000	0.0000	0.1428	0.0000	0.0000	0.0000
2	0.0003	0.0004	0.1447	0.0000	0.0000	0.0000
3	0.0010	0.0011	0.1434	0.0000	0.0000	0.0000
4	0.0020	0.0020	0.1345	0.0000	0.0000	0.0000
5	0.0032	0.0031	0.1415	0.0000	0.0000	0.0000
6	0.0047	0.0046	0.1440	0.0000	0.0000	0.0000
7	0.0065	0.0063	0.1421	0.0000	0.0000	0.0000
8	0.0086	0.0083	0.1440	0.0000	0.0000	0.0000
9	0.0110	0.0105	0.1440	0.0000	0.0000	0.0000
10	0.0136	0.0309	0.1434	0.0000	0.0000	0.0000
1	0.0001	0.0000	0.1428	0.0000	0.0000	0.0000
2	0.0002	0.0001	0.1421	0.0000	0.0000	0.0000
3	0.0003	0.0001	0.1333	0.0000	0.0000	0.0000
4	0.0002	0.0002	0.1421	0.0000	0.0000	0.0000
5	0.0001	0.0004	0.1428	0.0000	0.0000	0.0000
6	0.0001	0.0006	0.1421	0.0000	0.0000	0.0000
7	0.0001	0.0007	0.1415	0.0000	0.0000	0.0000
8	0.0001	0.0008	0.1434	0.0000	0.0000	0.0000
9	0.0002	0.0008	0.1421	0.0000	0.0000	0.0000
10	0.0002	0.0008	0.1440	0.0000	0.0000	0.0000
11	1.2051	1.5460	0.1408	0.0000	0.0000	3.3264
12	1.2052	1.5460	0.1440	0.0000	0.0000	3.2118
13	1.2055	1.5459	0.1408	0.0000	0.0000	3.5471
14	1.2057	1.5459	0.1447	0.0000	0.0000	3.2913
15	1.2060	1.5458	0.1421	0.0000	0.0000	3.4879
16	1.2063	1.5457	0.1434	0.0000	0.0000	3.6699
17	1.2068	1.5456	0.1408	0.0000	0.0000	4.1856
18	1.2073	1.5455	0.1453	0.0000	0.0000	3.5295
19	1.2077	1.5454	0.1415	0.0000	0.0000	4.1362
20	1.2081	1.5454	0.1421	0.0000	0.0000	3.9777
21	1.2770	1.4820	0.1440	0.0000	0.0000	3.6810
22	1.2771	1.4819	0.1327	0.0000	0.0000	5.2509
23	1.2773	1.4817	0.1428	0.0000	0.0000	3.1163
24	1.2776	1.4810	0.1460	0.0000	0.0000	4.0058
25	1.2778	1.4802	0.1428	0.0000	0.0000	4.2792
26	1.2782	1.4791	0.1421	0.0000	0.0000	4.3702
27	1.2787	1.4780	0.1421	0.0000	0.0000	4.3866
28	1.2791	1.4765	0.1440	0.0000	0.0000	3.4803
29	1.2793	1.4749	0.1428	0.0000	0.0000	4.4054
30	1.2796	1.4736	0.1434	0.0000	0.0000	4.8407
31	1.2851	1.4980	0.1428	0.0000	0.0000	4.6581
32	1.2853	1.4980	0.1466	0.0000	0.0000	4.5916
33	1.2857	1.4982	0.1415	0.0000	0.0000	4.9040
34	1.2858	1.4983	0.1440	0.0000	0.0000	4.9951
35	1.2865	1.4979	0.1415	0.0000	0.0000	4.9346
36	1.2872	1.4981	0.1333	0.0000	0.0000	6.3153
37	1.2880	1.4982	0.1415	0.0000	0.0000	5.1589
38	1.2896	1.4989	0.1434	0.0000	0.0000	5.4563
39	1.2916	1.4996	0.1428	0.0000	0.0000	5.1619
40	1.2939	1.5000	0.1434	0.0000	0.0000	5.4038
41	1.2832	1.5268	0.1447	0.0000	0.0000	5.0557
42	1.2637	1.5243	0.1434	0.0000	0.0000	4.4138
43	1.2463	1.5174	0.1339	0.0000	0.0000	6.6344
44	1.2318	1.5133	0.1421	0.0000	0.0000	5.8589
45	1.2176	1.5108	0.1440	0.0000	0.0000	5.5135
46	1.2029	1.5085	0.1408	0.0000	0.0000	5.9772
47	1.1905	1.4958	0.1408	0.0000	0.0000	6.0565
48	1.1812	1.4864	0.1415	0.0000	0.0000	6.1870
49	1.1699	1.4797	0.1434	0.0000	0.0000	5.9721
50	1.1620	1.4780	0.1440	0.0000	0.0000	5.1236
51	1.3447	1.5548	0.1434	0.0000	0.0000	6.0346
52	1.3320	1.5700	0.1453	0.0000	0.0000	6.3309
53	1.3221	1.5924	0.1421	0.0000	0.0000	6.3454
54	1.2969	1.6262	0.1428	0.0000	0.0000	6.7329
55	1.2550	1.6722	0.1415	0.0000	0.0000	6.4529
56	1.2137	1.7120	0.1345	0.0000	0.0000	7.6679
57	1.1708	1.7635	0.1428	0.0000	0.0000	6.6980
58	1.1307	1.8183	0.1428	0.0000	0.0000	6.6486
59	1.0917	1.8694	0.1428	0.0000	0.0000	6.8556
60	1.0584	1.9206	0.1428	0.0000	0.0000	6.9182
61	1.2722	1.5215	0.1315	0.0000	0.0000	8.3534
62	1.2605	1.5229	0.1434	0.0000	0.0000	7.1935
63	1.2500	1.5179	0.1421	0.0000	0.0000	7.2824
64	1.2382	1.4986	0.1447	0.0000	0.0000	6.8587
65	1.2236	1.4736	0.1428	0.0000	0.0000	7.3624
66	1.2049	1.4474	0.1421	0.0000	0.0000	7.5176
67	1.1925	1.4311	0.1421	0.0000	0.0000	7.3407
68	1.2015	1.4133	0.1453	0.0000	0.0000	7.5479
69	1.2130	1.3987	0.1434	0.0000	0.0000	6.4075
70	1.2272	1.3869	0.1440	0.0000	0.0000	7.6029
71	1.2590	1.5586	0.1333	0.0000	0.0000	8.9721
72	1.2558	1.5613	0.1428	0.0000	0.0000	7.8519
73	1.2505	1.5702	0.1421	0.0000	0.0000	8.0723
74	1.2415	1.5766	0.1440	0.0000	0.0000	8.1126
75	1.2390	1.5862	0.1428	0.0000	0.0000	7.9598
76	1.2398	1.5864	0.1453	0.0000	0.0000	8.0503
77	1.2473	1.5900	0.1428	0.0000	0.0000	6.9963
78	1.2564	1.5865	0.1358	0.0000	0.0000	9.2927
79	1.2566	1.5747	0.1415	0.0000	0.0000	8.4975
80	1.2457	1.5760	0.1440	0.0000	0.0000	8.3644
81	1.2234	1.5236	0.1428	0.0000	0.0000	8.4705
82	1.2039	1.5391	0.1428	0.0000	0.0000	8.5489
83	1.1938	1.5567	0.1396	0.0000	0.0000	8.9474
84	1.1693	1.5787	0.1434	0.0000	0.0000	8.6302
85	1.1486	1.5984	0.1408	0.0000	0.0000	8.9372
86	1.1334	1.6172	0.1460	0.0000	0.0000	8.7182
87	1.1068	1.6404	0.1421	0.0000	0.0000	8.9403
88	1.0586	1.6605	0.1339	0.0000	0.0000	10.2599
89	1.0042	1.6857	0.1415	0.0000	0.0000	9.3690
90	0.9757	1.6998	0.1345	0.0000	0.0000	9.3805
91	1.2711	1.5020	0.1421	0.0000	0.0000	9.3722
92	1.2945	1.4664	0.1308	0.0000	0.0000	10.8684
93	1.3304	1.4170	0.1415	0.0000	0.0000	9.6081
94	1.3809	1.3537	0.1415	0.0000	0.0000	9.5600
95	1.4537	1.2915	0.1415	0.0000	0.0000	9.7043
96	1.5342	1.2462	0.1440	0.0000	0.0000	9.7963
97	1.6179	1.2129	0.1440	0.0000	0.0000	9.7450
98	1.7074	1.1770	0.1466	0.0000	0.0000	9.6415
99	1.7986	1.1551	0.1428	0.0000	0.0000	9.8640
100	1.8778	1.1521	0.1447	0.0000	0.0000	10.1463
101	1.2663	1.5480	0.1428	0.0000	0.0000	9.0013
102	1.2742	1.5754	0.1460	0.0000	0.0000	10.0184
103	1.2703	1.6204	0.1421	0.0000	0.0000	10.3679
104	1.2706	1.6745	0.1434	0.0000	0.0000	10.3564
105	1.2509	1.7386	0.1440	0.0000	0.0000	9.9736
106	1.2442	1.8377	0.1434	0.0000	0.0000	10.4493
107	1.2315	1.9218	0.1415	0.0000	0.0000	10.6304
108	1.2344	2.0458	0.1447	0.0000	0.0000	9.5048
109	1.2731	2.1557	0.1327	0.0000	0.0000	12.1022
110	1.2964	2.2221	0.1466	0.0000	0.0000	10.6857
111	1.2473	1.5013	0.1440	0.0000	0.0000	10.9448
112	1.2512	1.5458	0.1434	0.0000	0.0000	11.1001
113	1.2310	1.5433	0.1415	0.0000	0.0000	11.1514
114	1.1706	1.5507	0.1428	0.0000	0.0000	11.1400
115	1.1045	1.6082	0.1453	0.0000	0.0000	10.9095
116	1.0186	1.7156	0.1333	0.0000	0.0000	12.6272
117	0.9480	1.8717	0.1434	0.0000	0.0000	11.0456
118	0.9170	2.0690	0.1460	0.0000	0.0000	11.2632
119	0.9049	2.2576	0.1421	0.0000	0.0000	11.5325
120	0.9161	2.5255	0.1440	0.0000	0.0000	11.5722
121	1.2927	1.5020	0.1434	0.0000	0.0000	11.6632
122	1.3175	1.5820	0.1447	0.0000	0.0000	10.5145
123	1.3379	1.7120	0.1440	0.0000	0.0000	11.6807
124	1.3547	1.8920	0.1434	0.0000	0.0000	11.9004
125	1.3794	2.1220	0.1428	0.0000	0.0000	12.0557
126	1.3973	2.3420	0.1453	0.0000	0.0000	11.8079
127	1.4609	2.6620	0.1421	0.0000	0.0000	12.2733
128	1.5366	3.0000	0.1440	0.0000	0.0000	11.1085
129	1.5971	3.0000	0.1447	0.0000	0.0000	11.9123
130	1.6386	3.0000	0.1440	0.0000	0.0000	12.3906
131	1.2880	1.4760	0.1421	0.0000	0.0000	12.4910
132	1.3178	1.5229	0.1421	0.0000	0.0000	11.4994
133	1.3181	1.5557	0.1321	0.0000	0.0000	13.7269
134	1.3217	1.5985	0.1415	0.0000	0.0000	12.6771
135	1.2953	1.6313	0.1434	0.0000	0.0000	12.5900
136	1.2939	1.6541	0.1434	0.0000	0.0000	12.7322
137	1.2737	1.6758	0.1428	0.0000	0.0000	12.8239
138	1.2570	1.6720	0.1421	0.0000	0.0000	13.3022
139	1.2239	1.6535	0.1428	0.0000	0.0000	12.9010
140	1.2175	1.6254	0.1440	0.0000	0.0000	13.0813
141	0.0000	0.0000	0.1421	0.0000	0.0000	13.1992
142	0.0000	0.0000	0.1434	0.0000	0.0000	12.1176
143	0.0000	0.0000	0.1345	0.0000	0.0000	14.3951
144	0.0000	0.0000	0.1434	0.0000	0.0000	13.5404
145	0.0000	0.0000	0.1415	0.0000	0.0000	13.4636
146	0.0000	0.0000	0.1447	0.0000	0.0000	13.4774
147	0.0000	0.0000	0.1402	0.0000	0.0000	13.9017
148	0.0000	0.0000	0.1428	0.0000	0.0000	13.6736
149	0.0000	0.0000	0.1434	0.0000	0.0000	13.8529
150	0.0000	0.0000	0.1421	0.0000	0.0000	14.0853
151	0.0000	0.0000	0.1434	0.0000	0.0000	13.6894
152	0.0000	0.0000	0.1440	0.0000	0.0000	13.8827
153	0.0000	0.0000	0.1447	0.0000	0.0000	13.8837
154	0.0000	0.0000	0.1421	0.0000	0.0000	14.3353
155	0.0000	0.0000	0.1447	0.0000	0.0000	13.9601
156	0.0000	0.0000	0.1345	0.0000	0.0000	15.4498
157	0.0000	0.0000	0.1421	0.0000	0.0000	14.3625
158	0.0000	0.0000	0.1447	0.0000	0.0000	14.3247
159	0.0000	0.0000	0.1408	0.0000	0.0000	14.7227
160	0.0000	0.0000	0.1447	0.0000	0.0000	14.4669
161	0.0000	0.0000	0.1428	0.0000	0.0000	14.6973
162	0.0000	0.0000	0.1421	0.0000	0.0000	15.1113
163	0.0000	0.0000	0.1440	0.0000	0.0000	14.6350
164	0.0000	0.0000	0.1428	0.0000	0.0000	14.8689
165	0.0000	0.0000	0.1428	0.0000	0.0000	14.9486
166	0.0000	0.0000	0.1421	0.0000	0.0000	14.2217
167	0.0000	0.0000	0.1434	0.0000	0.0000	14.9017
168	0.0000	0.0000	0.1421	0.0000	0.0000	15.4558
169	0.0000	0.0000	0.1402	0.0000	0.0000	15.6839
170	0.0000	0.0000	0.1453	0.0000	0.0000	13.8881
1	0.0000	0.0000	0.1434	0.0000	0.0000	0.0000
2	0.0000	0.0000	0.1479	0.0000	0.0000	0.0000
3	0.0000	0.0000	0.1434	0.0000	0.0000	0.0000
4	0.0000	0.0000	0.1473	0.0000	0.0000	0.0000
5	0.0000	0.0000	0.1453	0.0000	0.0000	0.0000
6	0.0000	0.0000	0.1453	0.0000	0.0000	0.0000
7	0.0000	0.0000	0.1434	0.0000	0.0000	0.0000
8	0.0000	0.0000	0.1447	0.0000	0.0000	0.0000
9	0.0000	0.0000	0.1434	0.0000	0.0000	0.0000
10	0.0000	0.0000	0.1453	0.0000	0.0000	0.0000
11	1.2568	1.4980	0.1453	0.0000	0.0000	3.2358
12	1.2562	1.4978	0.1486	0.0000	0.0000	2.8550
13	1.2555	1.4974	0.1453	0.0000	0.0000	3.3905
14	1.2545	1.4969	0.1460	0.0000	0.0000	3.5849
15	1.2533	1.4963	0.1447	0.0000	0.0000	3.5582
16	1.2518	1.4956	0.1453	0.0000	0.0000	3.9494
17	1.2500	1.4948	0.1358	0.0000	0.0000	4.6529
18	1.2480	1.4937	0.1479	0.0000	0.0000	3.5300
19	1.2458	1.4926	0.1440	0.0000	0.0000	3.8178
20	1.2439	1.4916	0.1473	0.0000	0.0000	3.7486
21	1.2438	1.5420	0.1358	0.0000	0.0000	4.9477
22	1.2433	1.5419	0.1466	0.0000	0.0000	4.0473
23	1.2426	1.5418	0.1460	0.0000	0.0000	3.8779
24	1.2418	1.5415	0.1466	0.0000	0.0000	4.3335
25	1.2408	1.5411	0.1460	0.0000	0.0000	3.9682
26	1.2396	1.5406	0.1466	0.0000	0.0000	4.3574
27	1.2383	1.5402	0.1460	0.0000	0.0000	4.3019
28	1.2365	1.5392	0.1453	0.0000	0.0000	4.5214
29	1.2345	1.5381	0.1364	0.0000	0.0000	5.6059
30	1.2329	1.5372	0.1486	0.0000	0.0000	4.3342
31	1.2407	1.4780	0.1447	0.0000	0.0000	4.7358
32	1.2402	1.4777	0.1466	0.0000	0.0000	4.7744
33	1.2393	1.4771	0.1447	0.0000	0.0000	4.6973
34	1.2385	1.4764	0.1466	0.0000	0.0000	4.8644
35	1.2377	1.4753	0.1440	0.0000	0.0000	5.1892
36	1.2370	1.4740	0.1453	0.0000	0.0000	5.0459
37	1.2364	1.4725	0.1466	0.0000	0.0000	3.9525
38	1.2359	1.4708	0.1447	0.0000	0.0000	5.2808
39	1.2350	1.4693	0.1460	0.0000	0.0000	5.3974
40	1.2338	1.4670	0.1473	0.0000	0.0000	5.2373
41	1.2463	1.5494	0.1447	0.0000	0.0000	5.5621
42	1.2442	1.5603	0.1453	0.0000	0.0000	4.7939
43	1.2452	1.5660	0.1440	0.0000	0.0000	5.4729
44	1.2445	1.5753	0.1352	0.0000	0.0000	6.0456
45	1.2384	1.5857	0.1434	0.0000	0.0000	5.7725
46	1.2333	1.5953	0.1466	0.0000	0.0000	5.9151
47	1.2285	1.6034	0.1339	0.0000	0.0000	7.0655
48	1.2216	1.6165	0.1473	0.0000	0.0000	5.9926
49	1.2122	1.6371	0.1352	0.0000	0.0000	7.2648
50	1.2033	1.6580	0.1473	0.0000	0.0000	6.0663
51	1.2637	1.5505	0.1479	0.0000	0.0000	5.7394
52	1.2690	1.5464	0.1460	0.0000	0.0000	6.3124
53	1.2834	1.5454	0.1447	0.0000	0.0000	6.4155
54	1.2923	1.5473	0.1453	0.0000	0.0000	6.4810
55	1.3058	1.5465	0.1434	0.0000	0.0000	6.5982
56	1.3156	1.5538	0.1434	0.0000	0.0000	6.8051
57	1.3275	1.5593	0.1460	0.0000	0.0000	6.4433
58	1.3403	1.5595	0.1440	0.0000	0.0000	6.8834
59	1.3620	1.5632	0.1460	0.0000	0.0000	6.6625
60	1.3834	1.5620	0.1479	0.0000	0.0000	6.3597
61	1.2773	1.5568	0.1447	0.0000	0.0000	7.0070
62	1.2793	1.5563	0.1440	0.0000	0.0000	7.0330
63	1.2856	1.5569	0.1447	0.0000	0.0000	6.1462
64	1.2925	1.5573	0.1440	0.0000	0.0000	7.1901
65	1.3009	1.5666	0.1352	0.0000	0.0000	8.5287
66	1.3037	1.5931	0.1339	0.0000	0.0000	8.8213
67	1.2880	1.6337	0.1447	0.0000	0.0000	7.5420
68	1.2708	1.6769	0.1370	0.0000	0.0000	8.4722
69	1.2574	1.7212	0.1453	0.0000	0.0000	7.6199
70	1.2497	1.7646	0.1352	0.0000	0.0000	8.7739
71	1.2711	1.5602	0.1434	0.0000	0.0000	7.7348
72	1.3000	1.5950	0.1466	0.0000	0.0000	7.5531
73	1.3299	1.6427	0.1421	0.0000	0.0000	7.9809
74	1.3678	1.6922	0.1460	0.0000	0.0000	6.8976
75	1.4007	1.7464	0.1440	0.0000	0.0000	7.9055
76	1.4205	1.7886	0.1466	0.0000	0.0000	8.1249
77	1.4415	1.8270	0.1428	0.0000	0.0000	8.5383
78	1.4727	1.8627	0.1460	0.0000	0.0000	8.2276
79	1.5071	1.9088	0.1466	0.0000	0.0000	8.1626
80	1.5257	1.9543	0.1473	0.0000	0.0000	8.2104
81	1.2545	1.5230	0.1358	0.0000	0.0000	9.5406
82	1.2320	1.5243	0.1440	0.0000	0.0000	8.7584
83	1.2095	1.5116	0.1447	0.0000	0.0000	8.4998
84	1.1775	1.4950	0.1440	0.0000	0.0000	8.7205
85	1.1664	1.4957	0.1440	0.0000	0.0000	8.7843
86	1.1447	1.4686	0.1460	0.0000	0.0000	8.8886
87	1.1203	1.4459	0.1352	0.0000	0.0000	10.2008
88	1.1213	1.3908	0.1460	0.0000	0.0000	9.0453
89	1.1450	1.3346	0.1473	0.0000	0.0000	8.6417
90	1.1402	1.2944	0.1473	0.0000	0.0000	8.8973
91	1.2200	1.5052	0.1421	0.0000	0.0000	9.5325
92	1.2006	1.4995	0.1352	0.0000	0.0000	10.4445
93	1.2128	1.4838	0.1415	0.0000	0.0000	9.6368
94	1.2561	1.4366	0.1358	0.0000	0.0000	10.5267
95	1.3160	1.4247	0.1440	0.0000	0.0000	9.3410
96	1.4146	1.3799	0.1434	0.0000	0.0000	9.7546
97	1.5391	1.3426	0.1453	0.0000	0.0000	9.5348
98	1.6887	1.3513	0.1440	0.0000	0.0000	9.7689
99	1.8516	1.3356	0.1440	0.0000	0.0000	9.7826
100	1.9551	1.2871	0.1473	0.0000	0.0000	9.6481
101	1.2469	1.5610	0.1447	0.0000	0.0000	9.8946
102	1.2499	1.6297	0.1466	0.0000	0.0000	8.9135
103	1.2807	1.6865	0.1447	0.0000	0.0000	9.9219
104	1.2929	1.6936	0.1460	0.0000	0.0000	9.2730
105	1.2582	1.6870	0.1434	0.0000	0.0000	10.2332
106	1.1901	1.7270	0.1447	0.0000	0.0000	10.6749
107	1.1070	1.8171	0.1364	0.0000	0.0000	11.4207
108	1.0220	1.9572	0.1453	0.0000	0.0000	10.5565
109	0.9742	2.1473	0.1358	0.0000	0.0000	11.5224
110	0.9642	2.3353	0.1428	0.0000	0.0000	10.8136
111	1.2658	1.5590	0.1453	0.0000	0.0000	10.5182
112	1.2694	1.6390	0.1440	0.0000	0.0000	10.9446
113	1.2639	1.7685	0.1466	0.0000	0.0000	10.5181
114	1.2297	1.9398	0.1466	0.0000	0.0000	11.0499
115	1.1520	2.1498	0.1440	0.0000	0.0000	10.9200
116	1.0261	2.3894	0.1473	0.0000	0.0000	10.9962
117	0.8506	2.5974	0.1440	0.0000	0.0000	11.1400
118	0.6831	2.7278	0.1453	0.0000	0.0000	11.2411
119	0.5004	2.8591	0.1453	0.0000	0.0000	10.4899
120	0.3545	2.9911	0.1440	0.0000	0.0000	11.4074
121	1.2595	1.5080	0.1460	0.0000	0.0000	11.0596
122	1.2188	1.4520	0.1453	0.0000	0.0000	11.6025
123	1.1776	1.4220	0.1434	0.0000	0.0000	11.7183
124	1.0988	1.4371	0.1466	0.0000	0.0000	10.7071
125	0.9914	1.4305	0.1434	0.0000	0.0000	12.1334
126	0.8876	1.3979	0.1466	0.0000	0.0000	10.7384
127	0.7542	1.3714	0.1453	0.0000	0.0000	11.9278
128	0.6005	1.2988	0.1447	0.0000	0.0000	12.1482
129	0.4593	1.2522	0.1352	0.0000	0.0000	13.2407
130	0.3169	1.2220	0.1460	0.0000	0.0000	11.1146
131	1.2976	1.5210	0.1440	0.0000	0.0000	12.3167
132	1.2882	1.5410	0.1447	0.0000	0.0000	12.5776
133	1.2976	1.5710	0.1460	0.0000	0.0000	12.3050
134	1.2800	1.6257	0.1453	0.0000	0.0000	12.6552
135	1.2539	1.6399	0.1453	0.0000	0.0000	12.3938
136	1.2105	1.6486	0.1493	0.0000	0.0000	12.3248
137	1.1678	1.6498	0.1364	0.0000	0.0000	13.1091
138	1.1285	1.6527	0.1453	0.0000	0.0000	12.7574
139	1.0972	1.6736	0.1434	0.0000	0.0000	13.0688
140	1.0835	1.6983	0.1396	0.0000	0.0000	13.5262
141	1.2759	1.4940	0.1453	0.0000	0.0000	13.1052
142	1.2442	1.4980	0.1389	0.0000	0.0000	14.0166
143	1.2028	1.5080	0.1440	0.0000	0.0000	13.3498
144	1.1591	1.5240	0.1506	0.0000	0.0000	12.8364
145	1.0991	1.5356	0.1434	0.0000	0.0000	13.5799
146	1.0216	1.5357	0.1493	0.0000	0.0000	13.1498
147	0.9396	1.5418	0.1415	0.0000	0.0000	13.9660
148	0.8628	1.5658	0.1466	0.0000	0.0000	13.3579
149	0.7753	1.5999	0.1421	0.0000	0.0000	13.9788
150	0.6974	1.6101	0.1460	0.0000	0.0000	13.8358
151	1.2221	1.4354	0.1447	0.0000	0.0000	13.7290
152	1.2069	1.4421	0.1466	0.0000	0.0000	14.0287
153	1.1825	1.4592	0.1352	0.0000	0.0000	15.0925
154	1.1440	1.4663	0.1479	0.0000	0.0000	14.0279
155	1.0947	1.4924	0.1339	0.0000	0.0000	15.3965
156	1.0426	1.5163	0.1453	0.0000	0.0000	14.0399
157	0.9977	1.5380	0.1473	0.0000	0.0000	14.1425
158	0.9521	1.5496	0.1473	0.0000	0.0000	13.9601
159	0.9082	1.5593	0.1466	0.0000	0.0000	13.9880
160	0.8672	1.5526	0.1453	0.0000	0.0000	14.3999
161	1.2860	1.5856	0.1473	0.0000	0.0000	14.5035
162	1.3097	1.6047	0.1358	0.0000	0.0000	15.8321
163	1.3384	1.6178	0.1440	0.0000	0.0000	14.6598
164	1.3650	1.6217	0.1389	0.0000	0.0000	15.7408
165	1.3915	1.6195	0.1447	0.0000	0.0000	14.9318
166	1.4066	1.6123	0.1506	0.0000	0.0000	14.6272
167	1.4175	1.5769	0.1460	0.0000	0.0000	15.0587
168	1.4188	1.5276	0.1493	0.0000	0.0000	13.8445
169	1.4123	1.4649	0.1473	0.0000	0.0000	14.8611
170	1.4072	1.4161	0.1473	0.0000	0.0000	15.2334
171	1.2834	1.5220	0.1466	0.0000	0.0000	15.2591
172	1.2971	1.5220	0.1460	0.0000	0.0000	15.3489
173	1.3065	1.5240	0.1364	0.0000	0.0000	16.3806
174	1.3116	1.5146	0.1447	0.0000	0.0000	15.7250
175	1.3165	1.4969	0.1466	0.0000	0.0000	15.1785
176	1.3207	1.4843	0.1460	0.0000	0.0000	15.5771
177	1.3200	1.4792	0.1352	0.0000	0.0000	16.9546
178	1.3332	1.4831	0.1486	0.0000	0.0000	15.8777
179	1.3540	1.4851	0.1460	0.0000	0.0000	15.8738
180	1.3859	1.4866	0.1479	0.0000	0.0000	14.8042
181	1.2706	1.4757	0.1479	0.0000	0.0000	15.7774
182	1.2589	1.4327	0.1370	0.0000	0.0000	17.3606
183	1.2412	1.3748	0.1473	0.0000	0.0000	16.0103
184	1.2268	1.3070	0.1466	0.0000	0.0000	16.4929
185	1.2297	1.2331	0.1473	0.0000	0.0000	16.0338
186	1.2243	1.1709	0.1466	0.0000	0.0000	16.5655
187	1.2081	1.0950	0.1460	0.0000	0.0000	16.6543
188	1.2137	1.0172	0.1389	0.0000	0.0000	17.3823
189	1.2162	0.9214	0.1473	0.0000	0.0000	16.7170
190	1.2223	0.8271	0.1479	0.0000	0.0000	16.5674
191	1.2832	1.5080	0.1479	0.0000	0.0000	16.6302
192	1.2876	1.4820	0.1499	0.0000	0.0000	15.5679
193	1.2857	1.4528	0.1447	0.0000	0.0000	17.0450
194	1.2789	1.4167	0.1479	0.0000	0.0000	16.9267
195	1.2764	1.3787	0.1453	0.0000	0.0000	17.1202
196	1.2883	1.3546	0.1512	0.0000	0.0000	16.8160
197	1.3140	1.3485	0.1486	0.0000	0.0000	16.8809
198	1.3510	1.3445	0.1519	0.0000	0.0000	16.9545
199	1.4043	1.3304	0.1440	0.0000	0.0000	18.0413
200	1.4736	1.3143	0.1526	0.0000	0.0000	16.9582
201	1.5379	1.2963	0.1512	0.0000	0.0000	17.3935
202	1.6001	1.2794	0.1402	0.0000	0.0000	18.4508
203	1.6664	1.2673	0.1486	0.0000	0.0000	17.6499
204	1.7424	1.2453	0.1402	0.0000	0.0000	18.6688
205	1.8304	1.1932	0.1486	0.0000	0.0000	17.7362
206	1.9265	1.1151	0.1519	0.0000	0.0000	17.6121
207	2.0267	1.0071	0.1499	0.0000	0.0000	17.6625
208	2.1232	0.8864	0.1526	0.0000	0.0000	17.6831
209	2.1764	0.8149	0.1499	0.0000	0.0000	17.7830
210	2.2550	0.7345	0.1506	0.0000	0.0000	17.9102
1	0.0000	0.0000	0.0000	0.0000	0.0000	0.0000
2	0.0001	0.0001	0.1447	0.0000	0.0000	0.0000
3	0.0002	0.0002	0.1453	0.0000	0.0000	0.0000
4	0.0005	0.0006	0.1453	0.0000	0.0000	0.0000
5	0.0008	0.0011	0.1447	0.0000	0.0000	0.0000
6	0.0013	0.0018	0.1447	0.0000	0.0000	0.0000
7	0.0020	0.0025	0.1358	0.0000	0.0000	0.0000
8	0.0027	0.0035	0.1447	0.0000	0.0000	0.0000
9	0.0035	0.0046	0.1352	0.0000	0.0000	0.0000
10	0.0039	0.0053	0.1466	0.0000	0.0000	0.0000
11	1.2440	1.5360	0.1358	0.0000	0.0000	4.1081
12	1.2440	1.5363	0.1440	0.0000	0.0000	3.5199
13	1.2444	1.5369	0.1440	0.0000	0.0000	2.3895
14	1.2449	1.5375	0.1460	0.0000	0.0000	3.3126
15	1.2455	1.5384	0.1428	0.0000	0.0000	3.7137
16	1.2464	1.5395	0.1370	0.0000	0.0000	4.5423
17	1.2473	1.5408	0.1428	0.0000	0.0000	3.9346
18	1.2484	1.5424	0.1466	0.0000	0.0000	3.4810
19	1.2495	1.5441	0.1440	0.0000	0.0000	3.8058
20	1.2502	1.5452	0.1453	0.0000	0.0000	3.6979
21	1.2322	1.4731	0.1440	0.0000	0.0000	3.9968
22	1.2325	1.4734	0.1447	0.0000	0.0000	3.8679
23	1.2328	1.4739	0.1440	0.0000	0.0000	4.1535
24	1.2332	1.4745	0.1447	0.0000	0.0000	4.3480
25	1.2337	1.4754	0.1440	0.0000	0.0000	4.3085
26	1.2343	1.4764	0.1453	0.0000	0.0000	4.1664
27	1.2350	1.4775	0.1434	0.0000	0.0000	4.4776
28	1.2357	1.4787	0.1466	0.0000	0.0000	4.3602
29	1.2365	1.4800	0.1434	0.0000	0.0000	3.6220
30	1.2372	1.4811	0.1460	0.0000	0.0000	4.5793
31	1.2500	1.4857	0.1428	0.0000	0.0000	4.9154
32	1.2501	1.4857	0.1377	0.0000	0.0000	5.6686
33	1.2507	1.4856	0.1428	0.0000	0.0000	5.1363
34	1.2519	1.4857	0.1473	0.0000	0.0000	4.6689
35	1.2528	1.4857	0.1460	0.0000	0.0000	4.8875
36	1.2546	1.4858	0.1440	0.0000	0.0000	5.1334
37	1.2564	1.4860	0.1440	0.0000	0.0000	5.0834
38	1.2585	1.4871	0.1453	0.0000	0.0000	5.0698
39	1.2595	1.4893	0.1440	0.0000	0.0000	5.2390
40	1.2608	1.4905	0.1352	0.0000	0.0000	6.4964
41	1.2519	1.4739	0.1339	0.0000	0.0000	6.7734
42	1.2583	1.4666	0.1447	0.0000	0.0000	5.4948
43	1.2656	1.4613	0.1453	0.0000	0.0000	5.4956
44	1.2702	1.4563	0.1447	0.0000	0.0000	5.9109
45	1.2677	1.4568	0.1440	0.0000	0.0000	5.7415
46	1.2631	1.4558	0.1453	0.0000	0.0000	5.6644
47	1.2559	1.4557	0.1440	0.0000	0.0000	6.0274
48	1.2478	1.4559	0.1339	0.0000	0.0000	7.4502
49	1.2465	1.4373	0.1440	0.0000	0.0000	5.9907
50	1.2445	1.4138	0.1434	0.0000	0.0000	6.3256
51	1.2360	1.5049	0.1440	0.0000	0.0000	6.1964
52	1.2339	1.5058	0.1479	0.0000	0.0000	5.8396
53	1.2318	1.5057	0.1447	0.0000	0.0000	6.3090
54	1.2308	1.5011	0.1453	0.0000	0.0000	5.6699
55	1.2236	1.4932	0.1447	0.0000	0.0000	6.5292
56	1.2225	1.4898	0.1447	0.0000	0.0000	6.6712
57	1.2289	1.4908	0.1352	0.0000	0.0000	7.7629
58	1.2219	1.4858	0.1434	0.0000	0.0000	7.1790
59	1.2048	1.4831	0.1460	0.0000	0.0000	6.5557
60	1.1911	1.4890	0.1473	0.0000	0.0000	6.7202
61	1.2539	1.5088	0.1447	0.0000	0.0000	7.0460
62	1.2532	1.5185	0.1370	0.0000	0.0000	7.9120
63	1.2465	1.5317	0.1440	0.0000	0.0000	7.1506
64	1.2372	1.5430	0.1447	0.0000	0.0000	7.1502
65	1.2249	1.5442	0.1440	0.0000	0.0000	7.1769
66	1.2124	1.5420	0.1440	0.0000	0.0000	6.7451
67	1.1992	1.5458	0.1440	0.0000	0.0000	7.2050
68	1.1862	1.5520	0.1466	0.0000	0.0000	7.4884
69	1.1705	1.5720	0.1345	0.0000	0.0000	8.6297
70	1.1614	1.5780	0.1460	0.0000	0.0000	7.6267
71	1.2676	1.5352	0.1453	0.0000	0.0000	7.4583
72	1.2602	1.5319	0.1460	0.0000	0.0000	7.5715
73	1.2489	1.5312	0.1453	0.0000	0.0000	7.6628
74	1.2410	1.5402	0.1434	0.0000	0.0000	8.1683
75	1.2308	1.5579	0.1345	0.0000	0.0000	8.0425
76	1.2125	1.5883	0.1466	0.0000	0.0000	8.0016
77	1.1775	1.6211	0.1428	0.0000	0.0000	8.3507
78	1.1336	1.6531	0.1377	0.0000	0.0000	9.1697
79	1.0949	1.6793	0.1434	0.0000	0.0000	8.4303
80	1.0623	1.7002	0.1453	0.0000	0.0000	8.3890
81	1.2834	1.5203	0.1453	0.0000	0.0000	8.4673
82	1.2756	1.5354	0.1440	0.0000	0.0000	8.5055
83	1.2816	1.5452	0.1339	0.0000	0.0000	9.7988
84	1.2783	1.5520	0.1434	0.0000	0.0000	9.1308
85	1.2527	1.5491	0.1447	0.0000	0.0000	8.5992
86	1.2234	1.5487	0.1447	0.0000	0.0000	8.8703
87	1.1968	1.5366	0.1447	0.0000	0.0000	7.8710
88	1.1795	1.5163	0.1479	0.0000	0.0000	8.7509
89	1.1512	1.5157	0.1440	0.0000	0.0000	9.1668
90	1.1295	1.5297	0.1466	0.0000	0.0000	9.0468
91	1.2711	1.5359	0.1434	0.0000	0.0000	9.1909
92	1.2333	1.5347	0.1473	0.0000	0.0000	8.9297
93	1.2126	1.5408	0.1415	0.0000	0.0000	9.4501
94	1.1669	1.5550	0.1453	0.0000	0.0000	9.2579
95	1.1279	1.5649	0.1408	0.0000	0.0000	9.6840
96	1.1102	1.5595	0.1447	0.0000	0.0000	9.4279
97	1.0998	1.5395	0.1453	0.0000	0.0000	9.3007
98	1.0802	1.5050	0.1460	0.0000	0.0000	9.5579
99	1.0270	1.4796	0.1428	0.0000	0.0000	10.0885
100	0.9658	1.4521	0.1460	0.0000	0.0000	9.6329
101	1.2398	1.3934	0.1339	0.0000	0.0000	11.1440
102	1.2046	1.4055	0.1447	0.0000	0.0000	9.1053
103	1.1351	1.4166	0.1327	0.0000	0.0000	10.3773
104	1.0455	1.4358	0.1447	0.0000	0.0000	10.2194
105	0.9538	1.4657	0.1428	0.0000	0.0000	10.5946
106	0.8517	1.4796	0.1447	0.0000	0.0000	10.1812
107	0.7694	1.4678	0.1453	0.0000	0.0000	10.3116
108	0.7018	1.4644	0.1460	0.0000	0.0000	10.3118
109	0.6138	1.4749	0.1460	0.0000	0.0000	10.3892
110	0.5586	1.4735	0.1473	0.0000	0.0000	10.4086
111	1.1683	1.5255	0.1352	0.0000	0.0000	11.6847
112	1.1590	1.5215	0.1440	0.0000	0.0000	10.8910
113	1.1668	1.5134	0.1440	0.0000	0.0000	10.5841
114	1.1615	1.5044	0.1440	0.0000	0.0000	11.0495
115	1.1496	1.4841	0.1434	0.0000	0.0000	9.7580
116	1.1376	1.4712	0.1466	0.0000	0.0000	11.0909
117	1.1238	1.4723	0.1428	0.0000	0.0000	11.5694
118	1.1099	1.4994	0.1453	0.0000	0.0000	11.2725
119	1.0977	1.5171	0.1447	0.0000	0.0000	10.2686
120	1.0658	1.5457	0.1473	0.0000	0.0000	11.2422
121	1.1546	1.4834	0.1460	0.0000	0.0000	11.3457
122	1.1330	1.4571	0.1447	0.0000	0.0000	11.6436
123	1.1379	1.4319	0.1479	0.0000	0.0000	10.2496
124	1.1112	1.3927	0.1466	0.0000	0.0000	11.6961
125	1.0991	1.3966	0.1460	0.0000	0.0000	11.7215
126	1.1097	1.3958	0.1447	0.0000	0.0000	12.0693
127	1.0854	1.3497	0.1447	0.0000	0.0000	11.8879
128	1.0207	1.2732	0.1460	0.0000	0.0000	12.0693
129	0.9461	1.1865	0.1453	0.0000	0.0000	12.1591
130	0.9224	1.1481	0.1493	0.0000	0.0000	11.7493
131	1.3007	1.5250	0.1434	0.0000	0.0000	12.0788
132	1.3563	1.5998	0.1479	0.0000	0.0000	12.3903
133	1.4573	1.7180	0.1327	0.0000	0.0000	13.5842
134	1.5740	1.8741	0.1460	0.0000	0.0000	12.2599
135	1.6748	1.9923	0.1440	0.0000	0.0000	12.6352
136	1.7360	2.0689	0.1466	0.0000	0.0000	12.4667
137	1.8259	2.1618	0.1434	0.0000	0.0000	11.7905
138	1.9228	2.2640	0.1466	0.0000	0.0000	12.7534
139	1.9595	2.3028	0.1486	0.0000	0.0000	12.5635
140	2.0386	2.3874	0.1453	0.0000	0.0000	13.2297
141	1.2839	1.5039	0.1479	0.0000	0.0000	12.7152
142	1.2581	1.4762	0.1493	0.0000	0.0000	12.6343
143	1.2347	1.4585	0.1434	0.0000	0.0000	13.0922
144	1.2172	1.4345	0.1499	0.0000	0.0000	12.9072
145	1.1955	1.3828	0.1460	0.0000	0.0000	13.3903
146	1.2053	1.3701	0.1493	0.0000	0.0000	12.1725
147	1.2247	1.3461	0.1352	0.0000	0.0000	14.5192
148	1.2279	1.3479	0.1447	0.0000	0.0000	13.5675
149	1.2063	1.3375	0.1453	0.0000	0.0000	13.6320
150	1.1640	1.3331	0.1447	0.0000	0.0000	13.8515
151	1.2652	1.4886	0.1421	0.0000	0.0000	14.1568
152	1.2281	1.5020	0.1364	0.0000	0.0000	14.5946
153	1.1891	1.4966	0.1453	0.0000	0.0000	13.9902
154	1.1523	1.4972	0.1499	0.0000	0.0000	13.4512
155	1.0794	1.5038	0.1447	0.0000	0.0000	14.2870
156	1.0157	1.5044	0.1479	0.0000	0.0000	13.8415
157	0.9428	1.4870	0.1460	0.0000	0.0000	13.8306
158	0.8657	1.4679	0.1460	0.0000	0.0000	13.8921
159	0.7685	1.4357	0.1440	0.0000	0.0000	14.5278
160	0.6844	1.4125	0.1466	0.0000	0.0000	13.0849
161	0.0018	0.0002	0.1389	0.0000	0.0000	15.0232
162	0.0232	0.0023	0.1479	0.0000	0.0000	14.1469
163	0.0439	0.0048	0.1460	0.0000	0.0000	14.5245
164	0.0832	0.0039	0.1466	0.0000	0.0000	14.5886
165	0.1212	0.0063	0.1460	0.0000	0.0000	14.6790
166	0.1717	0.0148	0.1486	0.0000	0.0000	14.7027
167	0.2038	0.0252	0.1460	0.0000	0.0000	14.7023
168	0.2278	0.0352	0.1453	0.0000	0.0000	15.0376
169	0.2673	0.0397	0.1460	0.0000	0.0000	14.9068
170	0.3072	0.0367	0.1453	0.0000	0.0000	14.3594
171	0.0000	0.0000	0.1358	0.0000	0.0000	16.2234
172	0.0093	0.0000	0.1493	0.0000	0.0000	15.2058
173	0.0330	0.0000	0.1473	0.0000	0.0000	15.3206
174	0.0729	0.0000	0.1493	0.0000	0.0000	15.2254
175	0.1225	0.0000	0.1493	0.0000	0.0000	14.2094
176	0.1598	0.0000	0.1486	0.0000	0.0000	15.3278
177	0.1909	0.0000	0.1479	0.0000	0.0000	15.6139
178	0.1988	0.0000	0.1479	0.0000	0.0000	15.6593
179	0.2186	0.0000	0.1460	0.0000	0.0000	15.8403
180	0.2484	0.0000	0.1460	0.0000	0.0000	15.8512
181	0.0000	0.0000	0.1479	0.0000	0.0000	15.8739
182	0.0000	0.0000	0.1447	0.0000	0.0000	16.2105
183	0.0000	0.0000	0.1479	0.0000	0.0000	16.0266
184	0.0000	0.0000	0.1473	0.0000	0.0000	15.1513
185	0.0000	0.0000	0.1493	0.0000	0.0000	15.8905
186	0.0000	0.0000	0.1466	0.0000	0.0000	16.5443
187	0.0000	0.0000	0.1370	0.0000	0.0000	17.4451
188	0.0000	0.0000	0.1473	0.0000	0.0000	16.4217
189	0.0000	0.0000	0.1479	0.0000	0.0000	16.4055
190	0.0000	0.0000	0.1473	0.0000	0.0000	16.6257
1	0.0000	0.0000	0.0000	0.0000	0.0000	0.0000
2	0.0002	0.0000	0.1460	0.0000	0.0000	0.0000
3	0.0005	0.0000	0.1453	0.0000	0.0000	0.0000
4	0.0009	0.0000	0.1447	0.0000	0.0000	0.0000
5	0.0016	0.0000	0.1440	0.0000	0.0000	0.0000
6	0.0026	0.0000	0.1440	0.0000	0.0000	0.0000
7	0.0038	0.0000	0.1447	0.0000	0.0000	0.0000
8	0.0053	0.0000	0.1440	0.0000	0.0000	0.0000
9	0.0070	0.0000	0.1447	0.0000	0.0000	0.0000
10	0.0086	0.0000	0.1460	0.0000	0.0000	0.0000
11	1.2583	1.5470	0.1447	0.0000	0.0000	3.1843
12	1.2588	1.5470	0.1440	0.0000	0.0000	3.5995
13	1.2596	1.5471	0.1447	0.0000	0.0000	3.0822
14	1.2608	1.5471	0.1460	0.0000	0.0000	3.3260
15	1.2621	1.5470	0.1428	0.0000	0.0000	3.5982
16	1.2634	1.5470	0.1358	0.0000	0.0000	4.6908
17	1.2653	1.5470	0.1453	0.0000	0.0000	3.6885
18	1.2674	1.5470	0.1460	0.0000	0.0000	2.6076
19	1.2698	1.5468	0.1364	0.0000	0.0000	4.7882
20	1.2718	1.5467	0.1434	0.0000	0.0000	2.9988
21	1.2820	1.5460	0.1460	0.0000	0.0000	3.7154
22	1.2823	1.5459	0.1460	0.0000	0.0000	3.9224
23	1.2829	1.5457	0.1421	0.0000	0.0000	4.4006
24	1.2836	1.5455	0.1447	0.0000	0.0000	4.2339
25	1.2846	1.5453	0.1434	0.0000	0.0000	4.4019
26	1.2859	1.5451	0.1434	0.0000	0.0000	4.4161
27	1.2873	1.5448	0.1440	0.0000	0.0000	4.4167
28	1.2889	1.5444	0.1440	0.0000	0.0000	4.5589
29	1.2906	1.5439	0.1290	0.0000	0.0000	6.3766
30	1.2917	1.5435	0.1434	0.0000	0.0000	5.0223
31	1.2471	1.5370	0.1339	0.0000	0.0000	4.6414
32	1.2472	1.5370	0.1434	0.0000	0.0000	4.8406
33	1.2476	1.5368	0.1434	0.0000	0.0000	4.7902
34	1.2481	1.5367	0.1428	0.0000	0.0000	5.2683
35	1.2488	1.5364	0.1434	0.0000	0.0000	4.9462
36	1.2494	1.5363	0.1440	0.0000	0.0000	5.3192
37	1.2504	1.5360	0.1460	0.0000	0.0000	4.9040
38	1.2515	1.5358	0.1447	0.0000	0.0000	5.2013
39	1.2528	1.5355	0.1447	0.0000	0.0000	5.4087
40	1.2539	1.5353	0.1453	0.0000	0.0000	5.5228
41	1.2540	1.5220	0.1358	0.0000	0.0000	6.2943
42	1.2541	1.5220	0.1440	0.0000	0.0000	5.6401
43	1.2544	1.5219	0.1428	0.0000	0.0000	5.7444
44	1.2549	1.5218	0.1440	0.0000	0.0000	5.7325
45	1.2554	1.5216	0.1421	0.0000	0.0000	6.0424
46	1.2560	1.5214	0.1434	0.0000	0.0000	4.8288
47	1.2568	1.5211	0.1358	0.0000	0.0000	6.9590
48	1.2576	1.5208	0.1447	0.0000	0.0000	6.0342
49	1.2585	1.5203	0.1453	0.0000	0.0000	5.0186
50	1.2592	1.5197	0.1479	0.0000	0.0000	5.7850
51	1.2500	1.5430	0.1440	0.0000	0.0000	6.3315
52	1.2501	1.5429	0.1440	0.0000	0.0000	6.3452
53	1.2500	1.5427	0.1218	0.0000	0.0000	8.9617
54	1.2499	1.5425	0.1460	0.0000	0.0000	6.2072
55	1.2498	1.5423	0.1440	0.0000	0.0000	5.5093
56	1.2497	1.5419	0.1339	0.0000	0.0000	8.0746
57	1.2497	1.5415	0.1440	0.0000	0.0000	6.6154
58	1.2498	1.5410	0.1479	0.0000	0.0000	5.5897
59	1.2499	1.5403	0.1333	0.0000	0.0000	8.0627
60	1.2500	1.5397	0.1460	0.0000	0.0000	6.6669
61	1.2460	1.5259	0.1434	0.0000	0.0000	5.9839
62	1.2459	1.5158	0.1345	0.0000	0.0000	8.2645
63	1.2457	1.5057	0.1415	0.0000	0.0000	7.4479
64	1.2455	1.4955	0.1453	0.0000	0.0000	7.0629
65	1.2453	1.4853	0.1178	0.0000	0.0000	10.2620
66	1.2450	1.4750	0.1453	0.0000	0.0000	7.2890
67	1.2446	1.4646	0.1428	0.0000	0.0000	7.4196
68	1.2444	1.4541	0.1453	0.0000	0.0000	7.4450
69	1.2442	1.4435	0.1421	0.0000	0.0000	8.1048
70	1.2441	1.4350	0.1447	0.0000	0.0000	7.5337
71	1.2389	1.5230	0.1440	0.0000	0.0000	7.6749
72	1.2388	1.5228	0.1447	0.0000	0.0000	7.8701
73	1.2387	1.5226	0.1428	0.0000	0.0000	7.8581
74	1.2387	1.5223	0.1447	0.0000	0.0000	7.9614
75	1.2386	1.5219	0.1428	0.0000	0.0000	8.4014
76	1.2384	1.5215	0.1460	0.0000	0.0000	7.8321
77	1.2381	1.5210	0.1453	0.0000	0.0000	8.0524
78	1.2377	1.5204	0.1440	0.0000	0.0000	8.3504
79	1.2373	1.5197	0.1447	0.0000	0.0000	8.2859
80	1.2368	1.5190	0.1434	0.0000	0.0000	8.4551
81	1.2364	1.5185	0.1434	0.0000	0.0000	8.5178
82	1.2360	1.5178	0.1440	0.0000	0.0000	8.7120
83	1.2359	1.5170	0.1434	0.0000	0.0000	8.6739
84	1.2358	1.5161	0.1460	0.0000	0.0000	8.5051
85	1.2358	1.5152	0.1447	0.0000	0.0000	8.6748
86	1.2359	1.5142	0.1434	0.0000	0.0000	9.1010
87	1.2363	1.5132	0.1440	0.0000	0.0000	8.9724
88	1.2367	1.5123	0.1447	0.0000	0.0000	9.1666
89	1.2372	1.5113	0.1434	0.0000	0.0000	8.8850
90	1.2379	1.5104	0.1453	0.0000	0.0000	9.1802
91	1.2386	1.5096	0.1460	0.0000	0.0000	7.9158
92	1.2394	1.5088	0.1352	0.0000	0.0000	10.5592
93	1.2403	1.5080	0.1428	0.0000	0.0000	9.7924
94	1.2413	1.5073	0.1466	0.0000	0.0000	8.2610
95	1.2424	1.5066	0.1358	0.0000	0.0000	10.6572
96	1.2438	1.5059	0.1440	0.0000	0.0000	9.8100
97	1.2453	1.5054	0.1453	0.0000	0.0000	8.5928
98	1.2469	1.5048	0.1434	0.0000	0.0000	9.9161
99	1.2488	1.5044	0.1440	0.0000	0.0000	9.8534
100	1.2507	1.5040	0.1434	0.0000	0.0000	9.3108
1	0.0000	0.0000	0.0000	0.0000	0.0000	0.0000
2	0.0002	0.0001	0.1440	0.0000	0.0000	0.0000
3	0.0007	0.0004	0.1447	0.0000	0.0000	0.0000
4	0.0014	0.0010	0.1453	0.0000	0.0000	0.0000
5	0.0025	0.0017	0.1339	0.0000	0.0000	0.0000
6	0.0040	0.0027	0.1428	0.0000	0.0000	0.0000
7	0.0058	0.0039	0.1333	0.0000	0.0000	0.0000
8	0.0081	0.0052	0.1460	0.0000	0.0000	0.0000
9	0.0107	0.0068	0.1434	0.0000	0.0000	0.0000
10	0.0131	0.0081	0.1370	0.0000	0.0000	0.0000
11	1.2592	1.5131	0.1428	0.0000	0.0000	3.3519
12	1.2597	1.5133	0.1447	0.0000	0.0000	3.4570
13	1.2606	1.5136	0.1434	0.0000	0.0000	3.3014
14	1.2618	1.5140	0.1447	0.0000	0.0000	3.4826
15	1.2634	1.5145	0.1440	0.0000	0.0000	3.3157
16	1.2652	1.5150	0.1447	0.0000	0.0000	3.6383
17	1.2672	1.5157	0.1453	0.0000	0.0000	3.6381
18	1.2695	1.5164	0.1460	0.0000	0.0000	3.6373
19	1.2719	1.5172	0.1466	0.0000	0.0000	3.5717
20	1.2735	1.5178	0.1473	0.0000	0.0000	3.5394
21	1.2531	1.5321	0.1447	0.0000	0.0000	3.9944
22	1.2534	1.5323	0.1447	0.0000	0.0000	4.0071
23	1.2540	1.5326	0.1434	0.0000	0.0000	4.1113
24	1.2548	1.5330	0.1466	0.0000	0.0000	3.9932
25	1.2558	1.5333	0.1453	0.0000	0.0000	4.0981
26	1.2570	1.5336	0.1434	0.0000	0.0000	4.6677
27	1.2587	1.5339	0.1447	0.0000	0.0000	4.3311
28	1.2606	1.5341	0.1479	0.0000	0.0000	4.3416
29	1.2628	1.5344	0.1440	0.0000	0.0000	4.4986
30	1.2648	1.5348	0.1447	0.0000	0.0000	4.6767
31	1.3082	1.5431	0.1447	0.0000	0.0000	4.5614
32	1.3087	1.5436	0.1447	0.0000	0.0000	4.7680
33	1.3092	1.5441	0.1428	0.0000	0.0000	4.7413
34	1.3101	1.5451	0.1428	0.0000	0.0000	5.0116
35	1.3116	1.5458	0.1434	0.0000	0.0000	5.0772
36	1.3126	1.5467	0.1447	0.0000	0.0000	5.1940
37	1.3138	1.5474	0.1358	0.0000	0.0000	6.2119
38	1.3150	1.5481	0.1466	0.0000	0.0000	5.3133
39	1.3170	1.5486	0.1453	0.0000	0.0000	4.0851
40	1.3190	1.5489	0.1460	0.0000	0.0000	5.4031
41	1.2531	1.5307	0.1447	0.0000	0.0000	5.2331
42	1.2532	1.5370	0.1434	0.0000	0.0000	5.4022
43	1.2566	1.5426	0.1428	0.0000	0.0000	5.6221
44	1.2606	1.5471	0.1434	0.0000	0.0000	5.6227
45	1.2613	1.5580	0.1428	0.0000	0.0000	6.0367
46	1.2514	1.5647	0.1460	0.0000	0.0000	5.5324
47	1.2419	1.5566	0.1434	0.0000	0.0000	5.9861
48	1.2294	1.5494	0.1453	0.0000	0.0000	5.7661
49	1.2331	1.5358	0.1440	0.0000	0.0000	6.0642
50	1.2385	1.5177	0.1460	0.0000	0.0000	6.1521
51	1.2655	1.5209	0.1440	0.0000	0.0000	5.3026
52	1.2654	1.5184	0.1453	0.0000	0.0000	5.9840
53	1.2728	1.5140	0.1434	0.0000	0.0000	6.4885
54	1.2909	1.5085	0.1428	0.0000	0.0000	6.5148
55	1.3166	1.5102	0.1440	0.0000	0.0000	6.3745
56	1.3466	1.5142	0.1428	0.0000	0.0000	6.6071
57	1.3718	1.5142	0.1428	0.0000	0.0000	6.8789
58	1.4018	1.5124	0.1453	0.0000	0.0000	6.5817
59	1.4390	1.5069	0.1434	0.0000	0.0000	6.9574
60	1.4543	1.5072	0.1440	0.0000	0.0000	7.1213
61	1.2649	1.5404	0.1428	0.0000	0.0000	5.9601
62	1.2685	1.5440	0.1352	0.0000	0.0000	8.0861
63	1.2819	1.5406	0.1415	0.0000	0.0000	7.3441
64	1.2852	1.5398	0.1447	0.0000	0.0000	6.1527
65	1.2938	1.5337	0.1352	0.0000	0.0000	8.1966
66	1.3105	1.5204	0.1453	0.0000	0.0000	7.3129
67	1.3232	1.5031	0.1421	0.0000	0.0000	6.5152
68	1.3413	1.4843	0.1358	0.0000	0.0000	8.4887
69	1.3758	1.4601	0.1421	0.0000	0.0000	8.0023
70	1.4046	1.4399	0.1460	0.0000	0.0000	7.4707
71	1.2537	1.5494	0.1434	0.0000	0.0000	7.6517
72	1.2408	1.5672	0.1453	0.0000	0.0000	7.7561
73	1.2203	1.5885	0.1421	0.0000	0.0000	7.8351
74	1.1885	1.6085	0.1447	0.0000	0.0000	7.9254
75	1.1555	1.6462	0.1421	0.0000	0.0000	8.3776
76	1.1261	1.6777	0.1453	0.0000	0.0000	7.8104
77	1.0954	1.7212	0.1434	0.0000	0.0000	8.2501
78	1.0594	1.7748	0.1434	0.0000	0.0000	8.3281
79	1.0208	1.8365	0.1434	0.0000	0.0000	8.2777
80	0.9877	1.8994	0.1434	0.0000	0.0000	8.5333
81	1.2724	1.5528	0.1434	0.0000	0.0000	8.4837
82	1.2916	1.5646	0.1466	0.0000	0.0000	7.3499
83	1.3043	1.5776	0.1327	0.0000	0.0000	9.6720
84	1.3141	1.5983	0.1453	0.0000	0.0000	8.6014
85	1.3461	1.6079	0.1339	0.0000	0.0000	9.8571
86	1.3683	1.6056	0.1447	0.0000	0.0000	8.7721
87	1.3568	1.6165	0.1453	0.0000	0.0000	8.7088
88	1.3400	1.6512	0.1421	0.0000	0.0000	9.1751
89	1.3524	1.6749	0.1421	0.0000	0.0000	9.1263
90	1.3890	1.6677	0.1358	0.0000	0.0000	10.0125
91	1.2828	1.5217	0.1345	0.0000	0.0000	10.2900
92	1.3131	1.4653	0.1434	0.0000	0.0000	9.3700
93	1.3731	1.3864	0.1421	0.0000	0.0000	9.4739
94	1.4519	1.2923	0.1440	0.0000	0.0000	9.5786
95	1.5320	1.1979	0.1440	0.0000	0.0000	9.2704
96	1.6304	1.0981	0.1440	0.0000	0.0000	9.8000
97	1.7205	0.9978	0.1460	0.0000	0.0000	9.4502
98	1.7990	0.8980	0.1434	0.0000	0.0000	9.7106
99	1.8835	0.7983	0.1440	0.0000	0.0000	9.6476
100	1.9490	0.7288	0.1421	0.0000	0.0000	10.1346
101	1.2382	1.5114	0.1434	0.0000	0.0000	9.9946
102	1.2160	1.5039	0.1434	0.0000	0.0000	10.1369
103	1.2097	1.5070	0.1428	0.0000	0.0000	10.1483
104	1.1910	1.4860	0.1453	0.0000	0.0000	10.1752
105	1.1805	1.4714	0.1428	0.0000	0.0000	9.1765
106	1.1615	1.4572	0.1352	0.0000	0.0000	11.5536
107	1.1429	1.4317	0.1428	0.0000	0.0000	10.4628
108	1.1102	1.4138	0.1453	0.0000	0.0000	10.2952
109	1.0645	1.3747	0.1415	0.0000	0.0000	10.9664
110	1.0275	1.3490	0.1447	0.0000	0.0000	10.5137
111	1.2670	1.5130	0.1421	0.0000	0.0000	10.7733
112	1.2789	1.5294	0.1447	0.0000	0.0000	10.7349
113	1.2807	1.5466	0.1440	0.0000	0.0000	11.0064
114	1.3116	1.5593	0.1440	0.0000	0.0000	9.9443
115	1.3177	1.5797	0.1339	0.0000	0.0000	12.2510
116	1.3477	1.6129	0.1453	0.0000	0.0000	11.2843
117	1.3451	1.6307	0.1421	0.0000	0.0000	10.2298
118	1.3463	1.6820	0.1345	0.0000	0.0000	12.3490
119	1.3596	1.7069	0.1396	0.0000	0.0000	11.7607
120	1.3397	1.7309	0.1447	0.0000	0.0000	10.9537
121	1.2553	1.5438	0.1440	0.0000	0.0000	11.4136
122	1.3096	1.5417	0.1473	0.0000	0.0000	11.4259
123	1.3267	1.5123	0.1415	0.0000	0.0000	11.6864
124	1.2978	1.5222	0.1377	0.0000	0.0000	12.7379
125	1.2657	1.5695	0.1440	0.0000	0.0000	12.1160
126	1.2813	1.6048	0.1440	0.0000	0.0000	11.6770
127	1.3218	1.5932	0.1440	0.0000	0.0000	12.1429
128	1.3919	1.5315	0.1434	0.0000	0.0000	11.9119
129	1.4353	1.4694	0.1440	0.0000	0.0000	12.1704
130	1.4420	1.4267	0.1358	0.0000	0.0000	13.1591
131	1.2110	1.5450	0.1466	0.0000	0.0000	12.1292
132	1.1310	1.5766	0.1466	0.0000	0.0000	12.1418
133	1.0035	1.5955	0.1440	0.0000	0.0000	12.2744
134	0.8332	1.5669	0.1493	0.0000	0.0000	12.2442
135	0.6699	1.4883	0.1428	0.0000	0.0000	11.5785
136	0.5500	1.3869	0.1364	0.0000	0.0000	13.6822
137	0.4419	1.3323	0.1428	0.0000	0.0000	12.9345
138	0.3231	1.3237	0.1460	0.0000	0.0000	12.5596
139	0.1606	1.3091	0.1434	0.0000	0.0000	12.8852
140	0.0000	1.2565	0.1466	0.0000	0.0000	12.7687
141	0.0000	1.2408	0.1428	0.0000	0.0000	12.2811
142	0.0000	1.2509	0.1352	0.0000	0.0000	14.2875
143	0.0000	1.2372	0.1434	0.0000	0.0000	13.3127
144	0.0000	1.2149	0.1466	0.0000	0.0000	11.8638
145	0.0000	1.2376	0.1440	0.0000	0.0000	13.3271
146	0.0000	1.2388	0.1447	0.0000	0.0000	13.6518
147	0.0000	1.2641	0.1460	0.0000	0.0000	13.2486
148	0.0000	1.2716	0.1447	0.0000	0.0000	13.6609
149	0.0000	1.2749	0.1408	0.0000	0.0000	13.8805
150	0.0000	1.2683	0.1453	0.0000	0.0000	13.6761
151	1.2389	1.5190	0.1421	0.0000	0.0000	13.8036
152	1.2565	1.4970	0.1453	0.0000	0.0000	13.8167
153	1.2955	1.4650	0.1473	0.0000	0.0000	13.8544
154	1.3590	1.4334	0.1479	0.0000	0.0000	13.5917
155	1.4263	1.4045	0.1460	0.0000	0.0000	14.0342
156	1.4758	1.3883	0.1453	0.0000	0.0000	14.1883
157	1.5205	1.3670	0.1460	0.0000	0.0000	14.1222
158	1.5592	1.3369	0.1479	0.0000	0.0000	14.2894
159	1.6272	1.2742	0.1440	0.0000	0.0000	14.7038
160	1.6860	1.2102	0.1506	0.0000	0.0000	14.0593
161	1.7365	1.1591	0.1466	0.0000	0.0000	14.4633
162	1.8046	1.1057	0.1486	0.0000	0.0000	14.5001
163	1.8537	1.0547	0.1447	0.0000	0.0000	14.9153
164	1.9222	0.9937	0.1473	0.0000	0.0000	14.5490
165	2.0057	0.9387	0.1466	0.0000	0.0000	14.9000
166	2.0799	0.8737	0.1479	0.0000	0.0000	14.6886
167	2.1587	0.7827	0.1453	0.0000	0.0000	15.0137
168	2.2318	0.6977	0.1479	0.0000	0.0000	14.9727
169	2.3000	0.6147	0.1352	0.0000	0.0000	16.5188
170	2.3692	0.5457	0.1473	0.0000	0.0000	15.2704
171	0.0011	0.0016	0.1460	0.0000	0.0000	15.5697
172	0.0000	0.0000	0.1486	0.0000	0.0000	14.9387
173	0.0000	0.0016	0.1460	0.0000	0.0000	15.3642
174	0.0042	0.0076	0.1493	0.0000	0.0000	15.1773
175	0.0138	0.0156	0.1447	0.0000	0.0000	15.5432
176	0.0215	0.0188	0.1466	0.0000	0.0000	15.7786
177	0.0271	0.0161	0.1486	0.0000	0.0000	14.3386
178	0.0148	0.0000	0.1466	0.0000	0.0000	16.1972
179	0.0005	0.0000	0.1473	0.0000	0.0000	15.8657
180	0.0000	0.0000	0.1512	0.0000	0.0000	15.3856
181	0.0000	0.0000	0.1377	0.0000	0.0000	17.2907
182	0.0001	0.0000	0.1499	0.0000	0.0000	15.9622
183	0.0081	0.0000	0.1473	0.0000	0.0000	15.0679
184	0.0173	0.0000	0.1389	0.0000	0.0000	17.3713
185	0.0448	0.0000	0.1493	0.0000	0.0000	16.1418
186	0.0638	0.0000	0.1499	0.0000	0.0000	14.9839
187	0.0669	0.0000	0.1339	0.0000	0.0000	17.6832
188	0.0826	0.0000	0.1499	0.0000	0.0000	16.5596
189	0.1140	0.0000	0.1486	0.0000	0.0000	15.5631
190	0.1256	0.0000	0.1493	0.0000	0.0000	16.8276
191	0.0140	0.0020	0.1499	0.0000	0.0000	16.6092
192	0.0061	0.0040	0.1506	0.0000	0.0000	16.5393
193	0.0000	0.0080	0.1473	0.0000	0.0000	16.8134
194	0.0000	0.0000	0.1486	0.0000	0.0000	17.1274
195	0.0000	0.0000	0.1486	0.0000	0.0000	16.8077
196	0.0000	0.0000	0.1493	0.0000	0.0000	16.9357
197	0.0000	0.0000	0.1499	0.0000	0.0000	16.8661
198	0.0000	0.0000	0.1479	0.0000	0.0000	17.1787
199	0.0000	0.0000	0.1493	0.0000	0.0000	17.1620
200	0.0000	0.0000	0.1519	0.0000	0.0000	15.9220
201	0.0000	0.0000	0.1512	0.0000	0.0000	16.8484
202	0.0000	0.0000	0.1486	0.0000	0.0000	17.5698
203	0.0000	0.0000	0.1466	0.0000	0.0000	17.3589
204	0.0000	0.0000	0.1493	0.0000	0.0000	17.5767
205	0.0000	0.0000	0.1466	0.0000	0.0000	17.5753
206	0.0000	0.0000	0.1486	0.0000	0.0000	18.1391
207	0.0000	0.0000	0.1499	0.0000	0.0000	17.4622
208	0.0000	0.0000	0.1493	0.0000	0.0000	17.9458
209	0.0000	0.0000	0.1479	0.0000	0.0000	18.1789
210	0.0000	0.0000	0.1506	0.0000	0.0000	17.9735
1	0.0000	0.0000	0.1440	0.0000	0.0000	0.0000
2	0.0000	0.0000	0.1460	0.0000	0.0000	0.0000
3	0.0000	0.0000	0.1440	0.0000	0.0000	0.0000
4	0.0000	0.0000	0.1447	0.0000	0.0000	0.0000
5	0.0000	0.0000	0.1440	0.0000	0.0000	0.0000
6	0.0000	0.0000	0.1466	0.0000	0.0000	0.0000
7	0.0000	0.0000	0.1440	0.0000	0.0000	0.0000
8	0.0000	0.0000	0.1453	0.0000	0.0000	0.0000
9	0.0000	0.0000	0.1453	0.0000	0.0000	0.0000
10	0.0000	0.0000	0.1473	0.0000	0.0000	0.0000
11	1.2498	1.5630	0.1339	0.0000	0.0000	4.7376
12	1.2495	1.5629	0.1466	0.0000	0.0000	3.3541
13	1.2490	1.5628	0.1352	0.0000	0.0000	4.3544
14	1.2482	1.5626	0.1460	0.0000	0.0000	3.3271
15	1.2472	1.5624	0.1428	0.0000	0.0000	3.8577
16	1.2461	1.5622	0.1460	0.0000	0.0000	3.4831
17	1.2448	1.5620	0.1447	0.0000	0.0000	3.8466
18	1.2434	1.5616	0.1466	0.0000	0.0000	3.4958
19	1.2424	1.5614	0.1453	0.0000	0.0000	3.8935
20	1.2407	1.5611	0.1473	0.0000	0.0000	3.9318
21	0.0000	0.0000	0.1460	0.0000	0.0000	3.8235
22	0.0000	0.0000	0.1460	0.0000	0.0000	4.0309
23	0.0000	0.0001	0.1352	0.0000	0.0000	5.2778
24	0.0000	0.0003	0.1460	0.0000	0.0000	4.0566
25	0.0000	0.0007	0.1466	0.0000	0.0000	3.9909
26	0.0000	0.0010	0.1447	0.0000	0.0000	4.3035
27	0.0000	0.0008	0.1466	0.0000	0.0000	4.2115
28	0.0000	0.0000	0.1453	0.0000	0.0000	4.5108
29	0.0000	0.0000	0.1453	0.0000	0.0000	4.5077
30	0.0000	0.0000	0.1447	0.0000	0.0000	4.6636
31	0.0000	0.0002	0.1460	0.0000	0.0000	4.5696
32	0.0000	0.0009	0.1473	0.0000	0.0000	4.6196
33	0.0000	0.0015	0.1339	0.0000	0.0000	6.1567
34	0.0000	0.0020	0.1466	0.0000	0.0000	4.7739
35	0.0000	0.0021	0.1479	0.0000	0.0000	4.6289
36	0.0000	0.0022	0.1460	0.0000	0.0000	5.0724
37	0.0000	0.0020	0.1473	0.0000	0.0000	4.8625
38	0.0000	0.0017	0.1460	0.0000	0.0000	5.4221
39	0.0000	0.0014	0.1440	0.0000	0.0000	5.4568
40	0.0000	0.0008	0.1466	0.0000	0.0000	5.3524
41	0.0002	0.0001	0.1453	0.0000	0.0000	5.3750
42	0.0047	0.0000	0.1460	0.0000	0.0000	5.4408
43	0.0094	0.0000	0.1440	0.0000	0.0000	5.9474
44	0.0141	0.0000	0.1466	0.0000	0.0000	5.5827
45	0.0210	0.0000	0.1453	0.0000	0.0000	5.6211
46	0.0290	0.0000	0.1370	0.0000	0.0000	6.9559
47	0.0332	0.0000	0.1447	0.0000	0.0000	6.2460
48	0.0424	0.0000	0.1377	0.0000	0.0000	6.8394
49	0.0508	0.0000	0.1377	0.0000	0.0000	6.9668
50	0.0602	0.0000	0.1466	0.0000	0.0000	5.8374
51	0.0020	0.0000	0.1453	0.0000	0.0000	6.2020
52	0.0054	0.0000	0.1460	0.0000	0.0000	6.1372
53	0.0061	0.0000	0.1447	0.0000	0.0000	6.3061
54	0.0038	0.0000	0.1460	0.0000	0.0000	6.4883
55	0.0000	0.0000	0.1453	0.0000	0.0000	6.3836
56	0.0000	0.0000	0.1486	0.0000	0.0000	5.3038
57	0.0000	0.0000	0.1440	0.0000	0.0000	6.6935
58	0.0000	0.0000	0.1479	0.0000	0.0000	5.6000
59	0.0000	0.0000	0.1447	0.0000	0.0000	5.9754
60	0.0000	0.0000	0.1460	0.0000	0.0000	6.9217
61	0.0000	0.0072	0.1364	0.0000	0.0000	7.8887
62	0.0000	0.0259	0.1440	0.0000	0.0000	7.2456
63	0.0000	0.0504	0.1453	0.0000	0.0000	6.9731
64	0.0000	0.0709	0.1453	0.0000	0.0000	7.1160
65	0.0000	0.0898	0.1466	0.0000	0.0000	7.0371
66	0.0000	0.1110	0.1460	0.0000	0.0000	7.2569
67	0.0000	0.1398	0.1466	0.0000	0.0000	7.1921
68	0.0010	0.1748	0.1453	0.0000	0.0000	7.7515
69	0.0000	0.1914	0.1428	0.0000	0.0000	7.7175
70	0.0026	0.2193	0.1466	0.0000	0.0000	7.5897
71	0.0035	0.0000	0.1440	0.0000	0.0000	6.7670
72	0.0016	0.0043	0.1447	0.0000	0.0000	7.8498
73	0.0000	0.0152	0.1434	0.0000	0.0000	8.0826
74	0.0054	0.0000	0.1460	0.0000	0.0000	7.9149
75	0.0280	0.0000	0.1434	0.0000	0.0000	8.1084
76	0.0315	0.0029	0.1453	0.0000	0.0000	8.1974
77	0.0238	0.0121	0.1453	0.0000	0.0000	8.1445
78	0.0068	0.0000	0.1473	0.0000	0.0000	8.1168
79	0.0174	0.0000	0.1460	0.0000	0.0000	8.1243
80	0.0749	0.0000	0.1440	0.0000	0.0000	8.5007
81	0.0280	0.0000	0.1447	0.0000	0.0000	7.7326
82	0.1080	0.0000	0.1447	0.0000	0.0000	8.3213
83	0.1875	0.0000	0.1447	0.0000	0.0000	8.5284
84	0.2204	0.0000	0.1460	0.0000	0.0000	8.3851
85	0.2032	0.0000	0.1447	0.0000	0.0000	8.8131
86	0.1646	0.0000	0.1440	0.0000	0.0000	8.8226
87	0.1552	0.0000	0.1466	0.0000	0.0000	8.5235
88	0.1585	0.0000	0.1466	0.0000	0.0000	7.6529
89	0.1430	0.0000	0.1447	0.0000	0.0000	9.0934
90	0.1465	0.0000	0.1466	0.0000	0.0000	7.9173
91	0.0000	0.0255	0.1428	0.0000	0.0000	9.2224
92	0.0000	0.0450	0.1466	0.0000	0.0000	9.0283
93	0.0000	0.0784	0.1428	0.0000	0.0000	9.5724
94	0.0000	0.1047	0.1460	0.0000	0.0000	9.3917
95	0.0000	0.1370	0.1453	0.0000	0.0000	9.1590
96	0.0000	0.1673	0.1460	0.0000	0.0000	9.5466
97	0.0000	0.1910	0.1440	0.0000	0.0000	8.7113
98	0.0000	0.2116	0.1460	0.0000	0.0000	9.5075
99	0.0000	0.2216	0.1440	0.0000	0.0000	9.8521
100	0.0000	0.2102	0.1447	0.0000	0.0000	9.8516
101	0.0000	0.0000	0.1466	0.0000	0.0000	9.6148
102	0.0004	0.0000	0.1453	0.0000	0.0000	9.9783
103	0.0032	0.0000	0.1434	0.0000	0.0000	9.0215
104	0.0161	0.0030	0.1453	0.0000	0.0000	10.1356
105	0.0270	0.0136	0.1460	0.0000	0.0000	10.0053
106	0.0359	0.0062	0.1428	0.0000	0.0000	10.4063
107	0.0457	0.0007	0.1447	0.0000	0.0000	10.1243
108	0.0534	0.0133	0.1428	0.0000	0.0000	10.4990
109	0.0541	0.0233	0.1440	0.0000	0.0000	10.3427
110	0.0479	0.0485	0.1473	0.0000	0.0000	9.2726
111	0.0000	0.0103	0.1440	0.0000	0.0000	10.5649
112	0.0058	0.0274	0.1466	0.0000	0.0000	9.6327
113	0.0107	0.0546	0.1428	0.0000	0.0000	10.7480
114	0.0207	0.0717	0.1453	0.0000	0.0000	10.9679
115	0.0132	0.0909	0.1327	0.0000	0.0000	12.3718
116	0.0000	0.1195	0.1440	0.0000	0.0000	11.2167
117	0.0054	0.1604	0.1440	0.0000	0.0000	10.8435
118	0.0089	0.2171	0.1440	0.0000	0.0000	11.3081
119	0.0141	0.2584	0.1428	0.0000	0.0000	11.2515
120	0.0241	0.3271	0.1493	0.0000	0.0000	11.1979
121	0.0025	0.0058	0.1460	0.0000	0.0000	11.2604
122	0.0000	0.0300	0.1466	0.0000	0.0000	11.2598
123	0.0002	0.0509	0.1453	0.0000	0.0000	11.3648
124	0.0054	0.0637	0.1466	0.0000	0.0000	11.6105
125	0.0000	0.0657	0.1440	0.0000	0.0000	10.7885
126	0.0010	0.0777	0.1460	0.0000	0.0000	11.5849
127	0.0000	0.0820	0.1453	0.0000	0.0000	11.8695
128	0.0000	0.0843	0.1440	0.0000	0.0000	11.9733
129	0.0000	0.0760	0.1453	0.0000	0.0000	10.9908
130	0.0000	0.0507	0.1370	0.0000	0.0000	13.1490
131	0.0060	0.0000	0.1440	0.0000	0.0000	11.3492
132	0.0346	0.0000	0.1364	0.0000	0.0000	13.2349
133	0.0773	0.0000	0.1473	0.0000	0.0000	12.0067
134	0.1100	0.0000	0.1460	0.0000	0.0000	12.2403
135	0.1351	0.0000	0.1440	0.0000	0.0000	11.4116
136	0.1701	0.0000	0.1460	0.0000	0.0000	12.1397
137	0.1907	0.0000	0.1434	0.0000	0.0000	12.7872
138	0.2172	0.0000	0.1402	0.0000	0.0000	13.2497
139	0.2401	0.0000	0.1428	0.0000	0.0000	12.0512
140	0.3003	0.0000	0.1453	0.0000	0.0000	12.7732
141	0.0000	0.0000	0.1453	0.0000	0.0000	12.8997
142	0.0300	0.0000	0.1486	0.0000	0.0000	12.6492
143	0.0700	0.0000	0.1434	0.0000	0.0000	13.0920
144	0.1163	0.0000	0.1460	0.0000	0.0000	12.9876
145	0.1506	0.0000	0.1434	0.0000	0.0000	13.1819
146	0.1948	0.0000	0.1460	0.0000	0.0000	13.2080
147	0.2370	0.0000	0.1453	0.0000	0.0000	13.0414
148	0.2892	0.0000	0.1479	0.0000	0.0000	13.1935
149	0.3153	0.0000	0.1453	0.0000	0.0000	12.5786
150	0.3777	0.0000	0.1473	0.0000	0.0000	13.4470
151	0.4356	0.0000	0.1453	0.0000	0.0000	13.6938
152	0.5156	0.0000	0.1460	0.0000	0.0000	12.7333
153	0.6081	0.0000	0.1447	0.0000	0.0000	12.6571
154	0.7059	0.0000	0.1460	0.0000	0.0000	13.9149
155	0.8006	0.0000	0.1428	0.0000	0.0000	13.1071
156	0.8668	0.0000	0.1460	0.0000	0.0000	14.0554
157	0.9690	0.0000	0.1473	0.0000	0.0000	13.8453
158	1.0685	0.0000	0.1453	0.0000	0.0000	14.1568
159	1.1441	0.0000	0.1460	0.0000	0.0000	14.1406
160	1.2501	0.0000	0.1383	0.0000	0.0000	15.2068
1	0.0000	0.0000	0.1428	0.0000	0.0000	0.0000
2	0.0000	0.0000	0.1447	0.0000	0.0000	0.0000
3	0.0001	0.0000	0.1453	0.0000	0.0000	0.0000
4	0.0003	0.0000	0.1358	0.0000	0.0000	0.0000
5	0.0006	0.0000	0.1440	0.0000	0.0000	0.0000
6	0.0012	0.0000	0.1466	0.0000	0.0000	0.0000
7	0.0019	0.0000	0.1440	0.0000	0.0000	0.0000
8	0.0026	0.0023	0.1473	0.0000	0.0000	0.0000
9	0.0035	0.0082	0.1428	0.0000	0.0000	0.0000
10	0.0042	0.0129	0.1358	0.0000	0.0000	0.0000
11	1.2410	1.5390	0.1447	0.0000	0.0000	2.1553
12	1.2409	1.5389	0.1447	0.0000	0.0000	3.0542
13	1.2409	1.5389	0.1440	0.0000	0.0000	3.4031
14	1.2409	1.5388	0.1358	0.0000	0.0000	3.5824
15	1.2412	1.5387	0.1358	0.0000	0.0000	4.5520
16	1.2415	1.5385	0.1473	0.0000	0.0000	3.1845
17	1.2419	1.5384	0.1453	0.0000	0.0000	2.1185
18	1.2425	1.5383	0.1447	0.0000	0.0000	3.6543
19	1.2430	1.5382	0.1440	0.0000	0.0000	3.8102
20	1.2436	1.5383	0.1447	0.0000	0.0000	3.9890
21	1.2741	1.5510	0.1345	0.0000	0.0000	5.0911
22	1.2744	1.5510	0.1440	0.0000	0.0000	4.0290
23	1.2747	1.5511	0.1440	0.0000	0.0000	3.9790
24	1.2751	1.5512	0.1447	0.0000	0.0000	4.2369
25	1.2755	1.5512	0.1447	0.0000	0.0000	4.2499
26	1.2759	1.5511	0.1466	0.0000	0.0000	4.3528
27	1.2764	1.5510	0.1447	0.0000	0.0000	4.3407
28	1.2771	1.5503	0.1473	0.0000	0.0000	3.4066
29	1.2780	1.5493	0.1421	0.0000	0.0000	4.6790
30	1.2790	1.5483	0.1460	0.0000	0.0000	4.5186
31	1.3257	1.5688	0.1440	0.0000	0.0000	4.5714
32	1.3253	1.5684	0.1447	0.0000	0.0000	4.7650
33	1.3247	1.5679	0.1428	0.0000	0.0000	5.2700
34	1.3240	1.5672	0.1370	0.0000	0.0000	5.9045
35	1.3220	1.5667	0.1460	0.0000	0.0000	4.7796
36	1.3213	1.5657	0.1466	0.0000	0.0000	4.9081
37	1.3213	1.5641	0.1434	0.0000	0.0000	5.1809
38	1.3216	1.5622	0.1440	0.0000	0.0000	5.4399
39	1.3226	1.5602	0.1440	0.0000	0.0000	5.4526
40	1.3243	1.5525	0.1370	0.0000	0.0000	6.2911
41	1.3181	1.5525	0.1453	0.0000	0.0000	5.5031
42	1.3185	1.5509	0.1352	0.0000	0.0000	6.2250
43	1.3186	1.5522	0.1428	0.0000	0.0000	5.8415
44	1.3172	1.5580	0.1352	0.0000	0.0000	6.8957
45	1.3116	1.5681	0.1428	0.0000	0.0000	5.9343
46	1.3023	1.5895	0.1466	0.0000	0.0000	5.4166
47	1.3007	1.6008	0.1434	0.0000	0.0000	5.9971
48	1.2986	1.6125	0.1453	0.0000	0.0000	6.0372
49	1.3069	1.6170	0.1447	0.0000	0.0000	5.8696
50	1.3088	1.6199	0.1440	0.0000	0.0000	6.4631
51	1.2741	1.5393	0.1428	0.0000	0.0000	6.2426
52	1.2698	1.5370	0.1473	0.0000	0.0000	5.9690
53	1.2748	1.5271	0.1421	0.0000	0.0000	6.4762
54	1.2883	1.5192	0.1460	0.0000	0.0000	6.2174
55	1.3046	1.4965	0.1421	0.0000	0.0000	6.5681
56	1.3230	1.4743	0.1453	0.0000	0.0000	6.4515
57	1.3355	1.4558	0.1333	0.0000	0.0000	7.6386
58	1.3647	1.4319	0.1428	0.0000	0.0000	6.9031
59	1.3793	1.4069	0.1447	0.0000	0.0000	6.8144
60	1.3877	1.3818	0.1473	0.0000	0.0000	6.6933
61	1.2911	1.3217	0.1428	0.0000	0.0000	7.3167
62	1.2784	1.3133	0.1453	0.0000	0.0000	6.9544
63	1.2628	1.3086	0.1460	0.0000	0.0000	6.9540
64	1.2511	1.3004	0.1434	0.0000	0.0000	7.4570
65	1.2457	1.2883	0.1453	0.0000	0.0000	7.0432
66	1.2367	1.2719	0.1428	0.0000	0.0000	7.6906
67	1.2353	1.2506	0.1434	0.0000	0.0000	6.4249
68	1.2385	1.2327	0.1364	0.0000	0.0000	8.4162
69	1.2264	1.2208	0.1421	0.0000	0.0000	7.6188
70	1.2332	1.1979	0.1434	0.0000	0.0000	7.9796
71	1.2553	1.4974	0.1447	0.0000	0.0000	7.6427
72	1.2304	1.4893	0.1428	0.0000	0.0000	7.9525
73	1.1950	1.4875	0.1440	0.0000	0.0000	6.8663
74	1.1868	1.4796	0.1339	0.0000	0.0000	9.4316
75	1.1471	1.4920	0.1428	0.0000	0.0000	7.9350
76	1.0857	1.4655	0.1453	0.0000	0.0000	7.9598
77	1.0505	1.4206	0.1415	0.0000	0.0000	8.1820
78	1.0424	1.4130	0.1434	0.0000	0.0000	8.5442
79	1.0131	1.4329	0.1428	0.0000	0.0000	8.1213
80	0.9548	1.4724	0.1440	0.0000	0.0000	8.6730
81	1.2409	1.5269	0.1440	0.0000	0.0000	8.3627
82	1.1645	1.5448	0.1440	0.0000	0.0000	8.6999
83	1.0381	1.6001	0.1428	0.0000	0.0000	8.5473
84	0.8653	1.6853	0.1440	0.0000	0.0000	8.7925
85	0.6472	1.8105	0.1415	0.0000	0.0000	9.0503
86	0.4624	1.9435	0.1440	0.0000	0.0000	8.7402
87	0.2605	2.1423	0.1421	0.0000	0.0000	9.1152
88	0.1047	2.3128	0.1428	0.0000	0.0000	9.2454
89	0.0000	2.4645	0.1428	0.0000	0.0000	9.0027
90	0.0000	2.6561	0.1352	0.0000	0.0000	10.2488
91	1.2506	1.5200	0.1421	0.0000	0.0000	9.4622
92	1.2372	1.5225	0.1460	0.0000	0.0000	9.0104
93	1.2159	1.5138	0.1447	0.0000	0.0000	9.3731
94	1.2007	1.5277	0.1440	0.0000	0.0000	9.4638
95	1.1635	1.5315	0.1358	0.0000	0.0000	10.4687
96	1.1285	1.5242	0.1428	0.0000	0.0000	9.6476
97	1.1036	1.5280	0.1415	0.0000	0.0000	8.9988
98	1.0726	1.5331	0.1421	0.0000	0.0000	9.8195
99	1.0236	1.5362	0.1434	0.0000	0.0000	9.9368
100	0.9792	1.5299	0.1460	0.0000	0.0000	9.8174
101	1.2778	1.5230	0.1421	0.0000	0.0000	10.1669
102	1.2786	1.5085	0.1460	0.0000	0.0000	10.0391
103	1.2922	1.4840	0.1434	0.0000	0.0000	10.1048
104	1.3069	1.4695	0.1447	0.0000	0.0000	10.1564
105	1.3303	1.4570	0.1415	0.0000	0.0000	9.6719
106	1.3545	1.4586	0.1370	0.0000	0.0000	11.1688
107	1.3803	1.4603	0.1440	0.0000	0.0000	10.2783
108	1.4019	1.4693	0.1460	0.0000	0.0000	10.4460
109	1.4213	1.4829	0.1453	0.0000	0.0000	10.3932
110	1.4444	1.4965	0.1352	0.0000	0.0000	11.8058
111	1.2493	1.5510	0.1447	0.0000	0.0000	10.6762
112	1.2294	1.5510	0.1434	0.0000	0.0000	10.7164
113	1.2115	1.5485	0.1428	0.0000	0.0000	11.1294
114	1.1916	1.5373	0.1345	0.0000	0.0000	12.0002
115	1.1834	1.5362	0.1428	0.0000	0.0000	11.1578
116	1.1755	1.5290	0.1440	0.0000	0.0000	11.2111
117	1.1497	1.5198	0.1428	0.0000	0.0000	11.3206
118	1.1398	1.5037	0.1466	0.0000	0.0000	10.9959
119	1.1220	1.4739	0.1440	0.0000	0.0000	11.3858
120	1.1132	1.4357	0.1453	0.0000	0.0000	11.4216
121	1.2647	1.5908	0.1453	0.0000	0.0000	11.5000
122	1.2690	1.5859	0.1466	0.0000	0.0000	11.4208
123	1.2834	1.5761	0.1453	0.0000	0.0000	11.4612
124	1.3016	1.5654	0.1466	0.0000	0.0000	10.8116
125	1.3046	1.5605	0.1333	0.0000	0.0000	13.0651
126	1.3098	1.5365	0.1460	0.0000	0.0000	12.0095
127	1.3079	1.5026	0.1428	0.0000	0.0000	12.1505
128	1.3039	1.4546	0.1460	0.0000	0.0000	12.0991
129	1.3020	1.4020	0.1440	0.0000	0.0000	12.2150
130	1.3172	1.3293	0.1377	0.0000	0.0000	13.2526
131	1.3442	1.2427	0.1440	0.0000	0.0000	12.3066
132	1.3586	1.2141	0.1453	0.0000	0.0000	11.2333
133	1.4026	1.1575	0.1434	0.0000	0.0000	12.4951
134	1.4289	1.0962	0.1460	0.0000	0.0000	11.3128
135	1.4501	1.0337	0.1345	0.0000	0.0000	13.7156
136	1.4722	0.9565	0.1460	0.0000	0.0000	12.4196
137	1.4786	0.8736	0.1466	0.0000	0.0000	12.4833
138	1.4914	0.7690	0.1460	0.0000	0.0000	12.7683
139	1.4870	0.6583	0.1460	0.0000	0.0000	12.7808
140	1.4850	0.5537	0.1383	0.0000	0.0000	13.7163
141	1.4827	0.4483	0.1428	0.0000	0.0000	13.1309
142	1.4665	0.3488	0.1453	0.0000	0.0000	13.2877
143	1.4683	0.2433	0.1440	0.0000	0.0000	13.0033
144	1.4537	0.1554	0.1453	0.0000	0.0000	12.4037
145	1.4362	0.0512	0.1440	0.0000	0.0000	13.4669
146	1.4232	0.0000	0.1466	0.0000	0.0000	13.1028
147	1.3917	0.0000	0.1440	0.0000	0.0000	13.6221
148	1.3581	0.0000	0.1466	0.0000	0.0000	13.5182
149	1.3426	0.0000	0.1428	0.0000	0.0000	13.8684
150	1.2971	0.0000	0.1473	0.0000	0.0000	13.4667
151	1.2590	0.0230	0.1428	0.0000	0.0000	13.0729
152	1.2590	0.0230	0.1352	0.0000	0.0000	14.8866
153	1.2544	0.0074	0.1440	0.0000	0.0000	14.0284
154	1.2488	0.0000	0.1440	0.0000	0.0000	14.0426
155	1.2411	0.0000	0.1440	0.0000	0.0000	14.2498
156	1.2435	0.0000	0.1460	0.0000	0.0000	14.1584
157	1.2470	0.0000	0.1447	0.0000	0.0000	14.1818
158	1.2634	0.0000	0.1453	0.0000	0.0000	14.2457
159	1.2739	0.0000	0.1434	0.0000	0.0000	14.6863
160	1.2957	0.0000	0.1383	0.0000	0.0000	15.3760
1	0.0000	0.0000	0.0000	0.0000	0.0000	0.0000
2	0.0000	0.0000	0.1466	0.0000	0.0000	0.0000
3	0.0000	0.0000	0.1453	0.0000	0.0000	0.0000
4	0.0000	0.0000	0.1453	0.0000	0.0000	0.0000
5	0.0000	0.0000	0.1440	0.0000	0.0000	0.0000
6	0.0000	0.0000	0.1453	0.0000	0.0000	0.0000
7	0.0000	0.0000	0.1440	0.0000	0.0000	0.0000
8	0.0000	0.0000	0.1364	0.0000	0.0000	0.0000
9	0.0000	0.0000	0.1453	0.0000	0.0000	0.0000
10	0.0000	0.0000	0.1440	0.0000	0.0000	0.0000
11	1.2359	1.5238	0.1434	0.0000	0.0000	3.1305
12	1.2353	1.5231	0.1440	0.0000	0.0000	3.3242
13	1.2343	1.5219	0.1447	0.0000	0.0000	3.2601
14	1.2329	1.5204	0.1440	0.0000	0.0000	3.4151
15	1.2312	1.5184	0.1440	0.0000	0.0000	3.6227
16	1.2290	1.5162	0.1447	0.0000	0.0000	3.6225
17	1.2264	1.5135	0.1440	0.0000	0.0000	3.5199
18	1.2235	1.5104	0.1466	0.0000	0.0000	3.6738
19	1.2202	1.5071	0.1447	0.0000	0.0000	3.5344
20	1.2172	1.5041	0.1473	0.0000	0.0000	2.7771
21	1.2537	1.5157	0.1460	0.0000	0.0000	3.7760
22	1.2531	1.5151	0.1370	0.0000	0.0000	4.9929
23	1.2522	1.5142	0.1421	0.0000	0.0000	4.4629
24	1.2508	1.5130	0.1460	0.0000	0.0000	3.0600
25	1.2492	1.5113	0.1358	0.0000	0.0000	5.1870
26	1.2480	1.5087	0.1428	0.0000	0.0000	4.4304
27	1.2463	1.5056	0.1440	0.0000	0.0000	4.2906
28	1.2446	1.5023	0.1434	0.0000	0.0000	4.6391
29	1.2423	1.4989	0.1440	0.0000	0.0000	4.6396
30	1.2403	1.4959	0.1434	0.0000	0.0000	4.7143
31	1.2588	1.5169	0.1339	0.0000	0.0000	5.8667
32	1.2585	1.5157	0.1453	0.0000	0.0000	4.8333
33	1.2576	1.5136	0.1434	0.0000	0.0000	4.8862
34	1.2569	1.5102	0.1447	0.0000	0.0000	4.9379
35	1.2557	1.5061	0.1421	0.0000	0.0000	5.1321
36	1.2540	1.5021	0.1460	0.0000	0.0000	4.9384
37	1.2518	1.4984	0.1440	0.0000	0.0000	4.9923
38	1.2489	1.4955	0.1447	0.0000	0.0000	5.3801
39	1.2457	1.4930	0.1447	0.0000	0.0000	5.3936
40	1.2423	1.4914	0.1453	0.0000	0.0000	4.3613
41	1.2516	1.5150	0.1453	0.0000	0.0000	5.4572
42	1.2471	1.5039	0.1447	0.0000	0.0000	5.4836
43	1.2371	1.4944	0.1453	0.0000	0.0000	5.3567
44	1.2326	1.4838	0.1421	0.0000	0.0000	5.0017
45	1.2279	1.4740	0.1345	0.0000	0.0000	6.8105
46	1.2224	1.4647	0.1428	0.0000	0.0000	6.1613
47	1.2176	1.4584	0.1447	0.0000	0.0000	5.7495
48	1.2122	1.4519	0.1428	0.0000	0.0000	6.1886
49	1.2003	1.4445	0.1440	0.0000	0.0000	6.0479
50	1.1855	1.4403	0.1473	0.0000	0.0000	6.0434
51	1.2739	1.5219	0.1434	0.0000	0.0000	6.3785
52	1.2769	1.5198	0.1434	0.0000	0.0000	5.5678
53	1.2837	1.5182	0.1333	0.0000	0.0000	7.6202
54	1.2961	1.5137	0.1460	0.0000	0.0000	6.1766
55	1.3084	1.5040	0.1434	0.0000	0.0000	5.6204
56	1.3268	1.4953	0.1434	0.0000	0.0000	6.7100
57	1.3613	1.4731	0.1428	0.0000	0.0000	6.8661
58	1.3956	1.4420	0.1447	0.0000	0.0000	6.8409
59	1.4351	1.4042	0.1434	0.0000	0.0000	6.7522
60	1.4656	1.3787	0.1453	0.0000	0.0000	6.8389
61	1.2937	1.5309	0.1364	0.0000	0.0000	7.9729
62	1.2857	1.5222	0.1453	0.0000	0.0000	6.9795
63	1.2696	1.5116	0.1415	0.0000	0.0000	7.3931
64	1.2501	1.5129	0.1364	0.0000	0.0000	8.0787
65	1.2335	1.5187	0.1402	0.0000	0.0000	7.5753
66	1.2173	1.5224	0.1447	0.0000	0.0000	7.2438
67	1.2171	1.5202	0.1440	0.0000	0.0000	7.2721
68	1.2180	1.5319	0.1447	0.0000	0.0000	7.4665
69	1.2146	1.5431	0.1428	0.0000	0.0000	6.8899
70	1.2059	1.5547	0.1460	0.0000	0.0000	7.4519
71	1.2979	1.5116	0.1434	0.0000	0.0000	7.9710
72	1.2965	1.4991	0.1434	0.0000	0.0000	7.8559
73	1.2852	1.4815	0.1428	0.0000	0.0000	8.0761
74	1.2882	1.4487	0.1440	0.0000	0.0000	7.9993
75	1.2813	1.4113	0.1428	0.0000	0.0000	8.1680
76	1.2857	1.3833	0.1460	0.0000	0.0000	7.8572
77	1.2855	1.3449	0.1440	0.0000	0.0000	8.3630
78	1.3049	1.3038	0.1460	0.0000	0.0000	8.2715
79	1.3039	1.2554	0.1440	0.0000	0.0000	8.4531
80	1.3244	1.1938	0.1466	0.0000	0.0000	8.3328
81	1.2722	1.5161	0.1434	0.0000	0.0000	8.6544
82	1.2304	1.5168	0.1453	0.0000	0.0000	8.4347
83	1.2150	1.4744	0.1421	0.0000	0.0000	8.5806
84	1.2386	1.4384	0.1440	0.0000	0.0000	8.0482
85	1.3039	1.4334	0.1339	0.0000	0.0000	10.1712
86	1.3791	1.4736	0.1460	0.0000	0.0000	8.8657
87	1.4703	1.5612	0.1434	0.0000	0.0000	8.9320
88	1.5876	1.6935	0.1364	0.0000	0.0000	10.1727
89	1.7512	1.8419	0.1428	0.0000	0.0000	9.4904
90	1.8725	1.9306	0.1358	0.0000	0.0000	10.3743
91	1.2718	1.4707	0.1434	0.0000	0.0000	9.2809
92	1.2816	1.4117	0.1428	0.0000	0.0000	9.4362
93	1.2415	1.3893	0.1428	0.0000	0.0000	9.4505
94	1.2068	1.4083	0.1434	0.0000	0.0000	9.5157
95	1.2041	1.3993	0.1440	0.0000	0.0000	9.5811
96	1.1722	1.3924	0.1473	0.0000	0.0000	9.2681
97	1.1150	1.4316	0.1440	0.0000	0.0000	9.7364
98	1.0999	1.4447	0.1447	0.0000	0.0000	10.0608
99	1.0645	1.4479	0.1460	0.0000	0.0000	9.5302
100	1.0534	1.4560	0.1434	0.0000	0.0000	10.0965
101	1.2630	1.5200	0.1440	0.0000	0.0000	9.9537
102	1.2650	1.5300	0.1358	0.0000	0.0000	10.8954
103	1.2530	1.5300	0.1421	0.0000	0.0000	10.3441
104	1.2579	1.5240	0.1447	0.0000	0.0000	10.3075
105	1.2752	1.5200	0.1428	0.0000	0.0000	10.2960
106	1.2869	1.5042	0.1473	0.0000	0.0000	9.9417
107	1.2977	1.4790	0.1434	0.0000	0.0000	10.5517
108	1.2993	1.4599	0.1447	0.0000	0.0000	10.6692
109	1.3016	1.4267	0.1434	0.0000	0.0000	10.7080
110	1.3034	1.3874	0.1345	0.0000	0.0000	11.8337
111	1.2490	1.4960	0.1453	0.0000	0.0000	10.6654
112	1.2193	1.5220	0.1447	0.0000	0.0000	10.7564
113	1.1981	1.5420	0.1421	0.0000	0.0000	10.8872
114	1.1737	1.5440	0.1453	0.0000	0.0000	10.8352
115	1.1530	1.5480	0.1415	0.0000	0.0000	10.4905
116	1.1423	1.5580	0.1364	0.0000	0.0000	12.1285
117	1.1400	1.5582	0.1434	0.0000	0.0000	11.4990
118	1.1336	1.5578	0.1460	0.0000	0.0000	11.0723
119	1.1343	1.5650	0.1358	0.0000	0.0000	12.3117
120	1.1404	1.5745	0.1434	0.0000	0.0000	11.5256
121	1.2390	1.4909	0.1434	0.0000	0.0000	10.6554
122	1.2390	1.4777	0.1421	0.0000	0.0000	11.9668
123	1.2410	1.4626	0.1434	0.0000	0.0000	11.6973
124	1.2428	1.4495	0.1466	0.0000	0.0000	11.6446
125	1.2368	1.4520	0.1428	0.0000	0.0000	11.8027
126	1.2303	1.4573	0.1453	0.0000	0.0000	11.8124
127	1.2185	1.4627	0.1358	0.0000	0.0000	12.9080
128	1.2088	1.4538	0.1428	0.0000	0.0000	12.4096
129	1.1950	1.4383	0.1453	0.0000	0.0000	11.8558
130	1.1854	1.4263	0.1453	0.0000	0.0000	12.1121
131	1.2290	1.5374	0.1440	0.0000	0.0000	12.2805
132	1.2290	1.5346	0.1460	0.0000	0.0000	12.3841
133	1.2455	1.5153	0.1352	0.0000	0.0000	13.4381
134	1.2681	1.4843	0.1453	0.0000	0.0000	12.5548
135	1.2833	1.4421	0.1434	0.0000	0.0000	11.8473
136	1.2891	1.4236	0.1440	0.0000	0.0000	12.7229
137	1.3063	1.3950	0.1440	0.0000	0.0000	12.8659
138	1.3335	1.3735	0.1466	0.0000	0.0000	12.6962
139	1.3626	1.3315	0.1434	0.0000	0.0000	13.0979
140	1.3976	1.2636	0.1460	0.0000	0.0000	12.0980
141	1.4218	1.2292	0.1447	0.0000	0.0000	12.9379
142	1.4728	1.1566	0.1453	0.0000	0.0000	13.0027
143	1.5286	1.0632	0.1415	0.0000	0.0000	13.4808
144	1.5841	0.9519	0.1440	0.0000	0.0000	13.3157
145	1.6417	0.8373	0.1447	0.0000	0.0000	13.2521
146	1.6972	0.6874	0.1447	0.0000	0.0000	12.3188
147	1.7347	0.5474	0.1434	0.0000	0.0000	13.5002
148	1.7760	0.3935	0.1428	0.0000	0.0000	13.8490
149	1.8194	0.2399	0.1460	0.0000	0.0000	12.5847
150	1.8509	0.1160	0.1453	0.0000	0.0000	13.8095
151	1.2461	1.4939	0.1428	0.0000	0.0000	12.9734
152	1.2457	1.4733	0.1453	0.0000	0.0000	13.7552
153	1.2469	1.4266	0.1447	0.0000	0.0000	13.9758
154	1.2611	1.3739	0.1460	0.0000	0.0000	14.0265
155	1.2716	1.3232	0.1466	0.0000	0.0000	13.7019
156	1.2966	1.2626	0.1453	0.0000	0.0000	14.1292
157	1.3248	1.2009	0.1428	0.0000	0.0000	13.3166
158	1.3563	1.1495	0.1370	0.0000	0.0000	15.2201
159	1.3986	1.1201	0.1428	0.0000	0.0000	14.6133
160	1.4283	1.1012	0.1466	0.0000	0.0000	14.4046
161	1.2430	1.4760	0.1345	0.0000	0.0000	15.8055
162	1.2362	1.4359	0.1453	0.0000	0.0000	14.5888
163	1.2441	1.3790	0.1447	0.0000	0.0000	13.6049
164	1.2530	1.2962	0.1460	0.0000	0.0000	14.8634
165	1.2622	1.2251	0.1447	0.0000	0.0000	14.7567
166	1.2794	1.1443	0.1358	0.0000	0.0000	16.0330
167	1.2999	1.0654	0.1434	0.0000	0.0000	14.9407
168	1.3304	0.9886	0.1460	0.0000	0.0000	14.8360
169	1.3429	0.9173	0.1415	0.0000	0.0000	15.2629
170	1.3534	0.8470	0.1466	0.0000	0.0000	15.0441
171	1.3721	0.7849	0.1453	0.0000	0.0000	15.3433
172	1.3721	0.7849	0.1453	0.0000	0.0000	15.3433
173	1.3856	0.7049	0.1434	0.0000	0.0000	15.4600
174	1.3939	0.5954	0.1460	0.0000	0.0000	15.3566
175	1.4004	0.4618	0.1415	0.0000	0.0000	15.7201
176	1.4106	0.3146	0.1473	0.0000	0.0000	15.4877
177	1.4232	0.1592	0.1402	0.0000	0.0000	15.1471
178	1.4099	0.0011	0.1453	0.0000	0.0000	15.6847
179	1.4065	0.0000	0.1408	0.0000	0.0000	16.3037
180	1.3972	0.0000	0.1493	0.0000	0.0000	15.5637
181	1.3658	0.0000	0.1383	0.0000	0.0000	16.9576
182	1.3330	0.0000	0.1460	0.0000	0.0000	16.1122
183	1.2924	0.0000	0.1479	0.0000	0.0000	14.8708
184	1.2604	0.0000	0.1493	0.0000	0.0000	15.1367
185	1.1986	0.0000	0.1473	0.0000	0.0000	16.2884
186	1.1263	0.0000	0.1493	0.0000	0.0000	16.1278
187	1.0440	0.0000	0.1486	0.0000	0.0000	16.2825
188	0.9777	0.0000	0.1473	0.0000	0.0000	16.5814
189	0.9120	0.0000	0.1421	0.0000	0.0000	17.4768
190	0.8734	0.0000	0.1486	0.0000	0.0000	16.7066
1	0.0001	0.0000	0.1428	0.0000	0.0000	0.0000
2	0.0003	0.0001	0.1453	0.0000	0.0000	0.0000
3	0.0006	0.0003	0.1339	0.0000	0.0000	0.0000
4	0.0011	0.0007	0.1447	0.0000	0.0000	0.0000
5	0.0017	0.0010	0.1440	0.0000	0.0000	0.0000
6	0.0025	0.0015	0.1453	0.0000	0.0000	0.0000
7	0.0034	0.0021	0.1408	0.0000	0.0000	0.0000
8	0.0045	0.0029	0.1440	0.0000	0.0000	0.0000
9	0.0057	0.0037	0.1440	0.0000	0.0000	0.0000
10	0.0069	0.0045	0.1428	0.0000	0.0000	0.0000
11	1.3381	1.5661	0.1428	0.0000	0.0000	3.2085
12	1.3383	1.5663	0.1447	0.0000	0.0000	2.2961
13	1.3386	1.5667	0.1352	0.0000	0.0000	4.2782
14	1.3390	1.5672	0.1428	0.0000	0.0000	3.7693
15	1.3397	1.5681	0.1428	0.0000	0.0000	3.4606
16	1.3406	1.5691	0.1466	0.0000	0.0000	3.3943
17	1.3417	1.5702	0.1408	0.0000	0.0000	3.7835
18	1.3430	1.5716	0.1453	0.0000	0.0000	3.7073
19	1.3447	1.5730	0.1428	0.0000	0.0000	3.7094
20	1.3465	1.5746	0.1440	0.0000	0.0000	3.9542
21	1.3485	1.5762	0.1453	0.0000	0.0000	3.6841
22	1.3508	1.5780	0.1447	0.0000	0.0000	3.1452
23	1.3536	1.5796	0.1352	0.0000	0.0000	5.2576
24	1.3564	1.5813	0.1447	0.0000	0.0000	4.0635
25	1.3594	1.5835	0.1447	0.0000	0.0000	4.2705
26	1.3624	1.5857	0.1440	0.0000	0.0000	4.2970
27	1.3656	1.5881	0.1434	0.0000	0.0000	4.4526
28	1.3693	1.5906	0.1415	0.0000	0.0000	4.8261
29	1.3732	1.5932	0.1447	0.0000	0.0000	4.4537
30	1.3757	1.5950	0.1440	0.0000	0.0000	4.6423
31	1.3312	1.5541	0.1440	0.0000	0.0000	4.7863
32	1.3316	1.5544	0.1434	0.0000	0.0000	5.2024
33	1.3319	1.5549	0.1421	0.0000	0.0000	4.7906
34	1.3320	1.5503	0.1453	0.0000	0.0000	4.9323
35	1.3320	1.5442	0.1434	0.0000	0.0000	4.9055
36	1.3325	1.5369	0.1440	0.0000	0.0000	5.1635
37	1.3338	1.5298	0.1415	0.0000	0.0000	5.6150
38	1.3354	1.5229	0.1473	0.0000	0.0000	4.7362
39	1.3374	1.5152	0.1447	0.0000	0.0000	5.2554
40	1.3390	1.5092	0.1440	0.0000	0.0000	4.5081
41	1.3193	1.5419	0.1453	0.0000	0.0000	5.0632
42	1.3197	1.5425	0.1447	0.0000	0.0000	4.6518
43	1.3210	1.5427	0.1327	0.0000	0.0000	6.8040
44	1.3202	1.5447	0.1434	0.0000	0.0000	5.7258
45	1.3175	1.5474	0.1434	0.0000	0.0000	5.8693
46	1.3149	1.5497	0.1440	0.0000	0.0000	5.8056
47	1.3125	1.5528	0.1453	0.0000	0.0000	5.6640
48	1.3111	1.5536	0.1434	0.0000	0.0000	6.2978
49	1.3089	1.5548	0.1453	0.0000	0.0000	5.8841
50	1.3062	1.5574	0.1434	0.0000	0.0000	6.1946
51	1.3065	1.5622	0.1453	0.0000	0.0000	6.2180
52	1.3090	1.5694	0.1453	0.0000	0.0000	5.9736
53	1.3125	1.5752	0.1434	0.0000	0.0000	6.3493
54	1.3165	1.5730	0.1428	0.0000	0.0000	5.7463
55	1.3214	1.5716	0.1339	0.0000	0.0000	7.5804
56	1.3251	1.5740	0.1352	0.0000	0.0000	7.5745
57	1.3223	1.5784	0.1440	0.0000	0.0000	6.7171
58	1.3204	1.5831	0.1447	0.0000	0.0000	5.8311
59	1.3246	1.5871	0.1447	0.0000	0.0000	6.7979
60	1.3314	1.5904	0.1434	0.0000	0.0000	6.9660
61	1.3377	1.5194	0.1421	0.0000	0.0000	7.3777
62	1.3394	1.5228	0.1453	0.0000	0.0000	7.0038
63	1.3431	1.5265	0.1415	0.0000	0.0000	6.1650
64	1.3532	1.5294	0.1352	0.0000	0.0000	8.2572
65	1.3560	1.5332	0.1408	0.0000	0.0000	7.7209
66	1.3660	1.5330	0.1440	0.0000	0.0000	6.6529
67	1.3789	1.5361	0.1434	0.0000	0.0000	7.3791
68	1.3908	1.5443	0.1447	0.0000	0.0000	7.6893
69	1.4070	1.5503	0.1428	0.0000	0.0000	8.0645
70	1.4212	1.5537	0.1440	0.0000	0.0000	6.8255
71	1.3218	1.5261	0.1345	0.0000	0.0000	8.8680
72	1.3118	1.5361	0.1421	0.0000	0.0000	8.2328
73	1.2973	1.5513	0.1428	0.0000	0.0000	7.0333
74	1.2869	1.5600	0.1358	0.0000	0.0000	8.8939
75	1.2765	1.5682	0.1428	0.0000	0.0000	8.1370
76	1.2668	1.5832	0.1428	0.0000	0.0000	8.6691
77	1.2605	1.5876	0.1447	0.0000	0.0000	7.9335
78	1.2503	1.5919	0.1453	0.0000	0.0000	8.4495
79	1.2376	1.6004	0.1440	0.0000	0.0000	8.2946
80	1.2236	1.6055	0.1421	0.0000	0.0000	8.9117
81	1.3382	1.5509	0.1415	0.0000	0.0000	8.5520
82	1.3442	1.5462	0.1428	0.0000	0.0000	8.7975
83	1.3546	1.5432	0.1415	0.0000	0.0000	8.7097
84	1.3505	1.5536	0.1428	0.0000	0.0000	8.9561
85	1.3460	1.5464	0.1415	0.0000	0.0000	8.9327
86	1.3436	1.5547	0.1440	0.0000	0.0000	8.2601
87	1.3390	1.5807	0.1434	0.0000	0.0000	8.8591
88	1.3495	1.6079	0.1440	0.0000	0.0000	8.4177
89	1.3653	1.6159	0.1434	0.0000	0.0000	8.1853
90	1.3813	1.6242	0.1460	0.0000	0.0000	9.1407
91	1.2928	1.5324	0.1440	0.0000	0.0000	9.1941
92	1.2752	1.5411	0.1421	0.0000	0.0000	9.5046
93	1.2667	1.5441	0.1434	0.0000	0.0000	9.3650
94	1.2598	1.5405	0.1339	0.0000	0.0000	10.6460
95	1.2339	1.5631	0.1428	0.0000	0.0000	8.9075
96	1.2102	1.5812	0.1440	0.0000	0.0000	8.9571
97	1.1824	1.6053	0.1352	0.0000	0.0000	10.8003
98	1.1501	1.6248	0.1428	0.0000	0.0000	9.9673
99	1.1296	1.6490	0.1428	0.0000	0.0000	10.0472
100	1.1151	1.6620	0.1440	0.0000	0.0000	9.8907
101	1.3494	1.5927	0.1428	0.0000	0.0000	10.1242
102	1.3465	1.6023	0.1434	0.0000	0.0000	10.3833
103	1.3347	1.6176	0.1434	0.0000	0.0000	9.9485
104	1.3332	1.6305	0.1453	0.0000	0.0000	10.1778
105	1.3428	1.6353	0.1415	0.0000	0.0000	10.5918
106	1.3363	1.6534	0.1447	0.0000	0.0000	9.5888
107	1.3411	1.6618	0.1327	0.0000	0.0000	11.9348
108	1.3272	1.6878	0.1440	0.0000	0.0000	10.7158
109	1.2917	1.7336	0.1434	0.0000	0.0000	10.6791
110	1.2451	1.8034	0.1333	0.0000	0.0000	12.1474
111	1.3467	1.5250	0.1434	0.0000	0.0000	10.9343
112	1.3871	1.4853	0.1434	0.0000	0.0000	10.9484
113	1.4426	1.4351	0.1402	0.0000	0.0000	11.4768
114	1.5016	1.3720	0.1440	0.0000	0.0000	10.9650
115	1.5579	1.3314	0.1408	0.0000	0.0000	11.4284
116	1.6129	1.2808	0.1460	0.0000	0.0000	11.0171
117	1.6859	1.2150	0.1408	0.0000	0.0000	11.7142
118	1.7211	1.1844	0.1440	0.0000	0.0000	11.1509
119	1.7691	1.1617	0.1428	0.0000	0.0000	10.5067
120	1.8030	1.1555	0.1333	0.0000	0.0000	12.5834
121	1.3573	1.5131	0.1421	0.0000	0.0000	11.7979
122	1.3712	1.5313	0.1466	0.0000	0.0000	11.2683
123	1.3931	1.5662	0.1434	0.0000	0.0000	11.8003
124	1.4501	1.6030	0.1434	0.0000	0.0000	12.0717
125	1.5086	1.6298	0.1428	0.0000	0.0000	12.0334
126	1.5667	1.6516	0.1473	0.0000	0.0000	11.6307
127	1.6286	1.6717	0.1408	0.0000	0.0000	12.2278
128	1.6812	1.6877	0.1453	0.0000	0.0000	12.0870
129	1.7409	1.7013	0.1434	0.0000	0.0000	12.0766
130	1.7879	1.7067	0.1453	0.0000	0.0000	11.2607
131	1.2959	1.5467	0.1440	0.0000	0.0000	12.1255
132	1.2559	1.5427	0.1447	0.0000	0.0000	12.3841
133	1.2351	1.5336	0.1447	0.0000	0.0000	12.3829
134	1.2046	1.5382	0.1428	0.0000	0.0000	12.8866
135	1.1739	1.5393	0.1447	0.0000	0.0000	12.4746
136	1.1336	1.5557	0.1434	0.0000	0.0000	12.7717
137	1.1032	1.5671	0.1428	0.0000	0.0000	12.7991
138	1.0759	1.5752	0.1421	0.0000	0.0000	13.3416
139	1.0526	1.5890	0.1339	0.0000	0.0000	13.9530
140	1.0351	1.6006	0.1440	0.0000	0.0000	13.0580
141	1.3016	1.4961	0.1440	0.0000	0.0000	13.1364
142	1.3139	1.4635	0.1434	0.0000	0.0000	13.2273
143	1.3301	1.4373	0.1434	0.0000	0.0000	13.3702
144	1.3399	1.4167	0.1460	0.0000	0.0000	13.1368
145	1.3359	1.4007	0.1345	0.0000	0.0000	14.5738
146	1.3394	1.3741	0.1447	0.0000	0.0000	13.5642
147	1.3457	1.3450	0.1415	0.0000	0.0000	13.7065
148	1.3493	1.3073	0.1460	0.0000	0.0000	13.4357
149	1.3452	1.2692	0.1440	0.0000	0.0000	13.5544
150	1.3307	1.2201	0.1421	0.0000	0.0000	14.3831
151	1.2997	1.4776	0.1428	0.0000	0.0000	13.9314
152	1.3367	1.4538	0.1447	0.0000	0.0000	13.9549
153	1.3747	1.4286	0.1434	0.0000	0.0000	14.1235
154	1.4155	1.4165	0.1440	0.0000	0.0000	13.3618
155	1.4787	1.3937	0.1333	0.0000	0.0000	15.3649
156	1.5600	1.3615	0.1460	0.0000	0.0000	13.9213
157	1.6351	1.3349	0.1428	0.0000	0.0000	14.5177
158	1.7060	1.3131	0.1428	0.0000	0.0000	14.7257
159	1.7573	1.2861	0.1421	0.0000	0.0000	14.6874
160	1.7841	1.2736	0.1447	0.0000	0.0000	14.5047
161	1.2823	1.5223	0.1434	0.0000	0.0000	14.6733
162	1.2670	1.5311	0.1352	0.0000	0.0000	15.8045
163	1.2244	1.5755	0.1415	0.0000	0.0000	15.1270
164	1.1765	1.6273	0.1440	0.0000	0.0000	13.9487
165	1.1176	1.6854	0.1345	0.0000	0.0000	16.0542
166	1.0555	1.7595	0.1428	0.0000	0.0000	15.1481
167	1.0295	1.7996	0.1440	0.0000	0.0000	14.2502
168	0.9904	1.8449	0.1440	0.0000	0.0000	15.3449
169	0.9221	1.9149	0.1440	0.0000	0.0000	15.1652
170	0.8859	1.9520	0.1447	0.0000	0.0000	15.5223
171	1.2841	1.4759	0.1447	0.0000	0.0000	15.3410
172	1.3006	1.4664	0.1421	0.0000	0.0000	15.8574
173	1.2997	1.4821	0.1434	0.0000	0.0000	15.4597
174	1.2855	1.5340	0.1447	0.0000	0.0000	15.5112
175	1.2536	1.5989	0.1421	0.0000	0.0000	15.7078
176	1.2013	1.6797	0.1447	0.0000	0.0000	15.7342
177	1.1125	1.7733	0.1415	0.0000	0.0000	15.0644
178	1.0059	1.8852	0.1358	0.0000	0.0000	16.9617
179	0.8852	2.0086	0.1415	0.0000	0.0000	16.4235
180	0.8105	2.0696	0.1453	0.0000	0.0000	16.2674
181	1.2812	1.5035	0.1447	0.0000	0.0000	16.0845
182	1.3165	1.4630	0.1440	0.0000	0.0000	16.1110
183	1.3713	1.4171	0.1428	0.0000	0.0000	15.2764
184	1.4098	1.4088	0.1364	0.0000	0.0000	17.4419
185	1.4328	1.4198	0.1402	0.0000	0.0000	16.9367
186	1.4795	1.4075	0.1466	0.0000	0.0000	16.4363
187	1.5199	1.3800	0.1466	0.0000	0.0000	16.2557
188	1.5286	1.3817	0.1479	0.0000	0.0000	16.5006
189	1.5437	1.3702	0.1358	0.0000	0.0000	17.2042
190	1.5799	1.3290	0.1479	0.0000	0.0000	16.4454
191	1.2523	1.5697	0.1453	0.0000	0.0000	17.0311
192	1.2220	1.6185	0.1453	0.0000	0.0000	16.9130
193	1.2209	1.6416	0.1440	0.0000	0.0000	17.0820
194	1.1844	1.6753	0.1473	0.0000	0.0000	16.9627
195	1.1012	1.7409	0.1473	0.0000	0.0000	17.3013
196	1.0086	1.7823	0.1479	0.0000	0.0000	17.2330
197	0.9468	1.8136	0.1453	0.0000	0.0000	17.4117
198	0.8614	1.8722	0.1479	0.0000	0.0000	16.7238
199	0.7975	1.9176	0.1383	0.0000	0.0000	18.5408
200	0.7422	1.9520	0.1389	0.0000	0.0000	18.9373
201	0.8415	1.4977	0.1466	0.0000	0.0000	17.8247
202	0.8470	1.4869	0.1519	0.0000	0.0000	16.4279
203	0.8440	1.4710	0.1447	0.0000	0.0000	18.0163
204	0.8192	1.4813	0.1506	0.0000	0.0000	17.7792
205	0.8083	1.4896	0.1493	0.0000	0.0000	16.9119
206	0.7875	1.4917	0.1408	0.0000	0.0000	18.9696
207	0.7621	1.4646	0.1486	0.0000	0.0000	18.3104
208	0.7115	1.4735	0.1519	0.0000	0.0000	17.8549
209	0.6389	1.4898	0.1533	0.0000	0.0000	17.8359
210	0.5817	1.5237	0.1519	0.0000	0.0000	17.9236
211	1.2504	1.5077	0.1526	0.0000	0.0000	18.3834
212	1.2629	1.4547	0.1539	0.0000	0.0000	17.9621
213	1.3190	1.3557	0.1519	0.0000	0.0000	18.3437
214	1.3955	1.2200	0.1506	0.0000	0.0000	18.9790
215	1.5078	1.0398	0.1512	0.0000	0.0000	18.5717
216	1.6615	0.8221	0.1533	0.0000	0.0000	18.4712
217	1.8289	0.5732	0.1519	0.0000	0.0000	18.7728
218	1.9627	0.3089	0.1559	0.0000	0.0000	18.6294
219	2.0868	0.0459	0.1559	0.0000	0.0000	18.5674
220	2.1616	0.0000	0.1559	0.0000	0.0000	18.6782
221	1.2329	1.5492	0.1526	0.0000	0.0000	19.1415
222	1.2297	1.5432	0.1533	0.0000	0.0000	19.1339
223	1.2607	1.4987	0.1526	0.0000	0.0000	19.2203
224	1.3267	1.4235	0.1573	0.0000	0.0000	18.6584
225	1.4106	1.3102	0.1566	0.0000	0.0000	19.1496
226	1.4760	1.1842	0.1566	0.0000	0.0000	19.5625
227	1.5267	1.0783	0.1600	0.0000	0.0000	19.0173
228	1.5791	0.9846	0.1649	0.0000	0.0000	19.0545
229	1.6755	0.9017	0.1642	0.0000	0.0000	19.1375
230	1.7783	0.8358	0.1699	0.0000	0.0000	19.1447
231	1.2184	1.4989	0.1621	0.0000	0.0000	20.1413
232	1.2105	1.4577	0.1779	0.0000	0.0000	19.0365
233	1.1627	1.3836	0.1816	0.0000	0.0000	18.9465
234	1.1140	1.3107	0.1816	0.0000	0.0000	19.2296
235	1.0492	1.2237	0.1939	0.0000	0.0000	18.7262
236	0.9762	1.1386	0.1939	0.0000	0.0000	18.5475
237	0.9390	1.0247	0.1869	0.0000	0.0000	20.1421
238	0.9167	0.9030	0.2019	0.0000	0.0000	18.8744
239	0.8877	0.7645	0.2011	0.0000	0.0000	19.1843
240	0.8764	0.6431	0.1900	0.0000	0.0000	20.3132
241	1.2638	1.5157	0.1963	0.0000	0.0000	19.3612
242	1.2991	1.5226	0.1987	0.0000	0.0000	18.3421
243	1.3474	1.5311	0.1939	0.0000	0.0000	20.2316
244	1.4304	1.5707	0.2152	0.0000	0.0000	18.7134
245	1.5400	1.5984	0.2204	0.0000	0.0000	17.8023
246	1.6684	1.6129	0.2110	0.0000	0.0000	20.5118
247	1.7966	1.5935	0.2248	0.0000	0.0000	19.0740
248	1.9624	1.5284	0.2274	0.0000	0.0000	18.8818
249	2.1266	1.4330	0.2283	0.0000	0.0000	18.6334
250	2.2637	1.3670	0.2274	0.0000	0.0000	18.9471
251	1.2252	1.5659	0.2256	0.0000	0.0000	19.1982
252	1.2261	1.6241	0.2283	0.0000	0.0000	18.6486
253	1.2588	1.7142	0.2239	0.0000	0.0000	19.5737
254	1.3366	1.7826	0.2283	0.0000	0.0000	19.0772
255	1.4478	1.8208	0.2274	0.0000	0.0000	19.1326
256	1.5790	1.8134	0.2310	0.0000	0.0000	18.8255
257	1.7370	1.7742	0.2310	0.0000	0.0000	17.9835
258	1.8650	1.7301	0.2301	0.0000	0.0000	19.4552
259	1.9901	1.6761	0.1963	0.0000	0.0000	23.5535
260	2.0642	1.6382	0.2347	0.0000	0.0000	19.3386
261	1.2432	1.5091	0.2265	0.0000	0.0000	20.7047
262	1.2914	1.4695	0.2440	0.0000	0.0000	18.5470
263	1.3297	1.4155	0.2468	0.0000	0.0000	19.1765
264	1.3717	1.3332	0.2478	0.0000	0.0000	18.9914
265	1.4351	1.2164	0.2478	0.0000	0.0000	19.0180
266	1.5031	1.0505	0.2430	0.0000	0.0000	19.6166
267	1.5847	0.8415	0.2440	0.0000	0.0000	19.1503
268	1.6887	0.6080	0.2440	0.0000	0.0000	19.0840
269	1.7847	0.3434	0.2449	0.0000	0.0000	19.4723
270	1.8672	0.1060	0.2449	0.0000	0.0000	19.7821
271	1.2234	1.5127	0.2517	0.0000	0.0000	19.1870
272	1.2313	1.5330	0.2497	0.0000	0.0000	19.2500
273	1.2154	1.5244	0.2517	0.0000	0.0000	18.9446
274	1.2062	1.4946	0.2488	0.0000	0.0000	19.6091
275	1.1892	1.5005	0.2488	0.0000	0.0000	19.5370
276	1.1844	1.5042	0.2536	0.0000	0.0000	19.2693
277	1.2083	1.5430	0.2478	0.0000	0.0000	19.3152
278	1.2068	1.6183	0.2517	0.0000	0.0000	19.3579
279	1.1987	1.6919	0.2497	0.0000	0.0000	19.2287
280	1.1942	1.7778	0.2546	0.0000	0.0000	19.2440
281	1.1956	1.4993	0.2576	0.0000	0.0000	19.4048
282	1.1723	1.4981	0.2616	0.0000	0.0000	18.7444
283	1.1558	1.4815	0.2468	0.0000	0.0000	20.8369
284	1.1066	1.4746	0.2546	0.0000	0.0000	19.8260
285	1.0685	1.4631	0.2430	0.0000	0.0000	19.4985
286	1.0648	1.4848	0.2440	0.0000	0.0000	20.6583
287	1.0469	1.5545	0.2536	0.0000	0.0000	19.4268
288	0.9966	1.6230	0.2616	0.0000	0.0000	18.2005
289	0.9417	1.6643	0.2488	0.0000	0.0000	20.9504
290	0.9229	1.6840	0.2636	0.0000	0.0000	19.6898
291	1.2290	1.5270	0.2636	0.0000	0.0000	19.6014
292	1.2530	1.5122	0.2688	0.0000	0.0000	19.8323
293	1.2787	1.4700	0.2815	0.0000	0.0000	19.0655
294	1.3318	1.4485	0.2826	0.0000	0.0000	18.7282
295	1.3720	1.4650	0.2783	0.0000	0.0000	18.9369
296	1.4129	1.5098	0.2719	0.0000	0.0000	19.5008
297	1.4582	1.5997	0.2677	0.0000	0.0000	17.8841
298	1.4657	1.6860	0.2667	0.0000	0.0000	19.5319
299	1.4774	1.7241	0.2606	0.0000	0.0000	19.6706
300	1.5053	1.7443	0.2636	0.0000	0.0000	19.3171
301	1.2476	1.5667	0.2586	0.0000	0.0000	19.6373
302	1.2439	1.5990	0.2647	0.0000	0.0000	19.6379
303	1.1921	1.6283	0.2667	0.0000	0.0000	18.2076
304	1.0903	1.6191	0.2596	0.0000	0.0000	21.1143
305	0.9686	1.5602	0.2815	0.0000	0.0000	18.9251
306	0.8808	1.4525	0.2793	0.0000	0.0000	19.0885
307	0.8119	1.3007	0.2688	0.0000	0.0000	20.7969
308	0.7421	1.1031	0.2815	0.0000	0.0000	19.6070
309	0.6646	0.9210	0.2848	0.0000	0.0000	19.0064
310	0.6043	0.8313	0.2870	0.0000	0.0000	17.5757
311	1.1973	1.5250	0.2815	0.0000	0.0000	19.9612
312	1.1818	1.5317	0.2826	0.0000	0.0000	19.0754
313	1.1674	1.5627	0.2815	0.0000	0.0000	19.2187
314	1.1739	1.5740	0.2761	0.0000	0.0000	19.6592
315	1.2056	1.5453	0.2751	0.0000	0.0000	19.1672
316	1.2097	1.4975	0.2626	0.0000	0.0000	21.2038
317	1.1941	1.4556	0.2740	0.0000	0.0000	19.6392
318	1.1962	1.4422	0.2859	0.0000	0.0000	17.3941
319	1.2329	1.4302	0.2636	0.0000	0.0000	21.5516
320	1.2748	1.4104	0.2826	0.0000	0.0000	19.0702
321	1.2477	1.4941	0.2804	0.0000	0.0000	17.9767
322	1.2955	1.4206	0.2688	0.0000	0.0000	21.0743
323	1.3871	1.2993	0.2783	0.0000	0.0000	19.8389
324	1.5131	1.1448	0.2859	0.0000	0.0000	19.0458
325	1.6237	1.0104	0.2892	0.0000	0.0000	19.4269
326	1.6916	0.8955	0.2948	0.0000	0.0000	18.8692
327	1.7609	0.7452	0.2971	0.0000	0.0000	19.1635
328	1.8412	0.5668	0.2994	0.0000	0.0000	19.0032
329	1.9336	0.3623	0.2971	0.0000	0.0000	19.5101
330	1.9806	0.2612	0.2982	0.0000	0.0000	19.0280
331	1.1968	1.4897	0.2925	0.0000	0.0000	19.4858
332	1.1963	1.4747	0.2959	0.0000	0.0000	18.8548
333	1.1970	1.4792	0.2925	0.0000	0.0000	19.6059
334	1.1565	1.5023	0.2914	0.0000	0.0000	19.4053
335	1.0947	1.5001	0.2881	0.0000	0.0000	19.5885
336	1.0624	1.4638	0.2914	0.0000	0.0000	19.3034
337	1.0116	1.4147	0.2881	0.0000	0.0000	19.3765
338	0.9824	1.3338	0.2925	0.0000	0.0000	19.4037
339	0.9802	1.2028	0.2892	0.0000	0.0000	19.2523
340	1.0108	1.0891	0.2892	0.0000	0.0000	18.8176
341	1.2307	1.5090	0.2870	0.0000	0.0000	19.5299
342	1.2910	1.4490	0.2751	0.0000	0.0000	21.1870
343	1.4012	1.3480	0.2870	0.0000	0.0000	19.4316
344	1.5535	1.2382	0.2937	0.0000	0.0000	19.1892
345	1.6892	1.1712	0.2937	0.0000	0.0000	18.9684
346	1.8276	1.1069	0.2948	0.0000	0.0000	19.2854
347	1.9599	1.0619	0.2959	0.0000	0.0000	19.0382
348	2.1110	1.0366	0.2948	0.0000	0.0000	19.1771
349	2.2580	0.9999	0.2959	0.0000	0.0000	19.0437
350	2.3856	1.0017	0.2982	0.0000	0.0000	19.1118
351	1.2006	1.5359	0.2971	0.0000	0.0000	19.2499
352	1.1545	1.5902	0.2971	0.0000	0.0000	19.5962
353	1.0791	1.6904	0.2982	0.0000	0.0000	19.0022
354	0.9572	1.7892	0.2948	0.0000	0.0000	18.9655
355	0.8015	1.8576	0.2925	0.0000	0.0000	19.2417
356	0.6250	1.9344	0.2948	0.0000	0.0000	17.4463
357	0.4737	1.9735	0.2793	0.0000	0.0000	21.0606
358	0.3083	2.0204	0.2937	0.0000	0.0000	19.2314
359	0.1516	2.1166	0.2959	0.0000	0.0000	18.8499
360	0.0160	2.2159	0.2959	0.0000	0.0000	18.6304
361	1.2499	1.5151	0.2948	0.0000	0.0000	18.8835
362	1.2768	1.4662	0.2948	0.0000	0.0000	18.0075
363	1.3269	1.3977	0.2914	0.0000	0.0000	19.5216
364	1.4037	1.2898	0.2892	0.0000	0.0000	19.4580
365	1.4397	1.1935	0.2751	0.0000	0.0000	21.6053
366	1.4375	1.1423	0.2903	0.0000	0.0000	19.4468
367	1.3908	1.1346	0.2903	0.0000	0.0000	19.6766
368	1.2988	1.1093	0.2914	0.0000	0.0000	19.3219
369	1.2222	1.0519	0.2914	0.0000	0.0000	19.4388
370	1.1794	0.9865	0.2914	0.0000	0.0000	19.3302
371	1.2304	1.5239	0.2892	0.0000	0.0000	19.8264
372	1.2205	1.5414	0.2881	0.0000	0.0000	19.6293
373	1.1735	1.5462	0.2870	0.0000	0.0000	19.6570
374	1.0829	1.5686	0.2903	0.0000	0.0000	19.1514
375	0.9490	1.6374	0.2848	0.0000	0.0000	19.7116
376	0.7935	1.7191	0.2914	0.0000	0.0000	20.0394
377	0.6465	1.7659	0.2783	0.0000	0.0000	21.0565
378	0.5450	1.7688	0.2994	0.0000	0.0000	19.2057
379	0.4908	1.7745	0.2948	0.0000	0.0000	18.4123
380	0.4564	1.7864	0.3005	0.0000	0.0000	19.0729
381	1.2560	1.4930	0.2982	0.0000	0.0000	19.3510
382	1.3280	1.4130	0.3017	0.0000	0.0000	19.5138
383	1.4425	1.2871	0.3029	0.0000	0.0000	19.1403
384	1.5632	1.1225	0.2971	0.0000	0.0000	19.6012
385	1.7083	0.9335	0.2971	0.0000	0.0000	19.8325
386	1.8879	0.7305	0.2848	0.0000	0.0000	20.9671
387	2.0536	0.5013	0.2948	0.0000	0.0000	19.5373
388	2.2326	0.2257	0.3017	0.0000	0.0000	17.1616
389	2.4570	0.0000	0.2971	0.0000	0.0000	19.4972
390	2.6643	0.0000	0.2994	0.0000	0.0000	19.2220
391	1.2016	1.5213	0.2959	0.0000	0.0000	17.9644
392	1.1785	1.4923	0.2959	0.0000	0.0000	19.8705
393	1.1359	1.4710	0.2982	0.0000	0.0000	17.9128
394	1.0941	1.4917	0.2826	0.0000	0.0000	21.3642
395	1.0137	1.5604	0.2971	0.0000	0.0000	19.5123
396	0.8981	1.6610	0.2994	0.0000	0.0000	17.7848
397	0.7628	1.7921	0.2772	0.0000	0.0000	21.1159
398	0.5795	1.9732	0.2914	0.0000	0.0000	19.8639
399	0.3598	2.1668	0.2892	0.0000	0.0000	17.9540
400	0.1954	2.2923	0.2761	0.0000	0.0000	20.9288
401	1.2530	1.5529	0.2881	0.0000	0.0000	19.7229
402	1.3021	1.6239	0.2937	0.0000	0.0000	19.2789
403	1.3198	1.6909	0.3005	0.0000	0.0000	19.0241
404	1.3213	1.7174	0.3005	0.0000	0.0000	19.6012
405	1.3299	1.7092	0.3064	0.0000	0.0000	19.4871
406	1.3264	1.7093	0.3052	0.0000	0.0000	19.2697
407	1.3064	1.6805	0.3029	0.0000	0.0000	19.1994
408	1.2809	1.6693	0.3064	0.0000	0.0000	19.1272
409	1.2041	1.6820	0.3052	0.0000	0.0000	19.2655
410	1.1262	1.7109	0.3029	0.0000	0.0000	19.8996
411	1.0555	1.7367	0.3017	0.0000	0.0000	17.5331
412	0.9417	1.7337	0.2826	0.0000	0.0000	21.8636
413	0.7909	1.7088	0.2959	0.0000	0.0000	19.5696
414	0.6723	1.7126	0.3040	0.0000	0.0000	17.8108
415	0.5449	1.7168	0.2859	0.0000	0.0000	21.2428
416	0.4173	1.6742	0.3005	0.0000	0.0000	19.5979
417	0.3336	1.6192	0.3029	0.0000	0.0000	19.0854
418	0.2822	1.5967	0.3029	0.0000	0.0000	19.3168
419	0.2303	1.5626	0.3017	0.0000	0.0000	17.7586
420	0.2089	1.4977	0.2815	0.0000	0.0000	21.4218
421	0.2158	1.4706	0.2959	0.0000	0.0000	19.6898
422	0.2643	1.4557	0.3040	0.0000	0.0000	17.8165
423	0.3402	1.4219	0.2959	0.0000	0.0000	20.5037
424	0.4446	1.3949	0.3160	0.0000	0.0000	19.2978
425	0.5532	1.3603	0.3148	0.0000	0.0000	19.1928
426	0.6409	1.2908	0.3172	0.0000	0.0000	18.8935
427	0.7413	1.2126	0.3099	0.0000	0.0000	19.6366
428	0.8620	1.1061	0.3099	0.0000	0.0000	17.1879
429	1.0299	0.9688	0.2994	0.0000	0.0000	19.1353
430	1.2398	0.8274	0.2892	0.0000	0.0000	19.6856
1	0.0001	0.0001	0.1434	0.0000	0.0000	0.0000
2	0.0004	0.0006	0.1447	0.0000	0.0000	0.0000
3	0.0009	0.0014	0.1408	0.0000	0.0000	0.0000
4	0.0016	0.0025	0.1440	0.0000	0.0000	0.0000
5	0.0023	0.0039	0.1428	0.0000	0.0000	0.0000
6	0.0031	0.0055	0.1358	0.0000	0.0000	0.0000
7	0.0039	0.0074	0.1402	0.0000	0.0000	0.0000
8	0.0047	0.0096	0.1434	0.0000	0.0000	0.0000
9	0.0056	0.0121	0.1352	0.0000	0.0000	0.0000
10	0.0063	0.0143	0.1415	0.0000	0.0000	0.0000
11	1.2901	1.5232	0.1428	0.0000	0.0000	3.1598
12	1.2902	1.5235	0.1466	0.0000	0.0000	2.9642
13	1.2903	1.5241	0.1327	0.0000	0.0000	4.5258
14	1.2906	1.5250	0.1447	0.0000	0.0000	3.4866
15	1.2909	1.5262	0.1421	0.0000	0.0000	2.7966
16	1.2913	1.5273	0.1440	0.0000	0.0000	3.6428
17	1.2919	1.5290	0.1421	0.0000	0.0000	3.8884
18	1.2926	1.5310	0.1440	0.0000	0.0000	3.7349
19	1.2934	1.5331	0.1421	0.0000	0.0000	3.9166
20	1.2944	1.5355	0.1358	0.0000	0.0000	4.6904
21	1.2820	1.5292	0.1447	0.0000	0.0000	4.0878
22	1.2822	1.5296	0.1453	0.0000	0.0000	3.7015
23	1.2823	1.5303	0.1440	0.0000	0.0000	4.0646
24	1.2825	1.5313	0.1434	0.0000	0.0000	4.2844
25	1.2827	1.5325	0.1440	0.0000	0.0000	4.2207
26	1.2830	1.5336	0.1440	0.0000	0.0000	4.2832
27	1.2836	1.5353	0.1434	0.0000	0.0000	4.1831
28	1.2842	1.5373	0.1447	0.0000	0.0000	4.4267
29	1.2851	1.5397	0.1415	0.0000	0.0000	4.6348
30	1.2861	1.5422	0.1453	0.0000	0.0000	3.6191
31	1.2365	1.5186	0.1415	0.0000	0.0000	4.8572
32	1.2361	1.5192	0.1440	0.0000	0.0000	3.9962
33	1.2363	1.5199	0.1339	0.0000	0.0000	5.7958
34	1.2367	1.5210	0.1447	0.0000	0.0000	4.9679
35	1.2376	1.5222	0.1327	0.0000	0.0000	5.5360
36	1.2383	1.5239	0.1434	0.0000	0.0000	5.2011
37	1.2386	1.5265	0.1421	0.0000	0.0000	5.3696
38	1.2395	1.5288	0.1434	0.0000	0.0000	5.4226
39	1.2408	1.5310	0.1421	0.0000	0.0000	5.3982
40	1.2444	1.5331	0.1440	0.0000	0.0000	5.4372
41	1.2832	1.4999	0.1447	0.0000	0.0000	5.3578
42	1.2813	1.5023	0.1434	0.0000	0.0000	5.6565
43	1.2809	1.5058	0.1415	0.0000	0.0000	5.6455
44	1.2807	1.5078	0.1434	0.0000	0.0000	5.8783
45	1.2816	1.5091	0.1434	0.0000	0.0000	5.5714
46	1.2840	1.5089	0.1440	0.0000	0.0000	5.8931
47	1.2858	1.5081	0.1415	0.0000	0.0000	6.3446
48	1.2863	1.5081	0.1453	0.0000	0.0000	5.7655
49	1.2875	1.5080	0.1447	0.0000	0.0000	6.1149
50	1.2873	1.5084	0.1453	0.0000	0.0000	6.2134
51	1.2713	1.5440	0.1434	0.0000	0.0000	6.2017
52	1.2731	1.5446	0.1421	0.0000	0.0000	6.4993
53	1.2742	1.5462	0.1428	0.0000	0.0000	6.3098
54	1.2746	1.5489	0.1421	0.0000	0.0000	5.9601
55	1.2749	1.5499	0.1339	0.0000	0.0000	7.4022
56	1.2774	1.5497	0.1447	0.0000	0.0000	6.5724
57	1.2812	1.5532	0.1415	0.0000	0.0000	6.9081
58	1.2856	1.5612	0.1460	0.0000	0.0000	6.5728
59	1.2868	1.5674	0.1421	0.0000	0.0000	7.0359
60	1.2894	1.5746	0.1447	0.0000	0.0000	6.8694
61	1.2531	1.4546	0.1434	0.0000	0.0000	6.9097
62	1.2523	1.4527	0.1434	0.0000	0.0000	7.1166
63	1.2484	1.4508	0.1402	0.0000	0.0000	7.3875
64	1.2423	1.4514	0.1440	0.0000	0.0000	7.1331
65	1.2367	1.4512	0.1428	0.0000	0.0000	7.3508
66	1.2310	1.4494	0.1440	0.0000	0.0000	6.3305
67	1.2239	1.4463	0.1402	0.0000	0.0000	7.6879
68	1.2140	1.4434	0.1447	0.0000	0.0000	7.4195
69	1.1996	1.4450	0.1408	0.0000	0.0000	8.0253
70	1.1849	1.4486	0.1440	0.0000	0.0000	7.6385
71	1.2864	1.5036	0.1339	0.0000	0.0000	8.9324
72	1.2895	1.5014	0.1415	0.0000	0.0000	7.9135
73	1.2891	1.5036	0.1408	0.0000	0.0000	7.3153
74	1.2885	1.5123	0.1339	0.0000	0.0000	9.1717
75	1.3002	1.5088	0.1408	0.0000	0.0000	8.2934
76	1.3134	1.4972	0.1434	0.0000	0.0000	7.9375
77	1.3186	1.4942	0.1415	0.0000	0.0000	8.3765
78	1.3181	1.4960	0.1447	0.0000	0.0000	8.4402
79	1.3368	1.4766	0.1428	0.0000	0.0000	8.2992
80	1.3544	1.4722	0.1434	0.0000	0.0000	8.5417
81	1.2605	1.5239	0.1421	0.0000	0.0000	8.5024
82	1.2268	1.5321	0.1440	0.0000	0.0000	8.5422
83	1.1784	1.5466	0.1434	0.0000	0.0000	8.5712
84	1.1257	1.5648	0.1440	0.0000	0.0000	8.8295
85	1.0730	1.5766	0.1421	0.0000	0.0000	8.8196
86	1.0243	1.6038	0.1460	0.0000	0.0000	8.6253
87	0.9675	1.6398	0.1402	0.0000	0.0000	9.1432
88	0.9015	1.6498	0.1440	0.0000	0.0000	9.1454
89	0.8294	1.6659	0.1415	0.0000	0.0000	9.2111
90	0.7769	1.6837	0.1447	0.0000	0.0000	9.1446
91	1.2633	1.5235	0.1440	0.0000	0.0000	8.3358
92	1.2762	1.5212	0.1434	0.0000	0.0000	9.3129
93	1.2952	1.5157	0.1408	0.0000	0.0000	9.4441
94	1.3112	1.5324	0.1421	0.0000	0.0000	9.6896
95	1.3257	1.5461	0.1408	0.0000	0.0000	9.5388
96	1.3307	1.5556	0.1428	0.0000	0.0000	9.7710
97	1.3444	1.5770	0.1408	0.0000	0.0000	10.1454
98	1.3804	1.5710	0.1428	0.0000	0.0000	8.9221
99	1.4150	1.5355	0.1358	0.0000	0.0000	10.6545
100	1.4531	1.4836	0.1415	0.0000	0.0000	10.2925
101	1.2736	1.5028	0.1421	0.0000	0.0000	9.8945
102	1.2835	1.4932	0.1415	0.0000	0.0000	10.1784
103	1.2931	1.4789	0.1415	0.0000	0.0000	10.2587
104	1.3114	1.4716	0.1415	0.0000	0.0000	10.7237
105	1.3330	1.4671	0.1440	0.0000	0.0000	9.9817
106	1.3621	1.4557	0.1415	0.0000	0.0000	10.5599
107	1.3879	1.4396	0.1421	0.0000	0.0000	10.4984
108	1.4293	1.4144	0.1415	0.0000	0.0000	10.9751
109	1.4654	1.3880	0.1421	0.0000	0.0000	10.5287
110	1.4814	1.3764	0.1428	0.0000	0.0000	10.8832
111	1.2472	1.4951	0.1345	0.0000	0.0000	11.8686
112	1.2149	1.5040	0.1434	0.0000	0.0000	10.9487
113	1.1916	1.5015	0.1402	0.0000	0.0000	11.0914
114	1.1867	1.4807	0.1447	0.0000	0.0000	10.8228
115	1.1828	1.4629	0.1402	0.0000	0.0000	11.2490
116	1.1762	1.4487	0.1434	0.0000	0.0000	11.2641
117	1.1482	1.4564	0.1415	0.0000	0.0000	10.5627
118	1.1087	1.4748	0.1345	0.0000	0.0000	12.4209
119	1.0675	1.4883	0.1402	0.0000	0.0000	11.5659
120	1.0442	1.4853	0.1434	0.0000	0.0000	11.5019
121	1.2626	1.5068	0.1358	0.0000	0.0000	12.3668
122	1.2522	1.5128	0.1421	0.0000	0.0000	11.6865
123	1.2624	1.5128	0.1421	0.0000	0.0000	11.9579
124	1.2702	1.4880	0.1434	0.0000	0.0000	11.9464
125	1.2529	1.4408	0.1428	0.0000	0.0000	11.9089
126	1.2452	1.3815	0.1447	0.0000	0.0000	11.8832
127	1.2350	1.3386	0.1434	0.0000	0.0000	11.9241
128	1.2043	1.2941	0.1428	0.0000	0.0000	12.2077
129	1.1660	1.2462	0.1428	0.0000	0.0000	12.2867
130	1.1432	1.2099	0.1434	0.0000	0.0000	12.3209
131	1.2805	1.5225	0.1421	0.0000	0.0000	12.2336
132	1.2948	1.5037	0.1440	0.0000	0.0000	12.3367
133	1.3014	1.4893	0.1421	0.0000	0.0000	11.5772
134	1.2965	1.4789	0.1358	0.0000	0.0000	13.5515
135	1.2891	1.4755	0.1402	0.0000	0.0000	13.1665
136	1.2877	1.4806	0.1440	0.0000	0.0000	11.8328
137	1.2957	1.4760	0.1339	0.0000	0.0000	13.7581
138	1.3149	1.4678	0.1440	0.0000	0.0000	13.0091
139	1.3551	1.4492	0.1408	0.0000	0.0000	13.4728
140	1.4186	1.4021	0.1440	0.0000	0.0000	12.7648
141	1.2406	1.5761	0.1428	0.0000	0.0000	13.0621
142	1.2349	1.5947	0.1421	0.0000	0.0000	13.0269
143	1.2301	1.6096	0.1421	0.0000	0.0000	13.3614
144	1.2246	1.6165	0.1428	0.0000	0.0000	13.2985
145	1.2172	1.6352	0.1415	0.0000	0.0000	13.6597
146	1.2119	1.6479	0.1434	0.0000	0.0000	13.4426
147	1.2043	1.6480	0.1415	0.0000	0.0000	13.8170
148	1.1674	1.6621	0.1453	0.0000	0.0000	13.3028
149	1.1196	1.6630	0.1421	0.0000	0.0000	14.0266
150	1.0610	1.6774	0.1434	0.0000	0.0000	13.6777
151	1.2258	1.5332	0.1415	0.0000	0.0000	13.9882
152	1.2061	1.5329	0.1466	0.0000	0.0000	13.7040
153	1.1935	1.5314	0.1408	0.0000	0.0000	14.0947
154	1.1916	1.5435	0.1460	0.0000	0.0000	13.8750
155	1.2118	1.5145	0.1415	0.0000	0.0000	14.1746
156	1.2213	1.4995	0.1440	0.0000	0.0000	14.3789
157	1.2436	1.4859	0.1434	0.0000	0.0000	14.2768
158	1.2644	1.4591	0.1415	0.0000	0.0000	14.4593
159	1.2678	1.4366	0.1415	0.0000	0.0000	14.6661
160	1.2580	1.4503	0.1421	0.0000	0.0000	14.5241
161	1.2627	1.5040	0.1415	0.0000	0.0000	13.6792
162	1.3311	1.4624	0.1345	0.0000	0.0000	15.6567
163	1.3917	1.4085	0.1415	0.0000	0.0000	15.0333
164	1.4266	1.3885	0.1440	0.0000	0.0000	13.9197
165	1.4592	1.3970	0.1486	0.0000	0.0000	14.5297
166	1.5080	1.3967	0.1421	0.0000	0.0000	15.1926
167	1.5823	1.3749	0.1434	0.0000	0.0000	15.2455
168	1.6958	1.3379	0.1421	0.0000	0.0000	15.4783
169	1.8425	1.2784	0.1434	0.0000	0.0000	15.1454
170	1.9611	1.1988	0.1415	0.0000	0.0000	15.4386
171	1.2501	1.5195	0.1460	0.0000	0.0000	15.1523
172	1.2792	1.4587	0.1428	0.0000	0.0000	15.8130
173	1.3215	1.3954	0.1453	0.0000	0.0000	15.3860
174	1.3538	1.3170	0.1440	0.0000	0.0000	15.6843
175	1.3905	1.2468	0.1440	0.0000	0.0000	15.8121
176	1.4706	1.1141	0.1440	0.0000	0.0000	14.9363
177	1.5889	0.9375	0.1466	0.0000	0.0000	15.5921
178	1.7429	0.7429	0.1447	0.0000	0.0000	15.9031
179	1.8891	0.5355	0.1440	0.0000	0.0000	16.1234
180	2.0265	0.3937	0.1479	0.0000	0.0000	15.8461
181	1.2349	1.5368	0.1440	0.0000	0.0000	16.0051
182	1.2307	1.5632	0.1473	0.0000	0.0000	15.9354
183	1.2021	1.5927	0.1352	0.0000	0.0000	17.4055
184	1.2038	1.5988	0.1447	0.0000	0.0000	16.1483
185	1.1993	1.6043	0.1434	0.0000	0.0000	15.6858
186	1.2100	1.6288	0.1358	0.0000	0.0000	17.7619
187	1.1988	1.6827	0.1460	0.0000	0.0000	16.4202
188	1.1857	1.7650	0.1473	0.0000	0.0000	16.7312
189	1.1602	1.8307	0.1460	0.0000	0.0000	16.5093
190	1.1668	1.8578	0.1466	0.0000	0.0000	17.0144
191	1.2305	1.5510	0.1466	0.0000	0.0000	16.9606
192	1.2140	1.5908	0.1466	0.0000	0.0000	15.9484
193	1.1659	1.6419	0.1364	0.0000	0.0000	18.0197
194	1.1419	1.6597	0.1447	0.0000	0.0000	17.1044
195	1.1338	1.6548	0.1434	0.0000	0.0000	16.4495
196	1.1684	1.6141	0.1396	0.0000	0.0000	17.9428
197	1.2099	1.5560	0.1466	0.0000	0.0000	17.3009
198	1.2387	1.5292	0.1479	0.0000	0.0000	16.6398
199	1.2448	1.5287	0.1396	0.0000	0.0000	18.4355
200	1.2379	1.5357	0.1493	0.0000	0.0000	17.4491
201	1.2839	1.4884	0.1499	0.0000	0.0000	17.2490
202	1.2861	1.4616	0.1473	0.0000	0.0000	17.5608
203	1.3011	1.4093	0.1479	0.0000	0.0000	17.6900
204	1.3584	1.3328	0.1493	0.0000	0.0000	17.4129
205	1.4530	1.2275	0.1473	0.0000	0.0000	17.9233
206	1.5675	1.1387	0.1473	0.0000	0.0000	18.0650
207	1.6794	1.0669	0.1473	0.0000	0.0000	17.1748
208	1.7796	1.0125	0.1428	0.0000	0.0000	18.9613
209	1.8887	0.9385	0.1460	0.0000	0.0000	18.4513
210	1.9650	0.8888	0.1533	0.0000	0.0000	17.7718
211	1.2703	1.5565	0.1533	0.0000	0.0000	17.8464
212	1.2967	1.5460	0.1519	0.0000	0.0000	18.0815
213	1.3142	1.5276	0.1499	0.0000	0.0000	18.1333
214	1.3468	1.5000	0.1506	0.0000	0.0000	18.3254
215	1.3737	1.4530	0.1473	0.0000	0.0000	18.6655
216	1.3974	1.4023	0.1486	0.0000	0.0000	18.9798
217	1.4417	1.3318	0.1466	0.0000	0.0000	18.6995
218	1.4718	1.2839	0.1526	0.0000	0.0000	18.5872
219	1.5201	1.2465	0.1493	0.0000	0.0000	18.7967
220	1.5541	1.2031	0.1526	0.0000	0.0000	19.0562
221	1.2182	1.5214	0.1512	0.0000	0.0000	18.8894
222	1.2340	1.5309	0.1587	0.0000	0.0000	18.8785
223	1.2769	1.5221	0.1553	0.0000	0.0000	19.1540
224	1.3575	1.4953	0.1553	0.0000	0.0000	19.1576
225	1.4738	1.4330	0.1594	0.0000	0.0000	19.1472
226	1.5888	1.3816	0.1635	0.0000	0.0000	19.0646
227	1.6849	1.3433	0.1628	0.0000	0.0000	19.3571
228	1.7651	1.3224	0.1685	0.0000	0.0000	18.7484
229	1.8320	1.3309	0.1706	0.0000	0.0000	19.1965
230	1.8627	1.3378	0.1735	0.0000	0.0000	18.8879
231	1.2552	1.5674	0.1786	0.0000	0.0000	18.6838
232	1.2665	1.5565	0.1877	0.0000	0.0000	18.3970
233	1.2949	1.5785	0.1846	0.0000	0.0000	19.2004
234	1.3338	1.6114	0.1885	0.0000	0.0000	19.1819
235	1.3688	1.6145	0.1869	0.0000	0.0000	19.1145
236	1.3966	1.6404	0.1923	0.0000	0.0000	18.4441
237	1.4327	1.6875	0.1908	0.0000	0.0000	19.2261
238	1.4827	1.7090	0.1939	0.0000	0.0000	18.7496
239	1.5047	1.7542	0.1931	0.0000	0.0000	19.4449
240	1.5045	1.8102	0.1955	0.0000	0.0000	19.0452
241	1.2309	1.4940	0.2003	0.0000	0.0000	18.9977
242	1.2410	1.4543	0.2027	0.0000	0.0000	19.2398
243	1.2842	1.4439	0.2076	0.0000	0.0000	19.1072
244	1.3347	1.4234	0.2135	0.0000	0.0000	19.2796
245	1.3883	1.4012	0.2169	0.0000	0.0000	19.0842
246	1.4106	1.4135	0.2204	0.0000	0.0000	17.6156
247	1.4679	1.4020	0.2127	0.0000	0.0000	19.7668
248	1.5716	1.3729	0.2221	0.0000	0.0000	19.1069
249	1.6843	1.3237	0.2178	0.0000	0.0000	19.5730
250	1.8468	1.2431	0.2230	0.0000	0.0000	18.7270
251	1.2100	1.5540	0.2169	0.0000	0.0000	19.2388
252	1.1518	1.6047	0.2152	0.0000	0.0000	19.5729
253	1.1170	1.6565	0.2135	0.0000	0.0000	19.3927
254	1.1123	1.7189	0.2144	0.0000	0.0000	19.6745
255	1.1356	1.7522	0.2127	0.0000	0.0000	19.7496
256	1.1773	1.7393	0.2239	0.0000	0.0000	18.5294
257	1.2370	1.7370	0.2265	0.0000	0.0000	18.9420
258	1.3065	1.7269	0.2319	0.0000	0.0000	19.0420
259	1.3653	1.7151	0.2310	0.0000	0.0000	19.3524
260	1.4418	1.7234	0.2310	0.0000	0.0000	19.4782
261	1.2284	1.5243	0.2301	0.0000	0.0000	18.1963
262	1.2095	1.5406	0.2374	0.0000	0.0000	18.8621
263	1.1871	1.5409	0.2356	0.0000	0.0000	19.2992
264	1.1670	1.5420	0.2347	0.0000	0.0000	19.6260
265	1.1911	1.5932	0.2430	0.0000	0.0000	18.7438
266	1.2375	1.6666	0.2421	0.0000	0.0000	19.3545
267	1.3044	1.7330	0.2468	0.0000	0.0000	19.3849
268	1.3999	1.7658	0.2488	0.0000	0.0000	18.9890
269	1.5040	1.7717	0.2347	0.0000	0.0000	20.6157
270	1.6016	1.7647	0.2478	0.0000	0.0000	18.1279
271	0.0089	0.0053	0.2527	0.0000	0.0000	18.7928
272	0.0376	0.0273	0.2536	0.0000	0.0000	18.9902
273	0.0548	0.0854	0.2478	0.0000	0.0000	19.3283
274	0.0883	0.1056	0.2497	0.0000	0.0000	19.4119
275	0.1699	0.0798	0.2459	0.0000	0.0000	19.4187
276	0.2954	0.0508	0.2440	0.0000	0.0000	19.5801
277	0.4608	0.0000	0.2459	0.0000	0.0000	19.3795
278	0.5810	0.0000	0.2449	0.0000	0.0000	19.8934
279	0.8188	0.0000	0.2488	0.0000	0.0000	18.7007
280	1.1031	0.0000	0.2536	0.0000	0.0000	18.3300
281	0.0054	0.0174	0.2546	0.0000	0.0000	19.2900
282	0.0291	0.0471	0.2586	0.0000	0.0000	19.3295
283	0.0812	0.0681	0.2586	0.0000	0.0000	19.2467
284	0.1689	0.1013	0.2478	0.0000	0.0000	20.8624
285	0.2663	0.1070	0.2556	0.0000	0.0000	19.4499
286	0.4063	0.0627	0.2596	0.0000	0.0000	19.3916
287	0.5922	0.0000	0.2606	0.0000	0.0000	19.5937
288	0.8166	0.0000	0.2657	0.0000	0.0000	19.0039
289	1.0131	0.0003	0.2468	0.0000	0.0000	21.2803
290	1.2377	0.0278	0.2517	0.0000	0.0000	21.1290
291	0.0000	0.0207	0.2647	0.0000	0.0000	19.7952
292	0.0000	0.0432	0.2730	0.0000	0.0000	19.2317
293	0.0000	0.0517	0.2698	0.0000	0.0000	19.5169
294	0.0000	0.0727	0.2719	0.0000	0.0000	19.2791
295	0.0000	0.1263	0.2730	0.0000	0.0000	19.2716
296	0.0000	0.2288	0.2740	0.0000	0.0000	19.0535
297	0.0000	0.3420	0.2719	0.0000	0.0000	19.3197
298	0.0000	0.4297	0.2657	0.0000	0.0000	19.9772
299	0.0000	0.5470	0.2527	0.0000	0.0000	21.0403
300	0.0000	0.6359	0.2688	0.0000	0.0000	19.4267
301	0.0130	0.0181	0.2719	0.0000	0.0000	19.1778
302	0.0395	0.0831	0.2772	0.0000	0.0000	19.0799
303	0.0725	0.1582	0.2804	0.0000	0.0000	19.1310
304	0.1062	0.2176	0.2783	0.0000	0.0000	20.0509
305	0.1871	0.2271	0.2826	0.0000	0.0000	18.5712
306	0.3180	0.2265	0.2751	0.0000	0.0000	19.8042
307	0.4949	0.2723	0.2740	0.0000	0.0000	19.4107
308	0.6919	0.3642	0.2730	0.0000	0.0000	19.5507
309	0.8901	0.5061	0.2719	0.0000	0.0000	19.0649
310	0.9951	0.6010	0.2751	0.0000	0.0000	19.2145
311	1.1760	1.4790	0.2709	0.0000	0.0000	19.5213
312	1.1425	1.4261	0.2677	0.0000	0.0000	19.8062
313	1.0595	1.3635	0.2709	0.0000	0.0000	18.2282
314	0.9401	1.2703	0.2636	0.0000	0.0000	21.1745
315	0.8531	1.1297	0.2740	0.0000	0.0000	19.8355
316	0.8161	0.9475	0.2783	0.0000	0.0000	19.3375
317	0.8291	0.7242	0.2740	0.0000	0.0000	19.6495
318	0.8846	0.4660	0.2761	0.0000	0.0000	19.6195
319	0.9680	0.1989	0.2740	0.0000	0.0000	19.9915
320	1.0586	0.0000	0.2761	0.0000	0.0000	19.6411
321	1.2097	1.5330	0.2761	0.0000	0.0000	19.6530
322	1.1955	1.6130	0.2719	0.0000	0.0000	19.7490
323	1.1765	1.7128	0.2761	0.0000	0.0000	19.4648
324	1.1467	1.8748	0.2772	0.0000	0.0000	18.3089
325	1.0919	2.0832	0.2740	0.0000	0.0000	19.7436
326	1.0291	2.3417	0.2826	0.0000	0.0000	19.1533
327	0.9562	2.6129	0.2772	0.0000	0.0000	18.4467
328	0.8670	2.8698	0.2751	0.0000	0.0000	20.6197
329	0.7737	3.0000	0.2925	0.0000	0.0000	19.4178
330	0.7129	3.0000	0.3005	0.0000	0.0000	16.7102
331	1.2230	1.5130	0.2959	0.0000	0.0000	19.3577
332	1.2268	1.5780	0.3005	0.0000	0.0000	19.1520
333	1.2657	1.6686	0.3017	0.0000	0.0000	17.5476
334	1.3282	1.7788	0.2859	0.0000	0.0000	20.9139
335	1.3815	1.8505	0.2994	0.0000	0.0000	18.9488
336	1.3950	1.9194	0.2959	0.0000	0.0000	17.8067
337	1.3998	2.0154	0.2751	0.0000	0.0000	20.7558
338	1.4546	2.1397	0.2903	0.0000	0.0000	19.6020
339	1.5572	2.3016	0.2892	0.0000	0.0000	19.0755
340	1.6532	2.4638	0.2848	0.0000	0.0000	20.1655
341	1.2138	1.5440	0.2870	0.0000	0.0000	19.6843
342	1.1925	1.5364	0.2903	0.0000	0.0000	19.0699
343	1.1588	1.5197	0.2892	0.0000	0.0000	19.1012
344	1.0924	1.5319	0.2914	0.0000	0.0000	19.6195
345	0.9948	1.5939	0.2937	0.0000	0.0000	17.8151
346	0.9109	1.6770	0.2881	0.0000	0.0000	20.1436
347	0.8342	1.7987	0.2914	0.0000	0.0000	19.1852
348	0.7972	1.8962	0.2925	0.0000	0.0000	19.5037
349	0.8039	1.9454	0.2925	0.0000	0.0000	19.0623
350	0.8395	1.9488	0.2994	0.0000	0.0000	19.2626
351	1.2255	1.5217	0.2948	0.0000	0.0000	19.3569
352	1.2991	1.5407	0.2914	0.0000	0.0000	19.7656
353	1.3999	1.6073	0.2892	0.0000	0.0000	17.6468
354	1.4978	1.7228	0.2892	0.0000	0.0000	18.8255
355	1.5817	1.8341	0.2859	0.0000	0.0000	19.6691
356	1.6455	1.9090	0.2903	0.0000	0.0000	19.4751
357	1.7128	1.9655	0.2881	0.0000	0.0000	19.1950
358	1.7993	2.0681	0.2948	0.0000	0.0000	19.2813
359	1.8905	2.2206	0.2937	0.0000	0.0000	17.8810
360	1.9365	2.3787	0.2914	0.0000	0.0000	19.8079
361	1.0665	1.4419	0.2937	0.0000	0.0000	19.3169
362	1.0544	1.4381	0.2937	0.0000	0.0000	18.1103
363	1.0795	1.4159	0.2761	0.0000	0.0000	21.3221
364	1.1109	1.3836	0.2870	0.0000	0.0000	20.4790
365	1.1003	1.3895	0.2848	0.0000	0.0000	19.7442
366	1.0418	1.4296	0.2870	0.0000	0.0000	19.3801
367	0.9383	1.5156	0.2870	0.0000	0.0000	19.4964
368	0.7869	1.6404	0.2903	0.0000	0.0000	19.7690
369	0.5961	1.7434	0.2937	0.0000	0.0000	19.2555
370	0.4955	1.7855	0.2994	0.0000	0.0000	19.3668
371	1.1042	1.4456	0.2994	0.0000	0.0000	19.2529
372	1.1180	1.4026	0.2959	0.0000	0.0000	19.7816
373	1.1136	1.3785	0.2994	0.0000	0.0000	19.2557
374	1.0924	1.3737	0.3005	0.0000	0.0000	19.2329
375	1.0600	1.3859	0.2914	0.0000	0.0000	19.8718
376	1.0004	1.3745	0.2994	0.0000	0.0000	18.9189
377	0.9230	1.3262	0.2914	0.0000	0.0000	19.7638
378	0.8714	1.2596	0.2959	0.0000	0.0000	19.6790
379	0.8168	1.2296	0.3029	0.0000	0.0000	19.3106
380	0.7505	1.2238	0.3005	0.0000	0.0000	19.3561
381	1.1330	1.5134	0.2982	0.0000	0.0000	17.9485
382	1.1340	1.4646	0.2959	0.0000	0.0000	19.4510
383	1.1565	1.4133	0.2903	0.0000	0.0000	19.4568
384	1.1778	1.4024	0.2925	0.0000	0.0000	19.7532
385	1.1750	1.4360	0.2892	0.0000	0.0000	19.1589
386	1.1442	1.5183	0.2892	0.0000	0.0000	19.3848
387	1.0710	1.6097	0.2826	0.0000	0.0000	20.1848
388	0.9577	1.7080	0.2903	0.0000	0.0000	19.2647
389	0.7945	1.8563	0.2959	0.0000	0.0000	19.0370
390	0.6292	1.9942	0.2994	0.0000	0.0000	19.0769
391	1.1990	1.5144	0.3005	0.0000	0.0000	19.2817
392	1.1677	1.5229	0.3064	0.0000	0.0000	19.1630
393	1.1786	1.5095	0.3005	0.0000	0.0000	18.2629
394	1.2125	1.4716	0.2903	0.0000	0.0000	20.7411
395	1.2109	1.4163	0.3017	0.0000	0.0000	19.6056
396	1.2117	1.3473	0.3076	0.0000	0.0000	18.9006
397	1.2483	1.2575	0.3064	0.0000	0.0000	19.2764
398	1.3257	1.2125	0.3076	0.0000	0.0000	18.8959
399	1.4297	1.2000	0.3064	0.0000	0.0000	19.5065
400	1.4806	1.2111	0.3040	0.0000	0.0000	19.0814
401	1.1571	1.5340	0.2971	0.0000	0.0000	19.6842
402	1.1453	1.5255	0.2925	0.0000	0.0000	19.5485
403	1.1320	1.5202	0.2859	0.0000	0.0000	19.7992
404	1.0828	1.5114	0.2859	0.0000	0.0000	19.4771
405	0.9999	1.4674	0.2815	0.0000	0.0000	19.6842
406	0.8706	1.3959	0.2848	0.0000	0.0000	19.7342
407	0.7105	1.3027	0.2870	0.0000	0.0000	20.0299
408	0.5663	1.1761	0.3005	0.0000	0.0000	18.8558
409	0.3772	1.0096	0.2971	0.0000	0.0000	19.4990
410	0.2052	0.8460	0.3040	0.0000	0.0000	17.7665
411	1.1960	1.5372	0.2837	0.0000	0.0000	21.4572
412	1.1768	1.5417	0.3017	0.0000	0.0000	19.6448
413	1.1869	1.5928	0.3005	0.0000	0.0000	17.7516
414	1.2000	1.6939	0.3017	0.0000	0.0000	19.4155
415	1.2084	1.8449	0.2994	0.0000	0.0000	19.8088
416	1.2252	2.0449	0.3052	0.0000	0.0000	18.7611
417	1.2111	2.2797	0.3005	0.0000	0.0000	19.4360
418	1.1945	2.4871	0.2994	0.0000	0.0000	19.3451
419	1.2107	2.6446	0.2982	0.0000	0.0000	19.4843
420	1.2375	2.7150	0.2937	0.0000	0.0000	19.5773
421	1.2390	1.5180	0.2925	0.0000	0.0000	19.6031
422	1.2740	1.5560	0.2948	0.0000	0.0000	19.3368
423	1.2729	1.6440	0.2959	0.0000	0.0000	19.4298
424	1.2237	1.7782	0.3005	0.0000	0.0000	17.4427
425	1.1244	1.9503	0.2859	0.0000	0.0000	21.3320
426	0.9887	2.1342	0.3029	0.0000	0.0000	19.2919
427	0.8412	2.2978	0.2848	0.0000	0.0000	21.2325
428	0.7105	2.4280	0.2959	0.0000	0.0000	19.7768
429	0.5997	2.5960	0.2982	0.0000	0.0000	19.2757
430	0.4662	2.7921	0.2925	0.0000	0.0000	19.6200
431	0.3773	2.9200	0.2903	0.0000	0.0000	19.6698
432	0.2984	3.0000	0.2892	0.0000	0.0000	19.8078
433	0.2593	3.0000	0.2698	0.0000	0.0000	21.9169
434	0.2571	2.9990	0.2859	0.0000	0.0000	19.8892
435	0.2731	2.9773	0.2881	0.0000	0.0000	18.2320
436	0.3353	2.9162	0.2740	0.0000	0.0000	21.5506
437	0.4368	2.8557	0.2892	0.0000	0.0000	20.0713
438	0.5696	2.8064	0.2994	0.0000	0.0000	19.4189
439	0.7078	2.7840	0.2959	0.0000	0.0000	19.9484
440	0.8160	2.7685	0.3017	0.0000	0.0000	19.6051
441	0.8742	2.7833	0.3040	0.0000	0.0000	19.2068
442	0.9268	2.7757	0.3040	0.0000	0.0000	19.2053
443	1.0019	2.7322	0.3017	0.0000	0.0000	20.3077
444	1.1234	2.6941	0.3123	0.0000	0.0000	18.6705
445	1.2544	2.6937	0.3064	0.0000	0.0000	19.5005
446	1.3461	2.7115	0.3076	0.0000	0.0000	19.4730
447	1.4100	2.7132	0.3052	0.0000	0.0000	18.9334
448	1.4599	2.6775	0.3029	0.0000	0.0000	19.5619
449	1.4717	2.6171	0.2870	0.0000	0.0000	21.2382
450	1.4927	2.4966	0.3029	0.0000	0.0000	19.5642
1	0.0000	0.0000	0.0000	0.0000	0.0000	0.0000
2	0.0001	0.0002	0.1440	0.0000	0.0000	0.0000
3	0.0003	0.0006	0.1428	0.0000	0.0000	0.0000
4	0.0006	0.0011	0.1364	0.0000	0.0000	0.0000
5	0.0010	0.0017	0.1434	0.0000	0.0000	0.0000
6	0.0017	0.0105	0.1447	0.0000	0.0000	0.0000
7	0.0000	0.0216	0.1434	0.0000	0.0000	0.0000
8	0.0000	0.0327	0.1440	0.0000	0.0000	0.0000
9	0.0000	0.0441	0.1440	0.0000	0.0000	0.0000
10	0.0000	0.0533	0.1434	0.0000	0.0000	0.0000
11	1.2581	1.5030	0.1421	0.0000	0.0000	3.3006
12	1.2584	1.5032	0.1415	0.0000	0.0000	3.4561
13	1.2589	1.5035	0.1440	0.0000	0.0000	3.2264
14	1.2595	1.5038	0.1428	0.0000	0.0000	3.7823
15	1.2602	1.5042	0.1434	0.0000	0.0000	3.5890
16	1.2611	1.5048	0.1447	0.0000	0.0000	3.3832
17	1.2621	1.5054	0.1345	0.0000	0.0000	4.6163
18	1.2632	1.5063	0.1415	0.0000	0.0000	4.1855
19	1.2644	1.5073	0.1434	0.0000	0.0000	3.5207
20	1.2652	1.5080	0.1434	0.0000	0.0000	3.0652
21	1.2600	1.4881	0.1402	0.0000	0.0000	3.7004
22	1.2602	1.4882	0.1415	0.0000	0.0000	3.5016
23	1.2605	1.4886	0.1339	0.0000	0.0000	5.1207
24	1.2610	1.4888	0.1453	0.0000	0.0000	4.2160
25	1.2617	1.4889	0.1434	0.0000	0.0000	4.2691
26	1.2621	1.4896	0.1473	0.0000	0.0000	4.0090
27	1.2619	1.4903	0.1415	0.0000	0.0000	4.5294
28	1.2617	1.4906	0.1440	0.0000	0.0000	4.6214
29	1.2614	1.4906	0.1339	0.0000	0.0000	5.7211
30	1.2612	1.4908	0.1434	0.0000	0.0000	3.8243
31	1.2568	1.4760	0.1421	0.0000	0.0000	4.7364
32	1.2563	1.4762	0.1453	0.0000	0.0000	4.5560
33	1.2559	1.4767	0.1434	0.0000	0.0000	4.6109
34	1.2557	1.4771	0.1440	0.0000	0.0000	4.9973
35	1.2557	1.4771	0.1421	0.0000	0.0000	4.9221
36	1.2559	1.4777	0.1440	0.0000	0.0000	5.0895
37	1.2554	1.4785	0.1408	0.0000	0.0000	5.6177
38	1.2551	1.4794	0.1447	0.0000	0.0000	4.9124
39	1.2547	1.4806	0.1434	0.0000	0.0000	5.2766
40	1.2550	1.4814	0.1421	0.0000	0.0000	5.4297
41	1.2555	1.5247	0.1421	0.0000	0.0000	5.3650
42	1.2553	1.5244	0.1364	0.0000	0.0000	6.2565
43	1.2552	1.5237	0.1421	0.0000	0.0000	5.7166
44	1.2569	1.5225	0.1428	0.0000	0.0000	4.9596
45	1.2591	1.5221	0.1434	0.0000	0.0000	5.6561
46	1.2610	1.5235	0.1421	0.0000	0.0000	6.0171
47	1.2585	1.5283	0.1415	0.0000	0.0000	6.1087
48	1.2536	1.5364	0.1466	0.0000	0.0000	5.6310
49	1.2504	1.5402	0.1408	0.0000	0.0000	6.2145
50	1.2463	1.5438	0.1339	0.0000	0.0000	7.2841
51	1.2455	1.5400	0.1421	0.0000	0.0000	5.6205
52	1.2500	1.5423	0.1352	0.0000	0.0000	7.2952
53	1.2540	1.5455	0.1428	0.0000	0.0000	6.5284
54	1.2560	1.5492	0.1428	0.0000	0.0000	5.5968
55	1.2591	1.5515	0.1345	0.0000	0.0000	7.4815
56	1.2612	1.5538	0.1421	0.0000	0.0000	6.5252
57	1.2642	1.5548	0.1408	0.0000	0.0000	7.0784
58	1.2689	1.5543	0.1434	0.0000	0.0000	6.8490
59	1.2752	1.5497	0.1415	0.0000	0.0000	7.1591
60	1.2802	1.5451	0.1434	0.0000	0.0000	6.7976
61	1.2750	1.5388	0.1421	0.0000	0.0000	7.0950
62	1.2758	1.5375	0.1434	0.0000	0.0000	6.8909
63	1.2764	1.5346	0.1415	0.0000	0.0000	7.3294
64	1.2772	1.5322	0.1460	0.0000	0.0000	6.9944
65	1.2737	1.5377	0.1408	0.0000	0.0000	7.3080
66	1.2677	1.5445	0.1440	0.0000	0.0000	7.2572
67	1.2664	1.5526	0.1396	0.0000	0.0000	7.6188
68	1.2679	1.5584	0.1345	0.0000	0.0000	8.5562
69	1.2684	1.5646	0.1428	0.0000	0.0000	7.7626
70	1.2724	1.5681	0.1460	0.0000	0.0000	7.6310
71	1.2421	1.5058	0.1447	0.0000	0.0000	7.4146
72	1.2345	1.5080	0.1434	0.0000	0.0000	7.9058
73	1.2295	1.5122	0.1415	0.0000	0.0000	7.3913
74	1.2283	1.5134	0.1447	0.0000	0.0000	7.6520
75	1.2360	1.5209	0.1428	0.0000	0.0000	8.1554
76	1.2462	1.5364	0.1421	0.0000	0.0000	8.3110
77	1.2617	1.5412	0.1434	0.0000	0.0000	8.0432
78	1.2901	1.5273	0.1415	0.0000	0.0000	8.3528
79	1.3293	1.4948	0.1428	0.0000	0.0000	8.4703
80	1.3550	1.4694	0.1434	0.0000	0.0000	8.3268
81	1.2880	1.5243	0.1428	0.0000	0.0000	8.5467
82	1.3294	1.5164	0.1421	0.0000	0.0000	8.7663
83	1.3705	1.5165	0.1434	0.0000	0.0000	8.5626
84	1.3958	1.5121	0.1415	0.0000	0.0000	8.8082
85	1.4209	1.5138	0.1415	0.0000	0.0000	9.0166
86	1.4523	1.5035	0.1358	0.0000	0.0000	9.7629
87	1.4849	1.4924	0.1402	0.0000	0.0000	9.0581
88	1.5210	1.4844	0.1434	0.0000	0.0000	9.1373
89	1.5410	1.4727	0.1421	0.0000	0.0000	9.3056
90	1.5587	1.4618	0.1434	0.0000	0.0000	9.1499
91	1.2504	1.5436	0.1428	0.0000	0.0000	9.6129
92	1.2546	1.5414	0.1421	0.0000	0.0000	8.8116
93	1.2675	1.5356	0.1333	0.0000	0.0000	10.3908
94	1.2689	1.5423	0.1415	0.0000	0.0000	9.8746
95	1.2755	1.5613	0.1421	0.0000	0.0000	9.3656
96	1.2729	1.6063	0.1377	0.0000	0.0000	10.2978
97	1.2594	1.6649	0.1402	0.0000	0.0000	9.8191
98	1.2116	1.7563	0.1440	0.0000	0.0000	9.0582
99	1.1637	1.8497	0.1421	0.0000	0.0000	9.8109
100	1.1282	1.9366	0.1440	0.0000	0.0000	10.0921
101	1.2479	1.5202	0.1421	0.0000	0.0000	10.4020
102	1.2356	1.5272	0.1415	0.0000	0.0000	10.2990
103	1.2194	1.5381	0.1434	0.0000	0.0000	10.0825
104	1.1920	1.5503	0.1421	0.0000	0.0000	10.4434
105	1.1687	1.5668	0.1434	0.0000	0.0000	9.4212
106	1.1468	1.5683	0.1339	0.0000	0.0000	11.5212
107	1.1076	1.5666	0.1434	0.0000	0.0000	10.5283
108	1.0832	1.5487	0.1466	0.0000	0.0000	9.3951
109	1.0797	1.5253	0.1428	0.0000	0.0000	10.5561
110	1.0943	1.4896	0.1428	0.0000	0.0000	10.8269
111	1.1711	1.4953	0.1345	0.0000	0.0000	11.6838
112	1.1758	1.4681	0.1333	0.0000	0.0000	12.2349
113	1.1910	1.4481	0.1421	0.0000	0.0000	11.1928
114	1.2227	1.4293	0.1460	0.0000	0.0000	9.7339
115	1.2511	1.4104	0.1415	0.0000	0.0000	11.2367
116	1.2788	1.3925	0.1421	0.0000	0.0000	11.1751
117	1.3079	1.3736	0.1421	0.0000	0.0000	10.6864
118	1.3189	1.3563	0.1460	0.0000	0.0000	11.0602
119	1.3263	1.3287	0.1421	0.0000	0.0000	11.4758
120	1.3274	1.3111	0.1440	0.0000	0.0000	11.4995
121	1.2472	1.5365	0.1440	0.0000	0.0000	10.5668
122	1.2485	1.5296	0.1333	0.0000	0.0000	12.6911
123	1.2423	1.5248	0.1415	0.0000	0.0000	11.9190
124	1.2338	1.5214	0.1421	0.0000	0.0000	11.0393
125	1.2519	1.4978	0.1345	0.0000	0.0000	12.8471
126	1.2400	1.4917	0.1434	0.0000	0.0000	11.9919
127	1.2169	1.5105	0.1434	0.0000	0.0000	11.3114
128	1.1879	1.5384	0.1377	0.0000	0.0000	12.7107
129	1.1884	1.5549	0.1421	0.0000	0.0000	12.3857
130	1.2022	1.5851	0.1428	0.0000	0.0000	11.7360
131	1.2480	1.5365	0.1428	0.0000	0.0000	12.1309
132	1.2242	1.5508	0.1434	0.0000	0.0000	12.3236
133	1.2121	1.5602	0.1408	0.0000	0.0000	12.5827
134	1.2140	1.5579	0.1447	0.0000	0.0000	12.3905
135	1.2152	1.5532	0.1402	0.0000	0.0000	13.0729
136	1.2209	1.5434	0.1447	0.0000	0.0000	12.6608
137	1.2406	1.5324	0.1345	0.0000	0.0000	13.7657
138	1.2759	1.5164	0.1428	0.0000	0.0000	13.0523
139	1.3288	1.4832	0.1434	0.0000	0.0000	11.9808
140	1.3772	1.4562	0.1428	0.0000	0.0000	13.2594
141	1.2685	1.5252	0.1408	0.0000	0.0000	13.5040
142	1.2700	1.5230	0.1415	0.0000	0.0000	13.1865
143	1.2893	1.5119	0.1428	0.0000	0.0000	12.3597
144	1.3001	1.5065	0.1333	0.0000	0.0000	14.3264
145	1.3177	1.4941	0.1421	0.0000	0.0000	13.6044
146	1.3182	1.4906	0.1434	0.0000	0.0000	13.5292
147	1.3419	1.4543	0.1434	0.0000	0.0000	13.6084
148	1.3801	1.4148	0.1440	0.0000	0.0000	13.5446
149	1.4318	1.3737	0.1428	0.0000	0.0000	13.9712
150	1.4777	1.3221	0.1428	0.0000	0.0000	14.0337
151	1.2195	1.5466	0.1428	0.0000	0.0000	13.7914
152	1.1884	1.5710	0.1453	0.0000	0.0000	13.6877
153	1.1728	1.5517	0.1408	0.0000	0.0000	14.0520
154	1.1609	1.5185	0.1447	0.0000	0.0000	13.9888
155	1.1272	1.5155	0.1402	0.0000	0.0000	14.4779
156	1.1055	1.5304	0.1453	0.0000	0.0000	14.1329
157	1.0791	1.5602	0.1415	0.0000	0.0000	14.5464
158	1.0629	1.5626	0.1447	0.0000	0.0000	13.5427
159	1.0753	1.5390	0.1408	0.0000	0.0000	14.8943
160	1.1334	1.4685	0.1440	0.0000	0.0000	14.5235
161	1.2739	1.5192	0.1440	0.0000	0.0000	13.6397
162	1.3017	1.4703	0.1440	0.0000	0.0000	14.5387
163	1.3547	1.4118	0.1408	0.0000	0.0000	14.9388
164	1.4314	1.3264	0.1434	0.0000	0.0000	14.9668
165	1.5115	1.2419	0.1408	0.0000	0.0000	14.9055
166	1.5726	1.1952	0.1460	0.0000	0.0000	14.8778
167	1.6031	1.1815	0.1421	0.0000	0.0000	15.1644
168	1.6568	1.1475	0.1408	0.0000	0.0000	14.5165
169	1.7519	1.0878	0.1358	0.0000	0.0000	16.0184
170	1.8241	1.0472	0.1453	0.0000	0.0000	14.2427
171	1.2663	1.5474	0.1447	0.0000	0.0000	15.5432
172	1.3148	1.5585	0.1453	0.0000	0.0000	15.4779
173	1.3482	1.5971	0.1447	0.0000	0.0000	15.5042
174	1.3730	1.6262	0.1447	0.0000	0.0000	16.0376
175	1.4192	1.6200	0.1447	0.0000	0.0000	15.2757
176	1.4354	1.6333	0.1466	0.0000	0.0000	15.8933
177	1.4483	1.6284	0.1460	0.0000	0.0000	15.4653
178	1.4570	1.6044	0.1460	0.0000	0.0000	15.7999
179	1.4594	1.5697	0.1440	0.0000	0.0000	15.9816
180	1.4509	1.5517	0.1460	0.0000	0.0000	16.1183
181	1.2455	1.5969	0.1428	0.0000	0.0000	16.5682
182	1.2521	1.5745	0.1473	0.0000	0.0000	16.1002
183	1.2587	1.5887	0.1440	0.0000	0.0000	16.4372
184	1.2875	1.6126	0.1493	0.0000	0.0000	16.0824
185	1.3236	1.6459	0.1453	0.0000	0.0000	16.2415
186	1.3580	1.6834	0.1466	0.0000	0.0000	16.5515
187	1.4095	1.6986	0.1453	0.0000	0.0000	16.4602
188	1.4804	1.7061	0.1383	0.0000	0.0000	17.7074
189	1.5740	1.7026	0.1447	0.0000	0.0000	17.0173
190	1.6476	1.7173	0.1493	0.0000	0.0000	15.6310
191	1.2801	1.5111	0.1453	0.0000	0.0000	16.9985
192	1.2949	1.4994	0.1479	0.0000	0.0000	16.8274
193	1.2934	1.5246	0.1493	0.0000	0.0000	16.8113
194	1.3375	1.5328	0.1396	0.0000	0.0000	18.0522
195	1.4127	1.5231	0.1473	0.0000	0.0000	17.3982
196	1.4719	1.5243	0.1486	0.0000	0.0000	17.1210
197	1.5048	1.5425	0.1389	0.0000	0.0000	18.2946
198	1.5070	1.6077	0.1466	0.0000	0.0000	17.5818
199	1.4965	1.6988	0.1493	0.0000	0.0000	16.3143
200	1.4652	1.7822	0.1486	0.0000	0.0000	17.6833
201	1.3065	1.4580	0.1473	0.0000	0.0000	16.9274
202	1.3425	1.4589	0.1493	0.0000	0.0000	17.3480
203	1.4065	1.4392	0.1466	0.0000	0.0000	17.5458
204	1.4702	1.4377	0.1479	0.0000	0.0000	17.8559
205	1.5177	1.4790	0.1466	0.0000	0.0000	17.8290
206	1.5726	1.5279	0.1408	0.0000	0.0000	18.7326
207	1.6473	1.5926	0.1460	0.0000	0.0000	18.0607
208	1.7068	1.6726	0.1493	0.0000	0.0000	17.9404
209	1.7720	1.7407	0.1466	0.0000	0.0000	18.2672
210	1.8233	1.7926	0.1493	0.0000	0.0000	18.2100
211	1.3161	1.5279	0.1473	0.0000	0.0000	18.4566
212	1.3270	1.5185	0.1512	0.0000	0.0000	17.9259
213	1.3081	1.5387	0.1466	0.0000	0.0000	18.6210
214	1.2991	1.5702	0.1460	0.0000	0.0000	18.7601
215	1.2777	1.6095	0.1473	0.0000	0.0000	18.4841
216	1.2412	1.6694	0.1460	0.0000	0.0000	19.1103
217	1.2182	1.7042	0.1493	0.0000	0.0000	18.2706
218	1.1811	1.7270	0.1453	0.0000	0.0000	19.1441
219	1.1532	1.7374	0.1466	0.0000	0.0000	18.8040
220	1.1323	1.7474	0.1493	0.0000	0.0000	18.9422
221	1.2332	1.5334	0.1512	0.0000	0.0000	18.5673
222	1.2263	1.5373	0.1499	0.0000	0.0000	19.1321
223	1.2498	1.5172	0.1533	0.0000	0.0000	18.0897
224	1.2574	1.4729	0.1466	0.0000	0.0000	19.8100
225	1.2593	1.4277	0.1594	0.0000	0.0000	19.1004
226	1.2349	1.4280	0.1656	0.0000	0.0000	18.1455
227	1.1785	1.4729	0.1594	0.0000	0.0000	20.3630
228	1.1210	1.5356	0.1735	0.0000	0.0000	19.1658
229	1.0966	1.5851	0.1757	0.0000	0.0000	17.9646
230	1.0920	1.6032	0.1692	0.0000	0.0000	20.0926
231	1.2177	1.5452	0.1757	0.0000	0.0000	19.2254
232	1.1914	1.5791	0.1786	0.0000	0.0000	19.2284
233	1.1869	1.6348	0.1764	0.0000	0.0000	19.1878
234	1.1572	1.6777	0.1794	0.0000	0.0000	18.8215
235	1.0965	1.7477	0.1801	0.0000	0.0000	19.4587
236	1.0023	1.8506	0.1869	0.0000	0.0000	18.7763
237	0.9248	1.9246	0.1869	0.0000	0.0000	19.2885
238	0.8320	1.9794	0.1885	0.0000	0.0000	19.4683
239	0.7541	2.0361	0.1955	0.0000	0.0000	18.8339
240	0.7022	2.0989	0.1955	0.0000	0.0000	19.2691
241	1.2338	1.5510	0.1971	0.0000	0.0000	19.1994
242	1.1940	1.5229	0.1947	0.0000	0.0000	19.5366
243	1.1323	1.4778	0.1955	0.0000	0.0000	19.4144
244	1.0560	1.4654	0.1995	0.0000	0.0000	19.4654
245	0.9685	1.4592	0.2043	0.0000	0.0000	18.9308
246	0.9084	1.4775	0.2076	0.0000	0.0000	19.1529
247	0.8548	1.5170	0.2118	0.0000	0.0000	19.1957
248	0.8098	1.5161	0.2135	0.0000	0.0000	19.6296
249	0.7647	1.4701	0.2186	0.0000	0.0000	19.2260
250	0.7264	1.4197	0.2195	0.0000	0.0000	19.0683
251	1.2030	1.5370	0.2212	0.0000	0.0000	18.7286
252	1.1548	1.5970	0.2204	0.0000	0.0000	19.3910
253	1.0935	1.6686	0.2212	0.0000	0.0000	19.5012
254	1.0685	1.7491	0.2239	0.0000	0.0000	19.2238
255	1.0592	1.8503	0.2178	0.0000	0.0000	19.6468
256	1.0840	1.9190	0.2204	0.0000	0.0000	19.7240
257	1.1557	1.9699	0.2186	0.0000	0.0000	19.8836
258	1.2441	2.0435	0.2230	0.0000	0.0000	19.5766
259	1.3240	2.0829	0.2256	0.0000	0.0000	19.2092
260	1.3892	2.0858	0.2230	0.0000	0.0000	20.4488
261	1.2453	1.5157	0.2374	0.0000	0.0000	18.7516
262	1.2791	1.5171	0.2421	0.0000	0.0000	18.8585
263	1.3121	1.5048	0.2356	0.0000	0.0000	19.5794
264	1.3571	1.4886	0.2440	0.0000	0.0000	19.1630
265	1.4068	1.4532	0.2384	0.0000	0.0000	18.3088
266	1.4197	1.3901	0.2449	0.0000	0.0000	19.2976
267	1.4046	1.3444	0.2430	0.0000	0.0000	19.2699
268	1.3603	1.3061	0.2459	0.0000	0.0000	19.2398
269	1.3232	1.2601	0.2468	0.0000	0.0000	19.3426
270	1.3294	1.2085	0.2497	0.0000	0.0000	17.8908
271	1.2180	1.5747	0.2468	0.0000	0.0000	19.4873
272	1.1714	1.5316	0.2507	0.0000	0.0000	18.7630
273	1.1030	1.4968	0.2459	0.0000	0.0000	19.2733
274	1.0017	1.5032	0.2468	0.0000	0.0000	19.6628
275	0.8563	1.5115	0.2468	0.0000	0.0000	19.5938
276	0.6952	1.4778	0.2536	0.0000	0.0000	19.0927
277	0.5735	1.4668	0.2517	0.0000	0.0000	18.7748
278	0.5012	1.4851	0.2478	0.0000	0.0000	20.6280
279	0.4667	1.5031	0.2566	0.0000	0.0000	19.4943
280	0.4549	1.4967	0.2657	0.0000	0.0000	18.7224
281	1.1896	1.4965	0.2596	0.0000	0.0000	19.5742
282	1.1230	1.4789	0.2606	0.0000	0.0000	19.2719
283	1.0117	1.4332	0.2586	0.0000	0.0000	19.6337
284	0.9265	1.3383	0.2459	0.0000	0.0000	20.6814
285	0.8712	1.2202	0.2616	0.0000	0.0000	19.5156
286	0.8623	1.1092	0.2616	0.0000	0.0000	19.5343
287	0.8569	0.9954	0.2657	0.0000	0.0000	19.4738
288	0.8531	0.8537	0.2709	0.0000	0.0000	18.9730
289	0.8949	0.6620	0.2667	0.0000	0.0000	18.3746
290	0.9495	0.4731	0.2546	0.0000	0.0000	21.0555
291	1.2266	1.5393	0.2677	0.0000	0.0000	19.2919
292	1.2558	1.5352	0.2740	0.0000	0.0000	17.4470
293	1.3210	1.5044	0.2546	0.0000	0.0000	20.7978
294	1.4226	1.4646	0.2677	0.0000	0.0000	18.3344
295	1.5736	1.4247	0.2719	0.0000	0.0000	17.8520
296	1.7597	1.3960	0.2626	0.0000	0.0000	20.7212
297	1.9631	1.3450	0.2740	0.0000	0.0000	19.3695
298	2.2116	1.2544	0.2793	0.0000	0.0000	17.6060
299	2.4683	1.1635	0.2761	0.0000	0.0000	19.1410
300	2.6442	1.0847	0.2793	0.0000	0.0000	19.4051
301	1.0997	1.3240	0.2761	0.0000	0.0000	19.1603
302	1.1196	1.3043	0.2751	0.0000	0.0000	19.6182
303	1.1342	1.3294	0.2740	0.0000	0.0000	19.3341
304	1.1277	1.3358	0.2793	0.0000	0.0000	19.2371
305	1.1484	1.2974	0.2709	0.0000	0.0000	19.5267
306	1.2143	1.2769	0.2751	0.0000	0.0000	19.4554
307	1.3013	1.3050	0.2740	0.0000	0.0000	19.2799
308	1.3554	1.3831	0.2719	0.0000	0.0000	19.4419
309	1.3635	1.4887	0.2667	0.0000	0.0000	19.5631
310	1.3465	1.5757	0.2677	0.0000	0.0000	19.7611
311	1.2102	1.4998	0.2657	0.0000	0.0000	19.9224
312	1.2465	1.5461	0.2698	0.0000	0.0000	20.0684
313	1.2958	1.6413	0.2740	0.0000	0.0000	19.2651
314	1.3472	1.7610	0.2772	0.0000	0.0000	19.5288
315	1.4410	1.8386	0.2804	0.0000	0.0000	19.2607
316	1.5848	1.8670	0.2837	0.0000	0.0000	19.5279
317	1.7768	1.8721	0.2903	0.0000	0.0000	19.1823
318	2.0064	1.8763	0.2892	0.0000	0.0000	19.3212
319	2.2067	1.8580	0.2892	0.0000	0.0000	18.4539
320	2.3775	1.8254	0.2914	0.0000	0.0000	19.1785
321	1.1967	1.5261	0.2870	0.0000	0.0000	19.4950
322	1.1871	1.5554	0.2870	0.0000	0.0000	19.6114
323	1.1909	1.6066	0.2881	0.0000	0.0000	19.3738
324	1.2319	1.6784	0.2914	0.0000	0.0000	19.3118
325	1.2603	1.7893	0.2837	0.0000	0.0000	19.2574
326	1.2393	1.9292	0.2870	0.0000	0.0000	19.5261
327	1.1754	2.0572	0.2815	0.0000	0.0000	19.2113
328	1.1414	2.1444	0.2815	0.0000	0.0000	19.6522
329	1.1573	2.2487	0.2730	0.0000	0.0000	20.3636
330	1.1894	2.3682	0.2698	0.0000	0.0000	21.0738
331	1.2050	1.5239	0.2793	0.0000	0.0000	19.5099
332	1.1732	1.5841	0.2783	0.0000	0.0000	19.6496
333	1.1145	1.6490	0.2804	0.0000	0.0000	19.5090
334	1.0085	1.7333	0.2793	0.0000	0.0000	19.7559
335	0.8864	1.8236	0.2783	0.0000	0.0000	19.8953
336	0.7690	1.9353	0.2815	0.0000	0.0000	19.4093
337	0.6070	2.0883	0.2793	0.0000	0.0000	19.6792
338	0.3959	2.2831	0.2837	0.0000	0.0000	19.7109
339	0.1506	2.4848	0.2859	0.0000	0.0000	19.5665
340	0.0000	2.6087	0.2826	0.0000	0.0000	19.9651
341	1.2269	1.4840	0.2815	0.0000	0.0000	19.6680
342	1.2834	1.4105	0.2709	0.0000	0.0000	21.2805
343	1.3786	1.3157	0.2826	0.0000	0.0000	19.6642
344	1.5006	1.2442	0.2914	0.0000	0.0000	19.2709
345	1.6257	1.2086	0.2870	0.0000	0.0000	19.5910
346	1.7571	1.1638	0.2903	0.0000	0.0000	19.3089
347	1.8559	1.0920	0.2730	0.0000	0.0000	21.0662
348	1.9732	0.9583	0.2881	0.0000	0.0000	19.5889
349	2.0771	0.8278	0.2892	0.0000	0.0000	19.7960
350	2.1644	0.7243	0.2892	0.0000	0.0000	19.5764
351	1.2200	1.5268	0.2881	0.0000	0.0000	19.6043
352	1.1845	1.5765	0.2892	0.0000	0.0000	19.6985
353	1.1136	1.6032	0.2892	0.0000	0.0000	19.3713
354	1.0050	1.6644	0.2903	0.0000	0.0000	19.6878
355	0.8560	1.7756	0.2925	0.0000	0.0000	19.7607
356	0.6581	1.9359	0.2959	0.0000	0.0000	19.2426
357	0.4228	2.1134	0.2892	0.0000	0.0000	20.0571
358	0.1829	2.2638	0.2892	0.0000	0.0000	18.6312
359	0.0000	2.4500	0.2740	0.0000	0.0000	21.5571
360	0.0000	2.6313	0.2937	0.0000	0.0000	18.8688
361	1.2042	1.5110	0.2959	0.0000	0.0000	17.8378
362	1.1877	1.5134	0.2730	0.0000	0.0000	22.0358
363	1.2173	1.4883	0.2892	0.0000	0.0000	19.5361
364	1.2923	1.4907	0.2948	0.0000	0.0000	17.9952
365	1.3801	1.5345	0.2772	0.0000	0.0000	21.2120
366	1.4809	1.5845	0.2937	0.0000	0.0000	18.1427
367	1.6329	1.6523	0.2751	0.0000	0.0000	21.5904
368	1.8304	1.7122	0.2937	0.0000	0.0000	19.4770
369	2.0726	1.7433	0.2903	0.0000	0.0000	20.1111
370	2.3648	1.7784	0.2925	0.0000	0.0000	19.5096
371	1.2026	1.5305	0.2815	0.0000	0.0000	20.9522
372	1.1792	1.5594	0.2826	0.0000	0.0000	20.3813
373	1.1377	1.5399	0.2751	0.0000	0.0000	20.8523
374	1.1084	1.4984	0.2859	0.0000	0.0000	19.7840
375	1.1105	1.4390	0.2859	0.0000	0.0000	20.0129
376	1.1500	1.3864	0.2793	0.0000	0.0000	21.1377
377	1.2058	1.3501	0.2925	0.0000	0.0000	20.0107
378	1.2159	1.3621	0.2971	0.0000	0.0000	18.1349
379	1.1935	1.4177	0.2783	0.0000	0.0000	21.6204
380	1.1497	1.4654	0.2982	0.0000	0.0000	18.0051
381	1.2053	1.5107	0.2925	0.0000	0.0000	20.2544
382	1.2081	1.5157	0.2937	0.0000	0.0000	19.6682
383	1.2075	1.5586	0.2859	0.0000	0.0000	20.2734
384	1.1707	1.6499	0.2914	0.0000	0.0000	19.6134
385	1.1085	1.7590	0.2892	0.0000	0.0000	20.1102
386	0.9864	1.9403	0.2937	0.0000	0.0000	19.4635
387	0.8148	2.1623	0.2881	0.0000	0.0000	19.8072
388	0.6195	2.3539	0.2925	0.0000	0.0000	19.7234
389	0.4312	2.5021	0.2892	0.0000	0.0000	20.2434
390	0.3088	2.6250	0.2948	0.0000	0.0000	19.4606
391	1.2235	1.5210	0.2892	0.0000	0.0000	20.1399
392	1.2541	1.5810	0.3005	0.0000	0.0000	18.7802
393	1.3058	1.6986	0.2937	0.0000	0.0000	19.7186
394	1.3980	1.8185	0.2925	0.0000	0.0000	19.8583
395	1.5205	1.9341	0.2994	0.0000	0.0000	19.1545
396	1.6694	2.0856	0.2959	0.0000	0.0000	19.7965
397	1.8025	2.2806	0.2937	0.0000	0.0000	18.7328
398	1.8963	2.4932	0.2982	0.0000	0.0000	19.3012
399	1.9828	2.6904	0.3017	0.0000	0.0000	19.4597
400	2.0463	2.8184	0.2982	0.0000	0.0000	19.4180
401	1.2139	1.4890	0.2925	0.0000	0.0000	19.5401
402	1.2747	1.4193	0.2948	0.0000	0.0000	19.7222
403	1.3665	1.3215	0.2903	0.0000	0.0000	20.0411
404	1.4201	1.2604	0.2959	0.0000	0.0000	19.3677
405	1.4310	1.2072	0.2937	0.0000	0.0000	20.0968
406	1.4351	1.1516	0.3005	0.0000	0.0000	19.9692
407	1.4768	1.0818	0.2881	0.0000	0.0000	21.4660
408	1.5636	0.9947	0.3052	0.0000	0.0000	19.7632
409	1.6335	0.9430	0.3099	0.0000	0.0000	18.0305
410	1.7037	0.8931	0.3087	0.0000	0.0000	19.6907
411	1.2231	1.5231	0.3111	0.0000	0.0000	19.2807
412	1.2457	1.5643	0.3135	0.0000	0.0000	19.2284
413	1.3091	1.5881	0.3087	0.0000	0.0000	19.3213
414	1.3910	1.6253	0.3064	0.0000	0.0000	19.6026
415	1.4374	1.6909	0.3017	0.0000	0.0000	19.6922
416	1.4840	1.7296	0.2971	0.0000	0.0000	19.8992
417	1.5502	1.7810	0.2982	0.0000	0.0000	17.8685
418	1.6581	1.8727	0.2948	0.0000	0.0000	19.8356
419	1.8080	2.0091	0.3005	0.0000	0.0000	19.4938
420	1.9503	2.1542	0.3087	0.0000	0.0000	18.8543
421	1.1943	1.4730	0.3052	0.0000	0.0000	19.5110
422	1.1978	1.4229	0.3064	0.0000	0.0000	19.6022
423	1.2071	1.3529	0.3040	0.0000	0.0000	17.8245
424	1.2279	1.2902	0.2925	0.0000	0.0000	21.0254
425	1.2758	1.2564	0.3040	0.0000	0.0000	19.7645
426	1.3466	1.2509	0.3087	0.0000	0.0000	17.8141
427	1.4350	1.2374	0.3052	0.0000	0.0000	19.6202
428	1.5701	1.1887	0.3029	0.0000	0.0000	19.8994
429	1.7553	1.1230	0.2959	0.0000	0.0000	19.8008
430	1.9314	1.0982	0.2971	0.0000	0.0000	19.0993
431	1.1700	1.5390	0.2925	0.0000	0.0000	19.7597
432	1.0932	1.6169	0.2925	0.0000	0.0000	19.6519
433	0.9786	1.7009	0.2994	0.0000	0.0000	19.2863
434	0.8610	1.7708	0.2994	0.0000	0.0000	20.2121
435	0.7672	1.8692	0.2881	0.0000	0.0000	20.8726
436	0.6569	2.0120	0.3052	0.0000	0.0000	19.0473
437	0.5345	2.1620	0.3052	0.0000	0.0000	19.2789
438	0.4201	2.3335	0.3052	0.0000	0.0000	19.7471
439	0.3401	2.5036	0.3076	0.0000	0.0000	19.2261
440	0.2990	2.7164	0.3040	0.0000	0.0000	19.4138
441	0.2870	2.9227	0.2971	0.0000	0.0000	19.9018
442	0.2663	3.0000	0.3017	0.0000	0.0000	19.8121
443	0.2200	3.0000	0.2994	0.0000	0.0000	19.7405
444	0.1931	3.0000	0.2982	0.0000	0.0000	19.7635
445	0.1986	3.0000	0.2971	0.0000	0.0000	19.9039
446	0.2518	3.0000	0.2772	0.0000	0.0000	21.5005
447	0.3090	3.0000	0.2892	0.0000	0.0000	19.9575
448	0.3817	3.0000	0.2959	0.0000	0.0000	18.1646
449	0.4893	3.0000	0.2826	0.0000	0.0000	21.3255
450	0.5999	3.0000	0.2994	0.0000	0.0000	19.5392
451	1.1828	1.5888	0.3005	0.0000	0.0000	18.1660
452	1.1920	1.5742	0.3005	0.0000	0.0000	19.6321
453	1.2327	1.5387	0.2971	0.0000	0.0000	20.1621
454	1.2895	1.5083	0.3076	0.0000	0.0000	19.0196
455	1.3469	1.4691	0.2994	0.0000	0.0000	19.6532
456	1.4199	1.4198	0.3029	0.0000	0.0000	19.9337
457	1.5068	1.4190	0.3052	0.0000	0.0000	19.1829
458	1.6362	1.4561	0.3040	0.0000	0.0000	19.2069
459	1.7904	1.5398	0.2948	0.0000	0.0000	20.0841
460	1.9017	1.6398	0.2994	0.0000	0.0000	19.5362
461	1.1656	1.4986	0.2937	0.0000	0.0000	19.8816
462	1.1180	1.4975	0.2959	0.0000	0.0000	19.7267
463	1.0577	1.4720	0.2925	0.0000	0.0000	19.9123
464	1.0282	1.4719	0.3029	0.0000	0.0000	19.2463
465	1.0127	1.5132	0.2937	0.0000	0.0000	20.0077
466	0.9567	1.5463	0.2982	0.0000	0.0000	19.6908
467	0.8896	1.5384	0.2937	0.0000	0.0000	19.8982
468	0.8623	1.5035	0.2994	0.0000	0.0000	19.2142
469	0.8314	1.5040	0.2925	0.0000	0.0000	20.1516
470	0.7957	1.5283	0.2959	0.0000	0.0000	19.7448
471	1.0831	1.4956	0.2971	0.0000	0.0000	19.7227
472	1.0400	1.4968	0.3005	0.0000	0.0000	20.0050
473	1.0232	1.4698	0.3005	0.0000	0.0000	19.5404
474	1.0508	1.4628	0.3052	0.0000	0.0000	19.3270
475	1.0980	1.4508	0.2982	0.0000	0.0000	19.8162
476	1.1826	1.4114	0.3029	0.0000	0.0000	19.6069
477	1.3153	1.3576	0.2948	0.0000	0.0000	19.8828
478	1.4955	1.3348	0.2994	0.0000	0.0000	19.7934
479	1.7251	1.3608	0.2959	0.0000	0.0000	19.7485
480	1.9341	1.4084	0.2959	0.0000	0.0000	20.0934
481	1.2305	1.5147	0.2959	0.0000	0.0000	19.8660
482	1.2583	1.5598	0.2959	0.0000	0.0000	19.5270
483	1.3037	1.6528	0.2948	0.0000	0.0000	19.8928
484	1.3531	1.7957	0.2948	0.0000	0.0000	20.0099
485	1.3807	1.9636	0.2837	0.0000	0.0000	21.2366
486	1.3703	2.1559	0.2982	0.0000	0.0000	19.6064
487	1.3802	2.3981	0.2994	0.0000	0.0000	18.0232
488	1.3969	2.6819	0.2959	0.0000	0.0000	20.1171
489	1.3912	2.9228	0.2948	0.0000	0.0000	18.4684
490	1.3902	3.0000	0.3040	0.0000	0.0000	19.4988
491	1.2291	1.5410	0.2982	0.0000	0.0000	19.8469
492	1.2802	1.5838	0.3040	0.0000	0.0000	19.7311
493	1.3623	1.6451	0.3017	0.0000	0.0000	19.3136
494	1.4374	1.7232	0.3017	0.0000	0.0000	19.8919
495	1.5193	1.7563	0.2870	0.0000	0.0000	21.3118
496	1.6622	1.8166	0.3017	0.0000	0.0000	19.6589
497	1.7791	1.8780	0.3076	0.0000	0.0000	19.5388
498	1.8935	1.9406	0.3099	0.0000	0.0000	19.1305
499	2.0210	2.0259	0.3064	0.0000	0.0000	19.6738
500	2.1140	2.0958	0.3064	0.0000	0.0000	20.0280
501	1.2035	1.4429	0.3029	0.0000	0.0000	19.2739
502	1.2587	1.3891	0.2959	0.0000	0.0000	20.3350
503	1.3571	1.3075	0.2971	0.0000	0.0000	19.6245
504	1.4852	1.2583	0.2948	0.0000	0.0000	20.1286
505	1.6156	1.2296	0.2971	0.0000	0.0000	19.5140
506	1.7617	1.1770	0.2937	0.0000	0.0000	18.8133
507	1.9338	1.0986	0.2826	0.0000	0.0000	21.2606
508	2.1559	1.0468	0.3017	0.0000	0.0000	19.7720
509	2.4177	1.0254	0.3040	0.0000	0.0000	17.9054
510	2.5818	1.0030	0.3064	0.0000	0.0000	19.7994
511	1.2280	1.5124	0.3029	0.0000	0.0000	20.3383
512	1.3080	1.4813	0.3040	0.0000	0.0000	19.2559
513	1.4181	1.4577	0.2925	0.0000	0.0000	20.1773
514	1.5073	1.4674	0.2914	0.0000	0.0000	20.4290
515	1.5811	1.4879	0.2925	0.0000	0.0000	19.2877
516	1.6752	1.5042	0.2881	0.0000	0.0000	20.0508
517	1.7950	1.4934	0.2948	0.0000	0.0000	17.8389
518	1.9497	1.4658	0.2892	0.0000	0.0000	21.4116
519	2.1423	1.4714	0.3052	0.0000	0.0000	19.7230
520	2.2737	1.4897	0.3111	0.0000	0.0000	19.6051
521	1.1932	1.5350	0.3160	0.0000	0.0000	19.5053
522	1.1879	1.5669	0.3172	0.0000	0.0000	19.5964
523	1.2326	1.5863	0.3099	0.0000	0.0000	19.6101
524	1.3272	1.6237	0.3123	0.0000	0.0000	19.4368
525	1.4719	1.6757	0.3005	0.0000	0.0000	20.4912
526	1.6590	1.7185	0.3017	0.0000	0.0000	19.6460
527	1.8848	1.7587	0.2948	0.0000	0.0000	19.7871
528	2.1395	1.8284	0.2948	0.0000	0.0000	18.3517
529	2.4052	1.9436	0.2971	0.0000	0.0000	19.2960
530	2.5937	2.0580	0.2959	0.0000	0.0000	19.8876
531	1.2321	1.5460	0.3017	0.0000	0.0000	17.7502
532	1.2692	1.6243	0.2870	0.0000	0.0000	21.3142
533	1.2971	1.7130	0.3052	0.0000	0.0000	19.0107
534	1.3140	1.8246	0.3076	0.0000	0.0000	19.5434
535	1.3140	1.9197	0.3029	0.0000	0.0000	19.8701
536	1.3049	2.0277	0.3029	0.0000	0.0000	19.4033
537	1.3378	2.1432	0.2994	0.0000	0.0000	19.8206
538	1.4194	2.2454	0.3029	0.0000	0.0000	19.5185
539	1.5392	2.3775	0.2982	0.0000	0.0000	19.3857
540	1.6366	2.5148	0.2837	0.0000	0.0000	21.7070
541	1.2195	1.5460	0.2959	0.0000	0.0000	19.8917
542	1.2411	1.6115	0.2994	0.0000	0.0000	19.4812
543	1.2696	1.6766	0.2982	0.0000	0.0000	20.0799
544	1.3441	1.7380	0.2937	0.0000	0.0000	19.6013
545	1.4554	1.7759	0.2914	0.0000	0.0000	19.9877
546	1.5628	1.8068	0.2903	0.0000	0.0000	19.7905
547	1.6790	1.8810	0.2914	0.0000	0.0000	20.2221
548	1.7994	2.0026	0.2826	0.0000	0.0000	21.3990
549	1.8885	2.1433	0.2982	0.0000	0.0000	19.6386
550	1.9424	2.2824	0.2982	0.0000	0.0000	18.4106
551	1.9738	2.4085	0.2994	0.0000	0.0000	19.7343
552	2.0397	2.6076	0.2994	0.0000	0.0000	19.5055
553	2.1212	2.8187	0.2982	0.0000	0.0000	19.5303
554	2.2407	3.0000	0.2948	0.0000	0.0000	19.9428
555	2.4074	3.0000	0.2948	0.0000	0.0000	20.2886
556	2.6127	3.0000	0.2892	0.0000	0.0000	20.5077
557	2.8602	3.0000	0.3017	0.0000	0.0000	19.8115
558	3.0000	3.0000	0.3029	0.0000	0.0000	19.6717
559	3.0000	3.0000	0.3076	0.0000	0.0000	19.3416
560	3.0000	3.0000	0.3029	0.0000	0.0000	19.6708
561	1.2192	1.5510	0.2837	0.0000	0.0000	21.6281
562	1.2246	1.6144	0.2937	0.0000	0.0000	20.4294
563	1.2440	1.6925	0.3029	0.0000	0.0000	19.2134
564	1.3070	1.7650	0.3017	0.0000	0.0000	19.8164
565	1.3589	1.8763	0.3005	0.0000	0.0000	19.4945
566	1.4086	1.9965	0.3017	0.0000	0.0000	18.2297
567	1.4935	2.1527	0.2982	0.0000	0.0000	19.8868
568	1.6229	2.3457	0.3017	0.0000	0.0000	19.9346
569	1.7446	2.5716	0.2994	0.0000	0.0000	20.2101
570	1.8304	2.7884	0.3029	0.0000	0.0000	19.6752
571	1.2075	1.5222	0.3029	0.0000	0.0000	19.5577
572	1.2364	1.5179	0.2994	0.0000	0.0000	19.8587
573	1.2941	1.5379	0.2994	0.0000	0.0000	19.8582
574	1.3585	1.6029	0.3017	0.0000	0.0000	19.5797
575	1.4101	1.6779	0.2870	0.0000	0.0000	21.3480
576	1.4943	1.7389	0.2994	0.0000	0.0000	19.9742
577	1.6022	1.7695	0.3029	0.0000	0.0000	19.6737
578	1.7129	1.7733	0.3005	0.0000	0.0000	19.8362
579	1.8294	1.7933	0.3017	0.0000	0.0000	19.9296
580	1.9138	1.8417	0.3005	0.0000	0.0000	19.8341
581	1.2347	1.5350	0.3005	0.0000	0.0000	19.7179
582	1.2540	1.5548	0.3029	0.0000	0.0000	17.7543
583	1.2982	1.5963	0.3005	0.0000	0.0000	19.8362
584	1.3612	1.6305	0.3005	0.0000	0.0000	19.8353
585	1.4305	1.6802	0.3076	0.0000	0.0000	19.5773
586	1.5112	1.7510	0.3029	0.0000	0.0000	19.5521
587	1.6085	1.7780	0.3005	0.0000	0.0000	20.7740
588	1.7501	1.7815	0.3052	0.0000	0.0000	19.1528
589	1.9184	1.7811	0.3005	0.0000	0.0000	19.9437
590	2.0783	1.7999	0.3029	0.0000	0.0000	19.5469
591	2.2183	1.8085	0.3005	0.0000	0.0000	19.7090
592	2.3487	1.8094	0.3029	0.0000	0.0000	19.4298
593	2.4828	1.8084	0.3005	0.0000	0.0000	18.3540
594	2.6544	1.8141	0.2881	0.0000	0.0000	21.2077
595	2.8402	1.8671	0.3017	0.0000	0.0000	19.6889
596	3.0000	1.9245	0.3017	0.0000	0.0000	19.5718
597	3.0000	2.0060	0.2982	0.0000	0.0000	20.3366
598	3.0000	2.1174	0.2982	0.0000	0.0000	19.6418
599	3.0000	2.2281	0.2959	0.0000	0.0000	20.0321
600	3.0000	2.3683	0.2937	0.0000	0.0000	19.9636
601	3.0000	2.5222	0.3005	0.0000	0.0000	18.2490
602	3.0000	2.7193	0.2859	0.0000	0.0000	21.2463
603	3.0000	2.9455	0.2994	0.0000	0.0000	19.8560
604	3.0000	3.0000	0.3029	0.0000	0.0000	19.5546
605	3.0000	3.0000	0.3005	0.0000	0.0000	19.7176
606	3.0000	3.0000	0.3052	0.0000	0.0000	19.3878
607	3.0000	3.0000	0.3005	0.0000	0.0000	19.7146
608	3.0000	3.0000	0.2982	0.0000	0.0000	19.7614
609	3.0000	3.0000	0.2937	0.0000	0.0000	18.5306
610	3.0000	3.0000	0.2804	0.0000	0.0000	21.4514
1	0.0000	0.0000	0.0000	0.0000	0.0000	0.0000
2	0.0000	0.0000	0.1415	0.0000	0.0000	0.0000
3	0.0000	0.0000	0.1415	0.0000	0.0000	0.0000
4	0.0000	0.0000	0.1421	0.0000	0.0000	0.0000
5	0.0000	0.0000	0.1421	0.0000	0.0000	0.0000
6	0.0000	0.0000	0.1434	0.0000	0.0000	0.0000
7	0.0000	0.0000	0.1440	0.0000	0.0000	0.0000
8	0.0000	0.0000	0.1428	0.0000	0.0000	0.0000
9	0.0000	0.0000	0.1434	0.0000	0.0000	0.0000
10	0.0000	0.0000	0.1453	0.0000	0.0000	0.0000
11	1.2758	1.5428	0.1428	0.0000	0.0000	3.2730
12	1.2750	1.5420	0.1434	0.0000	0.0000	3.3388
13	1.2737	1.5407	0.1415	0.0000	0.0000	3.5197
14	1.2719	1.5388	0.1428	0.0000	0.0000	3.5087
15	1.2693	1.5362	0.1434	0.0000	0.0000	3.4457
16	1.2663	1.5330	0.1453	0.0000	0.0000	3.4200
17	1.2628	1.5292	0.1415	0.0000	0.0000	3.9622
18	1.2588	1.5247	0.1440	0.0000	0.0000	3.7317
19	1.2542	1.5197	0.1460	0.0000	0.0000	3.4476
20	1.2512	1.5164	0.1428	0.0000	0.0000	3.9470
21	1.3025	1.5756	0.1428	0.0000	0.0000	3.9618
22	1.3016	1.5746	0.1440	0.0000	0.0000	3.7575
23	1.2999	1.5729	0.1284	0.0000	0.0000	5.7141
24	1.2976	1.5708	0.1415	0.0000	0.0000	4.5468
25	1.2940	1.5685	0.1428	0.0000	0.0000	4.1505
26	1.2895	1.5656	0.1453	0.0000	0.0000	4.3047
27	1.2843	1.5622	0.1434	0.0000	0.0000	4.2937
28	1.2784	1.5582	0.1460	0.0000	0.0000	4.2536
29	1.2718	1.5538	0.1302	0.0000	0.0000	5.9672
30	1.2674	1.5509	0.1428	0.0000	0.0000	4.7687
31	1.2915	1.5519	0.1421	0.0000	0.0000	4.5402
32	1.2903	1.5511	0.1248	0.0000	0.0000	7.0174
33	1.2880	1.5495	0.1402	0.0000	0.0000	5.1210
34	1.2856	1.5472	0.1421	0.0000	0.0000	4.2141
35	1.2824	1.5444	0.1352	0.0000	0.0000	5.6931
36	1.2784	1.5408	0.1428	0.0000	0.0000	5.2457
37	1.2737	1.5365	0.1428	0.0000	0.0000	5.2605
38	1.2684	1.5316	0.1434	0.0000	0.0000	5.1998
39	1.2623	1.5239	0.1415	0.0000	0.0000	5.5104
40	1.2567	1.5115	0.1440	0.0000	0.0000	5.1368
41	1.2614	1.5141	0.1358	0.0000	0.0000	6.2707
42	1.2498	1.5133	0.1415	0.0000	0.0000	5.6678
43	1.2364	1.5118	0.1421	0.0000	0.0000	5.6071
44	1.2238	1.5070	0.1421	0.0000	0.0000	5.7508
45	1.2091	1.5023	0.1421	0.0000	0.0000	5.8306
46	1.1912	1.4981	0.1428	0.0000	0.0000	5.2627
47	1.1729	1.4962	0.1345	0.0000	0.0000	6.8987
48	1.1549	1.4957	0.1453	0.0000	0.0000	5.8102
49	1.1353	1.4985	0.1428	0.0000	0.0000	5.3154
50	1.1234	1.5001	0.1440	0.0000	0.0000	5.2708
51	1.3074	1.5345	0.1421	0.0000	0.0000	6.2133
52	1.2989	1.5379	0.1447	0.0000	0.0000	5.3531
53	1.2886	1.5419	0.1327	0.0000	0.0000	7.3769
54	1.2789	1.5444	0.1434	0.0000	0.0000	6.5540
55	1.2672	1.5468	0.1415	0.0000	0.0000	6.9940
56	1.2568	1.5490	0.1453	0.0000	0.0000	6.4145
57	1.2432	1.5510	0.1434	0.0000	0.0000	6.4694
58	1.2294	1.5522	0.1434	0.0000	0.0000	6.8685
59	1.2211	1.5499	0.1421	0.0000	0.0000	7.1012
60	1.2176	1.5463	0.1440	0.0000	0.0000	6.9322
61	1.2901	1.5553	0.1434	0.0000	0.0000	6.8796
62	1.2916	1.5513	0.1428	0.0000	0.0000	7.0355
63	1.2922	1.5450	0.1428	0.0000	0.0000	6.9867
64	1.2912	1.5369	0.1440	0.0000	0.0000	7.1036
65	1.2870	1.5281	0.1396	0.0000	0.0000	7.7845
66	1.2826	1.5192	0.1434	0.0000	0.0000	7.2114
67	1.2785	1.5134	0.1428	0.0000	0.0000	6.7375
68	1.2719	1.5060	0.1428	0.0000	0.0000	7.3837
69	1.2631	1.4979	0.1415	0.0000	0.0000	7.7446
70	1.2603	1.4861	0.1352	0.0000	0.0000	8.6291
71	1.2957	1.5129	0.1408	0.0000	0.0000	7.8201
72	1.2883	1.5175	0.1421	0.0000	0.0000	7.8094
73	1.2818	1.5151	0.1421	0.0000	0.0000	8.1452
74	1.2640	1.5261	0.1460	0.0000	0.0000	7.5012
75	1.2340	1.5590	0.1421	0.0000	0.0000	8.1095
76	1.1896	1.5884	0.1428	0.0000	0.0000	8.4977
77	1.1449	1.6053	0.1434	0.0000	0.0000	7.9206
78	1.0887	1.6477	0.1421	0.0000	0.0000	8.5375
79	1.0305	1.6864	0.1415	0.0000	0.0000	8.4368
80	0.9865	1.7026	0.1428	0.0000	0.0000	8.4739
81	1.2830	1.5864	0.1415	0.0000	0.0000	8.8351
82	1.2656	1.5928	0.1440	0.0000	0.0000	8.7343
83	1.2367	1.5810	0.1440	0.0000	0.0000	8.4261
84	1.1932	1.5851	0.1440	0.0000	0.0000	8.7613
85	1.1537	1.5909	0.1415	0.0000	0.0000	9.2128
86	1.1078	1.6023	0.1447	0.0000	0.0000	8.8402
87	1.0336	1.6142	0.1434	0.0000	0.0000	9.0094
88	0.9553	1.6165	0.1434	0.0000	0.0000	9.0875
89	0.8905	1.6114	0.1447	0.0000	0.0000	8.9474
90	0.8381	1.6091	0.1434	0.0000	0.0000	9.2297
91	1.2572	1.4887	0.1428	0.0000	0.0000	9.3865
92	1.2659	1.4448	0.1421	0.0000	0.0000	8.8451
93	1.2663	1.4161	0.1345	0.0000	0.0000	10.5322
94	1.2626	1.4137	0.1440	0.0000	0.0000	8.7569
95	1.2545	1.4018	0.1352	0.0000	0.0000	10.7295
96	1.2629	1.3688	0.1434	0.0000	0.0000	9.7549
97	1.2484	1.3438	0.1415	0.0000	0.0000	9.8734
98	1.2266	1.3143	0.1453	0.0000	0.0000	9.6171
99	1.2032	1.2813	0.1408	0.0000	0.0000	10.3006
100	1.1897	1.2469	0.1421	0.0000	0.0000	10.0812
101	1.2537	1.5413	0.1421	0.0000	0.0000	9.9683
102	1.2582	1.5317	0.1434	0.0000	0.0000	10.1497
103	1.2662	1.5160	0.1415	0.0000	0.0000	10.0774
104	1.2634	1.4939	0.1434	0.0000	0.0000	9.6102
105	1.2427	1.4818	0.1333	0.0000	0.0000	11.5349
106	1.2210	1.4638	0.1428	0.0000	0.0000	10.6083
107	1.1989	1.4414	0.1415	0.0000	0.0000	10.4574
108	1.1741	1.4132	0.1428	0.0000	0.0000	10.7032
109	1.1501	1.3891	0.1415	0.0000	0.0000	10.8722
110	1.1318	1.3777	0.1460	0.0000	0.0000	10.2010
111	1.2510	1.5097	0.1428	0.0000	0.0000	10.9090
112	1.2545	1.5145	0.1440	0.0000	0.0000	10.9625
113	1.2664	1.5094	0.1415	0.0000	0.0000	10.9644
114	1.2786	1.4993	0.1440	0.0000	0.0000	11.1214
115	1.2863	1.4725	0.1408	0.0000	0.0000	11.5213
116	1.2912	1.4632	0.1440	0.0000	0.0000	11.0227
117	1.3041	1.4586	0.1358	0.0000	0.0000	12.1575
118	1.2865	1.4545	0.1428	0.0000	0.0000	11.4652
119	1.2469	1.4491	0.1434	0.0000	0.0000	10.6448
120	1.2116	1.4402	0.1447	0.0000	0.0000	11.3760
121	1.2705	1.5111	0.1434	0.0000	0.0000	11.6740
122	1.2911	1.4832	0.1434	0.0000	0.0000	12.0768
123	1.3220	1.4520	0.1440	0.0000	0.0000	11.4327
124	1.3308	1.4222	0.1447	0.0000	0.0000	11.6252
125	1.3450	1.3753	0.1408	0.0000	0.0000	12.1028
126	1.3513	1.3317	0.1453	0.0000	0.0000	11.7045
127	1.3549	1.2934	0.1415	0.0000	0.0000	12.1828
128	1.3564	1.2497	0.1434	0.0000	0.0000	12.2229
129	1.3502	1.2127	0.1428	0.0000	0.0000	12.3140
130	1.3326	1.1860	0.1440	0.0000	0.0000	12.4810
131	1.2415	1.5193	0.1421	0.0000	0.0000	11.6952
132	1.2424	1.5240	0.1440	0.0000	0.0000	12.2370
133	1.2341	1.5219	0.1428	0.0000	0.0000	12.4704
134	1.2280	1.5180	0.1415	0.0000	0.0000	12.7032
135	1.2170	1.5263	0.1421	0.0000	0.0000	12.5778
136	1.2033	1.5312	0.1421	0.0000	0.0000	12.7839
137	1.2005	1.5274	0.1421	0.0000	0.0000	12.9914
138	1.1936	1.5257	0.1466	0.0000	0.0000	11.5801
139	1.1856	1.5197	0.1421	0.0000	0.0000	13.0860
140	1.1821	1.5075	0.1370	0.0000	0.0000	13.8709
141	1.2534	1.5275	0.1440	0.0000	0.0000	13.0446
142	1.2553	1.5283	0.1453	0.0000	0.0000	12.9031
143	1.2593	1.5336	0.1421	0.0000	0.0000	13.1136
144	1.2716	1.5211	0.1434	0.0000	0.0000	13.4865
145	1.2899	1.4976	0.1415	0.0000	0.0000	13.5383
146	1.2891	1.4727	0.1453	0.0000	0.0000	13.1382
147	1.2770	1.4590	0.1415	0.0000	0.0000	12.8625
148	1.2515	1.4609	0.1453	0.0000	0.0000	13.5528
149	1.2433	1.4247	0.1408	0.0000	0.0000	14.0426
150	1.2295	1.3883	0.1453	0.0000	0.0000	13.8239
151	1.2413	1.5162	0.1453	0.0000	0.0000	13.5785
152	1.2296	1.5319	0.1440	0.0000	0.0000	14.0063
153	1.2413	1.5184	0.1415	0.0000	0.0000	14.1359
154	1.2586	1.4912	0.1434	0.0000	0.0000	13.3521
155	1.2628	1.4942	0.1327	0.0000	0.0000	15.5423
156	1.2729	1.4893	0.1434	0.0000	0.0000	14.3354
157	1.2882	1.4724	0.1447	0.0000	0.0000	14.5174
158	1.2838	1.4568	0.1453	0.0000	0.0000	14.2577
159	1.2910	1.4608	0.1447	0.0000	0.0000	13.6357
160	1.3145	1.4487	0.1473	0.0000	0.0000	14.2124
161	1.2187	1.5233	0.1453	0.0000	0.0000	14.5093
162	1.2125	1.4960	0.1453	0.0000	0.0000	14.3949
163	1.1910	1.4839	0.1440	0.0000	0.0000	13.8093
164	1.1199	1.4940	0.1345	0.0000	0.0000	15.7223
165	1.0227	1.5136	0.1428	0.0000	0.0000	15.1379
166	0.9096	1.5477	0.1440	0.0000	0.0000	14.1728
167	0.7915	1.6044	0.1333	0.0000	0.0000	16.1744
168	0.6636	1.6615	0.1440	0.0000	0.0000	15.0285
169	0.5507	1.7022	0.1466	0.0000	0.0000	14.2875
170	0.4739	1.7062	0.1408	0.0000	0.0000	16.0089
171	1.2729	1.5296	0.1415	0.0000	0.0000	15.4926
172	1.2923	1.5118	0.1453	0.0000	0.0000	15.4933
173	1.3204	1.4791	0.1447	0.0000	0.0000	15.5835
174	1.3326	1.4737	0.1466	0.0000	0.0000	15.4264
175	1.3223	1.4660	0.1453	0.0000	0.0000	15.7270
176	1.3215	1.4203	0.1473	0.0000	0.0000	15.6994
177	1.3473	1.3245	0.1440	0.0000	0.0000	15.9717
178	1.3959	1.2188	0.1473	0.0000	0.0000	15.8538
179	1.4220	1.1456	0.1440	0.0000	0.0000	16.1903
180	1.4456	1.0699	0.1466	0.0000	0.0000	15.7460
181	1.2382	1.5170	0.1479	0.0000	0.0000	15.7799
182	1.2395	1.4984	0.1377	0.0000	0.0000	17.1575
183	1.2113	1.5075	0.1440	0.0000	0.0000	16.2767
184	1.1888	1.5211	0.1473	0.0000	0.0000	15.3282
185	1.1955	1.5059	0.1370	0.0000	0.0000	17.4694
186	1.2253	1.4733	0.1460	0.0000	0.0000	16.4086
187	1.2339	1.4711	0.1473	0.0000	0.0000	15.5009
188	1.2478	1.4501	0.1370	0.0000	0.0000	17.6395
189	1.2868	1.4073	0.1466	0.0000	0.0000	16.7605
190	1.3203	1.3875	0.1460	0.0000	0.0000	16.8356
191	1.1689	1.5016	0.1460	0.0000	0.0000	16.7183
192	1.1686	1.4960	0.1460	0.0000	0.0000	16.9899
193	1.1884	1.4535	0.1447	0.0000	0.0000	17.0930
194	1.2243	1.3896	0.1512	0.0000	0.0000	16.6427
195	1.2822	1.3177	0.1460	0.0000	0.0000	17.4168
196	1.2969	1.2544	0.1499	0.0000	0.0000	17.2844
197	1.2877	1.2176	0.1493	0.0000	0.0000	16.9136
198	1.3043	1.1892	0.1486	0.0000	0.0000	17.4616
199	1.3020	1.1758	0.1460	0.0000	0.0000	17.7856
200	1.2951	1.1668	0.1479	0.0000	0.0000	17.6616
201	1.3819	1.5950	0.1493	0.0000	0.0000	17.5133
202	1.3870	1.6108	0.1493	0.0000	0.0000	17.5081
203	1.4066	1.6175	0.1486	0.0000	0.0000	17.2723
204	1.4349	1.5949	0.1493	0.0000	0.0000	17.7924
205	1.4687	1.5542	0.1466	0.0000	0.0000	17.5962
206	1.5243	1.4727	0.1396	0.0000	0.0000	18.9780
207	1.5981	1.3433	0.1473	0.0000	0.0000	17.9304
208	1.6886	1.2005	0.1493	0.0000	0.0000	17.9003
209	1.7618	1.0887	0.1447	0.0000	0.0000	18.4605
210	1.8470	0.9810	0.1479	0.0000	0.0000	17.3584
211	1.2665	1.5314	0.1479	0.0000	0.0000	16.6872
212	1.2335	1.5315	0.1499	0.0000	0.0000	18.1134
213	1.2328	1.5016	0.1486	0.0000	0.0000	18.1519
214	1.2361	1.4470	0.1479	0.0000	0.0000	18.8989
215	1.2157	1.3891	0.1479	0.0000	0.0000	18.3174
216	1.2361	1.3073	0.1479	0.0000	0.0000	18.7860
217	1.2850	1.2027	0.1460	0.0000	0.0000	18.8351
218	1.3238	1.1243	0.1493	0.0000	0.0000	18.6992
219	1.3629	1.0182	0.1460	0.0000	0.0000	19.1687
220	1.4009	0.9419	0.1512	0.0000	0.0000	18.5318
221	1.3993	1.6034	0.1506	0.0000	0.0000	19.0014
222	1.4473	1.5761	0.1506	0.0000	0.0000	19.0768
223	1.4892	1.5323	0.1526	0.0000	0.0000	18.1929
224	1.5027	1.4584	0.1473	0.0000	0.0000	20.2289
225	1.5188	1.3440	0.1635	0.0000	0.0000	18.5578
226	1.5587	1.2052	0.1663	0.0000	0.0000	18.1531
227	1.5740	1.0582	0.1573	0.0000	0.0000	20.1374
228	1.5727	0.9495	0.1749	0.0000	0.0000	18.6572
229	1.5356	0.8727	0.1779	0.0000	0.0000	17.7975
230	1.5074	0.8332	0.1801	0.0000	0.0000	18.8709
231	1.2412	1.5660	0.1801	0.0000	0.0000	18.8574
232	1.2662	1.5863	0.1809	0.0000	0.0000	18.1696
233	1.3175	1.5727	0.1699	0.0000	0.0000	20.6561
234	1.3505	1.5543	0.1801	0.0000	0.0000	19.5631
235	1.3571	1.5101	0.1831	0.0000	0.0000	18.1531
236	1.3606	1.4487	0.1713	0.0000	0.0000	20.6644
237	1.3603	1.3822	0.1839	0.0000	0.0000	18.2427
238	1.3965	1.2647	0.1877	0.0000	0.0000	19.5701
239	1.4783	1.1272	0.1892	0.0000	0.0000	19.2859
240	1.5616	0.9920	0.1939	0.0000	0.0000	19.2373
241	1.2689	1.5345	0.1955	0.0000	0.0000	17.7981
242	1.2874	1.5724	0.1862	0.0000	0.0000	20.7518
243	1.3356	1.6041	0.1931	0.0000	0.0000	19.5712
244	1.4151	1.6300	0.2011	0.0000	0.0000	19.3061
245	1.4995	1.6252	0.2019	0.0000	0.0000	19.2594
246	1.6231	1.5793	0.2060	0.0000	0.0000	19.1428
247	1.7965	1.4911	0.2052	0.0000	0.0000	19.4537
248	1.9915	1.3819	0.2110	0.0000	0.0000	18.9673
249	2.2103	1.2636	0.2093	0.0000	0.0000	19.2969
250	2.3879	1.1994	0.2110	0.0000	0.0000	19.0494
251	1.2316	1.5513	0.2076	0.0000	0.0000	19.4043
252	1.2735	1.5984	0.2110	0.0000	0.0000	19.2979
253	1.2910	1.6956	0.2118	0.0000	0.0000	19.5769
254	1.2782	1.8109	0.2152	0.0000	0.0000	19.1300
255	1.2642	1.8999	0.2186	0.0000	0.0000	18.2600
256	1.2106	2.0192	0.2265	0.0000	0.0000	18.7959
257	1.1434	2.1130	0.2283	0.0000	0.0000	19.5053
258	1.0792	2.2309	0.2301	0.0000	0.0000	19.6864
259	1.0310	2.3557	0.2347	0.0000	0.0000	19.0827
260	1.0104	2.4419	0.2384	0.0000	0.0000	19.4031
261	1.2214	1.5965	0.2374	0.0000	0.0000	19.3593
262	1.2084	1.5517	0.2283	0.0000	0.0000	20.6702
263	1.1865	1.4805	0.2328	0.0000	0.0000	19.4221
264	1.1488	1.4223	0.2374	0.0000	0.0000	19.3617
265	1.1488	1.3710	0.2310	0.0000	0.0000	19.6142
266	1.1755	1.3092	0.2347	0.0000	0.0000	19.5692
267	1.1980	1.2372	0.2347	0.0000	0.0000	18.9666
268	1.2089	1.1355	0.2356	0.0000	0.0000	19.5260
269	1.1849	1.0324	0.2402	0.0000	0.0000	19.4639
270	1.1297	0.9482	0.2430	0.0000	0.0000	19.3364
271	1.2218	1.5542	0.2478	0.0000	0.0000	18.9761
272	1.1584	1.5757	0.2468	0.0000	0.0000	19.4998
273	1.1005	1.6297	0.2468	0.0000	0.0000	19.5278
274	1.0505	1.6920	0.2556	0.0000	0.0000	19.3787
275	1.0223	1.7170	0.2536	0.0000	0.0000	19.2442
276	0.9830	1.7262	0.2536	0.0000	0.0000	19.2675
277	0.9003	1.7039	0.2507	0.0000	0.0000	19.1591
278	0.7859	1.6935	0.2478	0.0000	0.0000	19.6294
279	0.6490	1.6754	0.2449	0.0000	0.0000	19.7127
280	0.5389	1.6496	0.2497	0.0000	0.0000	18.7794
281	1.2036	1.5333	0.2478	0.0000	0.0000	19.5147
282	1.1494	1.5653	0.2497	0.0000	0.0000	19.3094
283	1.0875	1.6474	0.2488	0.0000	0.0000	19.7399
284	0.9918	1.7787	0.2527	0.0000	0.0000	19.6866
285	0.8476	1.9569	0.2517	0.0000	0.0000	18.0236
286	0.6845	2.1421	0.2527	0.0000	0.0000	19.9321
287	0.5549	2.2914	0.2566	0.0000	0.0000	19.1860
288	0.4548	2.4651	0.2586	0.0000	0.0000	19.7615
289	0.3337	2.6628	0.2616	0.0000	0.0000	19.4187
290	0.2374	2.8246	0.2657	0.0000	0.0000	19.1468
291	1.2520	1.4792	0.2616	0.0000	0.0000	19.3481
292	1.3172	1.4330	0.2616	0.0000	0.0000	19.7719
293	1.3945	1.3678	0.2546	0.0000	0.0000	18.5744
294	1.4714	1.2817	0.2488	0.0000	0.0000	21.1561
295	1.5321	1.1854	0.2606	0.0000	0.0000	19.8590
296	1.5800	1.0641	0.2667	0.0000	0.0000	18.2476
297	1.6256	0.9422	0.2497	0.0000	0.0000	21.2031
298	1.6311	0.8400	0.2709	0.0000	0.0000	19.4052
299	1.6053	0.7430	0.2698	0.0000	0.0000	18.2262
300	1.5717	0.6989	0.2783	0.0000	0.0000	19.0690
301	1.2048	1.5420	0.2751	0.0000	0.0000	19.6786
302	1.1953	1.5040	0.2616	0.0000	0.0000	21.0925
303	1.1860	1.4386	0.2793	0.0000	0.0000	19.1920
304	1.1735	1.3741	0.2815	0.0000	0.0000	19.5911
305	1.1286	1.2863	0.2647	0.0000	0.0000	20.9767
306	1.1081	1.1615	0.2772	0.0000	0.0000	19.5917
307	1.1285	1.0214	0.2698	0.0000	0.0000	20.1699
308	1.1928	0.8869	0.2566	0.0000	0.0000	21.6643
309	1.2970	0.7507	0.2647	0.0000	0.0000	20.1908
310	1.3603	0.6567	0.2688	0.0000	0.0000	19.6076
311	1.2631	1.5770	0.2667	0.0000	0.0000	19.6659
312	1.2808	1.6237	0.2667	0.0000	0.0000	19.6820
313	1.2729	1.6808	0.2626	0.0000	0.0000	20.7058
314	1.2706	1.7160	0.2596	0.0000	0.0000	21.1896
315	1.3064	1.7336	0.2719	0.0000	0.0000	19.8315
316	1.3632	1.7461	0.2772	0.0000	0.0000	19.4200
317	1.3951	1.7422	0.2793	0.0000	0.0000	19.7053
318	1.4297	1.7008	0.2783	0.0000	0.0000	19.9517
319	1.5000	1.6382	0.2793	0.0000	0.0000	19.7247
320	1.5869	1.5707	0.2688	0.0000	0.0000	21.3279
321	1.2620	1.5227	0.2772	0.0000	0.0000	20.0024
322	1.2969	1.4738	0.2815	0.0000	0.0000	18.1288
323	1.3045	1.4554	0.2626	0.0000	0.0000	21.6688
324	1.2884	1.4358	0.2793	0.0000	0.0000	19.6754
325	1.2644	1.4176	0.2783	0.0000	0.0000	19.8164
326	1.2239	1.3905	0.2804	0.0000	0.0000	19.5697
327	1.1694	1.3723	0.2804	0.0000	0.0000	19.9037
328	1.0694	1.3565	0.2826	0.0000	0.0000	19.4363
329	0.9337	1.3511	0.2804	0.0000	0.0000	19.8143
330	0.8267	1.3549	0.2804	0.0000	0.0000	20.0389
331	1.2343	1.5166	0.2815	0.0000	0.0000	19.5912
332	1.2846	1.4932	0.2783	0.0000	0.0000	19.8815
333	1.3755	1.4560	0.2815	0.0000	0.0000	19.5037
334	1.4844	1.4538	0.2783	0.0000	0.0000	20.1197
335	1.5507	1.5016	0.2793	0.0000	0.0000	19.5714
336	1.5797	1.5942	0.2772	0.0000	0.0000	18.6895
337	1.6043	1.6757	0.2657	0.0000	0.0000	21.4476
338	1.6696	1.7226	0.2783	0.0000	0.0000	20.2723
339	1.7791	1.7685	0.2870	0.0000	0.0000	19.4569
340	1.8474	1.8173	0.2719	0.0000	0.0000	19.9853
341	1.2276	1.6143	0.2815	0.0000	0.0000	20.0197
342	1.1977	1.5967	0.2837	0.0000	0.0000	18.2791
343	1.1846	1.5785	0.2688	0.0000	0.0000	21.2400
344	1.1747	1.5580	0.2826	0.0000	0.0000	20.2472
345	1.1716	1.5494	0.2837	0.0000	0.0000	19.5794
346	1.1650	1.5337	0.2837	0.0000	0.0000	19.9148
347	1.1451	1.5277	0.2837	0.0000	0.0000	19.8138
348	1.1579	1.4863	0.2870	0.0000	0.0000	19.7549
349	1.1884	1.4087	0.2870	0.0000	0.0000	19.8711
350	1.2134	1.3488	0.2914	0.0000	0.0000	19.3403
351	1.2322	1.5302	0.2925	0.0000	0.0000	19.2113
352	1.2324	1.4826	0.2837	0.0000	0.0000	19.8425
353	1.2747	1.4222	0.2848	0.0000	0.0000	19.8287
354	1.3671	1.3319	0.2859	0.0000	0.0000	19.8143
355	1.5055	1.1915	0.2837	0.0000	0.0000	19.9775
356	1.6438	1.0406	0.2859	0.0000	0.0000	18.2298
357	1.8005	0.8577	0.2657	0.0000	0.0000	22.0482
358	1.9881	0.6249	0.2793	0.0000	0.0000	20.3115
359	2.2136	0.3420	0.2761	0.0000	0.0000	18.9188
360	2.4213	0.0837	0.2804	0.0000	0.0000	19.5615
361	1.2378	1.5538	0.2772	0.0000	0.0000	18.9138
362	1.2128	1.5947	0.2804	0.0000	0.0000	19.5818
363	1.1404	1.6533	0.2761	0.0000	0.0000	20.3207
364	1.0200	1.6734	0.2740	0.0000	0.0000	20.6939
365	0.8974	1.6546	0.2793	0.0000	0.0000	19.9594
366	0.7965	1.6617	0.2793	0.0000	0.0000	20.0761
367	0.7240	1.7001	0.2848	0.0000	0.0000	19.0066
368	0.6763	1.7486	0.2804	0.0000	0.0000	21.2813
369	0.6315	1.8089	0.2914	0.0000	0.0000	20.3036
370	0.6047	1.8287	0.3029	0.0000	0.0000	18.8195
371	1.2316	1.5509	0.2994	0.0000	0.0000	19.9262
372	1.2240	1.5076	0.2994	0.0000	0.0000	19.3527
373	1.2062	1.4315	0.2903	0.0000	0.0000	18.7864
374	1.1498	1.3520	0.2815	0.0000	0.0000	20.9440
375	1.0991	1.2372	0.2859	0.0000	0.0000	20.4250
376	1.0456	1.0871	0.2892	0.0000	0.0000	19.6997
377	0.9469	0.9475	0.2870	0.0000	0.0000	20.1938
378	0.7982	0.7807	0.2881	0.0000	0.0000	19.8454
379	0.6105	0.5987	0.2892	0.0000	0.0000	20.0512
380	0.4635	0.4517	0.2903	0.0000	0.0000	19.9205
381	1.2117	1.5186	0.2948	0.0000	0.0000	19.9463
382	1.2700	1.4513	0.2859	0.0000	0.0000	21.7120
383	1.3703	1.3431	0.3017	0.0000	0.0000	19.6970
384	1.4414	1.2233	0.3005	0.0000	0.0000	19.7209
385	1.4831	1.1010	0.2982	0.0000	0.0000	19.9989
386	1.5574	1.0274	0.3017	0.0000	0.0000	19.8154
387	1.6246	0.9888	0.3017	0.0000	0.0000	16.9349
388	1.6538	0.9608	0.2994	0.0000	0.0000	20.0953
389	1.6894	0.8995	0.3005	0.0000	0.0000	18.2582
390	1.7481	0.8678	0.3005	0.0000	0.0000	19.9562
391	1.2140	1.5404	0.3005	0.0000	0.0000	19.6079
392	1.2053	1.5334	0.2994	0.0000	0.0000	20.4453
393	1.2292	1.5285	0.3017	0.0000	0.0000	19.0111
394	1.2249	1.5108	0.2948	0.0000	0.0000	19.7267
395	1.1762	1.5071	0.2937	0.0000	0.0000	19.9783
396	1.1157	1.5534	0.2937	0.0000	0.0000	19.8670
397	1.0778	1.6497	0.2959	0.0000	0.0000	20.0533
398	1.0411	1.7861	0.2994	0.0000	0.0000	19.3025
399	1.0178	1.9130	0.2837	0.0000	0.0000	21.1911
400	1.0175	1.9747	0.2971	0.0000	0.0000	19.6968
401	1.1620	1.4130	0.2837	0.0000	0.0000	21.6521
402	1.2106	1.3621	0.3005	0.0000	0.0000	19.5163
403	1.2238	1.3074	0.3017	0.0000	0.0000	19.6069
404	1.2385	1.2110	0.2994	0.0000	0.0000	20.1161
405	1.2255	1.1072	0.3017	0.0000	0.0000	19.7208
406	1.1724	1.0086	0.3017	0.0000	0.0000	19.8363
407	1.1301	0.8912	0.3040	0.0000	0.0000	19.4392
408	1.0857	0.7664	0.2971	0.0000	0.0000	20.0421
409	1.0546	0.6025	0.2982	0.0000	0.0000	19.5625
410	1.0553	0.4493	0.2982	0.0000	0.0000	19.9074
411	1.1120	1.4621	0.2925	0.0000	0.0000	19.7977
412	1.0405	1.5036	0.2903	0.0000	0.0000	18.8647
413	0.9813	1.5424	0.2793	0.0000	0.0000	21.3944
414	0.9664	1.5610	0.2959	0.0000	0.0000	19.8570
415	0.9767	1.5594	0.2959	0.0000	0.0000	19.4096
416	1.0285	1.5213	0.2994	0.0000	0.0000	19.6802
417	1.1165	1.4722	0.2971	0.0000	0.0000	19.9571
418	1.2114	1.3954	0.3040	0.0000	0.0000	19.8205
419	1.3146	1.2721	0.2937	0.0000	0.0000	20.7164
420	1.3780	1.1802	0.3029	0.0000	0.0000	19.4980
421	1.2222	1.5175	0.2994	0.0000	0.0000	19.6860
422	1.2693	1.4661	0.2959	0.0000	0.0000	19.9848
423	1.2937	1.3703	0.2982	0.0000	0.0000	19.8263
424	1.3245	1.2486	0.3017	0.0000	0.0000	19.5253
425	1.3531	1.1458	0.2937	0.0000	0.0000	19.6958
426	1.3554	1.0906	0.2914	0.0000	0.0000	18.7621
427	1.3161	1.0615	0.2937	0.0000	0.0000	19.5924
428	1.2805	1.0727	0.2948	0.0000	0.0000	19.7963
429	1.2539	1.1339	0.2982	0.0000	0.0000	19.6140
430	1.2166	1.2146	0.2914	0.0000	0.0000	21.3583
431	1.2068	1.5140	0.3029	0.0000	0.0000	19.5204
432	1.2085	1.4661	0.3123	0.0000	0.0000	19.5597
433	1.1746	1.4411	0.3148	0.0000	0.0000	19.6253
434	1.1463	1.4175	0.3234	0.0000	0.0000	19.3207
435	1.1043	1.4097	0.3172	0.0000	0.0000	19.6796
436	1.1040	1.3630	0.3123	0.0000	0.0000	19.4031
437	1.1496	1.2763	0.2959	0.0000	0.0000	20.4262
438	1.2254	1.1395	0.2982	0.0000	0.0000	19.3509
439	1.3287	0.9636	0.2914	0.0000	0.0000	20.2842
440	1.4054	0.8306	0.2948	0.0000	0.0000	19.8802
441	1.1970	1.5259	0.2948	0.0000	0.0000	19.8841
442	1.1891	1.5049	0.2971	0.0000	0.0000	19.8405
443	1.1808	1.5021	0.2959	0.0000	0.0000	20.3236
444	1.1776	1.4661	0.3029	0.0000	0.0000	19.6088
445	1.2157	1.3805	0.3005	0.0000	0.0000	20.0034
446	1.2756	1.2738	0.3052	0.0000	0.0000	19.7933
447	1.3531	1.1499	0.3017	0.0000	0.0000	19.8607
448	1.4461	0.9995	0.3029	0.0000	0.0000	19.9539
449	1.5223	0.8539	0.3052	0.0000	0.0000	19.4370
450	1.5474	0.7430	0.2971	0.0000	0.0000	18.7136
451	1.1910	1.4841	0.2914	0.0000	0.0000	18.8539
452	1.2419	1.4735	0.2837	0.0000	0.0000	21.5678
453	1.2846	1.5016	0.2937	0.0000	0.0000	19.9158
454	1.3190	1.5151	0.2959	0.0000	0.0000	19.8735
455	1.3751	1.5642	0.2948	0.0000	0.0000	20.1277
456	1.3916	1.6484	0.2959	0.0000	0.0000	20.5688
457	1.3920	1.7122	0.2837	0.0000	0.0000	21.3523
458	1.4033	1.7559	0.3017	0.0000	0.0000	19.8827
459	1.4053	1.8268	0.3029	0.0000	0.0000	19.5116
460	1.3990	1.8724	0.2870	0.0000	0.0000	21.6525
461	1.1978	1.5330	0.3005	0.0000	0.0000	20.0236
462	1.1226	1.5594	0.3040	0.0000	0.0000	19.8371
463	1.0118	1.5569	0.2903	0.0000	0.0000	21.6021
464	0.9268	1.5307	0.3064	0.0000	0.0000	19.5535
465	0.8839	1.5163	0.3052	0.0000	0.0000	18.3175
466	0.8842	1.4726	0.2859	0.0000	0.0000	21.7825
467	0.9205	1.4017	0.3029	0.0000	0.0000	18.1551
468	0.9786	1.3115	0.2959	0.0000	0.0000	21.1622
469	1.0109	1.2458	0.3029	0.0000	0.0000	19.5105
470	1.0510	1.2043	0.3017	0.0000	0.0000	19.6492
471	1.2346	1.5020	0.3052	0.0000	0.0000	19.3431
472	1.2784	1.4471	0.3017	0.0000	0.0000	19.6470
473	1.3436	1.3517	0.3005	0.0000	0.0000	18.3209
474	1.4370	1.2118	0.2848	0.0000	0.0000	21.9142
475	1.5086	1.0998	0.3005	0.0000	0.0000	19.4466
476	1.5561	1.0257	0.3017	0.0000	0.0000	18.5180
477	1.6206	0.9311	0.3064	0.0000	0.0000	19.4385
478	1.6917	0.8544	0.3017	0.0000	0.0000	20.1151
479	1.7503	0.7718	0.3040	0.0000	0.0000	18.7958
480	1.7830	0.6985	0.3005	0.0000	0.0000	19.5579
481	1.2132	1.5005	0.2959	0.0000	0.0000	19.7682
482	1.2218	1.4874	0.2925	0.0000	0.0000	20.0662
483	1.2241	1.5050	0.2826	0.0000	0.0000	20.4881
484	1.2120	1.4877	0.2903	0.0000	0.0000	18.5970
485	1.2120	1.4455	0.2719	0.0000	0.0000	21.6762
486	1.2005	1.4372	0.2948	0.0000	0.0000	19.8235
487	1.2158	1.4598	0.3029	0.0000	0.0000	17.8616
488	1.2634	1.4562	0.3005	0.0000	0.0000	20.0596
489	1.3668	1.4397	0.3087	0.0000	0.0000	17.3752
490	1.5097	1.3977	0.2914	0.0000	0.0000	21.3854
491	1.6344	1.3675	0.3064	0.0000	0.0000	19.8230
492	1.7003	1.3680	0.3064	0.0000	0.0000	19.7018
493	1.7387	1.4086	0.2870	0.0000	0.0000	21.6787
494	1.7577	1.4539	0.3123	0.0000	0.0000	19.3394
495	1.7927	1.4579	0.3017	0.0000	0.0000	18.9889
496	1.8580	1.4270	0.3040	0.0000	0.0000	19.5085
497	1.9515	1.3501	0.2959	0.0000	0.0000	20.7115
498	2.0662	1.2485	0.2982	0.0000	0.0000	19.7434
499	2.1487	1.1934	0.2914	0.0000	0.0000	20.3354
500	2.2128	1.1562	0.2914	0.0000	0.0000	20.0008
501	1.2229	1.5143	0.2772	0.0000	0.0000	22.0497
502	1.2172	1.5071	0.2948	0.0000	0.0000	20.0522
503	1.2083	1.5048	0.3029	0.0000	0.0000	18.1911
504	1.1850	1.4898	0.2959	0.0000	0.0000	21.4347
505	1.1759	1.4283	0.3148	0.0000	0.0000	19.2920
506	1.1758	1.3358	0.3184	0.0000	0.0000	19.3288
507	1.1855	1.2148	0.3135	0.0000	0.0000	19.6630
508	1.2077	1.0780	0.3184	0.0000	0.0000	19.3129
509	1.2322	0.9294	0.3099	0.0000	0.0000	19.2436
510	1.2137	0.7827	0.3087	0.0000	0.0000	19.2654
511	0.0054	0.0000	0.2982	0.0000	0.0000	20.2932
512	0.0388	0.0000	0.2994	0.0000	0.0000	19.3514
513	0.0770	0.0000	0.2914	0.0000	0.0000	19.9716
514	0.1454	0.0000	0.2881	0.0000	0.0000	20.4891
515	0.1805	0.0220	0.2881	0.0000	0.0000	19.6090
516	0.2086	0.0550	0.2870	0.0000	0.0000	20.2988
517	0.2550	0.0531	0.2870	0.0000	0.0000	19.8641
518	0.2878	0.0303	0.2881	0.0000	0.0000	20.2901
519	0.2997	0.0387	0.2925	0.0000	0.0000	19.7611
520	0.3143	0.0852	0.2971	0.0000	0.0000	19.6701
521	0.0000	0.0000	0.2959	0.0000	0.0000	20.0367
522	0.0020	0.0000	0.2971	0.0000	0.0000	19.9009
523	0.0200	0.0000	0.2837	0.0000	0.0000	21.5130
524	0.0547	0.0000	0.3017	0.0000	0.0000	19.8125
525	0.1060	0.0000	0.3029	0.0000	0.0000	18.0928
526	0.1267	0.0000	0.3064	0.0000	0.0000	19.7199
527	0.1124	0.0000	0.3064	0.0000	0.0000	18.2230
528	0.1098	0.0000	0.3087	0.0000	0.0000	19.3127
529	0.1274	0.0000	0.3040	0.0000	0.0000	19.5284
530	0.1409	0.0000	0.3087	0.0000	0.0000	19.5444
531	1.2230	1.5694	0.3040	0.0000	0.0000	19.5222
532	1.2349	1.5635	0.3017	0.0000	0.0000	20.5044
533	1.2526	1.5256	0.2948	0.0000	0.0000	19.7118
534	1.2651	1.5041	0.2982	0.0000	0.0000	19.8717
535	1.2636	1.4824	0.2937	0.0000	0.0000	20.1934
536	1.2893	1.4132	0.2914	0.0000	0.0000	20.8092
537	1.3207	1.3321	0.2971	0.0000	0.0000	19.5613
538	1.3599	1.2439	0.2959	0.0000	0.0000	20.3859
539	1.3997	1.1471	0.2982	0.0000	0.0000	19.6542
540	1.4528	1.0792	0.2959	0.0000	0.0000	19.9304
541	1.2242	1.5176	0.3017	0.0000	0.0000	19.3549
542	1.2474	1.5040	0.2870	0.0000	0.0000	21.5851
543	1.2385	1.5279	0.2971	0.0000	0.0000	20.1423
544	1.1912	1.5921	0.2982	0.0000	0.0000	19.8926
545	1.1516	1.6303	0.2925	0.0000	0.0000	19.8977
546	1.1094	1.6546	0.2937	0.0000	0.0000	19.9906
547	1.0967	1.6666	0.2925	0.0000	0.0000	20.1297
548	1.1013	1.6696	0.2959	0.0000	0.0000	20.2941
549	1.1025	1.7145	0.2959	0.0000	0.0000	19.9537
550	1.1125	1.7686	0.2837	0.0000	0.0000	21.5440
551	1.2327	1.5339	0.2971	0.0000	0.0000	19.8226
552	1.2596	1.5453	0.3005	0.0000	0.0000	18.2943
553	1.2571	1.5605	0.2859	0.0000	0.0000	21.2900
554	1.2481	1.5687	0.3029	0.0000	0.0000	20.0621
555	1.2519	1.5491	0.2948	0.0000	0.0000	19.4281
556	1.2506	1.5512	0.3005	0.0000	0.0000	19.8756
557	1.2458	1.5930	0.2948	0.0000	0.0000	20.5630
558	1.2387	1.6321	0.3052	0.0000	0.0000	19.5485
559	1.2360	1.6646	0.2994	0.0000	0.0000	19.8985
560	1.2771	1.6653	0.3040	0.0000	0.0000	20.0393
561	1.2274	1.5336	0.2994	0.0000	0.0000	19.4400
562	1.2364	1.5540	0.3005	0.0000	0.0000	19.6476
563	1.2476	1.6004	0.2937	0.0000	0.0000	20.3578
564	1.2775	1.6718	0.2994	0.0000	0.0000	19.5603
565	1.2662	1.7212	0.2937	0.0000	0.0000	20.7054
566	1.2606	1.7219	0.3029	0.0000	0.0000	19.3737
567	1.2894	1.7280	0.2948	0.0000	0.0000	20.6868
568	1.3266	1.7133	0.3017	0.0000	0.0000	19.8606
569	1.3914	1.6949	0.3005	0.0000	0.0000	19.6563
570	1.4412	1.7167	0.2982	0.0000	0.0000	19.7057
571	1.2269	1.5239	0.3017	0.0000	0.0000	19.8648
572	1.2752	1.4822	0.2994	0.0000	0.0000	19.9109
573	1.3426	1.4136	0.2982	0.0000	0.0000	19.9340
574	1.3711	1.3666	0.3040	0.0000	0.0000	19.8162
575	1.3947	1.3463	0.2971	0.0000	0.0000	19.9567
576	1.4509	1.2921	0.2982	0.0000	0.0000	18.3718
577	1.5136	1.2269	0.2859	0.0000	0.0000	21.7693
578	1.5896	1.2051	0.3029	0.0000	0.0000	19.8450
579	1.6910	1.1872	0.3076	0.0000	0.0000	19.3987
580	1.8000	1.1468	0.3076	0.0000	0.0000	19.8664
581	1.2090	1.5540	0.3064	0.0000	0.0000	19.7687
582	1.1864	1.6216	0.3099	0.0000	0.0000	19.3379
583	1.1840	1.6840	0.3064	0.0000	0.0000	19.6464
584	1.1884	1.7258	0.3029	0.0000	0.0000	19.8323
585	1.1677	1.7890	0.3029	0.0000	0.0000	19.7147
586	1.1073	1.8965	0.3029	0.0000	0.0000	19.9484
587	1.0365	2.0141	0.3005	0.0000	0.0000	18.5238
588	0.9932	2.1066	0.3017	0.0000	0.0000	20.4420
589	0.9408	2.2057	0.3052	0.0000	0.0000	20.0186
590	0.8936	2.3253	0.3040	0.0000	0.0000	19.4555
591	1.2156	1.5168	0.3029	0.0000	0.0000	19.7119
592	1.1980	1.5237	0.3087	0.0000	0.0000	19.4711
593	1.1579	1.5325	0.3040	0.0000	0.0000	19.9177
594	1.1331	1.5378	0.3064	0.0000	0.0000	20.1072
595	1.1201	1.5332	0.3052	0.0000	0.0000	19.7715
596	1.1014	1.5395	0.3052	0.0000	0.0000	19.8876
597	1.0821	1.5667	0.3064	0.0000	0.0000	19.3927
598	1.0675	1.6223	0.2903	0.0000	0.0000	21.3228
599	1.0521	1.6655	0.3029	0.0000	0.0000	19.9315
600	1.0245	1.7502	0.2982	0.0000	0.0000	18.6736
601	1.2374	1.4930	0.3017	0.0000	0.0000	19.4947
602	1.2751	1.4330	0.2982	0.0000	0.0000	20.0260
603	1.3166	1.3253	0.2937	0.0000	0.0000	20.2327
604	1.3960	1.1833	0.2959	0.0000	0.0000	20.0779
605	1.4520	1.0458	0.2959	0.0000	0.0000	19.7390
606	1.4889	0.9281	0.2994	0.0000	0.0000	19.8976
607	1.5578	0.7644	0.2994	0.0000	0.0000	19.7832
608	1.6368	0.5705	0.3029	0.0000	0.0000	20.1790
609	1.6826	0.4362	0.3005	0.0000	0.0000	20.1047
610	1.7484	0.3110	0.3029	0.0000	0.0000	19.7085
611	1.8028	0.2259	0.3005	0.0000	0.0000	18.4054
612	1.8727	0.1520	0.2870	0.0000	0.0000	21.6190
613	1.9506	0.1014	0.2982	0.0000	0.0000	19.8073
614	2.0301	0.0890	0.2982	0.0000	0.0000	19.6948
615	2.0819	0.1102	0.2959	0.0000	0.0000	19.8575
616	2.1456	0.1007	0.3005	0.0000	0.0000	19.5347
617	2.2319	0.0791	0.2971	0.0000	0.0000	19.9505
618	2.3038	0.0606	0.3005	0.0000	0.0000	19.9986
619	2.3564	0.0660	0.2959	0.0000	0.0000	19.9765
620	2.3894	0.0505	0.3052	0.0000	0.0000	19.2104
621	2.4445	0.0022	0.3029	0.0000	0.0000	20.0740
622	2.4974	0.0000	0.2982	0.0000	0.0000	20.3945
623	2.5608	0.0000	0.2994	0.0000	0.0000	19.9101
624	2.6149	0.0000	0.2994	0.0000	0.0000	19.5669
625	2.6911	0.0000	0.2959	0.0000	0.0000	19.8688
626	2.7428	0.0000	0.2959	0.0000	0.0000	20.2123
627	2.7817	0.0000	0.3005	0.0000	0.0000	19.5474
628	2.8267	0.0000	0.2937	0.0000	0.0000	20.2594
629	2.8466	0.0000	0.2925	0.0000	0.0000	18.7392
630	2.8819	0.0000	0.2837	0.0000	0.0000	21.3551
1	0.0000	0.0000	0.0000	0.0000	0.0000	0.0000
2	0.0000	0.0000	0.1434	0.0000	0.0000	0.0000
3	0.0000	0.0000	0.1402	0.0000	0.0000	0.0000
4	0.0000	0.0000	0.1434	0.0000	0.0000	0.0000
5	0.0000	0.0000	0.1402	0.0000	0.0000	0.0000
6	0.0000	0.0000	0.1447	0.0000	0.0000	0.0000
7	0.0000	0.0000	0.1447	0.0000	0.0000	0.0000
8	0.0000	0.0000	0.1453	0.0000	0.0000	0.0000
9	0.0000	0.0000	0.1440	0.0000	0.0000	0.0000
10	0.0000	0.0000	0.1460	0.0000	0.0000	0.0000
11	1.2637	1.5247	0.1428	0.0000	0.0000	3.4817
12	1.2631	1.5241	0.1434	0.0000	0.0000	3.0965
13	1.2622	1.5229	0.1421	0.0000	0.0000	3.4581
14	1.2609	1.5214	0.1428	0.0000	0.0000	3.3312
15	1.2591	1.5194	0.1421	0.0000	0.0000	3.6163
16	1.2570	1.5169	0.1428	0.0000	0.0000	3.8763
17	1.2550	1.5145	0.1333	0.0000	0.0000	4.6880
18	1.2522	1.5111	0.1434	0.0000	0.0000	3.8119
19	1.2489	1.5072	0.1440	0.0000	0.0000	3.8772
20	1.2461	1.5038	0.1447	0.0000	0.0000	3.9914
21	1.2538	1.5198	0.1421	0.0000	0.0000	3.9916
22	1.2534	1.5193	0.1447	0.0000	0.0000	3.8732
23	1.2526	1.5183	0.1434	0.0000	0.0000	4.1711
24	1.2516	1.5169	0.1421	0.0000	0.0000	4.3395
25	1.2503	1.5150	0.1434	0.0000	0.0000	4.1356
26	1.2489	1.5126	0.1428	0.0000	0.0000	4.4195
27	1.2472	1.5097	0.1434	0.0000	0.0000	4.5499
28	1.2451	1.5062	0.1428	0.0000	0.0000	4.5766
29	1.2429	1.5026	0.1428	0.0000	0.0000	4.5110
30	1.2404	1.4985	0.1460	0.0000	0.0000	4.6374
31	1.2608	1.5025	0.1453	0.0000	0.0000	4.4051
32	1.2606	1.5015	0.1421	0.0000	0.0000	4.8709
33	1.2603	1.5003	0.1434	0.0000	0.0000	4.7154
34	1.2595	1.4886	0.1421	0.0000	0.0000	5.2055
35	1.2584	1.4766	0.1434	0.0000	0.0000	4.8731
36	1.2565	1.4634	0.1466	0.0000	0.0000	4.7546
37	1.2544	1.4496	0.1415	0.0000	0.0000	5.2610
38	1.2528	1.4357	0.1447	0.0000	0.0000	5.2755
39	1.2512	1.4214	0.1428	0.0000	0.0000	5.1997
40	1.2492	1.4101	0.1447	0.0000	0.0000	5.2223
41	1.2634	1.5269	0.1415	0.0000	0.0000	4.7249
42	1.2612	1.5264	0.1434	0.0000	0.0000	5.6485
43	1.2599	1.5250	0.1421	0.0000	0.0000	5.6889
44	1.2559	1.5251	0.1434	0.0000	0.0000	5.6771
45	1.2473	1.5253	0.1447	0.0000	0.0000	5.5362
46	1.2305	1.5259	0.1428	0.0000	0.0000	5.8463
47	1.2129	1.5286	0.1434	0.0000	0.0000	5.1528
48	1.1950	1.5313	0.1358	0.0000	0.0000	7.1002
49	1.1770	1.5339	0.1421	0.0000	0.0000	6.0985
50	1.1632	1.5367	0.1339	0.0000	0.0000	7.1457
51	1.3149	1.5407	0.1434	0.0000	0.0000	6.2009
52	1.3115	1.5402	0.1447	0.0000	0.0000	6.1890
53	1.3069	1.5411	0.1415	0.0000	0.0000	6.3335
54	1.3013	1.5405	0.1440	0.0000	0.0000	6.4239
55	1.2953	1.5396	0.1415	0.0000	0.0000	6.9402
56	1.2884	1.5372	0.1460	0.0000	0.0000	6.2825
57	1.2810	1.5335	0.1434	0.0000	0.0000	6.5433
58	1.2729	1.5316	0.1440	0.0000	0.0000	6.6728
59	1.2665	1.5302	0.1402	0.0000	0.0000	7.2131
60	1.2627	1.5298	0.1421	0.0000	0.0000	7.1595
61	1.2485	1.5214	0.1428	0.0000	0.0000	7.1609
62	1.2460	1.5186	0.1440	0.0000	0.0000	7.0194
63	1.2442	1.5124	0.1428	0.0000	0.0000	7.1881
64	1.2442	1.5036	0.1453	0.0000	0.0000	6.8913
65	1.2434	1.4901	0.1434	0.0000	0.0000	7.2670
66	1.2449	1.4760	0.1434	0.0000	0.0000	7.5386
67	1.2456	1.4606	0.1428	0.0000	0.0000	7.5647
68	1.2480	1.4425	0.1389	0.0000	0.0000	8.0376
69	1.2494	1.4253	0.1408	0.0000	0.0000	7.7597
70	1.2466	1.4164	0.1440	0.0000	0.0000	7.6798
71	1.2829	1.5322	0.1415	0.0000	0.0000	7.7464
72	1.2912	1.5467	0.1434	0.0000	0.0000	7.7228
73	1.3016	1.5598	0.1415	0.0000	0.0000	7.2122
74	1.3008	1.5752	0.1447	0.0000	0.0000	7.9834
75	1.2879	1.6154	0.1428	0.0000	0.0000	8.1643
76	1.2638	1.6728	0.1377	0.0000	0.0000	8.9179
77	1.2338	1.7363	0.1428	0.0000	0.0000	8.1280
78	1.2133	1.7947	0.1447	0.0000	0.0000	8.1669
79	1.1921	1.8439	0.1434	0.0000	0.0000	8.4000
80	1.1740	1.8832	0.1453	0.0000	0.0000	8.2941
81	1.2568	1.5245	0.1440	0.0000	0.0000	8.3189
82	1.2483	1.5248	0.1358	0.0000	0.0000	9.5181
83	1.2409	1.5252	0.1428	0.0000	0.0000	8.5046
84	1.2523	1.5124	0.1440	0.0000	0.0000	7.8615
85	1.2702	1.4915	0.1345	0.0000	0.0000	9.9067
86	1.2912	1.4647	0.1440	0.0000	0.0000	9.0399
87	1.3147	1.4437	0.1447	0.0000	0.0000	8.6538
88	1.3364	1.4232	0.1421	0.0000	0.0000	9.0428
89	1.3535	1.4057	0.1428	0.0000	0.0000	8.9805
90	1.3597	1.3912	0.1440	0.0000	0.0000	8.8885
91	1.2555	1.5265	0.1352	0.0000	0.0000	10.1633
92	1.2579	1.5234	0.1428	0.0000	0.0000	9.5889
93	1.2877	1.5044	0.1434	0.0000	0.0000	9.1403
94	1.3373	1.4542	0.1440	0.0000	0.0000	9.4617
95	1.3922	1.3755	0.1428	0.0000	0.0000	9.3746
96	1.4448	1.3022	0.1447	0.0000	0.0000	9.5409
97	1.4728	1.2559	0.1415	0.0000	0.0000	9.6851
98	1.4909	1.2238	0.1434	0.0000	0.0000	10.0477
99	1.4955	1.2125	0.1415	0.0000	0.0000	9.8422
100	1.4919	1.1901	0.1453	0.0000	0.0000	9.7617
101	1.2443	1.5350	0.1428	0.0000	0.0000	10.0858
102	1.2460	1.5388	0.1440	0.0000	0.0000	10.0738
103	1.2488	1.5383	0.1440	0.0000	0.0000	9.8961
104	1.2394	1.5357	0.1434	0.0000	0.0000	10.3736
105	1.2436	1.5235	0.1345	0.0000	0.0000	11.4505
106	1.2503	1.5006	0.1434	0.0000	0.0000	10.4671
107	1.2536	1.4852	0.1447	0.0000	0.0000	9.6915
108	1.2538	1.4743	0.1364	0.0000	0.0000	11.3356
109	1.2403	1.4766	0.1440	0.0000	0.0000	10.5637
110	1.2278	1.4819	0.1447	0.0000	0.0000	10.5982
111	1.2673	1.5139	0.1370	0.0000	0.0000	11.4666
112	1.2806	1.5083	0.1434	0.0000	0.0000	11.0400
113	1.3007	1.4934	0.1428	0.0000	0.0000	10.1802
114	1.3222	1.4811	0.1358	0.0000	0.0000	12.1127
115	1.3439	1.4664	0.1428	0.0000	0.0000	11.0340
116	1.3547	1.4607	0.1453	0.0000	0.0000	10.1090
117	1.3483	1.4640	0.1415	0.0000	0.0000	11.6538
118	1.3382	1.4682	0.1447	0.0000	0.0000	10.7059
119	1.3226	1.4666	0.1447	0.0000	0.0000	11.1675
120	1.3055	1.4718	0.1460	0.0000	0.0000	10.3782
121	1.2565	1.5395	0.1421	0.0000	0.0000	11.9413
122	1.2395	1.5416	0.1453	0.0000	0.0000	11.3734
123	1.2266	1.5549	0.1415	0.0000	0.0000	12.0935
124	1.2155	1.5883	0.1434	0.0000	0.0000	10.9242
125	1.2103	1.6259	0.1333	0.0000	0.0000	12.9741
126	1.1908	1.6749	0.1428	0.0000	0.0000	11.9827
127	1.1545	1.7493	0.1440	0.0000	0.0000	11.8426
128	1.1216	1.8198	0.1358	0.0000	0.0000	13.1061
129	1.0911	1.8813	0.1421	0.0000	0.0000	12.2970
130	1.0595	1.9342	0.1473	0.0000	0.0000	11.9970
131	1.2492	1.5322	0.1434	0.0000	0.0000	12.3482
132	1.2364	1.5473	0.1428	0.0000	0.0000	12.3108
133	1.2088	1.5516	0.1421	0.0000	0.0000	11.8349
134	1.2071	1.5329	0.1352	0.0000	0.0000	13.4443
135	1.2218	1.5052	0.1421	0.0000	0.0000	12.7541
136	1.2301	1.4744	0.1421	0.0000	0.0000	12.5770
137	1.2364	1.4356	0.1415	0.0000	0.0000	12.8618
138	1.2157	1.3975	0.1421	0.0000	0.0000	13.1216
139	1.2019	1.3801	0.1434	0.0000	0.0000	12.7569
140	1.1701	1.3517	0.1447	0.0000	0.0000	13.0674
141	1.2781	1.5166	0.1421	0.0000	0.0000	13.1962
142	1.3288	1.4558	0.1447	0.0000	0.0000	12.9660
143	1.3524	1.4216	0.1428	0.0000	0.0000	13.0058
144	1.3610	1.4164	0.1434	0.0000	0.0000	12.4411
145	1.3747	1.4041	0.1358	0.0000	0.0000	14.0646
146	1.4145	1.3636	0.1421	0.0000	0.0000	13.4486
147	1.4876	1.2731	0.1447	0.0000	0.0000	13.1541
148	1.5718	1.1391	0.1428	0.0000	0.0000	13.6582
149	1.6412	1.0096	0.1428	0.0000	0.0000	13.8500
150	1.7190	0.8448	0.1453	0.0000	0.0000	13.7474
151	0.0053	0.0000	0.1428	0.0000	0.0000	13.8617
152	0.0297	0.0000	0.1434	0.0000	0.0000	13.9271
153	0.0921	0.0000	0.1421	0.0000	0.0000	13.7125
154	0.1805	0.0000	0.1428	0.0000	0.0000	14.0985
155	0.2608	0.0000	0.1415	0.0000	0.0000	14.0757
156	0.3260	0.0000	0.1428	0.0000	0.0000	13.4346
157	0.3808	0.0000	0.1339	0.0000	0.0000	15.3971
158	0.4623	0.0000	0.1428	0.0000	0.0000	14.3517
159	0.5336	0.0000	0.1447	0.0000	0.0000	14.1191
160	0.6113	0.0000	0.1447	0.0000	0.0000	14.3910
161	0.0113	0.0000	0.1434	0.0000	0.0000	14.6242
162	0.0200	0.0000	0.1466	0.0000	0.0000	14.3620
163	0.0228	0.0000	0.1428	0.0000	0.0000	14.6490
164	0.0330	0.0000	0.1447	0.0000	0.0000	14.9473
165	0.0300	0.0000	0.1421	0.0000	0.0000	14.9474
166	0.0521	0.0000	0.1428	0.0000	0.0000	14.8849
167	0.0592	0.0000	0.1447	0.0000	0.0000	14.9238
168	0.0736	0.0000	0.1440	0.0000	0.0000	15.0147
169	0.0867	0.0000	0.1440	0.0000	0.0000	15.1416
170	0.1259	0.0000	0.1447	0.0000	0.0000	15.3358
171	0.0045	0.0000	0.1440	0.0000	0.0000	15.3466
172	0.0183	0.0091	0.1447	0.0000	0.0000	15.4763
173	0.0315	0.0179	0.1408	0.0000	0.0000	15.6942
174	0.0494	0.0222	0.1453	0.0000	0.0000	15.4247
175	0.0812	0.0301	0.1421	0.0000	0.0000	15.7604
176	0.1189	0.0186	0.1453	0.0000	0.0000	14.9418
177	0.1675	0.0000	0.1493	0.0000	0.0000	15.2513
178	0.2107	0.0000	0.1473	0.0000	0.0000	15.6305
179	0.2488	0.0000	0.1473	0.0000	0.0000	15.6917
180	0.2911	0.0000	0.1479	0.0000	0.0000	15.6905
181	0.0087	0.0018	0.1466	0.0000	0.0000	16.0394
182	0.0236	0.0071	0.1466	0.0000	0.0000	15.9871
183	0.0386	0.0023	0.1421	0.0000	0.0000	16.5438
184	0.0484	0.0000	0.1479	0.0000	0.0000	15.9211
185	0.0594	0.0000	0.1453	0.0000	0.0000	15.5458
186	0.0512	0.0000	0.1370	0.0000	0.0000	17.2569
187	0.0363	0.0000	0.1453	0.0000	0.0000	16.5981
188	0.0008	0.0075	0.1466	0.0000	0.0000	16.5193
189	0.0000	0.0129	0.1453	0.0000	0.0000	16.6081
190	0.0099	0.0035	0.1473	0.0000	0.0000	16.6461
191	0.0000	0.0080	0.1389	0.0000	0.0000	17.7772
192	0.0065	0.0000	0.1383	0.0000	0.0000	17.7996
193	0.0062	0.0000	0.1440	0.0000	0.0000	17.3184
194	0.0000	0.0000	0.1460	0.0000	0.0000	17.0815
195	0.0028	0.0000	0.1493	0.0000	0.0000	17.0930
196	0.0081	0.0000	0.1493	0.0000	0.0000	17.2353
197	0.0256	0.0000	0.1479	0.0000	0.0000	17.0736
198	0.0462	0.0000	0.1486	0.0000	0.0000	17.3347
199	0.0590	0.0000	0.1499	0.0000	0.0000	16.9088
200	0.0803	0.0000	0.1479	0.0000	0.0000	17.3541
201	0.0115	0.0005	0.1453	0.0000	0.0000	17.8095
202	0.0293	0.0040	0.1473	0.0000	0.0000	17.5198
203	0.0396	0.0028	0.1479	0.0000	0.0000	17.6332
204	0.0471	0.0000	0.1486	0.0000	0.0000	17.6957
205	0.0577	0.0000	0.1506	0.0000	0.0000	17.4020
206	0.0528	0.0000	0.1486	0.0000	0.0000	17.7808
207	0.0395	0.0000	0.1493	0.0000	0.0000	17.7119
208	0.0001	0.0000	0.1479	0.0000	0.0000	18.0766
209	0.0000	0.0000	0.1408	0.0000	0.0000	19.0575
210	0.0000	0.0123	0.1486	0.0000	0.0000	18.0041
211	0.0000	0.0252	0.1479	0.0000	0.0000	17.3216
212	0.0116	0.0442	0.1402	0.0000	0.0000	19.1011
213	0.0292	0.0439	0.1486	0.0000	0.0000	18.3503
214	0.0434	0.0491	0.1526	0.0000	0.0000	18.0800
215	0.0498	0.0565	0.1479	0.0000	0.0000	18.5137
216	0.0592	0.0512	0.1493	0.0000	0.0000	18.6957
217	0.0980	0.0131	0.1415	0.0000	0.0000	19.3113
218	0.1425	0.0000	0.1486	0.0000	0.0000	18.7946
219	0.1698	0.0000	0.1466	0.0000	0.0000	19.0256
220	0.2238	0.0000	0.1428	0.0000	0.0000	19.5030
221	0.0000	0.0005	0.1466	0.0000	0.0000	19.0320
222	0.0003	0.0000	0.1466	0.0000	0.0000	19.3714
223	0.0000	0.0000	0.1473	0.0000	0.0000	18.9749
224	0.0000	0.0000	0.1499	0.0000	0.0000	19.1952
225	0.0000	0.0000	0.1499	0.0000	0.0000	19.0721
226	0.0000	0.0000	0.1512	0.0000	0.0000	19.1193
227	0.0000	0.0097	0.1533	0.0000	0.0000	19.0195
228	0.0000	0.0000	0.1512	0.0000	0.0000	18.6131
229	0.0013	0.0000	0.1519	0.0000	0.0000	19.6329
230	0.0046	0.0000	0.1553	0.0000	0.0000	19.3702
231	0.0000	0.0211	0.1600	0.0000	0.0000	19.1396
232	0.0009	0.0716	0.1621	0.0000	0.0000	19.0982
233	0.0181	0.1536	0.1677	0.0000	0.0000	19.0471
234	0.0521	0.2038	0.1713	0.0000	0.0000	18.4735
235	0.0850	0.2832	0.1670	0.0000	0.0000	20.2659
236	0.1140	0.3773	0.1809	0.0000	0.0000	19.1094
237	0.1496	0.4624	0.1831	0.0000	0.0000	18.3119
238	0.1833	0.5535	0.1728	0.0000	0.0000	20.4271
239	0.2104	0.6016	0.1846	0.0000	0.0000	18.7401
240	0.2395	0.6828	0.1885	0.0000	0.0000	19.0905
241	0.0000	0.0000	0.1892	0.0000	0.0000	19.2741
242	0.0118	0.0000	0.1908	0.0000	0.0000	19.5306
243	0.0473	0.0000	0.1939	0.0000	0.0000	18.9761
244	0.0936	0.0000	0.1947	0.0000	0.0000	19.2461
245	0.1050	0.0000	0.1955	0.0000	0.0000	19.3621
246	0.1326	0.0000	0.2011	0.0000	0.0000	18.9786
247	0.1709	0.0000	0.1987	0.0000	0.0000	19.4795
248	0.1732	0.0000	0.2052	0.0000	0.0000	19.1527
249	0.1852	0.0000	0.1923	0.0000	0.0000	20.8035
250	0.1762	0.0069	0.2060	0.0000	0.0000	19.7075
251	0.0277	0.0000	0.2043	0.0000	0.0000	19.2148
252	0.0824	0.0000	0.2060	0.0000	0.0000	19.3095
253	0.1560	0.0000	0.2060	0.0000	0.0000	19.6026
254	0.2497	0.0000	0.2118	0.0000	0.0000	19.3632
255	0.3431	0.0000	0.2076	0.0000	0.0000	19.8278
256	0.4122	0.0000	0.2135	0.0000	0.0000	19.4208
257	0.4840	0.0000	0.2110	0.0000	0.0000	18.8587
258	0.5192	0.0000	0.2043	0.0000	0.0000	21.0333
259	0.5226	0.0000	0.2076	0.0000	0.0000	21.0080
260	0.4967	0.0000	0.2265	0.0000	0.0000	19.2167
261	0.0062	0.0024	0.2265	0.0000	0.0000	19.4236
262	0.0545	0.0000	0.2274	0.0000	0.0000	19.7991
263	0.1088	0.0000	0.2337	0.0000	0.0000	19.2559
264	0.1547	0.0000	0.2328	0.0000	0.0000	19.4898
265	0.1906	0.0000	0.2337	0.0000	0.0000	18.5189
266	0.2034	0.0000	0.2195	0.0000	0.0000	21.2493
267	0.2380	0.0000	0.2319	0.0000	0.0000	19.7939
268	0.3176	0.0000	0.2365	0.0000	0.0000	18.4681
269	0.3710	0.0000	0.2365	0.0000	0.0000	18.1440
270	0.3991	0.0000	0.2421	0.0000	0.0000	19.6903
271	0.0000	0.0060	0.2449	0.0000	0.0000	19.4667
272	0.0000	0.0210	0.2328	0.0000	0.0000	21.3312
273	0.0000	0.0694	0.2507	0.0000	0.0000	19.2123
274	0.0000	0.1536	0.2478	0.0000	0.0000	18.3599
275	0.0000	0.1983	0.2459	0.0000	0.0000	19.2712
276	0.0000	0.2170	0.2507	0.0000	0.0000	19.5822
277	0.0000	0.2249	0.2488	0.0000	0.0000	19.4526
278	0.0000	0.2167	0.2478	0.0000	0.0000	13.3593
279	0.0077	0.1921	0.2478	0.0000	0.0000	19.4249
280	0.0248	0.1542	0.2310	0.0000	0.0000	21.2782
281	0.0000	0.0165	0.2430	0.0000	0.0000	19.8634
282	0.0000	0.0202	0.2507	0.0000	0.0000	19.2557
283	0.0000	0.0000	0.2556	0.0000	0.0000	19.4690
284	0.0014	0.0000	0.2586	0.0000	0.0000	19.3265
285	0.0189	0.0000	0.2626	0.0000	0.0000	19.1625
286	0.0667	0.0000	0.2688	0.0000	0.0000	19.3582
287	0.1550	0.0000	0.2647	0.0000	0.0000	19.7656
288	0.2759	0.0000	0.2751	0.0000	0.0000	19.0522
289	0.3530	0.0000	0.2667	0.0000	0.0000	19.9585
290	0.4647	0.0000	0.2677	0.0000	0.0000	19.4361
291	0.0120	0.0000	0.2606	0.0000	0.0000	19.6986
292	0.0643	0.0085	0.2546	0.0000	0.0000	19.9382
293	0.1391	0.0111	0.2449	0.0000	0.0000	20.4414
294	0.2295	0.0000	0.2347	0.0000	0.0000	21.5036
295	0.3558	0.0000	0.2440	0.0000	0.0000	20.2203
296	0.4868	0.0000	0.2527	0.0000	0.0000	19.3017
297	0.5975	0.0000	0.2536	0.0000	0.0000	20.0852
298	0.7094	0.0000	0.2616	0.0000	0.0000	19.7501
299	0.8099	0.0018	0.2730	0.0000	0.0000	18.9120
300	0.9235	0.0243	0.2815	0.0000	0.0000	19.2674
301	0.0000	0.0000	0.2870	0.0000	0.0000	19.0534
302	0.0000	0.0000	0.2903	0.0000	0.0000	19.4359
303	0.0261	0.0000	0.2709	0.0000	0.0000	20.9991
304	0.0375	0.0065	0.2730	0.0000	0.0000	19.4726
305	0.0480	0.0107	0.2677	0.0000	0.0000	19.0857
306	0.0500	0.0001	0.2517	0.0000	0.0000	21.4381
307	0.0624	0.0174	0.2667	0.0000	0.0000	18.3487
308	0.0967	0.0729	0.2556	0.0000	0.0000	21.1041
309	0.1035	0.1450	0.2667	0.0000	0.0000	19.9918
310	0.0924	0.2784	0.2751	0.0000	0.0000	18.1884
311	0.0000	0.0060	0.2751	0.0000	0.0000	19.2248
312	0.0000	0.0000	0.2719	0.0000	0.0000	20.1456
313	0.0000	0.0000	0.2751	0.0000	0.0000	18.4311
314	0.0000	0.0000	0.2626	0.0000	0.0000	21.2874
315	0.0000	0.0000	0.2740	0.0000	0.0000	19.9356
316	0.0000	0.0000	0.2804	0.0000	0.0000	18.2384
317	0.0000	0.0000	0.2709	0.0000	0.0000	21.2026
318	0.0000	0.0000	0.2859	0.0000	0.0000	19.4089
319	0.0000	0.0010	0.2837	0.0000	0.0000	19.5689
320	0.0000	0.0072	0.2848	0.0000	0.0000	19.5558
321	0.0017	0.0000	0.2804	0.0000	0.0000	19.6518
322	0.0358	0.0000	0.2826	0.0000	0.0000	19.6175
323	0.1161	0.0074	0.2730	0.0000	0.0000	20.1396
324	0.2463	0.0415	0.2772	0.0000	0.0000	19.8559
325	0.3894	0.0893	0.2772	0.0000	0.0000	19.9742
326	0.4694	0.1558	0.2859	0.0000	0.0000	19.5924
327	0.5331	0.2711	0.2914	0.0000	0.0000	19.2638
328	0.5832	0.3709	0.2881	0.0000	0.0000	19.6705
329	0.6200	0.4273	0.2881	0.0000	0.0000	19.7869
330	0.6684	0.4925	0.2881	0.0000	0.0000	19.7919
331	0.0089	0.0000	0.2892	0.0000	0.0000	19.6626
332	0.0566	0.0000	0.2881	0.0000	0.0000	19.9151
333	0.1236	0.0000	0.2948	0.0000	0.0000	18.7786
334	0.2101	0.0000	0.2948	0.0000	0.0000	19.3416
335	0.3276	0.0000	0.2903	0.0000	0.0000	19.6610
336	0.4471	0.0000	0.2937	0.0000	0.0000	19.1487
337	0.5839	0.0000	0.2892	0.0000	0.0000	19.4688
338	0.7627	0.0000	0.2881	0.0000	0.0000	19.7186
339	0.8755	0.0000	0.2870	0.0000	0.0000	19.8549
340	1.0451	0.0000	0.2892	0.0000	0.0000	19.8173
341	0.0000	0.0000	0.2892	0.0000	0.0000	19.5983
342	0.0000	0.0000	0.2804	0.0000	0.0000	20.2166
343	0.0000	0.0000	0.2848	0.0000	0.0000	19.5931
344	0.0000	0.0000	0.2892	0.0000	0.0000	19.3992
345	0.0136	0.0000	0.2903	0.0000	0.0000	19.3820
346	0.0374	0.0000	0.2881	0.0000	0.0000	20.1006
347	0.0162	0.0000	0.2881	0.0000	0.0000	19.6597
348	0.0000	0.0000	0.2903	0.0000	0.0000	19.7318
349	0.0000	0.0000	0.2881	0.0000	0.0000	19.5574
350	0.0000	0.0000	0.2772	0.0000	0.0000	20.9811
351	0.0170	0.0000	0.2892	0.0000	0.0000	19.3260
352	0.0845	0.0000	0.2859	0.0000	0.0000	18.3391
353	0.1587	0.0000	0.2719	0.0000	0.0000	21.2009
354	0.1999	0.0000	0.2870	0.0000	0.0000	19.8421
355	0.2191	0.0000	0.2903	0.0000	0.0000	18.1495
356	0.1940	0.0000	0.2903	0.0000	0.0000	19.5664
357	0.1364	0.0000	0.2914	0.0000	0.0000	19.5545
358	0.0819	0.0000	0.2892	0.0000	0.0000	19.8264
359	0.0252	0.0000	0.2903	0.0000	0.0000	18.1750
360	0.0000	0.0000	0.2959	0.0000	0.0000	19.2511
361	0.0000	0.0089	0.2903	0.0000	0.0000	20.1571
362	0.0000	0.0148	0.2892	0.0000	0.0000	20.2947
363	0.0000	0.0222	0.2925	0.0000	0.0000	18.5670
364	0.0000	0.0223	0.2815	0.0000	0.0000	21.1154
365	0.0000	0.0690	0.2959	0.0000	0.0000	19.3872
366	0.0000	0.1048	0.2982	0.0000	0.0000	18.3352
367	0.0000	0.1496	0.2971	0.0000	0.0000	19.8256
368	0.0000	0.1965	0.3029	0.0000	0.0000	19.3634
369	0.0000	0.2140	0.2994	0.0000	0.0000	19.5499
370	0.0000	0.2632	0.2870	0.0000	0.0000	20.5852
371	0.0277	0.0000	0.2892	0.0000	0.0000	19.7633
372	0.0822	0.0000	0.2959	0.0000	0.0000	19.4042
373	0.1411	0.0000	0.2914	0.0000	0.0000	20.0627
374	0.2027	0.0000	0.2959	0.0000	0.0000	19.2967
375	0.2654	0.0000	0.2925	0.0000	0.0000	19.9332
376	0.2887	0.0000	0.2914	0.0000	0.0000	20.4127
377	0.2698	0.0000	0.2783	0.0000	0.0000	21.2057
378	0.2276	0.0000	0.2925	0.0000	0.0000	19.2757
379	0.1881	0.0000	0.2948	0.0000	0.0000	19.5683
380	0.1440	0.0000	0.2751	0.0000	0.0000	22.1692
381	0.0000	0.0000	0.2925	0.0000	0.0000	20.0770
382	0.0003	0.0000	0.2881	0.0000	0.0000	19.7220
383	0.0298	0.0000	0.2914	0.0000	0.0000	19.6589
384	0.0875	0.0000	0.2914	0.0000	0.0000	19.7747
385	0.1589	0.0000	0.2892	0.0000	0.0000	19.7137
386	0.2402	0.0000	0.2948	0.0000	0.0000	19.8286
387	0.3269	0.0000	0.2937	0.0000	0.0000	19.5156
388	0.3951	0.0000	0.2948	0.0000	0.0000	19.6076
389	0.4238	0.0000	0.2948	0.0000	0.0000	18.0711
390	0.4588	0.0000	0.2937	0.0000	0.0000	19.7513
391	0.0080	0.0078	0.2903	0.0000	0.0000	19.6007
392	0.0095	0.0108	0.2870	0.0000	0.0000	20.7906
393	0.0137	0.0287	0.2881	0.0000	0.0000	19.8769
394	0.0216	0.0881	0.2793	0.0000	0.0000	21.1536
395	0.0556	0.1554	0.2870	0.0000	0.0000	20.1337
396	0.1315	0.1875	0.2925	0.0000	0.0000	18.3793
397	0.2037	0.1930	0.2859	0.0000	0.0000	20.2787
398	0.2873	0.1937	0.2892	0.0000	0.0000	18.5816
399	0.3220	0.2005	0.2848	0.0000	0.0000	20.0921
400	0.3353	0.1877	0.2826	0.0000	0.0000	20.2521
401	0.0000	0.0000	0.2837	0.0000	0.0000	20.0184
402	0.0000	0.0000	0.2870	0.0000	0.0000	19.7398
403	0.0000	0.0000	0.2892	0.0000	0.0000	18.1954
404	0.0000	0.0000	0.2903	0.0000	0.0000	18.3853
405	0.0253	0.0000	0.2937	0.0000	0.0000	19.8469
406	0.0905	0.0000	0.2982	0.0000	0.0000	20.2201
407	0.1450	0.0000	0.2994	0.0000	0.0000	19.8499
408	0.1959	0.0000	0.2982	0.0000	0.0000	19.8731
409	0.2531	0.0000	0.2994	0.0000	0.0000	19.5060
410	0.3572	0.0000	0.2859	0.0000	0.0000	21.3601
1	0.0000	0.0000	0.0000	0.0000	0.0000	0.0000
2	0.0000	0.0000	0.1352	0.0000	0.0000	0.0000
3	0.0000	0.0000	0.1428	0.0000	0.0000	0.0000
4	0.0000	0.0000	0.1428	0.0000	0.0000	0.0000
5	0.0000	0.0000	0.1428	0.0000	0.0000	0.0000
6	0.0000	0.0000	0.1447	0.0000	0.0000	0.0000
7	0.0000	0.0000	0.1428	0.0000	0.0000	0.0000
8	0.0000	0.0000	0.1434	0.0000	0.0000	0.0000
9	0.0000	0.0000	0.1428	0.0000	0.0000	0.0000
10	0.0000	0.0000	0.1434	0.0000	0.0000	0.0000
11	1.2949	1.4829	0.1421	0.0000	0.0000	3.3004
12	1.2945	1.4828	0.1447	0.0000	0.0000	3.1337
13	1.2938	1.4825	0.1402	0.0000	0.0000	3.8157
14	1.2930	1.4819	0.1440	0.0000	0.0000	3.4972
15	1.2889	1.4812	0.1434	0.0000	0.0000	2.3932
16	1.2798	1.4804	0.1352	0.0000	0.0000	4.5296
17	1.2708	1.4797	0.1415	0.0000	0.0000	4.0446
18	1.2615	1.4788	0.1440	0.0000	0.0000	3.7496
19	1.2521	1.4778	0.1440	0.0000	0.0000	3.7635
20	1.2444	1.4769	0.1447	0.0000	0.0000	3.8774
21	1.2718	1.5329	0.1440	0.0000	0.0000	3.9687
22	1.2714	1.5328	0.1434	0.0000	0.0000	3.9317
23	1.2709	1.5325	0.1339	0.0000	0.0000	5.2132
24	1.2701	1.5322	0.1421	0.0000	0.0000	4.2456
25	1.2689	1.5323	0.1408	0.0000	0.0000	4.6076
26	1.2674	1.5323	0.1460	0.0000	0.0000	3.8113
27	1.2656	1.5323	0.1408	0.0000	0.0000	4.6369
28	1.2637	1.5321	0.1428	0.0000	0.0000	4.6775
29	1.2617	1.5318	0.1428	0.0000	0.0000	4.6916
30	1.2600	1.5314	0.1440	0.0000	0.0000	4.4071
31	1.2849	1.5330	0.1428	0.0000	0.0000	4.7046
32	1.2848	1.5330	0.1453	0.0000	0.0000	4.7310
33	1.2843	1.5335	0.1396	0.0000	0.0000	5.1188
34	1.2836	1.5338	0.1447	0.0000	0.0000	4.7739
35	1.2827	1.5342	0.1402	0.0000	0.0000	5.2002
36	1.2823	1.5343	0.1440	0.0000	0.0000	5.0092
37	1.2818	1.5344	0.1402	0.0000	0.0000	5.4856
38	1.2808	1.5347	0.1440	0.0000	0.0000	5.2320
39	1.2819	1.5328	0.1440	0.0000	0.0000	5.1818
40	1.2838	1.5297	0.1358	0.0000	0.0000	6.6230
41	1.2869	1.5027	0.1415	0.0000	0.0000	5.7602
42	1.2839	1.5011	0.1440	0.0000	0.0000	5.7242
43	1.2798	1.4987	0.1434	0.0000	0.0000	5.6219
44	1.2774	1.4939	0.1428	0.0000	0.0000	5.7137
45	1.2731	1.4893	0.1434	0.0000	0.0000	5.7794
46	1.2689	1.4834	0.1421	0.0000	0.0000	5.0684
47	1.2637	1.4794	0.1352	0.0000	0.0000	6.8634
48	1.2569	1.4762	0.1421	0.0000	0.0000	6.1729
49	1.2498	1.4715	0.1428	0.0000	0.0000	6.3678
50	1.2442	1.4668	0.1447	0.0000	0.0000	6.0684
51	1.2751	1.5074	0.1428	0.0000	0.0000	6.2999
52	1.2747	1.5079	0.1415	0.0000	0.0000	6.7901
53	1.2732	1.5085	0.1421	0.0000	0.0000	5.4679
54	1.2733	1.5074	0.1364	0.0000	0.0000	7.2999
55	1.2726	1.5064	0.1402	0.0000	0.0000	6.7331
56	1.2706	1.5074	0.1434	0.0000	0.0000	6.8128
57	1.2679	1.5069	0.1260	0.0000	0.0000	8.6591
58	1.2687	1.5038	0.1434	0.0000	0.0000	6.9067
59	1.2684	1.5024	0.1415	0.0000	0.0000	7.1520
60	1.2654	1.5009	0.1428	0.0000	0.0000	7.1255
61	1.2607	1.5221	0.1434	0.0000	0.0000	7.0465
62	1.2591	1.5208	0.1428	0.0000	0.0000	7.2034
63	1.2602	1.5191	0.1408	0.0000	0.0000	7.5770
64	1.2601	1.5185	0.1440	0.0000	0.0000	7.0778
65	1.2578	1.5218	0.1428	0.0000	0.0000	7.2475
66	1.2533	1.5277	0.1421	0.0000	0.0000	7.5313
67	1.2498	1.5343	0.1428	0.0000	0.0000	6.5888
68	1.2485	1.5439	0.1415	0.0000	0.0000	7.7670
69	1.2456	1.5559	0.1428	0.0000	0.0000	7.6279
70	1.2431	1.5622	0.1440	0.0000	0.0000	7.5358
71	1.2657	1.5492	0.1440	0.0000	0.0000	7.4876
72	1.2648	1.5503	0.1434	0.0000	0.0000	8.0932
73	1.2592	1.5535	0.1428	0.0000	0.0000	7.7368
74	1.2557	1.5612	0.1447	0.0000	0.0000	7.1425
75	1.2510	1.5746	0.1345	0.0000	0.0000	8.8809
76	1.2533	1.5726	0.1440	0.0000	0.0000	8.1233
77	1.2431	1.5718	0.1460	0.0000	0.0000	7.9679
78	1.2397	1.5615	0.1428	0.0000	0.0000	8.3700
79	1.2249	1.5576	0.1434	0.0000	0.0000	8.4999
80	1.2165	1.5310	0.1434	0.0000	0.0000	8.6425
81	1.2862	1.4927	0.1421	0.0000	0.0000	8.4264
82	1.2910	1.4852	0.1428	0.0000	0.0000	8.6851
83	1.2903	1.4536	0.1402	0.0000	0.0000	9.0718
84	1.2822	1.4317	0.1434	0.0000	0.0000	7.9464
85	1.2623	1.4244	0.1466	0.0000	0.0000	8.4567
86	1.2407	1.4159	0.1428	0.0000	0.0000	9.0655
87	1.2236	1.4128	0.1434	0.0000	0.0000	9.0023
88	1.2093	1.4190	0.1440	0.0000	0.0000	9.0672
89	1.1913	1.4119	0.1434	0.0000	0.0000	9.1587
90	1.1794	1.4100	0.1447	0.0000	0.0000	9.2440
91	1.2351	1.5144	0.1428	0.0000	0.0000	9.3618
92	1.2329	1.5053	0.1440	0.0000	0.0000	9.3993
93	1.2332	1.5086	0.1428	0.0000	0.0000	9.4401
94	1.2169	1.5365	0.1440	0.0000	0.0000	9.4285
95	1.2023	1.5633	0.1434	0.0000	0.0000	9.5861
96	1.1788	1.5867	0.1434	0.0000	0.0000	9.5999
97	1.1500	1.6111	0.1421	0.0000	0.0000	10.0257
98	1.1253	1.6383	0.1447	0.0000	0.0000	9.8588
99	1.1143	1.6496	0.1428	0.0000	0.0000	9.9763
100	1.1186	1.6423	0.1447	0.0000	0.0000	9.8707
101	1.2217	1.5157	0.1415	0.0000	0.0000	10.3999
102	1.2030	1.5396	0.1440	0.0000	0.0000	9.9769
103	1.1859	1.5500	0.1428	0.0000	0.0000	10.0199
104	1.1539	1.5646	0.1440	0.0000	0.0000	9.5036
105	1.1149	1.5977	0.1434	0.0000	0.0000	10.4205
106	1.0669	1.6335	0.1440	0.0000	0.0000	10.3576
107	1.0047	1.6713	0.1440	0.0000	0.0000	10.5018
108	0.9271	1.7089	0.1428	0.0000	0.0000	9.9754
109	0.8431	1.7620	0.1440	0.0000	0.0000	10.5957
110	0.7863	1.8126	0.1421	0.0000	0.0000	11.0187
111	1.2372	1.5385	0.1434	0.0000	0.0000	10.7348
112	1.2408	1.5513	0.1440	0.0000	0.0000	10.5457
113	1.2618	1.5684	0.1434	0.0000	0.0000	11.0219
114	1.2895	1.5896	0.1421	0.0000	0.0000	11.0625
115	1.3088	1.6171	0.1421	0.0000	0.0000	11.2694
116	1.3260	1.6388	0.1352	0.0000	0.0000	12.3108
117	1.3384	1.6606	0.1434	0.0000	0.0000	11.3370
118	1.3588	1.6801	0.1453	0.0000	0.0000	10.9904
119	1.3792	1.6940	0.1421	0.0000	0.0000	11.5206
120	1.3842	1.7114	0.1434	0.0000	0.0000	10.6728
121	1.2671	1.5426	0.1402	0.0000	0.0000	11.9567
122	1.2667	1.5574	0.1434	0.0000	0.0000	11.7157
123	1.2901	1.5736	0.1408	0.0000	0.0000	12.1029
124	1.2986	1.6091	0.1440	0.0000	0.0000	11.7970
125	1.2939	1.6483	0.1428	0.0000	0.0000	12.0145
126	1.2946	1.6948	0.1415	0.0000	0.0000	12.1185
127	1.3097	1.7242	0.1421	0.0000	0.0000	12.1855
128	1.3386	1.7640	0.1428	0.0000	0.0000	11.6168
129	1.3676	1.8052	0.1434	0.0000	0.0000	11.9987
130	1.3940	1.8357	0.1428	0.0000	0.0000	12.5237
131	1.2471	1.5412	0.1434	0.0000	0.0000	12.3160
132	1.2374	1.5394	0.1460	0.0000	0.0000	12.2768
133	1.2376	1.5228	0.1333	0.0000	0.0000	13.8131
134	1.2301	1.5006	0.1447	0.0000	0.0000	12.7854
135	1.2122	1.4949	0.1421	0.0000	0.0000	12.0892
136	1.1771	1.5123	0.1377	0.0000	0.0000	13.5920
137	1.1593	1.5111	0.1440	0.0000	0.0000	12.7119
138	1.1394	1.5218	0.1434	0.0000	0.0000	12.4068
139	1.1315	1.5239	0.1440	0.0000	0.0000	12.9173
140	1.1061	1.5408	0.1421	0.0000	0.0000	13.0832
141	1.2733	1.5562	0.1428	0.0000	0.0000	12.3131
142	1.2864	1.5530	0.1434	0.0000	0.0000	12.6270
143	1.2909	1.5716	0.1358	0.0000	0.0000	14.1279
144	1.3243	1.5578	0.1453	0.0000	0.0000	13.2530
145	1.3392	1.5389	0.1434	0.0000	0.0000	13.3718
146	1.3531	1.5348	0.1421	0.0000	0.0000	13.7327
147	1.3750	1.5373	0.1434	0.0000	0.0000	13.3367
148	1.4168	1.5163	0.1453	0.0000	0.0000	13.6963
149	1.4616	1.4454	0.1447	0.0000	0.0000	13.2739
150	1.5026	1.3682	0.1453	0.0000	0.0000	13.6436
151	1.2674	1.5174	0.1453	0.0000	0.0000	13.9005
152	1.2888	1.4788	0.1428	0.0000	0.0000	14.0297
153	1.2979	1.4289	0.1447	0.0000	0.0000	13.8113
154	1.3066	1.3485	0.1428	0.0000	0.0000	14.4446
155	1.3468	1.2264	0.1460	0.0000	0.0000	14.0695
156	1.4014	1.0771	0.1421	0.0000	0.0000	13.6587
157	1.4403	0.9593	0.1358	0.0000	0.0000	15.1937
158	1.4594	0.8664	0.1428	0.0000	0.0000	14.5003
159	1.4987	0.7335	0.1358	0.0000	0.0000	15.5444
160	1.5249	0.6274	0.1377	0.0000	0.0000	15.4462
161	1.2299	1.5558	0.1415	0.0000	0.0000	14.8740
162	1.2402	1.5543	0.1440	0.0000	0.0000	14.8373
163	1.2416	1.5476	0.1434	0.0000	0.0000	14.7348
164	1.2333	1.5353	0.1466	0.0000	0.0000	14.6826
165	1.2155	1.5385	0.1408	0.0000	0.0000	14.4887
166	1.1798	1.5605	0.1473	0.0000	0.0000	14.6165
167	1.1506	1.5544	0.1434	0.0000	0.0000	15.2908
168	1.0959	1.5623	0.1434	0.0000	0.0000	15.2391
169	1.0325	1.5538	0.1434	0.0000	0.0000	15.2528
170	0.9559	1.5724	0.1466	0.0000	0.0000	15.5124
171	1.2642	1.5605	0.1440	0.0000	0.0000	15.3650
172	1.2557	1.5793	0.1473	0.0000	0.0000	15.5738
173	1.2571	1.5868	0.1453	0.0000	0.0000	15.2992
174	1.2624	1.5820	0.1383	0.0000	0.0000	16.4804
175	1.2588	1.5899	0.1447	0.0000	0.0000	15.7269
176	1.2453	1.5875	0.1460	0.0000	0.0000	14.7581
177	1.2214	1.6013	0.1453	0.0000	0.0000	15.8714
178	1.1773	1.6320	0.1447	0.0000	0.0000	16.0914
179	1.1570	1.6532	0.1460	0.0000	0.0000	16.1431
180	1.1522	1.6776	0.1479	0.0000	0.0000	16.0340
181	1.2478	1.5446	0.1466	0.0000	0.0000	16.0066
182	1.2367	1.5577	0.1466	0.0000	0.0000	16.2141
183	1.2232	1.5771	0.1460	0.0000	0.0000	15.2837
184	1.2044	1.6023	0.1389	0.0000	0.0000	17.2313
185	1.1970	1.6229	0.1447	0.0000	0.0000	16.4885
186	1.1716	1.6555	0.1466	0.0000	0.0000	16.5920
187	1.1631	1.6749	0.1453	0.0000	0.0000	16.4346
188	1.1445	1.7185	0.1466	0.0000	0.0000	16.6150
189	1.1367	1.7454	0.1466	0.0000	0.0000	16.8224
190	1.1246	1.7799	0.1402	0.0000	0.0000	17.7883
191	1.2564	1.5230	0.1499	0.0000	0.0000	16.6167
192	1.2133	1.5241	0.1479	0.0000	0.0000	16.7992
193	1.1435	1.5639	0.1434	0.0000	0.0000	17.0332
194	1.0771	1.5962	0.1479	0.0000	0.0000	17.0848
195	0.9949	1.6518	0.1473	0.0000	0.0000	17.1088
196	0.9063	1.7325	0.1479	0.0000	0.0000	17.0426
197	0.8387	1.7947	0.1440	0.0000	0.0000	17.6541
198	0.7961	1.8173	0.1473	0.0000	0.0000	17.3409
199	0.7615	1.8334	0.1473	0.0000	0.0000	16.7726
200	0.7386	1.8435	0.1499	0.0000	0.0000	17.1633
201	1.1967	1.5291	0.1486	0.0000	0.0000	17.5290
202	1.2047	1.5588	0.1486	0.0000	0.0000	17.5387
203	1.2285	1.5645	0.1473	0.0000	0.0000	17.8380
204	1.2701	1.5239	0.1479	0.0000	0.0000	17.8348
205	1.3248	1.4496	0.1479	0.0000	0.0000	17.9771
206	1.3784	1.3577	0.1486	0.0000	0.0000	17.9746
207	1.4194	1.2846	0.1479	0.0000	0.0000	17.9336
208	1.4546	1.2122	0.1486	0.0000	0.0000	18.1936
209	1.5201	1.1101	0.1473	0.0000	0.0000	17.2664
210	1.5634	1.0355	0.1486	0.0000	0.0000	18.1848
211	1.2391	1.5665	0.1479	0.0000	0.0000	18.2738
212	1.2280	1.6016	0.1486	0.0000	0.0000	18.6006
213	1.2278	1.6274	0.1453	0.0000	0.0000	18.2197
214	1.2407	1.6203	0.1466	0.0000	0.0000	18.8570
215	1.2253	1.6036	0.1466	0.0000	0.0000	18.8670
216	1.1824	1.6189	0.1493	0.0000	0.0000	17.3444
217	1.1480	1.6365	0.1473	0.0000	0.0000	18.6005
218	1.1292	1.6603	0.1486	0.0000	0.0000	18.7810
219	1.1188	1.6573	0.1499	0.0000	0.0000	18.6987
220	1.0898	1.6833	0.1499	0.0000	0.0000	19.2383
221	1.2945	1.5490	0.1493	0.0000	0.0000	18.9277
222	1.3174	1.5405	0.1493	0.0000	0.0000	19.3334
223	1.3394	1.5353	0.1428	0.0000	0.0000	20.1234
224	1.3876	1.5346	0.1526	0.0000	0.0000	18.9511
225	1.4228	1.5282	0.1512	0.0000	0.0000	19.3192
226	1.4516	1.5114	0.1546	0.0000	0.0000	19.2579
227	1.4785	1.4733	0.1553	0.0000	0.0000	19.2495
228	1.5243	1.3919	0.1600	0.0000	0.0000	19.4994
229	1.5810	1.2866	0.1642	0.0000	0.0000	18.8614
230	1.6221	1.2114	0.1706	0.0000	0.0000	19.0465
231	1.2625	1.5621	0.1720	0.0000	0.0000	19.3706
232	1.2213	1.5886	0.1831	0.0000	0.0000	17.7428
233	1.1828	1.6109	0.1846	0.0000	0.0000	19.0078
234	1.1696	1.6099	0.1923	0.0000	0.0000	18.7510
235	1.1665	1.6031	0.1923	0.0000	0.0000	18.8834
236	1.1623	1.5793	0.1939	0.0000	0.0000	19.0609
237	1.1591	1.5735	0.1939	0.0000	0.0000	19.0369
238	1.1851	1.5390	0.1931	0.0000	0.0000	18.0342
239	1.2264	1.4601	0.1869	0.0000	0.0000	19.5189
240	1.2866	1.3851	0.1877	0.0000	0.0000	19.4714
241	1.3024	1.3953	0.1923	0.0000	0.0000	19.0460
242	1.3530	1.4377	0.1885	0.0000	0.0000	19.6446
243	1.4207	1.4970	0.1908	0.0000	0.0000	19.8785
244	1.5294	1.5571	0.1995	0.0000	0.0000	19.3644
245	1.6249	1.6343	0.2019	0.0000	0.0000	19.3649
246	1.6890	1.7456	0.2068	0.0000	0.0000	19.4789
247	1.7825	1.8688	0.2127	0.0000	0.0000	19.4947
248	1.8804	1.9929	0.2161	0.0000	0.0000	18.9595
249	2.0168	2.0672	0.2161	0.0000	0.0000	19.3430
250	2.1433	2.0934	0.2178	0.0000	0.0000	19.0845
251	1.2713	1.5734	0.2169	0.0000	0.0000	19.2303
252	1.2374	1.6228	0.2169	0.0000	0.0000	19.3587
253	1.1699	1.6881	0.2110	0.0000	0.0000	19.5220
254	1.1372	1.7524	0.2152	0.0000	0.0000	19.4801
255	1.1196	1.8181	0.2144	0.0000	0.0000	19.6255
256	1.0788	1.9016	0.2169	0.0000	0.0000	19.6163
257	1.0470	2.0073	0.2152	0.0000	0.0000	19.8628
258	1.0569	2.1498	0.2230	0.0000	0.0000	19.2284
259	1.0889	2.2497	0.2178	0.0000	0.0000	19.8870
260	1.1690	2.3383	0.2256	0.0000	0.0000	17.6258
261	1.2758	1.5020	0.2292	0.0000	0.0000	19.1177
262	1.3205	1.4355	0.2365	0.0000	0.0000	19.2702
263	1.3277	1.3441	0.2449	0.0000	0.0000	19.5089
264	1.3451	1.2279	0.2536	0.0000	0.0000	18.6825
265	1.3647	1.1420	0.2527	0.0000	0.0000	19.4108
266	1.3816	1.0788	0.2507	0.0000	0.0000	19.2767
267	1.3912	1.0162	0.2507	0.0000	0.0000	17.9708
268	1.3978	0.9624	0.2347	0.0000	0.0000	20.6777
269	1.4082	0.8963	0.2468	0.0000	0.0000	19.8217
270	1.4426	0.8248	0.2488	0.0000	0.0000	19.1297
271	1.2347	1.5200	0.2412	0.0000	0.0000	19.6848
272	1.2803	1.4766	0.2374	0.0000	0.0000	19.7876
273	1.3427	1.4430	0.2374	0.0000	0.0000	18.1917
274	1.3734	1.3768	0.2274	0.0000	0.0000	20.9609
275	1.4218	1.2605	0.2402	0.0000	0.0000	19.7371
276	1.5132	1.1128	0.2440	0.0000	0.0000	18.1225
277	1.6274	0.9659	0.2319	0.0000	0.0000	20.9833
278	1.7026	0.8369	0.2517	0.0000	0.0000	18.9245
279	1.7422	0.7205	0.2497	0.0000	0.0000	18.5248
280	1.7599	0.6066	0.2430	0.0000	0.0000	21.0810
281	1.2277	1.5300	0.2556	0.0000	0.0000	19.8946
282	1.2438	1.5736	0.2586	0.0000	0.0000	19.4572
283	1.2584	1.6233	0.2616	0.0000	0.0000	19.2149
284	1.2845	1.6463	0.2667	0.0000	0.0000	19.1273
285	1.3550	1.6910	0.2647	0.0000	0.0000	19.4927
286	1.4173	1.7678	0.2647	0.0000	0.0000	19.5098
287	1.4462	1.8466	0.2626	0.0000	0.0000	19.4671
288	1.4825	1.8969	0.2626	0.0000	0.0000	19.4857
289	1.5680	1.9378	0.2616	0.0000	0.0000	19.7293
290	1.6373	1.9580	0.2626	0.0000	0.0000	19.7205
291	1.1057	1.4240	0.2626	0.0000	0.0000	19.7411
292	1.0719	1.4002	0.2667	0.0000	0.0000	18.0710
293	1.0774	1.4068	0.2527	0.0000	0.0000	21.0791
294	1.1002	1.4633	0.2657	0.0000	0.0000	19.6368
295	1.1187	1.5605	0.2688	0.0000	0.0000	17.8802
296	1.1190	1.6560	0.2546	0.0000	0.0000	21.2077
297	1.1198	1.7605	0.2677	0.0000	0.0000	19.4455
298	1.1508	1.8895	0.2730	0.0000	0.0000	18.2254
299	1.1787	2.0483	0.2606	0.0000	0.0000	20.6456
300	1.1885	2.1400	0.2719	0.0000	0.0000	19.8226
301	1.2023	1.4700	0.2576	0.0000	0.0000	21.4460
302	1.2077	1.4770	0.2688	0.0000	0.0000	20.0134
303	1.2508	1.4785	0.2709	0.0000	0.0000	19.2594
304	1.3297	1.5046	0.2677	0.0000	0.0000	20.0634
305	1.4279	1.5422	0.2527	0.0000	0.0000	21.0654
306	1.5428	1.5338	0.2677	0.0000	0.0000	19.9937
307	1.6623	1.4754	0.2657	0.0000	0.0000	19.7417
308	1.7833	1.3927	0.2677	0.0000	0.0000	19.5079
309	1.9636	1.2643	0.2730	0.0000	0.0000	19.7310
310	2.1285	1.1583	0.2783	0.0000	0.0000	18.8965
311	1.1785	1.5029	0.2804	0.0000	0.0000	19.7142
312	1.1668	1.5032	0.2848	0.0000	0.0000	19.6396
313	1.1731	1.4973	0.2815	0.0000	0.0000	18.5365
314	1.2048	1.4789	0.2881	0.0000	0.0000	19.1515
315	1.2693	1.4273	0.2848	0.0000	0.0000	19.4476
316	1.3305	1.3857	0.2881	0.0000	0.0000	17.6700
317	1.4041	1.3587	0.2709	0.0000	0.0000	21.1353
318	1.5105	1.3399	0.2837	0.0000	0.0000	19.3888
319	1.6529	1.3430	0.2848	0.0000	0.0000	18.0957
320	1.7732	1.3603	0.2719	0.0000	0.0000	20.9290
321	1.1784	1.4960	0.2837	0.0000	0.0000	19.7441
322	1.2048	1.5465	0.2837	0.0000	0.0000	20.0825
323	1.2771	1.6159	0.2903	0.0000	0.0000	18.9611
324	1.3335	1.6781	0.2881	0.0000	0.0000	19.5653
325	1.4087	1.6968	0.2859	0.0000	0.0000	19.9478
326	1.5290	1.6951	0.2914	0.0000	0.0000	19.0639
327	1.6435	1.7168	0.2848	0.0000	0.0000	19.8675
328	1.7649	1.7631	0.2793	0.0000	0.0000	20.0877
329	1.9115	1.7922	0.2616	0.0000	0.0000	21.5799
330	2.0893	1.8599	0.2719	0.0000	0.0000	19.6213
331	2.2584	1.9501	0.2709	0.0000	0.0000	19.9671
332	2.5000	2.1068	0.2804	0.0000	0.0000	19.1483
333	2.7334	2.2801	0.2772	0.0000	0.0000	20.0812
334	2.9789	2.4110	0.2859	0.0000	0.0000	19.2660
335	3.0000	2.4938	0.2870	0.0000	0.0000	19.3584
336	3.0000	2.5851	0.2892	0.0000	0.0000	19.4293
337	3.0000	2.6574	0.2848	0.0000	0.0000	20.1879
338	3.0000	2.7084	0.2903	0.0000	0.0000	19.3072
339	3.0000	2.7441	0.2881	0.0000	0.0000	19.8025
340	3.0000	2.7580	0.2892	0.0000	0.0000	19.5607
341	1.2150	1.5657	0.2870	0.0000	0.0000	19.1718
342	1.1916	1.5746	0.2837	0.0000	0.0000	19.7930
343	1.2089	1.6107	0.2826	0.0000	0.0000	20.1519
344	1.2169	1.6890	0.2903	0.0000	0.0000	19.4541
345	1.2057	1.7640	0.2870	0.0000	0.0000	19.7487
346	1.2214	1.8365	0.2892	0.0000	0.0000	19.7103
347	1.2556	1.8929	0.2881	0.0000	0.0000	19.6275
348	1.2516	1.9203	0.2881	0.0000	0.0000	19.9670
349	1.2566	1.9312	0.2948	0.0000	0.0000	19.2766
350	1.2717	1.9788	0.2925	0.0000	0.0000	19.1047
351	1.2752	2.0499	0.2892	0.0000	0.0000	19.5138
352	1.2786	2.1789	0.2837	0.0000	0.0000	20.0717
353	1.3026	2.2999	0.2804	0.0000	0.0000	19.6034
354	1.3497	2.3806	0.2859	0.0000	0.0000	19.6080
355	1.4341	2.4473	0.2815	0.0000	0.0000	20.0308
356	1.5684	2.4707	0.2837	0.0000	0.0000	19.4528
357	1.7491	2.4749	0.2793	0.0000	0.0000	19.9832
358	1.9716	2.4924	0.2848	0.0000	0.0000	20.1046
359	2.1870	2.5374	0.2859	0.0000	0.0000	19.4317
360	2.3165	2.5584	0.2892	0.0000	0.0000	19.3656
361	1.2029	1.5439	0.2903	0.0000	0.0000	19.4579
362	1.2131	1.5247	0.2859	0.0000	0.0000	19.7758
363	1.1898	1.4978	0.2848	0.0000	0.0000	19.9154
364	1.1590	1.4243	0.2892	0.0000	0.0000	19.9459
365	1.1622	1.3016	0.2959	0.0000	0.0000	19.4780
366	1.2083	1.1289	0.2903	0.0000	0.0000	20.2714
367	1.2668	0.9102	0.2982	0.0000	0.0000	19.7809
368	1.3436	0.6575	0.3017	0.0000	0.0000	19.0201
369	1.4704	0.3838	0.2982	0.0000	0.0000	19.4371
370	1.6075	0.1906	0.2959	0.0000	0.0000	19.7122
371	1.2401	1.5810	0.2948	0.0000	0.0000	19.1741
372	1.2434	1.6336	0.2959	0.0000	0.0000	19.3772
373	1.2409	1.6997	0.2914	0.0000	0.0000	20.0364
374	1.2279	1.7573	0.3005	0.0000	0.0000	19.1719
375	1.2152	1.7805	0.2994	0.0000	0.0000	19.6565
376	1.1919	1.7967	0.3017	0.0000	0.0000	19.1485
377	1.2025	1.7721	0.2925	0.0000	0.0000	19.9061
378	1.2586	1.7534	0.2948	0.0000	0.0000	19.6376
379	1.3173	1.7735	0.2903	0.0000	0.0000	19.7328
380	1.3426	1.8206	0.2870	0.0000	0.0000	20.0263
381	1.1999	1.4520	0.2837	0.0000	0.0000	19.8783
382	1.2186	1.3951	0.2859	0.0000	0.0000	19.6215
383	1.2397	1.3353	0.2848	0.0000	0.0000	19.7642
384	1.2611	1.3130	0.2903	0.0000	0.0000	19.9940
385	1.3211	1.3258	0.2903	0.0000	0.0000	18.1477
386	1.3958	1.3304	0.2914	0.0000	0.0000	19.6472
387	1.4699	1.3133	0.2925	0.0000	0.0000	19.8536
388	1.5232	1.3112	0.2959	0.0000	0.0000	19.4503
389	1.5763	1.2738	0.2892	0.0000	0.0000	20.2644
390	1.6339	1.2630	0.2903	0.0000	0.0000	19.5751
391	1.1942	1.5108	0.2751	0.0000	0.0000	21.7448
392	1.1684	1.5205	0.2948	0.0000	0.0000	19.2682
393	1.1494	1.5571	0.2914	0.0000	0.0000	20.0169
394	1.1747	1.5822	0.3005	0.0000	0.0000	19.0381
395	1.1844	1.5665	0.2948	0.0000	0.0000	20.6480
396	1.1846	1.5368	0.3040	0.0000	0.0000	19.3067
397	1.2048	1.4847	0.3005	0.0000	0.0000	19.7247
398	1.2059	1.4630	0.3076	0.0000	0.0000	19.5833
399	1.1980	1.4175	0.3017	0.0000	0.0000	19.6957
400	1.1711	1.3551	0.3017	0.0000	0.0000	20.0460
401	1.2358	1.5324	0.2982	0.0000	0.0000	20.2294
402	1.2368	1.5303	0.3064	0.0000	0.0000	19.3664
403	1.2380	1.5445	0.3052	0.0000	0.0000	18.0167
404	1.2139	1.5452	0.3076	0.0000	0.0000	19.2201
405	1.1877	1.5021	0.3029	0.0000	0.0000	20.0174
406	1.1643	1.4433	0.3111	0.0000	0.0000	18.9018
407	1.1154	1.3786	0.3005	0.0000	0.0000	20.2896
408	1.0383	1.3299	0.3040	0.0000	0.0000	19.0513
409	0.9671	1.3190	0.2994	0.0000	0.0000	19.4940
410	0.8890	1.3366	0.2925	0.0000	0.0000	20.3154
411	1.2164	1.5692	0.2925	0.0000	0.0000	19.7493
412	1.1566	1.5699	0.2959	0.0000	0.0000	19.3450
413	1.1024	1.5205	0.2881	0.0000	0.0000	19.7372
414	1.0921	1.4212	0.2925	0.0000	0.0000	19.8745
415	1.0936	1.2795	0.2971	0.0000	0.0000	19.2198
416	1.1036	1.1032	0.2994	0.0000	0.0000	19.0599
417	1.1149	0.9238	0.2994	0.0000	0.0000	18.2828
418	1.1239	0.7621	0.2826	0.0000	0.0000	21.6528
419	1.1021	0.5945	0.2959	0.0000	0.0000	19.8231
420	1.0988	0.4330	0.2982	0.0000	0.0000	19.5507
421	1.2620	1.5241	0.2971	0.0000	0.0000	19.5752
422	1.2970	1.4810	0.2925	0.0000	0.0000	20.3500
423	1.3424	1.4046	0.2914	0.0000	0.0000	19.5848
424	1.4336	1.2782	0.2971	0.0000	0.0000	19.3557
425	1.5740	1.1030	0.2914	0.0000	0.0000	19.8137
426	1.7316	0.9013	0.2914	0.0000	0.0000	18.5056
427	1.8869	0.6738	0.2751	0.0000	0.0000	21.6797
428	2.0595	0.4417	0.2903	0.0000	0.0000	19.4160
429	2.2477	0.2591	0.2903	0.0000	0.0000	18.4504
430	2.3806	0.1651	0.2937	0.0000	0.0000	18.5860
431	1.2640	1.5760	0.2971	0.0000	0.0000	18.3971
432	1.2886	1.6435	0.3029	0.0000	0.0000	19.5059
433	1.3149	1.7312	0.2959	0.0000	0.0000	19.6482
434	1.3813	1.8276	0.2903	0.0000	0.0000	19.9903
435	1.4780	1.9575	0.2826	0.0000	0.0000	20.1479
436	1.5719	2.1066	0.2793	0.0000	0.0000	20.1127
437	1.6679	2.2577	0.2793	0.0000	0.0000	20.1223
438	1.7506	2.4250	0.2783	0.0000	0.0000	20.3695
439	1.8346	2.5754	0.2848	0.0000	0.0000	19.9231
440	1.9010	2.6693	0.2859	0.0000	0.0000	20.3480
441	1.2471	1.5538	0.2870	0.0000	0.0000	20.0006
442	1.2886	1.6000	0.2925	0.0000	0.0000	19.8923
443	1.3425	1.6299	0.2914	0.0000	0.0000	19.6954
444	1.4206	1.6179	0.2994	0.0000	0.0000	19.7597
445	1.5632	1.5579	0.2937	0.0000	0.0000	20.3326
446	1.7551	1.4506	0.2914	0.0000	0.0000	19.4809
447	1.9369	1.3079	0.2892	0.0000	0.0000	19.7568
448	2.1074	1.1192	0.2925	0.0000	0.0000	19.9184
449	2.2535	0.9466	0.2881	0.0000	0.0000	20.3465
450	2.3581	0.8103	0.2881	0.0000	0.0000	20.2393
451	2.4057	0.7193	0.2870	0.0000	0.0000	20.6001
452	2.4313	0.5906	0.2903	0.0000	0.0000	18.5644
453	2.4776	0.4892	0.2761	0.0000	0.0000	21.8012
454	2.5615	0.4268	0.2982	0.0000	0.0000	19.8332
455	2.6758	0.3584	0.3005	0.0000	0.0000	18.4323
456	2.7840	0.2612	0.2881	0.0000	0.0000	21.4005
457	2.8890	0.1185	0.3017	0.0000	0.0000	19.8819
458	3.0000	0.0000	0.3040	0.0000	0.0000	19.3688
459	3.0000	0.0000	0.3029	0.0000	0.0000	19.6241
460	3.0000	0.0000	0.3017	0.0000	0.0000	19.8790
461	1.1855	1.4976	0.3040	0.0000	0.0000	19.3659
462	1.1573	1.5396	0.3017	0.0000	0.0000	19.6448
463	1.1261	1.5768	0.3017	0.0000	0.0000	18.5103
464	1.0945	1.6081	0.3017	0.0000	0.0000	19.7600
465	1.0797	1.6724	0.2982	0.0000	0.0000	19.6015
466	1.0310	1.7696	0.2982	0.0000	0.0000	19.6038
467	0.9331	1.8719	0.2959	0.0000	0.0000	19.8813
468	0.8159	1.9780	0.2982	0.0000	0.0000	19.7216
469	0.6947	2.1024	0.2959	0.0000	0.0000	20.1125
470	0.5717	2.2150	0.2837	0.0000	0.0000	21.5866
471	1.2219	1.5251	0.2914	0.0000	0.0000	19.9790
472	1.2380	1.5165	0.2994	0.0000	0.0000	18.2525
473	1.2996	1.5179	0.2959	0.0000	0.0000	19.7798
474	1.3891	1.4898	0.2994	0.0000	0.0000	19.5962
475	1.5236	1.4189	0.2948	0.0000	0.0000	18.6988
476	1.6595	1.3336	0.2959	0.0000	0.0000	20.1283
477	1.8366	1.1971	0.2959	0.0000	0.0000	20.1297
478	2.0461	1.0213	0.2826	0.0000	0.0000	21.5075
479	2.2175	0.8734	0.3017	0.0000	0.0000	19.5600
480	2.4010	0.7321	0.3064	0.0000	0.0000	18.5403
481	2.5345	0.6290	0.3076	0.0000	0.0000	19.5523
482	2.6261	0.5524	0.3064	0.0000	0.0000	19.5730
483	2.6718	0.5202	0.3099	0.0000	0.0000	19.0260
484	2.6841	0.5200	0.3029	0.0000	0.0000	19.6414
485	2.6602	0.5482	0.3005	0.0000	0.0000	19.4593
486	2.6649	0.5979	0.3005	0.0000	0.0000	19.9196
487	2.6436	0.6903	0.2948	0.0000	0.0000	19.6939
488	2.5921	0.7801	0.2971	0.0000	0.0000	20.1054
489	2.5366	0.8640	0.2994	0.0000	0.0000	19.3740
490	2.5054	0.9618	0.2959	0.0000	0.0000	19.9021
491	2.4995	1.0478	0.3017	0.0000	0.0000	19.4427
492	2.5262	1.1236	0.2870	0.0000	0.0000	20.1974
493	2.5729	1.1892	0.2870	0.0000	0.0000	21.4462
494	2.6330	1.2128	0.3029	0.0000	0.0000	20.1237
495	2.6966	1.2137	0.2994	0.0000	0.0000	18.2724
496	2.7274	1.2058	0.3029	0.0000	0.0000	19.7725
497	2.7178	1.1600	0.2994	0.0000	0.0000	18.3841
498	2.7009	1.1274	0.3040	0.0000	0.0000	18.1575
499	2.6862	1.1044	0.2994	0.0000	0.0000	20.0762
500	2.6893	1.0695	0.3040	0.0000	0.0000	19.7504
1	0.0000	0.0000	0.0000	0.0000	0.0000	0.0000
2	0.0000	0.0001	0.1428	0.0000	0.0000	0.0000
3	0.0000	0.0004	0.1408	0.0000	0.0000	0.0000
4	0.0000	0.0009	0.1428	0.0000	0.0000	0.0000
5	0.0001	0.0014	0.1447	0.0000	0.0000	0.0000
6	0.0002	0.0021	0.1421	0.0000	0.0000	0.0000
7	0.0004	0.0030	0.1434	0.0000	0.0000	0.0000
8	0.0007	0.0039	0.1428	0.0000	0.0000	0.0000
9	0.0010	0.0050	0.1428	0.0000	0.0000	0.0000
10	0.0014	0.0058	0.1415	0.0000	0.0000	0.0000
11	1.2640	1.5551	0.1408	0.0000	0.0000	3.3114
12	1.2641	1.5552	0.1358	0.0000	0.0000	4.0598
13	1.2642	1.5555	0.1421	0.0000	0.0000	3.4449
14	1.2644	1.5560	0.1428	0.0000	0.0000	2.5029
15	1.2648	1.5565	0.1352	0.0000	0.0000	4.4390
16	1.2653	1.5571	0.1428	0.0000	0.0000	3.8653
17	1.2658	1.5578	0.1428	0.0000	0.0000	2.8046
18	1.2663	1.5586	0.1466	0.0000	0.0000	3.4288
19	1.2669	1.5596	0.1421	0.0000	0.0000	3.7942
20	1.2674	1.5604	0.1440	0.0000	0.0000	3.8181
21	1.2599	1.5301	0.1428	0.0000	0.0000	3.9867
22	1.2599	1.5303	0.1428	0.0000	0.0000	4.1137
23	1.2599	1.5305	0.1421	0.0000	0.0000	3.5096
24	1.2599	1.5308	0.1440	0.0000	0.0000	4.1170
25	1.2600	1.5313	0.1434	0.0000	0.0000	4.2731
26	1.2601	1.5320	0.1447	0.0000	0.0000	4.3896
27	1.2603	1.5328	0.1434	0.0000	0.0000	4.3007
28	1.2607	1.5338	0.1460	0.0000	0.0000	4.3248
29	1.2610	1.5349	0.1421	0.0000	0.0000	4.7392
30	1.2613	1.5360	0.1440	0.0000	0.0000	4.6344
31	1.3001	1.5541	0.1447	0.0000	0.0000	4.5066
32	1.3002	1.5542	0.1421	0.0000	0.0000	4.9583
33	1.3003	1.5544	0.1434	0.0000	0.0000	4.8830
34	1.2984	1.5548	0.1447	0.0000	0.0000	4.9996
35	1.2904	1.5552	0.1421	0.0000	0.0000	5.1777
36	1.2804	1.5557	0.1453	0.0000	0.0000	4.2337
37	1.2708	1.5562	0.1402	0.0000	0.0000	5.6944
38	1.2617	1.5556	0.1447	0.0000	0.0000	5.2987
39	1.2538	1.5555	0.1440	0.0000	0.0000	5.2606
40	1.2459	1.5566	0.1440	0.0000	0.0000	5.3873
41	1.2439	1.5157	0.1440	0.0000	0.0000	5.1301
42	1.2428	1.5174	0.1447	0.0000	0.0000	5.3877
43	1.2438	1.5181	0.1421	0.0000	0.0000	4.6443
44	1.2460	1.5183	0.1370	0.0000	0.0000	6.5930
45	1.2453	1.5206	0.1421	0.0000	0.0000	5.9977
46	1.2436	1.5237	0.1447	0.0000	0.0000	6.0257
47	1.2425	1.5261	0.1447	0.0000	0.0000	5.5870
48	1.2418	1.5295	0.1440	0.0000	0.0000	5.9996
49	1.2377	1.5358	0.1415	0.0000	0.0000	6.3218
50	1.2329	1.5409	0.1440	0.0000	0.0000	6.0117
51	1.3906	1.5360	0.1428	0.0000	0.0000	6.2450
52	1.3961	1.5382	0.1421	0.0000	0.0000	6.4014
53	1.3999	1.5402	0.1434	0.0000	0.0000	5.4445
54	1.4040	1.5434	0.1345	0.0000	0.0000	7.4709
55	1.4091	1.5485	0.1434	0.0000	0.0000	6.6154
56	1.4126	1.5538	0.1460	0.0000	0.0000	6.5121
57	1.4170	1.5610	0.1447	0.0000	0.0000	6.5533
58	1.4234	1.5661	0.1421	0.0000	0.0000	7.1993
59	1.4286	1.5703	0.1428	0.0000	0.0000	6.8776
60	1.4347	1.5694	0.1421	0.0000	0.0000	7.1458
61	1.2587	1.5295	0.1415	0.0000	0.0000	7.0447
62	1.2584	1.5282	0.1453	0.0000	0.0000	6.9804
63	1.2598	1.5267	0.1428	0.0000	0.0000	7.0473
64	1.2625	1.5256	0.1440	0.0000	0.0000	7.2277
65	1.2646	1.5251	0.1415	0.0000	0.0000	7.4859
66	1.2705	1.5247	0.1453	0.0000	0.0000	6.4666
67	1.2766	1.5227	0.1339	0.0000	0.0000	8.4225
68	1.2840	1.5225	0.1434	0.0000	0.0000	7.6863
69	1.2944	1.5180	0.1434	0.0000	0.0000	6.5661
70	1.2990	1.5181	0.1434	0.0000	0.0000	6.8619
71	1.3746	1.5172	0.1434	0.0000	0.0000	7.8128
72	1.3621	1.5297	0.1440	0.0000	0.0000	7.8144
73	1.3371	1.5670	0.1364	0.0000	0.0000	8.4884
74	1.3090	1.6184	0.1434	0.0000	0.0000	8.0496
75	1.2918	1.6826	0.1415	0.0000	0.0000	8.0386
76	1.2755	1.7445	0.1377	0.0000	0.0000	8.8305
77	1.2569	1.8010	0.1408	0.0000	0.0000	8.5938
78	1.2309	1.8679	0.1447	0.0000	0.0000	7.1984
79	1.2064	1.9359	0.1447	0.0000	0.0000	8.0957
80	1.1900	1.9898	0.1434	0.0000	0.0000	8.4419
81	1.3832	1.5675	0.1434	0.0000	0.0000	8.4572
82	1.3605	1.5631	0.1428	0.0000	0.0000	8.1048
83	1.3369	1.5488	0.1447	0.0000	0.0000	8.2046
84	1.3122	1.5301	0.1447	0.0000	0.0000	8.6671
85	1.2998	1.5199	0.1421	0.0000	0.0000	8.7356
86	1.2741	1.5176	0.1434	0.0000	0.0000	8.9160
87	1.2443	1.5153	0.1408	0.0000	0.0000	9.1581
88	1.2114	1.4909	0.1428	0.0000	0.0000	8.9428
89	1.1639	1.4627	0.1345	0.0000	0.0000	10.1366
90	1.1488	1.4305	0.1421	0.0000	0.0000	8.7829
91	1.2853	1.5013	0.1453	0.0000	0.0000	8.9834
92	1.2621	1.5067	0.1421	0.0000	0.0000	9.3846
93	1.2334	1.5011	0.1447	0.0000	0.0000	9.1539
94	1.2333	1.4703	0.1421	0.0000	0.0000	9.6698
95	1.2364	1.4423	0.1421	0.0000	0.0000	9.5564
96	1.2403	1.4226	0.1440	0.0000	0.0000	9.4672
97	1.2448	1.4043	0.1428	0.0000	0.0000	9.5096
98	1.2490	1.3615	0.1415	0.0000	0.0000	10.1262
99	1.2609	1.3150	0.1434	0.0000	0.0000	9.6537
100	1.2620	1.2894	0.1440	0.0000	0.0000	10.0085
101	1.2897	1.5347	0.1428	0.0000	0.0000	10.1132
102	1.3239	1.5280	0.1447	0.0000	0.0000	9.1998
103	1.3783	1.5244	0.1327	0.0000	0.0000	11.2891
104	1.4439	1.5222	0.1434	0.0000	0.0000	10.4043
105	1.5135	1.5066	0.1415	0.0000	0.0000	9.7010
106	1.5886	1.4951	0.1453	0.0000	0.0000	10.2017
107	1.6562	1.4823	0.1408	0.0000	0.0000	10.5655
108	1.7311	1.4693	0.1428	0.0000	0.0000	10.7992
109	1.8094	1.4517	0.1434	0.0000	0.0000	10.6070
110	1.8737	1.4365	0.1434	0.0000	0.0000	10.7984
111	1.2701	1.5398	0.1440	0.0000	0.0000	10.7193
112	1.2742	1.5510	0.1453	0.0000	0.0000	10.6428
113	1.2917	1.5633	0.1402	0.0000	0.0000	11.2740
114	1.3154	1.5738	0.1434	0.0000	0.0000	11.0330
115	1.3441	1.5732	0.1396	0.0000	0.0000	11.5081
116	1.3751	1.5712	0.1434	0.0000	0.0000	10.9357
117	1.4096	1.5648	0.1428	0.0000	0.0000	11.3481
118	1.4451	1.5749	0.1402	0.0000	0.0000	11.4786
119	1.4855	1.5932	0.1421	0.0000	0.0000	11.5204
120	1.5083	1.6100	0.1434	0.0000	0.0000	10.7955
121	1.2605	1.5112	0.1460	0.0000	0.0000	11.1170
122	1.2725	1.4988	0.1339	0.0000	0.0000	12.9662
123	1.2905	1.4804	0.1421	0.0000	0.0000	11.8041
124	1.3126	1.4678	0.1447	0.0000	0.0000	11.5096
125	1.3342	1.4523	0.1415	0.0000	0.0000	11.9754
126	1.3727	1.4266	0.1421	0.0000	0.0000	12.2351
127	1.4196	1.3887	0.1421	0.0000	0.0000	12.2492
128	1.4826	1.3382	0.1434	0.0000	0.0000	12.3675
129	1.5453	1.2862	0.1428	0.0000	0.0000	12.1361
130	1.5924	1.2469	0.1352	0.0000	0.0000	13.3028
131	1.2346	1.5488	0.1421	0.0000	0.0000	12.3548
132	1.2318	1.5327	0.1447	0.0000	0.0000	12.4458
133	1.2381	1.5120	0.1415	0.0000	0.0000	12.6520
134	1.2493	1.4881	0.1447	0.0000	0.0000	11.7117
135	1.2666	1.4573	0.1352	0.0000	0.0000	13.6976
136	1.2825	1.4370	0.1440	0.0000	0.0000	12.8404
137	1.2941	1.4259	0.1447	0.0000	0.0000	12.0116
138	1.2927	1.4169	0.1440	0.0000	0.0000	12.9961
139	1.3054	1.4080	0.1440	0.0000	0.0000	12.9446
140	1.3173	1.3951	0.1460	0.0000	0.0000	12.8375
141	1.2769	1.5479	0.1453	0.0000	0.0000	12.7997
142	1.2770	1.5444	0.1440	0.0000	0.0000	13.1617
143	1.2923	1.5350	0.1453	0.0000	0.0000	13.0842
144	1.2935	1.5314	0.1453	0.0000	0.0000	13.2909
145	1.3070	1.5151	0.1434	0.0000	0.0000	13.2156
146	1.3225	1.4975	0.1460	0.0000	0.0000	13.4985
147	1.3219	1.4945	0.1434	0.0000	0.0000	13.5641
148	1.3243	1.4903	0.1377	0.0000	0.0000	14.7196
149	1.3360	1.4890	0.1434	0.0000	0.0000	13.7858
150	1.3569	1.4726	0.1440	0.0000	0.0000	14.0808
151	1.2547	1.5380	0.1339	0.0000	0.0000	15.0507
152	1.2635	1.4853	0.1447	0.0000	0.0000	13.9013
153	1.2739	1.4144	0.1440	0.0000	0.0000	13.5931
154	1.2888	1.3078	0.1447	0.0000	0.0000	13.9788
155	1.3298	1.1572	0.1415	0.0000	0.0000	14.0602
156	1.4041	0.9588	0.1460	0.0000	0.0000	13.4700
157	1.5014	0.7519	0.1364	0.0000	0.0000	15.2735
158	1.5808	0.5822	0.1453	0.0000	0.0000	14.4097
159	1.6231	0.4586	0.1434	0.0000	0.0000	14.3969
160	1.6617	0.3567	0.1453	0.0000	0.0000	14.5493
161	1.2808	1.4917	0.1453	0.0000	0.0000	14.3679
162	1.2928	1.4667	0.1428	0.0000	0.0000	14.8853
163	1.2792	1.4811	0.1440	0.0000	0.0000	14.6801
164	1.2981	1.4690	0.1434	0.0000	0.0000	15.0943
165	1.3361	1.4403	0.1434	0.0000	0.0000	14.8496
166	1.3489	1.4332	0.1440	0.0000	0.0000	14.2166
167	1.3950	1.3919	0.1364	0.0000	0.0000	16.0385
168	1.4321	1.3821	0.1453	0.0000	0.0000	15.2398
169	1.4724	1.3598	0.1434	0.0000	0.0000	15.2764
170	1.5013	1.3575	0.1447	0.0000	0.0000	15.4439
171	1.2837	1.5350	0.1428	0.0000	0.0000	14.5303
172	1.2990	1.5514	0.1453	0.0000	0.0000	14.3006
173	1.3130	1.5573	0.1352	0.0000	0.0000	16.5512
174	1.3343	1.5694	0.1434	0.0000	0.0000	15.5775
175	1.3661	1.5759	0.1453	0.0000	0.0000	14.8514
176	1.4118	1.5747	0.1377	0.0000	0.0000	16.7474
177	1.4663	1.5692	0.1447	0.0000	0.0000	15.7242
178	1.5151	1.5657	0.1460	0.0000	0.0000	15.9709
179	1.5625	1.5762	0.1421	0.0000	0.0000	16.1247
180	1.6059	1.5898	0.1453	0.0000	0.0000	16.1236
181	1.2600	1.5402	0.1428	0.0000	0.0000	16.3815
182	1.2090	1.5285	0.1447	0.0000	0.0000	15.2734
183	1.1468	1.5260	0.1434	0.0000	0.0000	16.3321
184	1.0846	1.5240	0.1440	0.0000	0.0000	16.3984
185	0.9973	1.5261	0.1460	0.0000	0.0000	15.2912
186	0.9210	1.5297	0.1370	0.0000	0.0000	17.5260
187	0.8636	1.5322	0.1434	0.0000	0.0000	16.8419
188	0.8130	1.5339	0.1460	0.0000	0.0000	15.6525
189	0.7685	1.5330	0.1358	0.0000	0.0000	17.6548
190	0.7414	1.5356	0.1447	0.0000	0.0000	16.8271
191	1.2742	1.5561	0.1460	0.0000	0.0000	16.6043
192	1.2830	1.5448	0.1358	0.0000	0.0000	17.7783
193	1.2912	1.5245	0.1428	0.0000	0.0000	17.1500
194	1.2967	1.5030	0.1440	0.0000	0.0000	16.9451
195	1.3122	1.4824	0.1440	0.0000	0.0000	17.1533
196	1.3366	1.4654	0.1447	0.0000	0.0000	17.2834
197	1.3626	1.4386	0.1434	0.0000	0.0000	15.8862
198	1.3864	1.4149	0.1358	0.0000	0.0000	18.5744
199	1.4167	1.3917	0.1421	0.0000	0.0000	17.6347
200	1.4378	1.3648	0.1466	0.0000	0.0000	17.6736
201	1.2526	1.5787	0.1428	0.0000	0.0000	17.6174
202	1.2350	1.5779	0.1453	0.0000	0.0000	17.5783
203	1.2151	1.5771	0.1434	0.0000	0.0000	17.7604
204	1.1998	1.5687	0.1473	0.0000	0.0000	17.6286
205	1.1996	1.5651	0.1421	0.0000	0.0000	17.9413
206	1.2111	1.5607	0.1479	0.0000	0.0000	17.8357
207	1.2329	1.5711	0.1447	0.0000	0.0000	17.7221
208	1.2665	1.5813	0.1453	0.0000	0.0000	18.3685
209	1.3096	1.5898	0.1428	0.0000	0.0000	18.4948
210	1.3364	1.5943	0.1447	0.0000	0.0000	18.5043
211	1.2541	1.5434	0.1466	0.0000	0.0000	18.0732
212	1.2402	1.5451	0.1460	0.0000	0.0000	18.4888
213	1.2252	1.5474	0.1460	0.0000	0.0000	18.5004
214	1.2063	1.5551	0.1453	0.0000	0.0000	18.3961
215	1.1836	1.5479	0.1453	0.0000	0.0000	18.7328
216	1.1657	1.5346	0.1434	0.0000	0.0000	18.9775
217	1.1468	1.5314	0.1370	0.0000	0.0000	19.8833
218	1.1374	1.5427	0.1466	0.0000	0.0000	18.8090
219	1.1368	1.5678	0.1466	0.0000	0.0000	18.8220
220	1.1385	1.5902	0.1486	0.0000	0.0000	18.7131
221	1.2457	1.5525	0.1466	0.0000	0.0000	18.8979
222	1.2355	1.5667	0.1473	0.0000	0.0000	18.2571
223	1.2398	1.5790	0.1377	0.0000	0.0000	20.0663
224	1.2508	1.5772	0.1453	0.0000	0.0000	19.5485
225	1.2629	1.5716	0.1453	0.0000	0.0000	19.1076
226	1.2758	1.5688	0.1466	0.0000	0.0000	19.4820
227	1.3037	1.5719	0.1440	0.0000	0.0000	19.3532
228	1.3315	1.5696	0.1460	0.0000	0.0000	19.6493
229	1.3542	1.5724	0.1466	0.0000	0.0000	19.2598
230	1.3628	1.5743	0.1453	0.0000	0.0000	19.7206
231	1.2491	1.5412	0.1473	0.0000	0.0000	19.4832
232	1.2596	1.5178	0.1466	0.0000	0.0000	19.8335
233	1.2688	1.4904	0.1453	0.0000	0.0000	19.9367
234	1.2778	1.4597	0.1453	0.0000	0.0000	20.2097
235	1.2914	1.4441	0.1466	0.0000	0.0000	19.9999
236	1.3056	1.4221	0.1447	0.0000	0.0000	20.3113
237	1.3265	1.4099	0.1447	0.0000	0.0000	20.3241
238	1.3402	1.3853	0.1460	0.0000	0.0000	20.1803
239	1.3595	1.3633	0.1453	0.0000	0.0000	20.4006
240	1.3623	1.3569	0.1466	0.0000	0.0000	20.3706
241	1.2554	1.5252	0.1453	0.0000	0.0000	20.2811
242	1.2446	1.5379	0.1460	0.0000	0.0000	20.7337
243	1.2154	1.5733	0.1447	0.0000	0.0000	20.3215
244	1.1849	1.6252	0.1473	0.0000	0.0000	20.6661
245	1.1615	1.6844	0.1447	0.0000	0.0000	20.7321
246	1.1415	1.7401	0.1460	0.0000	0.0000	21.0428
247	1.1188	1.7946	0.1447	0.0000	0.0000	20.3142
248	1.1055	1.8526	0.1370	0.0000	0.0000	22.2069
249	1.1030	1.9125	0.1440	0.0000	0.0000	21.4436
250	1.1014	1.9575	0.1473	0.0000	0.0000	20.2826
251	1.2526	1.5346	0.1370	0.0000	0.0000	22.2955
252	1.2521	1.5144	0.1428	0.0000	0.0000	21.5593
253	1.2645	1.4848	0.1447	0.0000	0.0000	20.7063
254	1.2913	1.4463	0.1383	0.0000	0.0000	22.3162
255	1.3212	1.4114	0.1434	0.0000	0.0000	21.6533
256	1.3528	1.3760	0.1434	0.0000	0.0000	21.7323
257	1.3873	1.3417	0.1345	0.0000	0.0000	22.8751
258	1.4298	1.3132	0.1466	0.0000	0.0000	21.6313
259	1.4616	1.2987	0.1453	0.0000	0.0000	21.1024
260	1.4910	1.2868	0.1453	0.0000	0.0000	22.1899
261	1.2755	1.5717	0.1428	0.0000	0.0000	22.2528
262	1.2831	1.5741	0.1453	0.0000	0.0000	22.1347
263	1.2954	1.5809	0.1333	0.0000	0.0000	23.5929
264	1.2920	1.5968	0.1440	0.0000	0.0000	22.2538
265	1.2802	1.6107	0.1402	0.0000	0.0000	21.9091
266	1.2663	1.6047	0.1364	0.0000	0.0000	23.5207
267	1.2604	1.6005	0.1415	0.0000	0.0000	22.7337
268	1.2713	1.5951	0.1466	0.0000	0.0000	22.5142
269	1.2635	1.5956	0.1440	0.0000	0.0000	22.8393
270	1.2597	1.5897	0.1434	0.0000	0.0000	22.2756
271	1.2273	1.5362	0.1466	0.0000	0.0000	22.8476
272	1.1901	1.5362	0.1466	0.0000	0.0000	22.6639
273	1.1437	1.5440	0.1440	0.0000	0.0000	23.1825
274	1.0954	1.5468	0.1460	0.0000	0.0000	23.1562
275	1.0490	1.5441	0.1460	0.0000	0.0000	22.8447
276	1.0047	1.5440	0.1493	0.0000	0.0000	23.1138
277	0.9582	1.5411	0.1460	0.0000	0.0000	23.3876
278	0.9127	1.5387	0.1506	0.0000	0.0000	22.9767
279	0.8679	1.5262	0.1460	0.0000	0.0000	23.4091
280	0.8431	1.5100	0.1519	0.0000	0.0000	22.9387
281	1.2600	1.5181	0.1415	0.0000	0.0000	24.5837
282	1.2673	1.5175	0.1512	0.0000	0.0000	23.4183
283	1.2781	1.5182	0.1479	0.0000	0.0000	23.8900
284	1.2846	1.5089	0.1506	0.0000	0.0000	23.6482
285	1.2874	1.4987	0.1479	0.0000	0.0000	23.8425
286	1.2910	1.4875	0.1533	0.0000	0.0000	23.7447
287	1.2990	1.4764	0.1512	0.0000	0.0000	23.8589
288	1.3045	1.4510	0.1553	0.0000	0.0000	23.5829
289	1.2912	1.4276	0.1559	0.0000	0.0000	23.9107
290	1.2845	1.4030	0.1573	0.0000	0.0000	23.7373
291	1.2520	1.3396	0.1566	0.0000	0.0000	24.2992
292	1.2716	1.3335	0.1600	0.0000	0.0000	23.8079
293	1.3026	1.3257	0.1499	0.0000	0.0000	25.0000
294	1.3445	1.3059	0.1614	0.0000	0.0000	24.1285
295	1.3954	1.2688	0.1600	0.0000	0.0000	23.2801
296	1.4439	1.2266	0.1526	0.0000	0.0000	25.0000
297	1.4871	1.1877	0.1600	0.0000	0.0000	24.2984
298	1.5387	1.1544	0.1607	0.0000	0.0000	23.2769
299	1.5812	1.1310	0.1506	0.0000	0.0000	25.0000
300	1.6221	1.1073	0.1607	0.0000	0.0000	24.6894
301	1.2353	1.5280	0.1607	0.0000	0.0000	24.5378
302	1.2230	1.4977	0.1607	0.0000	0.0000	24.6782
303	1.2071	1.4843	0.1580	0.0000	0.0000	25.0000
304	1.2006	1.4626	0.1614	0.0000	0.0000	25.0000
305	1.1929	1.4232	0.1628	0.0000	0.0000	24.7753
306	1.1854	1.3690	0.1670	0.0000	0.0000	24.6166
307	1.1715	1.3055	0.1628	0.0000	0.0000	25.0000
308	1.1483	1.2418	0.1692	0.0000	0.0000	24.7065
309	1.1099	1.1892	0.1621	0.0000	0.0000	25.0000
310	1.0808	1.1616	0.1656	0.0000	0.0000	25.0000
311	1.2760	1.6330	0.1649	0.0000	0.0000	25.0000
312	1.2950	1.6144	0.1649	0.0000	0.0000	25.0000
313	1.3041	1.6037	0.1663	0.0000	0.0000	25.0000
314	1.3241	1.5860	0.1692	0.0000	0.0000	25.0000
315	1.3676	1.5578	0.1685	0.0000	0.0000	25.0000
316	1.4111	1.5301	0.1649	0.0000	0.0000	25.0000
317	1.4699	1.5035	0.1670	0.0000	0.0000	25.0000
318	1.5364	1.4748	0.1628	0.0000	0.0000	25.0000
319	1.5939	1.4430	0.1649	0.0000	0.0000	25.0000
320	1.6282	1.4239	0.1621	0.0000	0.0000	25.0000
321	1.2460	1.6345	0.1642	0.0000	0.0000	25.0000
322	1.2345	1.6139	0.1642	0.0000	0.0000	25.0000
323	1.2148	1.5831	0.1649	0.0000	0.0000	25.0000
324	1.1886	1.5619	0.1663	0.0000	0.0000	25.0000
325	1.1657	1.5208	0.1656	0.0000	0.0000	25.0000
326	1.1382	1.4823	0.1600	0.0000	0.0000	25.0000
327	1.1242	1.4418	0.1692	0.0000	0.0000	25.0000
328	1.1197	1.3975	0.1685	0.0000	0.0000	25.0000
329	1.1276	1.3603	0.1685	0.0000	0.0000	25.0000
330	1.1450	1.3230	0.1720	0.0000	0.0000	25.0000
331	1.2670	1.5687	0.1692	0.0000	0.0000	25.0000
332	1.2975	1.5583	0.1720	0.0000	0.0000	25.0000
333	1.3237	1.5464	0.1706	0.0000	0.0000	25.0000
334	1.3371	1.5394	0.1706	0.0000	0.0000	25.0000
335	1.3287	1.5446	0.1621	0.0000	0.0000	25.0000
336	1.3257	1.5484	0.1713	0.0000	0.0000	25.0000
337	1.3008	1.5412	0.1735	0.0000	0.0000	25.0000
338	1.2791	1.5386	0.1757	0.0000	0.0000	25.0000
339	1.2604	1.5300	0.1677	0.0000	0.0000	25.0000
340	1.2439	1.5119	0.1685	0.0000	0.0000	25.0000
341	1.2520	1.6120	0.1649	0.0000	0.0000	25.0000
342	1.2484	1.6093	0.1663	0.0000	0.0000	25.0000
343	1.2547	1.5923	0.1656	0.0000	0.0000	25.0000
344	1.2618	1.5692	0.1699	0.0000	0.0000	25.0000
345	1.2730	1.5691	0.1677	0.0000	0.0000	25.0000
346	1.3009	1.5775	0.1728	0.0000	0.0000	25.0000
347	1.3448	1.5813	0.1706	0.0000	0.0000	25.0000
348	1.3692	1.5951	0.1720	0.0000	0.0000	25.0000
349	1.3937	1.6069	0.1670	0.0000	0.0000	25.0000
350	1.4159	1.6193	0.1706	0.0000	0.0000	25.0000
351	1.2858	1.5980	0.1663	0.0000	0.0000	25.0000
352	1.2895	1.5944	0.1692	0.0000	0.0000	25.0000
353	1.3017	1.5993	0.1670	0.0000	0.0000	25.0000
354	1.3275	1.5983	0.1713	0.0000	0.0000	25.0000
355	1.3640	1.6086	0.1706	0.0000	0.0000	25.0000
356	1.4011	1.6160	0.1699	0.0000	0.0000	25.0000
357	1.4612	1.6090	0.1692	0.0000	0.0000	25.0000
358	1.5237	1.5961	0.1720	0.0000	0.0000	25.0000
359	1.5899	1.5733	0.1614	0.0000	0.0000	25.0000
360	1.6448	1.5614	0.1728	0.0000	0.0000	25.0000
361	1.3019	1.6150	0.1699	0.0000	0.0000	25.0000
362	1.3185	1.5970	0.1685	0.0000	0.0000	25.0000
363	1.3387	1.5793	0.1670	0.0000	0.0000	25.0000
364	1.3690	1.5517	0.1677	0.0000	0.0000	25.0000
365	1.3938	1.5249	0.1685	0.0000	0.0000	25.0000
366	1.4177	1.4749	0.1677	0.0000	0.0000	25.0000
367	1.4236	1.4144	0.1685	0.0000	0.0000	25.0000
368	1.4283	1.3518	0.1706	0.0000	0.0000	25.0000
369	1.4413	1.2937	0.1670	0.0000	0.0000	25.0000
370	1.4516	1.2598	0.1713	0.0000	0.0000	25.0000
371	1.2561	1.5992	0.1677	0.0000	0.0000	25.0000
372	1.2588	1.6030	0.1720	0.0000	0.0000	25.0000
373	1.2595	1.6124	0.1699	0.0000	0.0000	25.0000
374	1.2629	1.6221	0.1728	0.0000	0.0000	25.0000
375	1.2681	1.6268	0.1677	0.0000	0.0000	25.0000
376	1.2670	1.6421	0.1677	0.0000	0.0000	25.0000
377	1.2473	1.6772	0.1692	0.0000	0.0000	25.0000
378	1.2229	1.7297	0.1728	0.0000	0.0000	25.0000
379	1.1931	1.7806	0.1713	0.0000	0.0000	25.0000
380	1.1731	1.8196	0.1713	0.0000	0.0000	25.0000
381	1.2650	1.4966	0.1699	0.0000	0.0000	25.0000
382	1.2827	1.4772	0.1699	0.0000	0.0000	25.0000
383	1.3068	1.4630	0.1735	0.0000	0.0000	25.0000
384	1.3488	1.4338	0.1699	0.0000	0.0000	25.0000
385	1.4038	1.4027	0.1706	0.0000	0.0000	25.0000
386	1.4753	1.3467	0.1728	0.0000	0.0000	25.0000
387	1.5567	1.2897	0.1728	0.0000	0.0000	25.0000
388	1.6389	1.2302	0.1728	0.0000	0.0000	25.0000
389	1.7239	1.1606	0.1720	0.0000	0.0000	25.0000
390	1.8213	1.0735	0.1706	0.0000	0.0000	25.0000
391	1.9300	0.9974	0.1713	0.0000	0.0000	25.0000
392	2.0587	0.9237	0.1742	0.0000	0.0000	25.0000
393	2.1908	0.8368	0.1735	0.0000	0.0000	25.0000
394	2.3405	0.7455	0.1735	0.0000	0.0000	25.0000
395	2.5077	0.6566	0.1728	0.0000	0.0000	25.0000
396	2.6816	0.5723	0.1728	0.0000	0.0000	25.0000
397	2.8686	0.4800	0.1692	0.0000	0.0000	25.0000
398	3.0000	0.3889	0.1720	0.0000	0.0000	25.0000
399	3.0000	0.3038	0.1699	0.0000	0.0000	25.0000
400	3.0000	0.2300	0.1720	0.0000	0.0000	25.0000
401	3.0000	0.1485	0.1621	0.0000	0.0000	25.0000
402	3.0000	0.0651	0.1720	0.0000	0.0000	25.0000
403	3.0000	0.0000	0.1699	0.0000	0.0000	25.0000
404	3.0000	0.0000	0.1649	0.0000	0.0000	25.0000
405	3.0000	0.0000	0.1692	0.0000	0.0000	25.0000
406	3.0000	0.0000	0.1699	0.0000	0.0000	25.0000
407	3.0000	0.0000	0.1580	0.0000	0.0000	25.0000
408	3.0000	0.0000	0.1677	0.0000	0.0000	25.0000
409	3.0000	0.0000	0.1699	0.0000	0.0000	25.0000
410	3.0000	0.0000	0.1628	0.0000	0.0000	25.0000
1	0.0000	0.0000	0.1434	0.0000	0.0000	0.0000
2	0.0000	0.0000	0.1453	0.0000	0.0000	0.0000
3	0.0000	0.0000	0.1364	0.0000	0.0000	0.0000
4	0.0000	0.0000	0.1453	0.0000	0.0000	0.0000
5	0.0000	0.0000	0.1440	0.0000	0.0000	0.0000
6	0.0000	0.0000	0.1453	0.0000	0.0000	0.0000
7	0.0000	0.0000	0.1434	0.0000	0.0000	0.0000
8	0.0000	0.0000	0.1460	0.0000	0.0000	0.0000
9	0.0000	0.0000	0.1428	0.0000	0.0000	0.0000
10	0.0000	0.0000	0.1453	0.0000	0.0000	0.0000
11	1.2646	1.5018	0.1370	0.0000	0.0000	4.1681
12	1.2635	1.5013	0.1440	0.0000	0.0000	3.2128
13	1.2616	1.5005	0.1453	0.0000	0.0000	3.1994
14	1.2591	1.4995	0.1440	0.0000	0.0000	3.5619
15	1.2566	1.4985	0.1460	0.0000	0.0000	3.3257
16	1.2530	1.4971	0.1447	0.0000	0.0000	3.5588
17	1.2488	1.4954	0.1428	0.0000	0.0000	3.1678
18	1.2441	1.4936	0.1358	0.0000	0.0000	4.9798
19	1.2387	1.4914	0.1421	0.0000	0.0000	3.8470
20	1.2340	1.4893	0.1428	0.0000	0.0000	4.0259
21	1.2828	1.5349	0.1415	0.0000	0.0000	4.0496
22	1.2820	1.5347	0.1460	0.0000	0.0000	3.7784
23	1.2805	1.5342	0.1447	0.0000	0.0000	3.9483
24	1.2784	1.5335	0.1428	0.0000	0.0000	4.5170
25	1.2757	1.5325	0.1434	0.0000	0.0000	4.2592
26	1.2724	1.5313	0.1377	0.0000	0.0000	5.2198
27	1.2685	1.5298	0.1415	0.0000	0.0000	4.5207
28	1.2638	1.5277	0.1447	0.0000	0.0000	4.3419
29	1.2584	1.5251	0.1415	0.0000	0.0000	4.6142
30	1.2536	1.5229	0.1364	0.0000	0.0000	5.5414
31	1.2807	1.5197	0.1447	0.0000	0.0000	4.4977
32	1.2800	1.5190	0.1453	0.0000	0.0000	4.7558
33	1.2783	1.5181	0.1440	0.0000	0.0000	4.2867
34	1.2756	1.5175	0.1370	0.0000	0.0000	5.7808
35	1.2718	1.5167	0.1434	0.0000	0.0000	5.1614
36	1.2680	1.5155	0.1440	0.0000	0.0000	4.9682
37	1.2634	1.5137	0.1434	0.0000	0.0000	5.1883
38	1.2591	1.5111	0.1434	0.0000	0.0000	5.2662
39	1.2533	1.5072	0.1447	0.0000	0.0000	5.1904
40	1.2470	1.5047	0.1460	0.0000	0.0000	5.4204
41	1.2733	1.5358	0.1466	0.0000	0.0000	4.5244
42	1.2709	1.5337	0.1428	0.0000	0.0000	5.8361
43	1.2682	1.5306	0.1434	0.0000	0.0000	5.8370
44	1.2693	1.5264	0.1473	0.0000	0.0000	5.5117
45	1.2703	1.5226	0.1421	0.0000	0.0000	5.8247
46	1.2704	1.5151	0.1460	0.0000	0.0000	5.6300
47	1.2701	1.5071	0.1339	0.0000	0.0000	6.9649
48	1.2693	1.4903	0.1447	0.0000	0.0000	6.0092
49	1.2654	1.4600	0.1421	0.0000	0.0000	5.2610
50	1.2625	1.4427	0.1453	0.0000	0.0000	5.8018
51	1.2633	1.5062	0.1440	0.0000	0.0000	6.4226
52	1.2651	1.5061	0.1440	0.0000	0.0000	6.1774
53	1.2692	1.4977	0.1440	0.0000	0.0000	6.3199
54	1.2764	1.4902	0.1440	0.0000	0.0000	5.6998
55	1.2844	1.4804	0.1358	0.0000	0.0000	7.4684
56	1.2878	1.4691	0.1434	0.0000	0.0000	6.6341
57	1.2875	1.4566	0.1428	0.0000	0.0000	5.8444
58	1.2858	1.4421	0.1428	0.0000	0.0000	6.7414
59	1.2858	1.4262	0.1434	0.0000	0.0000	7.0006
60	1.2846	1.4164	0.1453	0.0000	0.0000	6.8143
61	1.2720	1.5039	0.1453	0.0000	0.0000	6.9413
62	1.2680	1.5094	0.1460	0.0000	0.0000	6.6825
63	1.2620	1.5146	0.1428	0.0000	0.0000	7.1494
64	1.2538	1.5193	0.1428	0.0000	0.0000	7.3561
65	1.2412	1.5247	0.1440	0.0000	0.0000	7.2154
66	1.2255	1.5334	0.1440	0.0000	0.0000	7.5520
67	1.2048	1.5400	0.1434	0.0000	0.0000	6.6265
68	1.1819	1.5487	0.1383	0.0000	0.0000	8.2691
69	1.1561	1.5571	0.1428	0.0000	0.0000	7.6845
70	1.1357	1.5637	0.1466	0.0000	0.0000	7.4741
71	1.2540	1.5449	0.1447	0.0000	0.0000	7.7720
72	1.2423	1.5590	0.1447	0.0000	0.0000	7.7204
73	1.2271	1.5793	0.1434	0.0000	0.0000	7.6970
74	1.1887	1.6263	0.1434	0.0000	0.0000	8.0321
75	1.1348	1.7044	0.1421	0.0000	0.0000	7.3167
76	1.0887	1.7883	0.1434	0.0000	0.0000	8.2560
77	1.0386	1.8735	0.1421	0.0000	0.0000	8.4238
78	0.9833	1.9451	0.1453	0.0000	0.0000	8.1792
79	0.9325	2.0166	0.1421	0.0000	0.0000	8.5798
80	0.8932	2.0742	0.1447	0.0000	0.0000	8.2686
81	1.2560	1.5290	0.1440	0.0000	0.0000	8.5379
82	1.2621	1.5421	0.1421	0.0000	0.0000	8.7189
83	1.2642	1.5599	0.1428	0.0000	0.0000	8.5929
84	1.2522	1.5866	0.1415	0.0000	0.0000	8.8262
85	1.2259	1.6263	0.1428	0.0000	0.0000	8.6874
86	1.1795	1.6709	0.1415	0.0000	0.0000	9.1121
87	1.1177	1.7191	0.1428	0.0000	0.0000	8.9090
88	1.0621	1.7398	0.1352	0.0000	0.0000	9.3136
89	0.9887	1.7637	0.1364	0.0000	0.0000	9.8135
90	0.9224	1.7896	0.1460	0.0000	0.0000	8.2829
91	1.2517	1.5454	0.1428	0.0000	0.0000	9.3866
92	1.2783	1.5459	0.1434	0.0000	0.0000	9.4530
93	1.3102	1.5580	0.1415	0.0000	0.0000	9.3149
94	1.3349	1.5634	0.1352	0.0000	0.0000	10.3911
95	1.3597	1.5601	0.1415	0.0000	0.0000	9.7155
96	1.3723	1.5683	0.1434	0.0000	0.0000	9.6925
97	1.3759	1.5883	0.1421	0.0000	0.0000	9.7970
98	1.3787	1.6091	0.1453	0.0000	0.0000	9.4877
99	1.3829	1.6233	0.1434	0.0000	0.0000	9.7349
100	1.3858	1.6331	0.1440	0.0000	0.0000	10.1071
101	1.2325	1.4691	0.1447	0.0000	0.0000	9.9784
102	1.2290	1.4595	0.1428	0.0000	0.0000	9.2142
103	1.2299	1.4376	0.1428	0.0000	0.0000	10.1760
104	1.2226	1.4149	0.1428	0.0000	0.0000	10.1904
105	1.2170	1.4109	0.1447	0.0000	0.0000	10.1010
106	1.2322	1.4026	0.1428	0.0000	0.0000	10.5401
107	1.2456	1.3920	0.1428	0.0000	0.0000	10.4900
108	1.2554	1.3747	0.1358	0.0000	0.0000	11.6633
109	1.2549	1.3662	0.1440	0.0000	0.0000	10.6868
110	1.2456	1.3595	0.1447	0.0000	0.0000	10.6721
111	1.2481	1.5423	0.1421	0.0000	0.0000	10.8514
112	1.2358	1.5559	0.1453	0.0000	0.0000	10.4782
113	1.2170	1.5739	0.1421	0.0000	0.0000	11.0084
114	1.1980	1.5851	0.1428	0.0000	0.0000	11.1390
115	1.1795	1.5908	0.1415	0.0000	0.0000	10.4228
116	1.1546	1.5931	0.1377	0.0000	0.0000	11.9077
117	1.1311	1.5879	0.1428	0.0000	0.0000	11.3116
118	1.1020	1.5880	0.1460	0.0000	0.0000	11.0014
119	1.0815	1.5852	0.1415	0.0000	0.0000	11.4937
120	1.0687	1.5770	0.1453	0.0000	0.0000	11.2851
121	1.2699	1.5383	0.1408	0.0000	0.0000	11.9686
122	1.2571	1.5499	0.1428	0.0000	0.0000	11.4314
123	1.2316	1.5637	0.1428	0.0000	0.0000	11.8309
124	1.2161	1.5732	0.1383	0.0000	0.0000	12.2517
125	1.1879	1.5912	0.1440	0.0000	0.0000	11.7694
126	1.1720	1.6019	0.1434	0.0000	0.0000	11.8616
127	1.1676	1.6069	0.1428	0.0000	0.0000	12.0825
128	1.1554	1.6107	0.1428	0.0000	0.0000	12.1605
129	1.1336	1.6120	0.1434	0.0000	0.0000	12.0334
130	1.1132	1.6157	0.1440	0.0000	0.0000	12.2604
131	1.2930	1.5356	0.1447	0.0000	0.0000	11.8605
132	1.3083	1.5035	0.1352	0.0000	0.0000	13.3393
133	1.3224	1.4579	0.1440	0.0000	0.0000	12.4818
134	1.3360	1.4052	0.1447	0.0000	0.0000	12.2885
135	1.3527	1.3507	0.1440	0.0000	0.0000	12.5728
136	1.3689	1.2931	0.1440	0.0000	0.0000	12.8446
137	1.3854	1.2361	0.1460	0.0000	0.0000	12.3659
138	1.3957	1.1782	0.1440	0.0000	0.0000	12.8700
139	1.3942	1.1239	0.1440	0.0000	0.0000	13.0128
140	1.3887	1.0816	0.1434	0.0000	0.0000	13.1676
141	1.2549	1.5724	0.1460	0.0000	0.0000	12.7896
142	1.2543	1.6029	0.1453	0.0000	0.0000	13.0750
143	1.2572	1.6173	0.1428	0.0000	0.0000	12.3238
144	1.2458	1.6453	0.1377	0.0000	0.0000	14.1545
145	1.2382	1.6842	0.1421	0.0000	0.0000	13.5055
146	1.2453	1.6896	0.1460	0.0000	0.0000	13.2474
147	1.2319	1.6772	0.1440	0.0000	0.0000	13.4298
148	1.1789	1.6976	0.1447	0.0000	0.0000	13.3661
149	1.1098	1.7679	0.1415	0.0000	0.0000	13.8948
150	1.0432	1.8458	0.1358	0.0000	0.0000	14.7046
151	1.2839	1.5542	0.1440	0.0000	0.0000	13.9215
152	1.2642	1.5646	0.1440	0.0000	0.0000	13.9186
153	1.2340	1.5796	0.1434	0.0000	0.0000	13.8807
154	1.1977	1.6285	0.1479	0.0000	0.0000	13.8000
155	1.1447	1.7264	0.1434	0.0000	0.0000	14.2286
156	1.0666	1.8696	0.1460	0.0000	0.0000	14.3863
157	0.9642	2.0356	0.1370	0.0000	0.0000	15.0185
158	0.8830	2.1686	0.1447	0.0000	0.0000	14.4380
159	0.8201	2.2683	0.1428	0.0000	0.0000	13.7299
160	0.7490	2.3766	0.1358	0.0000	0.0000	15.5844
161	1.2788	1.5049	0.1428	0.0000	0.0000	14.6331
162	1.2862	1.4931	0.1453	0.0000	0.0000	14.5944
163	1.2766	1.5167	0.1434	0.0000	0.0000	14.7756
164	1.2976	1.5161	0.1466	0.0000	0.0000	14.6591
165	1.3181	1.5193	0.1440	0.0000	0.0000	13.9670
166	1.3497	1.5172	0.1377	0.0000	0.0000	15.8923
167	1.3667	1.5312	0.1434	0.0000	0.0000	15.1524
168	1.3968	1.5170	0.1486	0.0000	0.0000	14.6696
169	1.4216	1.5089	0.1440	0.0000	0.0000	15.2794
170	1.4401	1.4852	0.1453	0.0000	0.0000	15.2671
171	1.3377	1.3524	0.1460	0.0000	0.0000	15.0076
172	1.3520	1.3431	0.1440	0.0000	0.0000	15.4479
173	1.3663	1.3444	0.1453	0.0000	0.0000	14.6686
174	1.3835	1.3289	0.1364	0.0000	0.0000	16.4559
175	1.3844	1.3077	0.1453	0.0000	0.0000	15.5283
176	1.3603	1.2811	0.1460	0.0000	0.0000	14.6391
177	1.3403	1.2451	0.1434	0.0000	0.0000	15.8536
178	1.3274	1.2032	0.1440	0.0000	0.0000	16.0481
179	1.3147	1.1635	0.1460	0.0000	0.0000	15.5695
180	1.3070	1.1339	0.1421	0.0000	0.0000	16.4200
181	1.2401	1.5730	0.1440	0.0000	0.0000	15.9276
182	1.2194	1.5988	0.1453	0.0000	0.0000	16.1736
183	1.2165	1.6223	0.1440	0.0000	0.0000	16.0845
184	1.2183	1.6531	0.1440	0.0000	0.0000	15.6539
185	1.2121	1.6932	0.1473	0.0000	0.0000	16.1742
186	1.2298	1.7183	0.1460	0.0000	0.0000	16.5384
187	1.2481	1.7358	0.1447	0.0000	0.0000	16.1270
188	1.2601	1.7443	0.1460	0.0000	0.0000	16.5634
189	1.2803	1.7600	0.1434	0.0000	0.0000	16.6291
190	1.3027	1.7838	0.1466	0.0000	0.0000	16.8214
191	1.2609	1.5701	0.1447	0.0000	0.0000	16.6779
192	1.2690	1.5797	0.1473	0.0000	0.0000	16.3784
193	1.2529	1.5612	0.1352	0.0000	0.0000	17.9125
194	1.2055	1.5323	0.1434	0.0000	0.0000	17.1314
195	1.1386	1.5064	0.1460	0.0000	0.0000	17.0929
196	1.0806	1.4740	0.1460	0.0000	0.0000	17.2355
197	1.0128	1.4356	0.1460	0.0000	0.0000	16.9892
198	0.9452	1.3892	0.1466	0.0000	0.0000	17.3118
199	0.8907	1.3393	0.1434	0.0000	0.0000	17.4549
200	0.8657	1.3041	0.1479	0.0000	0.0000	17.1489
201	1.2658	1.4642	0.1421	0.0000	0.0000	17.7828
202	1.2598	1.4633	0.1428	0.0000	0.0000	17.8492
203	1.2814	1.4667	0.1453	0.0000	0.0000	16.8531
204	1.2977	1.4762	0.1453	0.0000	0.0000	17.8250
205	1.3056	1.4850	0.1453	0.0000	0.0000	18.0332
206	1.3087	1.4904	0.1479	0.0000	0.0000	17.7309
207	1.3192	1.4809	0.1453	0.0000	0.0000	17.9913
208	1.3178	1.4545	0.1383	0.0000	0.0000	18.3364
209	1.3013	1.4199	0.1364	0.0000	0.0000	19.0886
210	1.2831	1.3736	0.1447	0.0000	0.0000	18.2216
211	1.2772	1.4632	0.1460	0.0000	0.0000	17.4413
212	1.2653	1.4338	0.1383	0.0000	0.0000	19.4705
213	1.2560	1.3808	0.1421	0.0000	0.0000	18.9591
214	1.2336	1.3137	0.1466	0.0000	0.0000	18.3637
215	1.2046	1.2323	0.1453	0.0000	0.0000	18.4035
216	1.1844	1.1219	0.1460	0.0000	0.0000	18.7264
217	1.1810	0.9983	0.1473	0.0000	0.0000	18.6465
218	1.1943	0.8606	0.1453	0.0000	0.0000	19.0882
219	1.2208	0.7174	0.1460	0.0000	0.0000	19.1525
220	1.2412	0.6282	0.1453	0.0000	0.0000	18.9499
221	1.2322	1.5797	0.1466	0.0000	0.0000	19.0013
222	1.2156	1.5736	0.1466	0.0000	0.0000	18.3083
223	1.1733	1.5660	0.1364	0.0000	0.0000	20.2553
224	1.1252	1.5373	0.1460	0.0000	0.0000	19.2490
225	1.0525	1.4908	0.1428	0.0000	0.0000	19.4564
226	0.9752	1.4405	0.1473	0.0000	0.0000	19.1828
227	0.9052	1.3911	0.1415	0.0000	0.0000	20.0893
228	0.8367	1.3382	0.1493	0.0000	0.0000	19.2962
229	0.7593	1.2823	0.1447	0.0000	0.0000	19.7270
230	0.7029	1.2308	0.1479	0.0000	0.0000	19.5933
231	1.2570	1.5267	0.1453	0.0000	0.0000	19.7736
232	1.2462	1.5106	0.1466	0.0000	0.0000	20.0205
233	1.2389	1.5033	0.1460	0.0000	0.0000	19.5910
234	1.2332	1.4911	0.1466	0.0000	0.0000	20.0432
235	1.2168	1.4856	0.1453	0.0000	0.0000	19.2522
236	1.1821	1.4637	0.1466	0.0000	0.0000	20.2631
237	1.1301	1.4605	0.1460	0.0000	0.0000	20.0927
238	1.0725	1.4627	0.1473	0.0000	0.0000	20.3395
239	1.0204	1.4684	0.1460	0.0000	0.0000	20.4427
240	0.9849	1.4847	0.1479	0.0000	0.0000	20.3998
241	1.2602	1.5208	0.1453	0.0000	0.0000	20.3995
242	1.2311	1.5472	0.1408	0.0000	0.0000	21.1466
243	1.1868	1.5525	0.1428	0.0000	0.0000	20.7364
244	1.1519	1.5515	0.1466	0.0000	0.0000	20.6703
245	1.0991	1.5112	0.1473	0.0000	0.0000	20.6042
246	1.0176	1.4521	0.1440	0.0000	0.0000	21.0721
247	0.9342	1.4099	0.1460	0.0000	0.0000	20.7878
248	0.8615	1.3658	0.1486	0.0000	0.0000	20.8748
249	0.7806	1.3037	0.1460	0.0000	0.0000	21.0070
250	0.7201	1.2641	0.1460	0.0000	0.0000	21.2483
251	1.2489	1.5210	0.1440	0.0000	0.0000	21.1717
252	1.2444	1.5147	0.1447	0.0000	0.0000	21.2360
253	1.2339	1.5099	0.1415	0.0000	0.0000	21.7006
254	1.2053	1.5004	0.1460	0.0000	0.0000	21.4305
255	1.1849	1.4852	0.1473	0.0000	0.0000	21.1571
256	1.1818	1.4602	0.1460	0.0000	0.0000	21.6500
257	1.1594	1.4321	0.1370	0.0000	0.0000	22.7221
258	1.1278	1.3885	0.1428	0.0000	0.0000	22.0491
259	1.0976	1.3389	0.1453	0.0000	0.0000	21.1006
260	1.0592	1.2818	0.1358	0.0000	0.0000	22.8185
261	1.2226	1.4840	0.1460	0.0000	0.0000	22.0600
262	1.1916	1.4960	0.1453	0.0000	0.0000	22.1503
263	1.1643	1.5105	0.1434	0.0000	0.0000	22.1376
264	1.1439	1.5139	0.1415	0.0000	0.0000	22.5757
265	1.1305	1.5332	0.1434	0.0000	0.0000	22.1675
266	1.1106	1.5625	0.1428	0.0000	0.0000	22.7098
267	1.0923	1.5771	0.1466	0.0000	0.0000	22.1284
268	1.0668	1.5845	0.1460	0.0000	0.0000	22.1555
269	1.0433	1.5753	0.1440	0.0000	0.0000	22.7249
270	1.0350	1.5562	0.1479	0.0000	0.0000	21.4907
271	1.2270	1.4930	0.1339	0.0000	0.0000	24.0647
272	1.2049	1.4910	0.1434	0.0000	0.0000	22.9417
273	1.1602	1.4842	0.1460	0.0000	0.0000	21.9478
274	1.1108	1.4779	0.1460	0.0000	0.0000	22.9172
275	1.0660	1.4696	0.1447	0.0000	0.0000	23.2807
276	1.0044	1.4545	0.1479	0.0000	0.0000	22.8360
277	0.9326	1.4347	0.1447	0.0000	0.0000	23.3047
278	0.8591	1.4332	0.1486	0.0000	0.0000	23.3694
279	0.7758	1.4307	0.1486	0.0000	0.0000	23.1178
280	0.7012	1.4245	0.1473	0.0000	0.0000	22.7559
281	1.2310	1.5998	0.1466	0.0000	0.0000	23.6875
282	1.2251	1.5882	0.1428	0.0000	0.0000	24.3629
283	1.2141	1.5688	0.1493	0.0000	0.0000	23.7239
284	1.2043	1.5559	0.1512	0.0000	0.0000	23.4953
285	1.1725	1.5345	0.1499	0.0000	0.0000	23.8621
286	1.1463	1.5111	0.1499	0.0000	0.0000	23.8705
287	1.1133	1.5062	0.1526	0.0000	0.0000	23.6921
288	1.0608	1.4983	0.1493	0.0000	0.0000	24.0988
289	0.9943	1.4981	0.1493	0.0000	0.0000	24.3733
290	0.9689	1.4884	0.1526	0.0000	0.0000	24.1532
291	1.2791	1.5980	0.1493	0.0000	0.0000	24.4775
292	1.2520	1.5880	0.1493	0.0000	0.0000	24.3523
293	1.2150	1.5812	0.1499	0.0000	0.0000	24.3483
294	1.1719	1.5806	0.1533	0.0000	0.0000	23.8249
295	1.1212	1.5630	0.1533	0.0000	0.0000	24.2297
296	1.0440	1.5729	0.1553	0.0000	0.0000	24.5981
297	0.9536	1.5967	0.1559	0.0000	0.0000	24.5214
298	0.8713	1.6105	0.1553	0.0000	0.0000	24.8114
299	0.7768	1.6367	0.1546	0.0000	0.0000	24.6939
300	0.7007	1.6464	0.1553	0.0000	0.0000	24.7381
301	1.2215	1.5604	0.1594	0.0000	0.0000	24.3737
302	1.2231	1.5626	0.1594	0.0000	0.0000	24.8552
303	1.2267	1.5507	0.1594	0.0000	0.0000	24.3800
304	1.2205	1.5406	0.1594	0.0000	0.0000	24.9278
305	1.2066	1.5279	0.1580	0.0000	0.0000	24.0197
306	1.1835	1.4972	0.1533	0.0000	0.0000	25.0000
307	1.1372	1.4550	0.1587	0.0000	0.0000	25.0000
308	1.0968	1.4049	0.1628	0.0000	0.0000	24.2526
309	1.0719	1.3528	0.1614	0.0000	0.0000	25.0000
310	1.0515	1.3047	0.1635	0.0000	0.0000	24.9763
311	1.1850	1.4301	0.1614	0.0000	0.0000	25.0000
312	1.1610	1.4345	0.1614	0.0000	0.0000	25.0000
313	1.1493	1.4281	0.1642	0.0000	0.0000	24.2683
314	1.1320	1.4293	0.1649	0.0000	0.0000	25.0000
315	1.1070	1.4260	0.1614	0.0000	0.0000	25.0000
316	1.0790	1.4400	0.1642	0.0000	0.0000	25.0000
317	1.0468	1.4697	0.1614	0.0000	0.0000	25.0000
318	1.0241	1.5103	0.1628	0.0000	0.0000	25.0000
319	0.9926	1.5468	0.1533	0.0000	0.0000	25.0000
320	0.9543	1.5714	0.1635	0.0000	0.0000	25.0000
321	1.2091	1.5543	0.1649	0.0000	0.0000	25.0000
322	1.1975	1.5454	0.1628	0.0000	0.0000	25.0000
323	1.1851	1.5293	0.1642	0.0000	0.0000	25.0000
324	1.1800	1.5046	0.1649	0.0000	0.0000	25.0000
325	1.1894	1.4715	0.1649	0.0000	0.0000	25.0000
326	1.2037	1.4323	0.1642	0.0000	0.0000	25.0000
327	1.2271	1.3971	0.1628	0.0000	0.0000	25.0000
328	1.2477	1.3646	0.1642	0.0000	0.0000	25.0000
329	1.2695	1.3308	0.1628	0.0000	0.0000	25.0000
330	1.2877	1.3129	0.1539	0.0000	0.0000	25.0000
331	1.2607	1.5900	0.1621	0.0000	0.0000	25.0000
332	1.2516	1.6217	0.1642	0.0000	0.0000	25.0000
333	1.2474	1.6449	0.1553	0.0000	0.0000	25.0000
334	1.2294	1.6582	0.1649	0.0000	0.0000	25.0000
335	1.2139	1.6596	0.1621	0.0000	0.0000	25.0000
336	1.2055	1.6453	0.1553	0.0000	0.0000	25.0000
337	1.2151	1.6419	0.1621	0.0000	0.0000	25.0000
338	1.2388	1.6341	0.1656	0.0000	0.0000	25.0000
339	1.2666	1.6168	0.1621	0.0000	0.0000	25.0000
340	1.2825	1.5947	0.1649	0.0000	0.0000	25.0000
341	1.3010	1.5798	0.1649	0.0000	0.0000	25.0000
342	1.3161	1.5722	0.1635	0.0000	0.0000	25.0000
343	1.3352	1.5596	0.1607	0.0000	0.0000	25.0000
344	1.3723	1.5559	0.1635	0.0000	0.0000	25.0000
345	1.4072	1.5430	0.1553	0.0000	0.0000	25.0000
346	1.4368	1.5395	0.1614	0.0000	0.0000	25.0000
347	1.4653	1.5392	0.1580	0.0000	0.0000	25.0000
348	1.4915	1.5374	0.1621	0.0000	0.0000	25.0000
349	1.5296	1.5330	0.1519	0.0000	0.0000	25.0000
350	1.5627	1.5205	0.1607	0.0000	0.0000	25.0000
351	1.2614	1.5640	0.1580	0.0000	0.0000	25.0000
352	1.2611	1.5360	0.1614	0.0000	0.0000	25.0000
353	1.2536	1.5008	0.1587	0.0000	0.0000	25.0000
354	1.2626	1.4437	0.1621	0.0000	0.0000	25.0000
355	1.2749	1.3839	0.1573	0.0000	0.0000	25.0000
356	1.2912	1.3193	0.1600	0.0000	0.0000	25.0000
357	1.3238	1.2483	0.1600	0.0000	0.0000	25.0000
358	1.3503	1.1736	0.1587	0.0000	0.0000	25.0000
359	1.3627	1.0957	0.1573	0.0000	0.0000	25.0000
360	1.3664	1.0470	0.1519	0.0000	0.0000	25.0000
361	1.3023	1.7311	0.1580	0.0000	0.0000	25.0000
362	1.3093	1.7483	0.1600	0.0000	0.0000	25.0000
363	1.3248	1.7669	0.1594	0.0000	0.0000	25.0000
364	1.3431	1.7842	0.1621	0.0000	0.0000	25.0000
365	1.3676	1.8089	0.1621	0.0000	0.0000	25.0000
366	1.4076	1.8424	0.1600	0.0000	0.0000	25.0000
367	1.4511	1.8739	0.1580	0.0000	0.0000	25.0000
368	1.5166	1.8886	0.1546	0.0000	0.0000	25.0000
369	1.6239	1.8610	0.1580	0.0000	0.0000	25.0000
370	1.7206	1.8228	0.1600	0.0000	0.0000	25.0000
371	1.2501	1.6020	0.1594	0.0000	0.0000	25.0000
372	1.2406	1.5830	0.1621	0.0000	0.0000	25.0000
373	1.2390	1.5743	0.1600	0.0000	0.0000	25.0000
374	1.2461	1.5798	0.1580	0.0000	0.0000	25.0000
375	1.2697	1.5737	0.1573	0.0000	0.0000	25.0000
376	1.2881	1.5703	0.1600	0.0000	0.0000	25.0000
377	1.2941	1.5689	0.1566	0.0000	0.0000	25.0000
378	1.2944	1.5513	0.1621	0.0000	0.0000	25.0000
379	1.2836	1.5228	0.1614	0.0000	0.0000	25.0000
380	1.2743	1.5026	0.1614	0.0000	0.0000	25.0000
381	1.2431	1.5010	0.1512	0.0000	0.0000	25.0000
382	1.2150	1.5110	0.1587	0.0000	0.0000	25.0000
383	1.1919	1.5166	0.1539	0.0000	0.0000	25.0000
384	1.1657	1.5197	0.1546	0.0000	0.0000	25.0000
385	1.1247	1.5285	0.1559	0.0000	0.0000	25.0000
386	1.0913	1.5170	0.1594	0.0000	0.0000	25.0000
387	1.0535	1.4852	0.1519	0.0000	0.0000	25.0000
388	1.0135	1.4515	0.1607	0.0000	0.0000	25.0000
389	0.9735	1.4319	0.1614	0.0000	0.0000	25.0000
390	0.9295	1.4210	0.1607	0.0000	0.0000	25.0000
391	1.2145	1.4747	0.1614	0.0000	0.0000	25.0000
392	1.2043	1.4878	0.1614	0.0000	0.0000	25.0000
393	1.2081	1.4977	0.1580	0.0000	0.0000	25.0000
394	1.2238	1.4934	0.1621	0.0000	0.0000	25.0000
395	1.2300	1.4860	0.1587	0.0000	0.0000	25.0000
396	1.2307	1.4713	0.1614	0.0000	0.0000	25.0000
397	1.2449	1.4558	0.1607	0.0000	0.0000	25.0000
398	1.2738	1.4482	0.1539	0.0000	0.0000	25.0000
399	1.2865	1.4451	0.1587	0.0000	0.0000	25.0000
400	1.2849	1.4524	0.1526	0.0000	0.0000	25.0000
401	1.3573	1.6767	0.1600	0.0000	0.0000	25.0000
402	1.3569	1.6729	0.1635	0.0000	0.0000	25.0000
403	1.3402	1.6786	0.1600	0.0000	0.0000	25.0000
404	1.3066	1.6994	0.1614	0.0000	0.0000	25.0000
405	1.2704	1.7302	0.1559	0.0000	0.0000	25.0000
406	1.2262	1.7583	0.1600	0.0000	0.0000	25.0000
407	1.1700	1.7879	0.1559	0.0000	0.0000	25.0000
408	1.1209	1.8267	0.1607	0.0000	0.0000	25.0000
409	1.0767	1.8761	0.1573	0.0000	0.0000	25.0000
410	1.0646	1.9047	0.1587	0.0000	0.0000	25.0000
411	1.3420	1.6870	0.1486	0.0000	0.0000	25.0000
412	1.3204	1.6643	0.1607	0.0000	0.0000	25.0000
413	1.3063	1.6703	0.1587	0.0000	0.0000	25.0000
414	1.2783	1.6795	0.1600	0.0000	0.0000	25.0000
415	1.2334	1.6951	0.1559	0.0000	0.0000	25.0000
416	1.1946	1.7093	0.1587	0.0000	0.0000	25.0000
417	1.1598	1.7132	0.1539	0.0000	0.0000	25.0000
418	1.1069	1.7224	0.1580	0.0000	0.0000	25.0000
419	1.0516	1.7348	0.1539	0.0000	0.0000	25.0000
420	1.0029	1.7418	0.1573	0.0000	0.0000	25.0000
421	1.3015	1.5893	0.1539	0.0000	0.0000	25.0000
422	1.3025	1.5844	0.1600	0.0000	0.0000	25.0000
423	1.2930	1.5686	0.1546	0.0000	0.0000	25.0000
424	1.2890	1.5451	0.1594	0.0000	0.0000	25.0000
425	1.2935	1.5115	0.1553	0.0000	0.0000	25.0000
426	1.3064	1.4594	0.1628	0.0000	0.0000	25.0000
427	1.3154	1.3765	0.1607	0.0000	0.0000	25.0000
428	1.3114	1.2864	0.1512	0.0000	0.0000	25.0000
429	1.3007	1.2180	0.1621	0.0000	0.0000	25.0000
430	1.2740	1.1567	0.1614	0.0000	0.0000	25.0000
431	1.2470	1.4554	0.1580	0.0000	0.0000	25.0000
432	1.2446	1.4469	0.1533	0.0000	0.0000	25.0000
433	1.2365	1.4447	0.1553	0.0000	0.0000	25.0000
434	1.2295	1.4425	0.1546	0.0000	0.0000	25.0000
435	1.2278	1.4374	0.1566	0.0000	0.0000	25.0000
436	1.2150	1.4243	0.1566	0.0000	0.0000	25.0000
437	1.2036	1.4197	0.1566	0.0000	0.0000	25.0000
438	1.1850	1.4262	0.1614	0.0000	0.0000	25.0000
439	1.1571	1.4357	0.1546	0.0000	0.0000	25.0000
440	1.1248	1.4461	0.1559	0.0000	0.0000	25.0000
441	1.2546	1.5534	0.1533	0.0000	0.0000	25.0000
442	1.2629	1.5180	0.1526	0.0000	0.0000	25.0000
443	1.2575	1.4931	0.1553	0.0000	0.0000	25.0000
444	1.2489	1.4711	0.1553	0.0000	0.0000	25.0000
445	1.2227	1.4551	0.1533	0.0000	0.0000	25.0000
446	1.1991	1.4370	0.1587	0.0000	0.0000	25.0000
447	1.1896	1.4143	0.1539	0.0000	0.0000	25.0000
448	1.1860	1.3943	0.1546	0.0000	0.0000	25.0000
449	1.1712	1.3625	0.1539	0.0000	0.0000	25.0000
450	1.1592	1.3296	0.1559	0.0000	0.0000	25.0000
451	1.2726	1.5844	0.1580	0.0000	0.0000	25.0000
452	1.2712	1.5632	0.1506	0.0000	0.0000	25.0000
453	1.2637	1.5316	0.1566	0.0000	0.0000	25.0000
454	1.2386	1.4827	0.1614	0.0000	0.0000	25.0000
455	1.2016	1.4437	0.1479	0.0000	0.0000	25.0000
456	1.1602	1.4023	0.1614	0.0000	0.0000	25.0000
457	1.1175	1.3749	0.1607	0.0000	0.0000	25.0000
458	1.0728	1.3586	0.1573	0.0000	0.0000	25.0000
459	1.0398	1.3373	0.1553	0.0000	0.0000	25.0000
460	1.0125	1.3115	0.1594	0.0000	0.0000	25.0000
461	1.3538	1.5987	0.1587	0.0000	0.0000	25.0000
462	1.3768	1.6137	0.1587	0.0000	0.0000	25.0000
463	1.4002	1.6354	0.1512	0.0000	0.0000	25.0000
464	1.4323	1.6625	0.1614	0.0000	0.0000	25.0000
465	1.4758	1.6757	0.1607	0.0000	0.0000	25.0000
466	1.5248	1.6708	0.1600	0.0000	0.0000	25.0000
467	1.5703	1.6560	0.1566	0.0000	0.0000	25.0000
468	1.6320	1.6485	0.1600	0.0000	0.0000	25.0000
469	1.7080	1.6406	0.1587	0.0000	0.0000	25.0000
470	1.7722	1.6320	0.1594	0.0000	0.0000	25.0000
471	1.4889	1.7196	0.1499	0.0000	0.0000	25.0000
472	1.4852	1.7160	0.1621	0.0000	0.0000	25.0000
473	1.4833	1.7235	0.1600	0.0000	0.0000	25.0000
474	1.4883	1.7288	0.1546	0.0000	0.0000	25.0000
475	1.5107	1.7245	0.1621	0.0000	0.0000	25.0000
476	1.5541	1.7194	0.1663	0.0000	0.0000	25.0000
477	1.5991	1.7106	0.1628	0.0000	0.0000	25.0000
478	1.6366	1.6963	0.1628	0.0000	0.0000	25.0000
479	1.6764	1.6744	0.1614	0.0000	0.0000	25.0000
480	1.7214	1.6524	0.1642	0.0000	0.0000	25.0000
481	1.3508	1.8030	0.1594	0.0000	0.0000	25.0000
482	1.3502	1.8230	0.1519	0.0000	0.0000	25.0000
483	1.3571	1.8330	0.1600	0.0000	0.0000	25.0000
484	1.3517	1.8570	0.1621	0.0000	0.0000	25.0000
485	1.3582	1.8821	0.1607	0.0000	0.0000	25.0000
486	1.3951	1.8900	0.1607	0.0000	0.0000	25.0000
487	1.4299	1.8919	0.1642	0.0000	0.0000	25.0000
488	1.4645	1.9002	0.1607	0.0000	0.0000	25.0000
489	1.4973	1.8994	0.1600	0.0000	0.0000	25.0000
490	1.5073	1.8882	0.1607	0.0000	0.0000	25.0000
491	1.3545	1.7626	0.1628	0.0000	0.0000	25.0000
492	1.3307	1.7368	0.1635	0.0000	0.0000	25.0000
493	1.2937	1.7187	0.1546	0.0000	0.0000	25.0000
494	1.2485	1.6879	0.1649	0.0000	0.0000	25.0000
495	1.2139	1.6611	0.1649	0.0000	0.0000	25.0000
496	1.1652	1.6443	0.1642	0.0000	0.0000	25.0000
497	1.1253	1.6226	0.1594	0.0000	0.0000	25.0000
498	1.0753	1.5946	0.1546	0.0000	0.0000	25.0000
499	1.0116	1.5608	0.1594	0.0000	0.0000	25.0000
500	0.9473	1.5377	0.1600	0.0000	0.0000	25.0000
501	1.2407	1.4710	0.1607	0.0000	0.0000	25.0000
502	1.2493	1.4906	0.1607	0.0000	0.0000	25.0000
503	1.2638	1.5219	0.1607	0.0000	0.0000	25.0000
504	1.2634	1.5578	0.1587	0.0000	0.0000	25.0000
505	1.2576	1.5831	0.1600	0.0000	0.0000	25.0000
506	1.2361	1.6016	0.1587	0.0000	0.0000	25.0000
507	1.1850	1.6134	0.1614	0.0000	0.0000	25.0000
508	1.1305	1.6352	0.1580	0.0000	0.0000	25.0000
509	1.0826	1.6469	0.1607	0.0000	0.0000	25.0000
510	1.0554	1.6456	0.1635	0.0000	0.0000	25.0000
511	1.2565	1.5600	0.1628	0.0000	0.0000	25.0000
512	1.2821	1.5420	0.1594	0.0000	0.0000	25.0000
513	1.3020	1.5220	0.1600	0.0000	0.0000	25.0000
514	1.3159	1.4920	0.1533	0.0000	0.0000	25.0000
515	1.3262	1.4489	0.1594	0.0000	0.0000	25.0000
516	1.3258	1.4042	0.1607	0.0000	0.0000	25.0000
517	1.3263	1.3682	0.1600	0.0000	0.0000	25.0000
518	1.3328	1.3303	0.1566	0.0000	0.0000	25.0000
519	1.3425	1.3081	0.1553	0.0000	0.0000	25.0000
520	1.3379	1.2918	0.1559	0.0000	0.0000	25.0000
521	1.2432	1.5580	0.1566	0.0000	0.0000	25.0000
522	1.2431	1.5302	0.1600	0.0000	0.0000	25.0000
523	1.2306	1.5081	0.1600	0.0000	0.0000	25.0000
524	1.2234	1.4735	0.1628	0.0000	0.0000	25.0000
525	1.2260	1.4228	0.1594	0.0000	0.0000	25.0000
526	1.2220	1.3807	0.1600	0.0000	0.0000	25.0000
527	1.2051	1.3385	0.1594	0.0000	0.0000	25.0000
528	1.1813	1.2861	0.1493	0.0000	0.0000	25.0000
529	1.1501	1.2345	0.1621	0.0000	0.0000	25.0000
530	1.1269	1.2041	0.1506	0.0000	0.0000	25.0000
531	1.2405	1.5760	0.1607	0.0000	0.0000	25.0000
532	1.2543	1.5586	0.1580	0.0000	0.0000	25.0000
533	1.2820	1.5384	0.1553	0.0000	0.0000	25.0000
534	1.3078	1.5225	0.1546	0.0000	0.0000	25.0000
535	1.3358	1.5076	0.1546	0.0000	0.0000	25.0000
536	1.3585	1.4989	0.1460	0.0000	0.0000	25.0000
537	1.3697	1.4902	0.1546	0.0000	0.0000	25.0000
538	1.3872	1.4835	0.1580	0.0000	0.0000	25.0000
539	1.4065	1.4749	0.1580	0.0000	0.0000	25.0000
540	1.4251	1.4568	0.1587	0.0000	0.0000	25.0000
541	1.2270	1.4218	0.1499	0.0000	0.0000	25.0000
542	1.2426	1.3886	0.1559	0.0000	0.0000	25.0000
543	1.2440	1.3568	0.1546	0.0000	0.0000	25.0000
544	1.2514	1.3253	0.1479	0.0000	0.0000	25.0000
545	1.2688	1.2973	0.1539	0.0000	0.0000	25.0000
546	1.2848	1.2763	0.1566	0.0000	0.0000	25.0000
547	1.2987	1.2474	0.1546	0.0000	0.0000	25.0000
548	1.3029	1.2125	0.1573	0.0000	0.0000	25.0000
549	1.3059	1.1559	0.1539	0.0000	0.0000	25.0000
550	1.2959	1.1081	0.1559	0.0000	0.0000	25.0000
551	1.2174	1.4331	0.1587	0.0000	0.0000	25.0000
552	1.2401	1.4118	0.1499	0.0000	0.0000	25.0000
553	1.2469	1.3846	0.1559	0.0000	0.0000	25.0000
554	1.2357	1.3558	0.1559	0.0000	0.0000	25.0000
555	1.2224	1.3174	0.1421	0.0000	0.0000	25.0000
556	1.1927	1.2830	0.1553	0.0000	0.0000	25.0000
557	1.1700	1.2469	0.1566	0.0000	0.0000	25.0000
558	1.1586	1.2066	0.1580	0.0000	0.0000	25.0000
559	1.1686	1.1656	0.1553	0.0000	0.0000	25.0000
560	1.1811	1.1224	0.1580	0.0000	0.0000	25.0000
561	1.1686	1.0701	0.1594	0.0000	0.0000	25.0000
562	1.1662	1.0112	0.1546	0.0000	0.0000	25.0000
563	1.1865	0.9706	0.1493	0.0000	0.0000	25.0000
564	1.2074	0.9446	0.1546	0.0000	0.0000	25.0000
565	1.2323	0.9176	0.1573	0.0000	0.0000	25.0000
566	1.2743	0.8925	0.1539	0.0000	0.0000	25.0000
567	1.3262	0.8787	0.1539	0.0000	0.0000	25.0000
568	1.3758	0.8673	0.1553	0.0000	0.0000	25.0000
569	1.4029	0.8446	0.1546	0.0000	0.0000	25.0000
570	1.4214	0.8176	0.1559	0.0000	0.0000	25.0000
571	1.4213	0.7743	0.1553	0.0000	0.0000	25.0000
572	1.4071	0.7190	0.1587	0.0000	0.0000	25.0000
573	1.3870	0.6538	0.1553	0.0000	0.0000	25.0000
574	1.3770	0.5985	0.1546	0.0000	0.0000	25.0000
575	1.3518	0.5567	0.1526	0.0000	0.0000	25.0000
576	1.3134	0.5295	0.1573	0.0000	0.0000	25.0000
577	1.2629	0.5030	0.1539	0.0000	0.0000	25.0000
578	1.2266	0.4749	0.1553	0.0000	0.0000	25.0000
579	1.1903	0.4574	0.1573	0.0000	0.0000	25.0000
580	1.1580	0.4404	0.1587	0.0000	0.0000	25.0000
1	0.0000	0.0000	0.0000	0.0000	0.0000	0.0000
2	0.0000	0.0000	0.1408	0.0000	0.0000	0.0000
3	0.0000	0.0000	0.1428	0.0000	0.0000	0.0000
4	0.0000	0.0000	0.1415	0.0000	0.0000	0.0000
5	0.0000	0.0000	0.1421	0.0000	0.0000	0.0000
6	0.0000	0.0000	0.1415	0.0000	0.0000	0.0000
7	0.0000	0.0000	0.1421	0.0000	0.0000	0.0000
8	0.0000	0.0000	0.1440	0.0000	0.0000	0.0000
9	0.0000	0.0000	0.1428	0.0000	0.0000	0.0000
10	0.0000	0.0000	0.1421	0.0000	0.0000	0.0000
11	1.2696	1.4919	0.1434	0.0000	0.0000	2.8910
12	1.2689	1.4917	0.1421	0.0000	0.0000	3.3157
13	1.2677	1.4914	0.1402	0.0000	0.0000	3.3699
14	1.2661	1.4909	0.1421	0.0000	0.0000	3.6671
15	1.2641	1.4903	0.1421	0.0000	0.0000	3.5531
16	1.2617	1.4895	0.1428	0.0000	0.0000	3.6193
17	1.2589	1.4886	0.1434	0.0000	0.0000	3.4928
18	1.2557	1.4817	0.1421	0.0000	0.0000	3.7900
19	1.2523	1.4606	0.1415	0.0000	0.0000	3.8819
20	1.2500	1.4478	0.1453	0.0000	0.0000	3.5934
21	1.2577	1.4830	0.1434	0.0000	0.0000	3.8410
22	1.2569	1.4829	0.1421	0.0000	0.0000	4.0099
23	1.2560	1.4826	0.1428	0.0000	0.0000	3.9963
24	1.2544	1.4822	0.1434	0.0000	0.0000	4.1257
25	1.2523	1.4815	0.1402	0.0000	0.0000	4.4608
26	1.2497	1.4808	0.1358	0.0000	0.0000	5.1984
27	1.2467	1.4798	0.1428	0.0000	0.0000	4.2504
28	1.2431	1.4727	0.1434	0.0000	0.0000	4.3807
29	1.2389	1.4516	0.1396	0.0000	0.0000	4.1021
30	1.2343	1.4304	0.1453	0.0000	0.0000	4.3710
31	1.2639	1.4939	0.1408	0.0000	0.0000	5.1677
32	1.2633	1.4934	0.1440	0.0000	0.0000	4.9258
33	1.2623	1.4927	0.1415	0.0000	0.0000	4.8633
34	1.2605	1.4917	0.1434	0.0000	0.0000	4.9026
35	1.2582	1.4905	0.1402	0.0000	0.0000	5.3657
36	1.2559	1.4894	0.1447	0.0000	0.0000	4.9052
37	1.2534	1.4882	0.1389	0.0000	0.0000	5.6756
38	1.2502	1.4872	0.1434	0.0000	0.0000	5.0265
39	1.2468	1.4859	0.1396	0.0000	0.0000	5.5024
40	1.2443	1.4844	0.1428	0.0000	0.0000	4.4940
41	1.2692	1.5044	0.1402	0.0000	0.0000	5.9537
42	1.2674	1.4977	0.1453	0.0000	0.0000	5.0956
43	1.2632	1.4832	0.1434	0.0000	0.0000	5.5991
44	1.2573	1.4680	0.1428	0.0000	0.0000	5.6906
45	1.2507	1.4544	0.1421	0.0000	0.0000	5.9105
46	1.2435	1.4400	0.1428	0.0000	0.0000	5.8476
47	1.2345	1.4252	0.1421	0.0000	0.0000	6.1964
48	1.2240	1.4103	0.1440	0.0000	0.0000	6.0431
49	1.2114	1.3947	0.1421	0.0000	0.0000	6.2249
50	1.2023	1.3851	0.1428	0.0000	0.0000	6.3236
51	1.2330	1.4983	0.1447	0.0000	0.0000	5.9780
52	1.2322	1.4964	0.1415	0.0000	0.0000	6.6997
53	1.2307	1.4946	0.1421	0.0000	0.0000	6.4442
54	1.2301	1.4934	0.1466	0.0000	0.0000	6.3009
55	1.2300	1.4898	0.1415	0.0000	0.0000	6.6133
56	1.2321	1.4830	0.1440	0.0000	0.0000	6.7042
57	1.2388	1.4755	0.1421	0.0000	0.0000	6.6294
58	1.2461	1.4671	0.1434	0.0000	0.0000	6.8098
59	1.2534	1.4599	0.1428	0.0000	0.0000	6.6935
60	1.2610	1.4526	0.1415	0.0000	0.0000	7.2309
61	1.2475	1.5006	0.1415	0.0000	0.0000	7.4882
62	1.2430	1.4962	0.1440	0.0000	0.0000	6.6168
63	1.2393	1.4895	0.1339	0.0000	0.0000	7.9746
64	1.2379	1.4834	0.1428	0.0000	0.0000	7.3132
65	1.2341	1.4751	0.1421	0.0000	0.0000	7.4054
66	1.2279	1.4681	0.1428	0.0000	0.0000	7.4721
67	1.2215	1.4652	0.1408	0.0000	0.0000	7.5261
68	1.2146	1.4622	0.1428	0.0000	0.0000	6.9330
69	1.2085	1.4650	0.1339	0.0000	0.0000	8.5146
70	1.2007	1.4654	0.1434	0.0000	0.0000	7.5684
71	1.2465	1.5193	0.1434	0.0000	0.0000	7.6472
72	1.2427	1.5149	0.1415	0.0000	0.0000	8.0211
73	1.2542	1.4879	0.1421	0.0000	0.0000	7.8315
74	1.2618	1.4658	0.1415	0.0000	0.0000	8.1788
75	1.2710	1.4399	0.1408	0.0000	0.0000	8.0637
76	1.2816	1.4155	0.1434	0.0000	0.0000	8.1554
77	1.2946	1.3868	0.1434	0.0000	0.0000	7.3501
78	1.3138	1.3605	0.1345	0.0000	0.0000	9.2496
79	1.3280	1.3286	0.1421	0.0000	0.0000	8.4851
80	1.3298	1.3147	0.1428	0.0000	0.0000	8.5193
81	1.2471	1.4614	0.1408	0.0000	0.0000	8.8780
82	1.2564	1.4420	0.1421	0.0000	0.0000	8.9331
83	1.2705	1.4454	0.1421	0.0000	0.0000	8.7554
84	1.2839	1.4476	0.1460	0.0000	0.0000	8.5624
85	1.2935	1.4484	0.1415	0.0000	0.0000	8.7990
86	1.2927	1.4398	0.1440	0.0000	0.0000	8.0036
87	1.3008	1.4199	0.1339	0.0000	0.0000	9.8656
88	1.3075	1.3822	0.1440	0.0000	0.0000	8.9859
89	1.3459	1.3272	0.1421	0.0000	0.0000	8.7238
90	1.3585	1.2918	0.1377	0.0000	0.0000	10.2178
91	1.2456	1.3831	0.1447	0.0000	0.0000	9.1295
92	1.2304	1.3997	0.1421	0.0000	0.0000	9.5169
93	1.1946	1.4233	0.1440	0.0000	0.0000	9.1714
94	1.1658	1.4220	0.1415	0.0000	0.0000	9.5583
95	1.1316	1.4220	0.1428	0.0000	0.0000	9.6761
96	1.0947	1.4207	0.1434	0.0000	0.0000	9.6771
97	1.0775	1.4150	0.1415	0.0000	0.0000	9.7949
98	1.0684	1.4014	0.1460	0.0000	0.0000	9.5875
99	1.0609	1.3891	0.1440	0.0000	0.0000	9.7706
100	1.0521	1.3776	0.1460	0.0000	0.0000	9.7125
101	1.2696	1.5339	0.1421	0.0000	0.0000	10.1917
102	1.2893	1.5171	0.1440	0.0000	0.0000	10.1029
103	1.3217	1.4760	0.1408	0.0000	0.0000	10.4379
104	1.3370	1.4392	0.1434	0.0000	0.0000	10.4023
105	1.3302	1.4081	0.1408	0.0000	0.0000	10.5954
106	1.3104	1.3768	0.1421	0.0000	0.0000	10.5206
107	1.2820	1.3439	0.1402	0.0000	0.0000	10.9581
108	1.2577	1.3075	0.1434	0.0000	0.0000	10.3959
109	1.2345	1.2667	0.1428	0.0000	0.0000	10.6798
110	1.2145	1.2371	0.1440	0.0000	0.0000	10.7809
111	1.2493	1.5338	0.1434	0.0000	0.0000	10.7432
112	1.2467	1.5381	0.1408	0.0000	0.0000	11.1938
113	1.2449	1.5414	0.1408	0.0000	0.0000	11.2088
114	1.2443	1.5381	0.1440	0.0000	0.0000	10.7105
115	1.2452	1.5299	0.1408	0.0000	0.0000	11.2391
116	1.2402	1.5209	0.1428	0.0000	0.0000	11.0237
117	1.2317	1.5171	0.1415	0.0000	0.0000	11.4489
118	1.2203	1.5092	0.1415	0.0000	0.0000	11.7207
119	1.2102	1.5027	0.1415	0.0000	0.0000	11.5424
120	1.1918	1.5048	0.1434	0.0000	0.0000	11.5670
121	1.2798	1.5579	0.1415	0.0000	0.0000	11.5567
122	1.2755	1.5750	0.1434	0.0000	0.0000	11.5319
123	1.2620	1.5966	0.1396	0.0000	0.0000	11.9446
124	1.2563	1.6121	0.1428	0.0000	0.0000	11.8323
125	1.2489	1.6340	0.1402	0.0000	0.0000	12.0266
126	1.2476	1.6551	0.1447	0.0000	0.0000	11.6942
127	1.2515	1.6842	0.1421	0.0000	0.0000	11.9546
128	1.2559	1.7204	0.1434	0.0000	0.0000	12.0070
129	1.2649	1.7521	0.1428	0.0000	0.0000	12.2914
130	1.2742	1.7782	0.1434	0.0000	0.0000	12.3410
131	1.2747	1.5293	0.1421	0.0000	0.0000	12.4451
132	1.2922	1.5194	0.1421	0.0000	0.0000	12.3956
133	1.3117	1.5062	0.1415	0.0000	0.0000	12.5525
134	1.3307	1.4786	0.1421	0.0000	0.0000	12.8110
135	1.3491	1.4579	0.1421	0.0000	0.0000	12.6981
136	1.3688	1.4384	0.1421	0.0000	0.0000	12.7775
137	1.3909	1.4177	0.1415	0.0000	0.0000	13.0616
138	1.4130	1.3855	0.1434	0.0000	0.0000	12.7803
139	1.4424	1.3360	0.1428	0.0000	0.0000	12.8727
140	1.4647	1.3017	0.1434	0.0000	0.0000	13.0994
141	1.2716	1.5302	0.1345	0.0000	0.0000	14.0325
142	1.2751	1.5316	0.1440	0.0000	0.0000	13.0349
143	1.2731	1.5300	0.1428	0.0000	0.0000	13.2685
144	1.2796	1.5176	0.1415	0.0000	0.0000	13.6939
145	1.2704	1.5138	0.1434	0.0000	0.0000	13.2201
146	1.2809	1.4960	0.1447	0.0000	0.0000	13.6593
147	1.2764	1.4776	0.1434	0.0000	0.0000	13.3762
148	1.2595	1.4902	0.1440	0.0000	0.0000	13.6985
149	1.2740	1.4779	0.1415	0.0000	0.0000	13.6365
150	1.2888	1.4462	0.1440	0.0000	0.0000	13.5822
151	1.2544	1.5325	0.1434	0.0000	0.0000	13.7380
152	1.2057	1.6009	0.1447	0.0000	0.0000	14.0485
153	1.1703	1.6989	0.1421	0.0000	0.0000	14.0486
154	1.1366	1.7917	0.1421	0.0000	0.0000	14.0477
155	1.0846	1.9205	0.1434	0.0000	0.0000	13.2184
156	1.0151	2.0792	0.1370	0.0000	0.0000	15.1371
157	0.9329	2.2610	0.1428	0.0000	0.0000	14.3374
158	0.8548	2.4835	0.1447	0.0000	0.0000	13.4882
159	0.7368	2.7552	0.1345	0.0000	0.0000	15.4822
160	0.6197	2.9969	0.1453	0.0000	0.0000	13.6157
161	1.2950	1.4740	0.1440	0.0000	0.0000	14.4842
162	1.3707	1.4080	0.1460	0.0000	0.0000	14.3928
163	1.4523	1.3782	0.1440	0.0000	0.0000	14.7689
164	1.5151	1.3585	0.1447	0.0000	0.0000	15.0279
165	1.6132	1.2906	0.1440	0.0000	0.0000	14.9238
166	1.7071	1.2325	0.1460	0.0000	0.0000	14.8971
167	1.7599	1.2088	0.1447	0.0000	0.0000	14.7929
168	1.8405	1.1431	0.1364	0.0000	0.0000	16.1869
169	1.9088	1.1035	0.1434	0.0000	0.0000	15.3619
170	1.9637	1.0678	0.1434	0.0000	0.0000	15.2955
171	1.2473	1.5263	0.1428	0.0000	0.0000	15.3067
172	1.2450	1.5235	0.1440	0.0000	0.0000	15.2946
173	1.2577	1.5110	0.1415	0.0000	0.0000	15.6834
174	1.2717	1.4854	0.1370	0.0000	0.0000	16.4874
175	1.2622	1.4712	0.1434	0.0000	0.0000	15.6738
176	1.2650	1.4261	0.1453	0.0000	0.0000	15.6478
177	1.2580	1.3872	0.1415	0.0000	0.0000	16.0618
178	1.2447	1.3456	0.1440	0.0000	0.0000	15.8964
179	1.2308	1.3252	0.1396	0.0000	0.0000	16.4481
180	1.2085	1.3109	0.1447	0.0000	0.0000	15.9600
181	1.2674	1.5370	0.1415	0.0000	0.0000	16.4240
182	1.2551	1.5227	0.1434	0.0000	0.0000	16.0782
183	1.2588	1.4952	0.1440	0.0000	0.0000	16.0638
184	1.2560	1.4668	0.1453	0.0000	0.0000	16.1796
185	1.2546	1.4481	0.1453	0.0000	0.0000	16.1296
186	1.2421	1.4255	0.1440	0.0000	0.0000	16.5572
187	1.2147	1.3989	0.1415	0.0000	0.0000	16.6866
188	1.1749	1.3855	0.1453	0.0000	0.0000	15.6695
189	1.1272	1.3582	0.1415	0.0000	0.0000	17.0369
190	1.0693	1.3406	0.1434	0.0000	0.0000	16.7397
191	1.2427	1.5285	0.1447	0.0000	0.0000	16.8561
192	1.2316	1.5413	0.1466	0.0000	0.0000	16.8939
193	1.2090	1.5644	0.1415	0.0000	0.0000	17.1398
194	1.1808	1.5943	0.1447	0.0000	0.0000	17.1385
195	1.1443	1.6251	0.1440	0.0000	0.0000	17.1000
196	1.0978	1.6515	0.1440	0.0000	0.0000	17.5018
197	1.0492	1.6629	0.1434	0.0000	0.0000	17.2692
198	0.9899	1.6939	0.1415	0.0000	0.0000	17.7068
199	0.9430	1.7171	0.1428	0.0000	0.0000	17.3748
200	0.9101	1.7234	0.1440	0.0000	0.0000	17.4745
201	1.2617	1.5167	0.1339	0.0000	0.0000	18.8326
202	1.2749	1.4992	0.1453	0.0000	0.0000	17.4775
203	1.2877	1.4832	0.1460	0.0000	0.0000	16.8430
204	1.3102	1.4443	0.1352	0.0000	0.0000	18.9862
205	1.3407	1.3959	0.1466	0.0000	0.0000	17.8824
206	1.3800	1.3451	0.1408	0.0000	0.0000	17.4493
207	1.4378	1.2687	0.1358	0.0000	0.0000	19.0839
208	1.5085	1.1658	0.1434	0.0000	0.0000	18.3141
209	1.5770	1.0617	0.1447	0.0000	0.0000	17.2862
210	1.6317	0.9745	0.1428	0.0000	0.0000	18.7934
211	1.3389	1.4271	0.1473	0.0000	0.0000	16.8518
212	1.3627	1.4047	0.1440	0.0000	0.0000	18.5840
213	1.3764	1.3716	0.1460	0.0000	0.0000	18.3636
214	1.3824	1.3440	0.1447	0.0000	0.0000	18.9876
215	1.3740	1.3182	0.1447	0.0000	0.0000	18.4804
216	1.3544	1.2909	0.1447	0.0000	0.0000	18.9460
217	1.3333	1.2443	0.1466	0.0000	0.0000	18.6592
218	1.3050	1.1842	0.1428	0.0000	0.0000	19.1382
219	1.2829	1.1338	0.1460	0.0000	0.0000	18.6345
220	1.2574	1.0925	0.1453	0.0000	0.0000	19.0323
221	1.2991	1.5549	0.1440	0.0000	0.0000	19.0077
222	1.3070	1.5431	0.1473	0.0000	0.0000	18.8086
223	1.3088	1.5311	0.1453	0.0000	0.0000	18.2965
224	1.2912	1.5175	0.1296	0.0000	0.0000	20.9588
225	1.2584	1.5078	0.1440	0.0000	0.0000	19.7607
226	1.2251	1.4845	0.1479	0.0000	0.0000	18.4068
227	1.1912	1.4435	0.1408	0.0000	0.0000	19.7211
228	1.1404	1.3975	0.1460	0.0000	0.0000	18.9271
229	1.0811	1.3616	0.1421	0.0000	0.0000	18.9715
230	1.0436	1.3350	0.1447	0.0000	0.0000	20.1924
231	1.4383	1.5250	0.1434	0.0000	0.0000	20.0181
232	1.4102	1.5467	0.1440	0.0000	0.0000	18.9432
233	1.3710	1.5592	0.1345	0.0000	0.0000	21.0461
234	1.3074	1.5694	0.1428	0.0000	0.0000	20.1399
235	1.2207	1.5874	0.1453	0.0000	0.0000	19.3368
236	1.1317	1.6055	0.1333	0.0000	0.0000	21.7538
237	1.0106	1.6115	0.1434	0.0000	0.0000	19.8539
238	0.8805	1.6073	0.1428	0.0000	0.0000	19.6969
239	0.7517	1.5931	0.1377	0.0000	0.0000	21.1463
240	0.6806	1.5923	0.1383	0.0000	0.0000	21.5713
241	1.3083	1.3099	0.1428	0.0000	0.0000	20.9839
242	1.3261	1.3049	0.1460	0.0000	0.0000	20.4151
243	1.3392	1.3232	0.1408	0.0000	0.0000	21.1125
244	1.3488	1.3099	0.1466	0.0000	0.0000	20.7522
245	1.3561	1.2804	0.1421	0.0000	0.0000	21.1784
246	1.3913	1.2468	0.1428	0.0000	0.0000	21.0520
247	1.4316	1.2297	0.1447	0.0000	0.0000	20.4538
248	1.4287	1.2238	0.1352	0.0000	0.0000	22.1860
249	1.3945	1.2314	0.1434	0.0000	0.0000	21.4062
250	1.3780	1.2490	0.1440	0.0000	0.0000	21.3919
251	1.2681	1.5337	0.1377	0.0000	0.0000	22.1076
252	1.3204	1.5168	0.1447	0.0000	0.0000	21.2789
253	1.3665	1.4642	0.1453	0.0000	0.0000	20.5228
254	1.4095	1.3898	0.1415	0.0000	0.0000	21.8238
255	1.4311	1.3351	0.1428	0.0000	0.0000	21.5411
256	1.4801	1.2624	0.1383	0.0000	0.0000	22.7359
257	1.5371	1.1713	0.1402	0.0000	0.0000	22.0709
258	1.5548	1.0908	0.1479	0.0000	0.0000	21.5406
259	1.5796	1.0061	0.1389	0.0000	0.0000	22.7653
260	1.5831	0.9236	0.1479	0.0000	0.0000	20.6673
261	1.2628	1.5918	0.1421	0.0000	0.0000	22.3311
262	1.2796	1.6009	0.1460	0.0000	0.0000	22.0083
263	1.2992	1.6204	0.1434	0.0000	0.0000	22.3333
264	1.3431	1.6520	0.1440	0.0000	0.0000	22.3991
265	1.4058	1.7165	0.1421	0.0000	0.0000	22.5803
266	1.4630	1.7808	0.1466	0.0000	0.0000	22.5047
267	1.5289	1.8292	0.1428	0.0000	0.0000	21.6546
268	1.5975	1.8713	0.1364	0.0000	0.0000	23.5664
269	1.6582	1.9107	0.1428	0.0000	0.0000	23.0126
270	1.6981	1.9347	0.1447	0.0000	0.0000	22.7143
271	1.2531	1.5760	0.1440	0.0000	0.0000	22.9192
272	1.2707	1.5428	0.1434	0.0000	0.0000	23.3343
273	1.2882	1.5025	0.1408	0.0000	0.0000	23.2682
274	1.2929	1.4511	0.1447	0.0000	0.0000	22.8843
275	1.3043	1.3779	0.1453	0.0000	0.0000	23.3363
276	1.3147	1.2865	0.1434	0.0000	0.0000	23.4516
277	1.3084	1.1972	0.1428	0.0000	0.0000	23.2853
278	1.3149	1.1189	0.1453	0.0000	0.0000	23.6345
279	1.3059	1.0327	0.1466	0.0000	0.0000	23.3601
280	1.3054	0.9729	0.1389	0.0000	0.0000	24.5931
281	1.2890	1.5473	0.1473	0.0000	0.0000	23.3900
282	1.3364	1.5142	0.1453	0.0000	0.0000	23.7020
283	1.4054	1.4748	0.1453	0.0000	0.0000	23.6504
284	1.4909	1.4372	0.1428	0.0000	0.0000	23.5905
285	1.5878	1.3946	0.1377	0.0000	0.0000	24.6630
286	1.6748	1.3391	0.1486	0.0000	0.0000	24.0790
287	1.7629	1.2660	0.1466	0.0000	0.0000	24.0645
288	1.8524	1.1948	0.1493	0.0000	0.0000	24.0885
289	1.9274	1.1217	0.1460	0.0000	0.0000	24.2316
290	1.9777	1.0552	0.1396	0.0000	0.0000	25.0000
291	1.2640	1.5540	0.1479	0.0000	0.0000	24.3812
292	1.2598	1.5531	0.1473	0.0000	0.0000	24.5360
293	1.2424	1.5522	0.1466	0.0000	0.0000	24.6251
294	1.2208	1.5484	0.1364	0.0000	0.0000	25.0000
295	1.2265	1.5289	0.1486	0.0000	0.0000	24.4104
296	1.2384	1.5009	0.1519	0.0000	0.0000	24.4163
297	1.2465	1.4532	0.1466	0.0000	0.0000	25.0000
298	1.2554	1.4115	0.1519	0.0000	0.0000	24.6989
299	1.2567	1.3777	0.1519	0.0000	0.0000	24.4434
300	1.2393	1.3606	0.1440	0.0000	0.0000	25.0000
301	1.2499	1.5110	0.1519	0.0000	0.0000	23.7889
302	1.2513	1.4892	0.1559	0.0000	0.0000	24.8183
303	1.2588	1.4621	0.1553	0.0000	0.0000	24.9734
304	1.2659	1.4519	0.1580	0.0000	0.0000	24.1872
305	1.2726	1.4351	0.1466	0.0000	0.0000	25.0000
306	1.2838	1.4084	0.1587	0.0000	0.0000	24.8521
307	1.2987	1.3693	0.1580	0.0000	0.0000	24.4064
308	1.3156	1.3282	0.1440	0.0000	0.0000	25.0000
309	1.3492	1.2802	0.1553	0.0000	0.0000	25.0000
310	1.3656	1.2364	0.1479	0.0000	0.0000	25.0000
311	1.2655	1.6080	0.1566	0.0000	0.0000	24.6584
312	1.2659	1.6080	0.1614	0.0000	0.0000	24.9640
313	1.2583	1.5994	0.1559	0.0000	0.0000	25.0000
314	1.2498	1.5911	0.1566	0.0000	0.0000	25.0000
315	1.2317	1.5752	0.1539	0.0000	0.0000	25.0000
316	1.2016	1.5590	0.1573	0.0000	0.0000	24.8666
317	1.1680	1.5406	0.1440	0.0000	0.0000	25.0000
318	1.1381	1.5115	0.1553	0.0000	0.0000	25.0000
319	1.1088	1.4805	0.1553	0.0000	0.0000	25.0000
320	1.0758	1.4439	0.1506	0.0000	0.0000	25.0000
321	1.0665	1.5920	0.1600	0.0000	0.0000	25.0000
322	1.0691	1.5888	0.1614	0.0000	0.0000	25.0000
323	1.0800	1.5725	0.1628	0.0000	0.0000	25.0000
324	1.0761	1.5591	0.1614	0.0000	0.0000	25.0000
325	1.0704	1.5556	0.1649	0.0000	0.0000	25.0000
326	1.0790	1.5537	0.1642	0.0000	0.0000	25.0000
327	1.1032	1.5532	0.1628	0.0000	0.0000	25.0000
328	1.1272	1.5481	0.1621	0.0000	0.0000	25.0000
329	1.1411	1.5435	0.1607	0.0000	0.0000	25.0000
330	1.1619	1.5146	0.1628	0.0000	0.0000	25.0000
331	1.2760	1.6125	0.1614	0.0000	0.0000	25.0000
332	1.3028	1.6051	0.1614	0.0000	0.0000	25.0000
333	1.3427	1.5796	0.1580	0.0000	0.0000	25.0000
334	1.3762	1.5521	0.1573	0.0000	0.0000	25.0000
335	1.4099	1.5238	0.1594	0.0000	0.0000	25.0000
336	1.4513	1.4906	0.1594	0.0000	0.0000	25.0000
337	1.5034	1.4411	0.1553	0.0000	0.0000	25.0000
338	1.5473	1.4062	0.1479	0.0000	0.0000	25.0000
339	1.5915	1.3959	0.1573	0.0000	0.0000	25.0000
340	1.6334	1.3807	0.1566	0.0000	0.0000	25.0000
341	1.2780	1.6375	0.1573	0.0000	0.0000	25.0000
342	1.2726	1.6277	0.1594	0.0000	0.0000	25.0000
343	1.2749	1.6152	0.1566	0.0000	0.0000	25.0000
344	1.2670	1.6164	0.1580	0.0000	0.0000	25.0000
345	1.2673	1.6269	0.1573	0.0000	0.0000	25.0000
346	1.2824	1.6307	0.1580	0.0000	0.0000	25.0000
347	1.3072	1.6294	0.1587	0.0000	0.0000	25.0000
348	1.3458	1.6272	0.1607	0.0000	0.0000	25.0000
349	1.3723	1.6152	0.1594	0.0000	0.0000	25.0000
350	1.3971	1.5932	0.1559	0.0000	0.0000	25.0000
351	1.2550	1.4913	0.1559	0.0000	0.0000	25.0000
352	1.2612	1.4862	0.1539	0.0000	0.0000	25.0000
353	1.2798	1.4655	0.1519	0.0000	0.0000	25.0000
354	1.3122	1.4319	0.1493	0.0000	0.0000	25.0000
355	1.3520	1.3991	0.1519	0.0000	0.0000	25.0000
356	1.4017	1.3513	0.1539	0.0000	0.0000	25.0000
357	1.4518	1.2855	0.1573	0.0000	0.0000	25.0000
358	1.5018	1.2274	0.1559	0.0000	0.0000	25.0000
359	1.5546	1.1723	0.1566	0.0000	0.0000	25.0000
360	1.6054	1.1098	0.1512	0.0000	0.0000	25.0000
361	1.2697	1.6439	0.1553	0.0000	0.0000	25.0000
362	1.2678	1.6704	0.1594	0.0000	0.0000	25.0000
363	1.2619	1.6876	0.1553	0.0000	0.0000	25.0000
364	1.2601	1.6939	0.1573	0.0000	0.0000	25.0000
365	1.2597	1.6967	0.1553	0.0000	0.0000	25.0000
366	1.2730	1.7014	0.1512	0.0000	0.0000	25.0000
367	1.2800	1.7072	0.1587	0.0000	0.0000	25.0000
368	1.2835	1.7032	0.1621	0.0000	0.0000	25.0000
369	1.3090	1.7085	0.1486	0.0000	0.0000	25.0000
370	1.3300	1.7159	0.1566	0.0000	0.0000	25.0000
371	1.2658	1.5480	0.1533	0.0000	0.0000	25.0000
372	1.2722	1.5374	0.1553	0.0000	0.0000	25.0000
373	1.2925	1.5165	0.1553	0.0000	0.0000	25.0000
374	1.3046	1.5051	0.1587	0.0000	0.0000	25.0000
375	1.3135	1.5033	0.1580	0.0000	0.0000	25.0000
376	1.3269	1.5060	0.1587	0.0000	0.0000	25.0000
377	1.3435	1.4826	0.1594	0.0000	0.0000	25.0000
378	1.3479	1.4353	0.1587	0.0000	0.0000	25.0000
379	1.3540	1.3803	0.1587	0.0000	0.0000	25.0000
380	1.3284	1.3352	0.1614	0.0000	0.0000	25.0000
381	1.2690	1.5898	0.1573	0.0000	0.0000	25.0000
382	1.2770	1.6099	0.1580	0.0000	0.0000	25.0000
383	1.2665	1.6360	0.1580	0.0000	0.0000	25.0000
384	1.2581	1.6430	0.1580	0.0000	0.0000	25.0000
385	1.2497	1.6398	0.1607	0.0000	0.0000	25.0000
386	1.2244	1.6342	0.1587	0.0000	0.0000	25.0000
387	1.1905	1.6111	0.1566	0.0000	0.0000	25.0000
388	1.1528	1.5801	0.1607	0.0000	0.0000	25.0000
389	1.1032	1.5379	0.1594	0.0000	0.0000	25.0000
390	1.0597	1.4894	0.1614	0.0000	0.0000	25.0000
391	1.2486	1.6843	0.1607	0.0000	0.0000	25.0000
392	1.2486	1.6846	0.1479	0.0000	0.0000	25.0000
393	1.2533	1.6710	0.1580	0.0000	0.0000	25.0000
394	1.2494	1.6433	0.1587	0.0000	0.0000	25.0000
395	1.2383	1.6169	0.1600	0.0000	0.0000	25.0000
396	1.2216	1.5809	0.1600	0.0000	0.0000	25.0000
397	1.2388	1.5435	0.1566	0.0000	0.0000	25.0000
398	1.2542	1.5007	0.1587	0.0000	0.0000	25.0000
399	1.2745	1.4469	0.1559	0.0000	0.0000	25.0000
400	1.2906	1.3843	0.1546	0.0000	0.0000	25.0000
401	1.2640	1.5831	0.1553	0.0000	0.0000	25.0000
402	1.2564	1.5820	0.1553	0.0000	0.0000	25.0000
403	1.2353	1.5817	0.1559	0.0000	0.0000	25.0000
404	1.1970	1.5850	0.1580	0.0000	0.0000	25.0000
405	1.1500	1.5926	0.1621	0.0000	0.0000	25.0000
406	1.1034	1.5900	0.1600	0.0000	0.0000	25.0000
407	1.0668	1.5773	0.1580	0.0000	0.0000	25.0000
408	1.0269	1.5552	0.1580	0.0000	0.0000	25.0000
409	0.9931	1.5375	0.1546	0.0000	0.0000	25.0000
410	0.9532	1.5159	0.1559	0.0000	0.0000	25.0000
411	1.2425	1.3939	0.1499	0.0000	0.0000	25.0000
412	1.2435	1.3695	0.1580	0.0000	0.0000	25.0000
413	1.2462	1.3392	0.1566	0.0000	0.0000	25.0000
414	1.2246	1.3069	0.1594	0.0000	0.0000	25.0000
415	1.2046	1.2885	0.1587	0.0000	0.0000	25.0000
416	1.1792	1.2526	0.1614	0.0000	0.0000	25.0000
417	1.1542	1.2112	0.1607	0.0000	0.0000	25.0000
418	1.1338	1.1638	0.1635	0.0000	0.0000	25.0000
419	1.1036	1.1305	0.1607	0.0000	0.0000	25.0000
420	1.0669	1.0947	0.1533	0.0000	0.0000	25.0000
421	1.2282	1.3927	0.1594	0.0000	0.0000	25.0000
422	1.2294	1.3490	0.1607	0.0000	0.0000	25.0000
423	1.2441	1.3005	0.1499	0.0000	0.0000	25.0000
424	1.2613	1.2444	0.1621	0.0000	0.0000	25.0000
425	1.2697	1.1981	0.1600	0.0000	0.0000	25.0000
426	1.2699	1.1276	0.1600	0.0000	0.0000	25.0000
427	1.2723	1.0587	0.1587	0.0000	0.0000	25.0000
428	1.2746	0.9764	0.1635	0.0000	0.0000	25.0000
429	1.2685	0.8721	0.1607	0.0000	0.0000	25.0000
430	1.2391	0.7491	0.1614	0.0000	0.0000	25.0000
431	1.2441	1.6340	0.1594	0.0000	0.0000	25.0000
432	1.2156	1.6386	0.1614	0.0000	0.0000	25.0000
433	1.1997	1.6285	0.1594	0.0000	0.0000	25.0000
434	1.1764	1.6128	0.1621	0.0000	0.0000	25.0000
435	1.1440	1.5831	0.1594	0.0000	0.0000	25.0000
436	1.0973	1.5400	0.1635	0.0000	0.0000	25.0000
437	1.0496	1.4826	0.1533	0.0000	0.0000	25.0000
438	0.9771	1.4207	0.1635	0.0000	0.0000	25.0000
439	0.9137	1.3300	0.1621	0.0000	0.0000	25.0000
440	0.8584	1.2273	0.1546	0.0000	0.0000	25.0000
441	1.2220	1.4640	0.1628	0.0000	0.0000	25.0000
442	1.1860	1.4686	0.1614	0.0000	0.0000	25.0000
443	1.1360	1.4660	0.1526	0.0000	0.0000	25.0000
444	1.0841	1.4674	0.1594	0.0000	0.0000	25.0000
445	1.0518	1.4724	0.1594	0.0000	0.0000	25.0000
446	1.0112	1.4675	0.1566	0.0000	0.0000	25.0000
447	0.9606	1.4557	0.1533	0.0000	0.0000	25.0000
448	0.9230	1.4295	0.1546	0.0000	0.0000	25.0000
449	0.8803	1.4002	0.1559	0.0000	0.0000	25.0000
450	0.8369	1.3578	0.1573	0.0000	0.0000	25.0000
451	1.2250	1.4525	0.1600	0.0000	0.0000	25.0000
452	1.2226	1.4351	0.1607	0.0000	0.0000	25.0000
453	1.2228	1.4082	0.1607	0.0000	0.0000	25.0000
454	1.2204	1.3680	0.1635	0.0000	0.0000	25.0000
455	1.2299	1.3318	0.1587	0.0000	0.0000	25.0000
456	1.2537	1.2632	0.1621	0.0000	0.0000	25.0000
457	1.2947	1.1826	0.1614	0.0000	0.0000	25.0000
458	1.3298	1.0775	0.1628	0.0000	0.0000	25.0000
459	1.3798	0.9985	0.1621	0.0000	0.0000	25.0000
460	1.4156	0.9362	0.1649	0.0000	0.0000	25.0000
461	1.2680	1.6150	0.1635	0.0000	0.0000	25.0000
462	1.2734	1.6350	0.1649	0.0000	0.0000	25.0000
463	1.2939	1.6645	0.1594	0.0000	0.0000	25.0000
464	1.3223	1.6890	0.1600	0.0000	0.0000	25.0000
465	1.3420	1.7190	0.1512	0.0000	0.0000	25.0000
466	1.3539	1.7546	0.1587	0.0000	0.0000	25.0000
467	1.3698	1.7797	0.1566	0.0000	0.0000	25.0000
468	1.3871	1.7986	0.1493	0.0000	0.0000	25.0000
469	1.4078	1.8068	0.1594	0.0000	0.0000	25.0000
470	1.4118	1.7973	0.1635	0.0000	0.0000	25.0000
471	1.2356	1.6031	0.1635	0.0000	0.0000	25.0000
472	1.2197	1.6102	0.1642	0.0000	0.0000	25.0000
473	1.2074	1.6073	0.1621	0.0000	0.0000	25.0000
474	1.1977	1.5984	0.1546	0.0000	0.0000	25.0000
475	1.1821	1.5975	0.1614	0.0000	0.0000	25.0000
476	1.1565	1.5851	0.1614	0.0000	0.0000	25.0000
477	1.1312	1.5616	0.1614	0.0000	0.0000	25.0000
478	1.0869	1.5550	0.1656	0.0000	0.0000	25.0000
479	1.0412	1.5417	0.1621	0.0000	0.0000	25.0000
480	0.9894	1.5302	0.1649	0.0000	0.0000	25.0000
481	1.2490	1.5780	0.1607	0.0000	0.0000	25.0000
482	1.2290	1.5780	0.1642	0.0000	0.0000	25.0000
483	1.2070	1.5891	0.1559	0.0000	0.0000	25.0000
484	1.1950	1.5927	0.1580	0.0000	0.0000	25.0000
485	1.1922	1.5910	0.1587	0.0000	0.0000	25.0000
486	1.1833	1.5807	0.1580	0.0000	0.0000	25.0000
487	1.1895	1.5601	0.1600	0.0000	0.0000	25.0000
488	1.2046	1.5450	0.1607	0.0000	0.0000	25.0000
489	1.2123	1.5365	0.1587	0.0000	0.0000	25.0000
490	1.2276	1.5282	0.1656	0.0000	0.0000	25.0000
491	1.2833	1.7473	0.1506	0.0000	0.0000	25.0000
492	1.2907	1.7160	0.1621	0.0000	0.0000	25.0000
493	1.3018	1.6833	0.1607	0.0000	0.0000	25.0000
494	1.3179	1.6593	0.1635	0.0000	0.0000	25.0000
495	1.3324	1.6449	0.1607	0.0000	0.0000	25.0000
496	1.3506	1.6290	0.1600	0.0000	0.0000	25.0000
497	1.3533	1.6151	0.1607	0.0000	0.0000	25.0000
498	1.3491	1.5868	0.1600	0.0000	0.0000	25.0000
499	1.3346	1.5521	0.1526	0.0000	0.0000	25.0000
500	1.3138	1.5058	0.1614	0.0000	0.0000	25.0000
501	1.3499	1.6918	0.1587	0.0000	0.0000	25.0000
502	1.3210	1.6937	0.1614	0.0000	0.0000	25.0000
503	1.2767	1.6960	0.1587	0.0000	0.0000	25.0000
504	1.2307	1.6983	0.1621	0.0000	0.0000	25.0000
505	1.1890	1.7043	0.1594	0.0000	0.0000	25.0000
506	1.1368	1.7160	0.1614	0.0000	0.0000	25.0000
507	1.0745	1.7213	0.1506	0.0000	0.0000	25.0000
508	1.0051	1.7268	0.1607	0.0000	0.0000	25.0000
509	0.9205	1.7342	0.1587	0.0000	0.0000	25.0000
510	0.8309	1.7289	0.1628	0.0000	0.0000	25.0000
511	1.2406	1.5047	0.1614	0.0000	0.0000	25.0000
512	1.2429	1.4887	0.1614	0.0000	0.0000	25.0000
513	1.2335	1.4716	0.1635	0.0000	0.0000	25.0000
514	1.2196	1.4543	0.1635	0.0000	0.0000	25.0000
515	1.1957	1.4290	0.1614	0.0000	0.0000	25.0000
516	1.1764	1.4078	0.1649	0.0000	0.0000	25.0000
517	1.1498	1.3845	0.1621	0.0000	0.0000	25.0000
518	1.1393	1.3579	0.1635	0.0000	0.0000	25.0000
519	1.1413	1.3255	0.1621	0.0000	0.0000	25.0000
520	1.1702	1.3007	0.1656	0.0000	0.0000	25.0000
521	1.2059	1.2827	0.1587	0.0000	0.0000	25.0000
522	1.2352	1.2712	0.1499	0.0000	0.0000	25.0000
523	1.2639	1.2613	0.1566	0.0000	0.0000	25.0000
524	1.2860	1.2560	0.1587	0.0000	0.0000	25.0000
525	1.3118	1.2495	0.1587	0.0000	0.0000	25.0000
526	1.3485	1.2427	0.1642	0.0000	0.0000	25.0000
527	1.3814	1.2320	0.1486	0.0000	0.0000	25.0000
528	1.4131	1.2230	0.1594	0.0000	0.0000	25.0000
529	1.4382	1.2314	0.1587	0.0000	0.0000	25.0000
530	1.4832	1.2176	0.1600	0.0000	0.0000	25.0000
531	1.5219	1.2046	0.1594	0.0000	0.0000	25.0000
532	1.5641	1.1920	0.1594	0.0000	0.0000	25.0000
533	1.6105	1.1588	0.1519	0.0000	0.0000	25.0000
534	1.6550	1.1078	0.1628	0.0000	0.0000	25.0000
535	1.7022	1.0462	0.1635	0.0000	0.0000	25.0000
536	1.7354	0.9858	0.1635	0.0000	0.0000	25.0000
537	1.7641	0.9185	0.1642	0.0000	0.0000	25.0000
538	1.7787	0.8566	0.1559	0.0000	0.0000	25.0000
539	1.7874	0.7854	0.1621	0.0000	0.0000	25.0000
540	1.8136	0.7042	0.1635	0.0000	0.0000	25.0000
